gameKey,seasonName,date,winner,H_TEAM,H_AST,H_BLK,H_DREB,H_OREB,H_PRB,H_TRB,H_2PA,H_2PM,H_3PA,H_3PM,H_DKA,H_DKM,H_FTA,H_FTM,H_SWA,H_SWM,H_FGA,H_FGM,H_TPF,H_PF,H_PP,H_PA,H_STL,H_TTO,H_PTO,H_MIN,H_UF,H_TF,H_EJ,H_TO,H_NR,H_TS%,H_eFG%,H_EFF,H_TOV%,H_OREB%,H_FT%,H_AST%,H_AST/TO%,H_CR,H_LC,H_LLP,H_PACE,A_TEAM,A_AST,A_BLK,A_DREB,A_OREB,A_PRB,A_TRB,A_2PA,A_2PM,A_3PA,A_3PM,A_DKA,A_DKM,A_FTA,A_FTM,A_SWA,A_SWM,A_FGA,A_FGM,A_TPF,A_PF,A_PP,A_PA,A_STL,A_TTO,A_PTO,A_MIN,A_UF,A_TF,A_EJ,A_TO,A_NR,A_TS%,A_eFG%,A_EFF,A_TOV%,A_OREB%,A_FT%,A_AST%,A_AST/TO%,A_CR,A_LC,A_LLP,A_PACE
S39G01N153,2021-2022,20220109,away,64,0,0,0,0,0,0,0,0,0,0,0,0,0,0,0,0,0,0,0,0,0,0,0,0,0,0,0,0,0,0,0.0,0.0,0.0,0,0.0,0.0,0.0,0.0,0.0,0,0,0,0.0,10,0,0,0,0,0,0,0,0,0,0,0,0,0,0,0,0,0,0,0,0,0,0,0,0,0,0,0,0,0,0,0.0,0.0,0.0,0,0.0,0.0,0.0,0.0,0.0,0,0,0,0.0
S39G01N153,2021-2022,20220109,away,64,0,0,0,0,0,0,0,0,0,0,0,0,0,0,0,0,0,0,0,0,0,0,0,0,0,0,0,0,0,0,0.0,0.0,0.0,0,0.0,0.0,0.0,0.0,0.0,0,0,0,0.0,10,0,0,0,0,0,0,0,0,0,0,0,0,0,0,0,0,0,0,0,0,0,0,0,0,0,0,0,0,0,0,0.0,0.0,0.0,0,0.0,0.0,0.0,0.0,0.0,0,0,0,0.0
S39G01N153,2021-2022,20220109,away,64,0,0,0,0,0,0,0,0,0,0,0,0,0,0,0,0,0,0,0,0,0,0,0,0,0,0,0,0,0,0,0.0,0.0,0.0,0,0.0,0.0,0.0,0.0,0.0,0,0,0,0.0,10,0,0,0,0,0,0,0,0,0,0,0,0,0,0,0,0,0,0,0,0,0,0,0,0,0,0,0,0,0,0,0.0,0.0,0.0,0,0.0,0.0,0.0,0.0,0.0,0,0,0,0.0
S39G01N153,2021-2022,20220109,away,64,0,0,0,0,0,0,0,0,0,0,0,0,0,0,0,0,0,0,0,0,0,0,0,0,0,0,0,0,0,0,0.0,0.0,0.0,0,0.0,0.0,0.0,0.0,0.0,0,0,0,0.0,10,0,0,0,0,0,0,0,0,0,0,0,0,0,0,0,0,0,0,0,0,0,0,0,0,0,0,0,0,0,0,0.0,0.0,0.0,0,0.0,0.0,0.0,0.0,0.0,0,0,0,0.0
S39G01N153,2021-2022,20220109,away,64,0,0,0,0,0,0,0,0,0,0,0,0,0,0,0,0,0,0,0,0,0,0,0,0,0,0,0,0,0,0,0.0,0.0,0.0,0,0.0,0.0,0.0,0.0,0.0,0,0,0,0.0,10,0,0,0,0,0,0,0,0,0,0,0,0,0,0,0,0,0,0,0,0,0,0,0,0,0,0,0,0,0,0,0.0,0.0,0.0,0,0.0,0.0,0.0,0.0,0.0,0,0,0,0.0
S39G01N153,2021-2022,20220109,away,64,0,0,0,0,0,0,0,0,0,0,0,0,0,0,0,0,0,0,0,0,0,0,0,0,0,0,0,0,0,0,0.0,0.0,0.0,0,0.0,0.0,0.0,0.0,0.0,0,0,0,0.0,10,0,0,0,0,0,0,0,0,0,0,0,0,0,0,0,0,0,0,0,0,0,0,0,0,0,0,0,0,0,0,0.0,0.0,0.0,0,0.0,0.0,0.0,0.0,0.0,0,0,0,0.0
S39G01N153,2021-2022,20220109,away,64,0,0,0,0,0,0,0,0,0,0,0,0,0,0,0,0,0,0,0,0,0,0,0,0,0,0,0,0,0,0,0.0,0.0,0.0,0,0.0,0.0,0.0,0.0,0.0,0,0,0,0.0,10,0,0,0,0,0,0,0,0,0,0,0,0,0,0,0,0,0,0,0,0,0,0,0,0,0,0,0,0,0,0,0.0,0.0,0.0,0,0.0,0.0,0.0,0.0,0.0,0,0,0,0.0
S39G01N153,2021-2022,20220109,away,64,0,0,0,0,0,0,0,0,0,0,0,0,0,0,0,0,0,0,0,0,0,0,0,0,0,0,0,0,0,0,0.0,0.0,0.0,0,0.0,0.0,0.0,0.0,0.0,0,0,0,0.0,10,0,0,0,0,0,0,0,0,0,0,0,0,0,0,0,0,0,0,0,0,0,0,0,0,0,0,0,0,0,0,0.0,0.0,0.0,0,0.0,0.0,0.0,0.0,0.0,0,0,0,0.0
S39G01N153,2021-2022,20220109,away,64,0,0,0,0,0,0,0,0,0,0,0,0,0,0,0,0,0,0,0,0,0,0,0,0,0,0,0,0,0,0,0.0,0.0,0.0,0,0.0,0.0,0.0,0.0,0.0,0,0,0,0.0,10,0,0,0,0,0,0,0,0,0,0,0,0,0,0,0,0,0,0,0,0,0,0,0,0,0,0,0,0,0,0,0.0,0.0,0.0,0,0.0,0.0,0.0,0.0,0.0,0,0,0,0.0
S39G01N153,2021-2022,20220109,away,64,0,0,0,0,0,0,0,0,0,0,0,0,0,0,0,0,0,0,0,0,0,0,0,0,0,0,0,0,0,0,0.0,0.0,0.0,0,0.0,0.0,0.0,0.0,0.0,0,0,0,0.0,10,0,0,0,0,0,0,0,0,0,0,0,0,0,0,0,0,0,0,0,0,0,0,0,0,0,0,0,0,0,0,0.0,0.0,0.0,0,0.0,0.0,0.0,0.0,0.0,0,0,0,0.0
S39G01N153,2021-2022,20220109,away,64,0,0,0,0,0,0,0,0,0,0,0,0,0,0,0,0,0,0,0,0,0,0,0,0,0,0,0,0,0,0,0.0,0.0,0.0,0,0.0,0.0,0.0,0.0,0.0,0,0,0,0.0,10,0,0,0,0,0,0,0,0,0,0,0,0,0,0,0,0,0,0,0,0,0,0,0,0,0,0,0,0,0,0,0.0,0.0,0.0,0,0.0,0.0,0.0,0.0,0.0,0,0,0,0.0
S39G01N153,2021-2022,20220109,away,64,0,0,0,0,0,0,0,0,0,0,0,0,0,0,0,0,0,0,0,0,0,0,0,0,0,23,0,0,0,0,0.0,0.0,0.0,0,0.0,0.0,0.0,0.0,0.0,0,0,0,52.17391304347826,10,0,0,0,0,0,0,0,0,0,0,0,0,0,0,0,0,0,0,0,0,0,0,0,0,1,23,0,0,0,1,0.0,0.0,0.0,-1,100.0,0.0,0.0,0.0,0.0,0,0,0,52.17391304347826
S39G01N153,2021-2022,20220109,away,64,0,0,0,0,0,0,0,0,0,0,0,0,0,0,0,0,0,0,0,0,0,0,1,0,0,24,0,0,0,0,0.0,0.0,0.0,1,0.0,0.0,0.0,0.0,0.0,0,0,0,50.0,10,0,0,0,0,0,0,0,0,0,0,0,0,0,0,0,0,0,0,0,0,0,0,0,0,1,24,0,0,0,1,0.0,0.0,0.0,-1,100.0,0.0,0.0,0.0,0.0,0,0,0,50.0
S39G01N153,2021-2022,20220109,away,64,0,0,0,0,0,0,1,1,0,0,0,0,0,0,0,0,1,1,0,0,2,1,1,0,0,27,0,0,0,0,200.0,100.0,100.0,3,0.0,0.0,0.0,0.0,0.0,2,1,2,88.88888888888889,10,0,0,0,0,0,0,0,0,0,0,0,0,0,0,0,0,0,0,0,0,0,0,0,0,1,27,0,0,0,1,-200.0,0.0,0.0,-1,100.0,0.0,0.0,0.0,0.0,2,1,0,88.88888888888889
S39G01N153,2021-2022,20220109,away,64,0,0,0,0,0,0,1,1,0,0,0,0,0,0,1,2,1,1,0,0,2,1,1,0,0,27,0,0,0,0,200.0,100.0,100.0,3,0.0,0.0,0.0,0.0,0.0,2,1,2,88.88888888888889,10,0,0,0,0,0,0,0,0,0,0,0,0,0,0,0,0,0,0,0,0,0,0,0,0,1,27,0,0,0,1,-200.0,0.0,0.0,-1,100.0,0.0,0.0,0.0,0.0,2,1,0,88.88888888888889
S39G01N153,2021-2022,20220109,away,64,0,0,0,0,0,0,1,1,0,0,0,0,0,0,1,2,1,1,0,0,2,1,1,0,0,46,0,0,0,0,200.0,100.0,100.0,3,0.0,0.0,0.0,0.0,0.0,2,1,2,78.26086956521739,10,0,0,0,0,0,0,0,0,1,0,0,0,0,0,0,0,1,0,0,0,0,1,0,0,1,46,0,0,0,1,-200.0,0.0,0.0,-2,50.0,0.0,0.0,0.0,0.0,2,1,0,78.26086956521739
S39G01N153,2021-2022,20220109,away,64,0,0,1,0,1,0,1,1,0,0,0,0,0,0,1,2,1,1,0,0,2,1,1,0,0,48,0,0,0,0,200.0,100.0,100.0,4,0.0,0.0,0.0,0.0,0.0,2,1,2,75.0,10,0,0,0,0,0,0,0,0,1,0,0,0,0,0,0,0,1,0,0,0,0,1,0,0,1,48,0,0,0,1,-200.0,0.0,0.0,-2,50.0,0.0,0.0,0.0,0.0,2,1,0,75.0
S39G01N153,2021-2022,20220109,away,64,0,0,1,0,1,0,2,2,0,0,1,1,0,0,1,2,2,2,0,0,4,2,1,0,0,66,0,0,0,0,200.0,100.0,100.0,6,0.0,0.0,0.0,0.0,0.0,4,1,4,72.72727272727273,10,0,0,0,0,0,0,0,0,1,0,0,0,0,0,0,0,1,0,0,0,0,1,0,0,1,66,0,0,0,1,-200.0,0.0,0.0,-2,50.0,0.0,0.0,0.0,0.0,4,1,0,72.72727272727273
S39G01N153,2021-2022,20220109,away,64,1,0,1,0,1,0,2,2,0,0,1,1,0,0,1,2,2,2,0,0,4,2,1,0,0,66,0,0,0,0,200.0,100.0,100.0,7,0.0,0.0,0.0,50.0,0.0,4,1,4,72.72727272727273,10,0,0,0,0,0,0,0,0,1,0,0,0,0,0,0,0,1,0,0,0,0,1,0,0,1,66,0,0,0,1,-200.0,0.0,0.0,-2,50.0,0.0,0.0,0.0,0.0,4,1,0,72.72727272727273
S39G01N153,2021-2022,20220109,away,64,1,0,1,0,1,0,2,2,0,0,1,1,0,0,1,2,2,2,0,0,4,2,1,0,0,84,0,0,0,0,200.0,100.0,100.0,7,0.0,0.0,0.0,50.0,0.0,4,1,4,71.42857142857143,10,0,0,0,0,0,0,1,0,1,0,0,0,0,0,0,0,2,0,0,0,0,2,0,0,1,84,0,0,0,1,-200.0,0.0,0.0,-3,33.333333333333336,0.0,0.0,0.0,0.0,4,1,0,71.42857142857143
S39G01N153,2021-2022,20220109,away,64,1,0,2,0,2,0,2,2,0,0,1,1,0,0,1,2,2,2,0,0,4,2,1,0,0,86,0,0,0,0,200.0,100.0,100.0,8,0.0,0.0,0.0,50.0,0.0,4,1,4,69.76744186046511,10,0,0,0,0,0,0,1,0,1,0,0,0,0,0,0,0,2,0,0,0,0,2,0,0,1,86,0,0,0,1,-200.0,0.0,0.0,-3,33.333333333333336,0.0,0.0,0.0,0.0,4,1,0,69.76744186046511
S39G01N153,2021-2022,20220109,away,64,1,0,2,0,2,0,3,3,0,0,1,1,0,0,1,2,3,3,0,0,6,3,1,0,0,98,0,0,0,0,200.0,100.0,100.0,10,0.0,0.0,0.0,33.333333333333336,0.0,6,1,6,73.46938775510203,10,0,0,0,0,0,0,1,0,1,0,0,0,0,0,0,0,2,0,0,0,0,2,0,0,1,98,0,0,0,1,-200.0,0.0,0.0,-3,33.333333333333336,0.0,0.0,0.0,0.0,6,1,0,73.46938775510203
S39G01N153,2021-2022,20220109,away,64,1,0,2,0,2,0,3,3,0,0,1,1,0,0,1,2,3,3,0,0,6,3,1,0,0,120,0,0,0,0,200.0,100.0,100.0,10,0.0,0.0,0.0,33.333333333333336,0.0,6,1,6,70.0,10,0,0,0,0,0,0,2,0,1,0,0,0,0,0,0,0,3,0,0,0,0,3,0,0,1,120,0,0,0,1,-200.0,0.0,0.0,-4,25.0,0.0,0.0,0.0,0.0,6,1,0,70.0
S39G01N153,2021-2022,20220109,away,64,1,0,2,0,2,0,3,3,0,0,1,1,0,0,1,2,3,3,0,0,6,3,1,0,0,121,0,0,0,0,200.0,100.0,100.0,10,0.0,0.0,0.0,33.333333333333336,0.0,6,1,6,59.50413223140497,10,0,0,0,1,1,0,2,0,1,0,0,0,0,0,0,0,3,0,0,0,0,3,0,0,1,121,0,0,0,1,-200.0,0.0,0.0,-3,25.0,33.333333333333336,0.0,0.0,0.0,6,1,0,59.50413223140497
S39G01N153,2021-2022,20220109,away,64,1,0,2,0,2,0,3,3,0,0,1,1,0,0,1,2,3,3,0,0,6,3,1,0,0,126,0,0,0,0,125.0,100.0,100.0,10,0.0,0.0,0.0,33.333333333333336,0.0,3,1,6,66.66666666666667,10,0,0,0,1,1,0,2,0,2,1,0,0,0,0,0,0,4,1,0,0,3,4,0,0,1,126,0,0,0,1,-125.0,37.5,37.5,0,20.0,33.333333333333336,0.0,0.0,0.0,3,1,0,66.66666666666667
S39G01N153,2021-2022,20220109,away,64,1,0,2,0,2,0,3,3,0,0,1,1,0,0,1,2,3,3,0,0,6,3,1,0,0,126,0,0,0,0,125.0,100.0,100.0,10,0.0,0.0,0.0,33.333333333333336,0.0,3,1,6,66.66666666666667,10,1,0,0,1,1,0,2,0,2,1,0,0,0,0,0,0,4,1,0,0,3,4,0,0,1,126,0,0,0,1,-125.0,37.5,37.5,1,20.0,33.333333333333336,0.0,100.0,1.0,3,1,0,66.66666666666667
S39G01N153,2021-2022,20220109,away,64,1,0,2,0,2,0,4,4,0,0,1,1,0,0,1,2,4,4,0,0,8,4,1,0,0,144,0,0,0,0,125.0,100.0,100.0,12,0.0,0.0,0.0,25.0,0.0,2,1,6,66.66666666666667,10,1,0,0,1,1,0,2,0,2,1,0,0,0,0,0,0,4,1,0,0,3,4,0,0,1,144,0,0,0,1,-125.0,37.5,37.5,1,20.0,33.333333333333336,0.0,100.0,1.0,2,1,0,66.66666666666667
S39G01N153,2021-2022,20220109,away,64,1,0,2,0,2,0,4,4,0,0,1,1,0,0,1,2,4,4,0,0,8,4,1,0,0,159,0,0,0,0,140.0,100.0,100.0,12,0.0,0.0,0.0,25.0,0.0,2,1,6,67.9245283018868,10,1,0,0,1,1,0,2,0,2,1,0,0,0,0,0,0,4,1,0,0,3,4,0,0,2,159,0,0,0,2,-140.0,37.5,37.5,0,33.333333333333336,33.333333333333336,0.0,100.0,0.5,2,1,0,67.9245283018868
S39G01N153,2021-2022,20220109,away,64,1,0,2,0,2,0,4,4,0,0,1,1,0,0,1,2,4,4,0,0,8,4,2,0,0,160,0,0,0,0,140.0,100.0,100.0,13,0.0,0.0,0.0,25.0,0.0,2,1,6,67.5,10,1,0,0,1,1,0,2,0,2,1,0,0,0,0,0,0,4,1,0,0,3,4,0,0,2,160,0,0,0,2,-140.0,37.5,37.5,0,33.333333333333336,33.333333333333336,0.0,100.0,0.5,2,1,0,67.5
S39G01N153,2021-2022,20220109,away,64,1,0,2,0,2,0,5,5,0,0,1,1,0,0,1,2,5,5,0,0,10,5,2,0,0,162,0,0,0,0,140.0,100.0,100.0,15,0.0,0.0,0.0,20.0,0.0,4,1,7,74.07407407407408,10,1,0,0,1,1,0,2,0,2,1,0,0,0,0,0,0,4,1,0,0,3,4,0,0,2,162,0,0,0,2,-140.0,37.5,37.5,0,33.333333333333336,33.333333333333336,0.0,100.0,0.5,4,1,0,74.07407407407408
S39G01N153,2021-2022,20220109,away,64,1,0,2,0,2,0,5,5,0,0,1,1,0,0,2,4,5,5,0,0,10,5,2,0,0,162,0,0,0,0,140.0,100.0,100.0,15,0.0,0.0,0.0,20.0,0.0,4,1,7,74.07407407407408,10,1,0,0,1,1,0,2,0,2,1,0,0,0,0,0,0,4,1,0,0,3,4,0,0,2,162,0,0,0,2,-140.0,37.5,37.5,0,33.333333333333336,33.333333333333336,0.0,100.0,0.5,4,1,0,74.07407407407408
S39G01N153,2021-2022,20220109,away,64,1,0,2,0,2,0,5,5,0,0,1,1,0,0,2,4,5,5,0,0,10,5,2,0,0,162,0,0,0,0,140.0,100.0,100.0,15,0.0,0.0,0.0,20.0,0.0,4,1,7,74.07407407407408,10,1,0,0,1,1,0,2,0,2,1,0,0,0,0,0,0,4,1,0,0,3,4,0,0,2,162,0,0,0,2,-140.0,37.5,37.5,0,33.333333333333336,33.333333333333336,0.0,100.0,0.5,4,1,0,74.07407407407408
S39G01N153,2021-2022,20220109,away,64,1,0,2,0,2,0,5,5,0,0,1,1,0,0,2,4,5,5,0,0,10,5,2,0,0,181,0,0,0,0,150.0,100.0,100.0,15,0.0,0.0,0.0,20.0,0.0,4,1,7,72.92817679558011,10,1,0,0,1,1,0,3,0,2,1,0,0,0,0,0,0,5,1,0,0,3,5,0,0,2,181,0,0,0,2,-150.0,30.0,30.0,-1,28.571428571428573,33.333333333333336,0.0,100.0,0.5,4,1,0,72.92817679558011
S39G01N153,2021-2022,20220109,away,64,1,0,2,0,2,0,5,5,0,0,1,1,0,0,2,4,5,5,0,0,10,5,2,0,0,182,0,0,0,0,140.0,100.0,100.0,15,0.0,0.0,0.0,20.0,0.0,4,1,7,65.93406593406593,10,1,0,0,2,2,0,3,0,2,1,0,0,0,0,0,0,5,1,0,0,3,5,0,0,2,182,0,0,0,2,-140.0,30.0,30.0,0,28.571428571428573,50.0,0.0,100.0,0.5,4,1,0,65.93406593406593
S39G01N153,2021-2022,20220109,away,64,1,0,2,0,2,0,5,5,0,0,1,1,0,0,2,4,5,5,1,0,10,5,2,0,0,183,0,0,0,0,140.0,100.0,100.0,15,0.0,0.0,0.0,20.0,0.0,4,1,7,65.57377049180329,10,1,0,0,2,2,0,3,0,2,1,0,0,0,0,0,0,5,1,0,0,3,5,0,0,2,183,0,0,0,2,-140.0,30.0,30.0,0,28.571428571428573,50.0,0.0,100.0,0.5,4,1,0,65.57377049180329
S39G01N153,2021-2022,20220109,away,64,1,0,2,0,2,0,5,5,0,0,1,1,0,0,2,4,5,5,1,0,10,5,2,0,0,183,0,0,0,0,140.0,100.0,100.0,15,0.0,0.0,0.0,20.0,0.0,4,1,7,65.57377049180329,10,1,0,0,2,2,0,3,0,2,1,0,0,0,0,0,0,5,1,0,0,3,5,0,0,2,183,0,0,0,2,-140.0,30.0,30.0,0,28.571428571428573,50.0,0.0,100.0,0.5,4,1,0,65.57377049180329
S39G01N153,2021-2022,20220109,away,64,1,0,2,0,2,0,5,5,0,0,1,1,0,0,2,4,5,5,1,0,10,5,2,0,0,183,0,0,0,0,126.47058823529412,100.0,100.0,15,0.0,0.0,0.0,20.0,0.0,1,1,7,68.45901639344264,10,1,0,0,2,2,0,3,0,2,1,0,0,1,1,0,0,5,1,0,0,4,6,0,0,2,183,0,0,0,2,-126.47058823529412,36.76470588235294,30.0,1,26.881720430107524,50.0,100.0,100.0,0.5,1,1,0,68.45901639344264
S39G01N153,2021-2022,20220109,away,64,1,0,2,0,2,0,5,5,0,0,1,1,0,0,2,4,5,5,1,0,10,5,2,0,0,183,0,0,0,0,114.96598639455782,100.0,100.0,15,0.0,0.0,0.0,20.0,0.0,2,1,7,71.34426229508196,10,1,0,0,2,2,0,3,0,2,1,0,0,2,2,0,0,5,1,0,0,5,7,0,0,2,183,0,0,0,2,-114.96598639455782,42.51700680272109,30.0,2,25.380710659898476,50.0,100.0,100.0,0.5,2,1,0,71.34426229508196
S39G01N153,2021-2022,20220109,away,64,1,0,2,0,2,0,5,5,0,0,1,1,0,0,2,4,5,5,1,0,10,5,2,0,1,202,0,0,0,1,81.63265306122447,100.0,100.0,14,16.666666666666668,0.0,0.0,20.0,1.0,2,1,7,70.57425742574257,10,1,0,0,2,2,0,3,0,2,1,0,0,2,2,0,0,5,1,0,0,5,7,0,0,2,202,0,0,0,2,-81.63265306122447,42.51700680272109,30.0,2,25.380710659898476,50.0,100.0,100.0,0.5,2,1,0,70.57425742574257
S39G01N153,2021-2022,20220109,away,64,1,0,2,0,2,0,5,5,0,0,1,1,0,0,2,4,5,5,1,0,10,5,2,0,1,203,0,0,0,1,81.63265306122447,100.0,100.0,14,16.666666666666668,0.0,0.0,20.0,1.0,2,1,7,70.22660098522167,10,1,0,0,2,2,0,3,0,2,1,0,0,2,2,0,0,5,1,0,0,5,7,1,0,2,203,0,0,0,2,-81.63265306122447,42.51700680272109,30.0,3,25.380710659898476,50.0,100.0,100.0,0.5,2,1,0,70.22660098522167
S39G01N153,2021-2022,20220109,away,64,1,0,2,0,2,0,5,5,0,0,1,1,0,0,2,4,5,5,1,0,10,5,2,0,1,206,0,0,0,1,64.92248062015501,100.0,100.0,14,16.666666666666668,0.0,0.0,20.0,1.0,4,1,7,75.02912621359224,10,1,0,0,2,2,0,4,1,2,1,0,0,2,2,0,0,6,2,0,0,7,8,1,0,2,206,0,0,0,2,-64.92248062015501,50.872093023255815,41.666666666666664,5,22.522522522522525,50.0,100.0,50.0,0.5,4,1,0,75.02912621359224
S39G01N153,2021-2022,20220109,away,64,1,0,2,0,2,0,5,5,0,0,1,1,0,0,2,4,5,5,1,0,10,5,2,0,1,206,0,0,0,1,64.92248062015501,100.0,100.0,14,16.666666666666668,0.0,0.0,20.0,1.0,4,1,7,75.02912621359224,10,1,0,0,2,2,0,4,1,2,1,0,0,2,2,1,2,6,2,0,0,7,8,1,0,2,206,0,0,0,2,-64.92248062015501,50.872093023255815,41.666666666666664,5,22.522522522522525,50.0,100.0,50.0,0.5,4,1,0,75.02912621359224
S39G01N153,2021-2022,20220109,away,64,1,0,2,0,2,0,6,6,0,0,1,1,0,0,2,4,6,6,1,0,12,6,2,0,1,229,0,0,0,1,69.68438538205977,100.0,100.0,16,14.285714285714286,0.0,0.0,16.666666666666668,1.0,2,1,7,72.73362445414847,10,1,0,0,2,2,0,4,1,2,1,0,0,2,2,1,2,6,2,0,0,7,8,1,0,2,229,0,0,0,2,-69.68438538205977,50.872093023255815,41.666666666666664,5,22.522522522522525,50.0,100.0,50.0,0.5,2,1,0,72.73362445414847
S39G01N153,2021-2022,20220109,away,64,2,0,2,0,2,0,6,6,0,0,1,1,0,0,2,4,6,6,1,0,12,6,2,0,1,229,0,0,0,1,69.68438538205977,100.0,100.0,17,14.285714285714286,0.0,0.0,33.333333333333336,2.0,2,1,7,72.73362445414847,10,1,0,0,2,2,0,4,1,2,1,0,0,2,2,1,2,6,2,0,0,7,8,1,0,2,229,0,0,0,2,-69.68438538205977,50.872093023255815,41.666666666666664,5,22.522522522522525,50.0,100.0,50.0,0.5,2,1,0,72.73362445414847
S39G01N153,2021-2022,20220109,away,64,2,0,2,0,2,0,6,6,0,0,1,1,0,0,2,4,6,6,1,0,12,6,2,0,1,238,0,0,0,1,57.21537345902826,100.0,100.0,17,14.285714285714286,0.0,0.0,33.333333333333336,2.0,2,1,7,75.0252100840336,10,1,0,0,2,2,0,5,2,2,1,0,0,2,2,1,2,7,3,0,0,9,9,1,0,2,238,0,0,0,2,-57.21537345902826,57.10659898477157,50.0,7,20.24291497975709,50.0,100.0,33.333333333333336,0.5,2,1,0,75.0252100840336
S39G01N153,2021-2022,20220109,away,64,2,0,2,0,2,0,7,7,0,0,1,1,0,0,2,4,7,7,1,0,14,7,2,0,1,252,0,0,0,1,60.78680203045684,100.0,100.0,19,12.5,0.0,0.0,28.571428571428573,2.0,2,1,7,75.61904761904762,10,1,0,0,2,2,0,5,2,2,1,0,0,2,2,1,2,7,3,0,0,9,9,1,0,2,252,0,0,0,2,-60.78680203045684,57.10659898477157,50.0,7,20.24291497975709,50.0,100.0,33.333333333333336,0.5,2,1,0,75.61904761904762
S39G01N153,2021-2022,20220109,away,64,2,0,2,0,2,0,7,7,0,0,1,1,0,0,2,4,7,7,2,1,14,7,2,0,1,267,0,0,0,1,60.78680203045684,100.0,100.0,19,12.5,0.0,0.0,28.571428571428573,2.0,2,1,7,71.37078651685394,10,1,0,0,2,2,0,5,2,2,1,0,0,2,2,1,2,7,3,0,0,9,9,1,0,2,267,0,0,0,2,-60.78680203045684,57.10659898477157,50.0,7,20.24291497975709,50.0,100.0,33.333333333333336,0.5,2,1,0,71.37078651685394
S39G01N153,2021-2022,20220109,away,64,2,0,2,0,2,0,7,7,0,0,1,1,0,0,2,4,7,7,2,1,14,7,2,0,1,267,0,0,0,1,60.78680203045684,100.0,100.0,19,12.5,0.0,0.0,28.571428571428573,2.0,2,1,7,71.37078651685394,10,1,0,0,2,2,0,5,2,2,1,0,0,2,2,1,2,7,3,0,0,9,9,1,0,2,267,0,0,0,2,-60.78680203045684,57.10659898477157,50.0,7,20.24291497975709,50.0,100.0,33.333333333333336,0.5,2,1,0,71.37078651685394
S39G01N153,2021-2022,20220109,away,64,2,0,2,0,2,0,7,7,0,0,1,1,0,0,2,4,7,7,2,1,14,7,2,0,1,277,0,0,0,1,73.64864864864866,100.0,100.0,19,12.5,0.0,0.0,28.571428571428573,2.0,2,1,7,73.12635379061373,10,1,0,0,2,2,0,5,2,3,1,0,0,2,2,1,2,8,3,0,0,9,10,1,0,2,277,0,0,0,2,-73.64864864864866,50.67567567567567,43.75,6,18.38235294117647,50.0,100.0,33.333333333333336,0.5,2,1,0,73.12635379061373
S39G01N153,2021-2022,20220109,away,64,2,0,2,0,2,0,7,7,0,0,1,1,0,0,2,4,7,7,2,1,14,7,2,0,1,279,0,0,0,1,60.78680203045687,100.0,100.0,19,12.5,0.0,0.0,28.571428571428573,2.0,2,1,7,68.3010752688172,10,1,0,0,3,3,0,5,2,3,1,0,0,2,2,1,2,8,3,0,0,9,10,1,0,2,279,0,0,0,2,-60.78680203045687,50.67567567567567,43.75,7,18.38235294117647,60.0,100.0,33.333333333333336,0.5,2,1,0,68.3010752688172
S39G01N153,2021-2022,20220109,away,64,2,0,2,0,2,0,7,7,0,0,1,1,0,0,2,4,7,7,2,1,14,7,2,0,1,282,0,0,0,1,39.86486486486487,100.0,100.0,19,12.5,0.0,0.0,28.571428571428573,2.0,3,1,7,71.82978723404257,10,1,0,0,3,3,0,5,2,4,2,0,0,2,2,1,2,9,4,0,0,12,11,1,0,2,282,0,0,0,2,-39.86486486486487,60.72874493927125,55.55555555555556,10,16.835016835016834,60.0,100.0,25.0,0.5,3,1,0,71.82978723404257
S39G01N153,2021-2022,20220109,away,64,2,0,2,0,2,0,7,7,0,0,1,1,0,0,2,4,7,7,2,1,14,7,2,0,1,282,0,0,0,1,39.86486486486487,100.0,100.0,19,12.5,0.0,0.0,28.571428571428573,2.0,3,1,7,71.82978723404257,10,2,0,0,3,3,0,5,2,4,2,0,0,2,2,1,2,9,4,0,0,12,11,1,0,2,282,0,0,0,2,-39.86486486486487,60.72874493927125,55.55555555555556,11,16.835016835016834,60.0,100.0,50.0,1.0,3,1,0,71.82978723404257
S39G01N153,2021-2022,20220109,away,64,2,0,2,0,2,0,7,7,0,0,1,1,0,0,2,4,7,7,2,1,14,7,2,0,1,282,0,0,0,1,39.86486486486487,100.0,100.0,19,12.5,0.0,0.0,28.571428571428573,2.0,3,1,7,71.82978723404257,10,2,0,0,3,3,0,5,2,4,2,0,0,2,2,1,2,9,4,0,0,12,11,1,0,2,282,0,0,0,2,-39.86486486486487,60.72874493927125,55.55555555555556,11,16.835016835016834,60.0,100.0,50.0,1.0,3,1,0,71.82978723404257
S39G01N153,2021-2022,20220109,away,64,2,0,2,0,2,0,8,7,0,0,1,1,0,0,2,4,8,7,2,1,14,8,2,0,1,305,0,0,0,1,20.420420420420413,87.5,87.5,18,11.11111111111111,0.0,0.0,28.571428571428573,2.0,3,1,7,70.34754098360656,10,2,0,0,3,3,0,5,2,4,2,0,0,2,2,1,2,9,4,0,0,12,11,1,0,2,305,0,0,0,2,-20.420420420420413,60.72874493927125,55.55555555555556,11,16.835016835016834,60.0,100.0,50.0,1.0,3,1,0,70.34754098360656
S39G01N153,2021-2022,20220109,away,64,2,0,2,0,2,0,8,7,0,0,1,1,0,0,2,4,8,7,2,1,14,8,2,0,1,306,0,0,0,1,20.420420420420413,87.5,87.5,18,11.11111111111111,0.0,0.0,28.571428571428573,2.0,3,1,7,70.11764705882354,10,2,1,0,3,3,0,5,2,4,2,0,0,2,2,1,2,9,4,0,0,12,11,1,0,2,306,0,0,0,2,-20.420420420420413,60.72874493927125,55.55555555555556,12,16.835016835016834,60.0,100.0,50.0,1.0,3,1,0,70.11764705882354
S39G01N153,2021-2022,20220109,away,64,2,0,2,0,2,0,8,7,0,0,1,1,0,0,2,4,8,7,2,1,14,8,2,0,1,307,0,0,0,1,20.420420420420413,87.5,87.5,18,11.11111111111111,0.0,0.0,28.571428571428573,2.0,3,1,7,69.88925081433226,10,2,1,1,3,4,0,5,2,4,2,0,0,2,2,1,2,9,4,0,0,12,11,1,0,2,307,0,0,0,2,-20.420420420420413,60.72874493927125,55.55555555555556,13,16.835016835016834,60.0,100.0,50.0,1.0,3,1,0,69.88925081433226
S39G01N153,2021-2022,20220109,away,64,2,0,2,0,2,0,8,7,0,0,1,1,0,0,2,4,8,7,2,1,14,8,2,0,1,312,0,0,0,1,13.855150697255965,87.5,87.5,18,11.11111111111111,0.0,0.0,28.571428571428573,2.0,5,1,7,72.61538461538463,10,2,1,1,3,4,0,6,3,4,2,0,0,2,2,1,2,10,5,0,0,14,12,1,0,2,312,0,0,0,2,-13.855150697255965,64.33823529411764,60.0,15,15.527950310559005,60.0,100.0,40.0,1.0,5,1,0,72.61538461538463
S39G01N153,2021-2022,20220109,away,64,2,0,2,0,2,0,8,7,0,0,1,1,0,0,2,4,8,7,2,1,14,8,2,0,1,312,0,0,0,1,13.855150697255965,87.5,87.5,18,11.11111111111111,0.0,0.0,28.571428571428573,2.0,5,1,7,72.61538461538463,10,3,1,1,3,4,0,6,3,4,2,0,0,2,2,1,2,10,5,0,0,14,12,1,0,2,312,0,0,0,2,-13.855150697255965,64.33823529411764,60.0,16,15.527950310559005,60.0,100.0,60.0,1.5,5,1,0,72.61538461538463
S39G01N153,2021-2022,20220109,away,64,2,0,2,0,2,0,8,7,0,0,1,1,0,0,2,4,8,7,2,1,14,8,2,0,1,312,0,0,0,1,13.855150697255965,87.5,87.5,18,11.11111111111111,0.0,0.0,28.571428571428573,2.0,5,1,7,72.61538461538463,10,3,1,1,3,4,0,6,3,4,2,0,0,2,2,2,4,10,5,0,0,14,12,1,0,2,312,0,0,0,2,-13.855150697255965,64.33823529411764,60.0,16,15.527950310559005,60.0,100.0,60.0,1.5,5,1,0,72.61538461538463
S39G01N153,2021-2022,20220109,away,64,2,0,2,0,2,0,9,7,0,0,1,1,0,0,2,4,9,7,2,1,14,9,2,0,1,333,0,0,0,1,-1.7004048582995779,77.77777777777777,77.77777777777777,17,10.0,0.0,0.0,28.571428571428573,2.0,5,1,7,71.63963963963965,10,3,1,1,3,4,0,6,3,4,2,0,0,2,2,2,4,10,5,0,0,14,12,1,0,2,333,0,0,0,2,1.7004048582995779,64.33823529411764,60.0,16,15.527950310559005,60.0,100.0,60.0,1.5,5,1,0,71.63963963963965
S39G01N153,2021-2022,20220109,away,64,2,0,2,0,2,0,9,7,0,0,1,1,0,0,2,4,9,7,2,1,14,9,2,0,1,334,0,0,0,1,-1.7004048582995779,77.77777777777777,77.77777777777777,17,10.0,0.0,0.0,28.571428571428573,2.0,5,1,7,71.42514970059881,10,3,1,2,3,5,0,6,3,4,2,0,0,2,2,2,4,10,5,0,0,14,12,1,0,2,334,0,0,0,2,1.7004048582995779,64.33823529411764,60.0,17,15.527950310559005,60.0,100.0,60.0,1.5,5,1,0,71.42514970059881
S39G01N153,2021-2022,20220109,away,64,2,0,2,0,2,0,9,7,0,0,1,1,0,0,2,4,9,7,2,1,14,9,2,0,1,341,0,0,0,1,-7.058823529411768,77.77777777777777,77.77777777777777,17,10.0,0.0,0.0,28.571428571428573,2.0,7,2,7,73.47800586510265,10,3,1,2,3,5,0,7,4,4,2,0,0,2,2,2,4,11,6,0,0,16,13,1,0,2,341,0,0,0,2,7.058823529411768,67.34006734006734,63.63636363636363,19,14.40922190201729,60.0,100.0,50.0,1.5,7,2,2,73.47800586510265
S39G01N153,2021-2022,20220109,away,64,2,0,2,0,2,0,9,7,0,0,1,1,0,0,2,4,9,7,2,1,14,9,2,0,1,341,0,0,0,1,-7.058823529411768,77.77777777777777,77.77777777777777,17,10.0,0.0,0.0,28.571428571428573,2.0,7,2,7,73.47800586510265,10,4,1,2,3,5,0,7,4,4,2,0,0,2,2,2,4,11,6,0,0,16,13,1,0,2,341,0,0,0,2,7.058823529411768,67.34006734006734,63.63636363636363,20,14.40922190201729,60.0,100.0,66.66666666666667,2.0,7,2,2,73.47800586510265
S39G01N153,2021-2022,20220109,away,64,2,0,2,0,2,0,10,8,0,0,2,2,0,0,2,4,10,8,2,1,16,10,2,0,1,362,0,0,0,1,-1.6042780748663006,80.0,80.0,19,9.090909090909092,0.0,0.0,25.0,2.0,2,2,7,72.5303867403315,10,4,1,2,3,5,0,7,4,4,2,0,0,2,2,2,4,11,6,0,0,16,13,1,0,2,362,0,0,0,2,1.6042780748663006,67.34006734006734,63.63636363636363,20,14.40922190201729,60.0,100.0,66.66666666666667,2.0,2,2,2,72.5303867403315
S39G01N153,2021-2022,20220109,away,64,3,0,2,0,2,0,10,8,0,0,2,2,0,0,2,4,10,8,2,1,16,10,2,0,1,362,0,0,0,1,-1.6042780748663006,80.0,80.0,20,9.090909090909092,0.0,0.0,37.5,3.0,2,2,7,72.5303867403315,10,4,1,2,3,5,0,7,4,4,2,0,0,2,2,2,4,11,6,0,0,16,13,1,0,2,362,0,0,0,2,1.6042780748663006,67.34006734006734,63.63636363636363,20,14.40922190201729,60.0,100.0,66.66666666666667,2.0,2,2,2,72.5303867403315
S39G01N153,2021-2022,20220109,away,64,3,0,2,0,2,0,10,8,0,0,2,2,0,0,2,4,10,8,2,1,16,10,2,0,1,382,0,0,0,1,-6.060606060606034,80.0,80.0,20,9.090909090909092,0.0,0.0,37.5,3.0,2,2,7,71.87434554973824,10,4,1,2,3,5,0,8,5,4,2,0,0,2,2,2,4,12,7,0,0,18,14,1,0,2,382,0,0,0,2,6.060606060606034,69.87577639751552,66.66666666666667,22,13.440860215053762,60.0,100.0,57.142857142857146,2.0,2,2,2,71.87434554973824
S39G01N153,2021-2022,20220109,away,64,3,0,2,0,2,0,10,8,0,0,2,2,0,0,2,4,10,8,2,1,16,10,2,0,1,382,0,0,0,1,-6.060606060606034,80.0,80.0,20,9.090909090909092,0.0,0.0,37.5,3.0,2,2,7,71.87434554973824,10,5,1,2,3,5,0,8,5,4,2,0,0,2,2,2,4,12,7,0,0,18,14,1,0,2,382,0,0,0,2,6.060606060606034,69.87577639751552,66.66666666666667,23,13.440860215053762,60.0,100.0,71.42857142857143,2.5,2,2,2,71.87434554973824
S39G01N153,2021-2022,20220109,away,64,3,0,2,0,2,0,10,8,1,0,2,2,0,0,2,4,11,8,2,1,16,11,2,0,1,395,0,0,0,1,-18.18181818181816,72.72727272727273,72.72727272727273,19,8.333333333333334,0.0,0.0,37.5,3.0,2,2,7,72.54683544303799,10,5,1,2,3,5,0,8,5,4,2,0,0,2,2,2,4,12,7,0,0,18,14,1,0,2,395,0,0,0,2,18.18181818181816,69.87577639751552,66.66666666666667,23,13.440860215053762,60.0,100.0,71.42857142857143,2.5,2,2,2,72.54683544303799
S39G01N153,2021-2022,20220109,away,64,3,0,2,0,2,0,10,8,1,0,2,2,0,0,2,4,11,8,2,1,16,11,2,0,1,396,0,0,0,1,-18.18181818181816,72.72727272727273,72.72727272727273,19,8.333333333333334,0.0,0.0,37.5,3.0,2,2,7,72.36363636363637,10,5,1,3,3,6,0,8,5,4,2,0,0,2,2,2,4,12,7,0,0,18,14,1,0,2,396,0,0,0,2,18.18181818181816,69.87577639751552,66.66666666666667,24,13.440860215053762,60.0,100.0,71.42857142857143,2.5,2,2,2,72.36363636363637
S39G01N153,2021-2022,20220109,away,64,3,0,2,0,2,0,10,8,1,0,2,2,0,0,2,4,11,8,2,1,16,11,2,0,1,414,0,0,0,1,-6.418219461697703,72.72727272727273,72.72727272727273,19,8.333333333333334,0.0,0.0,37.5,3.0,2,2,7,72.11594202898551,10,5,1,3,3,6,0,9,5,4,2,0,0,2,2,2,4,13,7,0,0,18,15,1,0,2,414,0,0,0,2,6.418219461697703,64.8414985590778,61.53846153846154,23,12.594458438287154,60.0,100.0,71.42857142857143,2.5,2,2,2,72.11594202898551
S39G01N153,2021-2022,20220109,away,64,3,0,2,0,2,0,10,8,1,0,2,2,0,0,2,4,11,8,2,1,16,11,2,0,1,416,0,0,0,1,-18.18181818181816,72.72727272727273,72.72727272727273,19,8.333333333333334,0.0,0.0,37.5,3.0,2,2,7,68.88461538461539,10,5,1,3,4,7,0,9,5,4,2,0,0,2,2,2,4,13,7,0,0,18,15,1,0,2,416,0,0,0,2,18.18181818181816,64.8414985590778,61.53846153846154,24,12.594458438287154,66.66666666666667,100.0,71.42857142857143,2.5,2,2,2,68.88461538461539
S39G01N153,2021-2022,20220109,away,64,3,0,2,0,2,0,10,8,1,0,2,2,0,0,2,4,11,8,2,1,16,11,2,0,1,419,0,0,0,1,-21.946169772256695,72.72727272727273,72.72727272727273,19,8.333333333333334,0.0,0.0,37.5,3.0,4,2,7,71.25536992840097,10,5,1,3,4,7,0,10,6,4,2,0,0,2,2,2,4,14,8,0,0,20,16,1,0,2,419,0,0,0,2,21.946169772256695,67.20430107526882,64.28571428571429,26,11.848341232227487,66.66666666666667,100.0,62.5,2.5,4,2,4,71.25536992840097
S39G01N153,2021-2022,20220109,away,64,3,0,2,0,2,0,10,8,1,0,2,2,0,0,2,4,11,8,2,1,16,11,2,0,1,419,0,0,0,1,-21.946169772256695,72.72727272727273,72.72727272727273,19,8.333333333333334,0.0,0.0,37.5,3.0,4,2,7,71.25536992840097,10,6,1,3,4,7,0,10,6,4,2,0,0,2,2,2,4,14,8,0,0,20,16,1,0,2,419,0,0,0,2,21.946169772256695,67.20430107526882,64.28571428571429,27,11.848341232227487,66.66666666666667,100.0,75.0,3.0,4,2,4,71.25536992840097
S39G01N153,2021-2022,20220109,away,64,3,0,2,0,2,0,10,8,1,0,2,2,0,0,2,4,11,8,2,1,16,11,2,0,2,440,0,0,0,2,-32.20258002866696,72.72727272727273,72.72727272727273,18,15.384615384615385,0.0,0.0,37.5,1.5,4,2,7,70.58181818181818,10,6,1,3,4,7,0,10,6,4,2,0,0,2,2,2,4,14,8,0,0,20,16,1,0,2,440,0,0,0,2,32.20258002866696,67.20430107526882,64.28571428571429,27,11.848341232227487,66.66666666666667,100.0,75.0,3.0,4,2,4,70.58181818181818
S39G01N153,2021-2022,20220109,away,64,3,0,2,0,2,0,10,8,1,0,2,2,0,0,2,4,11,8,2,1,16,11,2,0,2,440,0,0,0,2,-32.20258002866696,72.72727272727273,72.72727272727273,18,15.384615384615385,0.0,0.0,37.5,1.5,4,2,7,70.58181818181818,10,6,1,3,4,7,0,10,6,4,2,0,0,2,2,2,4,14,8,0,0,20,16,1,0,2,440,0,0,0,2,32.20258002866696,67.20430107526882,64.28571428571429,27,11.848341232227487,66.66666666666667,100.0,75.0,3.0,4,2,4,70.58181818181818
S39G01N153,2021-2022,20220109,away,64,3,0,2,0,2,0,10,8,1,0,2,2,0,0,2,4,11,8,2,1,16,11,2,0,2,440,0,0,0,2,-32.20258002866696,72.72727272727273,72.72727272727273,18,15.384615384615385,0.0,0.0,37.5,1.5,4,2,7,70.58181818181818,10,6,1,3,4,7,0,10,6,4,2,0,0,2,2,2,4,14,8,0,0,20,16,1,0,2,440,0,0,0,2,32.20258002866696,67.20430107526882,64.28571428571429,27,11.848341232227487,66.66666666666667,100.0,75.0,3.0,4,2,4,70.58181818181818
S39G01N153,2021-2022,20220109,away,64,3,0,2,0,2,0,10,8,1,0,2,2,0,0,2,4,11,8,2,1,16,11,2,0,2,440,0,0,0,2,-32.20258002866696,72.72727272727273,72.72727272727273,18,15.384615384615385,0.0,0.0,37.5,1.5,4,2,7,70.58181818181818,10,6,1,3,4,7,0,10,6,4,2,0,0,2,2,2,4,14,8,0,0,20,16,1,0,2,440,0,0,0,2,32.20258002866696,67.20430107526882,64.28571428571429,27,11.848341232227487,66.66666666666667,100.0,75.0,3.0,4,2,4,70.58181818181818
S39G01N153,2021-2022,20220109,away,64,3,0,2,0,2,0,10,8,1,0,2,2,0,0,2,4,11,8,2,1,16,11,2,0,2,440,0,0,0,2,-32.20258002866696,72.72727272727273,72.72727272727273,18,15.384615384615385,0.0,0.0,37.5,1.5,4,2,7,70.58181818181818,10,6,1,3,4,7,0,10,6,4,2,0,0,2,2,2,4,14,8,0,0,20,16,1,0,2,440,0,0,0,2,32.20258002866696,67.20430107526882,64.28571428571429,27,11.848341232227487,66.66666666666667,100.0,75.0,3.0,4,2,4,70.58181818181818
S39G01N153,2021-2022,20220109,away,64,3,0,2,0,2,0,10,8,1,0,2,2,0,0,2,4,11,8,2,1,16,11,2,0,2,440,0,0,0,2,-32.20258002866696,72.72727272727273,72.72727272727273,18,15.384615384615385,0.0,0.0,37.5,1.5,4,2,7,70.58181818181818,10,6,1,3,4,7,0,10,6,4,2,0,0,2,2,2,4,14,8,0,0,20,16,1,0,2,440,0,0,0,2,32.20258002866696,67.20430107526882,64.28571428571429,27,11.848341232227487,66.66666666666667,100.0,75.0,3.0,4,2,4,70.58181818181818
S39G01N153,2021-2022,20220109,away,64,3,0,2,0,2,0,10,8,1,0,2,2,0,0,2,4,11,8,2,1,16,11,2,0,2,440,0,0,0,2,-32.20258002866696,72.72727272727273,72.72727272727273,18,15.384615384615385,0.0,0.0,37.5,1.5,4,2,7,70.58181818181818,10,6,1,3,4,7,0,10,6,4,2,0,0,2,2,2,4,14,8,0,0,20,16,1,0,2,440,0,0,0,2,32.20258002866696,67.20430107526882,64.28571428571429,27,11.848341232227487,66.66666666666667,100.0,75.0,3.0,4,2,4,70.58181818181818
S39G01N153,2021-2022,20220109,away,64,3,0,2,0,2,0,10,8,1,0,2,2,0,0,2,4,11,8,2,1,16,11,2,0,2,465,0,0,0,2,-21.015295943249797,72.72727272727273,72.72727272727273,18,15.384615384615385,0.0,0.0,37.5,1.5,4,2,7,69.36774193548388,10,6,1,3,4,7,0,11,6,4,2,0,0,2,2,2,4,15,8,0,0,20,17,1,0,2,465,0,0,0,2,21.015295943249797,62.97229219143576,60.0,26,11.185682326621922,66.66666666666667,100.0,75.0,3.0,4,2,4,69.36774193548388
S39G01N153,2021-2022,20220109,away,64,3,0,3,0,3,0,10,8,1,0,2,2,0,0,2,4,11,8,2,1,16,11,2,0,2,467,0,0,0,2,-21.015295943249797,72.72727272727273,72.72727272727273,19,15.384615384615385,0.0,0.0,37.5,1.5,4,2,7,69.07066381156318,10,6,1,3,4,7,0,11,6,4,2,0,0,2,2,2,4,15,8,0,0,20,17,1,0,2,467,0,0,0,2,21.015295943249797,62.97229219143576,60.0,26,11.185682326621922,57.142857142857146,100.0,75.0,3.0,4,2,4,69.07066381156318
S39G01N153,2021-2022,20220109,away,64,3,0,3,0,3,0,10,8,1,0,2,2,0,0,2,4,11,8,2,1,16,11,2,0,2,471,0,0,0,2,-21.015295943249797,72.72727272727273,72.72727272727273,19,15.384615384615385,0.0,0.0,37.5,1.5,4,2,7,68.48407643312102,10,6,1,3,4,7,0,11,6,4,2,0,0,2,2,2,4,15,8,1,1,20,17,1,0,2,471,0,0,0,2,21.015295943249797,62.97229219143576,60.0,26,11.185682326621922,57.142857142857146,100.0,75.0,3.0,4,2,4,68.48407643312102
S39G01N153,2021-2022,20220109,away,64,3,0,3,0,3,0,10,8,1,0,2,2,0,0,2,4,11,8,2,1,16,11,2,0,2,471,0,0,0,2,-21.015295943249797,72.72727272727273,72.72727272727273,19,15.384615384615385,0.0,0.0,37.5,1.5,4,2,7,68.48407643312102,10,6,1,3,4,7,0,11,6,4,2,0,0,2,2,2,4,15,8,1,1,20,17,1,0,2,471,0,0,0,2,21.015295943249797,62.97229219143576,60.0,26,11.185682326621922,57.142857142857146,100.0,75.0,3.0,4,2,4,68.48407643312102
S39G01N153,2021-2022,20220109,away,64,3,0,3,0,3,0,10,8,1,0,2,2,0,0,2,4,11,8,2,1,16,11,2,0,2,471,0,0,0,2,-21.015295943249797,72.72727272727273,72.72727272727273,19,15.384615384615385,0.0,0.0,37.5,1.5,4,2,7,68.48407643312102,10,6,1,3,4,7,0,11,6,4,2,0,0,2,2,2,4,15,8,1,1,20,17,1,0,2,471,0,0,0,2,21.015295943249797,62.97229219143576,60.0,26,11.185682326621922,57.142857142857146,100.0,75.0,3.0,4,2,4,68.48407643312102
S39G01N153,2021-2022,20220109,away,64,3,0,3,0,3,0,10,8,1,0,2,2,0,0,2,4,11,8,2,1,16,11,2,0,2,471,0,0,0,2,-21.015295943249797,72.72727272727273,72.72727272727273,19,15.384615384615385,0.0,0.0,37.5,1.5,4,2,7,68.48407643312102,10,6,1,3,4,7,0,11,6,4,2,0,0,2,2,2,4,15,8,1,1,20,17,1,0,2,471,0,0,0,2,21.015295943249797,62.97229219143576,60.0,26,11.185682326621922,57.142857142857146,100.0,75.0,3.0,4,2,4,68.48407643312102
S39G01N153,2021-2022,20220109,away,64,3,0,3,0,3,0,10,8,1,0,2,2,0,0,2,4,11,8,2,1,16,11,2,0,2,471,0,0,0,2,-21.015295943249797,72.72727272727273,72.72727272727273,19,15.384615384615385,0.0,0.0,37.5,1.5,4,2,7,68.48407643312102,10,6,1,3,4,7,0,11,6,4,2,0,0,2,2,2,4,15,8,1,1,20,17,1,0,2,471,0,0,0,2,21.015295943249797,62.97229219143576,60.0,26,11.185682326621922,57.142857142857146,100.0,75.0,3.0,4,2,4,68.48407643312102
S39G01N153,2021-2022,20220109,away,64,3,0,3,0,3,0,10,8,1,0,2,2,0,0,2,4,11,8,2,1,16,11,2,0,2,471,0,0,0,2,-21.015295943249797,72.72727272727273,72.72727272727273,19,15.384615384615385,0.0,0.0,37.5,1.5,4,2,7,68.48407643312102,10,6,1,3,4,7,0,11,6,4,2,0,0,2,2,2,4,15,8,1,1,20,17,1,0,2,471,0,0,0,2,21.015295943249797,62.97229219143576,60.0,26,11.185682326621922,57.142857142857146,100.0,75.0,3.0,4,2,4,68.48407643312102
S39G01N153,2021-2022,20220109,away,64,3,0,3,0,3,0,10,8,2,1,2,2,0,0,2,4,12,9,2,1,19,12,2,0,2,479,0,0,0,2,-8.377933305887154,79.16666666666667,79.16666666666667,22,14.285714285714286,0.0,0.0,33.333333333333336,1.5,3,2,7,69.84551148225471,10,6,1,3,4,7,0,11,6,4,2,0,0,2,2,2,4,15,8,1,1,20,17,1,0,2,479,0,0,0,2,8.377933305887154,62.97229219143576,60.0,26,11.185682326621922,57.142857142857146,100.0,75.0,3.0,3,2,4,69.84551148225471
S39G01N153,2021-2022,20220109,away,64,3,0,3,0,3,0,10,8,2,1,2,2,0,0,2,4,12,9,2,1,19,12,2,0,2,495,0,0,0,2,1.3056835637481186,79.16666666666667,79.16666666666667,22,14.285714285714286,0.0,0.0,33.333333333333336,1.5,3,2,7,70.01212121212122,10,6,1,3,4,7,0,11,6,4,2,0,0,2,2,2,4,15,8,1,1,20,17,1,0,3,495,0,0,0,3,-1.3056835637481186,62.97229219143576,60.0,25,15.889830508474574,57.142857142857146,100.0,75.0,2.0,3,2,4,70.01212121212122
S39G01N153,2021-2022,20220109,away,64,3,0,3,0,3,0,10,8,2,1,2,2,0,0,2,4,12,9,2,1,19,12,2,0,2,506,0,0,0,2,1.3056835637481186,79.16666666666667,79.16666666666667,22,14.285714285714286,0.0,0.0,33.333333333333336,1.5,3,2,7,68.49011857707511,10,6,1,3,4,7,0,11,6,4,2,0,0,2,2,2,4,15,8,2,2,20,17,1,0,3,506,0,0,0,3,-1.3056835637481186,62.97229219143576,60.0,25,15.889830508474574,57.142857142857146,100.0,75.0,2.0,3,2,4,68.49011857707511
S39G01N153,2021-2022,20220109,away,64,3,0,3,0,3,0,10,8,2,1,2,2,0,0,2,4,12,9,2,1,19,12,2,0,2,506,0,0,0,2,1.3056835637481186,79.16666666666667,79.16666666666667,22,14.285714285714286,0.0,0.0,33.333333333333336,1.5,3,2,7,68.49011857707511,10,6,1,3,4,7,0,11,6,4,2,0,0,2,2,2,4,15,8,2,2,20,17,1,0,3,506,0,0,0,3,-1.3056835637481186,62.97229219143576,60.0,25,15.889830508474574,57.142857142857146,100.0,75.0,2.0,3,2,4,68.49011857707511
S39G01N153,2021-2022,20220109,away,64,3,0,3,0,3,0,10,8,2,1,2,2,0,0,2,4,12,9,2,1,19,12,2,0,2,506,0,0,0,2,1.3056835637481186,79.16666666666667,79.16666666666667,22,14.285714285714286,0.0,0.0,33.333333333333336,1.5,3,2,7,68.49011857707511,10,6,1,3,4,7,0,11,6,4,2,0,0,2,2,2,4,15,8,2,2,20,17,1,0,3,506,0,0,0,3,-1.3056835637481186,62.97229219143576,60.0,25,15.889830508474574,57.142857142857146,100.0,75.0,2.0,3,2,4,68.49011857707511
S39G01N153,2021-2022,20220109,away,64,3,0,3,0,3,0,10,8,2,1,2,2,0,0,2,4,12,9,2,1,19,12,2,0,2,506,0,0,0,2,1.3056835637481186,79.16666666666667,79.16666666666667,22,14.285714285714286,0.0,0.0,33.333333333333336,1.5,3,2,7,68.49011857707511,10,6,1,3,4,7,0,11,6,4,2,0,0,2,2,2,4,15,8,2,2,20,17,1,0,3,506,0,0,0,3,-1.3056835637481186,62.97229219143576,60.0,25,15.889830508474574,57.142857142857146,100.0,75.0,2.0,3,2,4,68.49011857707511
S39G01N153,2021-2022,20220109,away,64,3,0,3,0,3,0,10,8,2,1,2,2,0,0,2,4,12,9,2,1,19,12,2,0,2,510,0,0,0,2,1.3056835637481186,79.16666666666667,79.16666666666667,22,14.285714285714286,0.0,0.0,33.333333333333336,1.5,3,2,7,67.9529411764706,10,6,1,3,4,7,0,11,6,4,2,0,0,2,2,2,4,15,8,3,3,20,17,1,0,3,510,0,0,0,3,-1.3056835637481186,62.97229219143576,60.0,25,15.889830508474574,57.142857142857146,100.0,75.0,2.0,3,2,4,67.9529411764706
S39G01N153,2021-2022,20220109,away,64,3,0,3,0,3,0,10,8,2,1,2,2,0,0,2,4,12,9,2,1,19,12,2,0,2,510,0,0,0,2,1.3056835637481186,79.16666666666667,79.16666666666667,22,14.285714285714286,0.0,0.0,33.333333333333336,1.5,3,2,7,67.9529411764706,10,6,1,3,4,7,0,11,6,4,2,0,0,2,2,2,4,15,8,3,3,20,17,1,0,3,510,0,0,0,3,-1.3056835637481186,62.97229219143576,60.0,25,15.889830508474574,57.142857142857146,100.0,75.0,2.0,3,2,4,67.9529411764706
S39G01N153,2021-2022,20220109,away,64,3,0,3,0,3,0,10,8,3,1,2,2,0,0,2,4,13,9,2,1,19,13,2,0,2,514,0,0,0,2,-7.741935483870932,73.07692307692308,73.07692307692308,21,13.333333333333334,0.0,0.0,33.333333333333336,1.5,3,2,7,69.75875486381324,10,6,1,3,4,7,0,11,6,4,2,0,0,2,2,2,4,15,8,3,3,20,17,1,0,3,514,0,0,0,3,7.741935483870932,62.97229219143576,60.0,25,15.889830508474574,57.142857142857146,100.0,75.0,2.0,3,2,4,69.75875486381324
S39G01N153,2021-2022,20220109,away,64,3,0,3,0,3,0,10,8,3,1,2,2,0,0,2,4,13,9,2,1,19,13,2,0,2,516,0,0,0,2,-7.741935483870932,73.07692307692308,73.07692307692308,21,13.333333333333334,0.0,0.0,33.333333333333336,1.5,3,2,7,69.48837209302327,10,6,1,4,4,8,0,11,6,4,2,0,0,2,2,2,4,15,8,3,3,20,17,1,0,3,516,0,0,0,3,7.741935483870932,62.97229219143576,60.0,26,15.889830508474574,57.142857142857146,100.0,75.0,2.0,3,2,4,69.48837209302327
S39G01N153,2021-2022,20220109,away,64,3,0,3,0,3,0,10,8,3,1,2,2,0,0,2,4,13,9,3,2,19,13,2,0,2,526,0,0,0,2,-7.741935483870932,73.07692307692308,73.07692307692308,21,13.333333333333334,0.0,0.0,33.333333333333336,1.5,3,2,7,68.16730038022814,10,6,1,4,4,8,0,11,6,4,2,0,0,2,2,2,4,15,8,3,3,20,17,1,0,3,526,0,0,0,3,7.741935483870932,62.97229219143576,60.0,26,15.889830508474574,57.142857142857146,100.0,75.0,2.0,3,2,4,68.16730038022814
S39G01N153,2021-2022,20220109,away,64,3,0,3,0,3,0,10,8,3,1,2,2,0,0,2,4,13,9,3,2,19,13,2,0,2,526,0,0,0,2,-7.741935483870932,73.07692307692308,73.07692307692308,21,13.333333333333334,0.0,0.0,33.333333333333336,1.5,3,2,7,68.16730038022814,10,6,1,4,4,8,0,11,6,4,2,0,0,2,2,2,4,15,8,3,3,20,17,1,0,3,526,0,0,0,3,7.741935483870932,62.97229219143576,60.0,26,15.889830508474574,57.142857142857146,100.0,75.0,2.0,3,2,4,68.16730038022814
S39G01N153,2021-2022,20220109,away,64,3,0,3,0,3,0,10,8,3,1,2,2,0,0,2,4,13,9,3,2,19,13,2,0,2,526,0,0,0,2,-7.741935483870932,73.07692307692308,73.07692307692308,21,13.333333333333334,0.0,0.0,33.333333333333336,1.5,3,2,7,68.16730038022814,10,6,1,4,4,8,0,11,6,4,2,0,0,2,2,2,4,15,8,3,3,20,17,1,0,3,526,0,0,0,3,7.741935483870932,62.97229219143576,60.0,26,15.889830508474574,57.142857142857146,100.0,75.0,2.0,3,2,4,68.16730038022814
S39G01N153,2021-2022,20220109,away,64,3,0,3,0,3,0,10,8,3,1,2,2,0,0,2,4,13,9,3,2,19,13,2,0,2,526,0,0,0,2,-7.741935483870932,73.07692307692308,73.07692307692308,21,13.333333333333334,0.0,0.0,33.333333333333336,1.5,3,2,7,68.16730038022814,10,6,1,4,4,8,0,11,6,4,2,0,0,2,2,2,4,15,8,3,3,20,17,1,0,3,526,0,0,0,3,7.741935483870932,62.97229219143576,60.0,26,15.889830508474574,57.142857142857146,100.0,75.0,2.0,3,2,4,68.16730038022814
S39G01N153,2021-2022,20220109,away,64,3,0,3,0,3,0,10,8,3,1,2,2,0,0,2,4,13,9,3,2,19,13,2,0,2,540,0,0,0,2,0.7220822837951317,73.07692307692308,73.07692307692308,21,13.333333333333334,0.0,0.0,33.333333333333336,1.5,3,2,7,68.62222222222222,10,6,1,4,4,8,0,11,6,5,2,0,0,2,2,2,4,16,8,3,3,20,18,1,0,3,540,0,0,0,3,-0.7220822837951317,59.241706161137444,56.25,25,15.090543259557345,57.142857142857146,100.0,75.0,2.0,3,2,4,68.62222222222222
S39G01N153,2021-2022,20220109,away,64,3,0,3,0,3,0,10,8,3,1,2,2,0,0,2,4,13,9,3,2,19,13,2,0,2,541,0,0,0,2,0.7220822837951317,73.07692307692308,73.07692307692308,21,13.333333333333334,0.0,0.0,33.333333333333336,1.5,3,2,7,68.49537892791128,10,6,1,4,4,8,0,11,6,5,2,0,0,2,2,2,4,16,8,3,3,20,18,1,1,3,541,0,0,0,4,-0.7220822837951317,59.241706161137444,56.25,24,15.090543259557345,57.142857142857146,100.0,75.0,2.0,3,2,4,68.49537892791128
S39G01N153,2021-2022,20220109,away,64,3,0,3,0,3,0,11,8,3,1,2,2,0,0,2,4,14,9,3,2,19,14,2,0,2,559,0,0,0,2,-7.19458438287154,67.85714285714286,67.85714285714286,20,12.5,0.0,0.0,33.333333333333336,1.5,3,2,7,68.43649373881931,10,6,1,4,4,8,0,11,6,5,2,0,0,2,2,2,4,16,8,3,3,20,18,1,1,3,559,0,0,0,4,7.19458438287154,59.241706161137444,56.25,24,15.090543259557345,57.142857142857146,100.0,75.0,2.0,3,2,4,68.43649373881931
S39G01N153,2021-2022,20220109,away,64,3,0,3,0,3,1,11,8,3,1,2,2,0,0,2,4,14,9,3,2,19,14,2,0,2,561,0,0,0,2,-7.19458438287154,67.85714285714286,67.85714285714286,21,12.5,0.0,0.0,33.333333333333336,1.5,3,2,7,68.19251336898395,10,6,1,4,4,8,0,11,6,5,2,0,0,2,2,2,4,16,8,3,3,20,18,1,1,3,561,0,0,0,4,7.19458438287154,59.241706161137444,56.25,24,15.090543259557345,57.142857142857146,100.0,75.0,2.0,3,2,4,68.19251336898395
S39G01N153,2021-2022,20220109,away,64,3,0,3,0,3,1,11,8,3,1,2,2,0,0,2,4,14,9,3,2,19,14,2,0,2,561,0,0,0,2,-7.19458438287154,67.85714285714286,67.85714285714286,21,12.5,0.0,0.0,33.333333333333336,1.5,3,2,7,68.19251336898395,10,6,1,4,4,8,0,11,6,5,2,0,0,2,2,2,4,16,8,3,3,20,18,1,1,3,561,0,0,0,4,7.19458438287154,59.241706161137444,56.25,24,15.090543259557345,57.142857142857146,100.0,75.0,2.0,3,2,4,68.19251336898395
S39G01N153,2021-2022,20220109,away,64,3,0,3,0,3,1,11,8,3,1,2,2,0,0,2,4,14,9,3,2,19,14,2,0,2,561,0,0,0,2,-7.19458438287154,67.85714285714286,67.85714285714286,21,12.5,0.0,0.0,33.333333333333336,1.5,3,2,7,68.19251336898395,10,6,1,4,4,8,0,11,6,5,2,0,0,2,2,2,4,16,8,3,3,20,18,1,1,3,561,0,0,0,4,7.19458438287154,59.241706161137444,56.25,24,15.090543259557345,57.142857142857146,100.0,75.0,2.0,3,2,4,68.19251336898395
S39G01N153,2021-2022,20220109,away,64,3,0,3,0,3,1,11,8,3,1,2,2,0,0,2,4,14,9,3,2,19,14,2,0,3,561,0,0,0,3,-14.179878500518598,67.85714285714286,67.85714285714286,20,17.647058823529413,0.0,0.0,33.333333333333336,1.0,3,2,7,70.33155080213903,10,6,1,4,4,8,0,11,6,5,2,0,0,2,2,2,4,16,8,3,3,20,18,1,1,3,561,0,0,0,4,14.179878500518598,59.241706161137444,56.25,24,15.090543259557345,57.142857142857146,100.0,75.0,2.0,3,2,4,70.33155080213903
S39G01N153,2021-2022,20220109,away,64,3,0,3,0,3,1,11,8,3,1,2,2,0,0,2,4,14,9,3,2,19,14,2,0,3,561,0,0,0,3,-14.179878500518598,67.85714285714286,67.85714285714286,20,17.647058823529413,0.0,0.0,33.333333333333336,1.0,3,2,7,70.33155080213903,10,6,1,4,4,8,0,11,6,5,2,0,0,2,2,2,4,16,8,3,3,20,18,1,1,3,561,0,0,0,4,14.179878500518598,59.241706161137444,56.25,24,15.090543259557345,57.142857142857146,100.0,75.0,2.0,3,2,4,70.33155080213903
S39G01N153,2021-2022,20220109,away,64,3,0,3,0,3,1,11,8,3,1,2,2,0,0,2,4,14,9,3,2,19,14,2,0,3,561,0,0,0,3,-14.179878500518598,67.85714285714286,67.85714285714286,20,17.647058823529413,0.0,0.0,33.333333333333336,1.0,3,2,7,70.33155080213903,10,6,1,4,4,8,0,11,6,5,2,0,0,2,2,2,4,16,8,3,3,20,18,1,1,3,561,0,0,0,4,14.179878500518598,59.241706161137444,56.25,24,15.090543259557345,57.142857142857146,100.0,75.0,2.0,3,2,4,70.33155080213903
S39G01N153,2021-2022,20220109,away,64,3,0,3,0,3,1,11,8,3,1,2,2,0,0,2,4,14,9,3,2,19,14,2,0,3,570,0,0,0,3,-6.718706439921945,67.85714285714286,67.85714285714286,20,17.647058823529413,0.0,0.0,33.333333333333336,1.0,3,2,7,71.32631578947367,10,6,1,4,4,8,0,12,6,5,2,0,0,2,2,2,4,17,8,3,3,20,19,1,1,3,570,0,0,0,4,6.718706439921945,55.928411633109626,52.94117647058823,23,14.367816091954024,57.142857142857146,100.0,75.0,2.0,3,2,4,71.32631578947367
S39G01N153,2021-2022,20220109,away,64,3,0,4,0,4,1,11,8,3,1,2,2,0,0,2,4,14,9,3,2,19,14,2,0,3,572,0,0,0,3,-6.718706439921945,67.85714285714286,67.85714285714286,21,17.647058823529413,0.0,0.0,33.333333333333336,1.0,3,2,7,71.07692307692307,10,6,1,4,4,8,0,12,6,5,2,0,0,2,2,2,4,17,8,3,3,20,19,1,1,3,572,0,0,0,4,6.718706439921945,55.928411633109626,52.94117647058823,23,14.367816091954024,50.0,100.0,75.0,2.0,3,2,4,71.07692307692307
S39G01N153,2021-2022,20220109,away,64,3,0,4,0,4,1,11,8,3,1,2,2,0,0,2,4,14,9,3,2,19,14,2,0,4,590,0,0,0,4,-12.92785676671933,67.85714285714286,67.85714285714286,20,22.22222222222222,0.0,0.0,33.333333333333336,0.75,3,2,7,70.94237288135592,10,6,1,4,4,8,0,12,6,5,2,0,0,2,2,2,4,17,8,3,3,20,19,1,1,3,590,0,0,0,4,12.92785676671933,55.928411633109626,52.94117647058823,23,14.367816091954024,50.0,100.0,75.0,2.0,3,2,4,70.94237288135592
S39G01N153,2021-2022,20220109,away,64,3,0,4,0,4,1,11,8,3,1,2,2,0,0,2,4,14,9,3,2,19,14,2,0,4,592,0,0,0,4,-12.92785676671933,67.85714285714286,67.85714285714286,20,22.22222222222222,0.0,0.0,33.333333333333336,0.75,3,2,7,70.7027027027027,10,6,1,4,4,8,0,12,6,5,2,0,0,2,2,2,4,17,8,3,3,20,19,2,1,3,592,0,0,0,4,12.92785676671933,55.928411633109626,52.94117647058823,24,14.367816091954024,50.0,100.0,75.0,2.0,3,2,4,70.7027027027027
S39G01N153,2021-2022,20220109,away,64,3,0,4,0,4,1,11,8,3,1,2,2,0,0,2,4,14,9,3,2,19,14,2,0,4,598,0,0,0,4,-6.301267710663694,67.85714285714286,67.85714285714286,20,22.22222222222222,0.0,0.0,33.333333333333336,0.75,3,2,7,71.99999999999999,10,6,1,4,4,8,0,12,6,6,2,0,0,2,2,2,4,18,8,3,3,20,20,2,1,3,598,0,0,0,4,6.301267710663694,52.96610169491526,50.0,23,13.711151736745887,50.0,100.0,75.0,2.0,3,2,4,71.99999999999999
S39G01N153,2021-2022,20220109,away,64,3,0,4,0,4,1,11,8,3,1,2,2,0,0,2,4,14,9,3,2,19,14,2,0,4,599,0,0,0,4,-12.92785676671933,67.85714285714286,67.85714285714286,20,22.22222222222222,0.0,0.0,33.333333333333336,0.75,3,2,7,69.87646076794657,10,6,1,4,5,9,0,12,6,6,2,0,0,2,2,2,4,18,8,3,3,20,20,2,1,3,599,0,0,0,4,12.92785676671933,52.96610169491526,50.0,24,13.711151736745887,55.55555555555556,100.0,75.0,2.0,3,2,4,69.87646076794657
S39G01N153,2021-2022,20220109,away,64,3,0,4,0,4,1,11,8,3,1,2,2,0,0,2,4,14,9,3,2,19,14,2,0,4,599,0,0,0,4,-12.92785676671933,67.85714285714286,67.85714285714286,20,22.22222222222222,0.0,0.0,33.333333333333336,0.75,3,2,7,69.87646076794657,10,6,1,4,5,9,0,12,6,6,2,0,0,2,2,2,4,18,8,3,3,20,20,2,1,3,599,0,0,0,4,12.92785676671933,52.96610169491526,50.0,24,13.711151736745887,55.55555555555556,100.0,75.0,2.0,3,2,4,69.87646076794657
S39G01N153,2021-2022,20220109,away,64,3,0,4,0,4,1,11,8,3,1,2,2,0,0,2,4,14,9,3,2,19,14,2,0,4,600,0,0,0,4,-12.92785676671933,67.85714285714286,67.85714285714286,20,22.22222222222222,0.0,0.0,33.333333333333336,0.75,3,2,7,69.75999999999999,10,6,1,4,5,9,0,12,6,6,2,0,0,2,2,2,4,18,8,3,3,20,20,2,1,3,600,0,0,0,4,12.92785676671933,52.96610169491526,50.0,24,13.711151736745887,55.55555555555556,100.0,75.0,2.0,3,2,4,69.75999999999999
S39G01N153,2021-2022,20220109,away,64,3,0,4,0,4,1,11,8,3,1,2,2,0,0,2,4,14,9,3,2,19,14,2,0,4,600,0,0,0,4,-12.92785676671933,67.85714285714286,67.85714285714286,20,22.22222222222222,0.0,0.0,33.333333333333336,0.75,3,2,7,69.75999999999999,10,6,1,4,5,9,0,12,6,6,2,0,0,2,2,2,4,18,8,3,3,20,20,2,1,3,600,0,0,0,4,12.92785676671933,52.96610169491526,50.0,24,13.711151736745887,55.55555555555556,100.0,75.0,2.0,3,2,4,69.75999999999999
S39G01N153,2021-2022,20220109,away,64,3,0,4,0,4,1,11,8,3,1,2,2,0,0,2,4,14,9,3,2,19,14,2,0,4,600,0,0,0,4,-12.92785676671933,67.85714285714286,67.85714285714286,20,22.22222222222222,0.0,0.0,33.333333333333336,0.75,3,2,7,69.75999999999999,10,6,1,4,5,9,0,12,6,6,2,0,0,2,2,2,4,18,8,3,3,20,20,2,1,3,600,0,0,0,4,12.92785676671933,52.96610169491526,50.0,24,13.711151736745887,55.55555555555556,100.0,75.0,2.0,3,2,4,69.75999999999999
S39G01N153,2021-2022,20220109,away,64,3,0,4,0,4,1,11,8,3,1,2,2,0,0,2,4,14,9,3,2,19,14,2,0,4,600,0,0,0,4,-12.92785676671933,67.85714285714286,67.85714285714286,20,22.22222222222222,0.0,0.0,33.333333333333336,0.75,3,2,7,69.75999999999999,10,6,1,4,5,9,0,12,6,6,2,0,0,2,2,2,4,18,8,3,3,20,20,2,1,3,600,0,0,0,4,12.92785676671933,52.96610169491526,50.0,24,13.711151736745887,55.55555555555556,100.0,75.0,2.0,3,2,4,69.75999999999999
S39G01N153,2021-2022,20220109,away,64,3,0,4,0,4,1,11,8,3,1,2,2,0,0,2,4,14,9,3,2,19,14,2,0,4,600,0,0,0,4,-12.92785676671933,67.85714285714286,67.85714285714286,20,22.22222222222222,0.0,0.0,33.333333333333336,0.75,3,2,7,69.75999999999999,10,6,1,4,5,9,0,12,6,6,2,0,0,2,2,2,4,18,8,3,3,20,20,2,1,3,600,0,0,0,4,12.92785676671933,52.96610169491526,50.0,24,13.711151736745887,55.55555555555556,100.0,75.0,2.0,3,2,4,69.75999999999999
S39G01N153,2021-2022,20220109,away,64,3,0,4,0,4,1,11,8,3,1,2,2,0,0,2,4,14,9,3,2,19,14,2,0,4,600,0,0,0,4,-12.92785676671933,67.85714285714286,67.85714285714286,20,22.22222222222222,0.0,0.0,33.333333333333336,0.75,3,2,7,69.75999999999999,10,6,1,4,5,9,0,12,6,6,2,0,0,2,2,2,4,18,8,3,3,20,20,2,1,3,600,0,0,0,4,12.92785676671933,52.96610169491526,50.0,24,13.711151736745887,55.55555555555556,100.0,75.0,2.0,3,2,4,69.75999999999999
S39G01N153,2021-2022,20220109,away,64,3,0,4,0,4,1,11,8,3,1,2,2,0,0,2,4,14,9,3,2,19,14,2,0,4,600,0,0,0,4,-12.92785676671933,67.85714285714286,67.85714285714286,20,22.22222222222222,0.0,0.0,33.333333333333336,0.75,3,2,7,69.75999999999999,10,6,1,4,5,9,0,12,6,6,2,0,0,2,2,2,4,18,8,3,3,20,20,2,1,3,600,0,0,0,4,12.92785676671933,52.96610169491526,50.0,24,13.711151736745887,55.55555555555556,100.0,75.0,2.0,3,2,4,69.75999999999999
S39G01N153,2021-2022,20220109,away,64,3,0,4,0,4,1,11,8,3,1,2,2,0,0,2,4,14,9,3,2,19,14,2,0,4,600,0,0,0,4,-12.92785676671933,67.85714285714286,67.85714285714286,20,22.22222222222222,0.0,0.0,33.333333333333336,0.75,3,2,7,69.75999999999999,10,6,1,4,5,9,0,12,6,6,2,0,0,2,2,2,4,18,8,3,3,20,20,2,1,3,600,0,0,0,4,12.92785676671933,52.96610169491526,50.0,24,13.711151736745887,55.55555555555556,100.0,75.0,2.0,3,2,4,69.75999999999999
S39G01N153,2021-2022,20220109,away,64,3,0,4,0,4,1,11,8,3,1,2,2,0,0,2,4,14,9,3,2,19,14,2,0,4,600,0,0,0,4,-12.92785676671933,67.85714285714286,67.85714285714286,20,22.22222222222222,0.0,0.0,33.333333333333336,0.75,3,2,7,69.75999999999999,10,6,1,4,5,9,0,12,6,6,2,0,0,2,2,2,4,18,8,3,3,20,20,2,1,3,600,0,0,0,4,12.92785676671933,52.96610169491526,50.0,24,13.711151736745887,55.55555555555556,100.0,75.0,2.0,3,2,4,69.75999999999999
S39G01N153,2021-2022,20220109,away,64,3,0,4,0,4,1,11,8,3,1,2,2,0,0,2,4,14,9,3,2,19,14,2,0,4,600,0,0,0,4,-12.92785676671933,67.85714285714286,67.85714285714286,20,22.22222222222222,0.0,0.0,33.333333333333336,0.75,3,2,7,69.75999999999999,10,6,1,4,5,9,0,12,6,6,2,0,0,2,2,2,4,18,8,3,3,20,20,2,1,3,600,0,0,0,4,12.92785676671933,52.96610169491526,50.0,24,13.711151736745887,55.55555555555556,100.0,75.0,2.0,3,2,4,69.75999999999999
S39G01N153,2021-2022,20220109,away,64,3,0,4,0,4,1,11,8,3,1,2,2,0,0,2,4,14,9,3,2,19,14,2,0,4,600,0,0,0,4,-12.92785676671933,67.85714285714286,67.85714285714286,20,22.22222222222222,0.0,0.0,33.333333333333336,0.75,3,2,7,69.75999999999999,10,6,1,4,5,9,0,12,6,6,2,0,0,2,2,2,4,18,8,3,3,20,20,2,1,3,600,0,0,0,4,12.92785676671933,52.96610169491526,50.0,24,13.711151736745887,55.55555555555556,100.0,75.0,2.0,3,2,4,69.75999999999999
S39G01N153,2021-2022,20220109,away,64,3,0,4,0,4,1,11,8,3,1,2,2,0,0,2,4,14,9,3,2,19,14,2,0,4,600,0,0,0,4,-12.92785676671933,67.85714285714286,67.85714285714286,20,22.22222222222222,0.0,0.0,33.333333333333336,0.75,3,2,7,69.75999999999999,10,6,1,4,5,9,0,12,6,6,2,0,0,2,2,2,4,18,8,3,3,20,20,2,1,3,600,0,0,0,4,12.92785676671933,52.96610169491526,50.0,24,13.711151736745887,55.55555555555556,100.0,75.0,2.0,3,2,4,69.75999999999999
S39G01N153,2021-2022,20220109,away,64,3,0,4,0,4,1,11,8,3,1,2,2,0,0,2,4,14,9,3,2,19,14,2,0,4,600,0,0,0,4,-12.92785676671933,67.85714285714286,67.85714285714286,20,22.22222222222222,0.0,0.0,33.333333333333336,0.75,3,2,7,69.75999999999999,10,6,1,4,5,9,0,12,6,6,2,0,0,2,2,2,4,18,8,3,3,20,20,2,1,3,600,0,0,0,4,12.92785676671933,52.96610169491526,50.0,24,13.711151736745887,55.55555555555556,100.0,75.0,2.0,3,2,4,69.75999999999999
S39G01N153,2021-2022,20220109,away,64,3,0,4,0,4,1,11,8,3,1,2,2,0,0,2,4,14,9,3,2,19,14,2,0,4,600,0,0,0,4,-12.92785676671933,67.85714285714286,67.85714285714286,20,22.22222222222222,0.0,0.0,33.333333333333336,0.75,3,2,7,69.75999999999999,10,6,1,4,5,9,0,12,6,6,2,0,0,2,2,2,4,18,8,3,3,20,20,2,1,3,600,0,0,0,4,12.92785676671933,52.96610169491526,50.0,24,13.711151736745887,55.55555555555556,100.0,75.0,2.0,3,2,4,69.75999999999999
S39G01N153,2021-2022,20220109,away,64,3,0,4,0,4,1,11,8,3,1,2,2,0,0,2,4,14,9,3,2,19,14,2,0,4,600,0,0,0,4,-12.92785676671933,67.85714285714286,67.85714285714286,20,22.22222222222222,0.0,0.0,33.333333333333336,0.75,3,2,7,69.75999999999999,10,6,1,4,5,9,0,12,6,6,2,0,0,2,2,2,4,18,8,3,3,20,20,2,1,3,600,0,0,0,4,12.92785676671933,52.96610169491526,50.0,24,13.711151736745887,55.55555555555556,100.0,75.0,2.0,3,2,4,69.75999999999999
S39G01N153,2021-2022,20220109,away,64,3,0,4,0,4,1,11,8,3,1,2,2,0,0,2,4,14,9,3,2,19,14,2,0,4,600,0,0,0,4,-12.92785676671933,67.85714285714286,67.85714285714286,20,22.22222222222222,0.0,0.0,33.333333333333336,0.75,3,2,7,69.75999999999999,10,6,1,4,5,9,0,12,6,6,2,0,0,2,2,2,4,18,8,3,3,20,20,2,1,3,600,0,0,0,4,12.92785676671933,52.96610169491526,50.0,24,13.711151736745887,55.55555555555556,100.0,75.0,2.0,3,2,4,69.75999999999999
S39G01N153,2021-2022,20220109,away,64,3,0,4,0,4,1,11,8,3,1,2,2,0,0,2,4,14,9,3,2,19,14,2,0,4,600,0,0,0,4,-12.92785676671933,67.85714285714286,67.85714285714286,20,22.22222222222222,0.0,0.0,33.333333333333336,0.75,3,2,7,69.75999999999999,10,6,1,4,5,9,0,12,6,6,2,0,0,2,2,2,4,18,8,3,3,20,20,2,1,3,600,0,0,0,4,12.92785676671933,52.96610169491526,50.0,24,13.711151736745887,55.55555555555556,100.0,75.0,2.0,3,2,4,69.75999999999999
S39G01N153,2021-2022,20220109,away,64,3,0,4,0,4,1,11,8,3,1,2,2,0,0,2,4,14,9,3,2,19,14,2,0,4,600,0,0,0,4,-12.92785676671933,67.85714285714286,67.85714285714286,20,22.22222222222222,0.0,0.0,33.333333333333336,0.75,3,2,7,69.75999999999999,10,6,1,4,5,9,0,12,6,6,2,0,0,2,2,2,4,18,8,3,3,20,20,2,1,3,600,0,0,0,4,12.92785676671933,52.96610169491526,50.0,24,13.711151736745887,55.55555555555556,100.0,75.0,2.0,3,2,4,69.75999999999999
S39G01N153,2021-2022,20220109,away,64,3,0,4,0,4,1,11,8,3,1,2,2,0,0,2,4,14,9,3,2,19,14,2,0,4,600,0,0,0,4,-12.92785676671933,67.85714285714286,67.85714285714286,20,22.22222222222222,0.0,0.0,33.333333333333336,0.75,3,2,7,69.75999999999999,10,6,1,4,5,9,0,12,6,6,2,0,0,2,2,2,4,18,8,3,3,20,20,2,1,3,600,0,0,0,4,12.92785676671933,52.96610169491526,50.0,24,13.711151736745887,55.55555555555556,100.0,75.0,2.0,3,2,4,69.75999999999999
S39G01N153,2021-2022,20220109,away,64,3,0,4,0,4,1,11,8,3,1,2,2,0,0,2,4,14,9,3,2,19,14,2,0,4,600,0,0,0,4,-12.92785676671933,67.85714285714286,67.85714285714286,20,22.22222222222222,0.0,0.0,33.333333333333336,0.75,3,2,7,69.75999999999999,10,6,1,4,5,9,0,12,6,6,2,0,0,2,2,2,4,18,8,3,3,20,20,2,1,3,600,0,0,0,4,12.92785676671933,52.96610169491526,50.0,24,13.711151736745887,55.55555555555556,100.0,75.0,2.0,3,2,4,69.75999999999999
S39G01N153,2021-2022,20220109,away,64,3,0,4,0,4,1,11,8,3,1,2,2,0,0,2,4,14,9,3,2,19,14,2,0,4,600,0,0,0,4,-12.92785676671933,67.85714285714286,67.85714285714286,20,22.22222222222222,0.0,0.0,33.333333333333336,0.75,3,2,7,69.75999999999999,10,6,1,4,5,9,0,12,6,6,2,0,0,2,2,2,4,18,8,3,3,20,20,2,1,3,600,0,0,0,4,12.92785676671933,52.96610169491526,50.0,24,13.711151736745887,55.55555555555556,100.0,75.0,2.0,3,2,4,69.75999999999999
S39G01N153,2021-2022,20220109,away,64,3,0,4,0,4,1,11,8,3,1,2,2,0,0,2,4,14,9,3,2,19,14,2,0,4,600,0,0,0,4,-12.92785676671933,67.85714285714286,67.85714285714286,20,22.22222222222222,0.0,0.0,33.333333333333336,0.75,3,2,7,69.75999999999999,10,6,1,4,5,9,0,12,6,6,2,0,0,2,2,2,4,18,8,3,3,20,20,2,1,3,600,0,0,0,4,12.92785676671933,52.96610169491526,50.0,24,13.711151736745887,55.55555555555556,100.0,75.0,2.0,3,2,4,69.75999999999999
S39G01N153,2021-2022,20220109,away,64,3,0,4,0,4,1,11,8,3,1,2,2,0,0,2,4,14,9,3,2,19,14,2,0,4,600,0,0,0,4,-12.92785676671933,67.85714285714286,67.85714285714286,20,22.22222222222222,0.0,0.0,33.333333333333336,0.75,3,2,7,69.75999999999999,10,6,1,4,5,9,0,12,6,6,2,0,0,2,2,2,4,18,8,3,3,20,20,2,1,3,600,0,0,0,4,12.92785676671933,52.96610169491526,50.0,24,13.711151736745887,55.55555555555556,100.0,75.0,2.0,3,2,4,69.75999999999999
S39G01N153,2021-2022,20220109,away,64,3,0,4,0,4,1,11,8,3,1,2,2,0,0,2,4,14,9,3,2,19,14,2,0,4,600,0,0,0,4,-12.92785676671933,67.85714285714286,67.85714285714286,20,22.22222222222222,0.0,0.0,33.333333333333336,0.75,3,2,7,69.75999999999999,10,6,1,4,5,9,0,12,6,6,2,0,0,2,2,2,4,18,8,3,3,20,20,2,1,3,600,0,0,0,4,12.92785676671933,52.96610169491526,50.0,24,13.711151736745887,55.55555555555556,100.0,75.0,2.0,3,2,4,69.75999999999999
S39G01N153,2021-2022,20220109,away,64,3,0,4,0,4,1,11,8,3,1,2,2,0,0,2,4,14,9,3,2,19,14,2,0,4,600,0,0,0,4,-12.92785676671933,67.85714285714286,67.85714285714286,20,22.22222222222222,0.0,0.0,33.333333333333336,0.75,3,2,7,69.75999999999999,10,6,1,4,5,9,0,12,6,6,2,0,0,2,2,2,4,18,8,3,3,20,20,2,1,3,600,0,0,0,4,12.92785676671933,52.96610169491526,50.0,24,13.711151736745887,55.55555555555556,100.0,75.0,2.0,3,2,4,69.75999999999999
S39G01N153,2021-2022,20220109,away,64,3,0,4,0,4,1,11,8,3,1,2,2,0,0,2,4,14,9,3,2,19,14,2,0,4,600,0,0,0,4,-12.92785676671933,67.85714285714286,67.85714285714286,20,22.22222222222222,0.0,0.0,33.333333333333336,0.75,3,2,7,69.75999999999999,10,6,1,4,5,9,0,12,6,6,2,0,0,2,2,2,4,18,8,3,3,20,20,2,1,3,600,0,0,0,4,12.92785676671933,52.96610169491526,50.0,24,13.711151736745887,55.55555555555556,100.0,75.0,2.0,3,2,4,69.75999999999999
S39G01N153,2021-2022,20220109,away,64,3,0,4,0,4,1,11,8,3,1,2,2,0,0,2,4,14,9,3,2,19,14,2,0,4,600,0,0,0,4,-12.92785676671933,67.85714285714286,67.85714285714286,20,22.22222222222222,0.0,0.0,33.333333333333336,0.75,3,2,7,69.75999999999999,10,6,1,4,5,9,0,12,6,6,2,0,0,2,2,2,4,18,8,3,3,20,20,2,1,3,600,0,0,0,4,12.92785676671933,52.96610169491526,50.0,24,13.711151736745887,55.55555555555556,100.0,75.0,2.0,3,2,4,69.75999999999999
S39G01N153,2021-2022,20220109,away,64,3,0,4,0,4,1,11,8,3,1,2,2,0,0,2,4,14,9,3,2,19,14,2,0,4,600,0,0,0,4,-12.92785676671933,67.85714285714286,67.85714285714286,20,22.22222222222222,0.0,0.0,33.333333333333336,0.75,3,2,7,69.75999999999999,10,6,1,4,5,9,0,12,6,6,2,0,0,2,2,2,4,18,8,3,3,20,20,2,1,3,600,0,0,0,4,12.92785676671933,52.96610169491526,50.0,24,13.711151736745887,55.55555555555556,100.0,75.0,2.0,3,2,4,69.75999999999999
S39G01N153,2021-2022,20220109,away,64,3,0,4,0,4,1,11,8,3,1,2,2,0,0,2,4,14,9,3,2,19,14,2,0,4,600,0,0,0,4,-12.92785676671933,67.85714285714286,67.85714285714286,20,22.22222222222222,0.0,0.0,33.333333333333336,0.75,3,2,7,69.75999999999999,10,6,1,4,5,9,0,12,6,6,2,0,0,2,2,2,4,18,8,3,3,20,20,2,1,3,600,0,0,0,4,12.92785676671933,52.96610169491526,50.0,24,13.711151736745887,55.55555555555556,100.0,75.0,2.0,3,2,4,69.75999999999999
S39G01N153,2021-2022,20220109,away,64,3,0,4,0,4,1,12,8,3,1,2,2,0,0,2,4,15,9,3,2,19,15,2,0,4,616,0,0,0,4,-18.483412322274887,63.333333333333336,63.333333333333336,19,21.05263157894737,0.0,0.0,33.333333333333336,0.75,3,2,7,69.89610389610388,10,6,1,4,5,9,0,12,6,6,2,0,0,2,2,2,4,18,8,3,3,20,20,2,1,3,616,0,0,0,4,18.483412322274887,52.96610169491526,50.0,24,13.711151736745887,55.55555555555556,100.0,75.0,2.0,3,2,4,69.89610389610388
S39G01N153,2021-2022,20220109,away,64,3,0,4,1,5,1,12,8,3,1,2,2,0,0,2,4,15,9,3,2,19,15,2,0,4,619,0,0,0,4,-12.92785676671933,63.333333333333336,63.333333333333336,20,21.05263157894737,20.0,0.0,33.333333333333336,0.75,3,2,7,67.61873990306945,10,6,1,4,5,9,0,12,6,6,2,0,0,2,2,2,4,18,8,3,3,20,20,2,1,3,619,0,0,0,4,12.92785676671933,52.96610169491526,50.0,24,13.711151736745887,55.55555555555556,100.0,75.0,2.0,3,2,4,67.61873990306945
S39G01N153,2021-2022,20220109,away,64,3,0,4,1,5,1,12,8,4,1,2,2,0,0,2,4,16,9,3,2,19,16,2,0,4,622,0,0,0,4,-18.483412322274887,59.375,59.375,19,20.0,20.0,0.0,33.333333333333336,0.75,3,2,7,69.22186495176848,10,6,1,4,5,9,0,12,6,6,2,0,0,2,2,2,4,18,8,3,3,20,20,2,1,3,622,0,0,0,4,18.483412322274887,52.96610169491526,50.0,24,13.711151736745887,55.55555555555556,100.0,75.0,2.0,3,2,4,69.22186495176848
S39G01N153,2021-2022,20220109,away,64,3,0,4,2,6,1,12,8,4,1,2,2,0,0,2,4,16,9,3,2,19,16,2,0,4,624,0,0,0,4,-12.92785676671933,59.375,59.375,20,20.0,33.333333333333336,0.0,33.333333333333336,0.75,3,2,7,67.07692307692307,10,6,1,4,5,9,0,12,6,6,2,0,0,2,2,2,4,18,8,3,3,20,20,2,1,3,624,0,0,0,4,12.92785676671933,52.96610169491526,50.0,24,13.711151736745887,55.55555555555556,100.0,75.0,2.0,3,2,4,67.07692307692307
S39G01N153,2021-2022,20220109,away,64,3,0,4,2,6,1,12,8,4,1,2,2,0,0,2,4,16,9,3,2,19,16,2,0,4,628,0,0,0,4,-12.92785676671933,59.375,59.375,20,20.0,33.333333333333336,0.0,33.333333333333336,0.75,3,2,7,66.64968152866241,10,6,1,4,5,9,0,12,6,6,2,0,0,2,2,2,4,18,8,3,3,20,20,2,1,3,628,0,0,0,4,12.92785676671933,52.96610169491526,50.0,24,13.711151736745887,55.55555555555556,100.0,75.0,2.0,3,2,4,66.64968152866241
S39G01N153,2021-2022,20220109,away,64,3,0,4,2,6,1,12,8,4,1,2,2,0,0,2,4,16,9,3,2,19,16,2,0,4,628,0,0,0,4,-12.92785676671933,59.375,59.375,20,20.0,33.333333333333336,0.0,33.333333333333336,0.75,3,2,7,66.64968152866241,10,6,1,4,5,9,0,12,6,6,2,0,0,2,2,2,4,18,8,3,3,20,20,2,1,3,628,0,0,0,4,12.92785676671933,52.96610169491526,50.0,24,13.711151736745887,55.55555555555556,100.0,75.0,2.0,3,2,4,66.64968152866241
S39G01N153,2021-2022,20220109,away,64,3,0,4,2,6,1,13,8,4,1,2,2,0,0,2,4,17,9,3,2,19,17,2,0,4,636,0,0,0,4,-18.483412322274887,55.88235294117647,55.88235294117647,19,19.047619047619047,33.333333333333336,0.0,33.333333333333336,0.75,3,2,7,67.69811320754717,10,6,1,4,5,9,0,12,6,6,2,0,0,2,2,2,4,18,8,3,3,20,20,2,1,3,636,0,0,0,4,18.483412322274887,52.96610169491526,50.0,24,13.711151736745887,55.55555555555556,100.0,75.0,2.0,3,2,4,67.69811320754717
S39G01N153,2021-2022,20220109,away,64,3,0,4,2,6,1,13,8,4,1,2,2,0,0,2,4,17,9,3,2,19,17,2,0,4,639,0,0,0,4,-18.483412322274887,55.88235294117647,55.88235294117647,19,19.047619047619047,28.571428571428573,0.0,33.333333333333336,0.75,3,2,7,67.38028169014083,10,6,1,5,5,10,0,12,6,6,2,0,0,2,2,2,4,18,8,3,3,20,20,2,1,3,639,0,0,0,4,18.483412322274887,52.96610169491526,50.0,25,13.711151736745887,55.55555555555556,100.0,75.0,2.0,3,2,4,67.38028169014083
S39G01N153,2021-2022,20220109,away,64,3,0,4,2,6,1,13,8,4,1,2,2,0,0,2,4,17,9,3,2,19,17,2,0,4,660,0,0,0,4,-11.856823266219251,55.88235294117647,55.88235294117647,19,19.047619047619047,28.571428571428573,0.0,33.333333333333336,0.75,3,2,7,67.05454545454545,10,6,1,5,5,10,0,13,6,6,2,0,0,2,2,2,4,19,8,3,3,20,21,2,1,3,660,0,0,0,4,11.856823266219251,50.30181086519115,47.36842105263158,24,13.111888111888112,55.55555555555556,100.0,75.0,2.0,3,2,4,67.05454545454545
S39G01N153,2021-2022,20220109,away,64,3,0,5,2,7,1,13,8,4,1,2,2,0,0,2,4,17,9,3,2,19,17,2,0,4,662,0,0,0,4,-11.856823266219251,55.88235294117647,55.88235294117647,20,19.047619047619047,28.571428571428573,0.0,33.333333333333336,0.75,3,2,7,66.85196374622356,10,6,1,5,5,10,0,13,6,6,2,0,0,2,2,2,4,19,8,3,3,20,21,2,1,3,662,0,0,0,4,11.856823266219251,50.30181086519115,47.36842105263158,24,13.111888111888112,50.0,100.0,75.0,2.0,3,2,4,66.85196374622356
S39G01N153,2021-2022,20220109,away,64,3,0,5,2,7,1,14,9,4,1,2,2,0,0,2,4,18,10,3,2,21,18,2,0,4,672,0,0,0,4,-6.856823266219251,58.333333333333336,58.333333333333336,22,18.181818181818183,28.571428571428573,0.0,30.0,0.75,5,3,7,67.64285714285714,10,6,1,5,5,10,0,13,6,6,2,0,0,2,2,2,4,19,8,3,3,20,21,2,1,3,672,0,0,0,4,6.856823266219251,50.30181086519115,47.36842105263158,24,13.111888111888112,50.0,100.0,75.0,2.0,5,3,4,67.64285714285714
S39G01N153,2021-2022,20220109,away,64,3,0,5,2,7,1,14,9,4,1,2,2,0,0,2,4,18,10,4,3,21,18,2,0,4,678,0,0,0,4,-6.856823266219251,58.333333333333336,58.333333333333336,22,18.181818181818183,28.571428571428573,0.0,30.0,0.75,5,3,7,67.04424778761062,10,6,1,5,5,10,0,13,6,6,2,0,0,2,2,2,4,19,8,3,3,20,21,2,1,3,678,0,0,0,4,6.856823266219251,50.30181086519115,47.36842105263158,24,13.111888111888112,50.0,100.0,75.0,2.0,5,3,4,67.04424778761062
S39G01N153,2021-2022,20220109,away,64,3,0,5,2,7,1,14,9,4,1,2,2,0,0,2,4,18,10,4,3,21,18,2,0,4,678,0,0,0,4,-6.856823266219251,58.333333333333336,58.333333333333336,22,18.181818181818183,28.571428571428573,0.0,30.0,0.75,5,3,7,67.04424778761062,10,6,1,5,5,10,0,13,6,6,2,0,0,2,2,2,4,19,8,3,3,20,21,2,1,3,678,0,0,0,4,6.856823266219251,50.30181086519115,47.36842105263158,24,13.111888111888112,50.0,100.0,75.0,2.0,5,3,4,67.04424778761062
S39G01N153,2021-2022,20220109,away,64,3,0,5,2,7,1,14,9,4,1,2,2,0,0,2,4,18,10,4,3,21,18,2,0,4,691,0,0,0,4,-11.525423728813564,58.333333333333336,58.333333333333336,22,18.181818181818183,28.571428571428573,0.0,30.0,0.75,2,4,7,67.51953690303907,10,6,1,5,5,10,0,14,7,6,2,0,0,2,2,2,4,20,9,3,3,22,22,2,1,3,691,0,0,0,4,11.525423728813564,52.68199233716475,50.0,26,12.56281407035176,50.0,100.0,66.66666666666667,2.0,2,4,4,67.51953690303907
S39G01N153,2021-2022,20220109,away,64,3,0,5,2,7,1,14,9,5,1,2,2,0,0,2,4,19,10,4,3,21,19,2,0,4,709,0,0,0,4,-16.525423728813564,55.26315789473684,55.26315789473684,21,17.391304347826086,28.571428571428573,0.0,30.0,0.75,2,4,7,67.49788434414668,10,6,1,5,5,10,0,14,7,6,2,0,0,2,2,2,4,20,9,3,3,22,22,2,1,3,709,0,0,0,4,16.525423728813564,52.68199233716475,50.0,26,12.56281407035176,50.0,100.0,66.66666666666667,2.0,2,4,4,67.49788434414668
S39G01N153,2021-2022,20220109,away,64,3,0,5,3,8,1,14,9,5,1,2,2,0,0,2,4,19,10,4,3,21,19,2,0,4,712,0,0,0,4,-11.525423728813564,55.26315789473684,55.26315789473684,22,17.391304347826086,37.5,0.0,30.0,0.75,2,4,7,65.52808988764043,10,6,1,5,5,10,0,14,7,6,2,0,0,2,2,2,4,20,9,3,3,22,22,2,1,3,712,0,0,0,4,11.525423728813564,52.68199233716475,50.0,26,12.56281407035176,50.0,100.0,66.66666666666667,2.0,2,4,4,65.52808988764043
S39G01N153,2021-2022,20220109,away,64,3,0,5,3,8,1,14,9,5,1,2,2,0,0,2,4,19,10,4,3,21,19,2,0,4,715,0,0,0,4,-11.525423728813564,55.26315789473684,55.26315789473684,22,17.391304347826086,37.5,0.0,30.0,0.75,2,4,7,65.25314685314684,10,6,1,5,5,10,0,14,7,6,2,0,0,2,2,2,4,20,9,4,4,22,22,2,1,3,715,0,0,0,4,11.525423728813564,52.68199233716475,50.0,26,12.56281407035176,50.0,100.0,66.66666666666667,2.0,2,4,4,65.25314685314684
S39G01N153,2021-2022,20220109,away,64,3,0,5,3,8,1,14,9,5,1,2,2,0,0,2,4,19,10,4,3,21,19,2,0,4,715,0,0,0,4,-11.525423728813564,55.26315789473684,55.26315789473684,22,17.391304347826086,37.5,0.0,30.0,0.75,2,4,7,65.25314685314684,10,6,1,5,5,10,0,14,7,6,2,0,0,2,2,2,4,20,9,4,4,22,22,2,1,3,715,0,0,0,4,11.525423728813564,52.68199233716475,50.0,26,12.56281407035176,50.0,100.0,66.66666666666667,2.0,2,4,4,65.25314685314684
S39G01N153,2021-2022,20220109,away,64,3,0,5,3,8,1,14,9,5,1,2,2,0,0,2,4,19,10,4,3,21,19,2,0,4,715,0,0,0,4,-11.525423728813564,55.26315789473684,55.26315789473684,22,17.391304347826086,37.5,0.0,30.0,0.75,2,4,7,65.25314685314684,10,6,1,5,5,10,0,14,7,6,2,0,0,2,2,2,4,20,9,4,4,22,22,2,1,3,715,0,0,0,4,11.525423728813564,52.68199233716475,50.0,26,12.56281407035176,50.0,100.0,66.66666666666667,2.0,2,4,4,65.25314685314684
S39G01N153,2021-2022,20220109,away,64,3,0,5,3,8,1,14,9,5,1,2,2,0,0,2,4,19,10,4,3,21,19,2,0,4,715,0,0,0,4,-11.525423728813564,55.26315789473684,55.26315789473684,22,17.391304347826086,37.5,0.0,30.0,0.75,2,4,7,65.25314685314684,10,6,1,5,5,10,0,14,7,6,2,0,0,2,2,2,4,20,9,4,4,22,22,2,1,3,715,0,0,0,4,11.525423728813564,52.68199233716475,50.0,26,12.56281407035176,50.0,100.0,66.66666666666667,2.0,2,4,4,65.25314685314684
S39G01N153,2021-2022,20220109,away,64,3,0,5,3,8,1,14,9,6,1,2,2,0,0,2,4,20,10,4,3,21,20,2,0,4,721,0,0,0,4,-16.525423728813564,52.5,52.5,21,16.666666666666668,37.5,0.0,30.0,0.75,2,4,7,66.37447988904299,10,6,1,5,5,10,0,14,7,6,2,0,0,2,2,2,4,20,9,4,4,22,22,2,1,3,721,0,0,0,4,16.525423728813564,52.68199233716475,50.0,26,12.56281407035176,50.0,100.0,66.66666666666667,2.0,2,4,4,66.37447988904299
S39G01N153,2021-2022,20220109,away,64,3,0,5,3,8,1,14,9,6,1,2,2,0,0,2,4,20,10,4,3,21,20,2,0,4,723,0,0,0,4,-16.525423728813564,52.5,52.5,21,16.666666666666668,33.333333333333336,0.0,30.0,0.75,2,4,7,66.1908713692946,10,6,1,6,5,11,0,14,7,6,2,0,0,2,2,2,4,20,9,4,4,22,22,2,1,3,723,0,0,0,4,16.525423728813564,52.68199233716475,50.0,27,12.56281407035176,50.0,100.0,66.66666666666667,2.0,2,4,4,66.1908713692946
S39G01N153,2021-2022,20220109,away,64,3,0,5,3,8,1,14,9,6,1,2,2,0,0,2,4,20,10,5,4,21,20,2,0,4,735,0,0,0,4,-16.525423728813564,52.5,52.5,21,16.666666666666668,33.333333333333336,0.0,30.0,0.75,2,4,7,65.11020408163265,10,6,1,6,5,11,0,14,7,6,2,0,0,2,2,2,4,20,9,4,4,22,22,2,1,3,735,0,0,0,4,16.525423728813564,52.68199233716475,50.0,27,12.56281407035176,50.0,100.0,66.66666666666667,2.0,2,4,4,65.11020408163265
S39G01N153,2021-2022,20220109,away,64,3,0,5,3,8,1,14,9,6,1,2,2,0,0,2,4,20,10,5,4,21,20,2,0,4,735,0,0,0,4,-16.525423728813564,52.5,52.5,21,16.666666666666668,33.333333333333336,0.0,30.0,0.75,2,4,7,65.11020408163265,10,6,1,6,5,11,0,14,7,6,2,0,0,2,2,2,4,20,9,4,4,22,22,2,1,3,735,0,0,0,4,16.525423728813564,52.68199233716475,50.0,27,12.56281407035176,50.0,100.0,66.66666666666667,2.0,2,4,4,65.11020408163265
S39G01N153,2021-2022,20220109,away,64,3,0,5,3,8,1,14,9,6,1,2,2,0,0,2,4,20,10,5,4,21,20,2,0,4,738,0,0,0,4,-10.66398390342053,52.5,52.5,21,16.666666666666668,33.333333333333336,0.0,30.0,0.75,2,4,7,66.47154471544715,10,6,1,6,5,11,0,14,7,7,2,0,0,2,2,2,4,21,9,4,4,22,23,2,1,3,738,0,0,0,4,10.66398390342053,50.27422303473492,47.61904761904762,26,12.057877813504824,50.0,100.0,66.66666666666667,2.0,2,4,4,66.47154471544715
S39G01N153,2021-2022,20220109,away,64,3,0,6,3,9,1,14,9,6,1,2,2,0,0,2,4,20,10,5,4,21,20,2,0,4,740,0,0,0,4,-10.66398390342053,52.5,52.5,22,16.666666666666668,33.333333333333336,0.0,30.0,0.75,2,4,7,66.2918918918919,10,6,1,6,5,11,0,14,7,7,2,0,0,2,2,2,4,21,9,4,4,22,23,2,1,3,740,0,0,0,4,10.66398390342053,50.27422303473492,47.61904761904762,26,12.057877813504824,45.45454545454545,100.0,66.66666666666667,2.0,2,4,4,66.2918918918919
S39G01N153,2021-2022,20220109,away,64,3,0,6,3,9,1,14,9,6,1,2,2,0,0,2,4,20,10,5,4,21,20,2,0,4,745,0,0,0,4,-10.66398390342053,52.5,52.5,22,16.666666666666668,33.333333333333336,0.0,30.0,0.75,2,4,7,65.8469798657718,10,6,1,6,5,11,0,14,7,7,2,0,0,2,2,2,4,21,9,5,4,22,23,2,1,3,745,0,0,0,4,10.66398390342053,50.27422303473492,47.61904761904762,26,12.057877813504824,45.45454545454545,100.0,66.66666666666667,2.0,2,4,4,65.8469798657718
S39G01N153,2021-2022,20220109,away,64,3,0,6,3,9,1,14,9,6,1,2,2,0,0,2,4,20,10,5,4,21,20,2,0,4,745,0,0,0,4,-10.66398390342053,52.5,52.5,22,16.666666666666668,33.333333333333336,0.0,30.0,0.75,2,4,7,65.8469798657718,10,6,1,6,5,11,0,14,7,7,2,0,0,2,2,2,4,21,9,5,4,22,23,2,1,3,745,0,0,0,4,10.66398390342053,50.27422303473492,47.61904761904762,26,12.057877813504824,45.45454545454545,100.0,66.66666666666667,2.0,2,4,4,65.8469798657718
S39G01N153,2021-2022,20220109,away,64,3,0,6,3,9,1,14,9,6,1,2,2,1,0,2,4,20,10,5,4,21,21,2,0,4,745,0,0,0,4,-12.716222709390678,51.36986301369863,52.5,21,16.366612111292962,33.333333333333336,0.0,30.0,0.75,2,4,7,66.55570469798657,10,6,1,6,5,11,0,14,7,7,2,0,0,2,2,2,4,21,9,5,4,22,23,2,1,3,745,0,0,0,4,12.716222709390678,50.27422303473492,47.61904761904762,26,12.057877813504824,45.45454545454545,100.0,66.66666666666667,2.0,2,4,4,66.55570469798657
S39G01N153,2021-2022,20220109,away,64,3,0,6,3,9,1,14,9,6,1,2,2,2,1,2,4,20,10,5,4,22,22,2,0,4,745,0,0,0,4,-10.115537833950683,52.68199233716475,52.5,22,16.077170418006432,33.333333333333336,50.0,30.0,0.75,1,4,7,67.26442953020134,10,6,1,6,5,11,0,14,7,7,2,0,0,2,2,2,4,21,9,5,4,22,23,2,1,3,745,0,0,0,4,10.115537833950683,50.27422303473492,47.61904761904762,26,12.057877813504824,45.45454545454545,100.0,66.66666666666667,2.0,1,4,4,67.26442953020134
S39G01N153,2021-2022,20220109,away,64,3,0,6,3,9,1,14,9,6,1,2,2,2,1,2,4,20,10,5,4,22,22,2,0,4,763,0,0,0,4,-4.815538604859654,52.68199233716475,52.5,22,16.077170418006432,33.333333333333336,50.0,30.0,0.75,1,4,7,67.25032765399737,10,6,1,6,5,11,0,14,7,7,2,0,0,2,2,2,4,21,9,5,4,22,23,2,1,4,763,0,0,0,5,4.815538604859654,50.27422303473492,47.61904761904762,25,15.45595054095827,45.45454545454545,100.0,66.66666666666667,1.5,1,4,4,67.25032765399737
S39G01N153,2021-2022,20220109,away,64,3,0,6,3,9,1,14,9,6,1,2,2,2,1,2,4,20,10,5,4,22,22,3,0,4,765,0,0,0,4,-4.815538604859654,52.68199233716475,52.5,23,16.077170418006432,33.333333333333336,50.0,30.0,0.75,1,4,7,67.07450980392156,10,6,1,6,5,11,0,14,7,7,2,0,0,2,2,2,4,21,9,5,4,22,23,2,1,4,765,0,0,0,5,4.815538604859654,50.27422303473492,47.61904761904762,25,15.45595054095827,45.45454545454545,100.0,66.66666666666667,1.5,1,4,4,67.07450980392156
S39G01N153,2021-2022,20220109,away,64,3,0,6,3,9,1,14,9,6,1,2,2,2,1,2,4,20,10,5,4,22,22,3,0,4,765,0,0,0,4,-4.815538604859654,52.68199233716475,52.5,23,16.077170418006432,33.333333333333336,50.0,30.0,0.75,1,4,7,67.07450980392156,10,6,1,6,5,11,0,14,7,7,2,0,0,2,2,2,4,21,9,6,4,22,23,2,1,4,765,0,0,0,5,4.815538604859654,50.27422303473492,47.61904761904762,25,15.45595054095827,45.45454545454545,100.0,66.66666666666667,1.5,1,4,4,67.07450980392156
S39G01N153,2021-2022,20220109,away,64,3,0,6,3,9,1,14,9,6,1,2,2,2,1,2,4,20,10,5,4,22,22,3,0,4,765,0,0,0,4,-4.815538604859654,52.68199233716475,52.5,23,16.077170418006432,33.333333333333336,50.0,30.0,0.75,1,4,7,67.07450980392156,10,6,1,6,5,11,0,14,7,7,2,0,0,2,2,2,4,21,9,6,4,22,23,2,1,4,765,0,0,0,5,4.815538604859654,50.27422303473492,47.61904761904762,25,15.45595054095827,45.45454545454545,100.0,66.66666666666667,1.5,1,4,4,67.07450980392156
S39G01N153,2021-2022,20220109,away,64,3,0,6,3,9,1,14,9,6,1,2,2,2,1,2,4,20,10,5,4,22,22,3,0,4,765,0,0,0,4,-4.815538604859654,52.68199233716475,52.5,23,16.077170418006432,33.333333333333336,50.0,30.0,0.75,1,4,7,67.07450980392156,10,6,1,6,5,11,0,14,7,7,2,0,0,2,2,2,4,21,9,6,4,22,23,2,1,4,765,0,0,0,5,4.815538604859654,50.27422303473492,47.61904761904762,25,15.45595054095827,45.45454545454545,100.0,66.66666666666667,1.5,1,4,4,67.07450980392156
S39G01N153,2021-2022,20220109,away,64,3,0,6,3,9,1,14,9,6,1,2,2,2,1,2,4,20,10,5,4,22,22,3,0,4,765,0,0,0,4,-4.815538604859654,52.68199233716475,52.5,23,16.077170418006432,33.333333333333336,50.0,30.0,0.75,1,4,7,67.07450980392156,10,6,1,6,5,11,0,14,7,7,2,0,0,2,2,2,4,21,9,6,4,22,23,2,1,4,765,0,0,0,5,4.815538604859654,50.27422303473492,47.61904761904762,25,15.45595054095827,45.45454545454545,100.0,66.66666666666667,1.5,1,4,4,67.07450980392156
S39G01N153,2021-2022,20220109,away,64,3,0,6,3,9,1,14,9,6,1,2,2,3,2,2,4,20,10,5,4,23,23,3,0,4,765,0,0,0,4,-2.317389692250643,53.93996247654784,52.5,24,15.797788309636651,33.333333333333336,66.66666666666667,30.0,0.75,2,5,7,67.76470588235294,10,6,1,6,5,11,0,14,7,7,2,0,0,2,2,2,4,21,9,6,4,22,23,2,1,4,765,0,0,0,5,2.317389692250643,50.27422303473492,47.61904761904762,25,15.45595054095827,45.45454545454545,100.0,66.66666666666667,1.5,2,5,4,67.76470588235294
S39G01N153,2021-2022,20220109,away,64,3,0,6,3,9,1,14,9,6,1,2,2,4,3,2,4,20,10,5,4,24,24,3,0,4,765,0,0,0,4,0.08416998296398503,55.147058823529406,52.5,25,15.527950310559005,33.333333333333336,75.0,30.0,0.75,3,5,7,68.45490196078431,10,6,1,6,5,11,0,14,7,7,2,0,0,2,2,2,4,21,9,6,4,22,23,2,1,4,765,0,0,0,5,-0.08416998296398503,50.27422303473492,47.61904761904762,25,15.45595054095827,45.45454545454545,100.0,66.66666666666667,1.5,3,5,4,68.45490196078431
S39G01N153,2021-2022,20220109,away,64,3,0,6,3,9,1,14,9,6,1,2,2,4,3,2,4,20,10,5,4,24,24,3,0,4,785,0,0,0,4,4.899708587823639,55.147058823529406,52.5,25,15.527950310559005,33.333333333333336,75.0,30.0,0.75,3,5,7,68.23949044585987,10,6,1,6,5,11,0,15,7,7,2,0,0,2,2,2,4,22,9,6,4,22,24,2,1,4,785,0,0,0,5,-4.899708587823639,48.07692307692308,45.45454545454545,24,14.880952380952381,45.45454545454545,100.0,66.66666666666667,1.5,3,5,4,68.23949044585987
S39G01N153,2021-2022,20220109,away,64,3,0,6,3,9,1,14,9,6,1,2,2,4,3,2,4,20,10,5,4,24,24,3,0,4,786,0,0,0,4,0.08416998296398503,55.147058823529406,52.5,25,15.527950310559005,33.333333333333336,75.0,30.0,0.75,3,5,7,66.62595419847328,10,6,1,6,6,12,0,15,7,7,2,0,0,2,2,2,4,22,9,6,4,22,24,2,1,4,786,0,0,0,5,-0.08416998296398503,48.07692307692308,45.45454545454545,25,14.880952380952381,50.0,100.0,66.66666666666667,1.5,3,5,4,66.62595419847328
S39G01N153,2021-2022,20220109,away,64,3,0,6,3,9,1,14,9,6,1,2,2,4,3,2,4,20,10,5,4,24,24,3,0,4,788,0,0,0,4,-4.241059236673607,55.147058823529406,52.5,25,15.527950310559005,33.333333333333336,75.0,30.0,0.75,2,5,7,67.97969543147208,10,6,1,6,6,12,0,16,8,7,2,0,0,2,2,2,4,23,10,6,4,24,25,2,1,4,788,0,0,0,5,4.241059236673607,50.25125628140704,47.82608695652174,27,14.347202295552368,50.0,100.0,60.0,1.5,2,5,4,67.97969543147208
S39G01N153,2021-2022,20220109,away,64,3,0,6,3,9,1,14,9,6,1,2,2,4,3,2,4,20,10,5,4,24,24,3,0,5,804,0,0,0,5,-8.679112883866082,55.147058823529406,52.5,24,18.684603886397607,33.333333333333336,75.0,30.0,0.6,2,5,7,68.11940298507463,10,6,1,6,6,12,0,16,8,7,2,0,0,2,2,2,4,23,10,6,4,24,25,2,1,4,804,0,0,0,5,8.679112883866082,50.25125628140704,47.82608695652174,27,14.347202295552368,50.0,100.0,60.0,1.5,2,5,4,68.11940298507463
S39G01N153,2021-2022,20220109,away,64,3,0,6,3,9,1,14,9,6,1,2,2,4,3,2,4,20,10,5,4,24,24,3,0,5,806,0,0,0,5,-8.679112883866082,55.147058823529406,52.5,24,18.684603886397607,33.333333333333336,75.0,30.0,0.6,2,5,7,67.95037220843673,10,6,1,6,6,12,0,16,8,7,2,0,0,2,2,2,4,23,10,6,4,24,25,3,1,4,806,0,0,0,5,8.679112883866082,50.25125628140704,47.82608695652174,28,14.347202295552368,50.0,100.0,60.0,1.5,2,5,4,67.95037220843673
S39G01N153,2021-2022,20220109,away,64,3,0,6,3,9,1,14,9,6,1,2,2,4,3,2,4,20,10,5,4,24,24,3,0,5,810,0,0,0,5,-12.62626262626263,55.147058823529406,52.5,24,18.684603886397607,33.333333333333336,75.0,30.0,0.6,4,6,7,69.09629629629629,10,6,1,6,6,12,0,17,9,7,2,0,0,2,2,2,4,24,11,6,4,26,26,3,1,4,810,0,0,0,5,12.62626262626263,52.250803858520904,50.0,30,13.850415512465375,50.0,100.0,54.54545454545455,1.5,4,6,4,69.09629629629629
S39G01N153,2021-2022,20220109,away,64,3,0,6,3,9,1,14,9,6,1,2,2,4,3,2,4,20,10,5,4,24,24,3,0,5,810,0,0,0,5,-12.62626262626263,55.147058823529406,52.5,24,18.684603886397607,33.333333333333336,75.0,30.0,0.6,4,6,7,69.09629629629629,10,7,1,6,6,12,0,17,9,7,2,0,0,2,2,2,4,24,11,6,4,26,26,3,1,4,810,0,0,0,5,12.62626262626263,52.250803858520904,50.0,31,13.850415512465375,50.0,100.0,63.63636363636363,1.75,4,6,4,69.09629629629629
S39G01N153,2021-2022,20220109,away,64,3,0,6,3,9,1,14,9,6,1,2,2,4,3,2,4,20,10,5,4,24,24,3,0,5,810,0,0,0,5,-12.62626262626263,55.147058823529406,52.5,24,18.684603886397607,33.333333333333336,75.0,30.0,0.6,4,6,7,69.09629629629629,10,7,1,6,6,12,0,17,9,7,2,0,0,2,2,3,6,24,11,6,4,26,26,3,1,4,810,0,0,0,5,12.62626262626263,52.250803858520904,50.0,31,13.850415512465375,50.0,100.0,63.63636363636363,1.75,4,6,4,69.09629629629629
S39G01N153,2021-2022,20220109,away,64,3,0,6,3,9,1,14,9,6,1,2,2,4,3,2,4,20,10,5,4,24,24,3,0,5,810,0,0,0,5,-12.62626262626263,55.147058823529406,52.5,24,18.684603886397607,33.333333333333336,75.0,30.0,0.6,4,6,7,69.09629629629629,10,7,1,6,6,12,0,17,9,7,2,0,0,2,2,3,6,24,11,6,4,26,26,3,1,4,810,0,0,0,5,12.62626262626263,52.250803858520904,50.0,31,13.850415512465375,50.0,100.0,63.63636363636363,1.75,4,6,4,69.09629629629629
S39G01N153,2021-2022,20220109,away,64,3,0,6,3,9,1,14,9,6,1,2,2,4,3,2,4,20,10,5,4,24,24,3,0,5,810,0,0,0,5,-12.62626262626263,55.147058823529406,52.5,24,18.684603886397607,33.333333333333336,75.0,30.0,0.6,4,6,7,69.09629629629629,10,7,1,6,6,12,0,17,9,7,2,0,0,2,2,3,6,24,11,6,4,26,26,3,1,4,810,0,0,0,5,12.62626262626263,52.250803858520904,50.0,31,13.850415512465375,50.0,100.0,63.63636363636363,1.75,4,6,4,69.09629629629629
S39G01N153,2021-2022,20220109,away,64,3,0,6,3,9,1,14,9,6,1,2,2,4,3,2,4,20,10,5,4,24,24,3,0,5,810,0,0,0,5,-12.62626262626263,55.147058823529406,52.5,24,18.684603886397607,33.333333333333336,75.0,30.0,0.6,4,6,7,69.09629629629629,10,7,1,6,6,12,0,17,9,7,2,0,0,2,2,3,6,24,11,6,4,26,26,3,1,4,810,0,0,0,5,12.62626262626263,52.250803858520904,50.0,31,13.850415512465375,50.0,100.0,63.63636363636363,1.75,4,6,4,69.09629629629629
S39G01N153,2021-2022,20220109,away,64,3,0,6,3,9,1,14,9,6,1,2,2,4,3,2,4,20,10,5,4,24,24,3,0,5,814,0,0,0,5,-12.62626262626263,55.147058823529406,52.5,24,18.684603886397607,33.333333333333336,75.0,30.0,0.6,4,6,7,68.75675675675676,10,7,1,6,6,12,0,17,9,7,2,0,0,2,2,3,6,24,11,7,5,26,26,3,1,4,814,0,0,0,5,12.62626262626263,52.250803858520904,50.0,31,13.850415512465375,50.0,100.0,63.63636363636363,1.75,4,6,4,68.75675675675676
S39G01N153,2021-2022,20220109,away,64,3,0,6,3,9,1,14,9,6,1,2,2,4,3,2,4,20,10,5,4,24,24,3,0,5,814,0,0,0,5,-12.62626262626263,55.147058823529406,52.5,24,18.684603886397607,33.333333333333336,75.0,30.0,0.6,4,6,7,68.75675675675676,10,7,1,6,6,12,0,17,9,7,2,0,0,2,2,3,6,24,11,7,5,26,26,3,1,4,814,0,0,0,5,12.62626262626263,52.250803858520904,50.0,31,13.850415512465375,50.0,100.0,63.63636363636363,1.75,4,6,4,68.75675675675676
S39G01N153,2021-2022,20220109,away,64,3,0,6,3,9,1,14,9,7,1,2,2,4,3,2,4,21,10,5,4,24,25,3,0,5,827,0,0,0,5,-16.705830518431497,52.72407732864674,50.0,23,18.011527377521613,33.333333333333336,75.0,30.0,0.6,4,6,7,69.12696493349456,10,7,1,6,6,12,0,17,9,7,2,0,0,2,2,3,6,24,11,7,5,26,26,3,1,4,827,0,0,0,5,16.705830518431497,52.250803858520904,50.0,31,13.850415512465375,50.0,100.0,63.63636363636363,1.75,4,6,4,69.12696493349456
S39G01N153,2021-2022,20220109,away,64,3,0,6,3,9,1,14,9,7,1,2,2,4,3,2,4,21,10,5,4,24,25,3,0,5,828,0,0,0,5,-16.705830518431497,52.72407732864674,50.0,23,18.011527377521613,30.0,75.0,30.0,0.6,4,6,7,69.04347826086956,10,7,1,7,6,13,0,17,9,7,2,0,0,2,2,3,6,24,11,7,5,26,26,3,1,4,828,0,0,0,5,16.705830518431497,52.250803858520904,50.0,32,13.850415512465375,50.0,100.0,63.63636363636363,1.75,4,6,4,69.04347826086956
S39G01N153,2021-2022,20220109,away,64,3,0,6,3,9,1,14,9,7,1,2,2,4,3,2,4,21,10,5,4,24,25,3,0,5,836,0,0,0,5,-11.947188825116442,52.72407732864674,50.0,23,18.011527377521613,30.0,75.0,30.0,0.6,4,6,7,69.81818181818181,10,7,1,7,6,13,0,17,9,7,2,0,0,2,2,3,6,24,11,7,5,26,26,3,1,5,836,0,0,0,6,11.947188825116442,52.250803858520904,50.0,31,16.73360107095047,50.0,100.0,63.63636363636363,1.4,4,6,4,69.81818181818181
S39G01N153,2021-2022,20220109,away,64,3,0,6,3,9,1,14,9,7,1,2,2,4,3,2,4,21,10,5,4,24,25,4,0,5,837,0,0,0,5,-11.947188825116442,52.72407732864674,50.0,24,18.011527377521613,30.0,75.0,30.0,0.6,4,6,7,69.73476702508961,10,7,1,7,6,13,0,17,9,7,2,0,0,2,2,3,6,24,11,7,5,26,26,3,1,5,837,0,0,0,6,11.947188825116442,52.250803858520904,50.0,31,16.73360107095047,50.0,100.0,63.63636363636363,1.4,4,6,4,69.73476702508961
S39G01N153,2021-2022,20220109,away,64,3,0,6,3,9,1,14,9,7,1,2,2,4,3,2,4,21,10,5,4,24,25,4,0,5,838,0,0,0,5,-11.947188825116442,52.72407732864674,50.0,24,18.011527377521613,30.0,75.0,30.0,0.6,4,6,7,69.65155131264916,10,7,1,7,6,13,0,17,9,7,2,0,0,2,2,3,6,24,11,8,5,26,26,3,1,5,838,0,0,0,6,11.947188825116442,52.250803858520904,50.0,31,16.73360107095047,50.0,100.0,63.63636363636363,1.4,4,6,4,69.65155131264916
S39G01N153,2021-2022,20220109,away,64,3,0,6,3,9,1,14,9,7,1,2,2,4,3,2,4,21,10,5,4,24,25,4,0,5,838,0,0,0,5,-11.947188825116442,52.72407732864674,50.0,24,18.011527377521613,30.0,75.0,30.0,0.6,4,6,7,69.65155131264916,10,7,1,7,6,13,0,17,9,7,2,0,0,2,2,3,6,24,11,8,5,26,26,3,1,5,838,0,0,0,6,11.947188825116442,52.250803858520904,50.0,31,16.73360107095047,50.0,100.0,63.63636363636363,1.4,4,6,4,69.65155131264916
S39G01N153,2021-2022,20220109,away,64,3,0,6,3,9,1,14,9,7,1,2,2,4,3,2,4,21,10,5,4,24,25,4,0,5,838,0,0,0,5,-11.947188825116442,52.72407732864674,50.0,24,18.011527377521613,30.0,75.0,30.0,0.6,4,6,7,69.65155131264916,10,7,1,7,6,13,0,17,9,7,2,0,0,2,2,3,6,24,11,8,5,26,26,3,1,5,838,0,0,0,6,11.947188825116442,52.250803858520904,50.0,31,16.73360107095047,50.0,100.0,63.63636363636363,1.4,4,6,4,69.65155131264916
S39G01N153,2021-2022,20220109,away,64,3,0,6,3,9,1,14,9,7,1,2,2,4,3,2,4,21,10,5,4,24,25,4,0,5,838,0,0,0,5,-11.947188825116442,52.72407732864674,50.0,24,18.011527377521613,30.0,75.0,30.0,0.6,4,6,7,69.65155131264916,10,7,1,7,6,13,0,17,9,7,2,0,0,2,2,3,6,24,11,8,5,26,26,3,1,5,838,0,0,0,6,11.947188825116442,52.250803858520904,50.0,31,16.73360107095047,50.0,100.0,63.63636363636363,1.4,4,6,4,69.65155131264916
S39G01N153,2021-2022,20220109,away,64,3,0,6,3,9,1,14,9,7,1,2,2,4,3,2,4,21,10,5,4,24,25,4,0,5,838,0,0,0,5,-11.947188825116442,52.72407732864674,50.0,24,18.011527377521613,30.0,75.0,30.0,0.6,4,6,7,69.65155131264916,10,7,1,7,6,13,0,17,9,7,2,0,0,2,2,3,6,24,11,8,5,26,26,3,1,5,838,0,0,0,6,11.947188825116442,52.250803858520904,50.0,31,16.73360107095047,50.0,100.0,63.63636363636363,1.4,4,6,4,69.65155131264916
S39G01N153,2021-2022,20220109,away,64,3,0,6,3,9,1,14,9,7,1,2,2,4,3,2,4,21,10,5,4,24,25,4,0,5,838,0,0,0,5,-11.947188825116442,52.72407732864674,50.0,24,18.011527377521613,30.0,75.0,30.0,0.6,4,6,7,69.65155131264916,10,7,1,7,6,13,0,17,9,7,2,0,0,2,2,3,6,24,11,8,5,26,26,3,1,5,838,0,0,0,6,11.947188825116442,52.250803858520904,50.0,31,16.73360107095047,50.0,100.0,63.63636363636363,1.4,4,6,4,69.65155131264916
S39G01N153,2021-2022,20220109,away,64,3,0,6,3,9,1,14,9,7,1,2,2,5,4,2,4,21,10,5,4,25,26,4,0,5,838,0,0,0,5,-9.671372736699382,53.87931034482759,50.0,25,17.73049645390071,30.0,80.0,30.0,0.6,1,6,7,70.28162291169451,10,7,1,7,6,13,0,17,9,7,2,0,0,2,2,3,6,24,11,8,5,26,26,3,1,5,838,0,0,0,6,9.671372736699382,52.250803858520904,50.0,31,16.73360107095047,50.0,100.0,63.63636363636363,1.4,1,6,4,70.28162291169451
S39G01N153,2021-2022,20220109,away,64,3,0,6,3,9,1,14,9,7,1,2,2,6,5,2,4,21,10,5,4,26,27,4,0,5,838,0,0,0,5,-7.473665780802094,54.991539763113366,50.0,26,17.45810055865922,30.0,83.33333333333333,30.0,0.6,2,6,7,70.91169451073985,10,7,1,7,6,13,0,17,9,7,2,0,0,2,2,3,6,24,11,8,5,26,26,3,1,5,838,0,0,0,6,7.473665780802094,52.250803858520904,50.0,31,16.73360107095047,50.0,100.0,63.63636363636363,1.4,2,6,4,70.91169451073985
S39G01N153,2021-2022,20220109,away,64,3,0,6,3,9,1,14,9,7,1,2,2,6,5,2,4,21,10,5,4,26,27,4,0,5,853,0,0,0,5,-3.0975515547953165,54.991539763113366,50.0,26,17.45810055865922,30.0,83.33333333333333,30.0,0.6,2,6,7,71.07151230949589,10,7,1,7,6,13,0,17,9,8,2,0,0,2,2,3,6,25,11,8,5,26,27,3,1,5,853,0,0,0,6,3.0975515547953165,50.23183925811438,48.0,30,16.191709844559586,50.0,100.0,63.63636363636363,1.4,2,6,4,71.07151230949589
S39G01N153,2021-2022,20220109,away,64,3,0,7,3,10,1,14,9,7,1,2,2,6,5,2,4,21,10,5,4,26,27,4,0,5,854,0,0,0,5,-3.0975515547953165,54.991539763113366,50.0,27,17.45810055865922,30.0,83.33333333333333,30.0,0.6,2,6,7,70.98829039812645,10,7,1,7,6,13,0,17,9,8,2,0,0,2,2,3,6,25,11,8,5,26,27,3,1,5,854,0,0,0,6,3.0975515547953165,50.23183925811438,48.0,30,16.191709844559586,46.15384615384615,100.0,63.63636363636363,1.4,2,6,4,70.98829039812645
S39G01N153,2021-2022,20220109,away,64,3,0,7,3,10,1,14,9,8,2,2,2,6,5,2,4,22,11,5,4,29,28,4,0,5,868,0,0,0,5,4.357251141817045,58.8474025974026,54.54545454545455,30,16.869095816464238,30.0,83.33333333333333,27.272727272727273,0.6,5,7,7,71.2258064516129,10,7,1,7,6,13,0,17,9,8,2,0,0,2,2,3,6,25,11,8,5,26,27,3,1,5,868,0,0,0,6,-4.357251141817045,50.23183925811438,48.0,30,16.191709844559586,46.15384615384615,100.0,63.63636363636363,1.4,5,7,4,71.2258064516129
S39G01N153,2021-2022,20220109,away,64,4,0,7,3,10,1,14,9,8,2,2,2,6,5,2,4,22,11,5,4,29,28,4,0,5,868,0,0,0,5,4.357251141817045,58.8474025974026,54.54545454545455,31,16.869095816464238,30.0,83.33333333333333,36.36363636363637,0.8,5,7,7,71.2258064516129,10,7,1,7,6,13,0,17,9,8,2,0,0,2,2,3,6,25,11,8,5,26,27,3,1,5,868,0,0,0,6,-4.357251141817045,50.23183925811438,48.0,30,16.191709844559586,46.15384615384615,100.0,63.63636363636363,1.4,5,7,4,71.2258064516129
S39G01N153,2021-2022,20220109,away,64,4,0,7,3,10,1,14,9,8,2,2,2,6,5,2,4,22,11,6,5,29,28,4,0,5,886,0,0,0,5,4.357251141817045,58.8474025974026,54.54545454545455,31,16.869095816464238,30.0,83.33333333333333,36.36363636363637,0.8,5,7,7,69.77878103837472,10,7,1,7,6,13,0,17,9,8,2,0,0,2,2,3,6,25,11,8,5,26,27,3,1,5,886,0,0,0,6,-4.357251141817045,50.23183925811438,48.0,30,16.191709844559586,46.15384615384615,100.0,63.63636363636363,1.4,5,7,4,69.77878103837472
S39G01N153,2021-2022,20220109,away,64,4,0,7,3,10,1,14,9,8,2,2,2,6,5,2,4,22,11,6,5,29,28,4,0,5,886,0,0,0,5,4.357251141817045,58.8474025974026,54.54545454545455,31,16.869095816464238,30.0,83.33333333333333,36.36363636363637,0.8,5,7,7,69.77878103837472,10,7,1,7,6,13,0,17,9,8,2,0,0,2,2,3,6,25,11,8,5,26,27,3,1,5,886,0,0,0,6,-4.357251141817045,50.23183925811438,48.0,30,16.191709844559586,46.15384615384615,100.0,63.63636363636363,1.4,5,7,4,69.77878103837472
S39G01N153,2021-2022,20220109,away,64,4,0,7,3,10,1,14,9,8,2,2,2,6,5,2,4,22,11,6,5,29,28,4,0,5,889,0,0,0,5,8.395180342630098,58.8474025974026,54.54545454545455,31,16.869095816464238,30.0,83.33333333333333,36.36363636363637,0.8,5,7,7,70.89313835770528,10,7,1,7,6,13,0,17,9,8,2,0,0,2,2,3,6,25,11,8,5,26,27,3,1,6,889,0,0,0,7,-8.395180342630098,50.23183925811438,48.0,29,18.820577164366373,46.15384615384615,100.0,63.63636363636363,1.1666666666666667,5,7,4,70.89313835770528
S39G01N153,2021-2022,20220109,away,64,4,0,7,3,10,1,14,9,8,2,2,2,6,5,2,4,22,11,6,5,29,28,5,0,5,890,0,0,0,5,8.395180342630098,58.8474025974026,54.54545454545455,32,16.869095816464238,30.0,83.33333333333333,36.36363636363637,0.8,5,7,7,70.81348314606741,10,7,1,7,6,13,0,17,9,8,2,0,0,2,2,3,6,25,11,8,5,26,27,3,1,6,890,0,0,0,7,-8.395180342630098,50.23183925811438,48.0,29,18.820577164366373,46.15384615384615,100.0,63.63636363636363,1.1666666666666667,5,7,4,70.81348314606741
S39G01N153,2021-2022,20220109,away,64,4,0,7,3,10,1,14,9,9,2,2,2,6,5,2,4,23,11,6,5,29,29,5,0,5,911,0,0,0,5,4.456726693612055,56.552262090483616,52.17391304347826,31,16.318537859007833,30.0,83.33333333333333,36.36363636363637,0.8,5,7,7,70.49835345773874,10,7,1,7,6,13,0,17,9,8,2,0,0,2,2,3,6,25,11,8,5,26,27,3,1,6,911,0,0,0,7,-4.456726693612055,50.23183925811438,48.0,29,18.820577164366373,46.15384615384615,100.0,63.63636363636363,1.1666666666666667,5,7,4,70.49835345773874
S39G01N153,2021-2022,20220109,away,64,4,0,7,3,10,1,14,9,9,2,2,2,6,5,2,4,23,11,6,5,29,29,5,0,5,912,0,0,0,5,4.456726693612055,56.552262090483616,52.17391304347826,31,16.318537859007833,27.272727272727273,83.33333333333333,36.36363636363637,0.8,5,7,7,70.42105263157895,10,7,1,8,6,14,0,17,9,8,2,0,0,2,2,3,6,25,11,8,5,26,27,3,1,6,912,0,0,0,7,-4.456726693612055,50.23183925811438,48.0,30,18.820577164366373,46.15384615384615,100.0,63.63636363636363,1.1666666666666667,5,7,4,70.42105263157895
S39G01N153,2021-2022,20220109,away,64,4,0,7,3,10,1,14,9,9,2,2,2,6,5,2,4,23,11,7,5,29,29,5,0,5,925,0,0,0,5,4.456726693612055,56.552262090483616,52.17391304347826,31,16.318537859007833,27.272727272727273,83.33333333333333,36.36363636363637,0.8,5,7,7,69.43135135135135,10,7,1,8,6,14,0,17,9,8,2,0,0,2,2,3,6,25,11,8,5,26,27,3,1,6,925,0,0,0,7,-4.456726693612055,50.23183925811438,48.0,30,18.820577164366373,46.15384615384615,100.0,63.63636363636363,1.1666666666666667,5,7,4,69.43135135135135
S39G01N153,2021-2022,20220109,away,64,4,0,7,3,10,1,14,9,9,2,2,2,6,5,2,4,23,11,7,5,29,29,5,0,5,925,0,0,0,5,4.456726693612055,56.552262090483616,52.17391304347826,31,16.318537859007833,27.272727272727273,83.33333333333333,36.36363636363637,0.8,5,7,7,69.43135135135135,10,7,1,8,6,14,0,17,9,8,2,0,0,2,2,3,6,25,11,8,5,26,27,3,1,6,925,0,0,0,7,-4.456726693612055,50.23183925811438,48.0,30,18.820577164366373,46.15384615384615,100.0,63.63636363636363,1.1666666666666667,5,7,4,69.43135135135135
S39G01N153,2021-2022,20220109,away,64,4,0,7,3,10,1,14,9,9,2,2,2,6,5,2,4,23,11,7,5,29,29,5,0,5,925,0,0,0,5,4.456726693612055,56.552262090483616,52.17391304347826,31,16.318537859007833,27.272727272727273,83.33333333333333,36.36363636363637,0.8,5,7,7,69.43135135135135,10,7,1,8,6,14,0,17,9,8,2,0,0,2,2,3,6,25,11,8,5,26,27,3,1,6,925,0,0,0,7,-4.456726693612055,50.23183925811438,48.0,30,18.820577164366373,46.15384615384615,100.0,63.63636363636363,1.1666666666666667,5,7,4,69.43135135135135
S39G01N153,2021-2022,20220109,away,64,4,0,7,3,10,1,14,9,9,2,2,2,6,5,2,4,23,11,7,5,29,29,5,0,5,925,0,0,0,5,4.456726693612055,56.552262090483616,52.17391304347826,31,16.318537859007833,27.272727272727273,83.33333333333333,36.36363636363637,0.8,5,7,7,69.43135135135135,10,7,1,8,6,14,0,17,9,8,2,0,0,2,2,3,6,25,11,8,5,26,27,3,1,6,925,0,0,0,7,-4.456726693612055,50.23183925811438,48.0,30,18.820577164366373,46.15384615384615,100.0,63.63636363636363,1.1666666666666667,5,7,4,69.43135135135135
S39G01N153,2021-2022,20220109,away,64,4,0,7,3,10,1,14,9,9,2,2,2,6,5,2,4,23,11,7,5,29,29,5,0,5,925,0,0,0,5,2.336818583700989,56.552262090483616,52.17391304347826,31,16.318537859007833,27.272727272727273,83.33333333333333,36.36363636363637,0.8,1,7,7,70.00216216216216,10,7,1,8,6,14,0,17,9,8,2,0,0,3,3,3,6,25,11,8,5,27,28,3,1,6,925,0,0,0,7,-2.336818583700989,51.29179331306991,48.0,31,18.564356435643564,46.15384615384615,100.0,63.63636363636363,1.1666666666666667,1,7,4,70.00216216216216
S39G01N153,2021-2022,20220109,away,64,4,0,7,3,10,1,14,9,9,2,2,2,6,5,2,4,23,11,7,5,29,29,5,0,5,925,0,0,0,5,0.2866234460142181,56.552262090483616,52.17391304347826,31,16.318537859007833,27.272727272727273,83.33333333333333,36.36363636363637,0.8,2,7,7,70.57297297297299,10,7,1,8,6,14,0,17,9,8,2,0,0,4,4,3,6,25,11,8,5,28,29,3,1,6,925,0,0,0,7,-0.2866234460142181,52.3168908819133,48.0,32,18.315018315018314,46.15384615384615,100.0,63.63636363636363,1.1666666666666667,2,7,4,70.57297297297299
S39G01N153,2021-2022,20220109,away,64,4,0,7,3,10,1,15,10,9,2,2,2,6,5,2,4,24,12,7,5,31,30,5,0,5,953,0,0,0,5,3.6064416998605537,58.18318318318318,54.166666666666664,33,15.802781289506953,27.272727272727273,83.33333333333333,33.333333333333336,0.8,2,7,7,69.75865687303254,10,7,1,8,6,14,0,17,9,8,2,0,0,4,4,3,6,25,11,8,5,28,29,3,1,6,953,0,0,0,7,-3.6064416998605537,52.3168908819133,48.0,32,18.315018315018314,46.15384615384615,100.0,63.63636363636363,1.1666666666666667,2,7,4,69.75865687303254
S39G01N153,2021-2022,20220109,away,64,5,0,7,3,10,1,15,10,9,2,2,2,6,5,2,4,24,12,7,5,31,30,5,0,5,953,0,0,0,5,3.6064416998605537,58.18318318318318,54.166666666666664,34,15.802781289506953,27.272727272727273,83.33333333333333,41.666666666666664,1.0,2,7,7,69.75865687303254,10,7,1,8,6,14,0,17,9,8,2,0,0,4,4,3,6,25,11,8,5,28,29,3,1,6,953,0,0,0,7,-3.6064416998605537,52.3168908819133,48.0,32,18.315018315018314,46.15384615384615,100.0,63.63636363636363,1.1666666666666667,2,7,4,69.75865687303254
S39G01N153,2021-2022,20220109,away,64,5,0,7,3,10,1,15,10,9,2,2,2,6,5,2,4,24,12,8,5,31,30,5,0,5,959,0,0,0,5,3.6064416998605537,58.18318318318318,54.166666666666664,34,15.802781289506953,27.272727272727273,83.33333333333333,41.666666666666664,1.0,2,7,7,69.32221063607926,10,7,1,8,6,14,0,17,9,8,2,0,0,4,4,3,6,25,11,8,5,28,29,3,1,6,959,0,0,0,7,-3.6064416998605537,52.3168908819133,48.0,32,18.315018315018314,46.15384615384615,100.0,63.63636363636363,1.1666666666666667,2,7,4,69.32221063607926
S39G01N153,2021-2022,20220109,away,64,5,0,7,3,10,1,15,10,9,2,2,2,6,5,2,4,24,12,8,5,31,30,5,0,5,959,0,0,0,5,3.6064416998605537,58.18318318318318,54.166666666666664,34,15.802781289506953,27.272727272727273,83.33333333333333,41.666666666666664,1.0,2,7,7,69.32221063607926,10,7,1,8,6,14,0,17,9,8,2,0,0,4,4,3,6,25,11,8,5,28,29,3,1,6,959,0,0,0,7,-3.6064416998605537,52.3168908819133,48.0,32,18.315018315018314,46.15384615384615,100.0,63.63636363636363,1.1666666666666667,2,7,4,69.32221063607926
S39G01N153,2021-2022,20220109,away,64,5,0,7,3,10,1,15,10,9,2,2,2,6,5,2,4,24,12,8,5,31,30,5,0,5,959,0,0,0,5,3.6064416998605537,58.18318318318318,54.166666666666664,34,15.802781289506953,27.272727272727273,83.33333333333333,41.666666666666664,1.0,2,7,7,69.32221063607926,10,7,1,8,6,14,0,17,9,8,2,0,0,4,4,3,6,25,11,8,5,28,29,3,1,6,959,0,0,0,7,-3.6064416998605537,52.3168908819133,48.0,32,18.315018315018314,46.15384615384615,100.0,63.63636363636363,1.1666666666666667,2,7,4,69.32221063607926
S39G01N153,2021-2022,20220109,away,64,5,0,7,3,10,1,15,10,9,2,2,2,6,5,2,4,24,12,8,5,31,30,5,0,5,959,0,0,0,5,3.6064416998605537,58.18318318318318,54.166666666666664,34,15.802781289506953,27.272727272727273,83.33333333333333,41.666666666666664,1.0,2,7,7,69.32221063607926,10,7,1,8,6,14,0,17,9,8,2,0,0,4,4,3,6,25,11,8,5,28,29,3,1,6,959,0,0,0,7,-3.6064416998605537,52.3168908819133,48.0,32,18.315018315018314,46.15384615384615,100.0,63.63636363636363,1.1666666666666667,2,7,4,69.32221063607926
S39G01N153,2021-2022,20220109,away,64,5,0,7,3,10,1,15,10,9,2,2,2,6,5,2,4,24,12,8,5,31,30,5,0,5,959,0,0,0,5,1.6225764048636222,58.18318318318318,54.166666666666664,34,15.802781289506953,27.272727272727273,83.33333333333333,41.666666666666664,1.0,1,7,7,69.87278415015642,10,7,1,8,6,14,0,17,9,8,2,0,0,5,5,3,6,25,11,8,5,29,30,3,1,6,959,0,0,0,7,-1.6225764048636222,53.30882352941177,48.0,33,18.072289156626503,46.15384615384615,100.0,63.63636363636363,1.1666666666666667,1,7,4,69.87278415015642
S39G01N153,2021-2022,20220109,away,64,5,0,7,3,10,1,15,10,9,2,2,2,6,5,2,4,24,12,8,5,31,30,5,0,5,959,0,0,0,5,-0.2981267533895533,58.18318318318318,54.166666666666664,34,15.802781289506953,27.272727272727273,83.33333333333333,41.666666666666664,1.0,2,7,7,70.42335766423358,10,7,1,8,6,14,0,17,9,8,2,0,0,6,6,3,6,25,11,8,5,30,31,3,1,6,959,0,0,0,7,0.2981267533895533,54.26917510853835,48.0,34,17.8359096313912,46.15384615384615,100.0,63.63636363636363,1.1666666666666667,2,7,4,70.42335766423358
S39G01N153,2021-2022,20220109,away,64,5,0,7,3,10,1,16,11,9,2,2,2,6,5,2,4,25,13,8,5,33,31,5,0,5,974,0,0,0,5,2.797682171587269,59.69609261939218,56.0,36,15.318627450980392,27.272727272727273,83.33333333333333,38.46153846153846,1.0,2,7,7,70.57084188911705,10,7,1,8,6,14,0,17,9,8,2,0,0,6,6,3,6,25,11,8,5,30,31,3,1,6,974,0,0,0,7,-2.797682171587269,54.26917510853835,48.0,34,17.8359096313912,46.15384615384615,100.0,63.63636363636363,1.1666666666666667,2,7,4,70.57084188911705
S39G01N153,2021-2022,20220109,away,64,6,0,7,3,10,1,16,11,9,2,2,2,6,5,2,4,25,13,8,5,33,31,5,0,5,974,0,0,0,5,2.797682171587269,59.69609261939218,56.0,37,15.318627450980392,27.272727272727273,83.33333333333333,46.15384615384615,1.2,2,7,7,70.57084188911705,10,7,1,8,6,14,0,17,9,8,2,0,0,6,6,3,6,25,11,8,5,30,31,3,1,6,974,0,0,0,7,-2.797682171587269,54.26917510853835,48.0,34,17.8359096313912,46.15384615384615,100.0,63.63636363636363,1.1666666666666667,2,7,4,70.57084188911705
S39G01N153,2021-2022,20220109,away,64,6,0,7,3,10,1,16,11,9,2,2,2,6,5,2,4,25,13,8,5,33,31,5,0,5,974,0,0,0,5,2.797682171587269,59.69609261939218,56.0,37,15.318627450980392,27.272727272727273,83.33333333333333,46.15384615384615,1.2,2,7,7,70.57084188911705,10,7,1,8,6,14,0,17,9,8,2,0,0,6,6,3,6,25,11,8,5,30,31,3,1,6,974,0,0,0,7,-2.797682171587269,54.26917510853835,48.0,34,17.8359096313912,46.15384615384615,100.0,63.63636363636363,1.1666666666666667,2,7,4,70.57084188911705
S39G01N153,2021-2022,20220109,away,64,6,0,7,3,10,1,16,11,9,2,2,2,6,5,2,4,25,13,8,5,33,31,5,0,5,999,0,0,0,5,6.587429036708656,59.69609261939218,56.0,37,15.318627450980392,27.272727272727273,83.33333333333333,46.15384615384615,1.2,2,7,7,70.006006006006,10,7,1,8,6,14,0,17,9,9,2,0,0,6,6,3,6,26,11,8,5,30,32,3,1,6,999,0,0,0,7,-6.587429036708656,52.374301675977655,46.15384615384615,33,17.321016166281755,46.15384615384615,100.0,63.63636363636363,1.1666666666666667,2,7,4,70.006006006006
S39G01N153,2021-2022,20220109,away,64,6,0,7,3,10,1,16,11,9,2,2,2,6,5,2,4,25,13,8,5,33,31,5,0,5,1000,0,0,0,5,2.797682171587269,59.69609261939218,56.0,37,15.318627450980392,27.272727272727273,83.33333333333333,46.15384615384615,1.2,2,7,7,68.736,10,7,1,8,7,15,0,17,9,9,2,0,0,6,6,3,6,26,11,8,5,30,32,3,1,6,1000,0,0,0,7,-2.797682171587269,52.374301675977655,46.15384615384615,34,17.321016166281755,50.0,100.0,63.63636363636363,1.1666666666666667,2,7,4,68.736
S39G01N153,2021-2022,20220109,away,64,6,0,7,3,10,1,16,11,9,2,2,2,6,5,2,4,25,13,8,5,33,31,5,0,5,1007,0,0,0,5,-0.3958111867550258,59.69609261939218,56.0,37,15.318627450980392,27.272727272727273,83.33333333333333,46.15384615384615,1.2,2,7,7,69.4498510427011,10,7,1,8,7,15,0,18,10,9,2,0,0,6,6,3,6,27,12,8,5,32,33,3,1,6,1007,0,0,0,7,0.3958111867550258,53.98110661268556,48.148148148148145,36,16.835016835016834,50.0,100.0,58.333333333333336,1.1666666666666667,2,7,4,69.4498510427011
S39G01N153,2021-2022,20220109,away,64,6,0,7,3,10,1,16,11,9,2,2,2,6,5,2,4,25,13,8,5,33,31,5,0,5,1007,0,0,0,5,-0.3958111867550258,59.69609261939218,56.0,37,15.318627450980392,27.272727272727273,83.33333333333333,46.15384615384615,1.2,2,7,7,69.4498510427011,10,8,1,8,7,15,0,18,10,9,2,0,0,6,6,3,6,27,12,8,5,32,33,3,1,6,1007,0,0,0,7,0.3958111867550258,53.98110661268556,48.148148148148145,37,16.835016835016834,50.0,100.0,66.66666666666667,1.3333333333333333,2,7,4,69.4498510427011
S39G01N153,2021-2022,20220109,away,64,6,0,7,3,10,1,16,11,9,2,2,2,6,5,2,4,25,13,8,5,33,31,5,0,6,1018,0,0,0,6,-4.0294937059672975,59.69609261939218,56.0,36,17.8359096313912,27.272727272727273,83.33333333333333,46.15384615384615,1.0,2,7,7,69.87819253438114,10,8,1,8,7,15,0,18,10,9,2,0,0,6,6,3,6,27,12,8,5,32,33,3,1,6,1018,0,0,0,7,4.0294937059672975,53.98110661268556,48.148148148148145,37,16.835016835016834,50.0,100.0,66.66666666666667,1.3333333333333333,2,7,4,69.87819253438114
S39G01N153,2021-2022,20220109,away,64,6,0,7,3,10,1,16,11,9,2,2,2,6,5,2,4,25,13,8,5,33,31,5,0,6,1019,0,0,0,6,-4.0294937059672975,59.69609261939218,56.0,36,17.8359096313912,27.272727272727273,83.33333333333333,46.15384615384615,1.0,2,7,7,69.80961727183512,10,8,1,8,7,15,0,18,10,9,2,0,0,6,6,3,6,27,12,8,5,32,33,4,1,6,1019,0,0,0,7,4.0294937059672975,53.98110661268556,48.148148148148145,38,16.835016835016834,50.0,100.0,66.66666666666667,1.3333333333333333,2,7,4,69.80961727183512
S39G01N153,2021-2022,20220109,away,64,6,0,7,3,10,1,16,11,9,2,2,2,6,5,2,4,25,13,9,5,33,31,5,0,6,1030,0,0,0,6,-4.0294937059672975,59.69609261939218,56.0,36,17.8359096313912,27.272727272727273,83.33333333333333,46.15384615384615,1.0,2,7,7,69.06407766990291,10,8,1,8,7,15,0,18,10,9,2,0,0,6,6,3,6,27,12,8,5,32,33,4,1,6,1030,0,0,0,7,4.0294937059672975,53.98110661268556,48.148148148148145,38,16.835016835016834,50.0,100.0,66.66666666666667,1.3333333333333333,2,7,4,69.06407766990291
S39G01N153,2021-2022,20220109,away,64,6,0,7,3,10,1,16,11,9,2,2,2,6,5,2,4,25,13,9,5,33,31,5,0,6,1030,0,0,0,6,-4.0294937059672975,59.69609261939218,56.0,36,17.8359096313912,27.272727272727273,83.33333333333333,46.15384615384615,1.0,2,7,7,69.06407766990291,10,8,1,8,7,15,0,18,10,9,2,0,0,6,6,3,6,27,12,8,5,32,33,4,1,6,1030,0,0,0,7,4.0294937059672975,53.98110661268556,48.148148148148145,38,16.835016835016834,50.0,100.0,66.66666666666667,1.3333333333333333,2,7,4,69.06407766990291
S39G01N153,2021-2022,20220109,away,64,6,0,7,3,10,1,16,11,9,2,2,2,6,5,2,4,25,13,9,5,33,31,5,0,6,1030,0,0,0,6,-4.0294937059672975,59.69609261939218,56.0,36,17.8359096313912,27.272727272727273,83.33333333333333,46.15384615384615,1.0,2,7,7,69.06407766990291,10,8,1,8,7,15,0,18,10,9,2,0,0,6,6,3,6,27,12,8,5,32,33,4,1,6,1030,0,0,0,7,4.0294937059672975,53.98110661268556,48.148148148148145,38,16.835016835016834,50.0,100.0,66.66666666666667,1.3333333333333333,2,7,4,69.06407766990291
S39G01N153,2021-2022,20220109,away,64,6,0,7,3,10,1,16,11,9,2,2,2,6,5,2,4,25,13,9,5,33,31,5,0,6,1030,0,0,0,6,-5.777705151181053,59.69609261939218,56.0,36,17.8359096313912,27.272727272727273,83.33333333333333,46.15384615384615,1.0,3,7,7,69.5766990291262,10,8,1,8,7,15,0,18,10,9,2,0,0,7,7,3,6,27,12,8,5,33,34,4,1,6,1030,0,0,0,7,5.777705151181053,54.85372340425532,48.148148148148145,39,16.62971175166297,50.0,100.0,66.66666666666667,1.3333333333333333,3,7,4,69.5766990291262
S39G01N153,2021-2022,20220109,away,64,6,0,7,3,10,1,16,11,9,2,2,2,6,5,2,4,25,13,9,5,33,31,5,0,6,1030,0,0,0,6,-7.473801892065936,59.69609261939218,56.0,36,17.8359096313912,27.272727272727273,83.33333333333333,46.15384615384615,1.0,4,8,7,70.0893203883495,10,8,1,8,7,15,0,18,10,9,2,0,0,8,8,3,6,27,12,8,5,34,35,4,1,6,1030,0,0,0,7,7.473801892065936,55.70117955439056,48.148148148148145,40,16.42935377875137,50.0,100.0,66.66666666666667,1.3333333333333333,4,8,4,70.0893203883495
S39G01N153,2021-2022,20220109,away,64,6,0,7,3,10,1,16,11,9,2,2,2,6,5,2,4,25,13,9,5,33,31,5,0,6,1030,0,0,0,6,-7.473801892065936,59.69609261939218,56.0,36,17.8359096313912,27.272727272727273,83.33333333333333,46.15384615384615,1.0,4,8,7,70.0893203883495,10,8,1,8,7,15,0,18,10,9,2,0,0,8,8,3,6,27,12,8,5,34,35,4,1,6,1030,0,0,0,7,7.473801892065936,55.70117955439056,48.148148148148145,40,16.42935377875137,50.0,100.0,66.66666666666667,1.3333333333333333,4,8,4,70.0893203883495
S39G01N153,2021-2022,20220109,away,64,6,0,7,3,10,1,16,11,9,2,2,2,6,5,2,4,25,13,9,5,33,31,5,0,6,1030,0,0,0,6,-7.473801892065936,59.69609261939218,56.0,36,17.8359096313912,27.272727272727273,83.33333333333333,46.15384615384615,1.0,4,8,7,70.0893203883495,10,8,1,8,7,15,0,18,10,9,2,0,0,8,8,3,6,27,12,8,5,34,35,4,1,6,1030,0,0,0,7,7.473801892065936,55.70117955439056,48.148148148148145,40,16.42935377875137,50.0,100.0,66.66666666666667,1.3333333333333333,4,8,4,70.0893203883495
S39G01N153,2021-2022,20220109,away,64,6,0,7,3,10,1,16,11,9,2,2,2,6,5,2,4,25,13,9,5,33,31,5,0,6,1036,0,0,0,6,-7.473801892065936,59.69609261939218,56.0,36,17.8359096313912,27.272727272727273,83.33333333333333,46.15384615384615,1.0,4,8,7,69.68339768339767,10,8,1,8,7,15,0,18,10,9,2,0,0,8,8,3,6,27,12,9,5,34,35,4,1,6,1036,0,0,0,7,7.473801892065936,55.70117955439056,48.148148148148145,40,16.42935377875137,50.0,100.0,66.66666666666667,1.3333333333333333,4,8,4,69.68339768339767
S39G01N153,2021-2022,20220109,away,64,6,0,7,3,10,1,16,11,9,2,2,2,7,6,2,4,25,13,9,5,34,32,5,0,6,1036,0,0,0,6,-5.781042366408229,60.541310541310544,56.0,37,17.605633802816904,27.272727272727273,85.71428571428571,46.15384615384615,1.0,1,8,7,70.19305019305018,10,8,1,8,7,15,0,18,10,9,2,0,0,8,8,3,6,27,12,9,5,34,35,4,1,6,1036,0,0,0,7,5.781042366408229,55.70117955439056,48.148148148148145,40,16.42935377875137,50.0,100.0,66.66666666666667,1.3333333333333333,1,8,4,70.19305019305018
S39G01N153,2021-2022,20220109,away,64,6,0,7,3,10,1,16,11,9,2,2,2,8,7,2,4,25,13,9,5,35,33,5,0,6,1036,0,0,0,6,-4.1355426244617775,61.36044880785414,56.0,38,17.38122827346466,27.272727272727273,87.5,46.15384615384615,1.0,2,9,7,70.7027027027027,10,8,1,8,7,15,0,18,10,9,2,0,0,8,8,3,6,27,12,9,5,34,35,4,1,6,1036,0,0,0,7,4.1355426244617775,55.70117955439056,48.148148148148145,40,16.42935377875137,50.0,100.0,66.66666666666667,1.3333333333333333,2,9,4,70.7027027027027
S39G01N153,2021-2022,20220109,away,64,6,0,7,3,10,1,16,11,9,2,2,2,8,7,2,4,25,13,9,5,35,33,5,0,6,1055,0,0,0,6,-0.36174997172528833,61.36044880785414,56.0,38,17.38122827346466,27.272727272727273,87.5,46.15384615384615,1.0,2,9,7,70.56682464454975,10,8,1,8,7,15,0,19,10,9,2,0,0,8,8,3,6,28,12,9,5,34,36,4,1,6,1055,0,0,0,7,0.36174997172528833,53.934010152284266,46.42857142857143,39,15.991471215351813,50.0,100.0,66.66666666666667,1.3333333333333333,2,9,4,70.56682464454975
S39G01N153,2021-2022,20220109,away,64,6,0,7,3,10,2,16,11,9,2,2,2,8,7,2,4,25,13,9,5,35,33,5,0,6,1055,0,0,0,6,-0.36174997172528833,61.36044880785414,56.0,39,17.38122827346466,27.272727272727273,87.5,46.15384615384615,1.0,2,9,7,70.56682464454975,10,8,1,8,7,15,0,19,10,9,2,0,0,8,8,3,6,28,12,9,5,34,36,4,1,6,1055,0,0,0,7,0.36174997172528833,53.934010152284266,46.42857142857143,39,15.991471215351813,50.0,100.0,66.66666666666667,1.3333333333333333,2,9,4,70.56682464454975
S39G01N153,2021-2022,20220109,away,64,6,0,7,3,10,2,16,11,10,2,2,2,8,7,2,4,26,13,9,5,35,34,5,0,6,1072,0,0,0,6,-3.776282848018525,59.28184281842819,53.84615384615385,38,16.891891891891895,27.272727272727273,87.5,46.15384615384615,1.0,2,9,7,70.56716417910447,10,8,1,8,7,15,0,19,10,9,2,0,0,8,8,3,6,28,12,9,5,34,36,4,1,6,1072,0,0,0,7,3.776282848018525,53.934010152284266,46.42857142857143,39,15.991471215351813,50.0,100.0,66.66666666666667,1.3333333333333333,2,9,4,70.56716417910447
S39G01N153,2021-2022,20220109,away,64,6,0,7,3,10,2,16,11,10,2,2,2,8,7,2,4,26,13,9,5,35,34,5,0,6,1074,0,0,0,6,-3.776282848018525,59.28184281842819,53.84615384615385,38,16.891891891891895,27.272727272727273,87.5,46.15384615384615,1.0,2,9,7,70.43575418994412,10,8,1,8,7,15,1,19,10,9,2,0,0,8,8,3,6,28,12,9,5,34,36,4,1,6,1074,0,0,0,7,3.776282848018525,53.934010152284266,46.42857142857143,40,15.991471215351813,50.0,100.0,66.66666666666667,1.3333333333333333,2,9,4,70.43575418994412
S39G01N153,2021-2022,20220109,away,64,6,0,7,3,10,2,16,11,10,2,2,2,8,7,2,4,26,13,9,5,35,34,5,0,6,1074,0,0,0,6,-3.776282848018525,59.28184281842819,53.84615384615385,38,16.891891891891895,27.272727272727273,87.5,46.15384615384615,1.0,2,9,7,70.43575418994412,10,8,1,8,7,15,1,19,10,9,2,0,0,8,8,3,6,28,12,9,5,34,36,4,1,6,1074,0,0,0,7,3.776282848018525,53.934010152284266,46.42857142857143,40,15.991471215351813,50.0,100.0,66.66666666666667,1.3333333333333333,2,9,4,70.43575418994412
S39G01N153,2021-2022,20220109,away,64,6,0,7,3,10,2,16,11,10,2,2,2,8,7,2,4,26,13,9,5,35,34,5,0,6,1074,0,0,0,6,-3.776282848018525,59.28184281842819,53.84615384615385,38,16.891891891891895,27.272727272727273,87.5,46.15384615384615,1.0,2,9,7,70.43575418994412,10,8,1,8,7,15,1,19,10,9,2,0,0,8,8,3,6,28,12,9,5,34,36,4,1,6,1074,0,0,0,7,3.776282848018525,53.934010152284266,46.42857142857143,40,15.991471215351813,50.0,100.0,66.66666666666667,1.3333333333333333,2,9,4,70.43575418994412
S39G01N153,2021-2022,20220109,away,64,6,0,7,3,10,2,16,11,10,2,2,2,8,7,2,4,26,13,9,5,35,34,5,0,6,1092,0,0,0,6,-0.2419440438059013,59.28184281842819,53.84615384615385,38,16.891891891891895,27.272727272727273,87.5,46.15384615384615,1.0,2,9,7,70.37362637362637,10,8,1,8,7,15,1,20,10,9,2,0,0,8,8,3,6,29,12,9,5,34,37,4,1,6,1092,0,0,0,7,0.2419440438059013,52.27552275522755,44.827586206896555,39,15.57632398753894,50.0,100.0,66.66666666666667,1.3333333333333333,2,9,4,70.37362637362637
S39G01N153,2021-2022,20220109,away,64,6,1,7,3,10,2,16,11,10,2,2,2,8,7,2,4,26,13,9,5,35,34,5,0,6,1093,0,0,0,6,-0.2419440438059013,59.28184281842819,53.84615384615385,39,16.891891891891895,27.272727272727273,87.5,46.15384615384615,1.0,2,9,7,70.30924062214089,10,8,1,8,7,15,1,20,10,9,2,0,0,8,8,3,6,29,12,9,5,34,37,4,1,6,1093,0,0,0,7,0.2419440438059013,52.27552275522755,44.827586206896555,39,15.57632398753894,50.0,100.0,66.66666666666667,1.3333333333333333,2,9,4,70.30924062214089
S39G01N153,2021-2022,20220109,away,64,6,1,8,3,11,2,16,11,10,2,2,2,8,7,2,4,26,13,9,5,35,34,5,0,6,1095,0,0,0,6,-0.2419440438059013,59.28184281842819,53.84615384615385,40,16.891891891891895,27.272727272727273,87.5,46.15384615384615,1.0,2,9,7,70.1808219178082,10,8,1,8,7,15,1,20,10,9,2,0,0,8,8,3,6,29,12,9,5,34,37,4,1,6,1095,0,0,0,7,0.2419440438059013,52.27552275522755,44.827586206896555,39,15.57632398753894,46.666666666666664,100.0,66.66666666666667,1.3333333333333333,2,9,4,70.1808219178082
S39G01N153,2021-2022,20220109,away,64,6,1,8,3,11,2,17,12,10,2,2,2,8,7,2,4,27,14,9,5,37,35,5,0,6,1107,0,0,0,6,2.5138412706104987,60.61598951507209,55.55555555555556,42,16.42935377875137,27.272727272727273,87.5,42.857142857142854,1.0,4,9,7,70.50406504065039,10,8,1,8,7,15,1,20,10,9,2,0,0,8,8,3,6,29,12,9,5,34,37,4,1,6,1107,0,0,0,7,-2.5138412706104987,52.27552275522755,44.827586206896555,39,15.57632398753894,46.666666666666664,100.0,66.66666666666667,1.3333333333333333,4,9,4,70.50406504065039
S39G01N153,2021-2022,20220109,away,64,6,1,8,3,11,2,17,12,10,2,2,2,8,7,2,4,27,14,10,5,37,35,5,0,6,1122,0,0,0,6,2.5138412706104987,60.61598951507209,55.55555555555556,42,16.42935377875137,27.272727272727273,87.5,42.857142857142854,1.0,4,9,7,69.56149732620321,10,8,1,8,7,15,1,20,10,9,2,0,0,8,8,3,6,29,12,9,5,34,37,4,1,6,1122,0,0,0,7,-2.5138412706104987,52.27552275522755,44.827586206896555,39,15.57632398753894,46.666666666666664,100.0,66.66666666666667,1.3333333333333333,4,9,4,69.56149732620321
S39G01N153,2021-2022,20220109,away,64,6,1,8,3,11,2,17,12,10,2,2,2,8,7,2,4,27,14,10,5,37,35,5,0,6,1122,0,0,0,6,0.8699717128511111,60.61598951507209,55.55555555555556,42,16.42935377875137,27.272727272727273,87.5,42.857142857142854,1.0,1,9,7,70.03208556149733,10,8,1,8,7,15,1,20,10,9,2,0,0,9,9,3,6,29,12,9,5,35,38,4,1,6,1122,0,0,0,7,-0.8699717128511111,53.09466019417476,44.827586206896555,40,15.40041067761807,46.666666666666664,100.0,66.66666666666667,1.3333333333333333,1,9,4,70.03208556149733
S39G01N153,2021-2022,20220109,away,64,6,1,8,3,11,2,17,12,10,2,2,2,8,7,2,4,27,14,10,5,37,35,5,0,6,1122,0,0,0,6,-0.7292495359320981,60.61598951507209,55.55555555555556,42,16.42935377875137,27.272727272727273,87.5,42.857142857142854,1.0,2,9,7,70.50267379679143,10,8,1,8,7,15,1,20,10,9,2,0,0,10,10,3,6,29,12,9,5,36,39,4,1,6,1122,0,0,0,7,0.7292495359320981,53.89221556886228,44.827586206896555,41,15.228426395939087,46.666666666666664,100.0,66.66666666666667,1.3333333333333333,2,9,4,70.50267379679143
S39G01N153,2021-2022,20220109,away,64,6,1,8,3,11,2,17,12,10,2,2,2,8,7,2,4,27,14,10,5,37,35,5,0,6,1122,0,0,0,6,-0.7292495359320981,60.61598951507209,55.55555555555556,42,16.42935377875137,27.272727272727273,87.5,42.857142857142854,1.0,2,9,7,70.50267379679143,10,8,1,8,7,15,1,20,10,9,2,0,0,10,10,3,6,29,12,9,5,36,39,4,1,6,1122,0,0,0,7,0.7292495359320981,53.89221556886228,44.827586206896555,41,15.228426395939087,46.666666666666664,100.0,66.66666666666667,1.3333333333333333,2,9,4,70.50267379679143
S39G01N153,2021-2022,20220109,away,64,6,1,8,3,11,2,17,12,10,2,2,2,8,7,2,4,27,14,10,5,37,35,5,0,6,1122,0,0,0,6,-0.7292495359320981,60.61598951507209,55.55555555555556,42,16.42935377875137,27.272727272727273,87.5,42.857142857142854,1.0,2,9,7,70.50267379679143,10,8,1,8,7,15,1,20,10,9,2,0,0,10,10,3,6,29,12,9,5,36,39,4,1,6,1122,0,0,0,7,0.7292495359320981,53.89221556886228,44.827586206896555,41,15.228426395939087,46.666666666666664,100.0,66.66666666666667,1.3333333333333333,2,9,4,70.50267379679143
S39G01N153,2021-2022,20220109,away,64,6,1,8,3,11,2,17,12,11,2,2,2,8,7,2,4,28,14,10,5,37,36,5,0,6,1133,0,0,0,6,-3.9268700914123826,58.692893401015226,53.57142857142857,41,15.991471215351813,27.272727272727273,87.5,42.857142857142854,1.0,2,9,7,70.87731685789937,10,8,1,8,7,15,1,20,10,9,2,0,0,10,10,3,6,29,12,9,5,36,39,4,1,6,1133,0,0,0,7,3.9268700914123826,53.89221556886228,44.827586206896555,41,15.228426395939087,46.666666666666664,100.0,66.66666666666667,1.3333333333333333,2,9,4,70.87731685789937
S39G01N153,2021-2022,20220109,away,64,6,1,8,3,11,2,17,12,11,2,2,2,8,7,2,4,28,14,10,5,37,36,5,0,6,1135,0,0,0,6,-3.9268700914123826,58.692893401015226,53.57142857142857,41,15.991471215351813,25.0,87.5,42.857142857142854,1.0,2,9,7,70.75242290748898,10,8,1,9,7,16,1,20,10,9,2,0,0,10,10,3,6,29,12,9,5,36,39,4,1,6,1135,0,0,0,7,3.9268700914123826,53.89221556886228,44.827586206896555,42,15.228426395939087,46.666666666666664,100.0,66.66666666666667,1.3333333333333333,2,9,4,70.75242290748898
S39G01N153,2021-2022,20220109,away,64,6,1,8,3,11,2,17,12,11,2,2,2,8,7,2,4,28,14,11,5,37,36,5,0,6,1149,0,0,0,6,-3.9268700914123826,58.692893401015226,53.57142857142857,41,15.991471215351813,25.0,87.5,42.857142857142854,1.0,2,9,7,69.89033942558746,10,8,1,9,7,16,1,20,10,9,2,0,0,10,10,3,6,29,12,9,5,36,39,4,1,6,1149,0,0,0,7,3.9268700914123826,53.89221556886228,44.827586206896555,42,15.228426395939087,46.666666666666664,100.0,66.66666666666667,1.3333333333333333,2,9,4,69.89033942558746
S39G01N153,2021-2022,20220109,away,64,6,1,8,3,11,2,17,12,11,2,2,2,8,7,2,4,28,14,11,5,37,36,5,0,6,1149,0,0,0,6,-3.9268700914123826,58.692893401015226,53.57142857142857,41,15.991471215351813,25.0,87.5,42.857142857142854,1.0,2,9,7,69.89033942558746,10,8,1,9,7,16,1,20,10,9,2,0,0,10,10,3,6,29,12,9,5,36,39,4,1,6,1149,0,0,0,7,3.9268700914123826,53.89221556886228,44.827586206896555,42,15.228426395939087,46.666666666666664,100.0,66.66666666666667,1.3333333333333333,2,9,4,69.89033942558746
S39G01N153,2021-2022,20220109,away,64,6,1,8,3,11,2,17,12,11,2,2,2,8,7,2,4,28,14,11,5,37,36,5,0,6,1149,0,0,0,6,-3.9268700914123826,58.692893401015226,53.57142857142857,41,15.991471215351813,25.0,87.5,42.857142857142854,1.0,2,9,7,69.89033942558746,10,8,1,9,7,16,1,20,10,9,2,0,0,10,10,3,6,29,12,9,5,36,39,4,1,6,1149,0,0,0,7,3.9268700914123826,53.89221556886228,44.827586206896555,42,15.228426395939087,46.666666666666664,100.0,66.66666666666667,1.3333333333333333,2,9,4,69.89033942558746
S39G01N153,2021-2022,20220109,away,64,6,1,8,3,11,2,17,12,11,2,2,2,8,7,2,4,28,14,11,5,37,36,5,0,6,1149,0,0,0,6,-3.9268700914123826,58.692893401015226,53.57142857142857,41,15.991471215351813,25.0,87.5,42.857142857142854,1.0,2,9,7,69.89033942558746,10,8,1,9,7,16,1,20,10,9,2,0,0,10,10,3,6,29,12,9,5,36,39,4,1,6,1149,0,0,0,7,3.9268700914123826,53.89221556886228,44.827586206896555,42,15.228426395939087,46.666666666666664,100.0,66.66666666666667,1.3333333333333333,2,9,4,69.89033942558746
S39G01N153,2021-2022,20220109,away,64,6,1,8,3,11,2,17,12,11,2,2,2,8,7,2,4,28,14,11,5,37,36,5,0,6,1149,0,0,0,6,-3.9268700914123826,58.692893401015226,53.57142857142857,41,15.991471215351813,25.0,87.5,42.857142857142854,1.0,2,9,7,69.89033942558746,10,8,1,9,7,16,1,20,10,9,2,0,0,10,10,3,6,29,12,9,5,36,39,4,1,6,1149,0,0,0,7,3.9268700914123826,53.89221556886228,44.827586206896555,42,15.228426395939087,46.666666666666664,100.0,66.66666666666667,1.3333333333333333,2,9,4,69.89033942558746
S39G01N153,2021-2022,20220109,away,64,6,1,8,3,11,2,17,12,11,2,2,2,8,7,2,4,28,14,11,5,37,36,5,0,6,1149,0,0,0,6,-2.438170673358499,58.692893401015226,53.57142857142857,41,15.991471215351813,25.0,87.5,42.857142857142854,1.0,2,9,7,70.34986945169713,10,8,1,9,7,16,1,20,10,9,2,0,0,11,10,3,6,29,12,9,5,36,40,4,1,6,1149,0,0,0,7,2.438170673358499,53.191489361702125,44.827586206896555,41,15.06024096385542,46.666666666666664,90.9090909090909,66.66666666666667,1.3333333333333333,2,9,4,70.34986945169713
S39G01N153,2021-2022,20220109,away,64,6,1,8,3,11,2,17,12,11,2,2,2,8,7,2,4,28,14,11,5,37,36,5,0,6,1149,0,0,0,6,-3.9936435956858816,58.692893401015226,53.57142857142857,41,15.991471215351813,25.0,87.5,42.857142857142854,1.0,3,9,7,70.80939947780679,10,8,1,9,7,16,1,20,10,9,2,0,0,12,11,3,6,29,12,9,5,37,41,4,1,6,1149,0,0,0,7,3.9936435956858816,53.96732788798133,44.827586206896555,42,14.895729890764647,46.666666666666664,91.66666666666667,66.66666666666667,1.3333333333333333,3,9,4,70.80939947780679
S39G01N153,2021-2022,20220109,away,64,6,1,8,3,11,2,17,12,11,2,2,2,8,7,2,4,28,14,11,5,37,36,5,0,7,1174,0,0,0,7,-7.011217948717942,58.692893401015226,53.57142857142857,40,18.1723779854621,25.0,87.5,42.857142857142854,0.8571428571428571,3,9,7,70.32367972742759,10,8,1,9,7,16,1,20,10,9,2,0,0,12,11,3,6,29,12,9,5,37,41,4,1,6,1174,0,0,0,7,7.011217948717942,53.96732788798133,44.827586206896555,42,14.895729890764647,46.666666666666664,91.66666666666667,66.66666666666667,1.3333333333333333,3,9,4,70.32367972742759
S39G01N153,2021-2022,20220109,away,64,6,1,8,3,11,2,17,12,11,2,2,2,8,7,2,4,28,14,11,5,37,36,5,0,7,1176,0,0,0,7,-7.011217948717942,58.692893401015226,53.57142857142857,40,18.1723779854621,25.0,87.5,42.857142857142854,0.8571428571428571,3,9,7,70.20408163265306,10,8,1,9,7,16,1,20,10,9,2,0,0,12,11,3,6,29,12,9,5,37,41,5,1,6,1176,0,0,0,7,7.011217948717942,53.96732788798133,44.827586206896555,43,14.895729890764647,46.666666666666664,91.66666666666667,66.66666666666667,1.3333333333333333,3,9,4,70.20408163265306
S39G01N153,2021-2022,20220109,away,64,6,1,8,3,11,2,17,12,11,2,2,2,8,7,2,4,28,14,11,5,37,36,5,0,7,1193,0,0,0,7,-9.602294826915582,58.692893401015226,53.57142857142857,40,18.1723779854621,25.0,87.5,42.857142857142854,0.8571428571428571,5,10,7,70.20955574182732,10,8,1,9,7,16,1,21,11,9,2,0,0,12,11,3,6,30,13,9,5,39,42,5,1,6,1193,0,0,0,7,9.602294826915582,55.27210884353741,46.666666666666664,45,14.534883720930232,46.666666666666664,91.66666666666667,61.53846153846154,1.3333333333333333,5,10,4,70.20955574182732
S39G01N153,2021-2022,20220109,away,64,6,1,8,3,11,2,17,12,11,2,2,2,8,7,2,4,28,14,11,5,37,36,5,0,7,1193,0,0,0,7,-9.602294826915582,58.692893401015226,53.57142857142857,40,18.1723779854621,25.0,87.5,42.857142857142854,0.8571428571428571,5,10,7,70.20955574182732,10,9,1,9,7,16,1,21,11,9,2,0,0,12,11,3,6,30,13,9,5,39,42,5,1,6,1193,0,0,0,7,9.602294826915582,55.27210884353741,46.666666666666664,46,14.534883720930232,46.666666666666664,91.66666666666667,69.23076923076923,1.5,5,10,4,70.20955574182732
S39G01N153,2021-2022,20220109,away,64,6,1,8,3,11,2,18,12,11,2,2,2,8,7,2,4,29,14,11,5,37,37,5,0,7,1199,0,0,0,7,-12.45461319128215,56.8880688806888,51.724137931034484,39,17.712550607287447,25.0,87.5,42.857142857142854,0.8571428571428571,5,10,7,70.85904920767307,10,9,1,9,7,16,1,21,11,9,2,0,0,12,11,3,6,30,13,9,5,39,42,5,1,6,1199,0,0,0,7,12.45461319128215,55.27210884353741,46.666666666666664,46,14.534883720930232,46.666666666666664,91.66666666666667,69.23076923076923,1.5,5,10,4,70.85904920767307
S39G01N153,2021-2022,20220109,away,64,6,1,8,3,11,2,18,12,11,2,2,2,8,7,2,4,29,14,11,5,37,37,5,0,7,1199,0,0,0,7,-12.45461319128215,56.8880688806888,51.724137931034484,39,17.712550607287447,25.0,87.5,42.857142857142854,0.8571428571428571,5,10,7,70.85904920767307,10,9,1,9,7,16,1,21,11,9,2,0,0,12,11,3,6,30,13,9,5,39,42,5,1,6,1199,0,0,0,7,12.45461319128215,55.27210884353741,46.666666666666664,46,14.534883720930232,46.666666666666664,91.66666666666667,69.23076923076923,1.5,5,10,4,70.85904920767307
S39G01N153,2021-2022,20220109,away,64,6,1,8,3,11,2,18,12,11,2,2,2,8,7,2,4,29,14,11,5,37,37,5,0,7,1200,0,0,0,7,-12.45461319128215,56.8880688806888,51.724137931034484,39,17.712550607287447,25.0,87.5,42.857142857142854,0.8571428571428571,5,10,7,70.80000000000001,10,9,1,9,7,16,1,21,11,9,2,0,0,12,11,3,6,30,13,9,5,39,42,5,1,6,1200,0,0,0,7,12.45461319128215,55.27210884353741,46.666666666666664,46,14.534883720930232,46.666666666666664,91.66666666666667,69.23076923076923,1.5,5,10,4,70.80000000000001
S39G01N153,2021-2022,20220109,away,64,6,1,8,3,11,2,18,12,11,2,2,2,8,7,2,4,29,14,11,5,37,37,5,0,7,1200,0,0,0,7,-12.45461319128215,56.8880688806888,51.724137931034484,39,17.712550607287447,25.0,87.5,42.857142857142854,0.8571428571428571,5,10,7,70.80000000000001,10,9,1,9,7,16,1,21,11,9,2,0,0,12,11,3,6,30,13,9,5,39,42,5,1,6,1200,0,0,0,7,12.45461319128215,55.27210884353741,46.666666666666664,46,14.534883720930232,46.666666666666664,91.66666666666667,69.23076923076923,1.5,5,10,4,70.80000000000001
S39G01N153,2021-2022,20220109,away,64,6,1,8,3,11,2,18,12,11,2,2,2,8,7,2,4,29,14,11,5,37,37,5,0,7,1200,0,0,0,7,-12.45461319128215,56.8880688806888,51.724137931034484,39,17.712550607287447,25.0,87.5,42.857142857142854,0.8571428571428571,5,10,7,70.80000000000001,10,9,1,9,7,16,1,21,11,9,2,0,0,12,11,3,6,30,13,9,5,39,42,5,1,6,1200,0,0,0,7,12.45461319128215,55.27210884353741,46.666666666666664,46,14.534883720930232,46.666666666666664,91.66666666666667,69.23076923076923,1.5,5,10,4,70.80000000000001
S39G01N153,2021-2022,20220109,away,64,6,1,8,3,11,2,18,12,11,2,2,2,8,7,2,4,29,14,11,5,37,37,5,0,7,1200,0,0,0,7,-12.45461319128215,56.8880688806888,51.724137931034484,39,17.712550607287447,25.0,87.5,42.857142857142854,0.8571428571428571,5,10,7,70.80000000000001,10,9,1,9,7,16,1,21,11,9,2,0,0,12,11,3,6,30,13,9,5,39,42,5,1,6,1200,0,0,0,7,12.45461319128215,55.27210884353741,46.666666666666664,46,14.534883720930232,46.666666666666664,91.66666666666667,69.23076923076923,1.5,5,10,4,70.80000000000001
S39G01N153,2021-2022,20220109,away,64,6,1,8,3,11,2,18,12,11,2,2,2,8,7,2,4,29,14,11,5,37,37,5,0,7,1200,0,0,0,7,-12.45461319128215,56.8880688806888,51.724137931034484,39,17.712550607287447,25.0,87.5,42.857142857142854,0.8571428571428571,5,10,7,70.80000000000001,10,9,1,9,7,16,1,21,11,9,2,0,0,12,11,3,6,30,13,9,5,39,42,5,1,6,1200,0,0,0,7,12.45461319128215,55.27210884353741,46.666666666666664,46,14.534883720930232,46.666666666666664,91.66666666666667,69.23076923076923,1.5,5,10,4,70.80000000000001
S39G01N153,2021-2022,20220109,away,64,6,1,8,3,11,2,18,12,11,2,2,2,8,7,2,4,29,14,11,5,37,37,5,0,7,1200,0,0,0,7,-12.45461319128215,56.8880688806888,51.724137931034484,39,17.712550607287447,25.0,87.5,42.857142857142854,0.8571428571428571,5,10,7,70.80000000000001,10,9,1,9,7,16,1,21,11,9,2,0,0,12,11,3,6,30,13,9,5,39,42,5,1,6,1200,0,0,0,7,12.45461319128215,55.27210884353741,46.666666666666664,46,14.534883720930232,46.666666666666664,91.66666666666667,69.23076923076923,1.5,5,10,4,70.80000000000001
S39G01N153,2021-2022,20220109,away,64,6,1,8,3,11,2,18,12,11,2,2,2,8,7,2,4,29,14,11,5,37,37,5,0,7,1200,0,0,0,7,-12.45461319128215,56.8880688806888,51.724137931034484,39,17.712550607287447,25.0,87.5,42.857142857142854,0.8571428571428571,5,10,7,70.80000000000001,10,9,1,9,7,16,1,21,11,9,2,0,0,12,11,3,6,30,13,9,5,39,42,5,1,6,1200,0,0,0,7,12.45461319128215,55.27210884353741,46.666666666666664,46,14.534883720930232,46.666666666666664,91.66666666666667,69.23076923076923,1.5,5,10,4,70.80000000000001
S39G01N153,2021-2022,20220109,away,64,6,1,8,3,11,2,18,12,11,2,2,2,8,7,2,4,29,14,11,5,37,37,5,0,7,1200,0,0,0,7,-12.45461319128215,56.8880688806888,51.724137931034484,39,17.712550607287447,25.0,87.5,42.857142857142854,0.8571428571428571,5,10,7,70.80000000000001,10,9,1,9,7,16,1,21,11,9,2,0,0,12,11,3,6,30,13,9,5,39,42,5,1,6,1200,0,0,0,7,12.45461319128215,55.27210884353741,46.666666666666664,46,14.534883720930232,46.666666666666664,91.66666666666667,69.23076923076923,1.5,5,10,4,70.80000000000001
S39G01N153,2021-2022,20220109,away,64,6,1,8,3,11,2,18,12,11,2,2,2,8,7,2,4,29,14,11,5,37,37,5,0,7,1200,0,0,0,7,-12.45461319128215,56.8880688806888,51.724137931034484,39,17.712550607287447,25.0,87.5,42.857142857142854,0.8571428571428571,5,10,7,70.80000000000001,10,9,1,9,7,16,1,21,11,9,2,0,0,12,11,3,6,30,13,9,5,39,42,5,1,6,1200,0,0,0,7,12.45461319128215,55.27210884353741,46.666666666666664,46,14.534883720930232,46.666666666666664,91.66666666666667,69.23076923076923,1.5,5,10,4,70.80000000000001
S39G01N153,2021-2022,20220109,away,64,6,1,8,3,11,2,18,12,11,2,2,2,8,7,2,4,29,14,11,5,37,37,5,0,7,1200,0,0,0,7,-12.45461319128215,56.8880688806888,51.724137931034484,39,17.712550607287447,25.0,87.5,42.857142857142854,0.8571428571428571,5,10,7,70.80000000000001,10,9,1,9,7,16,1,21,11,9,2,0,0,12,11,3,6,30,13,9,5,39,42,5,1,6,1200,0,0,0,7,12.45461319128215,55.27210884353741,46.666666666666664,46,14.534883720930232,46.666666666666664,91.66666666666667,69.23076923076923,1.5,5,10,4,70.80000000000001
S39G01N153,2021-2022,20220109,away,64,6,1,8,3,11,2,18,12,11,2,2,2,8,7,2,4,29,14,11,5,37,37,5,0,7,1200,0,0,0,7,-12.45461319128215,56.8880688806888,51.724137931034484,39,17.712550607287447,25.0,87.5,42.857142857142854,0.8571428571428571,5,10,7,70.80000000000001,10,9,1,9,7,16,1,21,11,9,2,0,0,12,11,3,6,30,13,9,5,39,42,5,1,6,1200,0,0,0,7,12.45461319128215,55.27210884353741,46.666666666666664,46,14.534883720930232,46.666666666666664,91.66666666666667,69.23076923076923,1.5,5,10,4,70.80000000000001
S39G01N153,2021-2022,20220109,away,64,6,1,8,3,11,2,18,12,11,2,2,2,8,7,2,4,29,14,11,5,37,37,5,0,7,1200,0,0,0,7,-12.45461319128215,56.8880688806888,51.724137931034484,39,17.712550607287447,25.0,87.5,42.857142857142854,0.8571428571428571,5,10,7,70.80000000000001,10,9,1,9,7,16,1,21,11,9,2,0,0,12,11,3,6,30,13,9,5,39,42,5,1,6,1200,0,0,0,7,12.45461319128215,55.27210884353741,46.666666666666664,46,14.534883720930232,46.666666666666664,91.66666666666667,69.23076923076923,1.5,5,10,4,70.80000000000001
S39G01N153,2021-2022,20220109,away,64,6,1,8,3,11,2,18,12,11,2,2,2,8,7,2,4,29,14,11,5,37,37,5,0,7,1200,0,0,0,7,-12.45461319128215,56.8880688806888,51.724137931034484,39,17.712550607287447,25.0,87.5,42.857142857142854,0.8571428571428571,5,10,7,70.80000000000001,10,9,1,9,7,16,1,21,11,9,2,0,0,12,11,3,6,30,13,9,5,39,42,5,1,6,1200,0,0,0,7,12.45461319128215,55.27210884353741,46.666666666666664,46,14.534883720930232,46.666666666666664,91.66666666666667,69.23076923076923,1.5,5,10,4,70.80000000000001
S39G01N153,2021-2022,20220109,away,64,6,1,8,3,11,2,18,12,11,2,2,2,8,7,2,4,29,14,11,5,37,37,5,0,7,1200,0,0,0,7,-12.45461319128215,56.8880688806888,51.724137931034484,39,17.712550607287447,25.0,87.5,42.857142857142854,0.8571428571428571,5,10,7,70.80000000000001,10,9,1,9,7,16,1,21,11,9,2,0,0,12,11,3,6,30,13,9,5,39,42,5,1,6,1200,0,0,0,7,12.45461319128215,55.27210884353741,46.666666666666664,46,14.534883720930232,46.666666666666664,91.66666666666667,69.23076923076923,1.5,5,10,4,70.80000000000001
S39G01N153,2021-2022,20220109,away,64,6,1,8,3,11,2,18,12,11,2,2,2,8,7,2,4,29,14,11,5,37,37,5,0,7,1200,0,0,0,7,-12.45461319128215,56.8880688806888,51.724137931034484,39,17.712550607287447,25.0,87.5,42.857142857142854,0.8571428571428571,5,10,7,70.80000000000001,10,9,1,9,7,16,1,21,11,9,2,0,0,12,11,3,6,30,13,9,5,39,42,5,1,6,1200,0,0,0,7,12.45461319128215,55.27210884353741,46.666666666666664,46,14.534883720930232,46.666666666666664,91.66666666666667,69.23076923076923,1.5,5,10,4,70.80000000000001
S39G01N153,2021-2022,20220109,away,64,6,1,8,3,11,2,18,12,11,2,2,2,8,7,2,4,29,14,11,5,37,37,5,0,7,1200,0,0,0,7,-12.45461319128215,56.8880688806888,51.724137931034484,39,17.712550607287447,25.0,87.5,42.857142857142854,0.8571428571428571,5,10,7,70.80000000000001,10,9,1,9,7,16,1,21,11,9,2,0,0,12,11,3,6,30,13,9,5,39,42,5,1,6,1200,0,0,0,7,12.45461319128215,55.27210884353741,46.666666666666664,46,14.534883720930232,46.666666666666664,91.66666666666667,69.23076923076923,1.5,5,10,4,70.80000000000001
S39G01N153,2021-2022,20220109,away,64,6,1,8,3,11,2,18,12,11,2,2,2,8,7,2,4,29,14,11,5,37,37,5,0,7,1200,0,0,0,7,-12.45461319128215,56.8880688806888,51.724137931034484,39,17.712550607287447,25.0,87.5,42.857142857142854,0.8571428571428571,5,10,7,70.80000000000001,10,9,1,9,7,16,1,21,11,9,2,0,0,12,11,3,6,30,13,9,5,39,42,5,1,6,1200,0,0,0,7,12.45461319128215,55.27210884353741,46.666666666666664,46,14.534883720930232,46.666666666666664,91.66666666666667,69.23076923076923,1.5,5,10,4,70.80000000000001
S39G01N153,2021-2022,20220109,away,64,6,1,8,3,11,2,18,12,11,2,2,2,8,7,2,4,29,14,11,5,37,37,5,0,7,1200,0,0,0,7,-12.45461319128215,56.8880688806888,51.724137931034484,39,17.712550607287447,25.0,87.5,42.857142857142854,0.8571428571428571,5,10,7,70.80000000000001,10,9,1,9,7,16,1,21,11,9,2,0,0,12,11,3,6,30,13,9,5,39,42,5,1,6,1200,0,0,0,7,12.45461319128215,55.27210884353741,46.666666666666664,46,14.534883720930232,46.666666666666664,91.66666666666667,69.23076923076923,1.5,5,10,4,70.80000000000001
S39G01N153,2021-2022,20220109,away,64,6,1,8,3,11,2,18,12,11,2,2,2,8,7,2,4,29,14,11,5,37,37,5,0,7,1200,0,0,0,7,-12.45461319128215,56.8880688806888,51.724137931034484,39,17.712550607287447,25.0,87.5,42.857142857142854,0.8571428571428571,5,10,7,70.80000000000001,10,9,1,9,7,16,1,21,11,9,2,0,0,12,11,3,6,30,13,9,5,39,42,5,1,6,1200,0,0,0,7,12.45461319128215,55.27210884353741,46.666666666666664,46,14.534883720930232,46.666666666666664,91.66666666666667,69.23076923076923,1.5,5,10,4,70.80000000000001
S39G01N153,2021-2022,20220109,away,64,6,1,8,3,11,2,18,12,11,2,2,2,8,7,2,4,29,14,11,5,37,37,5,0,7,1200,0,0,0,7,-12.45461319128215,56.8880688806888,51.724137931034484,39,17.712550607287447,25.0,87.5,42.857142857142854,0.8571428571428571,5,10,7,70.80000000000001,10,9,1,9,7,16,1,21,11,9,2,0,0,12,11,3,6,30,13,9,5,39,42,5,1,6,1200,0,0,0,7,12.45461319128215,55.27210884353741,46.666666666666664,46,14.534883720930232,46.666666666666664,91.66666666666667,69.23076923076923,1.5,5,10,4,70.80000000000001
S39G01N153,2021-2022,20220109,away,64,6,1,8,3,11,2,18,12,11,2,2,2,8,7,2,4,29,14,11,5,37,37,5,0,7,1200,0,0,0,7,-12.45461319128215,56.8880688806888,51.724137931034484,39,17.712550607287447,25.0,87.5,42.857142857142854,0.8571428571428571,5,10,7,70.80000000000001,10,9,1,9,7,16,1,21,11,9,2,0,0,12,11,3,6,30,13,9,5,39,42,5,1,6,1200,0,0,0,7,12.45461319128215,55.27210884353741,46.666666666666664,46,14.534883720930232,46.666666666666664,91.66666666666667,69.23076923076923,1.5,5,10,4,70.80000000000001
S39G01N153,2021-2022,20220109,away,64,6,1,8,3,11,2,18,12,11,2,2,2,8,7,2,4,29,14,11,5,37,37,5,0,7,1200,0,0,0,7,-12.45461319128215,56.8880688806888,51.724137931034484,39,17.712550607287447,25.0,87.5,42.857142857142854,0.8571428571428571,5,10,7,70.80000000000001,10,9,1,9,7,16,1,21,11,9,2,0,0,12,11,3,6,30,13,9,5,39,42,5,1,6,1200,0,0,0,7,12.45461319128215,55.27210884353741,46.666666666666664,46,14.534883720930232,46.666666666666664,91.66666666666667,69.23076923076923,1.5,5,10,4,70.80000000000001
S39G01N153,2021-2022,20220109,away,64,6,1,8,3,11,2,18,12,11,2,2,2,8,7,2,4,29,14,11,5,37,37,5,0,7,1200,0,0,0,7,-12.45461319128215,56.8880688806888,51.724137931034484,39,17.712550607287447,25.0,87.5,42.857142857142854,0.8571428571428571,5,10,7,70.80000000000001,10,9,1,9,7,16,1,21,11,9,2,0,0,12,11,3,6,30,13,9,5,39,42,5,1,6,1200,0,0,0,7,12.45461319128215,55.27210884353741,46.666666666666664,46,14.534883720930232,46.666666666666664,91.66666666666667,69.23076923076923,1.5,5,10,4,70.80000000000001
S39G01N153,2021-2022,20220109,away,64,6,1,8,3,11,2,18,12,11,2,2,2,8,7,2,4,29,14,11,5,37,37,5,0,7,1200,0,0,0,7,-12.45461319128215,56.8880688806888,51.724137931034484,39,17.712550607287447,25.0,87.5,42.857142857142854,0.8571428571428571,5,10,7,70.80000000000001,10,9,1,9,7,16,1,21,11,9,2,0,0,12,11,3,6,30,13,9,5,39,42,5,1,6,1200,0,0,0,7,12.45461319128215,55.27210884353741,46.666666666666664,46,14.534883720930232,46.666666666666664,91.66666666666667,69.23076923076923,1.5,5,10,4,70.80000000000001
S39G01N153,2021-2022,20220109,away,64,6,1,8,3,11,2,18,12,11,2,2,2,8,7,2,4,29,14,11,5,37,37,5,0,7,1200,0,0,0,7,-12.45461319128215,56.8880688806888,51.724137931034484,39,17.712550607287447,25.0,87.5,42.857142857142854,0.8571428571428571,5,10,7,70.80000000000001,10,9,1,9,7,16,1,21,11,9,2,0,0,12,11,3,6,30,13,9,5,39,42,5,1,6,1200,0,0,0,7,12.45461319128215,55.27210884353741,46.666666666666664,46,14.534883720930232,46.666666666666664,91.66666666666667,69.23076923076923,1.5,5,10,4,70.80000000000001
S39G01N153,2021-2022,20220109,away,64,6,1,8,3,11,2,18,12,11,2,2,2,8,7,2,4,29,14,11,5,37,37,5,0,7,1215,0,0,0,7,-12.45461319128215,56.8880688806888,51.724137931034484,39,17.712550607287447,25.0,87.5,42.857142857142854,0.8571428571428571,5,10,7,69.92592592592594,10,9,1,9,7,16,1,21,11,9,2,0,0,12,11,3,6,30,13,10,6,39,42,5,1,6,1215,0,0,0,7,12.45461319128215,55.27210884353741,46.666666666666664,46,14.534883720930232,46.666666666666664,91.66666666666667,69.23076923076923,1.5,5,10,4,69.92592592592594
S39G01N153,2021-2022,20220109,away,64,6,1,8,3,11,2,18,12,11,2,2,2,8,7,2,4,29,14,11,5,37,37,5,0,7,1215,0,0,0,7,-12.45461319128215,56.8880688806888,51.724137931034484,39,17.712550607287447,25.0,87.5,42.857142857142854,0.8571428571428571,5,10,7,69.92592592592594,10,9,1,9,7,16,1,21,11,9,2,0,0,12,11,3,6,30,13,10,6,39,42,5,1,6,1215,0,0,0,7,12.45461319128215,55.27210884353741,46.666666666666664,46,14.534883720930232,46.666666666666664,91.66666666666667,69.23076923076923,1.5,5,10,4,69.92592592592594
S39G01N153,2021-2022,20220109,away,64,6,1,8,3,11,2,18,12,11,2,2,2,8,7,2,4,29,14,11,5,37,37,5,0,7,1215,0,0,0,7,-9.229869384774716,56.8880688806888,51.724137931034484,39,17.712550607287447,25.0,87.5,42.857142857142854,0.8571428571428571,5,10,7,70.91358024691358,10,9,1,9,7,16,1,21,11,9,2,0,0,12,11,3,6,30,13,10,6,39,42,5,1,7,1215,0,0,0,8,9.229869384774716,55.27210884353741,46.666666666666664,45,16.556291390728475,46.666666666666664,91.66666666666667,69.23076923076923,1.2857142857142858,5,10,4,70.91358024691358
S39G01N153,2021-2022,20220109,away,64,6,1,8,3,11,2,18,12,11,2,2,2,8,7,2,4,29,14,11,5,37,37,5,0,7,1215,0,0,0,7,-9.229869384774716,56.8880688806888,51.724137931034484,39,17.712550607287447,25.0,87.5,42.857142857142854,0.8571428571428571,5,10,7,70.91358024691358,10,9,1,9,7,16,1,21,11,9,2,0,0,12,11,3,6,30,13,10,6,39,42,5,1,7,1215,0,0,0,8,9.229869384774716,55.27210884353741,46.666666666666664,45,16.556291390728475,46.666666666666664,91.66666666666667,69.23076923076923,1.2857142857142858,5,10,4,70.91358024691358
S39G01N153,2021-2022,20220109,away,64,6,1,8,3,11,2,19,12,11,2,2,2,8,7,2,4,30,14,11,5,37,38,5,0,7,1228,0,0,0,7,-11.93014519240532,55.190930787589494,50.0,38,17.275419545903258,25.0,87.5,42.857142857142854,0.8571428571428571,5,10,7,71.14006514657981,10,9,1,9,7,16,1,21,11,9,2,0,0,12,11,3,6,30,13,10,6,39,42,5,1,7,1228,0,0,0,8,11.93014519240532,55.27210884353741,46.666666666666664,45,16.556291390728475,46.666666666666664,91.66666666666667,69.23076923076923,1.2857142857142858,5,10,4,71.14006514657981
S39G01N153,2021-2022,20220109,away,64,6,1,8,3,11,2,19,12,11,2,2,2,8,7,2,4,30,14,11,5,37,38,5,0,7,1230,0,0,0,7,-11.93014519240532,55.190930787589494,50.0,38,17.275419545903258,23.076923076923077,87.5,42.857142857142854,0.8571428571428571,5,10,7,71.02439024390245,10,9,1,10,7,17,1,21,11,9,2,0,0,12,11,3,6,30,13,10,6,39,42,5,1,7,1230,0,0,0,8,11.93014519240532,55.27210884353741,46.666666666666664,46,16.556291390728475,46.666666666666664,91.66666666666667,69.23076923076923,1.2857142857142858,5,10,4,71.02439024390245
S39G01N153,2021-2022,20220109,away,64,6,1,8,3,11,2,19,12,11,2,2,2,8,7,2,4,30,14,11,5,37,38,5,0,7,1249,0,0,0,7,-8.88317116574946,55.190930787589494,50.0,38,17.275419545903258,23.076923076923077,87.5,42.857142857142854,0.8571428571428571,5,10,7,70.90472377902323,10,9,1,10,7,17,1,21,11,10,2,0,0,12,11,3,6,31,13,10,6,39,43,5,1,7,1249,0,0,0,8,8.88317116574946,53.74862183020948,45.16129032258065,45,16.173752310536045,46.666666666666664,91.66666666666667,69.23076923076923,1.2857142857142858,5,10,4,70.90472377902323
S39G01N153,2021-2022,20220109,away,64,6,1,9,3,12,2,19,12,11,2,2,2,8,7,2,4,30,14,11,5,37,38,5,0,7,1250,0,0,0,7,-8.88317116574946,55.190930787589494,50.0,39,17.275419545903258,23.076923076923077,87.5,42.857142857142854,0.8571428571428571,5,10,7,70.84800000000001,10,9,1,10,7,17,1,21,11,10,2,0,0,12,11,3,6,31,13,10,6,39,43,5,1,7,1250,0,0,0,8,8.88317116574946,53.74862183020948,45.16129032258065,45,16.173752310536045,43.75,91.66666666666667,69.23076923076923,1.2857142857142858,5,10,4,70.84800000000001
S39G01N153,2021-2022,20220109,away,64,6,1,9,3,12,2,19,12,11,2,2,2,8,7,2,4,30,14,11,5,37,38,5,0,7,1259,0,0,0,7,-8.88317116574946,55.190930787589494,50.0,39,17.275419545903258,23.076923076923077,87.5,42.857142857142854,0.8571428571428571,5,10,7,70.34154090548056,10,9,1,10,7,17,1,21,11,10,2,0,0,12,11,3,6,31,13,11,7,39,43,5,1,7,1259,0,0,0,8,8.88317116574946,53.74862183020948,45.16129032258065,45,16.173752310536045,43.75,91.66666666666667,69.23076923076923,1.2857142857142858,5,10,4,70.34154090548056
S39G01N153,2021-2022,20220109,away,64,6,1,9,3,12,2,19,12,11,2,2,2,8,7,2,4,30,14,11,5,37,38,5,0,7,1259,0,0,0,7,-8.88317116574946,55.190930787589494,50.0,39,17.275419545903258,23.076923076923077,87.5,42.857142857142854,0.8571428571428571,5,10,7,70.34154090548056,10,9,1,10,7,17,1,21,11,10,2,0,0,12,11,3,6,31,13,11,7,39,43,5,1,7,1259,0,0,0,8,8.88317116574946,53.74862183020948,45.16129032258065,45,16.173752310536045,43.75,91.66666666666667,69.23076923076923,1.2857142857142858,5,10,4,70.34154090548056
S39G01N153,2021-2022,20220109,away,64,6,1,9,3,12,2,20,13,11,2,2,2,8,7,2,4,31,15,11,5,39,39,5,0,7,1271,0,0,0,7,-6.251137741415846,56.48899188876013,51.61290322580645,41,16.859344894026975,23.076923076923077,87.5,40.0,0.8571428571428571,2,10,7,70.62155782848151,10,9,1,10,7,17,1,21,11,10,2,0,0,12,11,3,6,31,13,11,7,39,43,5,1,7,1271,0,0,0,8,6.251137741415846,53.74862183020948,45.16129032258065,45,16.173752310536045,43.75,91.66666666666667,69.23076923076923,1.2857142857142858,2,10,4,70.62155782848151
S39G01N153,2021-2022,20220109,away,64,7,1,9,3,12,2,20,13,11,2,2,2,8,7,2,4,31,15,11,5,39,39,5,0,7,1271,0,0,0,7,-6.251137741415846,56.48899188876013,51.61290322580645,42,16.859344894026975,23.076923076923077,87.5,46.666666666666664,1.0,2,10,7,70.62155782848151,10,9,1,10,7,17,1,21,11,10,2,0,0,12,11,3,6,31,13,11,7,39,43,5,1,7,1271,0,0,0,8,6.251137741415846,53.74862183020948,45.16129032258065,45,16.173752310536045,43.75,91.66666666666667,69.23076923076923,1.2857142857142858,2,10,4,70.62155782848151
S39G01N153,2021-2022,20220109,away,64,7,1,9,3,12,2,20,13,11,2,2,2,8,7,2,4,31,15,12,6,39,39,5,0,7,1289,0,0,0,7,-6.251137741415846,56.48899188876013,51.61290322580645,42,16.859344894026975,23.076923076923077,87.5,46.666666666666664,1.0,2,10,7,69.6353762606672,10,9,1,10,7,17,1,21,11,10,2,0,0,12,11,3,6,31,13,11,7,39,43,5,1,7,1289,0,0,0,8,6.251137741415846,53.74862183020948,45.16129032258065,45,16.173752310536045,43.75,91.66666666666667,69.23076923076923,1.2857142857142858,2,10,4,69.6353762606672
S39G01N153,2021-2022,20220109,away,64,7,1,9,3,12,2,20,13,11,2,2,2,8,7,2,4,31,15,12,6,39,39,5,0,7,1289,0,0,0,7,-6.251137741415846,56.48899188876013,51.61290322580645,42,16.859344894026975,23.076923076923077,87.5,46.666666666666664,1.0,2,10,7,69.6353762606672,10,9,1,10,7,17,1,21,11,10,2,0,0,12,11,3,6,31,13,11,7,39,43,5,1,7,1289,0,0,0,8,6.251137741415846,53.74862183020948,45.16129032258065,45,16.173752310536045,43.75,91.66666666666667,69.23076923076923,1.2857142857142858,2,10,4,69.6353762606672
S39G01N153,2021-2022,20220109,away,64,7,1,9,3,12,2,20,13,11,2,2,2,8,7,2,4,31,15,12,6,39,39,5,0,7,1299,0,0,0,7,-11.414838287005466,56.48899188876013,51.61290322580645,42,16.859344894026975,23.076923076923077,87.5,46.666666666666664,1.0,3,10,7,70.02309468822172,10,9,1,10,7,17,1,21,11,11,3,0,0,12,11,3,6,32,14,11,7,42,44,5,1,7,1299,0,0,0,8,11.414838287005466,56.33047210300429,48.4375,48,15.808491418247515,43.75,91.66666666666667,64.28571428571429,1.2857142857142858,3,10,4,70.02309468822172
S39G01N153,2021-2022,20220109,away,64,7,1,9,3,12,2,20,13,11,2,2,2,8,7,2,4,31,15,12,6,39,39,5,0,7,1299,0,0,0,7,-11.414838287005466,56.48899188876013,51.61290322580645,42,16.859344894026975,23.076923076923077,87.5,46.666666666666664,1.0,3,10,7,70.02309468822172,10,10,1,10,7,17,1,21,11,11,3,0,0,12,11,3,6,32,14,11,7,42,44,5,1,7,1299,0,0,0,8,11.414838287005466,56.33047210300429,48.4375,49,15.808491418247515,43.75,91.66666666666667,71.42857142857143,1.4285714285714286,3,10,4,70.02309468822172
S39G01N153,2021-2022,20220109,away,64,7,1,9,3,12,2,20,13,12,2,2,2,8,7,2,4,32,15,12,6,39,40,5,0,7,1311,0,0,0,7,-13.9767336796928,54.898648648648646,50.0,41,16.462841015992474,23.076923076923077,87.5,46.666666666666664,1.0,3,10,7,70.29748283752862,10,10,1,10,7,17,1,21,11,11,3,0,0,12,11,3,6,32,14,11,7,42,44,5,1,7,1311,0,0,0,8,13.9767336796928,56.33047210300429,48.4375,49,15.808491418247515,43.75,91.66666666666667,71.42857142857143,1.4285714285714286,3,10,4,70.29748283752862
S39G01N153,2021-2022,20220109,away,64,7,1,9,3,12,2,20,13,12,2,2,2,8,7,2,4,32,15,12,6,39,40,5,0,7,1312,0,0,0,7,-13.9767336796928,54.898648648648646,50.0,41,16.462841015992474,21.428571428571427,87.5,46.666666666666664,1.0,3,10,7,70.24390243902441,10,10,1,11,7,18,1,21,11,11,3,0,0,12,11,3,6,32,14,11,7,42,44,5,1,7,1312,0,0,0,8,13.9767336796928,56.33047210300429,48.4375,50,15.808491418247515,43.75,91.66666666666667,71.42857142857143,1.4285714285714286,3,10,4,70.24390243902441
S39G01N153,2021-2022,20220109,away,64,7,1,9,3,12,2,20,13,12,2,2,2,8,7,2,4,32,15,13,6,39,40,5,0,7,1315,0,0,0,7,-13.9767336796928,54.898648648648646,50.0,41,16.462841015992474,21.428571428571427,87.5,46.666666666666664,1.0,3,10,7,70.08365019011408,10,10,1,11,7,18,1,21,11,11,3,0,0,12,11,3,6,32,14,11,7,42,44,5,1,7,1315,0,0,0,8,13.9767336796928,56.33047210300429,48.4375,50,15.808491418247515,43.75,91.66666666666667,71.42857142857143,1.4285714285714286,3,10,4,70.08365019011408
S39G01N153,2021-2022,20220109,away,64,7,1,9,3,12,2,20,13,12,2,2,2,8,7,2,4,32,15,13,6,39,40,5,0,7,1315,0,0,0,7,-13.9767336796928,54.898648648648646,50.0,41,16.462841015992474,21.428571428571427,87.5,46.666666666666664,1.0,3,10,7,70.08365019011408,10,10,1,11,7,18,1,21,11,11,3,0,0,12,11,3,6,32,14,11,7,42,44,5,1,7,1315,0,0,0,8,13.9767336796928,56.33047210300429,48.4375,50,15.808491418247515,43.75,91.66666666666667,71.42857142857143,1.4285714285714286,3,10,4,70.08365019011408
S39G01N153,2021-2022,20220109,away,64,7,1,9,3,12,2,20,13,12,2,2,2,8,7,2,4,32,15,13,6,39,40,5,0,7,1315,0,0,0,7,-13.9767336796928,54.898648648648646,50.0,41,16.462841015992474,21.428571428571427,87.5,46.666666666666664,1.0,3,10,7,70.08365019011408,10,11,1,11,7,18,1,21,11,11,3,0,0,12,11,3,6,32,14,11,7,42,44,5,1,7,1315,0,0,0,8,13.9767336796928,56.33047210300429,48.4375,51,15.808491418247515,43.75,91.66666666666667,78.57142857142857,1.5714285714285714,3,10,4,70.08365019011408
S39G01N153,2021-2022,20220109,away,64,7,1,9,3,12,2,20,13,12,2,2,2,8,7,2,4,32,15,13,6,39,40,5,0,7,1315,0,0,0,7,-13.9767336796928,54.898648648648646,50.0,41,16.462841015992474,21.428571428571427,87.5,46.666666666666664,1.0,3,10,7,70.08365019011408,10,11,1,11,7,18,1,21,11,11,3,0,0,12,11,4,6,32,14,11,7,42,44,5,1,7,1315,0,0,0,8,13.9767336796928,56.33047210300429,48.4375,51,15.808491418247515,43.75,91.66666666666667,78.57142857142857,1.5714285714285714,3,10,4,70.08365019011408
S39G01N153,2021-2022,20220109,away,64,7,1,9,3,12,2,20,13,12,2,2,2,8,7,2,4,32,15,13,6,39,40,5,0,7,1315,0,0,0,7,-12.662555115253681,54.898648648648646,50.0,41,16.462841015992474,21.428571428571427,87.5,46.666666666666664,1.0,3,10,7,70.48517110266161,10,11,1,11,7,18,1,21,11,11,3,0,0,13,11,4,6,32,14,11,7,42,45,5,1,7,1315,0,0,0,8,12.662555115253681,55.67338282078473,48.4375,50,15.652951699463328,43.75,84.61538461538461,78.57142857142857,1.5714285714285714,3,10,4,70.48517110266161
S39G01N153,2021-2022,20220109,away,64,7,1,9,3,12,2,20,13,12,2,2,2,8,7,2,4,32,15,13,6,39,40,5,0,7,1315,0,0,0,7,-13.999227628820492,54.898648648648646,50.0,41,16.462841015992474,21.428571428571427,87.5,46.666666666666664,1.0,4,10,7,70.88669201520914,10,11,1,11,7,18,1,21,11,11,3,0,0,14,12,4,7,32,14,11,7,43,46,5,1,7,1315,0,0,0,8,13.999227628820492,56.341719077568136,48.4375,51,15.50044286979628,43.75,85.71428571428571,78.57142857142857,1.5714285714285714,4,10,4,70.88669201520914
S39G01N153,2021-2022,20220109,away,64,7,1,9,3,12,2,20,13,13,3,2,2,8,7,2,4,33,16,13,6,42,41,5,0,7,1333,0,0,0,7,-9.030920879716732,57.502738225629784,53.03030303030303,44,16.08455882352941,21.428571428571427,87.5,43.75,1.0,3,10,7,70.82970742685671,10,11,1,11,7,18,1,21,11,11,3,0,0,14,12,4,7,32,14,11,7,43,46,5,1,7,1333,0,0,0,8,9.030920879716732,56.341719077568136,48.4375,51,15.50044286979628,43.75,85.71428571428571,78.57142857142857,1.5714285714285714,3,10,4,70.82970742685671
S39G01N153,2021-2022,20220109,away,64,8,1,9,3,12,2,20,13,13,3,2,2,8,7,2,4,33,16,13,6,42,41,5,0,7,1333,0,0,0,7,-9.030920879716732,57.502738225629784,53.03030303030303,45,16.08455882352941,21.428571428571427,87.5,50.0,1.1428571428571428,3,10,7,70.82970742685671,10,11,1,11,7,18,1,21,11,11,3,0,0,14,12,4,7,32,14,11,7,43,46,5,1,7,1333,0,0,0,8,9.030920879716732,56.341719077568136,48.4375,51,15.50044286979628,43.75,85.71428571428571,78.57142857142857,1.5714285714285714,3,10,4,70.82970742685671
S39G01N153,2021-2022,20220109,away,64,8,1,9,3,12,2,20,13,13,3,2,2,8,7,2,4,33,16,13,6,42,41,5,0,7,1346,0,0,0,7,-6.153407137246461,57.502738225629784,53.03030303030303,45,16.08455882352941,21.428571428571427,87.5,50.0,1.1428571428571428,3,10,7,71.037147102526,10,11,1,11,7,18,1,22,11,11,3,0,0,14,12,4,7,33,14,11,7,43,47,5,1,7,1346,0,0,0,8,6.153407137246461,54.902962206333,46.96969696969697,50,15.164644714038129,43.75,85.71428571428571,78.57142857142857,1.5714285714285714,3,10,4,71.037147102526
S39G01N153,2021-2022,20220109,away,64,8,1,10,3,13,2,20,13,13,3,2,2,8,7,2,4,33,16,13,6,42,41,5,0,7,1348,0,0,0,7,-6.153407137246461,57.502738225629784,53.03030303030303,46,16.08455882352941,21.428571428571427,87.5,50.0,1.1428571428571428,3,10,7,70.93175074183976,10,11,1,11,7,18,1,22,11,11,3,0,0,14,12,4,7,33,14,11,7,43,47,5,1,7,1348,0,0,0,8,6.153407137246461,54.902962206333,46.96969696969697,50,15.164644714038129,41.1764705882353,85.71428571428571,78.57142857142857,1.5714285714285714,3,10,4,70.93175074183976
S39G01N153,2021-2022,20220109,away,64,8,1,10,3,13,2,20,13,14,4,2,2,8,7,2,4,34,17,13,6,45,42,5,0,7,1354,0,0,0,7,-1.4244215224925938,59.96801705756929,55.88235294117647,49,15.723270440251572,21.428571428571427,87.5,47.05882352941177,1.1428571428571428,6,11,7,71.50369276218612,10,11,1,11,7,18,1,22,11,11,3,0,0,14,12,4,7,33,14,11,7,43,47,5,1,7,1354,0,0,0,8,1.4244215224925938,54.902962206333,46.96969696969697,50,15.164644714038129,41.1764705882353,85.71428571428571,78.57142857142857,1.5714285714285714,6,11,4,71.50369276218612
S39G01N153,2021-2022,20220109,away,64,9,1,10,3,13,2,20,13,14,4,2,2,8,7,2,4,34,17,13,6,45,42,5,0,7,1354,0,0,0,7,-1.4244215224925938,59.96801705756929,55.88235294117647,50,15.723270440251572,21.428571428571427,87.5,52.94117647058823,1.2857142857142858,6,11,7,71.50369276218612,10,11,1,11,7,18,1,22,11,11,3,0,0,14,12,4,7,33,14,11,7,43,47,5,1,7,1354,0,0,0,8,1.4244215224925938,54.902962206333,46.96969696969697,50,15.164644714038129,41.1764705882353,85.71428571428571,78.57142857142857,1.5714285714285714,6,11,4,71.50369276218612
S39G01N153,2021-2022,20220109,away,64,9,1,10,3,13,2,20,13,14,4,2,2,8,7,2,4,34,17,13,6,45,42,5,0,7,1354,0,0,0,7,-1.4244215224925938,59.96801705756929,55.88235294117647,50,15.723270440251572,21.428571428571427,87.5,52.94117647058823,1.2857142857142858,6,11,7,71.50369276218612,10,11,1,11,7,18,1,22,11,11,3,0,0,14,12,4,7,33,14,11,7,43,47,5,1,7,1354,0,0,0,8,1.4244215224925938,54.902962206333,46.96969696969697,50,15.164644714038129,41.1764705882353,85.71428571428571,78.57142857142857,1.5714285714285714,6,11,4,71.50369276218612
S39G01N153,2021-2022,20220109,away,64,9,1,10,3,13,2,20,13,14,4,2,2,8,7,2,4,34,17,13,6,45,42,5,0,7,1367,0,0,0,7,1.3097897427630443,59.96801705756929,55.88235294117647,50,15.723270440251572,21.428571428571427,87.5,52.94117647058823,1.2857142857142858,6,11,7,71.70153621068033,10,11,1,11,7,18,1,23,11,11,3,0,0,14,12,4,7,34,14,11,7,43,48,5,1,7,1367,0,0,0,8,-1.3097897427630443,53.53585657370518,45.588235294117645,49,14.843087362171334,41.1764705882353,85.71428571428571,78.57142857142857,1.5714285714285714,6,11,4,71.70153621068033
S39G01N153,2021-2022,20220109,away,64,9,1,11,3,14,2,20,13,14,4,2,2,8,7,2,4,34,17,13,6,45,42,5,0,7,1370,0,0,0,7,1.3097897427630443,59.96801705756929,55.88235294117647,51,15.723270440251572,21.428571428571427,87.5,52.94117647058823,1.2857142857142858,6,11,7,71.54452554744526,10,11,1,11,7,18,1,23,11,11,3,0,0,14,12,4,7,34,14,11,7,43,48,5,1,7,1370,0,0,0,8,-1.3097897427630443,53.53585657370518,45.588235294117645,49,14.843087362171334,38.888888888888886,85.71428571428571,78.57142857142857,1.5714285714285714,6,11,4,71.54452554744526
S39G01N153,2021-2022,20220109,away,64,9,1,11,3,14,2,21,13,14,4,2,2,8,7,2,4,35,17,13,6,45,43,5,0,7,1377,0,0,0,7,-1.2391637588873294,58.41121495327102,54.285714285714285,50,15.377855887521967,21.428571428571427,87.5,52.94117647058823,1.2857142857142858,6,11,7,72.05228758169936,10,11,1,11,7,18,1,23,11,11,3,0,0,14,12,4,7,34,14,11,7,43,48,5,1,7,1377,0,0,0,8,1.2391637588873294,53.53585657370518,45.588235294117645,49,14.843087362171334,38.888888888888886,85.71428571428571,78.57142857142857,1.5714285714285714,6,11,4,72.05228758169936
S39G01N153,2021-2022,20220109,away,64,9,1,11,3,14,2,21,13,14,4,2,2,8,7,2,4,35,17,13,6,45,43,5,0,7,1378,0,0,0,7,-1.2391637588873294,58.41121495327102,54.285714285714285,50,15.377855887521967,21.428571428571427,87.5,52.94117647058823,1.2857142857142858,6,11,7,72.0,10,11,2,11,7,18,1,23,11,11,3,0,0,14,12,4,7,34,14,11,7,43,48,5,1,7,1378,0,0,0,8,1.2391637588873294,53.53585657370518,45.588235294117645,50,14.843087362171334,38.888888888888886,85.71428571428571,78.57142857142857,1.5714285714285714,6,11,4,72.0
S39G01N153,2021-2022,20220109,away,64,9,1,11,3,14,2,21,13,14,4,2,2,8,7,2,4,35,17,13,6,45,43,5,0,7,1380,0,0,0,7,-1.2391637588873294,58.41121495327102,54.285714285714285,50,15.377855887521967,20.0,87.5,52.94117647058823,1.2857142857142858,6,11,7,71.89565217391305,10,11,2,12,7,19,1,23,11,11,3,0,0,14,12,4,7,34,14,11,7,43,48,5,1,7,1380,0,0,0,8,1.2391637588873294,53.53585657370518,45.588235294117645,51,14.843087362171334,38.888888888888886,85.71428571428571,78.57142857142857,1.5714285714285714,6,11,4,71.89565217391305
S39G01N153,2021-2022,20220109,away,64,9,1,11,3,14,2,21,13,14,4,2,2,8,7,2,4,35,17,13,6,45,43,5,0,7,1383,0,0,0,7,1.362189816122637,58.41121495327102,54.285714285714285,50,15.377855887521967,20.0,87.5,52.94117647058823,1.2857142857142858,6,11,7,72.60737527114968,10,11,2,12,7,19,1,23,11,11,3,0,0,14,12,4,7,34,14,11,7,43,48,5,1,8,1383,0,0,0,9,-1.362189816122637,53.53585657370518,45.588235294117645,50,16.611295681063122,38.888888888888886,85.71428571428571,78.57142857142857,1.375,6,11,4,72.60737527114968
S39G01N153,2021-2022,20220109,away,64,9,1,11,3,14,2,21,13,14,4,2,2,8,7,2,4,35,17,13,6,45,43,6,0,7,1384,0,0,0,7,1.362189816122637,58.41121495327102,54.285714285714285,51,15.377855887521967,20.0,87.5,52.94117647058823,1.2857142857142858,6,11,7,72.5549132947977,10,11,2,12,7,19,1,23,11,11,3,0,0,14,12,4,7,34,14,11,7,43,48,5,1,8,1384,0,0,0,9,-1.362189816122637,53.53585657370518,45.588235294117645,50,16.611295681063122,38.888888888888886,85.71428571428571,78.57142857142857,1.375,6,11,4,72.5549132947977
S39G01N153,2021-2022,20220109,away,64,9,1,11,3,14,2,21,13,14,4,2,2,8,7,2,4,35,17,13,6,45,43,6,0,8,1387,0,0,0,8,-1.0696242782827596,58.41121495327102,54.285714285714285,50,17.196904557179707,20.0,87.5,52.94117647058823,1.125,6,11,7,73.26315789473685,10,11,2,12,7,19,1,23,11,11,3,0,0,14,12,4,7,34,14,11,7,43,48,5,1,8,1387,0,0,0,9,1.0696242782827596,53.53585657370518,45.588235294117645,50,16.611295681063122,38.888888888888886,85.71428571428571,78.57142857142857,1.375,6,11,4,73.26315789473685
S39G01N153,2021-2022,20220109,away,64,9,1,11,3,14,2,21,13,14,4,2,2,8,7,2,4,35,17,13,6,45,43,6,0,8,1389,0,0,0,8,-1.0696242782827596,58.41121495327102,54.285714285714285,50,17.196904557179707,20.0,87.5,52.94117647058823,1.125,6,11,7,73.15766738660908,10,11,2,12,7,19,1,23,11,11,3,0,0,14,12,4,7,34,14,11,7,43,48,6,1,8,1389,0,0,0,9,1.0696242782827596,53.53585657370518,45.588235294117645,51,16.611295681063122,38.888888888888886,85.71428571428571,78.57142857142857,1.375,6,11,4,73.15766738660908
S39G01N153,2021-2022,20220109,away,64,9,1,11,3,14,2,21,13,14,4,2,2,8,7,2,4,35,17,13,6,45,43,6,0,8,1394,0,0,0,8,1.4083254269449554,58.41121495327102,54.285714285714285,50,17.196904557179707,20.0,87.5,52.94117647058823,1.125,6,11,7,73.75609756097562,10,11,2,12,7,19,1,24,11,11,3,0,0,14,12,4,7,35,14,11,7,43,49,6,1,8,1394,0,0,0,9,-1.4083254269449554,52.2351797862002,44.285714285714285,50,16.27339300244101,38.888888888888886,85.71428571428571,78.57142857142857,1.375,6,11,4,73.75609756097562
S39G01N153,2021-2022,20220109,away,64,9,1,12,3,15,2,21,13,14,4,2,2,8,7,2,4,35,17,13,6,45,43,6,0,8,1396,0,0,0,8,1.4083254269449554,58.41121495327102,54.285714285714285,51,17.196904557179707,20.0,87.5,52.94117647058823,1.125,6,11,7,73.65042979942693,10,11,2,12,7,19,1,24,11,11,3,0,0,14,12,4,7,35,14,11,7,43,49,6,1,8,1396,0,0,0,9,-1.4083254269449554,52.2351797862002,44.285714285714285,50,16.27339300244101,36.8421052631579,85.71428571428571,78.57142857142857,1.375,6,11,4,73.65042979942693
S39G01N153,2021-2022,20220109,away,64,9,1,12,3,15,2,21,13,15,5,2,2,8,7,2,4,36,18,13,6,48,44,6,0,8,1414,0,0,0,8,5.82430172312381,60.72874493927125,56.94444444444444,54,16.835016835016834,20.0,87.5,50.0,1.125,9,11,7,73.56152758132957,10,11,2,12,7,19,1,24,11,11,3,0,0,14,12,4,7,35,14,11,7,43,49,6,1,8,1414,0,0,0,9,-5.82430172312381,52.2351797862002,44.285714285714285,50,16.27339300244101,36.8421052631579,85.71428571428571,78.57142857142857,1.375,9,11,4,73.56152758132957
S39G01N153,2021-2022,20220109,away,64,9,1,12,3,15,2,21,13,15,5,2,2,8,7,2,4,36,18,13,6,48,44,6,0,8,1432,0,0,0,8,8.187425214022156,60.72874493927125,56.94444444444444,54,16.835016835016834,20.0,87.5,50.0,1.125,9,11,7,73.47486033519554,10,11,2,12,7,19,1,24,11,12,3,0,0,14,12,4,7,36,14,11,7,43,50,6,1,8,1432,0,0,0,9,-8.187425214022156,50.99620493358634,43.05555555555556,49,15.94896331738437,36.8421052631579,85.71428571428571,78.57142857142857,1.375,9,11,4,73.47486033519554
S39G01N153,2021-2022,20220109,away,64,9,1,13,3,16,2,21,13,15,5,2,2,8,7,2,4,36,18,13,6,48,44,6,0,8,1434,0,0,0,8,8.187425214022156,60.72874493927125,56.94444444444444,55,16.835016835016834,20.0,87.5,50.0,1.125,9,11,7,73.3723849372385,10,11,2,12,7,19,1,24,11,12,3,0,0,14,12,4,7,36,14,11,7,43,50,6,1,8,1434,0,0,0,9,-8.187425214022156,50.99620493358634,43.05555555555556,49,15.94896331738437,35.0,85.71428571428571,78.57142857142857,1.375,9,11,4,73.3723849372385
S39G01N153,2021-2022,20220109,away,64,9,1,13,3,16,2,22,14,15,5,3,3,8,7,2,4,37,19,13,6,50,45,6,0,8,1448,0,0,0,8,10.21254139173972,61.69792694965449,58.108108108108105,57,16.488046166529266,20.0,87.5,47.36842105263158,1.125,11,11,7,73.49171270718233,10,11,2,12,7,19,1,24,11,12,3,0,0,14,12,4,7,36,14,11,7,43,50,6,1,8,1448,0,0,0,9,-10.21254139173972,50.99620493358634,43.05555555555556,49,15.94896331738437,35.0,85.71428571428571,78.57142857142857,1.375,11,11,4,73.49171270718233
S39G01N153,2021-2022,20220109,away,64,10,1,13,3,16,2,22,14,15,5,3,3,8,7,2,4,37,19,13,6,50,45,6,0,8,1448,0,0,0,8,10.21254139173972,61.69792694965449,58.108108108108105,58,16.488046166529266,20.0,87.5,52.63157894736842,1.25,11,11,7,73.49171270718233,10,11,2,12,7,19,1,24,11,12,3,0,0,14,12,4,7,36,14,11,7,43,50,6,1,8,1448,0,0,0,9,-10.21254139173972,50.99620493358634,43.05555555555556,49,15.94896331738437,35.0,85.71428571428571,78.57142857142857,1.375,11,11,4,73.49171270718233
S39G01N153,2021-2022,20220109,away,64,10,1,13,3,16,2,22,14,15,5,3,3,8,7,2,4,37,19,14,7,50,45,6,0,8,1463,0,0,0,8,10.21254139173972,61.69792694965449,58.108108108108105,58,16.488046166529266,20.0,87.5,52.63157894736842,1.25,11,11,7,72.7382091592618,10,11,2,12,7,19,1,24,11,12,3,0,0,14,12,4,7,36,14,11,7,43,50,6,1,8,1463,0,0,0,9,-10.21254139173972,50.99620493358634,43.05555555555556,49,15.94896331738437,35.0,85.71428571428571,78.57142857142857,1.375,11,11,4,72.7382091592618
S39G01N153,2021-2022,20220109,away,64,10,1,13,3,16,2,22,14,15,5,3,3,8,7,2,4,37,19,14,7,50,45,6,0,8,1463,0,0,0,8,10.21254139173972,61.69792694965449,58.108108108108105,58,16.488046166529266,20.0,87.5,52.63157894736842,1.25,11,11,7,72.7382091592618,10,11,2,12,7,19,1,24,11,12,3,0,0,14,12,4,7,36,14,11,7,43,50,6,1,8,1463,0,0,0,9,-10.21254139173972,50.99620493358634,43.05555555555556,49,15.94896331738437,35.0,85.71428571428571,78.57142857142857,1.375,11,11,4,72.7382091592618
S39G01N153,2021-2022,20220109,away,64,10,1,13,3,16,2,22,14,15,5,3,3,8,7,2,4,37,19,14,7,50,45,6,0,8,1463,0,0,0,8,10.21254139173972,61.69792694965449,58.108108108108105,58,16.488046166529266,20.0,87.5,52.63157894736842,1.25,11,11,7,72.7382091592618,10,11,2,12,7,19,1,24,11,12,3,0,0,14,12,4,7,36,14,11,7,43,50,6,1,8,1463,0,0,0,9,-10.21254139173972,50.99620493358634,43.05555555555556,49,15.94896331738437,35.0,85.71428571428571,78.57142857142857,1.375,11,11,4,72.7382091592618
S39G01N153,2021-2022,20220109,away,64,10,1,13,3,16,2,22,14,15,5,3,3,8,7,2,4,37,19,14,7,50,45,6,0,8,1463,0,0,0,8,10.21254139173972,61.69792694965449,58.108108108108105,58,16.488046166529266,20.0,87.5,52.63157894736842,1.25,11,11,7,72.7382091592618,10,11,2,12,7,19,1,24,11,12,3,0,0,14,12,4,7,36,14,11,7,43,50,6,1,8,1463,0,0,0,9,-10.21254139173972,50.99620493358634,43.05555555555556,49,15.94896331738437,35.0,85.71428571428571,78.57142857142857,1.375,11,11,4,72.7382091592618
S39G01N153,2021-2022,20220109,away,64,10,1,13,3,16,2,22,14,15,5,3,3,8,7,2,4,37,19,14,7,50,45,6,0,8,1463,0,0,0,8,10.21254139173972,61.69792694965449,58.108108108108105,58,16.488046166529266,20.0,87.5,52.63157894736842,1.25,11,11,7,72.7382091592618,10,11,2,12,7,19,1,24,11,12,3,0,0,14,12,4,7,36,14,11,7,43,50,6,1,8,1463,0,0,0,9,-10.21254139173972,50.99620493358634,43.05555555555556,49,15.94896331738437,35.0,85.71428571428571,78.57142857142857,1.375,11,11,4,72.7382091592618
S39G01N153,2021-2022,20220109,away,64,10,1,13,3,16,2,22,14,15,5,3,3,8,7,2,4,37,19,14,7,50,45,6,0,8,1463,0,0,0,8,10.21254139173972,61.69792694965449,58.108108108108105,58,16.488046166529266,20.0,87.5,52.63157894736842,1.25,11,11,7,72.7382091592618,10,11,2,12,7,19,1,24,11,12,3,0,0,14,12,4,7,36,14,11,7,43,50,6,1,8,1463,0,0,0,9,-10.21254139173972,50.99620493358634,43.05555555555556,49,15.94896331738437,35.0,85.71428571428571,78.57142857142857,1.375,11,11,4,72.7382091592618
S39G01N153,2021-2022,20220109,away,64,10,1,13,3,16,2,22,14,15,5,3,3,8,7,2,4,37,19,14,7,50,45,6,0,8,1463,0,0,0,8,10.21254139173972,61.69792694965449,58.108108108108105,58,16.488046166529266,20.0,87.5,52.63157894736842,1.25,11,11,7,72.7382091592618,10,11,2,12,7,19,1,24,11,12,3,0,0,14,12,4,7,36,14,11,7,43,50,6,1,8,1463,0,0,0,9,-10.21254139173972,50.99620493358634,43.05555555555556,49,15.94896331738437,35.0,85.71428571428571,78.57142857142857,1.375,11,11,4,72.7382091592618
S39G01N153,2021-2022,20220109,away,64,10,1,13,3,16,2,22,14,15,5,3,3,8,7,2,4,37,19,14,7,50,45,6,0,8,1463,0,0,0,8,10.21254139173972,61.69792694965449,58.108108108108105,58,16.488046166529266,20.0,87.5,52.63157894736842,1.25,11,11,7,72.7382091592618,10,11,2,12,7,19,1,24,11,12,3,0,0,14,12,4,7,36,14,11,7,43,50,6,1,8,1463,0,0,0,9,-10.21254139173972,50.99620493358634,43.05555555555556,49,15.94896331738437,35.0,85.71428571428571,78.57142857142857,1.375,11,11,4,72.7382091592618
S39G01N153,2021-2022,20220109,away,64,10,1,13,3,16,2,22,14,15,5,3,3,8,7,2,4,37,19,15,8,50,45,6,0,8,1470,0,0,0,8,10.21254139173972,61.69792694965449,58.108108108108105,58,16.488046166529266,20.0,87.5,52.63157894736842,1.25,11,11,7,72.39183673469388,10,11,2,12,7,19,1,24,11,12,3,0,0,14,12,4,7,36,14,11,7,43,50,6,1,8,1470,0,0,0,9,-10.21254139173972,50.99620493358634,43.05555555555556,49,15.94896331738437,35.0,85.71428571428571,78.57142857142857,1.375,11,11,4,72.39183673469388
S39G01N153,2021-2022,20220109,away,64,10,1,13,3,16,2,22,14,15,5,3,3,8,7,2,4,37,19,15,8,50,45,6,0,8,1470,0,0,0,8,10.21254139173972,61.69792694965449,58.108108108108105,58,16.488046166529266,20.0,87.5,52.63157894736842,1.25,11,11,7,72.39183673469388,10,11,2,12,7,19,1,24,11,12,3,0,0,14,12,4,7,36,14,11,7,43,50,6,1,8,1470,0,0,0,9,-10.21254139173972,50.99620493358634,43.05555555555556,49,15.94896331738437,35.0,85.71428571428571,78.57142857142857,1.375,11,11,4,72.39183673469388
S39G01N153,2021-2022,20220109,away,64,10,1,13,3,16,2,22,14,15,5,3,3,8,7,2,4,37,19,15,8,50,45,6,0,8,1481,0,0,0,8,5.675161101347385,61.69792694965449,58.108108108108105,58,16.488046166529266,20.0,87.5,52.63157894736842,1.25,3,11,7,72.66441593517894,10,11,2,12,7,19,1,24,11,13,4,0,0,14,12,4,7,37,15,11,7,46,51,6,1,8,1481,0,0,0,9,-5.675161101347385,53.290083410565344,45.945945945945944,52,15.637216575449571,35.0,85.71428571428571,73.33333333333333,1.375,3,11,4,72.66441593517894
S39G01N153,2021-2022,20220109,away,64,10,1,13,3,16,2,22,14,16,5,3,3,8,7,2,4,38,19,15,8,50,46,6,0,8,1501,0,0,0,8,3.3139868157064996,60.21194605009634,56.578947368421055,57,16.15508885298869,20.0,87.5,52.63157894736842,1.25,3,11,7,72.49566955363092,10,11,2,12,7,19,1,24,11,13,4,0,0,14,12,4,7,37,15,11,7,46,51,6,1,8,1501,0,0,0,9,-3.3139868157064996,53.290083410565344,45.945945945945944,52,15.637216575449571,35.0,85.71428571428571,73.33333333333333,1.375,3,11,4,72.49566955363092
S39G01N153,2021-2022,20220109,away,64,10,1,13,3,16,2,22,14,16,5,3,3,8,7,2,4,38,19,15,8,50,46,6,0,8,1503,0,0,0,8,3.3139868157064996,60.21194605009634,56.578947368421055,57,16.15508885298869,18.75,87.5,52.63157894736842,1.25,3,11,7,72.39920159680639,10,11,2,13,7,20,1,24,11,13,4,0,0,14,12,4,7,37,15,11,7,46,51,6,1,8,1503,0,0,0,9,-3.3139868157064996,53.290083410565344,45.945945945945944,53,15.637216575449571,35.0,85.71428571428571,73.33333333333333,1.375,3,11,4,72.39920159680639
S39G01N153,2021-2022,20220109,away,64,10,1,13,3,16,2,22,14,16,5,3,3,8,7,2,4,38,19,15,8,50,46,6,0,8,1525,0,0,0,8,1.1919023751986657,60.21194605009634,56.578947368421055,57,16.15508885298869,18.75,87.5,52.63157894736842,1.25,5,11,7,72.1416393442623,10,11,2,13,7,20,1,25,12,13,4,0,0,14,12,4,7,38,16,11,7,48,52,6,1,8,1525,0,0,0,9,-1.1919023751986657,54.34782608695652,47.36842105263158,55,15.337423312883436,35.0,85.71428571428571,68.75,1.375,5,11,4,72.1416393442623
S39G01N153,2021-2022,20220109,away,64,10,1,13,3,16,2,22,14,16,5,3,3,8,7,2,4,38,19,15,8,50,46,6,0,8,1525,0,0,0,8,1.1919023751986657,60.21194605009634,56.578947368421055,57,16.15508885298869,18.75,87.5,52.63157894736842,1.25,5,11,7,72.1416393442623,10,11,2,13,7,20,1,25,12,13,4,0,0,14,12,4,7,38,16,11,7,48,52,6,1,8,1525,0,0,0,9,-1.1919023751986657,54.34782608695652,47.36842105263158,55,15.337423312883436,35.0,85.71428571428571,68.75,1.375,5,11,4,72.1416393442623
S39G01N153,2021-2022,20220109,away,64,10,1,13,3,16,2,22,14,16,5,3,3,8,7,2,4,38,19,15,8,50,46,6,0,8,1525,0,0,0,8,1.1919023751986657,60.21194605009634,56.578947368421055,57,16.15508885298869,18.75,87.5,52.63157894736842,1.25,5,11,7,72.1416393442623,10,11,2,13,7,20,1,25,12,13,4,0,0,14,12,4,7,38,16,11,7,48,52,6,1,8,1525,0,0,0,9,-1.1919023751986657,54.34782608695652,47.36842105263158,55,15.337423312883436,35.0,85.71428571428571,68.75,1.375,5,11,4,72.1416393442623
S39G01N153,2021-2022,20220109,away,64,10,1,13,3,16,2,22,14,16,5,3,3,8,7,2,4,38,19,15,8,50,46,6,0,8,1525,0,0,0,8,1.1919023751986657,60.21194605009634,56.578947368421055,57,16.15508885298869,18.75,87.5,52.63157894736842,1.25,5,11,7,72.1416393442623,10,11,2,13,7,20,1,25,12,13,4,0,0,14,12,4,7,38,16,11,7,48,52,6,1,8,1525,0,0,0,9,-1.1919023751986657,54.34782608695652,47.36842105263158,55,15.337423312883436,35.0,85.71428571428571,68.75,1.375,5,11,4,72.1416393442623
S39G01N153,2021-2022,20220109,away,64,10,1,13,3,16,2,22,14,16,5,3,3,8,7,2,4,38,19,15,8,50,46,6,0,9,1546,0,0,0,9,-1.0698958883192944,60.21194605009634,56.578947368421055,56,17.814726840855105,18.75,87.5,52.63157894736842,1.1111111111111112,5,11,7,71.93790426908151,10,11,2,13,7,20,1,25,12,13,4,0,0,14,12,4,7,38,16,11,7,48,52,6,1,8,1546,0,0,0,9,1.0698958883192944,54.34782608695652,47.36842105263158,55,15.337423312883436,35.0,85.71428571428571,68.75,1.375,5,11,4,71.93790426908151
S39G01N153,2021-2022,20220109,away,64,10,1,13,3,16,2,22,14,16,5,3,3,8,7,2,4,38,19,15,8,50,46,6,0,9,1547,0,0,0,9,-1.0698958883192944,60.21194605009634,56.578947368421055,56,17.814726840855105,18.75,87.5,52.63157894736842,1.1111111111111112,5,11,7,71.89140271493213,10,11,2,13,7,20,1,25,12,13,4,0,0,14,12,4,7,38,16,11,7,48,52,7,1,8,1547,0,0,0,9,1.0698958883192944,54.34782608695652,47.36842105263158,56,15.337423312883436,35.0,85.71428571428571,68.75,1.375,5,11,4,71.89140271493213
S39G01N153,2021-2022,20220109,away,64,10,1,13,3,16,2,22,14,16,5,3,3,8,7,2,4,38,19,15,8,50,46,6,0,9,1563,0,0,0,9,-3.100035595702863,60.21194605009634,56.578947368421055,56,17.814726840855105,18.75,87.5,52.63157894736842,1.1111111111111112,7,11,7,71.9232245681382,10,11,2,13,7,20,1,26,13,13,4,0,0,14,12,4,7,39,17,11,7,50,53,7,1,8,1563,0,0,0,9,3.100035595702863,55.35872453498672,48.717948717948715,58,15.04890895410083,35.0,85.71428571428571,64.70588235294117,1.375,7,11,4,71.9232245681382
S39G01N153,2021-2022,20220109,away,64,10,1,13,3,16,2,22,14,17,6,3,3,8,7,2,4,39,20,15,8,53,47,6,0,9,1581,0,0,0,9,0.9144150386983085,62.32361241768579,58.97435897435897,59,17.46894409937888,18.75,87.5,50.0,1.1111111111111112,3,11,7,71.86337760910817,10,11,2,13,7,20,1,26,13,13,4,0,0,14,12,4,7,39,17,11,7,50,53,7,1,8,1581,0,0,0,9,-0.9144150386983085,55.35872453498672,48.717948717948715,58,15.04890895410083,35.0,85.71428571428571,64.70588235294117,1.375,3,11,4,71.86337760910817
S39G01N153,2021-2022,20220109,away,64,11,1,13,3,16,2,22,14,17,6,3,3,8,7,2,4,39,20,15,8,53,47,6,0,9,1581,0,0,0,9,0.9144150386983085,62.32361241768579,58.97435897435897,60,17.46894409937888,18.75,87.5,55.0,1.2222222222222223,3,11,7,71.86337760910817,10,11,2,13,7,20,1,26,13,13,4,0,0,14,12,4,7,39,17,11,7,50,53,7,1,8,1581,0,0,0,9,-0.9144150386983085,55.35872453498672,48.717948717948715,58,15.04890895410083,35.0,85.71428571428571,64.70588235294117,1.375,3,11,4,71.86337760910817
S39G01N153,2021-2022,20220109,away,64,11,1,13,3,16,2,22,14,17,6,3,3,8,7,2,4,39,20,15,8,53,47,6,0,9,1602,0,0,0,9,-1.0296288371592368,62.32361241768579,58.97435897435897,60,17.46894409937888,18.75,87.5,55.0,1.2222222222222223,2,11,7,71.67041198501873,10,11,2,13,7,20,1,27,14,13,4,0,0,14,12,4,7,40,18,11,7,52,54,7,1,8,1602,0,0,0,9,1.0296288371592368,56.3258232235702,50.0,60,14.771048744460858,35.0,85.71428571428571,61.111111111111114,1.375,2,11,4,71.67041198501873
S39G01N153,2021-2022,20220109,away,64,11,1,13,3,16,2,22,14,17,6,3,3,8,7,2,4,39,20,15,8,53,47,6,0,9,1619,0,0,0,9,-1.0296288371592368,62.32361241768579,58.97435897435897,60,17.46894409937888,18.75,87.5,55.0,1.2222222222222223,2,11,7,70.91785052501545,10,11,2,13,7,20,1,27,14,13,4,0,0,14,12,4,7,40,18,12,8,52,54,7,1,8,1619,0,0,0,9,1.0296288371592368,56.3258232235702,50.0,60,14.771048744460858,35.0,85.71428571428571,61.111111111111114,1.375,2,11,4,70.91785052501545
S39G01N153,2021-2022,20220109,away,64,11,1,13,3,16,2,22,14,17,6,3,3,8,7,2,4,39,20,15,8,53,47,6,0,9,1619,0,0,0,9,-1.0296288371592368,62.32361241768579,58.97435897435897,60,17.46894409937888,18.75,87.5,55.0,1.2222222222222223,2,11,7,70.91785052501545,10,11,2,13,7,20,1,27,14,13,4,0,0,14,12,4,7,40,18,12,8,52,54,7,1,8,1619,0,0,0,9,1.0296288371592368,56.3258232235702,50.0,60,14.771048744460858,35.0,85.71428571428571,61.111111111111114,1.375,2,11,4,70.91785052501545
S39G01N153,2021-2022,20220109,away,64,11,1,13,3,16,2,22,14,17,6,3,3,8,7,2,4,39,20,15,8,53,47,6,0,9,1619,0,0,0,9,-1.0296288371592368,62.32361241768579,58.97435897435897,60,17.46894409937888,18.75,87.5,55.0,1.2222222222222223,2,11,7,70.91785052501545,10,11,2,13,7,20,1,27,14,13,4,0,0,14,12,4,7,40,18,12,8,52,54,7,1,8,1619,0,0,0,9,1.0296288371592368,56.3258232235702,50.0,60,14.771048744460858,35.0,85.71428571428571,61.111111111111114,1.375,2,11,4,70.91785052501545
S39G01N153,2021-2022,20220109,away,64,11,1,13,3,16,2,22,14,17,6,3,3,8,7,2,4,39,20,15,8,53,47,6,0,9,1619,0,0,0,9,-1.0296288371592368,62.32361241768579,58.97435897435897,60,17.46894409937888,18.75,87.5,55.0,1.2222222222222223,2,11,7,70.91785052501545,10,11,2,13,7,20,1,27,14,13,4,0,0,14,12,4,7,40,18,12,8,52,54,7,1,8,1619,0,0,0,9,1.0296288371592368,56.3258232235702,50.0,60,14.771048744460858,35.0,85.71428571428571,61.111111111111114,1.375,2,11,4,70.91785052501545
S39G01N153,2021-2022,20220109,away,64,11,1,13,3,16,2,22,14,17,6,3,3,8,7,2,4,39,20,15,8,53,47,6,0,10,1620,0,0,0,10,-3.2354710393655495,62.32361241768579,58.97435897435897,59,19.040365575019038,18.75,87.5,55.0,1.1,2,11,7,71.61481481481482,10,11,2,13,7,20,1,27,14,13,4,0,0,14,12,4,7,40,18,12,8,52,54,7,1,8,1620,0,0,0,9,3.2354710393655495,56.3258232235702,50.0,60,14.771048744460858,35.0,85.71428571428571,61.111111111111114,1.375,2,11,4,71.61481481481482
S39G01N153,2021-2022,20220109,away,64,11,1,13,3,16,2,22,14,17,6,3,3,8,7,2,4,39,20,15,8,53,47,6,0,10,1620,0,0,0,10,-3.2354710393655495,62.32361241768579,58.97435897435897,59,19.040365575019038,18.75,87.5,55.0,1.1,2,11,7,71.61481481481482,10,11,2,13,7,20,1,27,14,13,4,0,0,14,12,4,7,40,18,12,8,52,54,7,1,8,1620,0,0,0,9,3.2354710393655495,56.3258232235702,50.0,60,14.771048744460858,35.0,85.71428571428571,61.111111111111114,1.375,2,11,4,71.61481481481482
S39G01N153,2021-2022,20220109,away,64,11,1,13,3,16,2,22,14,17,6,3,3,8,7,2,4,39,20,15,8,53,47,6,0,10,1620,0,0,0,10,-3.2354710393655495,62.32361241768579,58.97435897435897,59,19.040365575019038,18.75,87.5,55.0,1.1,2,11,7,71.61481481481482,10,11,2,13,7,20,1,27,14,13,4,0,0,14,12,4,7,40,18,12,8,52,54,7,1,8,1620,0,0,0,9,3.2354710393655495,56.3258232235702,50.0,60,14.771048744460858,35.0,85.71428571428571,61.111111111111114,1.375,2,11,4,71.61481481481482
S39G01N153,2021-2022,20220109,away,64,11,1,13,3,16,2,22,14,17,6,3,3,8,7,2,4,39,20,15,8,53,47,6,0,10,1638,0,0,0,10,-0.9459582758602352,62.32361241768579,58.97435897435897,59,19.040365575019038,18.75,87.5,55.0,1.1,2,11,7,71.56043956043956,10,11,2,13,7,20,1,27,14,14,4,0,0,14,12,4,7,41,18,12,8,52,55,7,1,8,1638,0,0,0,9,0.9459582758602352,55.13146734520781,48.78048780487805,59,14.503263234227703,35.0,85.71428571428571,61.111111111111114,1.375,2,11,4,71.56043956043956
S39G01N153,2021-2022,20220109,away,64,11,1,13,3,16,2,22,14,17,6,3,3,8,7,2,4,39,20,15,8,53,47,6,0,10,1640,0,0,0,10,-3.2354710393655495,62.32361241768579,58.97435897435897,59,19.040365575019038,18.75,87.5,55.0,1.1,2,11,7,70.74146341463415,10,11,2,13,8,21,1,27,14,14,4,0,0,14,12,4,7,41,18,12,8,52,55,7,1,8,1640,0,0,0,9,3.2354710393655495,55.13146734520781,48.78048780487805,60,14.503263234227703,38.095238095238095,85.71428571428571,61.111111111111114,1.375,2,11,4,70.74146341463415
S39G01N153,2021-2022,20220109,away,64,11,1,13,3,16,2,22,14,17,6,3,3,8,7,2,4,39,20,16,8,53,47,6,0,10,1640,0,0,0,10,-3.2354710393655495,62.32361241768579,58.97435897435897,59,19.040365575019038,18.75,87.5,55.0,1.1,2,11,7,70.74146341463415,10,11,2,13,8,21,1,27,14,14,4,0,0,14,12,4,7,41,18,12,8,52,55,7,1,8,1640,0,0,0,9,3.2354710393655495,55.13146734520781,48.78048780487805,60,14.503263234227703,38.095238095238095,85.71428571428571,61.111111111111114,1.375,2,11,4,70.74146341463415
S39G01N153,2021-2022,20220109,away,64,11,1,13,3,16,2,22,14,17,6,3,3,8,7,2,4,39,20,16,8,53,47,6,0,10,1640,0,0,0,10,-3.2354710393655495,62.32361241768579,58.97435897435897,59,19.040365575019038,18.75,87.5,55.0,1.1,2,11,7,70.74146341463415,10,11,2,13,8,21,1,27,14,14,4,0,0,14,12,4,7,41,18,12,8,52,55,7,1,8,1640,0,0,0,9,3.2354710393655495,55.13146734520781,48.78048780487805,60,14.503263234227703,38.095238095238095,85.71428571428571,61.111111111111114,1.375,2,11,4,70.74146341463415
S39G01N153,2021-2022,20220109,away,64,11,1,13,3,16,2,22,14,17,6,3,3,8,7,2,4,39,20,16,8,53,47,6,0,10,1640,0,0,0,10,-4.317074164075976,62.32361241768579,58.97435897435897,59,19.040365575019038,18.75,87.5,55.0,1.1,3,11,7,71.06341463414634,10,11,2,13,8,21,1,27,14,14,4,0,0,15,13,4,7,41,18,12,8,53,56,7,1,8,1640,0,0,0,9,4.317074164075976,55.67226890756302,48.78048780487805,61,14.388489208633093,38.095238095238095,86.66666666666667,61.111111111111114,1.375,3,11,4,71.06341463414634
S39G01N153,2021-2022,20220109,away,64,11,1,13,3,16,2,22,14,17,6,3,3,8,7,2,4,39,20,16,8,53,47,6,0,10,1640,0,0,0,10,-5.378864408899972,62.32361241768579,58.97435897435897,59,19.040365575019038,18.75,87.5,55.0,1.1,4,12,7,71.38536585365854,10,11,2,13,8,21,1,27,14,14,4,0,0,16,14,4,7,41,18,12,8,54,57,7,1,8,1640,0,0,0,9,5.378864408899972,56.20316402997502,48.78048780487805,62,14.275517487508923,38.095238095238095,87.5,61.111111111111114,1.375,4,12,4,71.38536585365854
S39G01N153,2021-2022,20220109,away,64,11,1,13,3,16,2,22,14,17,6,3,3,8,7,2,4,39,20,16,8,53,47,6,0,10,1660,0,0,0,10,-5.378864408899972,62.32361241768579,58.97435897435897,59,19.040365575019038,18.75,87.5,55.0,1.1,4,12,7,70.52530120481927,10,11,2,13,8,21,1,27,14,14,4,0,0,16,14,4,7,41,18,13,9,54,57,7,1,8,1660,0,0,0,9,5.378864408899972,56.20316402997502,48.78048780487805,62,14.275517487508923,38.095238095238095,87.5,61.111111111111114,1.375,4,12,4,70.52530120481927
S39G01N153,2021-2022,20220109,away,64,11,1,13,3,16,2,22,14,17,6,3,3,8,7,2,4,39,20,16,8,53,47,6,0,10,1660,0,0,0,10,-5.378864408899972,62.32361241768579,58.97435897435897,59,19.040365575019038,18.75,87.5,55.0,1.1,4,12,7,70.52530120481927,10,11,2,13,8,21,1,27,14,14,4,0,0,16,14,4,7,41,18,13,9,54,57,7,1,8,1660,0,0,0,9,5.378864408899972,56.20316402997502,48.78048780487805,62,14.275517487508923,38.095238095238095,87.5,61.111111111111114,1.375,4,12,4,70.52530120481927
S39G01N153,2021-2022,20220109,away,64,11,1,13,3,16,2,22,14,17,6,3,3,8,7,2,4,39,20,16,8,53,47,6,0,11,1672,0,0,0,11,-7.497381108247751,62.32361241768579,58.97435897435897,58,20.553064275037368,18.75,87.5,55.0,1.0,4,12,7,70.73684210526315,10,11,2,13,8,21,1,27,14,14,4,0,0,16,14,4,7,41,18,13,9,54,57,7,1,8,1672,0,0,0,9,7.497381108247751,56.20316402997502,48.78048780487805,62,14.275517487508923,38.095238095238095,87.5,61.111111111111114,1.375,4,12,4,70.73684210526315
S39G01N153,2021-2022,20220109,away,64,11,1,13,3,16,2,22,14,17,6,3,3,8,7,2,4,39,20,16,8,53,47,6,0,11,1673,0,0,0,11,-7.497381108247751,62.32361241768579,58.97435897435897,58,20.553064275037368,18.75,87.5,55.0,1.0,4,12,7,70.69456066945607,10,11,2,13,8,21,1,27,14,14,4,0,0,16,14,4,7,41,18,13,9,54,57,8,1,8,1673,0,0,0,9,7.497381108247751,56.20316402997502,48.78048780487805,63,14.275517487508923,38.095238095238095,87.5,61.111111111111114,1.375,4,12,4,70.69456066945607
S39G01N153,2021-2022,20220109,away,64,11,1,13,3,16,2,22,14,17,6,3,3,8,7,2,4,39,20,16,8,53,47,6,0,11,1678,0,0,0,11,-9.283548969994285,62.32361241768579,58.97435897435897,58,20.553064275037368,18.75,87.5,55.0,1.0,6,12,7,71.19904648390941,10,11,2,13,8,21,1,28,15,14,4,0,0,16,14,4,7,42,19,13,9,56,58,8,1,8,1678,0,0,0,9,9.283548969994285,57.09624796084829,50.0,65,14.025245441795231,38.095238095238095,87.5,57.89473684210526,1.375,6,12,4,71.19904648390941
S39G01N153,2021-2022,20220109,away,64,11,1,13,3,16,2,22,14,17,6,3,3,8,7,2,4,39,20,16,8,53,47,6,0,11,1678,0,0,0,11,-9.283548969994285,62.32361241768579,58.97435897435897,58,20.553064275037368,18.75,87.5,55.0,1.0,6,12,7,71.19904648390941,10,12,2,13,8,21,1,28,15,14,4,0,0,16,14,4,7,42,19,13,9,56,58,8,1,8,1678,0,0,0,9,9.283548969994285,57.09624796084829,50.0,66,14.025245441795231,38.095238095238095,87.5,63.1578947368421,1.5,6,12,4,71.19904648390941
S39G01N153,2021-2022,20220109,away,64,11,1,13,3,16,2,22,14,17,6,3,3,8,7,2,4,39,20,16,8,53,47,6,0,11,1678,0,0,0,11,-9.283548969994285,62.32361241768579,58.97435897435897,58,20.553064275037368,18.75,87.5,55.0,1.0,6,12,7,71.19904648390941,10,12,2,13,8,21,1,28,15,14,4,0,0,16,14,5,9,42,19,13,9,56,58,8,1,8,1678,0,0,0,9,9.283548969994285,57.09624796084829,50.0,66,14.025245441795231,38.095238095238095,87.5,63.1578947368421,1.5,6,12,4,71.19904648390941
S39G01N153,2021-2022,20220109,away,64,11,1,13,3,16,2,23,14,17,6,3,3,8,7,2,4,40,20,16,8,53,48,6,0,11,1702,0,0,0,11,-11.319825114243173,60.89154411764706,57.5,57,20.176082171680115,18.75,87.5,55.0,1.0,6,12,7,70.90011750881315,10,12,2,13,8,21,1,28,15,14,4,0,0,16,14,5,9,42,19,13,9,56,58,8,1,8,1702,0,0,0,9,11.319825114243173,57.09624796084829,50.0,66,14.025245441795231,38.095238095238095,87.5,63.1578947368421,1.5,6,12,4,70.90011750881315
S39G01N153,2021-2022,20220109,away,64,11,1,13,3,16,2,23,14,17,6,3,3,8,7,2,4,40,20,16,8,53,48,6,0,11,1704,0,0,0,11,-11.319825114243173,60.89154411764706,57.5,57,20.176082171680115,17.647058823529413,87.5,55.0,1.0,6,12,7,70.8169014084507,10,12,2,14,8,22,1,28,15,14,4,0,0,16,14,5,9,42,19,13,9,56,58,8,1,8,1704,0,0,0,9,11.319825114243173,57.09624796084829,50.0,67,14.025245441795231,38.095238095238095,87.5,63.1578947368421,1.5,6,12,4,70.8169014084507
S39G01N153,2021-2022,20220109,away,64,11,1,13,3,16,2,23,14,17,6,3,3,8,7,2,4,40,20,16,8,53,48,6,0,11,1709,0,0,0,11,-15.033004652178889,60.89154411764706,57.5,57,20.176082171680115,17.647058823529413,87.5,55.0,1.0,9,12,7,71.31187829139847,10,12,2,14,8,22,1,28,15,15,5,0,0,16,14,5,9,43,20,13,9,59,59,8,1,8,1709,0,0,0,9,15.033004652178889,58.952837729816146,52.325581395348834,70,13.783597518952448,38.095238095238095,87.5,60.0,1.5,9,12,6,71.31187829139847
S39G01N153,2021-2022,20220109,away,64,11,1,13,3,16,2,23,14,17,6,3,3,8,7,2,4,40,20,16,8,53,48,6,0,11,1709,0,0,0,11,-15.033004652178889,60.89154411764706,57.5,57,20.176082171680115,17.647058823529413,87.5,55.0,1.0,9,12,7,71.31187829139847,10,13,2,14,8,22,1,28,15,15,5,0,0,16,14,5,9,43,20,13,9,59,59,8,1,8,1709,0,0,0,9,15.033004652178889,58.952837729816146,52.325581395348834,71,13.783597518952448,38.095238095238095,87.5,65.0,1.625,9,12,6,71.31187829139847
S39G01N153,2021-2022,20220109,away,64,11,1,13,3,16,2,23,14,17,6,3,3,8,7,2,4,40,20,16,8,53,48,6,0,11,1709,0,0,0,11,-15.033004652178889,60.89154411764706,57.5,57,20.176082171680115,17.647058823529413,87.5,55.0,1.0,9,12,7,71.31187829139847,10,13,2,14,8,22,1,28,15,15,5,0,0,16,14,5,9,43,20,13,9,59,59,8,1,8,1709,0,0,0,9,15.033004652178889,58.952837729816146,52.325581395348834,71,13.783597518952448,38.095238095238095,87.5,65.0,1.625,9,12,6,71.31187829139847
S39G01N153,2021-2022,20220109,away,64,11,1,13,3,16,2,23,14,17,6,3,3,8,7,2,4,40,20,16,8,53,48,6,0,11,1709,0,0,0,11,-15.033004652178889,60.89154411764706,57.5,57,20.176082171680115,17.647058823529413,87.5,55.0,1.0,9,12,7,71.31187829139847,10,13,2,14,8,22,1,28,15,15,5,0,0,16,14,5,9,43,20,13,9,59,59,8,1,8,1709,0,0,0,9,15.033004652178889,58.952837729816146,52.325581395348834,71,13.783597518952448,38.095238095238095,87.5,65.0,1.625,9,12,6,71.31187829139847
S39G01N153,2021-2022,20220109,away,64,11,1,13,3,16,2,23,14,17,6,3,3,8,7,2,4,40,20,16,8,53,48,6,0,11,1709,0,0,0,11,-15.033004652178889,60.89154411764706,57.5,57,20.176082171680115,17.647058823529413,87.5,55.0,1.0,9,12,7,71.31187829139847,10,13,2,14,8,22,1,28,15,15,5,0,0,16,14,5,9,43,20,13,9,59,59,8,1,8,1709,0,0,0,9,15.033004652178889,58.952837729816146,52.325581395348834,71,13.783597518952448,38.095238095238095,87.5,65.0,1.625,9,12,6,71.31187829139847
S39G01N153,2021-2022,20220109,away,64,11,1,13,3,16,2,24,15,17,6,3,3,8,7,2,4,41,21,16,8,55,49,6,0,11,1730,0,0,0,11,-13.183664797027575,61.76999101527403,58.53658536585366,59,19.812680115273775,17.647058823529413,87.5,52.38095238095238,1.0,2,12,7,71.13988439306358,10,13,2,14,8,22,1,28,15,15,5,0,0,16,14,5,9,43,20,13,9,59,59,8,1,8,1730,0,0,0,9,13.183664797027575,58.952837729816146,52.325581395348834,71,13.783597518952448,38.095238095238095,87.5,65.0,1.625,2,12,6,71.13988439306358
S39G01N153,2021-2022,20220109,away,64,12,1,13,3,16,2,24,15,17,6,3,3,8,7,2,4,41,21,16,8,55,49,6,0,11,1730,0,0,0,11,-13.183664797027575,61.76999101527403,58.53658536585366,60,19.812680115273775,17.647058823529413,87.5,57.142857142857146,1.0909090909090908,2,12,7,71.13988439306358,10,13,2,14,8,22,1,28,15,15,5,0,0,16,14,5,9,43,20,13,9,59,59,8,1,8,1730,0,0,0,9,13.183664797027575,58.952837729816146,52.325581395348834,71,13.783597518952448,38.095238095238095,87.5,65.0,1.625,2,12,6,71.13988439306358
S39G01N153,2021-2022,20220109,away,64,12,1,13,3,16,2,24,15,17,6,3,3,8,7,2,4,41,21,16,8,55,49,6,0,11,1750,0,0,0,11,-10.87360062266174,61.76999101527403,58.53658536585366,60,19.812680115273775,17.647058823529413,87.5,57.142857142857146,1.0909090909090908,2,12,7,71.01257142857143,10,13,2,14,8,22,1,28,15,16,5,0,0,16,14,5,9,44,20,13,9,59,60,8,1,8,1750,0,0,0,9,10.87360062266174,57.79780564263323,51.13636363636363,70,13.550135501355014,38.095238095238095,87.5,65.0,1.625,2,12,6,71.01257142857143
S39G01N153,2021-2022,20220109,away,64,12,1,14,3,17,2,24,15,17,6,3,3,8,7,2,4,41,21,16,8,55,49,6,0,11,1752,0,0,0,11,-10.87360062266174,61.76999101527403,58.53658536585366,61,19.812680115273775,17.647058823529413,87.5,57.142857142857146,1.0909090909090908,2,12,7,70.93150684931507,10,13,2,14,8,22,1,28,15,16,5,0,0,16,14,5,9,44,20,13,9,59,60,8,1,8,1752,0,0,0,9,10.87360062266174,57.79780564263323,51.13636363636363,70,13.550135501355014,36.36363636363637,87.5,65.0,1.625,2,12,6,70.93150684931507
S39G01N153,2021-2022,20220109,away,64,12,1,14,3,17,2,25,16,17,6,3,3,8,7,2,4,42,22,16,8,57,50,6,0,11,1759,0,0,0,11,-9.093369132800092,62.60984182776801,59.523809523809526,63,19.462137296532198,17.647058823529413,87.5,54.54545454545455,1.0909090909090908,4,12,7,71.33143831722569,10,13,2,14,8,22,1,28,15,16,5,0,0,16,14,5,9,44,20,13,9,59,60,8,1,8,1759,0,0,0,9,9.093369132800092,57.79780564263323,51.13636363636363,70,13.550135501355014,36.36363636363637,87.5,65.0,1.625,4,12,6,71.33143831722569
S39G01N153,2021-2022,20220109,away,64,12,1,14,3,17,2,25,16,17,6,3,3,8,7,2,4,42,22,16,8,57,50,6,0,11,1775,0,0,0,11,-10.715282828317655,62.60984182776801,59.523809523809526,63,19.462137296532198,17.647058823529413,87.5,54.54545454545455,1.0909090909090908,2,12,7,71.36450704225352,10,13,2,14,8,22,1,29,16,16,5,0,0,16,14,5,9,45,21,13,9,61,61,8,1,8,1775,0,0,0,9,10.715282828317655,58.60876249039201,52.22222222222222,72,13.324450366422385,36.36363636363637,87.5,61.904761904761905,1.625,2,12,6,71.36450704225352
S39G01N153,2021-2022,20220109,away,64,12,1,14,3,17,2,25,16,17,6,3,3,8,7,2,4,42,22,16,8,57,50,6,0,11,1775,0,0,0,11,-10.715282828317655,62.60984182776801,59.523809523809526,63,19.462137296532198,17.647058823529413,87.5,54.54545454545455,1.0909090909090908,2,12,7,71.36450704225352,10,14,2,14,8,22,1,29,16,16,5,0,0,16,14,5,9,45,21,13,9,61,61,8,1,8,1775,0,0,0,9,10.715282828317655,58.60876249039201,52.22222222222222,73,13.324450366422385,36.36363636363637,87.5,66.66666666666667,1.75,2,12,6,71.36450704225352
S39G01N153,2021-2022,20220109,away,64,12,1,14,3,17,2,25,16,18,6,3,3,8,7,2,4,43,22,16,8,57,51,6,0,11,1797,0,0,0,11,-12.668735545714327,61.2639724849527,58.13953488372093,62,19.12378303198887,17.647058823529413,87.5,54.54545454545455,1.0909090909090908,2,12,7,71.15859766277129,10,14,2,14,8,22,1,29,16,16,5,0,0,16,14,5,9,45,21,13,9,61,61,8,1,8,1797,0,0,0,9,12.668735545714327,58.60876249039201,52.22222222222222,73,13.324450366422385,36.36363636363637,87.5,66.66666666666667,1.75,2,12,6,71.15859766277129
S39G01N153,2021-2022,20220109,away,64,12,1,14,3,17,2,25,16,18,6,3,3,8,7,2,4,43,22,16,8,57,51,6,0,11,1799,0,0,0,11,-12.668735545714327,61.2639724849527,58.13953488372093,62,19.12378303198887,16.666666666666668,87.5,54.54545454545455,1.0909090909090908,2,12,7,71.07948860478044,10,14,2,15,8,23,1,29,16,16,5,0,0,16,14,5,9,45,21,13,9,61,61,8,1,8,1799,0,0,0,9,12.668735545714327,58.60876249039201,52.22222222222222,74,13.324450366422385,36.36363636363637,87.5,66.66666666666667,1.75,2,12,6,71.07948860478044
S39G01N153,2021-2022,20220109,away,64,12,1,14,3,17,2,25,16,18,6,3,3,8,7,2,4,43,22,16,8,57,51,6,0,11,1799,0,0,0,11,-12.668735545714327,61.2639724849527,58.13953488372093,62,19.12378303198887,16.666666666666668,87.5,54.54545454545455,1.0909090909090908,2,12,7,71.07948860478044,10,14,2,15,8,23,1,29,16,16,5,0,0,16,14,5,9,45,21,13,9,61,61,8,1,8,1799,0,0,0,9,12.668735545714327,58.60876249039201,52.22222222222222,74,13.324450366422385,36.36363636363637,87.5,66.66666666666667,1.75,2,12,6,71.07948860478044
S39G01N153,2021-2022,20220109,away,64,12,1,14,3,17,2,25,16,18,6,3,3,8,7,2,4,43,22,16,8,57,51,6,0,11,1800,0,0,0,11,-12.668735545714327,61.2639724849527,58.13953488372093,62,19.12378303198887,16.666666666666668,87.5,54.54545454545455,1.0909090909090908,2,12,7,71.03999999999999,10,14,2,15,8,23,1,29,16,16,5,0,0,16,14,5,9,45,21,13,9,61,61,8,1,8,1800,0,0,0,9,12.668735545714327,58.60876249039201,52.22222222222222,74,13.324450366422385,36.36363636363637,87.5,66.66666666666667,1.75,2,12,6,71.03999999999999
S39G01N153,2021-2022,20220109,away,64,12,1,14,3,17,2,25,16,18,6,3,3,8,7,2,4,43,22,16,8,57,51,6,0,11,1800,0,0,0,11,-12.668735545714327,61.2639724849527,58.13953488372093,62,19.12378303198887,16.666666666666668,87.5,54.54545454545455,1.0909090909090908,2,12,7,71.03999999999999,10,14,2,15,8,23,1,29,16,16,5,0,0,16,14,5,9,45,21,13,9,61,61,8,1,8,1800,0,0,0,9,12.668735545714327,58.60876249039201,52.22222222222222,74,13.324450366422385,36.36363636363637,87.5,66.66666666666667,1.75,2,12,6,71.03999999999999
S39G01N153,2021-2022,20220109,away,64,12,1,14,3,17,2,25,16,18,6,3,3,8,7,2,4,43,22,16,8,57,51,6,0,11,1800,0,0,0,11,-12.668735545714327,61.2639724849527,58.13953488372093,62,19.12378303198887,16.666666666666668,87.5,54.54545454545455,1.0909090909090908,2,12,7,71.03999999999999,10,14,2,15,8,23,1,29,16,16,5,0,0,16,14,5,9,45,21,13,9,61,61,8,1,8,1800,0,0,0,9,12.668735545714327,58.60876249039201,52.22222222222222,74,13.324450366422385,36.36363636363637,87.5,66.66666666666667,1.75,2,12,6,71.03999999999999
S39G01N153,2021-2022,20220109,away,64,12,1,14,3,17,2,25,16,18,6,3,3,8,7,2,4,43,22,16,8,57,51,6,0,11,1800,0,0,0,11,-12.668735545714327,61.2639724849527,58.13953488372093,62,19.12378303198887,16.666666666666668,87.5,54.54545454545455,1.0909090909090908,2,12,7,71.03999999999999,10,14,2,15,8,23,1,29,16,16,5,0,0,16,14,5,9,45,21,13,9,61,61,8,1,8,1800,0,0,0,9,12.668735545714327,58.60876249039201,52.22222222222222,74,13.324450366422385,36.36363636363637,87.5,66.66666666666667,1.75,2,12,6,71.03999999999999
S39G01N153,2021-2022,20220109,away,64,12,1,14,3,17,2,25,16,18,6,3,3,8,7,2,4,43,22,16,8,57,51,6,0,11,1800,0,0,0,11,-12.668735545714327,61.2639724849527,58.13953488372093,62,19.12378303198887,16.666666666666668,87.5,54.54545454545455,1.0909090909090908,2,12,7,71.03999999999999,10,14,2,15,8,23,1,29,16,16,5,0,0,16,14,5,9,45,21,13,9,61,61,8,1,8,1800,0,0,0,9,12.668735545714327,58.60876249039201,52.22222222222222,74,13.324450366422385,36.36363636363637,87.5,66.66666666666667,1.75,2,12,6,71.03999999999999
S39G01N153,2021-2022,20220109,away,64,12,1,14,3,17,2,25,16,18,6,3,3,8,7,2,4,43,22,16,8,57,51,6,0,11,1800,0,0,0,11,-12.668735545714327,61.2639724849527,58.13953488372093,62,19.12378303198887,16.666666666666668,87.5,54.54545454545455,1.0909090909090908,2,12,7,71.03999999999999,10,14,2,15,8,23,1,29,16,16,5,0,0,16,14,5,9,45,21,13,9,61,61,8,1,8,1800,0,0,0,9,12.668735545714327,58.60876249039201,52.22222222222222,74,13.324450366422385,36.36363636363637,87.5,66.66666666666667,1.75,2,12,6,71.03999999999999
S39G01N153,2021-2022,20220109,away,64,12,1,14,3,17,2,25,16,18,6,3,3,8,7,2,4,43,22,16,8,57,51,6,0,11,1800,0,0,0,11,-12.668735545714327,61.2639724849527,58.13953488372093,62,19.12378303198887,16.666666666666668,87.5,54.54545454545455,1.0909090909090908,2,12,7,71.03999999999999,10,14,2,15,8,23,1,29,16,16,5,0,0,16,14,5,9,45,21,13,9,61,61,8,1,8,1800,0,0,0,9,12.668735545714327,58.60876249039201,52.22222222222222,74,13.324450366422385,36.36363636363637,87.5,66.66666666666667,1.75,2,12,6,71.03999999999999
S39G01N153,2021-2022,20220109,away,64,12,1,14,3,17,2,25,16,18,6,3,3,8,7,2,4,43,22,16,8,57,51,6,0,11,1800,0,0,0,11,-12.668735545714327,61.2639724849527,58.13953488372093,62,19.12378303198887,16.666666666666668,87.5,54.54545454545455,1.0909090909090908,2,12,7,71.03999999999999,10,14,2,15,8,23,1,29,16,16,5,0,0,16,14,5,9,45,21,13,9,61,61,8,1,8,1800,0,0,0,9,12.668735545714327,58.60876249039201,52.22222222222222,74,13.324450366422385,36.36363636363637,87.5,66.66666666666667,1.75,2,12,6,71.03999999999999
S39G01N153,2021-2022,20220109,away,64,12,1,14,3,17,2,25,16,18,6,3,3,8,7,2,4,43,22,16,8,57,51,6,0,11,1800,0,0,0,11,-12.668735545714327,61.2639724849527,58.13953488372093,62,19.12378303198887,16.666666666666668,87.5,54.54545454545455,1.0909090909090908,2,12,7,71.03999999999999,10,14,2,15,8,23,1,29,16,16,5,0,0,16,14,5,9,45,21,13,9,61,61,8,1,8,1800,0,0,0,9,12.668735545714327,58.60876249039201,52.22222222222222,74,13.324450366422385,36.36363636363637,87.5,66.66666666666667,1.75,2,12,6,71.03999999999999
S39G01N153,2021-2022,20220109,away,64,12,1,14,3,17,2,25,16,18,6,3,3,8,7,2,4,43,22,16,8,57,51,6,0,11,1800,0,0,0,11,-12.668735545714327,61.2639724849527,58.13953488372093,62,19.12378303198887,16.666666666666668,87.5,54.54545454545455,1.0909090909090908,2,12,7,71.03999999999999,10,14,2,15,8,23,1,29,16,16,5,0,0,16,14,5,9,45,21,13,9,61,61,8,1,8,1800,0,0,0,9,12.668735545714327,58.60876249039201,52.22222222222222,74,13.324450366422385,36.36363636363637,87.5,66.66666666666667,1.75,2,12,6,71.03999999999999
S39G01N153,2021-2022,20220109,away,64,12,1,14,3,17,2,25,16,18,6,3,3,8,7,2,4,43,22,16,8,57,51,6,0,11,1800,0,0,0,11,-12.668735545714327,61.2639724849527,58.13953488372093,62,19.12378303198887,16.666666666666668,87.5,54.54545454545455,1.0909090909090908,2,12,7,71.03999999999999,10,14,2,15,8,23,1,29,16,16,5,0,0,16,14,5,9,45,21,13,9,61,61,8,1,8,1800,0,0,0,9,12.668735545714327,58.60876249039201,52.22222222222222,74,13.324450366422385,36.36363636363637,87.5,66.66666666666667,1.75,2,12,6,71.03999999999999
S39G01N153,2021-2022,20220109,away,64,12,1,14,3,17,2,25,16,18,6,3,3,8,7,2,4,43,22,16,8,57,51,6,0,11,1800,0,0,0,11,-12.668735545714327,61.2639724849527,58.13953488372093,62,19.12378303198887,16.666666666666668,87.5,54.54545454545455,1.0909090909090908,2,12,7,71.03999999999999,10,14,2,15,8,23,1,29,16,16,5,0,0,16,14,5,9,45,21,13,9,61,61,8,1,8,1800,0,0,0,9,12.668735545714327,58.60876249039201,52.22222222222222,74,13.324450366422385,36.36363636363637,87.5,66.66666666666667,1.75,2,12,6,71.03999999999999
S39G01N153,2021-2022,20220109,away,64,12,1,14,3,17,2,25,16,18,6,3,3,8,7,2,4,43,22,16,8,57,51,6,0,11,1800,0,0,0,11,-12.668735545714327,61.2639724849527,58.13953488372093,62,19.12378303198887,16.666666666666668,87.5,54.54545454545455,1.0909090909090908,2,12,7,71.03999999999999,10,14,2,15,8,23,1,29,16,16,5,0,0,16,14,5,9,45,21,13,9,61,61,8,1,8,1800,0,0,0,9,12.668735545714327,58.60876249039201,52.22222222222222,74,13.324450366422385,36.36363636363637,87.5,66.66666666666667,1.75,2,12,6,71.03999999999999
S39G01N153,2021-2022,20220109,away,64,12,1,14,3,17,2,25,16,18,6,3,3,8,7,2,4,43,22,16,8,57,51,6,0,11,1800,0,0,0,11,-12.668735545714327,61.2639724849527,58.13953488372093,62,19.12378303198887,16.666666666666668,87.5,54.54545454545455,1.0909090909090908,2,12,7,71.03999999999999,10,14,2,15,8,23,1,29,16,16,5,0,0,16,14,5,9,45,21,13,9,61,61,8,1,8,1800,0,0,0,9,12.668735545714327,58.60876249039201,52.22222222222222,74,13.324450366422385,36.36363636363637,87.5,66.66666666666667,1.75,2,12,6,71.03999999999999
S39G01N153,2021-2022,20220109,away,64,12,1,14,3,17,2,25,16,18,6,3,3,8,7,2,4,43,22,16,8,57,51,6,0,11,1800,0,0,0,11,-12.668735545714327,61.2639724849527,58.13953488372093,62,19.12378303198887,16.666666666666668,87.5,54.54545454545455,1.0909090909090908,2,12,7,71.03999999999999,10,14,2,15,8,23,1,29,16,16,5,0,0,16,14,5,9,45,21,13,9,61,61,8,1,8,1800,0,0,0,9,12.668735545714327,58.60876249039201,52.22222222222222,74,13.324450366422385,36.36363636363637,87.5,66.66666666666667,1.75,2,12,6,71.03999999999999
S39G01N153,2021-2022,20220109,away,64,12,1,14,3,17,2,25,16,18,6,3,3,8,7,2,4,43,22,16,8,57,51,6,0,11,1800,0,0,0,11,-12.668735545714327,61.2639724849527,58.13953488372093,62,19.12378303198887,16.666666666666668,87.5,54.54545454545455,1.0909090909090908,2,12,7,71.03999999999999,10,14,2,15,8,23,1,29,16,16,5,0,0,16,14,5,9,45,21,13,9,61,61,8,1,8,1800,0,0,0,9,12.668735545714327,58.60876249039201,52.22222222222222,74,13.324450366422385,36.36363636363637,87.5,66.66666666666667,1.75,2,12,6,71.03999999999999
S39G01N153,2021-2022,20220109,away,64,12,1,14,3,17,2,25,16,18,6,3,3,8,7,2,4,43,22,16,8,57,51,6,0,11,1800,0,0,0,11,-12.668735545714327,61.2639724849527,58.13953488372093,62,19.12378303198887,16.666666666666668,87.5,54.54545454545455,1.0909090909090908,2,12,7,71.03999999999999,10,14,2,15,8,23,1,29,16,16,5,0,0,16,14,5,9,45,21,13,9,61,61,8,1,8,1800,0,0,0,9,12.668735545714327,58.60876249039201,52.22222222222222,74,13.324450366422385,36.36363636363637,87.5,66.66666666666667,1.75,2,12,6,71.03999999999999
S39G01N153,2021-2022,20220109,away,64,12,1,14,3,17,2,25,16,18,6,3,3,8,7,2,4,43,22,16,8,57,51,6,0,11,1800,0,0,0,11,-12.668735545714327,61.2639724849527,58.13953488372093,62,19.12378303198887,16.666666666666668,87.5,54.54545454545455,1.0909090909090908,2,12,7,71.03999999999999,10,14,2,15,8,23,1,29,16,16,5,0,0,16,14,5,9,45,21,13,9,61,61,8,1,8,1800,0,0,0,9,12.668735545714327,58.60876249039201,52.22222222222222,74,13.324450366422385,36.36363636363637,87.5,66.66666666666667,1.75,2,12,6,71.03999999999999
S39G01N153,2021-2022,20220109,away,64,12,1,14,3,17,2,25,16,18,6,3,3,8,7,2,4,43,22,16,8,57,51,6,0,11,1800,0,0,0,11,-12.668735545714327,61.2639724849527,58.13953488372093,62,19.12378303198887,16.666666666666668,87.5,54.54545454545455,1.0909090909090908,2,12,7,71.03999999999999,10,14,2,15,8,23,1,29,16,16,5,0,0,16,14,5,9,45,21,13,9,61,61,8,1,8,1800,0,0,0,9,12.668735545714327,58.60876249039201,52.22222222222222,74,13.324450366422385,36.36363636363637,87.5,66.66666666666667,1.75,2,12,6,71.03999999999999
S39G01N153,2021-2022,20220109,away,64,12,1,14,3,17,2,25,16,18,6,3,3,8,7,2,4,43,22,16,8,57,51,6,0,11,1800,0,0,0,11,-12.668735545714327,61.2639724849527,58.13953488372093,62,19.12378303198887,16.666666666666668,87.5,54.54545454545455,1.0909090909090908,2,12,7,71.03999999999999,10,14,2,15,8,23,1,29,16,16,5,0,0,16,14,5,9,45,21,13,9,61,61,8,1,8,1800,0,0,0,9,12.668735545714327,58.60876249039201,52.22222222222222,74,13.324450366422385,36.36363636363637,87.5,66.66666666666667,1.75,2,12,6,71.03999999999999
S39G01N153,2021-2022,20220109,away,64,12,1,14,3,17,2,25,16,18,6,3,3,8,7,2,4,43,22,16,8,57,51,6,0,11,1800,0,0,0,11,-12.668735545714327,61.2639724849527,58.13953488372093,62,19.12378303198887,16.666666666666668,87.5,54.54545454545455,1.0909090909090908,2,12,7,71.03999999999999,10,14,2,15,8,23,1,29,16,16,5,0,0,16,14,5,9,45,21,13,9,61,61,8,1,8,1800,0,0,0,9,12.668735545714327,58.60876249039201,52.22222222222222,74,13.324450366422385,36.36363636363637,87.5,66.66666666666667,1.75,2,12,6,71.03999999999999
S39G01N153,2021-2022,20220109,away,64,12,1,14,3,17,2,25,16,18,6,3,3,8,7,2,4,43,22,16,8,57,51,6,0,11,1800,0,0,0,11,-12.668735545714327,61.2639724849527,58.13953488372093,62,19.12378303198887,16.666666666666668,87.5,54.54545454545455,1.0909090909090908,2,12,7,71.03999999999999,10,14,2,15,8,23,1,29,16,16,5,0,0,16,14,5,9,45,21,13,9,61,61,8,1,8,1800,0,0,0,9,12.668735545714327,58.60876249039201,52.22222222222222,74,13.324450366422385,36.36363636363637,87.5,66.66666666666667,1.75,2,12,6,71.03999999999999
S39G01N153,2021-2022,20220109,away,64,12,1,14,3,17,2,25,16,18,6,3,3,8,7,2,4,43,22,16,8,57,51,6,0,11,1800,0,0,0,11,-12.668735545714327,61.2639724849527,58.13953488372093,62,19.12378303198887,16.666666666666668,87.5,54.54545454545455,1.0909090909090908,2,12,7,71.03999999999999,10,14,2,15,8,23,1,29,16,16,5,0,0,16,14,5,9,45,21,13,9,61,61,8,1,8,1800,0,0,0,9,12.668735545714327,58.60876249039201,52.22222222222222,74,13.324450366422385,36.36363636363637,87.5,66.66666666666667,1.75,2,12,6,71.03999999999999
S39G01N153,2021-2022,20220109,away,64,12,1,14,3,17,2,25,16,18,6,3,3,8,7,2,4,43,22,16,8,57,51,6,0,11,1800,0,0,0,11,-12.668735545714327,61.2639724849527,58.13953488372093,62,19.12378303198887,16.666666666666668,87.5,54.54545454545455,1.0909090909090908,2,12,7,71.03999999999999,10,14,2,15,8,23,1,29,16,16,5,0,0,16,14,5,9,45,21,13,9,61,61,8,1,8,1800,0,0,0,9,12.668735545714327,58.60876249039201,52.22222222222222,74,13.324450366422385,36.36363636363637,87.5,66.66666666666667,1.75,2,12,6,71.03999999999999
S39G01N153,2021-2022,20220109,away,64,12,1,14,3,17,2,25,16,18,6,3,3,8,7,2,4,43,22,16,8,57,51,6,0,11,1800,0,0,0,11,-12.668735545714327,61.2639724849527,58.13953488372093,62,19.12378303198887,16.666666666666668,87.5,54.54545454545455,1.0909090909090908,2,12,7,71.03999999999999,10,14,2,15,8,23,1,29,16,16,5,0,0,16,14,5,9,45,21,13,9,61,61,8,1,8,1800,0,0,0,9,12.668735545714327,58.60876249039201,52.22222222222222,74,13.324450366422385,36.36363636363637,87.5,66.66666666666667,1.75,2,12,6,71.03999999999999
S39G01N153,2021-2022,20220109,away,64,12,1,14,3,17,2,25,16,18,6,3,3,8,7,2,4,43,22,16,8,57,51,6,0,12,1809,0,0,0,12,-14.551818928910834,61.2639724849527,58.13953488372093,61,20.505809979494188,16.666666666666668,87.5,54.54545454545455,1.0,2,12,7,71.34991708126036,10,14,2,15,8,23,1,29,16,16,5,0,0,16,14,5,9,45,21,13,9,61,61,8,1,8,1809,0,0,0,9,14.551818928910834,58.60876249039201,52.22222222222222,74,13.324450366422385,36.36363636363637,87.5,66.66666666666667,1.75,2,12,6,71.34991708126036
S39G01N153,2021-2022,20220109,away,64,12,1,14,3,17,2,25,16,18,6,3,3,8,7,2,4,43,22,16,8,57,51,6,0,12,1824,0,0,0,12,-16.112574491113236,61.2639724849527,58.13953488372093,61,20.505809979494188,16.666666666666668,87.5,54.54545454545455,1.0,4,12,7,71.42105263157896,10,14,2,15,8,23,1,30,17,16,5,0,0,16,14,5,9,46,22,13,9,63,62,8,1,8,1824,0,0,0,9,16.112574491113236,59.38914027149321,53.26086956521739,76,13.106159895150721,36.36363636363637,87.5,63.63636363636363,1.75,4,12,6,71.42105263157896
S39G01N153,2021-2022,20220109,away,64,12,1,14,3,17,2,25,16,18,6,3,3,8,7,2,4,43,22,16,8,57,51,6,0,13,1835,0,0,0,13,-17.929023642774112,61.2639724849527,58.13953488372093,60,21.841397849462364,16.666666666666668,87.5,54.54545454545455,0.9230769230769231,4,12,7,71.64686648501363,10,14,2,15,8,23,1,30,17,16,5,0,0,16,14,5,9,46,22,13,9,63,62,8,1,8,1835,0,0,0,9,17.929023642774112,59.38914027149321,53.26086956521739,76,13.106159895150721,36.36363636363637,87.5,63.63636363636363,1.75,4,12,6,71.64686648501363
S39G01N153,2021-2022,20220109,away,64,12,1,14,3,17,2,25,16,18,6,3,3,8,7,2,4,43,22,16,8,57,51,6,0,13,1836,0,0,0,13,-17.929023642774112,61.2639724849527,58.13953488372093,60,21.841397849462364,16.666666666666668,87.5,54.54545454545455,0.9230769230769231,4,12,7,71.6078431372549,10,14,2,15,8,23,1,30,17,16,5,0,0,16,14,5,9,46,22,13,9,63,62,9,1,8,1836,0,0,0,9,17.929023642774112,59.38914027149321,53.26086956521739,77,13.106159895150721,36.36363636363637,87.5,63.63636363636363,1.75,4,12,6,71.6078431372549
S39G01N153,2021-2022,20220109,away,64,12,1,14,3,17,2,25,16,18,6,3,3,8,7,2,4,43,22,17,9,57,51,6,0,13,1842,0,0,0,13,-17.929023642774112,61.2639724849527,58.13953488372093,60,21.841397849462364,16.666666666666668,87.5,54.54545454545455,0.9230769230769231,4,12,7,71.37459283387622,10,14,2,15,8,23,1,30,17,16,5,0,0,16,14,5,9,46,22,13,9,63,62,9,1,8,1842,0,0,0,9,17.929023642774112,59.38914027149321,53.26086956521739,77,13.106159895150721,36.36363636363637,87.5,63.63636363636363,1.75,4,12,6,71.37459283387622
S39G01N153,2021-2022,20220109,away,64,12,1,14,3,17,2,25,16,18,6,3,3,8,7,2,4,43,22,17,9,57,51,6,0,13,1842,0,0,0,13,-17.929023642774112,61.2639724849527,58.13953488372093,60,21.841397849462364,16.666666666666668,87.5,54.54545454545455,0.9230769230769231,4,12,7,71.37459283387622,10,14,2,15,8,23,1,30,17,16,5,0,0,16,14,5,9,46,22,13,9,63,62,9,1,8,1842,0,0,0,9,17.929023642774112,59.38914027149321,53.26086956521739,77,13.106159895150721,36.36363636363637,87.5,63.63636363636363,1.75,4,12,6,71.37459283387622
S39G01N153,2021-2022,20220109,away,64,12,1,14,3,17,2,25,16,18,6,3,3,8,7,2,4,43,22,17,9,57,51,6,0,13,1842,0,0,0,13,-17.929023642774112,61.2639724849527,58.13953488372093,60,21.841397849462364,16.666666666666668,87.5,54.54545454545455,0.9230769230769231,4,12,7,71.37459283387622,10,14,2,15,8,23,1,30,17,16,5,0,0,16,14,5,9,46,22,13,9,63,62,9,1,8,1842,0,0,0,9,17.929023642774112,59.38914027149321,53.26086956521739,77,13.106159895150721,36.36363636363637,87.5,63.63636363636363,1.75,4,12,6,71.37459283387622
S39G01N153,2021-2022,20220109,away,64,12,1,14,3,17,2,25,16,18,6,3,3,8,7,2,4,43,22,17,9,57,51,6,0,13,1842,0,0,0,13,-17.929023642774112,61.2639724849527,58.13953488372093,60,21.841397849462364,16.666666666666668,87.5,54.54545454545455,0.9230769230769231,4,12,7,71.37459283387622,10,14,2,15,8,23,1,30,17,16,5,0,0,16,14,5,9,46,22,13,9,63,62,9,1,8,1842,0,0,0,9,17.929023642774112,59.38914027149321,53.26086956521739,77,13.106159895150721,36.36363636363637,87.5,63.63636363636363,1.75,4,12,6,71.37459283387622
S39G01N153,2021-2022,20220109,away,64,12,1,14,3,17,2,25,16,18,6,3,3,8,7,2,4,43,22,17,9,57,51,6,0,13,1855,0,0,0,13,-15.731053980616707,61.2639724849527,58.13953488372093,60,21.841397849462364,16.666666666666668,87.5,54.54545454545455,0.9230769230769231,4,12,7,71.52129380053908,10,14,2,15,8,23,1,30,17,17,5,0,0,16,14,5,9,47,22,13,9,63,63,9,1,8,1855,0,0,0,9,15.731053980616707,58.29015544041451,52.12765957446808,76,12.894906511927788,36.36363636363637,87.5,63.63636363636363,1.75,4,12,6,71.52129380053908
S39G01N153,2021-2022,20220109,away,64,12,1,14,3,17,2,25,16,18,6,3,3,8,7,2,4,43,22,17,9,57,51,6,0,13,1856,0,0,0,13,-17.929023642774112,61.2639724849527,58.13953488372093,60,21.841397849462364,16.666666666666668,87.5,54.54545454545455,0.9230769230769231,4,12,7,70.83620689655173,10,14,2,15,9,24,1,30,17,17,5,0,0,16,14,5,9,47,22,13,9,63,63,9,1,8,1856,0,0,0,9,17.929023642774112,58.29015544041451,52.12765957446808,77,12.894906511927788,39.130434782608695,87.5,63.63636363636363,1.75,4,12,6,70.83620689655173
S39G01N153,2021-2022,20220109,away,64,12,1,14,3,17,2,25,16,18,6,3,3,8,7,2,4,43,22,18,10,57,51,6,0,13,1856,0,0,0,13,-17.929023642774112,61.2639724849527,58.13953488372093,60,21.841397849462364,16.666666666666668,87.5,54.54545454545455,0.9230769230769231,4,12,7,70.83620689655173,10,14,2,15,9,24,1,30,17,17,5,0,0,16,14,5,9,47,22,13,9,63,63,9,1,8,1856,0,0,0,9,17.929023642774112,58.29015544041451,52.12765957446808,77,12.894906511927788,39.130434782608695,87.5,63.63636363636363,1.75,4,12,6,70.83620689655173
S39G01N153,2021-2022,20220109,away,64,12,1,14,3,17,2,25,16,18,6,3,3,8,7,2,4,43,22,18,10,57,51,6,0,13,1856,0,0,0,13,-17.929023642774112,61.2639724849527,58.13953488372093,60,21.841397849462364,16.666666666666668,87.5,54.54545454545455,0.9230769230769231,4,12,7,70.83620689655173,10,14,2,15,9,24,1,30,17,17,5,0,0,16,14,5,9,47,22,13,9,63,63,9,1,8,1856,0,0,0,9,17.929023642774112,58.29015544041451,52.12765957446808,77,12.894906511927788,39.130434782608695,87.5,63.63636363636363,1.75,4,12,6,70.83620689655173
S39G01N153,2021-2022,20220109,away,64,12,1,14,3,17,2,25,16,18,6,3,3,8,7,2,4,43,22,18,10,57,51,6,0,13,1866,0,0,0,13,-19.43201623080175,61.2639724849527,58.13953488372093,60,21.841397849462364,16.666666666666668,87.5,54.54545454545455,0.9230769230769231,6,12,7,71.09967845659165,10,14,2,15,9,24,1,31,18,17,5,0,0,16,14,5,9,48,23,13,9,65,64,9,1,8,1866,0,0,0,9,19.43201623080175,59.04796511627907,53.125,79,12.690355329949238,39.130434782608695,87.5,60.869565217391305,1.75,6,12,8,71.09967845659165
S39G01N153,2021-2022,20220109,away,64,12,1,14,3,17,2,25,16,18,6,3,3,8,7,2,4,43,22,18,10,57,51,6,0,13,1866,0,0,0,13,-19.43201623080175,61.2639724849527,58.13953488372093,60,21.841397849462364,16.666666666666668,87.5,54.54545454545455,0.9230769230769231,6,12,7,71.09967845659165,10,15,2,15,9,24,1,31,18,17,5,0,0,16,14,5,9,48,23,13,9,65,64,9,1,8,1866,0,0,0,9,19.43201623080175,59.04796511627907,53.125,80,12.690355329949238,39.130434782608695,87.5,65.21739130434783,1.875,6,12,8,71.09967845659165
S39G01N153,2021-2022,20220109,away,64,12,1,14,3,17,2,26,17,18,6,3,3,8,7,2,4,44,23,18,10,59,52,6,0,13,1884,0,0,0,13,-17.708255050346466,62.079124579124574,59.09090909090909,62,21.480502313284862,16.666666666666668,87.5,52.17391304347826,0.9230769230769231,2,12,7,71.05732484076432,10,15,2,15,9,24,1,31,18,17,5,0,0,16,14,5,9,48,23,13,9,65,64,9,1,8,1884,0,0,0,9,17.708255050346466,59.04796511627907,53.125,80,12.690355329949238,39.130434782608695,87.5,65.21739130434783,1.875,2,12,8,71.05732484076432
S39G01N153,2021-2022,20220109,away,64,12,1,14,3,17,2,26,17,18,6,3,3,8,7,2,4,44,23,18,10,59,52,6,0,13,1907,0,0,0,13,-15.522912151890566,62.079124579124574,59.09090909090909,62,21.480502313284862,16.666666666666668,87.5,52.17391304347826,0.9230769230769231,2,12,7,70.82957524908234,10,15,2,15,9,24,1,31,18,18,5,0,0,16,14,5,9,49,23,13,9,65,65,9,1,8,1907,0,0,0,9,15.522912151890566,57.994289793004995,52.04081632653061,79,12.492192379762649,39.130434782608695,87.5,65.21739130434783,1.875,2,12,8,70.82957524908234
S39G01N153,2021-2022,20220109,away,64,12,1,14,3,17,2,26,17,18,6,3,3,8,7,2,4,44,23,18,10,59,52,6,0,13,1908,0,0,0,13,-17.70825505034648,62.079124579124574,59.09090909090909,62,21.480502313284862,16.666666666666668,87.5,52.17391304347826,0.9230769230769231,2,12,7,70.16352201257861,10,15,2,15,10,25,1,31,18,18,5,0,0,16,14,5,9,49,23,13,9,65,65,9,1,8,1908,0,0,0,9,17.70825505034648,57.994289793004995,52.04081632653061,80,12.492192379762649,41.666666666666664,87.5,65.21739130434783,1.875,2,12,8,70.16352201257861
S39G01N153,2021-2022,20220109,away,64,12,1,14,3,17,2,26,17,18,6,3,3,8,7,2,4,44,23,18,10,59,52,6,0,13,1909,0,0,0,13,-15.522912151890566,62.079124579124574,59.09090909090909,62,21.480502313284862,16.666666666666668,87.5,52.17391304347826,0.9230769230769231,2,12,7,70.75536930330016,10,15,2,15,10,25,1,31,18,18,5,0,0,16,14,5,9,49,23,13,9,65,65,9,1,9,1909,0,0,0,10,15.522912151890566,57.994289793004995,52.04081632653061,79,13.837638376383765,41.666666666666664,87.5,65.21739130434783,1.6666666666666667,2,12,8,70.75536930330016
S39G01N153,2021-2022,20220109,away,64,12,1,14,3,17,2,26,17,18,6,3,3,8,7,2,4,44,23,18,10,59,52,7,0,13,1910,0,0,0,13,-15.522912151890566,62.079124579124574,59.09090909090909,63,21.480502313284862,16.666666666666668,87.5,52.17391304347826,0.9230769230769231,2,12,7,70.71832460732985,10,15,2,15,10,25,1,31,18,18,5,0,0,16,14,5,9,49,23,13,9,65,65,9,1,9,1910,0,0,0,10,15.522912151890566,57.994289793004995,52.04081632653061,79,13.837638376383765,41.666666666666664,87.5,65.21739130434783,1.6666666666666667,2,12,8,70.71832460732985
S39G01N153,2021-2022,20220109,away,64,12,1,14,3,17,2,26,17,18,6,3,3,8,7,2,4,44,23,18,10,59,52,7,0,13,1910,0,0,0,13,-15.522912151890566,62.079124579124574,59.09090909090909,63,21.480502313284862,16.666666666666668,87.5,52.17391304347826,0.9230769230769231,2,12,7,70.71832460732985,10,15,2,15,10,25,1,31,18,18,5,0,0,16,14,5,9,49,23,14,10,65,65,9,1,9,1910,0,0,0,10,15.522912151890566,57.994289793004995,52.04081632653061,79,13.837638376383765,41.666666666666664,87.5,65.21739130434783,1.6666666666666667,2,12,8,70.71832460732985
S39G01N153,2021-2022,20220109,away,64,12,1,14,3,17,2,26,17,18,6,3,3,8,7,2,4,44,23,18,10,59,52,7,0,13,1910,0,0,0,13,-15.522912151890566,62.079124579124574,59.09090909090909,63,21.480502313284862,16.666666666666668,87.5,52.17391304347826,0.9230769230769231,2,12,7,70.71832460732985,10,15,2,15,10,25,1,31,18,18,5,0,0,16,14,5,9,49,23,14,10,65,65,9,1,9,1910,0,0,0,10,15.522912151890566,57.994289793004995,52.04081632653061,79,13.837638376383765,41.666666666666664,87.5,65.21739130434783,1.6666666666666667,2,12,8,70.71832460732985
S39G01N153,2021-2022,20220109,away,64,12,1,14,3,17,2,26,17,18,6,3,3,8,7,2,4,44,23,18,10,59,52,7,0,13,1910,0,0,0,13,-15.522912151890566,62.079124579124574,59.09090909090909,63,21.480502313284862,16.666666666666668,87.5,52.17391304347826,0.9230769230769231,2,12,7,70.71832460732985,10,15,2,15,10,25,1,31,18,18,5,0,0,16,14,5,9,49,23,14,10,65,65,9,1,9,1910,0,0,0,10,15.522912151890566,57.994289793004995,52.04081632653061,79,13.837638376383765,41.666666666666664,87.5,65.21739130434783,1.6666666666666667,2,12,8,70.71832460732985
S39G01N153,2021-2022,20220109,away,64,12,1,14,3,17,2,26,17,18,6,3,3,8,7,2,4,44,23,18,10,59,52,7,0,13,1910,0,0,0,13,-15.522912151890566,62.079124579124574,59.09090909090909,63,21.480502313284862,16.666666666666668,87.5,52.17391304347826,0.9230769230769231,2,12,7,70.71832460732985,10,15,2,15,10,25,1,31,18,18,5,0,0,16,14,5,9,49,23,14,10,65,65,9,1,9,1910,0,0,0,10,15.522912151890566,57.994289793004995,52.04081632653061,79,13.837638376383765,41.666666666666664,87.5,65.21739130434783,1.6666666666666667,2,12,8,70.71832460732985
S39G01N153,2021-2022,20220109,away,64,12,1,14,3,17,2,26,17,18,6,3,3,8,7,2,4,44,23,18,10,59,52,7,0,14,1929,0,0,0,14,-17.275697833378402,62.079124579124574,59.09090909090909,62,22.756827048114435,16.666666666666668,87.5,52.17391304347826,0.8571428571428571,2,12,7,70.6438569206843,10,15,2,15,10,25,1,31,18,18,5,0,0,16,14,5,9,49,23,14,10,65,65,9,1,9,1929,0,0,0,10,17.275697833378402,57.994289793004995,52.04081632653061,79,13.837638376383765,41.666666666666664,87.5,65.21739130434783,1.6666666666666667,2,12,8,70.6438569206843
S39G01N153,2021-2022,20220109,away,64,12,1,14,3,17,2,26,17,18,6,3,3,8,7,2,4,44,23,18,10,59,52,7,0,14,1930,0,0,0,14,-17.275697833378402,62.079124579124574,59.09090909090909,62,22.756827048114435,16.666666666666668,87.5,52.17391304347826,0.8571428571428571,2,12,7,70.60725388601037,10,15,2,15,10,25,1,31,18,18,5,0,0,16,14,5,9,49,23,14,10,65,65,10,1,9,1930,0,0,0,10,17.275697833378402,57.994289793004995,52.04081632653061,80,13.837638376383765,41.666666666666664,87.5,65.21739130434783,1.6666666666666667,2,12,8,70.60725388601037
S39G01N153,2021-2022,20220109,away,64,12,1,14,3,17,2,26,17,18,6,3,3,8,7,2,4,44,23,18,10,59,52,7,0,14,1935,0,0,0,14,-18.737226558707476,62.079124579124574,59.09090909090909,62,22.756827048114435,16.666666666666668,87.5,52.17391304347826,0.8571428571428571,2,12,7,71.04496124031007,10,15,2,15,10,25,1,32,19,18,5,0,0,16,14,5,9,50,24,14,10,67,66,10,1,9,1935,0,0,0,10,18.737226558707476,58.73071528751753,53.0,82,13.628104179285284,41.666666666666664,87.5,62.5,1.6666666666666667,2,12,8,71.04496124031007
S39G01N153,2021-2022,20220109,away,64,12,1,14,3,17,2,26,17,18,6,3,3,8,7,2,4,44,23,18,10,59,52,7,0,14,1935,0,0,0,14,-18.737226558707476,62.079124579124574,59.09090909090909,62,22.756827048114435,16.666666666666668,87.5,52.17391304347826,0.8571428571428571,2,12,7,71.04496124031007,10,16,2,15,10,25,1,32,19,18,5,0,0,16,14,5,9,50,24,14,10,67,66,10,1,9,1935,0,0,0,10,18.737226558707476,58.73071528751753,53.0,83,13.628104179285284,41.666666666666664,87.5,66.66666666666667,1.7777777777777777,2,12,8,71.04496124031007
S39G01N153,2021-2022,20220109,away,64,12,1,14,3,17,2,27,18,18,6,3,3,8,7,2,4,45,24,18,10,61,53,7,0,14,1961,0,0,0,14,-17.07089981810229,62.86067600989282,60.0,64,22.39283429302623,16.666666666666668,87.5,50.0,0.8571428571428571,2,12,7,70.7149413564508,10,16,2,15,10,25,1,32,19,18,5,0,0,16,14,5,9,50,24,14,10,67,66,10,1,9,1961,0,0,0,10,17.07089981810229,58.73071528751753,53.0,83,13.628104179285284,41.666666666666664,87.5,66.66666666666667,1.7777777777777777,2,12,8,70.7149413564508
S39G01N153,2021-2022,20220109,away,64,13,1,14,3,17,2,27,18,18,6,3,3,8,7,2,4,45,24,18,10,61,53,7,0,14,1961,0,0,0,14,-17.07089981810229,62.86067600989282,60.0,65,22.39283429302623,16.666666666666668,87.5,54.166666666666664,0.9285714285714286,2,12,7,70.7149413564508,10,16,2,15,10,25,1,32,19,18,5,0,0,16,14,5,9,50,24,14,10,67,66,10,1,9,1961,0,0,0,10,17.07089981810229,58.73071528751753,53.0,83,13.628104179285284,41.666666666666664,87.5,66.66666666666667,1.7777777777777777,2,12,8,70.7149413564508
S39G01N153,2021-2022,20220109,away,64,13,1,14,3,17,2,27,18,18,6,3,3,8,7,2,4,45,24,18,10,61,53,7,0,14,1974,0,0,0,14,-14.974871435250137,62.86067600989282,60.0,65,22.39283429302623,16.666666666666668,87.5,54.166666666666664,0.9285714285714286,2,12,7,70.85714285714286,10,16,2,15,10,25,1,32,19,19,5,0,0,16,14,5,9,51,24,14,10,67,67,10,1,9,1974,0,0,0,10,14.974871435250137,57.71881461061337,51.96078431372549,82,13.424821002386636,41.666666666666664,87.5,66.66666666666667,1.7777777777777777,2,12,8,70.85714285714286
S39G01N153,2021-2022,20220109,away,64,13,1,15,3,18,2,27,18,18,6,3,3,8,7,2,4,45,24,18,10,61,53,7,0,14,1976,0,0,0,14,-14.974871435250137,62.86067600989282,60.0,66,22.39283429302623,16.666666666666668,87.5,54.166666666666664,0.9285714285714286,2,12,7,70.78542510121457,10,16,2,15,10,25,1,32,19,19,5,0,0,16,14,5,9,51,24,14,10,67,67,10,1,9,1976,0,0,0,10,14.974871435250137,57.71881461061337,51.96078431372549,82,13.424821002386636,40.0,87.5,66.66666666666667,1.7777777777777777,2,12,8,70.78542510121457
S39G01N153,2021-2022,20220109,away,64,13,1,15,3,18,2,27,18,18,6,3,3,8,7,2,4,45,24,18,10,61,53,7,0,14,1980,0,0,0,14,-14.974871435250137,62.86067600989282,60.0,66,22.39283429302623,16.666666666666668,87.5,54.166666666666664,0.9285714285714286,2,12,7,70.64242424242424,10,16,2,15,10,25,1,32,19,19,5,0,0,16,14,5,9,51,24,15,11,67,67,10,1,9,1980,0,0,0,10,14.974871435250137,57.71881461061337,51.96078431372549,82,13.424821002386636,40.0,87.5,66.66666666666667,1.7777777777777777,2,12,8,70.64242424242424
S39G01N153,2021-2022,20220109,away,64,13,1,15,3,18,2,27,18,18,6,3,3,8,7,2,4,45,24,18,10,61,53,7,0,14,1980,0,0,0,14,-14.974871435250137,62.86067600989282,60.0,66,22.39283429302623,16.666666666666668,87.5,54.166666666666664,0.9285714285714286,2,12,7,70.64242424242424,10,16,2,15,10,25,1,32,19,19,5,0,0,16,14,5,9,51,24,15,11,67,67,10,1,9,1980,0,0,0,10,14.974871435250137,57.71881461061337,51.96078431372549,82,13.424821002386636,40.0,87.5,66.66666666666667,1.7777777777777777,2,12,8,70.64242424242424
S39G01N153,2021-2022,20220109,away,64,13,1,15,3,18,2,27,18,18,6,3,3,8,7,2,4,45,24,18,10,61,53,7,0,14,1980,0,0,0,14,-14.974871435250137,62.86067600989282,60.0,66,22.39283429302623,16.666666666666668,87.5,54.166666666666664,0.9285714285714286,2,12,7,70.64242424242424,10,16,2,15,10,25,1,32,19,19,5,0,0,16,14,5,9,51,24,15,11,67,67,10,1,9,1980,0,0,0,10,14.974871435250137,57.71881461061337,51.96078431372549,82,13.424821002386636,40.0,87.5,66.66666666666667,1.7777777777777777,2,12,8,70.64242424242424
S39G01N153,2021-2022,20220109,away,64,13,1,15,3,18,2,27,18,18,6,3,3,8,7,2,4,45,24,18,10,61,53,7,0,14,1980,0,0,0,14,-14.974871435250137,62.86067600989282,60.0,66,22.39283429302623,16.666666666666668,87.5,54.166666666666664,0.9285714285714286,2,12,7,70.64242424242424,10,16,2,15,10,25,1,32,19,19,5,0,0,16,14,5,9,51,24,15,11,67,67,10,1,9,1980,0,0,0,10,14.974871435250137,57.71881461061337,51.96078431372549,82,13.424821002386636,40.0,87.5,66.66666666666667,1.7777777777777777,2,12,8,70.64242424242424
S39G01N153,2021-2022,20220109,away,64,13,1,15,3,18,2,27,18,18,6,3,3,8,7,2,4,45,24,18,10,61,53,7,0,14,1980,0,0,0,14,-14.974871435250137,62.86067600989282,60.0,66,22.39283429302623,16.666666666666668,87.5,54.166666666666664,0.9285714285714286,2,12,7,70.64242424242424,10,16,2,15,10,25,1,32,19,19,5,0,0,16,14,5,9,51,24,15,11,67,67,10,1,9,1980,0,0,0,10,14.974871435250137,57.71881461061337,51.96078431372549,82,13.424821002386636,40.0,87.5,66.66666666666667,1.7777777777777777,2,12,8,70.64242424242424
S39G01N153,2021-2022,20220109,away,64,13,1,15,3,18,2,27,18,18,6,3,3,8,7,2,4,45,24,18,10,61,53,7,0,14,1980,0,0,0,14,-14.974871435250137,62.86067600989282,60.0,66,22.39283429302623,16.666666666666668,87.5,54.166666666666664,0.9285714285714286,2,12,7,70.64242424242424,10,16,2,15,10,25,1,32,19,19,5,0,0,16,14,5,9,51,24,15,11,67,67,10,1,9,1980,0,0,0,10,14.974871435250137,57.71881461061337,51.96078431372549,82,13.424821002386636,40.0,87.5,66.66666666666667,1.7777777777777777,2,12,8,70.64242424242424
S39G01N153,2021-2022,20220109,away,64,13,1,15,3,18,2,28,19,18,6,4,4,8,7,2,4,46,25,18,10,63,54,7,0,14,2000,0,0,0,14,-13.363611672193045,63.61066235864297,60.869565217391305,68,22.040302267002517,16.666666666666668,87.5,52.0,0.9285714285714286,4,12,7,70.536,10,16,2,15,10,25,1,32,19,19,5,0,0,16,14,5,9,51,24,15,11,67,67,10,1,9,2000,0,0,0,10,13.363611672193045,57.71881461061337,51.96078431372549,82,13.424821002386636,40.0,87.5,66.66666666666667,1.7777777777777777,4,12,8,70.536
S39G01N153,2021-2022,20220109,away,64,14,1,15,3,18,2,28,19,18,6,4,4,8,7,2,4,46,25,18,10,63,54,7,0,14,2000,0,0,0,14,-13.363611672193045,63.61066235864297,60.869565217391305,69,22.040302267002517,16.666666666666668,87.5,56.0,1.0,4,12,7,70.536,10,16,2,15,10,25,1,32,19,19,5,0,0,16,14,5,9,51,24,15,11,67,67,10,1,9,2000,0,0,0,10,13.363611672193045,57.71881461061337,51.96078431372549,82,13.424821002386636,40.0,87.5,66.66666666666667,1.7777777777777777,4,12,8,70.536
S39G01N153,2021-2022,20220109,away,64,14,1,15,3,18,2,28,19,18,6,4,4,8,7,2,4,46,25,19,11,63,54,7,0,14,2013,0,0,0,14,-13.363611672193045,63.61066235864297,60.869565217391305,69,22.040302267002517,16.666666666666668,87.5,56.0,1.0,4,12,7,70.08047690014904,10,16,2,15,10,25,1,32,19,19,5,0,0,16,14,5,9,51,24,15,11,67,67,10,1,9,2013,0,0,0,10,13.363611672193045,57.71881461061337,51.96078431372549,82,13.424821002386636,40.0,87.5,66.66666666666667,1.7777777777777777,4,12,8,70.08047690014904
S39G01N153,2021-2022,20220109,away,64,14,1,15,3,18,2,28,19,18,6,4,4,8,7,2,4,46,25,19,11,63,54,7,0,14,2013,0,0,0,14,-13.363611672193045,63.61066235864297,60.869565217391305,69,22.040302267002517,16.666666666666668,87.5,56.0,1.0,4,12,7,70.08047690014904,10,16,2,15,10,25,1,32,19,19,5,0,0,16,14,5,9,51,24,15,11,67,67,10,1,9,2013,0,0,0,10,13.363611672193045,57.71881461061337,51.96078431372549,82,13.424821002386636,40.0,87.5,66.66666666666667,1.7777777777777777,4,12,8,70.08047690014904
S39G01N153,2021-2022,20220109,away,64,14,1,15,3,18,2,28,19,18,6,4,4,8,7,2,4,46,25,19,11,63,54,7,0,14,2024,0,0,0,14,-16.508659387991884,63.61066235864297,60.869565217391305,69,22.040302267002517,16.666666666666668,87.5,56.0,1.0,3,12,7,70.29249011857708,10,16,2,15,10,25,1,32,19,20,6,0,0,16,14,5,9,52,25,15,11,70,68,10,1,9,2024,0,0,0,10,16.508659387991884,59.28184281842819,53.84615384615385,85,13.22751322751323,40.0,87.5,64.0,1.7777777777777777,3,12,8,70.29249011857708
S39G01N153,2021-2022,20220109,away,64,14,1,15,3,18,2,28,19,18,6,4,4,8,7,2,4,46,25,19,11,63,54,7,0,14,2024,0,0,0,14,-16.508659387991884,63.61066235864297,60.869565217391305,69,22.040302267002517,16.666666666666668,87.5,56.0,1.0,3,12,7,70.29249011857708,10,17,2,15,10,25,1,32,19,20,6,0,0,16,14,5,9,52,25,15,11,70,68,10,1,9,2024,0,0,0,10,16.508659387991884,59.28184281842819,53.84615384615385,86,13.22751322751323,40.0,87.5,68.0,1.8888888888888888,3,12,8,70.29249011857708
S39G01N153,2021-2022,20220109,away,64,14,1,15,3,18,2,29,20,18,6,4,4,8,7,2,4,47,26,19,11,65,55,7,0,14,2049,0,0,0,14,-14.949781281731205,64.33095803642122,61.702127659574465,71,21.69869807811531,16.666666666666668,87.5,53.84615384615385,1.0,2,12,7,70.02049780380673,10,17,2,15,10,25,1,32,19,20,6,0,0,16,14,5,9,52,25,15,11,70,68,10,1,9,2049,0,0,0,10,14.949781281731205,59.28184281842819,53.84615384615385,86,13.22751322751323,40.0,87.5,68.0,1.8888888888888888,2,12,8,70.02049780380673
S39G01N153,2021-2022,20220109,away,64,15,1,15,3,18,2,29,20,18,6,4,4,8,7,2,4,47,26,19,11,65,55,7,0,14,2049,0,0,0,14,-14.949781281731205,64.33095803642122,61.702127659574465,72,21.69869807811531,16.666666666666668,87.5,57.69230769230769,1.0714285714285714,2,12,7,70.02049780380673,10,17,2,15,10,25,1,32,19,20,6,0,0,16,14,5,9,52,25,15,11,70,68,10,1,9,2049,0,0,0,10,14.949781281731205,59.28184281842819,53.84615384615385,86,13.22751322751323,40.0,87.5,68.0,1.8888888888888888,2,12,8,70.02049780380673
S39G01N153,2021-2022,20220109,away,64,15,1,15,3,18,2,29,20,18,6,4,4,8,7,2,4,47,26,19,11,65,55,7,0,14,2069,0,0,0,14,-12.906988627753677,64.33095803642122,61.702127659574465,72,21.69869807811531,16.666666666666668,87.5,57.69230769230769,1.0714285714285714,2,12,7,69.92363460608989,10,17,2,15,10,25,1,32,19,20,6,0,0,16,14,5,9,52,25,15,11,70,68,10,1,10,2069,0,0,0,11,12.906988627753677,59.28184281842819,53.84615384615385,85,14.484356894553883,40.0,87.5,68.0,1.7,2,12,8,69.92363460608989
S39G01N153,2021-2022,20220109,away,64,15,1,15,3,18,2,29,20,18,6,4,4,8,7,2,4,47,26,19,11,65,55,8,0,14,2070,0,0,0,14,-12.906988627753677,64.33095803642122,61.702127659574465,73,21.69869807811531,16.666666666666668,87.5,57.69230769230769,1.0714285714285714,2,12,7,69.88985507246377,10,17,2,15,10,25,1,32,19,20,6,0,0,16,14,5,9,52,25,15,11,70,68,10,1,10,2070,0,0,0,11,12.906988627753677,59.28184281842819,53.84615384615385,85,14.484356894553883,40.0,87.5,68.0,1.7,2,12,8,69.88985507246377
S39G01N153,2021-2022,20220109,away,64,15,1,15,3,18,2,30,21,18,6,4,4,8,7,2,4,48,27,19,11,67,56,8,0,14,2072,0,0,0,14,-11.397978663088011,65.02329192546584,62.5,75,21.367521367521363,16.666666666666668,87.5,55.55555555555556,1.0714285714285714,4,12,7,70.4015444015444,10,17,2,15,10,25,1,32,19,20,6,0,0,16,14,5,9,52,25,15,11,70,68,10,1,10,2072,0,0,0,11,11.397978663088011,59.28184281842819,53.84615384615385,85,14.484356894553883,40.0,87.5,68.0,1.7,4,12,8,70.4015444015444
S39G01N153,2021-2022,20220109,away,64,15,1,15,3,18,2,30,21,18,6,4,4,8,7,3,6,48,27,19,11,67,56,8,0,14,2072,0,0,0,14,-11.397978663088011,65.02329192546584,62.5,75,21.367521367521363,16.666666666666668,87.5,55.55555555555556,1.0714285714285714,4,12,7,70.4015444015444,10,17,2,15,10,25,1,32,19,20,6,0,0,16,14,5,9,52,25,15,11,70,68,10,1,10,2072,0,0,0,11,11.397978663088011,59.28184281842819,53.84615384615385,85,14.484356894553883,40.0,87.5,68.0,1.7,4,12,8,70.4015444015444
S39G01N153,2021-2022,20220109,away,64,15,1,15,3,18,2,30,21,18,6,4,4,8,7,3,6,48,27,19,11,67,56,8,0,14,2086,0,0,0,14,-9.423233732427505,65.02329192546584,62.5,75,21.367521367521363,16.666666666666668,87.5,55.55555555555556,1.0714285714285714,4,12,7,70.50431447746884,10,17,2,15,10,25,1,33,19,20,6,0,0,16,14,5,9,53,25,15,11,70,69,10,1,10,2086,0,0,0,11,9.423233732427505,58.294470353097935,52.83018867924528,84,14.277555682467163,40.0,87.5,68.0,1.7,4,12,8,70.50431447746884
S39G01N153,2021-2022,20220109,away,64,15,1,16,3,19,2,30,21,18,6,4,4,8,7,3,6,48,27,19,11,67,56,8,0,14,2087,0,0,0,14,-9.423233732427505,65.02329192546584,62.5,76,21.367521367521363,16.666666666666668,87.5,55.55555555555556,1.0714285714285714,4,12,7,70.4705318639195,10,17,2,15,10,25,1,33,19,20,6,0,0,16,14,5,9,53,25,15,11,70,69,10,1,10,2087,0,0,0,11,9.423233732427505,58.294470353097935,52.83018867924528,84,14.277555682467163,38.46153846153846,87.5,68.0,1.7,4,12,8,70.4705318639195
S39G01N153,2021-2022,20220109,away,64,15,1,16,3,19,2,30,21,18,6,4,4,8,7,3,6,48,27,19,11,67,56,8,0,14,2098,0,0,0,14,-9.423233732427505,65.02329192546584,62.5,76,21.367521367521363,16.666666666666668,87.5,55.55555555555556,1.0714285714285714,4,12,7,70.10104861773117,10,17,2,15,10,25,1,33,19,20,6,0,0,16,14,5,9,53,25,16,11,70,69,10,1,10,2098,0,0,0,11,9.423233732427505,58.294470353097935,52.83018867924528,84,14.277555682467163,38.46153846153846,87.5,68.0,1.7,4,12,8,70.10104861773117
S39G01N153,2021-2022,20220109,away,64,15,1,16,3,19,2,30,21,18,6,4,4,8,7,3,6,48,27,19,11,67,56,8,0,14,2098,0,0,0,14,-9.423233732427505,65.02329192546584,62.5,76,21.367521367521363,16.666666666666668,87.5,55.55555555555556,1.0714285714285714,4,12,7,70.10104861773117,10,17,2,15,10,25,1,33,19,20,6,0,0,16,14,5,9,53,25,16,11,70,69,10,1,10,2098,0,0,0,11,9.423233732427505,58.294470353097935,52.83018867924528,84,14.277555682467163,38.46153846153846,87.5,68.0,1.7,4,12,8,70.10104861773117
S39G01N153,2021-2022,20220109,away,64,16,1,16,3,19,2,30,21,18,6,4,4,8,7,3,6,48,27,19,11,67,56,8,0,14,2098,0,0,0,14,-9.423233732427505,65.02329192546584,62.5,77,21.367521367521363,16.666666666666668,87.5,59.25925925925926,1.1428571428571428,4,12,7,70.10104861773117,10,17,2,15,10,25,1,33,19,20,6,0,0,16,14,5,9,53,25,16,11,70,69,10,1,10,2098,0,0,0,11,9.423233732427505,58.294470353097935,52.83018867924528,84,14.277555682467163,38.46153846153846,87.5,68.0,1.7,4,12,8,70.10104861773117
S39G01N153,2021-2022,20220109,away,64,16,1,16,3,19,2,30,21,18,6,4,4,8,7,3,6,48,27,19,11,67,56,8,0,14,2098,0,0,0,14,-9.423233732427505,65.02329192546584,62.5,77,21.367521367521363,16.666666666666668,87.5,59.25925925925926,1.1428571428571428,4,12,7,70.10104861773117,10,17,2,15,10,25,1,33,19,20,6,0,0,16,14,5,9,53,25,16,11,70,69,10,1,10,2098,0,0,0,11,9.423233732427505,58.294470353097935,52.83018867924528,84,14.277555682467163,38.46153846153846,87.5,68.0,1.7,4,12,8,70.10104861773117
S39G01N153,2021-2022,20220109,away,64,16,1,16,3,19,2,30,21,18,6,4,4,8,7,3,6,48,27,19,11,67,56,8,0,14,2098,0,0,0,14,-9.423233732427505,65.02329192546584,62.5,77,21.367521367521363,16.666666666666668,87.5,59.25925925925926,1.1428571428571428,4,12,7,70.10104861773117,10,17,2,15,10,25,1,33,19,20,6,0,0,16,14,5,9,53,25,16,11,70,69,10,1,10,2098,0,0,0,11,9.423233732427505,58.294470353097935,52.83018867924528,84,14.277555682467163,38.46153846153846,87.5,68.0,1.7,4,12,8,70.10104861773117
S39G01N153,2021-2022,20220109,away,64,16,1,16,3,19,2,30,21,18,6,4,4,9,8,3,6,48,27,19,11,68,57,8,0,14,2098,0,0,0,14,-8.58385811407392,65.43494996150885,62.5,78,21.224984839296543,16.666666666666668,88.88888888888889,59.25925925925926,1.1428571428571428,5,12,7,70.35271687321259,10,17,2,15,10,25,1,33,19,20,6,0,0,16,14,5,9,53,25,16,11,70,69,10,1,10,2098,0,0,0,11,8.58385811407392,58.294470353097935,52.83018867924528,84,14.277555682467163,38.46153846153846,87.5,68.0,1.7,5,12,8,70.35271687321259
S39G01N153,2021-2022,20220109,away,64,16,1,16,3,19,2,30,21,18,6,4,4,10,9,3,6,48,27,19,11,69,58,8,0,14,2098,0,0,0,14,-7.756133135217979,65.83969465648855,62.5,79,21.08433734939759,16.666666666666668,90.0,59.25925925925926,1.1428571428571428,6,12,7,70.60438512869399,10,17,2,15,10,25,1,33,19,20,6,0,0,16,14,5,9,53,25,16,11,70,69,10,1,10,2098,0,0,0,11,7.756133135217979,58.294470353097935,52.83018867924528,84,14.277555682467163,38.46153846153846,87.5,68.0,1.7,6,12,8,70.60438512869399
S39G01N153,2021-2022,20220109,away,64,16,1,16,3,19,2,30,21,18,6,4,4,10,9,3,6,48,27,19,11,69,58,8,0,14,2112,0,0,0,14,-5.846091511590913,65.83969465648855,62.5,79,21.08433734939759,16.666666666666668,90.0,59.25925925925926,1.1428571428571428,6,12,7,70.70454545454545,10,17,2,15,10,25,1,34,19,20,6,0,0,16,14,5,9,54,25,16,11,70,70,10,1,10,2112,0,0,0,11,5.846091511590913,57.3394495412844,51.851851851851855,83,14.076576576576578,38.46153846153846,87.5,68.0,1.7,6,12,8,70.70454545454545
S39G01N153,2021-2022,20220109,away,64,16,1,16,3,19,2,30,21,18,6,4,4,10,9,3,6,48,27,19,11,69,58,8,0,14,2114,0,0,0,14,-7.756133135217979,65.83969465648855,62.5,79,21.08433734939759,16.666666666666668,90.0,59.25925925925926,1.1428571428571428,6,12,7,70.07000946073794,10,17,2,15,11,26,1,34,19,20,6,0,0,16,14,5,9,54,25,16,11,70,70,10,1,10,2114,0,0,0,11,7.756133135217979,57.3394495412844,51.851851851851855,84,14.076576576576578,40.74074074074074,87.5,68.0,1.7,6,12,8,70.07000946073794
S39G01N153,2021-2022,20220109,away,64,16,1,16,3,19,2,30,21,18,6,4,4,10,9,3,6,48,27,19,11,69,58,8,0,14,2122,0,0,0,14,-5.846091511590913,65.83969465648855,62.5,79,21.08433734939759,16.666666666666668,90.0,59.25925925925926,1.1428571428571428,6,12,7,70.3713477851084,10,17,2,15,11,26,1,35,19,20,6,0,0,16,14,5,9,55,25,16,11,70,71,10,1,10,2122,0,0,0,11,5.846091511590913,56.41521598968408,50.90909090909091,83,13.881177123820102,40.74074074074074,87.5,68.0,1.7,6,12,8,70.3713477851084
S39G01N153,2021-2022,20220109,away,64,16,2,16,3,19,2,30,21,18,6,4,4,10,9,3,6,48,27,19,11,69,58,8,0,14,2123,0,0,0,14,-5.846091511590913,65.83969465648855,62.5,80,21.08433734939759,16.666666666666668,90.0,59.25925925925926,1.1428571428571428,6,12,7,70.33820065944418,10,17,2,15,11,26,1,35,19,20,6,0,0,16,14,5,9,55,25,16,11,70,71,10,1,10,2123,0,0,0,11,5.846091511590913,56.41521598968408,50.90909090909091,83,13.881177123820102,40.74074074074074,87.5,68.0,1.7,6,12,8,70.33820065944418
S39G01N153,2021-2022,20220109,away,64,16,2,17,3,20,2,30,21,18,6,4,4,10,9,3,6,48,27,19,11,69,58,8,0,14,2125,0,0,0,14,-5.846091511590913,65.83969465648855,62.5,81,21.08433734939759,16.666666666666668,90.0,59.25925925925926,1.1428571428571428,6,12,7,70.27199999999999,10,17,2,15,11,26,1,35,19,20,6,0,0,16,14,5,9,55,25,16,11,70,71,10,1,10,2125,0,0,0,11,5.846091511590913,56.41521598968408,50.90909090909091,83,13.881177123820102,39.285714285714285,87.5,68.0,1.7,6,12,8,70.27199999999999
S39G01N153,2021-2022,20220109,away,64,16,2,17,3,20,2,30,21,18,6,4,4,10,9,3,6,48,27,19,11,69,58,8,0,15,2129,0,0,0,15,-7.53604193971168,65.83969465648855,62.5,80,22.255192878338278,16.666666666666668,90.0,59.25925925925926,1.0666666666666667,6,12,7,70.70361672146548,10,17,2,15,11,26,1,35,19,20,6,0,0,16,14,5,9,55,25,16,11,70,71,10,1,10,2129,0,0,0,11,7.53604193971168,56.41521598968408,50.90909090909091,83,13.881177123820102,39.285714285714285,87.5,68.0,1.7,6,12,8,70.70361672146548
S39G01N153,2021-2022,20220109,away,64,16,2,17,3,20,2,30,21,18,6,4,4,10,9,3,6,48,27,20,12,69,58,8,0,15,2142,0,0,0,15,-7.53604193971168,65.83969465648855,62.5,80,22.255192878338278,16.666666666666668,90.0,59.25925925925926,1.0666666666666667,6,12,7,70.27450980392157,10,17,2,15,11,26,1,35,19,20,6,0,0,16,14,5,9,55,25,16,11,70,71,10,1,10,2142,0,0,0,11,7.53604193971168,56.41521598968408,50.90909090909091,83,13.881177123820102,39.285714285714285,87.5,68.0,1.7,6,12,8,70.27450980392157
S39G01N153,2021-2022,20220109,away,64,16,2,17,3,20,2,30,21,18,6,4,4,10,9,3,6,48,27,20,12,69,58,8,0,15,2142,0,0,0,15,-7.53604193971168,65.83969465648855,62.5,80,22.255192878338278,16.666666666666668,90.0,59.25925925925926,1.0666666666666667,6,12,7,70.27450980392157,10,17,2,15,11,26,1,35,19,20,6,0,0,16,14,5,9,55,25,16,11,70,71,10,1,10,2142,0,0,0,11,7.53604193971168,56.41521598968408,50.90909090909091,83,13.881177123820102,39.285714285714285,87.5,68.0,1.7,6,12,8,70.27450980392157
S39G01N153,2021-2022,20220109,away,64,16,2,17,3,20,2,30,21,18,6,4,4,10,9,3,6,48,27,20,12,69,58,8,0,15,2151,0,0,0,15,-5.687574836511018,65.83969465648855,62.5,80,22.255192878338278,16.666666666666668,90.0,59.25925925925926,1.0666666666666667,6,12,7,70.53835425383542,10,17,2,15,11,26,1,36,19,20,6,0,0,16,14,5,9,56,25,16,11,70,72,10,1,10,2151,0,0,0,11,5.687574836511018,55.52030456852792,50.0,82,13.691128148959475,39.285714285714285,87.5,68.0,1.7,6,12,8,70.53835425383542
S39G01N153,2021-2022,20220109,away,64,16,3,17,3,20,2,30,21,18,6,4,4,10,9,3,6,48,27,20,12,69,58,8,0,15,2152,0,0,0,15,-5.687574836511018,65.83969465648855,62.5,81,22.255192878338278,16.666666666666668,90.0,59.25925925925926,1.0666666666666667,6,12,7,70.50557620817844,10,17,2,15,11,26,1,36,19,20,6,0,0,16,14,5,9,56,25,16,11,70,72,10,1,10,2152,0,0,0,11,5.687574836511018,55.52030456852792,50.0,82,13.691128148959475,39.285714285714285,87.5,68.0,1.7,6,12,8,70.50557620817844
S39G01N153,2021-2022,20220109,away,64,16,3,17,3,20,2,30,21,18,6,4,4,10,9,3,6,48,27,20,12,69,58,8,0,15,2153,0,0,0,15,-5.687574836511018,65.83969465648855,62.5,81,22.255192878338278,16.666666666666668,90.0,59.25925925925926,1.0666666666666667,6,12,7,70.47282861124012,10,17,2,15,11,26,2,36,19,20,6,0,0,16,14,5,9,56,25,16,11,70,72,10,1,10,2153,0,0,0,11,5.687574836511018,55.52030456852792,50.0,83,13.691128148959475,39.285714285714285,87.5,68.0,1.7,6,12,8,70.47282861124012
S39G01N153,2021-2022,20220109,away,64,16,3,17,3,20,2,30,21,18,6,4,4,10,9,3,6,48,27,20,12,69,58,8,0,15,2161,0,0,0,15,-3.8977519941986856,65.83969465648855,62.5,81,22.255192878338278,16.666666666666668,90.0,59.25925925925926,1.0666666666666667,6,12,7,70.76723739009718,10,17,2,15,11,26,2,36,19,21,6,0,0,16,14,5,9,57,25,16,11,70,73,10,1,10,2161,0,0,0,11,3.8977519941986856,54.65334166146158,49.12280701754386,82,13.50621285791464,39.285714285714285,87.5,68.0,1.7,6,12,8,70.76723739009718
S39G01N153,2021-2022,20220109,away,64,16,3,17,3,20,2,30,21,18,6,4,4,10,9,3,6,48,27,20,12,69,58,8,0,15,2162,0,0,0,15,-5.687574836511004,65.83969465648855,62.5,81,22.255192878338278,16.666666666666668,90.0,59.25925925925926,1.0666666666666667,6,12,7,70.17946345975949,10,17,2,15,12,27,2,36,19,21,6,0,0,16,14,5,9,57,25,16,11,70,73,10,1,10,2162,0,0,0,11,5.687574836511004,54.65334166146158,49.12280701754386,83,13.50621285791464,41.37931034482759,87.5,68.0,1.7,6,12,8,70.17946345975949
S39G01N153,2021-2022,20220109,away,64,16,3,17,3,20,2,30,21,18,6,4,4,10,9,3,6,48,27,20,12,69,58,8,0,15,2163,0,0,0,15,-7.070340826685992,65.83969465648855,62.5,81,22.255192878338278,16.666666666666668,90.0,59.25925925925926,1.0666666666666667,2,12,7,70.70180305131761,10,17,2,15,12,27,2,37,20,21,6,0,0,16,14,5,9,58,26,16,11,72,74,10,1,10,2163,0,0,0,11,7.070340826685992,55.35055350553505,50.0,85,13.326226012793176,41.37931034482759,87.5,65.38461538461539,1.7,2,12,8,70.70180305131761
S39G01N153,2021-2022,20220109,away,64,16,3,17,3,20,2,30,21,19,6,4,4,10,9,3,6,49,27,20,12,69,59,8,0,15,2180,0,0,0,15,-8.708610813579838,64.60674157303372,61.224489795918366,80,21.929824561403507,16.666666666666668,90.0,59.25925925925926,1.0666666666666667,2,12,7,70.70091743119266,10,17,2,15,12,27,2,37,20,21,6,0,0,16,14,5,9,58,26,16,11,72,74,10,1,10,2180,0,0,0,11,8.708610813579838,55.35055350553505,50.0,85,13.326226012793176,41.37931034482759,87.5,65.38461538461539,1.7,2,12,8,70.70091743119266
S39G01N153,2021-2022,20220109,away,64,16,3,17,3,20,2,30,21,19,6,4,4,10,9,3,6,49,27,20,12,69,59,8,0,15,2183,0,0,0,15,-8.708610813579838,64.60674157303372,61.224489795918366,80,21.929824561403507,15.789473684210526,90.0,59.25925925925926,1.0666666666666667,2,12,7,70.60375629867156,10,17,2,16,12,28,2,37,20,21,6,0,0,16,14,5,9,58,26,16,11,72,74,10,1,10,2183,0,0,0,11,8.708610813579838,55.35055350553505,50.0,86,13.326226012793176,41.37931034482759,87.5,65.38461538461539,1.7,2,12,8,70.60375629867156
S39G01N153,2021-2022,20220109,away,64,16,3,17,3,20,2,30,21,19,6,4,4,10,9,3,6,49,27,20,12,69,59,8,0,15,2198,0,0,0,15,-6.9251442619005275,64.60674157303372,61.224489795918366,80,21.929824561403507,15.789473684210526,90.0,59.25925925925926,1.0666666666666667,2,12,7,70.66787989080983,10,17,2,16,12,28,2,37,20,22,6,0,0,16,14,5,9,59,26,16,11,72,75,10,1,10,2198,0,0,0,11,6.9251442619005275,54.51241671714112,49.152542372881356,85,13.150973172014728,41.37931034482759,87.5,65.38461538461539,1.7,2,12,8,70.66787989080983
S39G01N153,2021-2022,20220109,away,64,16,3,18,3,21,2,30,21,19,6,4,4,10,9,3,6,49,27,20,12,69,59,8,0,15,2200,0,0,0,15,-6.9251442619005275,64.60674157303372,61.224489795918366,81,21.929824561403507,15.789473684210526,90.0,59.25925925925926,1.0666666666666667,2,12,7,70.60363636363635,10,17,2,16,12,28,2,37,20,22,6,0,0,16,14,5,9,59,26,16,11,72,75,10,1,10,2200,0,0,0,11,6.9251442619005275,54.51241671714112,49.152542372881356,85,13.150973172014728,40.0,87.5,65.38461538461539,1.7,2,12,8,70.60363636363635
S39G01N153,2021-2022,20220109,away,64,16,3,18,3,21,2,30,21,20,7,4,4,10,9,3,6,50,28,20,12,72,60,8,0,15,2224,0,0,0,15,-3.9959964781048,66.17647058823529,63.0,84,21.613832853025936,15.789473684210526,90.0,57.142857142857146,1.0666666666666667,3,12,7,70.38129496402877,10,17,2,16,12,28,2,37,20,22,6,0,0,16,14,5,9,59,26,16,11,72,75,10,1,10,2224,0,0,0,11,3.9959964781048,54.51241671714112,49.152542372881356,85,13.150973172014728,40.0,87.5,65.38461538461539,1.7,3,12,8,70.38129496402877
S39G01N153,2021-2022,20220109,away,64,17,3,18,3,21,2,30,21,20,7,4,4,10,9,3,6,50,28,20,12,72,60,8,0,15,2224,0,0,0,15,-3.9959964781048,66.17647058823529,63.0,85,21.613832853025936,15.789473684210526,90.0,60.714285714285715,1.1333333333333333,3,12,7,70.38129496402877,10,17,2,16,12,28,2,37,20,22,6,0,0,16,14,5,9,59,26,16,11,72,75,10,1,10,2224,0,0,0,11,3.9959964781048,54.51241671714112,49.152542372881356,85,13.150973172014728,40.0,87.5,65.38461538461539,1.7,3,12,8,70.38129496402877
S39G01N153,2021-2022,20220109,away,64,17,3,18,3,21,2,30,21,20,7,4,4,10,9,3,6,50,28,20,12,72,60,8,0,15,2247,0,0,0,15,-5.3424028216185775,66.17647058823529,63.0,85,21.613832853025936,15.789473684210526,90.0,60.714285714285715,1.1333333333333333,2,12,7,70.19492656875833,10,17,2,16,12,28,2,38,21,22,6,0,0,16,14,5,9,60,27,16,11,74,76,10,1,10,2247,0,0,0,11,5.3424028216185775,55.190930787589494,50.0,87,12.980269989615783,40.0,87.5,62.96296296296296,1.7,2,12,8,70.19492656875833
S39G01N153,2021-2022,20220109,away,64,17,3,18,3,21,2,30,21,21,7,4,4,10,9,3,6,51,28,20,12,72,61,8,0,15,2271,0,0,0,15,-6.951211945353862,64.98194945848375,61.76470588235294,84,21.30681818181818,15.789473684210526,90.0,60.714285714285715,1.1333333333333333,2,12,7,69.98150594451783,10,17,2,16,12,28,2,38,21,22,6,0,0,16,14,5,9,60,27,16,11,74,76,10,1,10,2271,0,0,0,11,6.951211945353862,55.190930787589494,50.0,87,12.980269989615783,40.0,87.5,62.96296296296296,1.7,2,12,8,69.98150594451783
S39G01N153,2021-2022,20220109,away,64,17,3,18,3,21,2,30,21,21,7,4,4,10,9,3,6,51,28,20,12,72,61,8,0,15,2274,0,0,0,15,-6.951211945353862,64.98194945848375,61.76470588235294,84,21.30681818181818,15.789473684210526,90.0,60.714285714285715,1.1333333333333333,2,12,7,69.8891820580475,10,17,2,16,12,28,3,38,21,22,6,0,0,16,14,5,9,60,27,16,11,74,76,10,1,10,2274,0,0,0,11,6.951211945353862,55.190930787589494,50.0,88,12.980269989615783,40.0,87.5,62.96296296296296,1.7,2,12,8,69.8891820580475
S39G01N153,2021-2022,20220109,away,64,17,3,18,3,21,2,30,21,21,7,4,4,10,9,3,6,51,28,20,12,72,61,8,0,15,2274,0,0,0,15,-6.951211945353862,64.98194945848375,61.76470588235294,84,21.30681818181818,15.789473684210526,90.0,60.714285714285715,1.1333333333333333,2,12,7,69.8891820580475,10,17,2,16,12,28,3,38,21,22,6,0,0,16,14,5,9,60,27,16,11,74,76,10,1,10,2274,0,0,0,11,6.951211945353862,55.190930787589494,50.0,88,12.980269989615783,40.0,87.5,62.96296296296296,1.7,2,12,8,69.8891820580475
S39G01N153,2021-2022,20220109,away,64,17,3,18,3,21,2,30,21,21,7,4,4,10,9,3,6,51,28,20,12,72,61,8,0,15,2274,0,0,0,15,-6.951211945353862,64.98194945848375,61.76470588235294,84,21.30681818181818,15.789473684210526,90.0,60.714285714285715,1.1333333333333333,2,12,7,69.8891820580475,10,17,2,16,12,28,3,38,21,22,6,0,0,16,14,5,9,60,27,16,11,74,76,10,1,10,2274,0,0,0,11,6.951211945353862,55.190930787589494,50.0,88,12.980269989615783,40.0,87.5,62.96296296296296,1.7,2,12,8,69.8891820580475
S39G01N153,2021-2022,20220109,away,64,17,3,18,3,21,2,30,21,21,7,4,4,10,9,3,6,51,28,20,12,72,61,8,0,15,2292,0,0,0,15,-8.25684280905196,64.98194945848375,61.76470588235294,84,21.30681818181818,15.789473684210526,90.0,60.714285714285715,1.1333333333333333,4,12,7,69.86387434554973,10,17,2,16,12,28,3,39,22,22,6,0,0,16,14,5,9,61,28,16,11,76,77,10,1,10,2292,0,0,0,11,8.25684280905196,55.849500293944736,50.81967213114754,90,12.813941568426447,40.0,87.5,60.714285714285715,1.7,4,12,8,69.86387434554973
S39G01N153,2021-2022,20220109,away,64,17,3,18,3,21,2,30,21,21,7,4,4,10,9,3,6,51,28,20,12,72,61,8,0,15,2292,0,0,0,15,-8.25684280905196,64.98194945848375,61.76470588235294,84,21.30681818181818,15.789473684210526,90.0,60.714285714285715,1.1333333333333333,4,12,7,69.86387434554973,10,17,2,16,12,28,3,39,22,22,6,0,0,16,14,5,9,61,28,16,11,76,77,10,1,10,2292,0,0,0,11,8.25684280905196,55.849500293944736,50.81967213114754,90,12.813941568426447,40.0,87.5,60.714285714285715,1.7,4,12,8,69.86387434554973
S39G01N153,2021-2022,20220109,away,64,17,3,18,3,21,2,30,21,22,8,4,4,10,9,3,6,52,29,20,12,75,62,8,0,15,2304,0,0,0,15,-5.4326458180581625,66.48936170212767,63.46153846153846,87,21.008403361344538,15.789473684210526,90.0,58.62068965517241,1.1333333333333333,3,12,7,70.02083333333334,10,17,2,16,12,28,3,39,22,22,6,0,0,16,14,5,9,61,28,16,11,76,77,10,1,10,2304,0,0,0,11,5.4326458180581625,55.849500293944736,50.81967213114754,90,12.813941568426447,40.0,87.5,60.714285714285715,1.7,3,12,8,70.02083333333334
S39G01N153,2021-2022,20220109,away,64,18,3,18,3,21,2,30,21,22,8,4,4,10,9,3,6,52,29,20,12,75,62,8,0,15,2304,0,0,0,15,-5.4326458180581625,66.48936170212767,63.46153846153846,88,21.008403361344538,15.789473684210526,90.0,62.06896551724138,1.2,3,12,7,70.02083333333334,10,17,2,16,12,28,3,39,22,22,6,0,0,16,14,5,9,61,28,16,11,76,77,10,1,10,2304,0,0,0,11,5.4326458180581625,55.849500293944736,50.81967213114754,90,12.813941568426447,40.0,87.5,60.714285714285715,1.7,3,12,8,70.02083333333334
S39G01N153,2021-2022,20220109,away,64,18,3,18,3,21,2,30,21,22,8,4,4,10,9,3,6,52,29,21,12,75,62,8,0,15,2325,0,0,0,15,-5.4326458180581625,66.48936170212767,63.46153846153846,88,21.008403361344538,15.789473684210526,90.0,62.06896551724138,1.2,3,12,7,69.3883870967742,10,17,2,16,12,28,3,39,22,22,6,0,0,16,14,5,9,61,28,16,11,76,77,10,1,10,2325,0,0,0,11,5.4326458180581625,55.849500293944736,50.81967213114754,90,12.813941568426447,40.0,87.5,60.714285714285715,1.7,3,12,8,69.3883870967742
S39G01N153,2021-2022,20220109,away,64,18,3,18,3,21,2,30,21,22,8,4,4,10,9,3,6,52,29,21,12,75,62,8,0,15,2325,0,0,0,15,-5.4326458180581625,66.48936170212767,63.46153846153846,88,21.008403361344538,15.789473684210526,90.0,62.06896551724138,1.2,3,12,7,69.3883870967742,10,17,2,16,12,28,3,39,22,22,6,0,0,16,14,5,9,61,28,16,11,76,77,10,1,10,2325,0,0,0,11,5.4326458180581625,55.849500293944736,50.81967213114754,90,12.813941568426447,40.0,87.5,60.714285714285715,1.7,3,12,8,69.3883870967742
S39G01N153,2021-2022,20220109,away,64,18,3,18,3,21,2,30,21,22,8,4,4,10,9,3,6,52,29,21,12,75,62,8,0,15,2325,0,0,0,15,-6.175185255557665,66.48936170212767,63.46153846153846,88,21.008403361344538,15.789473684210526,90.0,62.06896551724138,1.2,1,12,7,69.61548387096774,10,17,2,16,12,28,3,39,22,22,6,0,0,17,15,5,9,61,28,16,11,77,78,10,1,10,2325,0,0,0,11,6.175185255557665,56.22079439252336,50.81967213114754,91,12.7420998980632,40.0,88.23529411764706,60.714285714285715,1.7,1,12,8,69.61548387096774
S39G01N153,2021-2022,20220109,away,64,18,3,18,3,21,2,30,21,22,8,4,4,10,9,3,6,52,29,21,12,75,62,8,0,15,2325,0,0,0,15,-5.4136386992586125,66.48936170212767,63.46153846153846,88,21.008403361344538,15.789473684210526,90.0,62.06896551724138,1.2,1,12,7,69.84258064516129,10,17,2,16,12,28,3,39,22,22,6,0,0,18,15,5,9,61,28,16,11,77,79,10,1,10,2325,0,0,0,11,5.4136386992586125,55.861868833430066,50.81967213114754,90,12.671059300557527,40.0,83.33333333333333,60.714285714285715,1.7,1,12,8,69.84258064516129
S39G01N153,2021-2022,20220109,away,64,18,3,19,3,22,2,30,21,22,8,4,4,10,9,3,6,52,29,21,12,75,62,8,0,15,2326,0,0,0,15,-5.4136386992586125,66.48936170212767,63.46153846153846,89,21.008403361344538,15.789473684210526,90.0,62.06896551724138,1.2,1,12,7,69.81255374032673,10,17,2,16,12,28,3,39,22,22,6,0,0,18,15,5,9,61,28,16,11,77,79,10,1,10,2326,0,0,0,11,5.4136386992586125,55.861868833430066,50.81967213114754,90,12.671059300557527,38.70967741935484,83.33333333333333,60.714285714285715,1.7,1,12,8,69.81255374032673
S39G01N153,2021-2022,20220109,away,64,18,3,19,3,22,2,30,21,22,8,4,4,10,9,3,6,52,29,21,12,75,62,8,0,15,2326,0,0,0,15,-5.4136386992586125,66.48936170212767,63.46153846153846,89,21.008403361344538,15.789473684210526,90.0,62.06896551724138,1.2,1,12,7,69.81255374032673,10,17,2,16,12,28,3,39,22,22,6,0,0,18,15,5,9,61,28,17,12,77,79,10,1,10,2326,0,0,0,11,5.4136386992586125,55.861868833430066,50.81967213114754,90,12.671059300557527,38.70967741935484,83.33333333333333,60.714285714285715,1.7,1,12,8,69.81255374032673
S39G01N153,2021-2022,20220109,away,64,18,3,19,3,22,2,30,21,22,8,4,4,10,9,3,6,52,29,21,12,75,62,8,0,15,2326,0,0,0,15,-5.4136386992586125,66.48936170212767,63.46153846153846,89,21.008403361344538,15.789473684210526,90.0,62.06896551724138,1.2,1,12,7,69.81255374032673,10,17,2,16,12,28,3,39,22,22,6,0,0,18,15,5,9,61,28,17,12,77,79,10,1,10,2326,0,0,0,11,5.4136386992586125,55.861868833430066,50.81967213114754,90,12.671059300557527,38.70967741935484,83.33333333333333,60.714285714285715,1.7,1,12,8,69.81255374032673
S39G01N153,2021-2022,20220109,away,64,18,3,19,3,22,2,30,21,22,8,4,4,10,9,3,6,52,29,21,12,75,62,8,0,15,2326,0,0,0,15,-5.4136386992586125,66.48936170212767,63.46153846153846,89,21.008403361344538,15.789473684210526,90.0,62.06896551724138,1.2,1,12,7,69.81255374032673,10,17,2,16,12,28,3,39,22,22,6,0,0,18,15,5,9,61,28,17,12,77,79,10,1,10,2326,0,0,0,11,5.4136386992586125,55.861868833430066,50.81967213114754,90,12.671059300557527,38.70967741935484,83.33333333333333,60.714285714285715,1.7,1,12,8,69.81255374032673
S39G01N153,2021-2022,20220109,away,64,18,3,19,3,22,2,30,21,22,8,4,4,10,9,3,6,52,29,21,12,75,62,8,0,15,2326,0,0,0,15,-5.4136386992586125,66.48936170212767,63.46153846153846,89,21.008403361344538,15.789473684210526,90.0,62.06896551724138,1.2,1,12,7,69.81255374032673,10,17,2,16,12,28,3,39,22,22,6,0,0,18,15,5,9,61,28,17,12,77,79,10,1,10,2326,0,0,0,11,5.4136386992586125,55.861868833430066,50.81967213114754,90,12.671059300557527,38.70967741935484,83.33333333333333,60.714285714285715,1.7,1,12,8,69.81255374032673
S39G01N153,2021-2022,20220109,away,64,18,3,19,3,22,2,31,21,22,8,4,4,10,9,3,6,53,29,21,12,75,63,8,0,15,2342,0,0,0,15,-6.993597241146475,65.33101045296168,62.264150943396224,88,20.718232044198892,15.789473684210526,90.0,62.06896551724138,1.2,1,12,7,69.84799316823226,10,17,2,16,12,28,3,39,22,22,6,0,0,18,15,5,9,61,28,17,12,77,79,10,1,10,2342,0,0,0,11,6.993597241146475,55.861868833430066,50.81967213114754,90,12.671059300557527,38.70967741935484,83.33333333333333,60.714285714285715,1.7,1,12,8,69.84799316823226
S39G01N153,2021-2022,20220109,away,64,18,3,19,3,22,2,31,21,22,8,4,4,10,9,3,6,53,29,21,12,75,63,8,0,15,2343,0,0,0,15,-6.993597241146475,65.33101045296168,62.264150943396224,88,20.718232044198892,15.0,90.0,62.06896551724138,1.2,1,12,7,69.81818181818181,10,17,2,17,12,29,3,39,22,22,6,0,0,18,15,5,9,61,28,17,12,77,79,10,1,10,2343,0,0,0,11,6.993597241146475,55.861868833430066,50.81967213114754,91,12.671059300557527,38.70967741935484,83.33333333333333,60.714285714285715,1.7,1,12,8,69.81818181818181
S39G01N153,2021-2022,20220109,away,64,18,3,19,3,22,2,31,21,22,8,4,4,10,9,3,6,53,29,21,12,75,63,8,0,15,2365,0,0,0,15,-5.2995047572495935,65.33101045296168,62.264150943396224,88,20.718232044198892,15.0,90.0,62.06896551724138,1.2,1,12,7,69.67610993657505,10,17,2,17,12,29,3,39,22,23,6,0,0,18,15,5,9,62,28,17,12,77,80,10,1,10,2365,0,0,0,11,5.2995047572495935,55.06292906178489,50.0,90,12.512512512512512,38.70967741935484,83.33333333333333,60.714285714285715,1.7,1,12,8,69.67610993657505
S39G01N153,2021-2022,20220109,away,64,18,3,19,3,22,2,31,21,22,8,4,4,10,9,3,6,53,29,21,12,75,63,8,0,15,2367,0,0,0,15,-6.993597241146475,65.33101045296168,62.264150943396224,88,20.718232044198892,15.0,90.0,62.06896551724138,1.2,1,12,7,69.11026615969583,10,17,2,17,13,30,3,39,22,23,6,0,0,18,15,5,9,62,28,17,12,77,80,10,1,10,2367,0,0,0,11,6.993597241146475,55.06292906178489,50.0,91,12.512512512512512,40.625,83.33333333333333,60.714285714285715,1.7,1,12,8,69.11026615969583
S39G01N153,2021-2022,20220109,away,64,18,3,19,3,22,2,31,21,22,8,4,4,10,9,3,6,53,29,21,12,75,63,8,0,15,2367,0,0,0,15,-6.993597241146475,65.33101045296168,62.264150943396224,88,20.718232044198892,15.0,90.0,62.06896551724138,1.2,1,12,7,69.11026615969583,10,17,2,17,13,30,3,39,22,23,6,0,0,18,15,5,9,62,28,17,12,77,80,10,1,10,2367,0,0,0,11,6.993597241146475,55.06292906178489,50.0,91,12.512512512512512,40.625,83.33333333333333,60.714285714285715,1.7,1,12,8,69.11026615969583
S39G01N153,2021-2022,20220109,away,64,18,3,19,3,22,2,31,21,22,8,4,4,10,9,3,6,53,29,21,12,75,63,8,0,15,2380,0,0,0,15,-5.2995047572495935,65.33101045296168,62.264150943396224,88,20.718232044198892,15.0,90.0,62.06896551724138,1.2,1,12,7,69.23697478991596,10,17,2,17,13,30,3,39,22,24,6,0,0,18,15,5,9,63,28,17,12,77,81,10,1,10,2380,0,0,0,11,5.2995047572495935,54.28652002256063,49.20634920634921,90,12.357884330202669,40.625,83.33333333333333,60.714285714285715,1.7,1,12,8,69.23697478991596
S39G01N153,2021-2022,20220109,away,64,18,3,20,3,23,2,31,21,22,8,4,4,10,9,3,6,53,29,21,12,75,63,8,0,15,2382,0,0,0,15,-5.2995047572495935,65.33101045296168,62.264150943396224,89,20.718232044198892,15.0,90.0,62.06896551724138,1.2,1,12,7,69.17884130982368,10,17,2,17,13,30,3,39,22,24,6,0,0,18,15,5,9,63,28,17,12,77,81,10,1,10,2382,0,0,0,11,5.2995047572495935,54.28652002256063,49.20634920634921,90,12.357884330202669,39.39393939393939,83.33333333333333,60.714285714285715,1.7,1,12,8,69.17884130982368
S39G01N153,2021-2022,20220109,away,64,18,3,20,3,23,2,31,21,23,8,4,4,10,9,3,6,54,29,21,12,75,64,8,0,15,2391,0,0,0,15,-6.834578113288359,64.2123287671233,61.111111111111114,88,20.435967302452315,15.0,90.0,62.06896551724138,1.2,1,12,7,69.42032622333751,10,17,2,17,13,30,3,39,22,24,6,0,0,18,15,5,9,63,28,17,12,77,81,10,1,10,2391,0,0,0,11,6.834578113288359,54.28652002256063,49.20634920634921,90,12.357884330202669,39.39393939393939,83.33333333333333,60.714285714285715,1.7,1,12,8,69.42032622333751
S39G01N153,2021-2022,20220109,away,64,18,3,20,3,23,2,31,21,23,8,4,4,10,9,3,6,54,29,21,12,75,64,8,0,15,2396,0,0,0,15,-6.834578113288359,64.2123287671233,61.111111111111114,88,20.435967302452315,14.285714285714286,90.0,62.06896551724138,1.2,1,12,7,69.27545909849749,10,17,2,18,13,31,3,39,22,24,6,0,0,18,15,5,9,63,28,17,12,77,81,10,1,10,2396,0,0,0,11,6.834578113288359,54.28652002256063,49.20634920634921,91,12.357884330202669,39.39393939393939,83.33333333333333,60.714285714285715,1.7,1,12,8,69.27545909849749
S39G01N153,2021-2022,20220109,away,64,18,3,20,3,23,2,31,21,23,8,4,4,10,9,3,6,54,29,21,12,75,64,8,0,15,2396,0,0,0,15,-6.834578113288359,64.2123287671233,61.111111111111114,88,20.435967302452315,14.285714285714286,90.0,62.06896551724138,1.2,1,12,7,69.27545909849749,10,17,2,18,13,31,3,39,22,24,6,0,0,18,15,5,9,63,28,17,12,77,81,10,1,10,2396,0,0,0,11,6.834578113288359,54.28652002256063,49.20634920634921,91,12.357884330202669,39.39393939393939,83.33333333333333,60.714285714285715,1.7,1,12,8,69.27545909849749
S39G01N153,2021-2022,20220109,away,64,18,3,20,3,23,2,31,21,23,8,4,4,10,9,3,6,54,29,21,12,75,64,8,0,15,2396,0,0,0,15,-6.834578113288359,64.2123287671233,61.111111111111114,88,20.435967302452315,14.285714285714286,90.0,62.06896551724138,1.2,1,12,7,69.27545909849749,10,17,2,18,13,31,3,39,22,24,6,0,0,18,15,5,9,63,28,17,12,77,81,10,1,10,2396,0,0,0,11,6.834578113288359,54.28652002256063,49.20634920634921,91,12.357884330202669,39.39393939393939,83.33333333333333,60.714285714285715,1.7,1,12,8,69.27545909849749
S39G01N153,2021-2022,20220109,away,64,18,3,20,3,23,2,31,21,23,8,4,4,10,9,3,6,54,29,21,12,75,64,8,0,15,2396,0,0,0,15,-6.834578113288359,64.2123287671233,61.111111111111114,88,20.435967302452315,14.285714285714286,90.0,62.06896551724138,1.2,1,12,7,69.27545909849749,10,17,2,18,13,31,3,39,22,24,6,0,0,18,15,5,9,63,28,17,12,77,81,10,1,10,2396,0,0,0,11,6.834578113288359,54.28652002256063,49.20634920634921,91,12.357884330202669,39.39393939393939,83.33333333333333,60.714285714285715,1.7,1,12,8,69.27545909849749
S39G01N153,2021-2022,20220109,away,64,18,3,20,3,23,2,31,21,23,8,4,4,10,9,3,6,54,29,22,12,75,64,8,0,15,2398,0,0,0,15,-6.834578113288359,64.2123287671233,61.111111111111114,88,20.435967302452315,14.285714285714286,90.0,62.06896551724138,1.2,1,12,7,69.21768140116764,10,17,2,18,13,31,3,39,22,24,6,0,0,18,15,5,9,63,28,17,12,77,81,10,1,10,2398,0,0,0,11,6.834578113288359,54.28652002256063,49.20634920634921,91,12.357884330202669,39.39393939393939,83.33333333333333,60.714285714285715,1.7,1,12,8,69.21768140116764
S39G01N153,2021-2022,20220109,away,64,18,3,20,3,23,2,31,21,23,8,4,4,10,9,3,6,54,29,22,12,75,64,8,0,15,2398,0,0,0,15,-6.834578113288359,64.2123287671233,61.111111111111114,88,20.435967302452315,14.285714285714286,90.0,62.06896551724138,1.2,1,12,7,69.21768140116764,10,17,2,18,13,31,3,39,22,24,6,0,0,18,15,5,9,63,28,17,12,77,81,10,1,10,2398,0,0,0,11,6.834578113288359,54.28652002256063,49.20634920634921,91,12.357884330202669,39.39393939393939,83.33333333333333,60.714285714285715,1.7,1,12,8,69.21768140116764
S39G01N153,2021-2022,20220109,away,64,18,3,20,3,23,2,31,21,23,8,4,4,10,9,3,6,54,29,22,12,75,64,8,0,15,2398,0,0,0,15,-6.834578113288359,64.2123287671233,61.111111111111114,88,20.435967302452315,14.285714285714286,90.0,62.06896551724138,1.2,1,12,7,69.21768140116764,10,17,2,18,13,31,3,39,22,24,6,0,0,18,15,5,9,63,28,17,12,77,81,10,1,10,2398,0,0,0,11,6.834578113288359,54.28652002256063,49.20634920634921,91,12.357884330202669,39.39393939393939,83.33333333333333,60.714285714285715,1.7,1,12,8,69.21768140116764
S39G01N153,2021-2022,20220109,away,64,18,3,20,3,23,2,31,21,23,8,4,4,10,9,3,6,54,29,22,12,75,64,8,0,15,2398,0,0,0,15,-7.567723017181763,64.2123287671233,61.111111111111114,88,20.435967302452315,14.285714285714286,90.0,62.06896551724138,1.2,2,12,7,69.43786488740616,10,17,2,18,13,31,3,39,22,24,6,0,0,19,16,5,9,63,28,17,12,78,82,10,1,10,2398,0,0,0,11,7.567723017181763,54.652466367713004,49.20634920634921,92,12.291052114060964,39.39393939393939,84.21052631578948,60.714285714285715,1.7,2,12,8,69.43786488740616
S39G01N153,2021-2022,20220109,away,64,18,3,20,3,23,2,31,21,23,8,4,4,10,9,3,6,54,29,22,12,75,64,8,0,15,2398,0,0,0,15,-8.291490486257942,64.2123287671233,61.111111111111114,88,20.435967302452315,14.285714285714286,90.0,62.06896551724138,1.2,3,12,7,69.65804837364469,10,17,2,18,13,31,3,39,22,24,6,0,0,20,17,5,9,63,28,17,12,79,83,10,1,10,2398,0,0,0,11,8.291490486257942,55.013927576601674,49.20634920634921,93,12.224938875305623,39.39393939393939,85.0,60.714285714285715,1.7,3,12,8,69.65804837364469
S39G01N153,2021-2022,20220109,away,64,18,3,20,3,23,2,31,21,23,8,4,4,10,9,3,6,54,29,22,12,75,64,8,0,15,2398,0,0,0,15,-8.291490486257942,64.2123287671233,61.111111111111114,88,20.435967302452315,14.285714285714286,90.0,62.06896551724138,1.2,3,12,7,69.65804837364469,10,17,2,18,13,31,3,39,22,24,6,0,0,20,17,5,9,63,28,17,12,79,83,10,1,10,2398,0,0,0,11,8.291490486257942,55.013927576601674,49.20634920634921,93,12.224938875305623,39.39393939393939,85.0,60.714285714285715,1.7,3,12,8,69.65804837364469
S39G01N153,2021-2022,20220109,away,64,18,3,20,3,23,2,31,21,23,8,4,4,10,9,3,6,54,29,22,12,75,64,8,0,15,2400,0,0,0,15,-8.291490486257942,64.2123287671233,61.111111111111114,88,20.435967302452315,14.285714285714286,90.0,62.06896551724138,1.2,3,12,7,69.6,10,17,2,18,13,31,3,39,22,24,6,0,0,20,17,5,9,63,28,17,12,79,83,10,1,10,2400,0,0,0,11,8.291490486257942,55.013927576601674,49.20634920634921,93,12.224938875305623,39.39393939393939,85.0,60.714285714285715,1.7,3,12,8,69.6
S39G01N153,2021-2022,20220109,away,64,18,3,20,3,23,2,31,21,23,8,4,4,10,9,3,6,54,29,22,12,75,64,8,0,15,2400,0,0,0,15,-8.291490486257942,64.2123287671233,61.111111111111114,88,20.435967302452315,14.285714285714286,90.0,62.06896551724138,1.2,3,12,7,69.6,10,17,2,18,13,31,3,39,22,24,6,0,0,20,17,5,9,63,28,17,12,79,83,10,1,10,2400,0,0,0,11,8.291490486257942,55.013927576601674,49.20634920634921,93,12.224938875305623,39.39393939393939,85.0,60.714285714285715,1.7,3,12,8,69.6
S39G01N153,2021-2022,20220109,away,64,18,3,20,3,23,2,31,21,23,8,4,4,10,9,3,6,54,29,22,12,75,64,8,0,15,2400,0,0,0,15,-8.291490486257942,64.2123287671233,61.111111111111114,88,20.435967302452315,14.285714285714286,90.0,62.06896551724138,1.2,3,12,7,69.6,10,17,2,18,13,31,3,39,22,24,6,0,0,20,17,5,9,63,28,17,12,79,83,10,1,10,2400,0,0,0,11,8.291490486257942,55.013927576601674,49.20634920634921,93,12.224938875305623,39.39393939393939,85.0,60.714285714285715,1.7,3,12,8,69.6
S39G01N153,2021-2022,20220109,away,64,18,3,20,3,23,2,31,21,23,8,4,4,10,9,3,6,54,29,22,12,75,64,8,0,15,2400,0,0,0,15,-8.291490486257942,64.2123287671233,61.111111111111114,88,20.435967302452315,14.285714285714286,90.0,62.06896551724138,1.2,3,12,7,69.6,10,17,2,18,13,31,3,39,22,24,6,0,0,20,17,5,9,63,28,17,12,79,83,10,1,10,2400,0,0,0,11,8.291490486257942,55.013927576601674,49.20634920634921,93,12.224938875305623,39.39393939393939,85.0,60.714285714285715,1.7,3,12,8,69.6
S39G01N153,2021-2022,20220109,away,64,18,3,20,3,23,2,31,21,23,8,4,4,10,9,3,6,54,29,22,12,75,64,8,0,15,2400,0,0,0,15,-8.291490486257942,64.2123287671233,61.111111111111114,88,20.435967302452315,14.285714285714286,90.0,62.06896551724138,1.2,3,12,7,69.6,10,17,2,18,13,31,3,39,22,24,6,0,0,20,17,5,9,63,28,17,12,79,83,10,1,10,2400,0,0,0,11,8.291490486257942,55.013927576601674,49.20634920634921,93,12.224938875305623,39.39393939393939,85.0,60.714285714285715,1.7,3,12,8,69.6
S39G01N153,2021-2022,20220109,away,64,18,3,20,3,23,2,31,21,23,8,4,4,10,9,3,6,54,29,22,12,75,64,8,0,15,2400,0,0,0,15,-8.291490486257942,64.2123287671233,61.111111111111114,88,20.435967302452315,14.285714285714286,90.0,62.06896551724138,1.2,3,12,7,69.6,10,17,2,18,13,31,3,39,22,24,6,0,0,20,17,5,9,63,28,17,12,79,83,10,1,10,2400,0,0,0,11,8.291490486257942,55.013927576601674,49.20634920634921,93,12.224938875305623,39.39393939393939,85.0,60.714285714285715,1.7,3,12,8,69.6
S39G01N153,2021-2022,20220109,away,64,18,3,20,3,23,2,31,21,23,8,4,4,10,9,3,6,54,29,22,12,75,64,8,0,15,2400,0,0,0,15,-8.291490486257942,64.2123287671233,61.111111111111114,88,20.435967302452315,14.285714285714286,90.0,62.06896551724138,1.2,3,12,7,69.6,10,17,2,18,13,31,3,39,22,24,6,0,0,20,17,5,9,63,28,17,12,79,83,10,1,10,2400,0,0,0,11,8.291490486257942,55.013927576601674,49.20634920634921,93,12.224938875305623,39.39393939393939,85.0,60.714285714285715,1.7,3,12,8,69.6
S39G01N153,2021-2022,20220109,away,64,18,3,20,3,23,2,31,21,23,8,4,4,10,9,3,6,54,29,22,12,75,64,8,0,15,2400,0,0,0,15,-8.291490486257942,64.2123287671233,61.111111111111114,88,20.435967302452315,14.285714285714286,90.0,62.06896551724138,1.2,3,12,7,69.6,10,17,2,18,13,31,3,39,22,24,6,0,0,20,17,5,9,63,28,17,12,79,83,10,1,10,2400,0,0,0,11,8.291490486257942,55.013927576601674,49.20634920634921,93,12.224938875305623,39.39393939393939,85.0,60.714285714285715,1.7,3,12,8,69.6
S39G01N153,2021-2022,20220109,away,64,18,3,20,3,23,2,31,21,23,8,4,4,10,9,3,6,54,29,22,12,75,64,8,0,15,2400,0,0,0,15,-8.291490486257942,64.2123287671233,61.111111111111114,88,20.435967302452315,14.285714285714286,90.0,62.06896551724138,1.2,3,12,7,69.6,10,17,2,18,13,31,3,39,22,24,6,0,0,20,17,5,9,63,28,17,12,79,83,10,1,10,2400,0,0,0,11,8.291490486257942,55.013927576601674,49.20634920634921,93,12.224938875305623,39.39393939393939,85.0,60.714285714285715,1.7,3,12,8,69.6
S39G01N153,2021-2022,20220109,away,64,18,3,20,3,23,2,31,21,23,8,4,4,10,9,3,6,54,29,22,12,75,64,8,0,15,2400,0,0,0,15,-8.291490486257942,64.2123287671233,61.111111111111114,88,20.435967302452315,14.285714285714286,90.0,62.06896551724138,1.2,3,12,7,69.6,10,17,2,18,13,31,3,39,22,24,6,0,0,20,17,5,9,63,28,17,12,79,83,10,1,10,2400,0,0,0,11,8.291490486257942,55.013927576601674,49.20634920634921,93,12.224938875305623,39.39393939393939,85.0,60.714285714285715,1.7,3,12,8,69.6
