gameKey,seasonName,date,winner,H_TEAM,H_AST,H_BLK,H_DREB,H_OREB,H_PRB,H_TRB,H_2PA,H_2PM,H_3PA,H_3PM,H_DKA,H_DKM,H_FTA,H_FTM,H_SWA,H_SWM,H_FGA,H_FGM,H_TPF,H_PF,H_PP,H_PA,H_STL,H_TTO,H_PTO,H_MIN,H_UF,H_TF,H_EJ,H_TO,H_NR,H_TS%,H_eFG%,H_EFF,H_TOV%,H_OREB%,H_FT%,H_AST%,H_AST/TO%,H_CR,H_LC,H_LLP,H_PACE,A_TEAM,A_AST,A_BLK,A_DREB,A_OREB,A_PRB,A_TRB,A_2PA,A_2PM,A_3PA,A_3PM,A_DKA,A_DKM,A_FTA,A_FTM,A_SWA,A_SWM,A_FGA,A_FGM,A_TPF,A_PF,A_PP,A_PA,A_STL,A_TTO,A_PTO,A_MIN,A_UF,A_TF,A_EJ,A_TO,A_NR,A_TS%,A_eFG%,A_EFF,A_TOV%,A_OREB%,A_FT%,A_AST%,A_AST/TO%,A_CR,A_LC,A_LLP,A_PACE
S39G01N130,2021-2022,20211228,away,30,0,0,0,0,0,0,0,0,0,0,0,0,0,0,0,0,0,0,0,0,0,0,0,0,0,0,0,0,0,0,0.0,0.0,0.0,0,0.0,0.0,0.0,0.0,0.0,0,0,0,0.0,6,0,0,0,0,0,0,0,0,0,0,0,0,0,0,0,0,0,0,0,0,0,0,0,0,0,0,0,0,0,0,0.0,0.0,0.0,0,0.0,0.0,0.0,0.0,0.0,0,0,0,0.0
S39G01N130,2021-2022,20211228,away,30,0,0,0,0,0,0,0,0,0,0,0,0,0,0,0,0,0,0,0,0,0,0,0,0,0,0,0,0,0,0,0.0,0.0,0.0,0,0.0,0.0,0.0,0.0,0.0,0,0,0,0.0,6,0,0,0,0,0,0,0,0,0,0,0,0,0,0,0,0,0,0,0,0,0,0,0,0,0,0,0,0,0,0,0.0,0.0,0.0,0,0.0,0.0,0.0,0.0,0.0,0,0,0,0.0
S39G01N130,2021-2022,20211228,away,30,0,0,0,0,0,0,0,0,0,0,0,0,0,0,0,0,0,0,0,0,0,0,0,0,0,0,0,0,0,0,0.0,0.0,0.0,0,0.0,0.0,0.0,0.0,0.0,0,0,0,0.0,6,0,0,0,0,0,0,0,0,0,0,0,0,0,0,0,0,0,0,0,0,0,0,0,0,0,0,0,0,0,0,0.0,0.0,0.0,0,0.0,0.0,0.0,0.0,0.0,0,0,0,0.0
S39G01N130,2021-2022,20211228,away,30,0,0,0,0,0,0,0,0,0,0,0,0,0,0,0,0,0,0,0,0,0,0,0,0,0,0,0,0,0,0,0.0,0.0,0.0,0,0.0,0.0,0.0,0.0,0.0,0,0,0,0.0,6,0,0,0,0,0,0,0,0,0,0,0,0,0,0,0,0,0,0,0,0,0,0,0,0,0,0,0,0,0,0,0.0,0.0,0.0,0,0.0,0.0,0.0,0.0,0.0,0,0,0,0.0
S39G01N130,2021-2022,20211228,away,30,0,0,0,0,0,0,0,0,0,0,0,0,0,0,0,0,0,0,0,0,0,0,0,0,0,0,0,0,0,0,0.0,0.0,0.0,0,0.0,0.0,0.0,0.0,0.0,0,0,0,0.0,6,0,0,0,0,0,0,0,0,0,0,0,0,0,0,0,0,0,0,0,0,0,0,0,0,0,0,0,0,0,0,0.0,0.0,0.0,0,0.0,0.0,0.0,0.0,0.0,0,0,0,0.0
S39G01N130,2021-2022,20211228,away,30,0,0,0,0,0,0,0,0,0,0,0,0,0,0,0,0,0,0,0,0,0,0,0,0,0,0,0,0,0,0,0.0,0.0,0.0,0,0.0,0.0,0.0,0.0,0.0,0,0,0,0.0,6,0,0,0,0,0,0,0,0,0,0,0,0,0,0,0,0,0,0,0,0,0,0,0,0,0,0,0,0,0,0,0.0,0.0,0.0,0,0.0,0.0,0.0,0.0,0.0,0,0,0,0.0
S39G01N130,2021-2022,20211228,away,30,0,0,0,0,0,0,0,0,0,0,0,0,0,0,0,0,0,0,0,0,0,0,0,0,0,0,0,0,0,0,0.0,0.0,0.0,0,0.0,0.0,0.0,0.0,0.0,0,0,0,0.0,6,0,0,0,0,0,0,0,0,0,0,0,0,0,0,0,0,0,0,0,0,0,0,0,0,0,0,0,0,0,0,0.0,0.0,0.0,0,0.0,0.0,0.0,0.0,0.0,0,0,0,0.0
S39G01N130,2021-2022,20211228,away,30,0,0,0,0,0,0,0,0,0,0,0,0,0,0,0,0,0,0,0,0,0,0,0,0,0,0,0,0,0,0,0.0,0.0,0.0,0,0.0,0.0,0.0,0.0,0.0,0,0,0,0.0,6,0,0,0,0,0,0,0,0,0,0,0,0,0,0,0,0,0,0,0,0,0,0,0,0,0,0,0,0,0,0,0.0,0.0,0.0,0,0.0,0.0,0.0,0.0,0.0,0,0,0,0.0
S39G01N130,2021-2022,20211228,away,30,0,0,0,0,0,0,0,0,0,0,0,0,0,0,0,0,0,0,0,0,0,0,0,0,0,0,0,0,0,0,0.0,0.0,0.0,0,0.0,0.0,0.0,0.0,0.0,0,0,0,0.0,6,0,0,0,0,0,0,0,0,0,0,0,0,0,0,0,0,0,0,0,0,0,0,0,0,0,0,0,0,0,0,0.0,0.0,0.0,0,0.0,0.0,0.0,0.0,0.0,0,0,0,0.0
S39G01N130,2021-2022,20211228,away,30,0,0,0,0,0,0,0,0,0,0,0,0,0,0,0,0,0,0,0,0,0,0,0,0,0,0,0,0,0,0,0.0,0.0,0.0,0,0.0,0.0,0.0,0.0,0.0,0,0,0,0.0,6,0,0,0,0,0,0,0,0,0,0,0,0,0,0,0,0,0,0,0,0,0,0,0,0,0,0,0,0,0,0,0.0,0.0,0.0,0,0.0,0.0,0.0,0.0,0.0,0,0,0,0.0
S39G01N130,2021-2022,20211228,away,30,0,0,0,0,0,0,0,0,0,0,0,0,0,0,0,0,0,0,0,0,0,0,0,0,0,0,0,0,0,0,0.0,0.0,0.0,0,0.0,0.0,0.0,0.0,0.0,0,0,0,0.0,6,0,0,0,0,0,0,0,0,0,0,0,0,0,0,0,0,0,0,0,0,0,0,0,0,0,0,0,0,0,0,0.0,0.0,0.0,0,0.0,0.0,0.0,0.0,0.0,0,0,0,0.0
S39G01N130,2021-2022,20211228,away,30,0,0,0,0,0,0,1,0,0,0,0,0,0,0,0,0,1,0,0,0,0,1,0,0,0,18,0,0,0,0,0.0,0.0,0.0,-1,0.0,0.0,0.0,0.0,0.0,0,0,0,66.66666666666667,6,0,0,0,0,0,0,0,0,0,0,0,0,0,0,0,0,0,0,0,0,0,0,0,0,0,18,0,0,0,0,0.0,0.0,0.0,0,0.0,0.0,0.0,0.0,0.0,0,0,0,66.66666666666667
S39G01N130,2021-2022,20211228,away,30,0,0,0,1,1,0,1,0,0,0,0,0,0,0,0,0,1,0,0,0,0,1,0,0,0,20,0,0,0,0,0.0,0.0,0.0,0,0.0,100.0,0.0,0.0,0.0,0,0,0,0.0,6,0,0,0,0,0,0,0,0,0,0,0,0,0,0,0,0,0,0,0,0,0,0,0,0,0,20,0,0,0,0,0.0,0.0,0.0,0,0.0,0.0,0.0,0.0,0.0,0,0,0,0.0
S39G01N130,2021-2022,20211228,away,30,0,0,0,1,1,0,2,0,0,0,0,0,0,0,0,0,2,0,0,0,0,2,0,0,0,21,0,0,0,0,0.0,0.0,0.0,-1,0.0,100.0,0.0,0.0,0.0,0,0,0,57.142857142857146,6,0,0,0,0,0,0,0,0,0,0,0,0,0,0,0,0,0,0,0,0,0,0,0,0,0,21,0,0,0,0,0.0,0.0,0.0,0,0.0,0.0,0.0,0.0,0.0,0,0,0,57.142857142857146
S39G01N130,2021-2022,20211228,away,30,0,0,0,2,2,0,2,0,0,0,0,0,0,0,0,0,2,0,0,0,0,2,0,0,0,22,0,0,0,0,0.0,0.0,0.0,0,0.0,100.0,0.0,0.0,0.0,0,0,0,0.0,6,0,0,0,0,0,0,0,0,0,0,0,0,0,0,0,0,0,0,0,0,0,0,0,0,0,22,0,0,0,0,0.0,0.0,0.0,0,0.0,0.0,0.0,0.0,0.0,0,0,0,0.0
S39G01N130,2021-2022,20211228,away,30,0,0,0,2,2,0,3,1,0,0,0,0,0,0,0,0,3,1,0,0,2,3,0,0,0,32,0,0,0,0,200.0,33.333333333333336,33.333333333333336,2,0.0,100.0,0.0,0.0,0.0,2,1,2,37.5,6,0,0,0,0,0,0,0,0,0,0,0,0,0,0,0,0,0,0,0,0,0,0,0,0,0,32,0,0,0,0,-200.0,0.0,0.0,0,0.0,0.0,0.0,0.0,0.0,2,1,0,37.5
S39G01N130,2021-2022,20211228,away,30,1,0,0,2,2,0,3,1,0,0,0,0,0,0,0,0,3,1,0,0,2,3,0,0,0,32,0,0,0,0,200.0,33.333333333333336,33.333333333333336,3,0.0,100.0,0.0,100.0,0.0,2,1,2,37.5,6,0,0,0,0,0,0,0,0,0,0,0,0,0,0,0,0,0,0,0,0,0,0,0,0,0,32,0,0,0,0,-200.0,0.0,0.0,0,0.0,0.0,0.0,0.0,0.0,2,1,0,37.5
S39G01N130,2021-2022,20211228,away,30,1,0,0,2,2,0,3,1,0,0,0,0,0,0,0,0,3,1,0,0,2,3,0,0,0,52,0,0,0,0,0.0,33.333333333333336,33.333333333333336,3,0.0,100.0,0.0,100.0,0.0,2,1,2,46.15384615384615,6,0,0,0,0,0,0,1,1,0,0,0,0,0,0,0,0,1,1,0,0,2,1,0,0,0,52,0,0,0,0,0.0,100.0,100.0,2,0.0,0.0,0.0,0.0,0.0,2,1,0,46.15384615384615
S39G01N130,2021-2022,20211228,away,30,1,0,0,2,2,0,3,1,0,0,0,0,0,0,0,0,3,1,0,0,2,3,0,0,0,52,0,0,0,0,0.0,33.333333333333336,33.333333333333336,3,0.0,100.0,0.0,100.0,0.0,2,1,2,46.15384615384615,6,1,0,0,0,0,0,1,1,0,0,0,0,0,0,0,0,1,1,0,0,2,1,0,0,0,52,0,0,0,0,0.0,100.0,100.0,3,0.0,0.0,0.0,100.0,0.0,2,1,0,46.15384615384615
S39G01N130,2021-2022,20211228,away,30,1,0,0,2,2,0,3,1,0,0,0,0,0,0,0,0,3,1,0,0,2,3,0,0,0,65,0,0,0,0,0.0,33.333333333333336,33.333333333333336,3,0.0,100.0,0.0,100.0,0.0,2,1,2,36.92307692307692,6,1,0,0,0,0,0,1,1,0,0,0,0,0,0,0,0,1,1,1,1,2,1,0,0,0,65,0,0,0,0,0.0,100.0,100.0,3,0.0,0.0,0.0,100.0,0.0,2,1,0,36.92307692307692
S39G01N130,2021-2022,20211228,away,30,1,0,0,2,2,0,3,1,0,0,0,0,0,0,0,0,3,1,0,0,2,3,0,0,0,65,0,0,0,0,0.0,33.333333333333336,33.333333333333336,3,0.0,100.0,0.0,100.0,0.0,2,1,2,36.92307692307692,6,1,0,0,0,0,0,1,1,0,0,0,0,0,0,0,0,1,1,1,1,2,1,0,0,0,65,0,0,0,0,0.0,100.0,100.0,3,0.0,0.0,0.0,100.0,0.0,2,1,0,36.92307692307692
S39G01N130,2021-2022,20211228,away,30,1,0,0,2,2,0,4,2,0,0,0,0,0,0,0,0,4,2,0,0,4,4,0,0,0,78,0,0,0,0,0.0,50.0,50.0,5,0.0,100.0,0.0,50.0,0.0,2,1,2,46.15384615384615,6,1,0,0,0,0,0,1,1,0,0,0,0,0,0,0,0,1,1,1,1,2,1,0,0,0,78,0,0,0,0,0.0,100.0,100.0,3,0.0,0.0,0.0,100.0,0.0,2,1,0,46.15384615384615
S39G01N130,2021-2022,20211228,away,30,2,0,0,2,2,0,4,2,0,0,0,0,0,0,0,0,4,2,0,0,4,4,0,0,0,78,0,0,0,0,0.0,50.0,50.0,6,0.0,100.0,0.0,100.0,0.0,2,1,2,46.15384615384615,6,1,0,0,0,0,0,1,1,0,0,0,0,0,0,0,0,1,1,1,1,2,1,0,0,0,78,0,0,0,0,0.0,100.0,100.0,3,0.0,0.0,0.0,100.0,0.0,2,1,0,46.15384615384615
S39G01N130,2021-2022,20211228,away,30,2,0,0,2,2,0,4,2,0,0,0,0,0,0,0,0,4,2,1,1,4,4,0,0,0,98,0,0,0,0,0.0,50.0,50.0,6,0.0,100.0,0.0,100.0,0.0,2,1,2,36.73469387755102,6,1,0,0,0,0,0,1,1,0,0,0,0,0,0,0,0,1,1,1,1,2,1,0,0,0,98,0,0,0,0,0.0,100.0,100.0,3,0.0,0.0,0.0,100.0,0.0,2,1,0,36.73469387755102
S39G01N130,2021-2022,20211228,away,30,2,0,0,2,2,0,4,2,0,0,0,0,0,0,0,0,4,2,1,1,4,4,0,0,0,98,0,0,0,0,0.0,50.0,50.0,6,0.0,100.0,0.0,100.0,0.0,2,1,2,36.73469387755102,6,1,0,0,0,0,0,1,1,0,0,0,0,0,0,0,0,1,1,1,1,2,1,0,0,0,98,0,0,0,0,0.0,100.0,100.0,3,0.0,0.0,0.0,100.0,0.0,2,1,0,36.73469387755102
S39G01N130,2021-2022,20211228,away,30,2,0,0,2,2,0,4,2,0,0,0,0,0,0,0,0,4,2,1,1,4,4,0,0,0,108,0,0,0,0,100.0,50.0,50.0,6,0.0,100.0,0.0,100.0,0.0,2,1,2,44.44444444444444,6,1,0,0,0,0,0,2,1,0,0,0,0,0,0,0,0,2,1,1,1,2,2,0,0,0,108,0,0,0,0,-100.0,50.0,50.0,2,0.0,0.0,0.0,100.0,0.0,2,1,0,44.44444444444444
S39G01N130,2021-2022,20211228,away,30,2,0,1,2,3,0,4,2,0,0,0,0,0,0,0,0,4,2,1,1,4,4,0,0,0,109,0,0,0,0,100.0,50.0,50.0,7,0.0,100.0,0.0,100.0,0.0,2,1,2,44.03669724770642,6,1,0,0,0,0,0,2,1,0,0,0,0,0,0,0,0,2,1,1,1,2,2,0,0,0,109,0,0,0,0,-100.0,50.0,50.0,2,0.0,0.0,0.0,100.0,0.0,2,1,0,44.03669724770642
S39G01N130,2021-2022,20211228,away,30,2,0,1,2,3,0,5,2,0,0,0,0,0,0,0,0,5,2,1,1,4,5,0,0,0,134,0,0,0,0,33.33333333333334,40.0,40.0,6,0.0,100.0,0.0,100.0,0.0,2,1,2,44.776119402985074,6,1,0,0,0,0,0,2,1,0,0,0,0,0,0,0,0,2,1,1,1,2,2,0,0,0,134,0,0,0,0,-33.33333333333334,50.0,50.0,2,0.0,0.0,0.0,100.0,0.0,2,1,0,44.776119402985074
S39G01N130,2021-2022,20211228,away,30,2,0,1,2,3,0,5,2,0,0,0,0,0,0,0,0,5,2,1,1,4,5,0,0,0,135,0,0,0,0,33.33333333333334,40.0,40.0,6,0.0,66.66666666666667,0.0,100.0,0.0,2,1,2,44.44444444444444,6,1,0,1,0,1,0,2,1,0,0,0,0,0,0,0,0,2,1,1,1,2,2,0,0,0,135,0,0,0,0,-33.33333333333334,50.0,50.0,3,0.0,0.0,0.0,100.0,0.0,2,1,0,44.44444444444444
S39G01N130,2021-2022,20211228,away,30,2,0,1,2,3,0,5,2,0,0,0,0,0,0,0,0,5,2,1,1,4,5,0,0,0,144,0,0,0,0,66.66666666666667,40.0,40.0,6,0.0,66.66666666666667,0.0,100.0,0.0,2,1,2,50.0,6,1,0,1,0,1,0,2,1,1,0,0,0,0,0,0,0,3,1,1,1,2,3,0,0,0,144,0,0,0,0,-66.66666666666667,33.333333333333336,33.333333333333336,2,0.0,0.0,0.0,100.0,0.0,2,1,0,50.0
S39G01N130,2021-2022,20211228,away,30,2,0,2,2,4,0,5,2,0,0,0,0,0,0,0,0,5,2,1,1,4,5,0,0,0,148,0,0,0,0,66.66666666666667,40.0,40.0,7,0.0,66.66666666666667,0.0,100.0,0.0,2,1,2,48.64864864864865,6,1,0,1,0,1,0,2,1,1,0,0,0,0,0,0,0,3,1,1,1,2,3,0,0,0,148,0,0,0,0,-66.66666666666667,33.333333333333336,33.333333333333336,2,0.0,0.0,0.0,100.0,0.0,2,1,0,48.64864864864865
S39G01N130,2021-2022,20211228,away,30,2,0,2,2,4,0,6,3,0,0,0,0,0,0,0,0,6,3,1,1,6,6,0,0,0,163,0,0,0,0,83.33333333333333,50.0,50.0,9,0.0,66.66666666666667,0.0,66.66666666666667,0.0,4,1,4,51.533742331288344,6,1,0,1,0,1,0,2,1,1,0,0,0,0,0,0,0,3,1,1,1,2,3,0,0,0,163,0,0,0,0,-83.33333333333333,33.333333333333336,33.333333333333336,2,0.0,0.0,0.0,100.0,0.0,4,1,0,51.533742331288344
S39G01N130,2021-2022,20211228,away,30,2,0,2,2,4,0,6,3,0,0,0,0,0,0,0,0,6,3,1,1,6,6,0,0,0,163,0,0,0,0,83.33333333333333,50.0,50.0,9,0.0,66.66666666666667,0.0,66.66666666666667,0.0,4,1,4,51.533742331288344,6,1,0,1,0,1,0,2,1,1,0,0,0,0,0,0,0,3,1,2,1,2,3,0,0,0,163,0,0,0,0,-83.33333333333333,33.333333333333336,33.333333333333336,2,0.0,0.0,0.0,100.0,0.0,4,1,0,51.533742331288344
S39G01N130,2021-2022,20211228,away,30,2,0,2,2,4,0,6,3,0,0,0,0,0,0,0,0,6,3,1,1,6,6,0,0,0,163,0,0,0,0,83.33333333333333,50.0,50.0,9,0.0,66.66666666666667,0.0,66.66666666666667,0.0,4,1,4,51.533742331288344,6,1,0,1,0,1,0,2,1,1,0,0,0,0,0,0,0,3,1,2,1,2,3,0,0,0,163,0,0,0,0,-83.33333333333333,33.333333333333336,33.333333333333336,2,0.0,0.0,0.0,100.0,0.0,4,1,0,51.533742331288344
S39G01N130,2021-2022,20211228,away,30,2,0,2,2,4,0,6,3,0,0,0,0,1,1,0,0,6,3,1,1,7,7,0,0,0,163,0,0,0,0,90.99099099099097,54.347826086956516,50.0,10,0.0,66.66666666666667,100.0,66.66666666666667,0.0,5,1,5,54.77300613496933,6,1,0,1,0,1,0,2,1,1,0,0,0,0,0,0,0,3,1,2,1,2,3,0,0,0,163,0,0,0,0,-90.99099099099097,33.333333333333336,33.333333333333336,2,0.0,0.0,0.0,100.0,0.0,5,1,0,54.77300613496933
S39G01N130,2021-2022,20211228,away,30,2,0,2,2,4,0,6,3,0,0,0,0,1,1,0,0,6,3,1,1,7,7,0,0,0,180,0,0,0,0,32.65765765765764,54.347826086956516,50.0,10,0.0,66.66666666666667,100.0,66.66666666666667,0.0,3,1,5,56.26666666666668,6,1,0,1,0,1,0,2,1,2,1,0,0,0,0,0,0,4,2,2,1,5,4,0,0,0,180,0,0,0,0,-32.65765765765764,62.5,62.5,5,0.0,0.0,0.0,50.0,0.0,3,1,0,56.26666666666668
S39G01N130,2021-2022,20211228,away,30,2,0,2,2,4,0,6,3,0,0,0,0,1,1,0,0,6,3,1,1,7,7,0,0,0,180,0,0,0,0,32.65765765765764,54.347826086956516,50.0,10,0.0,66.66666666666667,100.0,66.66666666666667,0.0,3,1,5,56.26666666666668,6,2,0,1,0,1,0,2,1,2,1,0,0,0,0,0,0,4,2,2,1,5,4,0,0,0,180,0,0,0,0,-32.65765765765764,62.5,62.5,6,0.0,0.0,0.0,100.0,0.0,3,1,0,56.26666666666668
S39G01N130,2021-2022,20211228,away,30,2,0,2,2,4,0,6,3,1,0,0,0,1,1,0,0,7,3,1,1,7,8,0,0,0,194,0,0,0,0,3.6764705882352757,47.04301075268817,42.857142857142854,9,0.0,66.66666666666667,100.0,66.66666666666667,0.0,3,1,5,58.3917525773196,6,2,0,1,0,1,0,2,1,2,1,0,0,0,0,0,0,4,2,2,1,5,4,0,0,0,194,0,0,0,0,-3.6764705882352757,62.5,62.5,6,0.0,0.0,0.0,100.0,0.0,3,1,0,58.3917525773196
S39G01N130,2021-2022,20211228,away,30,2,0,2,3,5,0,6,3,1,0,0,0,1,1,0,0,7,3,1,1,7,8,0,0,0,195,0,0,0,0,32.65765765765764,47.04301075268817,42.857142857142854,10,0.0,75.0,100.0,66.66666666666667,0.0,3,1,5,51.938461538461546,6,2,0,1,0,1,0,2,1,2,1,0,0,0,0,0,0,4,2,2,1,5,4,0,0,0,195,0,0,0,0,-32.65765765765764,62.5,62.5,6,0.0,0.0,0.0,100.0,0.0,3,1,0,51.938461538461546
S39G01N130,2021-2022,20211228,away,30,2,0,2,3,5,0,6,3,2,1,0,0,1,1,0,0,8,4,1,1,10,9,0,0,0,208,0,0,0,0,58.823529411764724,59.241706161137444,56.25,13,0.0,75.0,100.0,50.0,0.0,3,1,5,54.46153846153846,6,2,0,1,0,1,0,2,1,2,1,0,0,0,0,0,0,4,2,2,1,5,4,0,0,0,208,0,0,0,0,-58.823529411764724,62.5,62.5,6,0.0,0.0,0.0,100.0,0.0,3,1,0,54.46153846153846
S39G01N130,2021-2022,20211228,away,30,3,0,2,3,5,0,6,3,2,1,0,0,1,1,0,0,8,4,1,1,10,9,0,0,0,208,0,0,0,0,58.823529411764724,59.241706161137444,56.25,14,0.0,75.0,100.0,75.0,0.0,3,1,5,54.46153846153846,6,2,0,1,0,1,0,2,1,2,1,0,0,0,0,0,0,4,2,2,1,5,4,0,0,0,208,0,0,0,0,-58.823529411764724,62.5,62.5,6,0.0,0.0,0.0,100.0,0.0,3,1,0,54.46153846153846
S39G01N130,2021-2022,20211228,away,30,3,0,2,3,5,0,6,3,2,1,0,0,1,1,0,0,8,4,1,1,10,9,0,0,0,219,0,0,0,0,83.82352941176472,59.241706161137444,56.25,14,0.0,75.0,100.0,75.0,0.0,3,1,5,57.20547945205479,6,2,0,1,0,1,0,3,1,2,1,0,0,0,0,0,0,5,2,2,1,5,5,0,0,0,219,0,0,0,0,-83.82352941176472,50.0,50.0,5,0.0,0.0,0.0,100.0,0.0,3,1,0,57.20547945205479
S39G01N130,2021-2022,20211228,away,30,3,0,2,3,5,0,6,3,2,1,0,0,1,1,0,0,8,4,1,1,10,9,0,0,0,220,0,0,0,0,58.823529411764724,59.241706161137444,56.25,14,0.0,75.0,100.0,75.0,0.0,3,1,5,51.490909090909085,6,2,0,1,1,2,0,3,1,2,1,0,0,0,0,0,0,5,2,2,1,5,5,0,0,0,220,0,0,0,0,-58.823529411764724,50.0,50.0,6,0.0,33.333333333333336,0.0,100.0,0.0,3,1,0,51.490909090909085
S39G01N130,2021-2022,20211228,away,30,3,0,2,3,5,0,6,3,2,1,0,0,1,1,0,0,8,4,1,1,10,9,0,0,0,222,0,0,0,0,43.823529411764724,59.241706161137444,56.25,14,0.0,75.0,100.0,75.0,0.0,2,1,5,56.43243243243243,6,2,0,1,1,2,0,4,2,2,1,0,0,0,0,0,0,6,3,2,1,7,6,0,0,0,222,0,0,0,0,-43.823529411764724,58.333333333333336,58.333333333333336,8,0.0,33.333333333333336,0.0,66.66666666666667,0.0,2,1,0,56.43243243243243
S39G01N130,2021-2022,20211228,away,30,3,0,2,3,5,0,7,3,2,1,0,0,1,1,0,0,9,4,1,1,10,10,0,0,0,239,0,0,0,0,15.279503105590067,52.96610169491526,50.0,13,0.0,75.0,100.0,75.0,0.0,2,1,5,57.439330543933046,6,2,0,1,1,2,0,4,2,2,1,0,0,0,0,0,0,6,3,2,1,7,6,0,0,0,239,0,0,0,0,-15.279503105590067,58.333333333333336,58.333333333333336,8,0.0,33.333333333333336,0.0,66.66666666666667,0.0,2,1,0,57.439330543933046
S39G01N130,2021-2022,20211228,away,30,3,0,2,3,5,0,7,3,2,1,0,0,1,1,0,0,9,4,1,1,10,10,0,0,0,241,0,0,0,0,15.279503105590067,52.96610169491526,50.0,13,0.0,60.0,100.0,75.0,0.0,2,1,5,56.96265560165975,6,2,0,2,1,3,0,4,2,2,1,0,0,0,0,0,0,6,3,2,1,7,6,0,0,0,241,0,0,0,0,-15.279503105590067,58.333333333333336,58.333333333333336,9,0.0,33.333333333333336,0.0,66.66666666666667,0.0,2,1,0,56.96265560165975
S39G01N130,2021-2022,20211228,away,30,3,0,2,3,5,0,7,3,2,1,0,0,1,1,0,0,9,4,1,1,10,10,0,0,0,247,0,0,0,0,38.612836438923395,52.96610169491526,50.0,13,0.0,60.0,100.0,75.0,0.0,2,1,5,60.43724696356275,6,2,0,2,1,3,0,5,2,2,1,0,0,0,0,0,0,7,3,2,1,7,7,0,0,0,247,0,0,0,0,-38.612836438923395,50.0,50.0,8,0.0,33.333333333333336,0.0,66.66666666666667,0.0,2,1,0,60.43724696356275
S39G01N130,2021-2022,20211228,away,30,3,0,3,3,6,0,7,3,2,1,0,0,1,1,0,0,9,4,1,1,10,10,0,0,0,248,0,0,0,0,38.612836438923395,52.96610169491526,50.0,14,0.0,60.0,100.0,75.0,0.0,2,1,5,60.193548387096776,6,2,0,2,1,3,0,5,2,2,1,0,0,0,0,0,0,7,3,2,1,7,7,0,0,0,248,0,0,0,0,-38.612836438923395,50.0,50.0,8,0.0,25.0,0.0,66.66666666666667,0.0,2,1,0,60.193548387096776
S39G01N130,2021-2022,20211228,away,30,3,0,3,3,6,0,8,3,2,1,0,0,1,1,0,0,10,4,1,1,10,11,0,0,0,261,0,0,0,0,17.74193548387096,47.89272030651341,45.0,13,0.0,60.0,100.0,75.0,0.0,2,1,5,61.79310344827586,6,2,0,2,1,3,0,5,2,2,1,0,0,0,0,0,0,7,3,2,1,7,7,0,0,0,261,0,0,0,0,-17.74193548387096,50.0,50.0,8,0.0,25.0,0.0,66.66666666666667,0.0,2,1,0,61.79310344827586
S39G01N130,2021-2022,20211228,away,30,3,0,3,3,6,0,8,3,2,1,0,0,1,1,0,0,10,4,1,1,10,11,0,0,0,263,0,0,0,0,17.74193548387096,47.89272030651341,45.0,13,0.0,50.0,100.0,75.0,0.0,2,1,5,61.32319391634981,6,2,0,3,1,4,0,5,2,2,1,0,0,0,0,0,0,7,3,2,1,7,7,0,0,0,263,0,0,0,0,-17.74193548387096,50.0,50.0,9,0.0,25.0,0.0,66.66666666666667,0.0,2,1,0,61.32319391634981
S39G01N130,2021-2022,20211228,away,30,3,0,3,3,6,0,8,3,2,1,0,0,1,1,0,0,10,4,2,2,10,11,0,0,0,272,0,0,0,0,17.74193548387096,47.89272030651341,45.0,13,0.0,50.0,100.0,75.0,0.0,2,1,5,59.294117647058826,6,2,0,3,1,4,0,5,2,2,1,0,0,0,0,0,0,7,3,2,1,7,7,0,0,0,272,0,0,0,0,-17.74193548387096,50.0,50.0,9,0.0,25.0,0.0,66.66666666666667,0.0,2,1,0,59.294117647058826
S39G01N130,2021-2022,20211228,away,30,3,0,3,3,6,0,8,3,2,1,0,0,1,1,0,0,10,4,2,2,10,11,0,0,0,272,0,0,0,0,17.74193548387096,47.89272030651341,45.0,13,0.0,50.0,100.0,75.0,0.0,2,1,5,59.294117647058826,6,2,0,3,1,4,0,5,2,2,1,0,0,0,0,0,0,7,3,2,1,7,7,0,0,0,272,0,0,0,0,-17.74193548387096,50.0,50.0,9,0.0,25.0,0.0,66.66666666666667,0.0,2,1,0,59.294117647058826
S39G01N130,2021-2022,20211228,away,30,3,0,3,3,6,0,8,3,2,1,0,0,1,1,0,0,10,4,2,2,10,11,0,0,0,279,0,0,0,0,34.40860215053763,47.89272030651341,45.0,13,0.0,50.0,100.0,75.0,0.0,2,1,5,62.107526881720425,6,2,0,3,1,4,0,5,2,2,1,0,0,0,0,0,0,7,3,2,1,7,7,0,0,1,279,0,0,0,1,-34.40860215053763,50.0,50.0,8,12.5,25.0,0.0,66.66666666666667,2.0,2,1,0,62.107526881720425
S39G01N130,2021-2022,20211228,away,30,3,0,3,3,6,0,8,3,2,1,0,0,1,1,0,0,10,4,2,2,10,11,1,0,0,281,0,0,0,0,34.40860215053763,47.89272030651341,45.0,14,0.0,50.0,100.0,75.0,0.0,2,1,5,61.665480427046255,6,2,0,3,1,4,0,5,2,2,1,0,0,0,0,0,0,7,3,2,1,7,7,0,0,1,281,0,0,0,1,-34.40860215053763,50.0,50.0,8,12.5,25.0,0.0,66.66666666666667,2.0,2,1,0,61.665480427046255
S39G01N130,2021-2022,20211228,away,30,3,0,3,3,6,0,9,4,2,1,0,0,1,1,0,0,11,5,2,2,12,12,1,0,0,282,0,0,0,0,42.18009478672985,52.44755244755245,50.0,16,0.0,50.0,100.0,60.0,0.0,2,1,5,65.70212765957446,6,2,0,3,1,4,0,5,2,2,1,0,0,0,0,0,0,7,3,2,1,7,7,0,0,1,282,0,0,0,1,-42.18009478672985,50.0,50.0,8,12.5,25.0,0.0,66.66666666666667,2.0,2,1,0,65.70212765957446
S39G01N130,2021-2022,20211228,away,30,3,0,3,3,6,0,9,4,2,1,0,0,1,1,1,2,11,5,2,2,12,12,1,0,0,282,0,0,0,0,42.18009478672985,52.44755244755245,50.0,16,0.0,50.0,100.0,60.0,0.0,2,1,5,65.70212765957446,6,2,0,3,1,4,0,5,2,2,1,0,0,0,0,0,0,7,3,2,1,7,7,0,0,1,282,0,0,0,1,-42.18009478672985,50.0,50.0,8,12.5,25.0,0.0,66.66666666666667,2.0,2,1,0,65.70212765957446
S39G01N130,2021-2022,20211228,away,30,3,0,3,3,6,0,9,4,2,1,0,0,1,1,1,2,11,5,2,2,12,12,1,0,0,305,0,0,0,0,54.68009478672985,52.44755244755245,50.0,16,0.0,50.0,100.0,60.0,0.0,2,1,5,64.68196721311475,6,2,0,3,1,4,0,6,2,2,1,0,0,0,0,0,0,8,3,2,1,7,8,0,0,1,305,0,0,0,1,-54.68009478672985,43.75,43.75,7,11.11111111111111,25.0,0.0,66.66666666666667,2.0,2,1,0,64.68196721311475
S39G01N130,2021-2022,20211228,away,30,3,0,4,3,7,0,9,4,2,1,0,0,1,1,1,2,11,5,2,2,12,12,1,0,0,306,0,0,0,0,54.68009478672985,52.44755244755245,50.0,17,0.0,50.0,100.0,60.0,0.0,2,1,5,64.4705882352941,6,2,0,3,1,4,0,6,2,2,1,0,0,0,0,0,0,8,3,2,1,7,8,0,0,1,306,0,0,0,1,-54.68009478672985,43.75,43.75,7,11.11111111111111,20.0,0.0,66.66666666666667,2.0,2,1,0,64.4705882352941
S39G01N130,2021-2022,20211228,away,30,3,0,4,3,7,0,9,4,3,1,0,0,1,1,1,2,12,5,2,2,12,13,1,0,0,318,0,0,0,0,39.61864406779662,48.231511254019296,45.833333333333336,16,0.0,50.0,100.0,60.0,0.0,2,1,5,65.81132075471697,6,2,0,3,1,4,0,6,2,2,1,0,0,0,0,0,0,8,3,2,1,7,8,0,0,1,318,0,0,0,1,-39.61864406779662,43.75,43.75,7,11.11111111111111,20.0,0.0,66.66666666666667,2.0,2,1,0,65.81132075471697
S39G01N130,2021-2022,20211228,away,30,3,0,4,3,7,0,9,4,3,1,0,0,1,1,1,2,12,5,2,2,12,13,1,0,0,319,0,0,0,0,39.61864406779662,48.231511254019296,45.833333333333336,16,0.0,42.857142857142854,100.0,60.0,0.0,2,1,5,65.60501567398119,6,2,0,4,1,5,0,6,2,2,1,0,0,0,0,0,0,8,3,2,1,7,8,0,0,1,319,0,0,0,1,-39.61864406779662,43.75,43.75,8,11.11111111111111,20.0,0.0,66.66666666666667,2.0,2,1,0,65.60501567398119
S39G01N130,2021-2022,20211228,away,30,3,0,4,3,7,0,9,4,3,1,0,0,1,1,1,2,12,5,3,2,12,13,1,0,0,339,0,0,0,0,39.61864406779662,48.231511254019296,45.833333333333336,16,0.0,42.857142857142854,100.0,60.0,0.0,2,1,5,61.73451327433628,6,2,0,4,1,5,0,6,2,2,1,0,0,0,0,0,0,8,3,2,1,7,8,0,0,1,339,0,0,0,1,-39.61864406779662,43.75,43.75,8,11.11111111111111,20.0,0.0,66.66666666666667,2.0,2,1,0,61.73451327433628
S39G01N130,2021-2022,20211228,away,30,3,0,4,3,7,0,9,4,3,1,0,0,1,1,1,2,12,5,3,2,12,13,1,0,0,339,0,0,0,0,39.61864406779662,48.231511254019296,45.833333333333336,16,0.0,42.857142857142854,100.0,60.0,0.0,2,1,5,61.73451327433628,6,2,0,4,1,5,0,6,2,2,1,0,0,0,0,0,0,8,3,2,1,7,8,0,0,1,339,0,0,0,1,-39.61864406779662,43.75,43.75,8,11.11111111111111,20.0,0.0,66.66666666666667,2.0,2,1,0,61.73451327433628
S39G01N130,2021-2022,20211228,away,30,3,0,4,3,7,0,9,4,3,1,0,0,1,1,1,2,12,5,3,2,12,13,1,0,0,339,0,0,0,0,32.331914209976716,48.231511254019296,45.833333333333336,16,0.0,42.857142857142854,100.0,60.0,0.0,1,1,5,63.29203539823009,6,2,0,4,1,5,0,6,2,2,1,0,0,1,1,0,0,8,3,2,1,8,9,0,0,1,339,0,0,0,1,-32.331914209976716,47.39336492890995,43.75,9,10.593220338983052,20.0,100.0,66.66666666666667,2.0,1,1,0,63.29203539823009
S39G01N130,2021-2022,20211228,away,30,3,0,4,3,7,0,9,4,3,1,0,0,1,1,1,2,12,5,3,2,12,13,1,0,0,339,0,0,0,0,37.02855397770654,48.231511254019296,45.833333333333336,16,0.0,42.857142857142854,100.0,60.0,0.0,1,1,5,64.8495575221239,6,2,0,4,1,5,0,6,2,2,1,0,0,2,1,0,0,8,3,2,1,8,10,0,0,1,339,0,0,0,1,-37.02855397770654,45.04504504504504,43.75,8,10.121457489878543,20.0,50.0,66.66666666666667,2.0,1,1,0,64.8495575221239
S39G01N130,2021-2022,20211228,away,30,3,0,4,3,7,0,9,4,3,1,0,0,1,1,1,2,12,5,3,2,12,13,1,0,0,339,0,0,0,0,30.552120462646414,48.231511254019296,45.833333333333336,16,0.0,42.857142857142854,100.0,60.0,0.0,2,1,5,66.40707964601769,6,2,0,4,1,5,0,6,2,2,1,0,0,3,2,0,0,8,3,2,1,9,11,0,0,1,339,0,0,0,1,-30.552120462646414,48.283261802575105,43.75,9,9.689922480620154,20.0,66.66666666666667,66.66666666666667,2.0,2,1,0,66.40707964601769
S39G01N130,2021-2022,20211228,away,30,3,0,4,3,7,0,10,5,3,1,0,0,1,1,1,2,13,6,3,2,14,14,1,0,0,361,0,0,0,0,37.53309325308736,52.083333333333336,50.0,18,0.0,42.857142857142854,100.0,50.0,0.0,2,1,5,65.68421052631578,6,2,0,4,1,5,0,6,2,2,1,0,0,3,2,0,0,8,3,2,1,9,11,0,0,1,361,0,0,0,1,-37.53309325308736,48.283261802575105,43.75,9,9.689922480620154,20.0,66.66666666666667,66.66666666666667,2.0,2,1,0,65.68421052631578
S39G01N130,2021-2022,20211228,away,30,4,0,4,3,7,0,10,5,3,1,0,0,1,1,1,2,13,6,3,2,14,14,1,0,0,361,0,0,0,0,37.53309325308736,52.083333333333336,50.0,19,0.0,42.857142857142854,100.0,66.66666666666667,0.0,2,1,5,65.68421052631578,6,2,0,4,1,5,0,6,2,2,1,0,0,3,2,0,0,8,3,2,1,9,11,0,0,1,361,0,0,0,1,-37.53309325308736,48.283261802575105,43.75,9,9.689922480620154,20.0,66.66666666666667,66.66666666666667,2.0,2,1,0,65.68421052631578
S39G01N130,2021-2022,20211228,away,30,4,0,4,3,7,0,10,5,3,1,0,0,1,1,1,2,13,6,3,2,14,14,1,0,0,381,0,0,0,0,27.510469571415868,52.083333333333336,50.0,19,0.0,42.857142857142854,100.0,66.66666666666667,0.0,2,1,5,65.38582677165354,6,2,0,4,1,5,0,7,3,2,1,0,0,3,2,0,0,9,4,2,1,11,12,0,0,1,381,0,0,0,1,-27.510469571415868,53.29457364341085,50.0,11,8.8339222614841,20.0,66.66666666666667,50.0,2.0,2,1,0,65.38582677165354
S39G01N130,2021-2022,20211228,away,30,4,0,4,3,7,0,10,5,3,1,0,0,1,1,1,2,13,6,3,2,14,14,1,0,0,381,0,0,0,0,27.510469571415868,52.083333333333336,50.0,19,0.0,42.857142857142854,100.0,66.66666666666667,0.0,2,1,5,65.38582677165354,6,3,0,4,1,5,0,7,3,2,1,0,0,3,2,0,0,9,4,2,1,11,12,0,0,1,381,0,0,0,1,-27.510469571415868,53.29457364341085,50.0,12,8.8339222614841,20.0,66.66666666666667,75.0,3.0,2,1,0,65.38582677165354
S39G01N130,2021-2022,20211228,away,30,4,0,4,3,7,0,11,5,3,1,0,0,1,1,1,2,14,6,3,2,14,15,1,0,0,397,0,0,0,0,15.788475090800688,48.47645429362881,46.42857142857143,18,0.0,42.857142857142854,100.0,66.66666666666667,0.0,2,1,5,65.77329974811083,6,3,0,4,1,5,0,7,3,2,1,0,0,3,2,0,0,9,4,2,1,11,12,0,0,1,397,0,0,0,1,-15.788475090800688,53.29457364341085,50.0,12,8.8339222614841,20.0,66.66666666666667,75.0,3.0,2,1,0,65.77329974811083
S39G01N130,2021-2022,20211228,away,30,4,0,4,3,7,0,11,5,3,1,0,0,1,1,1,2,14,6,3,2,14,15,1,0,0,398,0,0,0,0,15.788475090800688,48.47645429362881,46.42857142857143,18,0.0,37.5,100.0,66.66666666666667,0.0,2,1,5,65.60804020100502,6,3,0,5,1,6,0,7,3,2,1,0,0,3,2,0,0,9,4,2,1,11,12,0,0,1,398,0,0,0,1,-15.788475090800688,53.29457364341085,50.0,13,8.8339222614841,20.0,66.66666666666667,75.0,3.0,2,1,0,65.60804020100502
S39G01N130,2021-2022,20211228,away,30,4,0,4,3,7,0,11,5,3,1,0,0,1,1,1,2,14,6,4,3,14,15,1,0,0,398,0,0,0,0,15.788475090800688,48.47645429362881,46.42857142857143,18,0.0,37.5,100.0,66.66666666666667,0.0,2,1,5,65.60804020100502,6,3,0,5,1,6,0,7,3,2,1,0,0,3,2,0,0,9,4,2,1,11,12,0,0,1,398,0,0,0,1,-15.788475090800688,53.29457364341085,50.0,13,8.8339222614841,20.0,66.66666666666667,75.0,3.0,2,1,0,65.60804020100502
S39G01N130,2021-2022,20211228,away,30,4,0,4,3,7,0,11,5,3,1,0,0,1,1,1,2,14,6,4,3,14,15,1,0,0,398,0,0,0,0,15.788475090800688,48.47645429362881,46.42857142857143,18,0.0,37.5,100.0,66.66666666666667,0.0,2,1,5,65.60804020100502,6,3,0,5,1,6,0,7,3,2,1,0,0,3,2,0,0,9,4,2,1,11,12,0,0,1,398,0,0,0,1,-15.788475090800688,53.29457364341085,50.0,13,8.8339222614841,20.0,66.66666666666667,75.0,3.0,2,1,0,65.60804020100502
S39G01N130,2021-2022,20211228,away,30,4,0,4,3,7,0,11,5,3,1,0,0,1,1,1,2,14,6,4,3,14,15,1,0,0,398,0,0,0,0,15.788475090800688,48.47645429362881,46.42857142857143,18,0.0,37.5,100.0,66.66666666666667,0.0,2,1,5,65.60804020100502,6,3,0,5,1,6,0,7,3,2,1,0,0,3,2,0,0,9,4,2,1,11,12,0,0,1,398,0,0,0,1,-15.788475090800688,53.29457364341085,50.0,13,8.8339222614841,20.0,66.66666666666667,75.0,3.0,2,1,0,65.60804020100502
S39G01N130,2021-2022,20211228,away,30,4,0,4,3,7,0,11,5,3,1,0,0,1,1,1,2,14,6,4,3,14,15,1,0,0,414,0,0,0,0,7.536632978329109,48.47645429362881,46.42857142857143,18,0.0,37.5,100.0,66.66666666666667,0.0,4,1,5,65.97101449275361,6,3,0,5,1,6,0,8,4,2,1,0,0,3,2,0,0,10,5,2,1,13,13,0,0,1,414,0,0,0,1,-7.536632978329109,57.42049469964664,55.0,15,8.116883116883116,20.0,66.66666666666667,60.0,3.0,4,1,0,65.97101449275361
S39G01N130,2021-2022,20211228,away,30,4,0,4,3,7,0,11,5,3,1,0,0,1,1,1,2,14,6,4,3,14,15,1,0,0,414,0,0,0,0,7.536632978329109,48.47645429362881,46.42857142857143,18,0.0,37.5,100.0,66.66666666666667,0.0,4,1,5,65.97101449275361,6,4,0,5,1,6,0,8,4,2,1,0,0,3,2,0,0,10,5,2,1,13,13,0,0,1,414,0,0,0,1,-7.536632978329109,57.42049469964664,55.0,16,8.116883116883116,20.0,66.66666666666667,80.0,4.0,4,1,0,65.97101449275361
S39G01N130,2021-2022,20211228,away,30,4,0,4,3,7,0,11,5,3,1,0,0,1,1,1,2,14,6,4,3,14,15,1,0,0,430,0,0,0,0,7.536632978329109,48.47645429362881,46.42857142857143,18,0.0,37.5,100.0,66.66666666666667,0.0,4,1,5,63.516279069767435,6,4,0,5,1,6,0,8,4,2,1,0,0,3,2,0,0,10,5,3,2,13,13,0,0,1,430,0,0,0,1,-7.536632978329109,57.42049469964664,55.0,16,8.116883116883116,20.0,66.66666666666667,80.0,4.0,4,1,0,63.516279069767435
S39G01N130,2021-2022,20211228,away,30,4,0,4,3,7,0,11,5,3,1,0,0,1,1,1,2,14,6,4,3,14,15,1,0,0,430,0,0,0,0,7.536632978329109,48.47645429362881,46.42857142857143,18,0.0,37.5,100.0,66.66666666666667,0.0,4,1,5,63.516279069767435,6,4,0,5,1,6,0,8,4,2,1,0,0,3,2,0,0,10,5,3,2,13,13,0,0,1,430,0,0,0,1,-7.536632978329109,57.42049469964664,55.0,16,8.116883116883116,20.0,66.66666666666667,80.0,4.0,4,1,0,63.516279069767435
S39G01N130,2021-2022,20211228,away,30,4,0,4,3,7,0,12,5,3,1,0,0,1,1,1,2,15,6,4,3,14,16,1,0,0,441,0,0,0,0,-2.300796473248255,45.336787564766844,43.333333333333336,17,0.0,37.5,100.0,66.66666666666667,0.0,4,1,5,64.65306122448979,6,4,0,5,1,6,0,8,4,2,1,0,0,3,2,0,0,10,5,3,2,13,13,0,0,1,441,0,0,0,1,2.300796473248255,57.42049469964664,55.0,16,8.116883116883116,20.0,66.66666666666667,80.0,4.0,4,1,0,64.65306122448979
S39G01N130,2021-2022,20211228,away,30,4,0,4,4,8,0,12,5,3,1,0,0,1,1,1,2,15,6,4,3,14,16,1,0,0,443,0,0,0,0,7.536632978329109,45.336787564766844,43.333333333333336,18,0.0,44.44444444444444,100.0,66.66666666666667,0.0,4,1,5,61.65237020316027,6,4,0,5,1,6,0,8,4,2,1,0,0,3,2,0,0,10,5,3,2,13,13,0,0,1,443,0,0,0,1,-7.536632978329109,57.42049469964664,55.0,16,8.116883116883116,20.0,66.66666666666667,80.0,4.0,4,1,0,61.65237020316027
S39G01N130,2021-2022,20211228,away,30,4,0,4,4,8,0,13,6,3,1,0,0,1,1,1,2,16,7,4,3,16,17,1,0,0,450,0,0,0,0,13.776373944758149,48.661800486618,46.875,20,0.0,44.44444444444444,100.0,57.142857142857146,0.0,2,1,5,63.36,6,4,0,5,1,6,0,8,4,2,1,0,0,3,2,0,0,10,5,3,2,13,13,0,0,1,450,0,0,0,1,-13.776373944758149,57.42049469964664,55.0,16,8.116883116883116,20.0,66.66666666666667,80.0,4.0,2,1,0,63.36
S39G01N130,2021-2022,20211228,away,30,4,0,4,4,8,0,13,6,3,1,0,0,1,1,1,2,16,7,4,3,16,17,1,0,0,463,0,0,0,0,6.86411659080467,48.661800486618,46.875,20,0.0,44.44444444444444,100.0,57.142857142857146,0.0,2,1,5,64.17278617710583,6,4,0,5,1,6,0,9,5,2,1,0,0,3,2,0,0,11,6,3,2,15,14,0,0,1,463,0,0,0,1,-6.86411659080467,60.87662337662338,59.09090909090909,18,7.5075075075075075,20.0,66.66666666666667,66.66666666666667,4.0,2,1,0,64.17278617710583
S39G01N130,2021-2022,20211228,away,30,4,0,4,4,8,0,13,6,3,1,0,0,1,1,1,2,16,7,4,3,16,17,1,0,0,463,0,0,0,0,6.86411659080467,48.661800486618,46.875,20,0.0,44.44444444444444,100.0,57.142857142857146,0.0,2,1,5,64.17278617710583,6,5,0,5,1,6,0,9,5,2,1,0,0,3,2,0,0,11,6,3,2,15,14,0,0,1,463,0,0,0,1,-6.86411659080467,60.87662337662338,59.09090909090909,19,7.5075075075075075,20.0,66.66666666666667,83.33333333333333,5.0,2,1,0,64.17278617710583
S39G01N130,2021-2022,20211228,away,30,4,0,4,4,8,0,14,7,3,1,0,0,1,1,1,2,17,8,4,3,18,18,1,0,0,482,0,0,0,0,12.17532467532466,51.60550458715596,50.0,22,0.0,44.44444444444444,100.0,50.0,0.0,2,1,5,64.13278008298755,6,5,0,5,1,6,0,9,5,2,1,0,0,3,2,0,0,11,6,3,2,15,14,0,0,1,482,0,0,0,1,-12.17532467532466,60.87662337662338,59.09090909090909,19,7.5075075075075075,20.0,66.66666666666667,83.33333333333333,5.0,2,1,0,64.13278008298755
S39G01N130,2021-2022,20211228,away,30,5,0,4,4,8,0,14,7,3,1,0,0,1,1,1,2,17,8,4,3,18,18,1,0,0,482,0,0,0,0,12.17532467532466,51.60550458715596,50.0,23,0.0,44.44444444444444,100.0,62.5,0.0,2,1,5,64.13278008298755,6,5,0,5,1,6,0,9,5,2,1,0,0,3,2,0,0,11,6,3,2,15,14,0,0,1,482,0,0,0,1,-12.17532467532466,60.87662337662338,59.09090909090909,19,7.5075075075075075,20.0,66.66666666666667,83.33333333333333,5.0,2,1,0,64.13278008298755
S39G01N130,2021-2022,20211228,away,30,5,0,4,4,8,0,14,7,3,1,0,0,1,1,1,2,17,8,4,3,18,18,1,0,0,492,0,0,0,0,6.300943800943799,51.60550458715596,50.0,23,0.0,44.44444444444444,100.0,62.5,0.0,2,1,5,65.26829268292683,6,5,0,5,1,6,0,10,6,2,1,0,0,3,2,0,0,12,7,3,2,17,15,0,0,1,492,0,0,0,1,-6.300943800943799,63.81381381381381,62.5,21,6.983240223463687,20.0,66.66666666666667,71.42857142857143,5.0,2,1,0,65.26829268292683
S39G01N130,2021-2022,20211228,away,30,5,0,4,4,8,0,14,7,3,1,0,0,1,1,1,2,17,8,4,3,18,18,1,0,0,492,0,0,0,0,6.300943800943799,51.60550458715596,50.0,23,0.0,44.44444444444444,100.0,62.5,0.0,2,1,5,65.26829268292683,6,6,0,5,1,6,0,10,6,2,1,0,0,3,2,0,0,12,7,3,2,17,15,0,0,1,492,0,0,0,1,-6.300943800943799,63.81381381381381,62.5,22,6.983240223463687,20.0,66.66666666666667,85.71428571428571,6.0,2,1,0,65.26829268292683
S39G01N130,2021-2022,20211228,away,30,5,0,4,4,8,0,15,8,3,1,0,0,1,1,1,2,18,9,4,3,20,19,1,0,0,508,0,0,0,0,10.876527497026103,54.22993492407809,52.77777777777778,25,0.0,44.44444444444444,100.0,55.55555555555556,0.0,2,1,5,65.5748031496063,6,6,0,5,1,6,0,10,6,2,1,0,0,3,2,0,0,12,7,3,2,17,15,0,0,1,508,0,0,0,1,-10.876527497026103,63.81381381381381,62.5,22,6.983240223463687,20.0,66.66666666666667,85.71428571428571,6.0,2,1,0,65.5748031496063
S39G01N130,2021-2022,20211228,away,30,5,0,4,4,8,0,15,8,3,1,0,0,1,1,1,2,18,9,4,3,20,19,1,0,0,519,0,0,0,0,5.82259087884367,54.22993492407809,52.77777777777778,25,0.0,44.44444444444444,100.0,55.55555555555556,0.0,2,1,5,66.49710982658961,6,6,0,5,1,6,0,11,7,2,1,1,1,3,2,0,0,13,8,3,2,19,16,0,0,1,519,0,0,0,1,-5.82259087884367,66.34078212290503,65.38461538461539,24,6.527415143603133,20.0,66.66666666666667,75.0,6.0,2,1,0,66.49710982658961
S39G01N130,2021-2022,20211228,away,30,5,0,4,4,8,0,15,8,3,1,0,0,1,1,1,2,18,9,4,3,20,19,1,0,0,519,0,0,0,0,5.82259087884367,54.22993492407809,52.77777777777778,25,0.0,44.44444444444444,100.0,55.55555555555556,0.0,2,1,5,66.49710982658961,6,7,0,5,1,6,0,11,7,2,1,1,1,3,2,0,0,13,8,3,2,19,16,0,0,1,519,0,0,0,1,-5.82259087884367,66.34078212290503,65.38461538461539,25,6.527415143603133,20.0,66.66666666666667,87.5,7.0,2,1,0,66.49710982658961
S39G01N130,2021-2022,20211228,away,30,5,0,4,4,8,0,16,8,3,1,0,0,1,1,1,2,19,9,4,3,20,20,1,0,0,541,0,0,0,0,-3.1478854893333903,51.440329218106996,50.0,24,0.0,44.44444444444444,100.0,55.55555555555556,0.0,2,1,5,66.01109057301295,6,7,0,5,1,6,0,11,7,2,1,1,1,3,2,0,0,13,8,3,2,19,16,0,0,1,541,0,0,0,1,3.1478854893333903,66.34078212290503,65.38461538461539,25,6.527415143603133,20.0,66.66666666666667,87.5,7.0,2,1,0,66.01109057301295
S39G01N130,2021-2022,20211228,away,30,5,0,4,5,9,0,16,8,3,1,0,0,1,1,1,2,19,9,4,3,20,20,1,0,0,545,0,0,0,0,5.82259087884367,51.440329218106996,50.0,25,0.0,50.0,100.0,55.55555555555556,0.0,2,1,5,63.32477064220184,6,7,0,5,1,6,0,11,7,2,1,1,1,3,2,0,0,13,8,3,2,19,16,0,0,1,545,0,0,0,1,-5.82259087884367,66.34078212290503,65.38461538461539,25,6.527415143603133,20.0,66.66666666666667,87.5,7.0,2,1,0,63.32477064220184
S39G01N130,2021-2022,20211228,away,30,5,0,4,5,9,0,16,8,3,1,0,0,1,1,1,2,19,9,4,3,20,20,1,0,1,545,0,0,0,1,-3.1478854893333903,51.440329218106996,50.0,24,4.892367906066536,50.0,100.0,55.55555555555556,5.0,2,1,5,65.52660550458717,6,7,0,5,1,6,0,11,7,2,1,1,1,3,2,0,0,13,8,3,2,19,16,0,0,1,545,0,0,0,1,3.1478854893333903,66.34078212290503,65.38461538461539,25,6.527415143603133,20.0,66.66666666666667,87.5,7.0,2,1,0,65.52660550458717
S39G01N130,2021-2022,20211228,away,30,5,0,4,5,9,0,16,8,3,1,0,0,1,1,1,2,19,9,4,3,20,20,1,0,1,545,0,0,0,1,-3.1478854893333903,51.440329218106996,50.0,24,4.892367906066536,50.0,100.0,55.55555555555556,5.0,2,1,5,65.52660550458717,6,7,0,5,1,6,0,11,7,2,1,1,1,3,2,0,0,13,8,3,2,19,16,1,0,1,545,0,0,0,1,3.1478854893333903,66.34078212290503,65.38461538461539,26,6.527415143603133,20.0,66.66666666666667,87.5,7.0,2,1,0,65.52660550458717
S39G01N130,2021-2022,20211228,away,30,5,0,4,5,9,0,16,8,3,1,0,0,1,1,1,2,19,9,5,3,20,20,1,0,1,545,0,0,0,1,-3.1478854893333903,51.440329218106996,50.0,24,4.892367906066536,50.0,100.0,55.55555555555556,5.0,2,1,5,65.52660550458717,6,7,0,5,1,6,0,11,7,2,1,1,1,3,2,0,0,13,8,3,2,19,16,1,0,1,545,0,0,0,1,3.1478854893333903,66.34078212290503,65.38461538461539,26,6.527415143603133,20.0,66.66666666666667,87.5,7.0,2,1,0,65.52660550458717
S39G01N130,2021-2022,20211228,away,30,5,0,4,5,9,0,16,8,3,1,0,0,1,1,1,2,19,9,5,3,20,20,1,0,1,545,0,0,0,1,-3.1478854893333903,51.440329218106996,50.0,24,4.892367906066536,50.0,100.0,55.55555555555556,5.0,2,1,5,65.52660550458717,6,7,0,5,1,6,0,11,7,2,1,1,1,3,2,0,0,13,8,3,2,19,16,1,0,1,545,0,0,0,1,3.1478854893333903,66.34078212290503,65.38461538461539,26,6.527415143603133,20.0,66.66666666666667,87.5,7.0,2,1,0,65.52660550458717
S39G01N130,2021-2022,20211228,away,30,5,0,4,5,9,0,16,8,3,1,0,0,1,1,1,2,19,9,5,3,20,20,1,0,1,545,0,0,0,1,-3.1478854893333903,51.440329218106996,50.0,24,4.892367906066536,50.0,100.0,55.55555555555556,5.0,2,1,5,65.52660550458717,6,7,0,5,1,6,0,11,7,2,1,1,1,3,2,0,0,13,8,3,2,19,16,1,0,1,545,0,0,0,1,3.1478854893333903,66.34078212290503,65.38461538461539,26,6.527415143603133,20.0,66.66666666666667,87.5,7.0,2,1,0,65.52660550458717
S39G01N130,2021-2022,20211228,away,30,5,0,4,5,9,0,16,8,3,1,0,0,1,1,1,2,19,9,5,3,20,20,1,0,1,545,0,0,0,1,-3.1478854893333903,51.440329218106996,50.0,24,4.892367906066536,50.0,100.0,55.55555555555556,5.0,2,1,5,65.52660550458717,6,7,0,5,1,6,0,11,7,2,1,1,1,3,2,0,0,13,8,3,2,19,16,1,0,1,545,0,0,0,1,3.1478854893333903,66.34078212290503,65.38461538461539,26,6.527415143603133,20.0,66.66666666666667,87.5,7.0,2,1,0,65.52660550458717
S39G01N130,2021-2022,20211228,away,30,5,0,4,5,9,0,16,8,3,1,0,0,1,1,1,2,19,9,5,3,20,20,1,0,1,545,0,0,0,1,-3.1478854893333903,51.440329218106996,50.0,24,4.892367906066536,50.0,100.0,55.55555555555556,5.0,2,1,5,65.52660550458717,6,7,0,5,1,6,0,11,7,2,1,1,1,3,2,0,0,13,8,3,2,19,16,1,0,1,545,0,0,0,1,3.1478854893333903,66.34078212290503,65.38461538461539,26,6.527415143603133,20.0,66.66666666666667,87.5,7.0,2,1,0,65.52660550458717
S39G01N130,2021-2022,20211228,away,30,5,0,4,5,9,0,16,8,3,1,0,0,1,1,1,2,19,9,5,3,20,20,1,0,1,545,0,0,0,1,-3.1478854893333903,51.440329218106996,50.0,24,4.892367906066536,50.0,100.0,55.55555555555556,5.0,2,1,5,65.52660550458717,6,7,0,5,1,6,0,11,7,2,1,1,1,3,2,0,0,13,8,3,2,19,16,1,0,1,545,0,0,0,1,3.1478854893333903,66.34078212290503,65.38461538461539,26,6.527415143603133,20.0,66.66666666666667,87.5,7.0,2,1,0,65.52660550458717
S39G01N130,2021-2022,20211228,away,30,5,0,4,5,9,0,16,8,3,1,0,0,1,1,1,2,19,9,5,3,20,20,1,0,1,545,0,0,0,1,-3.1478854893333903,51.440329218106996,50.0,24,4.892367906066536,50.0,100.0,55.55555555555556,5.0,2,1,5,65.52660550458717,6,7,0,5,1,6,0,11,7,2,1,1,1,3,2,0,0,13,8,3,2,19,16,1,0,1,545,0,0,0,1,3.1478854893333903,66.34078212290503,65.38461538461539,26,6.527415143603133,20.0,66.66666666666667,87.5,7.0,2,1,0,65.52660550458717
S39G01N130,2021-2022,20211228,away,30,5,0,4,5,9,0,16,8,3,1,0,0,1,1,1,2,19,9,5,3,20,20,1,0,1,545,0,0,0,1,-3.1478854893333903,51.440329218106996,50.0,24,4.892367906066536,50.0,100.0,55.55555555555556,5.0,2,1,5,65.52660550458717,6,7,0,5,1,6,0,11,7,2,1,1,1,3,2,0,0,13,8,3,2,19,16,1,0,1,545,0,0,0,1,3.1478854893333903,66.34078212290503,65.38461538461539,26,6.527415143603133,20.0,66.66666666666667,87.5,7.0,2,1,0,65.52660550458717
S39G01N130,2021-2022,20211228,away,30,5,0,4,5,9,0,16,8,3,1,0,0,1,1,1,2,19,9,5,3,20,20,1,0,1,545,0,0,0,1,-5.967676257073464,51.440329218106996,50.0,24,4.892367906066536,50.0,100.0,55.55555555555556,5.0,3,1,5,66.49541284403671,6,7,0,5,1,6,0,11,7,2,1,1,1,4,3,0,0,13,8,3,2,20,17,1,0,1,545,0,0,0,1,5.967676257073464,67.75067750677506,65.38461538461539,27,6.345177664974619,20.0,75.0,87.5,7.0,3,1,0,66.49541284403671
S39G01N130,2021-2022,20211228,away,30,5,0,4,5,9,0,16,8,3,1,0,0,1,1,1,2,19,9,5,3,20,20,1,0,1,545,0,0,0,1,-8.624215980365449,51.440329218106996,50.0,24,4.892367906066536,50.0,100.0,55.55555555555556,5.0,4,2,5,67.46422018348625,6,7,0,5,1,6,0,11,7,2,1,1,1,5,4,0,0,13,8,3,2,21,18,1,0,1,545,0,0,0,1,8.624215980365449,69.07894736842105,65.38461538461539,28,6.172839506172839,20.0,80.0,87.5,7.0,4,2,1,67.46422018348625
S39G01N130,2021-2022,20211228,away,30,5,0,4,5,9,0,16,8,3,1,0,0,1,1,1,2,19,9,5,3,20,20,1,0,1,545,0,0,0,1,-8.624215980365449,51.440329218106996,50.0,24,4.892367906066536,50.0,100.0,55.55555555555556,5.0,4,2,5,67.46422018348625,6,7,0,5,1,6,0,11,7,2,1,1,1,5,4,0,0,13,8,3,2,21,18,1,0,1,545,0,0,0,1,8.624215980365449,69.07894736842105,65.38461538461539,28,6.172839506172839,20.0,80.0,87.5,7.0,4,2,1,67.46422018348625
S39G01N130,2021-2022,20211228,away,30,5,0,4,5,9,0,16,8,3,1,0,0,1,1,1,2,19,9,5,3,20,20,1,0,1,545,0,0,0,1,-8.624215980365449,51.440329218106996,50.0,24,4.892367906066536,50.0,100.0,55.55555555555556,5.0,4,2,5,67.46422018348625,6,7,0,5,1,6,0,11,7,2,1,1,1,5,4,0,0,13,8,3,2,21,18,1,0,1,545,0,0,0,1,8.624215980365449,69.07894736842105,65.38461538461539,28,6.172839506172839,20.0,80.0,87.5,7.0,4,2,1,67.46422018348625
S39G01N130,2021-2022,20211228,away,30,5,0,4,5,9,0,16,8,3,1,0,0,1,1,1,2,19,9,5,3,20,20,1,0,1,545,0,0,0,1,-8.624215980365449,51.440329218106996,50.0,24,4.892367906066536,50.0,100.0,55.55555555555556,5.0,4,2,5,67.46422018348625,6,7,0,5,1,6,0,11,7,2,1,1,1,5,4,0,0,13,8,3,2,21,18,1,0,1,545,0,0,0,1,8.624215980365449,69.07894736842105,65.38461538461539,28,6.172839506172839,20.0,80.0,87.5,7.0,4,2,1,67.46422018348625
S39G01N130,2021-2022,20211228,away,30,5,0,4,5,9,0,16,8,3,1,0,0,1,1,1,2,19,9,5,3,20,20,1,0,1,545,0,0,0,1,-8.624215980365449,51.440329218106996,50.0,24,4.892367906066536,50.0,100.0,55.55555555555556,5.0,4,2,5,67.46422018348625,6,7,0,5,1,6,0,11,7,2,1,1,1,5,4,0,0,13,8,3,2,21,18,1,0,1,545,0,0,0,1,8.624215980365449,69.07894736842105,65.38461538461539,28,6.172839506172839,20.0,80.0,87.5,7.0,4,2,1,67.46422018348625
S39G01N130,2021-2022,20211228,away,30,5,0,4,5,9,0,17,9,3,1,0,0,1,1,1,2,20,10,5,3,22,21,1,0,1,559,0,0,0,1,-4.337943398642608,53.816046966731896,52.5,26,4.664179104477611,50.0,100.0,50.0,5.0,2,3,5,67.92128801431127,6,7,0,5,1,6,0,11,7,2,1,1,1,5,4,0,0,13,8,3,2,21,18,1,0,1,559,0,0,0,1,4.337943398642608,69.07894736842105,65.38461538461539,28,6.172839506172839,20.0,80.0,87.5,7.0,2,3,1,67.92128801431127
S39G01N130,2021-2022,20211228,away,30,5,0,4,5,9,0,17,9,3,1,0,0,1,1,1,2,20,10,5,3,22,21,1,0,1,571,0,0,0,1,-14.32819680994865,53.816046966731896,52.5,26,4.664179104477611,50.0,100.0,50.0,5.0,3,4,5,68.5954465849387,6,7,0,5,1,6,0,11,7,3,2,1,1,5,4,0,0,14,9,3,2,24,19,1,0,1,571,0,0,0,1,14.32819680994865,74.07407407407408,71.42857142857143,31,5.813953488372094,20.0,80.0,77.77777777777777,7.0,3,4,2,68.5954465849387
S39G01N130,2021-2022,20211228,away,30,5,0,4,5,9,0,17,9,3,1,0,0,1,1,1,2,20,10,5,3,22,21,1,0,1,571,0,0,0,1,-14.32819680994865,53.816046966731896,52.5,26,4.664179104477611,50.0,100.0,50.0,5.0,3,4,5,68.5954465849387,6,8,0,5,1,6,0,11,7,3,2,1,1,5,4,0,0,14,9,3,2,24,19,1,0,1,571,0,0,0,1,14.32819680994865,74.07407407407408,71.42857142857143,32,5.813953488372094,20.0,80.0,88.88888888888889,8.0,3,4,2,68.5954465849387
S39G01N130,2021-2022,20211228,away,30,5,0,4,5,9,0,18,9,3,1,0,0,1,1,1,2,21,10,5,3,22,22,1,0,1,590,0,0,0,1,-22.00135915732247,51.30597014925373,50.0,25,4.45632798573975,50.0,100.0,50.0,5.0,3,4,5,68.42033898305084,6,8,0,5,1,6,0,11,7,3,2,1,1,5,4,0,0,14,9,3,2,24,19,1,0,1,590,0,0,0,1,22.00135915732247,74.07407407407408,71.42857142857143,32,5.813953488372094,20.0,80.0,88.88888888888889,8.0,3,4,2,68.42033898305084
S39G01N130,2021-2022,20211228,away,30,5,0,4,5,9,0,18,9,3,1,0,0,1,1,1,2,21,10,5,3,22,22,1,0,1,590,0,0,0,1,-22.00135915732247,51.30597014925373,50.0,25,4.45632798573975,50.0,100.0,50.0,5.0,3,4,5,68.42033898305084,6,8,1,5,1,6,0,11,7,3,2,1,1,5,4,0,0,14,9,3,2,24,19,1,0,1,590,0,0,0,1,22.00135915732247,74.07407407407408,71.42857142857143,33,5.813953488372094,20.0,80.0,88.88888888888889,8.0,3,4,2,68.42033898305084
S39G01N130,2021-2022,20211228,away,30,5,0,4,5,9,1,18,9,3,1,0,0,1,1,1,2,21,10,5,3,22,22,1,0,1,590,0,0,0,1,-22.00135915732247,51.30597014925373,50.0,26,4.45632798573975,50.0,100.0,50.0,5.0,3,4,5,68.42033898305084,6,8,1,5,1,6,0,11,7,3,2,1,1,5,4,0,0,14,9,3,2,24,19,1,0,1,590,0,0,0,1,22.00135915732247,74.07407407407408,71.42857142857143,33,5.813953488372094,20.0,80.0,88.88888888888889,8.0,3,4,2,68.42033898305084
S39G01N130,2021-2022,20211228,away,30,5,0,4,5,9,1,18,9,3,1,0,0,1,1,1,2,21,10,5,3,22,22,1,0,1,590,0,0,0,1,-22.00135915732247,51.30597014925373,50.0,26,4.45632798573975,50.0,100.0,50.0,5.0,3,4,5,68.42033898305084,6,8,1,5,1,6,0,11,7,3,2,1,1,5,4,0,0,14,9,3,2,24,19,1,0,1,590,0,0,0,1,22.00135915732247,74.07407407407408,71.42857142857143,33,5.813953488372094,20.0,80.0,88.88888888888889,8.0,3,4,2,68.42033898305084
S39G01N130,2021-2022,20211228,away,30,5,0,4,5,9,1,18,9,3,1,0,0,1,1,1,2,21,10,5,3,22,22,1,0,1,590,0,0,0,1,-22.00135915732247,51.30597014925373,50.0,26,4.45632798573975,50.0,100.0,50.0,5.0,3,4,5,68.42033898305084,6,8,1,5,1,6,0,11,7,3,2,1,1,5,4,0,0,14,9,3,2,24,19,1,0,1,590,0,0,0,1,22.00135915732247,74.07407407407408,71.42857142857143,33,5.813953488372094,20.0,80.0,88.88888888888889,8.0,3,4,2,68.42033898305084
S39G01N130,2021-2022,20211228,away,30,5,0,4,5,9,1,18,9,4,1,0,0,1,1,1,2,22,10,5,3,22,23,1,0,1,595,0,0,0,1,-28.842291315176354,49.01960784313725,47.72727272727273,25,4.266211604095563,50.0,100.0,50.0,5.0,3,4,5,69.86218487394957,6,8,1,5,1,6,0,11,7,3,2,1,1,5,4,0,0,14,9,3,2,24,19,1,0,1,595,0,0,0,1,28.842291315176354,74.07407407407408,71.42857142857143,33,5.813953488372094,20.0,80.0,88.88888888888889,8.0,3,4,2,69.86218487394957
S39G01N130,2021-2022,20211228,away,30,5,0,4,5,9,1,18,9,4,1,0,0,1,1,1,2,22,10,5,3,22,23,1,0,1,595,0,0,0,1,-28.842291315176354,49.01960784313725,47.72727272727273,25,4.266211604095563,50.0,100.0,50.0,5.0,3,4,5,69.86218487394957,6,8,1,5,1,6,1,11,7,3,2,1,1,5,4,0,0,14,9,3,2,24,19,1,0,1,595,0,0,0,1,28.842291315176354,74.07407407407408,71.42857142857143,34,5.813953488372094,20.0,80.0,88.88888888888889,8.0,3,4,2,69.86218487394957
S39G01N130,2021-2022,20211228,away,30,5,0,4,5,9,1,18,9,4,1,0,0,1,1,1,2,22,10,5,3,22,23,1,0,1,599,0,0,0,1,-20.229026887958426,49.01960784313725,47.72727272727273,25,4.266211604095563,50.0,100.0,50.0,5.0,3,4,5,71.39899833055092,6,8,1,5,1,6,1,11,7,3,2,1,1,5,4,0,0,14,9,3,2,24,19,1,0,2,599,0,0,0,2,20.229026887958426,74.07407407407408,71.42857142857143,33,10.989010989010989,20.0,80.0,88.88888888888889,4.0,3,4,2,71.39899833055092
S39G01N130,2021-2022,20211228,away,30,5,0,4,5,9,1,18,9,4,1,0,0,1,1,1,2,22,10,5,3,22,23,2,0,1,599,0,0,0,1,-20.229026887958426,49.01960784313725,47.72727272727273,26,4.266211604095563,50.0,100.0,50.0,5.0,3,4,5,71.39899833055092,6,8,1,5,1,6,1,11,7,3,2,1,1,5,4,0,0,14,9,3,2,24,19,1,0,2,599,0,0,0,2,20.229026887958426,74.07407407407408,71.42857142857143,33,10.989010989010989,20.0,80.0,88.88888888888889,4.0,3,4,2,71.39899833055092
S39G01N130,2021-2022,20211228,away,30,5,0,4,5,9,1,18,9,4,1,0,0,1,1,1,2,22,10,5,3,22,23,2,0,1,599,0,0,0,1,-20.229026887958426,49.01960784313725,47.72727272727273,26,4.266211604095563,50.0,100.0,50.0,5.0,3,4,5,71.39899833055092,6,8,1,5,1,6,1,11,7,3,2,1,1,5,4,0,0,14,9,3,2,24,19,1,0,2,599,0,0,0,2,20.229026887958426,74.07407407407408,71.42857142857143,33,10.989010989010989,20.0,80.0,88.88888888888889,4.0,3,4,2,71.39899833055092
S39G01N130,2021-2022,20211228,away,30,5,0,4,5,9,1,18,9,4,1,0,0,1,1,1,2,22,10,5,3,22,23,2,0,1,600,0,0,0,1,-20.229026887958426,49.01960784313725,47.72727272727273,26,4.266211604095563,50.0,100.0,50.0,5.0,3,4,5,71.28,6,8,1,5,1,6,1,11,7,3,2,1,1,5,4,0,0,14,9,3,2,24,19,1,0,2,600,0,0,0,2,20.229026887958426,74.07407407407408,71.42857142857143,33,10.989010989010989,20.0,80.0,88.88888888888889,4.0,3,4,2,71.28
S39G01N130,2021-2022,20211228,away,30,5,0,4,5,9,1,18,9,4,1,0,0,1,1,1,2,22,10,5,3,22,23,2,0,1,600,0,0,0,1,-20.229026887958426,49.01960784313725,47.72727272727273,26,4.266211604095563,50.0,100.0,50.0,5.0,3,4,5,71.28,6,8,1,5,1,6,1,11,7,3,2,1,1,5,4,0,0,14,9,3,2,24,19,1,0,2,600,0,0,0,2,20.229026887958426,74.07407407407408,71.42857142857143,33,10.989010989010989,20.0,80.0,88.88888888888889,4.0,3,4,2,71.28
S39G01N130,2021-2022,20211228,away,30,5,0,4,5,9,1,18,9,4,1,0,0,1,1,1,2,22,10,5,3,22,23,2,0,1,600,0,0,0,1,-20.229026887958426,49.01960784313725,47.72727272727273,26,4.266211604095563,50.0,100.0,50.0,5.0,3,4,5,71.28,6,8,1,5,1,6,1,11,7,3,2,1,1,5,4,0,0,14,9,3,2,24,19,1,0,2,600,0,0,0,2,20.229026887958426,74.07407407407408,71.42857142857143,33,10.989010989010989,20.0,80.0,88.88888888888889,4.0,3,4,2,71.28
S39G01N130,2021-2022,20211228,away,30,5,0,4,5,9,1,18,9,4,1,0,0,1,1,1,2,22,10,5,3,22,23,2,0,1,600,0,0,0,1,-20.229026887958426,49.01960784313725,47.72727272727273,26,4.266211604095563,50.0,100.0,50.0,5.0,3,4,5,71.28,6,8,1,5,1,6,1,11,7,3,2,1,1,5,4,0,0,14,9,3,2,24,19,1,0,2,600,0,0,0,2,20.229026887958426,74.07407407407408,71.42857142857143,33,10.989010989010989,20.0,80.0,88.88888888888889,4.0,3,4,2,71.28
S39G01N130,2021-2022,20211228,away,30,5,0,4,5,9,1,18,9,4,1,0,0,1,1,1,2,22,10,5,3,22,23,2,0,1,600,0,0,0,1,-20.229026887958426,49.01960784313725,47.72727272727273,26,4.266211604095563,50.0,100.0,50.0,5.0,3,4,5,71.28,6,8,1,5,1,6,1,11,7,3,2,1,1,5,4,0,0,14,9,3,2,24,19,1,0,2,600,0,0,0,2,20.229026887958426,74.07407407407408,71.42857142857143,33,10.989010989010989,20.0,80.0,88.88888888888889,4.0,3,4,2,71.28
S39G01N130,2021-2022,20211228,away,30,5,0,4,5,9,1,18,9,4,1,0,0,1,1,1,2,22,10,5,3,22,23,2,0,1,600,0,0,0,1,-20.229026887958426,49.01960784313725,47.72727272727273,26,4.266211604095563,50.0,100.0,50.0,5.0,3,4,5,71.28,6,8,1,5,1,6,1,11,7,3,2,1,1,5,4,0,0,14,9,3,2,24,19,1,0,2,600,0,0,0,2,20.229026887958426,74.07407407407408,71.42857142857143,33,10.989010989010989,20.0,80.0,88.88888888888889,4.0,3,4,2,71.28
S39G01N130,2021-2022,20211228,away,30,5,0,4,5,9,1,18,9,4,1,0,0,1,1,1,2,22,10,5,3,22,23,2,0,1,600,0,0,0,1,-20.229026887958426,49.01960784313725,47.72727272727273,26,4.266211604095563,50.0,100.0,50.0,5.0,3,4,5,71.28,6,8,1,5,1,6,1,11,7,3,2,1,1,5,4,0,0,14,9,3,2,24,19,1,0,2,600,0,0,0,2,20.229026887958426,74.07407407407408,71.42857142857143,33,10.989010989010989,20.0,80.0,88.88888888888889,4.0,3,4,2,71.28
S39G01N130,2021-2022,20211228,away,30,5,0,4,5,9,1,18,9,4,1,0,0,1,1,1,2,22,10,5,3,22,23,2,0,1,600,0,0,0,1,-20.229026887958426,49.01960784313725,47.72727272727273,26,4.266211604095563,50.0,100.0,50.0,5.0,3,4,5,71.28,6,8,1,5,1,6,1,11,7,3,2,1,1,5,4,0,0,14,9,3,2,24,19,1,0,2,600,0,0,0,2,20.229026887958426,74.07407407407408,71.42857142857143,33,10.989010989010989,20.0,80.0,88.88888888888889,4.0,3,4,2,71.28
S39G01N130,2021-2022,20211228,away,30,5,0,4,5,9,1,18,9,4,1,0,0,1,1,1,2,22,10,5,3,22,23,2,0,1,600,0,0,0,1,-20.229026887958426,49.01960784313725,47.72727272727273,26,4.266211604095563,50.0,100.0,50.0,5.0,3,4,5,71.28,6,8,1,5,1,6,1,11,7,3,2,1,1,5,4,0,0,14,9,3,2,24,19,1,0,2,600,0,0,0,2,20.229026887958426,74.07407407407408,71.42857142857143,33,10.989010989010989,20.0,80.0,88.88888888888889,4.0,3,4,2,71.28
S39G01N130,2021-2022,20211228,away,30,5,0,4,5,9,1,18,9,4,1,0,0,1,1,1,2,22,10,5,3,22,23,2,0,1,600,0,0,0,1,-20.229026887958426,49.01960784313725,47.72727272727273,26,4.266211604095563,50.0,100.0,50.0,5.0,3,4,5,71.28,6,8,1,5,1,6,1,11,7,3,2,1,1,5,4,0,0,14,9,3,2,24,19,1,0,2,600,0,0,0,2,20.229026887958426,74.07407407407408,71.42857142857143,33,10.989010989010989,20.0,80.0,88.88888888888889,4.0,3,4,2,71.28
S39G01N130,2021-2022,20211228,away,30,5,0,4,5,9,1,18,9,4,1,0,0,1,1,1,2,22,10,5,3,22,23,2,0,1,600,0,0,0,1,-20.229026887958426,49.01960784313725,47.72727272727273,26,4.266211604095563,50.0,100.0,50.0,5.0,3,4,5,71.28,6,8,1,5,1,6,1,11,7,3,2,1,1,5,4,0,0,14,9,3,2,24,19,1,0,2,600,0,0,0,2,20.229026887958426,74.07407407407408,71.42857142857143,33,10.989010989010989,20.0,80.0,88.88888888888889,4.0,3,4,2,71.28
S39G01N130,2021-2022,20211228,away,30,5,0,4,5,9,1,18,9,4,1,0,0,1,1,1,2,22,10,5,3,22,23,2,0,1,600,0,0,0,1,-20.229026887958426,49.01960784313725,47.72727272727273,26,4.266211604095563,50.0,100.0,50.0,5.0,3,4,5,71.28,6,8,1,5,1,6,1,11,7,3,2,1,1,5,4,0,0,14,9,3,2,24,19,1,0,2,600,0,0,0,2,20.229026887958426,74.07407407407408,71.42857142857143,33,10.989010989010989,20.0,80.0,88.88888888888889,4.0,3,4,2,71.28
S39G01N130,2021-2022,20211228,away,30,5,0,4,5,9,1,18,9,4,1,0,0,1,1,1,2,22,10,5,3,22,23,2,0,1,600,0,0,0,1,-20.229026887958426,49.01960784313725,47.72727272727273,26,4.266211604095563,50.0,100.0,50.0,5.0,3,4,5,71.28,6,8,1,5,1,6,1,11,7,3,2,1,1,5,4,0,0,14,9,3,2,24,19,1,0,2,600,0,0,0,2,20.229026887958426,74.07407407407408,71.42857142857143,33,10.989010989010989,20.0,80.0,88.88888888888889,4.0,3,4,2,71.28
S39G01N130,2021-2022,20211228,away,30,5,0,4,5,9,1,18,9,4,1,0,0,1,1,1,2,22,10,5,3,22,23,2,0,1,600,0,0,0,1,-20.229026887958426,49.01960784313725,47.72727272727273,26,4.266211604095563,50.0,100.0,50.0,5.0,3,4,5,71.28,6,8,1,5,1,6,1,11,7,3,2,1,1,5,4,0,0,14,9,3,2,24,19,1,0,2,600,0,0,0,2,20.229026887958426,74.07407407407408,71.42857142857143,33,10.989010989010989,20.0,80.0,88.88888888888889,4.0,3,4,2,71.28
S39G01N130,2021-2022,20211228,away,30,5,0,4,5,9,1,18,9,4,1,0,0,1,1,1,2,22,10,5,3,22,23,2,0,1,600,0,0,0,1,-20.229026887958426,49.01960784313725,47.72727272727273,26,4.266211604095563,50.0,100.0,50.0,5.0,3,4,5,71.28,6,8,1,5,1,6,1,11,7,3,2,1,1,5,4,0,0,14,9,3,2,24,19,1,0,2,600,0,0,0,2,20.229026887958426,74.07407407407408,71.42857142857143,33,10.989010989010989,20.0,80.0,88.88888888888889,4.0,3,4,2,71.28
S39G01N130,2021-2022,20211228,away,30,5,0,4,5,9,1,18,9,4,1,0,0,1,1,1,2,22,10,5,3,22,23,2,0,1,600,0,0,0,1,-20.229026887958426,49.01960784313725,47.72727272727273,26,4.266211604095563,50.0,100.0,50.0,5.0,3,4,5,71.28,6,8,1,5,1,6,1,11,7,3,2,1,1,5,4,0,0,14,9,3,2,24,19,1,0,2,600,0,0,0,2,20.229026887958426,74.07407407407408,71.42857142857143,33,10.989010989010989,20.0,80.0,88.88888888888889,4.0,3,4,2,71.28
S39G01N130,2021-2022,20211228,away,30,5,0,4,5,9,1,18,9,4,1,0,0,1,1,1,2,22,10,5,3,22,23,2,0,1,600,0,0,0,1,-20.229026887958426,49.01960784313725,47.72727272727273,26,4.266211604095563,50.0,100.0,50.0,5.0,3,4,5,71.28,6,8,1,5,1,6,1,11,7,3,2,1,1,5,4,0,0,14,9,3,2,24,19,1,0,2,600,0,0,0,2,20.229026887958426,74.07407407407408,71.42857142857143,33,10.989010989010989,20.0,80.0,88.88888888888889,4.0,3,4,2,71.28
S39G01N130,2021-2022,20211228,away,30,5,0,4,5,9,1,18,9,4,1,0,0,1,1,1,2,22,10,5,3,22,23,2,0,1,600,0,0,0,1,-20.229026887958426,49.01960784313725,47.72727272727273,26,4.266211604095563,50.0,100.0,50.0,5.0,3,4,5,71.28,6,8,1,5,1,6,1,11,7,3,2,1,1,5,4,0,0,14,9,3,2,24,19,1,0,2,600,0,0,0,2,20.229026887958426,74.07407407407408,71.42857142857143,33,10.989010989010989,20.0,80.0,88.88888888888889,4.0,3,4,2,71.28
S39G01N130,2021-2022,20211228,away,30,5,0,4,5,9,1,18,9,4,1,0,0,1,1,1,2,22,10,5,3,22,23,2,0,1,600,0,0,0,1,-20.229026887958426,49.01960784313725,47.72727272727273,26,4.266211604095563,50.0,100.0,50.0,5.0,3,4,5,71.28,6,8,1,5,1,6,1,11,7,3,2,1,1,5,4,0,0,14,9,3,2,24,19,1,0,2,600,0,0,0,2,20.229026887958426,74.07407407407408,71.42857142857143,33,10.989010989010989,20.0,80.0,88.88888888888889,4.0,3,4,2,71.28
S39G01N130,2021-2022,20211228,away,30,5,0,4,5,9,1,18,9,4,1,0,0,1,1,1,2,22,10,5,3,22,23,2,0,1,600,0,0,0,1,-20.229026887958426,49.01960784313725,47.72727272727273,26,4.266211604095563,50.0,100.0,50.0,5.0,3,4,5,71.28,6,8,1,5,1,6,1,11,7,3,2,1,1,5,4,0,0,14,9,3,2,24,19,1,0,2,600,0,0,0,2,20.229026887958426,74.07407407407408,71.42857142857143,33,10.989010989010989,20.0,80.0,88.88888888888889,4.0,3,4,2,71.28
S39G01N130,2021-2022,20211228,away,30,5,0,4,5,9,1,18,9,4,1,0,0,1,1,1,2,22,10,5,3,22,23,2,0,1,600,0,0,0,1,-20.229026887958426,49.01960784313725,47.72727272727273,26,4.266211604095563,50.0,100.0,50.0,5.0,3,4,5,71.28,6,8,1,5,1,6,1,11,7,3,2,1,1,5,4,0,0,14,9,3,2,24,19,1,0,2,600,0,0,0,2,20.229026887958426,74.07407407407408,71.42857142857143,33,10.989010989010989,20.0,80.0,88.88888888888889,4.0,3,4,2,71.28
S39G01N130,2021-2022,20211228,away,30,5,0,4,5,9,1,18,9,4,1,0,0,1,1,1,2,22,10,5,3,22,23,2,0,1,600,0,0,0,1,-20.229026887958426,49.01960784313725,47.72727272727273,26,4.266211604095563,50.0,100.0,50.0,5.0,3,4,5,71.28,6,8,1,5,1,6,1,11,7,3,2,1,1,5,4,0,0,14,9,3,2,24,19,1,0,2,600,0,0,0,2,20.229026887958426,74.07407407407408,71.42857142857143,33,10.989010989010989,20.0,80.0,88.88888888888889,4.0,3,4,2,71.28
S39G01N130,2021-2022,20211228,away,30,5,0,4,5,9,1,18,9,4,1,0,0,1,1,1,2,22,10,5,3,22,23,2,0,1,600,0,0,0,1,-20.229026887958426,49.01960784313725,47.72727272727273,26,4.266211604095563,50.0,100.0,50.0,5.0,3,4,5,71.28,6,8,1,5,1,6,1,11,7,3,2,1,1,5,4,0,0,14,9,3,2,24,19,1,0,2,600,0,0,0,2,20.229026887958426,74.07407407407408,71.42857142857143,33,10.989010989010989,20.0,80.0,88.88888888888889,4.0,3,4,2,71.28
S39G01N130,2021-2022,20211228,away,30,5,0,4,5,9,1,18,9,4,1,0,0,1,1,1,2,22,10,5,3,22,23,2,0,1,600,0,0,0,1,-20.229026887958426,49.01960784313725,47.72727272727273,26,4.266211604095563,50.0,100.0,50.0,5.0,3,4,5,71.28,6,8,1,5,1,6,1,11,7,3,2,1,1,5,4,0,0,14,9,3,2,24,19,1,0,2,600,0,0,0,2,20.229026887958426,74.07407407407408,71.42857142857143,33,10.989010989010989,20.0,80.0,88.88888888888889,4.0,3,4,2,71.28
S39G01N130,2021-2022,20211228,away,30,5,0,4,5,9,1,18,9,4,1,0,0,1,1,1,2,22,10,5,3,22,23,2,0,1,600,0,0,0,1,-20.229026887958426,49.01960784313725,47.72727272727273,26,4.266211604095563,50.0,100.0,50.0,5.0,3,4,5,71.28,6,8,1,5,1,6,1,11,7,3,2,1,1,5,4,0,0,14,9,3,2,24,19,1,0,2,600,0,0,0,2,20.229026887958426,74.07407407407408,71.42857142857143,33,10.989010989010989,20.0,80.0,88.88888888888889,4.0,3,4,2,71.28
S39G01N130,2021-2022,20211228,away,30,5,0,4,5,9,1,18,9,4,1,0,0,1,1,1,2,22,10,5,3,22,23,2,0,1,600,0,0,0,1,-20.229026887958426,49.01960784313725,47.72727272727273,26,4.266211604095563,50.0,100.0,50.0,5.0,3,4,5,71.28,6,8,1,5,1,6,1,11,7,3,2,1,1,5,4,0,0,14,9,3,2,24,19,1,0,2,600,0,0,0,2,20.229026887958426,74.07407407407408,71.42857142857143,33,10.989010989010989,20.0,80.0,88.88888888888889,4.0,3,4,2,71.28
S39G01N130,2021-2022,20211228,away,30,5,0,4,5,9,1,18,9,4,1,0,0,1,1,1,2,22,10,5,3,22,23,2,0,1,600,0,0,0,1,-20.229026887958426,49.01960784313725,47.72727272727273,26,4.266211604095563,50.0,100.0,50.0,5.0,3,4,5,71.28,6,8,1,5,1,6,1,11,7,3,2,1,1,5,4,0,0,14,9,3,2,24,19,1,0,2,600,0,0,0,2,20.229026887958426,74.07407407407408,71.42857142857143,33,10.989010989010989,20.0,80.0,88.88888888888889,4.0,3,4,2,71.28
S39G01N130,2021-2022,20211228,away,30,5,0,4,5,9,1,18,9,4,1,0,0,1,1,1,2,22,10,5,3,22,23,2,0,1,600,0,0,0,1,-20.229026887958426,49.01960784313725,47.72727272727273,26,4.266211604095563,50.0,100.0,50.0,5.0,3,4,5,71.28,6,8,1,5,1,6,1,11,7,3,2,1,1,5,4,0,0,14,9,3,2,24,19,1,0,2,600,0,0,0,2,20.229026887958426,74.07407407407408,71.42857142857143,33,10.989010989010989,20.0,80.0,88.88888888888889,4.0,3,4,2,71.28
S39G01N130,2021-2022,20211228,away,30,5,0,4,5,9,1,18,9,4,1,0,0,1,1,1,2,22,10,5,3,22,23,2,0,1,600,0,0,0,1,-20.229026887958426,49.01960784313725,47.72727272727273,26,4.266211604095563,50.0,100.0,50.0,5.0,3,4,5,71.28,6,8,1,5,1,6,1,11,7,3,2,1,1,5,4,0,0,14,9,3,2,24,19,1,0,2,600,0,0,0,2,20.229026887958426,74.07407407407408,71.42857142857143,33,10.989010989010989,20.0,80.0,88.88888888888889,4.0,3,4,2,71.28
S39G01N130,2021-2022,20211228,away,30,5,0,4,5,9,1,18,9,4,1,0,0,1,1,1,2,22,10,5,3,22,23,2,0,1,618,0,0,0,1,-12.562275035160084,49.01960784313725,47.72727272727273,26,4.266211604095563,50.0,100.0,50.0,5.0,3,4,5,71.14563106796116,6,8,1,5,1,6,1,12,7,3,2,1,1,5,4,0,0,15,9,3,2,24,20,1,0,2,618,0,0,0,2,12.562275035160084,69.76744186046511,66.66666666666667,32,10.416666666666668,20.0,80.0,88.88888888888889,4.0,3,4,2,71.14563106796116
S39G01N130,2021-2022,20211228,away,30,5,1,4,5,9,1,18,9,4,1,0,0,1,1,1,2,22,10,5,3,22,23,2,0,1,618,0,0,0,1,-12.562275035160084,49.01960784313725,47.72727272727273,27,4.266211604095563,50.0,100.0,50.0,5.0,3,4,5,71.14563106796116,6,8,1,5,1,6,1,12,7,3,2,1,1,5,4,0,0,15,9,3,2,24,20,1,0,2,618,0,0,0,2,12.562275035160084,69.76744186046511,66.66666666666667,32,10.416666666666668,20.0,80.0,88.88888888888889,4.0,3,4,2,71.14563106796116
S39G01N130,2021-2022,20211228,away,30,5,1,4,5,9,1,18,9,4,1,0,0,1,1,1,2,22,10,5,3,22,23,2,0,1,618,0,0,0,1,-12.562275035160084,49.01960784313725,47.72727272727273,27,4.266211604095563,50.0,100.0,50.0,5.0,3,4,5,71.14563106796116,6,8,1,5,1,6,2,12,7,3,2,1,1,5,4,0,0,15,9,3,2,24,20,1,0,2,618,0,0,0,2,12.562275035160084,69.76744186046511,66.66666666666667,33,10.416666666666668,20.0,80.0,88.88888888888889,4.0,3,4,2,71.14563106796116
S39G01N130,2021-2022,20211228,away,30,5,1,4,5,9,1,18,9,4,1,0,0,1,1,1,2,22,10,5,3,22,23,2,0,1,618,0,0,0,1,-12.562275035160084,49.01960784313725,47.72727272727273,27,4.266211604095563,50.0,100.0,50.0,5.0,3,4,5,71.14563106796116,6,8,1,5,1,6,2,12,7,3,2,1,1,5,4,0,0,15,9,3,2,24,20,1,0,2,618,0,0,0,2,12.562275035160084,69.76744186046511,66.66666666666667,33,10.416666666666668,20.0,80.0,88.88888888888889,4.0,3,4,2,71.14563106796116
S39G01N130,2021-2022,20211228,away,30,5,1,4,5,9,1,18,9,4,1,0,0,1,1,1,2,22,10,5,3,22,23,2,0,1,618,0,0,0,1,-12.562275035160084,49.01960784313725,47.72727272727273,27,4.266211604095563,50.0,100.0,50.0,5.0,3,4,5,71.14563106796116,6,8,1,5,1,6,2,12,7,3,2,1,1,5,4,0,0,15,9,3,2,24,20,1,0,2,618,0,0,0,2,12.562275035160084,69.76744186046511,66.66666666666667,33,10.416666666666668,20.0,80.0,88.88888888888889,4.0,3,4,2,71.14563106796116
S39G01N130,2021-2022,20211228,away,30,5,1,4,5,9,1,18,9,4,1,0,0,1,1,1,2,22,10,5,3,22,23,2,0,1,626,0,0,0,1,-5.6941431670282014,49.01960784313725,47.72727272727273,27,4.266211604095563,50.0,100.0,50.0,5.0,3,4,5,72.15335463258786,6,8,1,5,1,6,2,13,7,3,2,1,1,5,4,0,0,16,9,3,2,24,21,1,0,2,626,0,0,0,2,5.6941431670282014,65.93406593406594,62.5,32,9.900990099009901,20.0,80.0,88.88888888888889,4.0,3,4,2,72.15335463258786
S39G01N130,2021-2022,20211228,away,30,5,1,5,5,10,1,18,9,4,1,0,0,1,1,1,2,22,10,5,3,22,23,2,0,1,627,0,0,0,1,-5.6941431670282014,49.01960784313725,47.72727272727273,28,4.266211604095563,50.0,100.0,50.0,5.0,3,4,5,72.03827751196172,6,8,1,5,1,6,2,13,7,3,2,1,1,5,4,0,0,16,9,3,2,24,21,1,0,2,627,0,0,0,2,5.6941431670282014,65.93406593406594,62.5,32,9.900990099009901,16.666666666666668,80.0,88.88888888888889,4.0,3,4,2,72.03827751196172
S39G01N130,2021-2022,20211228,away,30,5,1,5,5,10,1,18,9,4,1,0,0,1,1,1,2,22,10,5,3,22,23,2,0,1,637,0,0,0,1,-5.6941431670282014,49.01960784313725,47.72727272727273,28,4.266211604095563,50.0,100.0,50.0,5.0,3,4,5,70.90737833594976,6,8,1,5,1,6,2,13,7,3,2,1,1,5,4,0,0,16,9,4,3,24,21,1,0,2,637,0,0,0,2,5.6941431670282014,65.93406593406594,62.5,32,9.900990099009901,16.666666666666668,80.0,88.88888888888889,4.0,3,4,2,70.90737833594976
S39G01N130,2021-2022,20211228,away,30,5,1,5,5,10,1,18,9,4,1,0,0,1,1,1,2,22,10,5,3,22,23,2,0,1,637,0,0,0,1,-5.6941431670282014,49.01960784313725,47.72727272727273,28,4.266211604095563,50.0,100.0,50.0,5.0,3,4,5,70.90737833594976,6,8,1,5,1,6,2,13,7,3,2,1,1,5,4,0,0,16,9,4,3,24,21,1,0,2,637,0,0,0,2,5.6941431670282014,65.93406593406594,62.5,32,9.900990099009901,16.666666666666668,80.0,88.88888888888889,4.0,3,4,2,70.90737833594976
S39G01N130,2021-2022,20211228,away,30,5,1,5,5,10,1,19,9,4,1,0,0,1,1,1,2,23,10,5,3,22,24,2,0,1,647,0,0,0,1,-11.831275720164612,46.92832764505119,45.65217391304348,27,4.091653027823241,50.0,100.0,50.0,5.0,3,4,5,71.6661514683153,6,8,1,5,1,6,2,13,7,3,2,1,1,5,4,0,0,16,9,4,3,24,21,1,0,2,647,0,0,0,2,11.831275720164612,65.93406593406594,62.5,32,9.900990099009901,16.666666666666668,80.0,88.88888888888889,4.0,3,4,2,71.6661514683153
S39G01N130,2021-2022,20211228,away,30,5,1,5,5,10,1,19,9,4,1,0,0,1,1,1,2,23,10,5,3,22,24,2,0,1,648,0,0,0,1,-11.831275720164612,46.92832764505119,45.65217391304348,27,4.091653027823241,45.45454545454545,100.0,50.0,5.0,3,4,5,71.55555555555556,6,8,1,6,1,7,2,13,7,3,2,1,1,5,4,0,0,16,9,4,3,24,21,1,0,2,648,0,0,0,2,11.831275720164612,65.93406593406594,62.5,33,9.900990099009901,16.666666666666668,80.0,88.88888888888889,4.0,3,4,2,71.55555555555556
S39G01N130,2021-2022,20211228,away,30,5,1,5,5,10,1,19,9,4,1,0,0,1,1,1,2,23,10,5,3,22,24,2,0,1,659,0,0,0,1,-5.64315690828343,46.92832764505119,45.65217391304348,27,4.091653027823241,45.45454545454545,100.0,50.0,5.0,3,4,5,72.18209408194234,6,8,1,6,1,7,2,13,7,3,2,1,1,5,4,0,0,16,9,4,3,24,21,1,0,3,659,0,0,0,3,5.64315690828343,65.93406593406594,62.5,32,14.150943396226415,16.666666666666668,80.0,88.88888888888889,2.6666666666666665,3,4,2,72.18209408194234
S39G01N130,2021-2022,20211228,away,30,5,1,5,5,10,1,19,9,4,1,0,0,1,1,1,2,23,10,5,3,22,24,2,0,2,680,0,0,0,2,-11.179787254655025,46.92832764505119,45.65217391304348,26,7.861635220125786,45.45454545454545,100.0,50.0,2.5,3,4,5,71.71764705882353,6,8,1,6,1,7,2,13,7,3,2,1,1,5,4,0,0,16,9,4,3,24,21,1,0,3,680,0,0,0,3,11.179787254655025,65.93406593406594,62.5,32,14.150943396226415,16.666666666666668,80.0,88.88888888888889,2.6666666666666665,3,4,2,71.71764705882353
S39G01N130,2021-2022,20211228,away,30,5,1,5,5,10,1,19,9,4,1,0,0,1,1,1,2,23,10,5,3,22,24,2,0,2,681,0,0,0,2,-11.179787254655025,46.92832764505119,45.65217391304348,26,7.861635220125786,45.45454545454545,100.0,50.0,2.5,3,4,5,71.61233480176212,6,8,1,6,1,7,2,13,7,3,2,1,1,5,4,0,0,16,9,4,3,24,21,2,0,3,681,0,0,0,3,11.179787254655025,65.93406593406594,62.5,33,14.150943396226415,16.666666666666668,80.0,88.88888888888889,2.6666666666666665,3,4,2,71.61233480176212
S39G01N130,2021-2022,20211228,away,30,5,1,5,5,10,1,19,9,4,1,0,0,1,1,1,2,23,10,5,3,22,24,2,0,2,692,0,0,0,2,-19.72639663257395,46.92832764505119,45.65217391304348,26,7.861635220125786,45.45454545454545,100.0,50.0,2.5,6,4,5,72.20809248554913,6,8,1,6,1,7,2,13,7,4,3,1,1,5,4,0,0,17,10,4,3,27,22,2,0,3,692,0,0,0,3,19.72639663257395,70.3125,67.6470588235294,36,13.513513513513514,16.666666666666668,80.0,80.0,2.6666666666666665,6,4,5,72.20809248554913
S39G01N130,2021-2022,20211228,away,30,5,1,5,5,10,1,19,9,4,1,0,0,1,1,1,2,23,10,5,3,22,24,2,0,2,692,0,0,0,2,-19.72639663257395,46.92832764505119,45.65217391304348,26,7.861635220125786,45.45454545454545,100.0,50.0,2.5,6,4,5,72.20809248554913,6,9,1,6,1,7,2,13,7,4,3,1,1,5,4,0,0,17,10,4,3,27,22,2,0,3,692,0,0,0,3,19.72639663257395,70.3125,67.6470588235294,37,13.513513513513514,16.666666666666668,80.0,90.0,3.0,6,4,5,72.20809248554913
S39G01N130,2021-2022,20211228,away,30,5,1,5,5,10,1,19,9,4,1,0,0,1,1,1,2,23,10,5,3,22,24,2,0,3,710,0,0,0,3,-24.74655026753028,46.92832764505119,45.65217391304348,25,11.3464447806354,45.45454545454545,100.0,50.0,1.6666666666666667,6,4,5,72.06760563380281,6,9,1,6,1,7,2,13,7,4,3,1,1,5,4,0,0,17,10,4,3,27,22,2,0,3,710,0,0,0,3,24.74655026753028,70.3125,67.6470588235294,37,13.513513513513514,16.666666666666668,80.0,90.0,3.0,6,4,5,72.06760563380281
S39G01N130,2021-2022,20211228,away,30,5,1,5,5,10,1,19,9,4,1,0,0,1,1,1,2,23,10,5,3,22,24,2,0,3,711,0,0,0,3,-24.74655026753028,46.92832764505119,45.65217391304348,25,11.3464447806354,45.45454545454545,100.0,50.0,1.6666666666666667,6,4,5,71.9662447257384,6,9,1,6,1,7,2,13,7,4,3,1,1,5,4,0,0,17,10,4,3,27,22,3,0,3,711,0,0,0,3,24.74655026753028,70.3125,67.6470588235294,38,13.513513513513514,16.666666666666668,80.0,90.0,3.0,6,4,5,71.9662447257384
S39G01N130,2021-2022,20211228,away,30,5,1,5,5,10,1,19,9,4,1,0,0,1,1,1,2,23,10,5,3,22,24,2,0,3,715,0,0,0,3,-19.009681323114165,46.92832764505119,45.65217391304348,25,11.3464447806354,45.45454545454545,100.0,50.0,1.6666666666666667,6,4,5,73.24195804195804,6,9,1,6,1,7,2,14,7,4,3,1,1,5,4,0,0,18,10,4,3,27,23,3,0,3,715,0,0,0,3,19.009681323114165,66.83168316831683,63.888888888888886,37,12.931034482758621,16.666666666666668,80.0,90.0,3.0,6,4,5,73.24195804195804
S39G01N130,2021-2022,20211228,away,30,5,1,5,5,10,1,19,9,4,1,0,0,1,1,1,2,23,10,5,3,22,24,2,0,3,716,0,0,0,3,-24.74655026753028,46.92832764505119,45.65217391304348,25,11.3464447806354,45.45454545454545,100.0,50.0,1.6666666666666667,6,4,5,71.46368715083798,6,9,1,6,2,8,2,14,7,4,3,1,1,5,4,0,0,18,10,4,3,27,23,3,0,3,716,0,0,0,3,24.74655026753028,66.83168316831683,63.888888888888886,38,12.931034482758621,28.571428571428573,80.0,90.0,3.0,6,4,5,71.46368715083798
S39G01N130,2021-2022,20211228,away,30,5,1,5,5,10,1,19,9,4,1,0,0,1,1,1,2,23,10,5,3,22,24,2,0,3,724,0,0,0,3,-28.01869033212317,46.92832764505119,45.65217391304348,25,11.3464447806354,45.45454545454545,100.0,50.0,1.6666666666666667,8,4,5,72.33149171270718,6,9,1,6,2,8,2,15,8,4,3,1,1,5,4,0,0,19,11,4,3,29,24,3,0,3,724,0,0,0,3,28.01869033212317,68.39622641509435,65.78947368421052,40,12.396694214876034,28.571428571428573,80.0,81.81818181818181,3.0,8,4,7,72.33149171270718
S39G01N130,2021-2022,20211228,away,30,5,1,5,5,10,1,19,9,5,1,0,0,1,1,1,2,24,10,5,3,22,25,2,0,3,752,0,0,0,3,-32.59141494435613,45.00818330605564,43.75,24,10.932944606413994,45.45454545454545,100.0,50.0,1.6666666666666667,8,4,5,71.23404255319149,6,9,1,6,2,8,2,15,8,4,3,1,1,5,4,0,0,19,11,4,3,29,24,3,0,3,752,0,0,0,3,32.59141494435613,68.39622641509435,65.78947368421052,40,12.396694214876034,28.571428571428573,80.0,81.81818181818181,3.0,8,4,7,71.23404255319149
S39G01N130,2021-2022,20211228,away,30,5,1,5,5,10,1,19,9,5,1,0,0,1,1,1,2,24,10,5,3,22,25,2,1,3,752,0,0,0,4,-32.59141494435613,45.00818330605564,43.75,23,10.932944606413994,45.45454545454545,100.0,50.0,1.6666666666666667,8,4,5,71.23404255319149,6,9,1,6,2,8,2,15,8,4,3,1,1,5,4,0,0,19,11,4,3,29,24,3,0,3,752,0,0,0,3,32.59141494435613,68.39622641509435,65.78947368421052,40,12.396694214876034,28.571428571428573,80.0,81.81818181818181,3.0,8,4,7,71.23404255319149
S39G01N130,2021-2022,20211228,away,30,5,1,5,5,10,1,19,9,5,1,0,0,1,1,1,2,24,10,6,3,22,25,2,1,3,766,0,0,0,4,-32.59141494435613,45.00818330605564,43.75,23,10.932944606413994,45.45454545454545,100.0,50.0,1.6666666666666667,8,4,5,69.93211488250653,6,9,1,6,2,8,2,15,8,4,3,1,1,5,4,0,0,19,11,4,3,29,24,3,0,3,766,0,0,0,3,32.59141494435613,68.39622641509435,65.78947368421052,40,12.396694214876034,28.571428571428573,80.0,81.81818181818181,3.0,8,4,7,69.93211488250653
S39G01N130,2021-2022,20211228,away,30,5,1,5,5,10,1,19,9,5,1,0,0,1,1,1,2,24,10,6,3,22,25,2,1,3,766,0,0,0,4,-32.59141494435613,45.00818330605564,43.75,23,10.932944606413994,45.45454545454545,100.0,50.0,1.6666666666666667,8,4,5,69.93211488250653,6,9,1,6,2,8,2,15,8,4,3,1,1,5,4,0,0,19,11,4,3,29,24,3,0,3,766,0,0,0,3,32.59141494435613,68.39622641509435,65.78947368421052,40,12.396694214876034,28.571428571428573,80.0,81.81818181818181,3.0,8,4,7,69.93211488250653
S39G01N130,2021-2022,20211228,away,30,5,1,5,5,10,1,19,9,5,1,0,0,1,1,1,2,24,10,6,3,22,25,2,1,3,766,0,0,0,4,-32.59141494435613,45.00818330605564,43.75,23,10.932944606413994,45.45454545454545,100.0,50.0,1.6666666666666667,8,4,5,69.93211488250653,6,10,1,6,2,8,2,15,8,4,3,1,1,5,4,0,0,19,11,4,3,29,24,3,0,3,766,0,0,0,3,32.59141494435613,68.39622641509435,65.78947368421052,41,12.396694214876034,28.571428571428573,80.0,90.9090909090909,3.3333333333333335,8,4,7,69.93211488250653
S39G01N130,2021-2022,20211228,away,30,5,1,5,5,10,1,19,9,5,1,0,0,1,1,1,2,24,10,6,3,22,25,2,1,3,766,0,0,0,4,-32.59141494435613,45.00818330605564,43.75,23,10.932944606413994,45.45454545454545,100.0,50.0,1.6666666666666667,8,4,5,69.93211488250653,6,10,1,6,2,8,2,15,8,4,3,1,1,5,4,0,0,19,11,4,3,29,24,3,0,3,766,0,0,0,3,32.59141494435613,68.39622641509435,65.78947368421052,41,12.396694214876034,28.571428571428573,80.0,90.9090909090909,3.3333333333333335,8,4,7,69.93211488250653
S39G01N130,2021-2022,20211228,away,30,5,1,5,5,10,1,19,9,5,1,0,0,1,1,1,2,24,10,6,3,22,25,2,1,3,766,0,0,0,4,-32.59141494435613,45.00818330605564,43.75,23,10.932944606413994,45.45454545454545,100.0,50.0,1.6666666666666667,8,4,5,69.93211488250653,6,10,1,6,2,8,2,15,8,4,3,1,1,5,4,0,0,19,11,4,3,29,24,3,0,3,766,0,0,0,3,32.59141494435613,68.39622641509435,65.78947368421052,41,12.396694214876034,28.571428571428573,80.0,90.9090909090909,3.3333333333333335,8,4,7,69.93211488250653
S39G01N130,2021-2022,20211228,away,30,5,1,5,5,10,1,19,9,5,1,0,0,1,1,1,2,24,10,6,3,22,25,2,1,3,766,0,0,0,4,-34.469618235986985,45.00818330605564,43.75,23,10.932944606413994,45.45454545454545,100.0,50.0,1.6666666666666667,9,4,5,70.62140992167102,6,10,1,6,2,8,2,15,8,4,3,1,1,6,5,0,0,19,11,4,3,30,25,3,0,3,766,0,0,0,3,34.469618235986985,69.31608133086876,65.78947368421052,42,12.175324675324674,28.571428571428573,83.33333333333333,90.9090909090909,3.3333333333333335,9,4,8,70.62140992167102
S39G01N130,2021-2022,20211228,away,30,5,1,5,5,10,1,19,9,5,1,0,0,1,1,1,2,24,10,6,3,22,25,2,1,3,766,0,0,0,4,-36.27620892377749,45.00818330605564,43.75,23,10.932944606413994,45.45454545454545,100.0,50.0,1.6666666666666667,10,4,5,71.31070496083551,6,10,1,6,2,8,2,15,8,4,3,1,1,7,6,0,0,19,11,4,3,31,26,3,0,3,766,0,0,0,3,36.27620892377749,70.19927536231884,65.78947368421052,43,11.961722488038278,28.571428571428573,85.71428571428571,90.9090909090909,3.3333333333333335,10,4,9,71.31070496083551
S39G01N130,2021-2022,20211228,away,30,5,1,5,5,10,1,19,9,5,1,0,0,1,1,1,2,24,10,6,3,22,25,2,1,3,766,0,0,0,4,-33.76350540216089,45.00818330605564,43.75,23,10.932944606413994,45.45454545454545,100.0,50.0,1.6666666666666667,10,4,5,72.0,6,10,1,6,2,8,2,15,8,4,3,1,1,8,6,0,0,19,11,4,3,31,27,3,0,3,766,0,0,0,3,33.76350540216089,68.82770870337478,65.78947368421052,42,11.755485893416928,28.571428571428573,75.0,90.9090909090909,3.3333333333333335,10,4,9,72.0
S39G01N130,2021-2022,20211228,away,30,5,1,6,5,11,1,19,9,5,1,0,0,1,1,1,2,24,10,6,3,22,25,2,1,3,767,0,0,0,4,-33.76350540216089,45.00818330605564,43.75,24,10.932944606413994,45.45454545454545,100.0,50.0,1.6666666666666667,10,4,5,71.90612777053455,6,10,1,6,2,8,2,15,8,4,3,1,1,8,6,0,0,19,11,4,3,31,27,3,0,3,767,0,0,0,3,33.76350540216089,68.82770870337478,65.78947368421052,42,11.755485893416928,25.0,75.0,90.9090909090909,3.3333333333333335,10,4,9,71.90612777053455
S39G01N130,2021-2022,20211228,away,30,5,1,6,5,11,1,19,9,6,2,0,0,1,1,1,2,25,11,6,3,25,26,2,1,3,787,0,0,0,4,-25.147430986046317,49.13522012578616,48.0,27,10.548523206751055,45.45454545454545,100.0,45.45454545454545,1.6666666666666667,3,4,5,71.60355781448538,6,10,1,6,2,8,2,15,8,4,3,1,1,8,6,0,0,19,11,4,3,31,27,3,0,3,787,0,0,0,3,25.147430986046317,68.82770870337478,65.78947368421052,42,11.755485893416928,25.0,75.0,90.9090909090909,3.3333333333333335,3,4,9,71.60355781448538
S39G01N130,2021-2022,20211228,away,30,6,1,6,5,11,1,19,9,6,2,0,0,1,1,1,2,25,11,6,3,25,26,2,1,3,787,0,0,0,4,-25.147430986046317,49.13522012578616,48.0,28,10.548523206751055,45.45454545454545,100.0,54.54545454545455,2.0,3,4,5,71.60355781448538,6,10,1,6,2,8,2,15,8,4,3,1,1,8,6,0,0,19,11,4,3,31,27,3,0,3,787,0,0,0,3,25.147430986046317,68.82770870337478,65.78947368421052,42,11.755485893416928,25.0,75.0,90.9090909090909,3.3333333333333335,3,4,9,71.60355781448538
S39G01N130,2021-2022,20211228,away,30,6,1,6,5,11,1,19,9,6,2,0,0,1,1,1,2,25,11,6,3,25,26,2,1,3,808,0,0,0,4,-25.147430986046317,49.13522012578616,48.0,28,10.548523206751055,45.45454545454545,100.0,54.54545454545455,2.0,3,4,5,69.74257425742574,6,10,1,6,2,8,2,15,8,4,3,1,1,8,6,0,0,19,11,5,4,31,27,3,0,3,808,0,0,0,3,25.147430986046317,68.82770870337478,65.78947368421052,42,11.755485893416928,25.0,75.0,90.9090909090909,3.3333333333333335,3,4,9,69.74257425742574
S39G01N130,2021-2022,20211228,away,30,6,1,6,5,11,1,19,9,6,2,0,0,1,1,1,2,25,11,6,3,25,26,2,1,3,808,0,0,0,4,-25.147430986046317,49.13522012578616,48.0,28,10.548523206751055,45.45454545454545,100.0,54.54545454545455,2.0,3,4,5,69.74257425742574,6,10,1,6,2,8,2,15,8,4,3,1,1,8,6,0,0,19,11,5,4,31,27,3,0,3,808,0,0,0,3,25.147430986046317,68.82770870337478,65.78947368421052,42,11.755485893416928,25.0,75.0,90.9090909090909,3.3333333333333335,3,4,9,69.74257425742574
S39G01N130,2021-2022,20211228,away,30,6,1,6,5,11,1,19,9,6,2,0,0,1,1,1,2,25,11,6,3,25,26,2,1,3,808,0,0,0,4,-19.772116096632132,49.13522012578616,48.0,28,10.548523206751055,45.45454545454545,100.0,54.54545454545455,2.0,3,4,5,71.22772277227723,6,10,1,6,2,8,2,15,8,4,3,1,1,8,6,0,0,19,11,5,4,31,27,3,0,4,808,0,0,0,4,19.772116096632132,68.82770870337478,65.78947368421052,41,15.082956259426847,25.0,75.0,90.9090909090909,2.5,3,4,9,71.22772277227723
S39G01N130,2021-2022,20211228,away,30,6,1,6,5,11,1,19,9,6,2,0,0,1,1,1,2,25,11,6,3,25,26,2,1,3,808,0,0,0,4,-19.772116096632132,49.13522012578616,48.0,28,10.548523206751055,45.45454545454545,100.0,54.54545454545455,2.0,3,4,5,71.22772277227723,6,10,1,6,2,8,2,15,8,4,3,1,1,8,6,0,0,19,11,5,4,31,27,3,0,4,808,0,0,0,4,19.772116096632132,68.82770870337478,65.78947368421052,41,15.082956259426847,25.0,75.0,90.9090909090909,2.5,3,4,9,71.22772277227723
S39G01N130,2021-2022,20211228,away,30,6,1,6,5,11,1,19,9,6,2,0,0,1,1,1,2,25,11,6,3,25,26,2,1,3,822,0,0,0,4,-19.772116096632132,49.13522012578616,48.0,28,10.548523206751055,45.45454545454545,100.0,54.54545454545455,2.0,3,4,5,70.01459854014598,6,10,1,6,2,8,2,15,8,4,3,1,1,8,6,0,0,19,11,6,5,31,27,3,0,4,822,0,0,0,4,19.772116096632132,68.82770870337478,65.78947368421052,41,15.082956259426847,25.0,75.0,90.9090909090909,2.5,3,4,9,70.01459854014598
S39G01N130,2021-2022,20211228,away,30,6,1,6,5,11,1,19,9,6,2,0,0,1,1,1,2,25,11,6,3,25,26,2,1,3,822,0,0,0,4,-19.772116096632132,49.13522012578616,48.0,28,10.548523206751055,45.45454545454545,100.0,54.54545454545455,2.0,3,4,5,70.01459854014598,6,10,1,6,2,8,2,15,8,4,3,1,1,8,6,0,0,19,11,6,5,31,27,3,0,4,822,0,0,0,4,19.772116096632132,68.82770870337478,65.78947368421052,41,15.082956259426847,25.0,75.0,90.9090909090909,2.5,3,4,9,70.01459854014598
S39G01N130,2021-2022,20211228,away,30,6,1,6,5,11,1,19,9,7,2,0,0,1,1,1,2,26,11,6,3,25,27,2,1,3,833,0,0,0,4,-24.136080503440198,47.2768532526475,46.15384615384615,27,10.190217391304348,45.45454545454545,100.0,54.54545454545455,2.0,3,4,5,70.53061224489797,6,10,1,6,2,8,2,15,8,4,3,1,1,8,6,0,0,19,11,6,5,31,27,3,0,4,833,0,0,0,4,24.136080503440198,68.82770870337478,65.78947368421052,41,15.082956259426847,25.0,75.0,90.9090909090909,2.5,3,4,9,70.53061224489797
S39G01N130,2021-2022,20211228,away,30,6,1,6,6,12,1,19,9,7,2,0,0,1,1,1,2,26,11,6,3,25,27,2,1,3,836,0,0,0,4,-19.772116096632132,47.2768532526475,46.15384615384615,28,10.190217391304348,50.0,100.0,54.54545454545455,2.0,3,4,5,68.84210526315789,6,10,1,6,2,8,2,15,8,4,3,1,1,8,6,0,0,19,11,6,5,31,27,3,0,4,836,0,0,0,4,19.772116096632132,68.82770870337478,65.78947368421052,41,15.082956259426847,25.0,75.0,90.9090909090909,2.5,3,4,9,68.84210526315789
S39G01N130,2021-2022,20211228,away,30,6,1,6,6,12,1,20,10,7,2,0,0,1,1,1,2,27,12,6,3,27,28,2,1,3,843,0,0,0,4,-15.952774447793715,49.19825072886297,48.148148148148145,30,9.85545335085414,50.0,100.0,50.0,2.0,5,4,5,69.69395017793595,6,10,1,6,2,8,2,15,8,4,3,1,1,8,6,0,0,19,11,6,5,31,27,3,0,4,843,0,0,0,4,15.952774447793715,68.82770870337478,65.78947368421052,41,15.082956259426847,25.0,75.0,90.9090909090909,2.5,5,4,9,69.69395017793595
S39G01N130,2021-2022,20211228,away,30,7,1,6,6,12,1,20,10,7,2,0,0,1,1,1,2,27,12,6,3,27,28,2,1,3,843,0,0,0,4,-15.952774447793715,49.19825072886297,48.148148148148145,31,9.85545335085414,50.0,100.0,58.333333333333336,2.3333333333333335,5,4,5,69.69395017793595,6,10,1,6,2,8,2,15,8,4,3,1,1,8,6,0,0,19,11,6,5,31,27,3,0,4,843,0,0,0,4,15.952774447793715,68.82770870337478,65.78947368421052,41,15.082956259426847,25.0,75.0,90.9090909090909,2.5,5,4,9,69.69395017793595
S39G01N130,2021-2022,20211228,away,30,7,1,6,6,12,1,20,10,7,2,0,0,1,1,1,2,27,12,6,3,27,28,2,1,3,843,0,0,0,4,-15.952774447793715,49.19825072886297,48.148148148148145,31,9.85545335085414,50.0,100.0,58.333333333333336,2.3333333333333335,5,4,5,69.69395017793595,6,10,1,6,2,8,2,15,8,4,3,1,1,8,6,0,0,19,11,6,5,31,27,3,0,4,843,0,0,0,4,15.952774447793715,68.82770870337478,65.78947368421052,41,15.082956259426847,25.0,75.0,90.9090909090909,2.5,5,4,9,69.69395017793595
S39G01N130,2021-2022,20211228,away,30,7,1,6,6,12,1,20,10,7,2,0,0,1,1,1,2,27,12,6,3,27,28,2,1,3,843,0,0,0,4,-15.952774447793715,49.19825072886297,48.148148148148145,31,9.85545335085414,50.0,100.0,58.333333333333336,2.3333333333333335,5,4,5,69.69395017793595,6,10,1,6,2,8,2,15,8,4,3,1,1,8,6,0,0,19,11,6,5,31,27,3,0,4,843,0,0,0,4,15.952774447793715,68.82770870337478,65.78947368421052,41,15.082956259426847,25.0,75.0,90.9090909090909,2.5,5,4,9,69.69395017793595
S39G01N130,2021-2022,20211228,away,30,7,1,6,6,12,1,20,10,7,2,0,0,1,1,1,2,27,12,6,3,27,28,2,1,3,843,0,0,0,4,-15.952774447793715,49.19825072886297,48.148148148148145,31,9.85545335085414,50.0,100.0,58.333333333333336,2.3333333333333335,5,4,5,69.69395017793595,6,10,1,6,2,8,2,15,8,4,3,1,1,8,6,0,0,19,11,6,5,31,27,3,0,4,843,0,0,0,4,15.952774447793715,68.82770870337478,65.78947368421052,41,15.082956259426847,25.0,75.0,90.9090909090909,2.5,5,4,9,69.69395017793595
S39G01N130,2021-2022,20211228,away,30,7,1,6,6,12,1,20,10,7,2,0,0,1,1,1,2,27,12,6,3,27,28,2,1,3,843,0,0,0,4,-15.952774447793715,49.19825072886297,48.148148148148145,31,9.85545335085414,50.0,100.0,58.333333333333336,2.3333333333333335,5,4,5,69.69395017793595,6,10,1,6,2,8,2,15,8,4,3,1,1,8,6,0,0,19,11,6,5,31,27,3,0,4,843,0,0,0,4,15.952774447793715,68.82770870337478,65.78947368421052,41,15.082956259426847,25.0,75.0,90.9090909090909,2.5,5,4,9,69.69395017793595
S39G01N130,2021-2022,20211228,away,30,7,1,6,6,12,1,20,10,7,2,0,0,1,1,1,2,27,12,6,3,27,28,2,1,3,843,0,0,0,4,-15.952774447793715,49.19825072886297,48.148148148148145,31,9.85545335085414,50.0,100.0,58.333333333333336,2.3333333333333335,5,4,5,69.69395017793595,6,10,1,6,2,8,2,15,8,4,3,1,1,8,6,0,0,19,11,6,5,31,27,3,0,4,843,0,0,0,4,15.952774447793715,68.82770870337478,65.78947368421052,41,15.082956259426847,25.0,75.0,90.9090909090909,2.5,5,4,9,69.69395017793595
S39G01N130,2021-2022,20211228,away,30,7,1,6,6,12,1,20,10,7,2,0,0,1,1,1,2,27,12,6,3,27,28,2,1,3,843,0,0,0,4,-15.952774447793715,49.19825072886297,48.148148148148145,31,9.85545335085414,50.0,100.0,58.333333333333336,2.3333333333333335,5,4,5,69.69395017793595,6,10,1,6,2,8,2,15,8,4,3,1,1,8,6,0,0,19,11,6,5,31,27,3,0,4,843,0,0,0,4,15.952774447793715,68.82770870337478,65.78947368421052,41,15.082956259426847,25.0,75.0,90.9090909090909,2.5,5,4,9,69.69395017793595
S39G01N130,2021-2022,20211228,away,30,7,1,6,6,12,1,20,10,7,2,0,0,1,1,1,2,27,12,6,3,27,28,2,1,3,843,0,0,0,4,-15.952774447793715,49.19825072886297,48.148148148148145,31,9.85545335085414,50.0,100.0,58.333333333333336,2.3333333333333335,5,4,5,69.69395017793595,6,10,1,6,2,8,2,15,8,4,3,1,1,8,6,0,0,19,11,6,5,31,27,3,0,4,843,0,0,0,4,15.952774447793715,68.82770870337478,65.78947368421052,41,15.082956259426847,25.0,75.0,90.9090909090909,2.5,5,4,9,69.69395017793595
S39G01N130,2021-2022,20211228,away,30,7,1,6,6,12,1,20,10,7,2,0,0,1,1,1,2,27,12,6,3,27,28,2,1,3,867,0,0,0,4,-10.998722480747432,49.19825072886297,48.148148148148145,31,9.85545335085414,50.0,100.0,58.333333333333336,2.3333333333333335,5,4,5,69.14878892733563,6,10,1,6,2,8,2,15,8,5,3,1,1,8,6,0,0,20,11,6,5,31,28,3,0,4,867,0,0,0,4,10.998722480747432,65.9013605442177,62.5,40,14.534883720930234,25.0,75.0,90.9090909090909,2.5,5,4,9,69.14878892733563
S39G01N130,2021-2022,20211228,away,30,7,1,6,6,12,1,20,10,7,2,0,0,1,1,1,2,27,12,6,3,27,28,2,1,3,868,0,0,0,4,-10.998722480747432,49.19825072886297,48.148148148148145,31,9.85545335085414,50.0,100.0,58.333333333333336,2.3333333333333335,5,4,5,69.06912442396313,6,10,1,6,2,8,2,15,8,5,3,1,1,8,6,0,0,20,11,6,5,31,28,3,1,4,868,0,0,0,5,10.998722480747432,65.9013605442177,62.5,39,14.534883720930234,25.0,75.0,90.9090909090909,2.5,5,4,9,69.06912442396313
S39G01N130,2021-2022,20211228,away,30,7,1,6,6,12,1,21,11,7,2,0,0,1,1,1,2,28,13,6,3,29,29,2,1,3,893,0,0,0,4,-7.479643540151031,50.9845288326301,50.0,33,9.541984732824426,50.0,100.0,53.84615384615385,2.3333333333333335,7,4,5,68.47928331466966,6,10,1,6,2,8,2,15,8,5,3,1,1,8,6,0,0,20,11,6,5,31,28,3,1,4,893,0,0,0,5,7.479643540151031,65.9013605442177,62.5,39,14.534883720930234,25.0,75.0,90.9090909090909,2.5,7,4,9,68.47928331466966
S39G01N130,2021-2022,20211228,away,30,7,1,6,6,12,1,21,11,7,2,0,0,1,1,1,2,28,13,6,3,29,29,2,1,3,919,0,0,0,4,-10.4406784484476,50.9845288326301,50.0,33,9.541984732824426,50.0,100.0,53.84615384615385,2.3333333333333335,2,4,5,67.84766050054407,6,10,1,6,2,8,2,16,9,5,3,1,1,8,6,0,0,21,12,6,5,33,29,3,1,4,919,0,0,0,5,10.4406784484476,67.29200652528549,64.28571428571429,41,14.025245441795231,25.0,75.0,83.33333333333333,2.5,2,4,9,67.84766050054407
S39G01N130,2021-2022,20211228,away,30,7,1,6,6,12,1,21,11,7,2,0,0,1,1,1,2,28,13,6,3,29,29,2,1,3,919,0,0,0,4,-10.4406784484476,50.9845288326301,50.0,33,9.541984732824426,50.0,100.0,53.84615384615385,2.3333333333333335,2,4,5,67.84766050054407,6,11,1,6,2,8,2,16,9,5,3,1,1,8,6,0,0,21,12,6,5,33,29,3,1,4,919,0,0,0,5,10.4406784484476,67.29200652528549,64.28571428571429,42,14.025245441795231,25.0,75.0,91.66666666666667,2.75,2,4,9,67.84766050054407
S39G01N130,2021-2022,20211228,away,30,7,1,6,6,12,1,21,11,7,2,0,0,1,1,1,2,28,13,6,3,29,29,2,1,3,938,0,0,0,4,-10.4406784484476,50.9845288326301,50.0,33,9.541984732824426,50.0,100.0,53.84615384615385,2.3333333333333335,2,4,5,66.47334754797441,6,11,1,6,2,8,2,16,9,5,3,1,1,8,6,0,0,21,12,7,6,33,29,3,1,4,938,0,0,0,5,10.4406784484476,67.29200652528549,64.28571428571429,42,14.025245441795231,25.0,75.0,91.66666666666667,2.75,2,4,9,66.47334754797441
S39G01N130,2021-2022,20211228,away,30,7,1,6,6,12,1,21,11,7,2,0,0,1,1,1,2,28,13,6,3,29,29,2,1,3,938,0,0,0,4,-10.4406784484476,50.9845288326301,50.0,33,9.541984732824426,50.0,100.0,53.84615384615385,2.3333333333333335,2,4,5,66.47334754797441,6,11,1,6,2,8,2,16,9,5,3,1,1,8,6,0,0,21,12,7,6,33,29,3,1,4,938,0,0,0,5,10.4406784484476,67.29200652528549,64.28571428571429,42,14.025245441795231,25.0,75.0,91.66666666666667,2.75,2,4,9,66.47334754797441
S39G01N130,2021-2022,20211228,away,30,7,1,6,6,12,1,21,11,7,2,0,0,1,1,1,2,28,13,6,3,29,29,2,1,3,938,0,0,0,4,-10.4406784484476,50.9845288326301,50.0,33,9.541984732824426,50.0,100.0,53.84615384615385,2.3333333333333335,2,4,5,66.47334754797441,6,11,1,6,2,8,2,16,9,5,3,1,1,8,6,0,0,21,12,7,6,33,29,3,1,4,938,0,0,0,5,10.4406784484476,67.29200652528549,64.28571428571429,42,14.025245441795231,25.0,75.0,91.66666666666667,2.75,2,4,9,66.47334754797441
S39G01N130,2021-2022,20211228,away,30,7,1,6,6,12,1,21,11,7,2,0,0,1,1,1,2,28,13,6,3,29,29,2,1,3,938,0,0,0,4,-10.4406784484476,50.9845288326301,50.0,33,9.541984732824426,50.0,100.0,53.84615384615385,2.3333333333333335,2,4,5,66.47334754797441,6,11,1,6,2,8,2,16,9,5,3,1,1,8,6,0,0,21,12,7,6,33,29,3,1,4,938,0,0,0,5,10.4406784484476,67.29200652528549,64.28571428571429,42,14.025245441795231,25.0,75.0,91.66666666666667,2.75,2,4,9,66.47334754797441
S39G01N130,2021-2022,20211228,away,30,7,1,6,6,12,1,21,11,7,2,0,0,1,1,1,2,28,13,7,4,29,29,2,1,3,947,0,0,0,4,-10.4406784484476,50.9845288326301,50.0,33,9.541984732824426,50.0,100.0,53.84615384615385,2.3333333333333335,2,4,5,65.8416050686378,6,11,1,6,2,8,2,16,9,5,3,1,1,8,6,0,0,21,12,7,6,33,29,3,1,4,947,0,0,0,5,10.4406784484476,67.29200652528549,64.28571428571429,42,14.025245441795231,25.0,75.0,91.66666666666667,2.75,2,4,9,65.8416050686378
S39G01N130,2021-2022,20211228,away,30,7,1,6,6,12,1,21,11,7,2,0,0,1,1,1,2,28,13,7,4,29,29,2,1,3,947,0,0,0,4,-10.4406784484476,50.9845288326301,50.0,33,9.541984732824426,50.0,100.0,53.84615384615385,2.3333333333333335,2,4,5,65.8416050686378,6,11,1,6,2,8,2,16,9,5,3,1,1,8,6,0,0,21,12,7,6,33,29,3,1,4,947,0,0,0,5,10.4406784484476,67.29200652528549,64.28571428571429,42,14.025245441795231,25.0,75.0,91.66666666666667,2.75,2,4,9,65.8416050686378
S39G01N130,2021-2022,20211228,away,30,7,1,6,6,12,1,21,11,7,2,0,0,1,1,1,2,28,13,7,4,29,29,2,1,4,947,0,0,0,5,-14.752089594129274,50.9845288326301,50.0,32,12.330456226880395,50.0,100.0,53.84615384615385,1.75,2,4,5,67.10876451953537,6,11,1,6,2,8,2,16,9,5,3,1,1,8,6,0,0,21,12,7,6,33,29,3,1,4,947,0,0,0,5,14.752089594129274,67.29200652528549,64.28571428571429,42,14.025245441795231,25.0,75.0,91.66666666666667,2.75,2,4,9,67.10876451953537
S39G01N130,2021-2022,20211228,away,30,7,1,6,6,12,1,21,11,7,2,0,0,1,1,1,2,28,13,7,4,29,29,2,1,4,947,0,0,0,5,-14.752089594129274,50.9845288326301,50.0,32,12.330456226880395,50.0,100.0,53.84615384615385,1.75,2,4,5,67.10876451953537,6,11,1,6,2,8,2,16,9,5,3,1,1,8,6,0,0,21,12,7,6,33,29,3,1,4,947,0,0,0,5,14.752089594129274,67.29200652528549,64.28571428571429,42,14.025245441795231,25.0,75.0,91.66666666666667,2.75,2,4,9,67.10876451953537
S39G01N130,2021-2022,20211228,away,30,7,1,6,6,12,1,21,11,7,2,0,0,1,1,1,2,28,13,7,4,29,29,2,1,4,968,0,0,0,5,-10.230491151532206,50.9845288326301,50.0,32,12.330456226880395,50.0,100.0,53.84615384615385,1.75,2,4,5,66.89256198347107,6,11,1,6,2,8,2,16,9,6,3,1,1,8,6,0,0,22,12,7,6,33,30,3,1,4,968,0,0,0,5,10.230491151532206,64.65517241379311,61.36363636363637,41,13.550135501355014,25.0,75.0,91.66666666666667,2.75,2,4,9,66.89256198347107
S39G01N130,2021-2022,20211228,away,30,7,1,6,6,12,1,21,11,7,2,0,0,1,1,1,2,28,13,7,4,29,29,2,1,4,971,0,0,0,5,-14.752089594129274,50.9845288326301,50.0,32,12.330456226880395,50.0,100.0,53.84615384615385,1.75,2,4,5,65.45005149330586,6,11,1,6,3,9,2,16,9,6,3,1,1,8,6,0,0,22,12,7,6,33,30,3,1,4,971,0,0,0,5,14.752089594129274,64.65517241379311,61.36363636363637,42,13.550135501355014,33.333333333333336,75.0,91.66666666666667,2.75,2,4,9,65.45005149330586
S39G01N130,2021-2022,20211228,away,30,7,1,6,6,12,1,21,11,7,2,0,0,1,1,1,2,28,13,7,4,29,29,2,1,4,972,0,0,0,5,-17.49793301199732,50.9845288326301,50.0,32,12.330456226880395,50.0,100.0,53.84615384615385,1.75,4,4,5,66.61728395061728,6,11,1,6,3,9,2,17,10,6,3,1,1,8,6,0,0,23,13,7,6,35,31,3,1,4,972,0,0,0,5,17.49793301199732,65.98793363499246,63.04347826086956,44,13.106159895150721,33.333333333333336,75.0,84.61538461538461,2.75,4,4,9,66.61728395061728
S39G01N130,2021-2022,20211228,away,30,7,1,6,6,12,1,21,11,7,2,0,0,1,1,1,2,28,13,7,4,29,29,2,1,5,987,0,0,0,6,-21.49510136280425,50.9845288326301,50.0,31,14.952153110047847,50.0,100.0,53.84615384615385,1.4,4,4,5,66.82066869300911,6,11,1,6,3,9,2,17,10,6,3,1,1,8,6,0,0,23,13,7,6,35,31,3,1,4,987,0,0,0,5,21.49510136280425,65.98793363499246,63.04347826086956,44,13.106159895150721,33.333333333333336,75.0,84.61538461538461,2.75,4,4,9,66.82066869300911
S39G01N130,2021-2022,20211228,away,30,7,1,6,6,12,1,21,11,7,2,0,0,1,1,1,2,28,13,7,4,29,29,2,1,5,988,0,0,0,6,-21.49510136280425,50.9845288326301,50.0,31,14.952153110047847,50.0,100.0,53.84615384615385,1.4,4,4,5,66.75303643724695,6,11,1,6,3,9,2,17,10,6,3,1,1,8,6,0,0,23,13,7,6,35,31,4,1,4,988,0,0,0,5,21.49510136280425,65.98793363499246,63.04347826086956,45,13.106159895150721,33.333333333333336,75.0,84.61538461538461,2.75,4,4,9,66.75303643724695
S39G01N130,2021-2022,20211228,away,30,7,1,6,6,12,1,21,11,7,2,0,0,1,1,1,2,28,13,8,5,29,29,2,1,5,1002,0,0,0,6,-21.49510136280425,50.9845288326301,50.0,31,14.952153110047847,50.0,100.0,53.84615384615385,1.4,4,4,5,65.8203592814371,6,11,1,6,3,9,2,17,10,6,3,1,1,8,6,0,0,23,13,7,6,35,31,4,1,4,1002,0,0,0,5,21.49510136280425,65.98793363499246,63.04347826086956,45,13.106159895150721,33.333333333333336,75.0,84.61538461538461,2.75,4,4,9,65.8203592814371
S39G01N130,2021-2022,20211228,away,30,7,1,6,6,12,1,21,11,7,2,0,0,1,1,1,2,28,13,8,5,29,29,2,1,5,1002,0,0,0,6,-21.49510136280425,50.9845288326301,50.0,31,14.952153110047847,50.0,100.0,53.84615384615385,1.4,4,4,5,65.8203592814371,6,11,1,6,3,9,2,17,10,6,3,1,1,8,6,0,0,23,13,7,6,35,31,4,1,4,1002,0,0,0,5,21.49510136280425,65.98793363499246,63.04347826086956,45,13.106159895150721,33.333333333333336,75.0,84.61538461538461,2.75,4,4,9,65.8203592814371
S39G01N130,2021-2022,20211228,away,30,7,1,6,6,12,1,21,11,7,2,0,0,1,1,1,2,28,13,8,5,29,29,2,1,5,1002,0,0,0,6,-21.49510136280425,50.9845288326301,50.0,31,14.952153110047847,50.0,100.0,53.84615384615385,1.4,4,4,5,65.8203592814371,6,11,1,6,3,9,2,17,10,6,3,1,1,8,6,0,0,23,13,7,6,35,31,4,1,4,1002,0,0,0,5,21.49510136280425,65.98793363499246,63.04347826086956,45,13.106159895150721,33.333333333333336,75.0,84.61538461538461,2.75,4,4,9,65.8203592814371
S39G01N130,2021-2022,20211228,away,30,7,1,6,6,12,1,21,11,7,2,0,0,1,1,1,2,28,13,8,5,29,29,2,1,5,1002,0,0,0,6,-21.49510136280425,50.9845288326301,50.0,31,14.952153110047847,50.0,100.0,53.84615384615385,1.4,4,4,5,65.8203592814371,6,11,1,6,3,9,2,17,10,6,3,1,1,8,6,0,0,23,13,7,6,35,31,4,1,4,1002,0,0,0,5,21.49510136280425,65.98793363499246,63.04347826086956,45,13.106159895150721,33.333333333333336,75.0,84.61538461538461,2.75,4,4,9,65.8203592814371
S39G01N130,2021-2022,20211228,away,30,7,1,6,6,12,1,21,11,7,2,0,0,1,1,1,2,28,13,8,5,29,29,2,1,5,1002,0,0,0,6,-21.49510136280425,50.9845288326301,50.0,31,14.952153110047847,50.0,100.0,53.84615384615385,1.4,4,4,5,65.8203592814371,6,11,1,6,3,9,2,17,10,6,3,1,1,8,6,0,0,23,13,7,6,35,31,4,1,4,1002,0,0,0,5,21.49510136280425,65.98793363499246,63.04347826086956,45,13.106159895150721,33.333333333333336,75.0,84.61538461538461,2.75,4,4,9,65.8203592814371
S39G01N130,2021-2022,20211228,away,30,7,1,6,6,12,1,21,11,7,2,0,0,1,1,1,2,28,13,8,5,29,29,2,1,5,1002,0,0,0,6,-21.49510136280425,50.9845288326301,50.0,31,14.952153110047847,50.0,100.0,53.84615384615385,1.4,4,4,5,65.8203592814371,6,11,1,6,3,9,2,17,10,6,3,1,1,8,6,0,0,23,13,7,6,35,31,4,1,4,1002,0,0,0,5,21.49510136280425,65.98793363499246,63.04347826086956,45,13.106159895150721,33.333333333333336,75.0,84.61538461538461,2.75,4,4,9,65.8203592814371
S39G01N130,2021-2022,20211228,away,30,7,1,6,6,12,1,21,11,7,2,0,0,1,1,1,2,28,13,8,5,29,29,2,1,5,1002,0,0,0,6,-21.49510136280425,50.9845288326301,50.0,31,14.952153110047847,50.0,100.0,53.84615384615385,1.4,4,4,5,65.8203592814371,6,11,1,6,3,9,2,17,10,6,3,1,1,8,6,0,0,23,13,7,6,35,31,4,1,4,1002,0,0,0,5,21.49510136280425,65.98793363499246,63.04347826086956,45,13.106159895150721,33.333333333333336,75.0,84.61538461538461,2.75,4,4,9,65.8203592814371
S39G01N130,2021-2022,20211228,away,30,7,1,6,6,12,1,21,11,7,2,0,0,1,1,1,2,28,13,8,5,29,29,2,1,5,1002,0,0,0,6,-21.49510136280425,50.9845288326301,50.0,31,14.952153110047847,50.0,100.0,53.84615384615385,1.4,4,4,5,65.8203592814371,6,11,1,6,3,9,2,17,10,6,3,1,1,8,6,0,0,23,13,7,6,35,31,4,1,4,1002,0,0,0,5,21.49510136280425,65.98793363499246,63.04347826086956,45,13.106159895150721,33.333333333333336,75.0,84.61538461538461,2.75,4,4,9,65.8203592814371
S39G01N130,2021-2022,20211228,away,30,7,1,6,6,12,1,21,11,7,2,0,0,1,1,1,2,28,13,8,5,29,29,2,1,5,1002,0,0,0,6,-21.49510136280425,50.9845288326301,50.0,31,14.952153110047847,50.0,100.0,53.84615384615385,1.4,4,4,5,65.8203592814371,6,11,1,6,3,9,2,17,10,6,3,1,1,8,6,0,0,23,13,7,6,35,31,4,1,4,1002,0,0,0,5,21.49510136280425,65.98793363499246,63.04347826086956,45,13.106159895150721,33.333333333333336,75.0,84.61538461538461,2.75,4,4,9,65.8203592814371
S39G01N130,2021-2022,20211228,away,30,7,1,6,6,12,1,21,11,7,2,0,0,1,1,1,2,28,13,8,5,29,29,2,1,5,1009,0,0,0,6,-24.048389141270604,50.9845288326301,50.0,31,14.952153110047847,50.0,100.0,53.84615384615385,1.4,6,4,5,66.55302279484638,6,11,1,6,3,9,2,18,11,6,3,1,1,8,6,0,0,24,14,7,6,37,32,4,1,4,1009,0,0,0,5,24.048389141270604,67.22383720930233,64.58333333333333,47,12.690355329949238,33.333333333333336,75.0,78.57142857142857,2.75,6,4,9,66.55302279484638
S39G01N130,2021-2022,20211228,away,30,7,1,6,6,12,1,21,11,7,2,0,0,1,1,1,2,28,13,8,5,29,29,2,1,5,1009,0,0,0,6,-24.048389141270604,50.9845288326301,50.0,31,14.952153110047847,50.0,100.0,53.84615384615385,1.4,6,4,5,66.55302279484638,6,12,1,6,3,9,2,18,11,6,3,1,1,8,6,0,0,24,14,7,6,37,32,4,1,4,1009,0,0,0,5,24.048389141270604,67.22383720930233,64.58333333333333,48,12.690355329949238,33.333333333333336,75.0,85.71428571428571,3.0,6,4,9,66.55302279484638
S39G01N130,2021-2022,20211228,away,30,7,1,6,6,12,1,21,11,8,2,0,0,1,1,1,2,29,13,8,5,29,30,2,1,5,1033,0,0,0,6,-27.764462671345683,49.252717391304344,48.275862068965516,30,14.518002322880372,50.0,100.0,53.84615384615385,1.4,6,4,5,66.16844143272021,6,12,1,6,3,9,2,18,11,6,3,1,1,8,6,0,0,24,14,7,6,37,32,4,1,4,1033,0,0,0,5,27.764462671345683,67.22383720930233,64.58333333333333,48,12.690355329949238,33.333333333333336,75.0,85.71428571428571,3.0,6,4,9,66.16844143272021
S39G01N130,2021-2022,20211228,away,30,7,1,6,6,12,1,21,11,8,2,0,0,1,1,1,2,29,13,8,5,29,30,2,1,5,1035,0,0,0,6,-27.764462671345683,49.252717391304344,48.275862068965516,30,14.518002322880372,46.15384615384615,100.0,53.84615384615385,1.4,6,4,5,66.04057971014493,6,12,1,7,3,10,2,18,11,6,3,1,1,8,6,0,0,24,14,7,6,37,32,4,1,4,1035,0,0,0,5,27.764462671345683,67.22383720930233,64.58333333333333,49,12.690355329949238,33.333333333333336,75.0,85.71428571428571,3.0,6,4,9,66.04057971014493
S39G01N130,2021-2022,20211228,away,30,7,1,6,6,12,1,21,11,8,2,0,0,1,1,1,2,29,13,8,5,29,30,2,1,5,1047,0,0,0,6,-30.144763472951183,49.252717391304344,48.275862068965516,30,14.518002322880372,46.15384615384615,100.0,53.84615384615385,1.4,8,4,5,66.42979942693408,6,12,1,7,3,10,2,19,12,6,3,1,1,8,6,0,0,25,15,7,6,39,33,4,1,4,1047,0,0,0,5,30.144763472951183,68.37307152875175,66.0,51,12.300123001230014,33.333333333333336,75.0,80.0,3.0,8,4,10,66.42979942693408
S39G01N130,2021-2022,20211228,away,30,7,1,6,6,12,1,21,11,8,2,0,0,1,1,1,2,29,13,8,5,29,30,2,1,5,1047,0,0,0,6,-30.144763472951183,49.252717391304344,48.275862068965516,30,14.518002322880372,46.15384615384615,100.0,53.84615384615385,1.4,8,4,5,66.42979942693408,6,13,1,7,3,10,2,19,12,6,3,1,1,8,6,0,0,25,15,7,6,39,33,4,1,4,1047,0,0,0,5,30.144763472951183,68.37307152875175,66.0,52,12.300123001230014,33.333333333333336,75.0,86.66666666666667,3.25,8,4,10,66.42979942693408
S39G01N130,2021-2022,20211228,away,30,7,1,6,6,12,1,21,11,9,3,0,0,1,1,1,2,30,14,8,5,32,31,2,1,5,1071,0,0,0,6,-23.418168964298346,52.562417871222074,51.666666666666664,33,14.108352144469526,46.15384615384615,100.0,50.0,1.4,3,4,5,66.06162464985994,6,13,1,7,3,10,2,19,12,6,3,1,1,8,6,0,0,25,15,7,6,39,33,4,1,4,1071,0,0,0,5,23.418168964298346,68.37307152875175,66.0,52,12.300123001230014,33.333333333333336,75.0,86.66666666666667,3.25,3,4,10,66.06162464985994
S39G01N130,2021-2022,20211228,away,30,8,1,6,6,12,1,21,11,9,3,0,0,1,1,1,2,30,14,8,5,32,31,2,1,5,1071,0,0,0,6,-23.418168964298346,52.562417871222074,51.666666666666664,34,14.108352144469526,46.15384615384615,100.0,57.142857142857146,1.6,3,4,5,66.06162464985994,6,13,1,7,3,10,2,19,12,6,3,1,1,8,6,0,0,25,15,7,6,39,33,4,1,4,1071,0,0,0,5,23.418168964298346,68.37307152875175,66.0,52,12.300123001230014,33.333333333333336,75.0,86.66666666666667,3.25,3,4,10,66.06162464985994
S39G01N130,2021-2022,20211228,away,30,8,1,6,6,12,1,21,11,9,3,0,0,1,1,1,2,30,14,8,5,32,31,2,1,5,1091,0,0,0,6,-19.089406803806497,52.562417871222074,51.666666666666664,34,14.108352144469526,46.15384615384615,100.0,57.142857142857146,1.6,3,4,5,65.95050412465628,6,13,1,7,3,10,2,20,12,6,3,1,1,8,6,0,0,26,15,7,6,39,34,4,1,4,1091,0,0,0,5,19.089406803806497,66.0569105691057,63.46153846153846,51,11.933174224343677,33.333333333333336,75.0,86.66666666666667,3.25,3,4,10,65.95050412465628
S39G01N130,2021-2022,20211228,away,30,8,1,6,6,12,1,21,11,9,3,0,0,1,1,1,2,30,14,8,5,32,31,2,1,5,1092,0,0,0,6,-23.418168964298346,52.562417871222074,51.666666666666664,34,14.108352144469526,46.15384615384615,100.0,57.142857142857146,1.6,3,4,5,64.79120879120879,6,13,1,7,4,11,2,20,12,6,3,1,1,8,6,0,0,26,15,7,6,39,34,4,1,4,1092,0,0,0,5,23.418168964298346,66.0569105691057,63.46153846153846,52,11.933174224343677,40.0,75.0,86.66666666666667,3.25,3,4,10,64.79120879120879
S39G01N130,2021-2022,20211228,away,30,8,1,6,6,12,1,21,11,9,3,0,0,1,1,1,2,30,14,9,6,32,31,2,1,5,1092,0,0,0,6,-23.418168964298346,52.562417871222074,51.666666666666664,34,14.108352144469526,46.15384615384615,100.0,57.142857142857146,1.6,3,4,5,64.79120879120879,6,13,1,7,4,11,2,20,12,6,3,1,1,8,6,0,0,26,15,7,6,39,34,4,1,4,1092,0,0,0,5,23.418168964298346,66.0569105691057,63.46153846153846,52,11.933174224343677,40.0,75.0,86.66666666666667,3.25,3,4,10,64.79120879120879
S39G01N130,2021-2022,20211228,away,30,8,1,6,6,12,1,21,11,9,3,0,0,1,1,1,2,30,14,9,6,32,31,2,1,5,1092,0,0,0,6,-23.418168964298346,52.562417871222074,51.666666666666664,34,14.108352144469526,46.15384615384615,100.0,57.142857142857146,1.6,3,4,5,64.79120879120879,6,13,1,7,4,11,2,20,12,6,3,1,1,8,6,0,0,26,15,7,6,39,34,4,1,4,1092,0,0,0,5,23.418168964298346,66.0569105691057,63.46153846153846,52,11.933174224343677,40.0,75.0,86.66666666666667,3.25,3,4,10,64.79120879120879
S39G01N130,2021-2022,20211228,away,30,8,1,6,6,12,1,21,11,9,3,0,0,1,1,1,2,30,14,9,6,32,31,2,1,5,1092,0,0,0,6,-23.418168964298346,52.562417871222074,51.666666666666664,34,14.108352144469526,46.15384615384615,100.0,57.142857142857146,1.6,3,4,5,64.79120879120879,6,13,1,7,4,11,2,20,12,6,3,1,1,8,6,0,0,26,15,7,6,39,34,4,1,4,1092,0,0,0,5,23.418168964298346,66.0569105691057,63.46153846153846,52,11.933174224343677,40.0,75.0,86.66666666666667,3.25,3,4,10,64.79120879120879
S39G01N130,2021-2022,20211228,away,30,8,1,6,6,12,1,21,11,9,3,0,0,1,1,1,2,30,14,9,6,32,31,2,1,5,1092,0,0,0,6,-23.418168964298346,52.562417871222074,51.666666666666664,34,14.108352144469526,46.15384615384615,100.0,57.142857142857146,1.6,3,4,5,64.79120879120879,6,13,1,7,4,11,2,20,12,6,3,1,1,8,6,0,0,26,15,7,6,39,34,4,1,4,1092,0,0,0,5,23.418168964298346,66.0569105691057,63.46153846153846,52,11.933174224343677,40.0,75.0,86.66666666666667,3.25,3,4,10,64.79120879120879
S39G01N130,2021-2022,20211228,away,30,8,1,6,6,12,1,21,11,9,3,0,0,1,1,1,2,30,14,9,6,32,31,2,1,5,1098,0,0,0,6,-25.642486751381867,52.562417871222074,51.666666666666664,34,14.108352144469526,46.15384615384615,100.0,57.142857142857146,1.6,2,4,5,65.53005464480874,6,13,1,7,4,11,2,21,13,6,3,1,1,8,6,0,0,27,16,7,6,41,35,4,1,4,1098,0,0,0,5,25.642486751381867,67.16906946264744,64.81481481481481,54,11.587485515643106,40.0,75.0,81.25,3.25,2,4,10,65.53005464480874
S39G01N130,2021-2022,20211228,away,30,8,1,6,6,12,1,22,11,9,3,0,0,1,1,1,2,31,14,9,6,32,32,2,1,5,1115,0,0,0,6,-29.21330318285075,50.89058524173028,50.0,33,13.721185510428102,46.15384615384615,100.0,57.142857142857146,1.6,2,4,5,65.60717488789237,6,13,1,7,4,11,2,21,13,6,3,1,1,8,6,0,0,27,16,7,6,41,35,4,1,4,1115,0,0,0,5,29.21330318285075,67.16906946264744,64.81481481481481,54,11.587485515643106,40.0,75.0,81.25,3.25,2,4,10,65.60717488789237
S39G01N130,2021-2022,20211228,away,30,8,1,6,7,13,1,22,11,9,3,0,0,1,1,1,2,31,14,9,6,32,32,2,1,5,1117,0,0,0,6,-25.642486751381867,50.89058524173028,50.0,34,13.721185510428102,50.0,100.0,57.142857142857146,1.6,2,4,5,64.41539838854074,6,13,1,7,4,11,2,21,13,6,3,1,1,8,6,0,0,27,16,7,6,41,35,4,1,4,1117,0,0,0,5,25.642486751381867,67.16906946264744,64.81481481481481,54,11.587485515643106,40.0,75.0,81.25,3.25,2,4,10,64.41539838854074
S39G01N130,2021-2022,20211228,away,30,8,1,6,7,13,1,22,11,10,3,0,0,1,1,1,2,32,14,9,6,32,33,2,1,5,1129,0,0,0,6,-29.21330318285075,49.32182490752158,48.4375,33,13.354700854700855,50.0,100.0,57.142857142857146,1.6,2,4,5,64.79362267493356,6,13,1,7,4,11,2,21,13,6,3,1,1,8,6,0,0,27,16,7,6,41,35,4,1,4,1129,0,0,0,5,29.21330318285075,67.16906946264744,64.81481481481481,54,11.587485515643106,40.0,75.0,81.25,3.25,2,4,10,64.79362267493356
S39G01N130,2021-2022,20211228,away,30,8,1,6,8,14,1,22,11,10,3,0,0,1,1,1,2,32,14,9,6,32,33,2,1,5,1132,0,0,0,6,-25.642486751381867,49.32182490752158,48.4375,34,13.354700854700855,53.333333333333336,100.0,57.142857142857146,1.6,2,4,5,63.56183745583038,6,13,1,7,4,11,2,21,13,6,3,1,1,8,6,0,0,27,16,7,6,41,35,4,1,4,1132,0,0,0,5,25.642486751381867,67.16906946264744,64.81481481481481,54,11.587485515643106,40.0,75.0,81.25,3.25,2,4,10,63.56183745583038
S39G01N130,2021-2022,20211228,away,30,8,1,6,8,14,1,23,12,10,3,0,0,1,1,1,2,33,15,9,6,34,34,2,1,5,1133,0,0,0,6,-22.643000948948,50.83732057416268,50.0,36,13.007284079084288,53.333333333333336,100.0,53.333333333333336,1.6,2,4,5,64.5648720211827,6,13,1,7,4,11,2,21,13,6,3,1,1,8,6,0,0,27,16,7,6,41,35,4,1,4,1133,0,0,0,5,22.643000948948,67.16906946264744,64.81481481481481,54,11.587485515643106,40.0,75.0,81.25,3.25,2,4,10,64.5648720211827
S39G01N130,2021-2022,20211228,away,30,9,1,6,8,14,1,23,12,10,3,0,0,1,1,1,2,33,15,9,6,34,34,2,1,5,1133,0,0,0,6,-22.643000948948,50.83732057416268,50.0,37,13.007284079084288,53.333333333333336,100.0,60.0,1.8,2,4,5,64.5648720211827,6,13,1,7,4,11,2,21,13,6,3,1,1,8,6,0,0,27,16,7,6,41,35,4,1,4,1133,0,0,0,5,22.643000948948,67.16906946264744,64.81481481481481,54,11.587485515643106,40.0,75.0,81.25,3.25,2,4,10,64.5648720211827
S39G01N130,2021-2022,20211228,away,30,9,1,6,8,14,1,23,12,10,3,0,0,1,1,1,2,33,15,9,6,34,34,2,1,5,1148,0,0,0,6,-27.89877065309473,50.83732057416268,50.0,37,13.007284079084288,53.333333333333336,100.0,60.0,1.8,3,4,5,64.76655052264807,6,13,1,7,4,11,2,21,13,7,4,1,1,8,6,0,0,28,17,7,6,44,36,4,1,4,1148,0,0,0,5,27.89877065309473,69.79695431472081,67.85714285714286,57,11.261261261261263,40.0,75.0,76.47058823529412,3.25,3,4,10,64.76655052264807
S39G01N130,2021-2022,20211228,away,30,9,1,6,8,14,1,23,12,10,3,0,0,1,1,1,2,33,15,9,6,34,34,2,1,5,1148,0,0,0,6,-27.89877065309473,50.83732057416268,50.0,37,13.007284079084288,53.333333333333336,100.0,60.0,1.8,3,4,5,64.76655052264807,6,14,1,7,4,11,2,21,13,7,4,1,1,8,6,0,0,28,17,7,6,44,36,4,1,4,1148,0,0,0,5,27.89877065309473,69.79695431472081,67.85714285714286,58,11.261261261261263,40.0,75.0,82.3529411764706,3.5,3,4,10,64.76655052264807
S39G01N130,2021-2022,20211228,away,30,9,1,6,8,14,1,24,12,10,3,0,0,1,1,1,2,34,15,9,6,34,35,2,1,5,1168,0,0,0,6,-31.45141499076479,49.361207897793264,48.529411764705884,36,12.677484787018257,53.333333333333336,100.0,60.0,1.8,3,4,5,64.68493150684931,6,14,1,7,4,11,2,21,13,7,4,1,1,8,6,0,0,28,17,7,6,44,36,4,1,4,1168,0,0,0,5,31.45141499076479,69.79695431472081,67.85714285714286,58,11.261261261261263,40.0,75.0,82.3529411764706,3.5,3,4,10,64.68493150684931
S39G01N130,2021-2022,20211228,away,30,9,1,6,8,14,1,24,12,10,3,0,0,1,1,1,2,34,15,9,6,34,35,2,1,5,1172,0,0,0,6,-31.45141499076479,49.361207897793264,48.529411764705884,36,12.677484787018257,50.0,100.0,60.0,1.8,3,4,5,64.46416382252559,6,14,1,8,4,12,2,21,13,7,4,1,1,8,6,0,0,28,17,7,6,44,36,4,1,4,1172,0,0,0,5,31.45141499076479,69.79695431472081,67.85714285714286,59,11.261261261261263,40.0,75.0,82.3529411764706,3.5,3,4,10,64.46416382252559
S39G01N130,2021-2022,20211228,away,30,9,1,6,8,14,1,24,12,10,3,0,0,1,1,1,2,34,15,9,6,34,35,2,1,5,1172,0,0,0,6,-27.158859374853307,49.361207897793264,48.529411764705884,36,12.677484787018257,50.0,100.0,60.0,1.8,3,4,5,65.48805460750852,6,14,1,8,4,12,2,21,13,7,4,1,1,8,6,0,0,28,17,7,6,44,36,4,1,5,1172,0,0,0,6,27.158859374853307,69.79695431472081,67.85714285714286,58,13.691128148959475,40.0,75.0,82.3529411764706,2.8,3,4,10,65.48805460750852
S39G01N130,2021-2022,20211228,away,30,9,1,6,8,14,1,24,12,10,3,0,0,1,1,1,2,34,15,9,6,34,35,3,1,5,1172,0,0,0,6,-27.158859374853307,49.361207897793264,48.529411764705884,37,12.677484787018257,50.0,100.0,60.0,1.8,3,4,5,65.48805460750852,6,14,1,8,4,12,2,21,13,7,4,1,1,8,6,0,0,28,17,7,6,44,36,4,1,5,1172,0,0,0,6,27.158859374853307,69.79695431472081,67.85714285714286,58,13.691128148959475,40.0,75.0,82.3529411764706,2.8,3,4,10,65.48805460750852
S39G01N130,2021-2022,20211228,away,30,9,1,6,8,14,1,25,13,10,3,0,0,1,1,1,2,35,16,9,6,36,36,3,1,5,1172,0,0,0,6,-24.3272469716066,50.7900677200903,50.0,39,12.363996043521267,50.0,100.0,56.25,1.8,2,4,5,66.51194539249146,6,14,1,8,4,12,2,21,13,7,4,1,1,8,6,0,0,28,17,7,6,44,36,4,1,5,1172,0,0,0,6,24.3272469716066,69.79695431472081,67.85714285714286,58,13.691128148959475,40.0,75.0,82.3529411764706,2.8,2,4,10,66.51194539249146
S39G01N130,2021-2022,20211228,away,30,9,1,6,8,14,1,25,13,10,3,0,0,1,1,1,2,35,16,9,6,36,36,3,1,5,1190,0,0,0,6,-26.257397538028698,50.7900677200903,50.0,39,12.363996043521267,50.0,100.0,56.25,1.8,2,4,5,66.51428571428572,6,14,1,8,4,12,2,22,14,7,4,1,1,8,6,0,0,29,18,7,6,46,37,4,1,5,1190,0,0,0,6,26.257397538028698,70.72570725707256,68.96551724137932,60,13.326226012793176,40.0,75.0,77.77777777777777,2.8,2,4,10,66.51428571428572
S39G01N130,2021-2022,20211228,away,30,9,1,6,8,14,1,25,13,10,3,0,0,1,1,1,2,35,16,9,6,36,36,3,1,5,1190,0,0,0,6,-26.257397538028698,50.7900677200903,50.0,39,12.363996043521267,50.0,100.0,56.25,1.8,2,4,5,66.51428571428572,6,15,1,8,4,12,2,22,14,7,4,1,1,8,6,0,0,29,18,7,6,46,37,4,1,5,1190,0,0,0,6,26.257397538028698,70.72570725707256,68.96551724137932,61,13.326226012793176,40.0,75.0,83.33333333333333,3.0,2,4,10,66.51428571428572
S39G01N130,2021-2022,20211228,away,30,9,1,6,8,14,1,25,13,10,3,0,0,1,1,1,2,35,16,9,6,36,36,3,1,5,1194,0,0,0,6,-26.257397538028698,50.7900677200903,50.0,39,12.363996043521267,50.0,100.0,56.25,1.8,2,4,5,66.29145728643216,6,15,1,8,4,12,2,22,14,7,4,1,1,8,6,0,0,29,18,8,6,46,37,4,1,5,1194,0,0,0,6,26.257397538028698,70.72570725707256,68.96551724137932,61,13.326226012793176,40.0,75.0,83.33333333333333,3.0,2,4,10,66.29145728643216
S39G01N130,2021-2022,20211228,away,30,9,1,6,8,14,1,25,13,10,3,0,0,1,1,1,2,35,16,9,6,36,36,3,1,5,1194,0,0,0,6,-26.257397538028698,50.7900677200903,50.0,39,12.363996043521267,50.0,100.0,56.25,1.8,2,4,5,66.29145728643216,6,15,1,8,4,12,2,22,14,7,4,1,1,8,6,0,0,29,18,8,6,46,37,4,1,5,1194,0,0,0,6,26.257397538028698,70.72570725707256,68.96551724137932,61,13.326226012793176,40.0,75.0,83.33333333333333,3.0,2,4,10,66.29145728643216
S39G01N130,2021-2022,20211228,away,30,9,1,6,8,14,1,25,13,10,3,0,0,2,2,1,2,35,16,9,6,37,37,3,1,5,1194,0,0,0,6,-24.70108995464814,51.56075808249721,50.0,40,12.23091976516634,50.0,100.0,56.25,1.8,1,4,5,66.73366834170854,6,15,1,8,4,12,2,22,14,7,4,1,1,8,6,0,0,29,18,8,6,46,37,4,1,5,1194,0,0,0,6,24.70108995464814,70.72570725707256,68.96551724137932,61,13.326226012793176,40.0,75.0,83.33333333333333,3.0,1,4,10,66.73366834170854
S39G01N130,2021-2022,20211228,away,30,9,1,6,8,14,1,25,13,10,3,0,0,3,3,1,2,35,16,9,6,38,38,3,1,5,1194,0,0,0,6,-23.185885332653342,52.31277533039648,50.0,41,12.100677637947724,50.0,100.0,56.25,1.8,2,4,5,67.17587939698493,6,15,1,8,4,12,2,22,14,7,4,1,1,8,6,0,0,29,18,8,6,46,37,4,1,5,1194,0,0,0,6,23.185885332653342,70.72570725707256,68.96551724137932,61,13.326226012793176,40.0,75.0,83.33333333333333,3.0,2,4,10,67.17587939698493
S39G01N130,2021-2022,20211228,away,30,9,1,6,8,14,1,25,13,10,3,0,0,3,3,1,2,35,16,9,6,38,38,3,1,5,1194,0,0,0,6,-23.185885332653342,52.31277533039648,50.0,41,12.100677637947724,50.0,100.0,56.25,1.8,2,4,5,67.17587939698493,6,15,1,8,4,12,2,22,14,7,4,1,1,8,6,0,0,29,18,8,6,46,37,4,1,5,1194,0,0,0,6,23.185885332653342,70.72570725707256,68.96551724137932,61,13.326226012793176,40.0,75.0,83.33333333333333,3.0,2,4,10,67.17587939698493
S39G01N130,2021-2022,20211228,away,30,9,1,6,8,14,1,25,13,10,3,0,0,3,3,1,2,35,16,9,6,38,38,3,1,5,1194,0,0,0,6,-23.185885332653342,52.31277533039648,50.0,41,12.100677637947724,50.0,100.0,56.25,1.8,2,4,5,67.17587939698493,6,15,1,8,4,12,2,22,14,7,4,1,1,8,6,0,0,29,18,8,6,46,37,4,1,5,1194,0,0,0,6,23.185885332653342,70.72570725707256,68.96551724137932,61,13.326226012793176,40.0,75.0,83.33333333333333,3.0,2,4,10,67.17587939698493
S39G01N130,2021-2022,20211228,away,30,9,1,6,8,14,1,25,13,10,3,0,0,3,3,1,2,35,16,9,6,38,38,3,1,5,1194,0,0,0,6,-23.185885332653342,52.31277533039648,50.0,41,12.100677637947724,50.0,100.0,56.25,1.8,2,4,5,67.17587939698493,6,15,1,8,4,12,2,22,14,7,4,1,1,8,6,0,0,29,18,8,6,46,37,4,1,5,1194,0,0,0,6,23.185885332653342,70.72570725707256,68.96551724137932,61,13.326226012793176,40.0,75.0,83.33333333333333,3.0,2,4,10,67.17587939698493
S39G01N130,2021-2022,20211228,away,30,9,1,6,8,14,1,25,13,10,3,0,0,3,3,1,2,35,16,9,6,38,38,3,1,5,1194,0,0,0,6,-23.185885332653342,52.31277533039648,50.0,41,12.100677637947724,50.0,100.0,56.25,1.8,2,4,5,67.17587939698493,6,15,1,8,4,12,2,22,14,7,4,1,1,8,6,0,0,29,18,8,6,46,37,4,1,5,1194,0,0,0,6,23.185885332653342,70.72570725707256,68.96551724137932,61,13.326226012793176,40.0,75.0,83.33333333333333,3.0,2,4,10,67.17587939698493
S39G01N130,2021-2022,20211228,away,30,9,1,6,8,14,1,25,13,10,3,0,0,3,3,1,2,35,16,9,6,38,38,3,1,5,1194,0,0,0,6,-23.185885332653342,52.31277533039648,50.0,41,12.100677637947724,50.0,100.0,56.25,1.8,2,4,5,67.17587939698493,6,15,1,8,4,12,2,22,14,7,4,1,1,8,6,0,0,29,18,8,6,46,37,4,1,5,1194,0,0,0,6,23.185885332653342,70.72570725707256,68.96551724137932,61,13.326226012793176,40.0,75.0,83.33333333333333,3.0,2,4,10,67.17587939698493
S39G01N130,2021-2022,20211228,away,30,9,1,6,8,14,1,25,13,10,3,0,0,3,3,1,2,35,16,9,6,38,38,3,1,5,1194,0,0,0,6,-23.185885332653342,52.31277533039648,50.0,41,12.100677637947724,50.0,100.0,56.25,1.8,2,4,5,67.17587939698493,6,15,1,8,4,12,2,22,14,7,4,1,1,8,6,0,0,29,18,8,6,46,37,4,1,5,1194,0,0,0,6,23.185885332653342,70.72570725707256,68.96551724137932,61,13.326226012793176,40.0,75.0,83.33333333333333,3.0,2,4,10,67.17587939698493
S39G01N130,2021-2022,20211228,away,30,9,1,6,8,14,1,25,13,10,3,0,0,3,3,1,2,35,16,9,6,38,38,3,1,5,1194,0,0,0,6,-23.185885332653342,52.31277533039648,50.0,41,12.100677637947724,50.0,100.0,56.25,1.8,2,4,5,67.17587939698493,6,15,1,8,4,12,2,22,14,7,4,1,1,8,6,0,0,29,18,8,6,46,37,4,1,5,1194,0,0,0,6,23.185885332653342,70.72570725707256,68.96551724137932,61,13.326226012793176,40.0,75.0,83.33333333333333,3.0,2,4,10,67.17587939698493
S39G01N130,2021-2022,20211228,away,30,9,1,6,8,14,1,25,13,10,3,0,0,3,3,1,2,35,16,9,6,38,38,3,1,5,1194,0,0,0,6,-23.185885332653342,52.31277533039648,50.0,41,12.100677637947724,50.0,100.0,56.25,1.8,2,4,5,67.17587939698493,6,15,1,8,4,12,2,22,14,7,4,1,1,8,6,0,0,29,18,8,6,46,37,4,1,5,1194,0,0,0,6,23.185885332653342,70.72570725707256,68.96551724137932,61,13.326226012793176,40.0,75.0,83.33333333333333,3.0,2,4,10,67.17587939698493
S39G01N130,2021-2022,20211228,away,30,9,1,6,8,14,1,25,13,10,3,0,0,3,3,1,2,35,16,9,6,38,38,3,1,5,1194,0,0,0,6,-23.185885332653342,52.31277533039648,50.0,41,12.100677637947724,50.0,100.0,56.25,1.8,2,4,5,67.17587939698493,6,15,1,8,4,12,2,22,14,7,4,1,1,8,6,0,0,29,18,8,6,46,37,4,1,5,1194,0,0,0,6,23.185885332653342,70.72570725707256,68.96551724137932,61,13.326226012793176,40.0,75.0,83.33333333333333,3.0,2,4,10,67.17587939698493
S39G01N130,2021-2022,20211228,away,30,9,1,6,8,14,1,25,13,10,3,0,0,3,3,1,2,35,16,9,6,38,38,3,1,5,1194,0,0,0,6,-23.185885332653342,52.31277533039648,50.0,41,12.100677637947724,50.0,100.0,56.25,1.8,2,4,5,67.17587939698493,6,15,1,8,4,12,2,22,14,7,4,1,1,8,6,0,0,29,18,8,6,46,37,4,1,5,1194,0,0,0,6,23.185885332653342,70.72570725707256,68.96551724137932,61,13.326226012793176,40.0,75.0,83.33333333333333,3.0,2,4,10,67.17587939698493
S39G01N130,2021-2022,20211228,away,30,9,1,6,8,14,1,25,13,10,3,0,0,3,3,1,2,35,16,9,6,38,38,3,1,5,1194,0,0,0,6,-23.185885332653342,52.31277533039648,50.0,41,12.100677637947724,50.0,100.0,56.25,1.8,2,4,5,67.17587939698493,6,15,1,8,4,12,2,22,14,7,4,1,1,8,6,0,0,29,18,8,6,46,37,4,1,5,1194,0,0,0,6,23.185885332653342,70.72570725707256,68.96551724137932,61,13.326226012793176,40.0,75.0,83.33333333333333,3.0,2,4,10,67.17587939698493
S39G01N130,2021-2022,20211228,away,30,9,1,6,8,14,1,25,13,10,3,0,0,3,3,1,2,35,16,9,6,38,38,3,1,5,1199,0,0,0,6,-25.00420794041834,52.31277533039648,50.0,41,12.100677637947724,50.0,100.0,56.25,1.8,2,4,5,67.89658048373644,6,15,1,8,4,12,2,23,15,7,4,1,1,8,6,0,0,30,19,8,6,48,38,4,1,5,1199,0,0,0,6,25.00420794041834,71.59904534606204,70.0,63,12.980269989615783,40.0,75.0,78.94736842105263,3.0,2,4,10,67.89658048373644
S39G01N130,2021-2022,20211228,away,30,9,1,6,8,14,1,25,13,10,3,0,0,3,3,1,2,35,16,9,6,38,38,3,1,5,1199,0,0,0,6,-25.00420794041834,52.31277533039648,50.0,41,12.100677637947724,50.0,100.0,56.25,1.8,2,4,5,67.89658048373644,6,16,1,8,4,12,2,23,15,7,4,1,1,8,6,0,0,30,19,8,6,48,38,4,1,5,1199,0,0,0,6,25.00420794041834,71.59904534606204,70.0,64,12.980269989615783,40.0,75.0,84.21052631578948,3.2,2,4,10,67.89658048373644
S39G01N130,2021-2022,20211228,away,30,9,1,6,8,14,1,25,13,10,3,0,0,3,3,1,2,35,16,9,6,38,38,3,1,5,1199,0,0,0,6,-25.00420794041834,52.31277533039648,50.0,41,12.100677637947724,50.0,100.0,56.25,1.8,2,4,5,67.89658048373644,6,16,1,8,4,12,2,23,15,7,4,1,1,8,6,1,2,30,19,8,6,48,38,4,1,5,1199,0,0,0,6,25.00420794041834,71.59904534606204,70.0,64,12.980269989615783,40.0,75.0,84.21052631578948,3.2,2,4,10,67.89658048373644
S39G01N130,2021-2022,20211228,away,30,9,1,6,8,14,1,25,13,10,3,0,0,3,3,1,2,35,16,9,6,38,38,3,1,5,1199,0,0,0,6,-25.00420794041834,52.31277533039648,50.0,41,12.100677637947724,50.0,100.0,56.25,1.8,2,4,5,67.89658048373644,6,16,1,8,4,12,2,23,15,7,4,1,1,8,6,1,2,30,19,8,6,48,38,4,1,5,1199,0,0,0,6,25.00420794041834,71.59904534606204,70.0,64,12.980269989615783,40.0,75.0,84.21052631578948,3.2,2,4,10,67.89658048373644
S39G01N130,2021-2022,20211228,away,30,9,1,6,8,14,1,25,13,10,3,0,0,3,3,1,2,35,16,9,6,38,38,3,1,5,1200,0,0,0,6,-25.00420794041834,52.31277533039648,50.0,41,12.100677637947724,50.0,100.0,56.25,1.8,2,4,5,67.84,6,16,1,8,4,12,2,23,15,7,4,1,1,8,6,1,2,30,19,8,6,48,38,4,1,5,1200,0,0,0,6,25.00420794041834,71.59904534606204,70.0,64,12.980269989615783,40.0,75.0,84.21052631578948,3.2,2,4,10,67.84
S39G01N130,2021-2022,20211228,away,30,9,1,6,8,14,1,25,13,10,3,0,0,3,3,1,2,35,16,9,6,38,38,3,1,5,1200,0,0,0,6,-25.00420794041834,52.31277533039648,50.0,41,12.100677637947724,50.0,100.0,56.25,1.8,2,4,5,67.84,6,16,1,8,4,12,2,23,15,7,4,1,1,8,6,1,2,30,19,8,6,48,38,4,1,5,1200,0,0,0,6,25.00420794041834,71.59904534606204,70.0,64,12.980269989615783,40.0,75.0,84.21052631578948,3.2,2,4,10,67.84
S39G01N130,2021-2022,20211228,away,30,9,1,6,8,14,1,25,13,10,3,0,0,3,3,1,2,35,16,9,6,38,38,3,1,5,1200,0,0,0,6,-25.00420794041834,52.31277533039648,50.0,41,12.100677637947724,50.0,100.0,56.25,1.8,2,4,5,67.84,6,16,1,8,4,12,2,23,15,7,4,1,1,8,6,1,2,30,19,8,6,48,38,4,1,5,1200,0,0,0,6,25.00420794041834,71.59904534606204,70.0,64,12.980269989615783,40.0,75.0,84.21052631578948,3.2,2,4,10,67.84
S39G01N130,2021-2022,20211228,away,30,9,1,6,8,14,1,25,13,10,3,0,0,3,3,1,2,35,16,9,6,38,38,3,1,5,1200,0,0,0,6,-25.00420794041834,52.31277533039648,50.0,41,12.100677637947724,50.0,100.0,56.25,1.8,2,4,5,67.84,6,16,1,8,4,12,2,23,15,7,4,1,1,8,6,1,2,30,19,8,6,48,38,4,1,5,1200,0,0,0,6,25.00420794041834,71.59904534606204,70.0,64,12.980269989615783,40.0,75.0,84.21052631578948,3.2,2,4,10,67.84
S39G01N130,2021-2022,20211228,away,30,9,1,6,8,14,1,25,13,10,3,0,0,3,3,1,2,35,16,9,6,38,38,3,1,5,1200,0,0,0,6,-25.00420794041834,52.31277533039648,50.0,41,12.100677637947724,50.0,100.0,56.25,1.8,2,4,5,67.84,6,16,1,8,4,12,2,23,15,7,4,1,1,8,6,1,2,30,19,8,6,48,38,4,1,5,1200,0,0,0,6,25.00420794041834,71.59904534606204,70.0,64,12.980269989615783,40.0,75.0,84.21052631578948,3.2,2,4,10,67.84
S39G01N130,2021-2022,20211228,away,30,9,1,6,8,14,1,25,13,10,3,0,0,3,3,1,2,35,16,9,6,38,38,3,1,5,1200,0,0,0,6,-25.00420794041834,52.31277533039648,50.0,41,12.100677637947724,50.0,100.0,56.25,1.8,2,4,5,67.84,6,16,1,8,4,12,2,23,15,7,4,1,1,8,6,1,2,30,19,8,6,48,38,4,1,5,1200,0,0,0,6,25.00420794041834,71.59904534606204,70.0,64,12.980269989615783,40.0,75.0,84.21052631578948,3.2,2,4,10,67.84
S39G01N130,2021-2022,20211228,away,30,9,1,6,8,14,1,25,13,10,3,0,0,3,3,1,2,35,16,9,6,38,38,3,1,5,1200,0,0,0,6,-25.00420794041834,52.31277533039648,50.0,41,12.100677637947724,50.0,100.0,56.25,1.8,2,4,5,67.84,6,16,1,8,4,12,2,23,15,7,4,1,1,8,6,1,2,30,19,8,6,48,38,4,1,5,1200,0,0,0,6,25.00420794041834,71.59904534606204,70.0,64,12.980269989615783,40.0,75.0,84.21052631578948,3.2,2,4,10,67.84
S39G01N130,2021-2022,20211228,away,30,9,1,6,8,14,1,25,13,10,3,0,0,3,3,1,2,35,16,9,6,38,38,3,1,5,1200,0,0,0,6,-25.00420794041834,52.31277533039648,50.0,41,12.100677637947724,50.0,100.0,56.25,1.8,2,4,5,67.84,6,16,1,8,4,12,2,23,15,7,4,1,1,8,6,1,2,30,19,8,6,48,38,4,1,5,1200,0,0,0,6,25.00420794041834,71.59904534606204,70.0,64,12.980269989615783,40.0,75.0,84.21052631578948,3.2,2,4,10,67.84
S39G01N130,2021-2022,20211228,away,30,9,1,6,8,14,1,25,13,10,3,0,0,3,3,1,2,35,16,9,6,38,38,3,1,5,1200,0,0,0,6,-25.00420794041834,52.31277533039648,50.0,41,12.100677637947724,50.0,100.0,56.25,1.8,2,4,5,67.84,6,16,1,8,4,12,2,23,15,7,4,1,1,8,6,1,2,30,19,8,6,48,38,4,1,5,1200,0,0,0,6,25.00420794041834,71.59904534606204,70.0,64,12.980269989615783,40.0,75.0,84.21052631578948,3.2,2,4,10,67.84
S39G01N130,2021-2022,20211228,away,30,9,1,6,8,14,1,25,13,10,3,0,0,3,3,1,2,35,16,9,6,38,38,3,1,5,1200,0,0,0,6,-25.00420794041834,52.31277533039648,50.0,41,12.100677637947724,50.0,100.0,56.25,1.8,2,4,5,67.84,6,16,1,8,4,12,2,23,15,7,4,1,1,8,6,1,2,30,19,8,6,48,38,4,1,5,1200,0,0,0,6,25.00420794041834,71.59904534606204,70.0,64,12.980269989615783,40.0,75.0,84.21052631578948,3.2,2,4,10,67.84
S39G01N130,2021-2022,20211228,away,30,9,1,6,8,14,1,25,13,10,3,0,0,3,3,1,2,35,16,9,6,38,38,3,1,5,1200,0,0,0,6,-25.00420794041834,52.31277533039648,50.0,41,12.100677637947724,50.0,100.0,56.25,1.8,2,4,5,67.84,6,16,1,8,4,12,2,23,15,7,4,1,1,8,6,1,2,30,19,8,6,48,38,4,1,5,1200,0,0,0,6,25.00420794041834,71.59904534606204,70.0,64,12.980269989615783,40.0,75.0,84.21052631578948,3.2,2,4,10,67.84
S39G01N130,2021-2022,20211228,away,30,9,1,6,8,14,1,25,13,10,3,0,0,3,3,1,2,35,16,9,6,38,38,3,1,5,1200,0,0,0,6,-25.00420794041834,52.31277533039648,50.0,41,12.100677637947724,50.0,100.0,56.25,1.8,2,4,5,67.84,6,16,1,8,4,12,2,23,15,7,4,1,1,8,6,1,2,30,19,8,6,48,38,4,1,5,1200,0,0,0,6,25.00420794041834,71.59904534606204,70.0,64,12.980269989615783,40.0,75.0,84.21052631578948,3.2,2,4,10,67.84
S39G01N130,2021-2022,20211228,away,30,9,1,6,8,14,1,25,13,10,3,0,0,3,3,1,2,35,16,9,6,38,38,3,1,5,1200,0,0,0,6,-25.00420794041834,52.31277533039648,50.0,41,12.100677637947724,50.0,100.0,56.25,1.8,2,4,5,67.84,6,16,1,8,4,12,2,23,15,7,4,1,1,8,6,1,2,30,19,8,6,48,38,4,1,5,1200,0,0,0,6,25.00420794041834,71.59904534606204,70.0,64,12.980269989615783,40.0,75.0,84.21052631578948,3.2,2,4,10,67.84
S39G01N130,2021-2022,20211228,away,30,9,1,6,8,14,1,25,13,10,3,0,0,3,3,1,2,35,16,9,6,38,38,3,1,5,1200,0,0,0,6,-25.00420794041834,52.31277533039648,50.0,41,12.100677637947724,50.0,100.0,56.25,1.8,2,4,5,67.84,6,16,1,8,4,12,2,23,15,7,4,1,1,8,6,1,2,30,19,8,6,48,38,4,1,5,1200,0,0,0,6,25.00420794041834,71.59904534606204,70.0,64,12.980269989615783,40.0,75.0,84.21052631578948,3.2,2,4,10,67.84
S39G01N130,2021-2022,20211228,away,30,9,1,6,8,14,1,25,13,10,3,0,0,3,3,1,2,35,16,9,6,38,38,3,1,5,1200,0,0,0,6,-25.00420794041834,52.31277533039648,50.0,41,12.100677637947724,50.0,100.0,56.25,1.8,2,4,5,67.84,6,16,1,8,4,12,2,23,15,7,4,1,1,8,6,1,2,30,19,8,6,48,38,4,1,5,1200,0,0,0,6,25.00420794041834,71.59904534606204,70.0,64,12.980269989615783,40.0,75.0,84.21052631578948,3.2,2,4,10,67.84
S39G01N130,2021-2022,20211228,away,30,9,1,6,8,14,1,25,13,10,3,0,0,3,3,1,2,35,16,9,6,38,38,3,1,5,1200,0,0,0,6,-25.00420794041834,52.31277533039648,50.0,41,12.100677637947724,50.0,100.0,56.25,1.8,2,4,5,67.84,6,16,1,8,4,12,2,23,15,7,4,1,1,8,6,1,2,30,19,8,6,48,38,4,1,5,1200,0,0,0,6,25.00420794041834,71.59904534606204,70.0,64,12.980269989615783,40.0,75.0,84.21052631578948,3.2,2,4,10,67.84
S39G01N130,2021-2022,20211228,away,30,9,1,6,8,14,1,25,13,10,3,0,0,3,3,1,2,35,16,9,6,38,38,3,1,5,1200,0,0,0,6,-25.00420794041834,52.31277533039648,50.0,41,12.100677637947724,50.0,100.0,56.25,1.8,2,4,5,67.84,6,16,1,8,4,12,2,23,15,7,4,1,1,8,6,1,2,30,19,8,6,48,38,4,1,5,1200,0,0,0,6,25.00420794041834,71.59904534606204,70.0,64,12.980269989615783,40.0,75.0,84.21052631578948,3.2,2,4,10,67.84
S39G01N130,2021-2022,20211228,away,30,9,1,6,8,14,1,25,13,10,3,0,0,3,3,1,2,35,16,9,6,38,38,3,1,5,1200,0,0,0,6,-25.00420794041834,52.31277533039648,50.0,41,12.100677637947724,50.0,100.0,56.25,1.8,2,4,5,67.84,6,16,1,8,4,12,2,23,15,7,4,1,1,8,6,1,2,30,19,8,6,48,38,4,1,5,1200,0,0,0,6,25.00420794041834,71.59904534606204,70.0,64,12.980269989615783,40.0,75.0,84.21052631578948,3.2,2,4,10,67.84
S39G01N130,2021-2022,20211228,away,30,9,1,6,8,14,1,25,13,10,3,0,0,3,3,1,2,35,16,9,6,38,38,3,1,5,1200,0,0,0,6,-25.00420794041834,52.31277533039648,50.0,41,12.100677637947724,50.0,100.0,56.25,1.8,2,4,5,67.84,6,16,1,8,4,12,2,23,15,7,4,1,1,8,6,1,2,30,19,8,6,48,38,4,1,5,1200,0,0,0,6,25.00420794041834,71.59904534606204,70.0,64,12.980269989615783,40.0,75.0,84.21052631578948,3.2,2,4,10,67.84
S39G01N130,2021-2022,20211228,away,30,9,1,6,8,14,1,25,13,10,3,0,0,3,3,1,2,35,16,9,6,38,38,3,1,5,1200,0,0,0,6,-25.00420794041834,52.31277533039648,50.0,41,12.100677637947724,50.0,100.0,56.25,1.8,2,4,5,67.84,6,16,1,8,4,12,2,23,15,7,4,1,1,8,6,1,2,30,19,8,6,48,38,4,1,5,1200,0,0,0,6,25.00420794041834,71.59904534606204,70.0,64,12.980269989615783,40.0,75.0,84.21052631578948,3.2,2,4,10,67.84
S39G01N130,2021-2022,20211228,away,30,9,1,6,8,14,1,25,13,10,3,0,0,3,3,1,2,35,16,9,6,38,38,3,1,5,1200,0,0,0,6,-25.00420794041834,52.31277533039648,50.0,41,12.100677637947724,50.0,100.0,56.25,1.8,2,4,5,67.84,6,16,1,8,4,12,2,23,15,7,4,1,1,8,6,1,2,30,19,8,6,48,38,4,1,5,1200,0,0,0,6,25.00420794041834,71.59904534606204,70.0,64,12.980269989615783,40.0,75.0,84.21052631578948,3.2,2,4,10,67.84
S39G01N130,2021-2022,20211228,away,30,9,1,6,8,14,1,25,13,10,3,0,0,3,3,1,2,35,16,9,6,38,38,3,1,5,1200,0,0,0,6,-25.00420794041834,52.31277533039648,50.0,41,12.100677637947724,50.0,100.0,56.25,1.8,2,4,5,67.84,6,16,1,8,4,12,2,23,15,7,4,1,1,8,6,1,2,30,19,8,6,48,38,4,1,5,1200,0,0,0,6,25.00420794041834,71.59904534606204,70.0,64,12.980269989615783,40.0,75.0,84.21052631578948,3.2,2,4,10,67.84
S39G01N130,2021-2022,20211228,away,30,9,1,6,8,14,1,25,13,10,3,0,0,3,3,1,2,35,16,9,6,38,38,3,1,5,1200,0,0,0,6,-25.00420794041834,52.31277533039648,50.0,41,12.100677637947724,50.0,100.0,56.25,1.8,2,4,5,67.84,6,16,1,8,4,12,2,23,15,7,4,1,1,8,6,1,2,30,19,8,6,48,38,4,1,5,1200,0,0,0,6,25.00420794041834,71.59904534606204,70.0,64,12.980269989615783,40.0,75.0,84.21052631578948,3.2,2,4,10,67.84
S39G01N130,2021-2022,20211228,away,30,9,1,6,8,14,1,25,13,10,3,0,0,3,3,1,2,35,16,9,6,38,38,3,1,5,1200,0,0,0,6,-25.00420794041834,52.31277533039648,50.0,41,12.100677637947724,50.0,100.0,56.25,1.8,2,4,5,67.84,6,16,1,8,4,12,2,23,15,7,4,1,1,8,6,1,2,30,19,8,6,48,38,4,1,5,1200,0,0,0,6,25.00420794041834,71.59904534606204,70.0,64,12.980269989615783,40.0,75.0,84.21052631578948,3.2,2,4,10,67.84
S39G01N130,2021-2022,20211228,away,30,9,1,6,8,14,1,25,13,10,3,0,0,3,3,1,2,35,16,9,6,38,38,3,1,5,1200,0,0,0,6,-25.00420794041834,52.31277533039648,50.0,41,12.100677637947724,50.0,100.0,56.25,1.8,2,4,5,67.84,6,16,1,8,4,12,2,23,15,7,4,1,1,8,6,1,2,30,19,8,6,48,38,4,1,5,1200,0,0,0,6,25.00420794041834,71.59904534606204,70.0,64,12.980269989615783,40.0,75.0,84.21052631578948,3.2,2,4,10,67.84
S39G01N130,2021-2022,20211228,away,30,9,1,6,8,14,1,25,13,10,3,0,0,3,3,1,2,35,16,9,6,38,38,3,1,5,1200,0,0,0,6,-25.00420794041834,52.31277533039648,50.0,41,12.100677637947724,50.0,100.0,56.25,1.8,2,4,5,67.84,6,16,1,8,4,12,2,23,15,7,4,1,1,8,6,1,2,30,19,8,6,48,38,4,1,5,1200,0,0,0,6,25.00420794041834,71.59904534606204,70.0,64,12.980269989615783,40.0,75.0,84.21052631578948,3.2,2,4,10,67.84
S39G01N130,2021-2022,20211228,away,30,9,1,6,8,14,1,25,13,10,3,0,0,3,3,1,2,35,16,9,6,38,38,3,1,5,1200,0,0,0,6,-25.00420794041834,52.31277533039648,50.0,41,12.100677637947724,50.0,100.0,56.25,1.8,2,4,5,67.84,6,16,1,8,4,12,2,23,15,7,4,1,1,8,6,1,2,30,19,8,6,48,38,4,1,5,1200,0,0,0,6,25.00420794041834,71.59904534606204,70.0,64,12.980269989615783,40.0,75.0,84.21052631578948,3.2,2,4,10,67.84
S39G01N130,2021-2022,20211228,away,30,9,1,6,8,14,1,25,13,10,3,0,0,3,3,1,2,35,16,9,6,38,38,3,1,5,1216,0,0,0,6,-29.535462833782148,52.31277533039648,50.0,41,12.100677637947724,50.0,100.0,56.25,1.8,5,4,5,67.9342105263158,6,16,1,8,4,12,2,23,15,8,5,1,1,8,6,1,2,31,20,8,6,51,39,4,1,5,1216,0,0,0,6,29.535462833782148,73.8702201622248,72.58064516129032,67,12.651821862348177,40.0,75.0,80.0,3.2,5,4,13,67.9342105263158
S39G01N130,2021-2022,20211228,away,30,9,1,6,8,14,1,25,13,10,3,0,0,3,3,1,2,35,16,9,6,38,38,3,1,5,1216,0,0,0,6,-29.535462833782148,52.31277533039648,50.0,41,12.100677637947724,50.0,100.0,56.25,1.8,5,4,5,67.9342105263158,6,17,1,8,4,12,2,23,15,8,5,1,1,8,6,1,2,31,20,8,6,51,39,4,1,5,1216,0,0,0,6,29.535462833782148,73.8702201622248,72.58064516129032,68,12.651821862348177,40.0,75.0,85.0,3.4,5,4,13,67.9342105263158
S39G01N130,2021-2022,20211228,away,30,9,1,6,8,14,1,26,13,10,3,0,0,3,3,1,2,36,16,9,6,38,39,3,1,5,1239,0,0,0,6,-32.85847035847034,50.91103965702036,48.611111111111114,40,11.814744801512287,50.0,100.0,56.25,1.8,5,4,5,67.64164648910412,6,17,1,8,4,12,2,23,15,8,5,1,1,8,6,1,2,31,20,8,6,51,39,4,1,5,1239,0,0,0,6,32.85847035847034,73.8702201622248,72.58064516129032,68,12.651821862348177,40.0,75.0,85.0,3.4,5,4,13,67.64164648910412
S39G01N130,2021-2022,20211228,away,30,9,1,6,9,15,1,26,13,10,3,0,0,3,3,1,2,36,16,9,6,38,39,3,1,5,1241,0,0,0,6,-29.535462833782148,50.91103965702036,48.611111111111114,41,11.814744801512287,52.94117647058823,100.0,56.25,1.8,5,4,5,66.56567284448026,6,17,1,8,4,12,2,23,15,8,5,1,1,8,6,1,2,31,20,8,6,51,39,4,1,5,1241,0,0,0,6,29.535462833782148,73.8702201622248,72.58064516129032,68,12.651821862348177,40.0,75.0,85.0,3.4,5,4,13,66.56567284448026
S39G01N130,2021-2022,20211228,away,30,9,1,6,9,15,1,27,13,10,3,0,0,3,3,1,2,37,16,9,6,38,40,3,1,5,1244,0,0,0,6,-32.85847035847034,49.58246346555323,47.2972972972973,40,11.542012927054477,52.94117647058823,100.0,56.25,1.8,5,4,5,67.36977491961416,6,17,1,8,4,12,2,23,15,8,5,1,1,8,6,1,2,31,20,8,6,51,39,4,1,5,1244,0,0,0,6,32.85847035847034,73.8702201622248,72.58064516129032,68,12.651821862348177,40.0,75.0,85.0,3.4,5,4,13,67.36977491961416
S39G01N130,2021-2022,20211228,away,30,9,1,6,10,16,1,27,13,10,3,0,0,3,3,1,2,37,16,9,6,38,40,3,1,5,1245,0,0,0,6,-29.535462833782148,49.58246346555323,47.2972972972973,41,11.542012927054477,55.55555555555556,100.0,56.25,1.8,5,4,5,66.35180722891566,6,17,1,8,4,12,2,23,15,8,5,1,1,8,6,1,2,31,20,8,6,51,39,4,1,5,1245,0,0,0,6,29.535462833782148,73.8702201622248,72.58064516129032,68,12.651821862348177,40.0,75.0,85.0,3.4,5,4,13,66.35180722891566
S39G01N130,2021-2022,20211228,away,30,9,1,6,10,16,1,28,13,10,3,0,0,3,3,1,2,38,16,9,6,38,41,3,1,5,1245,0,0,0,6,-32.85847035847034,48.32146490335707,46.05263157894737,40,11.28158844765343,55.55555555555556,100.0,56.25,1.8,5,4,5,67.31566265060242,6,17,1,8,4,12,2,23,15,8,5,1,1,8,6,1,2,31,20,8,6,51,39,4,1,5,1245,0,0,0,6,32.85847035847034,73.8702201622248,72.58064516129032,68,12.651821862348177,40.0,75.0,85.0,3.4,5,4,13,67.31566265060242
S39G01N130,2021-2022,20211228,away,30,9,1,6,10,16,1,28,13,10,3,0,0,3,3,1,2,38,16,9,6,38,41,3,1,5,1245,0,0,0,6,-32.85847035847034,48.32146490335707,46.05263157894737,40,11.28158844765343,55.55555555555556,100.0,56.25,1.8,5,4,5,67.31566265060242,6,17,1,8,4,12,3,23,15,8,5,1,1,8,6,1,2,31,20,8,6,51,39,4,1,5,1245,0,0,0,6,32.85847035847034,73.8702201622248,72.58064516129032,69,12.651821862348177,40.0,75.0,85.0,3.4,5,4,13,67.31566265060242
S39G01N130,2021-2022,20211228,away,30,9,1,6,10,16,1,28,13,10,3,0,0,3,3,1,2,38,16,9,6,38,41,3,1,5,1262,0,0,0,6,-34.403347656359685,48.32146490335707,46.05263157894737,40,11.28158844765343,55.55555555555556,100.0,56.25,1.8,7,4,5,67.35974643423138,6,17,1,8,4,12,3,24,16,8,5,1,1,8,6,1,2,32,21,8,6,53,40,4,1,5,1262,0,0,0,6,34.403347656359685,74.60585585585585,73.4375,71,12.339585389930898,40.0,75.0,80.95238095238095,3.4,7,4,15,67.35974643423138
S39G01N130,2021-2022,20211228,away,30,9,1,6,10,16,1,28,13,10,3,0,0,3,3,1,2,38,16,9,6,38,41,3,1,5,1262,0,0,0,6,-34.403347656359685,48.32146490335707,46.05263157894737,40,11.28158844765343,55.55555555555556,100.0,56.25,1.8,7,4,5,67.35974643423138,6,18,1,8,4,12,3,24,16,8,5,1,1,8,6,1,2,32,21,8,6,53,40,4,1,5,1262,0,0,0,6,34.403347656359685,74.60585585585585,73.4375,72,12.339585389930898,40.0,75.0,85.71428571428571,3.6,7,4,15,67.35974643423138
S39G01N130,2021-2022,20211228,away,30,9,1,6,10,16,1,28,13,10,3,0,0,3,3,1,2,38,16,9,6,38,41,3,1,5,1277,0,0,0,6,-34.403347656359685,48.32146490335707,46.05263157894737,40,11.28158844765343,55.55555555555556,100.0,56.25,1.8,7,4,5,66.56851996867658,6,18,1,8,4,12,3,24,16,8,5,1,1,8,6,1,2,32,21,9,7,53,40,4,1,5,1277,0,0,0,6,34.403347656359685,74.60585585585585,73.4375,72,12.339585389930898,40.0,75.0,85.71428571428571,3.6,7,4,15,66.56851996867658
S39G01N130,2021-2022,20211228,away,30,9,1,6,10,16,1,28,13,10,3,0,0,3,3,1,2,38,16,9,6,38,41,3,1,5,1277,0,0,0,6,-34.403347656359685,48.32146490335707,46.05263157894737,40,11.28158844765343,55.55555555555556,100.0,56.25,1.8,7,4,5,66.56851996867658,6,18,1,8,4,12,3,24,16,8,5,1,1,8,6,1,2,32,21,9,7,53,40,4,1,5,1277,0,0,0,6,34.403347656359685,74.60585585585585,73.4375,72,12.339585389930898,40.0,75.0,85.71428571428571,3.6,7,4,15,66.56851996867658
S39G01N130,2021-2022,20211228,away,30,9,1,6,10,16,1,29,13,10,3,0,0,3,3,1,2,39,16,9,6,38,42,3,1,5,1287,0,0,0,6,-37.53818940954798,47.12301587301587,44.87179487179487,39,11.032656663724625,55.55555555555556,100.0,56.25,1.8,7,4,5,66.98368298368298,6,18,1,8,4,12,3,24,16,8,5,1,1,8,6,1,2,32,21,9,7,53,40,4,1,5,1287,0,0,0,6,37.53818940954798,74.60585585585585,73.4375,72,12.339585389930898,40.0,75.0,85.71428571428571,3.6,7,4,15,66.98368298368298
S39G01N130,2021-2022,20211228,away,30,9,1,6,10,16,1,29,13,10,3,0,0,3,3,1,2,39,16,9,6,38,42,3,1,5,1288,0,0,0,6,-37.53818940954798,47.12301587301587,44.87179487179487,39,11.032656663724625,52.63157894736842,100.0,56.25,1.8,7,4,5,66.93167701863354,6,18,1,9,4,13,3,24,16,8,5,1,1,8,6,1,2,32,21,9,7,53,40,4,1,5,1288,0,0,0,6,37.53818940954798,74.60585585585585,73.4375,73,12.339585389930898,40.0,75.0,85.71428571428571,3.6,7,4,15,66.93167701863354
S39G01N130,2021-2022,20211228,away,30,9,1,6,10,16,1,29,13,10,3,0,0,3,3,1,2,39,16,9,6,38,42,3,1,5,1299,0,0,0,6,-39.00071717130251,47.12301587301587,44.87179487179487,39,11.032656663724625,52.63157894736842,100.0,56.25,1.8,9,4,5,67.28868360277136,6,18,1,9,4,13,3,25,17,8,5,1,1,8,6,1,2,33,22,9,7,55,41,4,1,5,1299,0,0,0,6,39.00071717130251,75.3012048192771,74.24242424242425,75,12.042389210019268,40.0,75.0,81.81818181818181,3.6,9,4,17,67.28868360277136
S39G01N130,2021-2022,20211228,away,30,9,1,6,10,16,1,29,13,10,3,0,0,3,3,1,2,39,16,9,6,38,42,3,1,5,1299,0,0,0,6,-39.00071717130251,47.12301587301587,44.87179487179487,39,11.032656663724625,52.63157894736842,100.0,56.25,1.8,9,4,5,67.28868360277136,6,18,1,9,4,13,3,25,17,8,5,1,1,8,6,1,2,33,22,9,7,55,41,4,1,5,1299,0,0,0,6,39.00071717130251,75.3012048192771,74.24242424242425,75,12.042389210019268,40.0,75.0,81.81818181818181,3.6,9,4,17,67.28868360277136
S39G01N130,2021-2022,20211228,away,30,9,1,6,10,16,1,30,13,10,3,0,0,3,3,1,2,40,16,9,6,38,43,3,1,5,1313,0,0,0,6,-41.962935479931986,45.98257502420135,43.75,38,10.79447322970639,52.63157894736842,100.0,56.25,1.8,9,4,5,67.48514851485149,6,18,1,9,4,13,3,25,17,8,5,1,1,8,6,1,2,33,22,9,7,55,41,4,1,5,1313,0,0,0,6,41.962935479931986,75.3012048192771,74.24242424242425,75,12.042389210019268,40.0,75.0,81.81818181818181,3.6,9,4,17,67.48514851485149
S39G01N130,2021-2022,20211228,away,30,9,1,6,11,17,1,30,13,10,3,0,0,3,3,1,2,40,16,9,6,38,43,3,1,5,1316,0,0,0,6,-39.00071717130251,45.98257502420135,43.75,39,10.79447322970639,55.0,100.0,56.25,1.8,9,4,5,66.419452887538,6,18,1,9,4,13,3,25,17,8,5,1,1,8,6,1,2,33,22,9,7,55,41,4,1,5,1316,0,0,0,6,39.00071717130251,75.3012048192771,74.24242424242425,75,12.042389210019268,40.0,75.0,81.81818181818181,3.6,9,4,17,66.419452887538
S39G01N130,2021-2022,20211228,away,30,9,1,6,11,17,1,31,13,10,3,0,0,3,3,1,2,41,16,9,6,38,44,3,1,5,1330,0,0,0,6,-41.962935479931986,44.896030245746694,42.68292682926829,38,10.566356720202874,55.0,100.0,56.25,1.8,9,4,5,66.62255639097744,6,18,1,9,4,13,3,25,17,8,5,1,1,8,6,1,2,33,22,9,7,55,41,4,1,5,1330,0,0,0,6,41.962935479931986,75.3012048192771,74.24242424242425,75,12.042389210019268,40.0,75.0,81.81818181818181,3.6,9,4,17,66.62255639097744
S39G01N130,2021-2022,20211228,away,30,9,1,6,12,18,1,31,13,10,3,0,0,3,3,1,2,41,16,9,6,38,44,3,1,5,1332,0,0,0,6,-39.00071717130251,44.896030245746694,42.68292682926829,39,10.566356720202874,57.142857142857146,100.0,56.25,1.8,9,4,5,65.62162162162163,6,18,1,9,4,13,3,25,17,8,5,1,1,8,6,1,2,33,22,9,7,55,41,4,1,5,1332,0,0,0,6,39.00071717130251,75.3012048192771,74.24242424242425,75,12.042389210019268,40.0,75.0,81.81818181818181,3.6,9,4,17,65.62162162162163
S39G01N130,2021-2022,20211228,away,30,9,1,6,12,18,1,31,13,11,4,0,0,3,3,1,2,42,17,9,6,41,45,3,1,5,1339,0,0,0,6,-33.703023585658855,47.32225300092336,45.23809523809524,42,10.347682119205299,57.142857142857146,100.0,52.94117647058823,1.8,3,4,5,66.1747572815534,6,18,1,9,4,13,3,25,17,8,5,1,1,8,6,1,2,33,22,9,7,55,41,4,1,5,1339,0,0,0,6,33.703023585658855,75.3012048192771,74.24242424242425,75,12.042389210019268,40.0,75.0,81.81818181818181,3.6,3,4,17,66.1747572815534
S39G01N130,2021-2022,20211228,away,30,10,1,6,12,18,1,31,13,11,4,0,0,3,3,1,2,42,17,9,6,41,45,3,1,5,1339,0,0,0,6,-33.703023585658855,47.32225300092336,45.23809523809524,43,10.347682119205299,57.142857142857146,100.0,58.8235294117647,2.0,3,4,5,66.1747572815534,6,18,1,9,4,13,3,25,17,8,5,1,1,8,6,1,2,33,22,9,7,55,41,4,1,5,1339,0,0,0,6,33.703023585658855,75.3012048192771,74.24242424242425,75,12.042389210019268,40.0,75.0,81.81818181818181,3.6,3,4,17,66.1747572815534
S39G01N130,2021-2022,20211228,away,30,10,1,6,12,18,1,31,13,11,4,0,0,3,3,1,2,42,17,9,6,41,45,3,1,5,1353,0,0,0,6,-35.089615326553854,47.32225300092336,45.23809523809524,43,10.347682119205299,57.142857142857146,100.0,58.8235294117647,2.0,2,4,5,66.3769401330377,6,18,1,9,4,13,3,26,18,8,5,1,1,8,6,1,2,34,23,9,7,57,42,4,1,5,1353,0,0,0,6,35.089615326553854,75.9594882729211,75.0,77,11.759172154280337,40.0,75.0,78.26086956521739,3.6,2,4,17,66.3769401330377
S39G01N130,2021-2022,20211228,away,30,10,1,6,12,18,1,32,13,11,4,0,0,3,3,1,2,43,17,9,6,41,46,3,1,5,1374,0,0,0,6,-38.114413358576,46.25451263537906,44.18604651162791,42,10.137875101378752,57.142857142857146,100.0,58.8235294117647,2.0,2,4,5,66.23580786026201,6,18,1,9,4,13,3,26,18,8,5,1,1,8,6,1,2,34,23,9,7,57,42,4,1,5,1374,0,0,0,6,38.114413358576,75.9594882729211,75.0,77,11.759172154280337,40.0,75.0,78.26086956521739,3.6,2,4,17,66.23580786026201
S39G01N130,2021-2022,20211228,away,30,10,1,6,13,19,1,32,13,11,4,0,0,3,3,1,2,43,17,9,6,41,46,3,1,5,1375,0,0,0,6,-35.089615326553854,46.25451263537906,44.18604651162791,43,10.137875101378752,59.09090909090909,100.0,58.8235294117647,2.0,2,4,5,65.3149090909091,6,18,1,9,4,13,3,26,18,8,5,1,1,8,6,1,2,34,23,9,7,57,42,4,1,5,1375,0,0,0,6,35.089615326553854,75.9594882729211,75.0,77,11.759172154280337,40.0,75.0,78.26086956521739,3.6,2,4,17,65.3149090909091
S39G01N130,2021-2022,20211228,away,30,10,1,6,13,19,1,33,14,11,4,0,0,3,3,1,2,44,18,9,6,43,47,3,1,5,1377,0,0,0,6,-32.75535655257386,47.44042365401589,45.45454545454545,45,9.936406995230525,59.09090909090909,100.0,55.55555555555556,2.0,2,4,5,66.09150326797386,6,18,1,9,4,13,3,26,18,8,5,1,1,8,6,1,2,34,23,9,7,57,42,4,1,5,1377,0,0,0,6,32.75535655257386,75.9594882729211,75.0,77,11.759172154280337,40.0,75.0,78.26086956521739,3.6,2,4,17,66.09150326797386
S39G01N130,2021-2022,20211228,away,30,10,1,6,13,19,1,33,14,11,4,0,0,3,3,1,2,44,18,9,6,43,47,3,1,5,1388,0,0,0,6,-29.011047901723146,47.44042365401589,45.45454545454545,45,9.936406995230525,59.09090909090909,100.0,55.55555555555556,2.0,2,4,5,66.43227665706051,6,18,1,9,4,13,3,26,18,8,5,1,1,8,6,1,2,34,23,9,7,57,42,4,1,6,1388,0,0,0,7,29.011047901723146,75.9594882729211,75.0,76,13.786764705882351,40.0,75.0,78.26086956521739,3.0,2,4,17,66.43227665706051
S39G01N130,2021-2022,20211228,away,30,10,1,6,13,19,1,33,14,11,4,0,0,3,3,1,2,44,18,9,6,43,47,4,1,5,1389,0,0,0,6,-29.011047901723146,47.44042365401589,45.45454545454545,46,9.936406995230525,59.09090909090909,100.0,55.55555555555556,2.0,2,4,5,66.38444924406048,6,18,1,9,4,13,3,26,18,8,5,1,1,8,6,1,2,34,23,9,7,57,42,4,1,6,1389,0,0,0,7,29.011047901723146,75.9594882729211,75.0,76,13.786764705882351,40.0,75.0,78.26086956521739,3.0,2,4,17,66.38444924406048
S39G01N130,2021-2022,20211228,away,30,10,1,6,13,19,1,33,14,12,5,0,0,3,3,1,2,45,19,9,6,46,48,4,1,5,1393,0,0,0,6,-24.189015577324554,49.65457685664939,47.77777777777778,49,9.742790335151987,59.09090909090909,100.0,52.63157894736842,2.0,5,4,5,67.05527638190955,6,18,1,9,4,13,3,26,18,8,5,1,1,8,6,1,2,34,23,9,7,57,42,4,1,6,1393,0,0,0,7,24.189015577324554,75.9594882729211,75.0,76,13.786764705882351,40.0,75.0,78.26086956521739,3.0,5,4,17,67.05527638190955
S39G01N130,2021-2022,20211228,away,30,11,1,6,13,19,1,33,14,12,5,0,0,3,3,1,2,45,19,9,6,46,48,4,1,5,1393,0,0,0,6,-24.189015577324554,49.65457685664939,47.77777777777778,50,9.742790335151987,59.09090909090909,100.0,57.89473684210526,2.2,5,4,5,67.05527638190955,6,18,1,9,4,13,3,26,18,8,5,1,1,8,6,1,2,34,23,9,7,57,42,4,1,6,1393,0,0,0,7,24.189015577324554,75.9594882729211,75.0,76,13.786764705882351,40.0,75.0,78.26086956521739,3.0,5,4,17,67.05527638190955
S39G01N130,2021-2022,20211228,away,30,11,1,6,13,19,1,33,14,12,5,0,0,3,3,2,5,45,19,9,6,46,48,4,1,5,1393,0,0,0,6,-24.189015577324554,49.65457685664939,47.77777777777778,50,9.742790335151987,59.09090909090909,100.0,57.89473684210526,2.2,5,4,5,67.05527638190955,6,18,1,9,4,13,3,26,18,8,5,1,1,8,6,1,2,34,23,9,7,57,42,4,1,6,1393,0,0,0,7,24.189015577324554,75.9594882729211,75.0,76,13.786764705882351,40.0,75.0,78.26086956521739,3.0,5,4,17,67.05527638190955
S39G01N130,2021-2022,20211228,away,30,11,1,6,13,19,1,33,14,12,5,0,0,3,3,2,5,45,19,9,6,46,48,4,1,5,1393,0,0,0,6,-24.189015577324554,49.65457685664939,47.77777777777778,50,9.742790335151987,59.09090909090909,100.0,57.89473684210526,2.2,5,4,5,67.05527638190955,6,18,1,9,4,13,3,26,18,8,5,1,1,8,6,1,2,34,23,9,7,57,42,4,1,6,1393,0,0,0,7,24.189015577324554,75.9594882729211,75.0,76,13.786764705882351,40.0,75.0,78.26086956521739,3.0,5,4,17,67.05527638190955
S39G01N130,2021-2022,20211228,away,30,11,1,6,13,19,1,33,14,12,5,0,0,3,3,2,5,45,19,9,6,46,48,4,1,5,1410,0,0,0,6,-25.565353947739922,49.65457685664939,47.77777777777778,50,9.742790335151987,59.09090909090909,100.0,57.89473684210526,2.2,2,4,5,67.09787234042554,6,18,1,9,4,13,3,27,19,8,5,1,1,8,6,1,2,35,24,9,7,59,43,4,1,6,1410,0,0,0,7,25.565353947739922,76.58359293873312,75.71428571428571,78,13.477088948787062,40.0,75.0,75.0,3.0,2,4,17,67.09787234042554
S39G01N130,2021-2022,20211228,away,30,11,1,6,13,19,1,34,14,12,5,0,0,3,3,2,5,46,19,9,6,46,49,4,1,5,1430,0,0,0,6,-28.61829783516221,48.60524091293322,46.73913043478261,49,9.5565749235474,59.09090909090909,100.0,57.89473684210526,2.2,2,4,5,66.99860139860141,6,18,1,9,4,13,3,27,19,8,5,1,1,8,6,1,2,35,24,9,7,59,43,4,1,6,1430,0,0,0,7,28.61829783516221,76.58359293873312,75.71428571428571,78,13.477088948787062,40.0,75.0,75.0,3.0,2,4,17,66.99860139860141
S39G01N130,2021-2022,20211228,away,30,11,1,6,13,19,1,34,14,12,5,0,0,3,3,2,5,46,19,9,6,46,49,4,1,5,1432,0,0,0,6,-28.61829783516221,48.60524091293322,46.73913043478261,49,9.5565749235474,59.09090909090909,100.0,57.89473684210526,2.2,2,4,5,66.90502793296089,6,18,2,9,4,13,3,27,19,8,5,1,1,8,6,1,2,35,24,9,7,59,43,4,1,6,1432,0,0,0,7,28.61829783516221,76.58359293873312,75.71428571428571,79,13.477088948787062,40.0,75.0,75.0,3.0,2,4,17,66.90502793296089
S39G01N130,2021-2022,20211228,away,30,11,1,6,14,20,1,34,14,12,5,0,0,3,3,2,5,46,19,9,6,46,49,4,1,5,1433,0,0,0,6,-25.565353947739922,48.60524091293322,46.73913043478261,50,9.5565749235474,60.869565217391305,100.0,57.89473684210526,2.2,2,4,5,66.02093510118632,6,18,2,9,4,13,3,27,19,8,5,1,1,8,6,1,2,35,24,9,7,59,43,4,1,6,1433,0,0,0,7,25.565353947739922,76.58359293873312,75.71428571428571,79,13.477088948787062,40.0,75.0,75.0,3.0,2,4,17,66.02093510118632
S39G01N130,2021-2022,20211228,away,30,11,1,6,14,20,1,35,14,12,5,0,0,3,3,2,5,47,19,9,6,46,50,4,1,5,1439,0,0,0,6,-28.61829783516221,47.59933774834437,45.744680851063826,49,9.37734433608402,60.869565217391305,100.0,57.89473684210526,2.2,2,4,5,66.57956914523976,6,18,2,9,4,13,3,27,19,8,5,1,1,8,6,1,2,35,24,9,7,59,43,4,1,6,1439,0,0,0,7,28.61829783516221,76.58359293873312,75.71428571428571,79,13.477088948787062,40.0,75.0,75.0,3.0,2,4,17,66.57956914523976
S39G01N130,2021-2022,20211228,away,30,11,1,6,14,20,1,35,14,12,5,0,0,3,3,2,5,47,19,9,6,46,50,4,1,5,1440,0,0,0,6,-28.61829783516221,47.59933774834437,45.744680851063826,49,9.37734433608402,58.333333333333336,100.0,57.89473684210526,2.2,2,4,5,66.53333333333335,6,18,2,10,4,14,3,27,19,8,5,1,1,8,6,1,2,35,24,9,7,59,43,4,1,6,1440,0,0,0,7,28.61829783516221,76.58359293873312,75.71428571428571,80,13.477088948787062,40.0,75.0,75.0,3.0,2,4,17,66.53333333333335
S39G01N130,2021-2022,20211228,away,30,11,1,6,14,20,1,35,14,12,5,0,0,3,3,2,5,47,19,9,6,46,50,4,1,5,1457,0,0,0,6,-25.111382912204974,47.59933774834437,45.744680851063826,49,9.37734433608402,58.333333333333336,100.0,57.89473684210526,2.2,2,4,5,66.58064516129032,6,18,2,10,4,14,3,27,19,8,5,1,1,8,6,1,2,35,24,9,7,59,43,4,1,7,1457,0,0,0,8,25.111382912204974,76.58359293873312,75.71428571428571,79,15.377855887521967,40.0,75.0,75.0,2.5714285714285716,2,4,17,66.58064516129032
S39G01N130,2021-2022,20211228,away,30,11,1,6,14,20,1,35,14,12,5,0,0,3,3,2,5,47,19,9,6,46,50,5,1,5,1458,0,0,0,6,-25.111382912204974,47.59933774834437,45.744680851063826,50,9.37734433608402,58.333333333333336,100.0,57.89473684210526,2.2,2,4,5,66.53497942386832,6,18,2,10,4,14,3,27,19,8,5,1,1,8,6,1,2,35,24,9,7,59,43,4,1,7,1458,0,0,0,8,25.111382912204974,76.58359293873312,75.71428571428571,79,15.377855887521967,40.0,75.0,75.0,2.5714285714285716,2,4,17,66.53497942386832
S39G01N130,2021-2022,20211228,away,30,11,1,6,14,20,1,35,14,12,5,0,0,3,3,2,5,47,19,9,6,46,50,5,1,5,1459,0,0,0,6,-25.111382912204974,47.59933774834437,45.744680851063826,50,9.37734433608402,58.333333333333336,100.0,57.89473684210526,2.2,2,4,5,66.48937628512681,6,18,2,10,4,14,3,27,19,8,5,1,1,8,6,1,2,35,24,10,8,59,43,4,1,7,1459,0,0,0,8,25.111382912204974,76.58359293873312,75.71428571428571,79,15.377855887521967,40.0,75.0,75.0,2.5714285714285716,2,4,17,66.48937628512681
S39G01N130,2021-2022,20211228,away,30,11,1,6,14,20,1,35,14,12,5,0,0,3,3,2,5,47,19,9,6,46,50,5,1,5,1459,0,0,0,6,-25.111382912204974,47.59933774834437,45.744680851063826,50,9.37734433608402,58.333333333333336,100.0,57.89473684210526,2.2,2,4,5,66.48937628512681,6,18,2,10,4,14,3,27,19,8,5,1,1,8,6,1,2,35,24,10,8,59,43,4,1,7,1459,0,0,0,8,25.111382912204974,76.58359293873312,75.71428571428571,79,15.377855887521967,40.0,75.0,75.0,2.5714285714285716,2,4,17,66.48937628512681
S39G01N130,2021-2022,20211228,away,30,11,1,6,14,20,1,36,15,12,5,0,0,3,3,2,5,48,20,9,6,48,51,5,1,5,1469,0,0,0,6,-23.052573630608308,48.661800486618006,46.875,52,9.204712812960235,58.333333333333336,100.0,55.0,2.2,2,4,5,66.85364193328796,6,18,2,10,4,14,3,27,19,8,5,1,1,8,6,1,2,35,24,10,8,59,43,4,1,7,1469,0,0,0,8,23.052573630608308,76.58359293873312,75.71428571428571,79,15.377855887521967,40.0,75.0,75.0,2.5714285714285716,2,4,17,66.85364193328796
S39G01N130,2021-2022,20211228,away,30,11,1,6,14,20,1,36,15,12,5,0,0,3,3,2,5,48,20,9,6,48,51,5,1,5,1483,0,0,0,6,-19.710612372888946,48.661800486618006,46.875,52,9.204712812960235,58.333333333333336,100.0,55.0,2.2,2,4,5,67.03169251517195,6,18,2,10,4,14,3,27,19,9,5,1,1,8,6,1,2,36,24,10,8,59,44,4,1,7,1483,0,0,0,8,19.710612372888946,74.64574898785425,73.61111111111111,78,15.047291487532243,40.0,75.0,75.0,2.5714285714285716,2,4,17,67.03169251517195
S39G01N130,2021-2022,20211228,away,30,11,1,6,14,20,2,36,15,12,5,0,0,3,3,2,5,48,20,9,6,48,51,5,1,5,1484,0,0,0,6,-19.710612372888946,48.661800486618006,46.875,53,9.204712812960235,58.333333333333336,100.0,55.0,2.2,2,4,5,66.98652291105121,6,18,2,10,4,14,3,27,19,9,5,1,1,8,6,1,2,36,24,10,8,59,44,4,1,7,1484,0,0,0,8,19.710612372888946,74.64574898785425,73.61111111111111,78,15.047291487532243,40.0,75.0,75.0,2.5714285714285716,2,4,17,66.98652291105121
S39G01N130,2021-2022,20211228,away,30,11,1,6,14,20,2,36,15,12,5,0,0,3,3,2,5,48,20,9,6,48,51,5,1,5,1484,0,0,0,6,-19.710612372888946,48.661800486618006,46.875,53,9.204712812960235,58.333333333333336,100.0,55.0,2.2,2,4,5,66.98652291105121,6,18,2,10,4,14,3,27,19,9,5,1,1,8,6,1,2,36,24,10,8,59,44,4,1,7,1484,0,0,0,8,19.710612372888946,74.64574898785425,73.61111111111111,78,15.047291487532243,40.0,75.0,75.0,2.5714285714285716,2,4,17,66.98652291105121
S39G01N130,2021-2022,20211228,away,30,11,1,6,14,20,2,36,15,12,5,0,0,3,3,2,5,48,20,9,6,48,51,5,1,5,1484,0,0,0,6,-19.710612372888946,48.661800486618006,46.875,53,9.204712812960235,58.333333333333336,100.0,55.0,2.2,2,4,5,66.98652291105121,6,18,2,10,4,14,3,27,19,9,5,1,1,8,6,1,2,36,24,10,8,59,44,4,1,7,1484,0,0,0,8,19.710612372888946,74.64574898785425,73.61111111111111,78,15.047291487532243,40.0,75.0,75.0,2.5714285714285716,2,4,17,66.98652291105121
S39G01N130,2021-2022,20211228,away,30,11,1,6,14,20,2,36,15,13,5,0,0,3,3,2,5,49,20,9,6,48,52,5,1,5,1496,0,0,0,6,-22.59172609620984,47.69475357710652,45.91836734693877,52,9.038322487346349,58.333333333333336,100.0,55.0,2.2,2,4,5,67.25133689839572,6,18,2,10,4,14,3,27,19,9,5,1,1,8,6,1,2,36,24,10,8,59,44,4,1,7,1496,0,0,0,8,22.59172609620984,74.64574898785425,73.61111111111111,78,15.047291487532243,40.0,75.0,75.0,2.5714285714285716,2,4,17,67.25133689839572
S39G01N130,2021-2022,20211228,away,30,11,1,6,14,20,2,36,15,13,5,0,0,3,3,2,5,49,20,9,6,48,52,5,1,5,1498,0,0,0,6,-22.59172609620984,47.69475357710652,45.91836734693877,52,9.038322487346349,56.0,100.0,55.0,2.2,2,4,5,67.16154873164218,6,18,2,11,4,15,3,27,19,9,5,1,1,8,6,1,2,36,24,10,8,59,44,4,1,7,1498,0,0,0,8,22.59172609620984,74.64574898785425,73.61111111111111,79,15.047291487532243,40.0,75.0,75.0,2.5714285714285716,2,4,17,67.16154873164218
S39G01N130,2021-2022,20211228,away,30,11,1,6,14,20,2,36,15,13,5,0,0,3,3,2,5,49,20,9,6,48,52,5,1,5,1514,0,0,0,6,-19.403347616878307,47.69475357710652,45.91836734693877,52,9.038322487346349,56.0,100.0,55.0,2.2,2,4,5,67.2443857331572,6,18,2,11,4,15,3,28,19,9,5,1,1,8,6,1,2,37,24,10,8,59,45,4,1,7,1514,0,0,0,8,19.403347616878307,72.8035538005923,71.62162162162163,78,14.73063973063973,40.0,75.0,75.0,2.5714285714285716,2,4,17,67.2443857331572
S39G01N130,2021-2022,20211228,away,30,11,1,6,14,20,2,36,15,13,5,0,0,3,3,2,5,49,20,9,6,48,52,5,1,5,1515,0,0,0,6,-22.59172609620984,47.69475357710652,45.91836734693877,52,9.038322487346349,56.0,100.0,55.0,2.2,2,4,5,66.40792079207921,6,18,2,11,5,16,3,28,19,9,5,1,1,8,6,1,2,37,24,10,8,59,45,4,1,7,1515,0,0,0,8,22.59172609620984,72.8035538005923,71.62162162162163,79,14.73063973063973,45.45454545454545,75.0,75.0,2.5714285714285716,2,4,17,66.40792079207921
S39G01N130,2021-2022,20211228,away,30,11,1,6,14,20,2,36,15,13,5,0,0,3,3,2,5,49,20,9,6,48,52,5,1,5,1516,0,0,0,6,-19.403347616878307,47.69475357710652,45.91836734693877,52,9.038322487346349,56.0,100.0,55.0,2.2,2,4,5,67.15567282321899,6,18,2,11,5,16,3,29,19,9,5,1,1,8,6,1,2,38,24,10,8,59,46,4,1,7,1516,0,0,0,8,19.403347616878307,71.05009633911368,69.73684210526316,78,14.427040395713107,45.45454545454545,75.0,75.0,2.5714285714285716,2,4,17,67.15567282321899
S39G01N130,2021-2022,20211228,away,30,11,1,6,14,20,2,36,15,13,5,0,0,3,3,2,5,49,20,9,6,48,52,5,1,5,1517,0,0,0,6,-22.59172609620984,47.69475357710652,45.91836734693877,52,9.038322487346349,56.0,100.0,55.0,2.2,2,4,5,66.32036914963744,6,18,2,11,6,17,3,29,19,9,5,1,1,8,6,1,2,38,24,10,8,59,46,4,1,7,1517,0,0,0,8,22.59172609620984,71.05009633911368,69.73684210526316,79,14.427040395713107,50.0,75.0,75.0,2.5714285714285716,2,4,17,66.32036914963744
S39G01N130,2021-2022,20211228,away,30,11,1,6,14,20,2,36,15,13,5,0,0,3,3,2,5,49,20,9,6,48,52,5,1,5,1518,0,0,0,6,-19.403347616878307,47.69475357710652,45.91836734693877,52,9.038322487346349,56.0,100.0,55.0,2.2,2,4,5,67.06719367588933,6,18,2,11,6,17,3,30,19,9,5,1,1,8,6,1,2,39,24,10,8,59,47,4,1,7,1518,0,0,0,8,19.403347616878307,69.379115710254,67.94871794871794,78,14.135702746365103,50.0,75.0,75.0,2.5714285714285716,2,4,17,67.06719367588933
S39G01N130,2021-2022,20211228,away,30,11,1,6,14,20,2,36,15,13,5,0,0,3,3,2,5,49,20,9,6,48,52,5,1,5,1518,0,0,0,6,-22.59172609620984,47.69475357710652,45.91836734693877,52,9.038322487346349,56.0,100.0,55.0,2.2,2,4,5,66.27667984189723,6,18,2,11,7,18,3,30,19,9,5,1,1,8,6,1,2,39,24,10,8,59,47,4,1,7,1518,0,0,0,8,22.59172609620984,69.379115710254,67.94871794871794,79,14.135702746365103,53.84615384615385,75.0,75.0,2.5714285714285716,2,4,17,66.27667984189723
S39G01N130,2021-2022,20211228,away,30,11,1,6,14,20,2,36,15,13,5,0,0,3,3,2,5,49,20,9,6,48,52,5,1,5,1520,0,0,0,6,-23.998935852172423,47.69475357710652,45.91836734693877,52,9.038322487346349,56.0,100.0,55.0,2.2,2,4,5,66.97894736842106,6,18,2,11,7,18,3,31,20,9,5,1,1,8,6,1,2,40,25,10,8,61,48,4,1,7,1520,0,0,0,8,23.998935852172423,70.08272058823529,68.75,81,13.855898653998416,53.84615384615385,75.0,72.0,2.5714285714285716,2,4,17,66.97894736842106
S39G01N130,2021-2022,20211228,away,30,11,1,6,14,20,2,37,15,13,5,0,0,3,3,2,5,50,20,9,6,48,53,5,1,5,1537,0,0,0,6,-26.743891081952626,46.76539360872954,45.0,51,8.877840909090908,56.0,100.0,55.0,2.2,2,4,5,67.01886792452831,6,18,2,11,7,18,3,31,20,9,5,1,1,8,6,1,2,40,25,10,8,61,48,4,1,7,1537,0,0,0,8,26.743891081952626,70.08272058823529,68.75,81,13.855898653998416,53.84615384615385,75.0,72.0,2.5714285714285716,2,4,17,67.01886792452831
S39G01N130,2021-2022,20211228,away,30,11,1,6,14,20,2,37,15,13,5,0,0,3,3,2,5,50,20,9,6,48,53,5,1,5,1538,0,0,0,6,-26.743891081952626,46.76539360872954,45.0,51,8.877840909090908,56.0,100.0,55.0,2.2,2,4,5,66.97529258777634,6,18,3,11,7,18,3,31,20,9,5,1,1,8,6,1,2,40,25,10,8,61,48,4,1,7,1538,0,0,0,8,26.743891081952626,70.08272058823529,68.75,82,13.855898653998416,53.84615384615385,75.0,72.0,2.5714285714285716,2,4,17,66.97529258777634
S39G01N130,2021-2022,20211228,away,30,11,1,6,14,20,2,37,15,13,5,0,0,3,3,2,5,50,20,9,6,48,53,5,1,5,1540,0,0,0,6,-26.743891081952626,46.76539360872954,45.0,51,8.877840909090908,53.84615384615385,100.0,55.0,2.2,2,4,5,66.88831168831169,6,18,3,12,7,19,3,31,20,9,5,1,1,8,6,1,2,40,25,10,8,61,48,4,1,7,1540,0,0,0,8,26.743891081952626,70.08272058823529,68.75,83,13.855898653998416,53.84615384615385,75.0,72.0,2.5714285714285716,2,4,17,66.88831168831169
S39G01N130,2021-2022,20211228,away,30,11,1,6,14,20,2,37,15,13,5,0,0,3,3,2,5,50,20,9,6,48,53,5,1,5,1546,0,0,0,6,-30.334065359210683,46.76539360872954,45.0,51,8.877840909090908,53.84615384615385,100.0,55.0,2.2,5,4,5,67.40491591203106,6,18,3,12,7,19,3,31,20,10,6,1,1,8,6,1,2,41,26,10,8,64,49,4,1,7,1546,0,0,0,8,30.334065359210683,71.87780772686432,70.73170731707317,86,13.586956521739129,53.84615384615385,75.0,69.23076923076923,2.5714285714285716,5,4,17,67.40491591203106
S39G01N130,2021-2022,20211228,away,30,11,1,6,14,20,2,37,15,13,5,0,0,3,3,2,5,50,20,9,6,48,53,5,1,5,1546,0,0,0,6,-30.334065359210683,46.76539360872954,45.0,51,8.877840909090908,53.84615384615385,100.0,55.0,2.2,5,4,5,67.40491591203106,6,19,3,12,7,19,3,31,20,10,6,1,1,8,6,1,2,41,26,10,8,64,49,4,1,7,1546,0,0,0,8,30.334065359210683,71.87780772686432,70.73170731707317,87,13.586956521739129,53.84615384615385,75.0,73.07692307692308,2.7142857142857144,5,4,17,67.40491591203106
S39G01N130,2021-2022,20211228,away,30,11,1,6,14,20,2,38,15,13,5,0,0,3,3,2,5,51,20,9,6,48,54,5,1,5,1572,0,0,0,6,-32.95229135400565,45.87155963302752,44.11764705882353,50,8.722958827634333,53.84615384615385,100.0,55.0,2.2,5,4,5,67.05343511450383,6,19,3,12,7,19,3,31,20,10,6,1,1,8,6,1,2,41,26,10,8,64,49,4,1,7,1572,0,0,0,8,32.95229135400565,71.87780772686432,70.73170731707317,87,13.586956521739129,53.84615384615385,75.0,73.07692307692308,2.7142857142857144,5,4,17,67.05343511450383
S39G01N130,2021-2022,20211228,away,30,11,1,6,14,20,2,38,15,13,5,0,0,3,3,2,5,51,20,9,6,48,54,5,1,5,1573,0,0,0,6,-32.95229135400565,45.87155963302752,44.11764705882353,50,8.722958827634333,53.84615384615385,100.0,55.0,2.2,5,4,5,67.01080737444374,6,19,4,12,7,19,3,31,20,10,6,1,1,8,6,1,2,41,26,10,8,64,49,4,1,7,1573,0,0,0,8,32.95229135400565,71.87780772686432,70.73170731707317,88,13.586956521739129,53.84615384615385,75.0,73.07692307692308,2.7142857142857144,5,4,17,67.01080737444374
S39G01N130,2021-2022,20211228,away,30,11,1,6,14,20,2,38,15,13,5,0,0,3,3,2,5,51,20,9,6,48,54,5,1,5,1574,0,0,0,6,-32.95229135400565,45.87155963302752,44.11764705882353,50,8.722958827634333,51.851851851851855,100.0,55.0,2.2,5,4,5,66.96823379923761,6,19,4,13,7,20,3,31,20,10,6,1,1,8,6,1,2,41,26,10,8,64,49,4,1,7,1574,0,0,0,8,32.95229135400565,71.87780772686432,70.73170731707317,89,13.586956521739129,53.84615384615385,75.0,73.07692307692308,2.7142857142857144,5,4,17,66.96823379923761
S39G01N130,2021-2022,20211228,away,30,11,1,6,14,20,2,38,15,13,5,0,0,3,3,2,5,51,20,9,6,48,54,5,1,5,1575,0,0,0,6,-29.794215443335005,45.87155963302752,44.11764705882353,50,8.722958827634333,51.851851851851855,100.0,55.0,2.2,5,4,5,67.68761904761905,6,19,4,13,7,20,3,31,20,10,6,1,1,8,6,1,2,41,26,10,8,64,49,4,1,8,1575,0,0,0,9,29.794215443335005,71.87780772686432,70.73170731707317,88,15.23229246001523,53.84615384615385,75.0,73.07692307692308,2.375,5,4,17,67.68761904761905
S39G01N130,2021-2022,20211228,away,30,11,1,6,14,20,2,38,15,13,5,0,0,3,3,2,5,51,20,9,6,48,54,6,1,5,1576,0,0,0,6,-29.794215443335005,45.87155963302752,44.11764705882353,51,8.722958827634333,51.851851851851855,100.0,55.0,2.2,5,4,5,67.64467005076142,6,19,4,13,7,20,3,31,20,10,6,1,1,8,6,1,2,41,26,10,8,64,49,4,1,8,1576,0,0,0,9,29.794215443335005,71.87780772686432,70.73170731707317,88,15.23229246001523,53.84615384615385,75.0,73.07692307692308,2.375,5,4,17,67.64467005076142
S39G01N130,2021-2022,20211228,away,30,11,1,6,14,20,2,39,16,13,5,0,0,3,3,2,5,52,21,9,6,50,55,6,1,5,1581,0,0,0,6,-27.781655066523697,46.8867216804201,45.19230769230769,53,8.573388203017833,51.851851851851855,100.0,52.38095238095238,2.2,2,4,5,68.18975332068311,6,19,4,13,7,20,3,31,20,10,6,1,1,8,6,1,2,41,26,10,8,64,49,4,1,8,1581,0,0,0,9,27.781655066523697,71.87780772686432,70.73170731707317,88,15.23229246001523,53.84615384615385,75.0,73.07692307692308,2.375,2,4,17,68.18975332068311
S39G01N130,2021-2022,20211228,away,30,12,1,6,14,20,2,39,16,13,5,0,0,3,3,2,5,52,21,9,6,50,55,6,1,5,1581,0,0,0,6,-27.781655066523697,46.8867216804201,45.19230769230769,54,8.573388203017833,51.851851851851855,100.0,57.142857142857146,2.4,2,4,5,68.18975332068311,6,19,4,13,7,20,3,31,20,10,6,1,1,8,6,1,2,41,26,10,8,64,49,4,1,8,1581,0,0,0,9,27.781655066523697,71.87780772686432,70.73170731707317,88,15.23229246001523,53.84615384615385,75.0,73.07692307692308,2.375,2,4,17,68.18975332068311
S39G01N130,2021-2022,20211228,away,30,12,1,6,14,20,2,39,16,13,5,0,0,3,3,2,5,52,21,9,6,50,55,6,1,5,1599,0,0,0,6,-31.20819118984575,46.8867216804201,45.19230769230769,54,8.573388203017833,51.851851851851855,100.0,57.142857142857146,2.4,3,4,5,68.17260787992495,6,19,4,13,7,20,3,31,20,11,7,1,1,8,6,1,2,42,27,10,8,67,50,4,1,8,1599,0,0,0,9,31.20819118984575,73.59402460456941,72.61904761904762,91,14.947683109118087,53.84615384615385,75.0,70.37037037037037,2.375,3,4,17,68.17260787992495
S39G01N130,2021-2022,20211228,away,30,12,1,6,14,20,2,39,16,13,5,0,0,3,3,2,5,52,21,9,6,50,55,6,1,5,1599,0,0,0,6,-31.20819118984575,46.8867216804201,45.19230769230769,54,8.573388203017833,51.851851851851855,100.0,57.142857142857146,2.4,3,4,5,68.17260787992495,6,20,4,13,7,20,3,31,20,11,7,1,1,8,6,1,2,42,27,10,8,67,50,4,1,8,1599,0,0,0,9,31.20819118984575,73.59402460456941,72.61904761904762,92,14.947683109118087,53.84615384615385,75.0,74.07407407407408,2.5,3,4,17,68.17260787992495
S39G01N130,2021-2022,20211228,away,30,12,1,6,14,20,2,40,16,13,5,0,0,3,3,2,5,53,21,9,6,50,56,6,1,5,1626,0,0,0,6,-33.6975090291338,46.02356406480118,44.339622641509436,53,8.428860418071476,51.851851851851855,100.0,57.142857142857146,2.4,3,4,5,67.77859778597787,6,20,4,13,7,20,3,31,20,11,7,1,1,8,6,1,2,42,27,10,8,67,50,4,1,8,1626,0,0,0,9,33.6975090291338,73.59402460456941,72.61904761904762,92,14.947683109118087,53.84615384615385,75.0,74.07407407407408,2.5,3,4,17,67.77859778597787
S39G01N130,2021-2022,20211228,away,30,12,1,6,14,20,2,40,16,13,5,0,0,3,3,2,5,53,21,9,6,50,56,6,1,5,1627,0,0,0,6,-33.6975090291338,46.02356406480118,44.339622641509436,53,8.428860418071476,50.0,100.0,57.142857142857146,2.4,3,4,5,67.73693915181316,6,20,4,14,7,21,3,31,20,11,7,1,1,8,6,1,2,42,27,10,8,67,50,4,1,8,1627,0,0,0,9,33.6975090291338,73.59402460456941,72.61904761904762,93,14.947683109118087,53.84615384615385,75.0,74.07407407407408,2.5,3,4,17,67.73693915181316
S39G01N130,2021-2022,20211228,away,30,12,1,6,14,20,2,40,16,13,5,0,0,3,3,2,5,53,21,9,6,50,56,6,1,5,1646,0,0,0,6,-30.66669935601975,46.02356406480118,44.339622641509436,53,8.428860418071476,50.0,100.0,57.142857142857146,2.4,3,4,5,67.68408262454436,6,20,4,14,7,21,3,31,20,11,7,1,1,8,6,1,2,42,27,10,8,67,50,4,1,9,1646,0,0,0,10,30.66669935601975,73.59402460456941,72.61904761904762,92,16.507703595011005,53.84615384615385,75.0,74.07407407407408,2.2222222222222223,3,4,17,67.68408262454436
S39G01N130,2021-2022,20211228,away,30,12,1,6,14,20,2,40,16,13,5,0,0,3,3,2,5,53,21,9,6,50,56,7,1,5,1649,0,0,0,6,-30.66669935601975,46.02356406480118,44.339622641509436,54,8.428860418071476,50.0,100.0,57.142857142857146,2.4,3,4,5,67.5609460278957,6,20,4,14,7,21,3,31,20,11,7,1,1,8,6,1,2,42,27,10,8,67,50,4,1,9,1649,0,0,0,10,30.66669935601975,73.59402460456941,72.61904761904762,92,16.507703595011005,53.84615384615385,75.0,74.07407407407408,2.2222222222222223,3,4,17,67.5609460278957
S39G01N130,2021-2022,20211228,away,30,12,1,6,14,20,2,41,16,13,5,0,0,3,3,2,5,54,21,9,6,50,57,7,1,5,1664,0,0,0,6,-33.048533696202085,45.191612436731745,43.51851851851852,53,8.289124668435013,50.0,100.0,57.142857142857146,2.4,3,4,5,67.67307692307692,6,20,4,14,7,21,3,31,20,11,7,1,1,8,6,1,2,42,27,10,8,67,50,4,1,9,1664,0,0,0,10,33.048533696202085,73.59402460456941,72.61904761904762,92,16.507703595011005,53.84615384615385,75.0,74.07407407407408,2.2222222222222223,3,4,17,67.67307692307692
S39G01N130,2021-2022,20211228,away,30,12,1,6,14,20,2,41,16,13,5,0,0,3,3,2,5,54,21,9,6,50,57,7,1,5,1666,0,0,0,6,-33.048533696202085,45.191612436731745,43.51851851851852,53,8.289124668435013,48.275862068965516,100.0,57.142857142857146,2.4,3,4,5,67.59183673469389,6,20,4,15,7,22,3,31,20,11,7,1,1,8,6,1,2,42,27,10,8,67,50,4,1,9,1666,0,0,0,10,33.048533696202085,73.59402460456941,72.61904761904762,93,16.507703595011005,53.84615384615385,75.0,74.07407407407408,2.2222222222222223,3,4,17,67.59183673469389
S39G01N130,2021-2022,20211228,away,30,12,1,6,14,20,2,41,16,13,5,0,0,3,3,2,5,54,21,10,6,50,57,7,1,5,1669,0,0,0,6,-33.048533696202085,45.191612436731745,43.51851851851852,53,8.289124668435013,48.275862068965516,100.0,57.142857142857146,2.4,3,4,5,67.47034152186939,6,20,4,15,7,22,3,31,20,11,7,1,1,8,6,1,2,42,27,10,8,67,50,4,1,9,1669,0,0,0,10,33.048533696202085,73.59402460456941,72.61904761904762,93,16.507703595011005,53.84615384615385,75.0,74.07407407407408,2.2222222222222223,3,4,17,67.47034152186939
S39G01N130,2021-2022,20211228,away,30,12,1,6,14,20,2,41,16,13,5,0,0,3,3,2,5,54,21,10,6,50,57,7,1,5,1669,0,0,0,6,-33.048533696202085,45.191612436731745,43.51851851851852,53,8.289124668435013,48.275862068965516,100.0,57.142857142857146,2.4,3,4,5,67.47034152186939,6,20,4,15,7,22,3,31,20,11,7,1,1,8,6,1,2,42,27,10,8,67,50,4,1,9,1669,0,0,0,10,33.048533696202085,73.59402460456941,72.61904761904762,93,16.507703595011005,53.84615384615385,75.0,74.07407407407408,2.2222222222222223,3,4,17,67.47034152186939
S39G01N130,2021-2022,20211228,away,30,12,1,6,14,20,2,41,16,13,5,0,0,3,3,2,5,54,21,10,6,50,57,7,1,5,1669,0,0,0,6,-33.048533696202085,45.191612436731745,43.51851851851852,53,8.289124668435013,48.275862068965516,100.0,57.142857142857146,2.4,3,4,5,67.47034152186939,6,21,4,15,7,22,3,31,20,11,7,1,1,8,6,1,2,42,27,10,8,67,50,4,1,9,1669,0,0,0,10,33.048533696202085,73.59402460456941,72.61904761904762,94,16.507703595011005,53.84615384615385,75.0,77.77777777777777,2.3333333333333335,3,4,17,67.47034152186939
S39G01N130,2021-2022,20211228,away,30,12,1,6,14,20,2,41,16,13,5,0,0,3,3,2,5,54,21,10,6,50,57,7,1,5,1669,0,0,0,6,-33.048533696202085,45.191612436731745,43.51851851851852,53,8.289124668435013,48.275862068965516,100.0,57.142857142857146,2.4,3,4,5,67.47034152186939,6,21,4,15,7,22,3,31,20,11,7,1,1,8,6,2,2,42,27,10,8,67,50,4,1,9,1669,0,0,0,10,33.048533696202085,73.59402460456941,72.61904761904762,94,16.507703595011005,53.84615384615385,75.0,77.77777777777777,2.3333333333333335,3,4,17,67.47034152186939
S39G01N130,2021-2022,20211228,away,30,12,1,6,14,20,2,41,16,13,5,0,0,3,3,2,5,54,21,10,6,50,57,7,1,5,1669,0,0,0,6,-33.048533696202085,45.191612436731745,43.51851851851852,53,8.289124668435013,48.275862068965516,100.0,57.142857142857146,2.4,3,4,5,67.47034152186939,6,21,4,15,7,22,3,31,20,11,7,1,1,8,6,2,2,42,27,10,8,67,50,4,1,9,1669,0,0,0,10,33.048533696202085,73.59402460456941,72.61904761904762,94,16.507703595011005,53.84615384615385,75.0,77.77777777777777,2.3333333333333335,3,4,17,67.47034152186939
S39G01N130,2021-2022,20211228,away,30,12,1,6,14,20,2,41,16,13,5,0,0,3,3,2,5,54,21,10,6,50,57,7,1,5,1669,0,0,0,6,-33.048533696202085,45.191612436731745,43.51851851851852,53,8.289124668435013,48.275862068965516,100.0,57.142857142857146,2.4,3,4,5,67.47034152186939,6,21,4,15,7,22,3,31,20,11,7,1,1,8,6,2,2,42,27,10,8,67,50,4,1,9,1669,0,0,0,10,33.048533696202085,73.59402460456941,72.61904761904762,94,16.507703595011005,53.84615384615385,75.0,77.77777777777777,2.3333333333333335,3,4,17,67.47034152186939
S39G01N130,2021-2022,20211228,away,30,12,1,6,14,20,2,41,16,13,5,0,0,3,3,2,5,54,21,10,6,50,57,7,1,5,1669,0,0,0,6,-33.048533696202085,45.191612436731745,43.51851851851852,53,8.289124668435013,48.275862068965516,100.0,57.142857142857146,2.4,3,4,5,67.47034152186939,6,21,4,15,7,22,3,31,20,11,7,1,1,8,6,2,2,42,27,10,8,67,50,4,1,9,1669,0,0,0,10,33.048533696202085,73.59402460456941,72.61904761904762,94,16.507703595011005,53.84615384615385,75.0,77.77777777777777,2.3333333333333335,3,4,17,67.47034152186939
S39G01N130,2021-2022,20211228,away,30,12,1,6,14,20,2,41,16,13,5,0,0,3,3,2,5,54,21,10,6,50,57,7,1,5,1669,0,0,0,6,-33.048533696202085,45.191612436731745,43.51851851851852,53,8.289124668435013,48.275862068965516,100.0,57.142857142857146,2.4,3,4,5,67.47034152186939,6,21,4,15,7,22,3,31,20,11,7,1,1,8,6,2,2,42,27,10,8,67,50,4,1,9,1669,0,0,0,10,33.048533696202085,73.59402460456941,72.61904761904762,94,16.507703595011005,53.84615384615385,75.0,77.77777777777777,2.3333333333333335,3,4,17,67.47034152186939
S39G01N130,2021-2022,20211228,away,30,12,1,6,14,20,2,41,16,13,5,0,0,3,3,2,5,54,21,10,6,50,57,7,1,5,1669,0,0,0,6,-33.048533696202085,45.191612436731745,43.51851851851852,53,8.289124668435013,48.275862068965516,100.0,57.142857142857146,2.4,3,4,5,67.47034152186939,6,21,4,15,7,22,3,31,20,11,7,1,1,8,6,2,2,42,27,10,8,67,50,4,1,9,1669,0,0,0,10,33.048533696202085,73.59402460456941,72.61904761904762,94,16.507703595011005,53.84615384615385,75.0,77.77777777777777,2.3333333333333335,3,4,17,67.47034152186939
S39G01N130,2021-2022,20211228,away,30,12,1,6,14,20,2,41,16,13,5,0,0,3,3,2,5,54,21,10,6,50,57,7,1,5,1669,0,0,0,6,-33.048533696202085,45.191612436731745,43.51851851851852,53,8.289124668435013,48.275862068965516,100.0,57.142857142857146,2.4,3,4,5,67.47034152186939,6,21,4,15,7,22,3,31,20,11,7,1,1,8,6,2,2,42,27,10,8,67,50,4,1,9,1669,0,0,0,10,33.048533696202085,73.59402460456941,72.61904761904762,94,16.507703595011005,53.84615384615385,75.0,77.77777777777777,2.3333333333333335,3,4,17,67.47034152186939
S39G01N130,2021-2022,20211228,away,30,12,1,6,14,20,2,41,16,13,5,0,0,3,3,2,5,54,21,10,6,50,57,7,1,5,1669,0,0,0,6,-33.048533696202085,45.191612436731745,43.51851851851852,53,8.289124668435013,48.275862068965516,100.0,57.142857142857146,2.4,3,4,5,67.47034152186939,6,21,4,15,7,22,3,31,20,11,7,1,1,8,6,2,2,42,27,10,8,67,50,4,1,9,1669,0,0,0,10,33.048533696202085,73.59402460456941,72.61904761904762,94,16.507703595011005,53.84615384615385,75.0,77.77777777777777,2.3333333333333335,3,4,17,67.47034152186939
S39G01N130,2021-2022,20211228,away,30,12,1,6,14,20,2,41,16,13,5,0,0,3,3,2,5,54,21,10,6,50,57,7,1,5,1669,0,0,0,6,-33.048533696202085,45.191612436731745,43.51851851851852,53,8.289124668435013,48.275862068965516,100.0,57.142857142857146,2.4,3,4,5,67.47034152186939,6,21,4,15,7,22,3,31,20,11,7,1,1,8,6,2,2,42,27,10,8,67,50,4,1,9,1669,0,0,0,10,33.048533696202085,73.59402460456941,72.61904761904762,94,16.507703595011005,53.84615384615385,75.0,77.77777777777777,2.3333333333333335,3,4,17,67.47034152186939
S39G01N130,2021-2022,20211228,away,30,12,1,6,14,20,2,41,16,13,5,0,0,3,3,2,5,54,21,10,6,50,57,7,1,5,1669,0,0,0,6,-33.840088386839355,45.191612436731745,43.51851851851852,53,8.289124668435013,48.275862068965516,100.0,57.142857142857146,2.4,4,4,5,67.7866986219293,6,21,4,15,7,22,3,31,20,11,7,1,1,9,7,2,2,42,27,10,8,68,51,4,1,9,1669,0,0,0,10,33.840088386839355,73.97737162750218,72.61904761904762,95,16.375545851528383,53.84615384615385,77.77777777777777,77.77777777777777,2.3333333333333335,4,4,18,67.7866986219293
S39G01N130,2021-2022,20211228,away,30,12,1,6,14,20,2,41,16,13,5,0,0,3,3,2,5,54,21,10,6,50,57,7,1,5,1669,0,0,0,6,-34.61725117401046,45.191612436731745,43.51851851851852,53,8.289124668435013,48.275862068965516,100.0,57.142857142857146,2.4,5,4,5,68.10305572198922,6,21,4,15,7,22,3,31,20,11,7,1,1,10,8,2,2,42,27,10,8,69,52,4,1,9,1669,0,0,0,10,34.61725117401046,74.35344827586208,72.61904761904762,96,16.24548736462094,53.84615384615385,80.0,77.77777777777777,2.3333333333333335,5,4,19,68.10305572198922
S39G01N130,2021-2022,20211228,away,30,12,1,6,14,20,2,41,16,13,5,0,0,3,3,2,5,54,21,10,6,50,57,7,1,5,1669,0,0,0,6,-34.61725117401046,45.191612436731745,43.51851851851852,53,8.289124668435013,48.275862068965516,100.0,57.142857142857146,2.4,5,4,5,68.10305572198922,6,21,4,15,7,22,3,31,20,11,7,1,1,10,8,2,2,42,27,10,8,69,52,4,1,9,1669,0,0,0,10,34.61725117401046,74.35344827586208,72.61904761904762,96,16.24548736462094,53.84615384615385,80.0,77.77777777777777,2.3333333333333335,5,4,19,68.10305572198922
S39G01N130,2021-2022,20211228,away,30,12,1,6,14,20,2,41,16,13,5,0,0,3,3,2,5,54,21,10,6,50,57,7,1,5,1669,0,0,0,6,-34.61725117401046,45.191612436731745,43.51851851851852,53,8.289124668435013,48.275862068965516,100.0,57.142857142857146,2.4,5,4,5,68.10305572198922,6,21,4,15,7,22,3,31,20,11,7,1,1,10,8,2,2,42,27,10,8,69,52,4,1,9,1669,0,0,0,10,34.61725117401046,74.35344827586208,72.61904761904762,96,16.24548736462094,53.84615384615385,80.0,77.77777777777777,2.3333333333333335,5,4,19,68.10305572198922
S39G01N130,2021-2022,20211228,away,30,12,1,6,14,20,2,41,16,14,5,0,0,3,3,2,5,55,21,10,6,50,58,7,1,5,1687,0,0,0,6,-36.898416269045626,44.38920454545455,42.72727272727273,52,8.153946510110893,48.275862068965516,100.0,57.142857142857146,2.4,5,4,5,68.0877296976882,6,21,4,15,7,22,3,31,20,11,7,1,1,10,8,2,2,42,27,10,8,69,52,4,1,9,1687,0,0,0,10,36.898416269045626,74.35344827586208,72.61904761904762,96,16.24548736462094,53.84615384615385,80.0,77.77777777777777,2.3333333333333335,5,4,19,68.0877296976882
S39G01N130,2021-2022,20211228,away,30,12,1,6,14,20,2,41,16,14,5,0,0,3,3,2,5,55,21,10,6,50,58,7,1,5,1688,0,0,0,6,-36.898416269045626,44.38920454545455,42.72727272727273,52,8.153946510110893,48.275862068965516,100.0,57.142857142857146,2.4,5,4,5,68.04739336492891,6,21,4,15,7,22,4,31,20,11,7,1,1,10,8,2,2,42,27,10,8,69,52,4,1,9,1688,0,0,0,10,36.898416269045626,74.35344827586208,72.61904761904762,97,16.24548736462094,53.84615384615385,80.0,77.77777777777777,2.3333333333333335,5,4,19,68.04739336492891
S39G01N130,2021-2022,20211228,away,30,12,1,6,14,20,2,41,16,14,5,0,0,3,3,2,5,55,21,10,6,50,58,7,1,5,1702,0,0,0,6,-38.06112915424656,44.38920454545455,42.72727272727273,52,8.153946510110893,48.275862068965516,100.0,57.142857142857146,2.4,7,4,5,68.19271445358402,6,21,4,15,7,22,4,32,21,11,7,1,1,10,8,2,2,43,28,10,8,71,53,4,1,9,1702,0,0,0,10,38.06112915424656,74.89451476793249,73.25581395348837,99,15.957446808510639,53.84615384615385,80.0,75.0,2.3333333333333335,7,4,21,68.19271445358402
S39G01N130,2021-2022,20211228,away,30,12,1,6,14,20,2,42,16,14,5,0,0,3,3,2,5,56,21,10,6,50,59,7,1,5,1722,0,0,0,6,-40.24787516422232,43.61479413817167,41.964285714285715,51,8.023106546854942,48.275862068965516,100.0,57.142857142857146,2.4,7,4,5,68.09756097560977,6,21,4,15,7,22,4,32,21,11,7,1,1,10,8,2,2,43,28,10,8,71,53,4,1,9,1722,0,0,0,10,40.24787516422232,74.89451476793249,73.25581395348837,99,15.957446808510639,53.84615384615385,80.0,75.0,2.3333333333333335,7,4,21,68.09756097560977
S39G01N130,2021-2022,20211228,away,30,12,1,6,15,21,2,42,16,14,5,0,0,3,3,2,5,56,21,10,6,50,59,7,1,5,1724,0,0,0,6,-38.06112915424656,43.61479413817167,41.964285714285715,52,8.023106546854942,50.0,100.0,57.142857142857146,2.4,7,4,5,67.32250580046404,6,21,4,15,7,22,4,32,21,11,7,1,1,10,8,2,2,43,28,10,8,71,53,4,1,9,1724,0,0,0,10,38.06112915424656,74.89451476793249,73.25581395348837,99,15.957446808510639,53.84615384615385,80.0,75.0,2.3333333333333335,7,4,21,67.32250580046404
S39G01N130,2021-2022,20211228,away,30,12,1,6,15,21,2,43,16,14,5,0,0,3,3,2,5,57,21,10,6,50,60,7,1,5,1725,0,0,0,6,-40.24787516422232,42.86694101508916,41.228070175438596,51,7.896399241945673,50.0,100.0,57.142857142857146,2.4,7,4,5,67.9791304347826,6,21,4,15,7,22,4,32,21,11,7,1,1,10,8,2,2,43,28,10,8,71,53,4,1,9,1725,0,0,0,10,40.24787516422232,74.89451476793249,73.25581395348837,99,15.957446808510639,53.84615384615385,80.0,75.0,2.3333333333333335,7,4,21,67.9791304347826
S39G01N130,2021-2022,20211228,away,30,12,1,6,16,22,2,43,16,14,5,0,0,3,3,2,5,57,21,10,6,50,60,7,1,5,1726,0,0,0,6,-38.06112915424656,42.86694101508916,41.228070175438596,52,7.896399241945673,51.61290322580645,100.0,57.142857142857146,2.4,7,4,5,67.24449594438006,6,21,4,15,7,22,4,32,21,11,7,1,1,10,8,2,2,43,28,10,8,71,53,4,1,9,1726,0,0,0,10,38.06112915424656,74.89451476793249,73.25581395348837,99,15.957446808510639,53.84615384615385,80.0,75.0,2.3333333333333335,7,4,21,67.24449594438006
S39G01N130,2021-2022,20211228,away,30,12,1,6,16,22,2,44,17,14,5,1,1,3,3,2,5,58,22,10,6,52,61,7,1,5,1727,0,0,0,6,-36.10880231654019,43.83007417397168,42.241379310344826,54,7.77363184079602,51.61290322580645,100.0,54.54545454545455,2.4,2,4,5,67.90040532715692,6,21,4,15,7,22,4,32,21,11,7,1,1,10,8,2,2,43,28,10,8,71,53,4,1,9,1727,0,0,0,10,36.10880231654019,74.89451476793249,73.25581395348837,99,15.957446808510639,53.84615384615385,80.0,75.0,2.3333333333333335,2,4,21,67.90040532715692
S39G01N130,2021-2022,20211228,away,30,13,1,6,16,22,2,44,17,14,5,1,1,3,3,2,5,58,22,10,6,52,61,7,1,5,1727,0,0,0,6,-36.10880231654019,43.83007417397168,42.241379310344826,55,7.77363184079602,51.61290322580645,100.0,59.09090909090909,2.6,2,4,5,67.90040532715692,6,21,4,15,7,22,4,32,21,11,7,1,1,10,8,2,2,43,28,10,8,71,53,4,1,9,1727,0,0,0,10,36.10880231654019,74.89451476793249,73.25581395348837,99,15.957446808510639,53.84615384615385,80.0,75.0,2.3333333333333335,2,4,21,67.90040532715692
S39G01N130,2021-2022,20211228,away,30,13,1,6,16,22,2,44,17,14,5,1,1,3,3,2,5,58,22,10,6,52,61,7,1,5,1747,0,0,0,6,-33.25712183328076,43.83007417397168,42.241379310344826,55,7.77363184079602,51.61290322580645,100.0,59.09090909090909,2.6,2,4,5,67.80995993131081,6,21,4,15,7,22,4,32,21,12,7,1,1,10,8,2,2,44,28,10,8,71,54,4,1,9,1747,0,0,0,10,33.25712183328076,73.34710743801654,71.5909090909091,98,15.679442508710801,53.84615384615385,80.0,75.0,2.3333333333333335,2,4,21,67.80995993131081
S39G01N130,2021-2022,20211228,away,30,13,1,6,16,22,3,44,17,14,5,1,1,3,3,2,5,58,22,10,6,52,61,7,1,5,1747,0,0,0,6,-33.25712183328076,43.83007417397168,42.241379310344826,56,7.77363184079602,51.61290322580645,100.0,59.09090909090909,2.6,2,4,5,67.80995993131081,6,21,4,15,7,22,4,32,21,12,7,1,1,10,8,2,2,44,28,10,8,71,54,4,1,9,1747,0,0,0,10,33.25712183328076,73.34710743801654,71.5909090909091,98,15.679442508710801,53.84615384615385,80.0,75.0,2.3333333333333335,2,4,21,67.80995993131081
S39G01N130,2021-2022,20211228,away,30,13,1,6,16,22,3,44,17,14,5,1,1,3,3,2,5,58,22,10,6,52,61,7,1,5,1747,0,0,0,6,-33.25712183328076,43.83007417397168,42.241379310344826,56,7.77363184079602,51.61290322580645,100.0,59.09090909090909,2.6,2,4,5,67.80995993131081,6,21,4,15,7,22,4,32,21,12,7,1,1,10,8,2,2,44,28,10,8,71,54,4,1,9,1747,0,0,0,10,33.25712183328076,73.34710743801654,71.5909090909091,98,15.679442508710801,53.84615384615385,80.0,75.0,2.3333333333333335,2,4,21,67.80995993131081
S39G01N130,2021-2022,20211228,away,30,13,1,6,16,22,3,44,17,14,5,1,1,3,3,2,5,58,22,10,6,52,61,7,1,5,1747,0,0,0,6,-33.25712183328076,43.83007417397168,42.241379310344826,56,7.77363184079602,51.61290322580645,100.0,59.09090909090909,2.6,2,4,5,67.80995993131081,6,21,4,15,7,22,4,32,21,12,7,1,1,10,8,2,2,44,28,10,8,71,54,4,1,9,1747,0,0,0,10,33.25712183328076,73.34710743801654,71.5909090909091,98,15.679442508710801,53.84615384615385,80.0,75.0,2.3333333333333335,2,4,21,67.80995993131081
S39G01N130,2021-2022,20211228,away,30,13,1,6,16,22,3,45,18,14,5,1,1,3,3,2,5,59,23,10,6,54,62,7,1,5,1763,0,0,0,6,-31.383964778125346,44.761273209549074,43.220338983050844,58,7.654623392529088,51.61290322580645,100.0,56.52173913043478,2.6,4,4,5,67.87521270561543,6,21,4,15,7,22,4,32,21,12,7,1,1,10,8,2,2,44,28,10,8,71,54,4,1,9,1763,0,0,0,10,31.383964778125346,73.34710743801654,71.5909090909091,98,15.679442508710801,53.84615384615385,80.0,75.0,2.3333333333333335,4,4,21,67.87521270561543
S39G01N130,2021-2022,20211228,away,30,14,1,6,16,22,3,45,18,14,5,1,1,3,3,2,5,59,23,10,6,54,62,7,1,5,1763,0,0,0,6,-31.383964778125346,44.761273209549074,43.220338983050844,59,7.654623392529088,51.61290322580645,100.0,60.869565217391305,2.8,4,4,5,67.87521270561543,6,21,4,15,7,22,4,32,21,12,7,1,1,10,8,2,2,44,28,10,8,71,54,4,1,9,1763,0,0,0,10,31.383964778125346,73.34710743801654,71.5909090909091,98,15.679442508710801,53.84615384615385,80.0,75.0,2.3333333333333335,4,4,21,67.87521270561543
S39G01N130,2021-2022,20211228,away,30,14,1,6,16,22,3,45,18,14,5,1,1,3,3,2,5,59,23,10,6,54,62,7,1,5,1773,0,0,0,6,-32.53429520861141,44.761273209549074,43.220338983050844,59,7.654623392529088,51.61290322580645,100.0,60.869565217391305,2.8,2,4,5,68.16920473773266,6,21,4,15,7,22,4,33,22,12,7,1,1,10,8,2,2,45,29,10,8,73,55,4,1,9,1773,0,0,0,10,32.53429520861141,73.88663967611336,72.22222222222223,100,15.41095890410959,53.84615384615385,80.0,72.41379310344827,2.3333333333333335,2,4,21,68.16920473773266
S39G01N130,2021-2022,20211228,away,30,14,1,6,16,22,3,45,18,14,5,1,1,3,3,2,5,59,23,10,6,54,62,7,1,5,1773,0,0,0,6,-32.53429520861141,44.761273209549074,43.220338983050844,59,7.654623392529088,51.61290322580645,100.0,60.869565217391305,2.8,2,4,5,68.16920473773266,6,22,4,15,7,22,4,33,22,12,7,1,1,10,8,2,2,45,29,10,8,73,55,4,1,9,1773,0,0,0,10,32.53429520861141,73.88663967611336,72.22222222222223,101,15.41095890410959,53.84615384615385,80.0,75.86206896551724,2.4444444444444446,2,4,21,68.16920473773266
S39G01N130,2021-2022,20211228,away,30,14,1,6,16,22,3,45,18,14,5,1,1,3,3,2,5,59,23,10,6,54,62,7,1,5,1796,0,0,0,6,-32.53429520861141,44.761273209549074,43.220338983050844,59,7.654623392529088,51.61290322580645,100.0,60.869565217391305,2.8,2,4,5,67.29621380846325,6,22,4,15,7,22,4,33,22,12,7,1,1,10,8,2,2,45,29,11,8,73,55,4,1,9,1796,0,0,0,10,32.53429520861141,73.88663967611336,72.22222222222223,101,15.41095890410959,53.84615384615385,80.0,75.86206896551724,2.4444444444444446,2,4,21,67.29621380846325
S39G01N130,2021-2022,20211228,away,30,14,1,6,16,22,3,45,18,14,5,1,1,3,3,2,5,59,23,10,6,54,62,7,1,5,1796,0,0,0,6,-32.53429520861141,44.761273209549074,43.220338983050844,59,7.654623392529088,51.61290322580645,100.0,60.869565217391305,2.8,2,4,5,67.29621380846325,6,22,4,15,7,22,4,33,22,12,7,1,1,10,8,2,2,45,29,11,8,73,55,4,1,9,1796,0,0,0,10,32.53429520861141,73.88663967611336,72.22222222222223,101,15.41095890410959,53.84615384615385,80.0,75.86206896551724,2.4444444444444446,2,4,21,67.29621380846325
S39G01N130,2021-2022,20211228,away,30,14,1,6,16,22,3,45,18,14,5,1,1,4,4,2,5,59,23,10,6,55,63,7,1,5,1796,0,0,0,6,-31.4927996797077,45.26003949967084,43.220338983050844,60,7.603406326034064,51.61290322580645,100.0,60.869565217391305,2.8,1,4,5,67.59020044543429,6,22,4,15,7,22,4,33,22,12,7,1,1,10,8,2,2,45,29,11,8,73,55,4,1,9,1796,0,0,0,10,31.4927996797077,73.88663967611336,72.22222222222223,101,15.41095890410959,53.84615384615385,80.0,75.86206896551724,2.4444444444444446,1,4,21,67.59020044543429
S39G01N130,2021-2022,20211228,away,30,14,1,6,16,22,3,45,18,14,5,1,1,5,5,2,5,59,23,10,6,56,64,7,1,5,1796,0,0,0,6,-30.46956144294417,45.751633986928105,43.220338983050844,61,7.552870090634441,51.61290322580645,100.0,60.869565217391305,2.8,2,4,5,67.88418708240535,6,22,4,15,7,22,4,33,22,12,7,1,1,10,8,2,2,45,29,11,8,73,55,4,1,9,1796,0,0,0,10,30.46956144294417,73.88663967611336,72.22222222222223,101,15.41095890410959,53.84615384615385,80.0,75.86206896551724,2.4444444444444446,2,4,21,67.88418708240535
S39G01N130,2021-2022,20211228,away,30,14,1,6,16,22,3,45,18,14,5,1,1,5,5,2,5,59,23,10,6,56,64,7,1,5,1800,0,0,0,6,-33.48438307837354,45.751633986928105,43.220338983050844,61,7.552870090634441,51.61290322580645,100.0,60.869565217391305,2.8,3,4,5,68.39999999999999,6,22,4,15,7,22,4,33,22,13,8,1,1,10,8,2,2,46,30,11,8,76,56,4,1,9,1800,0,0,0,10,33.48438307837354,75.39682539682539,73.91304347826087,104,15.151515151515152,53.84615384615385,80.0,73.33333333333333,2.4444444444444446,3,4,21,68.39999999999999
S39G01N130,2021-2022,20211228,away,30,14,1,6,16,22,3,45,18,14,5,1,1,5,5,2,5,59,23,10,6,56,64,7,1,5,1800,0,0,0,6,-33.48438307837354,45.751633986928105,43.220338983050844,61,7.552870090634441,51.61290322580645,100.0,60.869565217391305,2.8,3,4,5,68.39999999999999,6,23,4,15,7,22,4,33,22,13,8,1,1,10,8,2,2,46,30,11,8,76,56,4,1,9,1800,0,0,0,10,33.48438307837354,75.39682539682539,73.91304347826087,105,15.151515151515152,53.84615384615385,80.0,76.66666666666667,2.5555555555555554,3,4,21,68.39999999999999
S39G01N130,2021-2022,20211228,away,30,14,1,6,16,22,3,45,18,14,5,1,1,5,5,2,5,59,23,10,6,56,64,7,1,5,1800,0,0,0,6,-33.48438307837354,45.751633986928105,43.220338983050844,61,7.552870090634441,51.61290322580645,100.0,60.869565217391305,2.8,3,4,5,68.39999999999999,6,23,4,15,7,22,4,33,22,13,8,1,1,10,8,2,2,46,30,11,8,76,56,4,1,9,1800,0,0,0,10,33.48438307837354,75.39682539682539,73.91304347826087,105,15.151515151515152,53.84615384615385,80.0,76.66666666666667,2.5555555555555554,3,4,21,68.39999999999999
S39G01N130,2021-2022,20211228,away,30,14,1,6,16,22,3,45,18,14,5,1,1,5,5,2,5,59,23,10,6,56,64,7,1,5,1800,0,0,0,6,-33.48438307837354,45.751633986928105,43.220338983050844,61,7.552870090634441,51.61290322580645,100.0,60.869565217391305,2.8,3,4,5,68.39999999999999,6,23,4,15,7,22,4,33,22,13,8,1,1,10,8,2,2,46,30,11,8,76,56,4,1,9,1800,0,0,0,10,33.48438307837354,75.39682539682539,73.91304347826087,105,15.151515151515152,53.84615384615385,80.0,76.66666666666667,2.5555555555555554,3,4,21,68.39999999999999
S39G01N130,2021-2022,20211228,away,30,14,1,6,16,22,3,45,18,14,5,1,1,5,5,2,5,59,23,10,6,56,64,7,1,5,1800,0,0,0,6,-33.48438307837354,45.751633986928105,43.220338983050844,61,7.552870090634441,51.61290322580645,100.0,60.869565217391305,2.8,3,4,5,68.39999999999999,6,23,4,15,7,22,4,33,22,13,8,1,1,10,8,2,2,46,30,11,8,76,56,4,1,9,1800,0,0,0,10,33.48438307837354,75.39682539682539,73.91304347826087,105,15.151515151515152,53.84615384615385,80.0,76.66666666666667,2.5555555555555554,3,4,21,68.39999999999999
S39G01N130,2021-2022,20211228,away,30,14,1,6,16,22,3,45,18,14,5,1,1,5,5,2,5,59,23,10,6,56,64,7,1,5,1800,0,0,0,6,-33.48438307837354,45.751633986928105,43.220338983050844,61,7.552870090634441,51.61290322580645,100.0,60.869565217391305,2.8,3,4,5,68.39999999999999,6,23,4,15,7,22,4,33,22,13,8,1,1,10,8,2,2,46,30,11,8,76,56,4,1,9,1800,0,0,0,10,33.48438307837354,75.39682539682539,73.91304347826087,105,15.151515151515152,53.84615384615385,80.0,76.66666666666667,2.5555555555555554,3,4,21,68.39999999999999
S39G01N130,2021-2022,20211228,away,30,14,1,6,16,22,3,45,18,14,5,1,1,5,5,2,5,59,23,10,6,56,64,7,1,5,1800,0,0,0,6,-33.48438307837354,45.751633986928105,43.220338983050844,61,7.552870090634441,51.61290322580645,100.0,60.869565217391305,2.8,3,4,5,68.39999999999999,6,23,4,15,7,22,4,33,22,13,8,1,1,10,8,2,2,46,30,11,8,76,56,4,1,9,1800,0,0,0,10,33.48438307837354,75.39682539682539,73.91304347826087,105,15.151515151515152,53.84615384615385,80.0,76.66666666666667,2.5555555555555554,3,4,21,68.39999999999999
S39G01N130,2021-2022,20211228,away,30,14,1,6,16,22,3,45,18,14,5,1,1,5,5,2,5,59,23,10,6,56,64,7,1,5,1800,0,0,0,6,-33.48438307837354,45.751633986928105,43.220338983050844,61,7.552870090634441,51.61290322580645,100.0,60.869565217391305,2.8,3,4,5,68.39999999999999,6,23,4,15,7,22,4,33,22,13,8,1,1,10,8,2,2,46,30,11,8,76,56,4,1,9,1800,0,0,0,10,33.48438307837354,75.39682539682539,73.91304347826087,105,15.151515151515152,53.84615384615385,80.0,76.66666666666667,2.5555555555555554,3,4,21,68.39999999999999
S39G01N130,2021-2022,20211228,away,30,14,1,6,16,22,3,45,18,14,5,1,1,5,5,2,5,59,23,10,6,56,64,7,1,5,1800,0,0,0,6,-33.48438307837354,45.751633986928105,43.220338983050844,61,7.552870090634441,51.61290322580645,100.0,60.869565217391305,2.8,3,4,5,68.39999999999999,6,23,4,15,7,22,4,33,22,13,8,1,1,10,8,2,2,46,30,11,8,76,56,4,1,9,1800,0,0,0,10,33.48438307837354,75.39682539682539,73.91304347826087,105,15.151515151515152,53.84615384615385,80.0,76.66666666666667,2.5555555555555554,3,4,21,68.39999999999999
S39G01N130,2021-2022,20211228,away,30,14,1,6,16,22,3,45,18,14,5,1,1,5,5,2,5,59,23,10,6,56,64,7,1,5,1800,0,0,0,6,-33.48438307837354,45.751633986928105,43.220338983050844,61,7.552870090634441,51.61290322580645,100.0,60.869565217391305,2.8,3,4,5,68.39999999999999,6,23,4,15,7,22,4,33,22,13,8,1,1,10,8,2,2,46,30,11,8,76,56,4,1,9,1800,0,0,0,10,33.48438307837354,75.39682539682539,73.91304347826087,105,15.151515151515152,53.84615384615385,80.0,76.66666666666667,2.5555555555555554,3,4,21,68.39999999999999
S39G01N130,2021-2022,20211228,away,30,14,1,6,16,22,3,45,18,14,5,1,1,5,5,2,5,59,23,10,6,56,64,7,1,5,1800,0,0,0,6,-33.48438307837354,45.751633986928105,43.220338983050844,61,7.552870090634441,51.61290322580645,100.0,60.869565217391305,2.8,3,4,5,68.39999999999999,6,23,4,15,7,22,4,33,22,13,8,1,1,10,8,2,2,46,30,11,8,76,56,4,1,9,1800,0,0,0,10,33.48438307837354,75.39682539682539,73.91304347826087,105,15.151515151515152,53.84615384615385,80.0,76.66666666666667,2.5555555555555554,3,4,21,68.39999999999999
S39G01N130,2021-2022,20211228,away,30,14,1,6,16,22,3,45,18,14,5,1,1,5,5,2,5,59,23,10,6,56,64,7,1,5,1800,0,0,0,6,-33.48438307837354,45.751633986928105,43.220338983050844,61,7.552870090634441,51.61290322580645,100.0,60.869565217391305,2.8,3,4,5,68.39999999999999,6,23,4,15,7,22,4,33,22,13,8,1,1,10,8,2,2,46,30,11,8,76,56,4,1,9,1800,0,0,0,10,33.48438307837354,75.39682539682539,73.91304347826087,105,15.151515151515152,53.84615384615385,80.0,76.66666666666667,2.5555555555555554,3,4,21,68.39999999999999
S39G01N130,2021-2022,20211228,away,30,14,1,6,16,22,3,45,18,14,5,1,1,5,5,2,5,59,23,10,6,56,64,7,1,5,1800,0,0,0,6,-33.48438307837354,45.751633986928105,43.220338983050844,61,7.552870090634441,51.61290322580645,100.0,60.869565217391305,2.8,3,4,5,68.39999999999999,6,23,4,15,7,22,4,33,22,13,8,1,1,10,8,2,2,46,30,11,8,76,56,4,1,9,1800,0,0,0,10,33.48438307837354,75.39682539682539,73.91304347826087,105,15.151515151515152,53.84615384615385,80.0,76.66666666666667,2.5555555555555554,3,4,21,68.39999999999999
S39G01N130,2021-2022,20211228,away,30,14,1,6,16,22,3,45,18,14,5,1,1,5,5,2,5,59,23,10,6,56,64,7,1,5,1800,0,0,0,6,-33.48438307837354,45.751633986928105,43.220338983050844,61,7.552870090634441,51.61290322580645,100.0,60.869565217391305,2.8,3,4,5,68.39999999999999,6,23,4,15,7,22,4,33,22,13,8,1,1,10,8,2,2,46,30,11,8,76,56,4,1,9,1800,0,0,0,10,33.48438307837354,75.39682539682539,73.91304347826087,105,15.151515151515152,53.84615384615385,80.0,76.66666666666667,2.5555555555555554,3,4,21,68.39999999999999
S39G01N130,2021-2022,20211228,away,30,14,1,6,16,22,3,45,18,14,5,1,1,5,5,2,5,59,23,10,6,56,64,7,1,5,1800,0,0,0,6,-33.48438307837354,45.751633986928105,43.220338983050844,61,7.552870090634441,51.61290322580645,100.0,60.869565217391305,2.8,3,4,5,68.39999999999999,6,23,4,15,7,22,4,33,22,13,8,1,1,10,8,2,2,46,30,11,8,76,56,4,1,9,1800,0,0,0,10,33.48438307837354,75.39682539682539,73.91304347826087,105,15.151515151515152,53.84615384615385,80.0,76.66666666666667,2.5555555555555554,3,4,21,68.39999999999999
S39G01N130,2021-2022,20211228,away,30,14,1,6,16,22,3,45,18,14,5,1,1,5,5,2,5,59,23,10,6,56,64,7,1,5,1800,0,0,0,6,-33.48438307837354,45.751633986928105,43.220338983050844,61,7.552870090634441,51.61290322580645,100.0,60.869565217391305,2.8,3,4,5,68.39999999999999,6,23,4,15,7,22,4,33,22,13,8,1,1,10,8,2,2,46,30,11,8,76,56,4,1,9,1800,0,0,0,10,33.48438307837354,75.39682539682539,73.91304347826087,105,15.151515151515152,53.84615384615385,80.0,76.66666666666667,2.5555555555555554,3,4,21,68.39999999999999
S39G01N130,2021-2022,20211228,away,30,14,1,6,16,22,3,45,18,14,5,1,1,5,5,2,5,59,23,10,6,56,64,7,1,5,1800,0,0,0,6,-33.48438307837354,45.751633986928105,43.220338983050844,61,7.552870090634441,51.61290322580645,100.0,60.869565217391305,2.8,3,4,5,68.39999999999999,6,23,4,15,7,22,4,33,22,13,8,1,1,10,8,2,2,46,30,11,8,76,56,4,1,9,1800,0,0,0,10,33.48438307837354,75.39682539682539,73.91304347826087,105,15.151515151515152,53.84615384615385,80.0,76.66666666666667,2.5555555555555554,3,4,21,68.39999999999999
S39G01N130,2021-2022,20211228,away,30,14,1,6,16,22,3,45,18,14,5,1,1,5,5,2,5,59,23,10,6,56,64,7,1,5,1800,0,0,0,6,-33.48438307837354,45.751633986928105,43.220338983050844,61,7.552870090634441,51.61290322580645,100.0,60.869565217391305,2.8,3,4,5,68.39999999999999,6,23,4,15,7,22,4,33,22,13,8,1,1,10,8,2,2,46,30,11,8,76,56,4,1,9,1800,0,0,0,10,33.48438307837354,75.39682539682539,73.91304347826087,105,15.151515151515152,53.84615384615385,80.0,76.66666666666667,2.5555555555555554,3,4,21,68.39999999999999
S39G01N130,2021-2022,20211228,away,30,14,1,6,16,22,3,45,18,14,5,1,1,5,5,2,5,59,23,10,6,56,64,7,1,5,1800,0,0,0,6,-33.48438307837354,45.751633986928105,43.220338983050844,61,7.552870090634441,51.61290322580645,100.0,60.869565217391305,2.8,3,4,5,68.39999999999999,6,23,4,15,7,22,4,33,22,13,8,1,1,10,8,2,2,46,30,11,8,76,56,4,1,9,1800,0,0,0,10,33.48438307837354,75.39682539682539,73.91304347826087,105,15.151515151515152,53.84615384615385,80.0,76.66666666666667,2.5555555555555554,3,4,21,68.39999999999999
S39G01N130,2021-2022,20211228,away,30,14,1,6,16,22,3,45,18,14,5,1,1,5,5,2,5,59,23,10,6,56,64,7,1,5,1800,0,0,0,6,-33.48438307837354,45.751633986928105,43.220338983050844,61,7.552870090634441,51.61290322580645,100.0,60.869565217391305,2.8,3,4,5,68.39999999999999,6,23,4,15,7,22,4,33,22,13,8,1,1,10,8,2,2,46,30,11,8,76,56,4,1,9,1800,0,0,0,10,33.48438307837354,75.39682539682539,73.91304347826087,105,15.151515151515152,53.84615384615385,80.0,76.66666666666667,2.5555555555555554,3,4,21,68.39999999999999
S39G01N130,2021-2022,20211228,away,30,14,1,6,16,22,3,45,18,14,5,1,1,5,5,2,5,59,23,10,6,56,64,7,1,5,1800,0,0,0,6,-33.48438307837354,45.751633986928105,43.220338983050844,61,7.552870090634441,51.61290322580645,100.0,60.869565217391305,2.8,3,4,5,68.39999999999999,6,23,4,15,7,22,4,33,22,13,8,1,1,10,8,2,2,46,30,11,8,76,56,4,1,9,1800,0,0,0,10,33.48438307837354,75.39682539682539,73.91304347826087,105,15.151515151515152,53.84615384615385,80.0,76.66666666666667,2.5555555555555554,3,4,21,68.39999999999999
S39G01N130,2021-2022,20211228,away,30,14,1,6,16,22,3,45,18,14,5,1,1,5,5,2,5,59,23,10,6,56,64,7,1,5,1800,0,0,0,6,-33.48438307837354,45.751633986928105,43.220338983050844,61,7.552870090634441,51.61290322580645,100.0,60.869565217391305,2.8,3,4,5,68.39999999999999,6,23,4,15,7,22,4,33,22,13,8,1,1,10,8,2,2,46,30,11,8,76,56,4,1,9,1800,0,0,0,10,33.48438307837354,75.39682539682539,73.91304347826087,105,15.151515151515152,53.84615384615385,80.0,76.66666666666667,2.5555555555555554,3,4,21,68.39999999999999
S39G01N130,2021-2022,20211228,away,30,14,1,6,16,22,3,45,18,14,5,1,1,5,5,2,5,59,23,10,6,56,64,7,1,5,1800,0,0,0,6,-33.48438307837354,45.751633986928105,43.220338983050844,61,7.552870090634441,51.61290322580645,100.0,60.869565217391305,2.8,3,4,5,68.39999999999999,6,23,4,15,7,22,4,33,22,13,8,1,1,10,8,2,2,46,30,11,8,76,56,4,1,9,1800,0,0,0,10,33.48438307837354,75.39682539682539,73.91304347826087,105,15.151515151515152,53.84615384615385,80.0,76.66666666666667,2.5555555555555554,3,4,21,68.39999999999999
S39G01N130,2021-2022,20211228,away,30,14,1,6,16,22,3,45,18,14,5,1,1,5,5,2,5,59,23,10,6,56,64,7,1,5,1800,0,0,0,6,-33.48438307837354,45.751633986928105,43.220338983050844,61,7.552870090634441,51.61290322580645,100.0,60.869565217391305,2.8,3,4,5,68.39999999999999,6,23,4,15,7,22,4,33,22,13,8,1,1,10,8,2,2,46,30,11,8,76,56,4,1,9,1800,0,0,0,10,33.48438307837354,75.39682539682539,73.91304347826087,105,15.151515151515152,53.84615384615385,80.0,76.66666666666667,2.5555555555555554,3,4,21,68.39999999999999
S39G01N130,2021-2022,20211228,away,30,14,1,6,16,22,3,45,18,14,5,1,1,5,5,2,5,59,23,10,6,56,64,7,1,5,1800,0,0,0,6,-33.48438307837354,45.751633986928105,43.220338983050844,61,7.552870090634441,51.61290322580645,100.0,60.869565217391305,2.8,3,4,5,68.39999999999999,6,23,4,15,7,22,4,33,22,13,8,1,1,10,8,2,2,46,30,11,8,76,56,4,1,9,1800,0,0,0,10,33.48438307837354,75.39682539682539,73.91304347826087,105,15.151515151515152,53.84615384615385,80.0,76.66666666666667,2.5555555555555554,3,4,21,68.39999999999999
S39G01N130,2021-2022,20211228,away,30,14,1,6,16,22,3,45,18,14,5,1,1,5,5,2,5,59,23,10,6,56,64,7,1,5,1800,0,0,0,6,-33.48438307837354,45.751633986928105,43.220338983050844,61,7.552870090634441,51.61290322580645,100.0,60.869565217391305,2.8,3,4,5,68.39999999999999,6,23,4,15,7,22,4,33,22,13,8,1,1,10,8,2,2,46,30,11,8,76,56,4,1,9,1800,0,0,0,10,33.48438307837354,75.39682539682539,73.91304347826087,105,15.151515151515152,53.84615384615385,80.0,76.66666666666667,2.5555555555555554,3,4,21,68.39999999999999
S39G01N130,2021-2022,20211228,away,30,14,1,6,16,22,3,45,18,14,5,1,1,5,5,2,5,59,23,10,6,56,64,7,1,5,1800,0,0,0,6,-33.48438307837354,45.751633986928105,43.220338983050844,61,7.552870090634441,51.61290322580645,100.0,60.869565217391305,2.8,3,4,5,68.39999999999999,6,23,4,15,7,22,4,33,22,13,8,1,1,10,8,2,2,46,30,11,8,76,56,4,1,9,1800,0,0,0,10,33.48438307837354,75.39682539682539,73.91304347826087,105,15.151515151515152,53.84615384615385,80.0,76.66666666666667,2.5555555555555554,3,4,21,68.39999999999999
S39G01N130,2021-2022,20211228,away,30,14,1,6,16,22,3,45,18,14,5,1,1,5,5,2,5,59,23,10,6,56,64,7,1,5,1800,0,0,0,6,-33.48438307837354,45.751633986928105,43.220338983050844,61,7.552870090634441,51.61290322580645,100.0,60.869565217391305,2.8,3,4,5,68.39999999999999,6,23,4,15,7,22,4,33,22,13,8,1,1,10,8,2,2,46,30,11,8,76,56,4,1,9,1800,0,0,0,10,33.48438307837354,75.39682539682539,73.91304347826087,105,15.151515151515152,53.84615384615385,80.0,76.66666666666667,2.5555555555555554,3,4,21,68.39999999999999
S39G01N130,2021-2022,20211228,away,30,14,1,6,16,22,3,45,18,14,5,1,1,5,5,2,5,59,23,10,6,56,64,7,1,5,1800,0,0,0,6,-33.48438307837354,45.751633986928105,43.220338983050844,61,7.552870090634441,51.61290322580645,100.0,60.869565217391305,2.8,3,4,5,68.39999999999999,6,23,4,15,7,22,4,33,22,13,8,1,1,10,8,2,2,46,30,11,8,76,56,4,1,9,1800,0,0,0,10,33.48438307837354,75.39682539682539,73.91304347826087,105,15.151515151515152,53.84615384615385,80.0,76.66666666666667,2.5555555555555554,3,4,21,68.39999999999999
S39G01N130,2021-2022,20211228,away,30,14,1,6,16,22,3,45,18,14,5,1,1,5,5,2,5,59,23,10,6,56,64,7,1,5,1800,0,0,0,6,-33.48438307837354,45.751633986928105,43.220338983050844,61,7.552870090634441,51.61290322580645,100.0,60.869565217391305,2.8,3,4,5,68.39999999999999,6,23,4,15,7,22,4,33,22,13,8,1,1,10,8,2,2,46,30,11,8,76,56,4,1,9,1800,0,0,0,10,33.48438307837354,75.39682539682539,73.91304347826087,105,15.151515151515152,53.84615384615385,80.0,76.66666666666667,2.5555555555555554,3,4,21,68.39999999999999
S39G01N130,2021-2022,20211228,away,30,14,1,6,16,22,3,45,18,14,5,1,1,5,5,2,5,59,23,10,6,56,64,7,1,5,1800,0,0,0,6,-33.48438307837354,45.751633986928105,43.220338983050844,61,7.552870090634441,51.61290322580645,100.0,60.869565217391305,2.8,3,4,5,68.39999999999999,6,23,4,15,7,22,4,33,22,13,8,1,1,10,8,2,2,46,30,11,8,76,56,4,1,9,1800,0,0,0,10,33.48438307837354,75.39682539682539,73.91304347826087,105,15.151515151515152,53.84615384615385,80.0,76.66666666666667,2.5555555555555554,3,4,21,68.39999999999999
S39G01N130,2021-2022,20211228,away,30,14,1,6,16,22,3,45,18,14,5,1,1,5,5,2,5,59,23,10,6,56,64,7,1,5,1800,0,0,0,6,-33.48438307837354,45.751633986928105,43.220338983050844,61,7.552870090634441,51.61290322580645,100.0,60.869565217391305,2.8,3,4,5,68.39999999999999,6,23,4,15,7,22,4,33,22,13,8,1,1,10,8,2,2,46,30,11,8,76,56,4,1,9,1800,0,0,0,10,33.48438307837354,75.39682539682539,73.91304347826087,105,15.151515151515152,53.84615384615385,80.0,76.66666666666667,2.5555555555555554,3,4,21,68.39999999999999
S39G01N130,2021-2022,20211228,away,30,14,1,6,16,22,3,46,19,14,5,1,1,5,5,2,5,60,24,10,6,58,65,7,1,5,1818,0,0,0,6,-31.75691793893131,46.62379421221865,44.166666666666664,63,7.44047619047619,51.61290322580645,100.0,58.333333333333336,2.8,2,4,5,68.38283828382838,6,23,4,15,7,22,4,33,22,13,8,1,1,10,8,2,2,46,30,11,8,76,56,4,1,9,1818,0,0,0,10,31.75691793893131,75.39682539682539,73.91304347826087,105,15.151515151515152,53.84615384615385,80.0,76.66666666666667,2.5555555555555554,2,4,21,68.38283828382838
S39G01N130,2021-2022,20211228,away,30,15,1,6,16,22,3,46,19,14,5,1,1,5,5,2,5,60,24,10,6,58,65,7,1,5,1818,0,0,0,6,-31.75691793893131,46.62379421221865,44.166666666666664,64,7.44047619047619,51.61290322580645,100.0,62.5,3.0,2,4,5,68.38283828382838,6,23,4,15,7,22,4,33,22,13,8,1,1,10,8,2,2,46,30,11,8,76,56,4,1,9,1818,0,0,0,10,31.75691793893131,75.39682539682539,73.91304347826087,105,15.151515151515152,53.84615384615385,80.0,76.66666666666667,2.5555555555555554,2,4,21,68.38283828382838
S39G01N130,2021-2022,20211228,away,30,15,1,6,16,22,3,46,19,14,5,1,1,5,5,2,5,60,24,10,6,58,65,7,1,5,1836,0,0,0,6,-31.75691793893131,46.62379421221865,44.166666666666664,64,7.44047619047619,51.61290322580645,100.0,62.5,3.0,2,4,5,67.7124183006536,6,23,4,15,7,22,4,33,22,13,8,1,1,10,8,2,2,46,30,12,9,76,56,4,1,9,1836,0,0,0,10,31.75691793893131,75.39682539682539,73.91304347826087,105,15.151515151515152,53.84615384615385,80.0,76.66666666666667,2.5555555555555554,2,4,21,67.7124183006536
S39G01N130,2021-2022,20211228,away,30,15,1,6,16,22,3,46,19,14,5,1,1,5,5,2,5,60,24,10,6,58,65,7,1,5,1836,0,0,0,6,-31.75691793893131,46.62379421221865,44.166666666666664,64,7.44047619047619,51.61290322580645,100.0,62.5,3.0,2,4,5,67.7124183006536,6,23,4,15,7,22,4,33,22,13,8,1,1,10,8,2,2,46,30,12,9,76,56,4,1,9,1836,0,0,0,10,31.75691793893131,75.39682539682539,73.91304347826087,105,15.151515151515152,53.84615384615385,80.0,76.66666666666667,2.5555555555555554,2,4,21,67.7124183006536
S39G01N130,2021-2022,20211228,away,30,15,1,6,16,22,3,46,19,14,5,1,1,5,5,2,5,60,24,10,6,58,65,7,1,5,1836,0,0,0,6,-29.040847378277164,46.62379421221865,44.166666666666664,64,7.44047619047619,51.61290322580645,100.0,62.5,3.0,2,4,5,68.36601307189542,6,23,4,15,7,22,4,33,22,13,8,1,1,10,8,2,2,46,30,12,9,76,56,4,1,10,1836,0,0,0,11,29.040847378277164,75.39682539682539,73.91304347826087,104,16.55629139072848,53.84615384615385,80.0,76.66666666666667,2.3,2,4,21,68.36601307189542
S39G01N130,2021-2022,20211228,away,30,15,1,6,16,22,3,46,19,14,5,1,1,5,5,2,5,60,24,10,6,58,65,7,1,5,1836,0,0,0,6,-29.040847378277164,46.62379421221865,44.166666666666664,64,7.44047619047619,51.61290322580645,100.0,62.5,3.0,2,4,5,68.36601307189542,6,23,4,15,7,22,4,33,22,13,8,1,1,10,8,2,2,46,30,12,9,76,56,4,1,10,1836,0,0,0,11,29.040847378277164,75.39682539682539,73.91304347826087,104,16.55629139072848,53.84615384615385,80.0,76.66666666666667,2.3,2,4,21,68.36601307189542
S39G01N130,2021-2022,20211228,away,30,15,1,6,16,22,3,46,19,15,5,1,1,5,5,2,5,61,24,10,6,58,66,7,1,5,1850,0,0,0,6,-31.210986267166064,45.88607594936709,43.442622950819676,63,7.331378299120234,51.61290322580645,100.0,62.5,3.0,2,4,5,68.4972972972973,6,23,4,15,7,22,4,33,22,13,8,1,1,10,8,2,2,46,30,12,9,76,56,4,1,10,1850,0,0,0,11,31.210986267166064,75.39682539682539,73.91304347826087,104,16.55629139072848,53.84615384615385,80.0,76.66666666666667,2.3,2,4,21,68.4972972972973
S39G01N130,2021-2022,20211228,away,30,15,1,6,17,23,3,46,19,15,5,1,1,5,5,2,5,61,24,10,6,58,66,7,1,5,1850,0,0,0,6,-29.040847378277164,45.88607594936709,43.442622950819676,64,7.331378299120234,53.125,100.0,62.5,3.0,2,4,5,67.84864864864865,6,23,4,15,7,22,4,33,22,13,8,1,1,10,8,2,2,46,30,12,9,76,56,4,1,10,1850,0,0,0,11,29.040847378277164,75.39682539682539,73.91304347826087,104,16.55629139072848,53.84615384615385,80.0,76.66666666666667,2.3,2,4,21,67.84864864864865
S39G01N130,2021-2022,20211228,away,30,15,1,6,17,23,3,46,19,15,5,1,1,5,5,2,5,61,24,10,6,58,66,7,1,5,1850,0,0,0,6,-29.040847378277164,45.88607594936709,43.442622950819676,64,7.331378299120234,53.125,100.0,62.5,3.0,2,4,5,67.84864864864865,6,23,4,15,7,22,4,33,22,13,8,1,1,10,8,2,2,46,30,13,10,76,56,4,1,10,1850,0,0,0,11,29.040847378277164,75.39682539682539,73.91304347826087,104,16.55629139072848,53.84615384615385,80.0,76.66666666666667,2.3,2,4,21,67.84864864864865
S39G01N130,2021-2022,20211228,away,30,15,1,6,17,23,3,46,19,15,5,1,1,5,5,2,5,61,24,10,6,58,66,7,1,5,1850,0,0,0,6,-29.040847378277164,45.88607594936709,43.442622950819676,64,7.331378299120234,53.125,100.0,62.5,3.0,2,4,5,67.84864864864865,6,23,4,15,7,22,4,33,22,13,8,1,1,10,8,2,2,46,30,13,10,76,56,4,1,10,1850,0,0,0,11,29.040847378277164,75.39682539682539,73.91304347826087,104,16.55629139072848,53.84615384615385,80.0,76.66666666666667,2.3,2,4,21,67.84864864864865
S39G01N130,2021-2022,20211228,away,30,15,1,6,17,23,3,47,19,15,5,1,1,5,5,2,5,62,24,10,6,58,67,7,1,5,1863,0,0,0,6,-31.210986267166064,45.17133956386293,42.74193548387097,63,7.22543352601156,53.125,100.0,62.5,3.0,2,4,5,68.01932367149757,6,23,4,15,7,22,4,33,22,13,8,1,1,10,8,2,2,46,30,13,10,76,56,4,1,10,1863,0,0,0,11,31.210986267166064,75.39682539682539,73.91304347826087,104,16.55629139072848,53.84615384615385,80.0,76.66666666666667,2.3,2,4,21,68.01932367149757
S39G01N130,2021-2022,20211228,away,30,15,1,6,17,23,3,47,19,15,5,1,1,5,5,2,5,62,24,10,6,58,67,7,1,5,1865,0,0,0,6,-31.210986267166064,45.17133956386293,42.74193548387097,63,7.22543352601156,51.515151515151516,100.0,62.5,3.0,2,4,5,67.94638069705093,6,23,4,16,7,23,4,33,22,13,8,1,1,10,8,2,2,46,30,13,10,76,56,4,1,10,1865,0,0,0,11,31.210986267166064,75.39682539682539,73.91304347826087,105,16.55629139072848,53.84615384615385,80.0,76.66666666666667,2.3,2,4,21,67.94638069705093
S39G01N130,2021-2022,20211228,away,30,15,1,6,17,23,3,47,19,15,5,1,1,5,5,2,5,62,24,10,6,58,67,7,1,5,1878,0,0,0,6,-28.594771241830088,45.17133956386293,42.74193548387097,63,7.22543352601156,51.515151515151516,100.0,62.5,3.0,2,4,5,68.1150159744409,6,23,4,16,7,23,4,33,22,14,8,1,1,10,8,2,2,47,30,13,10,76,57,4,1,10,1878,0,0,0,11,28.594771241830088,73.92996108949417,72.34042553191489,104,16.286644951140065,53.84615384615385,80.0,76.66666666666667,2.3,2,4,21,68.1150159744409
S39G01N130,2021-2022,20211228,away,30,15,1,7,17,24,3,47,19,15,5,1,1,5,5,2,5,62,24,10,6,58,67,7,1,5,1879,0,0,0,6,-28.594771241830088,45.17133956386293,42.74193548387097,64,7.22543352601156,51.515151515151516,100.0,62.5,3.0,2,4,5,68.07876530069186,6,23,4,16,7,23,4,33,22,14,8,1,1,10,8,2,2,47,30,13,10,76,57,4,1,10,1879,0,0,0,11,28.594771241830088,73.92996108949417,72.34042553191489,104,16.286644951140065,50.0,80.0,76.66666666666667,2.3,2,4,21,68.07876530069186
S39G01N130,2021-2022,20211228,away,30,15,1,7,17,24,3,48,19,15,5,1,1,5,5,2,5,63,24,10,6,58,68,7,1,5,1891,0,0,0,6,-30.683325961963746,44.47852760736196,42.06349206349206,63,7.122507122507122,51.515151515151516,100.0,62.5,3.0,2,4,5,68.28133262823903,6,23,4,16,7,23,4,33,22,14,8,1,1,10,8,2,2,47,30,13,10,76,57,4,1,10,1891,0,0,0,11,30.683325961963746,73.92996108949417,72.34042553191489,104,16.286644951140065,50.0,80.0,76.66666666666667,2.3,2,4,21,68.28133262823903
S39G01N130,2021-2022,20211228,away,30,15,1,7,18,25,3,48,19,15,5,1,1,5,5,2,5,63,24,10,6,58,68,7,1,5,1892,0,0,0,6,-28.594771241830088,44.47852760736196,42.06349206349206,64,7.122507122507122,52.94117647058823,100.0,62.5,3.0,2,4,5,67.61099365750528,6,23,4,16,7,23,4,33,22,14,8,1,1,10,8,2,2,47,30,13,10,76,57,4,1,10,1892,0,0,0,11,28.594771241830088,73.92996108949417,72.34042553191489,104,16.286644951140065,50.0,80.0,76.66666666666667,2.3,2,4,21,67.61099365750528
S39G01N130,2021-2022,20211228,away,30,15,1,7,18,25,3,48,19,15,5,1,1,5,5,2,5,63,24,10,6,58,68,7,1,5,1896,0,0,0,6,-28.594771241830088,44.47852760736196,42.06349206349206,64,7.122507122507122,52.94117647058823,100.0,62.5,3.0,2,4,5,67.46835443037975,6,23,4,16,7,23,4,33,22,14,8,1,1,10,8,2,2,47,30,14,11,76,57,4,1,10,1896,0,0,0,11,28.594771241830088,73.92996108949417,72.34042553191489,104,16.286644951140065,50.0,80.0,76.66666666666667,2.3,2,4,21,67.46835443037975
S39G01N130,2021-2022,20211228,away,30,15,1,7,18,25,3,48,19,15,5,1,1,5,5,2,5,63,24,10,6,58,68,7,1,5,1896,0,0,0,6,-28.594771241830088,44.47852760736196,42.06349206349206,64,7.122507122507122,52.94117647058823,100.0,62.5,3.0,2,4,5,67.46835443037975,6,23,4,16,7,23,4,33,22,14,8,1,1,10,8,2,2,47,30,14,11,76,57,4,1,10,1896,0,0,0,11,28.594771241830088,73.92996108949417,72.34042553191489,104,16.286644951140065,50.0,80.0,76.66666666666667,2.3,2,4,21,67.46835443037975
S39G01N130,2021-2022,20211228,away,30,15,1,7,18,25,3,49,20,15,5,1,1,5,5,2,5,64,25,10,6,60,69,7,1,5,1907,0,0,0,6,-26.923927465723153,45.31722054380664,42.96875,66,7.022471910112359,52.94117647058823,100.0,60.0,3.0,4,4,5,67.70844257996853,6,23,4,16,7,23,4,33,22,14,8,1,1,10,8,2,2,47,30,14,11,76,57,4,1,10,1907,0,0,0,11,26.923927465723153,73.92996108949417,72.34042553191489,104,16.286644951140065,50.0,80.0,76.66666666666667,2.3,4,4,21,67.70844257996853
S39G01N130,2021-2022,20211228,away,30,15,1,7,18,25,3,49,20,15,5,1,1,5,5,2,5,64,25,10,6,60,69,7,1,5,1927,0,0,0,6,-28.012268939496778,45.31722054380664,42.96875,66,7.022471910112359,52.94117647058823,100.0,60.0,3.0,2,4,5,67.62843798650752,6,23,4,16,7,23,4,34,23,14,8,1,1,10,8,2,2,48,31,14,11,78,58,4,1,10,1927,0,0,0,11,28.012268939496778,74.42748091603053,72.91666666666667,106,16.025641025641026,50.0,80.0,74.19354838709677,2.3,2,4,21,67.62843798650752
S39G01N130,2021-2022,20211228,away,30,15,1,7,18,25,3,49,20,15,5,1,1,5,5,2,5,64,25,10,6,60,69,7,1,5,1943,0,0,0,6,-28.012268939496778,45.31722054380664,42.96875,66,7.022471910112359,52.94117647058823,100.0,60.0,3.0,2,4,5,67.07153885743695,6,23,4,16,7,23,4,34,23,14,8,1,1,10,8,2,2,48,31,14,11,78,58,4,1,10,1943,0,0,0,11,28.012268939496778,74.42748091603053,72.91666666666667,106,16.025641025641026,50.0,80.0,74.19354838709677,2.3,2,4,21,67.07153885743695
S39G01N130,2021-2022,20211228,away,30,15,1,7,18,25,3,49,20,15,5,1,1,5,5,2,5,64,25,10,6,60,69,7,1,5,1943,0,0,0,6,-28.012268939496778,45.31722054380664,42.96875,66,7.022471910112359,52.94117647058823,100.0,60.0,3.0,2,4,5,67.07153885743695,6,23,4,16,7,23,4,34,23,14,8,1,1,10,8,2,2,48,31,14,11,78,58,4,1,10,1943,0,0,0,11,28.012268939496778,74.42748091603053,72.91666666666667,106,16.025641025641026,50.0,80.0,74.19354838709677,2.3,2,4,21,67.07153885743695
S39G01N130,2021-2022,20211228,away,30,15,1,7,18,25,3,50,20,15,5,1,1,5,5,2,5,65,25,10,6,60,70,7,1,5,1952,0,0,0,6,-30.093116815644706,44.64285714285714,42.30769230769231,65,6.925207756232687,52.94117647058823,100.0,60.0,3.0,2,4,5,67.37704918032787,6,23,4,16,7,23,4,34,23,14,8,1,1,10,8,2,2,48,31,14,11,78,58,4,1,10,1952,0,0,0,11,30.093116815644706,74.42748091603053,72.91666666666667,106,16.025641025641026,50.0,80.0,74.19354838709677,2.3,2,4,21,67.37704918032787
S39G01N130,2021-2022,20211228,away,30,15,1,7,19,26,3,50,20,15,5,1,1,5,5,2,5,65,25,10,6,60,70,7,1,5,1954,0,0,0,6,-28.012268939496778,44.64285714285714,42.30769230769231,66,6.925207756232687,54.285714285714285,100.0,60.0,3.0,2,4,5,66.69396110542478,6,23,4,16,7,23,4,34,23,14,8,1,1,10,8,2,2,48,31,14,11,78,58,4,1,10,1954,0,0,0,11,28.012268939496778,74.42748091603053,72.91666666666667,106,16.025641025641026,50.0,80.0,74.19354838709677,2.3,2,4,21,66.69396110542478
S39G01N130,2021-2022,20211228,away,30,15,1,7,19,26,3,51,21,15,5,1,1,5,5,2,5,66,26,10,6,62,71,7,1,5,1956,0,0,0,6,-26.40307991527571,45.45454545454545,43.18181818181818,68,6.830601092896175,54.285714285714285,100.0,57.69230769230769,3.0,2,4,5,67.23926380368098,6,23,4,16,7,23,4,34,23,14,8,1,1,10,8,2,2,48,31,14,11,78,58,4,1,10,1956,0,0,0,11,26.40307991527571,74.42748091603053,72.91666666666667,106,16.025641025641026,50.0,80.0,74.19354838709677,2.3,2,4,21,67.23926380368098
S39G01N130,2021-2022,20211228,away,30,15,1,7,19,26,3,51,21,15,5,1,1,5,5,2,5,66,26,10,6,62,71,7,1,5,1969,0,0,0,6,-27.452827719766574,45.45454545454545,43.18181818181818,68,6.830601092896175,54.285714285714285,100.0,57.69230769230769,3.0,2,4,5,67.40477399695276,6,23,4,16,7,23,4,35,24,14,8,1,1,10,8,2,2,49,32,14,11,80,59,4,1,10,1969,0,0,0,11,27.452827719766574,74.90636704119851,73.46938775510205,108,15.772870662460567,50.0,80.0,71.875,2.3,2,4,21,67.40477399695276
S39G01N130,2021-2022,20211228,away,30,15,1,7,19,26,3,52,22,15,5,1,1,5,5,2,5,67,27,10,6,64,72,7,1,5,1987,0,0,0,6,-25.90194264569844,46.24277456647398,44.02985074626866,70,6.738544474393531,54.285714285714285,100.0,55.55555555555556,3.0,2,4,5,67.39808756919979,6,23,4,16,7,23,4,35,24,14,8,1,1,10,8,2,2,49,32,14,11,80,59,4,1,10,1987,0,0,0,11,25.90194264569844,74.90636704119851,73.46938775510205,108,15.772870662460567,50.0,80.0,71.875,2.3,2,4,21,67.39808756919979
S39G01N130,2021-2022,20211228,away,30,16,1,7,19,26,3,52,22,15,5,1,1,5,5,2,5,67,27,10,6,64,72,7,1,5,1987,0,0,0,6,-25.90194264569844,46.24277456647398,44.02985074626866,71,6.738544474393531,54.285714285714285,100.0,59.25925925925926,3.2,2,4,5,67.39808756919979,6,23,4,16,7,23,4,35,24,14,8,1,1,10,8,2,2,49,32,14,11,80,59,4,1,10,1987,0,0,0,11,25.90194264569844,74.90636704119851,73.46938775510205,108,15.772870662460567,50.0,80.0,71.875,2.3,2,4,21,67.39808756919979
S39G01N130,2021-2022,20211228,away,30,16,1,7,19,26,3,52,22,15,5,1,1,5,5,2,5,67,27,10,6,64,72,7,1,5,2001,0,0,0,6,-25.90194264569844,46.24277456647398,44.02985074626866,71,6.738544474393531,54.285714285714285,100.0,59.25925925925926,3.2,2,4,5,66.92653673163419,6,23,4,16,7,23,4,35,24,14,8,1,1,10,8,2,2,49,32,15,12,80,59,4,1,10,2001,0,0,0,11,25.90194264569844,74.90636704119851,73.46938775510205,108,15.772870662460567,50.0,80.0,71.875,2.3,2,4,21,66.92653673163419
S39G01N130,2021-2022,20211228,away,30,16,1,7,19,26,3,52,22,15,5,1,1,5,5,2,5,67,27,10,6,64,72,7,1,5,2001,0,0,0,6,-25.90194264569844,46.24277456647398,44.02985074626866,71,6.738544474393531,54.285714285714285,100.0,59.25925925925926,3.2,2,4,5,66.92653673163419,6,23,4,16,7,23,4,35,24,14,8,1,1,10,8,2,2,49,32,15,12,80,59,4,1,10,2001,0,0,0,11,25.90194264569844,74.90636704119851,73.46938775510205,108,15.772870662460567,50.0,80.0,71.875,2.3,2,4,21,66.92653673163419
S39G01N130,2021-2022,20211228,away,30,16,1,7,19,26,3,52,22,15,5,1,1,5,5,2,5,67,27,10,6,64,72,7,1,5,2001,0,0,0,6,-23.43079331414431,46.24277456647398,44.02985074626866,71,6.738544474393531,54.285714285714285,100.0,59.25925925925926,3.2,2,4,5,67.52623688155923,6,23,4,16,7,23,4,35,24,14,8,1,1,10,8,2,2,49,32,15,12,80,59,4,1,11,2001,0,0,0,12,23.43079331414431,74.90636704119851,73.46938775510205,107,17.080745341614904,50.0,80.0,71.875,2.090909090909091,2,4,21,67.52623688155923
S39G01N130,2021-2022,20211228,away,30,16,1,7,19,26,3,52,22,15,5,1,1,5,5,2,5,67,27,10,6,64,72,7,1,5,2001,0,0,0,6,-23.43079331414431,46.24277456647398,44.02985074626866,71,6.738544474393531,54.285714285714285,100.0,59.25925925925926,3.2,2,4,5,67.52623688155923,6,23,4,16,7,23,4,35,24,14,8,1,1,10,8,2,2,49,32,15,12,80,59,4,1,11,2001,0,0,0,12,23.43079331414431,74.90636704119851,73.46938775510205,107,17.080745341614904,50.0,80.0,71.875,2.090909090909091,2,4,21,67.52623688155923
S39G01N130,2021-2022,20211228,away,30,16,1,7,19,26,3,52,22,15,5,1,1,5,5,2,5,67,27,10,6,64,72,7,1,5,2001,0,0,0,6,-23.43079331414431,46.24277456647398,44.02985074626866,71,6.738544474393531,54.285714285714285,100.0,59.25925925925926,3.2,2,4,5,67.52623688155923,6,23,4,16,7,23,4,35,24,14,8,1,1,10,8,2,2,49,32,15,12,80,59,4,1,11,2001,0,0,0,12,23.43079331414431,74.90636704119851,73.46938775510205,107,17.080745341614904,50.0,80.0,71.875,2.090909090909091,2,4,21,67.52623688155923
S39G01N130,2021-2022,20211228,away,30,16,1,7,19,26,3,52,22,15,5,1,1,5,5,2,5,67,27,10,6,64,72,7,1,5,2001,0,0,0,6,-23.43079331414431,46.24277456647398,44.02985074626866,71,6.738544474393531,54.285714285714285,100.0,59.25925925925926,3.2,2,4,5,67.52623688155923,6,23,4,16,7,23,4,35,24,14,8,1,1,10,8,2,2,49,32,15,12,80,59,4,1,11,2001,0,0,0,12,23.43079331414431,74.90636704119851,73.46938775510205,107,17.080745341614904,50.0,80.0,71.875,2.090909090909091,2,4,21,67.52623688155923
S39G01N130,2021-2022,20211228,away,30,16,1,7,19,26,3,52,22,15,5,1,1,5,5,2,5,67,27,10,6,64,72,7,1,5,2001,0,0,0,6,-23.43079331414431,46.24277456647398,44.02985074626866,71,6.738544474393531,54.285714285714285,100.0,59.25925925925926,3.2,2,4,5,67.52623688155923,6,23,4,16,7,23,4,35,24,14,8,1,1,10,8,2,2,49,32,15,12,80,59,4,1,11,2001,0,0,0,12,23.43079331414431,74.90636704119851,73.46938775510205,107,17.080745341614904,50.0,80.0,71.875,2.090909090909091,2,4,21,67.52623688155923
S39G01N130,2021-2022,20211228,away,30,16,1,7,19,26,3,53,22,15,5,1,1,5,5,2,5,68,27,10,6,64,73,7,1,5,2013,0,0,0,6,-25.493818740932696,45.58404558404558,43.38235294117647,70,6.648936170212766,54.285714285714285,100.0,59.25925925925926,3.2,2,4,5,67.71982116244412,6,23,4,16,7,23,4,35,24,14,8,1,1,10,8,2,2,49,32,15,12,80,59,4,1,11,2013,0,0,0,12,25.493818740932696,74.90636704119851,73.46938775510205,107,17.080745341614904,50.0,80.0,71.875,2.090909090909091,2,4,21,67.71982116244412
S39G01N130,2021-2022,20211228,away,30,16,1,7,19,26,3,53,22,15,5,1,1,5,5,2,5,68,27,10,6,64,73,7,1,5,2013,0,0,0,6,-25.493818740932696,45.58404558404558,43.38235294117647,70,6.648936170212766,54.285714285714285,100.0,59.25925925925926,3.2,2,4,5,67.71982116244412,6,23,4,16,7,23,5,35,24,14,8,1,1,10,8,2,2,49,32,15,12,80,59,4,1,11,2013,0,0,0,12,25.493818740932696,74.90636704119851,73.46938775510205,108,17.080745341614904,50.0,80.0,71.875,2.090909090909091,2,4,21,67.71982116244412
S39G01N130,2021-2022,20211228,away,30,16,1,7,19,26,3,53,22,15,5,1,1,5,5,2,5,68,27,10,6,64,73,7,1,5,2025,0,0,0,6,-23.107297811144164,45.58404558404558,43.38235294117647,70,6.648936170212766,54.285714285714285,100.0,59.25925925925926,3.2,2,4,5,67.91111111111111,6,23,4,16,7,23,5,35,24,14,8,1,1,10,8,2,2,49,32,15,12,80,59,4,1,12,2025,0,0,0,13,23.107297811144164,74.90636704119851,73.46938775510205,107,18.34862385321101,50.0,80.0,71.875,1.9166666666666667,2,4,21,67.91111111111111
S39G01N130,2021-2022,20211228,away,30,16,1,7,19,26,3,53,22,15,5,1,1,5,5,2,5,68,27,10,6,64,73,8,1,5,2027,0,0,0,6,-23.107297811144164,45.58404558404558,43.38235294117647,71,6.648936170212766,54.285714285714285,100.0,59.25925925925926,3.2,2,4,5,67.84410458806119,6,23,4,16,7,23,5,35,24,14,8,1,1,10,8,2,2,49,32,15,12,80,59,4,1,12,2027,0,0,0,13,23.107297811144164,74.90636704119851,73.46938775510205,107,18.34862385321101,50.0,80.0,71.875,1.9166666666666667,2,4,21,67.84410458806119
S39G01N130,2021-2022,20211228,away,30,16,1,7,19,26,3,54,22,15,5,1,1,5,5,2,5,69,27,10,6,64,74,8,1,5,2035,0,0,0,6,-25.098189481751135,44.9438202247191,42.7536231884058,70,6.561679790026247,54.285714285714285,100.0,59.25925925925926,3.2,2,4,5,68.16707616707617,6,23,4,16,7,23,5,35,24,14,8,1,1,10,8,2,2,49,32,15,12,80,59,4,1,12,2035,0,0,0,13,25.098189481751135,74.90636704119851,73.46938775510205,107,18.34862385321101,50.0,80.0,71.875,1.9166666666666667,2,4,21,68.16707616707617
S39G01N130,2021-2022,20211228,away,30,16,1,7,20,27,3,54,22,15,5,1,1,5,5,2,5,69,27,10,6,64,74,8,1,5,2037,0,0,0,6,-23.107297811144164,44.9438202247191,42.7536231884058,71,6.561679790026247,55.55555555555556,100.0,59.25925925925926,3.2,2,4,5,67.51104565537555,6,23,4,16,7,23,5,35,24,14,8,1,1,10,8,2,2,49,32,15,12,80,59,4,1,12,2037,0,0,0,13,23.107297811144164,74.90636704119851,73.46938775510205,107,18.34862385321101,50.0,80.0,71.875,1.9166666666666667,2,4,21,67.51104565537555
S39G01N130,2021-2022,20211228,away,30,16,1,7,20,27,3,54,22,15,5,1,1,5,5,2,5,69,27,10,6,64,74,8,1,5,2045,0,0,0,6,-23.107297811144164,44.9438202247191,42.7536231884058,71,6.561679790026247,55.55555555555556,100.0,59.25925925925926,3.2,2,4,5,67.24694376528119,6,23,4,16,7,23,5,35,24,14,8,1,1,10,8,2,2,49,32,15,12,80,59,4,1,12,2045,0,0,0,13,23.107297811144164,74.90636704119851,73.46938775510205,107,18.34862385321101,50.0,80.0,71.875,1.9166666666666667,2,4,21,67.24694376528119
S39G01N130,2021-2022,20211228,away,30,16,1,7,20,27,3,54,22,15,5,1,1,5,5,2,5,69,27,10,6,64,74,8,1,5,2045,0,0,0,6,-23.107297811144164,44.9438202247191,42.7536231884058,71,6.561679790026247,55.55555555555556,100.0,59.25925925925926,3.2,2,4,5,67.24694376528119,6,23,4,16,7,23,5,35,24,14,8,1,1,10,8,2,2,49,32,15,12,80,59,4,1,12,2045,0,0,0,13,23.107297811144164,74.90636704119851,73.46938775510205,107,18.34862385321101,50.0,80.0,71.875,1.9166666666666667,2,4,21,67.24694376528119
S39G01N130,2021-2022,20211228,away,30,16,1,7,20,27,3,54,22,15,5,1,1,5,5,2,5,69,27,10,6,64,74,8,1,6,2051,0,0,0,7,-25.098189481751135,44.9438202247191,42.7536231884058,70,7.772020725388601,55.55555555555556,100.0,59.25925925925926,2.6666666666666665,2,4,5,67.63529985372989,6,23,4,16,7,23,5,35,24,14,8,1,1,10,8,2,2,49,32,15,12,80,59,4,1,12,2051,0,0,0,13,25.098189481751135,74.90636704119851,73.46938775510205,107,18.34862385321101,50.0,80.0,71.875,1.9166666666666667,2,4,21,67.63529985372989
S39G01N130,2021-2022,20211228,away,30,16,1,7,20,27,3,54,22,15,5,1,1,5,5,2,5,69,27,10,6,64,74,8,1,6,2053,0,0,0,7,-25.098189481751135,44.9438202247191,42.7536231884058,70,7.772020725388601,55.55555555555556,100.0,59.25925925925926,2.6666666666666665,2,4,5,67.56941061860692,6,23,4,16,7,23,5,35,24,14,8,1,1,10,8,2,2,49,32,15,12,80,59,5,1,12,2053,0,0,0,13,25.098189481751135,74.90636704119851,73.46938775510205,108,18.34862385321101,50.0,80.0,71.875,1.9166666666666667,2,4,21,67.56941061860692
S39G01N130,2021-2022,20211228,away,30,16,1,7,20,27,3,54,22,15,5,1,1,5,5,2,5,69,27,10,6,64,74,8,1,6,2070,0,0,0,7,-22.79202279202279,44.9438202247191,42.7536231884058,70,7.772020725388601,55.55555555555556,100.0,59.25925925925926,2.6666666666666665,2,4,5,67.59420289855073,6,23,4,16,7,23,5,36,24,14,8,1,1,10,8,2,2,50,32,15,12,80,60,5,1,12,2070,0,0,0,13,22.79202279202279,73.52941176470588,72.0,107,18.072289156626503,50.0,80.0,71.875,1.9166666666666667,2,4,21,67.59420289855073
S39G01N130,2021-2022,20211228,away,30,16,1,7,20,27,3,54,22,15,5,1,1,5,5,2,5,69,27,10,6,64,74,8,1,6,2070,0,0,0,7,-25.098189481751135,44.9438202247191,42.7536231884058,70,7.772020725388601,55.55555555555556,100.0,59.25925925925926,2.6666666666666665,2,4,5,67.0144927536232,6,23,4,16,8,24,5,36,24,14,8,1,1,10,8,2,2,50,32,15,12,80,60,5,1,12,2070,0,0,0,13,25.098189481751135,73.52941176470588,72.0,108,18.072289156626503,53.333333333333336,80.0,71.875,1.9166666666666667,2,4,21,67.0144927536232
S39G01N130,2021-2022,20211228,away,30,16,1,7,20,27,3,54,22,15,5,1,1,5,5,2,5,69,27,10,6,64,74,8,1,6,2070,0,0,0,7,-26.15902615902614,44.9438202247191,42.7536231884058,70,7.772020725388601,55.55555555555556,100.0,59.25925925925926,2.6666666666666665,2,4,5,67.59420289855073,6,23,4,16,8,24,5,37,25,14,8,1,1,10,8,2,2,51,33,15,12,82,61,5,1,12,2070,0,0,0,13,26.15902615902614,74.0072202166065,72.54901960784314,110,17.80415430267062,53.333333333333336,80.0,69.6969696969697,1.9166666666666667,2,4,21,67.59420289855073
S39G01N130,2021-2022,20211228,away,30,16,1,7,20,27,3,54,22,15,5,1,1,5,5,2,5,69,27,10,6,64,74,8,1,6,2070,0,0,0,7,-26.15902615902614,44.9438202247191,42.7536231884058,70,7.772020725388601,55.55555555555556,100.0,59.25925925925926,2.6666666666666665,2,4,5,67.59420289855073,6,23,4,16,8,24,5,37,25,14,8,1,1,10,8,2,2,51,33,15,12,82,61,5,1,12,2070,0,0,0,13,26.15902615902614,74.0072202166065,72.54901960784314,110,17.80415430267062,53.333333333333336,80.0,69.6969696969697,1.9166666666666667,2,4,21,67.59420289855073
S39G01N130,2021-2022,20211228,away,30,16,1,7,20,27,3,54,22,15,5,1,1,5,5,2,5,69,27,10,6,64,74,8,1,6,2070,0,0,0,7,-26.15902615902614,44.9438202247191,42.7536231884058,70,7.772020725388601,55.55555555555556,100.0,59.25925925925926,2.6666666666666665,2,4,5,67.59420289855073,6,23,4,16,8,24,5,37,25,14,8,1,1,10,8,2,2,51,33,15,12,82,61,5,1,12,2070,0,0,0,13,26.15902615902614,74.0072202166065,72.54901960784314,110,17.80415430267062,53.333333333333336,80.0,69.6969696969697,1.9166666666666667,2,4,21,67.59420289855073
S39G01N130,2021-2022,20211228,away,30,16,1,7,20,27,3,54,22,15,5,1,1,5,5,2,5,69,27,10,6,64,74,8,1,6,2070,0,0,0,7,-26.15902615902614,44.9438202247191,42.7536231884058,70,7.772020725388601,55.55555555555556,100.0,59.25925925925926,2.6666666666666665,2,4,5,67.59420289855073,6,23,4,16,8,24,5,37,25,14,8,1,1,10,8,2,2,51,33,15,12,82,61,5,1,12,2070,0,0,0,13,26.15902615902614,74.0072202166065,72.54901960784314,110,17.80415430267062,53.333333333333336,80.0,69.6969696969697,1.9166666666666667,2,4,21,67.59420289855073
S39G01N130,2021-2022,20211228,away,30,16,1,7,20,27,3,54,22,15,5,1,1,5,5,2,5,69,27,10,6,64,74,8,1,7,2079,0,0,0,8,-28.081502308306412,44.9438202247191,42.7536231884058,69,8.951406649616368,55.55555555555556,100.0,59.25925925925926,2.2857142857142856,2,4,5,67.87878787878788,6,23,4,16,8,24,5,37,25,14,8,1,1,10,8,2,2,51,33,15,12,82,61,5,1,12,2079,0,0,0,13,28.081502308306412,74.0072202166065,72.54901960784314,110,17.80415430267062,53.333333333333336,80.0,69.6969696969697,1.9166666666666667,2,4,21,67.87878787878788
S39G01N130,2021-2022,20211228,away,30,16,1,7,20,27,3,54,22,15,5,1,1,5,5,2,5,69,27,10,6,64,74,8,1,7,2096,0,0,0,8,-25.79595366514188,44.9438202247191,42.7536231884058,69,8.951406649616368,55.55555555555556,100.0,59.25925925925926,2.2857142857142856,2,4,5,67.90076335877862,6,23,4,16,8,24,5,38,25,14,8,1,1,10,8,2,2,52,33,15,12,82,62,5,1,12,2096,0,0,0,13,25.79595366514188,72.69503546099291,71.15384615384616,109,17.543859649122805,53.333333333333336,80.0,69.6969696969697,1.9166666666666667,2,4,21,67.90076335877862
S39G01N130,2021-2022,20211228,away,30,16,1,8,20,28,3,54,22,15,5,1,1,5,5,2,5,69,27,10,6,64,74,8,1,7,2097,0,0,0,8,-25.79595366514188,44.9438202247191,42.7536231884058,70,8.951406649616368,55.55555555555556,100.0,59.25925925925926,2.2857142857142856,2,4,5,67.8683834048641,6,23,4,16,8,24,5,38,25,14,8,1,1,10,8,2,2,52,33,15,12,82,62,5,1,12,2097,0,0,0,13,25.79595366514188,72.69503546099291,71.15384615384616,109,17.543859649122805,50.0,80.0,69.6969696969697,1.9166666666666667,2,4,21,67.8683834048641
S39G01N130,2021-2022,20211228,away,30,16,1,8,20,28,3,55,22,15,5,1,1,5,5,2,5,70,27,10,6,64,75,8,1,7,2112,0,0,0,8,-27.65348129586539,44.32132963988919,42.142857142857146,69,8.838383838383837,55.55555555555556,100.0,59.25925925925926,2.2857142857142856,2,4,5,67.95454545454547,6,23,4,16,8,24,5,38,25,14,8,1,1,10,8,2,2,52,33,15,12,82,62,5,1,12,2112,0,0,0,13,27.65348129586539,72.69503546099291,71.15384615384616,109,17.543859649122805,50.0,80.0,69.6969696969697,1.9166666666666667,2,4,21,67.95454545454547
S39G01N130,2021-2022,20211228,away,30,16,1,8,20,28,3,55,22,15,5,1,1,5,5,2,5,70,27,10,6,64,75,8,1,7,2114,0,0,0,8,-27.65348129586539,44.32132963988919,42.142857142857146,69,8.838383838383837,54.054054054054056,100.0,59.25925925925926,2.2857142857142856,2,4,5,67.89025543992432,6,23,4,17,8,25,5,38,25,14,8,1,1,10,8,2,2,52,33,15,12,82,62,5,1,12,2114,0,0,0,13,27.65348129586539,72.69503546099291,71.15384615384616,110,17.543859649122805,50.0,80.0,69.6969696969697,1.9166666666666667,2,4,21,67.89025543992432
S39G01N130,2021-2022,20211228,away,30,16,1,8,20,28,3,55,22,15,5,1,1,5,5,2,5,70,27,10,6,64,75,8,1,7,2131,0,0,0,8,-25.442380491240414,44.32132963988919,42.142857142857146,69,8.838383838383837,54.054054054054056,100.0,59.25925925925926,2.2857142857142856,2,4,5,67.91177850774285,6,23,4,17,8,25,5,38,25,15,8,1,1,10,8,2,2,53,33,15,12,82,63,5,1,12,2131,0,0,0,13,25.442380491240414,71.42857142857143,69.81132075471699,109,17.291066282420747,50.0,80.0,69.6969696969697,1.9166666666666667,2,4,21,67.91177850774285
S39G01N130,2021-2022,20211228,away,30,16,1,8,20,28,3,55,22,15,5,1,1,5,5,2,5,70,27,10,6,64,75,8,1,7,2133,0,0,0,8,-27.65348129586539,44.32132963988919,42.142857142857146,69,8.838383838383837,54.054054054054056,100.0,59.25925925925926,2.2857142857142856,2,4,5,67.28551336146273,6,23,4,17,9,26,5,38,25,15,8,1,1,10,8,2,2,53,33,15,12,82,63,5,1,12,2133,0,0,0,13,27.65348129586539,71.42857142857143,69.81132075471699,110,17.291066282420747,52.94117647058823,80.0,69.6969696969697,1.9166666666666667,2,4,21,67.28551336146273
S39G01N130,2021-2022,20211228,away,30,16,1,8,20,28,3,55,22,15,5,1,1,5,5,2,5,70,27,10,6,64,75,8,1,7,2141,0,0,0,8,-25.442380491240414,44.32132963988919,42.142857142857146,69,8.838383838383837,54.054054054054056,100.0,59.25925925925926,2.2857142857142856,2,4,5,67.59458197104158,6,23,4,17,9,26,5,38,25,15,8,1,1,10,8,2,2,53,33,15,12,82,63,5,1,13,2141,0,0,0,14,25.442380491240414,71.42857142857143,69.81132075471699,109,18.46590909090909,52.94117647058823,80.0,69.6969696969697,1.7692307692307692,2,4,21,67.59458197104158
S39G01N130,2021-2022,20211228,away,30,16,1,8,20,28,3,55,22,15,5,1,1,5,5,2,5,70,27,10,6,64,75,9,1,7,2143,0,0,0,8,-25.442380491240414,44.32132963988919,42.142857142857146,70,8.838383838383837,54.054054054054056,100.0,59.25925925925926,2.2857142857142856,2,4,5,67.53149790014,6,23,4,17,9,26,5,38,25,15,8,1,1,10,8,2,2,53,33,15,12,82,63,5,1,13,2143,0,0,0,14,25.442380491240414,71.42857142857143,69.81132075471699,109,18.46590909090909,52.94117647058823,80.0,69.6969696969697,1.7692307692307692,2,4,21,67.53149790014
S39G01N130,2021-2022,20211228,away,30,16,1,8,20,28,3,56,23,15,5,2,2,5,5,2,5,71,28,10,6,66,76,9,1,7,2145,0,0,0,8,-23.915937104331903,45.08196721311475,42.95774647887324,72,8.728179551122194,54.054054054054056,100.0,57.142857142857146,2.2857142857142856,2,4,5,68.02797202797204,6,23,4,17,9,26,5,38,25,15,8,1,1,10,8,2,2,53,33,15,12,82,63,5,1,13,2145,0,0,0,14,23.915937104331903,71.42857142857143,69.81132075471699,109,18.46590909090909,52.94117647058823,80.0,69.6969696969697,1.7692307692307692,2,4,21,68.02797202797204
S39G01N130,2021-2022,20211228,away,30,17,1,8,20,28,3,56,23,15,5,2,2,5,5,2,5,71,28,10,6,66,76,9,1,7,2145,0,0,0,8,-23.915937104331903,45.08196721311475,42.95774647887324,73,8.728179551122194,54.054054054054056,100.0,60.714285714285715,2.4285714285714284,2,4,5,68.02797202797204,6,23,4,17,9,26,5,38,25,15,8,1,1,10,8,2,2,53,33,15,12,82,63,5,1,13,2145,0,0,0,14,23.915937104331903,71.42857142857143,69.81132075471699,109,18.46590909090909,52.94117647058823,80.0,69.6969696969697,1.7692307692307692,2,4,21,68.02797202797204
S39G01N130,2021-2022,20211228,away,30,17,1,8,20,28,3,56,23,15,5,2,2,5,5,3,7,71,28,10,6,66,76,9,1,7,2145,0,0,0,8,-23.915937104331903,45.08196721311475,42.95774647887324,73,8.728179551122194,54.054054054054056,100.0,60.714285714285715,2.4285714285714284,2,4,5,68.02797202797204,6,23,4,17,9,26,5,38,25,15,8,1,1,10,8,2,2,53,33,15,12,82,63,5,1,13,2145,0,0,0,14,23.915937104331903,71.42857142857143,69.81132075471699,109,18.46590909090909,52.94117647058823,80.0,69.6969696969697,1.7692307692307692,2,4,21,68.02797202797204
S39G01N130,2021-2022,20211228,away,30,17,1,8,20,28,3,56,23,15,5,2,2,5,5,3,7,71,28,10,6,66,76,9,1,7,2161,0,0,0,8,-24.980833120368004,45.08196721311475,42.95774647887324,73,8.728179551122194,54.054054054054056,100.0,60.714285714285715,2.4285714285714284,2,4,5,68.07959278111986,6,23,4,17,9,26,5,39,26,15,8,1,1,10,8,2,2,54,34,15,12,84,64,5,1,13,2161,0,0,0,14,24.980833120368004,71.91780821917808,70.37037037037037,111,18.207282913165265,52.94117647058823,80.0,67.6470588235294,1.7692307692307692,2,4,21,68.07959278111986
S39G01N130,2021-2022,20211228,away,30,17,1,8,20,28,3,56,23,15,5,2,2,5,5,3,7,71,28,10,6,66,76,9,1,7,2161,0,0,0,8,-24.980833120368004,45.08196721311475,42.95774647887324,73,8.728179551122194,54.054054054054056,100.0,60.714285714285715,2.4285714285714284,2,4,5,68.07959278111986,6,24,4,17,9,26,5,39,26,15,8,1,1,10,8,2,2,54,34,15,12,84,64,5,1,13,2161,0,0,0,14,24.980833120368004,71.91780821917808,70.37037037037037,112,18.207282913165265,52.94117647058823,80.0,70.58823529411765,1.8461538461538463,2,4,21,68.07959278111986
S39G01N130,2021-2022,20211228,away,30,17,1,8,20,28,3,57,23,15,5,2,2,5,5,3,7,72,28,10,6,66,77,9,1,7,2179,0,0,0,8,-26.772247360482652,44.474393530997304,42.361111111111114,72,8.620689655172413,54.054054054054056,100.0,60.714285714285715,2.4285714285714284,2,4,5,68.06792106470859,6,24,4,17,9,26,5,39,26,15,8,1,1,10,8,2,2,54,34,15,12,84,64,5,1,13,2179,0,0,0,14,26.772247360482652,71.91780821917808,70.37037037037037,112,18.207282913165265,52.94117647058823,80.0,70.58823529411765,1.8461538461538463,2,4,21,68.06792106470859
S39G01N130,2021-2022,20211228,away,30,17,1,8,20,28,3,57,23,15,5,2,2,5,5,3,7,72,28,10,6,66,77,9,1,7,2181,0,0,0,8,-26.772247360482652,44.474393530997304,42.361111111111114,72,8.620689655172413,52.63157894736842,100.0,60.714285714285715,2.4285714285714284,2,4,5,68.00550206327372,6,24,4,18,9,27,5,39,26,15,8,1,1,10,8,2,2,54,34,15,12,84,64,5,1,13,2181,0,0,0,14,26.772247360482652,71.91780821917808,70.37037037037037,113,18.207282913165265,52.94117647058823,80.0,70.58823529411765,1.8461538461538463,2,4,21,68.00550206327372
S39G01N130,2021-2022,20211228,away,30,17,1,8,20,28,3,57,23,15,5,2,2,5,5,3,7,72,28,10,6,66,77,9,1,7,2191,0,0,0,8,-24.648976309766795,44.474393530997304,42.361111111111114,72,8.620689655172413,52.63157894736842,100.0,60.714285714285715,2.4285714285714284,2,4,5,68.24281150159744,6,24,4,18,9,27,5,40,26,15,8,1,1,10,8,2,2,55,34,15,12,84,65,5,1,13,2191,0,0,0,14,24.648976309766795,70.70707070707071,69.0909090909091,112,17.955801104972373,52.94117647058823,80.0,70.58823529411765,1.8461538461538463,2,4,21,68.24281150159744
S39G01N130,2021-2022,20211228,away,30,17,1,9,20,29,3,57,23,15,5,2,2,5,5,3,7,72,28,10,6,66,77,9,1,7,2193,0,0,0,8,-24.648976309766795,44.474393530997304,42.361111111111114,73,8.620689655172413,52.63157894736842,100.0,60.714285714285715,2.4285714285714284,2,4,5,68.18057455540357,6,24,4,18,9,27,5,40,26,15,8,1,1,10,8,2,2,55,34,15,12,84,65,5,1,13,2193,0,0,0,14,24.648976309766795,70.70707070707071,69.0909090909091,112,17.955801104972373,50.0,80.0,70.58823529411765,1.8461538461538463,2,4,21,68.18057455540357
S39G01N130,2021-2022,20211228,away,30,17,1,9,20,29,3,57,23,15,5,2,2,5,5,3,7,72,28,10,6,66,77,9,1,8,2195,0,0,0,9,-26.382788805826323,44.474393530997304,42.361111111111114,72,9.732360097323602,52.63157894736842,100.0,60.714285714285715,2.125,2,4,5,68.66514806378133,6,24,4,18,9,27,5,40,26,15,8,1,1,10,8,2,2,55,34,15,12,84,65,5,1,13,2195,0,0,0,14,26.382788805826323,70.70707070707071,69.0909090909091,112,17.955801104972373,50.0,80.0,70.58823529411765,1.8461538461538463,2,4,21,68.66514806378133
S39G01N130,2021-2022,20211228,away,30,17,1,9,20,29,3,57,23,15,5,2,2,5,5,3,7,72,28,10,6,66,77,9,1,8,2196,0,0,0,9,-26.382788805826323,44.474393530997304,42.361111111111114,72,9.732360097323602,52.63157894736842,100.0,60.714285714285715,2.125,2,4,5,68.63387978142077,6,24,4,18,9,27,5,40,26,15,8,1,1,10,8,2,2,55,34,15,12,84,65,6,1,13,2196,0,0,0,14,26.382788805826323,70.70707070707071,69.0909090909091,113,17.955801104972373,50.0,80.0,70.58823529411765,1.8461538461538463,2,4,21,68.63387978142077
S39G01N130,2021-2022,20211228,away,30,17,1,9,20,29,3,57,23,15,5,2,2,5,5,3,7,72,28,10,6,66,77,9,1,8,2213,0,0,0,9,-24.325457849853194,44.474393530997304,42.361111111111114,72,9.732360097323602,52.63157894736842,100.0,60.714285714285715,2.125,2,4,5,68.64889290555807,6,24,4,18,9,27,5,41,26,15,8,1,1,10,8,2,2,56,34,15,12,84,66,6,1,13,2213,0,0,0,14,24.325457849853194,69.5364238410596,67.85714285714286,112,17.711171662125338,50.0,80.0,70.58823529411765,1.8461538461538463,2,4,21,68.64889290555807
S39G01N130,2021-2022,20211228,away,30,17,1,10,20,30,3,57,23,15,5,2,2,5,5,3,7,72,28,10,6,66,77,9,1,8,2215,0,0,0,9,-24.325457849853194,44.474393530997304,42.361111111111114,73,9.732360097323602,52.63157894736842,100.0,60.714285714285715,2.125,2,4,5,68.58690744920995,6,24,4,18,9,27,5,41,26,15,8,1,1,10,8,2,2,56,34,15,12,84,66,6,1,13,2215,0,0,0,14,24.325457849853194,69.5364238410596,67.85714285714286,112,17.711171662125338,47.36842105263158,80.0,70.58823529411765,1.8461538461538463,2,4,21,68.58690744920995
S39G01N130,2021-2022,20211228,away,30,17,1,10,20,30,3,58,24,15,5,2,2,5,5,3,7,73,29,10,6,68,78,9,1,8,2234,0,0,0,9,-22.83984589983487,45.212765957446805,43.15068493150685,75,9.615384615384615,52.63157894736842,100.0,58.62068965517241,2.125,2,4,5,68.54073410922113,6,24,4,18,9,27,5,41,26,15,8,1,1,10,8,2,2,56,34,15,12,84,66,6,1,13,2234,0,0,0,14,22.83984589983487,69.5364238410596,67.85714285714286,112,17.711171662125338,47.36842105263158,80.0,70.58823529411765,1.8461538461538463,2,4,21,68.54073410922113
S39G01N130,2021-2022,20211228,away,30,18,1,10,20,30,3,58,24,15,5,2,2,5,5,3,7,73,29,10,6,68,78,9,1,8,2234,0,0,0,9,-22.83984589983487,45.212765957446805,43.15068493150685,76,9.615384615384615,52.63157894736842,100.0,62.06896551724138,2.25,2,4,5,68.54073410922113,6,24,4,18,9,27,5,41,26,15,8,1,1,10,8,2,2,56,34,15,12,84,66,6,1,13,2234,0,0,0,14,22.83984589983487,69.5364238410596,67.85714285714286,112,17.711171662125338,47.36842105263158,80.0,70.58823529411765,1.8461538461538463,2,4,21,68.54073410922113
S39G01N130,2021-2022,20211228,away,30,18,1,10,20,30,3,58,24,15,5,2,2,5,5,3,7,73,29,10,6,68,78,9,1,8,2246,0,0,0,9,-20.845430263616294,45.212765957446805,43.15068493150685,76,9.615384615384615,52.63157894736842,100.0,62.06896551724138,2.25,2,4,5,68.70881567230633,6,24,4,18,9,27,5,41,26,16,8,1,1,10,8,2,2,57,34,15,12,84,67,6,1,13,2246,0,0,0,14,20.845430263616294,68.40390879478828,66.66666666666667,111,17.473118279569892,47.36842105263158,80.0,70.58823529411765,1.8461538461538463,2,4,21,68.70881567230633
S39G01N130,2021-2022,20211228,away,30,18,1,10,20,30,3,58,24,15,5,2,2,5,5,3,7,73,29,10,6,68,78,9,1,8,2246,0,0,0,9,-22.83984589983487,45.212765957446805,43.15068493150685,76,9.615384615384615,52.63157894736842,100.0,62.06896551724138,2.25,2,4,5,68.17453250222619,6,24,4,18,10,28,5,41,26,16,8,1,1,10,8,2,2,57,34,15,12,84,67,6,1,13,2246,0,0,0,14,22.83984589983487,68.40390879478828,66.66666666666667,112,17.473118279569892,50.0,80.0,70.58823529411765,1.8461538461538463,2,4,21,68.17453250222619
S39G01N130,2021-2022,20211228,away,30,18,1,10,20,30,3,58,24,15,5,2,2,5,5,3,7,73,29,10,6,68,78,9,1,8,2246,0,0,0,9,-23.90353423915147,45.212765957446805,43.15068493150685,76,9.615384615384615,52.63157894736842,100.0,62.06896551724138,2.25,2,4,5,68.70881567230633,6,24,4,18,10,28,5,42,27,16,8,1,1,10,8,2,2,58,35,15,12,86,68,6,1,13,2246,0,0,0,14,23.90353423915147,68.91025641025641,67.24137931034483,114,17.241379310344826,50.0,80.0,68.57142857142857,1.8461538461538463,2,4,21,68.70881567230633
S39G01N130,2021-2022,20211228,away,30,18,1,10,20,30,3,58,24,15,5,2,2,5,5,3,7,73,29,10,6,68,78,9,1,8,2246,0,0,0,9,-23.90353423915147,45.212765957446805,43.15068493150685,76,9.615384615384615,52.63157894736842,100.0,62.06896551724138,2.25,2,4,5,68.70881567230633,6,24,4,18,10,28,5,42,27,16,8,1,1,10,8,2,2,58,35,15,12,86,68,6,1,13,2246,0,0,0,14,23.90353423915147,68.91025641025641,67.24137931034483,114,17.241379310344826,50.0,80.0,68.57142857142857,1.8461538461538463,2,4,21,68.70881567230633
S39G01N130,2021-2022,20211228,away,30,18,1,10,20,30,3,58,24,15,5,2,2,5,5,3,7,73,29,10,6,68,78,9,1,8,2246,0,0,0,9,-23.90353423915147,45.212765957446805,43.15068493150685,76,9.615384615384615,52.63157894736842,100.0,62.06896551724138,2.25,2,4,5,68.70881567230633,6,24,4,18,10,28,5,42,27,16,8,1,1,10,8,2,2,58,35,15,12,86,68,6,1,13,2246,0,0,0,14,23.90353423915147,68.91025641025641,67.24137931034483,114,17.241379310344826,50.0,80.0,68.57142857142857,1.8461538461538463,2,4,21,68.70881567230633
S39G01N130,2021-2022,20211228,away,30,18,1,10,20,30,3,58,24,15,5,2,2,5,5,3,7,73,29,10,6,68,78,9,1,8,2246,0,0,0,9,-23.90353423915147,45.212765957446805,43.15068493150685,76,9.615384615384615,52.63157894736842,100.0,62.06896551724138,2.25,2,4,5,68.70881567230633,6,24,4,18,10,28,5,42,27,16,8,1,1,10,8,2,2,58,35,15,12,86,68,6,1,13,2246,0,0,0,14,23.90353423915147,68.91025641025641,67.24137931034483,114,17.241379310344826,50.0,80.0,68.57142857142857,1.8461538461538463,2,4,21,68.70881567230633
S39G01N130,2021-2022,20211228,away,30,18,1,10,20,30,3,58,24,15,5,2,2,5,5,3,7,73,29,10,6,68,78,9,1,8,2246,0,0,0,9,-23.90353423915147,45.212765957446805,43.15068493150685,76,9.615384615384615,52.63157894736842,100.0,62.06896551724138,2.25,2,4,5,68.70881567230633,6,24,4,18,10,28,5,42,27,16,8,1,1,10,8,2,2,58,35,15,12,86,68,6,1,13,2246,0,0,0,14,23.90353423915147,68.91025641025641,67.24137931034483,114,17.241379310344826,50.0,80.0,68.57142857142857,1.8461538461538463,2,4,21,68.70881567230633
S39G01N130,2021-2022,20211228,away,30,18,1,10,20,30,3,58,24,15,5,2,2,5,5,3,7,73,29,10,6,68,78,9,1,8,2246,0,0,0,9,-23.90353423915147,45.212765957446805,43.15068493150685,76,9.615384615384615,52.63157894736842,100.0,62.06896551724138,2.25,2,4,5,68.70881567230633,6,24,4,18,10,28,5,42,27,16,8,1,1,10,8,2,2,58,35,15,12,86,68,6,1,13,2246,0,0,0,14,23.90353423915147,68.91025641025641,67.24137931034483,114,17.241379310344826,50.0,80.0,68.57142857142857,1.8461538461538463,2,4,21,68.70881567230633
S39G01N130,2021-2022,20211228,away,30,18,1,10,20,30,3,58,24,15,5,2,2,5,5,3,7,73,29,10,6,68,78,9,1,8,2246,0,0,0,9,-23.90353423915147,45.212765957446805,43.15068493150685,76,9.615384615384615,52.63157894736842,100.0,62.06896551724138,2.25,2,4,5,68.70881567230633,6,24,4,18,10,28,5,42,27,16,8,1,1,10,8,2,2,58,35,15,12,86,68,6,1,13,2246,0,0,0,14,23.90353423915147,68.91025641025641,67.24137931034483,114,17.241379310344826,50.0,80.0,68.57142857142857,1.8461538461538463,2,4,21,68.70881567230633
S39G01N130,2021-2022,20211228,away,30,18,1,10,20,30,3,58,24,15,5,2,2,5,5,3,7,73,29,10,6,68,78,9,1,8,2246,0,0,0,9,-23.90353423915147,45.212765957446805,43.15068493150685,76,9.615384615384615,52.63157894736842,100.0,62.06896551724138,2.25,2,4,5,68.70881567230633,6,24,4,18,10,28,5,42,27,16,8,1,1,10,8,2,2,58,35,15,12,86,68,6,1,13,2246,0,0,0,14,23.90353423915147,68.91025641025641,67.24137931034483,114,17.241379310344826,50.0,80.0,68.57142857142857,1.8461538461538463,2,4,21,68.70881567230633
S39G01N130,2021-2022,20211228,away,30,18,1,10,20,30,3,58,24,15,5,2,2,5,5,3,7,73,29,10,6,68,78,9,1,8,2269,0,0,0,9,-23.90353423915147,45.212765957446805,43.15068493150685,76,9.615384615384615,52.63157894736842,100.0,62.06896551724138,2.25,2,4,5,68.01234023799032,6,24,4,18,10,28,5,42,27,16,8,1,1,10,8,2,2,58,35,16,12,86,68,6,1,13,2269,0,0,0,14,23.90353423915147,68.91025641025641,67.24137931034483,114,17.241379310344826,50.0,80.0,68.57142857142857,1.8461538461538463,2,4,21,68.01234023799032
S39G01N130,2021-2022,20211228,away,30,18,1,10,20,30,3,58,24,15,5,2,2,5,5,3,7,73,29,10,6,68,78,9,1,8,2269,0,0,0,9,-23.90353423915147,45.212765957446805,43.15068493150685,76,9.615384615384615,52.63157894736842,100.0,62.06896551724138,2.25,2,4,5,68.01234023799032,6,24,4,18,10,28,5,42,27,16,8,1,1,10,8,2,2,58,35,16,12,86,68,6,1,13,2269,0,0,0,14,23.90353423915147,68.91025641025641,67.24137931034483,114,17.241379310344826,50.0,80.0,68.57142857142857,1.8461538461538463,2,4,21,68.01234023799032
S39G01N130,2021-2022,20211228,away,30,18,1,10,20,30,3,58,24,15,5,2,2,6,5,3,7,73,29,10,6,68,79,9,1,8,2269,0,0,0,9,-24.64743386441701,44.9497620306716,43.15068493150685,75,9.564801530368245,52.63157894736842,83.33333333333333,62.06896551724138,2.25,2,4,5,68.24504186866463,6,24,4,18,10,28,5,42,27,16,8,1,1,10,8,2,2,58,35,16,12,86,68,6,1,13,2269,0,0,0,14,24.64743386441701,68.91025641025641,67.24137931034483,114,17.241379310344826,50.0,80.0,68.57142857142857,1.8461538461538463,2,4,21,68.24504186866463
S39G01N130,2021-2022,20211228,away,30,18,1,10,20,30,3,58,24,15,5,2,2,7,6,3,7,73,29,10,6,69,80,9,1,8,2269,0,0,0,9,-23.820568326289376,45.34700315457413,43.15068493150685,76,9.514747859181732,52.63157894736842,85.71428571428571,62.06896551724138,2.25,1,4,5,68.47774349933893,6,24,4,18,10,28,5,42,27,16,8,1,1,10,8,2,2,58,35,16,12,86,68,6,1,13,2269,0,0,0,14,23.820568326289376,68.91025641025641,67.24137931034483,114,17.241379310344826,50.0,80.0,68.57142857142857,1.8461538461538463,1,4,21,68.47774349933893
S39G01N130,2021-2022,20211228,away,30,18,1,10,20,30,3,58,24,15,5,2,2,7,6,3,7,73,29,10,6,69,80,9,1,8,2269,0,0,0,9,-23.820568326289376,45.34700315457413,43.15068493150685,76,9.514747859181732,52.63157894736842,85.71428571428571,62.06896551724138,2.25,1,4,5,68.47774349933893,6,24,4,18,10,28,5,42,27,16,8,1,1,10,8,2,2,58,35,16,12,86,68,6,1,13,2269,0,0,0,14,23.820568326289376,68.91025641025641,67.24137931034483,114,17.241379310344826,50.0,80.0,68.57142857142857,1.8461538461538463,1,4,21,68.47774349933893
S39G01N130,2021-2022,20211228,away,30,18,1,10,20,30,3,58,24,15,5,2,2,7,6,3,7,73,29,10,6,69,80,9,1,8,2269,0,0,0,9,-23.820568326289376,45.34700315457413,43.15068493150685,76,9.514747859181732,52.63157894736842,85.71428571428571,62.06896551724138,2.25,1,4,5,68.47774349933893,6,24,4,18,10,28,5,42,27,16,8,1,1,10,8,2,2,58,35,16,12,86,68,6,1,13,2269,0,0,0,14,23.820568326289376,68.91025641025641,67.24137931034483,114,17.241379310344826,50.0,80.0,68.57142857142857,1.8461538461538463,1,4,21,68.47774349933893
S39G01N130,2021-2022,20211228,away,30,18,1,10,20,30,3,58,24,15,5,2,2,7,6,3,7,73,29,10,6,69,80,9,1,8,2287,0,0,0,9,-24.852217860204846,45.34700315457413,43.15068493150685,76,9.514747859181732,52.63157894736842,85.71428571428571,62.06896551724138,2.25,2,4,5,68.46348928727592,6,24,4,18,10,28,5,43,28,16,8,1,1,10,8,2,2,59,36,16,12,88,69,6,1,13,2287,0,0,0,14,24.852217860204846,69.4006309148265,67.79661016949153,116,17.015706806282722,50.0,80.0,66.66666666666667,1.8461538461538463,2,4,21,68.46348928727592
S39G01N130,2021-2022,20211228,away,30,18,1,10,20,30,3,58,24,16,5,2,2,7,6,3,7,74,29,10,6,69,81,9,1,8,2298,0,0,0,9,-26.506764612228864,44.75869226777374,42.567567567567565,75,9.402914903620122,52.63157894736842,85.71428571428571,62.06896551724138,2.25,2,4,5,68.65796344647521,6,24,4,18,10,28,5,43,28,16,8,1,1,10,8,2,2,59,36,16,12,88,69,6,1,13,2298,0,0,0,14,26.506764612228864,69.4006309148265,67.79661016949153,116,17.015706806282722,50.0,80.0,66.66666666666667,1.8461538461538463,2,4,21,68.65796344647521
S39G01N130,2021-2022,20211228,away,30,18,1,10,21,31,3,58,24,16,5,2,2,7,6,3,7,74,29,10,6,69,81,9,1,8,2298,0,0,0,9,-24.852217860204846,44.75869226777374,42.567567567567565,76,9.402914903620122,53.84615384615385,85.71428571428571,62.06896551724138,2.25,2,4,5,68.13577023498696,6,24,4,18,10,28,5,43,28,16,8,1,1,10,8,2,2,59,36,16,12,88,69,6,1,13,2298,0,0,0,14,24.852217860204846,69.4006309148265,67.79661016949153,116,17.015706806282722,50.0,80.0,66.66666666666667,1.8461538461538463,2,4,21,68.13577023498696
S39G01N130,2021-2022,20211228,away,30,18,1,10,21,31,3,59,25,16,5,2,2,7,6,3,7,75,30,10,6,71,82,9,1,8,2298,0,0,0,9,-23.433623862382518,45.466188524590166,43.333333333333336,78,9.29368029739777,53.84615384615385,85.71428571428571,60.0,2.25,2,4,5,68.65796344647521,6,24,4,18,10,28,5,43,28,16,8,1,1,10,8,2,2,59,36,16,12,88,69,6,1,13,2298,0,0,0,14,23.433623862382518,69.4006309148265,67.79661016949153,116,17.015706806282722,50.0,80.0,66.66666666666667,1.8461538461538463,2,4,21,68.65796344647521
S39G01N130,2021-2022,20211228,away,30,18,1,10,21,31,3,59,25,16,5,2,2,7,6,3,7,75,30,11,7,71,82,9,1,8,2303,0,0,0,9,-23.433623862382518,45.466188524590166,43.333333333333336,78,9.29368029739777,53.84615384615385,85.71428571428571,60.0,2.25,2,4,5,68.50890143291359,6,24,4,18,10,28,5,43,28,16,8,1,1,10,8,2,2,59,36,16,12,88,69,6,1,13,2303,0,0,0,14,23.433623862382518,69.4006309148265,67.79661016949153,116,17.015706806282722,50.0,80.0,66.66666666666667,1.8461538461538463,2,4,21,68.50890143291359
S39G01N130,2021-2022,20211228,away,30,18,1,10,21,31,3,59,25,16,5,2,2,7,6,3,7,75,30,11,7,71,82,9,1,8,2303,0,0,0,9,-23.433623862382518,45.466188524590166,43.333333333333336,78,9.29368029739777,53.84615384615385,85.71428571428571,60.0,2.25,2,4,5,68.50890143291359,6,24,4,18,10,28,5,43,28,16,8,1,1,10,8,2,2,59,36,16,12,88,69,6,1,13,2303,0,0,0,14,23.433623862382518,69.4006309148265,67.79661016949153,116,17.015706806282722,50.0,80.0,66.66666666666667,1.8461538461538463,2,4,21,68.50890143291359
S39G01N130,2021-2022,20211228,away,30,18,1,10,21,31,3,59,25,16,5,2,2,7,6,3,7,75,30,11,7,71,82,9,1,8,2303,0,0,0,9,-23.433623862382518,45.466188524590166,43.333333333333336,78,9.29368029739777,53.84615384615385,85.71428571428571,60.0,2.25,2,4,5,68.50890143291359,6,24,4,18,10,28,5,43,28,16,8,1,1,10,8,2,2,59,36,16,12,88,69,6,1,13,2303,0,0,0,14,23.433623862382518,69.4006309148265,67.79661016949153,116,17.015706806282722,50.0,80.0,66.66666666666667,1.8461538461538463,2,4,21,68.50890143291359
S39G01N130,2021-2022,20211228,away,30,18,1,10,21,31,3,59,25,16,5,2,2,7,6,3,7,75,30,11,7,71,82,9,1,8,2303,0,0,0,9,-23.433623862382518,45.466188524590166,43.333333333333336,78,9.29368029739777,53.84615384615385,85.71428571428571,60.0,2.25,2,4,5,68.50890143291359,6,24,4,18,10,28,5,43,28,16,8,1,1,10,8,2,2,59,36,16,12,88,69,6,1,13,2303,0,0,0,14,23.433623862382518,69.4006309148265,67.79661016949153,116,17.015706806282722,50.0,80.0,66.66666666666667,1.8461538461538463,2,4,21,68.50890143291359
S39G01N130,2021-2022,20211228,away,30,18,1,10,21,31,3,59,25,16,5,2,2,7,6,3,7,75,30,11,7,71,82,9,1,8,2315,0,0,0,9,-21.467301600039377,45.466188524590166,43.333333333333336,78,9.29368029739777,53.84615384615385,85.71428571428571,60.0,2.25,2,4,5,68.6721382289417,6,24,4,18,10,28,5,44,28,16,8,1,1,10,8,2,2,60,36,16,12,88,70,6,1,13,2315,0,0,0,14,21.467301600039377,68.32298136645962,66.66666666666667,115,16.795865633074936,50.0,80.0,66.66666666666667,1.8461538461538463,2,4,21,68.6721382289417
S39G01N130,2021-2022,20211228,away,30,18,1,10,21,31,3,59,25,16,5,2,2,7,6,3,7,75,30,11,7,71,82,9,1,8,2316,0,0,0,9,-23.433623862382518,45.466188524590166,43.333333333333336,78,9.29368029739777,53.84615384615385,85.71428571428571,60.0,2.25,2,4,5,68.12435233160622,6,24,4,18,11,29,5,44,28,16,8,1,1,10,8,2,2,60,36,16,12,88,70,6,1,13,2316,0,0,0,14,23.433623862382518,68.32298136645962,66.66666666666667,116,16.795865633074936,52.38095238095238,80.0,66.66666666666667,1.8461538461538463,2,4,21,68.12435233160622
S39G01N130,2021-2022,20211228,away,30,18,1,10,21,31,3,59,25,16,5,2,2,7,6,3,7,75,30,11,7,71,82,9,1,8,2330,0,0,0,9,-23.433623862382518,45.466188524590166,43.333333333333336,78,9.29368029739777,53.84615384615385,85.71428571428571,60.0,2.25,2,4,5,67.71502145922747,6,24,4,18,11,29,5,44,28,16,8,1,1,10,8,2,2,60,36,16,12,88,70,6,2,13,2330,0,0,0,15,23.433623862382518,68.32298136645962,66.66666666666667,115,16.795865633074936,52.38095238095238,80.0,66.66666666666667,1.8461538461538463,2,4,21,67.71502145922747
S39G01N130,2021-2022,20211228,away,30,18,1,10,21,31,3,59,25,16,5,2,2,7,6,3,7,75,30,11,7,71,82,9,1,8,2330,0,0,0,9,-23.433623862382518,45.466188524590166,43.333333333333336,78,9.29368029739777,53.84615384615385,85.71428571428571,60.0,2.25,2,4,5,67.71502145922747,6,24,4,18,11,29,5,44,28,16,8,1,1,10,8,2,2,60,36,16,12,88,70,6,2,13,2330,0,0,0,15,23.433623862382518,68.32298136645962,66.66666666666667,115,16.795865633074936,52.38095238095238,80.0,66.66666666666667,1.8461538461538463,2,4,21,67.71502145922747
S39G01N130,2021-2022,20211228,away,30,18,1,10,21,31,3,59,25,16,5,2,2,7,6,3,7,75,30,11,7,71,82,9,1,8,2330,0,0,0,9,-23.433623862382518,45.466188524590166,43.333333333333336,78,9.29368029739777,53.84615384615385,85.71428571428571,60.0,2.25,2,4,5,67.71502145922747,6,24,4,18,11,29,5,44,28,16,8,1,1,10,8,2,2,60,36,16,12,88,70,6,2,13,2330,0,0,0,15,23.433623862382518,68.32298136645962,66.66666666666667,115,16.795865633074936,52.38095238095238,80.0,66.66666666666667,1.8461538461538463,2,4,21,67.71502145922747
S39G01N130,2021-2022,20211228,away,30,18,1,10,21,31,3,59,25,16,5,2,2,7,6,3,7,75,30,11,7,71,82,9,1,9,2341,0,0,0,10,-25.0845999008139,45.466188524590166,43.333333333333336,77,10.335323840146991,53.84615384615385,85.71428571428571,60.0,2.0,2,4,5,67.90944041008117,6,24,4,18,11,29,5,44,28,16,8,1,1,10,8,2,2,60,36,16,12,88,70,6,2,13,2341,0,0,0,15,25.0845999008139,68.32298136645962,66.66666666666667,115,16.795865633074936,52.38095238095238,80.0,66.66666666666667,1.8461538461538463,2,4,21,67.90944041008117
S39G01N130,2021-2022,20211228,away,30,18,1,10,21,31,3,59,25,16,5,2,2,7,6,3,7,75,30,12,7,71,82,9,1,9,2362,0,0,0,10,-25.0845999008139,45.466188524590166,43.333333333333336,77,10.335323840146991,53.84615384615385,85.71428571428571,60.0,2.0,2,4,5,67.3056731583404,6,24,4,18,11,29,5,44,28,16,8,1,1,10,8,2,2,60,36,16,12,88,70,6,2,13,2362,0,0,0,15,25.0845999008139,68.32298136645962,66.66666666666667,115,16.795865633074936,52.38095238095238,80.0,66.66666666666667,1.8461538461538463,2,4,21,67.3056731583404
S39G01N130,2021-2022,20211228,away,30,18,1,10,21,31,3,59,25,16,5,2,2,7,6,3,7,75,30,12,7,71,82,9,1,9,2362,0,0,0,10,-25.0845999008139,45.466188524590166,43.333333333333336,77,10.335323840146991,53.84615384615385,85.71428571428571,60.0,2.0,2,4,5,67.3056731583404,6,24,4,18,11,29,5,44,28,16,8,1,1,10,8,2,2,60,36,16,12,88,70,6,2,13,2362,0,0,0,15,25.0845999008139,68.32298136645962,66.66666666666667,115,16.795865633074936,52.38095238095238,80.0,66.66666666666667,1.8461538461538463,2,4,21,67.3056731583404
S39G01N130,2021-2022,20211228,away,30,18,1,10,21,31,3,59,25,16,5,2,2,7,6,3,7,75,30,12,7,71,82,9,1,9,2362,0,0,0,10,-24.212169424870623,45.466188524590166,43.333333333333336,77,10.335323840146991,53.84615384615385,85.71428571428571,60.0,2.0,2,4,5,67.52921253175276,6,24,4,18,11,29,5,44,28,16,8,1,1,11,8,2,2,60,36,16,12,88,71,6,2,13,2362,0,0,0,15,24.212169424870623,67.85934608266501,66.66666666666667,114,16.700924974306268,52.38095238095238,72.72727272727273,66.66666666666667,1.8461538461538463,2,4,21,67.52921253175276
S39G01N130,2021-2022,20211228,away,30,18,1,10,21,31,3,59,25,16,5,2,2,7,6,3,7,75,30,12,7,71,82,9,1,9,2362,0,0,0,10,-23.351150049088332,45.466188524590166,43.333333333333336,77,10.335323840146991,53.84615384615385,85.71428571428571,60.0,2.0,2,4,5,67.75275190516511,6,24,4,18,11,29,5,44,28,16,8,1,1,12,8,2,2,60,36,16,12,88,72,6,2,13,2362,0,0,0,15,23.351150049088332,67.40196078431373,66.66666666666667,113,16.60705160960654,52.38095238095238,66.66666666666667,66.66666666666667,1.8461538461538463,2,4,21,67.75275190516511
S39G01N130,2021-2022,20211228,away,30,18,1,11,21,32,3,59,25,16,5,2,2,7,6,3,7,75,30,12,7,71,82,9,1,9,2363,0,0,0,10,-23.351150049088332,45.466188524590166,43.333333333333336,78,10.335323840146991,53.84615384615385,85.71428571428571,60.0,2.0,2,4,5,67.72407955988152,6,24,4,18,11,29,5,44,28,16,8,1,1,12,8,2,2,60,36,16,12,88,72,6,2,13,2363,0,0,0,15,23.351150049088332,67.40196078431373,66.66666666666667,113,16.60705160960654,50.0,66.66666666666667,66.66666666666667,1.8461538461538463,2,4,21,67.72407955988152
S39G01N130,2021-2022,20211228,away,30,18,1,11,21,32,3,59,25,16,5,2,2,7,6,3,7,75,30,12,7,71,82,9,1,9,2375,0,0,0,10,-23.351150049088332,45.466188524590166,43.333333333333336,78,10.335323840146991,53.84615384615385,85.71428571428571,60.0,2.0,2,4,5,67.38189473684211,6,24,4,18,11,29,5,44,28,16,8,1,1,12,8,2,2,60,36,17,12,88,72,6,2,13,2375,0,0,0,15,23.351150049088332,67.40196078431373,66.66666666666667,113,16.60705160960654,50.0,66.66666666666667,66.66666666666667,1.8461538461538463,2,4,21,67.38189473684211
S39G01N130,2021-2022,20211228,away,30,18,1,11,21,32,3,59,25,16,5,2,2,8,6,3,7,75,30,12,7,71,83,9,1,9,2375,0,0,0,10,-24.061854033689798,45.21141110545084,43.333333333333336,77,10.283363802559416,53.84615384615385,75.0,60.0,2.0,2,4,5,67.6042105263158,6,24,4,18,11,29,5,44,28,16,8,1,1,12,8,2,2,60,36,17,12,88,72,6,2,13,2375,0,0,0,15,24.061854033689798,67.40196078431373,66.66666666666667,113,16.60705160960654,50.0,66.66666666666667,66.66666666666667,1.8461538461538463,2,4,21,67.6042105263158
S39G01N130,2021-2022,20211228,away,30,18,1,11,21,32,3,59,25,16,5,2,2,9,7,3,7,75,30,12,7,72,84,9,1,9,2375,0,0,0,10,-23.269788909772018,45.59270516717326,43.333333333333336,78,10.231923601637108,53.84615384615385,77.77777777777777,60.0,2.0,3,4,5,67.82652631578948,6,24,4,18,11,29,5,44,28,16,8,1,1,12,8,2,2,60,36,17,12,88,72,6,2,13,2375,0,0,0,15,23.269788909772018,67.40196078431373,66.66666666666667,113,16.60705160960654,50.0,66.66666666666667,66.66666666666667,1.8461538461538463,3,4,21,67.82652631578948
S39G01N130,2021-2022,20211228,away,30,18,1,11,21,32,3,59,25,16,5,2,2,9,7,3,7,75,30,12,7,72,84,9,1,9,2389,0,0,0,10,-21.35419619403973,45.59270516717326,43.333333333333336,78,10.231923601637108,53.84615384615385,77.77777777777777,60.0,2.0,3,4,5,67.93135203013814,6,24,4,18,11,29,5,44,28,16,8,1,1,12,8,2,2,60,36,17,12,88,72,6,2,14,2389,0,0,0,16,21.35419619403973,67.40196078431373,66.66666666666667,112,17.658930373360242,50.0,66.66666666666667,66.66666666666667,1.7142857142857142,3,4,21,67.93135203013814
S39G01N130,2021-2022,20211228,away,30,18,1,11,21,32,3,59,25,16,5,2,2,9,7,3,7,75,30,12,7,72,84,10,1,9,2391,0,0,0,10,-21.35419619403973,45.59270516717326,43.333333333333336,79,10.231923601637108,53.84615384615385,77.77777777777777,60.0,2.0,3,4,5,67.8745294855709,6,24,4,18,11,29,5,44,28,16,8,1,1,12,8,2,2,60,36,17,12,88,72,6,2,14,2391,0,0,0,16,21.35419619403973,67.40196078431373,66.66666666666667,112,17.658930373360242,50.0,66.66666666666667,66.66666666666667,1.7142857142857142,3,4,21,67.8745294855709
S39G01N130,2021-2022,20211228,away,30,18,1,11,21,32,3,60,26,16,5,3,3,9,7,3,7,76,31,12,7,74,85,10,1,9,2393,0,0,0,10,-19.993496984511026,46.273136568284144,44.078947368421055,81,10.116906474820144,53.84615384615385,77.77777777777777,58.064516129032256,2.0,5,4,5,68.3192645215211,6,24,4,18,11,29,5,44,28,16,8,1,1,12,8,2,2,60,36,17,12,88,72,6,2,14,2393,0,0,0,16,19.993496984511026,67.40196078431373,66.66666666666667,112,17.658930373360242,50.0,66.66666666666667,66.66666666666667,1.7142857142857142,5,4,21,68.3192645215211
S39G01N130,2021-2022,20211228,away,30,19,1,11,21,32,3,60,26,16,5,3,3,9,7,3,7,76,31,12,7,74,85,10,1,9,2393,0,0,0,10,-19.993496984511026,46.273136568284144,44.078947368421055,82,10.116906474820144,53.84615384615385,77.77777777777777,61.29032258064516,2.111111111111111,5,4,5,68.3192645215211,6,24,4,18,11,29,5,44,28,16,8,1,1,12,8,2,2,60,36,17,12,88,72,6,2,14,2393,0,0,0,16,19.993496984511026,67.40196078431373,66.66666666666667,112,17.658930373360242,50.0,66.66666666666667,66.66666666666667,1.7142857142857142,5,4,21,68.3192645215211
S39G01N130,2021-2022,20211228,away,30,19,1,11,21,32,3,60,26,16,5,3,3,9,7,4,9,76,31,12,7,74,85,10,1,9,2393,0,0,0,10,-19.993496984511026,46.273136568284144,44.078947368421055,82,10.116906474820144,53.84615384615385,77.77777777777777,61.29032258064516,2.111111111111111,5,4,5,68.3192645215211,6,24,4,18,11,29,5,44,28,16,8,1,1,12,8,2,2,60,36,17,12,88,72,6,2,14,2393,0,0,0,16,19.993496984511026,67.40196078431373,66.66666666666667,112,17.658930373360242,50.0,66.66666666666667,66.66666666666667,1.7142857142857142,5,4,21,68.3192645215211
S39G01N130,2021-2022,20211228,away,30,19,1,11,21,32,3,60,26,16,5,3,3,9,7,4,9,76,31,12,7,74,85,10,1,9,2393,0,0,0,10,-19.993496984511026,46.273136568284144,44.078947368421055,82,10.116906474820144,53.84615384615385,77.77777777777777,61.29032258064516,2.111111111111111,5,4,5,68.3192645215211,6,24,4,18,11,29,5,44,28,16,8,1,1,12,8,2,2,60,36,17,12,88,72,6,2,14,2393,0,0,0,16,19.993496984511026,67.40196078431373,66.66666666666667,112,17.658930373360242,50.0,66.66666666666667,66.66666666666667,1.7142857142857142,5,4,21,68.3192645215211
S39G01N130,2021-2022,20211228,away,30,19,1,11,21,32,3,60,26,16,5,3,3,9,7,4,9,76,31,12,7,74,85,10,1,9,2400,0,0,0,10,-19.993496984511026,46.273136568284144,44.078947368421055,82,10.116906474820144,53.84615384615385,77.77777777777777,61.29032258064516,2.111111111111111,5,4,5,68.12,6,24,4,18,11,29,5,44,28,16,8,1,1,12,8,2,2,60,36,17,12,88,72,6,2,14,2400,0,0,0,16,19.993496984511026,67.40196078431373,66.66666666666667,112,17.658930373360242,50.0,66.66666666666667,66.66666666666667,1.7142857142857142,5,4,21,68.12
S39G01N130,2021-2022,20211228,away,30,19,1,11,21,32,3,60,26,16,5,3,3,9,7,4,9,76,31,12,7,74,85,10,1,9,2400,0,0,0,10,-19.993496984511026,46.273136568284144,44.078947368421055,82,10.116906474820144,53.84615384615385,77.77777777777777,61.29032258064516,2.111111111111111,5,4,5,68.12,6,24,4,18,11,29,5,44,28,16,8,1,1,12,8,2,2,60,36,17,12,88,72,6,2,14,2400,0,0,0,16,19.993496984511026,67.40196078431373,66.66666666666667,112,17.658930373360242,50.0,66.66666666666667,66.66666666666667,1.7142857142857142,5,4,21,68.12
S39G01N130,2021-2022,20211228,away,30,19,1,11,21,32,3,60,26,16,5,3,3,9,7,4,9,76,31,12,7,74,85,10,1,9,2400,0,0,0,10,-19.993496984511026,46.273136568284144,44.078947368421055,82,10.116906474820144,53.84615384615385,77.77777777777777,61.29032258064516,2.111111111111111,5,4,5,68.12,6,24,4,18,11,29,5,44,28,16,8,1,1,12,8,2,2,60,36,17,12,88,72,6,2,14,2400,0,0,0,16,19.993496984511026,67.40196078431373,66.66666666666667,112,17.658930373360242,50.0,66.66666666666667,66.66666666666667,1.7142857142857142,5,4,21,68.12
S39G01N130,2021-2022,20211228,away,30,19,1,11,21,32,3,60,26,16,5,3,3,9,7,4,9,76,31,12,7,74,85,10,1,9,2400,0,0,0,10,-19.993496984511026,46.273136568284144,44.078947368421055,82,10.116906474820144,53.84615384615385,77.77777777777777,61.29032258064516,2.111111111111111,5,4,5,68.12,6,24,4,18,11,29,5,44,28,16,8,1,1,12,8,2,2,60,36,17,12,88,72,6,2,14,2400,0,0,0,16,19.993496984511026,67.40196078431373,66.66666666666667,112,17.658930373360242,50.0,66.66666666666667,66.66666666666667,1.7142857142857142,5,4,21,68.12
S39G01N130,2021-2022,20211228,away,30,19,1,11,21,32,3,60,26,16,5,3,3,9,7,4,9,76,31,12,7,74,85,10,1,9,2400,0,0,0,10,-19.993496984511026,46.273136568284144,44.078947368421055,82,10.116906474820144,53.84615384615385,77.77777777777777,61.29032258064516,2.111111111111111,5,4,5,68.12,6,24,4,18,11,29,5,44,28,16,8,1,1,12,8,2,2,60,36,17,12,88,72,6,2,14,2400,0,0,0,16,19.993496984511026,67.40196078431373,66.66666666666667,112,17.658930373360242,50.0,66.66666666666667,66.66666666666667,1.7142857142857142,5,4,21,68.12
S39G01N130,2021-2022,20211228,away,30,19,1,11,21,32,3,60,26,16,5,3,3,9,7,4,9,76,31,12,7,74,85,10,1,9,2400,0,0,0,10,-19.993496984511026,46.273136568284144,44.078947368421055,82,10.116906474820144,53.84615384615385,77.77777777777777,61.29032258064516,2.111111111111111,5,4,5,68.12,6,24,4,18,11,29,5,44,28,16,8,1,1,12,8,2,2,60,36,17,12,88,72,6,2,14,2400,0,0,0,16,19.993496984511026,67.40196078431373,66.66666666666667,112,17.658930373360242,50.0,66.66666666666667,66.66666666666667,1.7142857142857142,5,4,21,68.12
S39G01N130,2021-2022,20211228,away,30,19,1,11,21,32,3,60,26,16,5,3,3,9,7,4,9,76,31,12,7,74,85,10,1,9,2400,0,0,0,10,-19.993496984511026,46.273136568284144,44.078947368421055,82,10.116906474820144,53.84615384615385,77.77777777777777,61.29032258064516,2.111111111111111,5,4,5,68.12,6,24,4,18,11,29,5,44,28,16,8,1,1,12,8,2,2,60,36,17,12,88,72,6,2,14,2400,0,0,0,16,19.993496984511026,67.40196078431373,66.66666666666667,112,17.658930373360242,50.0,66.66666666666667,66.66666666666667,1.7142857142857142,5,4,21,68.12
S39G01N130,2021-2022,20211228,away,30,19,1,11,21,32,3,60,26,16,5,3,3,9,7,4,9,76,31,12,7,74,85,10,1,9,2400,0,0,0,10,-19.993496984511026,46.273136568284144,44.078947368421055,82,10.116906474820144,53.84615384615385,77.77777777777777,61.29032258064516,2.111111111111111,5,4,5,68.12,6,24,4,18,11,29,5,44,28,16,8,1,1,12,8,2,2,60,36,17,12,88,72,6,2,14,2400,0,0,0,16,19.993496984511026,67.40196078431373,66.66666666666667,112,17.658930373360242,50.0,66.66666666666667,66.66666666666667,1.7142857142857142,5,4,21,68.12
S39G01N130,2021-2022,20211228,away,30,19,1,11,21,32,3,60,26,16,5,3,3,9,7,4,9,76,31,12,7,74,85,10,1,9,2400,0,0,0,10,-19.993496984511026,46.273136568284144,44.078947368421055,82,10.116906474820144,53.84615384615385,77.77777777777777,61.29032258064516,2.111111111111111,5,4,5,68.12,6,24,4,18,11,29,5,44,28,16,8,1,1,12,8,2,2,60,36,17,12,88,72,6,2,14,2400,0,0,0,16,19.993496984511026,67.40196078431373,66.66666666666667,112,17.658930373360242,50.0,66.66666666666667,66.66666666666667,1.7142857142857142,5,4,21,68.12
S39G01N130,2021-2022,20211228,away,30,19,1,11,21,32,3,60,26,16,5,3,3,9,7,4,9,76,31,12,7,74,85,10,1,9,2400,0,0,0,10,-19.993496984511026,46.273136568284144,44.078947368421055,82,10.116906474820144,53.84615384615385,77.77777777777777,61.29032258064516,2.111111111111111,5,4,5,68.12,6,24,4,18,11,29,5,44,28,16,8,1,1,12,8,2,2,60,36,17,12,88,72,6,2,14,2400,0,0,0,16,19.993496984511026,67.40196078431373,66.66666666666667,112,17.658930373360242,50.0,66.66666666666667,66.66666666666667,1.7142857142857142,5,4,21,68.12
