gameKey,seasonName,date,n,winner,H_TEAM,H_AST,H_BLK,H_DREB,H_OREB,H_PRB,H_TRB,H_2PA,H_2PM,H_3PA,H_3PM,H_DKA,H_DKM,H_FTA,H_FTM,H_SWA,H_SWM,H_FGA,H_FGM,H_TPF,H_PF,H_PP,H_PA,H_STL,H_TTO,H_PTO,H_MIN,H_UF,H_TF,H_EJ,H_TO,H_NR,H_TS%,H_eFG%,H_EFF,H_TOV%,H_OREB%,H_FT%,H_AST%,H_AST/TO%,H_CR,H_LC,H_LLP,H_PACE,A_TEAM,A_AST,A_BLK,A_DREB,A_OREB,A_PRB,A_TRB,A_2PA,A_2PM,A_3PA,A_3PM,A_DKA,A_DKM,A_FTA,A_FTM,A_SWA,A_SWM,A_FGA,A_FGM,A_TPF,A_PF,A_PP,A_PA,A_STL,A_TTO,A_PTO,A_MIN,A_UF,A_TF,A_EJ,A_TO,A_NR,A_TS%,A_eFG%,A_EFF,A_TOV%,A_OREB%,A_FT%,A_AST%,A_AST/TO%,A_CR,A_LC,A_LLP,A_PACE
S39G01N73,2021-2022,20211118,1,home,70,0,0,0,0,0,0,0,0,0,0,0,0,0,0,0,0,0,0,0,0,0,0,0,0,0,0,0,0,0,0,0.0,0.0,0.0,0,0.0,0.0,0.0,0.0,0.0,0,0,0,0.0,60,0,0,0,0,0,0,0,0,0,0,0,0,0,0,0,0,0,0,0,0,0,0,0,0,0,0,0,0,0,0,0.0,0.0,0.0,0,0.0,0.0,0.0,0.0,0.0,0,0,0,0.0
S39G01N73,2021-2022,20211118,2,home,70,0,0,0,0,0,0,0,0,0,0,0,0,0,0,0,0,0,0,0,0,0,0,0,0,0,0,0,0,0,0,0.0,0.0,0.0,0,0.0,0.0,0.0,0.0,0.0,0,0,0,0.0,60,0,0,0,0,0,0,0,0,0,0,0,0,0,0,0,0,0,0,0,0,0,0,0,0,0,0,0,0,0,0,0.0,0.0,0.0,0,0.0,0.0,0.0,0.0,0.0,0,0,0,0.0
S39G01N73,2021-2022,20211118,3,home,70,0,0,0,0,0,0,0,0,0,0,0,0,0,0,0,0,0,0,0,0,0,0,0,0,0,0,0,0,0,0,0.0,0.0,0.0,0,0.0,0.0,0.0,0.0,0.0,0,0,0,0.0,60,0,0,0,0,0,0,0,0,0,0,0,0,0,0,0,0,0,0,0,0,0,0,0,0,0,0,0,0,0,0,0.0,0.0,0.0,0,0.0,0.0,0.0,0.0,0.0,0,0,0,0.0
S39G01N73,2021-2022,20211118,4,home,70,0,0,0,0,0,0,0,0,0,0,0,0,0,0,0,0,0,0,0,0,0,0,0,0,0,0,0,0,0,0,0.0,0.0,0.0,0,0.0,0.0,0.0,0.0,0.0,0,0,0,0.0,60,0,0,0,0,0,0,0,0,0,0,0,0,0,0,0,0,0,0,0,0,0,0,0,0,0,0,0,0,0,0,0.0,0.0,0.0,0,0.0,0.0,0.0,0.0,0.0,0,0,0,0.0
S39G01N73,2021-2022,20211118,5,home,70,0,0,0,0,0,0,0,0,0,0,0,0,0,0,0,0,0,0,0,0,0,0,0,0,0,0,0,0,0,0,0.0,0.0,0.0,0,0.0,0.0,0.0,0.0,0.0,0,0,0,0.0,60,0,0,0,0,0,0,0,0,0,0,0,0,0,0,0,0,0,0,0,0,0,0,0,0,0,0,0,0,0,0,0.0,0.0,0.0,0,0.0,0.0,0.0,0.0,0.0,0,0,0,0.0
S39G01N73,2021-2022,20211118,6,home,70,0,0,0,0,0,0,0,0,0,0,0,0,0,0,0,0,0,0,0,0,0,0,0,0,0,0,0,0,0,0,0.0,0.0,0.0,0,0.0,0.0,0.0,0.0,0.0,0,0,0,0.0,60,0,0,0,0,0,0,0,0,0,0,0,0,0,0,0,0,0,0,0,0,0,0,0,0,0,0,0,0,0,0,0.0,0.0,0.0,0,0.0,0.0,0.0,0.0,0.0,0,0,0,0.0
S39G01N73,2021-2022,20211118,7,home,70,0,0,0,0,0,0,0,0,0,0,0,0,0,0,0,0,0,0,0,0,0,0,0,0,0,0,0,0,0,0,0.0,0.0,0.0,0,0.0,0.0,0.0,0.0,0.0,0,0,0,0.0,60,0,0,0,0,0,0,0,0,0,0,0,0,0,0,0,0,0,0,0,0,0,0,0,0,0,0,0,0,0,0,0.0,0.0,0.0,0,0.0,0.0,0.0,0.0,0.0,0,0,0,0.0
S39G01N73,2021-2022,20211118,8,home,70,0,0,0,0,0,0,0,0,0,0,0,0,0,0,0,0,0,0,0,0,0,0,0,0,0,0,0,0,0,0,0.0,0.0,0.0,0,0.0,0.0,0.0,0.0,0.0,0,0,0,0.0,60,0,0,0,0,0,0,0,0,0,0,0,0,0,0,0,0,0,0,0,0,0,0,0,0,0,0,0,0,0,0,0.0,0.0,0.0,0,0.0,0.0,0.0,0.0,0.0,0,0,0,0.0
S39G01N73,2021-2022,20211118,9,home,70,0,0,0,0,0,0,0,0,0,0,0,0,0,0,0,0,0,0,0,0,0,0,0,0,0,0,0,0,0,0,0.0,0.0,0.0,0,0.0,0.0,0.0,0.0,0.0,0,0,0,0.0,60,0,0,0,0,0,0,0,0,0,0,0,0,0,0,0,0,0,0,0,0,0,0,0,0,0,0,0,0,0,0,0.0,0.0,0.0,0,0.0,0.0,0.0,0.0,0.0,0,0,0,0.0
S39G01N73,2021-2022,20211118,10,home,70,0,0,0,0,0,0,0,0,0,0,0,0,0,0,0,0,0,0,0,0,0,0,0,0,0,0,0,0,0,0,0.0,0.0,0.0,0,0.0,0.0,0.0,0.0,0.0,0,0,0,0.0,60,0,0,0,0,0,0,0,0,0,0,0,0,0,0,0,0,0,0,0,0,0,0,0,0,0,0,0,0,0,0,0.0,0.0,0.0,0,0.0,0.0,0.0,0.0,0.0,0,0,0,0.0
S39G01N73,2021-2022,20211118,11,home,70,0,0,0,0,0,0,0,0,0,0,0,0,0,0,0,0,0,0,0,0,0,0,0,0,0,0,0,0,0,0,0.0,0.0,0.0,0,0.0,0.0,0.0,0.0,0.0,0,0,0,0.0,60,0,0,0,0,0,0,0,0,0,0,0,0,0,0,0,0,0,0,0,0,0,0,0,0,0,0,0,0,0,0,0.0,0.0,0.0,0,0.0,0.0,0.0,0.0,0.0,0,0,0,0.0
S39G01N73,2021-2022,20211118,12,home,70,0,0,0,0,0,0,1,1,0,0,0,0,0,0,0,0,1,1,0,0,2,1,0,0,0,13,0,0,0,0,200.0,100.0,100.0,2,0.0,0.0,0.0,0.0,0.0,2,1,2,92.3076923076923,60,0,0,0,0,0,0,0,0,0,0,0,0,0,0,0,0,0,0,0,0,0,0,0,0,0,13,0,0,0,0,-200.0,0.0,0.0,0,0.0,0.0,0.0,0.0,0.0,2,1,0,92.3076923076923
S39G01N73,2021-2022,20211118,13,home,70,0,0,0,0,0,0,1,1,0,0,0,0,0,0,0,0,1,1,0,0,2,1,0,0,0,35,0,0,0,0,-100.0,100.0,100.0,2,0.0,0.0,0.0,0.0,0.0,3,2,2,68.57142857142857,60,0,0,0,0,0,0,0,0,1,1,0,0,0,0,0,0,1,1,0,0,3,1,0,0,0,35,0,0,0,0,100.0,150.0,150.0,3,0.0,0.0,0.0,0.0,0.0,3,2,1,68.57142857142857
S39G01N73,2021-2022,20211118,14,home,70,0,0,0,0,0,0,1,1,0,0,0,0,0,0,0,0,1,1,0,0,2,1,0,0,0,35,0,0,0,0,-100.0,100.0,100.0,2,0.0,0.0,0.0,0.0,0.0,3,2,2,68.57142857142857,60,1,0,0,0,0,0,0,0,1,1,0,0,0,0,0,0,1,1,0,0,3,1,0,0,0,35,0,0,0,0,100.0,150.0,150.0,4,0.0,0.0,0.0,100.0,0.0,3,2,1,68.57142857142857
S39G01N73,2021-2022,20211118,15,home,70,0,0,0,0,0,0,1,1,0,0,0,0,0,0,0,0,1,1,0,0,2,1,0,0,1,54,0,0,0,1,-200.0,100.0,100.0,1,50.0,0.0,0.0,0.0,0.0,3,2,2,66.66666666666666,60,1,0,0,0,0,0,0,0,1,1,0,0,0,0,0,0,1,1,0,0,3,1,0,0,0,54,0,0,0,0,200.0,150.0,150.0,4,0.0,0.0,0.0,100.0,0.0,3,2,1,66.66666666666666
S39G01N73,2021-2022,20211118,16,home,70,0,0,0,0,0,0,1,1,0,0,0,0,0,0,0,0,1,1,0,0,2,1,0,0,1,71,0,0,0,1,-50.0,100.0,100.0,1,50.0,0.0,0.0,0.0,0.0,3,2,2,67.6056338028169,60,1,0,0,0,0,0,1,0,1,1,0,0,0,0,0,0,2,1,0,0,3,2,0,0,0,71,0,0,0,0,50.0,75.0,75.0,3,0.0,0.0,0.0,100.0,0.0,3,2,1,67.6056338028169
S39G01N73,2021-2022,20211118,17,home,70,0,0,1,0,1,0,1,1,0,0,0,0,0,0,0,0,1,1,0,0,2,1,0,0,1,72,0,0,0,1,-50.0,100.0,100.0,2,50.0,0.0,0.0,0.0,0.0,3,2,2,66.66666666666667,60,1,0,0,0,0,0,1,0,1,1,0,0,0,0,0,0,2,1,0,0,3,2,0,0,0,72,0,0,0,0,50.0,75.0,75.0,3,0.0,0.0,0.0,100.0,0.0,3,2,1,66.66666666666667
S39G01N73,2021-2022,20211118,18,home,70,0,0,1,0,1,0,1,1,0,0,0,0,0,0,0,0,1,1,0,0,2,1,0,0,2,84,0,0,0,2,-83.33333333333333,100.0,100.0,1,66.66666666666667,0.0,0.0,0.0,0.0,3,2,2,71.42857142857143,60,1,0,0,0,0,0,1,0,1,1,0,0,0,0,0,0,2,1,0,0,3,2,0,0,0,84,0,0,0,0,83.33333333333333,75.0,75.0,3,0.0,0.0,0.0,100.0,0.0,3,2,1,71.42857142857143
S39G01N73,2021-2022,20211118,19,home,70,0,0,1,0,1,0,1,1,0,0,0,0,0,0,0,0,1,1,0,0,2,1,0,0,2,85,0,0,0,2,-83.33333333333333,100.0,100.0,1,66.66666666666667,0.0,0.0,0.0,0.0,3,2,2,70.58823529411765,60,1,0,0,0,0,0,1,0,1,1,0,0,0,0,0,0,2,1,0,0,3,2,1,0,0,85,0,0,0,0,83.33333333333333,75.0,75.0,4,0.0,0.0,0.0,100.0,0.0,3,2,1,70.58823529411765
S39G01N73,2021-2022,20211118,20,home,70,0,0,1,0,1,0,1,1,0,0,0,0,0,0,0,0,1,1,0,0,2,1,0,0,2,90,0,0,0,2,-33.33333333333333,100.0,100.0,1,66.66666666666667,0.0,0.0,0.0,0.0,3,2,2,80.0,60,1,0,0,0,0,0,2,0,1,1,0,0,0,0,0,0,3,1,0,0,3,3,1,0,0,90,0,0,0,0,33.33333333333333,50.0,50.0,3,0.0,0.0,0.0,100.0,0.0,3,2,1,80.0
S39G01N73,2021-2022,20211118,21,home,70,0,1,1,0,1,0,1,1,0,0,0,0,0,0,0,0,1,1,0,0,2,1,0,0,2,91,0,0,0,2,-33.33333333333333,100.0,100.0,2,66.66666666666667,0.0,0.0,0.0,0.0,3,2,2,79.12087912087912,60,1,0,0,0,0,0,2,0,1,1,0,0,0,0,0,0,3,1,0,0,3,3,1,0,0,91,0,0,0,0,33.33333333333333,50.0,50.0,3,0.0,0.0,0.0,100.0,0.0,3,2,1,79.12087912087912
S39G01N73,2021-2022,20211118,22,home,70,0,1,2,0,2,0,1,1,0,0,0,0,0,0,0,0,1,1,0,0,2,1,0,0,2,91,0,0,0,2,-33.33333333333333,100.0,100.0,3,66.66666666666667,0.0,0.0,0.0,0.0,3,2,2,79.12087912087912,60,1,0,0,0,0,0,2,0,1,1,0,0,0,0,0,0,3,1,0,0,3,3,1,0,0,91,0,0,0,0,33.33333333333333,50.0,50.0,3,0.0,0.0,0.0,100.0,0.0,3,2,1,79.12087912087912
S39G01N73,2021-2022,20211118,23,home,70,0,1,2,0,2,0,2,2,0,0,0,0,0,0,0,0,2,2,0,0,4,2,0,0,2,105,0,0,0,2,0.0,100.0,100.0,5,50.0,0.0,0.0,0.0,0.0,2,3,2,80.0,60,1,0,0,0,0,0,2,0,1,1,0,0,0,0,0,0,3,1,0,0,3,3,1,0,0,105,0,0,0,0,0.0,50.0,50.0,3,0.0,0.0,0.0,100.0,0.0,2,3,1,80.0
S39G01N73,2021-2022,20211118,24,home,70,0,1,2,0,2,0,2,2,0,0,0,0,0,0,0,0,2,2,0,0,4,2,0,0,2,124,0,0,0,2,25.0,100.0,100.0,5,50.0,0.0,0.0,0.0,0.0,2,3,2,77.41935483870968,60,1,0,0,0,0,0,2,0,1,1,0,0,0,0,0,0,3,1,0,0,3,3,1,0,1,124,0,0,0,1,-25.0,50.0,50.0,2,25.0,0.0,0.0,100.0,1.0,2,3,1,77.41935483870968
S39G01N73,2021-2022,20211118,25,home,70,0,1,2,0,2,0,2,2,0,0,0,0,0,0,0,0,2,2,0,0,4,2,1,0,2,125,0,0,0,2,25.0,100.0,100.0,6,50.0,0.0,0.0,0.0,0.0,2,3,2,76.8,60,1,0,0,0,0,0,2,0,1,1,0,0,0,0,0,0,3,1,0,0,3,3,1,0,1,125,0,0,0,1,-25.0,50.0,50.0,2,25.0,0.0,0.0,100.0,1.0,2,3,1,76.8
S39G01N73,2021-2022,20211118,26,home,70,0,1,2,0,2,0,2,2,1,0,0,0,0,0,0,0,3,2,0,0,4,3,1,0,2,128,0,0,0,2,5.0,66.66666666666667,66.66666666666667,5,40.0,0.0,0.0,0.0,0.0,2,3,2,84.375,60,1,0,0,0,0,0,2,0,1,1,0,0,0,0,0,0,3,1,0,0,3,3,1,0,1,128,0,0,0,1,-5.0,50.0,50.0,2,25.0,0.0,0.0,100.0,1.0,2,3,1,84.375
S39G01N73,2021-2022,20211118,27,home,70,0,1,2,0,2,0,2,2,1,0,0,0,0,0,0,0,3,2,0,0,4,3,1,0,2,130,0,0,0,2,5.0,66.66666666666667,66.66666666666667,5,40.0,0.0,0.0,0.0,0.0,2,3,2,83.07692307692307,60,1,0,1,0,1,0,2,0,1,1,0,0,0,0,0,0,3,1,0,0,3,3,1,0,1,130,0,0,0,1,-5.0,50.0,50.0,3,25.0,0.0,0.0,100.0,1.0,2,3,1,83.07692307692307
S39G01N73,2021-2022,20211118,28,home,70,0,1,2,0,2,0,2,2,1,0,0,0,0,0,0,0,3,2,0,0,4,3,1,0,2,147,0,0,0,2,20.0,66.66666666666667,66.66666666666667,5,40.0,0.0,0.0,0.0,0.0,2,3,2,81.63265306122449,60,1,0,1,0,1,0,2,0,2,1,0,0,0,0,0,0,4,1,0,0,3,4,1,0,1,147,0,0,0,1,-20.0,37.5,37.5,2,20.0,0.0,0.0,100.0,1.0,2,3,1,81.63265306122449
S39G01N73,2021-2022,20211118,29,home,70,0,1,3,0,3,0,2,2,1,0,0,0,0,0,0,0,3,2,0,0,4,3,1,0,2,148,0,0,0,2,20.0,66.66666666666667,66.66666666666667,6,40.0,0.0,0.0,0.0,0.0,2,3,2,81.0810810810811,60,1,0,1,0,1,0,2,0,2,1,0,0,0,0,0,0,4,1,0,0,3,4,1,0,1,148,0,0,0,1,-20.0,37.5,37.5,2,20.0,0.0,0.0,100.0,1.0,2,3,1,81.0810810810811
S39G01N73,2021-2022,20211118,30,home,70,0,1,3,0,3,0,2,2,2,0,0,0,0,0,0,0,4,2,0,0,4,4,1,0,2,158,0,0,0,2,6.666666666666671,50.0,50.0,5,33.333333333333336,0.0,0.0,0.0,0.0,2,3,2,83.54430379746834,60,1,0,1,0,1,0,2,0,2,1,0,0,0,0,0,0,4,1,0,0,3,4,1,0,1,158,0,0,0,1,-6.666666666666671,37.5,37.5,2,20.0,0.0,0.0,100.0,1.0,2,3,1,83.54430379746834
S39G01N73,2021-2022,20211118,31,home,70,0,1,3,0,3,0,2,2,2,0,0,0,0,0,0,0,4,2,0,0,4,4,1,0,2,160,0,0,0,2,6.666666666666671,50.0,50.0,5,33.333333333333336,0.0,0.0,0.0,0.0,2,3,2,82.5,60,1,0,2,0,2,0,2,0,2,1,0,0,0,0,0,0,4,1,0,0,3,4,1,0,1,160,0,0,0,1,-6.666666666666671,37.5,37.5,3,20.0,0.0,0.0,100.0,1.0,2,3,1,82.5
S39G01N73,2021-2022,20211118,32,home,70,0,1,3,0,3,0,2,2,2,0,0,0,0,0,0,0,4,2,0,0,4,4,1,0,2,172,0,0,0,2,16.66666666666667,50.0,50.0,5,33.333333333333336,0.0,0.0,0.0,0.0,2,3,2,83.72093023255815,60,1,0,2,0,2,0,2,0,3,1,0,0,0,0,0,0,5,1,0,0,3,5,1,0,1,172,0,0,0,1,-16.66666666666667,30.0,30.0,2,16.666666666666668,0.0,0.0,100.0,1.0,2,3,1,83.72093023255815
S39G01N73,2021-2022,20211118,33,home,70,0,1,4,0,4,0,2,2,2,0,0,0,0,0,0,0,4,2,0,0,4,4,1,0,2,174,0,0,0,2,16.66666666666667,50.0,50.0,6,33.333333333333336,0.0,0.0,0.0,0.0,2,3,2,82.75862068965517,60,1,0,2,0,2,0,2,0,3,1,0,0,0,0,0,0,5,1,0,0,3,5,1,0,1,174,0,0,0,1,-16.66666666666667,30.0,30.0,2,16.666666666666668,0.0,0.0,100.0,1.0,2,3,1,82.75862068965517
S39G01N73,2021-2022,20211118,34,home,70,0,1,4,0,4,0,3,2,2,0,0,0,0,0,0,0,5,2,0,0,4,5,1,0,2,179,0,0,0,2,7.142857142857146,40.0,40.0,5,28.571428571428573,0.0,0.0,0.0,0.0,2,3,2,87.15083798882682,60,1,0,2,0,2,0,2,0,3,1,0,0,0,0,0,0,5,1,0,0,3,5,1,0,1,179,0,0,0,1,-7.142857142857146,30.0,30.0,2,16.666666666666668,0.0,0.0,100.0,1.0,2,3,1,87.15083798882682
S39G01N73,2021-2022,20211118,35,home,70,0,1,4,0,4,0,3,2,2,0,0,0,0,0,0,0,5,2,0,0,4,5,1,0,2,181,0,0,0,2,7.142857142857146,40.0,40.0,5,28.571428571428573,0.0,0.0,0.0,0.0,2,3,2,86.1878453038674,60,1,0,3,0,3,0,2,0,3,1,0,0,0,0,0,0,5,1,0,0,3,5,1,0,1,181,0,0,0,1,-7.142857142857146,30.0,30.0,3,16.666666666666668,0.0,0.0,100.0,1.0,2,3,1,86.1878453038674
S39G01N73,2021-2022,20211118,36,home,70,0,1,4,0,4,0,3,2,2,0,0,0,0,0,0,0,5,2,0,0,4,5,1,0,2,202,0,0,0,2,14.285714285714292,40.0,40.0,5,28.571428571428573,0.0,0.0,0.0,0.0,2,3,2,83.16831683168317,60,1,0,3,0,3,0,3,0,3,1,0,0,0,0,0,0,6,1,0,0,3,6,1,0,1,202,0,0,0,1,-14.285714285714292,25.0,25.0,2,14.285714285714286,0.0,0.0,100.0,1.0,2,3,1,83.16831683168317
S39G01N73,2021-2022,20211118,37,home,70,0,1,5,0,5,0,3,2,2,0,0,0,0,0,0,0,5,2,0,0,4,5,1,0,2,203,0,0,0,2,14.285714285714292,40.0,40.0,6,28.571428571428573,0.0,0.0,0.0,0.0,2,3,2,82.75862068965517,60,1,0,3,0,3,0,3,0,3,1,0,0,0,0,0,0,6,1,0,0,3,6,1,0,1,203,0,0,0,1,-14.285714285714292,25.0,25.0,2,14.285714285714286,0.0,0.0,100.0,1.0,2,3,1,82.75862068965517
S39G01N73,2021-2022,20211118,38,home,70,0,1,5,0,5,0,3,2,3,1,0,0,0,0,0,0,6,3,0,0,7,6,1,0,2,212,0,0,0,2,44.642857142857146,58.333333333333336,58.333333333333336,9,25.0,0.0,0.0,0.0,0.0,5,3,4,84.90566037735849,60,1,0,3,0,3,0,3,0,3,1,0,0,0,0,0,0,6,1,0,0,3,6,1,0,1,212,0,0,0,1,-44.642857142857146,25.0,25.0,2,14.285714285714286,0.0,0.0,100.0,1.0,5,3,1,84.90566037735849
S39G01N73,2021-2022,20211118,39,home,70,0,1,5,0,5,0,3,2,3,1,0,0,0,0,0,0,6,3,0,0,7,6,1,0,2,234,0,0,0,2,25.0,58.333333333333336,58.333333333333336,9,25.0,0.0,0.0,0.0,0.0,2,3,4,82.05128205128206,60,1,0,3,0,3,0,4,1,3,1,0,0,0,0,0,0,7,2,0,0,5,7,1,0,1,234,0,0,0,1,-25.0,35.714285714285715,35.714285714285715,4,12.5,0.0,0.0,50.0,1.0,2,3,1,82.05128205128206
S39G01N73,2021-2022,20211118,40,home,70,0,1,5,0,5,0,3,2,4,2,0,0,0,0,0,0,7,4,0,0,10,7,1,0,2,259,0,0,0,2,48.611111111111114,71.42857142857143,71.42857142857143,12,22.22222222222222,0.0,0.0,0.0,0.0,3,3,5,78.76447876447875,60,1,0,3,0,3,0,4,1,3,1,0,0,0,0,0,0,7,2,0,0,5,7,1,0,1,259,0,0,0,1,-48.611111111111114,35.714285714285715,35.714285714285715,4,12.5,0.0,0.0,50.0,1.0,3,3,1,78.76447876447875
S39G01N73,2021-2022,20211118,41,home,70,1,1,5,0,5,0,3,2,4,2,0,0,0,0,0,0,7,4,0,0,10,7,1,0,2,259,0,0,0,2,48.611111111111114,71.42857142857143,71.42857142857143,13,22.22222222222222,0.0,0.0,25.0,0.5,3,3,5,78.76447876447875,60,1,0,3,0,3,0,4,1,3,1,0,0,0,0,0,0,7,2,0,0,5,7,1,0,1,259,0,0,0,1,-48.611111111111114,35.714285714285715,35.714285714285715,4,12.5,0.0,0.0,50.0,1.0,3,3,1,78.76447876447875
S39G01N73,2021-2022,20211118,42,home,70,1,1,5,0,5,0,3,2,4,2,0,0,0,0,0,0,7,4,0,0,10,7,1,0,2,280,0,0,0,2,55.55555555555556,71.42857142857143,71.42857142857143,13,22.22222222222222,0.0,0.0,25.0,0.5,3,3,5,77.14285714285714,60,1,0,3,0,3,0,5,1,3,1,0,0,0,0,0,0,8,2,0,0,5,8,1,0,1,280,0,0,0,1,-55.55555555555556,31.25,31.25,3,11.11111111111111,0.0,0.0,50.0,1.0,3,3,1,77.14285714285714
S39G01N73,2021-2022,20211118,43,home,70,1,2,5,0,5,0,3,2,4,2,0,0,0,0,0,0,7,4,0,0,10,7,1,0,2,281,0,0,0,2,55.55555555555556,71.42857142857143,71.42857142857143,14,22.22222222222222,0.0,0.0,25.0,0.5,3,3,5,76.86832740213522,60,1,0,3,0,3,0,5,1,3,1,0,0,0,0,0,0,8,2,0,0,5,8,1,0,1,281,0,0,0,1,-55.55555555555556,31.25,31.25,3,11.11111111111111,0.0,0.0,50.0,1.0,3,3,1,76.86832740213522
S39G01N73,2021-2022,20211118,44,home,70,1,2,5,0,5,0,3,2,4,2,0,0,0,0,0,0,7,4,0,0,10,7,1,0,2,282,0,0,0,2,48.611111111111114,71.42857142857143,71.42857142857143,14,22.22222222222222,0.0,0.0,25.0,0.5,3,3,5,72.34042553191489,60,1,0,3,1,4,0,5,1,3,1,0,0,0,0,0,0,8,2,0,0,5,8,1,0,1,282,0,0,0,1,-48.611111111111114,31.25,31.25,4,11.11111111111111,16.666666666666668,0.0,50.0,1.0,3,3,1,72.34042553191489
S39G01N73,2021-2022,20211118,45,home,70,1,2,5,0,5,0,3,2,4,2,0,0,0,0,0,0,7,4,0,0,10,7,1,0,2,285,0,0,0,2,33.33333333333334,71.42857142857143,71.42857142857143,14,22.22222222222222,0.0,0.0,25.0,0.5,2,3,5,75.78947368421052,60,1,0,3,1,4,0,6,2,3,1,0,0,0,0,0,0,9,3,0,0,7,9,1,0,1,285,0,0,0,1,-33.33333333333334,38.888888888888886,38.888888888888886,6,10.0,16.666666666666668,0.0,33.333333333333336,1.0,2,3,1,75.78947368421052
S39G01N73,2021-2022,20211118,46,home,70,1,2,5,0,5,0,3,2,4,2,0,0,0,0,0,0,7,4,0,0,10,7,1,0,2,297,0,0,0,2,33.33333333333334,71.42857142857143,71.42857142857143,14,22.22222222222222,0.0,0.0,25.0,0.5,2,3,5,72.72727272727273,60,1,0,3,1,4,0,6,2,3,1,0,0,0,0,0,0,9,3,1,1,7,9,1,0,1,297,0,0,0,1,-33.33333333333334,38.888888888888886,38.888888888888886,6,10.0,16.666666666666668,0.0,33.333333333333336,1.0,2,3,1,72.72727272727273
S39G01N73,2021-2022,20211118,47,home,70,1,2,5,0,5,0,3,2,4,2,0,0,0,0,0,0,7,4,0,0,10,7,1,0,2,297,0,0,0,2,33.33333333333334,71.42857142857143,71.42857142857143,14,22.22222222222222,0.0,0.0,25.0,0.5,2,3,5,72.72727272727273,60,1,0,3,1,4,0,6,2,3,1,0,0,0,0,0,0,9,3,1,1,7,9,1,0,1,297,0,0,0,1,-33.33333333333334,38.888888888888886,38.888888888888886,6,10.0,16.666666666666668,0.0,33.333333333333336,1.0,2,3,1,72.72727272727273
S39G01N73,2021-2022,20211118,48,home,70,1,2,5,0,5,0,4,2,4,2,0,0,0,0,0,0,8,4,0,0,10,8,1,0,2,303,0,0,0,2,22.22222222222223,62.5,62.5,13,20.0,0.0,0.0,25.0,0.5,2,3,5,75.24752475247524,60,1,0,3,1,4,0,6,2,3,1,0,0,0,0,0,0,9,3,1,1,7,9,1,0,1,303,0,0,0,1,-22.22222222222223,38.888888888888886,38.888888888888886,6,10.0,16.666666666666668,0.0,33.333333333333336,1.0,2,3,1,75.24752475247524
S39G01N73,2021-2022,20211118,49,home,70,1,2,5,0,5,0,4,2,4,2,0,0,0,0,0,0,8,4,0,0,10,8,1,0,2,304,0,0,0,2,22.22222222222223,62.5,62.5,13,20.0,0.0,0.0,25.0,0.5,2,3,5,75.0,60,1,1,3,1,4,0,6,2,3,1,0,0,0,0,0,0,9,3,1,1,7,9,1,0,1,304,0,0,0,1,-22.22222222222223,38.888888888888886,38.888888888888886,7,10.0,16.666666666666668,0.0,33.333333333333336,1.0,2,3,1,75.0
S39G01N73,2021-2022,20211118,50,home,70,1,2,5,0,5,0,4,2,4,2,0,0,0,0,0,0,8,4,0,0,10,8,1,0,2,306,0,0,0,2,22.22222222222223,62.5,62.5,13,20.0,0.0,0.0,25.0,0.5,2,3,5,74.50980392156862,60,1,1,4,1,5,0,6,2,3,1,0,0,0,0,0,0,9,3,1,1,7,9,1,0,1,306,0,0,0,1,-22.22222222222223,38.888888888888886,38.888888888888886,8,10.0,16.666666666666668,0.0,33.333333333333336,1.0,2,3,1,74.50980392156862
S39G01N73,2021-2022,20211118,51,home,70,1,2,5,0,5,0,4,2,4,2,0,0,0,0,0,0,8,4,0,0,10,8,1,0,2,313,0,0,0,2,10.0,62.5,62.5,13,20.0,0.0,0.0,25.0,0.5,4,3,5,76.67731629392972,60,1,1,4,1,5,0,7,3,3,1,0,0,0,0,0,0,10,4,1,1,9,10,1,0,1,313,0,0,0,1,-10.0,45.0,45.0,10,9.090909090909092,16.666666666666668,0.0,25.0,1.0,4,3,1,76.67731629392972
S39G01N73,2021-2022,20211118,52,home,70,1,2,5,0,5,0,4,2,4,2,0,0,0,0,0,0,8,4,0,0,10,8,1,0,2,313,0,0,0,2,10.0,62.5,62.5,13,20.0,0.0,0.0,25.0,0.5,4,3,5,76.67731629392972,60,2,1,4,1,5,0,7,3,3,1,0,0,0,0,0,0,10,4,1,1,9,10,1,0,1,313,0,0,0,1,-10.0,45.0,45.0,11,9.090909090909092,16.666666666666668,0.0,50.0,2.0,4,3,1,76.67731629392972
S39G01N73,2021-2022,20211118,53,home,70,1,2,5,0,5,0,4,2,5,3,0,0,0,0,0,0,9,5,0,0,13,9,1,0,2,326,0,0,0,2,28.181818181818187,72.22222222222223,72.22222222222223,16,18.181818181818183,0.0,0.0,20.0,0.5,3,3,5,77.30061349693251,60,2,1,4,1,5,0,7,3,3,1,0,0,0,0,0,0,10,4,1,1,9,10,1,0,1,326,0,0,0,1,-28.181818181818187,45.0,45.0,11,9.090909090909092,16.666666666666668,0.0,50.0,2.0,3,3,1,77.30061349693251
S39G01N73,2021-2022,20211118,54,home,70,2,2,5,0,5,0,4,2,5,3,0,0,0,0,0,0,9,5,0,0,13,9,1,0,2,326,0,0,0,2,28.181818181818187,72.22222222222223,72.22222222222223,17,18.181818181818183,0.0,0.0,40.0,1.0,3,3,5,77.30061349693251,60,2,1,4,1,5,0,7,3,3,1,0,0,0,0,0,0,10,4,1,1,9,10,1,0,1,326,0,0,0,1,-28.181818181818187,45.0,45.0,11,9.090909090909092,16.666666666666668,0.0,50.0,2.0,3,3,1,77.30061349693251
S39G01N73,2021-2022,20211118,55,home,70,2,2,5,0,5,0,4,2,5,3,0,0,0,0,0,0,9,5,0,0,13,9,1,0,2,342,0,0,0,2,36.363636363636374,72.22222222222223,72.22222222222223,17,18.181818181818183,0.0,0.0,40.0,1.0,3,3,5,77.19298245614034,60,2,1,4,1,5,0,8,3,3,1,0,0,0,0,0,0,11,4,1,1,9,11,1,0,1,342,0,0,0,1,-36.363636363636374,40.90909090909091,40.90909090909091,10,8.333333333333334,16.666666666666668,0.0,50.0,2.0,3,3,1,77.19298245614034
S39G01N73,2021-2022,20211118,56,home,70,2,2,5,0,5,0,4,2,5,3,0,0,0,0,0,0,9,5,0,0,13,9,1,0,2,343,0,0,0,2,28.181818181818187,72.22222222222223,72.22222222222223,17,18.181818181818183,0.0,0.0,40.0,1.0,3,3,5,73.46938775510203,60,2,1,4,2,6,0,8,3,3,1,0,0,0,0,0,0,11,4,1,1,9,11,1,0,1,343,0,0,0,1,-28.181818181818187,40.90909090909091,40.90909090909091,11,8.333333333333334,28.571428571428573,0.0,50.0,2.0,3,3,1,73.46938775510203
S39G01N73,2021-2022,20211118,57,home,70,2,2,5,0,5,0,4,2,5,3,0,0,0,0,0,0,9,5,0,0,13,9,1,0,2,344,0,0,0,2,18.181818181818187,72.22222222222223,72.22222222222223,17,18.181818181818183,0.0,0.0,40.0,1.0,2,3,5,76.74418604651163,60,2,1,4,2,6,0,9,4,3,1,0,0,0,0,0,0,12,5,1,1,11,12,1,0,1,344,0,0,0,1,-18.181818181818187,45.833333333333336,45.833333333333336,13,7.6923076923076925,28.571428571428573,0.0,40.0,2.0,2,3,1,76.74418604651163
S39G01N73,2021-2022,20211118,58,home,70,2,2,5,0,5,0,4,2,6,4,0,0,0,0,0,0,10,6,0,0,16,10,1,0,2,359,0,0,0,2,33.33333333333334,80.0,80.0,20,16.666666666666668,0.0,0.0,33.333333333333336,1.0,3,3,5,76.88022284122563,60,2,1,4,2,6,0,9,4,3,1,0,0,0,0,0,0,12,5,1,1,11,12,1,0,1,359,0,0,0,1,-33.33333333333334,45.833333333333336,45.833333333333336,13,7.6923076923076925,28.571428571428573,0.0,40.0,2.0,3,3,1,76.88022284122563
S39G01N73,2021-2022,20211118,59,home,70,3,2,5,0,5,0,4,2,6,4,0,0,0,0,0,0,10,6,0,0,16,10,1,0,2,359,0,0,0,2,33.33333333333334,80.0,80.0,21,16.666666666666668,0.0,0.0,50.0,1.5,3,3,5,76.88022284122563,60,2,1,4,2,6,0,9,4,3,1,0,0,0,0,0,0,12,5,1,1,11,12,1,0,1,359,0,0,0,1,-33.33333333333334,45.833333333333336,45.833333333333336,13,7.6923076923076925,28.571428571428573,0.0,40.0,2.0,3,3,1,76.88022284122563
S39G01N73,2021-2022,20211118,60,home,70,3,2,5,0,5,0,4,2,6,4,0,0,0,0,0,0,10,6,0,0,16,10,1,0,2,375,0,0,0,2,16.66666666666667,80.0,80.0,21,16.666666666666668,0.0,0.0,50.0,1.5,3,3,5,76.80000000000001,60,2,1,4,2,6,0,9,4,4,2,0,0,0,0,0,0,13,6,1,1,14,13,1,0,1,375,0,0,0,1,-16.66666666666667,53.84615384615385,53.84615384615385,16,7.142857142857143,28.571428571428573,0.0,33.333333333333336,2.0,3,3,1,76.80000000000001
S39G01N73,2021-2022,20211118,61,home,70,3,2,5,0,5,0,4,2,6,4,0,0,0,0,0,0,10,6,0,0,16,10,1,0,2,375,0,0,0,2,16.66666666666667,80.0,80.0,21,16.666666666666668,0.0,0.0,50.0,1.5,3,3,5,76.80000000000001,60,3,1,4,2,6,0,9,4,4,2,0,0,0,0,0,0,13,6,1,1,14,13,1,0,1,375,0,0,0,1,-16.66666666666667,53.84615384615385,53.84615384615385,17,7.142857142857143,28.571428571428573,0.0,50.0,3.0,3,3,1,76.80000000000001
S39G01N73,2021-2022,20211118,62,home,70,3,2,5,0,5,0,4,2,7,4,0,0,0,0,0,0,11,6,0,0,16,11,1,0,2,389,0,0,0,2,6.410256410256409,72.72727272727273,72.72727272727273,20,15.384615384615385,0.0,0.0,50.0,1.5,3,3,5,77.12082262210797,60,3,1,4,2,6,0,9,4,4,2,0,0,0,0,0,0,13,6,1,1,14,13,1,0,1,389,0,0,0,1,-6.410256410256409,53.84615384615385,53.84615384615385,17,7.142857142857143,28.571428571428573,0.0,50.0,3.0,3,3,1,77.12082262210797
S39G01N73,2021-2022,20211118,63,home,70,3,2,5,0,5,0,4,2,7,4,0,0,0,0,0,0,11,6,0,0,16,11,1,0,2,390,0,0,0,2,6.410256410256409,72.72727272727273,72.72727272727273,20,15.384615384615385,0.0,0.0,50.0,1.5,3,3,5,76.92307692307693,60,3,1,5,2,7,0,9,4,4,2,0,0,0,0,0,0,13,6,1,1,14,13,1,0,1,390,0,0,0,1,-6.410256410256409,53.84615384615385,53.84615384615385,18,7.142857142857143,28.571428571428573,0.0,50.0,3.0,3,3,1,76.92307692307693
S39G01N73,2021-2022,20211118,64,home,70,3,2,5,0,5,0,4,2,7,4,0,0,0,0,0,0,11,6,0,0,16,11,1,0,2,393,0,0,0,2,15.384615384615387,72.72727272727273,72.72727272727273,20,15.384615384615385,0.0,0.0,50.0,1.5,3,3,5,79.38931297709924,60,3,1,5,2,7,0,9,4,4,2,0,0,0,0,0,0,13,6,1,1,14,13,1,0,2,393,0,0,0,2,-15.384615384615387,53.84615384615385,53.84615384615385,17,13.333333333333334,28.571428571428573,0.0,50.0,1.5,3,3,1,79.38931297709924
S39G01N73,2021-2022,20211118,65,home,70,3,2,5,0,5,0,4,2,8,4,0,0,0,0,0,0,12,6,0,0,16,12,1,0,2,408,0,0,0,2,6.593406593406598,66.66666666666667,66.66666666666667,19,14.285714285714286,0.0,0.0,50.0,1.5,3,3,5,79.41176470588236,60,3,1,5,2,7,0,9,4,4,2,0,0,0,0,0,0,13,6,1,1,14,13,1,0,2,408,0,0,0,2,-6.593406593406598,53.84615384615385,53.84615384615385,17,13.333333333333334,28.571428571428573,0.0,50.0,1.5,3,3,1,79.41176470588236
S39G01N73,2021-2022,20211118,66,home,70,3,2,5,1,6,0,4,2,8,4,0,0,0,0,0,0,12,6,0,0,16,12,1,0,2,409,0,0,0,2,15.384615384615387,66.66666666666667,66.66666666666667,20,14.285714285714286,16.666666666666668,0.0,50.0,1.5,3,3,5,76.28361858190709,60,3,1,5,2,7,0,9,4,4,2,0,0,0,0,0,0,13,6,1,1,14,13,1,0,2,409,0,0,0,2,-15.384615384615387,53.84615384615385,53.84615384615385,17,13.333333333333334,28.571428571428573,0.0,50.0,1.5,3,3,1,76.28361858190709
S39G01N73,2021-2022,20211118,67,home,70,3,2,5,1,6,0,5,2,8,4,0,0,0,0,0,0,13,6,0,0,16,13,1,0,2,413,0,0,0,2,6.593406593406598,61.53846153846154,61.53846153846154,19,13.333333333333334,16.666666666666668,0.0,50.0,1.5,3,3,5,78.4503631961259,60,3,1,5,2,7,0,9,4,4,2,0,0,0,0,0,0,13,6,1,1,14,13,1,0,2,413,0,0,0,2,-6.593406593406598,53.84615384615385,53.84615384615385,17,13.333333333333334,28.571428571428573,0.0,50.0,1.5,3,3,1,78.4503631961259
S39G01N73,2021-2022,20211118,68,home,70,3,2,5,1,6,0,5,2,8,4,0,0,0,0,0,0,13,6,0,0,16,13,1,0,2,414,0,0,0,2,6.593406593406598,61.53846153846154,61.53846153846154,19,13.333333333333334,14.285714285714286,0.0,50.0,1.5,3,3,5,78.26086956521739,60,3,1,6,2,8,0,9,4,4,2,0,0,0,0,0,0,13,6,1,1,14,13,1,0,2,414,0,0,0,2,-6.593406593406598,53.84615384615385,53.84615384615385,18,13.333333333333334,28.571428571428573,0.0,50.0,1.5,3,3,1,78.26086956521739
S39G01N73,2021-2022,20211118,69,home,70,3,2,5,1,6,0,5,2,8,4,0,0,0,0,0,0,13,6,0,0,16,13,1,0,2,425,0,0,0,2,14.285714285714292,61.53846153846154,61.53846153846154,19,13.333333333333334,14.285714285714286,0.0,50.0,1.5,3,3,5,79.05882352941177,60,3,1,6,2,8,0,10,4,4,2,0,0,0,0,0,0,14,6,1,1,14,14,1,0,2,425,0,0,0,2,-14.285714285714292,50.0,50.0,17,12.5,28.571428571428573,0.0,50.0,1.5,3,3,1,79.05882352941177
S39G01N73,2021-2022,20211118,70,home,70,3,2,5,1,6,0,5,2,8,4,0,0,0,0,0,0,13,6,0,0,16,13,1,0,2,427,0,0,0,2,6.593406593406598,61.53846153846154,61.53846153846154,19,13.333333333333334,14.285714285714286,0.0,50.0,1.5,3,3,5,75.87822014051523,60,3,1,6,3,9,0,10,4,4,2,0,0,0,0,0,0,14,6,1,1,14,14,1,0,2,427,0,0,0,2,-6.593406593406598,50.0,50.0,18,12.5,37.5,0.0,50.0,1.5,3,3,1,75.87822014051523
S39G01N73,2021-2022,20211118,71,home,70,3,2,5,1,6,0,5,2,8,4,0,0,0,0,0,0,13,6,0,0,16,13,1,0,2,435,0,0,0,2,14.285714285714292,61.53846153846154,61.53846153846154,19,13.333333333333334,14.285714285714286,0.0,50.0,1.5,3,3,5,77.24137931034483,60,3,1,6,3,9,0,10,4,5,2,0,0,0,0,0,0,15,6,1,1,14,15,1,0,2,435,0,0,0,2,-14.285714285714292,46.666666666666664,46.666666666666664,17,11.764705882352942,37.5,0.0,50.0,1.5,3,3,1,77.24137931034483
S39G01N73,2021-2022,20211118,72,home,70,3,2,5,1,6,0,5,2,8,4,0,0,0,0,0,0,13,6,0,0,16,13,1,0,2,436,0,0,0,2,6.593406593406598,61.53846153846154,61.53846153846154,19,13.333333333333334,14.285714285714286,0.0,50.0,1.5,3,3,5,74.31192660550458,60,3,1,6,4,10,0,10,4,5,2,0,0,0,0,0,0,15,6,1,1,14,15,1,0,2,436,0,0,0,2,-6.593406593406598,46.666666666666664,46.666666666666664,18,11.764705882352942,44.44444444444444,0.0,50.0,1.5,3,3,1,74.31192660550458
S39G01N73,2021-2022,20211118,73,home,70,3,2,5,1,6,0,5,2,8,4,0,0,0,0,0,0,13,6,1,1,16,13,1,0,2,437,0,0,0,2,6.593406593406598,61.53846153846154,61.53846153846154,19,13.333333333333334,14.285714285714286,0.0,50.0,1.5,3,3,5,74.14187643020595,60,3,1,6,4,10,0,10,4,5,2,0,0,0,0,0,0,15,6,1,1,14,15,1,0,2,437,0,0,0,2,-6.593406593406598,46.666666666666664,46.666666666666664,18,11.764705882352942,44.44444444444444,0.0,50.0,1.5,3,3,1,74.14187643020595
S39G01N73,2021-2022,20211118,74,home,70,3,2,5,1,6,0,5,2,8,4,0,0,0,0,0,0,13,6,1,1,16,13,1,0,2,437,0,0,0,2,6.593406593406598,61.53846153846154,61.53846153846154,19,13.333333333333334,14.285714285714286,0.0,50.0,1.5,3,3,5,74.14187643020595,60,3,1,6,4,10,0,10,4,5,2,0,0,0,0,0,0,15,6,1,1,14,15,1,0,2,437,0,0,0,2,-6.593406593406598,46.666666666666664,46.666666666666664,18,11.764705882352942,44.44444444444444,0.0,50.0,1.5,3,3,1,74.14187643020595
S39G01N73,2021-2022,20211118,75,home,70,3,2,5,1,6,0,5,2,8,4,0,0,0,0,0,0,13,6,1,1,16,13,1,0,2,445,0,0,0,2,14.285714285714292,61.53846153846154,61.53846153846154,19,13.333333333333334,14.285714285714286,0.0,50.0,1.5,3,3,5,75.50561797752809,60,3,1,6,4,10,0,11,4,5,2,0,0,0,0,0,0,16,6,1,1,14,16,1,0,2,445,0,0,0,2,-14.285714285714292,43.75,43.75,17,11.11111111111111,44.44444444444444,0.0,50.0,1.5,3,3,1,75.50561797752809
S39G01N73,2021-2022,20211118,76,home,70,3,2,6,1,7,0,5,2,8,4,0,0,0,0,0,0,13,6,1,1,16,13,1,0,2,446,0,0,0,2,14.285714285714292,61.53846153846154,61.53846153846154,20,13.333333333333334,14.285714285714286,0.0,50.0,1.5,3,3,5,75.33632286995517,60,3,1,6,4,10,0,11,4,5,2,0,0,0,0,0,0,16,6,1,1,14,16,1,0,2,446,0,0,0,2,-14.285714285714292,43.75,43.75,17,11.11111111111111,40.0,0.0,50.0,1.5,3,3,1,75.33632286995517
S39G01N73,2021-2022,20211118,77,home,70,3,2,6,1,7,0,5,2,8,4,0,0,0,0,0,0,13,6,1,1,16,13,1,0,2,450,0,0,0,2,14.285714285714292,61.53846153846154,61.53846153846154,20,13.333333333333334,14.285714285714286,0.0,50.0,1.5,3,3,5,74.66666666666666,60,3,1,6,4,10,0,11,4,5,2,0,0,0,0,0,0,16,6,2,1,14,16,1,0,2,450,0,0,0,2,-14.285714285714292,43.75,43.75,17,11.11111111111111,40.0,0.0,50.0,1.5,3,3,1,74.66666666666666
S39G01N73,2021-2022,20211118,78,home,70,3,2,6,1,7,0,5,2,8,4,0,0,0,0,0,0,13,6,1,1,16,13,1,0,2,450,0,0,0,2,14.285714285714292,61.53846153846154,61.53846153846154,20,13.333333333333334,14.285714285714286,0.0,50.0,1.5,3,3,5,74.66666666666666,60,3,1,6,4,10,0,11,4,5,2,0,0,0,0,0,0,16,6,2,1,14,16,1,0,2,450,0,0,0,2,-14.285714285714292,43.75,43.75,17,11.11111111111111,40.0,0.0,50.0,1.5,3,3,1,74.66666666666666
S39G01N73,2021-2022,20211118,79,home,70,3,2,6,1,7,0,5,2,8,4,0,0,0,0,1,0,13,6,1,1,16,13,1,0,2,450,0,0,0,2,14.285714285714292,61.53846153846154,61.53846153846154,20,13.333333333333334,14.285714285714286,0.0,50.0,1.5,3,3,5,74.66666666666666,60,3,1,6,4,10,0,11,4,5,2,0,0,0,0,0,0,16,6,2,1,14,16,1,0,2,450,0,0,0,2,-14.285714285714292,43.75,43.75,17,11.11111111111111,40.0,0.0,50.0,1.5,3,3,1,74.66666666666666
S39G01N73,2021-2022,20211118,80,home,70,3,2,6,1,7,0,5,2,8,4,0,0,0,0,1,0,13,6,1,1,16,13,1,0,2,450,0,0,0,2,14.285714285714292,61.53846153846154,61.53846153846154,20,13.333333333333334,14.285714285714286,0.0,50.0,1.5,3,3,5,74.66666666666666,60,3,1,6,4,10,0,11,4,5,2,0,0,0,0,0,0,16,6,2,1,14,16,1,0,2,450,0,0,0,2,-14.285714285714292,43.75,43.75,17,11.11111111111111,40.0,0.0,50.0,1.5,3,3,1,74.66666666666666
S39G01N73,2021-2022,20211118,81,home,70,3,2,6,1,7,0,5,2,8,4,0,0,0,0,1,0,13,6,1,1,16,13,1,0,2,450,0,0,0,2,14.285714285714292,61.53846153846154,61.53846153846154,20,13.333333333333334,14.285714285714286,0.0,50.0,1.5,3,3,5,74.66666666666666,60,3,1,6,4,10,0,11,4,5,2,0,0,0,0,0,0,16,6,2,1,14,16,1,0,2,450,0,0,0,2,-14.285714285714292,43.75,43.75,17,11.11111111111111,40.0,0.0,50.0,1.5,3,3,1,74.66666666666666
S39G01N73,2021-2022,20211118,82,home,70,3,2,6,1,7,0,5,2,8,4,0,0,0,0,1,0,13,6,1,1,16,13,1,0,2,450,0,0,0,2,14.285714285714292,61.53846153846154,61.53846153846154,20,13.333333333333334,14.285714285714286,0.0,50.0,1.5,3,3,5,74.66666666666666,60,3,1,6,4,10,0,11,4,5,2,0,0,0,0,0,0,16,6,2,1,14,16,1,0,2,450,0,0,0,2,-14.285714285714292,43.75,43.75,17,11.11111111111111,40.0,0.0,50.0,1.5,3,3,1,74.66666666666666
S39G01N73,2021-2022,20211118,83,home,70,3,2,6,1,7,0,5,2,8,4,0,0,0,0,1,0,13,6,1,1,16,13,1,0,2,450,0,0,0,2,14.285714285714292,61.53846153846154,61.53846153846154,20,13.333333333333334,14.285714285714286,0.0,50.0,1.5,3,3,5,74.66666666666666,60,3,1,6,4,10,0,11,4,5,2,0,0,0,0,0,0,16,6,2,1,14,16,1,0,2,450,0,0,0,2,-14.285714285714292,43.75,43.75,17,11.11111111111111,40.0,0.0,50.0,1.5,3,3,1,74.66666666666666
S39G01N73,2021-2022,20211118,84,home,70,3,2,6,1,7,0,5,2,8,4,0,0,1,1,1,0,13,6,1,1,17,14,1,0,2,450,0,0,0,2,17.72853185595568,63.24404761904762,61.53846153846154,21,12.953367875647668,14.285714285714286,100.0,50.0,1.5,1,3,5,75.83999999999999,60,3,1,6,4,10,0,11,4,5,2,0,0,0,0,0,0,16,6,2,1,14,16,1,0,2,450,0,0,0,2,-17.72853185595568,43.75,43.75,17,11.11111111111111,40.0,0.0,50.0,1.5,1,3,1,75.83999999999999
S39G01N73,2021-2022,20211118,85,home,70,3,2,6,1,7,0,5,2,8,4,0,0,2,2,1,0,13,6,1,1,18,15,1,0,2,450,0,0,0,2,20.967741935483858,64.8414985590778,61.53846153846154,22,12.594458438287154,14.285714285714286,100.0,50.0,1.5,2,3,5,77.01333333333334,60,3,1,6,4,10,0,11,4,5,2,0,0,0,0,0,0,16,6,2,1,14,16,1,0,2,450,0,0,0,2,-20.967741935483858,43.75,43.75,17,11.11111111111111,40.0,0.0,50.0,1.5,2,3,1,77.01333333333334
S39G01N73,2021-2022,20211118,86,home,70,3,2,6,1,7,0,5,2,8,4,0,0,2,2,1,0,13,6,2,2,18,15,1,0,2,463,0,0,0,2,20.967741935483858,64.8414985590778,61.53846153846154,22,12.594458438287154,14.285714285714286,100.0,50.0,1.5,2,3,5,74.85097192224623,60,3,1,6,4,10,0,11,4,5,2,0,0,0,0,0,0,16,6,2,1,14,16,1,0,2,463,0,0,0,2,-20.967741935483858,43.75,43.75,17,11.11111111111111,40.0,0.0,50.0,1.5,2,3,1,74.85097192224623
S39G01N73,2021-2022,20211118,87,home,70,3,2,6,1,7,0,5,2,8,4,0,0,2,2,1,0,13,6,2,2,18,15,1,0,2,463,0,0,0,2,20.967741935483858,64.8414985590778,61.53846153846154,22,12.594458438287154,14.285714285714286,100.0,50.0,1.5,2,3,5,74.85097192224623,60,3,1,6,4,10,0,11,4,5,2,0,0,0,0,0,0,16,6,2,1,14,16,1,0,2,463,0,0,0,2,-20.967741935483858,43.75,43.75,17,11.11111111111111,40.0,0.0,50.0,1.5,2,3,1,74.85097192224623
S39G01N73,2021-2022,20211118,88,home,70,3,2,6,1,7,0,5,2,8,4,0,0,2,2,1,0,13,6,2,2,18,15,1,0,2,471,0,0,0,2,27.63440860215053,64.8414985590778,61.53846153846154,22,12.594458438287154,14.285714285714286,100.0,50.0,1.5,2,3,5,76.12738853503186,60,3,1,6,4,10,0,12,4,5,2,0,0,0,0,0,0,17,6,2,1,14,17,1,0,2,471,0,0,0,2,-27.63440860215053,41.1764705882353,41.1764705882353,16,10.526315789473685,40.0,0.0,50.0,1.5,2,3,1,76.12738853503186
S39G01N73,2021-2022,20211118,89,home,70,3,2,7,1,8,0,5,2,8,4,0,0,2,2,1,0,13,6,2,2,18,15,1,0,2,472,0,0,0,2,27.63440860215053,64.8414985590778,61.53846153846154,23,12.594458438287154,14.285714285714286,100.0,50.0,1.5,2,3,5,75.96610169491525,60,3,1,6,4,10,0,12,4,5,2,0,0,0,0,0,0,17,6,2,1,14,17,1,0,2,472,0,0,0,2,-27.63440860215053,41.1764705882353,41.1764705882353,16,10.526315789473685,36.36363636363637,0.0,50.0,1.5,2,3,1,75.96610169491525
S39G01N73,2021-2022,20211118,90,home,70,3,2,7,1,8,0,5,2,9,4,0,0,2,2,1,0,14,6,2,2,18,16,1,0,2,479,0,0,0,2,20.016792611251034,60.48387096774193,57.142857142857146,22,11.848341232227487,14.285714285714286,100.0,50.0,1.5,2,3,5,77.36116910229646,60,3,1,6,4,10,0,12,4,5,2,0,0,0,0,0,0,17,6,2,1,14,17,1,0,2,479,0,0,0,2,-20.016792611251034,41.1764705882353,41.1764705882353,16,10.526315789473685,36.36363636363637,0.0,50.0,1.5,2,3,1,77.36116910229646
S39G01N73,2021-2022,20211118,91,home,70,3,2,7,1,8,0,5,2,9,4,0,0,2,2,1,0,14,6,2,2,18,16,1,0,2,481,0,0,0,2,20.016792611251034,60.48387096774193,57.142857142857146,22,11.848341232227487,12.5,100.0,50.0,1.5,2,3,5,77.03950103950105,60,3,1,7,4,11,0,12,4,5,2,0,0,0,0,0,0,17,6,2,1,14,17,1,0,2,481,0,0,0,2,-20.016792611251034,41.1764705882353,41.1764705882353,17,10.526315789473685,36.36363636363637,0.0,50.0,1.5,2,3,1,77.03950103950105
S39G01N73,2021-2022,20211118,92,home,70,3,2,7,1,8,0,5,2,9,4,0,0,2,2,1,0,14,6,2,2,18,16,1,0,2,497,0,0,0,2,25.850125944584363,60.48387096774193,57.142857142857146,22,11.848341232227487,12.5,100.0,50.0,1.5,2,3,5,76.9738430583501,60,3,1,7,4,11,0,12,4,6,2,0,0,0,0,0,0,18,6,2,1,14,18,1,0,2,497,0,0,0,2,-25.850125944584363,38.888888888888886,38.888888888888886,16,10.0,36.36363636363637,0.0,50.0,1.5,2,3,1,76.9738430583501
S39G01N73,2021-2022,20211118,93,home,70,3,2,8,1,9,0,5,2,9,4,0,0,2,2,1,0,14,6,2,2,18,16,1,0,2,503,0,0,0,2,25.850125944584363,60.48387096774193,57.142857142857146,23,11.848341232227487,12.5,100.0,50.0,1.5,2,3,5,76.05566600397614,60,3,1,7,4,11,0,12,4,6,2,0,0,0,0,0,0,18,6,2,1,14,18,1,0,2,503,0,0,0,2,-25.850125944584363,38.888888888888886,38.888888888888886,16,10.0,33.333333333333336,0.0,50.0,1.5,2,3,1,76.05566600397614
S39G01N73,2021-2022,20211118,94,home,70,3,2,8,1,9,0,6,3,9,4,0,0,2,2,1,0,15,7,2,2,20,17,1,0,2,513,0,0,0,2,30.98341232227486,62.97229219143576,60.0,25,11.185682326621922,12.5,100.0,42.857142857142854,1.5,4,3,6,76.91228070175438,60,3,1,7,4,11,0,12,4,6,2,0,0,0,0,0,0,18,6,2,1,14,18,1,0,2,513,0,0,0,2,-30.98341232227486,38.888888888888886,38.888888888888886,16,10.0,33.333333333333336,0.0,50.0,1.5,4,3,1,76.91228070175438
S39G01N73,2021-2022,20211118,95,home,70,4,2,8,1,9,0,6,3,9,4,0,0,2,2,1,0,15,7,2,2,20,17,1,0,2,513,0,0,0,2,30.98341232227486,62.97229219143576,60.0,26,11.185682326621922,12.5,100.0,57.142857142857146,2.0,4,3,6,76.91228070175438,60,3,1,7,4,11,0,12,4,6,2,0,0,0,0,0,0,18,6,2,1,14,18,1,0,2,513,0,0,0,2,-30.98341232227486,38.888888888888886,38.888888888888886,16,10.0,33.333333333333336,0.0,50.0,1.5,4,3,1,76.91228070175438
S39G01N73,2021-2022,20211118,96,home,70,4,2,8,1,9,0,6,3,9,4,0,0,2,2,1,0,15,7,2,2,20,17,1,0,2,538,0,0,0,2,30.98341232227486,62.97229219143576,60.0,26,11.185682326621922,12.5,100.0,57.142857142857146,2.0,4,3,6,73.33828996282529,60,3,1,7,4,11,0,12,4,6,2,0,0,0,0,0,0,18,6,2,1,14,18,1,1,2,538,0,0,0,3,-30.98341232227486,38.888888888888886,38.888888888888886,15,10.0,33.333333333333336,0.0,50.0,1.5,4,3,1,73.33828996282529
S39G01N73,2021-2022,20211118,97,home,70,4,2,8,1,9,0,6,3,9,4,0,0,2,2,1,0,15,7,2,2,20,17,1,0,2,557,0,0,0,2,30.98341232227486,62.97229219143576,60.0,26,11.185682326621922,12.5,100.0,57.142857142857146,2.0,4,3,6,70.83662477558349,60,3,1,7,4,11,0,12,4,6,2,0,0,0,0,0,0,18,6,3,1,14,18,1,1,2,557,0,0,0,3,-30.98341232227486,38.888888888888886,38.888888888888886,15,10.0,33.333333333333336,0.0,50.0,1.5,4,3,1,70.83662477558349
S39G01N73,2021-2022,20211118,98,home,70,4,2,8,1,9,0,6,3,9,4,0,0,2,2,1,0,15,7,2,2,20,17,1,0,2,557,0,0,0,2,30.98341232227486,62.97229219143576,60.0,26,11.185682326621922,12.5,100.0,57.142857142857146,2.0,4,3,6,70.83662477558349,60,3,1,7,4,11,0,12,4,6,2,0,0,0,0,0,0,18,6,3,1,14,18,1,1,2,557,0,0,0,3,-30.98341232227486,38.888888888888886,38.888888888888886,15,10.0,33.333333333333336,0.0,50.0,1.5,4,3,1,70.83662477558349
S39G01N73,2021-2022,20211118,99,home,70,4,2,8,1,9,0,6,3,9,4,0,0,2,2,1,0,15,7,2,2,20,17,1,0,2,557,0,0,0,2,30.98341232227486,62.97229219143576,60.0,26,11.185682326621922,12.5,100.0,57.142857142857146,2.0,4,3,6,70.83662477558349,60,3,1,7,4,11,0,12,4,6,2,0,0,0,0,0,0,18,6,3,1,14,18,1,1,2,557,0,0,0,3,-30.98341232227486,38.888888888888886,38.888888888888886,15,10.0,33.333333333333336,0.0,50.0,1.5,4,3,1,70.83662477558349
S39G01N73,2021-2022,20211118,100,home,70,4,2,8,1,9,0,6,3,9,4,0,0,2,2,1,0,15,7,2,2,20,17,1,0,2,557,0,0,0,2,30.98341232227486,62.97229219143576,60.0,26,11.185682326621922,12.5,100.0,57.142857142857146,2.0,4,3,6,70.83662477558349,60,3,1,7,4,11,0,12,4,6,2,0,0,0,0,0,0,18,6,3,1,14,18,1,1,2,557,0,0,0,3,-30.98341232227486,38.888888888888886,38.888888888888886,15,10.0,33.333333333333336,0.0,50.0,1.5,4,3,1,70.83662477558349
S39G01N73,2021-2022,20211118,101,home,70,4,2,8,1,9,0,6,3,9,4,0,0,2,2,1,0,15,7,2,2,20,17,1,0,2,557,0,0,0,2,30.98341232227486,62.97229219143576,60.0,26,11.185682326621922,12.5,100.0,57.142857142857146,2.0,4,3,6,70.83662477558349,60,3,1,7,4,11,0,12,4,6,2,0,0,0,0,0,0,18,6,3,1,14,18,1,1,2,557,0,0,0,3,-30.98341232227486,38.888888888888886,38.888888888888886,15,10.0,33.333333333333336,0.0,50.0,1.5,4,3,1,70.83662477558349
S39G01N73,2021-2022,20211118,102,home,70,4,2,8,1,9,0,6,3,9,4,0,0,3,3,1,0,15,7,2,2,21,18,1,0,2,557,0,0,0,2,33.74711316397229,64.33823529411765,60.0,27,10.91703056768559,12.5,100.0,57.142857142857146,2.0,5,3,7,71.78456014362658,60,3,1,7,4,11,0,12,4,6,2,0,0,0,0,0,0,18,6,3,1,14,18,1,1,2,557,0,0,0,3,-33.74711316397229,38.888888888888886,38.888888888888886,15,10.0,33.333333333333336,0.0,50.0,1.5,5,3,1,71.78456014362658
S39G01N73,2021-2022,20211118,103,home,70,4,2,8,1,9,0,6,3,9,4,0,0,4,3,1,0,15,7,2,2,21,19,1,0,2,557,0,0,0,2,30.743243243243228,62.64916467780429,60.0,26,10.660980810234541,12.5,75.0,57.142857142857146,2.0,5,3,7,72.73249551166967,60,3,1,7,4,11,0,12,4,6,2,0,0,0,0,0,0,18,6,3,1,14,18,1,1,2,557,0,0,0,3,-30.743243243243228,38.888888888888886,38.888888888888886,15,10.0,33.333333333333336,0.0,50.0,1.5,5,3,1,72.73249551166967
S39G01N73,2021-2022,20211118,104,home,70,4,2,8,2,10,0,6,3,9,4,0,0,4,3,1,0,15,7,2,2,21,19,1,0,2,558,0,0,0,2,37.79832935560859,62.64916467780429,60.0,27,10.660980810234541,22.22222222222222,75.0,57.142857142857146,2.0,5,3,7,70.45161290322581,60,3,1,7,4,11,0,12,4,6,2,0,0,0,0,0,0,18,6,3,1,14,18,1,1,2,558,0,0,0,3,-37.79832935560859,38.888888888888886,38.888888888888886,15,10.0,33.333333333333336,0.0,50.0,1.5,5,3,1,70.45161290322581
S39G01N73,2021-2022,20211118,105,home,70,4,2,8,2,10,0,7,4,9,4,0,0,4,3,1,0,16,8,2,2,23,20,1,0,2,561,0,0,0,2,42.004504504504496,64.75225225225225,62.5,29,10.121457489878543,22.22222222222222,75.0,50.0,2.0,7,3,9,72.21390374331553,60,3,1,7,4,11,0,12,4,6,2,0,0,0,0,0,0,18,6,3,1,14,18,1,1,2,561,0,0,0,3,-42.004504504504496,38.888888888888886,38.888888888888886,15,10.0,33.333333333333336,0.0,50.0,1.5,7,3,1,72.21390374331553
S39G01N73,2021-2022,20211118,106,home,70,4,2,8,2,10,0,7,4,9,4,0,0,4,3,1,0,16,8,2,2,23,20,1,0,2,579,0,0,0,2,47.1515633280339,64.75225225225225,62.5,29,10.121457489878543,22.22222222222222,75.0,50.0,2.0,7,3,9,72.04145077720207,60,3,1,7,4,11,0,13,4,6,2,0,0,0,0,0,0,19,6,3,1,14,19,1,1,2,579,0,0,0,3,-47.1515633280339,36.8421052631579,36.8421052631579,14,9.523809523809524,33.333333333333336,0.0,50.0,1.5,7,3,1,72.04145077720207
S39G01N73,2021-2022,20211118,107,home,70,4,2,8,2,10,0,7,4,9,4,0,0,4,3,1,0,16,8,2,2,23,20,1,0,2,580,0,0,0,2,42.004504504504496,64.75225225225225,62.5,29,10.121457489878543,22.22222222222222,75.0,50.0,2.0,7,3,9,69.84827586206897,60,3,1,7,5,12,0,13,4,6,2,0,0,0,0,0,0,19,6,3,1,14,19,1,1,2,580,0,0,0,3,-42.004504504504496,36.8421052631579,36.8421052631579,15,9.523809523809524,38.46153846153846,0.0,50.0,1.5,7,3,1,69.84827586206897
S39G01N73,2021-2022,20211118,108,home,70,4,2,8,2,10,0,7,4,9,4,0,0,4,3,1,0,16,8,2,2,23,20,1,0,2,580,0,0,0,2,35.38685744568096,64.75225225225225,62.5,29,10.121457489878543,22.22222222222222,75.0,50.0,2.0,2,3,9,71.91724137931035,60,3,1,7,5,12,0,14,5,6,2,0,0,0,0,0,0,20,7,3,1,16,20,1,1,2,580,0,0,0,3,-35.38685744568096,40.0,40.0,17,9.090909090909092,38.46153846153846,0.0,42.857142857142854,1.5,2,3,1,71.91724137931035
S39G01N73,2021-2022,20211118,109,home,70,4,2,8,2,10,0,7,4,10,4,0,0,4,3,1,0,17,8,2,2,23,21,1,0,2,599,0,0,0,2,28.483632258873683,61.30063965884861,58.8235294117647,28,9.633911368015413,22.22222222222222,75.0,50.0,2.0,2,3,9,71.63939899833056,60,3,1,7,5,12,0,14,5,6,2,0,0,0,0,0,0,20,7,3,1,16,20,1,1,2,599,0,0,0,3,-28.483632258873683,40.0,40.0,17,9.090909090909092,38.46153846153846,0.0,42.857142857142854,1.5,2,3,1,71.63939899833056
S39G01N73,2021-2022,20211118,110,home,70,4,2,8,2,10,0,7,4,10,4,0,0,4,3,1,0,17,8,2,2,23,21,1,0,2,599,0,0,0,2,28.483632258873683,61.30063965884861,58.8235294117647,28,9.633911368015413,20.0,75.0,50.0,2.0,2,3,9,71.63939899833056,60,3,1,8,5,13,0,14,5,6,2,0,0,0,0,0,0,20,7,3,1,16,20,1,1,2,599,0,0,0,3,-28.483632258873683,40.0,40.0,18,9.090909090909092,38.46153846153846,0.0,42.857142857142854,1.5,2,3,1,71.63939899833056
S39G01N73,2021-2022,20211118,111,home,70,4,2,8,2,10,0,7,4,10,4,0,0,4,3,1,0,17,8,2,2,23,21,1,0,2,599,0,0,0,2,28.483632258873683,61.30063965884861,58.8235294117647,28,9.633911368015413,20.0,75.0,50.0,2.0,2,3,9,71.63939899833056,60,3,1,8,5,13,0,14,5,6,2,0,0,0,0,0,0,20,7,3,1,16,20,1,1,2,599,0,0,0,3,-28.483632258873683,40.0,40.0,18,9.090909090909092,38.46153846153846,0.0,42.857142857142854,1.5,2,3,1,71.63939899833056
S39G01N73,2021-2022,20211118,112,home,70,4,2,8,2,10,0,7,4,10,4,0,0,4,3,1,0,17,8,2,2,23,21,1,0,2,600,0,0,0,2,28.483632258873683,61.30063965884861,58.8235294117647,28,9.633911368015413,20.0,75.0,50.0,2.0,2,3,9,71.52000000000001,60,3,1,8,5,13,0,14,5,6,2,0,0,0,0,0,0,20,7,3,1,16,20,1,1,2,600,0,0,0,3,-28.483632258873683,40.0,40.0,18,9.090909090909092,38.46153846153846,0.0,42.857142857142854,1.5,2,3,1,71.52000000000001
S39G01N73,2021-2022,20211118,113,home,70,4,2,8,2,10,0,7,4,10,4,0,0,4,3,1,0,17,8,2,2,23,21,1,0,2,600,0,0,0,2,28.483632258873683,61.30063965884861,58.8235294117647,28,9.633911368015413,20.0,75.0,50.0,2.0,2,3,9,71.52000000000001,60,3,1,8,5,13,0,14,5,6,2,0,0,0,0,0,0,20,7,3,1,16,20,1,1,2,600,0,0,0,3,-28.483632258873683,40.0,40.0,18,9.090909090909092,38.46153846153846,0.0,42.857142857142854,1.5,2,3,1,71.52000000000001
S39G01N73,2021-2022,20211118,114,home,70,4,2,8,2,10,0,7,4,10,4,0,0,4,3,1,0,17,8,2,2,23,21,1,0,2,600,0,0,0,2,28.483632258873683,61.30063965884861,58.8235294117647,28,9.633911368015413,20.0,75.0,50.0,2.0,2,3,9,71.52000000000001,60,3,1,8,5,13,0,14,5,6,2,0,0,0,0,0,0,20,7,3,1,16,20,1,1,2,600,0,0,0,3,-28.483632258873683,40.0,40.0,18,9.090909090909092,38.46153846153846,0.0,42.857142857142854,1.5,2,3,1,71.52000000000001
S39G01N73,2021-2022,20211118,115,home,70,4,2,8,2,10,0,7,4,10,4,0,0,4,3,1,0,17,8,2,2,23,21,1,0,2,600,0,0,0,2,28.483632258873683,61.30063965884861,58.8235294117647,28,9.633911368015413,20.0,75.0,50.0,2.0,2,3,9,71.52000000000001,60,3,1,8,5,13,0,14,5,6,2,0,0,0,0,0,0,20,7,3,1,16,20,1,1,2,600,0,0,0,3,-28.483632258873683,40.0,40.0,18,9.090909090909092,38.46153846153846,0.0,42.857142857142854,1.5,2,3,1,71.52000000000001
S39G01N73,2021-2022,20211118,116,home,70,4,2,8,2,10,0,7,4,10,4,0,0,4,3,1,0,17,8,2,2,23,21,1,0,2,600,0,0,0,2,28.483632258873683,61.30063965884861,58.8235294117647,28,9.633911368015413,20.0,75.0,50.0,2.0,2,3,9,71.52000000000001,60,3,1,8,5,13,0,14,5,6,2,0,0,0,0,0,0,20,7,3,1,16,20,1,1,2,600,0,0,0,3,-28.483632258873683,40.0,40.0,18,9.090909090909092,38.46153846153846,0.0,42.857142857142854,1.5,2,3,1,71.52000000000001
S39G01N73,2021-2022,20211118,117,home,70,4,2,8,2,10,0,7,4,10,4,0,0,4,3,1,0,17,8,2,2,23,21,1,0,2,600,0,0,0,2,28.483632258873683,61.30063965884861,58.8235294117647,28,9.633911368015413,20.0,75.0,50.0,2.0,2,3,9,71.52000000000001,60,3,1,8,5,13,0,14,5,6,2,0,0,0,0,0,0,20,7,3,1,16,20,1,1,2,600,0,0,0,3,-28.483632258873683,40.0,40.0,18,9.090909090909092,38.46153846153846,0.0,42.857142857142854,1.5,2,3,1,71.52000000000001
S39G01N73,2021-2022,20211118,118,home,70,4,2,8,2,10,0,7,4,10,4,0,0,4,3,1,0,17,8,2,2,23,21,1,0,2,600,0,0,0,2,28.483632258873683,61.30063965884861,58.8235294117647,28,9.633911368015413,20.0,75.0,50.0,2.0,2,3,9,71.52000000000001,60,3,1,8,5,13,0,14,5,6,2,0,0,0,0,0,0,20,7,3,1,16,20,1,1,2,600,0,0,0,3,-28.483632258873683,40.0,40.0,18,9.090909090909092,38.46153846153846,0.0,42.857142857142854,1.5,2,3,1,71.52000000000001
S39G01N73,2021-2022,20211118,119,home,70,4,2,8,2,10,0,7,4,10,4,0,0,4,3,1,0,17,8,2,2,23,21,1,0,2,600,0,0,0,2,28.483632258873683,61.30063965884861,58.8235294117647,28,9.633911368015413,20.0,75.0,50.0,2.0,2,3,9,71.52000000000001,60,3,1,8,5,13,0,14,5,6,2,0,0,0,0,0,0,20,7,3,1,16,20,1,1,2,600,0,0,0,3,-28.483632258873683,40.0,40.0,18,9.090909090909092,38.46153846153846,0.0,42.857142857142854,1.5,2,3,1,71.52000000000001
S39G01N73,2021-2022,20211118,120,home,70,4,2,8,2,10,0,7,4,10,4,0,0,4,3,1,0,17,8,2,2,23,21,1,0,2,600,0,0,0,2,28.483632258873683,61.30063965884861,58.8235294117647,28,9.633911368015413,20.0,75.0,50.0,2.0,2,3,9,71.52000000000001,60,3,1,8,5,13,0,14,5,6,2,0,0,0,0,0,0,20,7,3,1,16,20,1,1,2,600,0,0,0,3,-28.483632258873683,40.0,40.0,18,9.090909090909092,38.46153846153846,0.0,42.857142857142854,1.5,2,3,1,71.52000000000001
S39G01N73,2021-2022,20211118,121,home,70,4,2,8,2,10,0,7,4,10,4,0,0,4,3,1,0,17,8,2,2,23,21,1,0,2,600,0,0,0,2,28.483632258873683,61.30063965884861,58.8235294117647,28,9.633911368015413,20.0,75.0,50.0,2.0,2,3,9,71.52000000000001,60,3,1,8,5,13,0,14,5,6,2,0,0,0,0,0,0,20,7,3,1,16,20,1,1,2,600,0,0,0,3,-28.483632258873683,40.0,40.0,18,9.090909090909092,38.46153846153846,0.0,42.857142857142854,1.5,2,3,1,71.52000000000001
S39G01N73,2021-2022,20211118,122,home,70,4,2,8,2,10,0,7,4,10,4,0,0,4,3,1,0,17,8,2,2,23,21,1,0,2,600,0,0,0,2,28.483632258873683,61.30063965884861,58.8235294117647,28,9.633911368015413,20.0,75.0,50.0,2.0,2,3,9,71.52000000000001,60,3,1,8,5,13,0,14,5,6,2,0,0,0,0,0,0,20,7,3,1,16,20,1,1,2,600,0,0,0,3,-28.483632258873683,40.0,40.0,18,9.090909090909092,38.46153846153846,0.0,42.857142857142854,1.5,2,3,1,71.52000000000001
S39G01N73,2021-2022,20211118,123,home,70,4,2,8,2,10,0,7,4,10,4,0,0,4,3,1,0,17,8,2,2,23,21,1,0,2,600,0,0,0,2,28.483632258873683,61.30063965884861,58.8235294117647,28,9.633911368015413,20.0,75.0,50.0,2.0,2,3,9,71.52000000000001,60,3,1,8,5,13,0,14,5,6,2,0,0,0,0,0,0,20,7,3,1,16,20,1,1,2,600,0,0,0,3,-28.483632258873683,40.0,40.0,18,9.090909090909092,38.46153846153846,0.0,42.857142857142854,1.5,2,3,1,71.52000000000001
S39G01N73,2021-2022,20211118,124,home,70,4,2,8,2,10,0,7,4,10,4,0,0,4,3,1,0,17,8,2,2,23,21,1,0,2,600,0,0,0,2,28.483632258873683,61.30063965884861,58.8235294117647,28,9.633911368015413,20.0,75.0,50.0,2.0,2,3,9,71.52000000000001,60,3,1,8,5,13,0,14,5,6,2,0,0,0,0,0,0,20,7,3,1,16,20,1,1,2,600,0,0,0,3,-28.483632258873683,40.0,40.0,18,9.090909090909092,38.46153846153846,0.0,42.857142857142854,1.5,2,3,1,71.52000000000001
S39G01N73,2021-2022,20211118,125,home,70,4,2,8,2,10,0,7,4,10,4,0,0,4,3,1,0,17,8,2,2,23,21,1,0,2,600,0,0,0,2,28.483632258873683,61.30063965884861,58.8235294117647,28,9.633911368015413,20.0,75.0,50.0,2.0,2,3,9,71.52000000000001,60,3,1,8,5,13,0,14,5,6,2,0,0,0,0,0,0,20,7,3,1,16,20,1,1,2,600,0,0,0,3,-28.483632258873683,40.0,40.0,18,9.090909090909092,38.46153846153846,0.0,42.857142857142854,1.5,2,3,1,71.52000000000001
S39G01N73,2021-2022,20211118,126,home,70,4,2,8,2,10,0,7,4,10,4,0,0,4,3,1,0,17,8,2,2,23,21,1,0,2,600,0,0,0,2,28.483632258873683,61.30063965884861,58.8235294117647,28,9.633911368015413,20.0,75.0,50.0,2.0,2,3,9,71.52000000000001,60,3,1,8,5,13,0,14,5,6,2,0,0,0,0,0,0,20,7,3,1,16,20,1,1,2,600,0,0,0,3,-28.483632258873683,40.0,40.0,18,9.090909090909092,38.46153846153846,0.0,42.857142857142854,1.5,2,3,1,71.52000000000001
S39G01N73,2021-2022,20211118,127,home,70,4,2,8,2,10,0,7,4,10,4,0,0,4,3,1,0,17,8,2,2,23,21,1,0,2,600,0,0,0,2,28.483632258873683,61.30063965884861,58.8235294117647,28,9.633911368015413,20.0,75.0,50.0,2.0,2,3,9,71.52000000000001,60,3,1,8,5,13,0,14,5,6,2,0,0,0,0,0,0,20,7,3,1,16,20,1,1,2,600,0,0,0,3,-28.483632258873683,40.0,40.0,18,9.090909090909092,38.46153846153846,0.0,42.857142857142854,1.5,2,3,1,71.52000000000001
S39G01N73,2021-2022,20211118,128,home,70,4,2,8,2,10,0,7,4,10,4,0,0,4,3,1,0,17,8,2,2,23,21,1,0,2,600,0,0,0,2,28.483632258873683,61.30063965884861,58.8235294117647,28,9.633911368015413,20.0,75.0,50.0,2.0,2,3,9,71.52000000000001,60,3,1,8,5,13,0,14,5,6,2,0,0,0,0,0,0,20,7,3,1,16,20,1,1,2,600,0,0,0,3,-28.483632258873683,40.0,40.0,18,9.090909090909092,38.46153846153846,0.0,42.857142857142854,1.5,2,3,1,71.52000000000001
S39G01N73,2021-2022,20211118,129,home,70,4,2,8,2,10,0,7,4,10,4,0,0,4,3,1,0,17,8,2,2,23,21,1,0,2,600,0,0,0,2,28.483632258873683,61.30063965884861,58.8235294117647,28,9.633911368015413,20.0,75.0,50.0,2.0,2,3,9,71.52000000000001,60,3,1,8,5,13,0,14,5,6,2,0,0,0,0,0,0,20,7,3,1,16,20,1,1,2,600,0,0,0,3,-28.483632258873683,40.0,40.0,18,9.090909090909092,38.46153846153846,0.0,42.857142857142854,1.5,2,3,1,71.52000000000001
S39G01N73,2021-2022,20211118,130,home,70,4,2,8,2,10,0,7,4,10,4,0,0,4,3,1,0,17,8,2,2,23,21,1,0,2,600,0,0,0,2,28.483632258873683,61.30063965884861,58.8235294117647,28,9.633911368015413,20.0,75.0,50.0,2.0,2,3,9,71.52000000000001,60,3,1,8,5,13,0,14,5,6,2,0,0,0,0,0,0,20,7,3,1,16,20,1,1,2,600,0,0,0,3,-28.483632258873683,40.0,40.0,18,9.090909090909092,38.46153846153846,0.0,42.857142857142854,1.5,2,3,1,71.52000000000001
S39G01N73,2021-2022,20211118,131,home,70,4,2,8,2,10,0,7,4,10,4,0,0,4,3,1,0,17,8,2,2,23,21,1,0,2,600,0,0,0,2,28.483632258873683,61.30063965884861,58.8235294117647,28,9.633911368015413,20.0,75.0,50.0,2.0,2,3,9,71.52000000000001,60,3,1,8,5,13,0,14,5,6,2,0,0,0,0,0,0,20,7,3,1,16,20,1,1,2,600,0,0,0,3,-28.483632258873683,40.0,40.0,18,9.090909090909092,38.46153846153846,0.0,42.857142857142854,1.5,2,3,1,71.52000000000001
S39G01N73,2021-2022,20211118,132,home,70,4,2,8,2,10,0,7,4,10,4,0,0,4,3,1,0,17,8,2,2,23,21,1,0,2,600,0,0,0,2,28.483632258873683,61.30063965884861,58.8235294117647,28,9.633911368015413,20.0,75.0,50.0,2.0,2,3,9,71.52000000000001,60,3,1,8,5,13,0,14,5,6,2,0,0,0,0,0,0,20,7,3,1,16,20,1,1,2,600,0,0,0,3,-28.483632258873683,40.0,40.0,18,9.090909090909092,38.46153846153846,0.0,42.857142857142854,1.5,2,3,1,71.52000000000001
S39G01N73,2021-2022,20211118,133,home,70,4,2,8,2,10,0,7,4,10,4,0,0,4,3,1,0,17,8,2,2,23,21,1,0,2,600,0,0,0,2,28.483632258873683,61.30063965884861,58.8235294117647,28,9.633911368015413,20.0,75.0,50.0,2.0,2,3,9,71.52000000000001,60,3,1,8,5,13,0,14,5,6,2,0,0,0,0,0,0,20,7,3,1,16,20,1,1,2,600,0,0,0,3,-28.483632258873683,40.0,40.0,18,9.090909090909092,38.46153846153846,0.0,42.857142857142854,1.5,2,3,1,71.52000000000001
S39G01N73,2021-2022,20211118,134,home,70,4,2,8,2,10,0,7,4,10,4,0,0,4,3,1,0,17,8,2,2,23,21,1,0,2,600,0,0,0,2,28.483632258873683,61.30063965884861,58.8235294117647,28,9.633911368015413,20.0,75.0,50.0,2.0,2,3,9,71.52000000000001,60,3,1,8,5,13,0,14,5,6,2,0,0,0,0,0,0,20,7,3,1,16,20,1,1,2,600,0,0,0,3,-28.483632258873683,40.0,40.0,18,9.090909090909092,38.46153846153846,0.0,42.857142857142854,1.5,2,3,1,71.52000000000001
S39G01N73,2021-2022,20211118,135,home,70,4,2,8,2,10,0,7,4,10,4,0,0,4,3,1,0,17,8,2,2,23,21,1,0,2,611,0,0,0,2,33.712390428808334,61.30063965884861,58.8235294117647,28,9.633911368015413,20.0,75.0,50.0,2.0,2,3,9,72.19639934533552,60,3,1,8,5,13,0,14,5,7,2,0,0,0,0,0,0,21,7,3,1,16,21,1,1,2,611,0,0,0,3,-33.712390428808334,38.095238095238095,38.095238095238095,17,8.695652173913043,38.46153846153846,0.0,42.857142857142854,1.5,2,3,1,72.19639934533552
S39G01N73,2021-2022,20211118,136,home,70,4,2,9,2,11,0,7,4,10,4,0,0,4,3,1,0,17,8,2,2,23,21,1,0,2,613,0,0,0,2,33.712390428808334,61.30063965884861,58.8235294117647,29,9.633911368015413,20.0,75.0,50.0,2.0,2,3,9,71.96084828711257,60,3,1,8,5,13,0,14,5,7,2,0,0,0,0,0,0,21,7,3,1,16,21,1,1,2,613,0,0,0,3,-33.712390428808334,38.095238095238095,38.095238095238095,17,8.695652173913043,35.714285714285715,0.0,42.857142857142854,1.5,2,3,1,71.96084828711257
S39G01N73,2021-2022,20211118,137,home,70,4,2,9,2,11,0,7,4,11,5,0,0,4,3,1,0,18,9,2,2,26,22,1,0,2,634,0,0,0,2,42.690058479532155,65.78947368421052,63.888888888888886,32,9.191176470588236,20.0,75.0,44.44444444444444,2.0,3,3,10,71.47003154574134,60,3,1,8,5,13,0,14,5,7,2,0,0,0,0,0,0,21,7,3,1,16,21,1,1,2,634,0,0,0,3,-42.690058479532155,38.095238095238095,38.095238095238095,17,8.695652173913043,35.714285714285715,0.0,42.857142857142854,1.5,3,3,1,71.47003154574134
S39G01N73,2021-2022,20211118,138,home,70,5,2,9,2,11,0,7,4,11,5,0,0,4,3,1,0,18,9,2,2,26,22,1,0,2,634,0,0,0,2,42.690058479532155,65.78947368421052,63.888888888888886,33,9.191176470588236,20.0,75.0,55.55555555555556,2.5,3,3,10,71.47003154574134,60,3,1,8,5,13,0,14,5,7,2,0,0,0,0,0,0,21,7,3,1,16,21,1,1,2,634,0,0,0,3,-42.690058479532155,38.095238095238095,38.095238095238095,17,8.695652173913043,35.714285714285715,0.0,42.857142857142854,1.5,3,3,1,71.47003154574134
S39G01N73,2021-2022,20211118,139,home,70,5,2,9,2,11,0,7,4,11,5,0,0,4,3,1,0,18,9,2,2,26,22,1,0,2,655,0,0,0,2,47.36842105263156,65.78947368421052,63.888888888888886,33,9.191176470588236,20.0,75.0,55.55555555555556,2.5,3,3,10,71.01068702290077,60,3,1,8,5,13,0,14,5,7,2,0,0,0,0,0,0,21,7,3,1,16,21,1,1,3,655,0,0,0,4,-47.36842105263156,38.095238095238095,38.095238095238095,16,12.5,35.714285714285715,0.0,42.857142857142854,1.0,3,3,1,71.01068702290077
S39G01N73,2021-2022,20211118,140,home,70,5,2,9,2,11,0,7,4,11,5,0,0,4,3,1,0,18,9,2,2,26,22,2,0,2,656,0,0,0,2,47.36842105263156,65.78947368421052,63.888888888888886,34,9.191176470588236,20.0,75.0,55.55555555555556,2.5,3,3,10,70.90243902439026,60,3,1,8,5,13,0,14,5,7,2,0,0,0,0,0,0,21,7,3,1,16,21,1,1,3,656,0,0,0,4,-47.36842105263156,38.095238095238095,38.095238095238095,16,12.5,35.714285714285715,0.0,42.857142857142854,1.0,3,3,1,70.90243902439026
S39G01N73,2021-2022,20211118,141,home,70,5,2,9,2,11,0,8,5,11,5,1,1,4,3,1,0,19,10,2,2,28,23,2,0,2,663,0,0,0,2,50.66423283642632,67.4373795761079,65.78947368421052,36,8.787346221441124,20.0,75.0,50.0,2.5,5,3,12,71.96380090497739,60,3,1,8,5,13,0,14,5,7,2,0,0,0,0,0,0,21,7,3,1,16,21,1,1,3,663,0,0,0,4,-50.66423283642632,38.095238095238095,38.095238095238095,16,12.5,35.714285714285715,0.0,42.857142857142854,1.0,5,3,1,71.96380090497739
S39G01N73,2021-2022,20211118,142,home,70,5,2,9,2,11,0,8,5,11,5,1,1,4,3,2,2,19,10,2,2,28,23,2,0,2,664,0,0,0,2,50.66423283642632,67.4373795761079,65.78947368421052,36,8.787346221441124,20.0,75.0,50.0,2.5,5,3,12,71.855421686747,60,3,1,8,5,13,0,14,5,7,2,0,0,0,0,0,0,21,7,3,1,16,21,1,1,3,664,0,0,0,4,-50.66423283642632,38.095238095238095,38.095238095238095,16,12.5,35.714285714285715,0.0,42.857142857142854,1.0,5,3,1,71.855421686747
S39G01N73,2021-2022,20211118,143,home,70,5,2,9,2,11,0,8,5,11,5,1,1,4,3,2,2,19,10,2,2,28,23,2,0,2,683,0,0,0,2,54.8747591522158,67.4373795761079,65.78947368421052,36,8.787346221441124,20.0,75.0,50.0,2.5,5,3,12,71.61346998535872,60,3,1,8,5,13,0,14,5,8,2,0,0,0,0,0,0,22,7,3,1,16,22,1,1,3,683,0,0,0,4,-54.8747591522158,36.36363636363637,36.36363636363637,15,12.0,35.714285714285715,0.0,42.857142857142854,1.0,5,3,1,71.61346998535872
S39G01N73,2021-2022,20211118,144,home,70,5,2,9,2,11,0,8,5,11,5,1,1,4,3,2,2,19,10,2,2,28,23,2,0,2,684,0,0,0,2,50.66423283642632,67.4373795761079,65.78947368421052,36,8.787346221441124,20.0,75.0,50.0,2.5,5,3,12,69.75438596491229,60,3,1,8,6,14,0,14,5,8,2,0,0,0,0,0,0,22,7,3,1,16,22,1,1,3,684,0,0,0,4,-50.66423283642632,36.36363636363637,36.36363636363637,16,12.0,40.0,0.0,42.857142857142854,1.0,5,3,1,69.75438596491229
S39G01N73,2021-2022,20211118,145,home,70,5,2,9,2,11,0,8,5,11,5,1,1,4,3,2,2,19,10,2,2,28,23,2,0,2,688,0,0,0,2,39.8747591522158,67.4373795761079,65.78947368421052,36,8.787346221441124,20.0,75.0,50.0,2.5,3,3,12,71.09302325581396,60,3,1,8,6,14,0,14,5,9,3,0,0,0,0,0,0,23,8,3,1,19,23,1,1,3,688,0,0,0,4,-39.8747591522158,41.30434782608695,41.30434782608695,19,11.538461538461538,40.0,0.0,37.5,1.0,3,3,1,71.09302325581396
S39G01N73,2021-2022,20211118,146,home,70,5,2,9,2,11,0,8,5,11,5,1,1,4,3,2,2,19,10,2,2,28,23,2,0,2,688,0,0,0,2,39.8747591522158,67.4373795761079,65.78947368421052,36,8.787346221441124,20.0,75.0,50.0,2.5,3,3,12,71.09302325581396,60,4,1,8,6,14,0,14,5,9,3,0,0,0,0,0,0,23,8,3,1,19,23,1,1,3,688,0,0,0,4,-39.8747591522158,41.30434782608695,41.30434782608695,20,11.538461538461538,40.0,0.0,50.0,1.3333333333333333,3,3,1,71.09302325581396
S39G01N73,2021-2022,20211118,147,home,70,5,2,9,2,11,0,8,5,11,5,1,1,4,3,2,2,19,10,2,2,28,23,2,0,2,699,0,0,0,2,39.8747591522158,67.4373795761079,65.78947368421052,36,8.787346221441124,20.0,75.0,50.0,2.5,3,3,12,69.97424892703864,60,4,1,8,6,14,0,14,5,9,3,0,0,0,0,0,0,23,8,4,2,19,23,1,1,3,699,0,0,0,4,-39.8747591522158,41.30434782608695,41.30434782608695,20,11.538461538461538,40.0,0.0,50.0,1.3333333333333333,3,3,1,69.97424892703864
S39G01N73,2021-2022,20211118,148,home,70,5,2,9,2,11,0,8,5,11,5,1,1,4,3,2,2,19,10,2,2,28,23,2,0,2,699,0,0,0,2,39.8747591522158,67.4373795761079,65.78947368421052,36,8.787346221441124,20.0,75.0,50.0,2.5,3,3,12,69.97424892703864,60,4,1,8,6,14,0,14,5,9,3,0,0,0,0,0,0,23,8,4,2,19,23,1,1,3,699,0,0,0,4,-39.8747591522158,41.30434782608695,41.30434782608695,20,11.538461538461538,40.0,0.0,50.0,1.3333333333333333,3,3,1,69.97424892703864
S39G01N73,2021-2022,20211118,149,home,70,5,2,9,2,11,0,9,5,11,5,1,1,4,3,2,2,20,10,2,2,28,24,2,0,2,712,0,0,0,2,33.676470588235276,64.33823529411764,62.5,35,8.417508417508417,20.0,75.0,50.0,2.5,3,3,12,70.38202247191012,60,4,1,8,6,14,0,14,5,9,3,0,0,0,0,0,0,23,8,4,2,19,23,1,1,3,712,0,0,0,4,-33.676470588235276,41.30434782608695,41.30434782608695,20,11.538461538461538,40.0,0.0,50.0,1.3333333333333333,3,3,1,70.38202247191012
S39G01N73,2021-2022,20211118,150,home,70,5,2,9,2,11,0,9,5,11,5,1,1,4,3,2,2,20,10,2,2,28,24,2,0,2,714,0,0,0,2,33.676470588235276,64.33823529411764,62.5,35,8.417508417508417,18.181818181818183,75.0,50.0,2.5,3,3,12,70.18487394957984,60,4,1,9,6,15,0,14,5,9,3,0,0,0,0,0,0,23,8,4,2,19,23,1,1,3,714,0,0,0,4,-33.676470588235276,41.30434782608695,41.30434782608695,21,11.538461538461538,40.0,0.0,50.0,1.3333333333333333,3,3,1,70.18487394957984
S39G01N73,2021-2022,20211118,151,home,70,5,2,9,2,11,0,9,5,11,5,1,1,4,3,2,2,20,10,2,2,28,24,2,0,2,722,0,0,0,2,38.200280112044794,64.33823529411764,62.5,35,8.417508417508417,18.181818181818183,75.0,50.0,2.5,3,3,12,71.06925207756233,60,4,1,9,6,15,0,14,5,10,3,0,0,0,0,0,0,24,8,4,2,19,24,1,1,3,722,0,0,0,4,-38.200280112044794,39.583333333333336,39.583333333333336,20,11.11111111111111,40.0,0.0,50.0,1.3333333333333333,3,3,1,71.06925207756233
S39G01N73,2021-2022,20211118,152,home,70,5,2,10,2,12,0,9,5,11,5,1,1,4,3,2,2,20,10,2,2,28,24,2,0,2,723,0,0,0,2,38.200280112044794,64.33823529411764,62.5,36,8.417508417508417,18.181818181818183,75.0,50.0,2.5,3,3,12,70.97095435684649,60,4,1,9,6,15,0,14,5,10,3,0,0,0,0,0,0,24,8,4,2,19,24,1,1,3,723,0,0,0,4,-38.200280112044794,39.583333333333336,39.583333333333336,20,11.11111111111111,37.5,0.0,50.0,1.3333333333333333,3,3,1,70.97095435684649
S39G01N73,2021-2022,20211118,153,home,70,5,2,10,2,12,0,9,5,12,5,1,1,4,3,2,2,21,10,2,2,28,25,2,0,2,739,0,0,0,2,32.54665662398526,61.51142355008787,59.523809523809526,35,8.077544426494345,18.181818181818183,75.0,50.0,2.5,3,3,12,71.05818673883628,60,4,1,9,6,15,0,14,5,10,3,0,0,0,0,0,0,24,8,4,2,19,24,1,1,3,739,0,0,0,4,-32.54665662398526,39.583333333333336,39.583333333333336,20,11.11111111111111,37.5,0.0,50.0,1.3333333333333333,3,3,1,71.05818673883628
S39G01N73,2021-2022,20211118,154,home,70,5,2,10,2,12,0,9,5,12,5,1,1,4,3,2,2,21,10,2,2,28,25,2,0,2,741,0,0,0,2,32.54665662398526,61.51142355008787,59.523809523809526,35,8.077544426494345,16.666666666666668,75.0,50.0,2.5,3,3,12,70.86639676113361,60,4,1,10,6,16,0,14,5,10,3,0,0,0,0,0,0,24,8,4,2,19,24,1,1,3,741,0,0,0,4,-32.54665662398526,39.583333333333336,39.583333333333336,21,11.11111111111111,37.5,0.0,50.0,1.3333333333333333,3,3,1,70.86639676113361
S39G01N73,2021-2022,20211118,155,home,70,5,2,10,2,12,0,9,5,12,5,1,1,4,3,2,2,21,10,2,2,28,25,2,0,2,753,0,0,0,2,36.65921073653938,61.51142355008787,59.523809523809526,35,8.077544426494345,16.666666666666668,75.0,50.0,2.5,3,3,12,71.33067729083666,60,4,1,10,6,16,0,14,5,10,3,0,0,0,0,0,0,24,8,4,2,19,24,1,1,4,753,0,0,0,5,-36.65921073653938,39.583333333333336,39.583333333333336,20,14.285714285714286,37.5,0.0,50.0,1.0,3,3,1,71.33067729083666
S39G01N73,2021-2022,20211118,156,home,70,5,2,10,2,12,0,9,5,12,5,1,1,4,3,2,2,21,10,2,2,28,25,3,0,2,754,0,0,0,2,36.65921073653938,61.51142355008787,59.523809523809526,36,8.077544426494345,16.666666666666668,75.0,50.0,2.5,3,3,12,71.23607427055704,60,4,1,10,6,16,0,14,5,10,3,0,0,0,0,0,0,24,8,4,2,19,24,1,1,4,754,0,0,0,5,-36.65921073653938,39.583333333333336,39.583333333333336,20,14.285714285714286,37.5,0.0,50.0,1.0,3,3,1,71.23607427055704
S39G01N73,2021-2022,20211118,157,home,70,5,2,10,2,12,0,9,5,12,5,1,1,4,3,2,2,21,10,2,2,28,25,3,0,3,759,0,0,0,3,31.48148148148148,61.51142355008787,59.523809523809526,35,11.645962732919253,16.666666666666668,75.0,50.0,1.6666666666666667,3,3,12,72.34782608695653,60,4,1,10,6,16,0,14,5,10,3,0,0,0,0,0,0,24,8,4,2,19,24,1,1,4,759,0,0,0,5,-31.48148148148148,39.583333333333336,39.583333333333336,20,14.285714285714286,37.5,0.0,50.0,1.0,3,3,1,72.34782608695653
S39G01N73,2021-2022,20211118,158,home,70,5,2,10,2,12,0,9,5,12,5,1,1,4,3,2,2,21,10,2,2,28,25,3,0,3,760,0,0,0,3,31.48148148148148,61.51142355008787,59.523809523809526,35,11.645962732919253,16.666666666666668,75.0,50.0,1.6666666666666667,3,3,12,72.25263157894737,60,4,1,10,6,16,0,14,5,10,3,0,0,0,0,0,0,24,8,4,2,19,24,2,1,4,760,0,0,0,5,-31.48148148148148,39.583333333333336,39.583333333333336,21,14.285714285714286,37.5,0.0,50.0,1.0,3,3,1,72.25263157894737
S39G01N73,2021-2022,20211118,159,home,70,5,2,10,2,12,0,9,5,12,5,1,1,4,3,2,2,21,10,2,2,28,25,3,0,3,764,0,0,0,3,26.540770019030887,61.51142355008787,59.523809523809526,35,11.645962732919253,16.666666666666668,75.0,50.0,1.6666666666666667,5,3,12,73.44502617801048,60,4,1,10,6,16,0,15,6,10,3,0,0,0,0,0,0,25,9,4,2,21,25,2,1,4,764,0,0,0,5,-26.540770019030887,42.0,42.0,23,13.793103448275861,37.5,0.0,44.44444444444444,1.0,5,3,1,73.44502617801048
S39G01N73,2021-2022,20211118,160,home,70,5,2,10,2,12,0,9,5,12,5,1,1,4,3,2,2,21,10,2,2,28,25,3,0,3,764,0,0,0,3,26.540770019030887,61.51142355008787,59.523809523809526,35,11.645962732919253,16.666666666666668,75.0,50.0,1.6666666666666667,5,3,12,73.44502617801048,60,5,1,10,6,16,0,15,6,10,3,0,0,0,0,0,0,25,9,4,2,21,25,2,1,4,764,0,0,0,5,-26.540770019030887,42.0,42.0,24,13.793103448275861,37.5,0.0,55.55555555555556,1.25,5,3,1,73.44502617801048
S39G01N73,2021-2022,20211118,161,home,70,5,2,10,2,12,0,9,5,12,5,1,1,4,3,2,2,21,10,2,2,28,25,3,0,3,765,0,0,0,3,26.540770019030887,61.51142355008787,59.523809523809526,35,11.645962732919253,16.666666666666668,75.0,50.0,1.6666666666666667,5,3,12,73.34901960784315,60,5,1,10,6,16,0,15,6,10,3,0,0,0,0,1,2,25,9,4,2,21,25,2,1,4,765,0,0,0,5,-26.540770019030887,42.0,42.0,24,13.793103448275861,37.5,0.0,55.55555555555556,1.25,5,3,1,73.34901960784315
S39G01N73,2021-2022,20211118,162,home,70,5,2,10,2,12,0,9,5,13,6,1,1,4,3,2,2,22,11,2,2,31,26,3,0,3,785,0,0,0,3,33.8975907845754,65.23569023569023,63.63636363636363,38,11.210762331838565,16.666666666666668,75.0,45.45454545454545,1.6666666666666667,3,3,12,73.00891719745225,60,5,1,10,6,16,0,15,6,10,3,0,0,0,0,1,2,25,9,4,2,21,25,2,1,4,785,0,0,0,5,-33.8975907845754,42.0,42.0,24,13.793103448275861,37.5,0.0,55.55555555555556,1.25,3,3,1,73.00891719745225
S39G01N73,2021-2022,20211118,163,home,70,6,2,10,2,12,0,9,5,13,6,1,1,4,3,2,2,22,11,2,2,31,26,3,0,3,785,0,0,0,3,33.8975907845754,65.23569023569023,63.63636363636363,39,11.210762331838565,16.666666666666668,75.0,54.54545454545455,2.0,3,3,12,73.00891719745225,60,5,1,10,6,16,0,15,6,10,3,0,0,0,0,1,2,25,9,4,2,21,25,2,1,4,785,0,0,0,5,-33.8975907845754,42.0,42.0,24,13.793103448275861,37.5,0.0,55.55555555555556,1.25,3,3,1,73.00891719745225
S39G01N73,2021-2022,20211118,164,home,70,6,2,10,2,12,0,9,5,13,6,1,1,4,3,2,2,22,11,2,2,31,26,3,0,3,809,0,0,0,3,37.70193861066235,65.23569023569023,63.63636363636363,39,11.210762331838565,16.666666666666668,75.0,54.54545454545455,2.0,3,3,12,72.32632880098888,60,5,1,10,6,16,0,16,6,10,3,0,0,0,0,1,2,26,9,4,2,21,26,2,1,4,809,0,0,0,5,-37.70193861066235,40.38461538461539,40.38461538461539,23,13.333333333333334,37.5,0.0,55.55555555555556,1.25,3,3,1,72.32632880098888
S39G01N73,2021-2022,20211118,165,home,70,6,3,10,2,12,0,9,5,13,6,1,1,4,3,2,2,22,11,2,2,31,26,3,0,3,810,0,0,0,3,37.70193861066235,65.23569023569023,63.63636363636363,40,11.210762331838565,16.666666666666668,75.0,54.54545454545455,2.0,3,3,12,72.23703703703704,60,5,1,10,6,16,0,16,6,10,3,0,0,0,0,1,2,26,9,4,2,21,26,2,1,4,810,0,0,0,5,-37.70193861066235,40.38461538461539,40.38461538461539,23,13.333333333333334,37.5,0.0,55.55555555555556,1.25,3,3,1,72.23703703703704
S39G01N73,2021-2022,20211118,166,home,70,6,3,10,2,12,0,9,5,13,6,1,1,4,3,2,2,22,11,2,2,31,26,3,0,3,810,0,0,0,3,37.70193861066235,65.23569023569023,63.63636363636363,40,11.210762331838565,16.666666666666668,75.0,54.54545454545455,2.0,3,3,12,72.23703703703704,60,5,1,10,6,16,1,16,6,10,3,0,0,0,0,1,2,26,9,4,2,21,26,2,1,4,810,0,0,0,5,-37.70193861066235,40.38461538461539,40.38461538461539,24,13.333333333333334,37.5,0.0,55.55555555555556,1.25,3,3,1,72.23703703703704
S39G01N73,2021-2022,20211118,167,home,70,6,3,10,2,12,0,9,5,13,6,1,1,4,3,2,2,22,11,2,2,31,26,3,0,3,812,0,0,0,3,41.20193861066235,65.23569023569023,63.63636363636363,40,11.210762331838565,16.666666666666668,75.0,54.54545454545455,2.0,3,3,12,73.53694581280789,60,5,1,10,6,16,1,16,6,10,3,0,0,0,0,1,2,26,9,4,2,21,26,2,1,5,812,0,0,0,6,-41.20193861066235,40.38461538461539,40.38461538461539,23,16.129032258064516,37.5,0.0,55.55555555555556,1.0,3,3,1,73.53694581280789
S39G01N73,2021-2022,20211118,168,home,70,6,3,10,2,12,0,9,5,13,6,1,1,4,3,2,2,22,11,2,2,31,26,4,0,3,813,0,0,0,3,41.20193861066235,65.23569023569023,63.63636363636363,41,11.210762331838565,16.666666666666668,75.0,54.54545454545455,2.0,3,3,12,73.44649446494466,60,5,1,10,6,16,1,16,6,10,3,0,0,0,0,1,2,26,9,4,2,21,26,2,1,5,813,0,0,0,6,-41.20193861066235,40.38461538461539,40.38461538461539,23,16.129032258064516,37.5,0.0,55.55555555555556,1.0,3,3,1,73.44649446494466
S39G01N73,2021-2022,20211118,169,home,70,6,3,10,2,12,0,10,6,13,6,1,1,4,3,2,2,23,12,2,2,33,27,4,0,3,816,0,0,0,3,44.10559006211179,66.63974151857835,65.21739130434783,43,10.806916426512968,16.666666666666668,75.0,50.0,2.0,5,3,12,74.64705882352942,60,5,1,10,6,16,1,16,6,10,3,0,0,0,0,1,2,26,9,4,2,21,26,2,1,5,816,0,0,0,6,-44.10559006211179,40.38461538461539,40.38461538461539,23,16.129032258064516,37.5,0.0,55.55555555555556,1.0,5,3,1,74.64705882352942
S39G01N73,2021-2022,20211118,170,home,70,7,3,10,2,12,0,10,6,13,6,1,1,4,3,2,2,23,12,2,2,33,27,4,0,3,816,0,0,0,3,44.10559006211179,66.63974151857835,65.21739130434783,44,10.806916426512968,16.666666666666668,75.0,58.333333333333336,2.3333333333333335,5,3,12,74.64705882352942,60,5,1,10,6,16,1,16,6,10,3,0,0,0,0,1,2,26,9,4,2,21,26,2,1,5,816,0,0,0,6,-44.10559006211179,40.38461538461539,40.38461538461539,23,16.129032258064516,37.5,0.0,55.55555555555556,1.0,5,3,1,74.64705882352942
S39G01N73,2021-2022,20211118,171,home,70,7,3,10,2,12,0,10,6,13,6,1,1,4,3,3,4,23,12,2,2,33,27,4,0,3,816,0,0,0,3,44.10559006211179,66.63974151857835,65.21739130434783,44,10.806916426512968,16.666666666666668,75.0,58.333333333333336,2.3333333333333335,5,3,12,74.64705882352942,60,5,1,10,6,16,1,16,6,10,3,0,0,0,0,1,2,26,9,4,2,21,26,2,1,5,816,0,0,0,6,-44.10559006211179,40.38461538461539,40.38461538461539,23,16.129032258064516,37.5,0.0,55.55555555555556,1.0,5,3,1,74.64705882352942
S39G01N73,2021-2022,20211118,172,home,70,7,3,10,2,12,0,10,6,13,6,1,1,4,3,3,4,23,12,2,2,33,27,4,0,3,816,0,0,0,3,44.10559006211179,66.63974151857835,65.21739130434783,44,10.806916426512968,16.666666666666668,75.0,58.333333333333336,2.3333333333333335,5,3,12,74.64705882352942,60,5,1,10,6,16,1,16,6,10,3,0,0,0,0,1,2,26,9,4,2,21,26,2,1,5,816,0,0,0,6,-44.10559006211179,40.38461538461539,40.38461538461539,23,16.129032258064516,37.5,0.0,55.55555555555556,1.0,5,3,1,74.64705882352942
S39G01N73,2021-2022,20211118,173,home,70,7,3,10,2,12,0,10,6,13,6,1,1,4,3,3,4,23,12,2,2,33,27,4,0,3,816,0,0,0,3,44.10559006211179,66.63974151857835,65.21739130434783,44,10.806916426512968,16.666666666666668,75.0,58.333333333333336,2.3333333333333335,5,3,12,74.64705882352942,60,5,1,10,6,16,1,16,6,10,3,0,0,0,0,1,2,26,9,4,2,21,26,2,1,5,816,0,0,0,6,-44.10559006211179,40.38461538461539,40.38461538461539,23,16.129032258064516,37.5,0.0,55.55555555555556,1.0,5,3,1,74.64705882352942
S39G01N73,2021-2022,20211118,174,home,70,7,3,10,2,12,0,10,6,13,6,1,1,4,3,3,4,23,12,2,2,33,27,4,0,3,816,0,0,0,3,44.10559006211179,66.63974151857835,65.21739130434783,44,10.806916426512968,16.666666666666668,75.0,58.333333333333336,2.3333333333333335,5,3,12,74.64705882352942,60,5,1,10,6,16,1,16,6,10,3,0,0,0,0,1,2,26,9,4,2,21,26,2,1,5,816,0,0,0,6,-44.10559006211179,40.38461538461539,40.38461538461539,23,16.129032258064516,37.5,0.0,55.55555555555556,1.0,5,3,1,74.64705882352942
S39G01N73,2021-2022,20211118,175,home,70,7,3,10,2,12,0,10,6,13,6,1,1,4,3,3,4,23,12,2,2,33,27,4,0,3,816,0,0,0,3,44.10559006211179,66.63974151857835,65.21739130434783,44,10.806916426512968,16.666666666666668,75.0,58.333333333333336,2.3333333333333335,5,3,12,74.64705882352942,60,5,1,10,6,16,1,16,6,10,3,0,0,0,0,1,2,26,9,4,2,21,26,2,1,5,816,0,0,0,6,-44.10559006211179,40.38461538461539,40.38461538461539,23,16.129032258064516,37.5,0.0,55.55555555555556,1.0,5,3,1,74.64705882352942
S39G01N73,2021-2022,20211118,176,home,70,7,3,10,2,12,0,10,6,13,6,1,1,4,3,3,4,23,12,2,2,33,27,4,0,3,816,0,0,0,3,44.10559006211179,66.63974151857835,65.21739130434783,44,10.806916426512968,16.666666666666668,75.0,58.333333333333336,2.3333333333333335,5,3,12,74.64705882352942,60,5,1,10,6,16,1,16,6,10,3,0,0,0,0,1,2,26,9,4,2,21,26,2,1,5,816,0,0,0,6,-44.10559006211179,40.38461538461539,40.38461538461539,23,16.129032258064516,37.5,0.0,55.55555555555556,1.0,5,3,1,74.64705882352942
S39G01N73,2021-2022,20211118,177,home,70,7,3,10,2,12,0,10,6,13,6,1,1,4,3,3,4,23,12,2,2,33,27,4,0,3,816,0,0,0,3,44.10559006211179,66.63974151857835,65.21739130434783,44,10.806916426512968,16.666666666666668,75.0,58.333333333333336,2.3333333333333335,5,3,12,74.64705882352942,60,5,1,10,6,16,1,16,6,10,3,0,0,0,0,1,2,26,9,4,2,21,26,2,1,5,816,0,0,0,6,-44.10559006211179,40.38461538461539,40.38461538461539,23,16.129032258064516,37.5,0.0,55.55555555555556,1.0,5,3,1,74.64705882352942
S39G01N73,2021-2022,20211118,178,home,70,7,3,10,2,12,0,10,6,13,6,1,1,4,3,3,4,23,12,2,2,33,27,4,0,3,816,0,0,0,3,44.10559006211179,66.63974151857835,65.21739130434783,44,10.806916426512968,16.666666666666668,75.0,58.333333333333336,2.3333333333333335,5,3,12,74.64705882352942,60,5,1,10,6,16,1,16,6,10,3,0,0,0,0,1,2,26,9,4,2,21,26,2,1,5,816,0,0,0,6,-44.10559006211179,40.38461538461539,40.38461538461539,23,16.129032258064516,37.5,0.0,55.55555555555556,1.0,5,3,1,74.64705882352942
S39G01N73,2021-2022,20211118,179,home,70,7,3,10,2,12,0,10,6,13,6,1,1,4,3,3,4,23,12,3,3,33,27,4,0,3,830,0,0,0,3,44.10559006211179,66.63974151857835,65.21739130434783,44,10.806916426512968,16.666666666666668,75.0,58.333333333333336,2.3333333333333335,5,3,12,73.38795180722892,60,5,1,10,6,16,1,16,6,10,3,0,0,0,0,1,2,26,9,4,2,21,26,2,1,5,830,0,0,0,6,-44.10559006211179,40.38461538461539,40.38461538461539,23,16.129032258064516,37.5,0.0,55.55555555555556,1.0,5,3,1,73.38795180722892
S39G01N73,2021-2022,20211118,180,home,70,7,3,10,2,12,0,10,6,13,6,1,1,4,3,3,4,23,12,3,3,33,27,4,0,3,830,0,0,0,3,44.10559006211179,66.63974151857835,65.21739130434783,44,10.806916426512968,16.666666666666668,75.0,58.333333333333336,2.3333333333333335,5,3,12,73.38795180722892,60,5,1,10,6,16,1,16,6,10,3,0,0,0,0,1,2,26,9,4,2,21,26,2,1,5,830,0,0,0,6,-44.10559006211179,40.38461538461539,40.38461538461539,23,16.129032258064516,37.5,0.0,55.55555555555556,1.0,5,3,1,73.38795180722892
S39G01N73,2021-2022,20211118,181,home,70,7,3,10,2,12,0,10,6,13,6,1,1,4,3,3,4,23,12,3,3,33,27,4,0,3,830,0,0,0,3,44.10559006211179,66.63974151857835,65.21739130434783,44,10.806916426512968,16.666666666666668,75.0,58.333333333333336,2.3333333333333335,5,3,12,73.38795180722892,60,5,1,10,6,16,1,16,6,10,3,0,0,0,0,1,2,26,9,4,2,21,26,2,1,5,830,0,0,0,6,-44.10559006211179,40.38461538461539,40.38461538461539,23,16.129032258064516,37.5,0.0,55.55555555555556,1.0,5,3,1,73.38795180722892
S39G01N73,2021-2022,20211118,182,home,70,7,3,10,2,12,0,10,6,13,6,1,1,4,3,3,4,23,12,3,3,33,27,4,0,3,830,0,0,0,3,44.10559006211179,66.63974151857835,65.21739130434783,44,10.806916426512968,16.666666666666668,75.0,58.333333333333336,2.3333333333333335,5,3,12,73.38795180722892,60,5,1,10,6,16,1,16,6,10,3,0,0,0,0,1,2,26,9,4,2,21,26,2,1,5,830,0,0,0,6,-44.10559006211179,40.38461538461539,40.38461538461539,23,16.129032258064516,37.5,0.0,55.55555555555556,1.0,5,3,1,73.38795180722892
S39G01N73,2021-2022,20211118,183,home,70,7,3,10,2,12,0,10,6,13,6,1,1,4,3,3,4,23,12,4,4,33,27,4,0,3,832,0,0,0,3,44.10559006211179,66.63974151857835,65.21739130434783,44,10.806916426512968,16.666666666666668,75.0,58.333333333333336,2.3333333333333335,5,3,12,73.21153846153847,60,5,1,10,6,16,1,16,6,10,3,0,0,0,0,1,2,26,9,4,2,21,26,2,1,5,832,0,0,0,6,-44.10559006211179,40.38461538461539,40.38461538461539,23,16.129032258064516,37.5,0.0,55.55555555555556,1.0,5,3,1,73.21153846153847
S39G01N73,2021-2022,20211118,184,home,70,7,3,10,2,12,0,10,6,13,6,1,1,4,3,3,4,23,12,4,4,33,27,4,0,3,832,0,0,0,3,44.10559006211179,66.63974151857835,65.21739130434783,44,10.806916426512968,16.666666666666668,75.0,58.333333333333336,2.3333333333333335,5,3,12,73.21153846153847,60,5,1,10,6,16,1,16,6,10,3,0,0,0,0,1,2,26,9,4,2,21,26,2,1,5,832,0,0,0,6,-44.10559006211179,40.38461538461539,40.38461538461539,23,16.129032258064516,37.5,0.0,55.55555555555556,1.0,5,3,1,73.21153846153847
S39G01N73,2021-2022,20211118,185,home,70,7,3,10,2,12,0,10,6,13,6,1,1,4,3,3,4,23,12,4,4,33,27,4,0,3,841,0,0,0,3,39.64405160057332,66.63974151857835,65.21739130434783,44,10.806916426512968,16.666666666666668,75.0,58.333333333333336,2.3333333333333335,2,3,12,73.8549346016647,60,5,1,10,6,16,1,17,7,10,3,0,0,0,0,1,2,27,10,4,2,23,27,2,1,5,841,0,0,0,6,-39.64405160057332,42.592592592592595,42.592592592592595,25,15.625,37.5,0.0,50.0,1.0,2,3,1,73.8549346016647
S39G01N73,2021-2022,20211118,186,home,70,7,3,10,2,12,0,10,6,13,6,1,1,4,3,3,4,23,12,5,4,33,27,4,0,3,841,0,0,0,3,39.64405160057332,66.63974151857835,65.21739130434783,44,10.806916426512968,16.666666666666668,75.0,58.333333333333336,2.3333333333333335,2,3,12,73.8549346016647,60,5,1,10,6,16,1,17,7,10,3,0,0,0,0,1,2,27,10,4,2,23,27,2,1,5,841,0,0,0,6,-39.64405160057332,42.592592592592595,42.592592592592595,25,15.625,37.5,0.0,50.0,1.0,2,3,1,73.8549346016647
S39G01N73,2021-2022,20211118,187,home,70,7,3,10,2,12,0,10,6,13,6,1,1,4,3,3,4,23,12,5,4,33,27,4,0,3,841,0,0,0,3,39.64405160057332,66.63974151857835,65.21739130434783,44,10.806916426512968,16.666666666666668,75.0,58.333333333333336,2.3333333333333335,2,3,12,73.8549346016647,60,5,1,10,6,16,1,17,7,10,3,0,0,0,0,1,2,27,10,4,2,23,27,2,1,5,841,0,0,0,6,-39.64405160057332,42.592592592592595,42.592592592592595,25,15.625,37.5,0.0,50.0,1.0,2,3,1,73.8549346016647
S39G01N73,2021-2022,20211118,188,home,70,7,3,10,2,12,0,10,6,13,6,1,1,4,3,3,4,23,12,5,4,33,27,4,0,3,841,0,0,0,3,41.11618007724037,66.63974151857835,65.21739130434783,44,10.806916426512968,16.666666666666668,75.0,58.333333333333336,2.3333333333333335,2,3,12,74.48275862068965,60,5,1,10,6,16,1,17,7,10,3,0,0,1,0,1,2,27,10,4,2,23,28,2,1,5,841,0,0,0,6,-41.11618007724037,41.90962099125364,42.592592592592595,24,15.413070283600494,37.5,0.0,50.0,1.0,2,3,1,74.48275862068965
S39G01N73,2021-2022,20211118,189,home,70,7,3,11,2,13,0,10,6,13,6,1,1,4,3,3,4,23,12,5,4,33,27,4,0,3,843,0,0,0,3,41.11618007724037,66.63974151857835,65.21739130434783,45,10.806916426512968,16.666666666666668,75.0,58.333333333333336,2.3333333333333335,2,3,12,74.30604982206407,60,5,1,10,6,16,1,17,7,10,3,0,0,1,0,1,2,27,10,4,2,23,28,2,1,5,843,0,0,0,6,-41.11618007724037,41.90962099125364,42.592592592592595,24,15.413070283600494,35.294117647058826,0.0,50.0,1.0,2,3,1,74.30604982206407
S39G01N73,2021-2022,20211118,190,home,70,7,3,11,2,13,0,11,6,13,6,1,1,4,3,3,4,24,12,5,4,33,28,4,0,3,853,0,0,0,3,36.3289756653528,64.0527950310559,62.5,44,10.43115438108484,16.666666666666668,75.0,58.333333333333336,2.3333333333333335,2,3,12,74.84173505275498,60,5,1,10,6,16,1,17,7,10,3,0,0,1,0,1,2,27,10,4,2,23,28,2,1,5,853,0,0,0,6,-36.3289756653528,41.90962099125364,42.592592592592595,24,15.413070283600494,35.294117647058826,0.0,50.0,1.0,2,3,1,74.84173505275498
S39G01N73,2021-2022,20211118,191,home,70,7,3,11,2,13,0,11,6,13,6,1,1,4,3,3,4,24,12,5,4,33,28,4,0,3,855,0,0,0,3,36.3289756653528,64.0527950310559,62.5,44,10.43115438108484,15.384615384615385,75.0,58.333333333333336,2.3333333333333335,2,3,12,74.66666666666667,60,5,1,11,6,17,1,17,7,10,3,0,0,1,0,1,2,27,10,4,2,23,28,2,1,5,855,0,0,0,6,-36.3289756653528,41.90962099125364,42.592592592592595,25,15.413070283600494,35.294117647058826,0.0,50.0,1.0,2,3,1,74.66666666666667
S39G01N73,2021-2022,20211118,192,home,70,7,3,11,2,13,0,11,6,13,6,1,1,4,3,3,4,24,12,5,4,33,28,4,0,3,866,0,0,0,3,39.49914366771692,64.0527950310559,62.5,44,10.43115438108484,15.384615384615385,75.0,58.333333333333336,2.3333333333333335,2,3,12,75.1039260969977,60,5,1,11,6,17,1,18,7,10,3,0,0,1,0,1,2,28,10,4,2,23,29,2,1,5,866,0,0,0,6,-39.49914366771692,40.43600562587904,41.07142857142857,24,14.952153110047847,35.294117647058826,0.0,50.0,1.0,2,3,1,75.1039260969977
S39G01N73,2021-2022,20211118,193,home,70,7,3,12,2,14,0,11,6,13,6,1,1,4,3,3,4,24,12,5,4,33,28,4,0,3,867,0,0,0,3,39.49914366771692,64.0527950310559,62.5,45,10.43115438108484,15.384615384615385,75.0,58.333333333333336,2.3333333333333335,2,3,12,75.01730103806229,60,5,1,11,6,17,1,18,7,10,3,0,0,1,0,1,2,28,10,4,2,23,29,2,1,5,867,0,0,0,6,-39.49914366771692,40.43600562587904,41.07142857142857,24,14.952153110047847,33.333333333333336,0.0,50.0,1.0,2,3,1,75.01730103806229
S39G01N73,2021-2022,20211118,194,home,70,7,3,12,2,14,0,11,6,14,6,1,1,4,3,3,4,25,12,5,4,33,29,4,0,3,878,0,0,0,3,35.05683870913535,61.65919282511211,60.0,44,10.080645161290322,15.384615384615385,75.0,58.333333333333336,2.3333333333333335,2,3,12,75.44419134396355,60,5,1,11,6,17,1,18,7,10,3,0,0,1,0,1,2,28,10,4,2,23,29,2,1,5,878,0,0,0,6,-35.05683870913535,40.43600562587904,41.07142857142857,24,14.952153110047847,33.333333333333336,0.0,50.0,1.0,2,3,1,75.44419134396355
S39G01N73,2021-2022,20211118,195,home,70,7,3,12,2,14,0,11,6,14,6,1,1,4,3,3,4,25,12,5,4,33,29,4,0,3,880,0,0,0,3,35.05683870913535,61.65919282511211,60.0,44,10.080645161290322,14.285714285714286,75.0,58.333333333333336,2.3333333333333335,2,3,12,75.27272727272727,60,5,1,12,6,18,1,18,7,10,3,0,0,1,0,1,2,28,10,4,2,23,29,2,1,5,880,0,0,0,6,-35.05683870913535,40.43600562587904,41.07142857142857,25,14.952153110047847,33.333333333333336,0.0,50.0,1.0,2,3,1,75.27272727272727
S39G01N73,2021-2022,20211118,196,home,70,7,3,12,2,14,0,11,6,14,6,1,1,4,3,3,4,25,12,6,5,33,29,4,0,3,894,0,0,0,3,35.05683870913535,61.65919282511211,60.0,44,10.080645161290322,14.285714285714286,75.0,58.333333333333336,2.3333333333333335,2,3,12,74.09395973154363,60,5,1,12,6,18,1,18,7,10,3,0,0,1,0,1,2,28,10,4,2,23,29,2,1,5,894,0,0,0,6,-35.05683870913535,40.43600562587904,41.07142857142857,25,14.952153110047847,33.333333333333336,0.0,50.0,1.0,2,3,1,74.09395973154363
S39G01N73,2021-2022,20211118,197,home,70,7,3,12,2,14,0,11,6,14,6,1,1,4,3,3,4,25,12,6,5,33,29,4,0,3,894,0,0,0,3,35.05683870913535,61.65919282511211,60.0,44,10.080645161290322,14.285714285714286,75.0,58.333333333333336,2.3333333333333335,2,3,12,74.09395973154363,60,5,1,12,6,18,1,18,7,10,3,0,0,1,0,1,2,28,10,4,2,23,29,2,1,5,894,0,0,0,6,-35.05683870913535,40.43600562587904,41.07142857142857,25,14.952153110047847,33.333333333333336,0.0,50.0,1.0,2,3,1,74.09395973154363
S39G01N73,2021-2022,20211118,198,home,70,7,3,12,2,14,0,11,6,14,6,1,1,4,3,3,4,25,12,6,5,33,29,4,0,3,898,0,0,0,3,38.004069439884546,61.65919282511211,60.0,44,10.080645161290322,14.285714285714286,75.0,58.333333333333336,2.3333333333333335,2,3,12,75.10022271714922,60,5,1,12,6,18,1,18,7,10,3,0,0,1,0,1,2,28,10,4,2,23,29,2,1,6,898,0,0,0,7,-38.004069439884546,40.43600562587904,41.07142857142857,24,17.421602787456447,33.333333333333336,0.0,50.0,0.8333333333333334,2,3,1,75.10022271714922
S39G01N73,2021-2022,20211118,199,home,70,7,3,12,2,14,0,11,6,14,6,1,1,4,3,3,4,25,12,6,5,33,29,5,0,3,899,0,0,0,3,38.004069439884546,61.65919282511211,60.0,45,10.080645161290322,14.285714285714286,75.0,58.333333333333336,2.3333333333333335,2,3,12,75.0166852057842,60,5,1,12,6,18,1,18,7,10,3,0,0,1,0,1,2,28,10,4,2,23,29,2,1,6,899,0,0,0,7,-38.004069439884546,40.43600562587904,41.07142857142857,24,17.421602787456447,33.333333333333336,0.0,50.0,0.8333333333333334,2,3,1,75.0166852057842
S39G01N73,2021-2022,20211118,200,home,70,7,3,12,2,14,0,11,6,14,6,1,1,4,3,3,4,25,12,6,5,33,29,5,0,3,902,0,0,0,3,38.004069439884546,61.65919282511211,60.0,45,10.080645161290322,14.285714285714286,75.0,58.333333333333336,2.3333333333333335,2,3,12,74.76718403547672,60,5,1,12,6,18,1,18,7,10,3,0,0,1,0,1,2,28,10,5,3,23,29,2,1,6,902,0,0,0,7,-38.004069439884546,40.43600562587904,41.07142857142857,24,17.421602787456447,33.333333333333336,0.0,50.0,0.8333333333333334,2,3,1,74.76718403547672
S39G01N73,2021-2022,20211118,201,home,70,7,3,12,2,14,0,11,6,14,6,1,1,4,3,3,4,25,12,6,5,33,29,5,0,3,902,0,0,0,3,38.004069439884546,61.65919282511211,60.0,45,10.080645161290322,14.285714285714286,75.0,58.333333333333336,2.3333333333333335,2,3,12,74.76718403547672,60,5,1,12,6,18,1,18,7,10,3,0,0,1,0,1,2,28,10,5,3,23,29,2,1,6,902,0,0,0,7,-38.004069439884546,40.43600562587904,41.07142857142857,24,17.421602787456447,33.333333333333336,0.0,50.0,0.8333333333333334,2,3,1,74.76718403547672
S39G01N73,2021-2022,20211118,202,home,70,7,3,12,2,14,0,12,6,14,6,1,1,4,3,3,4,26,12,6,5,33,30,5,0,3,921,0,0,0,3,33.87068694017513,59.43804034582132,57.69230769230769,44,9.752925877763328,14.285714285714286,75.0,58.333333333333336,2.3333333333333335,2,3,12,74.52768729641694,60,5,1,12,6,18,1,18,7,10,3,0,0,1,0,1,2,28,10,5,3,23,29,2,1,6,921,0,0,0,7,-33.87068694017513,40.43600562587904,41.07142857142857,24,17.421602787456447,33.333333333333336,0.0,50.0,0.8333333333333334,2,3,1,74.52768729641694
S39G01N73,2021-2022,20211118,203,home,70,7,3,12,2,14,0,12,6,14,6,1,1,4,3,3,4,26,12,6,5,33,30,5,0,3,923,0,0,0,3,33.87068694017513,59.43804034582132,57.69230769230769,44,9.752925877763328,13.333333333333334,75.0,58.333333333333336,2.3333333333333335,2,3,12,74.3661971830986,60,5,1,13,6,19,1,18,7,10,3,0,0,1,0,1,2,28,10,5,3,23,29,2,1,6,923,0,0,0,7,-33.87068694017513,40.43600562587904,41.07142857142857,25,17.421602787456447,33.333333333333336,0.0,50.0,0.8333333333333334,2,3,1,74.3661971830986
S39G01N73,2021-2022,20211118,204,home,70,7,3,12,2,14,0,12,6,14,6,1,1,4,3,3,4,26,12,6,5,33,30,5,0,3,929,0,0,0,3,29.824219931063652,59.43804034582132,57.69230769230769,44,9.752925877763328,13.333333333333334,75.0,58.333333333333336,2.3333333333333335,4,3,12,75.17761033369214,60,5,1,13,6,19,1,19,8,10,3,0,0,1,0,1,2,29,11,5,3,25,30,2,1,6,929,0,0,0,7,-29.824219931063652,42.45923913043478,43.10344827586207,27,16.93002257336343,33.333333333333336,0.0,45.45454545454545,0.8333333333333334,4,3,1,75.17761033369214
S39G01N73,2021-2022,20211118,205,home,70,7,3,12,2,14,0,12,6,14,6,1,1,4,3,3,4,26,12,6,5,33,30,5,0,3,929,0,0,0,3,29.824219931063652,59.43804034582132,57.69230769230769,44,9.752925877763328,13.333333333333334,75.0,58.333333333333336,2.3333333333333335,4,3,12,75.17761033369214,60,6,1,13,6,19,1,19,8,10,3,0,0,1,0,1,2,29,11,5,3,25,30,2,1,6,929,0,0,0,7,-29.824219931063652,42.45923913043478,43.10344827586207,28,16.93002257336343,33.333333333333336,0.0,54.54545454545455,1.0,4,3,1,75.17761033369214
S39G01N73,2021-2022,20211118,206,home,70,7,3,12,2,14,0,12,6,14,6,1,1,4,3,3,4,26,12,6,5,33,30,5,0,3,930,0,0,0,3,29.824219931063652,59.43804034582132,57.69230769230769,44,9.752925877763328,13.333333333333334,75.0,58.333333333333336,2.3333333333333335,4,3,12,75.09677419354838,60,6,1,13,6,19,1,19,8,10,3,0,0,1,0,2,4,29,11,5,3,25,30,2,1,6,930,0,0,0,7,-29.824219931063652,42.45923913043478,43.10344827586207,28,16.93002257336343,33.333333333333336,0.0,54.54545454545455,1.0,4,3,1,75.09677419354838
S39G01N73,2021-2022,20211118,207,home,70,7,3,12,2,14,0,13,7,14,6,1,1,4,3,3,4,27,13,6,5,35,31,5,0,3,946,0,0,0,3,32.68904862085084,60.84840055632823,59.25925925925926,46,9.445843828715365,13.333333333333334,75.0,53.84615384615385,2.3333333333333335,2,3,12,75.09513742071881,60,6,1,13,6,19,1,19,8,10,3,0,0,1,0,2,4,29,11,5,3,25,30,2,1,6,946,0,0,0,7,-32.68904862085084,42.45923913043478,43.10344827586207,28,16.93002257336343,33.333333333333336,0.0,54.54545454545455,1.0,2,3,1,75.09513742071881
S39G01N73,2021-2022,20211118,208,home,70,7,3,12,2,14,0,13,7,14,6,1,1,4,3,3,4,27,13,6,5,35,31,5,0,3,972,0,0,0,3,35.47874895793592,60.84840055632823,59.25925925925926,46,9.445843828715365,13.333333333333334,75.0,53.84615384615385,2.3333333333333335,2,3,12,74.32098765432099,60,6,1,13,6,19,1,20,8,10,3,0,0,1,0,2,4,30,11,5,3,25,31,2,1,6,972,0,0,0,7,-35.47874895793592,41.06438896189225,41.666666666666664,27,16.465422612513724,33.333333333333336,0.0,54.54545454545455,1.0,2,3,1,74.32098765432099
S39G01N73,2021-2022,20211118,209,home,70,7,4,12,2,14,0,13,7,14,6,1,1,4,3,3,4,27,13,6,5,35,31,5,0,3,973,0,0,0,3,35.47874895793592,60.84840055632823,59.25925925925926,47,9.445843828715365,13.333333333333334,75.0,53.84615384615385,2.3333333333333335,2,3,12,74.24460431654677,60,6,1,13,6,19,1,20,8,10,3,0,0,1,0,2,4,30,11,5,3,25,31,2,1,6,973,0,0,0,7,-35.47874895793592,41.06438896189225,41.666666666666664,27,16.465422612513724,33.333333333333336,0.0,54.54545454545455,1.0,2,3,1,74.24460431654677
S39G01N73,2021-2022,20211118,210,home,70,7,4,13,2,15,0,13,7,14,6,1,1,4,3,3,4,27,13,6,5,35,31,5,0,3,974,0,0,0,3,35.47874895793592,60.84840055632823,59.25925925925926,48,9.445843828715365,13.333333333333334,75.0,53.84615384615385,2.3333333333333335,2,3,12,74.16837782340863,60,6,1,13,6,19,1,20,8,10,3,0,0,1,0,2,4,30,11,5,3,25,31,2,1,6,974,0,0,0,7,-35.47874895793592,41.06438896189225,41.666666666666664,27,16.465422612513724,31.57894736842105,0.0,54.54545454545455,1.0,2,3,1,74.16837782340863
S39G01N73,2021-2022,20211118,211,home,70,7,4,13,2,15,0,13,7,15,6,1,1,4,3,3,4,28,13,6,5,35,32,5,0,3,982,0,0,0,3,31.655357316787658,58.80376344086021,57.142857142857146,47,9.157509157509157,13.333333333333334,75.0,53.84615384615385,2.3333333333333335,2,3,12,74.78615071283096,60,6,1,13,6,19,1,20,8,10,3,0,0,1,0,2,4,30,11,5,3,25,31,2,1,6,982,0,0,0,7,-31.655357316787658,41.06438896189225,41.666666666666664,27,16.465422612513724,31.57894736842105,0.0,54.54545454545455,1.0,2,3,1,74.78615071283096
S39G01N73,2021-2022,20211118,212,home,70,7,4,13,2,15,0,13,7,15,6,1,1,4,3,3,4,28,13,6,5,35,32,5,0,3,984,0,0,0,3,31.655357316787658,58.80376344086021,57.142857142857146,47,9.157509157509157,12.5,75.0,53.84615384615385,2.3333333333333335,2,3,12,74.63414634146342,60,6,1,14,6,20,1,20,8,10,3,0,0,1,0,2,4,30,11,5,3,25,31,2,1,6,984,0,0,0,7,-31.655357316787658,41.06438896189225,41.666666666666664,28,16.465422612513724,31.57894736842105,0.0,54.54545454545455,1.0,2,3,1,74.63414634146342
S39G01N73,2021-2022,20211118,213,home,70,7,4,13,2,15,0,13,7,15,6,1,1,4,3,3,4,28,13,6,5,35,32,5,0,3,989,0,0,0,3,34.26759580036858,58.80376344086021,57.142857142857146,47,9.157509157509157,12.5,75.0,53.84615384615385,2.3333333333333335,2,3,12,75.4701718907988,60,6,1,14,6,20,1,21,8,10,3,0,0,1,0,2,4,31,11,5,3,25,32,2,1,6,989,0,0,0,7,-34.26759580036858,39.75826972010178,40.32258064516129,27,16.025641025641026,31.57894736842105,0.0,54.54545454545455,1.0,2,3,1,75.4701718907988
S39G01N73,2021-2022,20211118,214,home,70,7,5,13,2,15,0,13,7,15,6,1,1,4,3,3,4,28,13,6,5,35,32,5,0,3,991,0,0,0,3,34.26759580036858,58.80376344086021,57.142857142857146,48,9.157509157509157,12.5,75.0,53.84615384615385,2.3333333333333335,2,3,12,75.31786074672048,60,6,1,14,6,20,1,21,8,10,3,0,0,1,0,2,4,31,11,5,3,25,32,2,1,6,991,0,0,0,7,-34.26759580036858,39.75826972010178,40.32258064516129,27,16.025641025641026,31.57894736842105,0.0,54.54545454545455,1.0,2,3,1,75.31786074672048
S39G01N73,2021-2022,20211118,215,home,70,7,5,14,2,16,0,13,7,15,6,1,1,4,3,3,4,28,13,6,5,35,32,5,0,3,992,0,0,0,3,34.26759580036858,58.80376344086021,57.142857142857146,49,9.157509157509157,12.5,75.0,53.84615384615385,2.3333333333333335,2,3,12,75.24193548387098,60,6,1,14,6,20,1,21,8,10,3,0,0,1,0,2,4,31,11,5,3,25,32,2,1,6,992,0,0,0,7,-34.26759580036858,39.75826972010178,40.32258064516129,27,16.025641025641026,30.0,0.0,54.54545454545455,1.0,2,3,1,75.24193548387098
S39G01N73,2021-2022,20211118,216,home,70,7,5,14,2,16,0,14,8,15,6,1,1,4,3,3,4,29,14,6,5,37,33,5,0,3,995,0,0,0,3,36.982201113952584,60.14304291287386,58.62068965517241,51,8.886255924170614,12.5,75.0,50.0,2.3333333333333335,4,3,12,76.22110552763819,60,6,1,14,6,20,1,21,8,10,3,0,0,1,0,2,4,31,11,5,3,25,32,2,1,6,995,0,0,0,7,-36.982201113952584,39.75826972010178,40.32258064516129,27,16.025641025641026,30.0,0.0,54.54545454545455,1.0,4,3,1,76.22110552763819
S39G01N73,2021-2022,20211118,217,home,70,8,5,14,2,16,0,14,8,15,6,1,1,4,3,3,4,29,14,6,5,37,33,5,0,3,995,0,0,0,3,36.982201113952584,60.14304291287386,58.62068965517241,52,8.886255924170614,12.5,75.0,57.142857142857146,2.6666666666666665,4,3,12,76.22110552763819,60,6,1,14,6,20,1,21,8,10,3,0,0,1,0,2,4,31,11,5,3,25,32,2,1,6,995,0,0,0,7,-36.982201113952584,39.75826972010178,40.32258064516129,27,16.025641025641026,30.0,0.0,54.54545454545455,1.0,4,3,1,76.22110552763819
S39G01N73,2021-2022,20211118,218,home,70,8,5,14,2,16,0,14,8,15,6,1,1,4,3,4,6,29,14,6,5,37,33,5,0,3,996,0,0,0,3,36.982201113952584,60.14304291287386,58.62068965517241,52,8.886255924170614,12.5,75.0,57.142857142857146,2.6666666666666665,4,3,12,76.14457831325302,60,6,1,14,6,20,1,21,8,10,3,0,0,1,0,2,4,31,11,5,3,25,32,2,1,6,996,0,0,0,7,-36.982201113952584,39.75826972010178,40.32258064516129,27,16.025641025641026,30.0,0.0,54.54545454545455,1.0,4,3,1,76.14457831325302
S39G01N73,2021-2022,20211118,219,home,70,8,5,14,2,16,0,14,8,15,6,1,1,4,3,4,6,29,14,6,5,37,33,5,0,3,1013,0,0,0,3,39.43338913615368,60.14304291287386,58.62068965517241,52,8.886255924170614,12.5,75.0,57.142857142857146,2.6666666666666665,4,3,12,76.05133267522211,60,6,1,14,6,20,1,22,8,10,3,0,0,1,0,2,4,32,11,5,3,25,33,2,1,6,1013,0,0,0,7,-39.43338913615368,38.53267570900124,39.0625,26,15.608740894901146,30.0,0.0,54.54545454545455,1.0,4,3,1,76.05133267522211
S39G01N73,2021-2022,20211118,220,home,70,8,6,14,2,16,0,14,8,15,6,1,1,4,3,4,6,29,14,6,5,37,33,5,0,3,1014,0,0,0,3,39.43338913615368,60.14304291287386,58.62068965517241,53,8.886255924170614,12.5,75.0,57.142857142857146,2.6666666666666665,4,3,12,75.97633136094676,60,6,1,14,6,20,1,22,8,10,3,0,0,1,0,2,4,32,11,5,3,25,33,2,1,6,1014,0,0,0,7,-39.43338913615368,38.53267570900124,39.0625,26,15.608740894901146,30.0,0.0,54.54545454545455,1.0,4,3,1,75.97633136094676
S39G01N73,2021-2022,20211118,221,home,70,8,6,14,2,16,0,14,8,15,6,1,1,4,3,4,6,29,14,6,5,37,33,5,0,3,1014,0,0,0,3,36.982201113952584,60.14304291287386,58.62068965517241,53,8.886255924170614,12.5,75.0,57.142857142857146,2.6666666666666665,4,3,12,74.79289940828403,60,6,1,14,7,21,1,22,8,10,3,0,0,1,0,2,4,32,11,5,3,25,33,2,1,6,1014,0,0,0,7,-36.982201113952584,38.53267570900124,39.0625,27,15.608740894901146,33.333333333333336,0.0,54.54545454545455,1.0,4,3,1,74.79289940828403
S39G01N73,2021-2022,20211118,222,home,70,8,6,14,2,16,0,14,8,15,6,1,1,4,3,4,6,29,14,6,5,37,33,5,0,3,1015,0,0,0,3,33.268161022713485,60.14304291287386,58.62068965517241,53,8.886255924170614,12.5,75.0,57.142857142857146,2.6666666666666665,2,3,12,75.90147783251233,60,6,1,14,7,21,1,23,9,10,3,0,0,1,0,2,4,33,12,5,3,27,34,2,1,6,1015,0,0,0,7,-33.268161022713485,40.37081339712919,40.90909090909091,29,15.212981744421908,33.333333333333336,0.0,50.0,1.0,2,3,1,75.90147783251233
S39G01N73,2021-2022,20211118,223,home,70,8,6,14,2,16,0,14,8,15,6,1,1,4,3,4,6,29,14,7,5,37,33,5,0,3,1015,0,0,0,3,33.268161022713485,60.14304291287386,58.62068965517241,53,8.886255924170614,12.5,75.0,57.142857142857146,2.6666666666666665,2,3,12,75.90147783251233,60,6,1,14,7,21,1,23,9,10,3,0,0,1,0,2,4,33,12,5,3,27,34,2,1,6,1015,0,0,0,7,-33.268161022713485,40.37081339712919,40.90909090909091,29,15.212981744421908,33.333333333333336,0.0,50.0,1.0,2,3,1,75.90147783251233
S39G01N73,2021-2022,20211118,224,home,70,8,6,14,2,16,0,14,8,15,6,1,1,4,3,4,6,29,14,7,5,37,33,5,0,3,1015,0,0,0,3,33.268161022713485,60.14304291287386,58.62068965517241,53,8.886255924170614,12.5,75.0,57.142857142857146,2.6666666666666665,2,3,12,75.90147783251233,60,6,1,14,7,21,1,23,9,10,3,0,0,1,0,2,4,33,12,5,3,27,34,2,1,6,1015,0,0,0,7,-33.268161022713485,40.37081339712919,40.90909090909091,29,15.212981744421908,33.333333333333336,0.0,50.0,1.0,2,3,1,75.90147783251233
S39G01N73,2021-2022,20211118,225,home,70,8,6,14,2,16,0,14,8,15,6,1,1,4,3,4,6,29,14,7,5,37,33,5,0,3,1015,0,0,0,3,33.268161022713485,60.14304291287386,58.62068965517241,53,8.886255924170614,12.5,75.0,57.142857142857146,2.6666666666666665,2,3,12,75.90147783251233,60,6,1,14,7,21,1,23,9,10,3,0,0,1,0,2,4,33,12,5,3,27,34,2,1,6,1015,0,0,0,7,-33.268161022713485,40.37081339712919,40.90909090909091,29,15.212981744421908,33.333333333333336,0.0,50.0,1.0,2,3,1,75.90147783251233
S39G01N73,2021-2022,20211118,226,home,70,8,6,14,2,16,0,14,8,15,6,1,1,4,3,4,6,29,14,7,5,37,33,5,0,3,1015,0,0,0,3,33.268161022713485,60.14304291287386,58.62068965517241,53,8.886255924170614,12.5,75.0,57.142857142857146,2.6666666666666665,2,3,12,75.90147783251233,60,6,1,14,7,21,1,23,9,10,3,0,0,1,0,2,4,33,12,5,3,27,34,2,1,6,1015,0,0,0,7,-33.268161022713485,40.37081339712919,40.90909090909091,29,15.212981744421908,33.333333333333336,0.0,50.0,1.0,2,3,1,75.90147783251233
S39G01N73,2021-2022,20211118,227,home,70,8,6,14,2,16,0,14,8,15,6,1,1,4,3,4,6,29,14,7,5,37,33,5,0,3,1015,0,0,0,3,33.268161022713485,60.14304291287386,58.62068965517241,53,8.886255924170614,12.5,75.0,57.142857142857146,2.6666666666666665,2,3,12,75.90147783251233,60,6,1,14,7,21,1,23,9,10,3,0,0,1,0,2,4,33,12,5,3,27,34,2,1,6,1015,0,0,0,7,-33.268161022713485,40.37081339712919,40.90909090909091,29,15.212981744421908,33.333333333333336,0.0,50.0,1.0,2,3,1,75.90147783251233
S39G01N73,2021-2022,20211118,228,home,70,8,6,14,2,16,0,14,8,15,6,1,1,4,3,4,6,29,14,7,5,37,33,5,0,3,1015,0,0,0,3,33.268161022713485,60.14304291287386,58.62068965517241,53,8.886255924170614,12.5,75.0,57.142857142857146,2.6666666666666665,2,3,12,75.90147783251233,60,6,1,14,7,21,1,23,9,10,3,0,0,1,0,2,4,33,12,5,3,27,34,2,1,6,1015,0,0,0,7,-33.268161022713485,40.37081339712919,40.90909090909091,29,15.212981744421908,33.333333333333336,0.0,50.0,1.0,2,3,1,75.90147783251233
S39G01N73,2021-2022,20211118,229,home,70,8,6,14,2,16,0,14,8,15,6,1,1,4,3,4,6,29,14,7,5,37,33,5,0,3,1015,0,0,0,3,33.268161022713485,60.14304291287386,58.62068965517241,53,8.886255924170614,12.5,75.0,57.142857142857146,2.6666666666666665,2,3,12,75.90147783251233,60,6,1,14,7,21,1,23,9,10,3,0,0,1,0,2,4,33,12,5,3,27,34,2,1,6,1015,0,0,0,7,-33.268161022713485,40.37081339712919,40.90909090909091,29,15.212981744421908,33.333333333333336,0.0,50.0,1.0,2,3,1,75.90147783251233
S39G01N73,2021-2022,20211118,230,home,70,8,6,14,2,16,0,14,8,15,6,1,1,4,3,4,6,29,14,7,5,37,33,5,0,3,1015,0,0,0,3,33.268161022713485,60.14304291287386,58.62068965517241,53,8.886255924170614,12.5,75.0,57.142857142857146,2.6666666666666665,2,3,12,75.90147783251233,60,6,1,14,7,21,1,23,9,10,3,0,0,1,0,2,4,33,12,5,3,27,34,2,1,6,1015,0,0,0,7,-33.268161022713485,40.37081339712919,40.90909090909091,29,15.212981744421908,33.333333333333336,0.0,50.0,1.0,2,3,1,75.90147783251233
S39G01N73,2021-2022,20211118,231,home,70,8,6,14,2,16,0,14,8,15,6,1,1,4,3,4,6,29,14,7,5,37,33,5,0,3,1015,0,0,0,3,31.34058970257466,60.14304291287386,58.62068965517241,53,8.886255924170614,12.5,75.0,57.142857142857146,2.6666666666666665,3,3,12,76.42167487684732,60,6,1,14,7,21,1,23,9,10,3,0,0,2,1,2,4,33,12,5,3,28,35,2,1,6,1015,0,0,0,7,-31.34058970257466,41.32231404958677,40.90909090909091,30,15.045135406218655,33.333333333333336,50.0,50.0,1.0,3,3,1,76.42167487684732
S39G01N73,2021-2022,20211118,232,home,70,8,6,14,2,16,0,15,8,15,6,1,1,4,3,4,6,30,14,7,5,37,34,5,0,3,1033,0,0,0,3,27.78446209103143,58.249370277078086,56.666666666666664,52,8.63060989643268,12.5,75.0,57.142857142857146,2.6666666666666665,3,3,12,76.25169409486932,60,6,1,14,7,21,1,23,9,10,3,0,0,2,1,2,4,33,12,5,3,28,35,2,1,6,1033,0,0,0,7,-27.78446209103143,41.32231404958677,40.90909090909091,30,15.045135406218655,33.333333333333336,50.0,50.0,1.0,3,3,1,76.25169409486932
S39G01N73,2021-2022,20211118,233,home,70,8,6,14,2,16,0,15,8,15,6,1,1,4,3,4,6,30,14,7,5,37,34,5,0,3,1035,0,0,0,3,27.78446209103143,58.249370277078086,56.666666666666664,52,8.63060989643268,11.764705882352942,75.0,57.142857142857146,2.6666666666666665,3,3,12,76.10434782608698,60,6,1,15,7,22,1,23,9,10,3,0,0,2,1,2,4,33,12,5,3,28,35,2,1,6,1035,0,0,0,7,-27.78446209103143,41.32231404958677,40.90909090909091,31,15.045135406218655,33.333333333333336,50.0,50.0,1.0,3,3,1,76.10434782608698
S39G01N73,2021-2022,20211118,234,home,70,8,6,14,2,16,0,15,8,15,6,1,1,4,3,4,6,30,14,7,5,37,34,5,0,3,1050,0,0,0,3,24.394797122069832,58.249370277078086,56.666666666666664,52,8.63060989643268,11.764705882352942,75.0,57.142857142857146,2.6666666666666665,5,3,12,76.16000000000001,60,6,1,15,7,22,1,24,10,10,3,0,0,2,1,2,4,34,13,5,3,30,36,2,1,6,1050,0,0,0,7,-24.394797122069832,43.0045871559633,42.64705882352941,33,14.677103718199607,33.333333333333336,50.0,46.15384615384615,1.0,5,3,1,76.16000000000001
S39G01N73,2021-2022,20211118,235,home,70,8,6,14,2,16,0,15,8,15,6,1,1,4,3,4,6,30,14,7,5,37,34,5,0,3,1050,0,0,0,3,24.394797122069832,58.249370277078086,56.666666666666664,52,8.63060989643268,11.764705882352942,75.0,57.142857142857146,2.6666666666666665,5,3,12,76.16000000000001,60,7,1,15,7,22,1,24,10,10,3,0,0,2,1,2,4,34,13,5,3,30,36,2,1,6,1050,0,0,0,7,-24.394797122069832,43.0045871559633,42.64705882352941,34,14.677103718199607,33.333333333333336,50.0,53.84615384615385,1.1666666666666667,5,3,1,76.16000000000001
S39G01N73,2021-2022,20211118,236,home,70,8,6,14,2,16,0,15,8,16,6,1,1,4,3,4,6,31,14,7,5,37,35,5,0,3,1063,0,0,0,3,21.049340577561182,56.47130647130648,54.83870967741935,51,8.389261744966444,11.764705882352942,75.0,57.142857142857146,2.6666666666666665,5,3,12,76.35747883349012,60,7,1,15,7,22,1,24,10,10,3,0,0,2,1,2,4,34,13,5,3,30,36,2,1,6,1063,0,0,0,7,-21.049340577561182,43.0045871559633,42.64705882352941,34,14.677103718199607,33.333333333333336,50.0,53.84615384615385,1.1666666666666667,5,3,1,76.35747883349012
S39G01N73,2021-2022,20211118,237,home,70,8,6,14,2,16,0,15,8,16,6,1,1,4,3,4,6,31,14,7,5,37,35,5,0,3,1065,0,0,0,3,21.049340577561182,56.47130647130648,54.83870967741935,51,8.389261744966444,11.11111111111111,75.0,57.142857142857146,2.6666666666666665,5,3,12,76.21408450704226,60,7,1,16,7,23,1,24,10,10,3,0,0,2,1,2,4,34,13,5,3,30,36,2,1,6,1065,0,0,0,7,-21.049340577561182,43.0045871559633,42.64705882352941,35,14.677103718199607,33.333333333333336,50.0,53.84615384615385,1.1666666666666667,5,3,1,76.21408450704226
S39G01N73,2021-2022,20211118,238,home,70,8,6,14,2,16,0,15,8,16,6,1,1,4,3,4,6,31,14,7,5,37,35,5,0,3,1080,0,0,0,3,14.98706465498502,56.47130647130648,54.83870967741935,51,8.389261744966444,11.11111111111111,75.0,57.142857142857146,2.6666666666666665,8,3,12,76.26666666666667,60,7,1,16,7,23,1,24,10,11,4,0,0,2,1,2,4,35,14,5,3,33,37,2,1,6,1080,0,0,0,7,-14.98706465498502,45.986622073578594,45.714285714285715,38,14.326647564469914,33.333333333333336,50.0,50.0,1.1666666666666667,8,3,1,76.26666666666667
S39G01N73,2021-2022,20211118,239,home,70,8,6,14,2,16,0,15,8,16,6,1,1,4,3,4,6,31,14,7,5,37,35,5,0,3,1088,0,0,0,3,14.98706465498502,56.47130647130648,54.83870967741935,51,8.389261744966444,11.11111111111111,75.0,57.142857142857146,2.6666666666666665,8,3,12,75.70588235294119,60,7,1,16,7,23,1,24,10,11,4,0,0,2,1,2,4,35,14,6,4,33,37,2,1,6,1088,0,0,0,7,-14.98706465498502,45.986622073578594,45.714285714285715,38,14.326647564469914,33.333333333333336,50.0,50.0,1.1666666666666667,8,3,1,75.70588235294119
S39G01N73,2021-2022,20211118,240,home,70,8,6,14,2,16,0,15,8,16,6,1,1,4,3,4,6,31,14,7,5,37,35,5,0,3,1088,0,0,0,3,14.98706465498502,56.47130647130648,54.83870967741935,51,8.389261744966444,11.11111111111111,75.0,57.142857142857146,2.6666666666666665,8,3,12,75.70588235294119,60,7,1,16,7,23,1,24,10,11,4,0,0,2,1,2,4,35,14,6,4,33,37,2,1,6,1088,0,0,0,7,-14.98706465498502,45.986622073578594,45.714285714285715,38,14.326647564469914,33.333333333333336,50.0,50.0,1.1666666666666667,8,3,1,75.70588235294119
S39G01N73,2021-2022,20211118,241,home,70,8,6,14,2,16,0,15,8,16,6,1,1,4,3,4,6,31,14,7,5,37,35,5,0,3,1088,0,0,0,3,14.98706465498502,56.47130647130648,54.83870967741935,51,8.389261744966444,11.11111111111111,75.0,57.142857142857146,2.6666666666666665,8,3,12,75.70588235294119,60,7,1,16,7,23,1,24,10,11,4,0,0,2,1,2,4,35,14,6,4,33,37,2,1,6,1088,0,0,0,7,-14.98706465498502,45.986622073578594,45.714285714285715,38,14.326647564469914,33.333333333333336,50.0,50.0,1.1666666666666667,8,3,1,75.70588235294119
S39G01N73,2021-2022,20211118,242,home,70,8,6,14,2,16,0,16,9,16,6,1,1,4,3,4,6,32,15,7,5,39,36,5,0,3,1101,0,0,0,3,17.5878369105056,57.76066350710901,56.25,53,8.161044613710555,11.11111111111111,75.0,53.333333333333336,2.6666666666666665,2,3,12,75.90190735694824,60,7,1,16,7,23,1,24,10,11,4,0,0,2,1,2,4,35,14,6,4,33,37,2,1,6,1101,0,0,0,7,-17.5878369105056,45.986622073578594,45.714285714285715,38,14.326647564469914,33.333333333333336,50.0,50.0,1.1666666666666667,2,3,1,75.90190735694824
S39G01N73,2021-2022,20211118,243,home,70,9,6,14,2,16,0,16,9,16,6,1,1,4,3,4,6,32,15,7,5,39,36,5,0,3,1101,0,0,0,3,17.5878369105056,57.76066350710901,56.25,54,8.161044613710555,11.11111111111111,75.0,60.0,3.0,2,3,12,75.90190735694824,60,7,1,16,7,23,1,24,10,11,4,0,0,2,1,2,4,35,14,6,4,33,37,2,1,6,1101,0,0,0,7,-17.5878369105056,45.986622073578594,45.714285714285715,38,14.326647564469914,33.333333333333336,50.0,50.0,1.1666666666666667,2,3,1,75.90190735694824
S39G01N73,2021-2022,20211118,244,home,70,9,6,14,2,16,0,16,9,16,6,1,1,4,3,4,6,32,15,7,5,39,36,5,0,3,1119,0,0,0,3,20.224684506467668,57.76066350710901,56.25,54,8.161044613710555,11.11111111111111,75.0,60.0,3.0,2,3,12,75.75335120643432,60,7,1,16,7,23,1,24,10,12,4,0,0,2,1,2,4,36,14,6,4,33,38,2,1,6,1119,0,0,0,7,-20.224684506467668,44.73969631236442,44.44444444444444,37,13.992537313432836,33.333333333333336,50.0,50.0,1.1666666666666667,2,3,1,75.75335120643432
S39G01N73,2021-2022,20211118,245,home,70,9,6,15,2,17,0,16,9,16,6,1,1,4,3,4,6,32,15,7,5,39,36,5,0,3,1121,0,0,0,3,20.224684506467668,57.76066350710901,56.25,55,8.161044613710555,11.11111111111111,75.0,60.0,3.0,2,3,12,75.61819803746656,60,7,1,16,7,23,1,24,10,12,4,0,0,2,1,2,4,36,14,6,4,33,38,2,1,6,1121,0,0,0,7,-20.224684506467668,44.73969631236442,44.44444444444444,37,13.992537313432836,31.818181818181817,50.0,50.0,1.1666666666666667,2,3,1,75.61819803746656
S39G01N73,2021-2022,20211118,246,home,70,9,6,15,2,17,0,17,10,16,6,1,1,4,3,4,6,33,16,7,5,41,37,5,0,3,1128,0,0,0,3,22.679999700717545,58.97583429228999,57.57575757575758,57,7.944915254237289,11.11111111111111,75.0,56.25,3.0,4,3,12,76.2127659574468,60,7,1,16,7,23,1,24,10,12,4,0,0,2,1,2,4,36,14,6,4,33,38,2,1,6,1128,0,0,0,7,-22.679999700717545,44.73969631236442,44.44444444444444,37,13.992537313432836,31.818181818181817,50.0,50.0,1.1666666666666667,4,3,1,76.2127659574468
S39G01N73,2021-2022,20211118,247,home,70,10,6,15,2,17,0,17,10,16,6,1,1,4,3,4,6,33,16,7,5,41,37,5,0,3,1128,0,0,0,3,22.679999700717545,58.97583429228999,57.57575757575758,58,7.944915254237289,11.11111111111111,75.0,62.5,3.3333333333333335,4,3,12,76.2127659574468,60,7,1,16,7,23,1,24,10,12,4,0,0,2,1,2,4,36,14,6,4,33,38,2,1,6,1128,0,0,0,7,-22.679999700717545,44.73969631236442,44.44444444444444,37,13.992537313432836,31.818181818181817,50.0,50.0,1.1666666666666667,4,3,1,76.2127659574468
S39G01N73,2021-2022,20211118,248,home,70,10,6,15,2,17,0,17,10,16,6,1,1,4,3,4,6,33,16,7,5,41,37,5,0,3,1146,0,0,0,3,25.17385122314589,58.97583429228999,57.57575757575758,58,7.944915254237289,11.11111111111111,75.0,62.5,3.3333333333333335,4,3,12,76.06282722513089,60,7,1,16,7,23,1,25,10,12,4,0,0,2,1,2,4,37,14,6,4,33,39,2,1,6,1146,0,0,0,7,-25.17385122314589,43.55860612460401,43.24324324324324,36,13.673655423883318,31.818181818181817,50.0,50.0,1.1666666666666667,4,3,1,76.06282722513089
S39G01N73,2021-2022,20211118,249,home,70,10,6,15,2,17,0,17,10,16,6,1,1,4,3,4,6,33,16,7,5,41,37,5,0,3,1147,0,0,0,3,25.17385122314589,58.97583429228999,57.57575757575758,58,7.944915254237289,11.11111111111111,75.0,62.5,3.3333333333333335,4,3,12,75.99651264167393,60,7,1,16,7,23,2,25,10,12,4,0,0,2,1,2,4,37,14,6,4,33,39,2,1,6,1147,0,0,0,7,-25.17385122314589,43.55860612460401,43.24324324324324,37,13.673655423883318,31.818181818181817,50.0,50.0,1.1666666666666667,4,3,1,75.99651264167393
S39G01N73,2021-2022,20211118,250,home,70,10,6,15,2,17,0,17,10,16,6,1,1,4,3,4,6,33,16,7,5,41,37,5,0,3,1147,0,0,0,3,25.17385122314589,58.97583429228999,57.57575757575758,58,7.944915254237289,11.11111111111111,75.0,62.5,3.3333333333333335,4,3,12,75.99651264167393,60,7,1,16,7,23,2,25,10,12,4,0,0,2,1,2,4,37,14,6,4,33,39,2,1,6,1147,0,0,0,7,-25.17385122314589,43.55860612460401,43.24324324324324,37,13.673655423883318,31.818181818181817,50.0,50.0,1.1666666666666667,4,3,1,75.99651264167393
S39G01N73,2021-2022,20211118,251,home,70,10,6,15,2,17,0,17,10,16,6,1,1,4,3,4,6,33,16,7,5,41,37,5,0,3,1147,0,0,0,3,25.17385122314589,58.97583429228999,57.57575757575758,58,7.944915254237289,11.11111111111111,75.0,62.5,3.3333333333333335,4,3,12,75.99651264167393,60,7,1,16,7,23,2,25,10,12,4,0,0,2,1,2,4,37,14,6,4,33,39,2,1,6,1147,0,0,0,7,-25.17385122314589,43.55860612460401,43.24324324324324,37,13.673655423883318,31.818181818181817,50.0,50.0,1.1666666666666667,4,3,1,75.99651264167393
S39G01N73,2021-2022,20211118,252,home,70,10,6,15,2,17,0,17,10,16,6,1,1,4,3,4,6,33,16,7,5,41,37,5,0,3,1161,0,0,0,3,27.53603159866671,58.97583429228999,57.57575757575758,58,7.944915254237289,11.11111111111111,75.0,62.5,3.3333333333333335,4,3,12,76.11369509043926,60,7,1,16,7,23,2,25,10,13,4,0,0,2,1,2,4,38,14,6,4,33,40,2,1,6,1161,0,0,0,7,-27.53603159866671,42.43827160493827,42.10526315789474,36,13.36898395721925,31.818181818181817,50.0,50.0,1.1666666666666667,4,3,1,76.11369509043926
S39G01N73,2021-2022,20211118,253,home,70,10,6,16,2,18,0,17,10,16,6,1,1,4,3,4,6,33,16,7,5,41,37,5,0,3,1162,0,0,0,3,27.53603159866671,58.97583429228999,57.57575757575758,59,7.944915254237289,11.11111111111111,75.0,62.5,3.3333333333333335,4,3,12,76.04819277108435,60,7,1,16,7,23,2,25,10,13,4,0,0,2,1,2,4,38,14,6,4,33,40,2,1,6,1162,0,0,0,7,-27.53603159866671,42.43827160493827,42.10526315789474,36,13.36898395721925,30.434782608695652,50.0,50.0,1.1666666666666667,4,3,1,76.04819277108435
S39G01N73,2021-2022,20211118,254,home,70,10,6,16,2,18,0,17,10,16,6,1,1,4,3,4,6,33,16,7,5,41,37,5,0,3,1170,0,0,0,3,27.53603159866671,58.97583429228999,57.57575757575758,59,7.944915254237289,11.11111111111111,75.0,62.5,3.3333333333333335,4,3,12,75.52820512820512,60,7,1,16,7,23,2,25,10,13,4,0,0,2,1,2,4,38,14,7,5,33,40,2,1,6,1170,0,0,0,7,-27.53603159866671,42.43827160493827,42.10526315789474,36,13.36898395721925,30.434782608695652,50.0,50.0,1.1666666666666667,4,3,1,75.52820512820512
S39G01N73,2021-2022,20211118,255,home,70,10,6,16,2,18,0,17,10,16,6,1,1,4,3,4,6,33,16,7,5,41,37,5,0,3,1170,0,0,0,3,27.53603159866671,58.97583429228999,57.57575757575758,59,7.944915254237289,11.11111111111111,75.0,62.5,3.3333333333333335,4,3,12,75.52820512820512,60,7,1,16,7,23,2,25,10,13,4,0,0,2,1,2,4,38,14,7,5,33,40,2,1,6,1170,0,0,0,7,-27.53603159866671,42.43827160493827,42.10526315789474,36,13.36898395721925,30.434782608695652,50.0,50.0,1.1666666666666667,4,3,1,75.52820512820512
S39G01N73,2021-2022,20211118,256,home,70,10,6,16,2,18,0,17,10,16,6,1,1,4,3,4,6,33,16,7,5,41,37,5,0,3,1170,0,0,0,3,27.53603159866671,58.97583429228999,57.57575757575758,59,7.944915254237289,11.11111111111111,75.0,62.5,3.3333333333333335,4,3,12,75.52820512820512,60,7,1,16,7,23,2,25,10,13,4,0,0,2,1,2,4,38,14,7,5,33,40,2,1,6,1170,0,0,0,7,-27.53603159866671,42.43827160493827,42.10526315789474,36,13.36898395721925,30.434782608695652,50.0,50.0,1.1666666666666667,4,3,1,75.52820512820512
S39G01N73,2021-2022,20211118,257,home,70,10,6,16,2,18,0,17,10,16,6,1,1,4,3,4,6,33,16,7,5,41,37,5,0,3,1170,0,0,0,3,27.53603159866671,58.97583429228999,57.57575757575758,59,7.944915254237289,11.11111111111111,75.0,62.5,3.3333333333333335,4,3,12,75.52820512820512,60,7,1,16,7,23,2,25,10,13,4,0,0,2,1,2,4,38,14,7,5,33,40,2,1,6,1170,0,0,0,7,-27.53603159866671,42.43827160493827,42.10526315789474,36,13.36898395721925,30.434782608695652,50.0,50.0,1.1666666666666667,4,3,1,75.52820512820512
S39G01N73,2021-2022,20211118,258,home,70,10,6,16,2,18,0,17,10,16,6,1,1,4,3,4,6,33,16,7,5,41,37,5,0,3,1170,0,0,0,3,27.53603159866671,58.97583429228999,57.57575757575758,59,7.944915254237289,11.11111111111111,75.0,62.5,3.3333333333333335,4,3,12,75.52820512820512,60,7,1,16,7,23,2,25,10,13,4,0,0,2,1,2,4,38,14,7,5,33,40,2,1,6,1170,0,0,0,7,-27.53603159866671,42.43827160493827,42.10526315789474,36,13.36898395721925,30.434782608695652,50.0,50.0,1.1666666666666667,4,3,1,75.52820512820512
S39G01N73,2021-2022,20211118,259,home,70,10,6,16,2,18,0,17,10,17,7,1,1,4,3,4,6,34,17,7,5,44,38,5,0,3,1179,0,0,0,3,32.57810875188012,61.52125279642058,60.294117647058826,62,7.739938080495357,11.11111111111111,75.0,58.8235294117647,3.3333333333333335,7,3,12,75.96946564885496,60,7,1,16,7,23,2,25,10,13,4,0,0,2,1,2,4,38,14,7,5,33,40,2,1,6,1179,0,0,0,7,-32.57810875188012,42.43827160493827,42.10526315789474,36,13.36898395721925,30.434782608695652,50.0,50.0,1.1666666666666667,7,3,1,75.96946564885496
S39G01N73,2021-2022,20211118,260,home,70,11,6,16,2,18,0,17,10,17,7,1,1,4,3,4,6,34,17,7,5,44,38,5,0,3,1179,0,0,0,3,32.57810875188012,61.52125279642058,60.294117647058826,63,7.739938080495357,11.11111111111111,75.0,64.70588235294117,3.6666666666666665,7,3,12,75.96946564885496,60,7,1,16,7,23,2,25,10,13,4,0,0,2,1,2,4,38,14,7,5,33,40,2,1,6,1179,0,0,0,7,-32.57810875188012,42.43827160493827,42.10526315789474,36,13.36898395721925,30.434782608695652,50.0,50.0,1.1666666666666667,7,3,1,75.96946564885496
S39G01N73,2021-2022,20211118,261,home,70,11,6,16,2,18,0,17,10,17,7,1,1,4,3,4,6,34,17,7,5,44,38,5,0,3,1195,0,0,0,3,29.67474486940091,61.52125279642058,60.294117647058826,63,7.739938080495357,11.11111111111111,75.0,64.70588235294117,3.6666666666666665,2,3,12,75.95648535564854,60,7,1,16,7,23,2,26,11,13,4,0,0,2,1,2,4,39,15,7,5,35,41,2,1,6,1195,0,0,0,7,-29.67474486940091,43.88164493480441,43.58974358974359,38,13.077593722755012,30.434782608695652,50.0,46.666666666666664,1.1666666666666667,2,3,1,75.95648535564854
S39G01N73,2021-2022,20211118,262,home,70,11,6,16,2,18,0,18,11,17,7,1,1,4,3,4,6,35,18,7,5,46,39,5,0,3,1200,0,0,0,3,31.801457766617858,62.56800870511426,61.42857142857143,65,7.545271629778672,11.11111111111111,75.0,61.111111111111114,3.6666666666666665,2,3,12,76.64,60,7,1,16,7,23,2,26,11,13,4,0,0,2,1,2,4,39,15,7,5,35,41,2,1,6,1200,0,0,0,7,-31.801457766617858,43.88164493480441,43.58974358974359,38,13.077593722755012,30.434782608695652,50.0,46.666666666666664,1.1666666666666667,2,3,1,76.64
S39G01N73,2021-2022,20211118,263,home,70,11,6,16,2,18,0,18,11,17,7,1,1,4,3,4,6,35,18,7,5,46,39,5,0,3,1200,0,0,0,3,31.801457766617858,62.56800870511426,61.42857142857143,65,7.545271629778672,11.11111111111111,75.0,61.111111111111114,3.6666666666666665,2,3,12,76.64,60,7,1,16,7,23,2,26,11,13,4,0,0,2,1,2,4,39,15,7,5,35,41,2,1,6,1200,0,0,0,7,-31.801457766617858,43.88164493480441,43.58974358974359,38,13.077593722755012,30.434782608695652,50.0,46.666666666666664,1.1666666666666667,2,3,1,76.64
S39G01N73,2021-2022,20211118,264,home,70,11,6,16,2,18,0,18,11,17,7,1,1,4,3,4,6,35,18,7,5,46,39,5,0,3,1200,0,0,0,3,31.801457766617858,62.56800870511426,61.42857142857143,65,7.545271629778672,11.11111111111111,75.0,61.111111111111114,3.6666666666666665,2,3,12,76.64,60,7,1,16,7,23,2,26,11,13,4,0,0,2,1,2,4,39,15,7,5,35,41,2,1,6,1200,0,0,0,7,-31.801457766617858,43.88164493480441,43.58974358974359,38,13.077593722755012,30.434782608695652,50.0,46.666666666666664,1.1666666666666667,2,3,1,76.64
S39G01N73,2021-2022,20211118,265,home,70,11,6,16,2,18,0,18,11,17,7,1,1,4,3,4,6,35,18,7,5,46,39,5,0,3,1200,0,0,0,3,31.801457766617858,62.56800870511426,61.42857142857143,65,7.545271629778672,11.11111111111111,75.0,61.111111111111114,3.6666666666666665,2,3,12,76.64,60,7,1,16,7,23,2,26,11,13,4,0,0,2,1,2,4,39,15,7,5,35,41,2,1,6,1200,0,0,0,7,-31.801457766617858,43.88164493480441,43.58974358974359,38,13.077593722755012,30.434782608695652,50.0,46.666666666666664,1.1666666666666667,2,3,1,76.64
S39G01N73,2021-2022,20211118,266,home,70,11,6,16,2,18,0,18,11,17,7,1,1,4,3,4,6,35,18,7,5,46,39,5,0,3,1200,0,0,0,3,31.801457766617858,62.56800870511426,61.42857142857143,65,7.545271629778672,11.11111111111111,75.0,61.111111111111114,3.6666666666666665,2,3,12,76.64,60,7,1,16,7,23,2,26,11,13,4,0,0,2,1,2,4,39,15,7,5,35,41,2,1,6,1200,0,0,0,7,-31.801457766617858,43.88164493480441,43.58974358974359,38,13.077593722755012,30.434782608695652,50.0,46.666666666666664,1.1666666666666667,2,3,1,76.64
S39G01N73,2021-2022,20211118,267,home,70,11,6,16,2,18,0,18,11,17,7,1,1,4,3,4,6,35,18,7,5,46,39,5,0,3,1200,0,0,0,3,31.801457766617858,62.56800870511426,61.42857142857143,65,7.545271629778672,11.11111111111111,75.0,61.111111111111114,3.6666666666666665,2,3,12,76.64,60,7,1,16,7,23,2,26,11,13,4,0,0,2,1,2,4,39,15,7,5,35,41,2,1,6,1200,0,0,0,7,-31.801457766617858,43.88164493480441,43.58974358974359,38,13.077593722755012,30.434782608695652,50.0,46.666666666666664,1.1666666666666667,2,3,1,76.64
S39G01N73,2021-2022,20211118,268,home,70,11,6,16,2,18,0,18,11,17,7,1,1,4,3,4,6,35,18,7,5,46,39,5,0,3,1200,0,0,0,3,31.801457766617858,62.56800870511426,61.42857142857143,65,7.545271629778672,11.11111111111111,75.0,61.111111111111114,3.6666666666666665,2,3,12,76.64,60,7,1,16,7,23,2,26,11,13,4,0,0,2,1,2,4,39,15,7,5,35,41,2,1,6,1200,0,0,0,7,-31.801457766617858,43.88164493480441,43.58974358974359,38,13.077593722755012,30.434782608695652,50.0,46.666666666666664,1.1666666666666667,2,3,1,76.64
S39G01N73,2021-2022,20211118,269,home,70,11,6,16,2,18,0,18,11,17,7,1,1,4,3,4,6,35,18,7,5,46,39,5,0,3,1200,0,0,0,3,31.801457766617858,62.56800870511426,61.42857142857143,65,7.545271629778672,11.11111111111111,75.0,61.111111111111114,3.6666666666666665,2,3,12,76.64,60,7,1,16,7,23,2,26,11,13,4,0,0,2,1,2,4,39,15,7,5,35,41,2,1,6,1200,0,0,0,7,-31.801457766617858,43.88164493480441,43.58974358974359,38,13.077593722755012,30.434782608695652,50.0,46.666666666666664,1.1666666666666667,2,3,1,76.64
S39G01N73,2021-2022,20211118,270,home,70,11,6,16,2,18,0,18,11,17,7,1,1,4,3,4,6,35,18,7,5,46,39,5,0,3,1200,0,0,0,3,31.801457766617858,62.56800870511426,61.42857142857143,65,7.545271629778672,11.11111111111111,75.0,61.111111111111114,3.6666666666666665,2,3,12,76.64,60,7,1,16,7,23,2,26,11,13,4,0,0,2,1,2,4,39,15,7,5,35,41,2,1,6,1200,0,0,0,7,-31.801457766617858,43.88164493480441,43.58974358974359,38,13.077593722755012,30.434782608695652,50.0,46.666666666666664,1.1666666666666667,2,3,1,76.64
S39G01N73,2021-2022,20211118,271,home,70,11,6,16,2,18,0,18,11,17,7,1,1,4,3,4,6,35,18,7,5,46,39,5,0,3,1200,0,0,0,3,31.801457766617858,62.56800870511426,61.42857142857143,65,7.545271629778672,11.11111111111111,75.0,61.111111111111114,3.6666666666666665,2,3,12,76.64,60,7,1,16,7,23,2,26,11,13,4,0,0,2,1,2,4,39,15,7,5,35,41,2,1,6,1200,0,0,0,7,-31.801457766617858,43.88164493480441,43.58974358974359,38,13.077593722755012,30.434782608695652,50.0,46.666666666666664,1.1666666666666667,2,3,1,76.64
S39G01N73,2021-2022,20211118,272,home,70,11,6,16,2,18,0,18,11,17,7,1,1,4,3,4,6,35,18,7,5,46,39,5,0,3,1200,0,0,0,3,31.801457766617858,62.56800870511426,61.42857142857143,65,7.545271629778672,11.11111111111111,75.0,61.111111111111114,3.6666666666666665,2,3,12,76.64,60,7,1,16,7,23,2,26,11,13,4,0,0,2,1,2,4,39,15,7,5,35,41,2,1,6,1200,0,0,0,7,-31.801457766617858,43.88164493480441,43.58974358974359,38,13.077593722755012,30.434782608695652,50.0,46.666666666666664,1.1666666666666667,2,3,1,76.64
S39G01N73,2021-2022,20211118,273,home,70,11,6,16,2,18,0,18,11,17,7,1,1,4,3,4,6,35,18,7,5,46,39,5,0,3,1200,0,0,0,3,31.801457766617858,62.56800870511426,61.42857142857143,65,7.545271629778672,11.11111111111111,75.0,61.111111111111114,3.6666666666666665,2,3,12,76.64,60,7,1,16,7,23,2,26,11,13,4,0,0,2,1,2,4,39,15,7,5,35,41,2,1,6,1200,0,0,0,7,-31.801457766617858,43.88164493480441,43.58974358974359,38,13.077593722755012,30.434782608695652,50.0,46.666666666666664,1.1666666666666667,2,3,1,76.64
S39G01N73,2021-2022,20211118,274,home,70,11,6,16,2,18,0,18,11,17,7,1,1,4,3,4,6,35,18,7,5,46,39,5,0,3,1200,0,0,0,3,31.801457766617858,62.56800870511426,61.42857142857143,65,7.545271629778672,11.11111111111111,75.0,61.111111111111114,3.6666666666666665,2,3,12,76.64,60,7,1,16,7,23,2,26,11,13,4,0,0,2,1,2,4,39,15,7,5,35,41,2,1,6,1200,0,0,0,7,-31.801457766617858,43.88164493480441,43.58974358974359,38,13.077593722755012,30.434782608695652,50.0,46.666666666666664,1.1666666666666667,2,3,1,76.64
S39G01N73,2021-2022,20211118,275,home,70,11,6,16,2,18,0,18,11,17,7,1,1,4,3,4,6,35,18,7,5,46,39,5,0,3,1200,0,0,0,3,31.801457766617858,62.56800870511426,61.42857142857143,65,7.545271629778672,11.11111111111111,75.0,61.111111111111114,3.6666666666666665,2,3,12,76.64,60,7,1,16,7,23,2,26,11,13,4,0,0,2,1,2,4,39,15,7,5,35,41,2,1,6,1200,0,0,0,7,-31.801457766617858,43.88164493480441,43.58974358974359,38,13.077593722755012,30.434782608695652,50.0,46.666666666666664,1.1666666666666667,2,3,1,76.64
S39G01N73,2021-2022,20211118,276,home,70,11,6,16,2,18,0,18,11,17,7,1,1,4,3,4,6,35,18,7,5,46,39,5,0,3,1200,0,0,0,3,31.801457766617858,62.56800870511426,61.42857142857143,65,7.545271629778672,11.11111111111111,75.0,61.111111111111114,3.6666666666666665,2,3,12,76.64,60,7,1,16,7,23,2,26,11,13,4,0,0,2,1,2,4,39,15,7,5,35,41,2,1,6,1200,0,0,0,7,-31.801457766617858,43.88164493480441,43.58974358974359,38,13.077593722755012,30.434782608695652,50.0,46.666666666666664,1.1666666666666667,2,3,1,76.64
S39G01N73,2021-2022,20211118,277,home,70,11,6,16,2,18,0,18,11,17,7,1,1,4,3,4,6,35,18,7,5,46,39,5,0,3,1200,0,0,0,3,31.801457766617858,62.56800870511426,61.42857142857143,65,7.545271629778672,11.11111111111111,75.0,61.111111111111114,3.6666666666666665,2,3,12,76.64,60,7,1,16,7,23,2,26,11,13,4,0,0,2,1,2,4,39,15,7,5,35,41,2,1,6,1200,0,0,0,7,-31.801457766617858,43.88164493480441,43.58974358974359,38,13.077593722755012,30.434782608695652,50.0,46.666666666666664,1.1666666666666667,2,3,1,76.64
S39G01N73,2021-2022,20211118,278,home,70,11,6,16,2,18,0,18,11,17,7,1,1,4,3,4,6,35,18,7,5,46,39,5,0,3,1200,0,0,0,3,31.801457766617858,62.56800870511426,61.42857142857143,65,7.545271629778672,11.11111111111111,75.0,61.111111111111114,3.6666666666666665,2,3,12,76.64,60,7,1,16,7,23,2,26,11,13,4,0,0,2,1,2,4,39,15,7,5,35,41,2,1,6,1200,0,0,0,7,-31.801457766617858,43.88164493480441,43.58974358974359,38,13.077593722755012,30.434782608695652,50.0,46.666666666666664,1.1666666666666667,2,3,1,76.64
S39G01N73,2021-2022,20211118,279,home,70,11,6,16,2,18,0,18,11,17,7,1,1,4,3,4,6,35,18,7,5,46,39,5,0,3,1200,0,0,0,3,31.801457766617858,62.56800870511426,61.42857142857143,65,7.545271629778672,11.11111111111111,75.0,61.111111111111114,3.6666666666666665,2,3,12,76.64,60,7,1,16,7,23,2,26,11,13,4,0,0,2,1,2,4,39,15,7,5,35,41,2,1,6,1200,0,0,0,7,-31.801457766617858,43.88164493480441,43.58974358974359,38,13.077593722755012,30.434782608695652,50.0,46.666666666666664,1.1666666666666667,2,3,1,76.64
S39G01N73,2021-2022,20211118,280,home,70,11,6,16,2,18,0,18,11,17,7,1,1,4,3,4,6,35,18,7,5,46,39,5,0,3,1200,0,0,0,3,31.801457766617858,62.56800870511426,61.42857142857143,65,7.545271629778672,11.11111111111111,75.0,61.111111111111114,3.6666666666666665,2,3,12,76.64,60,7,1,16,7,23,2,26,11,13,4,0,0,2,1,2,4,39,15,7,5,35,41,2,1,6,1200,0,0,0,7,-31.801457766617858,43.88164493480441,43.58974358974359,38,13.077593722755012,30.434782608695652,50.0,46.666666666666664,1.1666666666666667,2,3,1,76.64
S39G01N73,2021-2022,20211118,281,home,70,11,6,16,2,18,0,18,11,17,7,1,1,4,3,4,6,35,18,7,5,46,39,5,0,3,1200,0,0,0,3,31.801457766617858,62.56800870511426,61.42857142857143,65,7.545271629778672,11.11111111111111,75.0,61.111111111111114,3.6666666666666665,2,3,12,76.64,60,7,1,16,7,23,2,26,11,13,4,0,0,2,1,2,4,39,15,7,5,35,41,2,1,6,1200,0,0,0,7,-31.801457766617858,43.88164493480441,43.58974358974359,38,13.077593722755012,30.434782608695652,50.0,46.666666666666664,1.1666666666666667,2,3,1,76.64
S39G01N73,2021-2022,20211118,282,home,70,11,6,16,2,18,0,18,11,17,7,1,1,4,3,4,6,35,18,7,5,46,39,5,0,3,1200,0,0,0,3,31.801457766617858,62.56800870511426,61.42857142857143,65,7.545271629778672,11.11111111111111,75.0,61.111111111111114,3.6666666666666665,2,3,12,76.64,60,7,1,16,7,23,2,26,11,13,4,0,0,2,1,2,4,39,15,7,5,35,41,2,1,6,1200,0,0,0,7,-31.801457766617858,43.88164493480441,43.58974358974359,38,13.077593722755012,30.434782608695652,50.0,46.666666666666664,1.1666666666666667,2,3,1,76.64
S39G01N73,2021-2022,20211118,283,home,70,11,6,16,2,18,0,18,11,17,7,1,1,4,3,4,6,35,18,7,5,46,39,5,0,3,1200,0,0,0,3,31.801457766617858,62.56800870511426,61.42857142857143,65,7.545271629778672,11.11111111111111,75.0,61.111111111111114,3.6666666666666665,2,3,12,76.64,60,7,1,16,7,23,2,26,11,13,4,0,0,2,1,2,4,39,15,7,5,35,41,2,1,6,1200,0,0,0,7,-31.801457766617858,43.88164493480441,43.58974358974359,38,13.077593722755012,30.434782608695652,50.0,46.666666666666664,1.1666666666666667,2,3,1,76.64
S39G01N73,2021-2022,20211118,284,home,70,11,6,16,2,18,0,18,11,17,7,1,1,4,3,4,6,35,18,7,5,46,39,5,0,3,1200,0,0,0,3,31.801457766617858,62.56800870511426,61.42857142857143,65,7.545271629778672,11.11111111111111,75.0,61.111111111111114,3.6666666666666665,2,3,12,76.64,60,7,1,16,7,23,2,26,11,13,4,0,0,2,1,2,4,39,15,7,5,35,41,2,1,6,1200,0,0,0,7,-31.801457766617858,43.88164493480441,43.58974358974359,38,13.077593722755012,30.434782608695652,50.0,46.666666666666664,1.1666666666666667,2,3,1,76.64
S39G01N73,2021-2022,20211118,285,home,70,11,6,16,2,18,0,18,11,17,7,1,1,4,3,4,6,35,18,7,5,46,39,5,0,3,1200,0,0,0,3,31.801457766617858,62.56800870511426,61.42857142857143,65,7.545271629778672,11.11111111111111,75.0,61.111111111111114,3.6666666666666665,2,3,12,76.64,60,7,1,16,7,23,2,26,11,13,4,0,0,2,1,2,4,39,15,7,5,35,41,2,1,6,1200,0,0,0,7,-31.801457766617858,43.88164493480441,43.58974358974359,38,13.077593722755012,30.434782608695652,50.0,46.666666666666664,1.1666666666666667,2,3,1,76.64
S39G01N73,2021-2022,20211118,286,home,70,11,6,16,2,18,0,18,11,17,7,1,1,4,3,4,6,35,18,7,5,46,39,5,0,3,1200,0,0,0,3,31.801457766617858,62.56800870511426,61.42857142857143,65,7.545271629778672,11.11111111111111,75.0,61.111111111111114,3.6666666666666665,2,3,12,76.64,60,7,1,16,7,23,2,26,11,13,4,0,0,2,1,2,4,39,15,7,5,35,41,2,1,6,1200,0,0,0,7,-31.801457766617858,43.88164493480441,43.58974358974359,38,13.077593722755012,30.434782608695652,50.0,46.666666666666664,1.1666666666666667,2,3,1,76.64
S39G01N73,2021-2022,20211118,287,home,70,11,6,16,2,18,0,18,11,17,7,1,1,4,3,4,6,35,18,7,5,46,39,5,0,3,1200,0,0,0,3,31.801457766617858,62.56800870511426,61.42857142857143,65,7.545271629778672,11.11111111111111,75.0,61.111111111111114,3.6666666666666665,2,3,12,76.64,60,7,1,16,7,23,2,26,11,13,4,0,0,2,1,2,4,39,15,7,5,35,41,2,1,6,1200,0,0,0,7,-31.801457766617858,43.88164493480441,43.58974358974359,38,13.077593722755012,30.434782608695652,50.0,46.666666666666664,1.1666666666666667,2,3,1,76.64
S39G01N73,2021-2022,20211118,288,home,70,11,6,16,2,18,0,18,11,17,7,1,1,4,3,4,6,35,18,7,5,46,39,5,0,3,1200,0,0,0,3,31.801457766617858,62.56800870511426,61.42857142857143,65,7.545271629778672,11.11111111111111,75.0,61.111111111111114,3.6666666666666665,2,3,12,76.64,60,7,1,16,7,23,2,26,11,13,4,0,0,2,1,2,4,39,15,7,5,35,41,2,1,6,1200,0,0,0,7,-31.801457766617858,43.88164493480441,43.58974358974359,38,13.077593722755012,30.434782608695652,50.0,46.666666666666664,1.1666666666666667,2,3,1,76.64
S39G01N73,2021-2022,20211118,289,home,70,11,6,16,2,18,0,18,11,17,7,1,1,4,3,4,6,35,18,7,5,46,39,5,0,3,1200,0,0,0,3,31.801457766617858,62.56800870511426,61.42857142857143,65,7.545271629778672,11.11111111111111,75.0,61.111111111111114,3.6666666666666665,2,3,12,76.64,60,7,1,16,7,23,2,26,11,13,4,0,0,2,1,2,4,39,15,7,5,35,41,2,1,6,1200,0,0,0,7,-31.801457766617858,43.88164493480441,43.58974358974359,38,13.077593722755012,30.434782608695652,50.0,46.666666666666664,1.1666666666666667,2,3,1,76.64
S39G01N73,2021-2022,20211118,290,home,70,11,6,16,2,18,0,18,11,17,7,1,1,4,3,4,6,35,18,7,5,46,39,5,0,3,1200,0,0,0,3,31.801457766617858,62.56800870511426,61.42857142857143,65,7.545271629778672,11.11111111111111,75.0,61.111111111111114,3.6666666666666665,2,3,12,76.64,60,7,1,16,7,23,2,26,11,13,4,0,0,2,1,2,4,39,15,7,5,35,41,2,1,6,1200,0,0,0,7,-31.801457766617858,43.88164493480441,43.58974358974359,38,13.077593722755012,30.434782608695652,50.0,46.666666666666664,1.1666666666666667,2,3,1,76.64
S39G01N73,2021-2022,20211118,291,home,70,11,6,16,2,18,0,18,11,18,8,1,1,4,3,4,6,36,19,7,5,49,40,5,0,3,1215,0,0,0,3,36.39841251640358,64.88347457627118,63.888888888888886,68,7.360157016683023,11.11111111111111,75.0,57.89473684210526,3.6666666666666665,5,3,14,76.68148148148148,60,7,1,16,7,23,2,26,11,13,4,0,0,2,1,2,4,39,15,7,5,35,41,2,1,6,1215,0,0,0,7,-36.39841251640358,43.88164493480441,43.58974358974359,38,13.077593722755012,30.434782608695652,50.0,46.666666666666664,1.1666666666666667,5,3,1,76.68148148148148
S39G01N73,2021-2022,20211118,292,home,70,12,6,16,2,18,0,18,11,18,8,1,1,4,3,4,6,36,19,7,5,49,40,5,0,3,1215,0,0,0,3,36.39841251640358,64.88347457627118,63.888888888888886,69,7.360157016683023,11.11111111111111,75.0,63.1578947368421,4.0,5,3,14,76.68148148148148,60,7,1,16,7,23,2,26,11,13,4,0,0,2,1,2,4,39,15,7,5,35,41,2,1,6,1215,0,0,0,7,-36.39841251640358,43.88164493480441,43.58974358974359,38,13.077593722755012,30.434782608695652,50.0,46.666666666666664,1.1666666666666667,5,3,1,76.68148148148148
S39G01N73,2021-2022,20211118,293,home,70,12,6,16,2,18,0,18,11,18,8,1,1,4,3,4,6,36,19,7,5,49,40,5,0,3,1231,0,0,0,3,33.64065364307578,64.88347457627118,63.888888888888886,69,7.360157016683023,11.11111111111111,75.0,63.1578947368421,4.0,2,3,14,76.65962632006499,60,7,1,16,7,23,2,27,12,13,4,0,0,2,1,2,4,40,16,7,5,37,42,2,1,6,1231,0,0,0,7,-33.64065364307578,45.25440313111546,45.0,40,12.79863481228669,30.434782608695652,50.0,43.75,1.1666666666666667,2,3,1,76.65962632006499
S39G01N73,2021-2022,20211118,294,home,70,12,6,16,2,18,0,18,11,18,8,1,1,4,3,4,6,36,19,7,5,49,40,5,0,3,1231,0,0,0,3,33.64065364307578,64.88347457627118,63.888888888888886,69,7.360157016683023,11.11111111111111,75.0,63.1578947368421,4.0,2,3,14,76.65962632006499,60,8,1,16,7,23,2,27,12,13,4,0,0,2,1,2,4,40,16,7,5,37,42,2,1,6,1231,0,0,0,7,-33.64065364307578,45.25440313111546,45.0,41,12.79863481228669,30.434782608695652,50.0,50.0,1.3333333333333333,2,3,1,76.65962632006499
S39G01N73,2021-2022,20211118,295,home,70,12,6,16,2,18,0,19,12,18,8,1,1,4,3,4,6,37,20,7,5,51,41,5,0,3,1246,0,0,0,3,35.49128270122239,65.78947368421053,64.86486486486487,71,7.183908045977012,11.11111111111111,75.0,60.0,4.0,2,3,14,76.69983948635634,60,8,1,16,7,23,2,27,12,13,4,0,0,2,1,2,4,40,16,7,5,37,42,2,1,6,1246,0,0,0,7,-35.49128270122239,45.25440313111546,45.0,41,12.79863481228669,30.434782608695652,50.0,50.0,1.3333333333333333,2,3,1,76.69983948635634
S39G01N73,2021-2022,20211118,296,home,70,13,6,16,2,18,0,19,12,18,8,1,1,4,3,4,6,37,20,7,5,51,41,5,0,3,1246,0,0,0,3,35.49128270122239,65.78947368421053,64.86486486486487,72,7.183908045977012,11.11111111111111,75.0,65.0,4.333333333333333,2,3,14,76.69983948635634,60,8,1,16,7,23,2,27,12,13,4,0,0,2,1,2,4,40,16,7,5,37,42,2,1,6,1246,0,0,0,7,-35.49128270122239,45.25440313111546,45.0,41,12.79863481228669,30.434782608695652,50.0,50.0,1.3333333333333333,2,3,1,76.69983948635634
S39G01N73,2021-2022,20211118,297,home,70,13,6,16,2,18,0,19,12,18,8,1,1,4,3,4,6,37,20,8,5,51,41,5,0,3,1261,0,0,0,3,35.49128270122239,65.78947368421053,64.86486486486487,72,7.183908045977012,11.11111111111111,75.0,65.0,4.333333333333333,2,3,14,75.78747026169707,60,8,1,16,7,23,2,27,12,13,4,0,0,2,1,2,4,40,16,7,5,37,42,2,1,6,1261,0,0,0,7,-35.49128270122239,45.25440313111546,45.0,41,12.79863481228669,30.434782608695652,50.0,50.0,1.3333333333333333,2,3,1,75.78747026169707
S39G01N73,2021-2022,20211118,298,home,70,13,6,16,2,18,0,19,12,18,8,1,1,4,3,4,6,37,20,8,5,51,41,5,0,3,1261,0,0,0,3,35.49128270122239,65.78947368421053,64.86486486486487,72,7.183908045977012,11.11111111111111,75.0,65.0,4.333333333333333,2,3,14,75.78747026169707,60,8,1,16,7,23,2,27,12,13,4,0,0,2,1,2,4,40,16,7,5,37,42,2,1,6,1261,0,0,0,7,-35.49128270122239,45.25440313111546,45.0,41,12.79863481228669,30.434782608695652,50.0,50.0,1.3333333333333333,2,3,1,75.78747026169707
S39G01N73,2021-2022,20211118,299,home,70,13,6,16,2,18,0,19,12,18,8,1,1,4,3,4,6,37,20,8,5,51,41,5,0,3,1261,0,0,0,3,34.02358596020568,65.78947368421053,64.86486486486487,72,7.183908045977012,11.11111111111111,75.0,65.0,4.333333333333333,1,3,14,76.20618556701031,60,8,1,16,7,23,2,27,12,13,4,0,0,3,2,2,4,40,16,7,5,38,43,2,1,6,1261,0,0,0,7,-34.02358596020568,45.98257502420135,45.0,42,12.679628064243449,30.434782608695652,66.66666666666667,50.0,1.3333333333333333,1,3,1,76.20618556701031
S39G01N73,2021-2022,20211118,300,home,70,13,6,16,2,18,0,19,12,18,8,1,1,4,3,4,6,37,20,8,5,51,41,5,0,3,1261,0,0,0,3,32.58757648935813,65.78947368421053,64.86486486486487,72,7.183908045977012,11.11111111111111,75.0,65.0,4.333333333333333,2,3,14,76.62490087232355,60,8,1,16,7,23,2,27,12,13,4,0,0,4,3,2,4,40,16,7,5,39,44,2,1,6,1261,0,0,0,7,-32.58757648935813,46.695402298850574,45.0,43,12.56281407035176,30.434782608695652,75.0,50.0,1.3333333333333333,2,3,1,76.62490087232355
S39G01N73,2021-2022,20211118,301,home,70,13,6,16,2,18,0,20,12,18,8,1,1,4,3,4,6,38,20,8,5,51,42,5,0,3,1275,0,0,0,3,29.44062806673209,64.13480885311871,63.1578947368421,71,7.015902712815716,11.11111111111111,75.0,65.0,4.333333333333333,2,3,14,76.72470588235294,60,8,1,16,7,23,2,27,12,13,4,0,0,4,3,2,4,40,16,7,5,39,44,2,1,6,1275,0,0,0,7,-29.44062806673209,46.695402298850574,45.0,43,12.56281407035176,30.434782608695652,75.0,50.0,1.3333333333333333,2,3,1,76.72470588235294
S39G01N73,2021-2022,20211118,302,home,70,13,6,16,2,18,0,20,12,18,8,1,1,4,3,4,6,38,20,8,5,51,42,5,0,3,1276,0,0,0,3,29.44062806673209,64.13480885311871,63.1578947368421,71,7.015902712815716,10.526315789473685,75.0,65.0,4.333333333333333,2,3,14,76.66457680250784,60,8,1,17,7,24,2,27,12,13,4,0,0,4,3,2,4,40,16,7,5,39,44,2,1,6,1276,0,0,0,7,-29.44062806673209,46.695402298850574,45.0,44,12.56281407035176,30.434782608695652,75.0,50.0,1.3333333333333333,2,3,1,76.66457680250784
S39G01N73,2021-2022,20211118,303,home,70,13,6,16,2,18,0,20,12,18,8,1,1,4,3,4,6,38,20,8,5,51,42,5,0,3,1282,0,0,0,3,31.73186468591024,64.13480885311871,63.1578947368421,71,7.015902712815716,10.526315789473685,75.0,65.0,4.333333333333333,2,3,14,77.24180967238689,60,8,1,17,7,24,2,28,12,13,4,0,0,4,3,2,4,41,16,7,5,39,45,2,1,6,1282,0,0,0,7,-31.73186468591024,45.603367633302156,43.90243902439025,43,12.305168170631665,30.434782608695652,75.0,50.0,1.3333333333333333,2,3,1,77.24180967238689
S39G01N73,2021-2022,20211118,304,home,70,13,6,16,2,18,0,20,12,18,8,1,1,4,3,4,6,38,20,8,5,51,42,5,0,3,1283,0,0,0,3,29.44062806673209,64.13480885311871,63.1578947368421,71,7.015902712815716,10.526315789473685,75.0,65.0,4.333333333333333,2,3,14,76.24629773967264,60,8,1,17,8,25,2,28,12,13,4,0,0,4,3,2,4,41,16,7,5,39,45,2,1,6,1283,0,0,0,7,-29.44062806673209,45.603367633302156,43.90243902439025,44,12.305168170631665,33.333333333333336,75.0,50.0,1.3333333333333333,2,3,1,76.24629773967264
S39G01N73,2021-2022,20211118,305,home,70,13,6,16,2,18,0,20,12,18,8,1,1,4,3,4,6,38,20,8,5,51,42,5,0,3,1285,0,0,0,3,26.942592655258892,64.13480885311871,63.1578947368421,71,7.015902712815716,10.526315789473685,75.0,65.0,4.333333333333333,4,3,14,77.06147859922179,60,8,1,17,8,25,2,29,13,13,4,0,0,4,3,2,4,42,17,7,5,41,46,2,1,6,1285,0,0,0,7,-26.942592655258892,46.84643510054845,45.23809523809524,46,12.057877813504824,33.333333333333336,75.0,47.05882352941177,1.3333333333333333,4,3,1,77.06147859922179
S39G01N73,2021-2022,20211118,306,home,70,13,6,16,2,18,0,20,12,19,8,1,1,4,3,4,6,39,20,8,5,51,43,5,0,3,1299,0,0,0,3,23.946360153256705,62.56133464180569,61.53846153846154,70,6.855575868372943,10.526315789473685,75.0,65.0,4.333333333333333,4,3,14,77.15473441108544,60,8,1,17,8,25,2,29,13,13,4,0,0,4,3,2,4,42,17,7,5,41,46,2,1,6,1299,0,0,0,7,-23.946360153256705,46.84643510054845,45.23809523809524,46,12.057877813504824,33.333333333333336,75.0,47.05882352941177,1.3333333333333333,4,3,1,77.15473441108544
S39G01N73,2021-2022,20211118,307,home,70,13,6,16,3,19,0,20,12,19,8,1,1,4,3,4,6,39,20,8,5,51,43,5,0,3,1301,0,0,0,3,26.942592655258892,62.56133464180569,61.53846153846154,71,6.855575868372943,15.0,75.0,65.0,4.333333333333333,4,3,14,76.11375864719446,60,8,1,17,8,25,2,29,13,13,4,0,0,4,3,2,4,42,17,7,5,41,46,2,1,6,1301,0,0,0,7,-26.942592655258892,46.84643510054845,45.23809523809524,46,12.057877813504824,33.333333333333336,75.0,47.05882352941177,1.3333333333333333,4,3,1,76.11375864719446
S39G01N73,2021-2022,20211118,308,home,70,13,6,16,3,19,0,20,12,20,9,1,1,4,3,4,6,40,21,8,5,54,44,5,0,3,1308,0,0,0,3,31.130268199233726,64.65517241379311,63.75,74,6.702412868632708,15.0,75.0,61.904761904761905,4.333333333333333,3,3,14,76.62385321100918,60,8,1,17,8,25,2,29,13,13,4,0,0,4,3,2,4,42,17,7,5,41,46,2,1,6,1308,0,0,0,7,-31.130268199233726,46.84643510054845,45.23809523809524,46,12.057877813504824,33.333333333333336,75.0,47.05882352941177,1.3333333333333333,3,3,1,76.62385321100918
S39G01N73,2021-2022,20211118,309,home,70,13,6,16,3,19,0,20,12,20,9,1,1,4,3,4,6,40,21,9,6,54,44,5,0,3,1324,0,0,0,3,31.130268199233726,64.65517241379311,63.75,74,6.702412868632708,15.0,75.0,61.904761904761905,4.333333333333333,3,3,14,75.69788519637461,60,8,1,17,8,25,2,29,13,13,4,0,0,4,3,2,4,42,17,7,5,41,46,2,1,6,1324,0,0,0,7,-31.130268199233726,46.84643510054845,45.23809523809524,46,12.057877813504824,33.333333333333336,75.0,47.05882352941177,1.3333333333333333,3,3,1,75.69788519637461
S39G01N73,2021-2022,20211118,310,home,70,13,6,16,3,19,0,20,12,20,9,1,1,4,3,4,6,40,21,9,6,54,44,5,0,3,1324,0,0,0,3,31.130268199233726,64.65517241379311,63.75,74,6.702412868632708,15.0,75.0,61.904761904761905,4.333333333333333,3,3,14,75.69788519637461,60,8,1,17,8,25,2,29,13,13,4,0,0,4,3,2,4,42,17,7,5,41,46,2,1,6,1324,0,0,0,7,-31.130268199233726,46.84643510054845,45.23809523809524,46,12.057877813504824,33.333333333333336,75.0,47.05882352941177,1.3333333333333333,3,3,1,75.69788519637461
S39G01N73,2021-2022,20211118,311,home,70,13,6,16,3,19,0,20,12,20,9,1,1,4,3,4,6,40,21,9,6,54,44,5,0,3,1338,0,0,0,3,33.42634108577144,64.65517241379311,63.75,74,6.702412868632708,15.0,75.0,61.904761904761905,4.333333333333333,3,3,14,75.80269058295964,60,8,1,17,8,25,2,30,13,13,4,0,0,4,3,2,4,43,17,7,5,41,47,2,1,6,1338,0,0,0,7,-33.42634108577144,45.79982126899017,44.18604651162791,45,11.82033096926714,33.333333333333336,75.0,47.05882352941177,1.3333333333333333,3,3,1,75.80269058295964
S39G01N73,2021-2022,20211118,312,home,70,13,7,16,3,19,0,20,12,20,9,1,1,4,3,4,6,40,21,9,6,54,44,5,0,3,1339,0,0,0,3,33.42634108577144,64.65517241379311,63.75,75,6.702412868632708,15.0,75.0,61.904761904761905,4.333333333333333,3,3,14,75.74607916355488,60,8,1,17,8,25,2,30,13,13,4,0,0,4,3,2,4,43,17,7,5,41,47,2,1,6,1339,0,0,0,7,-33.42634108577144,45.79982126899017,44.18604651162791,45,11.82033096926714,33.333333333333336,75.0,47.05882352941177,1.3333333333333333,3,3,1,75.74607916355488
S39G01N73,2021-2022,20211118,313,home,70,13,7,17,3,20,0,20,12,20,9,1,1,4,3,4,6,40,21,9,6,54,44,5,0,3,1341,0,0,0,3,33.42634108577144,64.65517241379311,63.75,76,6.702412868632708,15.0,75.0,61.904761904761905,4.333333333333333,3,3,14,75.63310961968679,60,8,1,17,8,25,2,30,13,13,4,0,0,4,3,2,4,43,17,7,5,41,47,2,1,6,1341,0,0,0,7,-33.42634108577144,45.79982126899017,44.18604651162791,45,11.82033096926714,32.0,75.0,47.05882352941177,1.3333333333333333,3,3,1,75.63310961968679
S39G01N73,2021-2022,20211118,314,home,70,13,7,17,3,20,0,20,12,20,9,1,1,4,3,4,6,40,21,9,6,54,44,5,0,3,1354,0,0,0,3,33.42634108577144,64.65517241379311,63.75,76,6.702412868632708,15.0,75.0,61.904761904761905,4.333333333333333,3,3,14,74.9069423929099,60,8,1,17,8,25,2,30,13,13,4,0,0,4,3,2,4,43,17,8,5,41,47,2,1,6,1354,0,0,0,7,-33.42634108577144,45.79982126899017,44.18604651162791,45,11.82033096926714,32.0,75.0,47.05882352941177,1.3333333333333333,3,3,1,74.9069423929099
S39G01N73,2021-2022,20211118,315,home,70,13,7,17,3,20,0,20,12,20,9,1,1,4,3,4,6,40,21,9,6,54,44,5,0,3,1354,0,0,0,3,33.42634108577144,64.65517241379311,63.75,76,6.702412868632708,15.0,75.0,61.904761904761905,4.333333333333333,3,3,14,74.9069423929099,60,8,1,17,8,25,2,30,13,13,4,0,0,4,3,2,4,43,17,8,5,41,47,2,1,6,1354,0,0,0,7,-33.42634108577144,45.79982126899017,44.18604651162791,45,11.82033096926714,32.0,75.0,47.05882352941177,1.3333333333333333,3,3,1,74.9069423929099
S39G01N73,2021-2022,20211118,316,home,70,14,7,17,3,20,0,20,12,20,9,1,1,4,3,4,6,40,21,9,6,54,44,5,0,3,1354,0,0,0,3,33.42634108577144,64.65517241379311,63.75,77,6.702412868632708,15.0,75.0,66.66666666666667,4.666666666666667,3,3,14,74.9069423929099,60,8,1,17,8,25,2,30,13,13,4,0,0,4,3,2,4,43,17,8,5,41,47,2,1,6,1354,0,0,0,7,-33.42634108577144,45.79982126899017,44.18604651162791,45,11.82033096926714,32.0,75.0,47.05882352941177,1.3333333333333333,3,3,1,74.9069423929099
S39G01N73,2021-2022,20211118,317,home,70,14,7,17,3,20,0,20,12,20,9,1,1,4,3,4,6,40,21,9,6,54,44,5,0,3,1354,0,0,0,3,33.42634108577144,64.65517241379311,63.75,77,6.702412868632708,15.0,75.0,66.66666666666667,4.666666666666667,3,3,14,74.9069423929099,60,8,1,17,8,25,2,30,13,13,4,0,0,4,3,2,4,43,17,8,5,41,47,2,1,6,1354,0,0,0,7,-33.42634108577144,45.79982126899017,44.18604651162791,45,11.82033096926714,32.0,75.0,47.05882352941177,1.3333333333333333,3,3,1,74.9069423929099
S39G01N73,2021-2022,20211118,318,home,70,14,7,17,3,20,0,20,12,20,9,1,1,5,4,4,6,40,21,9,6,55,45,5,0,3,1354,0,0,0,3,34.44774981268759,65.16587677725119,63.75,78,6.63716814159292,15.0,80.0,66.66666666666667,4.666666666666667,4,3,14,75.29689807976368,60,8,1,17,8,25,2,30,13,13,4,0,0,4,3,2,4,43,17,8,5,41,47,2,1,6,1354,0,0,0,7,-34.44774981268759,45.79982126899017,44.18604651162791,45,11.82033096926714,32.0,75.0,47.05882352941177,1.3333333333333333,4,3,1,75.29689807976368
S39G01N73,2021-2022,20211118,319,home,70,14,7,17,3,20,0,20,12,20,9,1,1,6,5,4,6,40,21,9,6,56,46,5,0,3,1354,0,0,0,3,35.44807880977996,65.66604127579737,63.75,79,6.573181419807186,15.0,83.33333333333333,66.66666666666667,4.666666666666667,5,3,15,75.68685376661743,60,8,1,17,8,25,2,30,13,13,4,0,0,4,3,2,4,43,17,8,5,41,47,2,1,6,1354,0,0,0,7,-35.44807880977996,45.79982126899017,44.18604651162791,45,11.82033096926714,32.0,75.0,47.05882352941177,1.3333333333333333,5,3,1,75.68685376661743
S39G01N73,2021-2022,20211118,320,home,70,14,7,17,3,20,0,20,12,20,9,1,1,6,5,4,6,40,21,9,6,56,46,5,0,3,1363,0,0,0,3,33.06882843824921,65.66604127579737,63.75,79,6.573181419807186,15.0,83.33333333333333,66.66666666666667,4.666666666666667,2,3,15,76.06749816581072,60,8,1,17,8,25,2,31,14,13,4,0,0,4,3,2,4,44,18,8,5,43,48,2,1,6,1363,0,0,0,7,-33.06882843824921,46.98426573426573,45.45454545454545,47,11.591962905718702,32.0,75.0,44.44444444444444,1.3333333333333333,2,3,1,76.06749816581072
S39G01N73,2021-2022,20211118,321,home,70,14,7,17,3,20,0,20,12,20,9,1,1,6,5,4,6,40,21,9,6,56,46,5,0,3,1363,0,0,0,3,33.06882843824921,65.66604127579737,63.75,79,6.573181419807186,15.0,83.33333333333333,66.66666666666667,4.666666666666667,2,3,15,76.06749816581072,60,9,1,17,8,25,2,31,14,13,4,0,0,4,3,2,4,44,18,8,5,43,48,2,1,6,1363,0,0,0,7,-33.06882843824921,46.98426573426573,45.45454545454545,48,11.591962905718702,32.0,75.0,50.0,1.5,2,3,1,76.06749816581072
S39G01N73,2021-2022,20211118,322,home,70,14,7,17,3,20,0,21,13,20,9,1,1,6,5,4,6,41,22,9,6,58,47,5,0,3,1380,0,0,0,3,34.64233708738776,66.45279560036664,64.63414634146342,81,6.432246998284734,15.0,83.33333333333333,63.63636363636363,4.666666666666667,2,3,15,76.0,60,9,1,17,8,25,2,31,14,13,4,0,0,4,3,2,4,44,18,8,5,43,48,2,1,6,1380,0,0,0,7,-34.64233708738776,46.98426573426573,45.45454545454545,48,11.591962905718702,32.0,75.0,50.0,1.5,2,3,1,76.0
S39G01N73,2021-2022,20211118,323,home,70,15,7,17,3,20,0,21,13,20,9,1,1,6,5,4,6,41,22,9,6,58,47,5,0,3,1380,0,0,0,3,34.64233708738776,66.45279560036664,64.63414634146342,82,6.432246998284734,15.0,83.33333333333333,68.18181818181819,5.0,2,3,15,76.0,60,9,1,17,8,25,2,31,14,13,4,0,0,4,3,2,4,44,18,8,5,43,48,2,1,6,1380,0,0,0,7,-34.64233708738776,46.98426573426573,45.45454545454545,48,11.591962905718702,32.0,75.0,50.0,1.5,2,3,1,76.0
S39G01N73,2021-2022,20211118,324,home,70,15,7,17,3,20,0,21,13,20,9,1,1,6,5,4,6,41,22,9,6,58,47,5,0,3,1401,0,0,0,3,36.8376734169978,66.45279560036664,64.63414634146342,82,6.432246998284734,15.0,83.33333333333333,68.18181818181819,5.0,2,3,15,75.71734475374733,60,9,1,17,8,25,2,31,14,14,4,0,0,4,3,2,4,45,18,8,5,43,49,2,1,6,1401,0,0,0,7,-36.8376734169978,45.979469632164246,44.44444444444444,47,11.372251705837757,32.0,75.0,50.0,1.5,2,3,1,75.71734475374733
S39G01N73,2021-2022,20211118,325,home,70,15,7,18,3,21,0,21,13,20,9,1,1,6,5,4,6,41,22,9,6,58,47,5,0,3,1402,0,0,0,3,36.8376734169978,66.45279560036664,64.63414634146342,83,6.432246998284734,15.0,83.33333333333333,68.18181818181819,5.0,2,3,15,75.66333808844509,60,9,1,17,8,25,2,31,14,14,4,0,0,4,3,2,4,45,18,8,5,43,49,2,1,6,1402,0,0,0,7,-36.8376734169978,45.979469632164246,44.44444444444444,47,11.372251705837757,30.76923076923077,75.0,50.0,1.5,2,3,1,75.66333808844509
S39G01N73,2021-2022,20211118,326,home,70,15,7,18,3,21,0,22,14,20,9,1,1,6,5,4,6,42,23,9,6,60,48,5,0,3,1418,0,0,0,3,38.34068436680215,67.20430107526882,65.47619047619048,85,6.297229219143577,15.0,83.33333333333333,65.21739130434783,5.0,4,3,17,75.6558533145275,60,9,1,17,8,25,2,31,14,14,4,0,0,4,3,2,4,45,18,8,5,43,49,2,1,6,1418,0,0,0,7,-38.34068436680215,45.979469632164246,44.44444444444444,47,11.372251705837757,30.76923076923077,75.0,50.0,1.5,4,3,1,75.6558533145275
S39G01N73,2021-2022,20211118,327,home,70,15,7,18,3,21,0,22,14,20,9,1,1,6,5,4,6,42,23,9,6,60,48,5,0,3,1437,0,0,0,3,33.8841266260621,67.20430107526882,65.47619047619048,85,6.297229219143577,15.0,83.33333333333333,65.21739130434783,5.0,3,3,17,75.49060542797496,60,9,1,17,8,25,2,31,14,15,5,0,0,4,3,2,4,46,19,8,5,46,50,2,1,6,1437,0,0,0,7,-33.8841266260621,48.15745393634841,46.73913043478261,50,11.160714285714286,30.76923076923077,75.0,47.36842105263158,1.5,3,3,1,75.49060542797496
S39G01N73,2021-2022,20211118,328,home,70,15,7,18,3,21,0,22,14,20,9,1,1,6,5,4,6,42,23,9,6,60,48,5,0,3,1437,0,0,0,3,33.8841266260621,67.20430107526882,65.47619047619048,85,6.297229219143577,15.0,83.33333333333333,65.21739130434783,5.0,3,3,17,75.49060542797496,60,10,1,17,8,25,2,31,14,15,5,0,0,4,3,2,4,46,19,8,5,46,50,2,1,6,1437,0,0,0,7,-33.8841266260621,48.15745393634841,46.73913043478261,51,11.160714285714286,30.76923076923077,75.0,52.63157894736842,1.6666666666666667,3,3,1,75.49060542797496
S39G01N73,2021-2022,20211118,329,home,70,15,7,18,3,21,0,22,14,21,9,1,1,6,5,4,6,43,23,9,6,60,49,5,0,3,1446,0,0,0,3,30.939152871668185,65.73181419807186,63.95348837209303,84,6.167763157894737,15.0,83.33333333333333,65.21739130434783,5.0,3,3,17,75.85062240663902,60,10,1,17,8,25,2,31,14,15,5,0,0,4,3,2,4,46,19,8,5,46,50,2,1,6,1446,0,0,0,7,-30.939152871668185,48.15745393634841,46.73913043478261,51,11.160714285714286,30.76923076923077,75.0,52.63157894736842,1.6666666666666667,3,3,1,75.85062240663902
S39G01N73,2021-2022,20211118,330,home,70,15,7,18,4,22,0,22,14,21,9,1,1,6,5,4,6,43,23,9,6,60,49,5,0,3,1448,0,0,0,3,33.8841266260621,65.73181419807186,63.95348837209303,85,6.167763157894737,19.047619047619047,83.33333333333333,65.21739130434783,5.0,3,3,17,74.9171270718232,60,10,1,17,8,25,2,31,14,15,5,0,0,4,3,2,4,46,19,8,5,46,50,2,1,6,1448,0,0,0,7,-33.8841266260621,48.15745393634841,46.73913043478261,51,11.160714285714286,30.76923076923077,75.0,52.63157894736842,1.6666666666666667,3,3,1,74.9171270718232
S39G01N73,2021-2022,20211118,331,home,70,15,7,18,4,22,0,22,14,22,9,1,1,6,5,4,6,44,23,9,6,60,50,5,0,3,1450,0,0,0,3,30.939152871668185,64.32246998284734,62.5,84,6.043513295729251,19.047619047619047,83.33333333333333,65.21739130434783,5.0,3,3,17,75.64137931034483,60,10,1,17,8,25,2,31,14,15,5,0,0,4,3,2,4,46,19,8,5,46,50,2,1,6,1450,0,0,0,7,-30.939152871668185,48.15745393634841,46.73913043478261,51,11.160714285714286,30.76923076923077,75.0,52.63157894736842,1.6666666666666667,3,3,1,75.64137931034483
S39G01N73,2021-2022,20211118,332,home,70,15,7,18,4,22,0,22,14,22,9,1,1,6,5,4,6,44,23,9,6,60,50,5,0,3,1452,0,0,0,3,30.939152871668185,64.32246998284734,62.5,84,6.043513295729251,18.181818181818183,83.33333333333333,65.21739130434783,5.0,3,3,17,75.53719008264463,60,10,1,18,8,26,2,31,14,15,5,0,0,4,3,2,4,46,19,8,5,46,50,2,1,6,1452,0,0,0,7,-30.939152871668185,48.15745393634841,46.73913043478261,52,11.160714285714286,30.76923076923077,75.0,52.63157894736842,1.6666666666666667,3,3,1,75.53719008264463
S39G01N73,2021-2022,20211118,333,home,70,15,7,18,4,22,0,22,14,22,9,1,1,6,5,4,6,44,23,9,6,60,50,5,0,3,1463,0,0,0,3,33.08894918314115,64.32246998284734,62.5,84,6.043513295729251,18.181818181818183,83.33333333333333,65.21739130434783,5.0,3,3,17,75.78947368421053,60,10,1,18,8,26,2,31,14,15,5,0,0,4,3,2,4,46,19,8,5,46,50,2,1,7,1463,0,0,0,8,-33.08894918314115,48.15745393634841,46.73913043478261,51,12.783053323593865,30.76923076923077,75.0,52.63157894736842,1.4285714285714286,3,3,1,75.78947368421053
S39G01N73,2021-2022,20211118,334,home,70,15,7,18,4,22,0,22,14,22,9,1,1,6,5,4,6,44,23,9,6,60,50,6,0,3,1464,0,0,0,3,33.08894918314115,64.32246998284734,62.5,85,6.043513295729251,18.181818181818183,83.33333333333333,65.21739130434783,5.0,3,3,17,75.73770491803279,60,10,1,18,8,26,2,31,14,15,5,0,0,4,3,2,4,46,19,8,5,46,50,2,1,7,1464,0,0,0,8,-33.08894918314115,48.15745393634841,46.73913043478261,51,12.783053323593865,30.76923076923077,75.0,52.63157894736842,1.4285714285714286,3,3,1,75.73770491803279
S39G01N73,2021-2022,20211118,335,home,70,15,7,18,4,22,0,23,15,22,9,2,2,6,5,4,6,45,24,9,6,62,51,6,0,3,1470,0,0,0,3,34.55842541821528,65.07136859781696,63.333333333333336,87,5.924170616113744,18.181818181818183,83.33333333333333,62.5,5.0,2,3,17,76.24489795918367,60,10,1,18,8,26,2,31,14,15,5,0,0,4,3,2,4,46,19,8,5,46,50,2,1,7,1470,0,0,0,8,-34.55842541821528,48.15745393634841,46.73913043478261,51,12.783053323593865,30.76923076923077,75.0,52.63157894736842,1.4285714285714286,2,3,1,76.24489795918367
S39G01N73,2021-2022,20211118,336,home,70,16,7,18,4,22,0,23,15,22,9,2,2,6,5,4,6,45,24,9,6,62,51,6,0,3,1470,0,0,0,3,34.55842541821528,65.07136859781696,63.333333333333336,88,5.924170616113744,18.181818181818183,83.33333333333333,66.66666666666667,5.333333333333333,2,3,17,76.24489795918367,60,10,1,18,8,26,2,31,14,15,5,0,0,4,3,2,4,46,19,8,5,46,50,2,1,7,1470,0,0,0,8,-34.55842541821528,48.15745393634841,46.73913043478261,51,12.783053323593865,30.76923076923077,75.0,52.63157894736842,1.4285714285714286,2,3,1,76.24489795918367
S39G01N73,2021-2022,20211118,337,home,70,16,7,18,4,22,0,23,15,22,9,2,2,6,5,5,8,45,24,9,6,62,51,6,0,3,1470,0,0,0,3,34.55842541821528,65.07136859781696,63.333333333333336,88,5.924170616113744,18.181818181818183,83.33333333333333,66.66666666666667,5.333333333333333,2,3,17,76.24489795918367,60,10,1,18,8,26,2,31,14,15,5,0,0,4,3,2,4,46,19,8,5,46,50,2,1,7,1470,0,0,0,8,-34.55842541821528,48.15745393634841,46.73913043478261,51,12.783053323593865,30.76923076923077,75.0,52.63157894736842,1.4285714285714286,2,3,1,76.24489795918367
S39G01N73,2021-2022,20211118,338,home,70,16,7,18,4,22,0,23,15,22,9,2,2,6,5,5,8,45,24,9,6,62,51,6,0,3,1482,0,0,0,3,30.33678972334515,65.07136859781696,63.333333333333336,88,5.924170616113744,18.181818181818183,83.33333333333333,66.66666666666667,5.333333333333333,3,3,17,76.43724696356276,60,10,1,18,8,26,2,31,14,16,6,0,0,4,3,2,4,47,20,8,5,49,51,2,1,7,1482,0,0,0,8,-30.33678972334515,50.24610336341264,48.93617021276596,54,12.553802008608322,30.76923076923077,75.0,50.0,1.4285714285714286,3,3,1,76.43724696356276
S39G01N73,2021-2022,20211118,339,home,70,16,7,18,4,22,0,23,15,22,9,2,2,6,5,5,8,45,24,9,6,62,51,6,0,3,1482,0,0,0,3,30.33678972334515,65.07136859781696,63.333333333333336,88,5.924170616113744,18.181818181818183,83.33333333333333,66.66666666666667,5.333333333333333,3,3,17,76.43724696356276,60,11,1,18,8,26,2,31,14,16,6,0,0,4,3,2,4,47,20,8,5,49,51,2,1,7,1482,0,0,0,8,-30.33678972334515,50.24610336341264,48.93617021276596,55,12.553802008608322,30.76923076923077,75.0,55.0,1.5714285714285714,3,3,1,76.43724696356276
S39G01N73,2021-2022,20211118,340,home,70,16,7,18,4,22,0,23,15,23,10,2,2,6,5,5,8,46,25,9,6,65,52,6,0,3,1499,0,0,0,3,33.843651506904806,66.81743421052632,65.21739130434783,91,5.809450038729667,18.181818181818183,83.33333333333333,64.0,5.333333333333333,3,3,17,76.37091394262842,60,11,1,18,8,26,2,31,14,16,6,0,0,4,3,2,4,47,20,8,5,49,51,2,1,7,1499,0,0,0,8,-33.843651506904806,50.24610336341264,48.93617021276596,55,12.553802008608322,30.76923076923077,75.0,55.0,1.5714285714285714,3,3,1,76.37091394262842
S39G01N73,2021-2022,20211118,341,home,70,17,7,18,4,22,0,23,15,23,10,2,2,6,5,5,8,46,25,9,6,65,52,6,0,3,1499,0,0,0,3,33.843651506904806,66.81743421052632,65.21739130434783,92,5.809450038729667,18.181818181818183,83.33333333333333,68.0,5.666666666666667,3,3,17,76.37091394262842,60,11,1,18,8,26,2,31,14,16,6,0,0,4,3,2,4,47,20,8,5,49,51,2,1,7,1499,0,0,0,8,-33.843651506904806,50.24610336341264,48.93617021276596,55,12.553802008608322,30.76923076923077,75.0,55.0,1.5714285714285714,3,3,1,76.37091394262842
S39G01N73,2021-2022,20211118,342,home,70,17,7,18,4,22,0,23,15,23,10,2,2,6,5,5,8,46,25,9,6,65,52,6,0,3,1520,0,0,0,3,35.94775968795223,66.81743421052632,65.21739130434783,92,5.809450038729667,18.181818181818183,83.33333333333333,68.0,5.666666666666667,3,3,17,76.10526315789474,60,11,1,18,8,26,2,31,14,17,6,0,0,4,3,2,4,48,20,8,5,49,52,2,1,7,1520,0,0,0,8,-35.94775968795223,49.236334405144696,47.916666666666664,54,12.332628611698379,30.76923076923077,75.0,55.0,1.5714285714285714,3,3,1,76.10526315789474
S39G01N73,2021-2022,20211118,343,home,70,17,7,19,4,23,0,23,15,23,10,2,2,6,5,5,8,46,25,9,6,65,52,6,0,3,1522,0,0,0,3,35.94775968795223,66.81743421052632,65.21739130434783,93,5.809450038729667,18.181818181818183,83.33333333333333,68.0,5.666666666666667,3,3,17,76.00525624178712,60,11,1,18,8,26,2,31,14,17,6,0,0,4,3,2,4,48,20,8,5,49,52,2,1,7,1522,0,0,0,8,-35.94775968795223,49.236334405144696,47.916666666666664,54,12.332628611698379,29.62962962962963,75.0,55.0,1.5714285714285714,3,3,1,76.00525624178712
S39G01N73,2021-2022,20211118,344,home,70,17,7,19,4,23,0,24,15,23,10,2,2,6,5,5,8,47,25,9,6,65,53,6,0,3,1529,0,0,0,3,33.14266169422736,65.47139403706689,63.829787234042556,92,5.699088145896656,18.181818181818183,83.33333333333333,68.0,5.666666666666667,3,3,17,76.44211903204709,60,11,1,18,8,26,2,31,14,17,6,0,0,4,3,2,4,48,20,8,5,49,52,2,1,7,1529,0,0,0,8,-33.14266169422736,49.236334405144696,47.916666666666664,54,12.332628611698379,29.62962962962963,75.0,55.0,1.5714285714285714,3,3,1,76.44211903204709
S39G01N73,2021-2022,20211118,345,home,70,17,7,19,5,24,0,24,15,23,10,2,2,6,5,5,8,47,25,9,6,65,53,6,0,3,1530,0,0,0,3,35.94775968795223,65.47139403706689,63.829787234042556,93,5.699088145896656,21.73913043478261,83.33333333333333,68.0,5.666666666666667,3,3,17,75.6078431372549,60,11,1,18,8,26,2,31,14,17,6,0,0,4,3,2,4,48,20,8,5,49,52,2,1,7,1530,0,0,0,8,-35.94775968795223,49.236334405144696,47.916666666666664,54,12.332628611698379,29.62962962962963,75.0,55.0,1.5714285714285714,3,3,1,75.6078431372549
S39G01N73,2021-2022,20211118,346,home,70,17,7,19,5,24,0,25,16,23,10,2,2,6,5,5,8,48,26,9,6,67,54,6,0,3,1532,0,0,0,3,37.25450379949051,66.15323854660348,64.58333333333333,95,5.592841163310962,21.73913043478261,83.33333333333333,65.38461538461539,5.666666666666667,5,3,18,76.29242819843343,60,11,1,18,8,26,2,31,14,17,6,0,0,4,3,2,4,48,20,8,5,49,52,2,1,7,1532,0,0,0,8,-37.25450379949051,49.236334405144696,47.916666666666664,54,12.332628611698379,29.62962962962963,75.0,55.0,1.5714285714285714,5,3,1,76.29242819843343
S39G01N73,2021-2022,20211118,347,home,70,17,7,19,5,24,0,25,16,23,10,2,2,6,5,5,8,48,26,9,6,67,54,6,0,3,1548,0,0,0,3,39.27404171602639,66.15323854660348,64.58333333333333,95,5.592841163310962,21.73913043478261,83.33333333333333,65.38461538461539,5.666666666666667,5,3,18,76.27906976744187,60,11,1,18,8,26,2,31,14,17,6,0,0,4,3,2,4,48,20,8,5,49,52,2,1,8,1548,0,0,0,9,-39.27404171602639,49.236334405144696,47.916666666666664,53,13.850415512465375,29.62962962962963,75.0,55.0,1.375,5,3,1,76.27906976744187
S39G01N73,2021-2022,20211118,348,home,70,17,7,19,5,24,0,25,16,23,10,2,2,6,5,5,8,48,26,9,6,67,54,7,0,3,1549,0,0,0,3,39.27404171602639,66.15323854660348,64.58333333333333,96,5.592841163310962,21.73913043478261,83.33333333333333,65.38461538461539,5.666666666666667,5,3,18,76.22982569399613,60,11,1,18,8,26,2,31,14,17,6,0,0,4,3,2,4,48,20,8,5,49,52,2,1,8,1549,0,0,0,9,-39.27404171602639,49.236334405144696,47.916666666666664,53,13.850415512465375,29.62962962962963,75.0,55.0,1.375,5,3,1,76.22982569399613
S39G01N73,2021-2022,20211118,349,home,70,17,7,19,5,24,0,26,17,23,10,3,3,6,5,5,8,49,27,9,6,69,55,7,0,3,1553,0,0,0,3,40.52813699148338,66.80867544539117,65.3061224489796,98,5.490483162518301,21.73913043478261,83.33333333333333,62.96296296296296,5.666666666666667,7,3,20,76.80618158403091,60,11,1,18,8,26,2,31,14,17,6,0,0,4,3,2,4,48,20,8,5,49,52,2,1,8,1553,0,0,0,9,-40.52813699148338,49.236334405144696,47.916666666666664,53,13.850415512465375,29.62962962962963,75.0,55.0,1.375,7,3,1,76.80618158403091
S39G01N73,2021-2022,20211118,350,home,70,17,7,19,5,24,0,26,17,23,10,3,3,6,5,6,10,49,27,9,6,69,55,7,0,3,1554,0,0,0,3,40.52813699148338,66.80867544539117,65.3061224489796,98,5.490483162518301,21.73913043478261,83.33333333333333,62.96296296296296,5.666666666666667,7,3,20,76.75675675675676,60,11,1,18,8,26,2,31,14,17,6,0,0,4,3,2,4,48,20,8,5,49,52,2,1,8,1554,0,0,0,9,-40.52813699148338,49.236334405144696,47.916666666666664,53,13.850415512465375,29.62962962962963,75.0,55.0,1.375,7,3,1,76.75675675675676
S39G01N73,2021-2022,20211118,351,home,70,17,7,19,5,24,0,26,17,23,10,3,3,6,5,6,10,49,27,9,6,69,55,7,0,3,1573,0,0,0,3,42.46810288609113,66.80867544539117,65.3061224489796,98,5.490483162518301,21.73913043478261,83.33333333333333,62.96296296296296,5.666666666666667,7,3,20,76.59249841068024,60,11,1,18,8,26,2,31,14,18,6,0,0,4,3,2,4,49,20,8,5,49,53,2,1,8,1573,0,0,0,9,-42.46810288609113,48.26635145784082,46.93877551020408,52,13.614703880190607,29.62962962962963,75.0,55.0,1.375,7,3,1,76.59249841068024
S39G01N73,2021-2022,20211118,352,home,70,17,7,20,5,25,0,26,17,23,10,3,3,6,5,6,10,49,27,9,6,69,55,7,0,3,1574,0,0,0,3,42.46810288609113,66.80867544539117,65.3061224489796,99,5.490483162518301,21.73913043478261,83.33333333333333,62.96296296296296,5.666666666666667,7,3,20,76.5438373570521,60,11,1,18,8,26,2,31,14,18,6,0,0,4,3,2,4,49,20,8,5,49,53,2,1,8,1574,0,0,0,9,-42.46810288609113,48.26635145784082,46.93877551020408,52,13.614703880190607,28.571428571428573,75.0,55.0,1.375,7,3,1,76.5438373570521
S39G01N73,2021-2022,20211118,353,home,70,17,7,20,5,25,0,26,17,23,10,3,3,6,5,6,10,49,27,9,6,69,55,7,0,3,1585,0,0,0,3,42.46810288609113,66.80867544539117,65.3061224489796,99,5.490483162518301,21.73913043478261,83.33333333333333,62.96296296296296,5.666666666666667,7,3,20,76.01261829652996,60,11,1,18,8,26,2,31,14,18,6,0,0,4,3,2,4,49,20,9,6,49,53,2,1,8,1585,0,0,0,9,-42.46810288609113,48.26635145784082,46.93877551020408,52,13.614703880190607,28.571428571428573,75.0,55.0,1.375,7,3,1,76.01261829652996
S39G01N73,2021-2022,20211118,354,home,70,17,7,20,5,25,0,26,17,23,10,3,3,6,5,6,10,49,27,9,6,69,55,7,0,3,1585,0,0,0,3,42.46810288609113,66.80867544539117,65.3061224489796,99,5.490483162518301,21.73913043478261,83.33333333333333,62.96296296296296,5.666666666666667,7,3,20,76.01261829652996,60,11,1,18,8,26,2,31,14,18,6,0,0,4,3,2,4,49,20,9,6,49,53,2,1,8,1585,0,0,0,9,-42.46810288609113,48.26635145784082,46.93877551020408,52,13.614703880190607,28.571428571428573,75.0,55.0,1.375,7,3,1,76.01261829652996
S39G01N73,2021-2022,20211118,355,home,70,17,7,20,5,25,0,26,17,23,10,3,3,6,5,6,10,49,27,9,6,69,55,7,0,3,1585,0,0,0,3,42.46810288609113,66.80867544539117,65.3061224489796,99,5.490483162518301,21.73913043478261,83.33333333333333,62.96296296296296,5.666666666666667,7,3,20,76.01261829652996,60,11,1,18,8,26,2,31,14,18,6,0,0,4,3,2,4,49,20,9,6,49,53,2,1,8,1585,0,0,0,9,-42.46810288609113,48.26635145784082,46.93877551020408,52,13.614703880190607,28.571428571428573,75.0,55.0,1.375,7,3,1,76.01261829652996
S39G01N73,2021-2022,20211118,356,home,70,17,7,20,5,25,0,26,17,23,10,3,3,6,5,6,10,49,27,9,6,69,55,7,0,3,1585,0,0,0,3,42.46810288609113,66.80867544539117,65.3061224489796,99,5.490483162518301,21.73913043478261,83.33333333333333,62.96296296296296,5.666666666666667,7,3,20,76.01261829652996,60,11,1,18,8,26,2,31,14,18,6,0,0,4,3,2,4,49,20,9,6,49,53,2,1,8,1585,0,0,0,9,-42.46810288609113,48.26635145784082,46.93877551020408,52,13.614703880190607,28.571428571428573,75.0,55.0,1.375,7,3,1,76.01261829652996
S39G01N73,2021-2022,20211118,357,home,70,17,7,20,5,25,0,26,17,23,10,3,3,6,5,6,10,49,27,9,6,69,55,7,0,3,1585,0,0,0,3,42.46810288609113,66.80867544539117,65.3061224489796,99,5.490483162518301,21.73913043478261,83.33333333333333,62.96296296296296,5.666666666666667,7,3,20,76.01261829652996,60,11,1,18,8,26,2,31,14,18,6,0,0,4,3,2,4,49,20,9,6,49,53,2,1,8,1585,0,0,0,9,-42.46810288609113,48.26635145784082,46.93877551020408,52,13.614703880190607,28.571428571428573,75.0,55.0,1.375,7,3,1,76.01261829652996
S39G01N73,2021-2022,20211118,358,home,70,17,7,20,5,25,0,26,17,23,10,3,3,6,5,6,10,49,27,9,6,69,55,7,0,3,1585,0,0,0,3,42.46810288609113,66.80867544539117,65.3061224489796,99,5.490483162518301,21.73913043478261,83.33333333333333,62.96296296296296,5.666666666666667,7,3,20,76.01261829652996,60,11,1,18,8,26,2,31,14,18,6,0,0,4,3,2,4,49,20,9,6,49,53,2,1,8,1585,0,0,0,9,-42.46810288609113,48.26635145784082,46.93877551020408,52,13.614703880190607,28.571428571428573,75.0,55.0,1.375,7,3,1,76.01261829652996
S39G01N73,2021-2022,20211118,359,home,70,17,7,20,5,25,0,27,18,23,10,3,3,6,5,6,10,50,28,9,6,71,56,7,0,3,1594,0,0,0,3,43.67266833234363,67.43920972644376,66.0,101,5.391804457225018,21.73913043478261,83.33333333333333,60.714285714285715,5.666666666666667,9,3,22,76.33626097867001,60,11,1,18,8,26,2,31,14,18,6,0,0,4,3,2,4,49,20,9,6,49,53,2,1,8,1594,0,0,0,9,-43.67266833234363,48.26635145784082,46.93877551020408,52,13.614703880190607,28.571428571428573,75.0,55.0,1.375,9,3,1,76.33626097867001
S39G01N73,2021-2022,20211118,360,home,70,17,7,20,5,25,0,27,18,23,10,3,3,6,5,6,10,50,28,9,6,71,56,7,0,3,1619,0,0,0,3,41.6736865494163,67.43920972644376,66.0,101,5.391804457225018,21.73913043478261,83.33333333333333,60.714285714285715,5.666666666666667,2,3,22,75.89870290302656,60,11,1,18,8,26,2,32,15,18,6,0,0,4,3,2,4,50,21,9,6,51,54,2,1,8,1619,0,0,0,9,-41.6736865494163,49.265842349304485,48.0,54,13.386880856760376,28.571428571428573,75.0,52.38095238095238,1.375,2,3,1,75.89870290302656
S39G01N73,2021-2022,20211118,361,home,70,17,7,20,5,25,0,27,18,23,10,3,3,6,5,6,10,50,28,9,6,71,56,7,0,3,1619,0,0,0,3,41.6736865494163,67.43920972644376,66.0,101,5.391804457225018,21.73913043478261,83.33333333333333,60.714285714285715,5.666666666666667,2,3,22,75.89870290302656,60,12,1,18,8,26,2,32,15,18,6,0,0,4,3,2,4,50,21,9,6,51,54,2,1,8,1619,0,0,0,9,-41.6736865494163,49.265842349304485,48.0,55,13.386880856760376,28.571428571428573,75.0,57.142857142857146,1.5,2,3,1,75.89870290302656
S39G01N73,2021-2022,20211118,362,home,70,17,7,20,5,25,0,27,18,23,10,3,3,6,5,6,10,50,28,9,6,71,56,7,0,3,1638,0,0,0,3,41.6736865494163,67.43920972644376,66.0,101,5.391804457225018,21.73913043478261,83.33333333333333,60.714285714285715,5.666666666666667,2,3,22,75.01831501831502,60,12,1,18,8,26,2,32,15,18,6,0,0,4,3,2,4,50,21,10,6,51,54,2,1,8,1638,0,0,0,9,-41.6736865494163,49.265842349304485,48.0,55,13.386880856760376,28.571428571428573,75.0,57.142857142857146,1.5,2,3,1,75.01831501831502
S39G01N73,2021-2022,20211118,363,home,70,17,7,20,5,25,0,27,18,23,10,3,3,6,5,6,10,50,28,9,6,71,56,7,0,3,1638,0,0,0,3,41.6736865494163,67.43920972644376,66.0,101,5.391804457225018,21.73913043478261,83.33333333333333,60.714285714285715,5.666666666666667,2,3,22,75.01831501831502,60,12,1,18,8,26,2,32,15,18,6,0,0,4,3,2,4,50,21,10,6,51,54,2,1,8,1638,0,0,0,9,-41.6736865494163,49.265842349304485,48.0,55,13.386880856760376,28.571428571428573,75.0,57.142857142857146,1.5,2,3,1,75.01831501831502
S39G01N73,2021-2022,20211118,364,home,70,17,7,20,5,25,0,27,18,23,10,3,3,7,6,6,10,50,28,9,6,72,57,7,0,3,1638,0,0,0,3,42.42367943608171,67.82215523737754,66.0,102,5.349500713266762,21.73913043478261,85.71428571428571,60.714285714285715,5.666666666666667,1,3,22,75.34065934065934,60,12,1,18,8,26,2,32,15,18,6,0,0,4,3,2,4,50,21,10,6,51,54,2,1,8,1638,0,0,0,9,-42.42367943608171,49.265842349304485,48.0,55,13.386880856760376,28.571428571428573,75.0,57.142857142857146,1.5,1,3,1,75.34065934065934
S39G01N73,2021-2022,20211118,365,home,70,17,7,20,5,25,0,27,18,23,10,3,3,8,7,6,10,50,28,9,6,73,58,7,0,3,1638,0,0,0,3,43.16086188524194,68.19880418535126,66.0,103,5.307855626326964,21.73913043478261,87.5,60.714285714285715,5.666666666666667,2,3,22,75.66300366300366,60,12,1,18,8,26,2,32,15,18,6,0,0,4,3,2,4,50,21,10,6,51,54,2,1,8,1638,0,0,0,9,-43.16086188524194,49.265842349304485,48.0,55,13.386880856760376,28.571428571428573,75.0,57.142857142857146,1.5,2,3,1,75.66300366300366
S39G01N73,2021-2022,20211118,366,home,70,17,7,20,5,25,0,27,18,23,10,3,3,8,7,6,10,50,28,10,7,73,58,7,0,3,1650,0,0,0,3,43.16086188524194,68.19880418535126,66.0,103,5.307855626326964,21.73913043478261,87.5,60.714285714285715,5.666666666666667,2,3,22,75.11272727272727,60,12,1,18,8,26,2,32,15,18,6,0,0,4,3,2,4,50,21,10,6,51,54,2,1,8,1650,0,0,0,9,-43.16086188524194,49.265842349304485,48.0,55,13.386880856760376,28.571428571428573,75.0,57.142857142857146,1.5,2,3,1,75.11272727272727
S39G01N73,2021-2022,20211118,367,home,70,17,7,20,5,25,0,27,18,23,10,3,3,8,7,6,10,50,28,10,7,73,58,7,0,3,1650,0,0,0,3,43.16086188524194,68.19880418535126,66.0,103,5.307855626326964,21.73913043478261,87.5,60.714285714285715,5.666666666666667,2,3,22,75.11272727272727,60,12,1,18,8,26,2,32,15,18,6,0,0,4,3,2,4,50,21,10,6,51,54,2,1,8,1650,0,0,0,9,-43.16086188524194,49.265842349304485,48.0,55,13.386880856760376,28.571428571428573,75.0,57.142857142857146,1.5,2,3,1,75.11272727272727
S39G01N73,2021-2022,20211118,368,home,70,17,7,20,5,25,0,27,18,23,10,3,3,8,7,6,10,50,28,10,7,73,58,7,0,3,1661,0,0,0,3,45.02840708422998,68.19880418535126,66.0,103,5.307855626326964,21.73913043478261,87.5,60.714285714285715,5.666666666666667,2,3,22,75.33774834437087,60,12,1,18,8,26,2,32,15,19,6,0,0,4,3,2,4,51,21,10,6,51,55,2,1,8,1661,0,0,0,9,-45.02840708422998,48.332069749810465,47.05882352941177,54,13.166556945358789,28.571428571428573,75.0,57.142857142857146,1.5,2,3,1,75.33774834437087
S39G01N73,2021-2022,20211118,369,home,70,17,7,20,5,25,0,27,18,23,10,3,3,8,7,6,10,50,28,10,7,73,58,7,0,3,1661,0,0,0,3,43.16086188524194,68.19880418535126,66.0,103,5.307855626326964,21.73913043478261,87.5,60.714285714285715,5.666666666666667,2,3,22,74.61529199277544,60,12,1,18,9,27,2,32,15,19,6,0,0,4,3,2,4,51,21,10,6,51,55,2,1,8,1661,0,0,0,9,-43.16086188524194,48.332069749810465,47.05882352941177,55,13.166556945358789,31.03448275862069,75.0,57.142857142857146,1.5,2,3,1,74.61529199277544
S39G01N73,2021-2022,20211118,370,home,70,17,7,20,5,25,0,27,18,23,10,3,3,8,7,6,10,50,28,10,7,73,58,7,0,3,1662,0,0,0,3,41.2376565156174,68.19880418535126,66.0,103,5.307855626326964,21.73913043478261,87.5,60.714285714285715,5.666666666666667,2,3,22,75.29241877256318,60,12,1,18,9,27,2,33,16,19,6,0,0,4,3,2,4,52,22,10,6,53,56,2,1,8,1662,0,0,0,9,-41.2376565156174,49.293154761904766,48.07692307692308,57,12.953367875647668,31.03448275862069,75.0,54.54545454545455,1.5,2,3,1,75.29241877256318
S39G01N73,2021-2022,20211118,371,home,70,17,7,20,5,25,0,27,18,24,11,3,3,8,7,6,10,51,29,10,7,76,59,7,0,3,1676,0,0,0,3,44.25188830191118,69.69919295671313,67.6470588235294,106,5.21557719054242,21.73913043478261,87.5,58.62068965517241,5.666666666666667,3,3,23,75.37947494033413,60,12,1,18,9,27,2,33,16,19,6,0,0,4,3,2,4,52,22,10,6,53,56,2,1,8,1676,0,0,0,9,-44.25188830191118,49.293154761904766,48.07692307692308,57,12.953367875647668,31.03448275862069,75.0,54.54545454545455,1.5,3,3,1,75.37947494033413
S39G01N73,2021-2022,20211118,372,home,70,17,7,20,5,25,0,27,18,24,11,3,3,8,7,6,10,51,29,10,7,76,59,7,0,3,1699,0,0,0,3,46.12046884633516,69.69919295671313,67.6470588235294,106,5.21557719054242,21.73913043478261,87.5,58.62068965517241,5.666666666666667,3,3,23,75.06533254855798,60,12,1,18,9,27,2,34,16,19,6,0,0,4,3,2,4,53,22,10,6,53,57,2,1,8,1699,0,0,0,9,-46.12046884633516,48.39298758217677,47.16981132075472,56,12.746972594008923,31.03448275862069,75.0,54.54545454545455,1.5,3,3,1,75.06533254855798
S39G01N73,2021-2022,20211118,373,home,70,17,7,21,5,26,0,27,18,24,11,3,3,8,7,6,10,51,29,10,7,76,59,7,0,3,1700,0,0,0,3,46.12046884633516,69.69919295671313,67.6470588235294,107,5.21557719054242,21.73913043478261,87.5,58.62068965517241,5.666666666666667,3,3,23,75.02117647058824,60,12,1,18,9,27,2,34,16,19,6,0,0,4,3,2,4,53,22,10,6,53,57,2,1,8,1700,0,0,0,9,-46.12046884633516,48.39298758217677,47.16981132075472,56,12.746972594008923,30.0,75.0,54.54545454545455,1.5,3,3,1,75.02117647058824
S39G01N73,2021-2022,20211118,374,home,70,17,7,21,5,26,0,27,18,24,11,3,3,8,7,6,10,51,29,10,7,76,59,7,0,3,1700,0,0,0,3,46.12046884633516,69.69919295671313,67.6470588235294,107,5.21557719054242,21.73913043478261,87.5,58.62068965517241,5.666666666666667,3,3,23,75.02117647058824,60,12,1,18,9,27,2,34,16,19,6,0,0,4,3,2,4,53,22,11,7,53,57,2,1,8,1700,0,0,0,9,-46.12046884633516,48.39298758217677,47.16981132075472,56,12.746972594008923,30.0,75.0,54.54545454545455,1.5,3,3,1,75.02117647058824
S39G01N73,2021-2022,20211118,375,home,70,17,7,21,5,26,0,27,18,24,11,3,3,8,7,6,10,51,29,10,7,76,59,7,0,3,1700,0,0,0,3,46.12046884633516,69.69919295671313,67.6470588235294,107,5.21557719054242,21.73913043478261,87.5,58.62068965517241,5.666666666666667,3,3,23,75.02117647058824,60,12,1,18,9,27,2,34,16,19,6,0,0,4,3,2,4,53,22,11,7,53,57,2,1,8,1700,0,0,0,9,-46.12046884633516,48.39298758217677,47.16981132075472,56,12.746972594008923,30.0,75.0,54.54545454545455,1.5,3,3,1,75.02117647058824
S39G01N73,2021-2022,20211118,376,home,70,17,7,21,5,26,0,27,18,24,11,3,3,8,7,6,10,51,29,10,7,76,59,7,0,3,1713,0,0,0,3,46.12046884633516,69.69919295671313,67.6470588235294,107,5.21557719054242,21.73913043478261,87.5,58.62068965517241,5.666666666666667,3,3,23,74.45183887915937,60,12,1,18,9,27,2,34,16,19,6,0,0,4,3,2,4,53,22,12,7,53,57,2,1,8,1713,0,0,0,9,-46.12046884633516,48.39298758217677,47.16981132075472,56,12.746972594008923,30.0,75.0,54.54545454545455,1.5,3,3,1,74.45183887915937
S39G01N73,2021-2022,20211118,377,home,70,17,7,21,5,26,0,27,18,24,11,3,3,8,7,6,10,51,29,10,7,76,59,7,0,3,1713,0,0,0,3,46.12046884633516,69.69919295671313,67.6470588235294,107,5.21557719054242,21.73913043478261,87.5,58.62068965517241,5.666666666666667,3,3,23,74.45183887915937,60,12,1,18,9,27,2,34,16,19,6,0,0,4,3,2,4,53,22,12,7,53,57,2,1,8,1713,0,0,0,9,-46.12046884633516,48.39298758217677,47.16981132075472,56,12.746972594008923,30.0,75.0,54.54545454545455,1.5,3,3,1,74.45183887915937
S39G01N73,2021-2022,20211118,378,home,70,17,7,21,5,26,0,27,18,24,11,3,3,8,7,6,10,51,29,10,7,76,59,7,0,3,1713,0,0,0,3,46.12046884633516,69.69919295671313,67.6470588235294,107,5.21557719054242,21.73913043478261,87.5,58.62068965517241,5.666666666666667,3,3,23,74.45183887915937,60,12,1,18,9,27,2,34,16,19,6,0,0,4,3,2,4,53,22,12,7,53,57,2,1,8,1713,0,0,0,9,-46.12046884633516,48.39298758217677,47.16981132075472,56,12.746972594008923,30.0,75.0,54.54545454545455,1.5,3,3,1,74.45183887915937
S39G01N73,2021-2022,20211118,379,home,70,17,7,21,5,26,0,27,18,24,11,3,3,8,7,6,10,51,29,10,7,76,59,7,0,3,1713,0,0,0,3,46.12046884633516,69.69919295671313,67.6470588235294,107,5.21557719054242,21.73913043478261,87.5,58.62068965517241,5.666666666666667,3,3,23,74.45183887915937,60,12,1,18,9,27,2,34,16,19,6,0,0,4,3,2,4,53,22,12,7,53,57,2,1,8,1713,0,0,0,9,-46.12046884633516,48.39298758217677,47.16981132075472,56,12.746972594008923,30.0,75.0,54.54545454545455,1.5,3,3,1,74.45183887915937
S39G01N73,2021-2022,20211118,380,home,70,17,7,21,5,26,0,27,18,24,11,3,3,9,8,6,10,51,29,10,7,77,60,7,0,3,1713,0,0,0,3,46.80643972090347,70.0509461426492,67.6470588235294,108,5.175983436853002,21.73913043478261,88.88888888888889,58.62068965517241,5.666666666666667,4,3,24,74.7600700525394,60,12,1,18,9,27,2,34,16,19,6,0,0,4,3,2,4,53,22,12,7,53,57,2,1,8,1713,0,0,0,9,-46.80643972090347,48.39298758217677,47.16981132075472,56,12.746972594008923,30.0,75.0,54.54545454545455,1.5,4,3,1,74.7600700525394
S39G01N73,2021-2022,20211118,381,home,70,17,7,21,5,26,0,27,18,24,11,3,3,10,8,6,10,51,29,10,7,77,61,7,0,3,1713,0,0,0,3,45.6084470304976,69.49458483754513,67.6470588235294,107,5.136986301369864,21.73913043478261,80.0,58.62068965517241,5.666666666666667,4,3,24,75.06830122591944,60,12,1,18,9,27,2,34,16,19,6,0,0,4,3,2,4,53,22,12,7,53,57,2,1,8,1713,0,0,0,9,-45.6084470304976,48.39298758217677,47.16981132075472,56,12.746972594008923,30.0,75.0,54.54545454545455,1.5,4,3,1,75.06830122591944
S39G01N73,2021-2022,20211118,382,home,70,17,7,21,5,26,0,27,18,24,11,3,3,10,8,6,10,51,29,10,7,77,61,7,0,3,1715,0,0,0,3,45.6084470304976,69.49458483754513,67.6470588235294,107,5.136986301369864,21.73913043478261,80.0,58.62068965517241,5.666666666666667,4,3,24,74.9807580174927,60,12,1,18,9,27,3,34,16,19,6,0,0,4,3,2,4,53,22,12,7,53,57,2,1,8,1715,0,0,0,9,-45.6084470304976,48.39298758217677,47.16981132075472,57,12.746972594008923,30.0,75.0,54.54545454545455,1.5,4,3,1,74.9807580174927
S39G01N73,2021-2022,20211118,383,home,70,17,7,21,5,26,0,27,18,24,11,3,3,10,8,6,10,51,29,10,7,77,61,7,0,3,1729,0,0,0,3,43.75648044035535,69.49458483754513,67.6470588235294,107,5.136986301369864,21.73913043478261,80.0,58.62068965517241,5.666666666666667,2,3,24,75.06766917293233,60,12,1,18,9,27,3,35,17,19,6,0,0,4,3,2,4,54,23,12,7,55,58,2,1,8,1729,0,0,0,9,-43.75648044035535,49.318507890961264,48.148148148148145,59,12.547051442910917,30.0,75.0,52.17391304347826,1.5,2,3,1,75.06766917293233
S39G01N73,2021-2022,20211118,384,home,70,17,7,21,5,26,0,27,18,25,12,3,3,10,8,6,10,52,30,10,7,80,62,7,0,3,1748,0,0,0,3,46.62054741545998,70.92198581560284,69.23076923076923,110,5.050505050505051,21.73913043478261,80.0,56.666666666666664,5.666666666666667,3,3,25,74.93821510297482,60,12,1,18,9,27,3,35,17,19,6,0,0,4,3,2,4,54,23,12,7,55,58,2,1,8,1748,0,0,0,9,-46.62054741545998,49.318507890961264,48.148148148148145,59,12.547051442910917,30.0,75.0,52.17391304347826,1.5,3,3,1,74.93821510297482
S39G01N73,2021-2022,20211118,385,home,70,18,7,21,5,26,0,27,18,25,12,3,3,10,8,6,10,52,30,10,7,80,62,7,0,3,1748,0,0,0,3,46.62054741545998,70.92198581560284,69.23076923076923,111,5.050505050505051,21.73913043478261,80.0,60.0,6.0,3,3,25,74.93821510297482,60,12,1,18,9,27,3,35,17,19,6,0,0,4,3,2,4,54,23,12,7,55,58,2,1,8,1748,0,0,0,9,-46.62054741545998,49.318507890961264,48.148148148148145,59,12.547051442910917,30.0,75.0,52.17391304347826,1.5,3,3,1,74.93821510297482
S39G01N73,2021-2022,20211118,386,home,70,18,7,21,5,26,0,27,18,25,12,3,3,10,8,6,10,52,30,10,7,80,62,7,0,3,1761,0,0,0,3,43.04160688665709,70.92198581560284,69.23076923076923,111,5.050505050505051,21.73913043478261,80.0,60.0,6.0,3,3,25,75.0664395229983,60,12,1,18,9,27,3,35,17,20,7,0,0,4,3,2,4,55,24,12,7,58,59,2,1,8,1761,0,0,0,9,-43.04160688665709,51.092318534179,50.0,62,12.353304508956148,30.0,75.0,50.0,1.5,3,3,1,75.0664395229983
S39G01N73,2021-2022,20211118,387,home,70,18,7,21,5,26,0,27,18,25,12,3,3,10,8,6,10,52,30,10,7,80,62,7,0,3,1761,0,0,0,3,43.04160688665709,70.92198581560284,69.23076923076923,111,5.050505050505051,21.73913043478261,80.0,60.0,6.0,3,3,25,75.0664395229983,60,13,1,18,9,27,3,35,17,20,7,0,0,4,3,2,4,55,24,12,7,58,59,2,1,8,1761,0,0,0,9,-43.04160688665709,51.092318534179,50.0,63,12.353304508956148,30.0,75.0,54.166666666666664,1.625,3,3,1,75.0664395229983
S39G01N73,2021-2022,20211118,388,home,70,18,7,21,5,26,0,28,18,25,12,3,3,10,8,6,10,53,30,10,7,80,63,7,0,3,1777,0,0,0,3,40.38711548720923,69.68641114982579,67.9245283018868,110,4.966887417218543,21.73913043478261,80.0,60.0,6.0,3,3,25,75.06584130557118,60,13,1,18,9,27,3,35,17,20,7,0,0,4,3,2,4,55,24,12,7,58,59,2,1,8,1777,0,0,0,9,-40.38711548720923,51.092318534179,50.0,63,12.353304508956148,30.0,75.0,54.166666666666664,1.625,3,3,1,75.06584130557118
S39G01N73,2021-2022,20211118,389,home,70,18,7,21,6,27,0,28,18,25,12,3,3,10,8,6,10,53,30,10,7,80,63,7,0,3,1778,0,0,0,3,43.04160688665709,69.68641114982579,67.9245283018868,111,4.966887417218543,25.0,80.0,60.0,6.0,3,3,25,74.34870641169853,60,13,1,18,9,27,3,35,17,20,7,0,0,4,3,2,4,55,24,12,7,58,59,2,1,8,1778,0,0,0,9,-43.04160688665709,51.092318534179,50.0,63,12.353304508956148,30.0,75.0,54.166666666666664,1.625,3,3,1,74.34870641169853
S39G01N73,2021-2022,20211118,390,home,70,18,7,21,6,27,0,28,18,26,13,3,3,10,8,6,10,54,31,10,7,83,64,7,0,3,1781,0,0,0,3,45.80227794208287,71.06164383561644,69.44444444444444,114,4.88599348534202,25.0,80.0,58.064516129032256,6.0,3,3,25,74.89724873666479,60,13,1,18,9,27,3,35,17,20,7,0,0,4,3,2,4,55,24,12,7,58,59,2,1,8,1781,0,0,0,9,-45.80227794208287,51.092318534179,50.0,63,12.353304508956148,30.0,75.0,54.166666666666664,1.625,3,3,1,74.89724873666479
S39G01N73,2021-2022,20211118,391,home,70,19,7,21,6,27,0,28,18,26,13,3,3,10,8,6,10,54,31,10,7,83,64,7,0,3,1781,0,0,0,3,45.80227794208287,71.06164383561644,69.44444444444444,115,4.88599348534202,25.0,80.0,61.29032258064516,6.333333333333333,3,3,25,74.89724873666479,60,13,1,18,9,27,3,35,17,20,7,0,0,4,3,2,4,55,24,12,7,58,59,2,1,8,1781,0,0,0,9,-45.80227794208287,51.092318534179,50.0,63,12.353304508956148,30.0,75.0,54.166666666666664,1.625,3,3,1,74.89724873666479
S39G01N73,2021-2022,20211118,392,home,70,19,7,21,6,27,0,28,18,26,13,3,3,10,8,6,10,54,31,10,7,83,64,7,0,3,1792,0,0,0,3,42.34944525432307,71.06164383561644,69.44444444444444,115,4.88599348534202,25.0,80.0,61.29032258064516,6.333333333333333,3,3,25,75.10714285714285,60,13,1,18,9,27,3,35,17,21,8,0,0,4,3,2,4,56,25,12,7,61,60,2,1,8,1792,0,0,0,9,-42.34944525432307,52.80470914127424,51.785714285714285,66,12.165450121654503,30.0,75.0,52.0,1.625,3,3,1,75.10714285714285
S39G01N73,2021-2022,20211118,393,home,70,19,7,21,6,27,0,28,18,27,14,3,3,10,8,6,10,55,32,10,7,86,65,7,0,3,1799,0,0,0,3,45.01222017303162,72.39057239057239,70.9090909090909,118,4.8076923076923075,25.0,80.0,59.375,6.333333333333333,3,3,25,75.48193440800443,60,13,1,18,9,27,3,35,17,21,8,0,0,4,3,2,4,56,25,12,7,61,60,2,1,8,1799,0,0,0,9,-45.01222017303162,52.80470914127424,51.785714285714285,66,12.165450121654503,30.0,75.0,52.0,1.625,3,3,1,75.48193440800443
S39G01N73,2021-2022,20211118,394,home,70,19,7,21,6,27,0,28,18,27,14,3,3,10,8,6,10,55,32,10,7,86,65,7,0,3,1799,0,0,0,3,45.01222017303162,72.39057239057239,70.9090909090909,118,4.8076923076923075,25.0,80.0,59.375,6.333333333333333,3,3,25,75.48193440800443,60,13,1,18,9,27,3,35,17,21,8,0,0,4,3,2,4,56,25,12,7,61,60,2,1,8,1799,0,0,0,9,-45.01222017303162,52.80470914127424,51.785714285714285,66,12.165450121654503,30.0,75.0,52.0,1.625,3,3,1,75.48193440800443
S39G01N73,2021-2022,20211118,395,home,70,19,7,21,6,27,0,28,18,27,14,3,3,10,8,6,10,55,32,10,7,86,65,7,0,3,1800,0,0,0,3,45.01222017303162,72.39057239057239,70.9090909090909,118,4.8076923076923075,25.0,80.0,59.375,6.333333333333333,3,3,25,75.44,60,13,1,18,9,27,3,35,17,21,8,0,0,4,3,2,4,56,25,12,7,61,60,2,1,8,1800,0,0,0,9,-45.01222017303162,52.80470914127424,51.785714285714285,66,12.165450121654503,30.0,75.0,52.0,1.625,3,3,1,75.44
S39G01N73,2021-2022,20211118,396,home,70,19,7,21,6,27,0,28,18,27,14,3,3,10,8,6,10,55,32,10,7,86,65,7,0,3,1800,0,0,0,3,45.01222017303162,72.39057239057239,70.9090909090909,118,4.8076923076923075,25.0,80.0,59.375,6.333333333333333,3,3,25,75.44,60,13,1,18,9,27,3,35,17,21,8,0,0,4,3,2,4,56,25,12,7,61,60,2,1,8,1800,0,0,0,9,-45.01222017303162,52.80470914127424,51.785714285714285,66,12.165450121654503,30.0,75.0,52.0,1.625,3,3,1,75.44
S39G01N73,2021-2022,20211118,397,home,70,19,7,21,6,27,0,28,18,27,14,3,3,10,8,6,10,55,32,10,7,86,65,7,0,3,1800,0,0,0,3,45.01222017303162,72.39057239057239,70.9090909090909,118,4.8076923076923075,25.0,80.0,59.375,6.333333333333333,3,3,25,75.44,60,13,1,18,9,27,3,35,17,21,8,0,0,4,3,2,4,56,25,12,7,61,60,2,1,8,1800,0,0,0,9,-45.01222017303162,52.80470914127424,51.785714285714285,66,12.165450121654503,30.0,75.0,52.0,1.625,3,3,1,75.44
S39G01N73,2021-2022,20211118,398,home,70,19,7,21,6,27,0,28,18,27,14,3,3,10,8,6,10,55,32,10,7,86,65,7,0,3,1800,0,0,0,3,45.01222017303162,72.39057239057239,70.9090909090909,118,4.8076923076923075,25.0,80.0,59.375,6.333333333333333,3,3,25,75.44,60,13,1,18,9,27,3,35,17,21,8,0,0,4,3,2,4,56,25,12,7,61,60,2,1,8,1800,0,0,0,9,-45.01222017303162,52.80470914127424,51.785714285714285,66,12.165450121654503,30.0,75.0,52.0,1.625,3,3,1,75.44
S39G01N73,2021-2022,20211118,399,home,70,19,7,21,6,27,0,28,18,27,14,3,3,10,8,6,10,55,32,10,7,86,65,7,0,3,1800,0,0,0,3,45.01222017303162,72.39057239057239,70.9090909090909,118,4.8076923076923075,25.0,80.0,59.375,6.333333333333333,3,3,25,75.44,60,13,1,18,9,27,3,35,17,21,8,0,0,4,3,2,4,56,25,12,7,61,60,2,1,8,1800,0,0,0,9,-45.01222017303162,52.80470914127424,51.785714285714285,66,12.165450121654503,30.0,75.0,52.0,1.625,3,3,1,75.44
S39G01N73,2021-2022,20211118,400,home,70,19,7,21,6,27,0,28,18,27,14,3,3,10,8,6,10,55,32,10,7,86,65,7,0,3,1800,0,0,0,3,45.01222017303162,72.39057239057239,70.9090909090909,118,4.8076923076923075,25.0,80.0,59.375,6.333333333333333,3,3,25,75.44,60,13,1,18,9,27,3,35,17,21,8,0,0,4,3,2,4,56,25,12,7,61,60,2,1,8,1800,0,0,0,9,-45.01222017303162,52.80470914127424,51.785714285714285,66,12.165450121654503,30.0,75.0,52.0,1.625,3,3,1,75.44
S39G01N73,2021-2022,20211118,401,home,70,19,7,21,6,27,0,28,18,27,14,3,3,10,8,6,10,55,32,10,7,86,65,7,0,3,1800,0,0,0,3,45.01222017303162,72.39057239057239,70.9090909090909,118,4.8076923076923075,25.0,80.0,59.375,6.333333333333333,3,3,25,75.44,60,13,1,18,9,27,3,35,17,21,8,0,0,4,3,2,4,56,25,12,7,61,60,2,1,8,1800,0,0,0,9,-45.01222017303162,52.80470914127424,51.785714285714285,66,12.165450121654503,30.0,75.0,52.0,1.625,3,3,1,75.44
S39G01N73,2021-2022,20211118,402,home,70,19,7,21,6,27,0,28,18,27,14,3,3,10,8,6,10,55,32,10,7,86,65,7,0,3,1800,0,0,0,3,45.01222017303162,72.39057239057239,70.9090909090909,118,4.8076923076923075,25.0,80.0,59.375,6.333333333333333,3,3,25,75.44,60,13,1,18,9,27,3,35,17,21,8,0,0,4,3,2,4,56,25,12,7,61,60,2,1,8,1800,0,0,0,9,-45.01222017303162,52.80470914127424,51.785714285714285,66,12.165450121654503,30.0,75.0,52.0,1.625,3,3,1,75.44
S39G01N73,2021-2022,20211118,403,home,70,19,7,21,6,27,0,28,18,27,14,3,3,10,8,6,10,55,32,10,7,86,65,7,0,3,1800,0,0,0,3,45.01222017303162,72.39057239057239,70.9090909090909,118,4.8076923076923075,25.0,80.0,59.375,6.333333333333333,3,3,25,75.44,60,13,1,18,9,27,3,35,17,21,8,0,0,4,3,2,4,56,25,12,7,61,60,2,1,8,1800,0,0,0,9,-45.01222017303162,52.80470914127424,51.785714285714285,66,12.165450121654503,30.0,75.0,52.0,1.625,3,3,1,75.44
S39G01N73,2021-2022,20211118,404,home,70,19,7,21,6,27,0,28,18,27,14,3,3,10,8,6,10,55,32,10,7,86,65,7,0,3,1800,0,0,0,3,45.01222017303162,72.39057239057239,70.9090909090909,118,4.8076923076923075,25.0,80.0,59.375,6.333333333333333,3,3,25,75.44,60,13,1,18,9,27,3,35,17,21,8,0,0,4,3,2,4,56,25,12,7,61,60,2,1,8,1800,0,0,0,9,-45.01222017303162,52.80470914127424,51.785714285714285,66,12.165450121654503,30.0,75.0,52.0,1.625,3,3,1,75.44
S39G01N73,2021-2022,20211118,405,home,70,19,7,21,6,27,0,28,18,27,14,3,3,10,8,6,10,55,32,10,7,86,65,7,0,3,1800,0,0,0,3,45.01222017303162,72.39057239057239,70.9090909090909,118,4.8076923076923075,25.0,80.0,59.375,6.333333333333333,3,3,25,75.44,60,13,1,18,9,27,3,35,17,21,8,0,0,4,3,2,4,56,25,12,7,61,60,2,1,8,1800,0,0,0,9,-45.01222017303162,52.80470914127424,51.785714285714285,66,12.165450121654503,30.0,75.0,52.0,1.625,3,3,1,75.44
S39G01N73,2021-2022,20211118,406,home,70,19,7,21,6,27,0,28,18,27,14,3,3,10,8,6,10,55,32,10,7,86,65,7,0,3,1800,0,0,0,3,45.01222017303162,72.39057239057239,70.9090909090909,118,4.8076923076923075,25.0,80.0,59.375,6.333333333333333,3,3,25,75.44,60,13,1,18,9,27,3,35,17,21,8,0,0,4,3,2,4,56,25,12,7,61,60,2,1,8,1800,0,0,0,9,-45.01222017303162,52.80470914127424,51.785714285714285,66,12.165450121654503,30.0,75.0,52.0,1.625,3,3,1,75.44
S39G01N73,2021-2022,20211118,407,home,70,19,7,21,6,27,0,28,18,27,14,3,3,10,8,6,10,55,32,10,7,86,65,7,0,3,1800,0,0,0,3,45.01222017303162,72.39057239057239,70.9090909090909,118,4.8076923076923075,25.0,80.0,59.375,6.333333333333333,3,3,25,75.44,60,13,1,18,9,27,3,35,17,21,8,0,0,4,3,2,4,56,25,12,7,61,60,2,1,8,1800,0,0,0,9,-45.01222017303162,52.80470914127424,51.785714285714285,66,12.165450121654503,30.0,75.0,52.0,1.625,3,3,1,75.44
S39G01N73,2021-2022,20211118,408,home,70,19,7,21,6,27,0,28,18,27,14,3,3,10,8,6,10,55,32,10,7,86,65,7,0,3,1800,0,0,0,3,45.01222017303162,72.39057239057239,70.9090909090909,118,4.8076923076923075,25.0,80.0,59.375,6.333333333333333,3,3,25,75.44,60,13,1,18,9,27,3,35,17,21,8,0,0,4,3,2,4,56,25,12,7,61,60,2,1,8,1800,0,0,0,9,-45.01222017303162,52.80470914127424,51.785714285714285,66,12.165450121654503,30.0,75.0,52.0,1.625,3,3,1,75.44
S39G01N73,2021-2022,20211118,409,home,70,19,7,21,6,27,0,28,18,27,14,3,3,10,8,6,10,55,32,10,7,86,65,7,0,3,1800,0,0,0,3,45.01222017303162,72.39057239057239,70.9090909090909,118,4.8076923076923075,25.0,80.0,59.375,6.333333333333333,3,3,25,75.44,60,13,1,18,9,27,3,35,17,21,8,0,0,4,3,2,4,56,25,12,7,61,60,2,1,8,1800,0,0,0,9,-45.01222017303162,52.80470914127424,51.785714285714285,66,12.165450121654503,30.0,75.0,52.0,1.625,3,3,1,75.44
S39G01N73,2021-2022,20211118,410,home,70,19,7,21,6,27,0,28,18,27,14,3,3,10,8,6,10,55,32,10,7,86,65,7,0,3,1800,0,0,0,3,45.01222017303162,72.39057239057239,70.9090909090909,118,4.8076923076923075,25.0,80.0,59.375,6.333333333333333,3,3,25,75.44,60,13,1,18,9,27,3,35,17,21,8,0,0,4,3,2,4,56,25,12,7,61,60,2,1,8,1800,0,0,0,9,-45.01222017303162,52.80470914127424,51.785714285714285,66,12.165450121654503,30.0,75.0,52.0,1.625,3,3,1,75.44
S39G01N73,2021-2022,20211118,411,home,70,19,7,21,6,27,0,28,18,27,14,3,3,10,8,6,10,55,32,10,7,86,65,7,0,3,1800,0,0,0,3,45.01222017303162,72.39057239057239,70.9090909090909,118,4.8076923076923075,25.0,80.0,59.375,6.333333333333333,3,3,25,75.44,60,13,1,18,9,27,3,35,17,21,8,0,0,4,3,2,4,56,25,12,7,61,60,2,1,8,1800,0,0,0,9,-45.01222017303162,52.80470914127424,51.785714285714285,66,12.165450121654503,30.0,75.0,52.0,1.625,3,3,1,75.44
S39G01N73,2021-2022,20211118,412,home,70,19,7,21,6,27,0,28,18,27,14,3,3,10,8,6,10,55,32,10,7,86,65,7,0,3,1800,0,0,0,3,45.01222017303162,72.39057239057239,70.9090909090909,118,4.8076923076923075,25.0,80.0,59.375,6.333333333333333,3,3,25,75.44,60,13,1,18,9,27,3,35,17,21,8,0,0,4,3,2,4,56,25,12,7,61,60,2,1,8,1800,0,0,0,9,-45.01222017303162,52.80470914127424,51.785714285714285,66,12.165450121654503,30.0,75.0,52.0,1.625,3,3,1,75.44
S39G01N73,2021-2022,20211118,413,home,70,19,7,21,6,27,0,28,18,27,14,3,3,10,8,6,10,55,32,10,7,86,65,7,0,3,1800,0,0,0,3,45.01222017303162,72.39057239057239,70.9090909090909,118,4.8076923076923075,25.0,80.0,59.375,6.333333333333333,3,3,25,75.44,60,13,1,18,9,27,3,35,17,21,8,0,0,4,3,2,4,56,25,12,7,61,60,2,1,8,1800,0,0,0,9,-45.01222017303162,52.80470914127424,51.785714285714285,66,12.165450121654503,30.0,75.0,52.0,1.625,3,3,1,75.44
S39G01N73,2021-2022,20211118,414,home,70,19,7,21,6,27,0,28,18,27,14,3,3,10,8,6,10,55,32,10,7,86,65,7,0,3,1800,0,0,0,3,45.01222017303162,72.39057239057239,70.9090909090909,118,4.8076923076923075,25.0,80.0,59.375,6.333333333333333,3,3,25,75.44,60,13,1,18,9,27,3,35,17,21,8,0,0,4,3,2,4,56,25,12,7,61,60,2,1,8,1800,0,0,0,9,-45.01222017303162,52.80470914127424,51.785714285714285,66,12.165450121654503,30.0,75.0,52.0,1.625,3,3,1,75.44
S39G01N73,2021-2022,20211118,415,home,70,19,7,21,6,27,0,28,18,27,14,3,3,10,8,6,10,55,32,10,7,86,65,7,0,3,1800,0,0,0,3,45.01222017303162,72.39057239057239,70.9090909090909,118,4.8076923076923075,25.0,80.0,59.375,6.333333333333333,3,3,25,75.44,60,13,1,18,9,27,3,35,17,21,8,0,0,4,3,2,4,56,25,12,7,61,60,2,1,8,1800,0,0,0,9,-45.01222017303162,52.80470914127424,51.785714285714285,66,12.165450121654503,30.0,75.0,52.0,1.625,3,3,1,75.44
S39G01N73,2021-2022,20211118,416,home,70,19,7,21,6,27,0,28,18,27,14,3,3,10,8,6,10,55,32,10,7,86,65,7,0,3,1800,0,0,0,3,45.01222017303162,72.39057239057239,70.9090909090909,118,4.8076923076923075,25.0,80.0,59.375,6.333333333333333,3,3,25,75.44,60,13,1,18,9,27,3,35,17,21,8,0,0,4,3,2,4,56,25,12,7,61,60,2,1,8,1800,0,0,0,9,-45.01222017303162,52.80470914127424,51.785714285714285,66,12.165450121654503,30.0,75.0,52.0,1.625,3,3,1,75.44
S39G01N73,2021-2022,20211118,417,home,70,19,7,21,6,27,0,28,18,27,14,3,3,10,8,6,10,55,32,10,7,86,65,7,0,3,1800,0,0,0,3,45.01222017303162,72.39057239057239,70.9090909090909,118,4.8076923076923075,25.0,80.0,59.375,6.333333333333333,3,3,25,75.44,60,13,1,18,9,27,3,35,17,21,8,0,0,4,3,2,4,56,25,12,7,61,60,2,1,8,1800,0,0,0,9,-45.01222017303162,52.80470914127424,51.785714285714285,66,12.165450121654503,30.0,75.0,52.0,1.625,3,3,1,75.44
S39G01N73,2021-2022,20211118,418,home,70,19,7,21,6,27,0,28,18,27,14,3,3,10,8,6,10,55,32,10,7,86,65,7,0,3,1807,0,0,0,3,46.8728512209976,72.39057239057239,70.9090909090909,118,4.8076923076923075,25.0,80.0,59.375,6.333333333333333,3,3,25,75.81184283342556,60,13,1,18,9,27,3,35,17,21,8,0,0,4,3,2,4,56,25,12,7,61,60,2,1,9,1807,0,0,0,10,-46.8728512209976,52.80470914127424,51.785714285714285,65,13.48112642300779,30.0,75.0,52.0,1.4444444444444444,3,3,1,75.81184283342556
S39G01N73,2021-2022,20211118,419,home,70,19,7,21,6,27,0,28,18,27,14,3,3,10,8,6,10,55,32,10,7,86,65,8,0,3,1808,0,0,0,3,46.8728512209976,72.39057239057239,70.9090909090909,119,4.8076923076923075,25.0,80.0,59.375,6.333333333333333,3,3,25,75.76991150442478,60,13,1,18,9,27,3,35,17,21,8,0,0,4,3,2,4,56,25,12,7,61,60,2,1,9,1808,0,0,0,10,-46.8728512209976,52.80470914127424,51.785714285714285,65,13.48112642300779,30.0,75.0,52.0,1.4444444444444444,3,3,1,75.76991150442478
S39G01N73,2021-2022,20211118,420,home,70,19,7,21,6,27,0,28,18,27,14,3,3,10,8,6,10,55,32,10,7,86,65,8,0,3,1811,0,0,0,3,46.8728512209976,72.39057239057239,70.9090909090909,119,4.8076923076923075,25.0,80.0,59.375,6.333333333333333,3,3,25,75.64439536167863,60,13,1,18,9,27,3,35,17,21,8,0,0,4,3,2,4,56,25,13,7,61,60,2,1,9,1811,0,0,0,10,-46.8728512209976,52.80470914127424,51.785714285714285,65,13.48112642300779,30.0,75.0,52.0,1.4444444444444444,3,3,1,75.64439536167863
S39G01N73,2021-2022,20211118,421,home,70,19,7,21,6,27,0,28,18,27,14,3,3,10,8,6,10,55,32,10,7,86,65,8,0,3,1811,0,0,0,3,46.8728512209976,72.39057239057239,70.9090909090909,119,4.8076923076923075,25.0,80.0,59.375,6.333333333333333,3,3,25,75.64439536167863,60,13,1,18,9,27,3,35,17,21,8,0,0,4,3,2,4,56,25,13,7,61,60,2,1,9,1811,0,0,0,10,-46.8728512209976,52.80470914127424,51.785714285714285,65,13.48112642300779,30.0,75.0,52.0,1.4444444444444444,3,3,1,75.64439536167863
S39G01N73,2021-2022,20211118,422,home,70,20,7,21,6,27,0,28,18,27,14,3,3,10,8,6,10,55,32,10,7,86,65,8,0,3,1811,0,0,0,3,46.8728512209976,72.39057239057239,70.9090909090909,120,4.8076923076923075,25.0,80.0,62.5,6.666666666666667,3,3,25,75.64439536167863,60,13,1,18,9,27,3,35,17,21,8,0,0,4,3,2,4,56,25,13,7,61,60,2,1,9,1811,0,0,0,10,-46.8728512209976,52.80470914127424,51.785714285714285,65,13.48112642300779,30.0,75.0,52.0,1.4444444444444444,3,3,1,75.64439536167863
S39G01N73,2021-2022,20211118,423,home,70,20,7,21,6,27,0,28,18,27,14,3,3,10,8,7,10,55,32,10,7,86,65,8,0,3,1811,0,0,0,3,46.8728512209976,72.39057239057239,70.9090909090909,120,4.8076923076923075,25.0,80.0,62.5,6.666666666666667,3,3,25,75.64439536167863,60,13,1,18,9,27,3,35,17,21,8,0,0,4,3,2,4,56,25,13,7,61,60,2,1,9,1811,0,0,0,10,-46.8728512209976,52.80470914127424,51.785714285714285,65,13.48112642300779,30.0,75.0,52.0,1.4444444444444444,3,3,1,75.64439536167863
S39G01N73,2021-2022,20211118,424,home,70,20,7,21,6,27,0,28,18,27,14,3,3,11,9,7,11,55,32,10,7,87,66,8,0,3,1811,0,0,0,3,47.451806207247415,72.69385026737967,70.9090909090909,121,4.774029280712922,25.0,81.81818181818181,62.5,6.666666666666667,4,3,26,75.93594699061292,60,13,1,18,9,27,3,35,17,21,8,0,0,4,3,2,4,56,25,13,7,61,60,2,1,9,1811,0,0,0,10,-47.451806207247415,52.80470914127424,51.785714285714285,65,13.48112642300779,30.0,75.0,52.0,1.4444444444444444,4,3,1,75.93594699061292
S39G01N73,2021-2022,20211118,425,home,70,20,7,21,6,27,0,28,18,27,14,3,3,12,10,7,12,55,32,10,7,88,67,8,0,3,1811,0,0,0,3,48.02186663365262,72.99270072992701,70.9090909090909,122,4.740834386852086,25.0,83.33333333333333,62.5,6.666666666666667,5,3,27,76.2274986195472,60,13,1,18,9,27,3,35,17,21,8,0,0,4,3,2,4,56,25,13,7,61,60,2,1,9,1811,0,0,0,10,-48.02186663365262,52.80470914127424,51.785714285714285,65,13.48112642300779,30.0,75.0,52.0,1.4444444444444444,5,3,1,76.2274986195472
S39G01N73,2021-2022,20211118,426,home,70,20,7,21,6,27,0,28,18,27,14,3,3,12,10,7,12,55,32,10,7,88,67,8,0,3,1826,0,0,0,3,46.41549185970007,72.99270072992701,70.9090909090909,122,4.740834386852086,25.0,83.33333333333333,62.5,6.666666666666667,2,3,27,76.25848849945234,60,13,1,18,9,27,3,36,18,21,8,0,0,4,3,2,4,57,26,13,7,63,61,2,1,9,1826,0,0,0,10,-46.41549185970007,53.607896528250514,52.63157894736842,67,13.282172373081465,30.0,75.0,50.0,1.4444444444444444,2,3,1,76.25848849945234
S39G01N73,2021-2022,20211118,427,home,70,20,7,21,6,27,0,29,19,27,14,3,3,12,10,7,12,56,33,10,7,90,68,8,0,3,1844,0,0,0,3,47.211111541989,73.43342036553524,71.42857142857143,124,4.667081518357187,25.0,83.33333333333333,60.60606060606061,6.666666666666667,2,3,27,76.1648590021692,60,13,1,18,9,27,3,36,18,21,8,0,0,4,3,2,4,57,26,13,7,63,61,2,1,9,1844,0,0,0,10,-47.211111541989,53.607896528250514,52.63157894736842,67,13.282172373081465,30.0,75.0,50.0,1.4444444444444444,2,3,1,76.1648590021692
S39G01N73,2021-2022,20211118,428,home,70,20,7,21,6,27,0,29,19,27,14,3,3,12,10,7,12,56,33,10,7,90,68,8,0,3,1844,0,0,0,3,47.211111541989,73.43342036553524,71.42857142857143,124,4.667081518357187,25.0,83.33333333333333,60.60606060606061,6.666666666666667,2,3,27,76.1648590021692,60,13,1,18,9,27,3,36,18,21,8,0,0,4,3,2,4,57,26,14,7,63,61,2,1,9,1844,0,0,0,10,-47.211111541989,53.607896528250514,52.63157894736842,67,13.282172373081465,30.0,75.0,50.0,1.4444444444444444,2,3,1,76.1648590021692
S39G01N73,2021-2022,20211118,429,home,70,20,7,21,6,27,0,29,19,27,14,3,3,12,10,7,12,56,33,10,7,90,68,8,0,3,1844,0,0,0,3,47.211111541989,73.43342036553524,71.42857142857143,124,4.667081518357187,25.0,83.33333333333333,60.60606060606061,6.666666666666667,2,3,27,76.1648590021692,60,13,1,18,9,27,3,36,18,21,8,0,0,4,3,2,4,57,26,14,7,63,61,2,1,9,1844,0,0,0,10,-47.211111541989,53.607896528250514,52.63157894736842,67,13.282172373081465,30.0,75.0,50.0,1.4444444444444444,2,3,1,76.1648590021692
S39G01N73,2021-2022,20211118,430,home,70,20,7,21,6,27,0,29,19,27,14,3,3,12,10,7,12,56,33,10,7,90,68,8,0,3,1844,0,0,0,3,47.211111541989,73.43342036553524,71.42857142857143,124,4.667081518357187,25.0,83.33333333333333,60.60606060606061,6.666666666666667,2,3,27,76.1648590021692,60,13,1,18,9,27,3,36,18,21,8,0,0,4,3,2,4,57,26,14,7,63,61,2,1,9,1844,0,0,0,10,-47.211111541989,53.607896528250514,52.63157894736842,67,13.282172373081465,30.0,75.0,50.0,1.4444444444444444,2,3,1,76.1648590021692
S39G01N73,2021-2022,20211118,431,home,70,20,7,21,6,27,0,29,19,27,14,3,3,12,10,7,12,56,33,10,7,90,68,8,0,3,1844,0,0,0,3,47.211111541989,73.43342036553524,71.42857142857143,124,4.667081518357187,25.0,83.33333333333333,60.60606060606061,6.666666666666667,2,3,27,76.1648590021692,60,13,1,18,9,27,3,36,18,21,8,0,0,4,3,2,4,57,26,14,7,63,61,2,1,9,1844,0,0,0,10,-47.211111541989,53.607896528250514,52.63157894736842,67,13.282172373081465,30.0,75.0,50.0,1.4444444444444444,2,3,1,76.1648590021692
S39G01N73,2021-2022,20211118,432,home,70,20,7,21,6,27,0,29,19,27,14,3,3,13,11,7,12,56,33,10,7,91,69,8,0,3,1844,0,0,0,3,47.756958987095686,73.7200259235256,71.42857142857143,125,4.635352286773795,25.0,84.61538461538461,60.60606060606061,6.666666666666667,3,3,28,76.45119305856832,60,13,1,18,9,27,3,36,18,21,8,0,0,4,3,2,4,57,26,14,7,63,61,2,1,9,1844,0,0,0,10,-47.756958987095686,53.607896528250514,52.63157894736842,67,13.282172373081465,30.0,75.0,50.0,1.4444444444444444,3,3,1,76.45119305856832
S39G01N73,2021-2022,20211118,433,home,70,20,7,21,6,27,0,29,19,27,14,3,3,13,11,7,12,56,33,10,7,91,69,8,0,3,1859,0,0,0,3,49.551065296608755,73.7200259235256,71.42857142857143,125,4.635352286773795,25.0,84.61538461538461,60.60606060606061,6.666666666666667,3,3,28,76.47982786444324,60,13,1,18,9,27,3,36,18,22,8,0,0,4,3,2,4,58,26,14,7,63,62,2,1,9,1859,0,0,0,10,-49.551065296608755,52.71084337349398,51.724137931034484,66,13.089005235602096,30.0,75.0,50.0,1.4444444444444444,3,3,1,76.47982786444324
S39G01N73,2021-2022,20211118,434,home,70,20,7,21,6,27,0,29,19,27,14,3,3,13,11,7,12,56,33,10,7,91,69,8,0,3,1862,0,0,0,3,47.756958987095686,73.7200259235256,71.42857142857143,125,4.635352286773795,25.0,84.61538461538461,60.60606060606061,6.666666666666667,3,3,28,75.71213748657358,60,13,1,18,10,28,3,36,18,22,8,0,0,4,3,2,4,58,26,14,7,63,62,2,1,9,1862,0,0,0,10,-47.756958987095686,52.71084337349398,51.724137931034484,67,13.089005235602096,32.25806451612903,75.0,50.0,1.4444444444444444,3,3,1,75.71213748657358
S39G01N73,2021-2022,20211118,435,home,70,20,7,21,6,27,0,29,19,27,14,3,3,13,11,7,12,56,33,10,7,91,69,8,0,3,1862,0,0,0,3,47.756958987095686,73.7200259235256,71.42857142857143,125,4.635352286773795,25.0,84.61538461538461,60.60606060606061,6.666666666666667,3,3,28,75.71213748657358,60,13,1,18,10,28,3,36,18,22,8,0,0,4,3,2,4,58,26,14,7,63,62,2,1,9,1862,0,0,0,10,-47.756958987095686,52.71084337349398,51.724137931034484,67,13.089005235602096,32.25806451612903,75.0,50.0,1.4444444444444444,3,3,1,75.71213748657358
S39G01N73,2021-2022,20211118,436,home,70,20,7,21,6,27,0,29,19,27,14,3,3,13,11,7,12,56,33,10,7,91,69,8,0,3,1862,0,0,0,3,47.756958987095686,73.7200259235256,71.42857142857143,125,4.635352286773795,25.0,84.61538461538461,60.60606060606061,6.666666666666667,3,3,28,75.71213748657358,60,13,1,18,10,28,3,36,18,22,8,0,0,4,3,2,4,58,26,14,7,63,62,2,1,9,1862,0,0,0,10,-47.756958987095686,52.71084337349398,51.724137931034484,67,13.089005235602096,32.25806451612903,75.0,50.0,1.4444444444444444,3,3,1,75.71213748657358
S39G01N73,2021-2022,20211118,437,home,70,20,7,21,6,27,0,29,19,27,14,3,3,13,11,7,12,56,33,10,7,91,69,8,0,3,1862,0,0,0,3,47.756958987095686,73.7200259235256,71.42857142857143,125,4.635352286773795,25.0,84.61538461538461,60.60606060606061,6.666666666666667,3,3,28,75.71213748657358,60,13,1,18,10,28,3,36,18,22,8,0,0,4,3,2,4,58,26,14,7,63,62,2,1,9,1862,0,0,0,10,-47.756958987095686,52.71084337349398,51.724137931034484,67,13.089005235602096,32.25806451612903,75.0,50.0,1.4444444444444444,3,3,1,75.71213748657358
S39G01N73,2021-2022,20211118,438,home,70,20,7,21,6,27,0,29,19,27,14,3,3,13,11,7,12,56,33,10,7,91,69,8,0,3,1862,0,0,0,3,47.756958987095686,73.7200259235256,71.42857142857143,125,4.635352286773795,25.0,84.61538461538461,60.60606060606061,6.666666666666667,3,3,28,75.71213748657358,60,13,1,18,10,28,3,36,18,22,8,0,0,4,3,2,4,58,26,14,7,63,62,2,1,9,1862,0,0,0,10,-47.756958987095686,52.71084337349398,51.724137931034484,67,13.089005235602096,32.25806451612903,75.0,50.0,1.4444444444444444,3,3,1,75.71213748657358
S39G01N73,2021-2022,20211118,439,home,70,20,7,21,6,27,0,29,19,27,14,3,3,13,11,7,12,56,33,10,7,91,69,8,0,3,1862,0,0,0,3,47.756958987095686,73.7200259235256,71.42857142857143,125,4.635352286773795,25.0,84.61538461538461,60.60606060606061,6.666666666666667,3,3,28,75.71213748657358,60,13,1,18,10,28,3,36,18,22,8,0,0,4,3,2,4,58,26,14,7,63,62,2,1,9,1862,0,0,0,10,-47.756958987095686,52.71084337349398,51.724137931034484,67,13.089005235602096,32.25806451612903,75.0,50.0,1.4444444444444444,3,3,1,75.71213748657358
S39G01N73,2021-2022,20211118,440,home,70,20,7,21,6,27,0,29,19,27,14,3,3,13,11,7,12,56,33,10,7,91,69,8,0,3,1862,0,0,0,3,47.756958987095686,73.7200259235256,71.42857142857143,125,4.635352286773795,25.0,84.61538461538461,60.60606060606061,6.666666666666667,3,3,28,75.71213748657358,60,13,1,18,10,28,3,36,18,22,8,0,0,4,3,2,4,58,26,14,7,63,62,2,1,9,1862,0,0,0,10,-47.756958987095686,52.71084337349398,51.724137931034484,67,13.089005235602096,32.25806451612903,75.0,50.0,1.4444444444444444,3,3,1,75.71213748657358
S39G01N73,2021-2022,20211118,441,home,70,20,7,21,6,27,0,29,19,27,14,3,3,13,11,7,12,56,33,10,7,91,69,8,0,3,1862,0,0,0,3,47.756958987095686,73.7200259235256,71.42857142857143,125,4.635352286773795,25.0,84.61538461538461,60.60606060606061,6.666666666666667,3,3,28,75.71213748657358,60,13,1,18,10,28,3,36,18,22,8,0,0,4,3,2,4,58,26,14,7,63,62,2,1,9,1862,0,0,0,10,-47.756958987095686,52.71084337349398,51.724137931034484,67,13.089005235602096,32.25806451612903,75.0,50.0,1.4444444444444444,3,3,1,75.71213748657358
S39G01N73,2021-2022,20211118,442,home,70,20,7,21,6,27,0,29,19,27,14,3,3,13,11,7,12,56,33,10,7,91,69,8,0,3,1862,0,0,0,3,47.756958987095686,73.7200259235256,71.42857142857143,125,4.635352286773795,25.0,84.61538461538461,60.60606060606061,6.666666666666667,3,3,28,75.71213748657358,60,13,1,18,10,28,3,36,18,22,8,0,0,4,3,2,4,58,26,14,7,63,62,2,1,9,1862,0,0,0,10,-47.756958987095686,52.71084337349398,51.724137931034484,67,13.089005235602096,32.25806451612903,75.0,50.0,1.4444444444444444,3,3,1,75.71213748657358
S39G01N73,2021-2022,20211118,443,home,70,20,7,21,6,27,0,29,19,27,14,3,3,13,11,7,12,56,33,10,7,91,69,8,0,3,1876,0,0,0,3,46.20434508241867,73.7200259235256,71.42857142857143,125,4.635352286773795,25.0,84.61538461538461,60.60606060606061,6.666666666666667,2,3,28,75.7867803837953,60,13,1,18,10,28,3,37,19,22,8,0,0,4,3,2,4,59,27,14,7,65,63,2,1,9,1876,0,0,0,10,-46.20434508241867,53.48913759052008,52.54237288135593,69,12.901376146788992,32.25806451612903,75.0,48.148148148148145,1.4444444444444444,2,3,1,75.7867803837953
S39G01N73,2021-2022,20211118,444,home,70,20,7,21,6,27,0,29,19,28,14,3,3,13,11,7,12,57,33,10,7,91,70,8,0,3,1890,0,0,0,3,43.60935593232496,72.54464285714286,70.17543859649123,124,4.564820450395618,25.0,84.61538461538461,60.60606060606061,6.666666666666667,2,3,28,75.86031746031745,60,13,1,18,10,28,3,37,19,22,8,0,0,4,3,2,4,59,27,14,7,65,63,2,1,9,1890,0,0,0,10,-43.60935593232496,53.48913759052008,52.54237288135593,69,12.901376146788992,32.25806451612903,75.0,48.148148148148145,1.4444444444444444,2,3,1,75.86031746031745
S39G01N73,2021-2022,20211118,445,home,70,20,7,21,6,27,0,29,19,28,14,3,3,13,11,7,12,57,33,10,7,91,70,8,0,3,1892,0,0,0,3,43.60935593232496,72.54464285714286,70.17543859649123,124,4.564820450395618,24.0,84.61538461538461,60.60606060606061,6.666666666666667,2,3,28,75.78012684989429,60,13,1,19,10,29,3,37,19,22,8,0,0,4,3,2,4,59,27,14,7,65,63,2,1,9,1892,0,0,0,10,-43.60935593232496,53.48913759052008,52.54237288135593,70,12.901376146788992,32.25806451612903,75.0,48.148148148148145,1.4444444444444444,2,3,1,75.78012684989429
S39G01N73,2021-2022,20211118,446,home,70,20,7,21,6,27,0,29,19,28,14,3,3,13,11,7,12,57,33,10,7,91,70,8,0,3,1895,0,0,0,3,42.10784847612315,72.54464285714286,70.17543859649123,124,4.564820450395618,24.0,84.61538461538461,60.60606060606061,6.666666666666667,4,3,28,76.2934036939314,60,13,1,19,10,29,3,38,20,22,8,0,0,4,3,2,4,60,28,14,7,67,64,2,1,9,1895,0,0,0,10,-42.10784847612315,54.24222797927461,53.333333333333336,72,12.71905031091012,32.25806451612903,75.0,46.42857142857143,1.4444444444444444,4,3,1,76.2934036939314
S39G01N73,2021-2022,20211118,447,home,70,20,7,21,6,27,0,29,19,28,14,3,3,13,11,7,12,57,33,10,7,91,70,8,0,3,1895,0,0,0,3,42.10784847612315,72.54464285714286,70.17543859649123,124,4.564820450395618,24.0,84.61538461538461,60.60606060606061,6.666666666666667,4,3,28,76.2934036939314,60,14,1,19,10,29,3,38,20,22,8,0,0,4,3,2,4,60,28,14,7,67,64,2,1,9,1895,0,0,0,10,-42.10784847612315,54.24222797927461,53.333333333333336,73,12.71905031091012,32.25806451612903,75.0,50.0,1.5555555555555556,4,3,1,76.2934036939314
S39G01N73,2021-2022,20211118,448,home,70,20,7,21,6,27,0,29,19,28,14,3,3,13,11,7,12,57,33,10,7,91,70,8,0,3,1895,0,0,0,3,42.10784847612315,72.54464285714286,70.17543859649123,124,4.564820450395618,24.0,84.61538461538461,60.60606060606061,6.666666666666667,4,3,28,76.2934036939314,60,14,1,19,10,29,3,38,20,22,8,0,0,4,3,3,6,60,28,14,7,67,64,2,1,9,1895,0,0,0,10,-42.10784847612315,54.24222797927461,53.333333333333336,73,12.71905031091012,32.25806451612903,75.0,50.0,1.5555555555555556,4,3,1,76.2934036939314
S39G01N73,2021-2022,20211118,449,home,70,20,7,21,6,27,0,29,19,28,14,3,3,13,11,7,12,57,33,11,7,91,70,8,0,3,1895,0,0,0,3,42.10784847612315,72.54464285714286,70.17543859649123,124,4.564820450395618,24.0,84.61538461538461,60.60606060606061,6.666666666666667,4,3,28,76.2934036939314,60,14,1,19,10,29,3,38,20,22,8,0,0,4,3,3,6,60,28,14,7,67,64,2,1,9,1895,0,0,0,10,-42.10784847612315,54.24222797927461,53.333333333333336,73,12.71905031091012,32.25806451612903,75.0,50.0,1.5555555555555556,4,3,1,76.2934036939314
S39G01N73,2021-2022,20211118,450,home,70,20,7,21,6,27,0,29,19,28,14,3,3,13,11,7,12,57,33,11,7,91,70,8,0,3,1895,0,0,0,3,42.10784847612315,72.54464285714286,70.17543859649123,124,4.564820450395618,24.0,84.61538461538461,60.60606060606061,6.666666666666667,4,3,28,76.2934036939314,60,14,1,19,10,29,3,38,20,22,8,0,0,4,3,3,6,60,28,14,7,67,64,2,1,9,1895,0,0,0,10,-42.10784847612315,54.24222797927461,53.333333333333336,73,12.71905031091012,32.25806451612903,75.0,50.0,1.5555555555555556,4,3,1,76.2934036939314
S39G01N73,2021-2022,20211118,451,home,70,20,7,21,6,27,0,29,19,28,14,3,3,13,11,7,12,57,33,11,7,91,70,8,0,3,1895,0,0,0,3,41.26665178239192,72.54464285714286,70.17543859649123,124,4.564820450395618,24.0,84.61538461538461,60.60606060606061,6.666666666666667,5,3,28,76.57203166226914,60,14,1,19,10,29,3,38,20,22,8,0,0,5,4,3,6,60,28,14,7,68,65,2,1,9,1895,0,0,0,10,-41.26665178239192,54.662379421221864,53.333333333333336,74,12.640449438202246,32.25806451612903,80.0,50.0,1.5555555555555556,5,3,1,76.57203166226914
S39G01N73,2021-2022,20211118,452,home,70,20,7,21,6,27,0,30,20,28,14,3,3,13,11,7,12,58,34,11,7,93,71,8,0,3,1904,0,0,0,3,42.050944224857275,72.97551789077212,70.6896551724138,126,4.496402877697842,24.0,84.61538461538461,58.8235294117647,6.666666666666667,2,3,28,76.84033613445378,60,14,1,19,10,29,3,38,20,22,8,0,0,5,4,3,6,60,28,14,7,68,65,2,1,9,1904,0,0,0,10,-42.050944224857275,54.662379421221864,53.333333333333336,74,12.640449438202246,32.25806451612903,80.0,50.0,1.5555555555555556,2,3,1,76.84033613445378
S39G01N73,2021-2022,20211118,453,home,70,20,7,21,6,27,0,30,20,28,14,3,3,13,11,7,12,58,34,11,7,93,71,8,0,3,1916,0,0,0,3,43.83729649352465,72.97551789077212,70.6896551724138,126,4.496402877697842,24.0,84.61538461538461,58.8235294117647,6.666666666666667,2,3,28,76.98538622129436,60,14,1,19,10,29,3,38,20,22,8,0,0,5,4,3,6,60,28,14,7,68,65,2,1,10,1916,0,0,0,11,-43.83729649352465,54.662379421221864,53.333333333333336,73,13.850415512465373,32.25806451612903,80.0,50.0,1.4,2,3,1,76.98538622129436
S39G01N73,2021-2022,20211118,454,home,70,20,7,21,6,27,0,30,20,28,14,3,3,13,11,7,12,58,34,11,7,93,71,9,0,3,1917,0,0,0,3,43.83729649352465,72.97551789077212,70.6896551724138,127,4.496402877697842,24.0,84.61538461538461,58.8235294117647,6.666666666666667,2,3,28,76.94522691705791,60,14,1,19,10,29,3,38,20,22,8,0,0,5,4,3,6,60,28,14,7,68,65,2,1,10,1917,0,0,0,11,-43.83729649352465,54.662379421221864,53.333333333333336,73,13.850415512465373,32.25806451612903,80.0,50.0,1.4,2,3,1,76.94522691705791
S39G01N73,2021-2022,20211118,455,home,70,20,7,21,6,27,0,31,21,28,14,4,4,13,11,7,12,59,35,11,7,95,72,9,0,3,1922,0,0,0,3,44.59617440447785,73.39307787391841,71.1864406779661,129,4.430005906674542,24.0,84.61538461538461,57.142857142857146,6.666666666666667,4,3,28,77.369406867846,60,14,1,19,10,29,3,38,20,22,8,0,0,5,4,3,6,60,28,14,7,68,65,2,1,10,1922,0,0,0,11,-44.59617440447785,54.662379421221864,53.333333333333336,73,13.850415512465373,32.25806451612903,80.0,50.0,1.4,4,3,1,77.369406867846
S39G01N73,2021-2022,20211118,456,home,70,20,7,21,6,27,0,31,21,28,14,4,4,13,11,8,14,59,35,11,7,95,72,9,0,3,1923,0,0,0,3,44.59617440447785,73.39307787391841,71.1864406779661,129,4.430005906674542,24.0,84.61538461538461,57.142857142857146,6.666666666666667,4,3,28,77.32917316692668,60,14,1,19,10,29,3,38,20,22,8,0,0,5,4,3,6,60,28,14,7,68,65,2,1,10,1923,0,0,0,11,-44.59617440447785,54.662379421221864,53.333333333333336,73,13.850415512465373,32.25806451612903,80.0,50.0,1.4,4,3,1,77.32917316692668
S39G01N73,2021-2022,20211118,457,home,70,20,7,21,6,27,0,31,21,28,14,4,4,13,11,8,14,59,35,12,8,95,72,9,0,3,1937,0,0,0,3,44.59617440447785,73.39307787391841,71.1864406779661,129,4.430005906674542,24.0,84.61538461538461,57.142857142857146,6.666666666666667,4,3,28,76.77026329375322,60,14,1,19,10,29,3,38,20,22,8,0,0,5,4,3,6,60,28,14,7,68,65,2,1,10,1937,0,0,0,11,-44.59617440447785,54.662379421221864,53.333333333333336,73,13.850415512465373,32.25806451612903,80.0,50.0,1.4,4,3,1,76.77026329375322
S39G01N73,2021-2022,20211118,458,home,70,20,7,21,6,27,0,31,21,28,14,4,4,13,11,8,14,59,35,12,8,95,72,9,0,3,1937,0,0,0,3,44.59617440447785,73.39307787391841,71.1864406779661,129,4.430005906674542,24.0,84.61538461538461,57.142857142857146,6.666666666666667,4,3,28,76.77026329375322,60,14,1,19,10,29,3,38,20,22,8,0,0,5,4,3,6,60,28,14,7,68,65,2,1,10,1937,0,0,0,11,-44.59617440447785,54.662379421221864,53.333333333333336,73,13.850415512465373,32.25806451612903,80.0,50.0,1.4,4,3,1,76.77026329375322
S39G01N73,2021-2022,20211118,459,home,70,20,7,21,6,27,0,31,21,28,14,4,4,13,11,8,14,59,35,12,8,95,72,9,0,3,1937,0,0,0,3,44.59617440447785,73.39307787391841,71.1864406779661,129,4.430005906674542,24.0,84.61538461538461,57.142857142857146,6.666666666666667,4,3,28,76.77026329375322,60,14,1,19,10,29,3,38,20,22,8,0,0,5,4,3,6,60,28,14,7,68,65,2,1,10,1937,0,0,0,11,-44.59617440447785,54.662379421221864,53.333333333333336,73,13.850415512465373,32.25806451612903,80.0,50.0,1.4,4,3,1,76.77026329375322
S39G01N73,2021-2022,20211118,460,home,70,20,7,21,6,27,0,31,21,28,14,4,4,13,11,8,14,59,35,12,8,95,72,9,0,3,1937,0,0,0,3,44.59617440447785,73.39307787391841,71.1864406779661,129,4.430005906674542,24.0,84.61538461538461,57.142857142857146,6.666666666666667,4,3,28,76.77026329375322,60,14,1,19,10,29,3,38,20,22,8,0,0,5,4,3,6,60,28,14,7,68,65,2,1,10,1937,0,0,0,11,-44.59617440447785,54.662379421221864,53.333333333333336,73,13.850415512465373,32.25806451612903,80.0,50.0,1.4,4,3,1,76.77026329375322
S39G01N73,2021-2022,20211118,461,home,70,20,7,21,6,27,0,31,21,28,14,4,4,13,11,8,14,59,35,12,8,95,72,9,0,3,1937,0,0,0,3,44.59617440447785,73.39307787391841,71.1864406779661,129,4.430005906674542,24.0,84.61538461538461,57.142857142857146,6.666666666666667,4,3,28,76.77026329375322,60,14,1,19,10,29,3,38,20,22,8,0,0,5,4,3,6,60,28,14,7,68,65,2,1,10,1937,0,0,0,11,-44.59617440447785,54.662379421221864,53.333333333333336,73,13.850415512465373,32.25806451612903,80.0,50.0,1.4,4,3,1,76.77026329375322
S39G01N73,2021-2022,20211118,462,home,70,20,7,21,6,27,0,31,21,28,14,4,4,13,11,8,14,59,35,12,8,95,72,9,0,3,1937,0,0,0,3,44.59617440447785,73.39307787391841,71.1864406779661,129,4.430005906674542,24.0,84.61538461538461,57.142857142857146,6.666666666666667,4,3,28,76.77026329375322,60,14,1,19,10,29,3,38,20,22,8,0,0,5,4,3,6,60,28,14,7,68,65,2,1,10,1937,0,0,0,11,-44.59617440447785,54.662379421221864,53.333333333333336,73,13.850415512465373,32.25806451612903,80.0,50.0,1.4,4,3,1,76.77026329375322
S39G01N73,2021-2022,20211118,463,home,70,20,7,21,6,27,0,31,21,28,14,4,4,13,11,8,14,59,35,12,8,95,72,9,0,3,1949,0,0,0,3,46.32599653806082,73.39307787391841,71.1864406779661,129,4.430005906674542,24.0,84.61538461538461,57.142857142857146,6.666666666666667,4,3,28,76.91328886608517,60,14,1,19,10,29,3,38,20,23,8,0,0,5,4,3,6,61,28,14,7,68,66,2,1,10,1949,0,0,0,11,-46.32599653806082,53.79746835443038,52.459016393442624,72,13.66120218579235,32.25806451612903,80.0,50.0,1.4,4,3,1,76.91328886608517
S39G01N73,2021-2022,20211118,464,home,70,20,7,21,6,27,0,31,21,28,14,4,4,13,11,8,14,59,35,12,8,95,72,9,0,3,1951,0,0,0,3,44.59617440447785,73.39307787391841,71.1864406779661,129,4.430005906674542,24.0,84.61538461538461,57.142857142857146,6.666666666666667,4,3,28,76.21937467965145,60,14,1,19,11,30,3,38,20,23,8,0,0,5,4,3,6,61,28,14,7,68,66,2,1,10,1951,0,0,0,11,-44.59617440447785,53.79746835443038,52.459016393442624,73,13.66120218579235,34.375,80.0,50.0,1.4,4,3,1,76.21937467965145
S39G01N73,2021-2022,20211118,465,home,70,20,7,21,6,27,0,31,21,28,14,4,4,13,11,8,14,59,35,13,8,95,72,9,0,3,1961,0,0,0,3,44.59617440447785,73.39307787391841,71.1864406779661,129,4.430005906674542,24.0,84.61538461538461,57.142857142857146,6.666666666666667,4,3,28,75.83069862315146,60,14,1,19,11,30,3,38,20,23,8,0,0,5,4,3,6,61,28,14,7,68,66,2,1,10,1961,0,0,0,11,-44.59617440447785,53.79746835443038,52.459016393442624,73,13.66120218579235,34.375,80.0,50.0,1.4,4,3,1,75.83069862315146
S39G01N73,2021-2022,20211118,466,home,70,20,7,21,6,27,0,31,21,28,14,4,4,13,11,8,14,59,35,13,8,95,72,9,0,3,1961,0,0,0,3,44.59617440447785,73.39307787391841,71.1864406779661,129,4.430005906674542,24.0,84.61538461538461,57.142857142857146,6.666666666666667,4,3,28,75.83069862315146,60,14,1,19,11,30,3,38,20,23,8,0,0,5,4,3,6,61,28,14,7,68,66,2,1,10,1961,0,0,0,11,-44.59617440447785,53.79746835443038,52.459016393442624,73,13.66120218579235,34.375,80.0,50.0,1.4,4,3,1,75.83069862315146
S39G01N73,2021-2022,20211118,467,home,70,20,7,21,6,27,0,31,21,28,14,4,4,13,11,8,14,59,35,13,8,95,72,9,0,3,1961,0,0,0,3,44.59617440447785,73.39307787391841,71.1864406779661,129,4.430005906674542,24.0,84.61538461538461,57.142857142857146,6.666666666666667,4,3,28,75.83069862315146,60,14,1,19,11,30,3,38,20,23,8,0,0,5,4,3,6,61,28,14,7,68,66,2,1,10,1961,0,0,0,11,-44.59617440447785,53.79746835443038,52.459016393442624,73,13.66120218579235,34.375,80.0,50.0,1.4,4,3,1,75.83069862315146
S39G01N73,2021-2022,20211118,468,home,70,20,7,21,6,27,0,31,21,28,14,4,4,13,11,8,14,59,35,13,8,95,72,9,0,3,1961,0,0,0,3,44.59617440447785,73.39307787391841,71.1864406779661,129,4.430005906674542,24.0,84.61538461538461,57.142857142857146,6.666666666666667,4,3,28,75.83069862315146,60,14,1,19,11,30,3,38,20,23,8,0,0,5,4,3,6,61,28,14,7,68,66,2,1,10,1961,0,0,0,11,-44.59617440447785,53.79746835443038,52.459016393442624,73,13.66120218579235,34.375,80.0,50.0,1.4,4,3,1,75.83069862315146
S39G01N73,2021-2022,20211118,469,home,70,20,7,21,6,27,0,31,21,28,14,4,4,13,11,8,14,59,35,13,8,95,72,9,0,3,1961,0,0,0,3,43.76767654194073,73.39307787391841,71.1864406779661,129,4.430005906674542,24.0,84.61538461538461,57.142857142857146,6.666666666666667,1,3,28,76.09994900560939,60,14,1,19,11,30,3,38,20,23,8,0,0,6,5,3,6,61,28,14,7,69,67,2,1,10,1961,0,0,0,11,-43.76767654194073,54.211187932118165,52.459016393442624,74,13.579576317218903,34.375,83.33333333333333,50.0,1.4,1,3,1,76.09994900560939
S39G01N73,2021-2022,20211118,470,home,70,20,7,21,6,27,0,31,21,28,14,4,4,13,11,8,14,59,35,13,8,95,72,9,0,3,1961,0,0,0,3,42.95073667114478,73.39307787391841,71.1864406779661,129,4.430005906674542,24.0,84.61538461538461,57.142857142857146,6.666666666666667,2,3,28,76.36919938806732,60,14,1,19,11,30,3,38,20,23,8,0,0,7,6,3,6,61,28,14,7,70,68,2,1,10,1961,0,0,0,11,-42.95073667114478,54.61922596754057,52.459016393442624,75,13.498920086393088,34.375,85.71428571428571,50.0,1.4,2,3,1,76.36919938806732
S39G01N73,2021-2022,20211118,471,home,70,20,7,21,6,27,0,31,21,29,14,4,4,13,11,8,14,60,35,13,8,95,73,9,0,3,1979,0,0,0,3,40.49664015891709,72.27632379793062,70.0,128,4.365541327124563,24.0,84.61538461538461,57.142857142857146,6.666666666666667,2,3,28,76.28094997473471,60,14,1,19,11,30,3,38,20,23,8,0,0,7,6,3,6,61,28,14,7,70,68,2,1,10,1979,0,0,0,11,-40.49664015891709,54.61922596754057,52.459016393442624,75,13.498920086393088,34.375,85.71428571428571,50.0,1.4,2,3,1,76.28094997473471
S39G01N73,2021-2022,20211118,472,home,70,20,7,21,7,28,0,31,21,29,14,4,4,13,11,8,14,60,35,13,8,95,73,9,0,3,1981,0,0,0,3,42.95073667114478,72.27632379793062,70.0,129,4.365541327124563,26.923076923076923,84.61538461538461,57.142857142857146,6.666666666666667,2,3,28,75.59818273599193,60,14,1,19,11,30,3,38,20,23,8,0,0,7,6,3,6,61,28,14,7,70,68,2,1,10,1981,0,0,0,11,-42.95073667114478,54.61922596754057,52.459016393442624,75,13.498920086393088,34.375,85.71428571428571,50.0,1.4,2,3,1,75.59818273599193
S39G01N73,2021-2022,20211118,473,home,70,20,7,21,7,28,0,31,21,29,14,4,4,13,11,8,14,60,35,13,8,95,73,9,0,3,1981,0,0,0,3,42.95073667114478,72.27632379793062,70.0,129,4.365541327124563,26.923076923076923,84.61538461538461,57.142857142857146,6.666666666666667,2,3,28,75.59818273599193,60,14,1,19,11,30,3,38,20,23,8,0,0,7,6,3,6,61,28,15,8,70,68,2,1,10,1981,0,0,0,11,-42.95073667114478,54.61922596754057,52.459016393442624,75,13.498920086393088,34.375,85.71428571428571,50.0,1.4,2,3,1,75.59818273599193
S39G01N73,2021-2022,20211118,474,home,70,20,7,21,7,28,0,31,21,29,14,4,4,13,11,8,14,60,35,13,8,95,73,9,0,3,1981,0,0,0,3,42.95073667114478,72.27632379793062,70.0,129,4.365541327124563,26.923076923076923,84.61538461538461,57.142857142857146,6.666666666666667,2,3,28,75.59818273599193,60,14,1,19,11,30,3,38,20,23,8,0,0,7,6,3,6,61,28,15,8,70,68,2,1,10,1981,0,0,0,11,-42.95073667114478,54.61922596754057,52.459016393442624,75,13.498920086393088,34.375,85.71428571428571,50.0,1.4,2,3,1,75.59818273599193
S39G01N73,2021-2022,20211118,475,home,70,20,7,21,7,28,0,31,21,29,14,4,4,13,11,8,14,60,35,13,8,95,73,9,0,4,1982,0,0,0,4,40.49664015891709,72.27632379793062,70.0,128,5.737234652897303,26.923076923076923,84.61538461538461,57.142857142857146,5.0,2,3,28,76.16548940464178,60,14,1,19,11,30,3,38,20,23,8,0,0,7,6,3,6,61,28,15,8,70,68,2,1,10,1982,0,0,0,11,-40.49664015891709,54.61922596754057,52.459016393442624,75,13.498920086393088,34.375,85.71428571428571,50.0,1.4,2,3,1,76.16548940464178
S39G01N73,2021-2022,20211118,476,home,70,20,7,21,7,28,0,31,21,29,14,4,4,13,11,8,14,60,35,14,9,95,73,9,0,4,1991,0,0,0,4,40.49664015891709,72.27632379793062,70.0,128,5.737234652897303,26.923076923076923,84.61538461538461,57.142857142857146,5.0,2,3,28,75.82119537920643,60,14,1,19,11,30,3,38,20,23,8,0,0,7,6,3,6,61,28,15,8,70,68,2,1,10,1991,0,0,0,11,-40.49664015891709,54.61922596754057,52.459016393442624,75,13.498920086393088,34.375,85.71428571428571,50.0,1.4,2,3,1,75.82119537920643
S39G01N73,2021-2022,20211118,477,home,70,20,7,21,7,28,0,31,21,29,14,4,4,13,11,8,14,60,35,14,9,95,73,9,0,4,1991,0,0,0,4,40.49664015891709,72.27632379793062,70.0,128,5.737234652897303,26.923076923076923,84.61538461538461,57.142857142857146,5.0,2,3,28,75.82119537920643,60,14,1,19,11,30,3,38,20,23,8,0,0,7,6,3,6,61,28,15,8,70,68,2,1,10,1991,0,0,0,11,-40.49664015891709,54.61922596754057,52.459016393442624,75,13.498920086393088,34.375,85.71428571428571,50.0,1.4,2,3,1,75.82119537920643
S39G01N73,2021-2022,20211118,478,home,70,20,7,21,7,28,0,31,21,29,14,4,4,13,11,8,14,60,35,14,9,95,73,9,0,4,2002,0,0,0,4,42.22838479961274,72.27632379793062,70.0,128,5.737234652897303,26.923076923076923,84.61538461538461,57.142857142857146,5.0,2,3,28,76.00399600399601,60,14,1,19,11,30,3,39,20,23,8,0,0,7,6,3,6,62,28,15,8,70,69,2,1,10,2002,0,0,0,11,-42.22838479961274,53.779963122311,51.61290322580645,74,13.319126265316996,34.375,85.71428571428571,50.0,1.4,2,3,1,76.00399600399601
S39G01N73,2021-2022,20211118,479,home,70,20,7,22,7,29,0,31,21,29,14,4,4,13,11,8,14,60,35,14,9,95,73,9,0,4,2003,0,0,0,4,42.22838479961274,72.27632379793062,70.0,129,5.737234652897303,26.923076923076923,84.61538461538461,57.142857142857146,5.0,2,3,28,75.96605092361457,60,14,1,19,11,30,3,39,20,23,8,0,0,7,6,3,6,62,28,15,8,70,69,2,1,10,2003,0,0,0,11,-42.22838479961274,53.779963122311,51.61290322580645,74,13.319126265316996,33.333333333333336,85.71428571428571,50.0,1.4,2,3,1,75.96605092361457
S39G01N73,2021-2022,20211118,480,home,70,20,7,22,7,29,0,32,22,29,14,4,4,13,11,8,14,61,36,14,9,97,74,9,0,4,2013,0,0,0,4,42.990047751045665,72.69184652278177,70.49180327868852,131,5.656108597285068,26.923076923076923,84.61538461538461,55.55555555555556,5.0,2,3,28,76.18479880774963,60,14,1,19,11,30,3,39,20,23,8,0,0,7,6,3,6,62,28,15,8,70,69,2,1,10,2013,0,0,0,11,-42.990047751045665,53.779963122311,51.61290322580645,74,13.319126265316996,33.333333333333336,85.71428571428571,50.0,1.4,2,3,1,76.18479880774963
S39G01N73,2021-2022,20211118,481,home,70,20,7,22,7,29,0,32,22,29,14,4,4,13,11,8,14,61,36,14,9,97,74,9,0,4,2028,0,0,0,4,41.59543269165846,72.69184652278177,70.49180327868852,131,5.656108597285068,26.923076923076923,84.61538461538461,55.55555555555556,5.0,2,3,28,76.2130177514793,60,14,1,19,11,30,3,40,21,23,8,0,0,7,6,3,6,63,29,15,8,72,70,2,1,10,2028,0,0,0,11,-41.59543269165846,54.47941888619855,52.38095238095238,76,13.144058885383807,33.333333333333336,85.71428571428571,48.275862068965516,1.4,2,3,1,76.2130177514793
S39G01N73,2021-2022,20211118,482,home,70,20,7,22,7,29,0,32,22,29,14,4,4,13,11,8,14,61,36,14,9,97,74,9,0,4,2028,0,0,0,4,41.59543269165846,72.69184652278177,70.49180327868852,131,5.656108597285068,26.923076923076923,84.61538461538461,55.55555555555556,5.0,2,3,28,76.2130177514793,60,14,1,19,11,30,3,40,21,23,8,0,0,7,6,3,6,63,29,15,8,72,70,2,1,10,2028,0,0,0,11,-41.59543269165846,54.47941888619855,52.38095238095238,76,13.144058885383807,33.333333333333336,85.71428571428571,48.275862068965516,1.4,2,3,1,76.2130177514793
S39G01N73,2021-2022,20211118,483,home,70,20,7,22,7,29,0,32,22,29,14,4,4,13,11,8,14,61,36,14,9,97,74,9,0,4,2028,0,0,0,4,41.59543269165846,72.69184652278177,70.49180327868852,131,5.656108597285068,26.923076923076923,84.61538461538461,55.55555555555556,5.0,2,3,28,76.2130177514793,60,14,1,19,11,30,3,40,21,23,8,0,0,7,6,3,6,63,29,15,8,72,70,2,1,10,2028,0,0,0,11,-41.59543269165846,54.47941888619855,52.38095238095238,76,13.144058885383807,33.333333333333336,85.71428571428571,48.275862068965516,1.4,2,3,1,76.2130177514793
S39G01N73,2021-2022,20211118,484,home,70,20,7,22,7,29,0,33,22,29,14,4,4,13,11,8,14,62,36,14,9,97,75,9,0,4,2043,0,0,0,4,39.243323611217676,71.61842882457177,69.35483870967742,130,5.577244841048522,26.923076923076923,84.61538461538461,55.55555555555556,5.0,2,3,28,76.24082232011749,60,14,1,19,11,30,3,40,21,23,8,0,0,7,6,3,6,63,29,15,8,72,70,2,1,10,2043,0,0,0,11,-39.243323611217676,54.47941888619855,52.38095238095238,76,13.144058885383807,33.333333333333336,85.71428571428571,48.275862068965516,1.4,2,3,1,76.24082232011749
S39G01N73,2021-2022,20211118,485,home,70,20,7,22,7,29,0,33,22,29,14,4,4,13,11,8,14,62,36,14,9,97,75,9,0,4,2045,0,0,0,4,39.243323611217676,71.61842882457177,69.35483870967742,130,5.577244841048522,25.925925925925927,84.61538461538461,55.55555555555556,5.0,2,3,28,76.16625916870417,60,14,1,20,11,31,3,40,21,23,8,0,0,7,6,3,6,63,29,15,8,72,70,2,1,10,2045,0,0,0,11,-39.243323611217676,54.47941888619855,52.38095238095238,77,13.144058885383807,33.333333333333336,85.71428571428571,48.275862068965516,1.4,2,3,1,76.16625916870417
S39G01N73,2021-2022,20211118,486,home,70,20,7,22,7,29,0,33,22,29,14,4,4,13,11,8,14,62,36,14,9,97,75,9,0,4,2060,0,0,0,4,37.89091845072234,71.61842882457177,69.35483870967742,130,5.577244841048522,25.925925925925927,84.61538461538461,55.55555555555556,5.0,4,3,28,76.19417475728156,60,14,1,20,11,31,3,41,22,23,8,1,1,7,6,3,6,64,30,15,8,74,71,2,1,10,2060,0,0,0,11,-37.89091845072234,55.158020274299346,53.125,79,12.973533990659055,33.333333333333336,85.71428571428571,46.666666666666664,1.4,4,3,1,76.19417475728156
S39G01N73,2021-2022,20211118,487,home,70,20,7,22,7,29,0,33,22,29,14,4,4,13,11,8,14,62,36,14,9,97,75,9,0,4,2060,0,0,0,4,37.89091845072234,71.61842882457177,69.35483870967742,130,5.577244841048522,25.925925925925927,84.61538461538461,55.55555555555556,5.0,4,3,28,76.19417475728156,60,15,1,20,11,31,3,41,22,23,8,1,1,7,6,3,6,64,30,15,8,74,71,2,1,10,2060,0,0,0,11,-37.89091845072234,55.158020274299346,53.125,80,12.973533990659055,33.333333333333336,85.71428571428571,50.0,1.5,4,3,1,76.19417475728156
S39G01N73,2021-2022,20211118,488,home,70,20,7,22,7,29,0,33,22,30,14,4,4,13,11,8,14,63,36,14,9,97,76,9,0,4,2077,0,0,0,4,35.61038907449462,70.57625145518044,68.25396825396825,129,5.5005500550055,25.925925925925927,84.61538461538461,55.55555555555556,5.0,4,3,28,76.1482908040443,60,15,1,20,11,31,3,41,22,23,8,1,1,7,6,3,6,64,30,15,8,74,71,2,1,10,2077,0,0,0,11,-35.61038907449462,55.158020274299346,53.125,80,12.973533990659055,33.333333333333336,85.71428571428571,50.0,1.5,4,3,1,76.1482908040443
S39G01N73,2021-2022,20211118,489,home,70,20,7,22,7,29,0,33,22,30,14,4,4,13,11,8,14,63,36,14,9,97,76,9,0,4,2079,0,0,0,4,35.61038907449462,70.57625145518044,68.25396825396825,129,5.5005500550055,25.0,84.61538461538461,55.55555555555556,5.0,4,3,28,76.07503607503608,60,15,1,21,11,32,3,41,22,23,8,1,1,7,6,3,6,64,30,15,8,74,71,2,1,10,2079,0,0,0,11,-35.61038907449462,55.158020274299346,53.125,81,12.973533990659055,33.333333333333336,85.71428571428571,50.0,1.5,4,3,1,76.07503607503608
S39G01N73,2021-2022,20211118,490,home,70,20,7,22,7,29,0,33,22,30,14,4,4,13,11,8,14,63,36,14,9,97,76,9,0,4,2089,0,0,0,4,37.279820680859615,70.57625145518044,68.25396825396825,129,5.5005500550055,25.0,84.61538461538461,55.55555555555556,5.0,4,3,28,76.28530397319292,60,15,1,21,11,32,3,41,22,24,8,1,1,7,6,3,6,65,30,15,8,74,72,2,1,10,2089,0,0,0,11,-37.279820680859615,54.34782608695652,52.30769230769231,80,12.807377049180328,33.333333333333336,85.71428571428571,50.0,1.5,4,3,1,76.28530397319292
S39G01N73,2021-2022,20211118,491,home,70,20,7,22,7,29,1,33,22,30,14,4,4,13,11,8,14,63,36,14,9,97,76,9,0,4,2091,0,0,0,4,37.279820680859615,70.57625145518044,68.25396825396825,130,5.5005500550055,25.0,84.61538461538461,55.55555555555556,5.0,4,3,28,76.21233859397418,60,15,1,21,11,32,3,41,22,24,8,1,1,7,6,3,6,65,30,15,8,74,72,2,1,10,2091,0,0,0,11,-37.279820680859615,54.34782608695652,52.30769230769231,80,12.807377049180328,33.333333333333336,85.71428571428571,50.0,1.5,4,3,1,76.21233859397418
S39G01N73,2021-2022,20211118,492,home,70,20,7,22,7,29,1,34,22,30,14,4,4,13,11,8,14,64,36,14,9,97,77,9,0,4,2114,0,0,0,4,35.067652496964854,69.5639701663798,67.1875,129,5.425935973955507,25.0,84.61538461538461,55.55555555555556,5.0,4,3,28,75.9508041627247,60,15,1,21,11,32,3,41,22,24,8,1,1,7,6,3,6,65,30,15,8,74,72,2,1,10,2114,0,0,0,11,-35.067652496964854,54.34782608695652,52.30769230769231,80,12.807377049180328,33.333333333333336,85.71428571428571,50.0,1.5,4,3,1,75.9508041627247
S39G01N73,2021-2022,20211118,493,home,70,20,7,22,7,29,1,34,22,30,14,4,4,13,11,8,14,64,36,14,9,97,77,9,0,4,2116,0,0,0,4,35.067652496964854,69.5639701663798,67.1875,129,5.425935973955507,24.137931034482758,84.61538461538461,55.55555555555556,5.0,4,3,28,75.87901701323251,60,15,1,22,11,33,3,41,22,24,8,1,1,7,6,3,6,65,30,15,8,74,72,2,1,10,2116,0,0,0,11,-35.067652496964854,54.34782608695652,52.30769230769231,81,12.807377049180328,33.333333333333336,85.71428571428571,50.0,1.5,4,3,1,75.87901701323251
S39G01N73,2021-2022,20211118,494,home,70,20,7,22,7,29,1,34,22,30,14,4,4,13,11,8,14,64,36,14,9,97,77,9,0,4,2121,0,0,0,4,33.75032054262583,69.5639701663798,67.1875,129,5.425935973955507,24.137931034482758,84.61538461538461,55.55555555555556,5.0,6,3,28,76.26591230551627,60,15,1,22,11,33,3,42,23,24,8,1,1,7,6,3,6,66,31,15,8,76,73,2,1,10,2121,0,0,0,11,-33.75032054262583,55.00868558193399,53.03030303030303,83,12.645422357106728,33.333333333333336,85.71428571428571,48.38709677419355,1.5,6,3,1,76.26591230551627
S39G01N73,2021-2022,20211118,495,home,70,20,7,22,7,29,1,34,22,30,14,4,4,13,11,8,14,64,36,14,9,97,77,9,0,4,2121,0,0,0,4,33.75032054262583,69.5639701663798,67.1875,129,5.425935973955507,24.137931034482758,84.61538461538461,55.55555555555556,5.0,6,3,28,76.26591230551627,60,16,1,22,11,33,3,42,23,24,8,1,1,7,6,3,6,66,31,15,8,76,73,2,1,10,2121,0,0,0,11,-33.75032054262583,55.00868558193399,53.03030303030303,84,12.645422357106728,33.333333333333336,85.71428571428571,51.61290322580645,1.6,6,3,1,76.26591230551627
S39G01N73,2021-2022,20211118,496,home,70,20,7,22,7,29,1,34,22,30,14,4,4,13,11,8,14,64,36,14,9,97,77,9,0,4,2122,0,0,0,4,33.75032054262583,69.5639701663798,67.1875,129,5.425935973955507,24.137931034482758,84.61538461538461,55.55555555555556,5.0,6,3,28,76.22997172478794,60,16,1,22,11,33,3,42,23,24,8,1,1,7,6,4,8,66,31,15,8,76,73,2,1,10,2122,0,0,0,11,-33.75032054262583,55.00868558193399,53.03030303030303,84,12.645422357106728,33.333333333333336,85.71428571428571,51.61290322580645,1.6,6,3,1,76.22997172478794
S39G01N73,2021-2022,20211118,497,home,70,20,7,22,7,29,1,34,22,30,14,4,4,13,11,8,14,64,36,14,9,97,77,9,0,4,2137,0,0,0,4,33.75032054262583,69.5639701663798,67.1875,129,5.425935973955507,24.137931034482758,84.61538461538461,55.55555555555556,5.0,6,3,28,75.69489939167057,60,16,1,22,11,33,3,42,23,24,8,1,1,7,6,4,8,66,31,16,9,76,73,2,1,10,2137,0,0,0,11,-33.75032054262583,55.00868558193399,53.03030303030303,84,12.645422357106728,33.333333333333336,85.71428571428571,51.61290322580645,1.6,6,3,1,75.69489939167057
S39G01N73,2021-2022,20211118,498,home,70,20,7,22,7,29,1,34,22,30,14,4,4,13,11,8,14,64,36,14,9,97,77,9,0,4,2137,0,0,0,4,33.75032054262583,69.5639701663798,67.1875,129,5.425935973955507,24.137931034482758,84.61538461538461,55.55555555555556,5.0,6,3,28,75.69489939167057,60,16,1,22,11,33,3,42,23,24,8,1,1,7,6,4,8,66,31,16,9,76,73,2,1,10,2137,0,0,0,11,-33.75032054262583,55.00868558193399,53.03030303030303,84,12.645422357106728,33.333333333333336,85.71428571428571,51.61290322580645,1.6,6,3,1,75.69489939167057
S39G01N73,2021-2022,20211118,499,home,70,20,7,22,7,29,1,35,23,30,14,4,4,13,11,8,14,65,37,14,9,99,78,9,0,4,2145,0,0,0,4,34.55682241732218,69.99434389140272,67.6923076923077,131,5.353319057815846,24.137931034482758,84.61538461538461,54.054054054054056,5.0,2,3,28,75.97202797202799,60,16,1,22,11,33,3,42,23,24,8,1,1,7,6,4,8,66,31,16,9,76,73,2,1,10,2145,0,0,0,11,-34.55682241732218,55.00868558193399,53.03030303030303,84,12.645422357106728,33.333333333333336,85.71428571428571,51.61290322580645,1.6,2,3,1,75.97202797202799
S39G01N73,2021-2022,20211118,500,home,70,20,7,22,7,29,1,35,23,30,14,4,4,13,11,8,14,65,37,14,9,99,78,9,0,4,2156,0,0,0,4,36.17282375639192,69.99434389140272,67.6923076923077,131,5.353319057815846,24.137931034482758,84.61538461538461,54.054054054054056,5.0,2,3,28,76.14100185528758,60,16,1,22,11,33,3,42,23,24,8,1,1,7,6,4,8,66,31,16,9,76,73,2,1,11,2156,0,0,0,12,-36.17282375639192,55.00868558193399,53.03030303030303,83,13.736263736263737,33.333333333333336,85.71428571428571,51.61290322580645,1.4545454545454546,2,3,1,76.14100185528758
S39G01N73,2021-2022,20211118,501,home,70,20,7,22,7,29,1,35,23,30,14,4,4,13,11,8,14,65,37,14,9,99,78,10,0,4,2157,0,0,0,4,36.17282375639192,69.99434389140272,67.6923076923077,132,5.353319057815846,24.137931034482758,84.61538461538461,54.054054054054056,5.0,2,3,28,76.105702364395,60,16,1,22,11,33,3,42,23,24,8,1,1,7,6,4,8,66,31,16,9,76,73,2,1,11,2157,0,0,0,12,-36.17282375639192,55.00868558193399,53.03030303030303,83,13.736263736263737,33.333333333333336,85.71428571428571,51.61290322580645,1.4545454545454546,2,3,1,76.105702364395
S39G01N73,2021-2022,20211118,502,home,70,20,7,22,7,29,1,36,24,30,14,4,4,13,11,8,14,66,38,14,9,101,79,10,0,4,2169,0,0,0,4,36.95585351599232,70.4127161182376,68.18181818181819,134,5.282620179609086,24.137931034482758,84.61538461538461,52.63157894736842,5.0,4,3,28,76.23789764868604,60,16,1,22,11,33,3,42,23,24,8,1,1,7,6,4,8,66,31,16,9,76,73,2,1,11,2169,0,0,0,12,-36.95585351599232,55.00868558193399,53.03030303030303,83,13.736263736263737,33.333333333333336,85.71428571428571,51.61290322580645,1.4545454545454546,4,3,1,76.23789764868604
S39G01N73,2021-2022,20211118,503,home,70,21,7,22,7,29,1,36,24,30,14,4,4,13,11,8,14,66,38,14,9,101,79,10,0,4,2169,0,0,0,4,36.95585351599232,70.4127161182376,68.18181818181819,135,5.282620179609086,24.137931034482758,84.61538461538461,55.26315789473684,5.25,4,3,28,76.23789764868604,60,16,1,22,11,33,3,42,23,24,8,1,1,7,6,4,8,66,31,16,9,76,73,2,1,11,2169,0,0,0,12,-36.95585351599232,55.00868558193399,53.03030303030303,83,13.736263736263737,33.333333333333336,85.71428571428571,51.61290322580645,1.4545454545454546,4,3,1,76.23789764868604
S39G01N73,2021-2022,20211118,504,home,70,21,7,22,7,29,1,36,24,30,14,4,4,13,11,8,14,66,38,14,9,101,79,10,0,4,2185,0,0,0,4,38.52573609538541,70.4127161182376,68.18181818181819,135,5.282620179609086,24.137931034482758,84.61538461538461,55.26315789473684,5.25,4,3,28,76.2288329519451,60,16,1,22,11,33,3,42,23,25,8,1,1,7,6,4,8,67,31,16,9,76,74,2,1,11,2185,0,0,0,12,-38.52573609538541,54.22374429223744,52.23880597014925,82,13.56684755796744,33.333333333333336,85.71428571428571,51.61290322580645,1.4545454545454546,4,3,1,76.2288329519451
S39G01N73,2021-2022,20211118,505,home,70,21,7,22,7,29,1,36,24,30,14,4,4,13,11,8,14,66,38,14,9,101,79,10,0,4,2187,0,0,0,4,36.95585351599232,70.4127161182376,68.18181818181819,135,5.282620179609086,24.137931034482758,84.61538461538461,55.26315789473684,5.25,4,3,28,75.61042524005488,60,16,1,22,12,34,3,42,23,25,8,1,1,7,6,4,8,67,31,16,9,76,74,2,1,11,2187,0,0,0,12,-36.95585351599232,54.22374429223744,52.23880597014925,83,13.56684755796744,35.294117647058826,85.71428571428571,51.61290322580645,1.4545454545454546,4,3,1,75.61042524005488
S39G01N73,2021-2022,20211118,506,home,70,21,7,22,7,29,1,36,24,30,14,4,4,13,11,8,14,66,38,15,9,101,79,10,0,4,2189,0,0,0,4,36.95585351599232,70.4127161182376,68.18181818181819,135,5.282620179609086,24.137931034482758,84.61538461538461,55.26315789473684,5.25,4,3,28,75.54134307903153,60,16,1,22,12,34,3,42,23,25,8,1,1,7,6,4,8,67,31,16,9,76,74,2,1,11,2189,0,0,0,12,-36.95585351599232,54.22374429223744,52.23880597014925,83,13.56684755796744,35.294117647058826,85.71428571428571,51.61290322580645,1.4545454545454546,4,3,1,75.54134307903153
S39G01N73,2021-2022,20211118,507,home,70,21,7,22,7,29,1,36,24,30,14,4,4,13,11,8,14,66,38,15,9,101,79,10,0,4,2189,0,0,0,4,36.95585351599232,70.4127161182376,68.18181818181819,135,5.282620179609086,24.137931034482758,84.61538461538461,55.26315789473684,5.25,4,3,28,75.54134307903153,60,16,1,22,12,34,3,42,23,25,8,1,1,7,6,4,8,67,31,16,9,76,74,2,1,11,2189,0,0,0,12,-36.95585351599232,54.22374429223744,52.23880597014925,83,13.56684755796744,35.294117647058826,85.71428571428571,51.61290322580645,1.4545454545454546,4,3,1,75.54134307903153
S39G01N73,2021-2022,20211118,508,home,70,21,7,22,7,29,1,36,24,30,14,4,4,13,11,8,14,66,38,15,9,101,79,10,0,4,2189,0,0,0,4,36.21373100897421,70.4127161182376,68.18181818181819,135,5.282620179609086,24.137931034482758,84.61538461538461,55.26315789473684,5.25,1,3,28,75.78254910918228,60,16,1,22,12,34,3,42,23,25,8,1,1,8,7,4,8,67,31,16,9,77,75,2,1,11,2189,0,0,0,12,-36.21373100897421,54.59444129325014,52.23880597014925,84,13.493621197252208,35.294117647058826,87.5,51.61290322580645,1.4545454545454546,1,3,1,75.78254910918228
S39G01N73,2021-2022,20211118,509,home,70,21,7,22,7,29,1,36,24,30,14,4,4,13,11,8,14,66,38,15,9,101,79,10,0,4,2189,0,0,0,4,35.480943376258224,70.4127161182376,68.18181818181819,135,5.282620179609086,24.137931034482758,84.61538461538461,55.26315789473684,5.25,2,3,28,76.02375513933303,60,16,1,22,12,34,3,42,23,25,8,1,1,9,8,4,8,67,31,16,9,78,76,2,1,11,2189,0,0,0,12,-35.480943376258224,54.96054114994364,52.23880597014925,85,13.421181063933627,35.294117647058826,88.88888888888889,51.61290322580645,1.4545454545454546,2,3,1,76.02375513933303
S39G01N73,2021-2022,20211118,510,home,70,21,7,22,7,29,1,36,24,31,15,4,4,13,11,8,14,67,39,15,9,104,80,10,0,4,2204,0,0,0,4,37.67581967172784,71.5071507150715,69.40298507462687,138,5.213764337851929,24.137931034482758,84.61538461538461,53.84615384615385,5.25,3,3,28,76.0508166969147,60,16,1,22,12,34,3,42,23,25,8,1,1,9,8,4,8,67,31,16,9,78,76,2,1,11,2204,0,0,0,12,-37.67581967172784,54.96054114994364,52.23880597014925,85,13.421181063933627,35.294117647058826,88.88888888888889,51.61290322580645,1.4545454545454546,3,3,1,76.0508166969147
S39G01N73,2021-2022,20211118,511,home,70,21,7,22,7,29,1,36,24,31,15,4,4,13,11,8,14,67,39,16,9,104,80,10,0,4,2220,0,0,0,4,37.67581967172784,71.5071507150715,69.40298507462687,138,5.213764337851929,24.137931034482758,84.61538461538461,53.84615384615385,5.25,3,3,28,75.5027027027027,60,16,1,22,12,34,3,42,23,25,8,1,1,9,8,4,8,67,31,16,9,78,76,2,1,11,2220,0,0,0,12,-37.67581967172784,54.96054114994364,52.23880597014925,85,13.421181063933627,35.294117647058826,88.88888888888889,51.61290322580645,1.4545454545454546,3,3,1,75.5027027027027
S39G01N73,2021-2022,20211118,512,home,70,21,7,22,7,29,1,36,24,31,15,4,4,13,11,8,14,67,39,16,9,104,80,10,0,4,2220,0,0,0,4,38.372646429875374,71.5071507150715,69.40298507462687,138,5.213764337851929,24.137931034482758,84.61538461538461,53.84615384615385,5.25,3,3,28,75.74054054054055,60,16,1,22,12,34,3,42,23,25,8,1,1,10,8,4,8,67,31,16,9,78,77,2,1,11,2220,0,0,0,12,-38.372646429875374,54.621848739495796,52.23880597014925,84,13.349514563106796,35.294117647058826,80.0,51.61290322580645,1.4545454545454546,3,3,1,75.74054054054055
S39G01N73,2021-2022,20211118,513,home,70,21,7,22,7,29,1,36,24,31,15,4,4,13,11,8,14,67,39,16,9,104,80,10,0,4,2220,0,0,0,4,37.64918510858796,71.5071507150715,69.40298507462687,138,5.213764337851929,24.137931034482758,84.61538461538461,53.84615384615385,5.25,1,3,28,75.97837837837838,60,16,1,22,12,34,3,42,23,25,8,1,1,11,9,4,8,67,31,16,9,79,78,2,1,11,2220,0,0,0,12,-37.64918510858796,54.98329621380846,52.23880597014925,85,13.278609367455335,35.294117647058826,81.81818181818181,51.61290322580645,1.4545454545454546,1,3,1,75.97837837837838
S39G01N73,2021-2022,20211118,514,home,70,21,7,22,7,29,1,36,24,31,15,4,4,13,11,8,14,67,39,16,9,104,80,10,0,4,2220,0,0,0,4,37.64918510858796,71.5071507150715,69.40298507462687,138,5.213764337851929,24.137931034482758,84.61538461538461,53.84615384615385,5.25,1,3,28,75.97837837837838,60,16,1,22,12,34,3,42,23,25,8,1,1,11,9,4,8,67,31,16,9,79,78,2,1,11,2220,0,0,0,12,-37.64918510858796,54.98329621380846,52.23880597014925,85,13.278609367455335,35.294117647058826,81.81818181818181,51.61290322580645,1.4545454545454546,1,3,1,75.97837837837838
S39G01N73,2021-2022,20211118,515,home,70,21,7,22,7,29,1,36,24,31,15,4,4,13,11,8,14,67,39,16,9,104,80,10,0,4,2220,0,0,0,4,37.64918510858796,71.5071507150715,69.40298507462687,138,5.213764337851929,24.137931034482758,84.61538461538461,53.84615384615385,5.25,1,3,28,75.97837837837838,60,16,1,22,12,34,3,42,23,25,8,1,1,11,9,4,8,67,31,16,9,79,78,2,1,11,2220,0,0,0,12,-37.64918510858796,54.98329621380846,52.23880597014925,85,13.278609367455335,35.294117647058826,81.81818181818181,51.61290322580645,1.4545454545454546,1,3,1,75.97837837837838
S39G01N73,2021-2022,20211118,516,home,70,21,7,22,7,29,1,36,24,32,15,4,4,13,11,8,14,68,39,16,9,104,81,10,0,4,2239,0,0,0,4,35.53990766266982,70.53716766142159,68.38235294117646,137,5.14668039114771,24.137931034482758,84.61538461538461,53.84615384615385,5.25,1,3,28,75.86958463599822,60,16,1,22,12,34,3,42,23,25,8,1,1,11,9,4,8,67,31,16,9,79,78,2,1,11,2239,0,0,0,12,-35.53990766266982,54.98329621380846,52.23880597014925,85,13.278609367455335,35.294117647058826,81.81818181818181,51.61290322580645,1.4545454545454546,1,3,1,75.86958463599822
S39G01N73,2021-2022,20211118,517,home,70,21,7,22,7,29,1,36,24,32,15,4,4,13,11,8,14,68,39,16,9,104,81,10,0,4,2240,0,0,0,4,35.53990766266982,70.53716766142159,68.38235294117646,137,5.14668039114771,23.333333333333332,84.61538461538461,53.84615384615385,5.25,1,3,28,75.83571428571429,60,16,1,23,12,35,3,42,23,25,8,1,1,11,9,4,8,67,31,16,9,79,78,2,1,11,2240,0,0,0,12,-35.53990766266982,54.98329621380846,52.23880597014925,86,13.278609367455335,35.294117647058826,81.81818181818181,51.61290322580645,1.4545454545454546,1,3,1,75.83571428571429
S39G01N73,2021-2022,20211118,518,home,70,21,7,22,7,29,1,36,24,32,15,4,4,13,11,8,14,68,39,16,9,104,81,10,0,4,2248,0,0,0,4,34.30826673653873,70.53716766142159,68.38235294117646,137,5.14668039114771,23.333333333333332,84.61538461538461,53.84615384615385,5.25,3,3,28,76.09964412811387,60,16,1,23,12,35,3,43,24,25,8,1,1,11,9,4,8,68,32,16,9,81,79,2,1,11,2248,0,0,0,12,-34.30826673653873,55.60131795716639,52.94117647058823,88,13.120229007633588,35.294117647058826,81.81818181818181,50.0,1.4545454545454546,3,3,1,76.09964412811387
S39G01N73,2021-2022,20211118,519,home,70,21,7,22,7,29,1,36,24,32,15,4,4,13,11,8,14,68,39,16,9,104,81,10,0,4,2248,0,0,0,4,34.30826673653873,70.53716766142159,68.38235294117646,137,5.14668039114771,23.333333333333332,84.61538461538461,53.84615384615385,5.25,3,3,28,76.09964412811387,60,17,1,23,12,35,3,43,24,25,8,1,1,11,9,4,8,68,32,16,9,81,79,2,1,11,2248,0,0,0,12,-34.30826673653873,55.60131795716639,52.94117647058823,89,13.120229007633588,35.294117647058826,81.81818181818181,53.125,1.5454545454545454,3,3,1,76.09964412811387
S39G01N73,2021-2022,20211118,520,home,70,21,7,22,7,29,1,37,24,32,15,4,4,13,11,8,14,69,39,16,9,104,82,10,0,4,2265,0,0,0,4,32.25780907438853,69.593147751606,67.3913043478261,136,5.08130081300813,23.333333333333332,84.61538461538461,53.84615384615385,5.25,3,3,28,76.05827814569537,60,17,1,23,12,35,3,43,24,25,8,1,1,11,9,4,8,68,32,16,9,81,79,2,1,11,2265,0,0,0,12,-32.25780907438853,55.60131795716639,52.94117647058823,89,13.120229007633588,35.294117647058826,81.81818181818181,53.125,1.5454545454545454,3,3,1,76.05827814569537
S39G01N73,2021-2022,20211118,521,home,70,21,7,22,7,29,1,37,24,32,15,4,4,13,11,8,14,69,39,16,9,104,82,10,0,4,2266,0,0,0,4,32.25780907438853,69.593147751606,67.3913043478261,136,5.08130081300813,22.580645161290324,84.61538461538461,53.84615384615385,5.25,3,3,28,76.02471315092674,60,17,1,24,12,36,3,43,24,25,8,1,1,11,9,4,8,68,32,16,9,81,79,2,1,11,2266,0,0,0,12,-32.25780907438853,55.60131795716639,52.94117647058823,90,13.120229007633588,35.294117647058826,81.81818181818181,53.125,1.5454545454545454,3,3,1,76.02471315092674
S39G01N73,2021-2022,20211118,522,home,70,21,7,22,7,29,1,37,24,32,15,4,4,13,11,8,14,69,39,16,9,104,82,10,0,4,2270,0,0,0,4,31.0599858562786,69.593147751606,67.3913043478261,136,5.08130081300813,22.580645161290324,84.61538461538461,53.84615384615385,5.25,5,3,28,76.4193832599119,60,17,1,24,12,36,3,44,25,25,8,1,1,11,9,4,8,69,33,16,9,83,80,2,1,11,2270,0,0,0,12,-31.0599858562786,56.20260021668472,53.6231884057971,92,12.965582272512965,35.294117647058826,81.81818181818181,51.515151515151516,1.5454545454545454,5,3,1,76.4193832599119
S39G01N73,2021-2022,20211118,523,home,70,21,7,22,7,29,1,37,24,32,15,4,4,13,11,8,14,69,39,16,9,104,82,10,0,4,2270,0,0,0,4,31.0599858562786,69.593147751606,67.3913043478261,136,5.08130081300813,22.580645161290324,84.61538461538461,53.84615384615385,5.25,5,3,28,76.4193832599119,60,18,1,24,12,36,3,44,25,25,8,1,1,11,9,4,8,69,33,16,9,83,80,2,1,11,2270,0,0,0,12,-31.0599858562786,56.20260021668472,53.6231884057971,93,12.965582272512965,35.294117647058826,81.81818181818181,54.54545454545455,1.6363636363636365,5,3,1,76.4193832599119
S39G01N73,2021-2022,20211118,524,home,70,21,7,22,7,29,1,37,24,32,15,4,4,13,11,8,14,69,39,16,9,104,82,10,0,4,2271,0,0,0,4,31.0599858562786,69.593147751606,67.3913043478261,136,5.08130081300813,22.580645161290324,84.61538461538461,53.84615384615385,5.25,5,3,28,76.38573315719948,60,18,1,24,12,36,3,44,25,25,8,1,1,11,9,5,10,69,33,16,9,83,80,2,1,11,2271,0,0,0,12,-31.0599858562786,56.20260021668472,53.6231884057971,93,12.965582272512965,35.294117647058826,81.81818181818181,54.54545454545455,1.6363636363636365,5,3,1,76.38573315719948
S39G01N73,2021-2022,20211118,525,home,70,21,7,22,7,29,1,38,24,32,15,4,4,13,11,8,14,70,39,16,9,104,83,10,0,4,2282,0,0,0,4,29.065921419160034,68.67406233491812,66.42857142857143,135,5.017561465127948,22.580645161290324,84.61538461538461,53.84615384615385,5.25,5,3,28,76.54338299737073,60,18,1,24,12,36,3,44,25,25,8,1,1,11,9,5,10,69,33,16,9,83,80,2,1,11,2282,0,0,0,12,-29.065921419160034,56.20260021668472,53.6231884057971,93,12.965582272512965,35.294117647058826,81.81818181818181,54.54545454545455,1.6363636363636365,5,3,1,76.54338299737073
S39G01N73,2021-2022,20211118,526,home,70,21,7,22,7,29,1,38,24,32,15,4,4,13,11,8,14,70,39,16,9,104,83,10,0,4,2283,0,0,0,4,29.065921419160034,68.67406233491812,66.42857142857143,135,5.017561465127948,22.580645161290324,84.61538461538461,53.84615384615385,5.25,5,3,28,76.50985545335085,60,18,2,24,12,36,3,44,25,25,8,1,1,11,9,5,10,69,33,16,9,83,80,2,1,11,2283,0,0,0,12,-29.065921419160034,56.20260021668472,53.6231884057971,94,12.965582272512965,35.294117647058826,81.81818181818181,54.54545454545455,1.6363636363636365,5,3,1,76.50985545335085
S39G01N73,2021-2022,20211118,527,home,70,21,7,22,7,29,1,38,24,32,15,4,4,13,11,8,14,70,39,16,9,104,83,10,0,4,2284,0,0,0,4,29.065921419160034,68.67406233491812,66.42857142857143,135,5.017561465127948,21.875,84.61538461538461,53.84615384615385,5.25,5,3,28,76.47635726795096,60,18,2,25,12,37,3,44,25,25,8,1,1,11,9,5,10,69,33,16,9,83,80,2,1,11,2284,0,0,0,12,-29.065921419160034,56.20260021668472,53.6231884057971,95,12.965582272512965,35.294117647058826,81.81818181818181,54.54545454545455,1.6363636363636365,5,3,1,76.47635726795096
S39G01N73,2021-2022,20211118,528,home,70,21,7,22,7,29,1,38,24,32,15,4,4,13,11,8,14,70,39,16,9,104,83,10,0,4,2290,0,0,0,4,30.609100996773563,68.67406233491812,66.42857142857143,135,5.017561465127948,21.875,84.61538461538461,53.84615384615385,5.25,5,3,28,76.8,60,18,2,25,12,37,3,44,25,25,8,1,1,11,9,5,10,69,33,16,9,83,80,2,1,12,2290,0,0,0,13,-30.609100996773563,56.20260021668472,53.6231884057971,94,13.979496738117428,35.294117647058826,81.81818181818181,54.54545454545455,1.5,5,3,1,76.8
S39G01N73,2021-2022,20211118,529,home,70,21,7,22,7,29,1,38,24,32,15,4,4,13,11,8,14,70,39,16,9,104,83,11,0,4,2291,0,0,0,4,30.609100996773563,68.67406233491812,66.42857142857143,136,5.017561465127948,21.875,84.61538461538461,53.84615384615385,5.25,5,3,28,76.7664775207333,60,18,2,25,12,37,3,44,25,25,8,1,1,11,9,5,10,69,33,16,9,83,80,2,1,12,2291,0,0,0,13,-30.609100996773563,56.20260021668472,53.6231884057971,94,13.979496738117428,35.294117647058826,81.81818181818181,54.54545454545455,1.5,5,3,1,76.7664775207333
S39G01N73,2021-2022,20211118,530,home,70,21,7,22,7,29,1,39,25,32,15,4,4,13,11,8,14,71,40,16,9,106,84,11,0,4,2295,0,0,0,4,31.382102876451498,69.08237747653806,66.90140845070422,138,4.955401387512389,21.875,84.61538461538461,52.5,5.25,2,3,28,77.15555555555557,60,18,2,25,12,37,3,44,25,25,8,1,1,11,9,5,10,69,33,16,9,83,80,2,1,12,2295,0,0,0,13,-31.382102876451498,56.20260021668472,53.6231884057971,94,13.979496738117428,35.294117647058826,81.81818181818181,54.54545454545455,1.5,2,3,1,77.15555555555557
S39G01N73,2021-2022,20211118,531,home,70,22,7,22,7,29,1,39,25,32,15,4,4,13,11,8,14,71,40,16,9,106,84,11,0,4,2295,0,0,0,4,31.382102876451498,69.08237747653806,66.90140845070422,139,4.955401387512389,21.875,84.61538461538461,55.0,5.5,2,3,28,77.15555555555557,60,18,2,25,12,37,3,44,25,25,8,1,1,11,9,5,10,69,33,16,9,83,80,2,1,12,2295,0,0,0,13,-31.382102876451498,56.20260021668472,53.6231884057971,94,13.979496738117428,35.294117647058826,81.81818181818181,54.54545454545455,1.5,2,3,1,77.15555555555557
S39G01N73,2021-2022,20211118,532,home,70,22,7,22,7,29,1,39,25,32,15,4,4,13,11,9,16,71,40,16,9,106,84,11,0,4,2295,0,0,0,4,31.382102876451498,69.08237747653806,66.90140845070422,139,4.955401387512389,21.875,84.61538461538461,55.0,5.5,2,3,28,77.15555555555557,60,18,2,25,12,37,3,44,25,25,8,1,1,11,9,5,10,69,33,16,9,83,80,2,1,12,2295,0,0,0,13,-31.382102876451498,56.20260021668472,53.6231884057971,94,13.979496738117428,35.294117647058826,81.81818181818181,54.54545454545455,1.5,2,3,1,77.15555555555557
S39G01N73,2021-2022,20211118,533,home,70,22,7,22,7,29,1,39,25,32,15,4,4,13,11,9,16,71,40,16,9,106,84,11,0,4,2308,0,0,0,4,32.88404302120523,69.08237747653806,66.90140845070422,139,4.955401387512389,21.875,84.61538461538461,55.0,5.5,2,3,28,77.24090121317158,60,18,2,25,12,37,3,45,25,25,8,1,1,11,9,5,10,70,33,16,9,83,81,2,1,12,2308,0,0,0,13,-32.88404302120523,55.451630144307856,52.857142857142854,93,13.818516812528788,35.294117647058826,81.81818181818181,54.54545454545455,1.5,2,3,1,77.24090121317158
S39G01N73,2021-2022,20211118,534,home,70,22,7,22,7,29,1,39,25,32,15,4,4,13,11,9,16,71,40,16,9,106,84,11,0,4,2310,0,0,0,4,31.382102876451498,69.08237747653806,66.90140845070422,139,4.955401387512389,21.875,84.61538461538461,55.0,5.5,2,3,28,76.65454545454544,60,18,2,25,13,38,3,45,25,25,8,1,1,11,9,5,10,70,33,16,9,83,81,2,1,12,2310,0,0,0,13,-31.382102876451498,55.451630144307856,52.857142857142854,94,13.818516812528788,37.142857142857146,81.81818181818181,54.54545454545455,1.5,2,3,1,76.65454545454544
S39G01N73,2021-2022,20211118,535,home,70,22,7,22,7,29,1,39,25,32,15,4,4,13,11,9,16,71,40,16,9,106,84,11,0,4,2310,0,0,0,4,30.21167530340726,69.08237747653806,66.90140845070422,139,4.955401387512389,21.875,84.61538461538461,55.0,5.5,2,3,28,77.17402597402597,60,18,2,25,13,38,3,46,26,25,8,1,1,11,9,5,10,71,34,16,9,85,82,2,1,12,2310,0,0,0,13,-30.21167530340726,56.03902953586498,53.521126760563384,96,13.66120218579235,37.142857142857146,81.81818181818181,52.94117647058823,1.5,2,3,1,77.17402597402597
S39G01N73,2021-2022,20211118,536,home,70,22,7,22,7,29,1,39,25,32,15,4,4,13,11,9,16,71,40,16,9,106,84,11,0,4,2310,0,0,0,4,30.21167530340726,69.08237747653806,66.90140845070422,139,4.955401387512389,21.875,84.61538461538461,55.0,5.5,2,3,28,77.17402597402597,60,18,2,25,13,38,3,46,26,25,8,1,1,11,9,5,10,71,34,16,9,85,82,2,1,12,2310,0,0,0,13,-30.21167530340726,56.03902953586498,53.521126760563384,96,13.66120218579235,37.142857142857146,81.81818181818181,52.94117647058823,1.5,2,3,1,77.17402597402597
S39G01N73,2021-2022,20211118,537,home,70,22,7,22,7,29,1,39,25,32,15,4,4,13,11,9,16,71,40,16,9,106,84,11,0,4,2310,0,0,0,4,30.21167530340726,69.08237747653806,66.90140845070422,139,4.955401387512389,21.875,84.61538461538461,55.0,5.5,2,3,28,77.17402597402597,60,18,2,25,13,38,3,46,26,25,8,1,1,11,9,5,10,71,34,16,9,85,82,2,1,12,2310,0,0,0,13,-30.21167530340726,56.03902953586498,53.521126760563384,96,13.66120218579235,37.142857142857146,81.81818181818181,52.94117647058823,1.5,2,3,1,77.17402597402597
S39G01N73,2021-2022,20211118,538,home,70,22,7,22,7,29,1,40,25,32,15,4,4,13,11,9,16,72,40,16,9,106,85,11,0,4,2318,0,0,0,4,28.287327025706233,68.19351518270716,65.97222222222223,138,4.894762604013706,21.875,84.61538461538461,55.0,5.5,2,3,28,77.4253666954271,60,18,2,25,13,38,3,46,26,25,8,1,1,11,9,5,10,71,34,16,9,85,82,2,1,12,2318,0,0,0,13,-28.287327025706233,56.03902953586498,53.521126760563384,96,13.66120218579235,37.142857142857146,81.81818181818181,52.94117647058823,1.5,2,3,1,77.4253666954271
S39G01N73,2021-2022,20211118,539,home,70,22,7,22,7,29,1,40,25,32,15,4,4,13,11,9,16,72,40,16,9,106,85,11,0,4,2318,0,0,0,4,28.287327025706233,68.19351518270716,65.97222222222223,138,4.894762604013706,21.875,84.61538461538461,55.0,5.5,2,3,28,77.4253666954271,60,18,2,25,13,38,4,46,26,25,8,1,1,11,9,5,10,71,34,16,9,85,82,2,1,12,2318,0,0,0,13,-28.287327025706233,56.03902953586498,53.521126760563384,97,13.66120218579235,37.142857142857146,81.81818181818181,52.94117647058823,1.5,2,3,1,77.4253666954271
S39G01N73,2021-2022,20211118,540,home,70,22,7,22,7,29,1,40,25,32,15,4,4,13,11,9,16,72,40,16,9,106,85,11,0,4,2333,0,0,0,4,27.1477651587022,68.19351518270716,65.97222222222223,138,4.894762604013706,21.875,84.61538461538461,55.0,5.5,4,3,28,77.44192027432491,60,18,2,25,13,38,4,47,27,25,8,1,1,11,9,5,10,72,35,16,9,87,83,2,1,12,2333,0,0,0,13,-27.1477651587022,56.61114003123373,54.166666666666664,99,13.507429085997298,37.142857142857146,81.81818181818181,51.42857142857143,1.5,4,3,1,77.44192027432491
S39G01N73,2021-2022,20211118,541,home,70,22,7,22,7,29,1,40,25,32,15,4,4,13,11,9,16,72,40,16,9,106,85,11,0,4,2333,0,0,0,4,27.1477651587022,68.19351518270716,65.97222222222223,138,4.894762604013706,21.875,84.61538461538461,55.0,5.5,4,3,28,77.44192027432491,60,19,2,25,13,38,4,47,27,25,8,1,1,11,9,5,10,72,35,16,9,87,83,2,1,12,2333,0,0,0,13,-27.1477651587022,56.61114003123373,54.166666666666664,100,13.507429085997298,37.142857142857146,81.81818181818181,54.285714285714285,1.5833333333333333,4,3,1,77.44192027432491
S39G01N73,2021-2022,20211118,542,home,70,22,7,22,7,29,1,40,25,32,15,4,4,13,11,9,16,72,40,16,9,106,85,11,0,5,2346,0,0,0,5,25.27424488622306,68.19351518270716,65.97222222222223,137,6.044487427466151,21.875,84.61538461538461,55.0,4.4,4,3,28,77.52429667519182,60,19,2,25,13,38,4,47,27,25,8,1,1,11,9,5,10,72,35,16,9,87,83,2,1,12,2346,0,0,0,13,-25.27424488622306,56.61114003123373,54.166666666666664,100,13.507429085997298,37.142857142857146,81.81818181818181,54.285714285714285,1.5833333333333333,4,3,1,77.52429667519182
S39G01N73,2021-2022,20211118,543,home,70,22,7,22,7,29,1,40,25,32,15,4,4,13,11,9,16,72,40,16,9,106,85,11,0,5,2347,0,0,0,5,25.27424488622306,68.19351518270716,65.97222222222223,137,6.044487427466151,21.875,84.61538461538461,55.0,4.4,4,3,28,77.49126544524927,60,19,2,25,13,38,4,47,27,25,8,1,1,11,9,5,10,72,35,16,9,87,83,3,1,12,2347,0,0,0,13,-25.27424488622306,56.61114003123373,54.166666666666664,101,13.507429085997298,37.142857142857146,81.81818181818181,54.285714285714285,1.5833333333333333,4,3,1,77.49126544524927
S39G01N73,2021-2022,20211118,544,home,70,22,7,22,7,29,1,40,25,32,15,4,4,13,11,9,16,72,40,16,9,106,85,11,0,5,2351,0,0,0,5,24.16434366125452,68.19351518270716,65.97222222222223,137,6.044487427466151,21.875,84.61538461538461,55.0,4.4,6,3,28,77.86984262016163,60,19,2,25,13,38,4,48,28,25,8,1,1,11,9,5,10,73,36,16,9,89,84,3,1,12,2351,0,0,0,13,-24.16434366125452,57.168550873586845,54.794520547945204,103,13.357079252003562,37.142857142857146,81.81818181818181,52.77777777777778,1.5833333333333333,6,3,1,77.86984262016163
S39G01N73,2021-2022,20211118,545,home,70,22,7,22,7,29,1,40,25,32,15,4,4,13,11,9,16,72,40,16,9,106,85,11,0,5,2351,0,0,0,5,24.16434366125452,68.19351518270716,65.97222222222223,137,6.044487427466151,21.875,84.61538461538461,55.0,4.4,6,3,28,77.86984262016163,60,19,2,25,13,38,4,48,28,25,8,1,1,11,9,6,12,73,36,16,9,89,84,3,1,12,2351,0,0,0,13,-24.16434366125452,57.168550873586845,54.794520547945204,103,13.357079252003562,37.142857142857146,81.81818181818181,52.77777777777778,1.5833333333333333,6,3,1,77.86984262016163
S39G01N73,2021-2022,20211118,546,home,70,22,7,22,7,29,1,40,25,33,15,4,4,13,11,9,16,73,40,16,9,106,86,11,0,5,2369,0,0,0,5,22.33966385468986,67.32723577235772,65.06849315068493,136,5.972288580984233,21.875,84.61538461538461,55.0,4.4,6,3,28,77.78471929084002,60,19,2,25,13,38,4,48,28,25,8,1,1,11,9,6,12,73,36,16,9,89,84,3,1,12,2369,0,0,0,13,-22.33966385468986,57.168550873586845,54.794520547945204,103,13.357079252003562,37.142857142857146,81.81818181818181,52.77777777777778,1.5833333333333333,6,3,1,77.78471929084002
S39G01N73,2021-2022,20211118,547,home,70,22,7,22,7,29,1,40,25,33,15,4,4,13,11,9,16,73,40,16,9,106,86,11,0,5,2370,0,0,0,5,22.33966385468986,67.32723577235772,65.06849315068493,136,5.972288580984233,21.875,84.61538461538461,55.0,4.4,6,3,28,77.75189873417722,60,19,3,25,13,38,4,48,28,25,8,1,1,11,9,6,12,73,36,16,9,89,84,3,1,12,2370,0,0,0,13,-22.33966385468986,57.168550873586845,54.794520547945204,104,13.357079252003562,37.142857142857146,81.81818181818181,52.77777777777778,1.5833333333333333,6,3,1,77.75189873417722
S39G01N73,2021-2022,20211118,548,home,70,22,7,22,7,29,1,40,25,33,15,4,4,13,11,9,16,73,40,16,9,106,86,11,0,5,2371,0,0,0,5,22.33966385468986,67.32723577235772,65.06849315068493,136,5.972288580984233,21.21212121212121,84.61538461538461,55.0,4.4,6,3,28,77.71910586250527,60,19,3,26,13,39,4,48,28,25,8,1,1,11,9,6,12,73,36,16,9,89,84,3,1,12,2371,0,0,0,13,-22.33966385468986,57.168550873586845,54.794520547945204,105,13.357079252003562,37.142857142857146,81.81818181818181,52.77777777777778,1.5833333333333333,6,3,1,77.71910586250527
S39G01N73,2021-2022,20211118,549,home,70,22,7,22,7,29,1,40,25,33,15,4,4,13,11,9,16,73,40,16,9,106,86,11,0,5,2374,0,0,0,5,19.97359359644713,67.32723577235772,65.06849315068493,136,5.972288580984233,21.21212121212121,84.61538461538461,55.0,4.4,9,3,28,78.12636899747261,60,19,3,26,13,39,4,48,28,26,9,1,1,11,9,6,12,74,37,16,9,92,85,3,1,12,2374,0,0,0,13,-19.97359359644713,58.346017250126835,56.08108108108108,108,13.21003963011889,37.142857142857146,81.81818181818181,51.351351351351354,1.5833333333333333,9,3,1,78.12636899747261
S39G01N73,2021-2022,20211118,550,home,70,22,7,22,7,29,1,40,25,33,15,4,4,13,11,9,16,73,40,16,9,106,86,11,0,5,2374,0,0,0,5,19.97359359644713,67.32723577235772,65.06849315068493,136,5.972288580984233,21.21212121212121,84.61538461538461,55.0,4.4,9,3,28,78.12636899747261,60,20,3,26,13,39,4,48,28,26,9,1,1,11,9,6,12,74,37,16,9,92,85,3,1,12,2374,0,0,0,13,-19.97359359644713,58.346017250126835,56.08108108108108,109,13.21003963011889,37.142857142857146,81.81818181818181,54.054054054054056,1.6666666666666667,9,3,1,78.12636899747261
S39G01N73,2021-2022,20211118,551,home,70,22,7,22,7,29,1,40,25,33,15,4,4,13,11,9,16,73,40,16,9,106,86,11,0,5,2374,0,0,0,5,19.97359359644713,67.32723577235772,65.06849315068493,136,5.972288580984233,21.21212121212121,84.61538461538461,55.0,4.4,9,3,28,78.12636899747261,60,20,3,26,13,39,4,48,28,26,9,1,1,11,9,7,15,74,37,16,9,92,85,3,1,12,2374,0,0,0,13,-19.97359359644713,58.346017250126835,56.08108108108108,109,13.21003963011889,37.142857142857146,81.81818181818181,54.054054054054056,1.6666666666666667,9,3,1,78.12636899747261
S39G01N73,2021-2022,20211118,552,home,70,22,7,22,7,29,1,41,25,33,15,4,4,13,11,9,16,74,40,16,9,106,87,11,0,5,2398,0,0,0,5,18.195869008785337,66.4826894129453,64.1891891891892,135,5.901794145420208,21.21212121212121,84.61538461538461,55.0,4.4,9,3,28,77.84487072560466,60,20,3,26,13,39,4,48,28,26,9,1,1,11,9,7,15,74,37,16,9,92,85,3,1,12,2398,0,0,0,13,-18.195869008785337,58.346017250126835,56.08108108108108,109,13.21003963011889,37.142857142857146,81.81818181818181,54.054054054054056,1.6666666666666667,9,3,1,77.84487072560466
S39G01N73,2021-2022,20211118,553,home,70,22,7,22,8,30,1,41,25,33,15,4,4,13,11,9,16,74,40,16,9,106,87,11,0,5,2398,0,0,0,5,19.97359359644713,66.4826894129453,64.1891891891892,136,5.901794145420208,23.529411764705884,84.61538461538461,55.0,4.4,9,3,28,77.34445371142618,60,20,3,26,13,39,4,48,28,26,9,1,1,11,9,7,15,74,37,16,9,92,85,3,1,12,2398,0,0,0,13,-19.97359359644713,58.346017250126835,56.08108108108108,109,13.21003963011889,37.142857142857146,81.81818181818181,54.054054054054056,1.6666666666666667,9,3,1,77.34445371142618
S39G01N73,2021-2022,20211118,554,home,70,22,7,22,8,30,1,42,26,33,15,4,4,13,11,9,16,75,41,16,9,108,88,11,0,5,2398,0,0,0,5,20.769209204359186,66.89791873141725,64.66666666666667,138,5.832944470368642,23.529411764705884,84.61538461538461,53.65853658536585,4.4,2,3,28,77.84487072560466,60,20,3,26,13,39,4,48,28,26,9,1,1,11,9,7,15,74,37,16,9,92,85,3,1,12,2398,0,0,0,13,-20.769209204359186,58.346017250126835,56.08108108108108,109,13.21003963011889,37.142857142857146,81.81818181818181,54.054054054054056,1.6666666666666667,2,3,1,77.84487072560466
S39G01N73,2021-2022,20211118,555,home,70,22,7,22,8,30,1,42,26,33,15,4,4,13,11,9,16,75,41,16,9,108,88,11,0,5,2398,0,0,0,5,20.769209204359186,66.89791873141725,64.66666666666667,138,5.832944470368642,23.529411764705884,84.61538461538461,53.65853658536585,4.4,2,3,28,77.84487072560466,60,20,3,26,13,39,4,48,28,26,9,1,1,11,9,7,15,74,37,16,9,92,85,3,1,12,2398,0,0,0,13,-20.769209204359186,58.346017250126835,56.08108108108108,109,13.21003963011889,37.142857142857146,81.81818181818181,54.054054054054056,1.6666666666666667,2,3,1,77.84487072560466
S39G01N73,2021-2022,20211118,556,home,70,22,7,22,8,30,1,42,26,33,15,4,4,13,11,9,16,75,41,16,9,108,88,11,0,5,2400,0,0,0,5,20.769209204359186,66.89791873141725,64.66666666666667,138,5.832944470368642,23.529411764705884,84.61538461538461,53.65853658536585,4.4,2,3,28,77.78,60,20,3,26,13,39,4,48,28,26,9,1,1,11,9,7,15,74,37,16,9,92,85,3,1,12,2400,0,0,0,13,-20.769209204359186,58.346017250126835,56.08108108108108,109,13.21003963011889,37.142857142857146,81.81818181818181,54.054054054054056,1.6666666666666667,2,3,1,77.78
S39G01N73,2021-2022,20211118,557,home,70,22,7,22,8,30,1,42,26,33,15,4,4,13,11,9,16,75,41,16,9,108,88,11,0,5,2400,0,0,0,5,20.769209204359186,66.89791873141725,64.66666666666667,138,5.832944470368642,23.529411764705884,84.61538461538461,53.65853658536585,4.4,2,3,28,77.78,60,20,3,26,13,39,4,48,28,26,9,1,1,11,9,7,15,74,37,16,9,92,85,3,1,12,2400,0,0,0,13,-20.769209204359186,58.346017250126835,56.08108108108108,109,13.21003963011889,37.142857142857146,81.81818181818181,54.054054054054056,1.6666666666666667,2,3,1,77.78
S39G01N73,2021-2022,20211118,558,home,70,22,7,22,8,30,1,42,26,33,15,4,4,13,11,9,16,75,41,16,9,108,88,11,0,5,2400,0,0,0,5,20.769209204359186,66.89791873141725,64.66666666666667,138,5.832944470368642,23.529411764705884,84.61538461538461,53.65853658536585,4.4,2,3,28,77.78,60,20,3,26,13,39,4,48,28,26,9,1,1,11,9,7,15,74,37,16,9,92,85,3,1,12,2400,0,0,0,13,-20.769209204359186,58.346017250126835,56.08108108108108,109,13.21003963011889,37.142857142857146,81.81818181818181,54.054054054054056,1.6666666666666667,2,3,1,77.78
S39G01N73,2021-2022,20211118,559,home,70,22,7,22,8,30,1,42,26,33,15,4,4,13,11,9,16,75,41,16,9,108,88,11,0,5,2400,0,0,0,5,20.769209204359186,66.89791873141725,64.66666666666667,138,5.832944470368642,23.529411764705884,84.61538461538461,53.65853658536585,4.4,2,3,28,77.78,60,20,3,26,13,39,4,48,28,26,9,1,1,11,9,7,15,74,37,16,9,92,85,3,1,12,2400,0,0,0,13,-20.769209204359186,58.346017250126835,56.08108108108108,109,13.21003963011889,37.142857142857146,81.81818181818181,54.054054054054056,1.6666666666666667,2,3,1,77.78
S39G01N73,2021-2022,20211118,560,home,70,22,7,22,8,30,1,42,26,33,15,4,4,13,11,9,16,75,41,16,9,108,88,11,0,5,2400,0,0,0,5,20.769209204359186,66.89791873141725,64.66666666666667,138,5.832944470368642,23.529411764705884,84.61538461538461,53.65853658536585,4.4,2,3,28,77.78,60,20,3,26,13,39,4,48,28,26,9,1,1,11,9,7,15,74,37,16,9,92,85,3,1,12,2400,0,0,0,13,-20.769209204359186,58.346017250126835,56.08108108108108,109,13.21003963011889,37.142857142857146,81.81818181818181,54.054054054054056,1.6666666666666667,2,3,1,77.78
S39G01N73,2021-2022,20211118,561,home,70,22,7,22,8,30,1,42,26,33,15,4,4,13,11,9,16,75,41,16,9,108,88,11,0,5,2400,0,0,0,5,20.769209204359186,66.89791873141725,64.66666666666667,138,5.832944470368642,23.529411764705884,84.61538461538461,53.65853658536585,4.4,2,3,28,77.78,60,20,3,26,13,39,4,48,28,26,9,1,1,11,9,7,15,74,37,16,9,92,85,3,1,12,2400,0,0,0,13,-20.769209204359186,58.346017250126835,56.08108108108108,109,13.21003963011889,37.142857142857146,81.81818181818181,54.054054054054056,1.6666666666666667,2,3,1,77.78
S39G01N73,2021-2022,20211118,562,home,70,22,7,22,8,30,1,42,26,33,15,4,4,13,11,9,16,75,41,16,9,108,88,11,0,5,2400,0,0,0,5,20.769209204359186,66.89791873141725,64.66666666666667,138,5.832944470368642,23.529411764705884,84.61538461538461,53.65853658536585,4.4,2,3,28,77.78,60,20,3,26,13,39,4,48,28,26,9,1,1,11,9,7,15,74,37,16,9,92,85,3,1,12,2400,0,0,0,13,-20.769209204359186,58.346017250126835,56.08108108108108,109,13.21003963011889,37.142857142857146,81.81818181818181,54.054054054054056,1.6666666666666667,2,3,1,77.78
S39G01N73,2021-2022,20211118,563,home,70,22,7,22,8,30,1,42,26,33,15,4,4,13,11,9,16,75,41,16,9,108,88,11,0,5,2400,0,0,0,5,20.769209204359186,66.89791873141725,64.66666666666667,138,5.832944470368642,23.529411764705884,84.61538461538461,53.65853658536585,4.4,2,3,28,77.78,60,20,3,26,13,39,4,48,28,26,9,1,1,11,9,7,15,74,37,16,9,92,85,3,1,12,2400,0,0,0,13,-20.769209204359186,58.346017250126835,56.08108108108108,109,13.21003963011889,37.142857142857146,81.81818181818181,54.054054054054056,1.6666666666666667,2,3,1,77.78
S39G01N73,2021-2022,20211118,564,home,70,22,7,22,8,30,1,42,26,33,15,4,4,13,11,9,16,75,41,16,9,108,88,11,0,5,2400,0,0,0,5,20.769209204359186,66.89791873141725,64.66666666666667,138,5.832944470368642,23.529411764705884,84.61538461538461,53.65853658536585,4.4,2,3,28,77.78,60,20,3,26,13,39,4,48,28,26,9,1,1,11,9,7,15,74,37,16,9,92,85,3,1,12,2400,0,0,0,13,-20.769209204359186,58.346017250126835,56.08108108108108,109,13.21003963011889,37.142857142857146,81.81818181818181,54.054054054054056,1.6666666666666667,2,3,1,77.78
S39G01N73,2021-2022,20211118,565,home,70,22,7,22,8,30,1,42,26,33,15,4,4,13,11,9,16,75,41,16,9,108,88,11,0,5,2400,0,0,0,5,20.769209204359186,66.89791873141725,64.66666666666667,138,5.832944470368642,23.529411764705884,84.61538461538461,53.65853658536585,4.4,2,3,28,77.78,60,20,3,26,13,39,4,48,28,26,9,1,1,11,9,7,15,74,37,16,9,92,85,3,1,12,2400,0,0,0,13,-20.769209204359186,58.346017250126835,56.08108108108108,109,13.21003963011889,37.142857142857146,81.81818181818181,54.054054054054056,1.6666666666666667,2,3,1,77.78
