gameKey,seasonName,date,winner,H_TEAM,H_AST,H_BLK,H_DREB,H_OREB,H_PRB,H_TRB,H_2PA,H_2PM,H_3PA,H_3PM,H_DKA,H_DKM,H_FTA,H_FTM,H_SWA,H_SWM,H_FGA,H_FGM,H_TPF,H_PF,H_PP,H_PA,H_STL,H_TTO,H_PTO,H_MIN,H_UF,H_TF,H_EJ,H_TO,H_NR,H_TS%,H_eFG%,H_EFF,H_TOV%,H_OREB%,H_FT%,H_AST%,H_AST/TO%,H_CR,H_LC,H_LLP,H_PACE,A_TEAM,A_AST,A_BLK,A_DREB,A_OREB,A_PRB,A_TRB,A_2PA,A_2PM,A_3PA,A_3PM,A_DKA,A_DKM,A_FTA,A_FTM,A_SWA,A_SWM,A_FGA,A_FGM,A_TPF,A_PF,A_PP,A_PA,A_STL,A_TTO,A_PTO,A_MIN,A_UF,A_TF,A_EJ,A_TO,A_NR,A_TS%,A_eFG%,A_EFF,A_TOV%,A_OREB%,A_FT%,A_AST%,A_AST/TO%,A_CR,A_LC,A_LLP,A_PACE
S39G01N244,2021-2022,20220316,home,64,0,0,0,0,0,0,0,0,0,0,0,0,0,0,0,0,0,0,0,0,0,0,0,0,0,0,0,0,0,0,0.0,0.0,0.0,0,0.0,0.0,0.0,0.0,0.0,0,0,0,0.0,60,0,0,0,0,0,0,0,0,0,0,0,0,0,0,0,0,0,0,0,0,0,0,0,0,0,0,0,0,0,0,0.0,0.0,0.0,0,0.0,0.0,0.0,0.0,0.0,0,0,0,0.0
S39G01N244,2021-2022,20220316,home,64,0,0,0,0,0,0,0,0,0,0,0,0,0,0,0,0,0,0,0,0,0,0,0,0,0,0,0,0,0,0,0.0,0.0,0.0,0,0.0,0.0,0.0,0.0,0.0,0,0,0,0.0,60,0,0,0,0,0,0,0,0,0,0,0,0,0,0,0,0,0,0,0,0,0,0,0,0,0,0,0,0,0,0,0.0,0.0,0.0,0,0.0,0.0,0.0,0.0,0.0,0,0,0,0.0
S39G01N244,2021-2022,20220316,home,64,0,0,0,0,0,0,0,0,0,0,0,0,0,0,0,0,0,0,0,0,0,0,0,0,0,0,0,0,0,0,0.0,0.0,0.0,0,0.0,0.0,0.0,0.0,0.0,0,0,0,0.0,60,0,0,0,0,0,0,0,0,0,0,0,0,0,0,0,0,0,0,0,0,0,0,0,0,0,0,0,0,0,0,0.0,0.0,0.0,0,0.0,0.0,0.0,0.0,0.0,0,0,0,0.0
S39G01N244,2021-2022,20220316,home,64,0,0,0,0,0,0,0,0,0,0,0,0,0,0,0,0,0,0,0,0,0,0,0,0,0,0,0,0,0,0,0.0,0.0,0.0,0,0.0,0.0,0.0,0.0,0.0,0,0,0,0.0,60,0,0,0,0,0,0,0,0,0,0,0,0,0,0,0,0,0,0,0,0,0,0,0,0,0,0,0,0,0,0,0.0,0.0,0.0,0,0.0,0.0,0.0,0.0,0.0,0,0,0,0.0
S39G01N244,2021-2022,20220316,home,64,0,0,0,0,0,0,0,0,0,0,0,0,0,0,0,0,0,0,0,0,0,0,0,0,0,0,0,0,0,0,0.0,0.0,0.0,0,0.0,0.0,0.0,0.0,0.0,0,0,0,0.0,60,0,0,0,0,0,0,0,0,0,0,0,0,0,0,0,0,0,0,0,0,0,0,0,0,0,0,0,0,0,0,0.0,0.0,0.0,0,0.0,0.0,0.0,0.0,0.0,0,0,0,0.0
S39G01N244,2021-2022,20220316,home,64,0,0,0,0,0,0,0,0,0,0,0,0,0,0,0,0,0,0,0,0,0,0,0,0,0,0,0,0,0,0,0.0,0.0,0.0,0,0.0,0.0,0.0,0.0,0.0,0,0,0,0.0,60,0,0,0,0,0,0,0,0,0,0,0,0,0,0,0,0,0,0,0,0,0,0,0,0,0,0,0,0,0,0,0.0,0.0,0.0,0,0.0,0.0,0.0,0.0,0.0,0,0,0,0.0
S39G01N244,2021-2022,20220316,home,64,0,0,0,0,0,0,0,0,0,0,0,0,0,0,0,0,0,0,0,0,0,0,0,0,0,0,0,0,0,0,0.0,0.0,0.0,0,0.0,0.0,0.0,0.0,0.0,0,0,0,0.0,60,0,0,0,0,0,0,0,0,0,0,0,0,0,0,0,0,0,0,0,0,0,0,0,0,0,0,0,0,0,0,0.0,0.0,0.0,0,0.0,0.0,0.0,0.0,0.0,0,0,0,0.0
S39G01N244,2021-2022,20220316,home,64,0,0,0,0,0,0,0,0,0,0,0,0,0,0,0,0,0,0,0,0,0,0,0,0,0,0,0,0,0,0,0.0,0.0,0.0,0,0.0,0.0,0.0,0.0,0.0,0,0,0,0.0,60,0,0,0,0,0,0,0,0,0,0,0,0,0,0,0,0,0,0,0,0,0,0,0,0,0,0,0,0,0,0,0.0,0.0,0.0,0,0.0,0.0,0.0,0.0,0.0,0,0,0,0.0
S39G01N244,2021-2022,20220316,home,64,0,0,0,0,0,0,0,0,0,0,0,0,0,0,0,0,0,0,0,0,0,0,0,0,0,0,0,0,0,0,0.0,0.0,0.0,0,0.0,0.0,0.0,0.0,0.0,0,0,0,0.0,60,0,0,0,0,0,0,0,0,0,0,0,0,0,0,0,0,0,0,0,0,0,0,0,0,0,0,0,0,0,0,0.0,0.0,0.0,0,0.0,0.0,0.0,0.0,0.0,0,0,0,0.0
S39G01N244,2021-2022,20220316,home,64,0,0,0,0,0,0,0,0,0,0,0,0,0,0,0,0,0,0,0,0,0,0,0,0,0,0,0,0,0,0,0.0,0.0,0.0,0,0.0,0.0,0.0,0.0,0.0,0,0,0,0.0,60,0,0,0,0,0,0,0,0,0,0,0,0,0,0,0,0,0,0,0,0,0,0,0,0,0,0,0,0,0,0,0.0,0.0,0.0,0,0.0,0.0,0.0,0.0,0.0,0,0,0,0.0
S39G01N244,2021-2022,20220316,home,64,0,0,0,0,0,0,0,0,0,0,0,0,0,0,0,0,0,0,0,0,0,0,0,0,0,0,0,0,0,0,0.0,0.0,0.0,0,0.0,0.0,0.0,0.0,0.0,0,0,0,0.0,60,0,0,0,0,0,0,0,0,0,0,0,0,0,0,0,0,0,0,0,0,0,0,0,0,0,0,0,0,0,0,0.0,0.0,0.0,0,0.0,0.0,0.0,0.0,0.0,0,0,0,0.0
S39G01N244,2021-2022,20220316,home,64,0,0,0,0,0,0,0,0,0,0,0,0,0,0,0,0,0,0,0,0,0,0,0,0,0,12,0,0,0,0,0.0,0.0,0.0,0,0.0,0.0,0.0,0.0,0.0,0,0,0,100.0,60,0,0,0,0,0,0,0,0,0,0,0,0,0,0,0,0,0,0,0,0,0,0,0,0,1,12,0,0,0,1,0.0,0.0,0.0,-1,100.0,0.0,0.0,0.0,0.0,0,0,0,100.0
S39G01N244,2021-2022,20220316,home,64,0,0,0,0,0,0,1,1,0,0,0,0,0,0,0,0,1,1,0,0,2,1,0,0,0,29,0,0,0,0,200.0,100.0,100.0,2,0.0,0.0,0.0,0.0,0.0,2,1,2,82.75862068965517,60,0,0,0,0,0,0,0,0,0,0,0,0,0,0,0,0,0,0,0,0,0,0,0,0,1,29,0,0,0,1,-200.0,0.0,0.0,-1,100.0,0.0,0.0,0.0,0.0,2,1,0,82.75862068965517
S39G01N244,2021-2022,20220316,home,64,0,0,0,0,0,0,1,1,0,0,0,0,0,0,0,0,1,1,1,1,2,1,0,0,0,42,0,0,0,0,200.0,100.0,100.0,2,0.0,0.0,0.0,0.0,0.0,2,1,2,57.142857142857146,60,0,0,0,0,0,0,0,0,0,0,0,0,0,0,0,0,0,0,0,0,0,0,0,0,1,42,0,0,0,1,-200.0,0.0,0.0,-1,100.0,0.0,0.0,0.0,0.0,2,1,0,57.142857142857146
S39G01N244,2021-2022,20220316,home,64,0,0,0,0,0,0,1,1,0,0,0,0,0,0,0,0,1,1,1,1,2,1,0,0,0,42,0,0,0,0,200.0,100.0,100.0,2,0.0,0.0,0.0,0.0,0.0,2,1,2,57.142857142857146,60,0,0,0,0,0,0,0,0,0,0,0,0,0,0,0,0,0,0,0,0,0,0,0,0,1,42,0,0,0,1,-200.0,0.0,0.0,-1,100.0,0.0,0.0,0.0,0.0,2,1,0,57.142857142857146
S39G01N244,2021-2022,20220316,home,64,0,0,0,0,0,0,1,1,0,0,0,0,0,0,0,0,1,1,1,1,2,1,0,0,0,55,0,0,0,0,200.0,100.0,100.0,2,0.0,0.0,0.0,0.0,0.0,2,1,2,65.45454545454545,60,0,0,0,0,0,0,0,0,0,0,0,0,0,0,0,0,0,0,0,0,0,0,0,0,2,55,0,0,0,2,-200.0,0.0,0.0,-2,100.0,0.0,0.0,0.0,0.0,2,1,0,65.45454545454545
S39G01N244,2021-2022,20220316,home,64,0,0,0,0,0,0,1,1,0,0,0,0,0,0,0,0,1,1,1,1,2,1,1,0,0,56,0,0,0,0,200.0,100.0,100.0,3,0.0,0.0,0.0,0.0,0.0,2,1,2,64.28571428571428,60,0,0,0,0,0,0,0,0,0,0,0,0,0,0,0,0,0,0,0,0,0,0,0,0,2,56,0,0,0,2,-200.0,0.0,0.0,-2,100.0,0.0,0.0,0.0,0.0,2,1,0,64.28571428571428
S39G01N244,2021-2022,20220316,home,64,0,0,0,0,0,0,2,2,0,0,0,0,0,0,0,0,2,2,1,1,4,2,1,0,0,59,0,0,0,0,200.0,100.0,100.0,5,0.0,0.0,0.0,0.0,0.0,4,1,4,81.35593220338983,60,0,0,0,0,0,0,0,0,0,0,0,0,0,0,0,0,0,0,0,0,0,0,0,0,2,59,0,0,0,2,-200.0,0.0,0.0,-2,100.0,0.0,0.0,0.0,0.0,4,1,0,81.35593220338983
S39G01N244,2021-2022,20220316,home,64,1,0,0,0,0,0,2,2,0,0,0,0,0,0,0,0,2,2,1,1,4,2,1,0,0,59,0,0,0,0,200.0,100.0,100.0,6,0.0,0.0,0.0,50.0,0.0,4,1,4,81.35593220338983,60,0,0,0,0,0,0,0,0,0,0,0,0,0,0,0,0,0,0,0,0,0,0,0,0,2,59,0,0,0,2,-200.0,0.0,0.0,-2,100.0,0.0,0.0,0.0,0.0,4,1,0,81.35593220338983
S39G01N244,2021-2022,20220316,home,64,1,0,0,0,0,0,2,2,0,0,0,0,0,0,1,2,2,2,1,1,4,2,1,0,0,59,0,0,0,0,200.0,100.0,100.0,6,0.0,0.0,0.0,50.0,0.0,4,1,4,81.35593220338983,60,0,0,0,0,0,0,0,0,0,0,0,0,0,0,0,0,0,0,0,0,0,0,0,0,2,59,0,0,0,2,-200.0,0.0,0.0,-2,100.0,0.0,0.0,0.0,0.0,4,1,0,81.35593220338983
S39G01N244,2021-2022,20220316,home,64,1,0,0,0,0,0,2,2,0,0,0,0,0,0,1,2,2,2,1,1,4,2,1,0,0,80,0,0,0,0,200.0,100.0,100.0,6,0.0,0.0,0.0,50.0,0.0,4,1,4,75.0,60,0,0,0,0,0,0,0,0,1,0,0,0,0,0,0,0,1,0,0,0,0,1,0,0,2,80,0,0,0,2,-200.0,0.0,0.0,-3,66.66666666666667,0.0,0.0,0.0,0.0,4,1,0,75.0
S39G01N244,2021-2022,20220316,home,64,1,0,0,0,0,1,2,2,0,0,0,0,0,0,1,2,2,2,1,1,4,2,1,0,0,81,0,0,0,0,200.0,100.0,100.0,7,0.0,0.0,0.0,50.0,0.0,4,1,4,74.07407407407408,60,0,0,0,0,0,0,0,0,1,0,0,0,0,0,0,0,1,0,0,0,0,1,0,0,2,81,0,0,0,2,-200.0,0.0,0.0,-3,66.66666666666667,0.0,0.0,0.0,0.0,4,1,0,74.07407407407408
S39G01N244,2021-2022,20220316,home,64,1,0,0,0,0,1,2,2,0,0,0,0,0,0,1,2,2,2,1,1,4,2,1,0,0,81,0,0,0,0,200.0,100.0,100.0,7,0.0,0.0,0.0,50.0,0.0,4,1,4,74.07407407407408,60,0,0,0,0,0,0,0,0,1,0,0,0,0,0,0,0,1,0,0,0,0,1,0,0,2,81,0,0,0,2,-200.0,0.0,0.0,-3,66.66666666666667,0.0,0.0,0.0,0.0,4,1,0,74.07407407407408
S39G01N244,2021-2022,20220316,home,64,1,0,0,0,0,1,2,2,0,0,0,0,0,0,1,2,2,2,1,1,4,2,1,0,0,81,0,0,0,0,200.0,100.0,100.0,7,0.0,0.0,0.0,50.0,0.0,4,1,4,74.07407407407408,60,0,0,0,0,0,0,0,0,1,0,0,0,0,0,0,0,1,0,0,0,0,1,0,0,2,81,0,0,0,2,-200.0,0.0,0.0,-3,66.66666666666667,0.0,0.0,0.0,0.0,4,1,0,74.07407407407408
S39G01N244,2021-2022,20220316,home,64,1,0,0,0,0,1,2,2,1,1,0,0,0,0,1,2,3,3,1,1,7,3,1,0,0,90,0,0,0,0,233.33333333333334,116.66666666666667,116.66666666666667,10,0.0,0.0,0.0,33.333333333333336,0.0,7,1,7,80.0,60,0,0,0,0,0,0,0,0,1,0,0,0,0,0,0,0,1,0,0,0,0,1,0,0,2,90,0,0,0,2,-233.33333333333334,0.0,0.0,-3,66.66666666666667,0.0,0.0,0.0,0.0,7,1,0,80.0
S39G01N244,2021-2022,20220316,home,64,1,0,0,0,0,1,2,2,1,1,0,0,0,0,1,2,3,3,2,2,7,3,1,0,0,102,0,0,0,0,233.33333333333334,116.66666666666667,116.66666666666667,10,0.0,0.0,0.0,33.333333333333336,0.0,7,1,7,70.58823529411765,60,0,0,0,0,0,0,0,0,1,0,0,0,0,0,0,0,1,0,0,0,0,1,0,0,2,102,0,0,0,2,-233.33333333333334,0.0,0.0,-3,66.66666666666667,0.0,0.0,0.0,0.0,7,1,0,70.58823529411765
S39G01N244,2021-2022,20220316,home,64,1,0,0,0,0,1,2,2,1,1,0,0,0,0,1,2,3,3,2,2,7,3,1,0,0,102,0,0,0,0,233.33333333333334,116.66666666666667,116.66666666666667,10,0.0,0.0,0.0,33.333333333333336,0.0,7,1,7,70.58823529411765,60,0,0,0,0,0,0,0,0,1,0,0,0,0,0,0,0,1,0,0,0,0,1,0,0,2,102,0,0,0,2,-233.33333333333334,0.0,0.0,-3,66.66666666666667,0.0,0.0,0.0,0.0,7,1,0,70.58823529411765
S39G01N244,2021-2022,20220316,home,64,1,0,0,0,0,1,2,2,1,1,0,0,0,0,1,2,3,3,3,3,7,3,1,0,0,110,0,0,0,0,233.33333333333334,116.66666666666667,116.66666666666667,10,0.0,0.0,0.0,33.333333333333336,0.0,7,1,7,65.45454545454545,60,0,0,0,0,0,0,0,0,1,0,0,0,0,0,0,0,1,0,0,0,0,1,0,0,2,110,0,0,0,2,-233.33333333333334,0.0,0.0,-3,66.66666666666667,0.0,0.0,0.0,0.0,7,1,0,65.45454545454545
S39G01N244,2021-2022,20220316,home,64,1,0,0,0,0,1,2,2,1,1,0,0,0,0,1,2,3,3,3,3,7,3,1,0,0,110,0,0,0,0,233.33333333333334,116.66666666666667,116.66666666666667,10,0.0,0.0,0.0,33.333333333333336,0.0,7,1,7,65.45454545454545,60,0,0,0,0,0,0,0,0,1,0,0,0,0,0,0,0,1,0,0,0,0,1,0,0,2,110,0,0,0,2,-233.33333333333334,0.0,0.0,-3,66.66666666666667,0.0,0.0,0.0,0.0,7,1,0,65.45454545454545
S39G01N244,2021-2022,20220316,home,64,1,0,0,0,0,1,2,2,1,1,0,0,0,0,1,2,3,3,3,3,7,3,1,0,0,117,0,0,0,0,183.33333333333334,116.66666666666667,116.66666666666667,10,0.0,0.0,0.0,33.333333333333336,0.0,2,1,7,71.7948717948718,60,0,0,0,0,0,0,1,1,1,0,0,0,0,0,0,0,2,1,0,0,2,2,0,0,2,117,0,0,0,2,-183.33333333333334,50.0,50.0,-1,50.0,0.0,0.0,0.0,0.0,2,1,0,71.7948717948718
S39G01N244,2021-2022,20220316,home,64,1,0,0,0,0,1,2,2,1,1,0,0,0,0,1,2,3,3,3,3,7,3,1,0,0,117,0,0,0,0,183.33333333333334,116.66666666666667,116.66666666666667,10,0.0,0.0,0.0,33.333333333333336,0.0,2,1,7,71.7948717948718,60,1,0,0,0,0,0,1,1,1,0,0,0,0,0,0,0,2,1,0,0,2,2,0,0,2,117,0,0,0,2,-183.33333333333334,50.0,50.0,0,50.0,0.0,0.0,100.0,0.5,2,1,0,71.7948717948718
S39G01N244,2021-2022,20220316,home,64,1,0,0,0,0,1,2,2,2,2,0,0,0,0,1,2,4,4,3,3,10,4,1,0,0,131,0,0,0,0,200.0,125.0,125.0,13,0.0,0.0,0.0,25.0,0.0,3,1,8,73.2824427480916,60,1,0,0,0,0,0,1,1,1,0,0,0,0,0,0,0,2,1,0,0,2,2,0,0,2,131,0,0,0,2,-200.0,50.0,50.0,0,50.0,0.0,0.0,100.0,0.5,3,1,0,73.2824427480916
S39G01N244,2021-2022,20220316,home,64,1,0,0,0,0,1,2,2,2,2,0,0,0,0,1,2,4,4,3,3,10,4,1,0,0,152,0,0,0,0,150.0,125.0,125.0,13,0.0,0.0,0.0,25.0,0.0,3,1,8,71.05263157894737,60,1,0,0,0,0,0,1,1,2,1,0,0,0,0,0,0,3,2,0,0,5,3,0,0,2,152,0,0,0,2,-150.0,83.33333333333333,83.33333333333333,3,40.0,0.0,0.0,50.0,0.5,3,1,0,71.05263157894737
S39G01N244,2021-2022,20220316,home,64,1,0,0,0,0,1,2,2,2,2,0,0,0,0,1,2,4,4,3,3,10,4,1,0,0,152,0,0,0,0,150.0,125.0,125.0,13,0.0,0.0,0.0,25.0,0.0,3,1,8,71.05263157894737,60,2,0,0,0,0,0,1,1,2,1,0,0,0,0,0,0,3,2,0,0,5,3,0,0,2,152,0,0,0,2,-150.0,83.33333333333333,83.33333333333333,4,40.0,0.0,0.0,100.0,1.0,3,1,0,71.05263157894737
S39G01N244,2021-2022,20220316,home,64,1,0,0,0,0,1,3,3,2,2,0,0,0,0,1,2,5,5,3,3,12,5,1,0,0,173,0,0,0,0,140.0,120.0,120.0,15,0.0,0.0,0.0,20.0,0.0,2,1,8,69.36416184971098,60,2,0,0,0,0,0,1,1,2,1,0,0,0,0,0,0,3,2,0,0,5,3,0,0,2,173,0,0,0,2,-140.0,83.33333333333333,83.33333333333333,4,40.0,0.0,0.0,100.0,1.0,2,1,0,69.36416184971098
S39G01N244,2021-2022,20220316,home,64,2,0,0,0,0,1,3,3,2,2,0,0,0,0,1,2,5,5,3,3,12,5,1,0,0,173,0,0,0,0,140.0,120.0,120.0,16,0.0,0.0,0.0,40.0,0.0,2,1,8,69.36416184971098,60,2,0,0,0,0,0,1,1,2,1,0,0,0,0,0,0,3,2,0,0,5,3,0,0,2,173,0,0,0,2,-140.0,83.33333333333333,83.33333333333333,4,40.0,0.0,0.0,100.0,1.0,2,1,0,69.36416184971098
S39G01N244,2021-2022,20220316,home,64,2,0,0,0,0,1,3,3,2,2,0,0,0,0,1,2,5,5,3,3,12,5,1,0,0,173,0,0,0,0,140.0,120.0,120.0,16,0.0,0.0,0.0,40.0,0.0,2,1,8,69.36416184971098,60,2,0,0,0,0,0,1,1,2,1,0,0,0,0,0,0,3,2,1,0,5,3,0,0,2,173,0,0,0,2,-140.0,83.33333333333333,83.33333333333333,4,40.0,0.0,0.0,100.0,1.0,2,1,0,69.36416184971098
S39G01N244,2021-2022,20220316,home,64,2,0,0,0,0,1,3,3,2,2,0,0,0,0,1,2,5,5,3,3,12,5,1,0,0,173,0,0,0,0,140.0,120.0,120.0,16,0.0,0.0,0.0,40.0,0.0,2,1,8,69.36416184971098,60,2,0,0,0,0,0,1,1,2,1,0,0,0,0,0,0,3,2,1,0,5,3,0,0,2,173,0,0,0,2,-140.0,83.33333333333333,83.33333333333333,4,40.0,0.0,0.0,100.0,1.0,2,1,0,69.36416184971098
S39G01N244,2021-2022,20220316,home,64,2,0,0,0,0,1,3,3,2,2,0,0,0,0,1,2,5,5,3,3,12,5,1,0,0,173,0,0,0,0,140.0,120.0,120.0,16,0.0,0.0,0.0,40.0,0.0,2,1,8,69.36416184971098,60,2,0,0,0,0,0,1,1,2,1,0,0,0,0,0,0,3,2,1,0,5,3,0,0,2,173,0,0,0,2,-140.0,83.33333333333333,83.33333333333333,4,40.0,0.0,0.0,100.0,1.0,2,1,0,69.36416184971098
S39G01N244,2021-2022,20220316,home,64,2,0,0,0,0,1,3,3,2,2,0,0,0,0,1,2,5,5,3,3,12,5,1,0,0,173,0,0,0,0,140.0,120.0,120.0,16,0.0,0.0,0.0,40.0,0.0,2,1,8,69.36416184971098,60,2,0,0,0,0,0,1,1,2,1,0,0,0,0,0,0,3,2,1,0,5,3,0,0,2,173,0,0,0,2,-140.0,83.33333333333333,83.33333333333333,4,40.0,0.0,0.0,100.0,1.0,2,1,0,69.36416184971098
S39G01N244,2021-2022,20220316,home,64,2,0,0,0,0,1,3,3,2,2,0,0,1,1,1,2,5,5,3,3,13,6,1,0,0,173,0,0,0,0,138.9705882352941,119.48529411764704,120.0,17,0.0,0.0,100.0,40.0,0.0,3,1,8,72.41618497109828,60,2,0,0,0,0,0,1,1,2,1,0,0,0,0,0,0,3,2,1,0,5,3,0,0,2,173,0,0,0,2,-138.9705882352941,83.33333333333333,83.33333333333333,4,40.0,0.0,0.0,100.0,1.0,3,1,0,72.41618497109828
S39G01N244,2021-2022,20220316,home,64,2,0,0,0,0,1,3,3,2,2,0,0,1,1,1,2,5,5,3,3,13,6,1,0,0,187,0,0,0,0,122.30392156862742,119.48529411764704,120.0,17,0.0,0.0,100.0,40.0,0.0,2,1,8,73.41176470588236,60,2,0,0,0,0,0,2,2,2,1,0,0,0,0,0,0,4,3,1,0,7,4,0,0,2,187,0,0,0,2,-122.30392156862742,87.5,87.5,6,33.333333333333336,0.0,0.0,66.66666666666667,1.0,2,1,0,73.41176470588236
S39G01N244,2021-2022,20220316,home,64,2,0,0,0,0,1,3,3,3,2,0,0,1,1,1,2,6,5,3,3,13,7,1,0,0,201,0,0,0,0,85.1966873706004,100.93167701863354,100.0,16,0.0,0.0,100.0,40.0,0.0,2,1,8,74.26865671641792,60,2,0,0,0,0,0,2,2,2,1,0,0,0,0,0,0,4,3,1,0,7,4,0,0,2,201,0,0,0,2,-85.1966873706004,87.5,87.5,6,33.333333333333336,0.0,0.0,66.66666666666667,1.0,2,1,0,74.26865671641792
S39G01N244,2021-2022,20220316,home,64,2,0,0,0,0,1,3,3,3,2,0,0,1,1,1,2,6,5,3,3,13,7,1,0,0,202,0,0,0,0,85.1966873706004,100.93167701863354,100.0,16,0.0,0.0,100.0,40.0,0.0,2,1,8,73.9009900990099,60,2,0,0,0,0,1,2,2,2,1,0,0,0,0,0,0,4,3,1,0,7,4,0,0,2,202,0,0,0,2,-85.1966873706004,87.5,87.5,7,33.333333333333336,0.0,0.0,66.66666666666667,1.0,2,1,0,73.9009900990099
S39G01N244,2021-2022,20220316,home,64,2,0,0,0,0,1,3,3,3,2,0,0,1,1,1,2,6,5,3,3,13,7,1,0,0,225,0,0,0,0,73.29192546583849,100.93167701863354,100.0,16,0.0,0.0,100.0,40.0,0.0,4,1,8,71.68,60,2,0,0,0,0,1,3,3,2,1,0,0,0,0,0,0,5,4,1,0,9,5,0,0,2,225,0,0,0,2,-73.29192546583849,90.0,90.0,9,28.571428571428573,0.0,0.0,50.0,1.0,4,1,0,71.68
S39G01N244,2021-2022,20220316,home,64,2,0,0,0,0,1,3,3,3,2,0,0,1,1,1,2,6,5,3,3,13,7,1,0,0,225,0,0,0,0,73.29192546583849,100.93167701863354,100.0,16,0.0,0.0,100.0,40.0,0.0,4,1,8,71.68,60,3,0,0,0,0,1,3,3,2,1,0,0,0,0,0,0,5,4,1,0,9,5,0,0,2,225,0,0,0,2,-73.29192546583849,90.0,90.0,10,28.571428571428573,0.0,0.0,75.0,1.5,4,1,0,71.68
S39G01N244,2021-2022,20220316,home,64,2,0,0,0,0,1,3,3,3,2,0,0,1,1,1,2,6,5,4,3,13,7,1,0,0,225,0,0,0,0,73.29192546583849,100.93167701863354,100.0,16,0.0,0.0,100.0,40.0,0.0,4,1,8,71.68,60,3,0,0,0,0,1,3,3,2,1,0,0,0,0,0,0,5,4,1,0,9,5,0,0,2,225,0,0,0,2,-73.29192546583849,90.0,90.0,10,28.571428571428573,0.0,0.0,75.0,1.5,4,1,0,71.68
S39G01N244,2021-2022,20220316,home,64,2,0,0,0,0,1,3,3,3,2,0,0,1,1,1,2,6,5,4,3,13,7,1,0,0,225,0,0,0,0,73.29192546583849,100.93167701863354,100.0,16,0.0,0.0,100.0,40.0,0.0,4,1,8,71.68,60,3,0,0,0,0,1,3,3,2,1,0,0,0,0,0,0,5,4,1,0,9,5,0,0,2,225,0,0,0,2,-73.29192546583849,90.0,90.0,10,28.571428571428573,0.0,0.0,75.0,1.5,4,1,0,71.68
S39G01N244,2021-2022,20220316,home,64,2,0,0,0,0,1,3,3,3,2,0,0,1,1,1,2,6,5,4,3,13,7,1,0,0,225,0,0,0,0,67.45475188672944,100.93167701863354,100.0,16,0.0,0.0,100.0,40.0,0.0,5,1,8,74.02666666666667,60,3,0,0,0,0,1,3,3,2,1,0,0,1,1,0,0,5,4,1,0,10,6,0,0,2,225,0,0,0,2,-67.45475188672944,91.91176470588235,90.0,11,26.881720430107524,0.0,100.0,75.0,1.5,5,1,0,74.02666666666667
S39G01N244,2021-2022,20220316,home,64,2,0,0,0,0,1,3,3,3,2,0,0,1,1,1,2,6,5,4,3,13,7,1,0,1,240,0,0,0,1,40.32258064516128,100.93167701863354,100.0,15,13.440860215053762,0.0,100.0,40.0,2.0,5,1,8,74.4,60,3,0,0,0,0,1,3,3,2,1,0,0,1,1,0,0,5,4,1,0,10,6,0,0,2,240,0,0,0,2,-40.32258064516128,91.91176470588235,90.0,11,26.881720430107524,0.0,100.0,75.0,1.5,5,1,0,74.4
S39G01N244,2021-2022,20220316,home,64,2,0,0,0,0,1,3,3,3,2,0,0,1,1,1,2,6,5,4,3,13,7,1,0,1,241,0,0,0,1,40.32258064516128,100.93167701863354,100.0,15,13.440860215053762,0.0,100.0,40.0,2.0,5,1,8,74.09128630705395,60,3,0,0,0,0,1,3,3,2,1,0,0,1,1,0,0,5,4,1,0,10,6,1,0,2,241,0,0,0,2,-40.32258064516128,91.91176470588235,90.0,12,26.881720430107524,0.0,100.0,75.0,1.5,5,1,0,74.09128630705395
S39G01N244,2021-2022,20220316,home,64,2,0,0,0,0,1,3,3,3,2,0,0,1,1,1,2,6,5,4,3,13,7,1,0,1,246,0,0,0,1,20.702746776741577,100.93167701863354,100.0,15,13.440860215053762,0.0,100.0,40.0,2.0,8,1,8,77.46341463414635,60,3,0,0,0,0,1,3,3,3,2,0,0,1,1,0,0,6,5,1,0,13,7,1,0,2,246,0,0,0,2,-20.702746776741577,100.93167701863354,100.0,15,23.696682464454973,0.0,100.0,60.0,1.5,8,1,0,77.46341463414635
S39G01N244,2021-2022,20220316,home,64,2,0,0,0,0,1,3,3,3,2,0,0,1,1,1,2,6,5,4,3,13,7,1,0,1,246,0,0,0,1,20.702746776741577,100.93167701863354,100.0,15,13.440860215053762,0.0,100.0,40.0,2.0,8,1,8,77.46341463414635,60,4,0,0,0,0,1,3,3,3,2,0,0,1,1,0,0,6,5,1,0,13,7,1,0,2,246,0,0,0,2,-20.702746776741577,100.93167701863354,100.0,16,23.696682464454973,0.0,100.0,80.0,2.0,8,1,0,77.46341463414635
S39G01N244,2021-2022,20220316,home,64,2,0,0,0,0,1,3,3,4,2,0,0,1,1,1,2,7,5,4,3,13,8,1,0,1,261,0,0,0,1,0.0,87.36559139784946,85.71428571428571,14,11.848341232227487,0.0,100.0,40.0,2.0,8,1,8,77.60919540229885,60,4,0,0,0,0,1,3,3,3,2,0,0,1,1,0,0,6,5,1,0,13,7,1,0,2,261,0,0,0,2,0.0,100.93167701863354,100.0,16,23.696682464454973,0.0,100.0,80.0,2.0,8,1,0,77.60919540229885
S39G01N244,2021-2022,20220316,home,64,2,0,0,0,0,1,3,3,4,2,0,0,1,1,1,2,7,5,4,3,13,8,1,0,1,262,0,0,0,1,0.0,87.36559139784946,85.71428571428571,14,11.848341232227487,0.0,100.0,40.0,2.0,8,1,8,77.31297709923665,60,4,0,1,0,1,1,3,3,3,2,0,0,1,1,0,0,6,5,1,0,13,7,1,0,2,262,0,0,0,2,0.0,100.93167701863354,100.0,17,23.696682464454973,0.0,100.0,80.0,2.0,8,1,0,77.31297709923665
S39G01N244,2021-2022,20220316,home,64,2,0,0,0,0,1,3,3,4,2,0,0,1,1,1,2,7,5,4,3,13,8,1,0,1,266,0,0,0,1,-4.869869065788407,87.36559139784946,85.71428571428571,14,11.848341232227487,0.0,100.0,40.0,2.0,10,2,8,80.66165413533837,60,4,0,1,0,1,1,4,4,3,2,0,0,1,1,0,0,7,6,1,0,15,8,1,0,2,266,0,0,0,2,4.869869065788407,100.80645161290322,100.0,19,21.1864406779661,0.0,100.0,66.66666666666667,2.0,10,2,2,80.66165413533837
S39G01N244,2021-2022,20220316,home,64,2,0,0,0,0,1,3,3,4,2,0,0,1,1,1,2,7,5,4,3,13,8,1,0,1,266,0,0,0,1,-4.869869065788407,87.36559139784946,85.71428571428571,14,11.848341232227487,0.0,100.0,40.0,2.0,10,2,8,80.66165413533837,60,5,0,1,0,1,1,4,4,3,2,0,0,1,1,0,0,7,6,1,0,15,8,1,0,2,266,0,0,0,2,4.869869065788407,100.80645161290322,100.0,20,21.1864406779661,0.0,100.0,83.33333333333333,2.5,10,2,2,80.66165413533837
S39G01N244,2021-2022,20220316,home,64,2,0,0,0,0,1,3,3,4,2,0,0,1,1,1,2,7,5,4,3,13,8,1,0,1,266,0,0,0,1,-4.869869065788407,87.36559139784946,85.71428571428571,14,11.848341232227487,0.0,100.0,40.0,2.0,10,2,8,80.66165413533837,60,5,0,1,0,1,1,4,4,3,2,0,0,1,1,1,2,7,6,1,0,15,8,1,0,2,266,0,0,0,2,4.869869065788407,100.80645161290322,100.0,20,21.1864406779661,0.0,100.0,83.33333333333333,2.5,10,2,2,80.66165413533837
S39G01N244,2021-2022,20220316,home,64,2,0,0,0,0,1,4,3,4,2,0,0,1,1,1,2,8,5,4,3,13,9,1,0,1,287,0,0,0,1,-21.18644067796606,77.01421800947868,75.0,13,10.593220338983052,0.0,100.0,40.0,2.0,10,2,8,78.94076655052267,60,5,0,1,0,1,1,4,4,3,2,0,0,1,1,1,2,7,6,1,0,15,8,1,0,2,287,0,0,0,2,21.18644067796606,100.80645161290322,100.0,20,21.1864406779661,0.0,100.0,83.33333333333333,2.5,10,2,2,78.94076655052267
S39G01N244,2021-2022,20220316,home,64,2,0,0,1,1,1,4,3,4,2,0,0,1,1,1,2,8,5,4,3,13,9,1,0,1,289,0,0,0,1,-4.869869065788379,77.01421800947868,75.0,14,10.593220338983052,50.0,100.0,40.0,2.0,10,2,8,74.24221453287198,60,5,0,1,0,1,1,4,4,3,2,0,0,1,1,1,2,7,6,1,0,15,8,1,0,2,289,0,0,0,2,4.869869065788379,100.80645161290322,100.0,20,21.1864406779661,0.0,100.0,83.33333333333333,2.5,10,2,2,74.24221453287198
S39G01N244,2021-2022,20220316,home,64,2,0,0,1,1,1,5,4,4,2,0,0,1,1,1,2,9,6,4,3,15,10,1,0,1,297,0,0,0,1,2.842170943040401e-14,79.44915254237289,77.77777777777777,16,9.578544061302683,50.0,100.0,33.333333333333336,2.0,2,2,8,76.2828282828283,60,5,0,1,0,1,1,4,4,3,2,0,0,1,1,1,2,7,6,1,0,15,8,1,0,2,297,0,0,0,2,-2.842170943040401e-14,100.80645161290322,100.0,20,21.1864406779661,0.0,100.0,83.33333333333333,2.5,2,2,2,76.2828282828283
S39G01N244,2021-2022,20220316,home,64,3,0,0,1,1,1,5,4,4,2,0,0,1,1,1,2,9,6,4,3,15,10,1,0,1,297,0,0,0,1,2.842170943040401e-14,79.44915254237289,77.77777777777777,17,9.578544061302683,50.0,100.0,50.0,3.0,2,2,8,76.2828282828283,60,5,0,1,0,1,1,4,4,3,2,0,0,1,1,1,2,7,6,1,0,15,8,1,0,2,297,0,0,0,2,-2.842170943040401e-14,100.80645161290322,100.0,20,21.1864406779661,0.0,100.0,83.33333333333333,2.5,2,2,2,76.2828282828283
S39G01N244,2021-2022,20220316,home,64,3,0,0,1,1,1,5,4,4,2,0,0,1,1,1,2,9,6,4,3,15,10,1,0,1,319,0,0,0,1,15.22014416520554,79.44915254237289,77.77777777777777,17,9.578544061302683,50.0,100.0,50.0,3.0,2,2,8,74.78369905956113,60,5,0,1,0,1,1,4,4,4,2,0,0,1,1,1,2,8,6,1,0,15,9,1,0,2,319,0,0,0,2,-15.22014416520554,88.86255924170617,87.5,19,19.157088122605366,0.0,100.0,83.33333333333333,2.5,2,2,2,74.78369905956113
S39G01N244,2021-2022,20220316,home,64,3,0,0,1,1,2,5,4,4,2,0,0,1,1,1,2,9,6,4,3,15,10,1,0,1,320,0,0,0,1,15.22014416520554,79.44915254237289,77.77777777777777,18,9.578544061302683,50.0,100.0,50.0,3.0,2,2,8,74.55,60,5,0,1,0,1,1,4,4,4,2,0,0,1,1,1,2,8,6,1,0,15,9,1,0,2,320,0,0,0,2,-15.22014416520554,88.86255924170617,87.5,19,19.157088122605366,0.0,100.0,83.33333333333333,2.5,2,2,2,74.55
S39G01N244,2021-2022,20220316,home,64,3,0,0,1,1,2,5,4,4,2,0,0,1,1,1,2,9,6,4,3,15,10,1,0,1,320,0,0,0,1,15.22014416520554,79.44915254237289,77.77777777777777,18,9.578544061302683,50.0,100.0,50.0,3.0,2,2,8,74.55,60,5,0,1,0,1,1,4,4,4,2,0,0,1,1,1,2,8,6,1,0,15,9,1,0,2,320,0,0,0,2,-15.22014416520554,88.86255924170617,87.5,19,19.157088122605366,0.0,100.0,83.33333333333333,2.5,2,2,2,74.55
S39G01N244,2021-2022,20220316,home,64,3,0,0,1,1,2,5,4,4,2,0,0,1,1,1,2,9,6,4,3,15,10,1,0,1,320,0,0,0,1,15.22014416520554,79.44915254237289,77.77777777777777,18,9.578544061302683,50.0,100.0,50.0,3.0,2,2,8,74.55,60,5,0,1,0,1,1,4,4,4,2,0,0,1,1,1,2,8,6,1,0,15,9,1,0,2,320,0,0,0,2,-15.22014416520554,88.86255924170617,87.5,19,19.157088122605366,0.0,100.0,83.33333333333333,2.5,2,2,2,74.55
S39G01N244,2021-2022,20220316,home,64,3,0,0,1,1,2,5,4,4,2,0,0,1,1,1,2,9,6,4,3,15,10,1,0,1,320,0,0,0,1,15.22014416520554,79.44915254237289,77.77777777777777,18,9.578544061302683,50.0,100.0,50.0,3.0,2,2,8,74.55,60,5,0,1,0,1,1,4,4,4,2,0,0,1,1,1,2,8,6,1,0,15,9,1,0,2,320,0,0,0,2,-15.22014416520554,88.86255924170617,87.5,19,19.157088122605366,0.0,100.0,83.33333333333333,2.5,2,2,2,74.55
S39G01N244,2021-2022,20220316,home,64,3,0,0,1,1,2,5,4,5,3,0,0,1,1,1,2,10,7,4,3,18,11,1,0,1,337,0,0,0,1,28.735632183908052,86.20689655172414,85.0,21,8.741258741258742,50.0,100.0,42.857142857142854,3.0,5,3,8,74.35014836795251,60,5,0,1,0,1,1,4,4,4,2,0,0,1,1,1,2,8,6,1,0,15,9,1,0,2,337,0,0,0,2,-28.735632183908052,88.86255924170617,87.5,19,19.157088122605366,0.0,100.0,83.33333333333333,2.5,5,3,2,74.35014836795251
S39G01N244,2021-2022,20220316,home,64,4,0,0,1,1,2,5,4,5,3,0,0,1,1,1,2,10,7,4,3,18,11,1,0,1,337,0,0,0,1,28.735632183908052,86.20689655172414,85.0,22,8.741258741258742,50.0,100.0,57.142857142857146,4.0,5,3,8,74.35014836795251,60,5,0,1,0,1,1,4,4,4,2,0,0,1,1,1,2,8,6,1,0,15,9,1,0,2,337,0,0,0,2,-28.735632183908052,88.86255924170617,87.5,19,19.157088122605366,0.0,100.0,83.33333333333333,2.5,5,3,2,74.35014836795251
S39G01N244,2021-2022,20220316,home,64,4,0,0,1,1,2,5,4,5,3,0,0,1,1,1,2,10,7,4,3,18,11,1,0,1,357,0,0,0,1,41.294911984567165,86.20689655172414,85.0,22,8.741258741258742,50.0,100.0,57.142857142857146,4.0,5,3,8,73.54621848739495,60,5,0,1,0,1,1,4,4,5,2,0,0,1,1,1,2,9,6,1,0,15,10,1,0,2,357,0,0,0,2,-41.294911984567165,79.44915254237289,77.77777777777777,18,17.482517482517483,0.0,100.0,83.33333333333333,2.5,5,3,2,73.54621848739495
S39G01N244,2021-2022,20220316,home,64,4,0,0,1,1,3,5,4,5,3,0,0,1,1,1,2,10,7,4,3,18,11,1,0,1,358,0,0,0,1,41.294911984567165,86.20689655172414,85.0,23,8.741258741258742,50.0,100.0,57.142857142857146,4.0,5,3,8,73.34078212290503,60,5,0,1,0,1,1,4,4,5,2,0,0,1,1,1,2,9,6,1,0,15,10,1,0,2,358,0,0,0,2,-41.294911984567165,79.44915254237289,77.77777777777777,18,17.482517482517483,0.0,100.0,83.33333333333333,2.5,5,3,2,73.34078212290503
S39G01N244,2021-2022,20220316,home,64,4,0,0,1,1,3,6,5,5,3,0,0,1,1,1,2,11,8,4,3,20,12,1,0,1,374,0,0,0,1,43.70629370629371,87.41258741258741,86.36363636363636,25,8.038585209003216,50.0,100.0,50.0,4.0,7,3,8,73.41176470588235,60,5,0,1,0,1,1,4,4,5,2,0,0,1,1,1,2,9,6,1,0,15,10,1,0,2,374,0,0,0,2,-43.70629370629371,79.44915254237289,77.77777777777777,18,17.482517482517483,0.0,100.0,83.33333333333333,2.5,7,3,2,73.41176470588235
S39G01N244,2021-2022,20220316,home,64,5,0,0,1,1,3,6,5,5,3,0,0,1,1,1,2,11,8,4,3,20,12,1,0,1,374,0,0,0,1,43.70629370629371,87.41258741258741,86.36363636363636,26,8.038585209003216,50.0,100.0,62.5,5.0,7,3,8,73.41176470588235,60,5,0,1,0,1,1,4,4,5,2,0,0,1,1,1,2,9,6,1,0,15,10,1,0,2,374,0,0,0,2,-43.70629370629371,79.44915254237289,77.77777777777777,18,17.482517482517483,0.0,100.0,83.33333333333333,2.5,7,3,2,73.41176470588235
S39G01N244,2021-2022,20220316,home,64,5,0,0,1,1,3,6,5,5,3,0,0,1,1,1,2,11,8,4,3,20,12,1,0,1,399,0,0,0,1,54.24639669012659,87.41258741258741,86.36363636363636,26,8.038585209003216,50.0,100.0,62.5,5.0,7,3,8,71.81954887218045,60,5,0,1,0,1,1,5,4,5,2,0,0,1,1,1,2,10,6,1,0,15,11,1,0,2,399,0,0,0,2,-54.24639669012659,71.83908045977012,70.0,17,16.077170418006432,0.0,100.0,83.33333333333333,2.5,7,3,2,71.81954887218045
S39G01N244,2021-2022,20220316,home,64,5,0,1,1,2,3,6,5,5,3,0,0,1,1,1,2,11,8,4,3,20,12,1,0,1,400,0,0,0,1,54.24639669012659,87.41258741258741,86.36363636363636,27,8.038585209003216,50.0,100.0,62.5,5.0,7,3,8,71.64,60,5,0,1,0,1,1,5,4,5,2,0,0,1,1,1,2,10,6,1,0,15,11,1,0,2,400,0,0,0,2,-54.24639669012659,71.83908045977012,70.0,17,16.077170418006432,0.0,100.0,83.33333333333333,2.5,7,3,2,71.64
S39G01N244,2021-2022,20220316,home,64,5,0,1,1,2,3,6,5,6,3,0,0,1,1,1,2,12,8,4,3,20,13,1,0,1,405,0,0,0,1,40.19292604501608,80.38585209003216,79.16666666666667,26,7.440476190476191,50.0,100.0,62.5,5.0,7,3,8,73.71851851851851,60,5,0,1,0,1,1,5,4,5,2,0,0,1,1,1,2,10,6,1,0,15,11,1,0,2,405,0,0,0,2,-40.19292604501608,71.83908045977012,70.0,17,16.077170418006432,0.0,100.0,83.33333333333333,2.5,7,3,2,73.71851851851851
S39G01N244,2021-2022,20220316,home,64,5,0,2,1,3,3,6,5,6,3,0,0,1,1,1,2,12,8,4,3,20,13,1,0,1,408,0,0,0,1,40.19292604501608,80.38585209003216,79.16666666666667,27,7.440476190476191,50.0,100.0,62.5,5.0,7,3,8,73.17647058823529,60,5,0,1,0,1,1,5,4,5,2,0,0,1,1,1,2,10,6,1,0,15,11,1,0,2,408,0,0,0,2,-40.19292604501608,71.83908045977012,70.0,17,16.077170418006432,0.0,100.0,83.33333333333333,2.5,7,3,2,73.17647058823529
S39G01N244,2021-2022,20220316,home,64,5,0,2,1,3,3,6,5,6,3,0,0,1,1,1,2,12,8,4,3,20,13,1,0,2,409,0,0,0,2,28.230745674475585,80.38585209003216,79.16666666666667,26,13.850415512465375,50.0,100.0,62.5,2.5,7,3,8,75.93154034229829,60,5,0,1,0,1,1,5,4,5,2,0,0,1,1,1,2,10,6,1,0,15,11,1,0,2,409,0,0,0,2,-28.230745674475585,71.83908045977012,70.0,17,16.077170418006432,0.0,100.0,83.33333333333333,2.5,7,3,2,75.93154034229829
S39G01N244,2021-2022,20220316,home,64,5,0,2,1,3,3,6,5,6,3,0,0,1,1,1,2,12,8,4,3,20,13,1,0,2,410,0,0,0,2,28.230745674475585,80.38585209003216,79.16666666666667,26,13.850415512465375,50.0,100.0,62.5,2.5,7,3,8,75.74634146341462,60,5,0,1,0,1,1,5,4,5,2,0,0,1,1,1,2,10,6,1,0,15,11,2,0,2,410,0,0,0,2,-28.230745674475585,71.83908045977012,70.0,18,16.077170418006432,0.0,100.0,83.33333333333333,2.5,7,3,2,75.74634146341462
S39G01N244,2021-2022,20220316,home,64,5,0,2,1,3,3,6,5,6,3,0,0,1,1,1,2,12,8,4,3,20,13,1,0,2,413,0,0,0,2,22.321428571428584,80.38585209003216,79.16666666666667,26,13.850415512465375,50.0,100.0,62.5,2.5,2,3,8,78.10169491525424,60,5,0,1,0,1,1,6,5,5,2,0,0,1,1,1,2,11,7,1,0,17,12,2,0,2,413,0,0,0,2,-22.321428571428584,74.3006993006993,72.72727272727273,20,14.880952380952381,0.0,100.0,71.42857142857143,2.5,2,3,2,78.10169491525424
S39G01N244,2021-2022,20220316,home,64,5,0,2,1,3,3,6,5,6,3,0,0,1,1,1,2,12,8,4,3,20,13,1,0,2,413,0,0,0,2,22.321428571428584,80.38585209003216,79.16666666666667,26,13.850415512465375,50.0,100.0,62.5,2.5,2,3,8,78.10169491525424,60,5,0,1,0,1,1,6,5,5,2,0,0,1,1,2,4,11,7,1,0,17,12,2,0,2,413,0,0,0,2,-22.321428571428584,74.3006993006993,72.72727272727273,20,14.880952380952381,0.0,100.0,71.42857142857143,2.5,2,3,2,78.10169491525424
S39G01N244,2021-2022,20220316,home,64,5,0,2,1,3,3,7,6,6,3,0,0,1,1,1,2,13,9,4,3,22,14,1,0,2,431,0,0,0,2,25.86647539902387,81.8452380952381,80.76923076923077,28,12.953367875647668,50.0,100.0,55.55555555555556,2.5,2,3,8,77.62412993039443,60,5,0,1,0,1,1,6,5,5,2,0,0,1,1,2,4,11,7,1,0,17,12,2,0,2,431,0,0,0,2,-25.86647539902387,74.3006993006993,72.72727272727273,20,14.880952380952381,0.0,100.0,71.42857142857143,2.5,2,3,2,77.62412993039443
S39G01N244,2021-2022,20220316,home,64,6,0,2,1,3,3,7,6,6,3,0,0,1,1,1,2,13,9,4,3,22,14,1,0,2,431,0,0,0,2,25.86647539902387,81.8452380952381,80.76923076923077,29,12.953367875647668,50.0,100.0,66.66666666666667,3.0,2,3,8,77.62412993039443,60,5,0,1,0,1,1,6,5,5,2,0,0,1,1,2,4,11,7,1,0,17,12,2,0,2,431,0,0,0,2,-25.86647539902387,74.3006993006993,72.72727272727273,20,14.880952380952381,0.0,100.0,71.42857142857143,2.5,2,3,2,77.62412993039443
S39G01N244,2021-2022,20220316,home,64,6,0,2,1,3,3,7,6,6,3,0,0,1,1,1,2,13,9,4,3,22,14,1,0,2,454,0,0,0,2,20.77562326869804,81.8452380952381,80.76923076923077,29,12.953367875647668,50.0,100.0,66.66666666666667,3.0,2,3,8,76.33480176211454,60,5,0,1,0,1,1,7,6,5,2,0,0,1,1,2,4,12,8,1,0,19,13,2,0,2,454,0,0,0,2,-20.77562326869804,76.36655948553054,75.0,22,13.850415512465375,0.0,100.0,62.5,2.5,2,3,2,76.33480176211454
S39G01N244,2021-2022,20220316,home,64,6,0,2,1,3,3,7,6,6,3,0,0,1,1,1,2,13,9,4,3,22,14,1,0,2,454,0,0,0,2,20.77562326869804,81.8452380952381,80.76923076923077,29,12.953367875647668,50.0,100.0,66.66666666666667,3.0,2,3,8,76.33480176211454,60,6,0,1,0,1,1,7,6,5,2,0,0,1,1,2,4,12,8,1,0,19,13,2,0,2,454,0,0,0,2,-20.77562326869804,76.36655948553054,75.0,23,13.850415512465375,0.0,100.0,75.0,3.0,2,3,2,76.33480176211454
S39G01N244,2021-2022,20220316,home,64,6,0,2,1,3,3,7,6,6,3,0,0,1,1,1,2,13,9,4,3,22,14,1,0,2,464,0,0,0,2,20.77562326869804,81.8452380952381,80.76923076923077,29,12.953367875647668,50.0,100.0,66.66666666666667,3.0,2,3,8,74.6896551724138,60,6,0,1,0,1,1,7,6,5,2,0,0,1,1,2,4,12,8,2,1,19,13,2,0,2,464,0,0,0,2,-20.77562326869804,76.36655948553054,75.0,23,13.850415512465375,0.0,100.0,75.0,3.0,2,3,2,74.6896551724138
S39G01N244,2021-2022,20220316,home,64,6,0,2,1,3,3,7,6,6,3,0,0,1,1,1,2,13,9,4,3,22,14,1,0,2,464,0,0,0,2,20.77562326869804,81.8452380952381,80.76923076923077,29,12.953367875647668,50.0,100.0,66.66666666666667,3.0,2,3,8,74.6896551724138,60,6,0,1,0,1,1,7,6,5,2,0,0,1,1,2,4,12,8,2,1,19,13,2,0,2,464,0,0,0,2,-20.77562326869804,76.36655948553054,75.0,23,13.850415512465375,0.0,100.0,75.0,3.0,2,3,2,74.6896551724138
S39G01N244,2021-2022,20220316,home,64,6,0,2,1,3,3,7,6,6,3,0,0,1,1,1,2,13,9,4,3,22,14,1,0,2,464,0,0,0,2,20.77562326869804,81.8452380952381,80.76923076923077,29,12.953367875647668,50.0,100.0,66.66666666666667,3.0,2,3,8,74.6896551724138,60,6,0,1,0,1,1,7,6,5,2,0,0,1,1,2,4,12,8,2,1,19,13,2,0,2,464,0,0,0,2,-20.77562326869804,76.36655948553054,75.0,23,13.850415512465375,0.0,100.0,75.0,3.0,2,3,2,74.6896551724138
S39G01N244,2021-2022,20220316,home,64,6,0,2,1,3,3,7,6,6,3,0,0,1,1,1,2,13,9,4,3,22,14,1,0,2,464,0,0,0,2,20.77562326869804,81.8452380952381,80.76923076923077,29,12.953367875647668,50.0,100.0,66.66666666666667,3.0,2,3,8,74.6896551724138,60,6,0,1,0,1,1,7,6,5,2,0,0,1,1,2,4,12,8,2,1,19,13,2,0,2,464,0,0,0,2,-20.77562326869804,76.36655948553054,75.0,23,13.850415512465375,0.0,100.0,75.0,3.0,2,3,2,74.6896551724138
S39G01N244,2021-2022,20220316,home,64,6,0,2,1,3,3,7,6,6,3,0,0,1,1,1,2,13,9,4,3,22,14,1,0,2,464,0,0,0,2,20.77562326869804,81.8452380952381,80.76923076923077,29,12.953367875647668,50.0,100.0,66.66666666666667,3.0,2,3,8,74.6896551724138,60,6,0,1,0,1,1,7,6,5,2,0,0,1,1,2,4,12,8,2,1,19,13,2,0,2,464,0,0,0,2,-20.77562326869804,76.36655948553054,75.0,23,13.850415512465375,0.0,100.0,75.0,3.0,2,3,2,74.6896551724138
S39G01N244,2021-2022,20220316,home,64,6,0,2,1,3,3,7,6,6,3,0,0,1,1,1,2,13,9,4,3,22,14,1,0,2,464,0,0,0,2,20.77562326869804,81.8452380952381,80.76923076923077,29,12.953367875647668,50.0,100.0,66.66666666666667,3.0,2,3,8,74.6896551724138,60,6,0,1,0,1,1,7,6,5,2,0,0,1,1,2,4,12,8,2,1,19,13,2,0,2,464,0,0,0,2,-20.77562326869804,76.36655948553054,75.0,23,13.850415512465375,0.0,100.0,75.0,3.0,2,3,2,74.6896551724138
S39G01N244,2021-2022,20220316,home,64,6,0,2,1,3,3,7,6,6,3,0,0,1,1,1,2,13,9,4,3,22,14,1,0,2,464,0,0,0,2,20.77562326869804,81.8452380952381,80.76923076923077,29,12.953367875647668,50.0,100.0,66.66666666666667,3.0,2,3,8,74.6896551724138,60,6,0,1,0,1,1,7,6,5,2,0,0,1,1,2,4,12,8,2,1,19,13,2,0,2,464,0,0,0,2,-20.77562326869804,76.36655948553054,75.0,23,13.850415512465375,0.0,100.0,75.0,3.0,2,3,2,74.6896551724138
S39G01N244,2021-2022,20220316,home,64,6,0,2,1,3,3,7,6,6,3,0,0,1,1,1,2,13,9,4,3,22,14,1,0,2,464,0,0,0,2,20.77562326869804,81.8452380952381,80.76923076923077,29,12.953367875647668,50.0,100.0,66.66666666666667,3.0,2,3,8,74.6896551724138,60,6,0,1,0,1,1,7,6,5,2,0,0,1,1,2,4,12,8,2,1,19,13,2,0,2,464,0,0,0,2,-20.77562326869804,76.36655948553054,75.0,23,13.850415512465375,0.0,100.0,75.0,3.0,2,3,2,74.6896551724138
S39G01N244,2021-2022,20220316,home,64,6,0,2,1,3,3,7,6,6,3,0,0,1,1,1,2,13,9,4,3,22,14,1,0,2,468,0,0,0,2,20.77562326869804,81.8452380952381,80.76923076923077,29,12.953367875647668,50.0,100.0,66.66666666666667,3.0,2,3,8,74.05128205128206,60,6,0,1,0,1,1,7,6,5,2,0,0,1,1,2,4,12,8,3,2,19,13,2,0,2,468,0,0,0,2,-20.77562326869804,76.36655948553054,75.0,23,13.850415512465375,0.0,100.0,75.0,3.0,2,3,2,74.05128205128206
S39G01N244,2021-2022,20220316,home,64,6,0,2,1,3,3,7,6,6,3,0,0,1,1,1,2,13,9,4,3,22,14,1,0,2,468,0,0,0,2,20.77562326869804,81.8452380952381,80.76923076923077,29,12.953367875647668,50.0,100.0,66.66666666666667,3.0,2,3,8,74.05128205128206,60,6,0,1,0,1,1,7,6,5,2,0,0,1,1,2,4,12,8,3,2,19,13,2,0,2,468,0,0,0,2,-20.77562326869804,76.36655948553054,75.0,23,13.850415512465375,0.0,100.0,75.0,3.0,2,3,2,74.05128205128206
S39G01N244,2021-2022,20220316,home,64,6,0,2,1,3,3,7,6,7,3,0,0,1,1,1,2,14,9,4,3,22,15,1,0,2,473,0,0,0,2,10.908099263703292,76.17728531855956,75.0,28,12.165450121654503,50.0,100.0,66.66666666666667,3.0,2,3,8,75.80549682875262,60,6,0,1,0,1,1,7,6,5,2,0,0,1,1,2,4,12,8,3,2,19,13,2,0,2,473,0,0,0,2,-10.908099263703292,76.36655948553054,75.0,23,13.850415512465375,0.0,100.0,75.0,3.0,2,3,2,75.80549682875262
S39G01N244,2021-2022,20220316,home,64,6,0,2,1,3,3,7,6,7,3,0,0,1,1,1,2,14,9,4,3,22,15,1,0,2,475,0,0,0,2,10.908099263703292,76.17728531855956,75.0,28,12.165450121654503,33.333333333333336,100.0,66.66666666666667,3.0,2,3,8,75.48631578947366,60,6,0,2,0,2,1,7,6,5,2,0,0,1,1,2,4,12,8,3,2,19,13,2,0,2,475,0,0,0,2,-10.908099263703292,76.36655948553054,75.0,24,13.850415512465375,0.0,100.0,75.0,3.0,2,3,2,75.48631578947366
S39G01N244,2021-2022,20220316,home,64,6,0,2,1,3,3,7,6,7,3,0,0,1,1,1,2,14,9,5,3,22,15,1,0,2,481,0,0,0,2,10.908099263703292,76.17728531855956,75.0,28,12.165450121654503,33.333333333333336,100.0,66.66666666666667,3.0,2,3,8,74.54469854469853,60,6,0,2,0,2,1,7,6,5,2,0,0,1,1,2,4,12,8,3,2,19,13,2,0,2,481,0,0,0,2,-10.908099263703292,76.36655948553054,75.0,24,13.850415512465375,0.0,100.0,75.0,3.0,2,3,2,74.54469854469853
S39G01N244,2021-2022,20220316,home,64,6,0,2,1,3,3,7,6,7,3,0,0,1,1,1,2,14,9,5,3,22,15,1,0,2,481,0,0,0,2,10.908099263703292,76.17728531855956,75.0,28,12.165450121654503,33.333333333333336,100.0,66.66666666666667,3.0,2,3,8,74.54469854469853,60,6,0,2,0,2,1,7,6,5,2,0,0,1,1,2,4,12,8,3,2,19,13,2,0,2,481,0,0,0,2,-10.908099263703292,76.36655948553054,75.0,24,13.850415512465375,0.0,100.0,75.0,3.0,2,3,2,74.54469854469853
S39G01N244,2021-2022,20220316,home,64,6,0,2,1,3,3,7,6,7,3,0,0,1,1,1,2,14,9,5,3,22,15,1,0,2,481,0,0,0,2,8.078444481586729,76.17728531855956,75.0,28,12.165450121654503,33.333333333333336,100.0,66.66666666666667,3.0,3,3,8,75.64241164241164,60,6,0,2,0,2,1,7,6,5,2,0,0,2,2,2,4,12,8,3,2,20,14,2,0,2,481,0,0,0,2,-8.078444481586729,77.63975155279503,75.0,25,13.440860215053762,0.0,100.0,75.0,3.0,3,3,2,75.64241164241164
S39G01N244,2021-2022,20220316,home,64,6,0,2,1,3,3,7,6,7,3,0,0,1,1,1,2,14,9,5,3,22,15,1,0,2,481,0,0,0,2,5.411328616458576,76.17728531855956,75.0,28,12.165450121654503,33.333333333333336,100.0,66.66666666666667,3.0,4,3,8,76.74012474012474,60,6,0,2,0,2,1,7,6,5,2,0,0,3,3,2,4,12,8,3,2,21,15,2,0,2,481,0,0,0,2,-5.411328616458576,78.82882882882883,75.0,26,13.054830287206267,0.0,100.0,75.0,3.0,4,3,2,76.74012474012474
S39G01N244,2021-2022,20220316,home,64,6,0,2,1,3,3,7,6,7,3,0,0,1,1,1,2,14,9,5,3,22,15,1,0,2,481,0,0,0,2,5.411328616458576,76.17728531855956,75.0,28,12.165450121654503,33.333333333333336,100.0,66.66666666666667,3.0,4,3,8,76.74012474012474,60,6,0,2,0,2,1,7,6,5,2,0,0,3,3,2,4,12,8,3,2,21,15,2,0,2,481,0,0,0,2,-5.411328616458576,78.82882882882883,75.0,26,13.054830287206267,0.0,100.0,75.0,3.0,4,3,2,76.74012474012474
S39G01N244,2021-2022,20220316,home,64,6,0,2,1,3,3,7,6,7,3,0,0,1,1,1,2,14,9,5,3,22,15,1,0,2,481,0,0,0,2,5.411328616458576,76.17728531855956,75.0,28,12.165450121654503,33.333333333333336,100.0,66.66666666666667,3.0,4,3,8,76.74012474012474,60,6,0,2,0,2,1,7,6,5,2,0,0,3,3,2,4,12,8,3,2,21,15,2,0,2,481,0,0,0,2,-5.411328616458576,78.82882882882883,75.0,26,13.054830287206267,0.0,100.0,75.0,3.0,4,3,2,76.74012474012474
S39G01N244,2021-2022,20220316,home,64,6,0,2,1,3,3,7,6,7,3,0,0,1,1,1,2,14,9,5,3,22,15,1,0,2,481,0,0,0,2,5.411328616458576,76.17728531855956,75.0,28,12.165450121654503,33.333333333333336,100.0,66.66666666666667,3.0,4,3,8,76.74012474012474,60,6,0,2,0,2,1,7,6,5,2,0,0,3,3,2,4,12,8,3,2,21,15,2,0,2,481,0,0,0,2,-5.411328616458576,78.82882882882883,75.0,26,13.054830287206267,0.0,100.0,75.0,3.0,4,3,2,76.74012474012474
S39G01N244,2021-2022,20220316,home,64,6,0,2,1,3,3,8,7,7,3,0,0,1,1,1,2,15,10,5,3,24,16,1,0,2,496,0,0,0,2,8.90968344418826,77.72020725388602,76.66666666666667,30,11.467889908256883,33.333333333333336,100.0,60.0,3.0,2,3,8,76.83870967741935,60,6,0,2,0,2,1,7,6,5,2,0,0,3,3,2,4,12,8,3,2,21,15,2,0,2,496,0,0,0,2,-8.90968344418826,78.82882882882883,75.0,26,13.054830287206267,0.0,100.0,75.0,3.0,2,3,2,76.83870967741935
S39G01N244,2021-2022,20220316,home,64,6,0,2,1,3,3,8,7,7,3,0,0,1,1,1,2,15,10,5,3,24,16,1,0,2,511,0,0,0,2,-1.0734220695577221,77.72020725388602,76.66666666666667,30,11.467889908256883,33.333333333333336,100.0,60.0,3.0,3,3,8,76.93150684931506,60,6,0,2,0,2,1,7,6,6,3,0,0,3,3,2,4,13,9,3,2,24,16,2,0,2,511,0,0,0,2,1.0734220695577221,83.79888268156425,80.76923076923077,29,12.254901960784313,0.0,100.0,66.66666666666667,3.0,3,3,2,76.93150684931506
S39G01N244,2021-2022,20220316,home,64,6,0,2,1,3,3,9,8,7,3,0,0,1,1,1,2,16,11,5,3,26,17,1,0,2,534,0,0,0,2,2.0237452779276737,79.07542579075425,78.125,32,10.845986984815617,33.333333333333336,100.0,54.54545454545455,3.0,2,3,8,75.86516853932586,60,6,0,2,0,2,1,7,6,6,3,0,0,3,3,2,4,13,9,3,2,24,16,2,0,2,534,0,0,0,2,-2.0237452779276737,83.79888268156425,80.76923076923077,29,12.254901960784313,0.0,100.0,66.66666666666667,3.0,2,3,2,75.86516853932586
S39G01N244,2021-2022,20220316,home,64,6,0,2,1,3,3,9,8,7,3,0,0,1,1,1,2,16,11,5,3,26,17,1,0,2,551,0,0,0,2,-1.0329046337691068,79.07542579075425,78.125,32,10.845986984815617,33.333333333333336,100.0,54.54545454545455,3.0,2,3,8,75.70235934664247,60,6,0,2,0,2,1,8,7,6,3,0,0,3,3,2,4,14,10,3,2,26,17,2,0,2,551,0,0,0,2,1.0329046337691068,84.85639686684073,82.14285714285714,31,11.547344110854503,0.0,100.0,60.0,3.0,2,3,2,75.70235934664247
S39G01N244,2021-2022,20220316,home,64,6,0,2,1,3,3,9,8,7,3,0,0,1,1,1,2,16,11,5,3,26,17,1,0,2,551,0,0,0,2,-1.0329046337691068,79.07542579075425,78.125,32,10.845986984815617,33.333333333333336,100.0,54.54545454545455,3.0,2,3,8,75.70235934664247,60,7,0,2,0,2,1,8,7,6,3,0,0,3,3,2,4,14,10,3,2,26,17,2,0,2,551,0,0,0,2,1.0329046337691068,84.85639686684073,82.14285714285714,32,11.547344110854503,0.0,100.0,70.0,3.5,2,3,2,75.70235934664247
S39G01N244,2021-2022,20220316,home,64,6,0,2,1,3,3,9,8,7,3,0,0,1,1,1,2,16,11,5,3,26,17,1,0,3,565,0,0,0,3,-9.117642638505515,79.07542579075425,78.125,31,15.432098765432098,33.333333333333336,100.0,54.54545454545455,2.0,2,3,8,75.95044247787612,60,7,0,2,0,2,1,8,7,6,3,0,0,3,3,2,4,14,10,3,2,26,17,2,0,2,565,0,0,0,2,9.117642638505515,84.85639686684073,82.14285714285714,32,11.547344110854503,0.0,100.0,70.0,3.5,2,3,2,75.95044247787612
S39G01N244,2021-2022,20220316,home,64,6,0,2,1,3,3,9,8,7,3,0,0,1,1,1,2,16,11,5,3,26,17,1,0,3,567,0,0,0,3,-9.117642638505515,79.07542579075425,78.125,31,15.432098765432098,33.333333333333336,100.0,54.54545454545455,2.0,2,3,8,75.68253968253968,60,7,0,2,0,2,1,8,7,6,3,0,0,3,3,2,4,14,10,3,2,26,17,3,0,2,567,0,0,0,2,9.117642638505515,84.85639686684073,82.14285714285714,33,11.547344110854503,0.0,100.0,70.0,3.5,2,3,2,75.68253968253968
S39G01N244,2021-2022,20220316,home,64,6,0,2,1,3,3,9,8,7,3,0,0,1,1,1,2,16,11,5,3,26,17,1,0,3,568,0,0,0,3,-0.9235665773096287,79.07542579075425,78.125,31,15.432098765432098,33.333333333333336,100.0,54.54545454545455,2.0,2,3,8,77.66197183098592,60,7,0,2,0,2,1,8,7,6,3,0,0,3,3,2,4,14,10,3,2,26,17,3,0,3,568,0,0,0,3,0.9235665773096287,84.85639686684073,82.14285714285714,32,16.375545851528383,0.0,100.0,70.0,2.3333333333333335,2,3,2,77.66197183098592
S39G01N244,2021-2022,20220316,home,64,6,0,2,1,3,3,9,8,7,3,0,0,1,1,1,2,16,11,5,3,26,17,1,0,3,568,0,0,0,3,-0.9235665773096287,79.07542579075425,78.125,31,15.432098765432098,33.333333333333336,100.0,54.54545454545455,2.0,2,3,8,77.66197183098592,60,7,0,2,0,2,1,8,7,6,3,0,0,3,3,2,4,14,10,3,2,26,17,3,0,3,568,0,0,0,3,0.9235665773096287,84.85639686684073,82.14285714285714,32,16.375545851528383,0.0,100.0,70.0,2.3333333333333335,2,3,2,77.66197183098592
S39G01N244,2021-2022,20220316,home,64,6,0,2,1,3,3,9,8,7,3,0,0,1,1,1,2,16,11,5,3,26,17,1,0,3,568,0,0,0,3,-0.9235665773096287,79.07542579075425,78.125,31,15.432098765432098,33.333333333333336,100.0,54.54545454545455,2.0,2,3,8,77.66197183098592,60,7,0,2,0,2,1,8,7,6,3,0,0,3,3,2,4,14,10,3,2,26,17,3,0,3,568,0,0,0,3,0.9235665773096287,84.85639686684073,82.14285714285714,32,16.375545851528383,0.0,100.0,70.0,2.3333333333333335,2,3,2,77.66197183098592
S39G01N244,2021-2022,20220316,home,64,6,0,2,1,3,3,9,8,7,3,0,0,1,1,1,2,16,11,5,3,26,17,1,0,3,568,0,0,0,3,-0.9235665773096287,79.07542579075425,78.125,31,15.432098765432098,33.333333333333336,100.0,54.54545454545455,2.0,2,3,8,77.66197183098592,60,7,0,2,0,2,1,8,7,6,3,0,0,3,3,2,4,14,10,3,2,26,17,3,0,3,568,0,0,0,3,0.9235665773096287,84.85639686684073,82.14285714285714,32,16.375545851528383,0.0,100.0,70.0,2.3333333333333335,2,3,2,77.66197183098592
S39G01N244,2021-2022,20220316,home,64,6,0,2,1,3,3,9,8,7,3,0,0,1,1,1,2,16,11,5,3,26,17,1,0,3,568,0,0,0,3,-0.9235665773096287,79.07542579075425,78.125,31,15.432098765432098,33.333333333333336,100.0,54.54545454545455,2.0,2,3,8,77.66197183098592,60,7,0,2,0,2,1,8,7,6,3,0,0,3,3,2,4,14,10,3,2,26,17,3,0,3,568,0,0,0,3,0.9235665773096287,84.85639686684073,82.14285714285714,32,16.375545851528383,0.0,100.0,70.0,2.3333333333333335,2,3,2,77.66197183098592
S39G01N244,2021-2022,20220316,home,64,6,0,2,1,3,3,10,9,7,3,0,0,1,1,1,2,17,12,5,3,28,18,1,0,3,586,0,0,0,3,2.1115244307869148,80.27522935779815,79.41176470588235,33,14.677103718199607,33.333333333333336,100.0,50.0,2.0,2,3,8,77.32423208191126,60,7,0,2,0,2,1,8,7,6,3,0,0,3,3,2,4,14,10,3,2,26,17,3,0,3,586,0,0,0,3,-2.1115244307869148,84.85639686684073,82.14285714285714,32,16.375545851528383,0.0,100.0,70.0,2.3333333333333335,2,3,2,77.32423208191126
S39G01N244,2021-2022,20220316,home,64,6,0,2,1,3,3,10,9,7,3,0,0,1,1,1,2,17,12,5,3,28,18,1,0,3,598,0,0,0,3,-0.8946144211844853,80.27522935779815,79.41176470588235,33,14.677103718199607,33.333333333333336,100.0,50.0,2.0,2,3,8,77.77926421404683,60,7,0,2,0,2,1,9,8,6,3,0,0,3,3,2,4,15,11,3,2,28,18,3,0,3,598,0,0,0,3,0.8946144211844853,85.7843137254902,83.33333333333333,34,15.527950310559007,0.0,100.0,63.63636363636363,2.3333333333333335,2,3,2,77.77926421404683
S39G01N244,2021-2022,20220316,home,64,6,0,2,1,3,3,10,9,7,3,0,0,1,1,1,2,17,12,5,3,28,18,1,0,3,598,0,0,0,3,-0.8946144211844853,80.27522935779815,79.41176470588235,33,14.677103718199607,33.333333333333336,100.0,50.0,2.0,2,3,8,77.77926421404683,60,7,0,2,0,2,1,9,8,6,3,0,0,3,3,2,4,15,11,3,2,28,18,3,0,3,598,0,0,0,3,0.8946144211844853,85.7843137254902,83.33333333333333,34,15.527950310559007,0.0,100.0,63.63636363636363,2.3333333333333335,2,3,2,77.77926421404683
S39G01N244,2021-2022,20220316,home,64,6,0,2,1,3,3,10,9,7,3,0,0,1,1,1,2,17,12,5,3,28,18,1,0,3,600,0,0,0,3,-0.8946144211844853,80.27522935779815,79.41176470588235,33,14.677103718199607,33.333333333333336,100.0,50.0,2.0,2,3,8,77.52000000000001,60,7,0,2,0,2,1,9,8,6,3,0,0,3,3,2,4,15,11,3,2,28,18,3,0,3,600,0,0,0,3,0.8946144211844853,85.7843137254902,83.33333333333333,34,15.527950310559007,0.0,100.0,63.63636363636363,2.3333333333333335,2,3,2,77.52000000000001
S39G01N244,2021-2022,20220316,home,64,6,0,2,1,3,3,10,9,7,3,0,0,1,1,1,2,17,12,5,3,28,18,1,0,3,600,0,0,0,3,-0.8946144211844853,80.27522935779815,79.41176470588235,33,14.677103718199607,33.333333333333336,100.0,50.0,2.0,2,3,8,77.52000000000001,60,7,0,2,0,2,1,9,8,6,3,0,0,3,3,2,4,15,11,3,2,28,18,3,0,3,600,0,0,0,3,0.8946144211844853,85.7843137254902,83.33333333333333,34,15.527950310559007,0.0,100.0,63.63636363636363,2.3333333333333335,2,3,2,77.52000000000001
S39G01N244,2021-2022,20220316,home,64,6,0,2,1,3,3,10,9,7,3,0,0,1,1,1,2,17,12,5,3,28,18,1,0,3,600,0,0,0,3,-0.8946144211844853,80.27522935779815,79.41176470588235,33,14.677103718199607,33.333333333333336,100.0,50.0,2.0,2,3,8,77.52000000000001,60,7,0,2,0,2,1,9,8,6,3,0,0,3,3,2,4,15,11,3,2,28,18,3,0,3,600,0,0,0,3,0.8946144211844853,85.7843137254902,83.33333333333333,34,15.527950310559007,0.0,100.0,63.63636363636363,2.3333333333333335,2,3,2,77.52000000000001
S39G01N244,2021-2022,20220316,home,64,6,0,2,1,3,3,10,9,7,3,0,0,1,1,1,2,17,12,5,3,28,18,1,0,3,600,0,0,0,3,-0.8946144211844853,80.27522935779815,79.41176470588235,33,14.677103718199607,33.333333333333336,100.0,50.0,2.0,2,3,8,77.52000000000001,60,7,0,2,0,2,1,9,8,6,3,0,0,3,3,2,4,15,11,3,2,28,18,3,0,3,600,0,0,0,3,0.8946144211844853,85.7843137254902,83.33333333333333,34,15.527950310559007,0.0,100.0,63.63636363636363,2.3333333333333335,2,3,2,77.52000000000001
S39G01N244,2021-2022,20220316,home,64,6,0,2,1,3,3,10,9,7,3,0,0,1,1,1,2,17,12,5,3,28,18,1,0,3,600,0,0,0,3,-0.8946144211844853,80.27522935779815,79.41176470588235,33,14.677103718199607,33.333333333333336,100.0,50.0,2.0,2,3,8,77.52000000000001,60,7,0,2,0,2,1,9,8,6,3,0,0,3,3,2,4,15,11,3,2,28,18,3,0,3,600,0,0,0,3,0.8946144211844853,85.7843137254902,83.33333333333333,34,15.527950310559007,0.0,100.0,63.63636363636363,2.3333333333333335,2,3,2,77.52000000000001
S39G01N244,2021-2022,20220316,home,64,6,0,2,1,3,3,10,9,7,3,0,0,1,1,1,2,17,12,5,3,28,18,1,0,3,600,0,0,0,3,-0.8946144211844853,80.27522935779815,79.41176470588235,33,14.677103718199607,33.333333333333336,100.0,50.0,2.0,2,3,8,77.52000000000001,60,7,0,2,0,2,1,9,8,6,3,0,0,3,3,2,4,15,11,3,2,28,18,3,0,3,600,0,0,0,3,0.8946144211844853,85.7843137254902,83.33333333333333,34,15.527950310559007,0.0,100.0,63.63636363636363,2.3333333333333335,2,3,2,77.52000000000001
S39G01N244,2021-2022,20220316,home,64,6,0,2,1,3,3,10,9,7,3,0,0,1,1,1,2,17,12,5,3,28,18,1,0,3,600,0,0,0,3,-0.8946144211844853,80.27522935779815,79.41176470588235,33,14.677103718199607,33.333333333333336,100.0,50.0,2.0,2,3,8,77.52000000000001,60,7,0,2,0,2,1,9,8,6,3,0,0,3,3,2,4,15,11,3,2,28,18,3,0,3,600,0,0,0,3,0.8946144211844853,85.7843137254902,83.33333333333333,34,15.527950310559007,0.0,100.0,63.63636363636363,2.3333333333333335,2,3,2,77.52000000000001
S39G01N244,2021-2022,20220316,home,64,6,0,2,1,3,3,10,9,7,3,0,0,1,1,1,2,17,12,5,3,28,18,1,0,3,600,0,0,0,3,-0.8946144211844853,80.27522935779815,79.41176470588235,33,14.677103718199607,33.333333333333336,100.0,50.0,2.0,2,3,8,77.52000000000001,60,7,0,2,0,2,1,9,8,6,3,0,0,3,3,2,4,15,11,3,2,28,18,3,0,3,600,0,0,0,3,0.8946144211844853,85.7843137254902,83.33333333333333,34,15.527950310559007,0.0,100.0,63.63636363636363,2.3333333333333335,2,3,2,77.52000000000001
S39G01N244,2021-2022,20220316,home,64,6,0,2,1,3,3,10,9,7,3,0,0,1,1,1,2,17,12,5,3,28,18,1,0,3,600,0,0,0,3,-0.8946144211844853,80.27522935779815,79.41176470588235,33,14.677103718199607,33.333333333333336,100.0,50.0,2.0,2,3,8,77.52000000000001,60,7,0,2,0,2,1,9,8,6,3,0,0,3,3,2,4,15,11,3,2,28,18,3,0,3,600,0,0,0,3,0.8946144211844853,85.7843137254902,83.33333333333333,34,15.527950310559007,0.0,100.0,63.63636363636363,2.3333333333333335,2,3,2,77.52000000000001
S39G01N244,2021-2022,20220316,home,64,6,0,2,1,3,3,10,9,7,3,0,0,1,1,1,2,17,12,5,3,28,18,1,0,3,600,0,0,0,3,-0.8946144211844853,80.27522935779815,79.41176470588235,33,14.677103718199607,33.333333333333336,100.0,50.0,2.0,2,3,8,77.52000000000001,60,7,0,2,0,2,1,9,8,6,3,0,0,3,3,2,4,15,11,3,2,28,18,3,0,3,600,0,0,0,3,0.8946144211844853,85.7843137254902,83.33333333333333,34,15.527950310559007,0.0,100.0,63.63636363636363,2.3333333333333335,2,3,2,77.52000000000001
S39G01N244,2021-2022,20220316,home,64,6,0,2,1,3,3,10,9,7,3,0,0,1,1,1,2,17,12,5,3,28,18,1,0,3,600,0,0,0,3,-0.8946144211844853,80.27522935779815,79.41176470588235,33,14.677103718199607,33.333333333333336,100.0,50.0,2.0,2,3,8,77.52000000000001,60,7,0,2,0,2,1,9,8,6,3,0,0,3,3,2,4,15,11,3,2,28,18,3,0,3,600,0,0,0,3,0.8946144211844853,85.7843137254902,83.33333333333333,34,15.527950310559007,0.0,100.0,63.63636363636363,2.3333333333333335,2,3,2,77.52000000000001
S39G01N244,2021-2022,20220316,home,64,6,0,2,1,3,3,10,9,7,3,0,0,1,1,1,2,17,12,5,3,28,18,1,0,3,600,0,0,0,3,-0.8946144211844853,80.27522935779815,79.41176470588235,33,14.677103718199607,33.333333333333336,100.0,50.0,2.0,2,3,8,77.52000000000001,60,7,0,2,0,2,1,9,8,6,3,0,0,3,3,2,4,15,11,3,2,28,18,3,0,3,600,0,0,0,3,0.8946144211844853,85.7843137254902,83.33333333333333,34,15.527950310559007,0.0,100.0,63.63636363636363,2.3333333333333335,2,3,2,77.52000000000001
S39G01N244,2021-2022,20220316,home,64,6,0,2,1,3,3,10,9,7,3,0,0,1,1,1,2,17,12,5,3,28,18,1,0,3,600,0,0,0,3,-0.8946144211844853,80.27522935779815,79.41176470588235,33,14.677103718199607,33.333333333333336,100.0,50.0,2.0,2,3,8,77.52000000000001,60,7,0,2,0,2,1,9,8,6,3,0,0,3,3,2,4,15,11,3,2,28,18,3,0,3,600,0,0,0,3,0.8946144211844853,85.7843137254902,83.33333333333333,34,15.527950310559007,0.0,100.0,63.63636363636363,2.3333333333333335,2,3,2,77.52000000000001
S39G01N244,2021-2022,20220316,home,64,6,0,2,1,3,3,10,9,7,3,0,0,1,1,1,2,17,12,5,3,28,18,1,0,3,600,0,0,0,3,-0.8946144211844853,80.27522935779815,79.41176470588235,33,14.677103718199607,33.333333333333336,100.0,50.0,2.0,2,3,8,77.52000000000001,60,7,0,2,0,2,1,9,8,6,3,0,0,3,3,2,4,15,11,3,2,28,18,3,0,3,600,0,0,0,3,0.8946144211844853,85.7843137254902,83.33333333333333,34,15.527950310559007,0.0,100.0,63.63636363636363,2.3333333333333335,2,3,2,77.52000000000001
S39G01N244,2021-2022,20220316,home,64,6,0,2,1,3,3,10,9,7,3,0,0,1,1,1,2,17,12,5,3,28,18,1,0,3,600,0,0,0,3,-0.8946144211844853,80.27522935779815,79.41176470588235,33,14.677103718199607,33.333333333333336,100.0,50.0,2.0,2,3,8,77.52000000000001,60,7,0,2,0,2,1,9,8,6,3,0,0,3,3,2,4,15,11,3,2,28,18,3,0,3,600,0,0,0,3,0.8946144211844853,85.7843137254902,83.33333333333333,34,15.527950310559007,0.0,100.0,63.63636363636363,2.3333333333333335,2,3,2,77.52000000000001
S39G01N244,2021-2022,20220316,home,64,6,0,2,1,3,3,10,9,7,3,0,0,1,1,1,2,17,12,5,3,28,18,1,0,3,600,0,0,0,3,-0.8946144211844853,80.27522935779815,79.41176470588235,33,14.677103718199607,33.333333333333336,100.0,50.0,2.0,2,3,8,77.52000000000001,60,7,0,2,0,2,1,9,8,6,3,0,0,3,3,2,4,15,11,3,2,28,18,3,0,3,600,0,0,0,3,0.8946144211844853,85.7843137254902,83.33333333333333,34,15.527950310559007,0.0,100.0,63.63636363636363,2.3333333333333335,2,3,2,77.52000000000001
S39G01N244,2021-2022,20220316,home,64,6,0,2,1,3,3,10,9,7,3,0,0,1,1,1,2,17,12,5,3,28,18,1,0,3,600,0,0,0,3,-0.8946144211844853,80.27522935779815,79.41176470588235,33,14.677103718199607,33.333333333333336,100.0,50.0,2.0,2,3,8,77.52000000000001,60,7,0,2,0,2,1,9,8,6,3,0,0,3,3,2,4,15,11,3,2,28,18,3,0,3,600,0,0,0,3,0.8946144211844853,85.7843137254902,83.33333333333333,34,15.527950310559007,0.0,100.0,63.63636363636363,2.3333333333333335,2,3,2,77.52000000000001
S39G01N244,2021-2022,20220316,home,64,6,0,2,1,3,3,10,9,7,3,0,0,1,1,1,2,17,12,5,3,28,18,1,0,3,600,0,0,0,3,-0.8946144211844853,80.27522935779815,79.41176470588235,33,14.677103718199607,33.333333333333336,100.0,50.0,2.0,2,3,8,77.52000000000001,60,7,0,2,0,2,1,9,8,6,3,0,0,3,3,2,4,15,11,3,2,28,18,3,0,3,600,0,0,0,3,0.8946144211844853,85.7843137254902,83.33333333333333,34,15.527950310559007,0.0,100.0,63.63636363636363,2.3333333333333335,2,3,2,77.52000000000001
S39G01N244,2021-2022,20220316,home,64,6,0,2,1,3,3,10,9,7,3,0,0,1,1,1,2,17,12,5,3,28,18,1,0,3,600,0,0,0,3,-0.8946144211844853,80.27522935779815,79.41176470588235,33,14.677103718199607,33.333333333333336,100.0,50.0,2.0,2,3,8,77.52000000000001,60,7,0,2,0,2,1,9,8,6,3,0,0,3,3,2,4,15,11,3,2,28,18,3,0,3,600,0,0,0,3,0.8946144211844853,85.7843137254902,83.33333333333333,34,15.527950310559007,0.0,100.0,63.63636363636363,2.3333333333333335,2,3,2,77.52000000000001
S39G01N244,2021-2022,20220316,home,64,6,0,2,1,3,3,10,9,7,3,0,0,1,1,1,2,17,12,5,3,28,18,1,0,3,600,0,0,0,3,-0.8946144211844853,80.27522935779815,79.41176470588235,33,14.677103718199607,33.333333333333336,100.0,50.0,2.0,2,3,8,77.52000000000001,60,7,0,2,0,2,1,9,8,6,3,0,0,3,3,2,4,15,11,3,2,28,18,3,0,3,600,0,0,0,3,0.8946144211844853,85.7843137254902,83.33333333333333,34,15.527950310559007,0.0,100.0,63.63636363636363,2.3333333333333335,2,3,2,77.52000000000001
S39G01N244,2021-2022,20220316,home,64,6,0,2,1,3,3,10,9,7,3,0,0,1,1,1,2,17,12,5,3,28,18,1,0,3,600,0,0,0,3,-0.8946144211844853,80.27522935779815,79.41176470588235,33,14.677103718199607,33.333333333333336,100.0,50.0,2.0,2,3,8,77.52000000000001,60,7,0,2,0,2,1,9,8,6,3,0,0,3,3,2,4,15,11,3,2,28,18,3,0,3,600,0,0,0,3,0.8946144211844853,85.7843137254902,83.33333333333333,34,15.527950310559007,0.0,100.0,63.63636363636363,2.3333333333333335,2,3,2,77.52000000000001
S39G01N244,2021-2022,20220316,home,64,6,0,2,1,3,3,10,9,7,3,0,0,1,1,1,2,17,12,5,3,28,18,1,0,3,600,0,0,0,3,-0.8946144211844853,80.27522935779815,79.41176470588235,33,14.677103718199607,33.333333333333336,100.0,50.0,2.0,2,3,8,77.52000000000001,60,7,0,2,0,2,1,9,8,6,3,0,0,3,3,2,4,15,11,3,2,28,18,3,0,3,600,0,0,0,3,0.8946144211844853,85.7843137254902,83.33333333333333,34,15.527950310559007,0.0,100.0,63.63636363636363,2.3333333333333335,2,3,2,77.52000000000001
S39G01N244,2021-2022,20220316,home,64,6,0,2,1,3,3,10,9,7,3,0,0,1,1,1,2,17,12,5,3,28,18,1,0,3,600,0,0,0,3,-0.8946144211844853,80.27522935779815,79.41176470588235,33,14.677103718199607,33.333333333333336,100.0,50.0,2.0,2,3,8,77.52000000000001,60,7,0,2,0,2,1,9,8,6,3,0,0,3,3,2,4,15,11,3,2,28,18,3,0,3,600,0,0,0,3,0.8946144211844853,85.7843137254902,83.33333333333333,34,15.527950310559007,0.0,100.0,63.63636363636363,2.3333333333333335,2,3,2,77.52000000000001
S39G01N244,2021-2022,20220316,home,64,6,0,2,1,3,3,10,9,7,3,0,0,1,1,1,2,17,12,5,3,28,18,1,0,3,600,0,0,0,3,-0.8946144211844853,80.27522935779815,79.41176470588235,33,14.677103718199607,33.333333333333336,100.0,50.0,2.0,2,3,8,77.52000000000001,60,7,0,2,0,2,1,9,8,6,3,0,0,3,3,2,4,15,11,3,2,28,18,3,0,3,600,0,0,0,3,0.8946144211844853,85.7843137254902,83.33333333333333,34,15.527950310559007,0.0,100.0,63.63636363636363,2.3333333333333335,2,3,2,77.52000000000001
S39G01N244,2021-2022,20220316,home,64,6,0,2,1,3,3,10,9,7,3,0,0,1,1,1,2,17,12,5,3,28,18,1,0,3,600,0,0,0,3,-0.8946144211844853,80.27522935779815,79.41176470588235,33,14.677103718199607,33.333333333333336,100.0,50.0,2.0,2,3,8,77.52000000000001,60,7,0,2,0,2,1,9,8,6,3,0,0,3,3,2,4,15,11,3,2,28,18,3,0,3,600,0,0,0,3,0.8946144211844853,85.7843137254902,83.33333333333333,34,15.527950310559007,0.0,100.0,63.63636363636363,2.3333333333333335,2,3,2,77.52000000000001
S39G01N244,2021-2022,20220316,home,64,6,0,2,1,3,3,10,9,7,3,0,0,1,1,1,2,17,12,5,3,28,18,1,0,3,600,0,0,0,3,-0.8946144211844853,80.27522935779815,79.41176470588235,33,14.677103718199607,33.333333333333336,100.0,50.0,2.0,2,3,8,77.52000000000001,60,7,0,2,0,2,1,9,8,6,3,0,0,3,3,2,4,15,11,3,2,28,18,3,0,3,600,0,0,0,3,0.8946144211844853,85.7843137254902,83.33333333333333,34,15.527950310559007,0.0,100.0,63.63636363636363,2.3333333333333335,2,3,2,77.52000000000001
S39G01N244,2021-2022,20220316,home,64,6,0,2,1,3,3,10,9,7,3,0,0,1,1,1,2,17,12,5,3,28,18,1,0,3,600,0,0,0,3,-0.8946144211844853,80.27522935779815,79.41176470588235,33,14.677103718199607,33.333333333333336,100.0,50.0,2.0,2,3,8,77.52000000000001,60,7,0,2,0,2,1,9,8,6,3,0,0,3,3,2,4,15,11,3,2,28,18,3,0,3,600,0,0,0,3,0.8946144211844853,85.7843137254902,83.33333333333333,34,15.527950310559007,0.0,100.0,63.63636363636363,2.3333333333333335,2,3,2,77.52000000000001
S39G01N244,2021-2022,20220316,home,64,6,0,2,1,3,3,10,9,8,4,0,0,1,1,1,2,18,13,5,3,31,19,1,0,3,613,0,0,0,3,6.735868856178541,84.05639913232103,83.33333333333333,36,13.992537313432836,33.333333333333336,100.0,46.15384615384615,2.0,3,3,8,77.83360522022839,60,7,0,2,0,2,1,9,8,6,3,0,0,3,3,2,4,15,11,3,2,28,18,3,0,3,613,0,0,0,3,-6.735868856178541,85.7843137254902,83.33333333333333,34,15.527950310559007,0.0,100.0,63.63636363636363,2.3333333333333335,3,3,2,77.83360522022839
S39G01N244,2021-2022,20220316,home,64,7,0,2,1,3,3,10,9,8,4,0,0,1,1,1,2,18,13,5,3,31,19,1,0,3,613,0,0,0,3,6.735868856178541,84.05639913232103,83.33333333333333,37,13.992537313432836,33.333333333333336,100.0,53.84615384615385,2.3333333333333335,3,3,8,77.83360522022839,60,7,0,2,0,2,1,9,8,6,3,0,0,3,3,2,4,15,11,3,2,28,18,3,0,3,613,0,0,0,3,-6.735868856178541,85.7843137254902,83.33333333333333,34,15.527950310559007,0.0,100.0,63.63636363636363,2.3333333333333335,3,3,2,77.83360522022839
S39G01N244,2021-2022,20220316,home,64,7,0,2,1,3,3,10,9,8,4,0,0,1,1,1,2,18,13,6,4,31,19,1,0,3,628,0,0,0,3,6.735868856178541,84.05639913232103,83.33333333333333,37,13.992537313432836,33.333333333333336,100.0,53.84615384615385,2.3333333333333335,3,3,8,75.97452229299364,60,7,0,2,0,2,1,9,8,6,3,0,0,3,3,2,4,15,11,3,2,28,18,3,0,3,628,0,0,0,3,-6.735868856178541,85.7843137254902,83.33333333333333,34,15.527950310559007,0.0,100.0,63.63636363636363,2.3333333333333335,3,3,2,75.97452229299364
S39G01N244,2021-2022,20220316,home,64,7,0,2,1,3,3,10,9,8,4,0,0,1,1,1,2,18,13,6,4,31,19,1,0,3,628,0,0,0,3,6.735868856178541,84.05639913232103,83.33333333333333,37,13.992537313432836,33.333333333333336,100.0,53.84615384615385,2.3333333333333335,3,3,8,75.97452229299364,60,7,0,2,0,2,1,9,8,6,3,0,0,3,3,2,4,15,11,3,2,28,18,3,0,3,628,0,0,0,3,-6.735868856178541,85.7843137254902,83.33333333333333,34,15.527950310559007,0.0,100.0,63.63636363636363,2.3333333333333335,3,3,2,75.97452229299364
S39G01N244,2021-2022,20220316,home,64,7,0,2,1,3,3,10,9,8,4,0,0,1,1,1,2,18,13,6,4,31,19,1,0,3,641,0,0,0,3,4.025609812472055,84.05639913232103,83.33333333333333,37,13.992537313432836,33.333333333333336,100.0,53.84615384615385,2.3333333333333335,2,3,8,76.30577223088925,60,7,0,2,0,2,1,10,9,6,3,1,1,3,3,2,4,16,12,3,2,30,19,3,0,3,641,0,0,0,3,-4.025609812472055,86.60508083140877,84.375,36,14.763779527559056,0.0,100.0,58.333333333333336,2.3333333333333335,2,3,2,76.30577223088925
S39G01N244,2021-2022,20220316,home,64,7,0,2,1,3,3,10,9,8,4,0,0,1,1,1,2,18,13,6,4,31,19,1,0,3,641,0,0,0,3,4.025609812472055,84.05639913232103,83.33333333333333,37,13.992537313432836,33.333333333333336,100.0,53.84615384615385,2.3333333333333335,2,3,8,76.30577223088925,60,8,0,2,0,2,1,10,9,6,3,1,1,3,3,2,4,16,12,3,2,30,19,3,0,3,641,0,0,0,3,-4.025609812472055,86.60508083140877,84.375,37,14.763779527559056,0.0,100.0,66.66666666666667,2.6666666666666665,2,3,2,76.30577223088925
S39G01N244,2021-2022,20220316,home,64,7,0,2,1,3,3,10,9,9,5,0,0,1,1,1,2,19,14,6,4,34,20,1,0,3,657,0,0,0,3,10.944294276648236,87.44855967078189,86.84210526315789,40,13.36898395721925,33.333333333333336,100.0,50.0,2.3333333333333335,3,3,8,76.27397260273973,60,8,0,2,0,2,1,10,9,6,3,1,1,3,3,2,4,16,12,3,2,30,19,3,0,3,657,0,0,0,3,-10.944294276648236,86.60508083140877,84.375,37,14.763779527559056,0.0,100.0,66.66666666666667,2.6666666666666665,3,3,2,76.27397260273973
S39G01N244,2021-2022,20220316,home,64,7,0,2,1,3,3,10,9,9,5,0,0,1,1,1,2,19,14,6,4,34,20,1,0,3,675,0,0,0,3,3.7978494021449762,87.44855967078189,86.84210526315789,40,13.36898395721925,33.333333333333336,100.0,50.0,2.3333333333333335,3,3,8,76.01777777777778,60,8,0,2,0,2,1,10,9,7,4,1,1,3,3,2,4,17,13,3,2,33,20,3,0,3,675,0,0,0,3,-3.7978494021449762,90.06550218340611,88.23529411764706,40,14.071294559099437,0.0,100.0,61.53846153846154,2.6666666666666665,3,3,2,76.01777777777778
S39G01N244,2021-2022,20220316,home,64,7,0,2,1,3,3,10,9,9,5,0,0,1,1,1,2,19,14,6,4,34,20,1,0,3,675,0,0,0,3,3.7978494021449762,87.44855967078189,86.84210526315789,40,13.36898395721925,33.333333333333336,100.0,50.0,2.3333333333333335,3,3,8,76.01777777777778,60,9,0,2,0,2,1,10,9,7,4,1,1,3,3,2,4,17,13,3,2,33,20,3,0,3,675,0,0,0,3,-3.7978494021449762,90.06550218340611,88.23529411764706,41,14.071294559099437,0.0,100.0,69.23076923076923,3.0,3,3,2,76.01777777777778
S39G01N244,2021-2022,20220316,home,64,7,0,2,1,3,3,10,9,9,5,0,0,1,1,1,2,19,14,6,4,34,20,1,0,3,695,0,0,0,3,3.7978494021449762,87.44855967078189,86.84210526315789,40,13.36898395721925,33.333333333333336,100.0,50.0,2.3333333333333335,3,3,8,73.83021582733814,60,9,0,2,0,2,1,10,9,7,4,1,1,3,3,2,4,17,13,4,2,33,20,3,0,3,695,0,0,0,3,-3.7978494021449762,90.06550218340611,88.23529411764706,41,14.071294559099437,0.0,100.0,69.23076923076923,3.0,3,3,2,73.83021582733814
S39G01N244,2021-2022,20220316,home,64,7,0,2,1,3,3,10,9,9,5,0,0,1,1,1,2,19,14,6,4,34,20,1,0,3,695,0,0,0,3,3.7978494021449762,87.44855967078189,86.84210526315789,40,13.36898395721925,33.333333333333336,100.0,50.0,2.3333333333333335,3,3,8,73.83021582733814,60,9,0,2,0,2,1,10,9,7,4,1,1,3,3,2,4,17,13,4,2,33,20,3,0,3,695,0,0,0,3,-3.7978494021449762,90.06550218340611,88.23529411764706,41,14.071294559099437,0.0,100.0,69.23076923076923,3.0,3,3,2,73.83021582733814
S39G01N244,2021-2022,20220316,home,64,7,0,2,1,3,3,10,9,9,5,0,0,2,2,1,2,19,14,6,4,35,21,1,0,3,695,0,0,0,3,5.179196778608201,88.02816901408451,86.84210526315789,41,13.111888111888112,33.333333333333336,100.0,50.0,2.3333333333333335,1,3,8,74.58992805755396,60,9,0,2,0,2,1,10,9,7,4,1,1,3,3,2,4,17,13,4,2,33,20,3,0,3,695,0,0,0,3,-5.179196778608201,90.06550218340611,88.23529411764706,41,14.071294559099437,0.0,100.0,69.23076923076923,3.0,1,3,2,74.58992805755396
S39G01N244,2021-2022,20220316,home,64,7,0,2,1,3,3,10,9,9,5,0,0,3,3,1,2,19,14,6,4,36,22,1,0,3,695,0,0,0,3,6.506082430551345,88.58267716535433,86.84210526315789,42,12.864493996569468,33.333333333333336,100.0,50.0,2.3333333333333335,2,3,8,75.34964028776979,60,9,0,2,0,2,1,10,9,7,4,1,1,3,3,2,4,17,13,4,2,33,20,3,0,3,695,0,0,0,3,-6.506082430551345,90.06550218340611,88.23529411764706,41,14.071294559099437,0.0,100.0,69.23076923076923,3.0,2,3,2,75.34964028776979
S39G01N244,2021-2022,20220316,home,64,7,0,2,1,3,3,10,9,9,5,0,0,3,3,1,2,19,14,6,4,36,22,1,0,3,721,0,0,0,3,4.4802867383512535,88.58267716535433,86.84210526315789,42,12.864493996569468,33.333333333333336,100.0,50.0,2.3333333333333335,2,3,8,74.29680998613037,60,9,0,2,0,2,1,11,10,7,4,1,1,3,3,2,4,18,14,4,2,35,21,3,0,3,721,0,0,0,3,-4.4802867383512535,90.57971014492753,88.88888888888889,43,13.440860215053764,0.0,100.0,64.28571428571429,3.0,2,3,2,74.29680998613037
S39G01N244,2021-2022,20220316,home,64,7,0,2,1,3,3,10,9,9,5,0,0,3,3,1,2,19,14,6,4,36,22,1,0,3,721,0,0,0,3,4.4802867383512535,88.58267716535433,86.84210526315789,42,12.864493996569468,33.333333333333336,100.0,50.0,2.3333333333333335,2,3,8,74.29680998613037,60,10,0,2,0,2,1,11,10,7,4,1,1,3,3,2,4,18,14,4,2,35,21,3,0,3,721,0,0,0,3,-4.4802867383512535,90.57971014492753,88.88888888888889,44,13.440860215053764,0.0,100.0,71.42857142857143,3.3333333333333335,2,3,2,74.29680998613037
S39G01N244,2021-2022,20220316,home,64,7,0,2,1,3,3,11,10,9,5,0,0,3,3,1,2,20,15,6,4,38,23,1,0,3,737,0,0,0,3,6.140221447586043,89.11819887429644,87.5,44,12.335526315789474,33.333333333333336,100.0,46.666666666666664,2.3333333333333335,2,3,8,74.31207598371778,60,10,0,2,0,2,1,11,10,7,4,1,1,3,3,2,4,18,14,4,2,35,21,3,0,3,737,0,0,0,3,-6.140221447586043,90.57971014492753,88.88888888888889,44,13.440860215053764,0.0,100.0,71.42857142857143,3.3333333333333335,2,3,2,74.31207598371778
S39G01N244,2021-2022,20220316,home,64,8,0,2,1,3,3,11,10,9,5,0,0,3,3,1,2,20,15,6,4,38,23,1,0,3,737,0,0,0,3,6.140221447586043,89.11819887429644,87.5,45,12.335526315789474,33.333333333333336,100.0,53.333333333333336,2.6666666666666665,2,3,8,74.31207598371778,60,10,0,2,0,2,1,11,10,7,4,1,1,3,3,2,4,18,14,4,2,35,21,3,0,3,737,0,0,0,3,-6.140221447586043,90.57971014492753,88.88888888888889,44,13.440860215053764,0.0,100.0,71.42857142857143,3.3333333333333335,2,3,2,74.31207598371778
S39G01N244,2021-2022,20220316,home,64,8,0,2,1,3,3,11,10,9,5,0,0,3,3,1,2,20,15,6,4,38,23,1,0,3,758,0,0,0,3,12.864493996569479,89.11819887429644,87.5,45,12.335526315789474,33.333333333333336,100.0,53.333333333333336,2.6666666666666665,2,3,8,73.83641160949868,60,10,0,2,0,2,1,11,10,7,4,1,1,3,3,2,4,18,14,4,2,35,21,3,0,4,758,0,0,0,4,-12.864493996569479,90.57971014492753,88.88888888888889,43,17.152658662092623,0.0,100.0,71.42857142857143,2.5,2,3,2,73.83641160949868
S39G01N244,2021-2022,20220316,home,64,8,0,2,1,3,3,11,10,9,5,0,0,3,3,1,2,20,15,6,4,38,23,1,0,3,766,0,0,0,3,12.864493996569479,89.11819887429644,87.5,45,12.335526315789474,33.333333333333336,100.0,53.333333333333336,2.6666666666666665,2,3,8,73.06527415143603,60,10,0,2,0,2,1,11,10,7,4,1,1,3,3,2,4,18,14,4,2,35,21,3,0,4,766,0,0,0,4,-12.864493996569479,90.57971014492753,88.88888888888889,43,17.152658662092623,0.0,100.0,71.42857142857143,2.5,2,3,2,73.06527415143603
S39G01N244,2021-2022,20220316,home,64,8,0,2,1,3,3,11,10,9,5,0,0,3,3,1,2,20,15,6,4,38,23,1,0,3,766,0,0,0,3,12.864493996569479,89.11819887429644,87.5,45,12.335526315789474,33.333333333333336,100.0,53.333333333333336,2.6666666666666665,2,3,8,73.06527415143603,60,10,0,2,0,2,1,11,10,7,4,1,1,3,3,2,4,18,14,4,2,35,21,3,0,4,766,0,0,0,4,-12.864493996569479,90.57971014492753,88.88888888888889,43,17.152658662092623,0.0,100.0,71.42857142857143,2.5,2,3,2,73.06527415143603
S39G01N244,2021-2022,20220316,home,64,8,0,2,1,3,3,11,10,10,5,0,0,3,3,1,2,21,15,6,4,38,24,1,0,3,774,0,0,0,3,6.164236706689536,85.12544802867383,83.33333333333333,44,11.848341232227488,33.333333333333336,100.0,53.333333333333336,2.6666666666666665,2,3,8,73.86046511627907,60,10,0,2,0,2,1,11,10,7,4,1,1,3,3,2,4,18,14,4,2,35,21,3,0,4,774,0,0,0,4,-6.164236706689536,90.57971014492753,88.88888888888889,43,17.152658662092623,0.0,100.0,71.42857142857143,2.5,2,3,2,73.86046511627907
S39G01N244,2021-2022,20220316,home,64,8,0,2,2,4,3,11,10,10,5,0,0,3,3,1,2,21,15,6,4,38,24,1,0,3,777,0,0,0,3,12.864493996569479,85.12544802867383,83.33333333333333,45,11.848341232227488,50.0,100.0,53.333333333333336,2.6666666666666665,2,3,8,72.03088803088804,60,10,0,2,0,2,1,11,10,7,4,1,1,3,3,2,4,18,14,4,2,35,21,3,0,4,777,0,0,0,4,-12.864493996569479,90.57971014492753,88.88888888888889,43,17.152658662092623,0.0,100.0,71.42857142857143,2.5,2,3,2,72.03088803088804
S39G01N244,2021-2022,20220316,home,64,8,0,2,2,4,3,11,10,11,6,0,0,3,3,1,2,22,16,6,4,41,25,1,0,3,779,0,0,0,3,18.499763022479016,87.9073756432247,86.36363636363636,48,11.398176291793312,50.0,100.0,50.0,2.6666666666666665,5,3,8,73.38639281129653,60,10,0,2,0,2,1,11,10,7,4,1,1,3,3,2,4,18,14,4,2,35,21,3,0,4,779,0,0,0,4,-18.499763022479016,90.57971014492753,88.88888888888889,43,17.152658662092623,0.0,100.0,71.42857142857143,2.5,5,3,2,73.38639281129653
S39G01N244,2021-2022,20220316,home,64,8,0,2,2,4,3,11,10,11,6,0,0,3,3,1,2,22,16,6,4,41,25,1,0,3,799,0,0,0,3,18.499763022479016,87.9073756432247,86.36363636363636,48,11.398176291793312,50.0,100.0,50.0,2.6666666666666665,5,3,8,71.54943679599499,60,10,0,2,0,2,1,11,10,7,4,1,1,3,3,2,4,18,14,4,2,35,21,3,0,4,799,0,0,0,4,-18.499763022479016,90.57971014492753,88.88888888888889,43,17.152658662092623,0.0,100.0,71.42857142857143,2.5,5,3,2,71.54943679599499
S39G01N244,2021-2022,20220316,home,64,8,0,2,2,4,3,11,10,11,6,0,0,3,3,1,2,22,16,6,4,41,25,1,0,3,799,0,0,0,3,18.499763022479016,87.9073756432247,86.36363636363636,48,11.398176291793312,50.0,100.0,50.0,2.6666666666666665,5,3,8,71.54943679599499,60,10,0,2,0,2,1,11,10,7,4,1,1,3,3,2,4,18,14,4,2,35,21,3,0,4,799,0,0,0,4,-18.499763022479016,90.57971014492753,88.88888888888889,43,17.152658662092623,0.0,100.0,71.42857142857143,2.5,5,3,2,71.54943679599499
S39G01N244,2021-2022,20220316,home,64,8,0,2,2,4,3,11,10,11,6,0,0,3,3,1,2,22,16,6,4,41,25,1,0,3,799,0,0,0,3,18.499763022479016,87.9073756432247,86.36363636363636,48,11.398176291793312,50.0,100.0,50.0,2.6666666666666665,5,3,8,71.54943679599499,60,10,0,2,0,2,1,11,10,7,4,1,1,3,3,2,4,18,14,4,2,35,21,3,0,4,799,0,0,0,4,-18.499763022479016,90.57971014492753,88.88888888888889,43,17.152658662092623,0.0,100.0,71.42857142857143,2.5,5,3,2,71.54943679599499
S39G01N244,2021-2022,20220316,home,64,8,0,2,2,4,3,11,10,11,6,0,0,3,3,1,2,22,16,6,4,41,25,1,0,3,799,0,0,0,3,18.499763022479016,87.9073756432247,86.36363636363636,48,11.398176291793312,50.0,100.0,50.0,2.6666666666666665,5,3,8,71.54943679599499,60,10,0,2,0,2,1,11,10,7,4,1,1,3,3,2,4,18,14,4,2,35,21,3,0,4,799,0,0,0,4,-18.499763022479016,90.57971014492753,88.88888888888889,43,17.152658662092623,0.0,100.0,71.42857142857143,2.5,5,3,2,71.54943679599499
S39G01N244,2021-2022,20220316,home,64,8,0,2,2,4,3,11,10,11,6,0,0,3,3,1,2,22,16,6,4,41,25,1,0,3,799,0,0,0,3,18.499763022479016,87.9073756432247,86.36363636363636,48,11.398176291793312,50.0,100.0,50.0,2.6666666666666665,5,3,8,71.54943679599499,60,10,0,2,0,2,1,11,10,7,4,1,1,3,3,2,4,18,14,4,2,35,21,3,0,4,799,0,0,0,4,-18.499763022479016,90.57971014492753,88.88888888888889,43,17.152658662092623,0.0,100.0,71.42857142857143,2.5,5,3,2,71.54943679599499
S39G01N244,2021-2022,20220316,home,64,8,0,2,2,4,3,11,10,11,6,0,0,3,3,1,2,22,16,6,4,41,25,1,0,3,799,0,0,0,3,18.499763022479016,87.9073756432247,86.36363636363636,48,11.398176291793312,50.0,100.0,50.0,2.6666666666666665,5,3,8,71.54943679599499,60,10,0,2,0,2,1,11,10,7,4,1,1,3,3,2,4,18,14,4,2,35,21,3,0,4,799,0,0,0,4,-18.499763022479016,90.57971014492753,88.88888888888889,43,17.152658662092623,0.0,100.0,71.42857142857143,2.5,5,3,2,71.54943679599499
S39G01N244,2021-2022,20220316,home,64,8,0,2,2,4,3,11,10,11,6,0,0,3,3,1,2,22,16,6,4,41,25,1,0,3,806,0,0,0,3,18.499763022479016,87.9073756432247,86.36363636363636,48,11.398176291793312,50.0,100.0,50.0,2.6666666666666665,5,3,8,70.92803970223325,60,10,0,2,0,2,1,11,10,7,4,1,1,3,3,2,4,18,14,4,2,35,21,3,1,4,806,0,0,0,5,-18.499763022479016,90.57971014492753,88.88888888888889,42,17.152658662092623,0.0,100.0,71.42857142857143,2.5,5,3,2,70.92803970223325
S39G01N244,2021-2022,20220316,home,64,8,0,2,2,4,3,11,10,12,7,0,0,3,3,1,2,23,17,6,4,44,26,1,0,3,819,0,0,0,3,23.689908112692706,90.46052631578948,89.1304347826087,51,10.980966325036603,50.0,100.0,47.05882352941177,2.6666666666666665,8,3,9,71.26739926739927,60,10,0,2,0,2,1,11,10,7,4,1,1,3,3,2,4,18,14,4,2,35,21,3,1,4,819,0,0,0,5,-23.689908112692706,90.57971014492753,88.88888888888889,42,17.152658662092623,0.0,100.0,71.42857142857143,2.5,8,3,2,71.26739926739927
S39G01N244,2021-2022,20220316,home,64,9,0,2,2,4,3,11,10,12,7,0,0,3,3,1,2,23,17,6,4,44,26,1,0,3,819,0,0,0,3,23.689908112692706,90.46052631578948,89.1304347826087,52,10.980966325036603,50.0,100.0,52.94117647058823,3.0,8,3,9,71.26739926739927,60,10,0,2,0,2,1,11,10,7,4,1,1,3,3,2,4,18,14,4,2,35,21,3,1,4,819,0,0,0,5,-23.689908112692706,90.57971014492753,88.88888888888889,42,17.152658662092623,0.0,100.0,71.42857142857143,2.5,8,3,2,71.26739926739927
S39G01N244,2021-2022,20220316,home,64,9,0,2,2,4,3,11,10,12,7,0,0,3,3,1,2,23,17,7,5,44,26,1,0,3,839,0,0,0,3,23.689908112692706,90.46052631578948,89.1304347826087,52,10.980966325036603,50.0,100.0,52.94117647058823,3.0,8,3,9,69.56853396901073,60,10,0,2,0,2,1,11,10,7,4,1,1,3,3,2,4,18,14,4,2,35,21,3,1,4,839,0,0,0,5,-23.689908112692706,90.57971014492753,88.88888888888889,42,17.152658662092623,0.0,100.0,71.42857142857143,2.5,8,3,2,69.56853396901073
S39G01N244,2021-2022,20220316,home,64,9,0,2,2,4,3,11,10,12,7,0,0,3,3,1,2,23,17,7,5,44,26,1,0,3,839,0,0,0,3,23.689908112692706,90.46052631578948,89.1304347826087,52,10.980966325036603,50.0,100.0,52.94117647058823,3.0,8,3,9,69.56853396901073,60,10,0,2,0,2,1,11,10,7,4,1,1,3,3,2,4,18,14,4,2,35,21,3,1,4,839,0,0,0,5,-23.689908112692706,90.57971014492753,88.88888888888889,42,17.152658662092623,0.0,100.0,71.42857142857143,2.5,8,3,2,69.56853396901073
S39G01N244,2021-2022,20220316,home,64,9,0,2,2,4,3,11,10,12,7,0,0,3,3,1,2,23,17,8,6,44,26,1,0,3,847,0,0,0,3,23.689908112692706,90.46052631578948,89.1304347826087,52,10.980966325036603,50.0,100.0,52.94117647058823,3.0,8,3,9,68.91145218417945,60,10,0,2,0,2,1,11,10,7,4,1,1,3,3,2,4,18,14,4,2,35,21,3,1,4,847,0,0,0,5,-23.689908112692706,90.57971014492753,88.88888888888889,42,17.152658662092623,0.0,100.0,71.42857142857143,2.5,8,3,2,68.91145218417945
S39G01N244,2021-2022,20220316,home,64,9,0,2,2,4,3,11,10,12,7,0,0,3,3,1,2,23,17,8,6,44,26,1,0,3,847,0,0,0,3,23.689908112692706,90.46052631578948,89.1304347826087,52,10.980966325036603,50.0,100.0,52.94117647058823,3.0,8,3,9,68.91145218417945,60,10,0,2,0,2,1,11,10,7,4,1,1,3,3,2,4,18,14,4,2,35,21,3,1,4,847,0,0,0,5,-23.689908112692706,90.57971014492753,88.88888888888889,42,17.152658662092623,0.0,100.0,71.42857142857143,2.5,8,3,2,68.91145218417945
S39G01N244,2021-2022,20220316,home,64,9,0,2,2,4,3,11,10,12,7,0,0,3,3,1,2,23,17,8,6,44,26,1,0,3,860,0,0,0,3,29.86119772179265,90.46052631578948,89.1304347826087,52,10.980966325036603,50.0,100.0,52.94117647058823,3.0,8,3,9,69.26511627906977,60,10,0,2,0,2,1,11,10,8,4,1,1,3,3,2,4,19,14,4,2,35,22,3,1,4,860,0,0,0,5,-29.86119772179265,86.12204724409449,84.21052631578948,41,16.44736842105263,0.0,100.0,71.42857142857143,2.5,8,3,2,69.26511627906977
S39G01N244,2021-2022,20220316,home,64,9,0,2,2,4,3,11,10,12,7,0,0,3,3,1,2,23,17,8,6,44,26,1,0,3,862,0,0,0,3,23.689908112692706,90.46052631578948,89.1304347826087,52,10.980966325036603,50.0,100.0,52.94117647058823,3.0,8,3,9,67.7122969837587,60,10,0,2,1,3,1,11,10,8,4,1,1,3,3,2,4,19,14,4,2,35,22,3,1,4,862,0,0,0,5,-23.689908112692706,86.12204724409449,84.21052631578948,42,16.44736842105263,33.333333333333336,100.0,71.42857142857143,2.5,8,3,2,67.7122969837587
S39G01N244,2021-2022,20220316,home,64,9,0,2,2,4,3,11,10,12,7,0,0,3,3,1,2,23,17,8,6,44,26,1,0,3,872,0,0,0,3,29.86119772179265,90.46052631578948,89.1304347826087,52,10.980966325036603,50.0,100.0,52.94117647058823,3.0,8,3,9,68.31192660550458,60,10,0,2,1,3,1,11,10,8,4,1,1,3,3,2,4,19,14,4,2,35,22,3,1,5,872,0,0,0,6,-29.86119772179265,86.12204724409449,84.21052631578948,41,19.747235387045812,33.333333333333336,100.0,71.42857142857143,2.0,8,3,2,68.31192660550458
S39G01N244,2021-2022,20220316,home,64,9,0,2,2,4,3,11,10,12,7,0,0,3,3,1,2,23,17,8,6,44,26,2,0,3,873,0,0,0,3,29.86119772179265,90.46052631578948,89.1304347826087,53,10.980966325036603,50.0,100.0,52.94117647058823,3.0,8,3,9,68.23367697594502,60,10,0,2,1,3,1,11,10,8,4,1,1,3,3,2,4,19,14,4,2,35,22,3,1,5,873,0,0,0,6,-29.86119772179265,86.12204724409449,84.21052631578948,41,19.747235387045812,33.333333333333336,100.0,71.42857142857143,2.0,8,3,2,68.23367697594502
S39G01N244,2021-2022,20220316,home,64,9,0,2,2,4,3,12,11,12,7,0,0,3,3,1,2,24,18,8,6,46,27,2,0,3,875,0,0,0,3,30.85756278995362,90.83728278041075,89.58333333333333,55,10.59322033898305,50.0,100.0,50.0,3.0,10,3,11,69.44914285714286,60,10,0,2,1,3,1,11,10,8,4,1,1,3,3,2,4,19,14,4,2,35,22,3,1,5,875,0,0,0,6,-30.85756278995362,86.12204724409449,84.21052631578948,41,19.747235387045812,33.333333333333336,100.0,71.42857142857143,2.0,10,3,2,69.44914285714286
S39G01N244,2021-2022,20220316,home,64,9,0,2,2,4,3,12,11,12,7,0,0,3,3,2,4,24,18,8,6,46,27,2,0,3,875,0,0,0,3,30.85756278995362,90.83728278041075,89.58333333333333,55,10.59322033898305,50.0,100.0,50.0,3.0,10,3,11,69.44914285714286,60,10,0,2,1,3,1,11,10,8,4,1,1,3,3,2,4,19,14,4,2,35,22,3,1,5,875,0,0,0,6,-30.85756278995362,86.12204724409449,84.21052631578948,41,19.747235387045812,33.333333333333336,100.0,71.42857142857143,2.0,10,3,2,69.44914285714286
S39G01N244,2021-2022,20220316,home,64,9,0,2,2,4,3,12,11,12,7,0,0,3,3,2,4,24,18,8,6,46,27,2,0,3,875,0,0,0,3,30.85756278995362,90.83728278041075,89.58333333333333,55,10.59322033898305,50.0,100.0,50.0,3.0,10,3,11,69.44914285714286,60,10,0,2,1,3,1,11,10,8,4,1,1,3,3,2,4,19,14,4,2,35,22,3,1,5,875,0,0,0,6,-30.85756278995362,86.12204724409449,84.21052631578948,41,19.747235387045812,33.333333333333336,100.0,71.42857142857143,2.0,10,3,2,69.44914285714286
S39G01N244,2021-2022,20220316,home,64,9,0,2,2,4,3,12,11,12,7,0,0,3,3,2,4,24,18,8,6,46,27,2,0,3,875,0,0,0,3,30.85756278995362,90.83728278041075,89.58333333333333,55,10.59322033898305,50.0,100.0,50.0,3.0,10,3,11,69.44914285714286,60,10,0,2,1,3,1,11,10,8,4,1,1,3,3,2,4,19,14,4,2,35,22,3,1,5,875,0,0,0,6,-30.85756278995362,86.12204724409449,84.21052631578948,41,19.747235387045812,33.333333333333336,100.0,71.42857142857143,2.0,10,3,2,69.44914285714286
S39G01N244,2021-2022,20220316,home,64,9,0,2,2,4,3,12,11,12,7,0,0,3,3,2,4,24,18,8,6,46,27,2,0,3,875,0,0,0,3,30.85756278995362,90.83728278041075,89.58333333333333,55,10.59322033898305,50.0,100.0,50.0,3.0,10,3,11,69.44914285714286,60,10,0,2,1,3,1,11,10,8,4,1,1,3,3,2,4,19,14,4,2,35,22,3,1,5,875,0,0,0,6,-30.85756278995362,86.12204724409449,84.21052631578948,41,19.747235387045812,33.333333333333336,100.0,71.42857142857143,2.0,10,3,2,69.44914285714286
S39G01N244,2021-2022,20220316,home,64,9,0,2,2,4,3,12,11,12,7,0,0,3,3,2,4,24,18,8,6,46,27,2,0,3,898,0,0,0,3,36.54138876484345,90.83728278041075,89.58333333333333,55,10.59322033898305,50.0,100.0,50.0,3.0,10,3,11,69.00668151447661,60,10,0,2,1,3,1,12,10,8,4,1,1,3,3,2,4,20,14,4,2,35,23,3,1,5,898,0,0,0,6,-36.54138876484345,82.08255159474672,80.0,40,18.996960486322187,33.333333333333336,100.0,71.42857142857143,2.0,10,3,2,69.00668151447661
S39G01N244,2021-2022,20220316,home,64,9,0,3,2,5,3,12,11,12,7,0,0,3,3,2,4,24,18,8,6,46,27,2,0,3,899,0,0,0,3,36.54138876484345,90.83728278041075,89.58333333333333,56,10.59322033898305,50.0,100.0,50.0,3.0,10,3,11,68.92992213570633,60,10,0,2,1,3,1,12,10,8,4,1,1,3,3,2,4,20,14,4,2,35,23,3,1,5,899,0,0,0,6,-36.54138876484345,82.08255159474672,80.0,40,18.996960486322187,25.0,100.0,71.42857142857143,2.0,10,3,2,68.92992213570633
S39G01N244,2021-2022,20220316,home,64,9,0,3,2,5,3,12,11,12,7,0,0,3,3,2,4,24,18,8,6,46,27,2,0,4,900,0,0,0,4,30.144169274573898,90.83728278041075,89.58333333333333,55,13.642564802182811,50.0,100.0,50.0,2.25,10,3,11,70.18666666666667,60,10,0,2,1,3,1,12,10,8,4,1,1,3,3,2,4,20,14,4,2,35,23,3,1,5,900,0,0,0,6,-30.144169274573898,82.08255159474672,80.0,40,18.996960486322187,25.0,100.0,71.42857142857143,2.0,10,3,2,70.18666666666667
S39G01N244,2021-2022,20220316,home,64,9,0,3,2,5,3,12,11,12,7,0,0,3,3,2,4,24,18,8,6,46,27,2,0,4,904,0,0,0,4,35.396093579639285,90.83728278041075,89.58333333333333,55,13.642564802182811,50.0,100.0,50.0,2.25,10,3,11,71.20353982300885,60,10,0,2,1,3,1,12,10,9,4,1,1,3,3,2,4,21,14,4,2,35,24,3,1,5,904,0,0,0,6,-35.396093579639285,78.40501792114695,76.19047619047619,39,18.301610541727673,25.0,100.0,71.42857142857143,2.0,10,3,2,71.20353982300885
S39G01N244,2021-2022,20220316,home,64,9,0,3,2,5,3,12,11,12,7,0,0,3,3,2,4,24,18,8,6,46,27,2,0,4,905,0,0,0,4,35.396093579639285,90.83728278041075,89.58333333333333,55,13.642564802182811,50.0,100.0,50.0,2.25,10,3,11,71.12486187845303,60,10,0,2,1,3,2,12,10,9,4,1,1,3,3,2,4,21,14,4,2,35,24,3,1,5,905,0,0,0,6,-35.396093579639285,78.40501792114695,76.19047619047619,40,18.301610541727673,25.0,100.0,71.42857142857143,2.0,10,3,2,71.12486187845303
S39G01N244,2021-2022,20220316,home,64,9,0,3,2,5,3,12,11,12,7,0,0,3,3,2,4,24,18,8,6,46,27,2,0,4,913,0,0,0,4,40.26354319180089,90.83728278041075,89.58333333333333,55,13.642564802182811,50.0,100.0,50.0,2.25,10,3,11,71.81599123767798,60,10,0,2,1,3,2,12,10,10,4,1,1,3,3,2,4,22,14,4,2,35,25,3,1,5,913,0,0,0,6,-40.26354319180089,75.04288164665523,72.72727272727273,39,17.65536723163842,25.0,100.0,71.42857142857143,2.0,10,3,2,71.81599123767798
S39G01N244,2021-2022,20220316,home,64,9,0,4,2,6,3,12,11,12,7,0,0,3,3,2,4,24,18,8,6,46,27,2,0,4,915,0,0,0,4,40.26354319180089,90.83728278041075,89.58333333333333,56,13.642564802182811,50.0,100.0,50.0,2.25,10,3,11,71.65901639344261,60,10,0,2,1,3,2,12,10,10,4,1,1,3,3,2,4,22,14,4,2,35,25,3,1,5,915,0,0,0,6,-40.26354319180089,75.04288164665523,72.72727272727273,39,17.65536723163842,20.0,100.0,71.42857142857143,2.0,10,3,2,71.65901639344261
S39G01N244,2021-2022,20220316,home,64,9,0,4,2,6,3,12,11,12,7,0,0,3,3,2,4,24,18,8,6,46,27,2,0,4,918,0,0,0,4,40.26354319180089,90.83728278041075,89.58333333333333,56,13.642564802182811,50.0,100.0,50.0,2.25,10,3,11,71.42483660130719,60,10,0,2,1,3,2,12,10,10,4,1,1,3,3,2,4,22,14,5,3,35,25,3,1,5,918,0,0,0,6,-40.26354319180089,75.04288164665523,72.72727272727273,39,17.65536723163842,20.0,100.0,71.42857142857143,2.0,10,3,2,71.42483660130719
S39G01N244,2021-2022,20220316,home,64,9,0,4,2,6,3,12,11,12,7,0,0,3,3,2,4,24,18,8,6,46,27,2,0,4,918,0,0,0,4,40.26354319180089,90.83728278041075,89.58333333333333,56,13.642564802182811,50.0,100.0,50.0,2.25,10,3,11,71.42483660130719,60,10,0,2,1,3,2,12,10,10,4,1,1,3,3,2,4,22,14,5,3,35,25,3,1,5,918,0,0,0,6,-40.26354319180089,75.04288164665523,72.72727272727273,39,17.65536723163842,20.0,100.0,71.42857142857143,2.0,10,3,2,71.42483660130719
S39G01N244,2021-2022,20220316,home,64,9,0,4,2,6,3,12,11,12,7,0,0,3,3,2,4,24,18,8,6,46,27,2,0,4,918,0,0,0,4,40.26354319180089,90.83728278041075,89.58333333333333,56,13.642564802182811,50.0,100.0,50.0,2.25,10,3,11,71.42483660130719,60,10,0,2,1,3,2,12,10,10,4,1,1,3,3,2,4,22,14,5,3,35,25,3,1,5,918,0,0,0,6,-40.26354319180089,75.04288164665523,72.72727272727273,39,17.65536723163842,20.0,100.0,71.42857142857143,2.0,10,3,2,71.42483660130719
S39G01N244,2021-2022,20220316,home,64,9,0,4,2,6,3,12,11,12,7,0,0,3,3,2,4,24,18,8,6,46,27,2,0,4,918,0,0,0,4,40.26354319180089,90.83728278041075,89.58333333333333,56,13.642564802182811,50.0,100.0,50.0,2.25,10,3,11,71.42483660130719,60,10,0,2,1,3,2,12,10,10,4,1,1,3,3,2,4,22,14,5,3,35,25,3,1,5,918,0,0,0,6,-40.26354319180089,75.04288164665523,72.72727272727273,39,17.65536723163842,20.0,100.0,71.42857142857143,2.0,10,3,2,71.42483660130719
S39G01N244,2021-2022,20220316,home,64,9,0,4,2,6,3,13,12,12,7,0,0,3,3,2,4,25,19,8,6,48,28,2,0,4,922,0,0,0,4,41.380251631635105,91.1854103343465,90.0,58,13.192612137203167,50.0,100.0,47.36842105263158,2.25,12,3,13,72.41648590021691,60,10,0,2,1,3,2,12,10,10,4,1,1,3,3,2,4,22,14,5,3,35,25,3,1,5,922,0,0,0,6,-41.380251631635105,75.04288164665523,72.72727272727273,39,17.65536723163842,20.0,100.0,71.42857142857143,2.0,12,3,2,72.41648590021691
S39G01N244,2021-2022,20220316,home,64,10,0,4,2,6,3,13,12,12,7,0,0,3,3,2,4,25,19,8,6,48,28,2,0,4,922,0,0,0,4,41.380251631635105,91.1854103343465,90.0,59,13.192612137203167,50.0,100.0,52.63157894736842,2.5,12,3,13,72.41648590021691,60,10,0,2,1,3,2,12,10,10,4,1,1,3,3,2,4,22,14,5,3,35,25,3,1,5,922,0,0,0,6,-41.380251631635105,75.04288164665523,72.72727272727273,39,17.65536723163842,20.0,100.0,71.42857142857143,2.0,12,3,2,72.41648590021691
S39G01N244,2021-2022,20220316,home,64,10,0,4,2,6,3,13,12,12,7,0,0,3,3,2,4,25,19,8,6,48,28,2,0,4,941,0,0,0,4,45.903954802259875,91.1854103343465,90.0,59,13.192612137203167,50.0,100.0,52.63157894736842,2.5,12,3,13,72.22954303931986,60,10,0,2,1,3,2,13,10,10,4,1,1,3,3,2,4,23,14,5,3,35,26,3,1,5,941,0,0,0,6,-45.903954802259875,71.95723684210526,69.56521739130434,38,17.053206002728512,20.0,100.0,71.42857142857143,2.0,12,3,2,72.22954303931986
S39G01N244,2021-2022,20220316,home,64,10,0,5,2,7,3,13,12,12,7,0,0,3,3,2,4,25,19,8,6,48,28,2,0,4,942,0,0,0,4,45.903954802259875,91.1854103343465,90.0,60,13.192612137203167,50.0,100.0,52.63157894736842,2.5,12,3,13,72.15286624203821,60,10,0,2,1,3,2,13,10,10,4,1,1,3,3,2,4,23,14,5,3,35,26,3,1,5,942,0,0,0,6,-45.903954802259875,71.95723684210526,69.56521739130434,38,17.053206002728512,16.666666666666668,100.0,71.42857142857143,2.0,12,3,2,72.15286624203821
S39G01N244,2021-2022,20220316,home,64,10,0,5,2,7,3,13,12,12,7,0,0,3,3,2,4,25,19,8,6,48,28,2,0,4,943,0,0,0,4,45.903954802259875,91.1854103343465,90.0,60,13.192612137203167,50.0,100.0,52.63157894736842,2.5,12,3,13,72.07635206786851,60,10,0,2,1,3,2,13,10,10,4,1,1,3,3,2,4,23,14,6,4,35,26,3,1,5,943,0,0,0,6,-45.903954802259875,71.95723684210526,69.56521739130434,38,17.053206002728512,16.666666666666668,100.0,71.42857142857143,2.0,12,3,2,72.07635206786851
S39G01N244,2021-2022,20220316,home,64,10,0,5,2,7,3,13,12,12,7,0,0,3,3,2,4,25,19,8,6,48,28,2,0,4,943,0,0,0,4,45.903954802259875,91.1854103343465,90.0,60,13.192612137203167,50.0,100.0,52.63157894736842,2.5,12,3,13,72.07635206786851,60,10,0,2,1,3,2,13,10,10,4,1,1,3,3,2,4,23,14,6,4,35,26,3,1,5,943,0,0,0,6,-45.903954802259875,71.95723684210526,69.56521739130434,38,17.053206002728512,16.666666666666668,100.0,71.42857142857143,2.0,12,3,2,72.07635206786851
S39G01N244,2021-2022,20220316,home,64,10,0,5,2,7,3,14,12,12,7,0,0,3,3,2,4,26,19,8,6,48,29,2,0,4,959,0,0,0,4,40.123207004724804,87.84773060029282,86.53846153846153,59,12.77139208173691,50.0,100.0,52.63157894736842,2.5,12,3,13,72.12513034410844,60,10,0,2,1,3,2,13,10,10,4,1,1,3,3,2,4,23,14,6,4,35,26,3,1,5,959,0,0,0,6,-40.123207004724804,71.95723684210526,69.56521739130434,38,17.053206002728512,16.666666666666668,100.0,71.42857142857143,2.0,12,3,2,72.12513034410844
S39G01N244,2021-2022,20220316,home,64,10,0,5,2,7,3,14,12,12,7,0,0,3,3,2,4,26,19,8,6,48,29,2,0,4,960,0,0,0,4,40.123207004724804,87.84773060029282,86.53846153846153,59,12.77139208173691,50.0,100.0,52.63157894736842,2.5,12,3,13,72.05,60,10,0,2,1,3,3,13,10,10,4,1,1,3,3,2,4,23,14,6,4,35,26,3,1,5,960,0,0,0,6,-40.123207004724804,71.95723684210526,69.56521739130434,39,17.053206002728512,16.666666666666668,100.0,71.42857142857143,2.0,12,3,2,72.05
S39G01N244,2021-2022,20220316,home,64,10,0,5,2,7,3,14,12,12,7,0,0,3,3,2,4,26,19,9,7,48,29,2,0,4,971,0,0,0,4,40.123207004724804,87.84773060029282,86.53846153846153,59,12.77139208173691,50.0,100.0,52.63157894736842,2.5,12,3,13,71.23377960865088,60,10,0,2,1,3,3,13,10,10,4,1,1,3,3,2,4,23,14,6,4,35,26,3,1,5,971,0,0,0,6,-40.123207004724804,71.95723684210526,69.56521739130434,39,17.053206002728512,16.666666666666668,100.0,71.42857142857143,2.0,12,3,2,71.23377960865088
S39G01N244,2021-2022,20220316,home,64,10,0,5,2,7,3,14,12,12,7,0,0,3,3,2,4,26,19,9,7,48,29,2,0,4,971,0,0,0,4,40.123207004724804,87.84773060029282,86.53846153846153,59,12.77139208173691,50.0,100.0,52.63157894736842,2.5,12,3,13,71.23377960865088,60,10,0,2,1,3,3,13,10,10,4,1,1,3,3,2,4,23,14,6,4,35,26,3,1,5,971,0,0,0,6,-40.123207004724804,71.95723684210526,69.56521739130434,39,17.053206002728512,16.666666666666668,100.0,71.42857142857143,2.0,12,3,2,71.23377960865088
S39G01N244,2021-2022,20220316,home,64,10,0,5,2,7,3,14,12,12,7,0,0,3,3,2,4,26,19,9,7,48,29,2,0,4,983,0,0,0,4,44.33833560709414,87.84773060029282,86.53846153846153,59,12.77139208173691,50.0,100.0,52.63157894736842,2.5,12,3,13,71.58494404883011,60,10,0,2,1,3,3,14,10,10,4,1,1,3,3,2,4,24,14,6,4,35,27,3,1,5,983,0,0,0,6,-44.33833560709414,69.11532385466035,66.66666666666667,38,16.49076517150396,16.666666666666668,100.0,71.42857142857143,2.0,12,3,2,71.58494404883011
S39G01N244,2021-2022,20220316,home,64,10,0,6,2,8,3,14,12,12,7,0,0,3,3,2,4,26,19,9,7,48,29,2,0,4,985,0,0,0,4,44.33833560709414,87.84773060029282,86.53846153846153,60,12.77139208173691,50.0,100.0,52.63157894736842,2.5,12,3,13,71.43959390862945,60,10,0,2,1,3,3,14,10,10,4,1,1,3,3,2,4,24,14,6,4,35,27,3,1,5,985,0,0,0,6,-44.33833560709414,69.11532385466035,66.66666666666667,38,16.49076517150396,14.285714285714286,100.0,71.42857142857143,2.0,12,3,2,71.43959390862945
S39G01N244,2021-2022,20220316,home,64,10,0,6,2,8,3,14,12,13,7,0,0,3,3,2,4,27,19,9,7,48,30,2,0,4,997,0,0,0,4,38.93890362733839,84.7457627118644,83.33333333333333,59,12.376237623762377,50.0,100.0,52.63157894736842,2.5,12,3,13,71.78335005015046,60,10,0,2,1,3,3,14,10,10,4,1,1,3,3,2,4,24,14,6,4,35,27,3,1,5,997,0,0,0,6,-38.93890362733839,69.11532385466035,66.66666666666667,38,16.49076517150396,14.285714285714286,100.0,71.42857142857143,2.0,12,3,2,71.78335005015046
S39G01N244,2021-2022,20220316,home,64,10,0,6,3,9,3,14,12,13,7,0,0,3,3,2,4,27,19,9,7,48,30,2,0,4,999,0,0,0,4,44.33833560709414,84.7457627118644,83.33333333333333,60,12.376237623762377,60.0,100.0,52.63157894736842,2.5,12,3,13,70.43843843843844,60,10,0,2,1,3,3,14,10,10,4,1,1,3,3,2,4,24,14,6,4,35,27,3,1,5,999,0,0,0,6,-44.33833560709414,69.11532385466035,66.66666666666667,38,16.49076517150396,14.285714285714286,100.0,71.42857142857143,2.0,12,3,2,70.43843843843844
S39G01N244,2021-2022,20220316,home,64,10,0,6,3,9,3,14,12,13,7,0,0,3,3,2,4,27,19,9,7,48,30,2,0,4,1006,0,0,0,4,44.33833560709414,84.7457627118644,83.33333333333333,60,12.376237623762377,60.0,100.0,52.63157894736842,2.5,12,3,13,69.948310139165,60,10,0,2,1,3,3,14,10,10,4,1,1,3,3,2,4,24,14,7,5,35,27,3,1,5,1006,0,0,0,6,-44.33833560709414,69.11532385466035,66.66666666666667,38,16.49076517150396,14.285714285714286,100.0,71.42857142857143,2.0,12,3,2,69.948310139165
S39G01N244,2021-2022,20220316,home,64,10,0,6,3,9,3,14,12,13,7,0,0,3,3,2,4,27,19,9,7,48,30,2,0,4,1006,0,0,0,4,44.33833560709414,84.7457627118644,83.33333333333333,60,12.376237623762377,60.0,100.0,52.63157894736842,2.5,12,3,13,69.948310139165,60,10,0,2,1,3,3,14,10,10,4,1,1,3,3,2,4,24,14,7,5,35,27,3,1,5,1006,0,0,0,6,-44.33833560709414,69.11532385466035,66.66666666666667,38,16.49076517150396,14.285714285714286,100.0,71.42857142857143,2.0,12,3,2,69.948310139165
S39G01N244,2021-2022,20220316,home,64,10,0,6,3,9,3,14,12,14,7,0,0,3,3,2,4,28,19,9,7,48,31,2,0,4,1022,0,0,0,4,38.93890362733839,81.85538881309687,80.35714285714286,59,12.004801920768307,60.0,100.0,52.63157894736842,2.5,12,3,13,70.02739726027397,60,10,0,2,1,3,3,14,10,10,4,1,1,3,3,2,4,24,14,7,5,35,27,3,1,5,1022,0,0,0,6,-38.93890362733839,69.11532385466035,66.66666666666667,38,16.49076517150396,14.285714285714286,100.0,71.42857142857143,2.0,12,3,2,70.02739726027397
S39G01N244,2021-2022,20220316,home,64,10,0,6,3,9,3,14,12,14,7,0,0,3,3,2,4,28,19,9,7,48,31,2,0,4,1024,0,0,0,4,38.93890362733839,81.85538881309687,80.35714285714286,59,12.004801920768307,50.0,100.0,52.63157894736842,2.5,12,3,13,69.890625,60,10,0,3,1,4,3,14,10,10,4,1,1,3,3,2,4,24,14,7,5,35,27,3,1,5,1024,0,0,0,6,-38.93890362733839,69.11532385466035,66.66666666666667,39,16.49076517150396,14.285714285714286,100.0,71.42857142857143,2.0,12,3,2,69.890625
S39G01N244,2021-2022,20220316,home,64,10,0,6,3,9,3,14,12,14,7,0,0,3,3,2,4,28,19,9,7,48,31,2,0,4,1036,0,0,0,4,42.87598944591028,81.85538881309687,80.35714285714286,59,12.004801920768307,50.0,100.0,52.63157894736842,2.5,12,3,13,70.23938223938224,60,10,0,3,1,4,3,14,10,11,4,1,1,3,3,2,4,25,14,7,5,35,28,3,1,5,1036,0,0,0,6,-42.87598944591028,66.48936170212765,64.0,38,15.964240102171136,14.285714285714286,100.0,71.42857142857143,2.0,12,3,2,70.23938223938224
S39G01N244,2021-2022,20220316,home,64,10,0,6,3,9,3,14,12,14,7,0,0,3,3,2,4,28,19,9,7,48,31,2,0,4,1038,0,0,0,4,38.93890362733839,81.85538881309687,80.35714285714286,59,12.004801920768307,50.0,100.0,52.63157894736842,2.5,12,3,13,68.94797687861272,60,10,0,3,2,5,3,14,10,11,4,1,1,3,3,2,4,25,14,7,5,35,28,3,1,5,1038,0,0,0,6,-38.93890362733839,66.48936170212765,64.0,39,15.964240102171136,25.0,100.0,71.42857142857143,2.0,12,3,2,68.94797687861272
S39G01N244,2021-2022,20220316,home,64,10,0,6,3,9,3,14,12,14,7,0,0,3,3,2,4,28,19,9,7,48,31,2,0,4,1041,0,0,0,4,42.87598944591028,81.85538881309687,80.35714285714286,59,12.004801920768307,50.0,100.0,52.63157894736842,2.5,12,3,13,69.90201729106629,60,10,0,3,2,5,3,15,10,11,4,1,1,3,3,2,4,26,14,7,5,35,29,3,1,5,1041,0,0,0,6,-42.87598944591028,64.05563689604685,61.53846153846154,38,15.47029702970297,25.0,100.0,71.42857142857143,2.0,12,3,2,69.90201729106629
S39G01N244,2021-2022,20220316,home,64,10,0,7,3,10,3,14,12,14,7,0,0,3,3,2,4,28,19,9,7,48,31,2,0,4,1042,0,0,0,4,42.87598944591028,81.85538881309687,80.35714285714286,60,12.004801920768307,50.0,100.0,52.63157894736842,2.5,12,3,13,69.83493282149712,60,10,0,3,2,5,3,15,10,11,4,1,1,3,3,2,4,26,14,7,5,35,29,3,1,5,1042,0,0,0,6,-42.87598944591028,64.05563689604685,61.53846153846154,38,15.47029702970297,22.22222222222222,100.0,71.42857142857143,2.0,12,3,2,69.83493282149712
S39G01N244,2021-2022,20220316,home,64,10,0,7,3,10,3,15,13,14,7,0,0,3,3,2,4,29,20,9,7,50,32,2,0,4,1053,0,0,0,4,44.20704482118367,82.45382585751979,81.03448275862068,62,11.655011655011656,50.0,100.0,50.0,2.5,14,3,15,70.24501424501425,60,10,0,3,2,5,3,15,10,11,4,1,1,3,3,2,4,26,14,7,5,35,29,3,1,5,1053,0,0,0,6,-44.20704482118367,64.05563689604685,61.53846153846154,38,15.47029702970297,22.22222222222222,100.0,71.42857142857143,2.0,14,3,2,70.24501424501425
S39G01N244,2021-2022,20220316,home,64,10,0,7,3,10,3,15,13,14,7,0,0,3,3,2,4,29,20,9,7,50,32,2,0,4,1069,0,0,0,4,41.50702426564497,82.45382585751979,81.03448275862068,62,11.655011655011656,50.0,100.0,50.0,2.5,2,3,15,70.31618334892423,60,10,0,3,2,5,3,16,11,11,4,1,1,3,3,2,4,27,15,7,5,37,30,3,1,5,1069,0,0,0,6,-41.50702426564497,65.32485875706215,62.96296296296296,40,15.006002400960384,22.22222222222222,100.0,66.66666666666667,2.0,2,3,2,70.31618334892423
S39G01N244,2021-2022,20220316,home,64,10,0,7,3,10,3,15,13,14,7,0,0,3,3,2,4,29,20,9,7,50,32,2,0,4,1069,0,0,0,4,41.50702426564497,82.45382585751979,81.03448275862068,62,11.655011655011656,50.0,100.0,50.0,2.5,2,3,15,70.31618334892423,60,10,0,3,2,5,3,16,11,11,4,1,1,3,3,2,4,27,15,7,5,37,30,3,1,5,1069,0,0,0,6,-41.50702426564497,65.32485875706215,62.96296296296296,40,15.006002400960384,22.22222222222222,100.0,66.66666666666667,2.0,2,3,2,70.31618334892423
S39G01N244,2021-2022,20220316,home,64,10,0,7,3,10,3,15,13,14,7,0,0,3,3,2,4,29,20,9,7,50,32,2,0,4,1069,0,0,0,4,41.50702426564497,82.45382585751979,81.03448275862068,62,11.655011655011656,50.0,100.0,50.0,2.5,2,3,15,70.31618334892423,60,10,0,3,2,5,3,16,11,11,4,1,1,3,3,2,4,27,15,7,5,37,30,3,1,5,1069,0,0,0,6,-41.50702426564497,65.32485875706215,62.96296296296296,40,15.006002400960384,22.22222222222222,100.0,66.66666666666667,2.0,2,3,2,70.31618334892423
S39G01N244,2021-2022,20220316,home,64,10,0,7,3,10,3,15,13,14,7,0,0,3,3,2,4,29,20,9,7,50,32,2,0,4,1069,0,0,0,4,41.50702426564497,82.45382585751979,81.03448275862068,62,11.655011655011656,50.0,100.0,50.0,2.5,2,3,15,70.31618334892423,60,10,0,3,2,5,3,16,11,11,4,1,1,3,3,2,4,27,15,7,5,37,30,3,1,5,1069,0,0,0,6,-41.50702426564497,65.32485875706215,62.96296296296296,40,15.006002400960384,22.22222222222222,100.0,66.66666666666667,2.0,2,3,2,70.31618334892423
S39G01N244,2021-2022,20220316,home,64,10,0,7,3,10,3,15,13,15,8,0,0,3,3,2,4,30,21,9,7,53,33,2,0,4,1086,0,0,0,4,45.84977175878508,84.61047254150702,83.33333333333333,65,11.325028312570781,50.0,100.0,47.61904761904762,2.5,3,3,16,70.32044198895028,60,10,0,3,2,5,3,16,11,11,4,1,1,3,3,2,4,27,15,7,5,37,30,3,1,5,1086,0,0,0,6,-45.84977175878508,65.32485875706215,62.96296296296296,40,15.006002400960384,22.22222222222222,100.0,66.66666666666667,2.0,3,3,2,70.32044198895028
S39G01N244,2021-2022,20220316,home,64,11,0,7,3,10,3,15,13,15,8,0,0,3,3,2,4,30,21,9,7,53,33,2,0,4,1086,0,0,0,4,45.84977175878508,84.61047254150702,83.33333333333333,66,11.325028312570781,50.0,100.0,52.38095238095238,2.75,3,3,16,70.32044198895028,60,10,0,3,2,5,3,16,11,11,4,1,1,3,3,2,4,27,15,7,5,37,30,3,1,5,1086,0,0,0,6,-45.84977175878508,65.32485875706215,62.96296296296296,40,15.006002400960384,22.22222222222222,100.0,66.66666666666667,2.0,3,3,2,70.32044198895028
S39G01N244,2021-2022,20220316,home,64,11,0,7,3,10,3,15,13,15,8,0,0,3,3,2,4,30,21,10,7,53,33,2,0,4,1092,0,0,0,4,45.84977175878508,84.61047254150702,83.33333333333333,66,11.325028312570781,50.0,100.0,52.38095238095238,2.75,3,3,16,69.93406593406594,60,10,0,3,2,5,3,16,11,11,4,1,1,3,3,2,4,27,15,7,5,37,30,3,1,5,1092,0,0,0,6,-45.84977175878508,65.32485875706215,62.96296296296296,40,15.006002400960384,22.22222222222222,100.0,66.66666666666667,2.0,3,3,2,69.93406593406594
S39G01N244,2021-2022,20220316,home,64,11,0,7,3,10,3,15,13,15,8,0,0,3,3,2,4,30,21,10,7,53,33,2,0,4,1092,0,0,0,4,45.84977175878508,84.61047254150702,83.33333333333333,66,11.325028312570781,50.0,100.0,52.38095238095238,2.75,3,3,16,69.93406593406594,60,10,0,3,2,5,3,16,11,11,4,1,1,3,3,2,4,27,15,7,5,37,30,3,1,5,1092,0,0,0,6,-45.84977175878508,65.32485875706215,62.96296296296296,40,15.006002400960384,22.22222222222222,100.0,66.66666666666667,2.0,3,3,2,69.93406593406594
S39G01N244,2021-2022,20220316,home,64,11,0,7,3,10,3,15,13,15,8,0,0,3,3,2,4,30,21,10,7,53,33,2,0,4,1092,0,0,0,4,45.84977175878508,84.61047254150702,83.33333333333333,66,11.325028312570781,50.0,100.0,52.38095238095238,2.75,3,3,16,69.93406593406594,60,10,0,3,2,5,3,16,11,11,4,1,1,3,3,2,4,27,15,7,5,37,30,3,1,5,1092,0,0,0,6,-45.84977175878508,65.32485875706215,62.96296296296296,40,15.006002400960384,22.22222222222222,100.0,66.66666666666667,2.0,3,3,2,69.93406593406594
S39G01N244,2021-2022,20220316,home,64,11,0,7,3,10,3,15,13,15,8,0,0,3,3,2,4,30,21,10,7,53,33,2,0,4,1092,0,0,0,4,45.84977175878508,84.61047254150702,83.33333333333333,66,11.325028312570781,50.0,100.0,52.38095238095238,2.75,3,3,16,69.93406593406594,60,10,0,3,2,5,3,16,11,11,4,1,1,3,3,2,4,27,15,7,5,37,30,3,1,5,1092,0,0,0,6,-45.84977175878508,65.32485875706215,62.96296296296296,40,15.006002400960384,22.22222222222222,100.0,66.66666666666667,2.0,3,3,2,69.93406593406594
S39G01N244,2021-2022,20220316,home,64,11,0,7,3,10,3,15,13,15,8,0,0,3,3,2,4,30,21,10,7,53,33,2,0,4,1092,0,0,0,4,47.48640796069533,84.61047254150702,83.33333333333333,66,11.325028312570781,50.0,100.0,52.38095238095238,2.75,3,3,16,70.41758241758244,60,10,0,3,2,5,3,16,11,11,4,1,1,4,3,2,4,27,15,7,5,37,31,3,1,5,1092,0,0,0,6,-47.48640796069533,64.32545201668984,62.96296296296296,39,14.810426540284357,22.22222222222222,75.0,66.66666666666667,2.0,3,3,2,70.41758241758244
S39G01N244,2021-2022,20220316,home,64,11,0,7,3,10,3,15,13,15,8,0,0,3,3,2,4,30,21,10,7,53,33,2,0,4,1092,0,0,0,4,45.97272615460305,84.61047254150702,83.33333333333333,66,11.325028312570781,50.0,100.0,52.38095238095238,2.75,1,3,16,70.90109890109892,60,10,0,3,2,5,3,16,11,11,4,1,1,5,4,2,4,27,15,7,5,38,32,3,1,5,1092,0,0,0,6,-45.97272615460305,65.06849315068493,62.96296296296296,40,14.61988304093567,22.22222222222222,80.0,66.66666666666667,2.0,1,3,2,70.90109890109892
S39G01N244,2021-2022,20220316,home,64,11,0,7,3,10,3,15,13,16,9,0,0,3,3,2,4,31,22,10,7,56,34,2,0,4,1104,0,0,0,4,50.054804530507866,86.63366336633663,85.48387096774194,69,11.013215859030836,50.0,100.0,50.0,2.75,3,3,18,71.21739130434783,60,10,0,3,2,5,3,16,11,11,4,1,1,5,4,2,4,27,15,7,5,38,32,3,1,5,1104,0,0,0,6,-50.054804530507866,65.06849315068493,62.96296296296296,40,14.61988304093567,22.22222222222222,80.0,66.66666666666667,2.0,3,3,2,71.21739130434783
S39G01N244,2021-2022,20220316,home,64,12,0,7,3,10,3,15,13,16,9,0,0,3,3,2,4,31,22,10,7,56,34,2,0,4,1104,0,0,0,4,50.054804530507866,86.63366336633663,85.48387096774194,70,11.013215859030836,50.0,100.0,54.54545454545455,3.0,3,3,18,71.21739130434783,60,10,0,3,2,5,3,16,11,11,4,1,1,5,4,2,4,27,15,7,5,38,32,3,1,5,1104,0,0,0,6,-50.054804530507866,65.06849315068493,62.96296296296296,40,14.61988304093567,22.22222222222222,80.0,66.66666666666667,2.0,3,3,2,71.21739130434783
S39G01N244,2021-2022,20220316,home,64,12,0,7,3,10,3,15,13,16,9,0,0,3,3,2,4,31,22,10,7,56,34,2,0,4,1119,0,0,0,4,53.6093955654551,86.63366336633663,85.48387096774194,70,11.013215859030836,50.0,100.0,54.54545454545455,3.0,3,3,18,71.33512064343165,60,10,0,3,2,5,3,16,11,12,4,1,1,5,4,2,4,28,15,7,5,38,33,3,1,5,1119,0,0,0,6,-53.6093955654551,62.913907284768214,60.714285714285715,39,14.204545454545453,22.22222222222222,80.0,66.66666666666667,2.0,3,3,2,71.33512064343165
S39G01N244,2021-2022,20220316,home,64,12,0,8,3,11,3,15,13,16,9,0,0,3,3,2,4,31,22,10,7,56,34,2,0,4,1121,0,0,0,4,53.6093955654551,86.63366336633663,85.48387096774194,71,11.013215859030836,50.0,100.0,54.54545454545455,3.0,3,3,18,71.20785013380912,60,10,0,3,2,5,3,16,11,12,4,1,1,5,4,2,4,28,15,7,5,38,33,3,1,5,1121,0,0,0,6,-53.6093955654551,62.913907284768214,60.714285714285715,39,14.204545454545453,20.0,80.0,66.66666666666667,2.0,3,3,2,71.20785013380912
S39G01N244,2021-2022,20220316,home,64,12,0,8,3,11,3,16,14,16,9,0,0,3,3,2,4,32,23,10,7,58,35,2,0,4,1136,0,0,0,4,54.539837672367796,87.03481392557023,85.9375,73,10.718113612004288,50.0,100.0,52.17391304347826,3.0,5,3,20,71.32394366197184,60,10,0,3,2,5,3,16,11,12,4,1,1,5,4,2,4,28,15,7,5,38,33,3,1,5,1136,0,0,0,6,-54.539837672367796,62.913907284768214,60.714285714285715,39,14.204545454545453,20.0,80.0,66.66666666666667,2.0,5,3,2,71.32394366197184
S39G01N244,2021-2022,20220316,home,64,12,0,8,3,11,3,16,14,16,9,0,0,3,3,2,4,32,23,10,7,58,35,2,0,4,1143,0,0,0,4,52.03860467018363,87.03481392557023,85.9375,73,10.718113612004288,50.0,100.0,52.17391304347826,3.0,2,3,20,71.93700787401576,60,10,0,3,2,5,3,17,12,12,4,1,1,5,4,2,4,29,16,7,5,40,34,3,1,5,1143,0,0,0,6,-52.03860467018363,64.1025641025641,62.06896551724138,41,13.812154696132595,20.0,80.0,62.5,2.0,2,3,2,71.93700787401576
S39G01N244,2021-2022,20220316,home,64,12,0,8,3,11,3,16,14,16,9,0,0,3,3,2,4,32,23,10,7,58,35,2,0,4,1143,0,0,0,4,52.03860467018363,87.03481392557023,85.9375,73,10.718113612004288,50.0,100.0,52.17391304347826,3.0,2,3,20,71.93700787401576,60,11,0,3,2,5,3,17,12,12,4,1,1,5,4,2,4,29,16,7,5,40,34,3,1,5,1143,0,0,0,6,-52.03860467018363,64.1025641025641,62.06896551724138,42,13.812154696132595,20.0,80.0,68.75,2.2,2,3,2,71.93700787401576
S39G01N244,2021-2022,20220316,home,64,12,0,8,3,11,3,17,15,16,9,0,0,3,3,2,4,33,24,10,7,60,36,2,0,4,1158,0,0,0,4,52.91636036107634,87.41258741258741,86.36363636363636,75,10.438413361169102,50.0,100.0,50.0,3.0,2,3,20,72.04145077720207,60,11,0,3,2,5,3,17,12,12,4,1,1,5,4,2,4,29,16,7,5,40,34,3,1,5,1158,0,0,0,6,-52.91636036107634,64.1025641025641,62.06896551724138,42,13.812154696132595,20.0,80.0,68.75,2.2,2,3,2,72.04145077720207
S39G01N244,2021-2022,20220316,home,64,12,0,8,3,11,3,17,15,16,9,0,0,3,3,2,4,33,24,10,7,60,36,2,0,4,1168,0,0,0,4,50.557242870379895,87.41258741258741,86.36363636363636,75,10.438413361169102,50.0,100.0,50.0,3.0,2,3,20,72.45205479452056,60,11,0,3,2,5,3,18,13,12,4,1,1,5,4,2,4,30,17,7,5,42,35,3,1,5,1168,0,0,0,6,-50.557242870379895,65.21739130434781,63.333333333333336,44,13.440860215053762,20.0,80.0,64.70588235294117,2.2,2,3,2,72.45205479452056
S39G01N244,2021-2022,20220316,home,64,12,0,8,3,11,3,17,15,17,10,0,0,3,3,2,4,34,25,10,7,63,37,2,0,4,1188,0,0,0,4,54.13996796155388,89.1845979614949,88.23529411764706,78,10.17293997965412,50.0,100.0,48.0,3.0,3,3,21,72.24242424242426,60,11,0,3,2,5,3,18,13,12,4,1,1,5,4,2,4,30,17,7,5,42,35,3,1,5,1188,0,0,0,6,-54.13996796155388,65.21739130434781,63.333333333333336,44,13.440860215053762,20.0,80.0,64.70588235294117,2.2,3,3,2,72.24242424242426
S39G01N244,2021-2022,20220316,home,64,13,0,8,3,11,3,17,15,17,10,0,0,3,3,2,4,34,25,10,7,63,37,2,0,4,1188,0,0,0,4,54.13996796155388,89.1845979614949,88.23529411764706,79,10.17293997965412,50.0,100.0,52.0,3.25,3,3,21,72.24242424242426,60,11,0,3,2,5,3,18,13,12,4,1,1,5,4,2,4,30,17,7,5,42,35,3,1,5,1188,0,0,0,6,-54.13996796155388,65.21739130434781,63.333333333333336,44,13.440860215053762,20.0,80.0,64.70588235294117,2.2,3,3,2,72.24242424242426
S39G01N244,2021-2022,20220316,home,64,13,0,8,3,11,3,17,15,17,10,0,0,3,3,2,4,34,25,10,7,63,37,2,0,4,1198,0,0,0,4,57.43605033222188,89.1845979614949,88.23529411764706,79,10.17293997965412,50.0,100.0,52.0,3.25,3,3,21,72.64106844741237,60,11,0,3,2,5,3,19,13,12,4,1,1,5,4,2,4,31,17,7,5,42,36,3,1,5,1198,0,0,0,6,-57.43605033222188,63.253012048192765,61.29032258064516,43,13.089005235602093,20.0,80.0,64.70588235294117,2.2,3,3,2,72.64106844741237
S39G01N244,2021-2022,20220316,home,64,13,0,8,3,11,3,17,15,17,10,0,0,3,3,2,4,34,25,10,7,63,37,2,0,4,1199,0,0,0,4,54.13996796155388,89.1845979614949,88.23529411764706,79,10.17293997965412,50.0,100.0,52.0,3.25,3,3,21,71.57964970809009,60,11,0,3,3,6,3,19,13,12,4,1,1,5,4,2,4,31,17,7,5,42,36,3,1,5,1199,0,0,0,6,-54.13996796155388,63.253012048192765,61.29032258064516,44,13.089005235602093,27.272727272727273,80.0,64.70588235294117,2.2,3,3,2,71.57964970809009
S39G01N244,2021-2022,20220316,home,64,13,0,8,3,11,3,17,15,17,10,0,0,3,3,2,4,34,25,10,7,63,37,2,0,4,1199,0,0,0,4,54.13996796155388,89.1845979614949,88.23529411764706,79,10.17293997965412,50.0,100.0,52.0,3.25,3,3,21,71.57964970809009,60,11,0,3,3,6,3,19,13,12,4,1,1,5,4,2,4,31,17,7,5,42,36,3,1,5,1199,0,0,0,6,-54.13996796155388,63.253012048192765,61.29032258064516,44,13.089005235602093,27.272727272727273,80.0,64.70588235294117,2.2,3,3,2,71.57964970809009
S39G01N244,2021-2022,20220316,home,64,13,0,8,3,11,3,17,15,17,10,0,0,3,3,2,4,34,25,10,7,63,37,2,0,4,1200,0,0,0,4,54.13996796155388,89.1845979614949,88.23529411764706,79,10.17293997965412,50.0,100.0,52.0,3.25,3,3,21,71.52000000000001,60,11,0,3,3,6,3,19,13,12,4,1,1,5,4,2,4,31,17,7,5,42,36,3,1,5,1200,0,0,0,6,-54.13996796155388,63.253012048192765,61.29032258064516,44,13.089005235602093,27.272727272727273,80.0,64.70588235294117,2.2,3,3,2,71.52000000000001
S39G01N244,2021-2022,20220316,home,64,13,0,8,3,11,3,17,15,17,10,0,0,3,3,2,4,34,25,10,7,63,37,2,0,4,1200,0,0,0,4,54.13996796155388,89.1845979614949,88.23529411764706,79,10.17293997965412,50.0,100.0,52.0,3.25,3,3,21,71.52000000000001,60,11,0,3,3,6,3,19,13,12,4,1,1,5,4,2,4,31,17,7,5,42,36,3,1,5,1200,0,0,0,6,-54.13996796155388,63.253012048192765,61.29032258064516,44,13.089005235602093,27.272727272727273,80.0,64.70588235294117,2.2,3,3,2,71.52000000000001
S39G01N244,2021-2022,20220316,home,64,13,0,8,3,11,3,17,15,17,10,0,0,3,3,2,4,34,25,10,7,63,37,2,0,4,1200,0,0,0,4,54.13996796155388,89.1845979614949,88.23529411764706,79,10.17293997965412,50.0,100.0,52.0,3.25,3,3,21,71.52000000000001,60,11,0,3,3,6,3,19,13,12,4,1,1,5,4,2,4,31,17,7,5,42,36,3,1,5,1200,0,0,0,6,-54.13996796155388,63.253012048192765,61.29032258064516,44,13.089005235602093,27.272727272727273,80.0,64.70588235294117,2.2,3,3,2,71.52000000000001
S39G01N244,2021-2022,20220316,home,64,13,0,8,3,11,3,17,15,17,10,0,0,3,3,2,4,34,25,10,7,63,37,2,0,4,1200,0,0,0,4,54.13996796155388,89.1845979614949,88.23529411764706,79,10.17293997965412,50.0,100.0,52.0,3.25,3,3,21,71.52000000000001,60,11,0,3,3,6,3,19,13,12,4,1,1,5,4,2,4,31,17,7,5,42,36,3,1,5,1200,0,0,0,6,-54.13996796155388,63.253012048192765,61.29032258064516,44,13.089005235602093,27.272727272727273,80.0,64.70588235294117,2.2,3,3,2,71.52000000000001
S39G01N244,2021-2022,20220316,home,64,13,0,8,3,11,3,17,15,17,10,0,0,3,3,2,4,34,25,10,7,63,37,2,0,4,1200,0,0,0,4,54.13996796155388,89.1845979614949,88.23529411764706,79,10.17293997965412,50.0,100.0,52.0,3.25,3,3,21,71.52000000000001,60,11,0,3,3,6,3,19,13,12,4,1,1,5,4,2,4,31,17,7,5,42,36,3,1,5,1200,0,0,0,6,-54.13996796155388,63.253012048192765,61.29032258064516,44,13.089005235602093,27.272727272727273,80.0,64.70588235294117,2.2,3,3,2,71.52000000000001
S39G01N244,2021-2022,20220316,home,64,13,0,8,3,11,3,17,15,17,10,0,0,3,3,2,4,34,25,10,7,63,37,2,0,4,1200,0,0,0,4,54.13996796155388,89.1845979614949,88.23529411764706,79,10.17293997965412,50.0,100.0,52.0,3.25,3,3,21,71.52000000000001,60,11,0,3,3,6,3,19,13,12,4,1,1,5,4,2,4,31,17,7,5,42,36,3,1,5,1200,0,0,0,6,-54.13996796155388,63.253012048192765,61.29032258064516,44,13.089005235602093,27.272727272727273,80.0,64.70588235294117,2.2,3,3,2,71.52000000000001
S39G01N244,2021-2022,20220316,home,64,13,0,8,3,11,3,17,15,17,10,0,0,3,3,2,4,34,25,10,7,63,37,2,0,4,1200,0,0,0,4,54.13996796155388,89.1845979614949,88.23529411764706,79,10.17293997965412,50.0,100.0,52.0,3.25,3,3,21,71.52000000000001,60,11,0,3,3,6,3,19,13,12,4,1,1,5,4,2,4,31,17,7,5,42,36,3,1,5,1200,0,0,0,6,-54.13996796155388,63.253012048192765,61.29032258064516,44,13.089005235602093,27.272727272727273,80.0,64.70588235294117,2.2,3,3,2,71.52000000000001
S39G01N244,2021-2022,20220316,home,64,13,0,8,3,11,3,17,15,17,10,0,0,3,3,2,4,34,25,10,7,63,37,2,0,4,1200,0,0,0,4,54.13996796155388,89.1845979614949,88.23529411764706,79,10.17293997965412,50.0,100.0,52.0,3.25,3,3,21,71.52000000000001,60,11,0,3,3,6,3,19,13,12,4,1,1,5,4,2,4,31,17,7,5,42,36,3,1,5,1200,0,0,0,6,-54.13996796155388,63.253012048192765,61.29032258064516,44,13.089005235602093,27.272727272727273,80.0,64.70588235294117,2.2,3,3,2,71.52000000000001
S39G01N244,2021-2022,20220316,home,64,13,0,8,3,11,3,17,15,17,10,0,0,3,3,2,4,34,25,10,7,63,37,2,0,4,1200,0,0,0,4,54.13996796155388,89.1845979614949,88.23529411764706,79,10.17293997965412,50.0,100.0,52.0,3.25,3,3,21,71.52000000000001,60,11,0,3,3,6,3,19,13,12,4,1,1,5,4,2,4,31,17,7,5,42,36,3,1,5,1200,0,0,0,6,-54.13996796155388,63.253012048192765,61.29032258064516,44,13.089005235602093,27.272727272727273,80.0,64.70588235294117,2.2,3,3,2,71.52000000000001
S39G01N244,2021-2022,20220316,home,64,13,0,8,3,11,3,17,15,17,10,0,0,3,3,2,4,34,25,10,7,63,37,2,0,4,1200,0,0,0,4,54.13996796155388,89.1845979614949,88.23529411764706,79,10.17293997965412,50.0,100.0,52.0,3.25,3,3,21,71.52000000000001,60,11,0,3,3,6,3,19,13,12,4,1,1,5,4,2,4,31,17,7,5,42,36,3,1,5,1200,0,0,0,6,-54.13996796155388,63.253012048192765,61.29032258064516,44,13.089005235602093,27.272727272727273,80.0,64.70588235294117,2.2,3,3,2,71.52000000000001
S39G01N244,2021-2022,20220316,home,64,13,0,8,3,11,3,17,15,17,10,0,0,3,3,2,4,34,25,10,7,63,37,2,0,4,1200,0,0,0,4,54.13996796155388,89.1845979614949,88.23529411764706,79,10.17293997965412,50.0,100.0,52.0,3.25,3,3,21,71.52000000000001,60,11,0,3,3,6,3,19,13,12,4,1,1,5,4,2,4,31,17,7,5,42,36,3,1,5,1200,0,0,0,6,-54.13996796155388,63.253012048192765,61.29032258064516,44,13.089005235602093,27.272727272727273,80.0,64.70588235294117,2.2,3,3,2,71.52000000000001
S39G01N244,2021-2022,20220316,home,64,13,0,8,3,11,3,17,15,17,10,0,0,3,3,2,4,34,25,10,7,63,37,2,0,4,1200,0,0,0,4,54.13996796155388,89.1845979614949,88.23529411764706,79,10.17293997965412,50.0,100.0,52.0,3.25,3,3,21,71.52000000000001,60,11,0,3,3,6,3,19,13,12,4,1,1,5,4,2,4,31,17,7,5,42,36,3,1,5,1200,0,0,0,6,-54.13996796155388,63.253012048192765,61.29032258064516,44,13.089005235602093,27.272727272727273,80.0,64.70588235294117,2.2,3,3,2,71.52000000000001
S39G01N244,2021-2022,20220316,home,64,13,0,8,3,11,3,17,15,17,10,0,0,3,3,2,4,34,25,10,7,63,37,2,0,4,1200,0,0,0,4,54.13996796155388,89.1845979614949,88.23529411764706,79,10.17293997965412,50.0,100.0,52.0,3.25,3,3,21,71.52000000000001,60,11,0,3,3,6,3,19,13,12,4,1,1,5,4,2,4,31,17,7,5,42,36,3,1,5,1200,0,0,0,6,-54.13996796155388,63.253012048192765,61.29032258064516,44,13.089005235602093,27.272727272727273,80.0,64.70588235294117,2.2,3,3,2,71.52000000000001
S39G01N244,2021-2022,20220316,home,64,13,0,8,3,11,3,17,15,17,10,0,0,3,3,2,4,34,25,10,7,63,37,2,0,4,1200,0,0,0,4,54.13996796155388,89.1845979614949,88.23529411764706,79,10.17293997965412,50.0,100.0,52.0,3.25,3,3,21,71.52000000000001,60,11,0,3,3,6,3,19,13,12,4,1,1,5,4,2,4,31,17,7,5,42,36,3,1,5,1200,0,0,0,6,-54.13996796155388,63.253012048192765,61.29032258064516,44,13.089005235602093,27.272727272727273,80.0,64.70588235294117,2.2,3,3,2,71.52000000000001
S39G01N244,2021-2022,20220316,home,64,13,0,8,3,11,3,17,15,17,10,0,0,3,3,2,4,34,25,10,7,63,37,2,0,4,1200,0,0,0,4,54.13996796155388,89.1845979614949,88.23529411764706,79,10.17293997965412,50.0,100.0,52.0,3.25,3,3,21,71.52000000000001,60,11,0,3,3,6,3,19,13,12,4,1,1,5,4,2,4,31,17,7,5,42,36,3,1,5,1200,0,0,0,6,-54.13996796155388,63.253012048192765,61.29032258064516,44,13.089005235602093,27.272727272727273,80.0,64.70588235294117,2.2,3,3,2,71.52000000000001
S39G01N244,2021-2022,20220316,home,64,13,0,8,3,11,3,17,15,17,10,0,0,3,3,2,4,34,25,10,7,63,37,2,0,4,1200,0,0,0,4,54.13996796155388,89.1845979614949,88.23529411764706,79,10.17293997965412,50.0,100.0,52.0,3.25,3,3,21,71.52000000000001,60,11,0,3,3,6,3,19,13,12,4,1,1,5,4,2,4,31,17,7,5,42,36,3,1,5,1200,0,0,0,6,-54.13996796155388,63.253012048192765,61.29032258064516,44,13.089005235602093,27.272727272727273,80.0,64.70588235294117,2.2,3,3,2,71.52000000000001
S39G01N244,2021-2022,20220316,home,64,13,0,8,3,11,3,17,15,17,10,0,0,3,3,2,4,34,25,10,7,63,37,2,0,4,1200,0,0,0,4,54.13996796155388,89.1845979614949,88.23529411764706,79,10.17293997965412,50.0,100.0,52.0,3.25,3,3,21,71.52000000000001,60,11,0,3,3,6,3,19,13,12,4,1,1,5,4,2,4,31,17,7,5,42,36,3,1,5,1200,0,0,0,6,-54.13996796155388,63.253012048192765,61.29032258064516,44,13.089005235602093,27.272727272727273,80.0,64.70588235294117,2.2,3,3,2,71.52000000000001
S39G01N244,2021-2022,20220316,home,64,13,0,8,3,11,3,17,15,17,10,0,0,3,3,2,4,34,25,10,7,63,37,2,0,4,1200,0,0,0,4,54.13996796155388,89.1845979614949,88.23529411764706,79,10.17293997965412,50.0,100.0,52.0,3.25,3,3,21,71.52000000000001,60,11,0,3,3,6,3,19,13,12,4,1,1,5,4,2,4,31,17,7,5,42,36,3,1,5,1200,0,0,0,6,-54.13996796155388,63.253012048192765,61.29032258064516,44,13.089005235602093,27.272727272727273,80.0,64.70588235294117,2.2,3,3,2,71.52000000000001
S39G01N244,2021-2022,20220316,home,64,13,0,8,3,11,3,17,15,17,10,0,0,3,3,2,4,34,25,10,7,63,37,2,0,4,1200,0,0,0,4,54.13996796155388,89.1845979614949,88.23529411764706,79,10.17293997965412,50.0,100.0,52.0,3.25,3,3,21,71.52000000000001,60,11,0,3,3,6,3,19,13,12,4,1,1,5,4,2,4,31,17,7,5,42,36,3,1,5,1200,0,0,0,6,-54.13996796155388,63.253012048192765,61.29032258064516,44,13.089005235602093,27.272727272727273,80.0,64.70588235294117,2.2,3,3,2,71.52000000000001
S39G01N244,2021-2022,20220316,home,64,13,0,8,3,11,3,17,15,17,10,0,0,3,3,2,4,34,25,10,7,63,37,2,0,4,1200,0,0,0,4,54.13996796155388,89.1845979614949,88.23529411764706,79,10.17293997965412,50.0,100.0,52.0,3.25,3,3,21,71.52000000000001,60,11,0,3,3,6,3,19,13,12,4,1,1,5,4,2,4,31,17,7,5,42,36,3,1,5,1200,0,0,0,6,-54.13996796155388,63.253012048192765,61.29032258064516,44,13.089005235602093,27.272727272727273,80.0,64.70588235294117,2.2,3,3,2,71.52000000000001
S39G01N244,2021-2022,20220316,home,64,13,0,8,3,11,3,17,15,17,10,0,0,3,3,2,4,34,25,10,7,63,37,2,0,4,1200,0,0,0,4,54.13996796155388,89.1845979614949,88.23529411764706,79,10.17293997965412,50.0,100.0,52.0,3.25,3,3,21,71.52000000000001,60,11,0,3,3,6,3,19,13,12,4,1,1,5,4,2,4,31,17,7,5,42,36,3,1,5,1200,0,0,0,6,-54.13996796155388,63.253012048192765,61.29032258064516,44,13.089005235602093,27.272727272727273,80.0,64.70588235294117,2.2,3,3,2,71.52000000000001
S39G01N244,2021-2022,20220316,home,64,13,0,8,3,11,3,17,15,17,10,0,0,3,3,2,4,34,25,10,7,63,37,2,0,4,1200,0,0,0,4,54.13996796155388,89.1845979614949,88.23529411764706,79,10.17293997965412,50.0,100.0,52.0,3.25,3,3,21,71.52000000000001,60,11,0,3,3,6,3,19,13,12,4,1,1,5,4,2,4,31,17,7,5,42,36,3,1,5,1200,0,0,0,6,-54.13996796155388,63.253012048192765,61.29032258064516,44,13.089005235602093,27.272727272727273,80.0,64.70588235294117,2.2,3,3,2,71.52000000000001
S39G01N244,2021-2022,20220316,home,64,13,0,8,3,11,3,17,15,17,10,0,0,3,3,2,4,34,25,10,7,63,37,2,0,4,1200,0,0,0,4,54.13996796155388,89.1845979614949,88.23529411764706,79,10.17293997965412,50.0,100.0,52.0,3.25,3,3,21,71.52000000000001,60,11,0,3,3,6,3,19,13,12,4,1,1,5,4,2,4,31,17,7,5,42,36,3,1,5,1200,0,0,0,6,-54.13996796155388,63.253012048192765,61.29032258064516,44,13.089005235602093,27.272727272727273,80.0,64.70588235294117,2.2,3,3,2,71.52000000000001
S39G01N244,2021-2022,20220316,home,64,13,0,8,3,11,3,17,15,17,10,0,0,3,3,2,4,34,25,10,7,63,37,2,0,4,1200,0,0,0,4,54.13996796155388,89.1845979614949,88.23529411764706,79,10.17293997965412,50.0,100.0,52.0,3.25,3,3,21,71.52000000000001,60,11,0,3,3,6,3,19,13,12,4,1,1,5,4,2,4,31,17,7,5,42,36,3,1,5,1200,0,0,0,6,-54.13996796155388,63.253012048192765,61.29032258064516,44,13.089005235602093,27.272727272727273,80.0,64.70588235294117,2.2,3,3,2,71.52000000000001
S39G01N244,2021-2022,20220316,home,64,13,0,8,3,11,3,17,15,17,10,0,0,3,3,2,4,34,25,10,7,63,37,2,0,4,1200,0,0,0,4,54.13996796155388,89.1845979614949,88.23529411764706,79,10.17293997965412,50.0,100.0,52.0,3.25,3,3,21,71.52000000000001,60,11,0,3,3,6,3,19,13,12,4,1,1,5,4,2,4,31,17,7,5,42,36,3,1,5,1200,0,0,0,6,-54.13996796155388,63.253012048192765,61.29032258064516,44,13.089005235602093,27.272727272727273,80.0,64.70588235294117,2.2,3,3,2,71.52000000000001
S39G01N244,2021-2022,20220316,home,64,13,0,8,3,11,3,17,15,17,10,0,0,3,3,2,4,34,25,10,7,63,37,2,0,4,1214,0,0,0,4,57.43605033222188,89.1845979614949,88.23529411764706,79,10.17293997965412,50.0,100.0,52.0,3.25,3,3,21,71.6836902800659,60,11,0,3,3,6,3,19,13,12,4,1,1,5,4,2,4,31,17,7,5,42,36,3,1,6,1214,0,0,0,7,-57.43605033222188,63.253012048192765,61.29032258064516,43,15.306122448979592,27.272727272727273,80.0,64.70588235294117,1.8333333333333333,3,3,2,71.6836902800659
S39G01N244,2021-2022,20220316,home,64,13,0,8,3,11,3,17,15,17,10,0,0,3,3,2,4,34,25,10,7,63,37,3,0,4,1215,0,0,0,4,57.43605033222188,89.1845979614949,88.23529411764706,80,10.17293997965412,50.0,100.0,52.0,3.25,3,3,21,71.62469135802469,60,11,0,3,3,6,3,19,13,12,4,1,1,5,4,2,4,31,17,7,5,42,36,3,1,6,1215,0,0,0,7,-57.43605033222188,63.253012048192765,61.29032258064516,43,15.306122448979592,27.272727272727273,80.0,64.70588235294117,1.8333333333333333,3,3,2,71.62469135802469
S39G01N244,2021-2022,20220316,home,64,13,0,8,3,11,3,17,15,18,11,0,0,3,3,2,4,35,26,10,7,66,38,3,0,4,1236,0,0,0,4,60.82677515055694,90.85903083700441,90.0,83,9.920634920634921,50.0,100.0,50.0,3.25,6,3,24,71.37864077669904,60,11,0,3,3,6,3,19,13,12,4,1,1,5,4,2,4,31,17,7,5,42,36,3,1,6,1236,0,0,0,7,-60.82677515055694,63.253012048192765,61.29032258064516,43,15.306122448979592,27.272727272727273,80.0,64.70588235294117,1.8333333333333333,6,3,2,71.37864077669904
S39G01N244,2021-2022,20220316,home,64,14,0,8,3,11,3,17,15,18,11,0,0,3,3,2,4,35,26,10,7,66,38,3,0,4,1236,0,0,0,4,60.82677515055694,90.85903083700441,90.0,84,9.920634920634921,50.0,100.0,53.84615384615385,3.5,6,3,24,71.37864077669904,60,11,0,3,3,6,3,19,13,12,4,1,1,5,4,2,4,31,17,7,5,42,36,3,1,6,1236,0,0,0,7,-60.82677515055694,63.253012048192765,61.29032258064516,43,15.306122448979592,27.272727272727273,80.0,64.70588235294117,1.8333333333333333,6,3,2,71.37864077669904
S39G01N244,2021-2022,20220316,home,64,14,0,8,3,11,3,17,15,18,11,0,0,3,3,2,4,35,26,10,7,66,38,3,0,4,1261,0,0,0,4,55.88113266258689,90.85903083700441,90.0,84,9.920634920634921,50.0,100.0,53.84615384615385,3.5,3,3,24,70.91514670896115,60,11,0,3,3,6,3,19,13,13,5,1,1,5,4,2,4,32,18,7,5,45,37,3,1,6,1261,0,0,0,7,-55.88113266258689,65.78947368421052,64.0625,46,14.925373134328357,27.272727272727273,80.0,61.111111111111114,1.8333333333333333,3,3,2,70.91514670896115
S39G01N244,2021-2022,20220316,home,64,14,0,8,3,11,3,17,15,18,11,0,0,3,3,2,4,35,26,10,7,66,38,3,0,4,1261,0,0,0,4,55.88113266258689,90.85903083700441,90.0,84,9.920634920634921,50.0,100.0,53.84615384615385,3.5,3,3,24,70.91514670896115,60,12,0,3,3,6,3,19,13,13,5,1,1,5,4,2,4,32,18,7,5,45,37,3,1,6,1261,0,0,0,7,-55.88113266258689,65.78947368421052,64.0625,47,14.925373134328357,27.272727272727273,80.0,66.66666666666667,2.0,3,3,2,70.91514670896115
S39G01N244,2021-2022,20220316,home,64,14,0,8,3,11,3,17,15,18,11,0,0,3,3,2,4,35,26,10,7,66,38,3,0,4,1271,0,0,0,4,55.88113266258689,90.85903083700441,90.0,84,9.920634920634921,50.0,100.0,53.84615384615385,3.5,3,3,24,70.35719905586153,60,12,0,3,3,6,3,19,13,13,5,1,1,5,4,2,4,32,18,8,6,45,37,3,1,6,1271,0,0,0,7,-55.88113266258689,65.78947368421052,64.0625,47,14.925373134328357,27.272727272727273,80.0,66.66666666666667,2.0,3,3,2,70.35719905586153
S39G01N244,2021-2022,20220316,home,64,14,0,8,3,11,3,17,15,18,11,0,0,3,3,2,4,35,26,10,7,66,38,3,0,4,1271,0,0,0,4,55.88113266258689,90.85903083700441,90.0,84,9.920634920634921,50.0,100.0,53.84615384615385,3.5,3,3,24,70.35719905586153,60,12,0,3,3,6,3,19,13,13,5,1,1,5,4,2,4,32,18,8,6,45,37,3,1,6,1271,0,0,0,7,-55.88113266258689,65.78947368421052,64.0625,47,14.925373134328357,27.272727272727273,80.0,66.66666666666667,2.0,3,3,2,70.35719905586153
S39G01N244,2021-2022,20220316,home,64,14,0,8,3,11,3,17,15,18,11,0,0,3,3,2,4,35,26,10,7,66,38,3,0,5,1278,0,0,0,5,51.26607852380634,90.85903083700441,90.0,83,12.100677637947724,50.0,100.0,53.84615384615385,2.8,3,3,24,70.91079812206574,60,12,0,3,3,6,3,19,13,13,5,1,1,5,4,2,4,32,18,8,6,45,37,3,1,6,1278,0,0,0,7,-51.26607852380634,65.78947368421052,64.0625,47,14.925373134328357,27.272727272727273,80.0,66.66666666666667,2.0,3,3,2,70.91079812206574
S39G01N244,2021-2022,20220316,home,64,14,0,8,3,11,3,17,15,18,11,0,0,3,3,2,4,35,26,10,7,66,38,3,0,5,1279,0,0,0,5,51.26607852380634,90.85903083700441,90.0,83,12.100677637947724,50.0,100.0,53.84615384615385,2.8,3,3,24,70.8553557466771,60,12,0,3,3,6,3,19,13,13,5,1,1,5,4,2,4,32,18,8,6,45,37,4,1,6,1279,0,0,0,7,-51.26607852380634,65.78947368421052,64.0625,48,14.925373134328357,27.272727272727273,80.0,66.66666666666667,2.0,3,3,2,70.8553557466771
S39G01N244,2021-2022,20220316,home,64,14,0,8,3,11,3,17,15,18,11,0,0,3,3,2,4,35,26,10,7,66,38,3,0,5,1292,0,0,0,5,54.43277333887136,90.85903083700441,90.0,83,12.100677637947724,50.0,100.0,53.84615384615385,2.8,3,3,24,71.07120743034056,60,12,0,3,3,6,3,20,13,13,5,1,1,5,4,2,4,33,18,8,6,45,38,4,1,6,1292,0,0,0,7,-54.43277333887136,63.92045454545454,62.121212121212125,47,14.563106796116504,27.272727272727273,80.0,66.66666666666667,2.0,3,3,2,71.07120743034056
S39G01N244,2021-2022,20220316,home,64,14,0,9,3,12,3,17,15,18,11,0,0,3,3,2,4,35,26,10,7,66,38,3,0,5,1294,0,0,0,5,54.43277333887136,90.85903083700441,90.0,84,12.100677637947724,50.0,100.0,53.84615384615385,2.8,3,3,24,70.96136012364761,60,12,0,3,3,6,3,20,13,13,5,1,1,5,4,2,4,33,18,8,6,45,38,4,1,6,1294,0,0,0,7,-54.43277333887136,63.92045454545454,62.121212121212125,47,14.563106796116504,25.0,80.0,66.66666666666667,2.0,3,3,2,70.96136012364761
S39G01N244,2021-2022,20220316,home,64,14,0,9,3,12,3,17,15,19,11,0,0,3,3,2,4,36,26,10,7,66,39,3,0,5,1306,0,0,0,5,50.05246254387413,88.42443729903538,87.5,83,11.814744801512287,50.0,100.0,53.84615384615385,2.8,3,3,24,71.22817764165391,60,12,0,3,3,6,3,20,13,13,5,1,1,5,4,2,4,33,18,8,6,45,38,4,1,6,1306,0,0,0,7,-50.05246254387413,63.92045454545454,62.121212121212125,47,14.563106796116504,25.0,80.0,66.66666666666667,2.0,3,3,2,71.22817764165391
S39G01N244,2021-2022,20220316,home,64,14,0,9,3,12,3,17,15,19,11,0,0,3,3,2,4,36,26,10,7,66,39,3,0,5,1309,0,0,0,5,50.05246254387413,88.42443729903538,87.5,83,11.814744801512287,42.857142857142854,100.0,53.84615384615385,2.8,3,3,24,71.06493506493507,60,12,0,4,3,7,3,20,13,13,5,1,1,5,4,2,4,33,18,8,6,45,38,4,1,6,1309,0,0,0,7,-50.05246254387413,63.92045454545454,62.121212121212125,48,14.563106796116504,25.0,80.0,66.66666666666667,2.0,3,3,2,71.06493506493507
S39G01N244,2021-2022,20220316,home,64,14,0,9,3,12,3,17,15,19,11,0,0,3,3,2,4,36,26,11,8,66,39,3,0,5,1315,0,0,0,5,50.05246254387413,88.42443729903538,87.5,83,11.814744801512287,42.857142857142854,100.0,53.84615384615385,2.8,3,3,24,70.7406844106464,60,12,0,4,3,7,3,20,13,13,5,1,1,5,4,2,4,33,18,8,6,45,38,4,1,6,1315,0,0,0,7,-50.05246254387413,63.92045454545454,62.121212121212125,48,14.563106796116504,25.0,80.0,66.66666666666667,2.0,3,3,2,70.7406844106464
S39G01N244,2021-2022,20220316,home,64,14,0,9,3,12,3,17,15,19,11,0,0,3,3,2,4,36,26,11,8,66,39,3,0,5,1315,0,0,0,5,50.05246254387413,88.42443729903538,87.5,83,11.814744801512287,42.857142857142854,100.0,53.84615384615385,2.8,3,3,24,70.7406844106464,60,12,0,4,3,7,3,20,13,13,5,1,1,5,4,2,4,33,18,8,6,45,38,4,1,6,1315,0,0,0,7,-50.05246254387413,63.92045454545454,62.121212121212125,48,14.563106796116504,25.0,80.0,66.66666666666667,2.0,3,3,2,70.7406844106464
S39G01N244,2021-2022,20220316,home,64,14,0,9,3,12,3,17,15,19,11,0,0,3,3,2,4,36,26,11,8,66,39,3,0,5,1329,0,0,0,5,47.95555048061951,88.42443729903538,87.5,83,11.814744801512287,42.857142857142854,100.0,53.84615384615385,2.8,5,3,24,70.89841986455983,60,12,0,4,3,7,3,21,14,13,5,1,1,5,4,2,4,34,19,8,6,47,39,4,1,6,1329,0,0,0,7,-47.95555048061951,64.9171270718232,63.23529411764706,50,14.218009478672984,25.0,80.0,63.1578947368421,2.0,5,3,2,70.89841986455983
S39G01N244,2021-2022,20220316,home,64,14,0,9,3,12,3,17,15,20,12,0,0,3,3,2,4,37,27,11,8,69,40,3,0,5,1345,0,0,0,5,51.232993197278915,90.0313152400835,89.1891891891892,86,11.542012927054477,42.857142857142854,100.0,51.851851851851855,2.8,3,3,24,70.94721189591078,60,12,0,4,3,7,3,21,14,13,5,1,1,5,4,2,4,34,19,8,6,47,39,4,1,6,1345,0,0,0,7,-51.232993197278915,64.9171270718232,63.23529411764706,50,14.218009478672984,25.0,80.0,63.1578947368421,2.0,3,3,2,70.94721189591078
S39G01N244,2021-2022,20220316,home,64,15,0,9,3,12,3,17,15,20,12,0,0,3,3,2,4,37,27,11,8,69,40,3,0,5,1345,0,0,0,5,51.232993197278915,90.0313152400835,89.1891891891892,87,11.542012927054477,42.857142857142854,100.0,55.55555555555556,3.0,3,3,24,70.94721189591078,60,12,0,4,3,7,3,21,14,13,5,1,1,5,4,2,4,34,19,8,6,47,39,4,1,6,1345,0,0,0,7,-51.232993197278915,64.9171270718232,63.23529411764706,50,14.218009478672984,25.0,80.0,63.1578947368421,2.0,3,3,2,70.94721189591078
S39G01N244,2021-2022,20220316,home,64,15,0,9,3,12,3,17,15,20,12,0,0,3,3,2,4,37,27,11,8,69,40,3,0,5,1360,0,0,0,5,54.21552949538025,90.0313152400835,89.1891891891892,87,11.542012927054477,42.857142857142854,100.0,55.55555555555556,3.0,3,3,24,71.04705882352941,60,12,0,4,3,7,3,21,14,13,5,1,1,5,4,2,4,34,19,8,6,47,39,4,1,7,1360,0,0,0,8,-54.21552949538025,64.9171270718232,63.23529411764706,49,16.203703703703702,25.0,80.0,63.1578947368421,1.7142857142857142,3,3,2,71.04705882352941
S39G01N244,2021-2022,20220316,home,64,15,0,9,3,12,3,17,15,20,12,0,0,3,3,2,4,37,27,11,8,69,40,4,0,5,1362,0,0,0,5,54.21552949538025,90.0313152400835,89.1891891891892,88,11.542012927054477,42.857142857142854,100.0,55.55555555555556,3.0,3,3,24,70.94273127753304,60,12,0,4,3,7,3,21,14,13,5,1,1,5,4,2,4,34,19,8,6,47,39,4,1,7,1362,0,0,0,8,-54.21552949538025,64.9171270718232,63.23529411764706,49,16.203703703703702,25.0,80.0,63.1578947368421,1.7142857142857142,3,3,2,70.94273127753304
S39G01N244,2021-2022,20220316,home,64,15,0,9,3,12,3,18,16,20,12,0,0,3,3,2,4,38,28,11,8,71,41,4,0,5,1366,0,0,0,5,54.91419957328557,90.28484231943031,89.47368421052632,90,11.28158844765343,42.857142857142854,100.0,53.57142857142857,3.0,5,3,24,71.61346998535872,60,12,0,4,3,7,3,21,14,13,5,1,1,5,4,2,4,34,19,8,6,47,39,4,1,7,1366,0,0,0,8,-54.91419957328557,64.9171270718232,63.23529411764706,49,16.203703703703702,25.0,80.0,63.1578947368421,1.7142857142857142,5,3,2,71.61346998535872
S39G01N244,2021-2022,20220316,home,64,16,0,9,3,12,3,18,16,20,12,0,0,3,3,2,4,38,28,11,8,71,41,4,0,5,1366,0,0,0,5,54.91419957328557,90.28484231943031,89.47368421052632,91,11.28158844765343,42.857142857142854,100.0,57.142857142857146,3.2,5,3,24,71.61346998535872,60,12,0,4,3,7,3,21,14,13,5,1,1,5,4,2,4,34,19,8,6,47,39,4,1,7,1366,0,0,0,8,-54.91419957328557,64.9171270718232,63.23529411764706,49,16.203703703703702,25.0,80.0,63.1578947368421,1.7142857142857142,5,3,2,71.61346998535872
S39G01N244,2021-2022,20220316,home,64,16,0,9,3,12,3,18,16,20,12,0,0,3,3,3,6,38,28,11,8,71,41,4,0,5,1366,0,0,0,5,54.91419957328557,90.28484231943031,89.47368421052632,91,11.28158844765343,42.857142857142854,100.0,57.142857142857146,3.2,5,3,24,71.61346998535872,60,12,0,4,3,7,3,21,14,13,5,1,1,5,4,2,4,34,19,8,6,47,39,4,1,7,1366,0,0,0,8,-54.91419957328557,64.9171270718232,63.23529411764706,49,16.203703703703702,25.0,80.0,63.1578947368421,1.7142857142857142,5,3,2,71.61346998535872
S39G01N244,2021-2022,20220316,home,64,16,0,9,3,12,3,18,16,20,12,0,0,3,3,3,6,38,28,11,8,71,41,4,0,5,1380,0,0,0,5,52.89758362390626,90.28484231943031,89.47368421052632,91,11.28158844765343,42.857142857142854,100.0,57.142857142857146,3.2,2,3,24,71.75652173913045,60,12,0,4,3,7,3,22,15,13,5,1,1,5,4,2,4,35,20,8,6,49,40,4,1,7,1380,0,0,0,8,-52.89758362390626,65.86021505376344,64.28571428571429,51,15.837104072398189,25.0,80.0,60.0,1.7142857142857142,2,3,2,71.75652173913045
S39G01N244,2021-2022,20220316,home,64,16,0,9,3,12,3,18,16,21,12,0,0,3,3,3,6,39,28,11,8,71,42,4,0,5,1403,0,0,0,5,48.83733734652304,88.04563492063492,87.17948717948718,90,11.032656663724625,42.857142857142854,100.0,57.142857142857146,3.2,2,3,24,71.43549536707057,60,12,0,4,3,7,3,22,15,13,5,1,1,5,4,2,4,35,20,8,6,49,40,4,1,7,1403,0,0,0,8,-48.83733734652304,65.86021505376344,64.28571428571429,51,15.837104072398189,25.0,80.0,60.0,1.7142857142857142,2,3,2,71.43549536707057
S39G01N244,2021-2022,20220316,home,64,16,0,9,4,13,3,18,16,21,12,0,0,3,3,3,6,39,28,11,8,71,42,4,0,5,1405,0,0,0,5,52.89758362390626,88.04563492063492,87.17948717948718,91,11.032656663724625,50.0,100.0,57.142857142857146,3.2,2,3,24,70.47971530249112,60,12,0,4,3,7,3,22,15,13,5,1,1,5,4,2,4,35,20,8,6,49,40,4,1,7,1405,0,0,0,8,-52.89758362390626,65.86021505376344,64.28571428571429,51,15.837104072398189,25.0,80.0,60.0,1.7142857142857142,2,3,2,70.47971530249112
S39G01N244,2021-2022,20220316,home,64,16,0,9,4,13,3,18,16,21,12,0,0,3,3,3,6,39,28,11,8,71,42,4,0,5,1406,0,0,0,5,52.89758362390626,88.04563492063492,87.17948717948718,91,11.032656663724625,50.0,100.0,57.142857142857146,3.2,2,3,24,70.42958748221908,60,12,0,4,3,7,3,22,15,13,5,1,1,5,4,2,4,35,20,9,7,49,40,4,1,7,1406,0,0,0,8,-52.89758362390626,65.86021505376344,64.28571428571429,51,15.837104072398189,25.0,80.0,60.0,1.7142857142857142,2,3,2,70.42958748221908
S39G01N244,2021-2022,20220316,home,64,16,0,9,4,13,3,18,16,21,12,0,0,3,3,3,6,39,28,11,8,71,42,4,0,5,1406,0,0,0,5,52.89758362390626,88.04563492063492,87.17948717948718,91,11.032656663724625,50.0,100.0,57.142857142857146,3.2,2,3,24,70.42958748221908,60,12,0,4,3,7,3,22,15,13,5,1,1,5,4,2,4,35,20,9,7,49,40,4,1,7,1406,0,0,0,8,-52.89758362390626,65.86021505376344,64.28571428571429,51,15.837104072398189,25.0,80.0,60.0,1.7142857142857142,2,3,2,70.42958748221908
S39G01N244,2021-2022,20220316,home,64,16,0,9,4,13,3,19,17,21,12,0,0,3,3,3,6,40,29,11,8,73,43,4,0,5,1422,0,0,0,5,53.563235267127965,88.33494675701839,87.5,93,10.79447322970639,50.0,100.0,55.172413793103445,3.2,2,3,24,70.48101265822785,60,12,0,4,3,7,3,22,15,13,5,1,1,5,4,2,4,35,20,9,7,49,40,4,1,7,1422,0,0,0,8,-53.563235267127965,65.86021505376344,64.28571428571429,51,15.837104072398189,25.0,80.0,60.0,1.7142857142857142,2,3,2,70.48101265822785
S39G01N244,2021-2022,20220316,home,64,17,0,9,4,13,3,19,17,21,12,0,0,3,3,3,6,40,29,11,8,73,43,4,0,5,1422,0,0,0,5,53.563235267127965,88.33494675701839,87.5,94,10.79447322970639,50.0,100.0,58.62068965517241,3.4,2,3,24,70.48101265822785,60,12,0,4,3,7,3,22,15,13,5,1,1,5,4,2,4,35,20,9,7,49,40,4,1,7,1422,0,0,0,8,-53.563235267127965,65.86021505376344,64.28571428571429,51,15.837104072398189,25.0,80.0,60.0,1.7142857142857142,2,3,2,70.48101265822785
S39G01N244,2021-2022,20220316,home,64,17,0,9,4,13,3,19,17,21,12,0,0,3,3,3,6,40,29,11,8,73,43,4,0,5,1445,0,0,0,5,56.38153002625003,88.33494675701839,87.5,94,10.79447322970639,50.0,100.0,58.62068965517241,3.4,2,3,24,70.18961937716263,60,12,0,4,3,7,3,22,15,14,5,1,1,5,4,2,4,36,20,9,7,49,41,4,1,7,1445,0,0,0,8,-56.38153002625003,64.13612565445025,62.5,50,15.486725663716813,25.0,80.0,60.0,1.7142857142857142,2,3,2,70.18961937716263
S39G01N244,2021-2022,20220316,home,64,17,0,10,4,14,3,19,17,21,12,0,0,3,3,3,6,40,29,11,8,73,43,4,0,5,1447,0,0,0,5,56.38153002625003,88.33494675701839,87.5,95,10.79447322970639,50.0,100.0,58.62068965517241,3.4,2,3,24,70.09260539046304,60,12,0,4,3,7,3,22,15,14,5,1,1,5,4,2,4,36,20,9,7,49,41,4,1,7,1447,0,0,0,8,-56.38153002625003,64.13612565445025,62.5,50,15.486725663716813,23.076923076923077,80.0,60.0,1.7142857142857142,2,3,2,70.09260539046304
S39G01N244,2021-2022,20220316,home,64,17,0,10,4,14,3,20,18,21,12,0,0,3,3,3,6,41,30,11,8,75,44,4,0,5,1462,0,0,0,5,57.016449829987806,88.61058601134215,87.8048780487805,97,10.566356720202874,50.0,100.0,56.666666666666664,3.4,4,3,26,70.19425444596445,60,12,0,4,3,7,3,22,15,14,5,1,1,5,4,2,4,36,20,9,7,49,41,4,1,7,1462,0,0,0,8,-57.016449829987806,64.13612565445025,62.5,50,15.486725663716813,23.076923076923077,80.0,60.0,1.7142857142857142,4,3,2,70.19425444596445
S39G01N244,2021-2022,20220316,home,64,17,0,10,4,14,3,20,18,21,12,0,0,3,3,3,6,41,30,11,8,75,44,4,0,5,1462,0,0,0,5,57.016449829987806,88.61058601134215,87.8048780487805,97,10.566356720202874,50.0,100.0,56.666666666666664,3.4,4,3,26,70.19425444596445,60,12,0,4,3,7,3,22,15,14,5,1,1,5,4,2,4,36,20,9,7,49,41,4,1,7,1462,0,0,0,8,-57.016449829987806,64.13612565445025,62.5,50,15.486725663716813,23.076923076923077,80.0,60.0,1.7142857142857142,4,3,2,70.19425444596445
S39G01N244,2021-2022,20220316,home,64,17,0,10,4,14,3,20,18,21,12,0,0,3,3,3,6,41,30,11,8,75,44,4,0,5,1462,0,0,0,5,57.016449829987806,88.61058601134215,87.8048780487805,97,10.566356720202874,50.0,100.0,56.666666666666664,3.4,4,3,26,70.19425444596445,60,12,0,4,3,7,3,22,15,14,5,1,1,5,4,2,4,36,20,9,7,49,41,4,1,7,1462,0,0,0,8,-57.016449829987806,64.13612565445025,62.5,50,15.486725663716813,23.076923076923077,80.0,60.0,1.7142857142857142,4,3,2,70.19425444596445
S39G01N244,2021-2022,20220316,home,64,17,0,10,4,14,3,20,18,21,12,0,0,3,3,3,6,41,30,11,8,75,44,4,0,5,1462,0,0,0,5,57.016449829987806,88.61058601134215,87.8048780487805,97,10.566356720202874,50.0,100.0,56.666666666666664,3.4,4,3,26,70.19425444596445,60,12,0,4,3,7,3,22,15,14,5,1,1,5,4,2,4,36,20,9,7,49,41,4,1,7,1462,0,0,0,8,-57.016449829987806,64.13612565445025,62.5,50,15.486725663716813,23.076923076923077,80.0,60.0,1.7142857142857142,4,3,2,70.19425444596445
S39G01N244,2021-2022,20220316,home,64,17,0,10,4,14,3,20,18,21,12,0,0,3,3,3,6,41,30,12,9,75,44,4,0,5,1470,0,0,0,5,57.016449829987806,88.61058601134215,87.8048780487805,97,10.566356720202874,50.0,100.0,56.666666666666664,3.4,4,3,26,69.81224489795919,60,12,0,4,3,7,3,22,15,14,5,1,1,5,4,2,4,36,20,9,7,49,41,4,1,7,1470,0,0,0,8,-57.016449829987806,64.13612565445025,62.5,50,15.486725663716813,23.076923076923077,80.0,60.0,1.7142857142857142,4,3,2,69.81224489795919
S39G01N244,2021-2022,20220316,home,64,17,0,10,4,14,3,20,18,21,12,0,0,3,3,3,6,41,30,12,9,75,44,4,0,5,1470,0,0,0,5,57.016449829987806,88.61058601134215,87.8048780487805,97,10.566356720202874,50.0,100.0,56.666666666666664,3.4,4,3,26,69.81224489795919,60,12,0,4,3,7,3,22,15,14,5,1,1,5,4,2,4,36,20,9,7,49,41,4,1,7,1470,0,0,0,8,-57.016449829987806,64.13612565445025,62.5,50,15.486725663716813,23.076923076923077,80.0,60.0,1.7142857142857142,4,3,2,69.81224489795919
S39G01N244,2021-2022,20220316,home,64,17,0,10,4,14,3,20,18,21,12,0,0,3,3,3,6,41,30,12,9,75,44,4,0,5,1480,0,0,0,5,55.07463835026164,88.61058601134215,87.8048780487805,97,10.566356720202874,50.0,100.0,56.666666666666664,3.4,2,3,26,70.15135135135137,60,12,0,4,3,7,3,23,16,14,5,1,1,5,4,2,4,37,21,9,7,51,42,4,1,7,1480,0,0,0,8,-55.07463835026164,65.05102040816325,63.513513513513516,52,15.15151515151515,23.076923076923077,80.0,57.142857142857146,1.7142857142857142,2,3,2,70.15135135135137
S39G01N244,2021-2022,20220316,home,64,17,0,10,4,14,3,20,18,21,12,0,0,3,3,3,6,41,30,12,9,75,44,4,0,5,1480,0,0,0,5,55.07463835026164,88.61058601134215,87.8048780487805,97,10.566356720202874,50.0,100.0,56.666666666666664,3.4,2,3,26,70.15135135135137,60,13,0,4,3,7,3,23,16,14,5,1,1,5,4,2,4,37,21,9,7,51,42,4,1,7,1480,0,0,0,8,-55.07463835026164,65.05102040816325,63.513513513513516,53,15.15151515151515,23.076923076923077,80.0,61.904761904761905,1.8571428571428572,2,3,2,70.15135135135137
S39G01N244,2021-2022,20220316,home,64,17,0,10,4,14,3,20,18,21,12,0,0,3,3,3,6,41,30,13,9,75,44,4,0,5,1480,0,0,0,5,55.07463835026164,88.61058601134215,87.8048780487805,97,10.566356720202874,50.0,100.0,56.666666666666664,3.4,2,3,26,70.15135135135137,60,13,0,4,3,7,3,23,16,14,5,1,1,5,4,2,4,37,21,9,7,51,42,4,1,7,1480,0,0,0,8,-55.07463835026164,65.05102040816325,63.513513513513516,53,15.15151515151515,23.076923076923077,80.0,61.904761904761905,1.8571428571428572,2,3,2,70.15135135135137
S39G01N244,2021-2022,20220316,home,64,17,0,10,4,14,3,20,18,21,12,0,0,3,3,3,6,41,30,13,9,75,44,4,0,5,1480,0,0,0,5,55.07463835026164,88.61058601134215,87.8048780487805,97,10.566356720202874,50.0,100.0,56.666666666666664,3.4,2,3,26,70.15135135135137,60,13,0,4,3,7,3,23,16,14,5,1,1,5,4,2,4,37,21,9,7,51,42,4,1,7,1480,0,0,0,8,-55.07463835026164,65.05102040816325,63.513513513513516,53,15.15151515151515,23.076923076923077,80.0,61.904761904761905,1.8571428571428572,2,3,2,70.15135135135137
S39G01N244,2021-2022,20220316,home,64,17,0,10,4,14,3,20,18,21,12,0,0,3,3,3,6,41,30,13,9,75,44,4,0,5,1480,0,0,0,5,53.97345696722873,88.61058601134215,87.8048780487805,97,10.566356720202874,50.0,100.0,56.666666666666664,3.4,3,3,26,70.50810810810812,60,13,0,4,3,7,3,23,16,14,5,1,1,6,5,2,4,37,21,9,7,52,43,4,1,7,1480,0,0,0,8,-53.97345696722873,65.59031281533804,63.513513513513516,54,15.008576329331046,23.076923076923077,83.33333333333333,61.904761904761905,1.8571428571428572,3,3,2,70.50810810810812
S39G01N244,2021-2022,20220316,home,64,17,0,10,4,14,3,20,18,21,12,0,0,3,3,3,6,41,30,13,9,75,44,4,0,5,1480,0,0,0,5,53.97345696722873,88.61058601134215,87.8048780487805,97,10.566356720202874,50.0,100.0,56.666666666666664,3.4,3,3,26,70.50810810810812,60,13,0,4,3,7,3,23,16,14,5,1,1,6,5,2,4,37,21,9,7,52,43,4,1,7,1480,0,0,0,8,-53.97345696722873,65.59031281533804,63.513513513513516,54,15.008576329331046,23.076923076923077,83.33333333333333,61.904761904761905,1.8571428571428572,3,3,2,70.50810810810812
S39G01N244,2021-2022,20220316,home,64,17,0,10,4,14,3,20,18,21,12,0,0,3,3,3,6,41,30,13,9,75,44,4,0,5,1480,0,0,0,5,53.97345696722873,88.61058601134215,87.8048780487805,97,10.566356720202874,50.0,100.0,56.666666666666664,3.4,3,3,26,70.50810810810812,60,13,0,4,3,7,3,23,16,14,5,1,1,6,5,2,4,37,21,9,7,52,43,4,1,7,1480,0,0,0,8,-53.97345696722873,65.59031281533804,63.513513513513516,54,15.008576329331046,23.076923076923077,83.33333333333333,61.904761904761905,1.8571428571428572,3,3,2,70.50810810810812
S39G01N244,2021-2022,20220316,home,64,17,0,10,4,14,3,20,18,22,13,0,0,3,3,3,6,42,31,13,9,78,45,4,0,5,1492,0,0,0,5,56.83604284480505,90.02770083102493,89.28571428571429,100,10.347682119205299,50.0,100.0,54.83870967741935,3.4,3,3,26,70.74530831099196,60,13,0,4,3,7,3,23,16,14,5,1,1,6,5,2,4,37,21,9,7,52,43,4,1,7,1492,0,0,0,8,-56.83604284480505,65.59031281533804,63.513513513513516,54,15.008576329331046,23.076923076923077,83.33333333333333,61.904761904761905,1.8571428571428572,3,3,2,70.74530831099196
S39G01N244,2021-2022,20220316,home,64,18,0,10,4,14,3,20,18,22,13,0,0,3,3,3,6,42,31,13,9,78,45,4,0,5,1492,0,0,0,5,56.83604284480505,90.02770083102493,89.28571428571429,101,10.347682119205299,50.0,100.0,58.064516129032256,3.6,3,3,26,70.74530831099196,60,13,0,4,3,7,3,23,16,14,5,1,1,6,5,2,4,37,21,9,7,52,43,4,1,7,1492,0,0,0,8,-56.83604284480505,65.59031281533804,63.513513513513516,54,15.008576329331046,23.076923076923077,83.33333333333333,61.904761904761905,1.8571428571428572,3,3,2,70.74530831099196
S39G01N244,2021-2022,20220316,home,64,18,0,10,4,14,3,20,18,22,13,0,0,3,3,3,6,42,31,13,9,78,45,4,0,5,1492,0,0,0,5,56.83604284480505,90.02770083102493,89.28571428571429,101,10.347682119205299,50.0,100.0,58.064516129032256,3.6,3,3,26,70.74530831099196,60,13,0,4,3,7,3,23,16,14,5,1,1,6,5,2,4,37,21,10,7,52,43,4,1,7,1492,0,0,0,8,-56.83604284480505,65.59031281533804,63.513513513513516,54,15.008576329331046,23.076923076923077,83.33333333333333,61.904761904761905,1.8571428571428572,3,3,2,70.74530831099196
S39G01N244,2021-2022,20220316,home,64,18,0,10,4,14,3,20,18,22,13,0,0,3,3,3,6,42,31,13,9,78,45,4,0,5,1492,0,0,0,5,56.83604284480505,90.02770083102493,89.28571428571429,101,10.347682119205299,50.0,100.0,58.064516129032256,3.6,3,3,26,70.74530831099196,60,13,0,4,3,7,3,23,16,14,5,1,1,6,5,2,4,37,21,10,7,52,43,4,1,7,1492,0,0,0,8,-56.83604284480505,65.59031281533804,63.513513513513516,54,15.008576329331046,23.076923076923077,83.33333333333333,61.904761904761905,1.8571428571428572,3,3,2,70.74530831099196
S39G01N244,2021-2022,20220316,home,64,18,0,10,4,14,3,20,18,22,13,0,0,4,4,3,6,42,31,13,9,79,46,4,0,5,1492,0,0,0,5,57.34013526873953,90.26508226691043,89.28571428571429,102,10.254306808859722,50.0,100.0,58.064516129032256,3.6,4,3,27,71.09919571045576,60,13,0,4,3,7,3,23,16,14,5,1,1,6,5,2,4,37,21,10,7,52,43,4,1,7,1492,0,0,0,8,-57.34013526873953,65.59031281533804,63.513513513513516,54,15.008576329331046,23.076923076923077,83.33333333333333,61.904761904761905,1.8571428571428572,4,3,2,71.09919571045576
S39G01N244,2021-2022,20220316,home,64,18,0,10,4,14,3,20,18,22,13,0,0,4,4,3,6,42,31,13,9,79,46,4,0,5,1500,0,0,0,5,60.009417010195364,90.26508226691043,89.28571428571429,102,10.254306808859722,50.0,100.0,58.064516129032256,3.6,4,3,27,71.52000000000001,60,13,0,4,3,7,3,23,16,14,5,1,1,6,5,2,4,37,21,10,7,52,43,4,1,8,1500,0,0,0,9,-60.009417010195364,65.59031281533804,63.513513513513516,53,16.79261125104954,23.076923076923077,83.33333333333333,61.904761904761905,1.625,4,3,2,71.52000000000001
S39G01N244,2021-2022,20220316,home,64,18,0,10,4,14,3,20,18,23,13,0,0,4,4,3,6,43,31,13,9,79,47,4,0,5,1522,0,0,0,5,56.15240494272754,88.24843610366399,87.20930232558139,101,10.04823151125402,50.0,100.0,58.064516129032256,3.6,4,3,27,71.27463863337714,60,13,0,4,3,7,3,23,16,14,5,1,1,6,5,2,4,37,21,10,7,52,43,4,1,8,1522,0,0,0,9,-56.15240494272754,65.59031281533804,63.513513513513516,53,16.79261125104954,23.076923076923077,83.33333333333333,61.904761904761905,1.625,4,3,2,71.27463863337714
S39G01N244,2021-2022,20220316,home,64,18,0,10,4,14,3,20,18,23,13,0,0,4,4,3,6,43,31,13,9,79,47,4,0,5,1524,0,0,0,5,56.15240494272754,88.24843610366399,87.20930232558139,101,10.04823151125402,44.44444444444444,100.0,58.064516129032256,3.6,4,3,27,71.18110236220473,60,13,0,5,3,8,3,23,16,14,5,1,1,6,5,2,4,37,21,10,7,52,43,4,1,8,1524,0,0,0,9,-56.15240494272754,65.59031281533804,63.513513513513516,54,16.79261125104954,23.076923076923077,83.33333333333333,61.904761904761905,1.625,4,3,2,71.18110236220473
S39G01N244,2021-2022,20220316,home,64,18,0,10,4,14,3,20,18,23,13,0,0,4,4,3,6,43,31,13,9,79,47,4,0,5,1545,0,0,0,5,58.70471552986892,88.24843610366399,87.20930232558139,101,10.04823151125402,44.44444444444444,100.0,58.064516129032256,3.6,4,3,27,70.99029126213593,60,13,0,5,3,8,3,23,16,15,5,1,1,6,5,2,4,38,21,10,7,52,44,4,1,8,1545,0,0,0,9,-58.70471552986892,63.976377952755904,61.8421052631579,53,16.44736842105263,23.076923076923077,83.33333333333333,61.904761904761905,1.625,4,3,2,70.99029126213593
S39G01N244,2021-2022,20220316,home,64,18,0,10,4,14,4,20,18,23,13,0,0,4,4,3,6,43,31,13,9,79,47,4,0,5,1546,0,0,0,5,58.70471552986892,88.24843610366399,87.20930232558139,102,10.04823151125402,44.44444444444444,100.0,58.064516129032256,3.6,4,3,27,70.94437257438551,60,13,0,5,3,8,3,23,16,15,5,1,1,6,5,2,4,38,21,10,7,52,44,4,1,8,1546,0,0,0,9,-58.70471552986892,63.976377952755904,61.8421052631579,53,16.44736842105263,23.076923076923077,83.33333333333333,61.904761904761905,1.625,4,3,2,70.94437257438551
S39G01N244,2021-2022,20220316,home,64,18,0,10,4,14,4,21,19,23,13,0,0,4,4,3,6,44,32,13,9,81,48,4,0,5,1565,0,0,0,5,59.28983400420894,88.50524475524476,87.5,104,9.850275807722616,44.44444444444444,100.0,56.25,3.6,6,3,29,70.84984025559106,60,13,0,5,3,8,3,23,16,15,5,1,1,6,5,2,4,38,21,10,7,52,44,4,1,8,1565,0,0,0,9,-59.28983400420894,63.976377952755904,61.8421052631579,53,16.44736842105263,23.076923076923077,83.33333333333333,61.904761904761905,1.625,6,3,2,70.84984025559106
S39G01N244,2021-2022,20220316,home,64,18,0,10,4,14,4,21,19,23,13,0,0,4,4,3,6,44,32,13,9,81,48,4,0,5,1579,0,0,0,5,61.73269731059813,88.50524475524476,87.5,104,9.850275807722616,44.44444444444444,100.0,56.25,3.6,6,3,29,70.98163394553515,60,13,0,5,3,8,3,23,16,16,5,1,1,6,5,2,4,39,21,10,7,52,45,4,1,8,1579,0,0,0,9,-61.73269731059813,62.43996157540826,60.256410256410255,52,16.116035455278002,23.076923076923077,83.33333333333333,61.904761904761905,1.625,6,3,2,70.98163394553515
S39G01N244,2021-2022,20220316,home,64,18,0,11,4,15,4,21,19,23,13,0,0,4,4,3,6,44,32,13,9,81,48,4,0,5,1580,0,0,0,5,61.73269731059813,88.50524475524476,87.5,105,9.850275807722616,44.44444444444444,100.0,56.25,3.6,6,3,29,70.93670886075951,60,13,0,5,3,8,3,23,16,16,5,1,1,6,5,2,4,39,21,10,7,52,45,4,1,8,1580,0,0,0,9,-61.73269731059813,62.43996157540826,60.256410256410255,52,16.116035455278002,21.428571428571427,83.33333333333333,61.904761904761905,1.625,6,3,2,70.93670886075951
S39G01N244,2021-2022,20220316,home,64,18,0,11,4,15,4,21,19,24,13,0,0,4,4,3,6,45,32,13,9,81,49,4,0,5,1591,0,0,0,5,58.105708646146695,86.61248930710009,85.55555555555556,104,9.659969088098919,44.44444444444444,100.0,56.25,3.6,6,3,29,71.20050282840981,60,13,0,5,3,8,3,23,16,16,5,1,1,6,5,2,4,39,21,10,7,52,45,4,1,8,1591,0,0,0,9,-58.105708646146695,62.43996157540826,60.256410256410255,52,16.116035455278002,21.428571428571427,83.33333333333333,61.904761904761905,1.625,6,3,2,71.20050282840981
S39G01N244,2021-2022,20220316,home,64,18,0,11,4,15,4,21,19,24,13,0,0,4,4,3,6,45,32,13,9,81,49,4,0,5,1592,0,0,0,5,58.105708646146695,86.61248930710009,85.55555555555556,104,9.659969088098919,40.0,100.0,56.25,3.6,6,3,29,71.15577889447238,60,13,0,6,3,9,3,23,16,16,5,1,1,6,5,2,4,39,21,10,7,52,45,4,1,8,1592,0,0,0,9,-58.105708646146695,62.43996157540826,60.256410256410255,53,16.116035455278002,21.428571428571427,83.33333333333333,61.904761904761905,1.625,6,3,2,71.15577889447238
S39G01N244,2021-2022,20220316,home,64,18,0,11,4,15,4,21,19,24,13,0,0,4,4,3,6,45,32,13,9,81,49,4,0,5,1609,0,0,0,5,60.44601681792675,86.61248930710009,85.55555555555556,104,9.659969088098919,40.0,100.0,56.25,3.6,6,3,29,71.14978247358609,60,13,0,6,3,9,3,23,16,17,5,1,1,6,5,2,4,40,21,10,7,52,46,4,1,8,1609,0,0,0,9,-60.44601681792675,60.97560975609756,58.75,52,15.797788309636651,21.428571428571427,83.33333333333333,61.904761904761905,1.625,6,3,2,71.14978247358609
S39G01N244,2021-2022,20220316,home,64,18,0,12,4,16,4,21,19,24,13,0,0,4,4,3,6,45,32,13,9,81,49,4,0,5,1611,0,0,0,5,60.44601681792675,86.61248930710009,85.55555555555556,105,9.659969088098919,40.0,100.0,56.25,3.6,6,3,29,71.06145251396649,60,13,0,6,3,9,3,23,16,17,5,1,1,6,5,2,4,40,21,10,7,52,46,4,1,8,1611,0,0,0,9,-60.44601681792675,60.97560975609756,58.75,52,15.797788309636651,20.0,83.33333333333333,61.904761904761905,1.625,6,3,2,71.06145251396649
S39G01N244,2021-2022,20220316,home,64,18,0,12,4,16,4,22,20,24,13,0,0,4,4,3,6,46,33,13,9,83,50,4,0,5,1626,0,0,0,5,61.06951989524937,86.892797319933,85.8695652173913,107,9.476876421531463,40.0,100.0,54.54545454545455,3.6,8,3,31,71.14391143911439,60,13,0,6,3,9,3,23,16,17,5,1,1,6,5,2,4,40,21,10,7,52,46,4,1,8,1626,0,0,0,9,-61.06951989524937,60.97560975609756,58.75,52,15.797788309636651,20.0,83.33333333333333,61.904761904761905,1.625,8,3,2,71.14391143911439
S39G01N244,2021-2022,20220316,home,64,19,0,12,4,16,4,22,20,24,13,0,0,4,4,3,6,46,33,13,9,83,50,4,0,5,1626,0,0,0,5,61.06951989524937,86.892797319933,85.8695652173913,108,9.476876421531463,40.0,100.0,57.57575757575758,3.8,8,3,31,71.14391143911439,60,13,0,6,3,9,3,23,16,17,5,1,1,6,5,2,4,40,21,10,7,52,46,4,1,8,1626,0,0,0,9,-61.06951989524937,60.97560975609756,58.75,52,15.797788309636651,20.0,83.33333333333333,61.904761904761905,1.625,8,3,2,71.14391143911439
S39G01N244,2021-2022,20220316,home,64,19,0,12,4,16,4,22,20,24,13,0,0,4,4,3,6,46,33,14,10,83,50,4,0,5,1638,0,0,0,5,61.06951989524937,86.892797319933,85.8695652173913,108,9.476876421531463,40.0,100.0,57.57575757575758,3.8,8,3,31,70.62271062271063,60,13,0,6,3,9,3,23,16,17,5,1,1,6,5,2,4,40,21,10,7,52,46,4,1,8,1638,0,0,0,9,-61.06951989524937,60.97560975609756,58.75,52,15.797788309636651,20.0,83.33333333333333,61.904761904761905,1.625,8,3,2,70.62271062271063
S39G01N244,2021-2022,20220316,home,64,19,0,12,4,16,4,22,20,24,13,0,0,4,4,3,6,46,33,14,10,83,50,4,0,5,1638,0,0,0,5,61.06951989524937,86.892797319933,85.8695652173913,108,9.476876421531463,40.0,100.0,57.57575757575758,3.8,8,3,31,70.62271062271063,60,13,0,6,3,9,3,23,16,17,5,1,1,6,5,2,4,40,21,10,7,52,46,4,1,8,1638,0,0,0,9,-61.06951989524937,60.97560975609756,58.75,52,15.797788309636651,20.0,83.33333333333333,61.904761904761905,1.625,8,3,2,70.62271062271063
S39G01N244,2021-2022,20220316,home,64,19,0,12,4,16,4,22,20,24,13,0,0,4,4,3,6,46,33,14,10,83,50,4,0,5,1638,0,0,0,5,61.06951989524937,86.892797319933,85.8695652173913,108,9.476876421531463,40.0,100.0,57.57575757575758,3.8,8,3,31,70.62271062271063,60,13,0,6,3,9,3,23,16,17,5,1,1,6,5,2,4,40,21,10,7,52,46,4,1,8,1638,0,0,0,9,-61.06951989524937,60.97560975609756,58.75,52,15.797788309636651,20.0,83.33333333333333,61.904761904761905,1.625,8,3,2,70.62271062271063
S39G01N244,2021-2022,20220316,home,64,19,0,12,4,16,4,22,20,24,13,0,0,4,4,3,6,46,33,14,10,83,50,4,0,5,1638,0,0,0,5,61.06951989524937,86.892797319933,85.8695652173913,108,9.476876421531463,40.0,100.0,57.57575757575758,3.8,8,3,31,70.62271062271063,60,13,0,6,3,9,3,23,16,17,5,1,1,6,5,2,4,40,21,10,7,52,46,4,1,8,1638,0,0,0,9,-61.06951989524937,60.97560975609756,58.75,52,15.797788309636651,20.0,83.33333333333333,61.904761904761905,1.625,8,3,2,70.62271062271063
S39G01N244,2021-2022,20220316,home,64,19,0,12,4,16,4,22,20,24,13,0,0,4,4,3,6,46,33,14,10,83,50,4,0,5,1638,0,0,0,5,61.06951989524937,86.892797319933,85.8695652173913,108,9.476876421531463,40.0,100.0,57.57575757575758,3.8,8,3,31,70.62271062271063,60,13,0,6,3,9,3,23,16,17,5,1,1,6,5,2,4,40,21,10,7,52,46,4,1,8,1638,0,0,0,9,-61.06951989524937,60.97560975609756,58.75,52,15.797788309636651,20.0,83.33333333333333,61.904761904761905,1.625,8,3,2,70.62271062271063
S39G01N244,2021-2022,20220316,home,64,19,0,12,4,16,4,22,20,24,13,0,0,4,4,3,6,46,33,14,10,83,50,4,0,5,1638,0,0,0,5,61.06951989524937,86.892797319933,85.8695652173913,108,9.476876421531463,40.0,100.0,57.57575757575758,3.8,8,3,31,70.62271062271063,60,13,0,6,3,9,3,23,16,17,5,1,1,6,5,2,4,40,21,10,7,52,46,4,1,8,1638,0,0,0,9,-61.06951989524937,60.97560975609756,58.75,52,15.797788309636651,20.0,83.33333333333333,61.904761904761905,1.625,8,3,2,70.62271062271063
S39G01N244,2021-2022,20220316,home,64,19,0,12,4,16,4,22,20,24,13,0,0,4,4,3,6,46,33,14,10,83,50,4,0,5,1638,0,0,0,5,61.06951989524937,86.892797319933,85.8695652173913,108,9.476876421531463,40.0,100.0,57.57575757575758,3.8,8,3,31,70.62271062271063,60,13,0,6,3,9,3,23,16,17,5,1,1,6,5,2,4,40,21,10,7,52,46,4,1,8,1638,0,0,0,9,-61.06951989524937,60.97560975609756,58.75,52,15.797788309636651,20.0,83.33333333333333,61.904761904761905,1.625,8,3,2,70.62271062271063
S39G01N244,2021-2022,20220316,home,64,19,0,12,4,16,4,22,20,24,13,0,0,4,4,3,6,46,33,14,10,83,50,4,0,5,1638,0,0,0,5,61.06951989524937,86.892797319933,85.8695652173913,108,9.476876421531463,40.0,100.0,57.57575757575758,3.8,8,3,31,70.62271062271063,60,13,0,6,3,9,3,23,16,17,5,1,1,6,5,2,4,40,21,10,7,52,46,4,1,8,1638,0,0,0,9,-61.06951989524937,60.97560975609756,58.75,52,15.797788309636651,20.0,83.33333333333333,61.904761904761905,1.625,8,3,2,70.62271062271063
S39G01N244,2021-2022,20220316,home,64,19,0,12,4,16,4,22,20,24,13,0,0,4,4,3,6,46,33,14,10,83,50,4,0,5,1650,0,0,0,5,59.201756184966115,86.892797319933,85.8695652173913,108,9.476876421531463,40.0,100.0,57.57575757575758,3.8,2,3,31,70.83636363636364,60,13,0,6,3,9,3,24,17,17,5,1,1,6,5,2,4,41,22,10,7,54,47,4,1,8,1650,0,0,0,9,-59.201756184966115,61.86984417965169,59.75609756097561,54,15.491866769945778,20.0,83.33333333333333,59.09090909090909,1.625,2,3,2,70.83636363636364
S39G01N244,2021-2022,20220316,home,64,19,0,12,4,16,4,22,20,25,13,0,0,4,4,3,6,47,33,14,10,83,51,4,0,5,1673,0,0,0,5,55.780906244711474,85.11074651353569,84.04255319148936,107,9.300595238095239,40.0,100.0,57.57575757575758,3.8,2,3,31,70.5797967722654,60,13,0,6,3,9,3,24,17,17,5,1,1,6,5,2,4,41,22,10,7,54,47,4,1,8,1673,0,0,0,9,-55.780906244711474,61.86984417965169,59.75609756097561,54,15.491866769945778,20.0,83.33333333333333,59.09090909090909,1.625,2,3,2,70.5797967722654
S39G01N244,2021-2022,20220316,home,64,19,0,12,4,16,4,22,20,25,13,0,0,4,4,3,6,47,33,14,10,83,51,4,0,5,1675,0,0,0,5,55.780906244711474,85.11074651353569,84.04255319148936,107,9.300595238095239,36.36363636363637,100.0,57.57575757575758,3.8,2,3,31,70.4955223880597,60,13,0,7,3,10,3,24,17,17,5,1,1,6,5,2,4,41,22,10,7,54,47,4,1,8,1675,0,0,0,9,-55.780906244711474,61.86984417965169,59.75609756097561,55,15.491866769945778,20.0,83.33333333333333,59.09090909090909,1.625,2,3,2,70.4955223880597
S39G01N244,2021-2022,20220316,home,64,19,0,12,4,16,4,22,20,25,13,0,0,4,4,3,6,47,33,14,10,83,51,4,0,5,1685,0,0,0,5,58.017403763690226,85.11074651353569,84.04255319148936,107,9.300595238095239,36.36363636363637,100.0,57.57575757575758,3.8,2,3,31,70.7893175074184,60,13,0,7,3,10,3,24,17,18,5,1,1,6,5,2,4,42,22,10,7,54,48,4,1,8,1685,0,0,0,9,-58.017403763690226,60.483870967741936,58.333333333333336,54,15.19756838905775,20.0,83.33333333333333,59.09090909090909,1.625,2,3,2,70.7893175074184
S39G01N244,2021-2022,20220316,home,64,19,0,13,4,17,4,22,20,25,13,0,0,4,4,3,6,47,33,14,10,83,51,4,0,5,1687,0,0,0,5,58.017403763690226,85.11074651353569,84.04255319148936,108,9.300595238095239,36.36363636363637,100.0,57.57575757575758,3.8,2,3,31,70.70539419087137,60,13,0,7,3,10,3,24,17,18,5,1,1,6,5,2,4,42,22,10,7,54,48,4,1,8,1687,0,0,0,9,-58.017403763690226,60.483870967741936,58.333333333333336,54,15.19756838905775,18.75,83.33333333333333,59.09090909090909,1.625,2,3,2,70.70539419087137
S39G01N244,2021-2022,20220316,home,64,19,0,13,4,17,4,23,21,25,13,0,0,4,4,3,6,48,34,14,10,85,52,4,0,5,1696,0,0,0,5,58.67144940815797,85.40996784565917,84.375,110,9.130752373995618,36.36363636363637,100.0,55.88235294117647,3.8,2,3,31,71.0377358490566,60,13,0,7,3,10,3,24,17,18,5,1,1,6,5,2,4,42,22,10,7,54,48,4,1,8,1696,0,0,0,9,-58.67144940815797,60.483870967741936,58.333333333333336,54,15.19756838905775,18.75,83.33333333333333,59.09090909090909,1.625,2,3,2,71.0377358490566
S39G01N244,2021-2022,20220316,home,64,19,0,13,4,17,4,23,21,25,13,0,0,4,4,3,6,48,34,14,10,85,52,4,0,5,1711,0,0,0,5,56.87017056382793,85.40996784565917,84.375,110,9.130752373995618,36.36363636363637,100.0,55.88235294117647,3.8,2,3,31,71.11630625365284,60,13,0,7,3,10,3,25,18,18,5,1,1,6,5,2,4,43,23,10,7,56,49,4,1,8,1711,0,0,0,9,-56.87017056382793,61.34969325153374,59.30232558139535,56,14.914243102162565,18.75,83.33333333333333,56.52173913043478,1.625,2,3,2,71.11630625365284
S39G01N244,2021-2022,20220316,home,64,19,0,13,4,17,4,23,21,25,13,0,0,4,4,3,6,48,34,14,10,85,52,4,0,5,1711,0,0,0,5,56.87017056382793,85.40996784565917,84.375,110,9.130752373995618,36.36363636363637,100.0,55.88235294117647,3.8,2,3,31,71.11630625365284,60,14,0,7,3,10,3,25,18,18,5,1,1,6,5,2,4,43,23,10,7,56,49,4,1,8,1711,0,0,0,9,-56.87017056382793,61.34969325153374,59.30232558139535,57,14.914243102162565,18.75,83.33333333333333,60.869565217391305,1.75,2,3,2,71.11630625365284
S39G01N244,2021-2022,20220316,home,64,19,0,13,4,17,4,24,21,25,13,0,0,4,4,3,6,49,34,14,10,85,53,4,0,5,1729,0,0,0,5,53.63495633022505,83.72734436564224,82.65306122448979,109,8.96700143472023,36.36363636363637,100.0,55.88235294117647,3.8,2,3,31,71.06998264893002,60,14,0,7,3,10,3,25,18,18,5,1,1,6,5,2,4,43,23,10,7,56,49,4,1,8,1729,0,0,0,9,-53.63495633022505,61.34969325153374,59.30232558139535,57,14.914243102162565,18.75,83.33333333333333,60.869565217391305,1.75,2,3,2,71.06998264893002
S39G01N244,2021-2022,20220316,home,64,19,0,13,4,17,4,24,21,25,13,0,0,4,4,3,6,49,34,14,10,85,53,4,0,5,1731,0,0,0,5,53.63495633022505,83.72734436564224,82.65306122448979,109,8.96700143472023,33.333333333333336,100.0,55.88235294117647,3.8,2,3,31,70.98786828422878,60,14,0,8,3,11,3,25,18,18,5,1,1,6,5,2,4,43,23,10,7,56,49,4,1,8,1731,0,0,0,9,-53.63495633022505,61.34969325153374,59.30232558139535,58,14.914243102162565,18.75,83.33333333333333,60.869565217391305,1.75,2,3,2,70.98786828422878
S39G01N244,2021-2022,20220316,home,64,19,0,13,4,17,4,24,21,25,13,0,0,4,4,3,6,49,34,14,10,85,53,4,0,5,1737,0,0,0,5,49.966957069331485,83.72734436564224,82.65306122448979,109,8.96700143472023,33.333333333333336,100.0,55.88235294117647,3.8,5,3,31,71.43350604490502,60,14,0,8,3,11,3,25,18,19,6,1,1,6,5,2,4,44,24,10,7,59,50,4,1,8,1737,0,0,0,9,-49.966957069331485,63.25042881646655,61.36363636363637,61,14.641288433382137,18.75,83.33333333333333,58.333333333333336,1.75,5,3,2,71.43350604490502
S39G01N244,2021-2022,20220316,home,64,19,0,13,4,17,4,24,21,25,13,0,0,4,4,3,6,49,34,14,10,85,53,4,0,5,1748,0,0,0,5,49.966957069331485,83.72734436564224,82.65306122448979,109,8.96700143472023,33.333333333333336,100.0,55.88235294117647,3.8,5,3,31,70.98398169336384,60,14,0,8,3,11,3,25,18,19,6,1,1,6,5,2,4,44,24,11,8,59,50,4,1,8,1748,0,0,0,9,-49.966957069331485,63.25042881646655,61.36363636363637,61,14.641288433382137,18.75,83.33333333333333,58.333333333333336,1.75,5,3,2,70.98398169336384
S39G01N244,2021-2022,20220316,home,64,19,0,13,4,17,4,24,21,25,13,0,0,4,4,3,6,49,34,14,10,85,53,4,0,5,1748,0,0,0,5,49.966957069331485,83.72734436564224,82.65306122448979,109,8.96700143472023,33.333333333333336,100.0,55.88235294117647,3.8,5,3,31,70.98398169336384,60,14,0,8,3,11,3,25,18,19,6,1,1,6,5,2,4,44,24,11,8,59,50,4,1,8,1748,0,0,0,9,-49.966957069331485,63.25042881646655,61.36363636363637,61,14.641288433382137,18.75,83.33333333333333,58.333333333333336,1.75,5,3,2,70.98398169336384
S39G01N244,2021-2022,20220316,home,64,19,0,13,4,17,4,24,21,25,13,0,0,4,4,3,6,49,34,14,10,85,53,4,0,5,1748,0,0,0,5,49.966957069331485,83.72734436564224,82.65306122448979,109,8.96700143472023,33.333333333333336,100.0,55.88235294117647,3.8,5,3,31,70.98398169336384,60,14,0,8,3,11,3,25,18,19,6,1,1,6,5,2,4,44,24,11,8,59,50,4,1,8,1748,0,0,0,9,-49.966957069331485,63.25042881646655,61.36363636363637,61,14.641288433382137,18.75,83.33333333333333,58.333333333333336,1.75,5,3,2,70.98398169336384
S39G01N244,2021-2022,20220316,home,64,19,0,13,4,17,4,24,21,25,13,0,0,4,4,3,6,49,34,14,10,85,53,4,0,5,1748,0,0,0,5,49.966957069331485,83.72734436564224,82.65306122448979,109,8.96700143472023,33.333333333333336,100.0,55.88235294117647,3.8,5,3,31,70.98398169336384,60,14,0,8,3,11,3,25,18,19,6,1,1,6,5,2,4,44,24,11,8,59,50,4,1,8,1748,0,0,0,9,-49.966957069331485,63.25042881646655,61.36363636363637,61,14.641288433382137,18.75,83.33333333333333,58.333333333333336,1.75,5,3,2,70.98398169336384
S39G01N244,2021-2022,20220316,home,64,19,0,13,4,17,4,24,21,25,13,0,0,4,4,3,6,49,34,14,10,85,53,4,0,5,1748,0,0,0,5,49.966957069331485,83.72734436564224,82.65306122448979,109,8.96700143472023,33.333333333333336,100.0,55.88235294117647,3.8,5,3,31,70.98398169336384,60,14,0,8,3,11,3,25,18,19,6,1,1,6,5,2,4,44,24,11,8,59,50,4,1,8,1748,0,0,0,9,-49.966957069331485,63.25042881646655,61.36363636363637,61,14.641288433382137,18.75,83.33333333333333,58.333333333333336,1.75,5,3,2,70.98398169336384
S39G01N244,2021-2022,20220316,home,64,19,0,13,4,17,4,24,21,25,13,0,0,4,4,3,6,49,34,14,10,85,53,4,0,5,1748,0,0,0,5,49.966957069331485,83.72734436564224,82.65306122448979,109,8.96700143472023,33.333333333333336,100.0,55.88235294117647,3.8,5,3,31,70.98398169336384,60,14,0,8,3,11,3,25,18,19,6,1,1,6,5,2,4,44,24,11,8,59,50,4,1,8,1748,0,0,0,9,-49.966957069331485,63.25042881646655,61.36363636363637,61,14.641288433382137,18.75,83.33333333333333,58.333333333333336,1.75,5,3,2,70.98398169336384
S39G01N244,2021-2022,20220316,home,64,19,0,13,4,17,4,24,21,26,14,0,0,4,4,3,6,50,35,14,10,88,54,4,0,5,1756,0,0,0,5,52.54050759060364,85.00772797527048,84.0,112,8.809020436927414,33.333333333333336,100.0,54.285714285714285,3.8,3,3,31,71.34396355353076,60,14,0,8,3,11,3,25,18,19,6,1,1,6,5,2,4,44,24,11,8,59,50,4,1,8,1756,0,0,0,9,-52.54050759060364,63.25042881646655,61.36363636363637,61,14.641288433382137,18.75,83.33333333333333,58.333333333333336,1.75,3,3,2,71.34396355353076
S39G01N244,2021-2022,20220316,home,64,20,0,13,4,17,4,24,21,26,14,0,0,4,4,3,6,50,35,14,10,88,54,4,0,5,1756,0,0,0,5,52.54050759060364,85.00772797527048,84.0,113,8.809020436927414,33.333333333333336,100.0,57.142857142857146,4.0,3,3,31,71.34396355353076,60,14,0,8,3,11,3,25,18,19,6,1,1,6,5,2,4,44,24,11,8,59,50,4,1,8,1756,0,0,0,9,-52.54050759060364,63.25042881646655,61.36363636363637,61,14.641288433382137,18.75,83.33333333333333,58.333333333333336,1.75,3,3,2,71.34396355353076
S39G01N244,2021-2022,20220316,home,64,20,0,13,4,17,4,24,21,26,14,0,0,4,4,3,6,50,35,14,10,88,54,4,0,5,1777,0,0,0,5,54.71095814965284,85.00772797527048,84.0,113,8.809020436927414,33.333333333333336,100.0,57.142857142857146,4.0,3,3,31,71.17613956105797,60,14,0,8,3,11,3,26,18,19,6,1,1,6,5,2,4,45,24,11,8,59,51,4,1,8,1777,0,0,0,9,-54.71095814965284,61.92275398824517,60.0,60,14.378145219266715,18.75,83.33333333333333,58.333333333333336,1.75,3,3,2,71.17613956105797
S39G01N244,2021-2022,20220316,home,64,20,0,14,4,18,4,24,21,26,14,0,0,4,4,3,6,50,35,14,10,88,54,4,0,5,1778,0,0,0,5,54.71095814965284,85.00772797527048,84.0,114,8.809020436927414,33.333333333333336,100.0,57.142857142857146,4.0,3,3,31,71.13610798650168,60,14,0,8,3,11,3,26,18,19,6,1,1,6,5,2,4,45,24,11,8,59,51,4,1,8,1778,0,0,0,9,-54.71095814965284,61.92275398824517,60.0,60,14.378145219266715,17.647058823529413,83.33333333333333,58.333333333333336,1.75,3,3,2,71.13610798650168
S39G01N244,2021-2022,20220316,home,64,20,0,14,4,18,4,24,21,27,14,0,0,4,4,3,6,51,35,14,10,88,55,4,0,5,1798,0,0,0,5,51.60840932117529,83.39651250947688,82.3529411764706,113,8.65650969529086,33.333333333333336,100.0,57.142857142857146,4.0,3,3,31,71.01223581757509,60,14,0,8,3,11,3,26,18,19,6,1,1,6,5,2,4,45,24,11,8,59,51,4,1,8,1798,0,0,0,9,-51.60840932117529,61.92275398824517,60.0,60,14.378145219266715,17.647058823529413,83.33333333333333,58.333333333333336,1.75,3,3,2,71.01223581757509
S39G01N244,2021-2022,20220316,home,64,20,0,14,4,18,4,24,21,27,14,0,0,4,4,3,6,51,35,14,10,88,55,4,0,5,1799,0,0,0,5,51.60840932117529,83.39651250947688,82.3529411764706,113,8.65650969529086,30.76923076923077,100.0,57.142857142857146,4.0,3,3,31,70.9727626459144,60,14,0,9,3,12,3,26,18,19,6,1,1,6,5,2,4,45,24,11,8,59,51,4,1,8,1799,0,0,0,9,-51.60840932117529,61.92275398824517,60.0,61,14.378145219266715,17.647058823529413,83.33333333333333,58.333333333333336,1.75,3,3,2,70.9727626459144
S39G01N244,2021-2022,20220316,home,64,20,0,14,4,18,4,24,21,27,14,0,0,4,4,3,6,51,35,14,10,88,55,4,0,5,1799,0,0,0,5,51.60840932117529,83.39651250947688,82.3529411764706,113,8.65650969529086,30.76923076923077,100.0,57.142857142857146,4.0,3,3,31,70.9727626459144,60,14,0,9,3,12,3,26,18,19,6,1,1,6,5,2,4,45,24,11,8,59,51,4,1,8,1799,0,0,0,9,-51.60840932117529,61.92275398824517,60.0,61,14.378145219266715,17.647058823529413,83.33333333333333,58.333333333333336,1.75,3,3,2,70.9727626459144
S39G01N244,2021-2022,20220316,home,64,20,0,14,4,18,4,24,21,27,14,0,0,4,4,3,6,51,35,14,10,88,55,4,0,5,1800,0,0,0,5,51.60840932117529,83.39651250947688,82.3529411764706,113,8.65650969529086,30.76923076923077,100.0,57.142857142857146,4.0,3,3,31,70.93333333333334,60,14,0,9,3,12,3,26,18,19,6,1,1,6,5,2,4,45,24,11,8,59,51,4,1,8,1800,0,0,0,9,-51.60840932117529,61.92275398824517,60.0,61,14.378145219266715,17.647058823529413,83.33333333333333,58.333333333333336,1.75,3,3,2,70.93333333333334
S39G01N244,2021-2022,20220316,home,64,20,0,14,4,18,4,24,21,27,14,0,0,4,4,3,6,51,35,14,10,88,55,4,0,5,1800,0,0,0,5,51.60840932117529,83.39651250947688,82.3529411764706,113,8.65650969529086,30.76923076923077,100.0,57.142857142857146,4.0,3,3,31,70.93333333333334,60,14,0,9,3,12,3,26,18,19,6,1,1,6,5,2,4,45,24,11,8,59,51,4,1,8,1800,0,0,0,9,-51.60840932117529,61.92275398824517,60.0,61,14.378145219266715,17.647058823529413,83.33333333333333,58.333333333333336,1.75,3,3,2,70.93333333333334
S39G01N244,2021-2022,20220316,home,64,20,0,14,4,18,4,24,21,27,14,0,0,4,4,3,6,51,35,14,10,88,55,4,0,5,1800,0,0,0,5,51.60840932117529,83.39651250947688,82.3529411764706,113,8.65650969529086,30.76923076923077,100.0,57.142857142857146,4.0,3,3,31,70.93333333333334,60,14,0,9,3,12,3,26,18,19,6,1,1,6,5,2,4,45,24,11,8,59,51,4,1,8,1800,0,0,0,9,-51.60840932117529,61.92275398824517,60.0,61,14.378145219266715,17.647058823529413,83.33333333333333,58.333333333333336,1.75,3,3,2,70.93333333333334
S39G01N244,2021-2022,20220316,home,64,20,0,14,4,18,4,24,21,27,14,0,0,4,4,3,6,51,35,14,10,88,55,4,0,5,1800,0,0,0,5,51.60840932117529,83.39651250947688,82.3529411764706,113,8.65650969529086,30.76923076923077,100.0,57.142857142857146,4.0,3,3,31,70.93333333333334,60,14,0,9,3,12,3,26,18,19,6,1,1,6,5,2,4,45,24,11,8,59,51,4,1,8,1800,0,0,0,9,-51.60840932117529,61.92275398824517,60.0,61,14.378145219266715,17.647058823529413,83.33333333333333,58.333333333333336,1.75,3,3,2,70.93333333333334
S39G01N244,2021-2022,20220316,home,64,20,0,14,4,18,4,24,21,27,14,0,0,4,4,3,6,51,35,14,10,88,55,4,0,5,1800,0,0,0,5,51.60840932117529,83.39651250947688,82.3529411764706,113,8.65650969529086,30.76923076923077,100.0,57.142857142857146,4.0,3,3,31,70.93333333333334,60,14,0,9,3,12,3,26,18,19,6,1,1,6,5,2,4,45,24,11,8,59,51,4,1,8,1800,0,0,0,9,-51.60840932117529,61.92275398824517,60.0,61,14.378145219266715,17.647058823529413,83.33333333333333,58.333333333333336,1.75,3,3,2,70.93333333333334
S39G01N244,2021-2022,20220316,home,64,20,0,14,4,18,4,24,21,27,14,0,0,4,4,3,6,51,35,14,10,88,55,4,0,5,1800,0,0,0,5,51.60840932117529,83.39651250947688,82.3529411764706,113,8.65650969529086,30.76923076923077,100.0,57.142857142857146,4.0,3,3,31,70.93333333333334,60,14,0,9,3,12,3,26,18,19,6,1,1,6,5,2,4,45,24,11,8,59,51,4,1,8,1800,0,0,0,9,-51.60840932117529,61.92275398824517,60.0,61,14.378145219266715,17.647058823529413,83.33333333333333,58.333333333333336,1.75,3,3,2,70.93333333333334
S39G01N244,2021-2022,20220316,home,64,20,0,14,4,18,4,24,21,27,14,0,0,4,4,3,6,51,35,14,10,88,55,4,0,5,1800,0,0,0,5,51.60840932117529,83.39651250947688,82.3529411764706,113,8.65650969529086,30.76923076923077,100.0,57.142857142857146,4.0,3,3,31,70.93333333333334,60,14,0,9,3,12,3,26,18,19,6,1,1,6,5,2,4,45,24,11,8,59,51,4,1,8,1800,0,0,0,9,-51.60840932117529,61.92275398824517,60.0,61,14.378145219266715,17.647058823529413,83.33333333333333,58.333333333333336,1.75,3,3,2,70.93333333333334
S39G01N244,2021-2022,20220316,home,64,20,0,14,4,18,4,24,21,27,14,0,0,4,4,3,6,51,35,14,10,88,55,4,0,5,1800,0,0,0,5,51.60840932117529,83.39651250947688,82.3529411764706,113,8.65650969529086,30.76923076923077,100.0,57.142857142857146,4.0,3,3,31,70.93333333333334,60,14,0,9,3,12,3,26,18,19,6,1,1,6,5,2,4,45,24,11,8,59,51,4,1,8,1800,0,0,0,9,-51.60840932117529,61.92275398824517,60.0,61,14.378145219266715,17.647058823529413,83.33333333333333,58.333333333333336,1.75,3,3,2,70.93333333333334
S39G01N244,2021-2022,20220316,home,64,20,0,14,4,18,4,24,21,27,14,0,0,4,4,3,6,51,35,14,10,88,55,4,0,5,1800,0,0,0,5,51.60840932117529,83.39651250947688,82.3529411764706,113,8.65650969529086,30.76923076923077,100.0,57.142857142857146,4.0,3,3,31,70.93333333333334,60,14,0,9,3,12,3,26,18,19,6,1,1,6,5,2,4,45,24,11,8,59,51,4,1,8,1800,0,0,0,9,-51.60840932117529,61.92275398824517,60.0,61,14.378145219266715,17.647058823529413,83.33333333333333,58.333333333333336,1.75,3,3,2,70.93333333333334
S39G01N244,2021-2022,20220316,home,64,20,0,14,4,18,4,24,21,27,14,0,0,4,4,3,6,51,35,14,10,88,55,4,0,5,1800,0,0,0,5,51.60840932117529,83.39651250947688,82.3529411764706,113,8.65650969529086,30.76923076923077,100.0,57.142857142857146,4.0,3,3,31,70.93333333333334,60,14,0,9,3,12,3,26,18,19,6,1,1,6,5,2,4,45,24,11,8,59,51,4,1,8,1800,0,0,0,9,-51.60840932117529,61.92275398824517,60.0,61,14.378145219266715,17.647058823529413,83.33333333333333,58.333333333333336,1.75,3,3,2,70.93333333333334
S39G01N244,2021-2022,20220316,home,64,20,0,14,4,18,4,24,21,27,14,0,0,4,4,3,6,51,35,14,10,88,55,4,0,5,1800,0,0,0,5,51.60840932117529,83.39651250947688,82.3529411764706,113,8.65650969529086,30.76923076923077,100.0,57.142857142857146,4.0,3,3,31,70.93333333333334,60,14,0,9,3,12,3,26,18,19,6,1,1,6,5,2,4,45,24,11,8,59,51,4,1,8,1800,0,0,0,9,-51.60840932117529,61.92275398824517,60.0,61,14.378145219266715,17.647058823529413,83.33333333333333,58.333333333333336,1.75,3,3,2,70.93333333333334
S39G01N244,2021-2022,20220316,home,64,20,0,14,4,18,4,24,21,27,14,0,0,4,4,3,6,51,35,14,10,88,55,4,0,5,1800,0,0,0,5,51.60840932117529,83.39651250947688,82.3529411764706,113,8.65650969529086,30.76923076923077,100.0,57.142857142857146,4.0,3,3,31,70.93333333333334,60,14,0,9,3,12,3,26,18,19,6,1,1,6,5,2,4,45,24,11,8,59,51,4,1,8,1800,0,0,0,9,-51.60840932117529,61.92275398824517,60.0,61,14.378145219266715,17.647058823529413,83.33333333333333,58.333333333333336,1.75,3,3,2,70.93333333333334
S39G01N244,2021-2022,20220316,home,64,20,0,14,4,18,4,24,21,27,14,0,0,4,4,3,6,51,35,14,10,88,55,4,0,5,1800,0,0,0,5,51.60840932117529,83.39651250947688,82.3529411764706,113,8.65650969529086,30.76923076923077,100.0,57.142857142857146,4.0,3,3,31,70.93333333333334,60,14,0,9,3,12,3,26,18,19,6,1,1,6,5,2,4,45,24,11,8,59,51,4,1,8,1800,0,0,0,9,-51.60840932117529,61.92275398824517,60.0,61,14.378145219266715,17.647058823529413,83.33333333333333,58.333333333333336,1.75,3,3,2,70.93333333333334
S39G01N244,2021-2022,20220316,home,64,20,0,14,4,18,4,24,21,27,14,0,0,4,4,3,6,51,35,14,10,88,55,4,0,5,1800,0,0,0,5,51.60840932117529,83.39651250947688,82.3529411764706,113,8.65650969529086,30.76923076923077,100.0,57.142857142857146,4.0,3,3,31,70.93333333333334,60,14,0,9,3,12,3,26,18,19,6,1,1,6,5,2,4,45,24,11,8,59,51,4,1,8,1800,0,0,0,9,-51.60840932117529,61.92275398824517,60.0,61,14.378145219266715,17.647058823529413,83.33333333333333,58.333333333333336,1.75,3,3,2,70.93333333333334
S39G01N244,2021-2022,20220316,home,64,20,0,14,4,18,4,24,21,27,14,0,0,4,4,3,6,51,35,14,10,88,55,4,0,5,1800,0,0,0,5,51.60840932117529,83.39651250947688,82.3529411764706,113,8.65650969529086,30.76923076923077,100.0,57.142857142857146,4.0,3,3,31,70.93333333333334,60,14,0,9,3,12,3,26,18,19,6,1,1,6,5,2,4,45,24,11,8,59,51,4,1,8,1800,0,0,0,9,-51.60840932117529,61.92275398824517,60.0,61,14.378145219266715,17.647058823529413,83.33333333333333,58.333333333333336,1.75,3,3,2,70.93333333333334
S39G01N244,2021-2022,20220316,home,64,20,0,14,4,18,4,24,21,27,14,0,0,4,4,3,6,51,35,14,10,88,55,4,0,5,1800,0,0,0,5,51.60840932117529,83.39651250947688,82.3529411764706,113,8.65650969529086,30.76923076923077,100.0,57.142857142857146,4.0,3,3,31,70.93333333333334,60,14,0,9,3,12,3,26,18,19,6,1,1,6,5,2,4,45,24,11,8,59,51,4,1,8,1800,0,0,0,9,-51.60840932117529,61.92275398824517,60.0,61,14.378145219266715,17.647058823529413,83.33333333333333,58.333333333333336,1.75,3,3,2,70.93333333333334
S39G01N244,2021-2022,20220316,home,64,20,0,14,4,18,4,24,21,27,14,0,0,4,4,3,6,51,35,14,10,88,55,4,0,5,1800,0,0,0,5,51.60840932117529,83.39651250947688,82.3529411764706,113,8.65650969529086,30.76923076923077,100.0,57.142857142857146,4.0,3,3,31,70.93333333333334,60,14,0,9,3,12,3,26,18,19,6,1,1,6,5,2,4,45,24,11,8,59,51,4,1,8,1800,0,0,0,9,-51.60840932117529,61.92275398824517,60.0,61,14.378145219266715,17.647058823529413,83.33333333333333,58.333333333333336,1.75,3,3,2,70.93333333333334
S39G01N244,2021-2022,20220316,home,64,20,0,14,4,18,4,24,21,27,14,0,0,4,4,3,6,51,35,14,10,88,55,4,0,5,1800,0,0,0,5,51.60840932117529,83.39651250947688,82.3529411764706,113,8.65650969529086,30.76923076923077,100.0,57.142857142857146,4.0,3,3,31,70.93333333333334,60,14,0,9,3,12,3,26,18,19,6,1,1,6,5,2,4,45,24,11,8,59,51,4,1,8,1800,0,0,0,9,-51.60840932117529,61.92275398824517,60.0,61,14.378145219266715,17.647058823529413,83.33333333333333,58.333333333333336,1.75,3,3,2,70.93333333333334
S39G01N244,2021-2022,20220316,home,64,20,0,14,4,18,4,24,21,27,14,0,0,4,4,3,6,51,35,14,10,88,55,4,0,5,1800,0,0,0,5,51.60840932117529,83.39651250947688,82.3529411764706,113,8.65650969529086,30.76923076923077,100.0,57.142857142857146,4.0,3,3,31,70.93333333333334,60,14,0,9,3,12,3,26,18,19,6,1,1,6,5,2,4,45,24,11,8,59,51,4,1,8,1800,0,0,0,9,-51.60840932117529,61.92275398824517,60.0,61,14.378145219266715,17.647058823529413,83.33333333333333,58.333333333333336,1.75,3,3,2,70.93333333333334
S39G01N244,2021-2022,20220316,home,64,20,0,14,4,18,4,24,21,27,14,0,0,4,4,3,6,51,35,14,10,88,55,4,0,5,1800,0,0,0,5,51.60840932117529,83.39651250947688,82.3529411764706,113,8.65650969529086,30.76923076923077,100.0,57.142857142857146,4.0,3,3,31,70.93333333333334,60,14,0,9,3,12,3,26,18,19,6,1,1,6,5,2,4,45,24,11,8,59,51,4,1,8,1800,0,0,0,9,-51.60840932117529,61.92275398824517,60.0,61,14.378145219266715,17.647058823529413,83.33333333333333,58.333333333333336,1.75,3,3,2,70.93333333333334
S39G01N244,2021-2022,20220316,home,64,20,0,14,4,18,4,24,21,27,14,0,0,4,4,3,6,51,35,14,10,88,55,4,0,5,1800,0,0,0,5,51.60840932117529,83.39651250947688,82.3529411764706,113,8.65650969529086,30.76923076923077,100.0,57.142857142857146,4.0,3,3,31,70.93333333333334,60,14,0,9,3,12,3,26,18,19,6,1,1,6,5,2,4,45,24,11,8,59,51,4,1,8,1800,0,0,0,9,-51.60840932117529,61.92275398824517,60.0,61,14.378145219266715,17.647058823529413,83.33333333333333,58.333333333333336,1.75,3,3,2,70.93333333333334
S39G01N244,2021-2022,20220316,home,64,20,0,14,4,18,4,24,21,27,14,0,0,4,4,3,6,51,35,14,10,88,55,4,0,5,1826,0,0,0,5,51.60840932117529,83.39651250947688,82.3529411764706,113,8.65650969529086,30.76923076923077,100.0,57.142857142857146,4.0,3,3,31,69.92332968236583,60,14,0,9,3,12,3,26,18,19,6,1,1,6,5,2,4,45,24,12,8,59,51,4,1,8,1826,0,0,0,9,-51.60840932117529,61.92275398824517,60.0,61,14.378145219266715,17.647058823529413,83.33333333333333,58.333333333333336,1.75,3,3,2,69.92332968236583
S39G01N244,2021-2022,20220316,home,64,20,0,14,4,18,4,24,21,27,14,0,0,4,4,3,6,51,35,14,10,88,55,4,0,5,1826,0,0,0,5,51.60840932117529,83.39651250947688,82.3529411764706,113,8.65650969529086,30.76923076923077,100.0,57.142857142857146,4.0,3,3,31,69.92332968236583,60,14,0,9,3,12,3,26,18,19,6,1,1,6,5,2,4,45,24,12,8,59,51,4,1,8,1826,0,0,0,9,-51.60840932117529,61.92275398824517,60.0,61,14.378145219266715,17.647058823529413,83.33333333333333,58.333333333333336,1.75,3,3,2,69.92332968236583
S39G01N244,2021-2022,20220316,home,64,20,0,14,4,18,4,24,21,27,14,0,0,5,5,3,6,51,35,14,10,89,56,4,0,5,1826,0,0,0,5,52.124575197119725,83.64661654135338,82.3529411764706,114,8.59106529209622,30.76923076923077,100.0,57.142857142857146,4.0,4,3,31,70.21248630887185,60,14,0,9,3,12,3,26,18,19,6,1,1,6,5,2,4,45,24,12,8,59,51,4,1,8,1826,0,0,0,9,-52.124575197119725,61.92275398824517,60.0,61,14.378145219266715,17.647058823529413,83.33333333333333,58.333333333333336,1.75,4,3,2,70.21248630887185
S39G01N244,2021-2022,20220316,home,64,20,0,14,4,18,4,24,21,27,14,0,0,6,5,3,6,51,35,14,10,89,57,4,0,5,1826,0,0,0,5,50.80226695207537,82.96047725577927,82.3529411764706,113,8.526603001364256,30.76923076923077,83.33333333333333,57.142857142857146,4.0,4,3,31,70.50164293537787,60,14,0,9,3,12,3,26,18,19,6,1,1,6,5,2,4,45,24,12,8,59,51,4,1,8,1826,0,0,0,9,-50.80226695207537,61.92275398824517,60.0,61,14.378145219266715,17.647058823529413,83.33333333333333,58.333333333333336,1.75,4,3,2,70.50164293537787
S39G01N244,2021-2022,20220316,home,64,20,0,14,4,18,4,24,21,27,14,0,0,6,5,3,6,51,35,14,10,89,57,4,0,5,1828,0,0,0,5,50.80226695207537,82.96047725577927,82.3529411764706,113,8.526603001364256,28.571428571428573,83.33333333333333,57.142857142857146,4.0,4,3,31,70.42450765864332,60,14,0,10,3,13,3,26,18,19,6,1,1,6,5,2,4,45,24,12,8,59,51,4,1,8,1828,0,0,0,9,-50.80226695207537,61.92275398824517,60.0,62,14.378145219266715,17.647058823529413,83.33333333333333,58.333333333333336,1.75,4,3,2,70.42450765864332
S39G01N244,2021-2022,20220316,home,64,20,0,14,4,18,4,24,21,27,14,0,0,6,5,3,6,51,35,14,10,89,57,4,0,5,1838,0,0,0,5,52.89179094292737,82.96047725577927,82.3529411764706,113,8.526603001364256,28.571428571428573,83.33333333333333,57.142857142857146,4.0,4,3,31,70.69423286180631,60,14,0,10,3,13,3,26,18,19,6,1,1,6,5,2,4,45,24,12,8,59,51,4,1,9,1838,0,0,0,10,-52.89179094292737,61.92275398824517,60.0,61,15.889830508474576,17.647058823529413,83.33333333333333,58.333333333333336,1.5555555555555556,4,3,2,70.69423286180631
S39G01N244,2021-2022,20220316,home,64,20,0,14,4,18,4,25,22,27,14,0,0,6,5,3,6,52,36,14,10,91,58,4,0,5,1853,0,0,0,5,53.55885899070995,83.2723279648609,82.6923076923077,115,8.383635144198525,28.571428571428573,83.33333333333333,55.55555555555556,4.0,6,3,32,70.76956287101997,60,14,0,10,3,13,3,26,18,19,6,1,1,6,5,2,4,45,24,12,8,59,51,4,1,9,1853,0,0,0,10,-53.55885899070995,61.92275398824517,60.0,61,15.889830508474576,17.647058823529413,83.33333333333333,58.333333333333336,1.5555555555555556,6,3,2,70.76956287101997
S39G01N244,2021-2022,20220316,home,64,20,0,14,4,18,4,25,22,27,14,0,0,6,5,3,6,52,36,14,10,91,58,4,0,5,1871,0,0,0,5,51.911577564620075,83.2723279648609,82.6923076923077,115,8.383635144198525,28.571428571428573,83.33333333333333,55.55555555555556,4.0,2,3,32,70.7300908605024,60,14,0,10,3,13,3,27,19,19,6,1,1,6,5,2,4,46,25,12,8,61,52,4,1,9,1871,0,0,0,10,-51.911577564620075,62.70559210526316,60.869565217391305,63,15.614156835530881,17.647058823529413,83.33333333333333,56.0,1.5555555555555556,2,3,2,70.7300908605024
S39G01N244,2021-2022,20220316,home,64,20,0,14,4,18,4,25,22,28,15,0,0,6,5,3,6,53,37,14,10,94,59,4,0,5,1895,0,0,0,5,54.320627672862344,84.47160316319194,83.9622641509434,118,8.24538258575198,28.571428571428573,83.33333333333333,54.054054054054056,4.0,3,3,33,70.46754617414248,60,14,0,10,3,13,3,27,19,19,6,1,1,6,5,2,4,46,25,12,8,61,52,4,1,9,1895,0,0,0,10,-54.320627672862344,62.70559210526316,60.869565217391305,63,15.614156835530881,17.647058823529413,83.33333333333333,56.0,1.5555555555555556,3,3,2,70.46754617414248
S39G01N244,2021-2022,20220316,home,64,21,0,14,4,18,4,25,22,28,15,0,0,6,5,3,6,53,37,14,10,94,59,4,0,5,1895,0,0,0,5,54.320627672862344,84.47160316319194,83.9622641509434,119,8.24538258575198,28.571428571428573,83.33333333333333,56.75675675675676,4.2,3,3,33,70.46754617414248,60,14,0,10,3,13,3,27,19,19,6,1,1,6,5,2,4,46,25,12,8,61,52,4,1,9,1895,0,0,0,10,-54.320627672862344,62.70559210526316,60.869565217391305,63,15.614156835530881,17.647058823529413,83.33333333333333,56.0,1.5555555555555556,3,3,2,70.46754617414248
S39G01N244,2021-2022,20220316,home,64,21,0,14,4,18,4,25,22,28,15,0,0,6,5,3,6,53,37,14,10,94,59,4,0,5,1904,0,0,0,5,56.327094680492436,84.47160316319194,83.9622641509434,119,8.24538258575198,28.571428571428573,83.33333333333333,56.75675675675676,4.2,3,3,33,70.76470588235294,60,14,0,10,3,13,3,27,19,19,6,1,1,6,5,2,4,46,25,12,8,61,52,4,1,10,1904,0,0,0,11,-56.327094680492436,62.70559210526316,60.869565217391305,62,17.053206002728512,17.647058823529413,83.33333333333333,56.0,1.4,3,3,2,70.76470588235294
S39G01N244,2021-2022,20220316,home,64,21,0,14,4,18,4,25,22,28,15,0,0,6,5,3,6,53,37,14,10,94,59,5,0,5,1906,0,0,0,5,56.327094680492436,84.47160316319194,83.9622641509434,120,8.24538258575198,28.571428571428573,83.33333333333333,56.75675675675676,4.2,3,3,33,70.69045120671564,60,14,0,10,3,13,3,27,19,19,6,1,1,6,5,2,4,46,25,12,8,61,52,4,1,10,1906,0,0,0,11,-56.327094680492436,62.70559210526316,60.869565217391305,62,17.053206002728512,17.647058823529413,83.33333333333333,56.0,1.4,3,3,2,70.69045120671564
S39G01N244,2021-2022,20220316,home,64,21,0,14,4,18,4,26,23,28,15,0,0,6,5,3,6,54,38,14,10,96,60,5,0,5,1914,0,0,0,5,56.917648948754035,84.7457627118644,84.25925925925925,122,8.111615833874108,28.571428571428573,83.33333333333333,55.26315789473684,4.2,5,3,35,71.02194357366771,60,14,0,10,3,13,3,27,19,19,6,1,1,6,5,2,4,46,25,12,8,61,52,4,1,10,1914,0,0,0,11,-56.917648948754035,62.70559210526316,60.869565217391305,62,17.053206002728512,17.647058823529413,83.33333333333333,56.0,1.4,5,3,2,71.02194357366771
S39G01N244,2021-2022,20220316,home,64,21,0,14,4,18,4,26,23,28,15,0,0,6,5,3,6,54,38,14,10,96,60,5,0,5,1929,0,0,0,5,55.3221926863407,84.7457627118644,84.25925925925925,122,8.111615833874108,28.571428571428573,83.33333333333333,55.26315789473684,4.2,2,3,35,71.09175738724728,60,14,0,10,3,13,3,28,20,19,6,2,2,6,5,2,4,47,26,12,8,63,53,4,1,10,1929,0,0,0,11,-55.3221926863407,63.45688960515713,61.702127659574465,64,16.76727028839705,17.647058823529413,83.33333333333333,53.84615384615385,1.4,2,3,2,71.09175738724728
S39G01N244,2021-2022,20220316,home,64,21,0,14,4,18,4,26,23,28,15,0,0,6,5,3,6,54,38,14,10,96,60,5,0,5,1929,0,0,0,5,55.3221926863407,84.7457627118644,84.25925925925925,122,8.111615833874108,28.571428571428573,83.33333333333333,55.26315789473684,4.2,2,3,35,71.09175738724728,60,15,0,10,3,13,3,28,20,19,6,2,2,6,5,2,4,47,26,12,8,63,53,4,1,10,1929,0,0,0,11,-55.3221926863407,63.45688960515713,61.702127659574465,65,16.76727028839705,17.647058823529413,83.33333333333333,57.69230769230769,1.5,2,3,2,71.09175738724728
S39G01N244,2021-2022,20220316,home,64,21,0,14,4,18,4,26,23,29,15,0,0,6,5,3,6,55,38,14,10,96,61,5,0,5,1952,0,0,0,5,52.4819640668717,83.27550312283137,82.72727272727273,121,7.982120051085568,28.571428571428573,83.33333333333333,55.26315789473684,4.2,2,3,35,70.8688524590164,60,15,0,10,3,13,3,28,20,19,6,2,2,6,5,2,4,47,26,12,8,63,53,4,1,10,1952,0,0,0,11,-52.4819640668717,63.45688960515713,61.702127659574465,65,16.76727028839705,17.647058823529413,83.33333333333333,57.69230769230769,1.5,2,3,2,70.8688524590164
S39G01N244,2021-2022,20220316,home,64,21,0,14,4,18,4,26,23,29,15,0,0,6,5,3,6,55,38,14,10,96,61,5,0,5,1954,0,0,0,5,52.4819640668717,83.27550312283137,82.72727272727273,121,7.982120051085568,26.666666666666668,83.33333333333333,55.26315789473684,4.2,2,3,35,70.79631525076766,60,15,0,11,3,14,3,28,20,19,6,2,2,6,5,2,4,47,26,12,8,63,53,4,1,10,1954,0,0,0,11,-52.4819640668717,63.45688960515713,61.702127659574465,66,16.76727028839705,17.647058823529413,83.33333333333333,57.69230769230769,1.5,2,3,2,70.79631525076766
S39G01N244,2021-2022,20220316,home,64,21,0,14,4,18,4,26,23,29,15,0,0,6,5,3,6,55,38,15,10,96,61,5,0,5,1958,0,0,0,5,52.4819640668717,83.27550312283137,82.72727272727273,121,7.982120051085568,26.666666666666668,83.33333333333333,55.26315789473684,4.2,2,3,35,70.65168539325843,60,15,0,11,3,14,3,28,20,19,6,2,2,6,5,2,4,47,26,12,8,63,53,4,1,10,1958,0,0,0,11,-52.4819640668717,63.45688960515713,61.702127659574465,66,16.76727028839705,17.647058823529413,83.33333333333333,57.69230769230769,1.5,2,3,2,70.65168539325843
S39G01N244,2021-2022,20220316,home,64,21,0,14,4,18,4,26,23,29,15,0,0,6,5,3,6,55,38,15,10,96,61,5,0,5,1958,0,0,0,5,52.4819640668717,83.27550312283137,82.72727272727273,121,7.982120051085568,26.666666666666668,83.33333333333333,55.26315789473684,4.2,2,3,35,70.65168539325843,60,15,0,11,3,14,3,28,20,19,6,2,2,6,5,2,4,47,26,12,8,63,53,4,1,10,1958,0,0,0,11,-52.4819640668717,63.45688960515713,61.702127659574465,66,16.76727028839705,17.647058823529413,83.33333333333333,57.69230769230769,1.5,2,3,2,70.65168539325843
S39G01N244,2021-2022,20220316,home,64,21,0,14,4,18,4,26,23,29,15,0,0,6,5,3,6,55,38,15,10,96,61,5,0,5,1958,0,0,0,5,52.4819640668717,83.27550312283137,82.72727272727273,121,7.982120051085568,26.666666666666668,83.33333333333333,55.26315789473684,4.2,2,3,35,70.65168539325843,60,16,0,11,3,14,3,28,20,19,6,2,2,6,5,2,4,47,26,12,8,63,53,4,1,10,1958,0,0,0,11,-52.4819640668717,63.45688960515713,61.702127659574465,67,16.76727028839705,17.647058823529413,83.33333333333333,61.53846153846154,1.6,2,3,2,70.65168539325843
S39G01N244,2021-2022,20220316,home,64,21,0,14,4,18,4,26,23,29,15,0,0,6,5,3,6,55,38,15,10,96,61,5,0,5,1958,0,0,0,5,52.4819640668717,83.27550312283137,82.72727272727273,121,7.982120051085568,26.666666666666668,83.33333333333333,55.26315789473684,4.2,2,3,35,70.65168539325843,60,16,0,11,3,14,3,28,20,19,6,2,2,6,5,2,4,47,26,12,8,63,53,4,1,10,1958,0,0,0,11,-52.4819640668717,63.45688960515713,61.702127659574465,67,16.76727028839705,17.647058823529413,83.33333333333333,61.53846153846154,1.6,2,3,2,70.65168539325843
S39G01N244,2021-2022,20220316,home,64,21,0,14,4,18,4,26,23,29,15,0,0,6,5,3,6,55,38,15,10,96,61,5,0,5,1958,0,0,0,5,52.4819640668717,83.27550312283137,82.72727272727273,121,7.982120051085568,26.666666666666668,83.33333333333333,55.26315789473684,4.2,2,3,35,70.65168539325843,60,16,0,11,3,14,3,28,20,19,6,2,2,6,5,2,4,47,26,12,8,63,53,4,1,10,1958,0,0,0,11,-52.4819640668717,63.45688960515713,61.702127659574465,67,16.76727028839705,17.647058823529413,83.33333333333333,61.53846153846154,1.6,2,3,2,70.65168539325843
S39G01N244,2021-2022,20220316,home,64,21,0,14,4,18,4,26,23,29,15,0,0,6,5,3,6,55,38,15,10,96,61,5,0,5,1958,0,0,0,5,52.4819640668717,83.27550312283137,82.72727272727273,121,7.982120051085568,26.666666666666668,83.33333333333333,55.26315789473684,4.2,2,3,35,70.65168539325843,60,16,0,11,3,14,3,28,20,19,6,2,2,6,5,2,4,47,26,12,8,63,53,4,1,10,1958,0,0,0,11,-52.4819640668717,63.45688960515713,61.702127659574465,67,16.76727028839705,17.647058823529413,83.33333333333333,61.53846153846154,1.6,2,3,2,70.65168539325843
S39G01N244,2021-2022,20220316,home,64,21,0,14,4,18,4,26,23,29,15,0,0,6,5,3,6,55,38,15,10,96,61,5,0,5,1958,0,0,0,5,52.4819640668717,83.27550312283137,82.72727272727273,121,7.982120051085568,26.666666666666668,83.33333333333333,55.26315789473684,4.2,2,3,35,70.65168539325843,60,16,0,11,3,14,3,28,20,19,6,2,2,6,5,2,4,47,26,12,8,63,53,4,1,10,1958,0,0,0,11,-52.4819640668717,63.45688960515713,61.702127659574465,67,16.76727028839705,17.647058823529413,83.33333333333333,61.53846153846154,1.6,2,3,2,70.65168539325843
S39G01N244,2021-2022,20220316,home,64,21,0,14,4,18,4,26,23,29,15,0,0,6,5,3,6,55,38,15,10,96,61,5,0,5,1958,0,0,0,5,52.4819640668717,83.27550312283137,82.72727272727273,121,7.982120051085568,26.666666666666668,83.33333333333333,55.26315789473684,4.2,2,3,35,70.65168539325843,60,16,0,11,3,14,3,28,20,19,6,2,2,6,5,2,4,47,26,12,8,63,53,4,1,10,1958,0,0,0,11,-52.4819640668717,63.45688960515713,61.702127659574465,67,16.76727028839705,17.647058823529413,83.33333333333333,61.53846153846154,1.6,2,3,2,70.65168539325843
S39G01N244,2021-2022,20220316,home,64,21,0,14,4,18,4,26,23,29,15,0,0,6,5,3,6,55,38,15,10,96,61,5,0,5,1958,0,0,0,5,52.4819640668717,83.27550312283137,82.72727272727273,121,7.982120051085568,26.666666666666668,83.33333333333333,55.26315789473684,4.2,2,3,35,70.65168539325843,60,16,0,11,3,14,3,28,20,19,6,2,2,6,5,2,4,47,26,12,8,63,53,4,1,10,1958,0,0,0,11,-52.4819640668717,63.45688960515713,61.702127659574465,67,16.76727028839705,17.647058823529413,83.33333333333333,61.53846153846154,1.6,2,3,2,70.65168539325843
S39G01N244,2021-2022,20220316,home,64,21,0,14,4,18,4,26,23,29,15,0,0,6,5,3,6,55,38,15,10,96,61,5,0,5,1958,0,0,0,5,52.4819640668717,83.27550312283137,82.72727272727273,121,7.982120051085568,26.666666666666668,83.33333333333333,55.26315789473684,4.2,2,3,35,70.65168539325843,60,16,0,11,3,14,3,28,20,19,6,2,2,6,5,2,4,47,26,12,8,63,53,4,1,10,1958,0,0,0,11,-52.4819640668717,63.45688960515713,61.702127659574465,67,16.76727028839705,17.647058823529413,83.33333333333333,61.53846153846154,1.6,2,3,2,70.65168539325843
S39G01N244,2021-2022,20220316,home,64,21,0,14,4,18,4,26,23,29,15,0,0,6,5,3,6,55,38,15,10,96,61,5,0,5,1958,0,0,0,5,52.4819640668717,83.27550312283137,82.72727272727273,121,7.982120051085568,26.666666666666668,83.33333333333333,55.26315789473684,4.2,2,3,35,70.65168539325843,60,16,0,11,3,14,3,28,20,19,6,2,2,6,5,2,4,47,26,12,8,63,53,4,1,10,1958,0,0,0,11,-52.4819640668717,63.45688960515713,61.702127659574465,67,16.76727028839705,17.647058823529413,83.33333333333333,61.53846153846154,1.6,2,3,2,70.65168539325843
S39G01N244,2021-2022,20220316,home,64,21,0,14,4,18,4,26,23,29,15,0,0,6,5,3,6,55,38,15,10,96,61,5,0,5,1958,0,0,0,5,52.4819640668717,83.27550312283137,82.72727272727273,121,7.982120051085568,26.666666666666668,83.33333333333333,55.26315789473684,4.2,2,3,35,70.65168539325843,60,16,0,11,3,14,3,28,20,19,6,2,2,6,5,2,4,47,26,12,8,63,53,4,1,10,1958,0,0,0,11,-52.4819640668717,63.45688960515713,61.702127659574465,67,16.76727028839705,17.647058823529413,83.33333333333333,61.53846153846154,1.6,2,3,2,70.65168539325843
S39G01N244,2021-2022,20220316,home,64,21,0,14,4,18,4,26,23,29,15,0,0,6,5,3,6,55,38,15,10,96,61,5,0,5,1958,0,0,0,5,52.4819640668717,83.27550312283137,82.72727272727273,121,7.982120051085568,26.666666666666668,83.33333333333333,55.26315789473684,4.2,2,3,35,70.65168539325843,60,16,0,11,3,14,3,28,20,19,6,2,2,6,5,2,4,47,26,12,8,63,53,4,1,10,1958,0,0,0,11,-52.4819640668717,63.45688960515713,61.702127659574465,67,16.76727028839705,17.647058823529413,83.33333333333333,61.53846153846154,1.6,2,3,2,70.65168539325843
S39G01N244,2021-2022,20220316,home,64,21,0,14,4,18,4,26,23,29,15,0,0,6,5,3,6,55,38,15,10,96,61,5,0,5,1958,0,0,0,5,51.58744195695756,83.27550312283137,82.72727272727273,121,7.982120051085568,26.666666666666668,83.33333333333333,55.26315789473684,4.2,3,3,35,70.92134831460675,60,16,0,11,3,14,3,28,20,19,6,2,2,7,6,2,4,47,26,12,8,64,54,4,1,10,1958,0,0,0,11,-51.58744195695756,63.89776357827476,61.702127659574465,68,16.644474034620508,17.647058823529413,85.71428571428571,61.53846153846154,1.6,3,3,2,70.92134831460675
S39G01N244,2021-2022,20220316,home,64,21,0,14,4,18,4,26,23,29,15,0,0,6,5,3,6,55,38,15,10,96,61,5,0,5,1958,0,0,0,5,50.7066051644413,83.27550312283137,82.72727272727273,121,7.982120051085568,26.666666666666668,83.33333333333333,55.26315789473684,4.2,4,3,35,71.19101123595506,60,16,0,11,3,14,3,28,20,19,6,2,2,8,7,2,4,47,26,12,8,65,55,4,1,10,1958,0,0,0,11,-50.7066051644413,64.33095803642122,61.702127659574465,69,16.523463317911432,17.647058823529413,87.5,61.53846153846154,1.6,4,3,2,71.19101123595506
S39G01N244,2021-2022,20220316,home,64,21,0,14,4,18,4,27,23,29,15,0,0,6,5,3,6,56,38,15,10,96,62,5,0,5,1975,0,0,0,5,47.961622306859226,81.85538881309687,81.25,120,7.856693903205531,26.666666666666668,83.33333333333333,55.26315789473684,4.2,4,3,35,71.18582278481013,60,16,0,11,3,14,3,28,20,19,6,2,2,8,7,2,4,47,26,12,8,65,55,4,1,10,1975,0,0,0,11,-47.961622306859226,64.33095803642122,61.702127659574465,69,16.523463317911432,17.647058823529413,87.5,61.53846153846154,1.6,4,3,2,71.18582278481013
S39G01N244,2021-2022,20220316,home,64,21,0,14,4,18,4,27,23,29,15,0,0,6,5,3,6,56,38,15,10,96,62,5,0,5,1978,0,0,0,5,47.961622306859226,81.85538881309687,81.25,120,7.856693903205531,25.0,83.33333333333333,55.26315789473684,4.2,4,3,35,71.0778564206269,60,16,0,12,3,15,3,28,20,19,6,2,2,8,7,2,4,47,26,12,8,65,55,4,1,10,1978,0,0,0,11,-47.961622306859226,64.33095803642122,61.702127659574465,70,16.523463317911432,17.647058823529413,87.5,61.53846153846154,1.6,4,3,2,71.0778564206269
S39G01N244,2021-2022,20220316,home,64,21,0,14,4,18,4,27,23,29,15,0,0,6,5,3,6,56,38,16,11,96,62,5,0,5,1988,0,0,0,5,47.961622306859226,81.85538881309687,81.25,120,7.856693903205531,25.0,83.33333333333333,55.26315789473684,4.2,4,3,35,70.72032193158952,60,16,0,12,3,15,3,28,20,19,6,2,2,8,7,2,4,47,26,12,8,65,55,4,1,10,1988,0,0,0,11,-47.961622306859226,64.33095803642122,61.702127659574465,70,16.523463317911432,17.647058823529413,87.5,61.53846153846154,1.6,4,3,2,70.72032193158952
S39G01N244,2021-2022,20220316,home,64,21,0,14,4,18,4,27,23,29,15,0,0,6,5,3,6,56,38,16,11,96,62,5,0,5,1988,0,0,0,5,47.961622306859226,81.85538881309687,81.25,120,7.856693903205531,25.0,83.33333333333333,55.26315789473684,4.2,4,3,35,70.72032193158952,60,16,0,12,3,15,3,28,20,19,6,2,2,8,7,2,4,47,26,12,8,65,55,4,1,10,1988,0,0,0,11,-47.961622306859226,64.33095803642122,61.702127659574465,70,16.523463317911432,17.647058823529413,87.5,61.53846153846154,1.6,4,3,2,70.72032193158952
S39G01N244,2021-2022,20220316,home,64,21,0,14,4,18,4,27,23,29,15,0,0,6,5,3,6,56,38,16,11,96,62,5,0,5,1997,0,0,0,5,44.76620488481126,81.85538881309687,81.25,120,7.856693903205531,25.0,83.33333333333333,55.26315789473684,4.2,7,3,35,71.00250375563346,60,16,0,12,3,15,3,28,20,20,7,2,2,8,7,2,4,48,27,12,8,68,56,4,1,10,1997,0,0,0,11,-44.76620488481126,65.99378881987577,63.541666666666664,73,16.25487646293888,17.647058823529413,87.5,59.25925925925926,1.6,7,3,2,71.00250375563346
S39G01N244,2021-2022,20220316,home,64,21,0,14,4,18,4,27,23,29,15,0,0,6,5,3,6,56,38,16,11,96,62,5,0,5,1997,0,0,0,5,44.76620488481126,81.85538881309687,81.25,120,7.856693903205531,25.0,83.33333333333333,55.26315789473684,4.2,7,3,35,71.00250375563346,60,17,0,12,3,15,3,28,20,20,7,2,2,8,7,2,4,48,27,12,8,68,56,4,1,10,1997,0,0,0,11,-44.76620488481126,65.99378881987577,63.541666666666664,74,16.25487646293888,17.647058823529413,87.5,62.96296296296296,1.7,7,3,2,71.00250375563346
S39G01N244,2021-2022,20220316,home,64,21,0,14,4,18,4,27,23,30,16,0,0,6,5,3,6,57,39,16,11,99,63,5,0,5,2011,0,0,0,5,47.05898531408877,82.99798792756539,82.45614035087719,123,7.735148514851485,25.0,83.33333333333333,53.84615384615385,4.2,3,3,35,71.10492292391845,60,17,0,12,3,15,3,28,20,20,7,2,2,8,7,2,4,48,27,12,8,68,56,4,1,10,2011,0,0,0,11,-47.05898531408877,65.99378881987577,63.541666666666664,74,16.25487646293888,17.647058823529413,87.5,62.96296296296296,1.7,3,3,2,71.10492292391845
S39G01N244,2021-2022,20220316,home,64,22,0,14,4,18,4,27,23,30,16,0,0,6,5,3,6,57,39,16,11,99,63,5,0,5,2011,0,0,0,5,47.05898531408877,82.99798792756539,82.45614035087719,124,7.735148514851485,25.0,83.33333333333333,56.41025641025641,4.4,3,3,35,71.10492292391845,60,17,0,12,3,15,3,28,20,20,7,2,2,8,7,2,4,48,27,12,8,68,56,4,1,10,2011,0,0,0,11,-47.05898531408877,65.99378881987577,63.541666666666664,74,16.25487646293888,17.647058823529413,87.5,62.96296296296296,1.7,3,3,2,71.10492292391845
S39G01N244,2021-2022,20220316,home,64,22,0,14,4,18,4,27,23,30,16,0,0,6,5,3,6,57,39,16,11,99,63,5,0,5,2035,0,0,0,5,49.011263369932195,82.99798792756539,82.45614035087719,124,7.735148514851485,25.0,83.33333333333333,56.41025641025641,4.4,3,3,35,70.85601965601965,60,17,0,12,3,15,3,29,20,20,7,2,2,8,7,2,4,49,27,12,8,68,57,4,1,10,2035,0,0,0,11,-49.011263369932195,64.73724295506473,62.244897959183675,73,15.99488163787588,17.647058823529413,87.5,62.96296296296296,1.7,3,3,2,70.85601965601965
S39G01N244,2021-2022,20220316,home,64,22,0,15,4,19,4,27,23,30,16,0,0,6,5,3,6,57,39,16,11,99,63,5,0,5,2037,0,0,0,5,49.011263369932195,82.99798792756539,82.45614035087719,125,7.735148514851485,25.0,83.33333333333333,56.41025641025641,4.4,3,3,35,70.78645066273933,60,17,0,12,3,15,3,29,20,20,7,2,2,8,7,2,4,49,27,12,8,68,57,4,1,10,2037,0,0,0,11,-49.011263369932195,64.73724295506473,62.244897959183675,73,15.99488163787588,16.666666666666668,87.5,62.96296296296296,1.7,3,3,2,70.78645066273933
S39G01N244,2021-2022,20220316,home,64,22,0,15,4,19,4,28,24,30,16,0,0,6,5,3,6,58,40,16,11,101,64,5,0,5,2056,0,0,0,5,49.6073280163,83.27836411609499,82.75862068965517,127,7.617306520414381,25.0,83.33333333333333,55.0,4.4,5,3,35,70.715953307393,60,17,0,12,3,15,3,29,20,20,7,2,2,8,7,2,4,49,27,12,8,68,57,4,1,10,2056,0,0,0,11,-49.6073280163,64.73724295506473,62.244897959183675,73,15.99488163787588,16.666666666666668,87.5,62.96296296296296,1.7,5,3,2,70.715953307393
S39G01N244,2021-2022,20220316,home,64,22,0,15,4,19,4,28,24,30,16,0,0,6,5,3,6,58,40,17,11,101,64,5,0,5,2062,0,0,0,5,49.6073280163,83.27836411609499,82.75862068965517,127,7.617306520414381,25.0,83.33333333333333,55.0,4.4,5,3,35,70.5101842870999,60,17,0,12,3,15,3,29,20,20,7,2,2,8,7,2,4,49,27,12,8,68,57,4,1,10,2062,0,0,0,11,-49.6073280163,64.73724295506473,62.244897959183675,73,15.99488163787588,16.666666666666668,87.5,62.96296296296296,1.7,5,3,2,70.5101842870999
S39G01N244,2021-2022,20220316,home,64,22,0,15,4,19,4,28,24,30,16,0,0,6,5,3,6,58,40,17,11,101,64,5,0,5,2062,0,0,0,5,49.6073280163,83.27836411609499,82.75862068965517,127,7.617306520414381,25.0,83.33333333333333,55.0,4.4,5,3,35,70.5101842870999,60,17,0,12,3,15,3,29,20,20,7,2,2,8,7,2,4,49,27,12,8,68,57,4,1,10,2062,0,0,0,11,-49.6073280163,64.73724295506473,62.244897959183675,73,15.99488163787588,16.666666666666668,87.5,62.96296296296296,1.7,5,3,2,70.5101842870999
S39G01N244,2021-2022,20220316,home,64,22,0,15,4,19,4,28,24,30,16,0,0,6,5,3,6,58,40,17,11,101,64,5,0,5,2062,0,0,0,5,49.6073280163,83.27836411609499,82.75862068965517,127,7.617306520414381,25.0,83.33333333333333,55.0,4.4,5,3,35,70.5101842870999,60,17,0,12,3,15,3,29,20,20,7,2,2,8,7,2,4,49,27,12,8,68,57,4,1,10,2062,0,0,0,11,-49.6073280163,64.73724295506473,62.244897959183675,73,15.99488163787588,16.666666666666668,87.5,62.96296296296296,1.7,5,3,2,70.5101842870999
S39G01N244,2021-2022,20220316,home,64,22,0,15,4,19,4,28,24,30,16,0,0,6,5,3,6,58,40,17,11,101,64,5,0,5,2062,0,0,0,5,49.6073280163,83.27836411609499,82.75862068965517,127,7.617306520414381,25.0,83.33333333333333,55.0,4.4,5,3,35,70.5101842870999,60,17,0,12,3,15,3,29,20,20,7,2,2,8,7,2,4,49,27,12,8,68,57,4,1,10,2062,0,0,0,11,-49.6073280163,64.73724295506473,62.244897959183675,73,15.99488163787588,16.666666666666668,87.5,62.96296296296296,1.7,5,3,2,70.5101842870999
S39G01N244,2021-2022,20220316,home,64,22,0,15,4,19,4,28,24,30,16,0,0,6,5,3,6,58,40,17,11,101,64,5,0,5,2062,0,0,0,5,48.77792203238239,83.27836411609499,82.75862068965517,127,7.617306520414381,25.0,83.33333333333333,55.0,4.4,1,3,35,70.7662463627546,60,17,0,12,3,15,3,29,20,20,7,2,2,9,8,2,4,49,27,12,8,69,58,4,1,10,2062,0,0,0,11,-48.77792203238239,65.14350453172206,62.244897959183675,74,15.883100381194408,16.666666666666668,88.88888888888889,62.96296296296296,1.7,1,3,2,70.7662463627546
S39G01N244,2021-2022,20220316,home,64,22,0,15,4,19,4,28,24,30,16,0,0,6,5,3,6,58,40,17,11,101,64,5,0,5,2062,0,0,0,5,47.96060010915764,83.27836411609499,82.75862068965517,127,7.617306520414381,25.0,83.33333333333333,55.0,4.4,2,3,35,71.02230843840931,60,17,0,12,3,15,3,29,20,20,7,2,2,10,9,2,4,49,27,12,8,70,59,4,1,10,2062,0,0,0,11,-47.96060010915764,65.54307116104869,62.244897959183675,75,15.772870662460567,16.666666666666668,90.0,62.96296296296296,1.7,2,3,2,71.02230843840931
S39G01N244,2021-2022,20220316,home,64,22,0,15,4,19,4,29,25,30,16,0,0,6,5,3,6,59,41,17,11,103,65,5,0,5,2079,0,0,0,5,48.53763331726336,83.54964308890331,83.05084745762711,129,7.503001200480192,25.0,83.33333333333333,53.65853658536585,4.4,2,3,35,71.01875901875901,60,17,0,12,3,15,3,29,20,20,7,2,2,10,9,2,4,49,27,12,8,70,59,4,1,10,2079,0,0,0,11,-48.53763331726336,65.54307116104869,62.244897959183675,75,15.772870662460567,16.666666666666668,90.0,62.96296296296296,1.7,2,3,2,71.01875901875901
S39G01N244,2021-2022,20220316,home,64,23,0,15,4,19,4,29,25,30,16,0,0,6,5,3,6,59,41,17,11,103,65,5,0,5,2079,0,0,0,5,48.53763331726336,83.54964308890331,83.05084745762711,130,7.503001200480192,25.0,83.33333333333333,56.09756097560975,4.6,2,3,35,71.01875901875901,60,17,0,12,3,15,3,29,20,20,7,2,2,10,9,2,4,49,27,12,8,70,59,4,1,10,2079,0,0,0,11,-48.53763331726336,65.54307116104869,62.244897959183675,75,15.772870662460567,16.666666666666668,90.0,62.96296296296296,1.7,2,3,2,71.01875901875901
S39G01N244,2021-2022,20220316,home,64,23,0,15,4,19,4,29,25,30,16,0,0,6,5,3,6,59,41,17,11,103,65,5,0,5,2098,0,0,0,5,50.42515839438225,83.54964308890331,83.05084745762711,130,7.503001200480192,25.0,83.33333333333333,56.09756097560975,4.6,2,3,35,70.94756911344138,60,17,0,12,3,15,3,30,20,20,7,2,2,10,9,2,4,50,27,12,8,70,60,4,1,10,2098,0,0,0,11,-50.42515839438225,64.33823529411765,61.0,74,15.527950310559005,16.666666666666668,90.0,62.96296296296296,1.7,2,3,2,70.94756911344138
S39G01N244,2021-2022,20220316,home,64,23,0,15,4,19,4,29,25,30,16,0,0,6,5,3,6,59,41,17,11,103,65,5,0,5,2099,0,0,0,5,48.53763331726337,83.54964308890331,83.05084745762711,130,7.503001200480192,25.0,83.33333333333333,56.09756097560975,4.6,2,3,35,70.34206765126251,60,17,0,12,4,16,3,30,20,20,7,2,2,10,9,2,4,50,27,12,8,70,60,4,1,10,2099,0,0,0,11,-48.53763331726337,64.33823529411765,61.0,75,15.527950310559005,21.05263157894737,90.0,62.96296296296296,1.7,2,3,2,70.34206765126251
S39G01N244,2021-2022,20220316,home,64,23,0,15,4,19,4,29,25,30,16,0,0,6,5,3,6,59,41,17,11,103,65,5,0,5,2103,0,0,0,5,50.42515839438225,83.54964308890331,83.05084745762711,130,7.503001200480192,25.0,83.33333333333333,56.09756097560975,4.6,2,3,35,70.77888730385165,60,17,0,12,4,16,3,30,20,21,7,2,2,10,9,2,4,51,27,12,8,70,61,4,1,10,2103,0,0,0,11,-50.42515839438225,63.17689530685921,59.80392156862745,74,15.29051987767584,21.05263157894737,90.0,62.96296296296296,1.7,2,3,2,70.77888730385165
S39G01N244,2021-2022,20220316,home,64,23,0,16,4,20,4,29,25,30,16,0,0,6,5,3,6,59,41,17,11,103,65,5,0,5,2104,0,0,0,5,50.42515839438225,83.54964308890331,83.05084745762711,131,7.503001200480192,25.0,83.33333333333333,56.09756097560975,4.6,2,3,35,70.74524714828898,60,17,0,12,4,16,3,30,20,21,7,2,2,10,9,2,4,51,27,12,8,70,61,4,1,10,2104,0,0,0,11,-50.42515839438225,63.17689530685921,59.80392156862745,74,15.29051987767584,20.0,90.0,62.96296296296296,1.7,2,3,2,70.74524714828898
S39G01N244,2021-2022,20220316,home,64,23,0,16,4,20,4,29,25,30,16,0,0,6,5,3,6,59,41,17,11,103,65,5,0,5,2104,0,0,0,5,50.42515839438225,83.54964308890331,83.05084745762711,131,7.503001200480192,25.0,83.33333333333333,56.09756097560975,4.6,2,3,35,70.74524714828898,60,17,0,12,4,16,3,30,20,21,7,2,2,10,9,2,4,51,27,12,8,70,61,4,1,10,2104,0,0,0,11,-50.42515839438225,63.17689530685921,59.80392156862745,74,15.29051987767584,20.0,90.0,62.96296296296296,1.7,2,3,2,70.74524714828898
S39G01N244,2021-2022,20220316,home,64,23,0,16,4,20,4,29,25,30,16,0,0,6,5,3,6,59,41,17,11,103,65,5,0,5,2104,0,0,0,5,50.42515839438225,83.54964308890331,83.05084745762711,131,7.503001200480192,25.0,83.33333333333333,56.09756097560975,4.6,2,3,35,70.74524714828898,60,17,0,12,4,16,3,30,20,21,7,2,2,10,9,2,4,51,27,12,8,70,61,4,1,10,2104,0,0,0,11,-50.42515839438225,63.17689530685921,59.80392156862745,74,15.29051987767584,20.0,90.0,62.96296296296296,1.7,2,3,2,70.74524714828898
S39G01N244,2021-2022,20220316,home,64,23,0,16,4,20,4,30,26,30,16,0,0,6,5,3,6,60,42,17,11,105,66,5,0,5,2115,0,0,0,5,50.98405730933571,83.81226053639847,83.33333333333333,133,7.392075694855115,25.0,83.33333333333333,54.76190476190476,4.6,4,3,35,70.94468085106384,60,17,0,12,4,16,3,30,20,21,7,2,2,10,9,2,4,51,27,12,8,70,61,4,1,10,2115,0,0,0,11,-50.98405730933571,63.17689530685921,59.80392156862745,74,15.29051987767584,20.0,90.0,62.96296296296296,1.7,4,3,2,70.94468085106384
S39G01N244,2021-2022,20220316,home,64,23,0,16,4,20,4,30,26,30,16,0,0,6,5,3,6,60,42,18,11,105,66,5,0,5,2119,0,0,0,5,50.98405730933571,83.81226053639847,83.33333333333333,133,7.392075694855115,25.0,83.33333333333333,54.76190476190476,4.6,4,3,35,70.81075979235489,60,17,0,12,4,16,3,30,20,21,7,2,2,10,9,2,4,51,27,12,8,70,61,4,1,10,2119,0,0,0,11,-50.98405730933571,63.17689530685921,59.80392156862745,74,15.29051987767584,20.0,90.0,62.96296296296296,1.7,4,3,2,70.81075979235489
S39G01N244,2021-2022,20220316,home,64,23,0,16,4,20,4,30,26,30,16,0,0,6,5,3,6,60,42,18,11,105,66,5,0,5,2119,0,0,0,5,50.98405730933571,83.81226053639847,83.33333333333333,133,7.392075694855115,25.0,83.33333333333333,54.76190476190476,4.6,4,3,35,70.81075979235489,60,17,0,12,4,16,3,30,20,21,7,2,2,10,9,2,4,51,27,12,8,70,61,4,1,10,2119,0,0,0,11,-50.98405730933571,63.17689530685921,59.80392156862745,74,15.29051987767584,20.0,90.0,62.96296296296296,1.7,4,3,2,70.81075979235489
S39G01N244,2021-2022,20220316,home,64,23,0,16,4,20,4,30,26,30,16,0,0,6,5,3,6,60,42,18,11,105,66,5,0,5,2119,0,0,1,5,50.98405730933571,83.81226053639847,83.33333333333333,133,7.392075694855115,25.0,83.33333333333333,54.76190476190476,4.6,4,3,35,70.81075979235489,60,17,0,12,4,16,3,30,20,21,7,2,2,10,9,2,4,51,27,12,8,70,61,4,1,10,2119,0,0,0,11,-50.98405730933571,63.17689530685921,59.80392156862745,74,15.29051987767584,20.0,90.0,62.96296296296296,1.7,4,3,2,70.81075979235489
S39G01N244,2021-2022,20220316,home,64,23,0,16,4,20,4,30,26,30,16,0,0,6,5,3,6,60,42,18,11,105,66,5,0,5,2119,0,0,1,5,50.98405730933571,83.81226053639847,83.33333333333333,133,7.392075694855115,25.0,83.33333333333333,54.76190476190476,4.6,4,3,35,70.81075979235489,60,17,0,12,4,16,3,30,20,21,7,2,2,10,9,2,4,51,27,12,8,70,61,4,1,10,2119,0,0,0,11,-50.98405730933571,63.17689530685921,59.80392156862745,74,15.29051987767584,20.0,90.0,62.96296296296296,1.7,4,3,2,70.81075979235489
S39G01N244,2021-2022,20220316,home,64,23,0,16,4,20,4,30,26,30,16,0,0,6,5,3,6,60,42,18,11,105,66,5,0,5,2119,0,0,1,5,51.795229147135046,83.81226053639847,83.33333333333333,133,7.392075694855115,25.0,83.33333333333333,54.76190476190476,4.6,4,3,35,71.05993393109958,60,17,0,12,4,16,3,30,20,21,7,2,2,11,9,2,4,51,27,12,8,70,62,4,1,10,2119,0,0,0,11,-51.795229147135046,62.67908309455587,59.80392156862745,73,15.188335358444714,20.0,81.81818181818181,62.96296296296296,1.7,4,3,2,71.05993393109958
S39G01N244,2021-2022,20220316,home,64,23,0,16,4,20,4,30,26,30,16,0,0,6,5,3,6,60,42,18,11,105,66,5,0,5,2119,0,0,1,5,50.98928744580043,83.81226053639847,83.33333333333333,133,7.392075694855115,25.0,83.33333333333333,54.76190476190476,4.6,1,3,35,71.30910806984427,60,17,0,12,4,16,3,30,20,21,7,2,2,12,10,2,4,51,27,12,8,71,63,4,1,10,2119,0,0,0,11,-50.98928744580043,63.0774697938877,59.80392156862745,74,15.087507543753771,20.0,83.33333333333333,62.96296296296296,1.7,1,3,2,71.30910806984427
S39G01N244,2021-2022,20220316,home,64,23,0,16,4,20,4,31,27,30,16,0,0,6,5,3,6,61,43,18,11,107,67,5,0,5,2136,0,0,1,5,51.53089369630605,84.06662476429918,83.60655737704919,135,7.284382284382285,25.0,83.33333333333333,53.48837209302326,4.6,2,3,36,71.30337078651687,60,17,0,12,4,16,3,30,20,21,7,2,2,12,10,2,4,51,27,12,8,71,63,4,1,10,2136,0,0,0,11,-51.53089369630605,63.0774697938877,59.80392156862745,74,15.087507543753771,20.0,83.33333333333333,62.96296296296296,1.7,2,3,2,71.30337078651687
S39G01N244,2021-2022,20220316,home,64,23,0,16,4,20,4,31,27,30,16,0,0,6,5,3,6,61,43,18,11,107,67,5,0,5,2151,0,0,1,5,48.59159667547033,84.06662476429918,83.60655737704919,135,7.284382284382285,25.0,83.33333333333333,53.48837209302326,4.6,3,3,36,71.36401673640168,60,17,0,12,4,16,3,30,20,22,8,2,2,12,10,2,4,52,28,12,8,74,64,4,1,10,2151,0,0,0,11,-48.59159667547033,64.59497206703911,61.53846153846154,77,14.863258026159334,20.0,83.33333333333333,60.714285714285715,1.7,3,3,2,71.36401673640168
S39G01N244,2021-2022,20220316,home,64,23,0,16,4,20,4,31,27,30,16,0,0,6,5,3,6,61,43,18,11,107,67,5,0,5,2151,0,0,1,5,48.59159667547033,84.06662476429918,83.60655737704919,135,7.284382284382285,25.0,83.33333333333333,53.48837209302326,4.6,3,3,36,71.36401673640168,60,18,0,12,4,16,3,30,20,22,8,2,2,12,10,2,4,52,28,12,8,74,64,4,1,10,2151,0,0,0,11,-48.59159667547033,64.59497206703911,61.53846153846154,78,14.863258026159334,20.0,83.33333333333333,64.28571428571429,1.8,3,3,2,71.36401673640168
S39G01N244,2021-2022,20220316,home,64,23,0,16,4,20,4,31,27,30,16,0,0,6,5,3,6,61,43,18,11,107,67,5,0,6,2164,0,0,1,6,46.0697779945163,84.06662476429918,83.60655737704919,134,8.61573808156232,25.0,83.33333333333333,53.48837209302326,3.8333333333333335,3,3,36,71.48983364140481,60,18,0,12,4,16,3,30,20,22,8,2,2,12,10,2,4,52,28,12,8,74,64,4,1,10,2164,0,0,0,11,-46.0697779945163,64.59497206703911,61.53846153846154,78,14.863258026159334,20.0,83.33333333333333,64.28571428571429,1.8,3,3,2,71.48983364140481
S39G01N244,2021-2022,20220316,home,64,23,0,16,4,20,4,31,27,30,16,0,0,6,5,3,6,61,43,19,11,107,67,5,0,6,2171,0,0,1,6,46.0697779945163,84.06662476429918,83.60655737704919,134,8.61573808156232,25.0,83.33333333333333,53.48837209302326,3.8333333333333335,3,3,36,71.25932749884846,60,18,0,12,4,16,3,30,20,22,8,2,2,12,10,2,4,52,28,12,8,74,64,4,1,10,2171,0,0,0,11,-46.0697779945163,64.59497206703911,61.53846153846154,78,14.863258026159334,20.0,83.33333333333333,64.28571428571429,1.8,3,3,2,71.25932749884846
S39G01N244,2021-2022,20220316,home,64,23,0,16,4,20,4,31,27,30,16,0,0,6,5,3,6,61,43,19,11,107,67,5,0,6,2171,0,0,1,6,46.0697779945163,84.06662476429918,83.60655737704919,134,8.61573808156232,25.0,83.33333333333333,53.48837209302326,3.8333333333333335,3,3,36,71.25932749884846,60,18,0,12,4,16,3,30,20,22,8,2,2,12,10,2,4,52,28,12,8,74,64,4,1,10,2171,0,0,0,11,-46.0697779945163,64.59497206703911,61.53846153846154,78,14.863258026159334,20.0,83.33333333333333,64.28571428571429,1.8,3,3,2,71.25932749884846
S39G01N244,2021-2022,20220316,home,64,23,0,16,4,20,4,31,27,30,16,0,0,6,5,3,6,61,43,19,11,107,67,5,0,6,2171,0,0,1,6,46.0697779945163,84.06662476429918,83.60655737704919,134,8.61573808156232,25.0,83.33333333333333,53.48837209302326,3.8333333333333335,3,3,36,71.25932749884846,60,18,0,12,4,16,3,30,20,22,8,2,2,12,10,2,4,52,28,12,8,74,64,4,1,10,2171,0,0,0,11,-46.0697779945163,64.59497206703911,61.53846153846154,78,14.863258026159334,20.0,83.33333333333333,64.28571428571429,1.8,3,3,2,71.25932749884846
S39G01N244,2021-2022,20220316,home,64,23,0,16,4,20,4,31,27,30,16,0,0,6,5,3,6,61,43,19,11,107,67,5,0,6,2171,0,0,1,6,46.0697779945163,84.06662476429918,83.60655737704919,134,8.61573808156232,25.0,83.33333333333333,53.48837209302326,3.8333333333333335,3,3,36,71.25932749884846,60,18,0,12,4,16,3,30,20,22,8,2,2,12,10,2,4,52,28,12,8,74,64,4,1,10,2171,0,0,0,11,-46.0697779945163,64.59497206703911,61.53846153846154,78,14.863258026159334,20.0,83.33333333333333,64.28571428571429,1.8,3,3,2,71.25932749884846
S39G01N244,2021-2022,20220316,home,64,23,0,16,4,20,4,31,27,30,16,0,0,6,5,3,6,61,43,19,11,107,67,5,0,6,2171,0,0,1,6,45.30791132594496,84.06662476429918,83.60655737704919,134,8.61573808156232,25.0,83.33333333333333,53.48837209302326,3.8333333333333335,4,3,36,71.50253339474897,60,18,0,12,4,16,3,30,20,22,8,2,2,13,11,2,4,52,28,12,8,75,65,4,1,10,2171,0,0,0,11,-45.30791132594496,64.96881496881497,61.53846153846154,79,14.766686355581808,20.0,84.61538461538461,64.28571428571429,1.8,4,3,2,71.50253339474897
S39G01N244,2021-2022,20220316,home,64,23,0,16,4,20,4,31,27,30,16,0,0,6,5,3,6,61,43,19,11,107,67,5,0,6,2171,0,0,1,6,44.556494200209386,84.06662476429918,83.60655737704919,134,8.61573808156232,25.0,83.33333333333333,53.48837209302326,3.8333333333333335,5,3,36,71.74573929064948,60,18,0,12,4,16,3,30,20,22,8,2,2,14,12,2,4,52,28,12,8,76,66,4,1,10,2171,0,0,0,11,-44.556494200209386,65.33700137551583,61.53846153846154,80,14.671361502347418,20.0,85.71428571428571,64.28571428571429,1.8,5,3,2,71.74573929064948
S39G01N244,2021-2022,20220316,home,64,23,0,16,4,20,4,32,28,30,16,0,0,6,5,3,6,62,44,19,11,109,68,5,0,6,2187,0,0,1,6,45.11156083380982,84.31311881188118,83.87096774193549,136,8.493771234428086,25.0,83.33333333333333,52.27272727272727,3.8333333333333335,2,3,36,71.76954732510289,60,18,0,12,4,16,3,30,20,22,8,2,2,14,12,2,4,52,28,12,8,76,66,4,1,10,2187,0,0,0,11,-45.11156083380982,65.33700137551583,61.53846153846154,80,14.671361502347418,20.0,85.71428571428571,64.28571428571429,1.8,2,3,2,71.76954732510289
S39G01N244,2021-2022,20220316,home,64,23,0,16,4,20,4,32,28,30,16,0,0,6,5,3,6,62,44,19,11,109,68,5,0,6,2202,0,0,1,6,43.860085470652336,84.31311881188118,83.87096774193549,136,8.493771234428086,25.0,83.33333333333333,52.27272727272727,3.8333333333333335,2,3,36,71.82561307901909,60,18,0,12,4,16,3,31,21,22,8,2,2,14,12,2,4,53,29,12,8,78,67,4,1,10,2202,0,0,0,11,-43.860085470652336,65.92292089249493,62.264150943396224,82,14.459224985540775,20.0,85.71428571428571,62.06896551724138,1.8,2,3,2,71.82561307901909
S39G01N244,2021-2022,20220316,home,64,23,0,16,4,20,4,32,28,31,16,0,0,6,5,3,6,63,44,19,11,109,69,5,0,6,2220,0,0,1,6,41.441909448025655,83.02864107251676,82.53968253968254,135,8.375209380234505,25.0,83.33333333333333,52.27272727272727,3.8333333333333335,2,3,36,71.78378378378379,60,18,0,12,4,16,3,31,21,22,8,2,2,14,12,2,4,53,29,12,8,78,67,4,1,10,2220,0,0,0,11,-41.441909448025655,65.92292089249493,62.264150943396224,82,14.459224985540775,20.0,85.71428571428571,62.06896551724138,1.8,2,3,2,71.78378378378379
S39G01N244,2021-2022,20220316,home,64,23,0,16,5,21,4,32,28,31,16,0,0,6,5,3,6,63,44,19,11,109,69,5,0,6,2222,0,0,1,6,43.860085470652336,83.02864107251676,82.53968253968254,136,8.375209380234505,29.41176470588235,83.33333333333333,52.27272727272727,3.8333333333333335,2,3,36,71.17911791179118,60,18,0,12,4,16,3,31,21,22,8,2,2,14,12,2,4,53,29,12,8,78,67,4,1,10,2222,0,0,0,11,-43.860085470652336,65.92292089249493,62.264150943396224,82,14.459224985540775,20.0,85.71428571428571,62.06896551724138,1.8,2,3,2,71.17911791179118
S39G01N244,2021-2022,20220316,home,64,23,0,16,5,21,4,33,28,31,16,0,0,6,5,3,6,64,44,19,11,109,70,5,0,6,2228,0,0,1,6,41.441909448025655,81.78271308523409,81.25,135,8.259911894273127,29.41176470588235,83.33333333333333,52.27272727272727,3.8333333333333335,2,3,36,71.52603231597847,60,18,0,12,4,16,3,31,21,22,8,2,2,14,12,2,4,53,29,12,8,78,67,4,1,10,2228,0,0,0,11,-41.441909448025655,65.92292089249493,62.264150943396224,82,14.459224985540775,20.0,85.71428571428571,62.06896551724138,1.8,2,3,2,71.52603231597847
S39G01N244,2021-2022,20220316,home,64,23,0,16,5,21,4,33,28,31,16,0,0,6,5,3,6,64,44,19,11,109,70,5,0,6,2230,0,0,1,6,41.441909448025655,81.78271308523409,81.25,135,8.259911894273127,27.77777777777778,83.33333333333333,52.27272727272727,3.8333333333333335,2,3,36,71.46188340807176,60,18,0,13,4,17,3,31,21,22,8,2,2,14,12,2,4,53,29,12,8,78,67,4,1,10,2230,0,0,0,11,-41.441909448025655,65.92292089249493,62.264150943396224,83,14.459224985540775,20.0,85.71428571428571,62.06896551724138,1.8,2,3,2,71.46188340807176
S39G01N244,2021-2022,20220316,home,64,23,0,16,5,21,4,33,28,31,16,0,0,6,5,3,6,64,44,19,11,109,70,5,0,6,2240,0,0,1,6,43.251240474322756,81.78271308523409,81.25,135,8.259911894273127,27.77777777777778,83.33333333333333,52.27272727272727,3.8333333333333335,2,3,36,71.67857142857143,60,18,0,13,4,17,3,31,21,23,8,2,2,14,12,2,4,54,29,12,8,78,68,4,1,10,2240,0,0,0,11,-43.251240474322756,64.82712765957447,61.111111111111114,82,14.253135689851769,20.0,85.71428571428571,62.06896551724138,1.8,2,3,2,71.67857142857143
S39G01N244,2021-2022,20220316,home,64,23,0,17,5,22,4,33,28,31,16,0,0,6,5,3,6,64,44,19,11,109,70,5,0,6,2242,0,0,1,6,43.251240474322756,81.78271308523409,81.25,136,8.259911894273127,27.77777777777778,83.33333333333333,52.27272727272727,3.8333333333333335,2,3,36,71.61462979482606,60,18,0,13,4,17,3,31,21,23,8,2,2,14,12,2,4,54,29,12,8,78,68,4,1,10,2242,0,0,0,11,-43.251240474322756,64.82712765957447,61.111111111111114,82,14.253135689851769,19.047619047619047,85.71428571428571,62.06896551724138,1.8,2,3,2,71.61462979482606
S39G01N244,2021-2022,20220316,home,64,23,0,17,5,22,4,33,28,32,17,0,0,6,5,3,6,65,45,19,11,112,71,5,0,6,2256,0,0,1,6,45.274153496644416,82.7912477823773,82.3076923076923,139,8.147745790331342,27.77777777777778,83.33333333333333,51.111111111111114,3.8333333333333335,3,3,36,71.70212765957447,60,18,0,13,4,17,3,31,21,23,8,2,2,14,12,2,4,54,29,12,8,78,68,4,1,10,2256,0,0,0,11,-45.274153496644416,64.82712765957447,61.111111111111114,82,14.253135689851769,19.047619047619047,85.71428571428571,62.06896551724138,1.8,3,3,2,71.70212765957447
S39G01N244,2021-2022,20220316,home,64,24,0,17,5,22,4,33,28,32,17,0,0,6,5,3,6,65,45,19,11,112,71,5,0,6,2256,0,0,1,6,45.274153496644416,82.7912477823773,82.3076923076923,140,8.147745790331342,27.77777777777778,83.33333333333333,53.333333333333336,4.0,3,3,36,71.70212765957447,60,18,0,13,4,17,3,31,21,23,8,2,2,14,12,2,4,54,29,12,8,78,68,4,1,10,2256,0,0,0,11,-45.274153496644416,64.82712765957447,61.111111111111114,82,14.253135689851769,19.047619047619047,85.71428571428571,62.06896551724138,1.8,3,3,2,71.70212765957447
S39G01N244,2021-2022,20220316,home,64,24,0,17,5,22,4,33,28,32,17,0,0,6,5,3,6,65,45,19,11,112,71,5,0,6,2267,0,0,1,6,47.02960331310538,82.7912477823773,82.3076923076923,140,8.147745790331342,27.77777777777778,83.33333333333333,53.333333333333336,4.0,3,3,36,71.88354653727394,60,18,0,13,4,17,3,31,21,24,8,2,2,14,12,2,4,55,29,12,8,78,69,4,1,10,2267,0,0,0,11,-47.02960331310538,63.76716808371485,60.0,81,14.05283867341203,19.047619047619047,85.71428571428571,62.06896551724138,1.8,3,3,2,71.88354653727394
S39G01N244,2021-2022,20220316,home,64,24,0,18,5,23,4,33,28,32,17,0,0,6,5,3,6,65,45,19,11,112,71,5,0,6,2270,0,0,1,6,47.02960331310538,82.7912477823773,82.3076923076923,141,8.147745790331342,27.77777777777778,83.33333333333333,53.333333333333336,4.0,3,3,36,71.78854625550662,60,18,0,13,4,17,3,31,21,24,8,2,2,14,12,2,4,55,29,12,8,78,69,4,1,10,2270,0,0,0,11,-47.02960331310538,63.76716808371485,60.0,81,14.05283867341203,18.181818181818183,85.71428571428571,62.06896551724138,1.8,3,3,2,71.78854625550662
S39G01N244,2021-2022,20220316,home,64,24,0,18,5,23,4,34,28,32,17,0,0,6,5,3,6,66,45,19,11,112,72,5,0,6,2277,0,0,1,6,44.68655099877219,81.58508158508158,81.06060606060606,140,8.038585209003216,27.77777777777778,83.33333333333333,53.333333333333336,4.0,3,3,36,72.09486166007906,60,18,0,13,4,17,3,31,21,24,8,2,2,14,12,2,4,55,29,12,8,78,69,4,1,10,2277,0,0,0,11,-44.68655099877219,63.76716808371485,60.0,81,14.05283867341203,18.181818181818183,85.71428571428571,62.06896551724138,1.8,3,3,2,72.09486166007906
S39G01N244,2021-2022,20220316,home,64,24,0,18,5,23,4,34,28,32,17,0,0,6,5,3,6,66,45,19,11,112,72,5,0,6,2278,0,0,1,6,44.68655099877219,81.58508158508158,81.06060606060606,140,8.038585209003216,27.77777777777778,83.33333333333333,53.333333333333336,4.0,3,3,36,72.06321334503951,60,18,1,13,4,17,3,31,21,24,8,2,2,14,12,2,4,55,29,12,8,78,69,4,1,10,2278,0,0,0,11,-44.68655099877219,63.76716808371485,60.0,82,14.05283867341203,18.181818181818183,85.71428571428571,62.06896551724138,1.8,3,3,2,72.06321334503951
S39G01N244,2021-2022,20220316,home,64,24,0,18,6,24,4,34,28,32,17,0,0,6,5,3,6,66,45,19,11,112,72,5,0,6,2280,0,0,1,6,47.02960331310538,81.58508158508158,81.06060606060606,141,8.038585209003216,31.57894736842105,83.33333333333333,53.333333333333336,4.0,3,3,36,71.47368421052632,60,18,1,13,4,17,3,31,21,24,8,2,2,14,12,2,4,55,29,12,8,78,69,4,1,10,2280,0,0,0,11,-47.02960331310538,63.76716808371485,60.0,82,14.05283867341203,18.181818181818183,85.71428571428571,62.06896551724138,1.8,3,3,2,71.47368421052632
S39G01N244,2021-2022,20220316,home,64,24,0,18,6,24,4,34,28,32,17,0,0,6,5,3,6,66,45,19,11,112,72,5,0,6,2282,0,0,1,6,47.02960331310538,81.58508158508158,81.06060606060606,141,8.038585209003216,31.57894736842105,83.33333333333333,53.333333333333336,4.0,3,3,36,71.41104294478528,60,18,1,13,4,17,3,31,21,24,8,2,2,14,12,2,4,55,29,13,9,78,69,4,1,10,2282,0,0,0,11,-47.02960331310538,63.76716808371485,60.0,82,14.05283867341203,18.181818181818183,85.71428571428571,62.06896551724138,1.8,3,3,2,71.41104294478528
S39G01N244,2021-2022,20220316,home,64,24,0,18,6,24,4,34,28,32,17,0,0,6,5,3,6,66,45,19,11,112,72,5,0,6,2282,0,0,1,6,47.02960331310538,81.58508158508158,81.06060606060606,141,8.038585209003216,31.57894736842105,83.33333333333333,53.333333333333336,4.0,3,3,36,71.41104294478528,60,18,1,13,4,17,3,31,21,24,8,2,2,14,12,2,4,55,29,13,9,78,69,4,1,10,2282,0,0,0,11,-47.02960331310538,63.76716808371485,60.0,82,14.05283867341203,18.181818181818183,85.71428571428571,62.06896551724138,1.8,3,3,2,71.41104294478528
S39G01N244,2021-2022,20220316,home,64,24,0,18,6,24,4,34,28,33,17,0,0,6,5,3,6,67,45,19,11,112,73,5,0,6,2287,0,0,1,6,44.68655099877219,80.41355542791499,79.85074626865672,140,7.932310946589106,31.57894736842105,83.33333333333333,53.333333333333336,4.0,3,3,36,71.77962396152165,60,18,1,13,4,17,3,31,21,24,8,2,2,14,12,2,4,55,29,13,9,78,69,4,1,10,2287,0,0,0,11,-44.68655099877219,63.76716808371485,60.0,82,14.05283867341203,18.181818181818183,85.71428571428571,62.06896551724138,1.8,3,3,2,71.77962396152165
S39G01N244,2021-2022,20220316,home,64,24,0,18,6,24,4,34,28,33,17,0,0,6,5,3,6,67,45,19,11,112,73,5,0,6,2287,0,0,1,6,44.68655099877219,80.41355542791499,79.85074626865672,140,7.932310946589106,31.57894736842105,83.33333333333333,53.333333333333336,4.0,3,3,36,71.77962396152165,60,18,1,13,4,17,4,31,21,24,8,2,2,14,12,2,4,55,29,13,9,78,69,4,1,10,2287,0,0,0,11,-44.68655099877219,63.76716808371485,60.0,83,14.05283867341203,18.181818181818183,85.71428571428571,62.06896551724138,1.8,3,3,2,71.77962396152165
S39G01N244,2021-2022,20220316,home,64,24,0,18,6,24,4,34,28,33,17,0,0,6,5,3,6,67,45,19,11,112,73,5,0,6,2297,0,0,1,6,41.98908268681588,80.41355542791499,79.85074626865672,140,7.932310946589106,31.57894736842105,83.33333333333333,53.333333333333336,4.0,3,3,36,71.98955158902918,60,18,1,13,4,17,4,31,21,25,9,2,2,14,12,2,4,56,30,13,9,81,70,4,1,10,2297,0,0,0,11,-41.98908268681588,65.15444015444015,61.607142857142854,86,13.85809312638581,18.181818181818183,85.71428571428571,60.0,1.8,3,3,2,71.98955158902918
S39G01N244,2021-2022,20220316,home,64,24,0,18,6,24,4,34,28,34,17,0,0,6,5,3,6,68,45,19,11,112,74,5,0,6,2309,0,0,1,6,39.71236820697685,79.27519818799547,78.67647058823529,139,7.828810020876826,31.57894736842105,83.33333333333333,53.333333333333336,4.0,3,3,36,72.13512343005631,60,18,1,13,4,17,4,31,21,25,9,2,2,14,12,2,4,56,30,13,9,81,70,4,1,10,2309,0,0,0,11,-39.71236820697685,65.15444015444015,61.607142857142854,86,13.85809312638581,18.181818181818183,85.71428571428571,60.0,1.8,3,3,2,72.13512343005631
S39G01N244,2021-2022,20220316,home,64,24,0,18,6,24,4,34,28,34,17,0,0,6,5,3,6,68,45,19,11,112,74,5,0,6,2311,0,0,1,6,39.71236820697685,79.27519818799547,78.67647058823529,139,7.828810020876826,31.57894736842105,83.33333333333333,53.333333333333336,4.0,3,3,36,72.07269580268282,60,18,2,13,4,17,4,31,21,25,9,2,2,14,12,2,4,56,30,13,9,81,70,4,1,10,2311,0,0,0,11,-39.71236820697685,65.15444015444015,61.607142857142854,87,13.85809312638581,18.181818181818183,85.71428571428571,60.0,1.8,3,3,2,72.07269580268282
S39G01N244,2021-2022,20220316,home,64,24,0,18,7,25,4,34,28,34,17,0,0,6,5,3,6,68,45,19,11,112,74,5,0,6,2312,0,0,1,6,41.98908268681588,79.27519818799547,78.67647058823529,140,7.828810020876826,35.0,83.33333333333333,53.333333333333336,4.0,3,3,36,71.52249134948097,60,18,2,13,4,17,4,31,21,25,9,2,2,14,12,2,4,56,30,13,9,81,70,4,1,10,2312,0,0,0,11,-41.98908268681588,65.15444015444015,61.607142857142854,87,13.85809312638581,18.181818181818183,85.71428571428571,60.0,1.8,3,3,2,71.52249134948097
S39G01N244,2021-2022,20220316,home,64,24,0,18,7,25,4,35,29,34,17,0,0,6,5,3,6,69,46,19,11,114,75,5,0,6,2322,0,0,1,6,42.543625285119546,79.5644891122278,78.98550724637681,142,7.727975270479134,35.0,83.33333333333333,52.17391304347826,4.0,2,3,36,71.7312661498708,60,18,2,13,4,17,4,31,21,25,9,2,2,14,12,2,4,56,30,13,9,81,70,4,1,10,2322,0,0,0,11,-42.543625285119546,65.15444015444015,61.607142857142854,87,13.85809312638581,18.181818181818183,85.71428571428571,60.0,1.8,2,3,2,71.7312661498708
S39G01N244,2021-2022,20220316,home,64,24,0,18,7,25,4,35,29,34,17,0,0,6,5,3,6,69,46,19,11,114,75,5,0,6,2329,0,0,1,6,41.370086074145206,79.5644891122278,78.98550724637681,142,7.727975270479134,35.0,83.33333333333333,52.17391304347826,4.0,2,3,36,72.03091455560327,60,18,2,13,4,17,4,32,22,25,9,2,2,14,12,2,4,57,31,13,9,83,71,4,1,10,2329,0,0,0,11,-41.370086074145206,65.70614312856239,62.280701754385966,89,13.66867140513942,18.181818181818183,85.71428571428571,58.064516129032256,1.8,2,3,2,72.03091455560327
S39G01N244,2021-2022,20220316,home,64,24,0,18,7,25,4,35,29,34,17,0,0,6,5,3,6,69,46,19,11,114,75,5,0,6,2329,0,0,1,6,41.370086074145206,79.5644891122278,78.98550724637681,142,7.727975270479134,35.0,83.33333333333333,52.17391304347826,4.0,2,3,36,72.03091455560327,60,19,2,13,4,17,4,32,22,25,9,2,2,14,12,2,4,57,31,13,9,83,71,4,1,10,2329,0,0,0,11,-41.370086074145206,65.70614312856239,62.280701754385966,90,13.66867140513942,18.181818181818183,85.71428571428571,61.29032258064516,1.9,2,3,2,72.03091455560327
S39G01N244,2021-2022,20220316,home,64,24,0,18,7,25,4,35,29,34,17,0,0,6,5,3,6,69,46,19,11,114,75,5,0,6,2337,0,0,1,6,41.370086074145206,79.5644891122278,78.98550724637681,142,7.727975270479134,35.0,83.33333333333333,52.17391304347826,4.0,2,3,36,71.78433889602054,60,19,2,13,4,17,4,32,22,25,9,2,2,14,12,2,4,57,31,14,10,83,71,4,1,10,2337,0,0,0,11,-41.370086074145206,65.70614312856239,62.280701754385966,90,13.66867140513942,18.181818181818183,85.71428571428571,61.29032258064516,1.9,2,3,2,71.78433889602054
S39G01N244,2021-2022,20220316,home,64,24,0,18,7,25,4,35,29,34,17,0,0,6,5,3,6,69,46,19,11,114,75,5,0,6,2337,0,0,1,6,41.370086074145206,79.5644891122278,78.98550724637681,142,7.727975270479134,35.0,83.33333333333333,52.17391304347826,4.0,2,3,36,71.78433889602054,60,19,2,13,4,17,4,32,22,25,9,2,2,14,12,2,4,57,31,14,10,83,71,4,1,10,2337,0,0,0,11,-41.370086074145206,65.70614312856239,62.280701754385966,90,13.66867140513942,18.181818181818183,85.71428571428571,61.29032258064516,1.9,2,3,2,71.78433889602054
S39G01N244,2021-2022,20220316,home,64,24,0,18,7,25,4,35,29,34,17,0,0,6,5,3,6,69,46,19,11,114,75,5,0,6,2337,0,0,1,6,41.370086074145206,79.5644891122278,78.98550724637681,142,7.727975270479134,35.0,83.33333333333333,52.17391304347826,4.0,2,3,36,71.78433889602054,60,19,2,13,4,17,4,32,22,25,9,2,2,14,12,2,4,57,31,14,10,83,71,4,1,10,2337,0,0,0,11,-41.370086074145206,65.70614312856239,62.280701754385966,90,13.66867140513942,18.181818181818183,85.71428571428571,61.29032258064516,1.9,2,3,2,71.78433889602054
S39G01N244,2021-2022,20220316,home,64,24,0,18,7,25,4,35,29,34,17,0,0,6,5,3,6,69,46,19,11,114,75,5,0,6,2337,0,0,1,6,41.370086074145206,79.5644891122278,78.98550724637681,142,7.727975270479134,35.0,83.33333333333333,52.17391304347826,4.0,2,3,36,71.78433889602054,60,19,2,13,4,17,4,32,22,25,9,2,2,14,12,2,4,57,31,14,10,83,71,4,1,10,2337,0,0,0,11,-41.370086074145206,65.70614312856239,62.280701754385966,90,13.66867140513942,18.181818181818183,85.71428571428571,61.29032258064516,1.9,2,3,2,71.78433889602054
S39G01N244,2021-2022,20220316,home,64,24,0,18,7,25,4,35,29,35,17,0,0,6,5,3,6,70,46,19,11,114,76,5,0,6,2347,0,0,1,6,39.11741084446717,78.46916299559471,77.85714285714286,141,7.62970498474059,35.0,83.33333333333333,52.17391304347826,4.0,2,3,36,71.98977417980402,60,19,2,13,4,17,4,32,22,25,9,2,2,14,12,2,4,57,31,14,10,83,71,4,1,10,2347,0,0,0,11,-39.11741084446717,65.70614312856239,62.280701754385966,90,13.66867140513942,18.181818181818183,85.71428571428571,61.29032258064516,1.9,2,3,2,71.98977417980402
S39G01N244,2021-2022,20220316,home,64,24,0,18,7,25,4,35,29,35,17,0,0,6,5,3,6,70,46,19,11,114,76,5,0,6,2348,0,0,1,6,39.11741084446717,78.46916299559471,77.85714285714286,141,7.62970498474059,33.333333333333336,83.33333333333333,52.17391304347826,4.0,2,3,36,71.95911413969336,60,19,2,14,4,18,4,32,22,25,9,2,2,14,12,2,4,57,31,14,10,83,71,4,1,10,2348,0,0,0,11,-39.11741084446717,65.70614312856239,62.280701754385966,91,13.66867140513942,18.181818181818183,85.71428571428571,61.29032258064516,1.9,2,3,2,71.95911413969336
S39G01N244,2021-2022,20220316,home,64,24,0,18,7,25,4,35,29,35,17,0,0,6,5,3,6,70,46,19,11,114,76,5,0,6,2368,0,0,1,6,37.977324860715584,78.46916299559471,77.85714285714286,141,7.62970498474059,33.333333333333336,83.33333333333333,52.17391304347826,4.0,4,3,36,71.85810810810813,60,19,2,14,4,18,4,33,23,25,9,2,2,14,12,2,4,58,32,14,10,85,72,4,1,10,2368,0,0,0,11,-37.977324860715584,66.24064837905237,62.93103448275862,93,13.48435814455232,18.181818181818183,85.71428571428571,59.375,1.9,4,3,2,71.85810810810813
S39G01N244,2021-2022,20220316,home,64,24,0,18,7,25,4,36,30,35,17,0,0,6,5,3,6,71,47,19,11,116,77,5,0,6,2374,0,0,1,6,38.5399765922071,78.76154263986963,78.16901408450704,143,7.533902561526871,33.333333333333336,83.33333333333333,51.06382978723404,4.0,2,3,36,72.18197135636058,60,19,2,14,4,18,4,33,23,25,9,2,2,14,12,2,4,58,32,14,10,85,72,4,1,10,2374,0,0,0,11,-38.5399765922071,66.24064837905237,62.93103448275862,93,13.48435814455232,18.181818181818183,85.71428571428571,59.375,1.9,2,3,2,72.18197135636058
S39G01N244,2021-2022,20220316,home,64,24,0,18,7,25,4,36,30,35,17,0,0,6,5,3,6,71,47,19,11,116,77,5,0,6,2383,0,0,1,6,36.02664962992125,78.76154263986963,78.16901408450704,143,7.533902561526871,33.333333333333336,83.33333333333333,51.06382978723404,4.0,3,3,36,72.41292488459925,60,19,2,14,4,18,4,33,23,26,10,2,2,14,12,2,4,59,33,14,10,88,73,4,1,10,2383,0,0,0,11,-36.02664962992125,67.52608962553714,64.40677966101696,96,13.304949441192123,18.181818181818183,85.71428571428571,57.57575757575758,1.9,3,3,2,72.41292488459925
S39G01N244,2021-2022,20220316,home,64,24,0,18,7,25,4,36,30,35,17,0,0,6,5,3,6,71,47,19,11,116,77,5,0,6,2383,0,0,1,6,36.02664962992125,78.76154263986963,78.16901408450704,143,7.533902561526871,33.333333333333336,83.33333333333333,51.06382978723404,4.0,3,3,36,72.41292488459925,60,20,2,14,4,18,4,33,23,26,10,2,2,14,12,2,4,59,33,14,10,88,73,4,1,10,2383,0,0,0,11,-36.02664962992125,67.52608962553714,64.40677966101696,97,13.304949441192123,18.181818181818183,85.71428571428571,60.60606060606061,2.0,3,3,2,72.41292488459925
S39G01N244,2021-2022,20220316,home,64,24,0,18,7,25,4,36,30,35,17,0,0,6,5,3,6,71,47,19,11,116,77,5,0,6,2383,0,0,1,6,36.02664962992125,78.76154263986963,78.16901408450704,143,7.533902561526871,33.333333333333336,83.33333333333333,51.06382978723404,4.0,3,3,36,72.41292488459925,60,20,2,14,4,18,4,33,23,26,10,2,2,14,12,2,4,59,33,14,10,88,73,4,1,10,2383,0,0,0,11,-36.02664962992125,67.52608962553714,64.40677966101696,97,13.304949441192123,18.181818181818183,85.71428571428571,60.60606060606061,2.0,3,3,2,72.41292488459925
S39G01N244,2021-2022,20220316,home,64,24,0,18,7,25,4,36,30,35,17,0,0,6,5,3,6,71,47,19,11,116,77,5,0,6,2400,0,0,1,6,36.02664962992125,78.76154263986963,78.16901408450704,143,7.533902561526871,33.333333333333336,83.33333333333333,51.06382978723404,4.0,3,3,36,71.9,60,20,2,14,4,18,4,33,23,26,10,2,2,14,12,2,4,59,33,14,10,88,73,4,1,10,2400,0,0,0,11,-36.02664962992125,67.52608962553714,64.40677966101696,97,13.304949441192123,18.181818181818183,85.71428571428571,60.60606060606061,2.0,3,3,2,71.9
S39G01N244,2021-2022,20220316,home,64,24,0,18,7,25,4,36,30,35,17,0,0,6,5,3,6,71,47,19,11,116,77,5,0,6,2400,0,0,1,6,36.02664962992125,78.76154263986963,78.16901408450704,143,7.533902561526871,33.333333333333336,83.33333333333333,51.06382978723404,4.0,3,3,36,71.9,60,20,2,14,4,18,4,33,23,26,10,2,2,14,12,2,4,59,33,14,10,88,73,4,1,10,2400,0,0,0,11,-36.02664962992125,67.52608962553714,64.40677966101696,97,13.304949441192123,18.181818181818183,85.71428571428571,60.60606060606061,2.0,3,3,2,71.9
S39G01N244,2021-2022,20220316,home,64,24,0,18,7,25,4,36,30,35,17,0,0,6,5,3,6,71,47,19,11,116,77,5,0,6,2400,0,0,1,6,36.02664962992125,78.76154263986963,78.16901408450704,143,7.533902561526871,33.333333333333336,83.33333333333333,51.06382978723404,4.0,3,3,36,71.9,60,20,2,14,4,18,4,33,23,26,10,2,2,14,12,2,4,59,33,14,10,88,73,4,1,10,2400,0,0,0,11,-36.02664962992125,67.52608962553714,64.40677966101696,97,13.304949441192123,18.181818181818183,85.71428571428571,60.60606060606061,2.0,3,3,2,71.9
S39G01N244,2021-2022,20220316,home,64,24,0,18,7,25,4,36,30,35,17,0,0,6,5,3,6,71,47,19,11,116,77,5,0,6,2400,0,0,1,6,36.02664962992125,78.76154263986963,78.16901408450704,143,7.533902561526871,33.333333333333336,83.33333333333333,51.06382978723404,4.0,3,3,36,71.9,60,20,2,14,4,18,4,33,23,26,10,2,2,14,12,2,4,59,33,14,10,88,73,4,1,10,2400,0,0,0,11,-36.02664962992125,67.52608962553714,64.40677966101696,97,13.304949441192123,18.181818181818183,85.71428571428571,60.60606060606061,2.0,3,3,2,71.9
S39G01N244,2021-2022,20220316,home,64,24,0,18,7,25,4,36,30,35,17,0,0,6,5,3,6,71,47,19,11,116,77,5,0,6,2400,0,0,1,6,36.02664962992125,78.76154263986963,78.16901408450704,143,7.533902561526871,33.333333333333336,83.33333333333333,51.06382978723404,4.0,3,3,36,71.9,60,20,2,14,4,18,4,33,23,26,10,2,2,14,12,2,4,59,33,14,10,88,73,4,1,10,2400,0,0,0,11,-36.02664962992125,67.52608962553714,64.40677966101696,97,13.304949441192123,18.181818181818183,85.71428571428571,60.60606060606061,2.0,3,3,2,71.9
S39G01N244,2021-2022,20220316,home,64,24,0,18,7,25,4,36,30,35,17,0,0,6,5,3,6,71,47,19,11,116,77,5,0,6,2400,0,0,1,6,36.02664962992125,78.76154263986963,78.16901408450704,143,7.533902561526871,33.333333333333336,83.33333333333333,51.06382978723404,4.0,3,3,36,71.9,60,20,2,14,4,18,4,33,23,26,10,2,2,14,12,2,4,59,33,14,10,88,73,4,1,10,2400,0,0,0,11,-36.02664962992125,67.52608962553714,64.40677966101696,97,13.304949441192123,18.181818181818183,85.71428571428571,60.60606060606061,2.0,3,3,2,71.9
S39G01N244,2021-2022,20220316,home,64,24,0,18,7,25,4,36,30,35,17,0,0,6,5,3,6,71,47,19,11,116,77,5,0,6,2400,0,0,1,6,36.02664962992125,78.76154263986963,78.16901408450704,143,7.533902561526871,33.333333333333336,83.33333333333333,51.06382978723404,4.0,3,3,36,71.9,60,20,2,14,4,18,4,33,23,26,10,2,2,14,12,2,4,59,33,14,10,88,73,4,1,10,2400,0,0,0,11,-36.02664962992125,67.52608962553714,64.40677966101696,97,13.304949441192123,18.181818181818183,85.71428571428571,60.60606060606061,2.0,3,3,2,71.9
S39G01N244,2021-2022,20220316,home,64,24,0,18,7,25,4,36,30,35,17,0,0,6,5,3,6,71,47,19,11,116,77,5,0,6,2400,0,0,1,6,36.02664962992125,78.76154263986963,78.16901408450704,143,7.533902561526871,33.333333333333336,83.33333333333333,51.06382978723404,4.0,3,3,36,71.9,60,20,2,14,4,18,4,33,23,26,10,2,2,14,12,2,4,59,33,14,10,88,73,4,1,10,2400,0,0,0,11,-36.02664962992125,67.52608962553714,64.40677966101696,97,13.304949441192123,18.181818181818183,85.71428571428571,60.60606060606061,2.0,3,3,2,71.9
S39G01N244,2021-2022,20220316,home,64,24,0,18,7,25,4,36,30,35,17,0,0,6,5,3,6,71,47,19,11,116,77,5,0,6,2400,0,0,1,6,36.02664962992125,78.76154263986963,78.16901408450704,143,7.533902561526871,33.333333333333336,83.33333333333333,51.06382978723404,4.0,3,3,36,71.9,60,20,2,14,4,18,4,33,23,26,10,2,2,14,12,2,4,59,33,14,10,88,73,4,1,10,2400,0,0,0,11,-36.02664962992125,67.52608962553714,64.40677966101696,97,13.304949441192123,18.181818181818183,85.71428571428571,60.60606060606061,2.0,3,3,2,71.9
S39G01N244,2021-2022,20220316,home,64,24,0,18,7,25,4,36,30,35,17,0,0,6,5,3,6,71,47,19,11,116,77,5,0,6,2400,0,0,1,6,36.02664962992125,78.76154263986963,78.16901408450704,143,7.533902561526871,33.333333333333336,83.33333333333333,51.06382978723404,4.0,3,3,36,71.9,60,20,2,14,4,18,4,33,23,26,10,2,2,14,12,2,4,59,33,14,10,88,73,4,1,10,2400,0,0,0,11,-36.02664962992125,67.52608962553714,64.40677966101696,97,13.304949441192123,18.181818181818183,85.71428571428571,60.60606060606061,2.0,3,3,2,71.9
