gameKey,seasonName,date,winner,H_TEAM,H_AST,H_BLK,H_DREB,H_OREB,H_PRB,H_TRB,H_2PA,H_2PM,H_3PA,H_3PM,H_DKA,H_DKM,H_FTA,H_FTM,H_SWA,H_SWM,H_FGA,H_FGM,H_TPF,H_PF,H_PP,H_PA,H_STL,H_TTO,H_PTO,H_MIN,H_UF,H_TF,H_EJ,H_TO,H_NR,H_TS%,H_eFG%,H_EFF,H_TOV%,H_OREB%,H_FT%,H_AST%,H_AST/TO%,H_CR,H_LC,H_LLP,H_PACE,A_TEAM,A_AST,A_BLK,A_DREB,A_OREB,A_PRB,A_TRB,A_2PA,A_2PM,A_3PA,A_3PM,A_DKA,A_DKM,A_FTA,A_FTM,A_SWA,A_SWM,A_FGA,A_FGM,A_TPF,A_PF,A_PP,A_PA,A_STL,A_TTO,A_PTO,A_MIN,A_UF,A_TF,A_EJ,A_TO,A_NR,A_TS%,A_eFG%,A_EFF,A_TOV%,A_OREB%,A_FT%,A_AST%,A_AST/TO%,A_CR,A_LC,A_LLP,A_PACE
S43G01N130,2023-2024,20231231,away,70,0,0,0,0,0,0,0,0,0,0,0,0,0,0,0,0,0,0,0,0,0,0,0,0,0,0,0,0,0,0,0.0,0.0,0.0,0,0.0,0.0,0.0,0.0,0.0,0,0,0,0.0,16,0,0,0,0,0,0,0,0,0,0,0,0,0,0,0,0,0,0,0,0,0,0,0,0,0,0,0,0,0,0,0.0,0.0,0.0,0,0.0,0.0,0.0,0.0,0.0,0,0,0,0.0
S43G01N130,2023-2024,20231231,away,70,0,0,0,0,0,0,0,0,0,0,0,0,0,0,0,0,0,0,0,0,0,0,0,0,0,0,0,0,0,0,0.0,0.0,0.0,0,0.0,0.0,0.0,0.0,0.0,0,0,0,0.0,16,0,0,0,0,0,0,0,0,0,0,0,0,0,0,0,0,0,0,0,0,0,0,0,0,0,0,0,0,0,0,0.0,0.0,0.0,0,0.0,0.0,0.0,0.0,0.0,0,0,0,0.0
S43G01N130,2023-2024,20231231,away,70,0,0,0,0,0,0,0,0,0,0,0,0,0,0,0,0,0,0,0,0,0,0,0,0,0,0,0,0,0,0,0.0,0.0,0.0,0,0.0,0.0,0.0,0.0,0.0,0,0,0,0.0,16,0,0,0,0,0,0,0,0,0,0,0,0,0,0,0,0,0,0,0,0,0,0,0,0,0,0,0,0,0,0,0.0,0.0,0.0,0,0.0,0.0,0.0,0.0,0.0,0,0,0,0.0
S43G01N130,2023-2024,20231231,away,70,0,0,0,0,0,0,0,0,0,0,0,0,0,0,0,0,0,0,0,0,0,0,0,0,0,0,0,0,0,0,0.0,0.0,0.0,0,0.0,0.0,0.0,0.0,0.0,0,0,0,0.0,16,0,0,0,0,0,0,0,0,0,0,0,0,0,0,0,0,0,0,0,0,0,0,0,0,0,0,0,0,0,0,0.0,0.0,0.0,0,0.0,0.0,0.0,0.0,0.0,0,0,0,0.0
S43G01N130,2023-2024,20231231,away,70,0,0,0,0,0,0,0,0,0,0,0,0,0,0,0,0,0,0,0,0,0,0,0,0,0,0,0,0,0,0,0.0,0.0,0.0,0,0.0,0.0,0.0,0.0,0.0,0,0,0,0.0,16,0,0,0,0,0,0,0,0,0,0,0,0,0,0,0,0,0,0,0,0,0,0,0,0,0,0,0,0,0,0,0.0,0.0,0.0,0,0.0,0.0,0.0,0.0,0.0,0,0,0,0.0
S43G01N130,2023-2024,20231231,away,70,0,0,0,0,0,0,0,0,0,0,0,0,0,0,0,0,0,0,0,0,0,0,0,0,0,0,0,0,0,0,0.0,0.0,0.0,0,0.0,0.0,0.0,0.0,0.0,0,0,0,0.0,16,0,0,0,0,0,0,0,0,0,0,0,0,0,0,0,0,0,0,0,0,0,0,0,0,0,0,0,0,0,0,0.0,0.0,0.0,0,0.0,0.0,0.0,0.0,0.0,0,0,0,0.0
S43G01N130,2023-2024,20231231,away,70,0,0,0,0,0,0,0,0,0,0,0,0,0,0,0,0,0,0,0,0,0,0,0,0,0,0,0,0,0,0,0.0,0.0,0.0,0,0.0,0.0,0.0,0.0,0.0,0,0,0,0.0,16,0,0,0,0,0,0,0,0,0,0,0,0,0,0,0,0,0,0,0,0,0,0,0,0,0,0,0,0,0,0,0.0,0.0,0.0,0,0.0,0.0,0.0,0.0,0.0,0,0,0,0.0
S43G01N130,2023-2024,20231231,away,70,0,0,0,0,0,0,0,0,0,0,0,0,0,0,0,0,0,0,0,0,0,0,0,0,0,0,0,0,0,0,0.0,0.0,0.0,0,0.0,0.0,0.0,0.0,0.0,0,0,0,0.0,16,0,0,0,0,0,0,0,0,0,0,0,0,0,0,0,0,0,0,0,0,0,0,0,0,0,0,0,0,0,0,0.0,0.0,0.0,0,0.0,0.0,0.0,0.0,0.0,0,0,0,0.0
S43G01N130,2023-2024,20231231,away,70,0,0,0,0,0,0,0,0,0,0,0,0,0,0,0,0,0,0,0,0,0,0,0,0,0,0,0,0,0,0,0.0,0.0,0.0,0,0.0,0.0,0.0,0.0,0.0,0,0,0,0.0,16,0,0,0,0,0,0,0,0,0,0,0,0,0,0,0,0,0,0,0,0,0,0,0,0,0,0,0,0,0,0,0.0,0.0,0.0,0,0.0,0.0,0.0,0.0,0.0,0,0,0,0.0
S43G01N130,2023-2024,20231231,away,70,0,0,0,0,0,0,0,0,0,0,0,0,0,0,0,0,0,0,0,0,0,0,0,0,0,0,0,0,0,0,0.0,0.0,0.0,0,0.0,0.0,0.0,0.0,0.0,0,0,0,0.0,16,0,0,0,0,0,0,0,0,0,0,0,0,0,0,0,0,0,0,0,0,0,0,0,0,0,0,0,0,0,0,0.0,0.0,0.0,0,0.0,0.0,0.0,0.0,0.0,0,0,0,0.0
S43G01N130,2023-2024,20231231,away,70,0,0,0,0,0,0,0,0,0,0,0,0,0,0,0,0,0,0,0,0,0,0,0,0,0,0,0,0,0,0,0.0,0.0,0.0,0,0.0,0.0,0.0,0.0,0.0,0,0,0,0.0,16,0,0,0,0,0,0,0,0,0,0,0,0,0,0,0,0,0,0,0,0,0,0,0,0,0,0,0,0,0,0,0.0,0.0,0.0,0,0.0,0.0,0.0,0.0,0.0,0,0,0,0.0
S43G01N130,2023-2024,20231231,away,70,0,0,0,0,0,0,0,0,0,0,0,0,0,0,0,0,0,0,1,0,0,0,0,0,0,19,0,0,0,0,0.0,0.0,0.0,0,0.0,0.0,0.0,0.0,0.0,0,0,0,0.0,16,0,0,0,0,0,0,0,0,0,0,0,0,0,0,0,0,0,0,0,0,0,0,0,0,0,19,0,0,0,0,0.0,0.0,0.0,0,0.0,0.0,0.0,0.0,0.0,0,0,0,0.0
S43G01N130,2023-2024,20231231,away,70,0,0,0,0,0,0,0,0,0,0,0,0,0,0,0,0,0,0,1,0,0,0,0,0,0,19,0,0,0,0,0.0,0.0,0.0,0,0.0,0.0,0.0,0.0,0.0,0,0,0,0.0,16,0,0,0,0,0,0,0,0,0,0,0,0,0,0,0,0,0,0,0,0,0,0,0,0,0,19,0,0,0,0,0.0,0.0,0.0,0,0.0,0.0,0.0,0.0,0.0,0,0,0,0.0
S43G01N130,2023-2024,20231231,away,70,0,0,0,0,0,0,0,0,0,0,0,0,0,0,0,0,0,0,1,0,0,0,0,0,0,19,0,0,0,0,0.0,0.0,0.0,0,0.0,0.0,0.0,0.0,0.0,0,0,0,0.0,16,0,0,0,0,0,0,0,0,0,0,0,0,0,0,0,0,0,0,0,0,0,0,0,0,0,19,0,0,0,0,0.0,0.0,0.0,0,0.0,0.0,0.0,0.0,0.0,0,0,0,0.0
S43G01N130,2023-2024,20231231,away,70,0,0,0,0,0,0,0,0,0,0,0,0,0,0,0,0,0,0,1,0,0,0,0,0,0,19,0,0,0,0,0.0,0.0,0.0,0,0.0,0.0,0.0,0.0,0.0,0,0,0,0.0,16,0,0,0,0,0,0,0,0,0,0,0,0,0,0,0,0,0,0,0,0,0,0,0,0,0,19,0,0,0,0,0.0,0.0,0.0,0,0.0,0.0,0.0,0.0,0.0,0,0,0,0.0
S43G01N130,2023-2024,20231231,away,70,0,0,0,0,0,0,0,0,0,0,0,0,0,0,0,0,0,0,1,0,0,0,0,0,0,19,0,0,0,0,-227.27272727272728,0.0,0.0,0,0.0,0.0,0.0,0.0,0.0,1,1,0,27.789473684210524,16,0,0,0,0,0,0,0,0,0,0,0,0,1,1,0,0,0,0,0,0,1,1,0,0,0,19,0,0,0,0,227.27272727272728,113.63636363636364,0.0,1,0.0,0.0,100.0,0.0,0.0,1,1,1,27.789473684210524
S43G01N130,2023-2024,20231231,away,70,0,0,0,0,0,0,0,0,0,0,0,0,0,0,0,0,0,0,1,0,0,0,0,0,0,19,0,0,0,0,-227.27272727272728,0.0,0.0,0,0.0,0.0,0.0,0.0,0.0,2,1,0,55.57894736842105,16,0,0,0,0,0,0,0,0,0,0,0,0,2,2,0,0,0,0,0,0,2,2,0,0,0,19,0,0,0,0,227.27272727272728,113.63636363636364,0.0,2,0.0,0.0,100.0,0.0,0.0,2,1,2,55.57894736842105
S43G01N130,2023-2024,20231231,away,70,0,0,0,0,0,0,1,0,0,0,0,0,0,0,0,0,1,0,1,0,0,1,0,0,0,42,0,0,0,0,-227.27272727272728,0.0,0.0,-1,0.0,0.0,0.0,0.0,0.0,2,1,0,53.714285714285715,16,0,0,0,0,0,0,0,0,0,0,0,0,2,2,0,0,0,0,0,0,2,2,0,0,0,42,0,0,0,0,227.27272727272728,113.63636363636364,0.0,2,0.0,0.0,100.0,0.0,0.0,2,1,2,53.714285714285715
S43G01N130,2023-2024,20231231,away,70,0,0,0,0,0,0,1,0,0,0,0,0,0,0,0,0,1,0,1,0,0,1,0,0,0,44,0,0,0,0,-227.27272727272728,0.0,0.0,-1,0.0,0.0,0.0,0.0,0.0,2,1,0,51.27272727272727,16,0,0,1,0,1,0,0,0,0,0,0,0,2,2,0,0,0,0,0,0,2,2,0,0,0,44,0,0,0,0,227.27272727272728,113.63636363636364,0.0,3,0.0,0.0,100.0,0.0,0.0,2,1,2,51.27272727272727
S43G01N130,2023-2024,20231231,away,70,0,0,0,0,0,0,1,0,0,0,0,0,0,0,0,0,1,0,1,0,0,1,0,0,0,48,0,0,0,0,-106.38297872340426,0.0,0.0,-1,0.0,0.0,0.0,0.0,0.0,2,1,0,72.0,16,0,0,1,0,1,0,0,0,1,0,0,0,2,2,0,0,1,0,0,0,2,3,0,0,0,48,0,0,0,0,106.38297872340426,53.19148936170213,0.0,2,0.0,0.0,100.0,0.0,0.0,2,1,2,72.0
S43G01N130,2023-2024,20231231,away,70,0,0,1,0,1,0,1,0,0,0,0,0,0,0,0,0,1,0,1,0,0,1,0,0,0,50,0,0,0,0,-106.38297872340426,0.0,0.0,0,0.0,0.0,0.0,0.0,0.0,2,1,0,69.12,16,0,0,1,0,1,0,0,0,1,0,0,0,2,2,0,0,1,0,0,0,2,3,0,0,0,50,0,0,0,0,106.38297872340426,53.19148936170213,0.0,2,0.0,0.0,100.0,0.0,0.0,2,1,2,69.12
S43G01N130,2023-2024,20231231,away,70,0,0,1,0,1,0,2,0,0,0,0,0,0,0,0,0,2,0,1,0,0,2,0,0,0,59,0,0,0,0,-106.38297872340426,0.0,0.0,-1,0.0,0.0,0.0,0.0,0.0,2,1,0,78.91525423728812,16,0,0,1,0,1,0,0,0,1,0,0,0,2,2,0,0,1,0,0,0,2,3,0,0,0,59,0,0,0,0,106.38297872340426,53.19148936170213,0.0,2,0.0,0.0,100.0,0.0,0.0,2,1,2,78.91525423728812
S43G01N130,2023-2024,20231231,away,70,0,0,1,0,1,0,2,0,0,0,0,0,0,0,0,0,2,0,1,0,0,2,0,0,0,60,0,0,0,0,-106.38297872340426,0.0,0.0,-1,0.0,0.0,0.0,0.0,0.0,2,1,0,77.6,16,0,0,2,0,2,0,0,0,1,0,0,0,2,2,0,0,1,0,0,0,2,3,0,0,0,60,0,0,0,0,106.38297872340426,53.19148936170213,0.0,3,0.0,0.0,100.0,0.0,0.0,2,1,2,77.6
S43G01N130,2023-2024,20231231,away,70,0,0,1,0,1,0,2,0,0,0,0,0,0,0,0,0,2,0,2,1,0,2,0,0,0,65,0,0,0,0,-106.38297872340426,0.0,0.0,-1,0.0,0.0,0.0,0.0,0.0,2,1,0,71.63076923076922,16,0,0,2,0,2,0,0,0,1,0,0,0,2,2,0,0,1,0,0,0,2,3,0,0,0,65,0,0,0,0,106.38297872340426,53.19148936170213,0.0,3,0.0,0.0,100.0,0.0,0.0,2,1,2,71.63076923076922
S43G01N130,2023-2024,20231231,away,70,0,0,1,0,1,0,2,0,0,0,0,0,0,0,0,0,2,0,2,1,0,2,0,0,0,65,0,0,0,0,-106.38297872340426,0.0,0.0,-1,0.0,0.0,0.0,0.0,0.0,2,1,0,71.63076923076922,16,0,0,2,0,2,0,0,0,1,0,0,0,2,2,0,0,1,0,0,0,2,3,0,0,0,65,0,0,0,0,106.38297872340426,53.19148936170213,0.0,3,0.0,0.0,100.0,0.0,0.0,2,1,2,71.63076923076922
S43G01N130,2023-2024,20231231,away,70,0,0,1,0,1,0,2,0,0,0,0,0,0,0,0,0,2,0,2,1,0,2,0,0,0,80,0,0,0,0,-69.44444444444444,0.0,0.0,-1,0.0,0.0,0.0,0.0,0.0,2,1,0,73.2,16,0,0,2,0,2,0,0,0,2,0,0,0,2,2,0,0,2,0,0,0,2,4,0,0,0,80,0,0,0,0,69.44444444444444,34.72222222222222,0.0,2,0.0,0.0,100.0,0.0,0.0,2,1,2,73.2
S43G01N130,2023-2024,20231231,away,70,0,0,2,0,2,0,2,0,0,0,0,0,0,0,0,0,2,0,2,1,0,2,0,0,0,82,0,0,0,0,-69.44444444444444,0.0,0.0,0,0.0,0.0,0.0,0.0,0.0,2,1,0,71.41463414634147,16,0,0,2,0,2,0,0,0,2,0,0,0,2,2,0,0,2,0,0,0,2,4,0,0,0,82,0,0,0,0,69.44444444444444,34.72222222222222,0.0,2,0.0,0.0,100.0,0.0,0.0,2,1,2,71.41463414634147
S43G01N130,2023-2024,20231231,away,70,0,0,2,0,2,0,2,0,1,1,0,0,0,0,0,0,3,1,2,1,3,3,0,0,0,99,0,0,0,0,30.555555555555557,50.0,50.0,3,0.0,0.0,0.0,0.0,0.0,3,2,1,71.27272727272727,16,0,0,2,0,2,0,0,0,2,0,0,0,2,2,0,0,2,0,0,0,2,4,0,0,0,99,0,0,0,0,-30.555555555555557,34.72222222222222,0.0,2,0.0,0.0,100.0,0.0,0.0,3,2,2,71.27272727272727
S43G01N130,2023-2024,20231231,away,70,1,0,2,0,2,0,2,0,1,1,0,0,0,0,0,0,3,1,2,1,3,3,0,0,0,99,0,0,0,0,30.555555555555557,50.0,50.0,4,0.0,0.0,0.0,100.0,0.0,3,2,1,71.27272727272727,16,0,0,2,0,2,0,0,0,2,0,0,0,2,2,0,0,2,0,0,0,2,4,0,0,0,99,0,0,0,0,-30.555555555555557,34.72222222222222,0.0,2,0.0,0.0,100.0,0.0,0.0,3,2,2,71.27272727272727
S43G01N130,2023-2024,20231231,away,70,1,0,2,0,2,0,2,0,1,1,0,0,0,0,0,0,3,1,2,1,3,3,0,0,0,115,0,0,0,0,48.45360824742268,50.0,50.0,4,0.0,0.0,0.0,100.0,0.0,3,2,1,71.79130434782608,16,0,0,2,0,2,0,1,0,2,0,0,0,2,2,0,0,3,0,0,0,2,5,0,0,0,115,0,0,0,0,-48.45360824742268,25.77319587628866,0.0,1,0.0,0.0,100.0,0.0,0.0,3,2,2,71.79130434782608
S43G01N130,2023-2024,20231231,away,70,1,0,2,0,2,0,2,0,1,1,0,0,0,0,0,0,3,1,2,1,3,3,0,0,0,116,0,0,0,0,30.555555555555557,50.0,50.0,4,0.0,0.0,0.0,100.0,0.0,3,2,1,60.827586206896555,16,0,0,2,1,3,0,1,0,2,0,0,0,2,2,0,0,3,0,0,0,2,5,0,0,0,116,0,0,0,0,-30.555555555555557,25.77319587628866,0.0,2,0.0,33.333333333333336,100.0,0.0,0.0,3,2,2,60.827586206896555
S43G01N130,2023-2024,20231231,away,70,1,0,2,0,2,0,2,0,1,1,0,0,0,0,0,0,3,1,3,2,3,3,0,0,0,116,0,0,0,0,30.555555555555557,50.0,50.0,4,0.0,0.0,0.0,100.0,0.0,3,2,1,60.827586206896555,16,0,0,2,1,3,0,1,0,2,0,0,0,2,2,0,0,3,0,0,0,2,5,0,0,0,116,0,0,0,0,-30.555555555555557,25.77319587628866,0.0,2,0.0,33.333333333333336,100.0,0.0,0.0,3,2,2,60.827586206896555
S43G01N130,2023-2024,20231231,away,70,1,0,2,0,2,0,2,0,1,1,0,0,0,0,0,0,3,1,3,2,3,3,0,0,0,116,0,0,0,0,30.555555555555557,50.0,50.0,4,0.0,0.0,0.0,100.0,0.0,3,2,1,60.827586206896555,16,0,0,2,1,3,0,1,0,2,0,0,0,2,2,0,0,3,0,0,0,2,5,0,0,0,116,0,0,0,0,-30.555555555555557,25.77319587628866,0.0,2,0.0,33.333333333333336,100.0,0.0,0.0,3,2,2,60.827586206896555
S43G01N130,2023-2024,20231231,away,70,1,0,2,0,2,0,2,0,1,1,0,0,0,0,0,0,3,1,3,2,3,3,0,0,0,130,0,0,0,0,-3.0927835051546424,50.0,50.0,4,0.0,0.0,0.0,100.0,0.0,2,3,1,63.5076923076923,16,0,0,2,1,3,0,2,1,2,0,0,0,2,2,0,0,4,1,0,0,4,6,0,0,0,130,0,0,0,0,3.0927835051546424,40.98360655737705,25.0,4,0.0,33.333333333333336,100.0,0.0,0.0,2,3,2,63.5076923076923
S43G01N130,2023-2024,20231231,away,70,1,0,2,0,2,0,2,0,2,2,0,0,0,0,0,0,4,2,3,2,6,4,0,0,0,140,0,0,0,0,46.90721649484536,75.0,75.0,7,0.0,0.0,0.0,50.0,0.0,3,4,2,67.54285714285714,16,0,0,2,1,3,0,2,1,2,0,0,0,2,2,0,0,4,1,0,0,4,6,0,0,0,140,0,0,0,0,-46.90721649484536,40.98360655737705,25.0,4,0.0,33.333333333333336,100.0,0.0,0.0,3,4,2,67.54285714285714
S43G01N130,2023-2024,20231231,away,70,1,0,2,0,2,0,2,0,2,2,0,0,0,0,0,0,4,2,3,2,6,4,0,0,0,159,0,0,0,0,68.0327868852459,75.0,75.0,7,0.0,0.0,0.0,50.0,0.0,3,4,2,67.0188679245283,16,0,0,2,1,3,0,3,1,2,0,0,0,2,2,0,0,5,1,0,0,4,7,0,0,0,159,0,0,0,0,-68.0327868852459,34.013605442176875,20.0,3,0.0,33.333333333333336,100.0,0.0,0.0,3,4,2,67.0188679245283
S43G01N130,2023-2024,20231231,away,70,1,0,3,0,3,0,2,0,2,2,0,0,0,0,0,0,4,2,3,2,6,4,0,0,0,160,0,0,0,0,68.0327868852459,75.0,75.0,8,0.0,0.0,0.0,50.0,0.0,3,4,2,66.6,16,0,0,2,1,3,0,3,1,2,0,0,0,2,2,0,0,5,1,0,0,4,7,0,0,0,160,0,0,0,0,-68.0327868852459,34.013605442176875,20.0,3,0.0,25.0,100.0,0.0,0.0,3,4,2,66.6
S43G01N130,2023-2024,20231231,away,70,1,0,3,0,3,0,3,0,2,2,0,0,0,0,0,0,5,2,3,2,6,5,0,0,0,181,0,0,0,0,38.0327868852459,60.0,60.0,7,0.0,0.0,0.0,50.0,0.0,3,4,2,65.50276243093921,16,0,0,2,1,3,0,3,1,2,0,0,0,2,2,0,0,5,1,0,0,4,7,0,0,0,181,0,0,0,0,-38.0327868852459,34.013605442176875,20.0,3,0.0,25.0,100.0,0.0,0.0,3,4,2,65.50276243093921
S43G01N130,2023-2024,20231231,away,70,1,0,3,0,3,0,3,0,2,2,0,0,0,0,0,0,5,2,3,2,6,5,0,0,0,182,0,0,0,0,38.0327868852459,60.0,60.0,7,0.0,0.0,0.0,50.0,0.0,3,4,2,65.14285714285714,16,0,0,3,1,4,0,3,1,2,0,0,0,2,2,0,0,5,1,0,0,4,7,0,0,0,182,0,0,0,0,-38.0327868852459,34.013605442176875,20.0,4,0.0,25.0,100.0,0.0,0.0,3,4,2,65.14285714285714
S43G01N130,2023-2024,20231231,away,70,1,0,3,0,3,0,3,0,2,2,0,0,0,0,0,0,5,2,3,2,6,5,0,0,0,196,0,0,0,0,51.97278911564625,60.0,60.0,7,0.0,0.0,0.0,50.0,0.0,3,4,2,66.61224489795917,16,0,0,3,1,4,0,3,1,2,0,0,0,2,2,0,0,5,1,0,0,4,7,0,0,1,196,0,0,0,1,-51.97278911564625,34.013605442176875,20.0,3,14.534883720930234,25.0,100.0,0.0,0.0,3,4,2,66.61224489795917
S43G01N130,2023-2024,20231231,away,70,1,0,3,0,3,0,3,0,2,2,0,0,0,0,0,0,5,2,3,2,6,5,1,0,0,198,0,0,0,0,51.97278911564625,60.0,60.0,8,0.0,0.0,0.0,50.0,0.0,3,4,2,65.93939393939394,16,0,0,3,1,4,0,3,1,2,0,0,0,2,2,0,0,5,1,0,0,4,7,0,0,1,198,0,0,0,1,-51.97278911564625,34.013605442176875,20.0,3,14.534883720930234,25.0,100.0,0.0,0.0,3,4,2,65.93939393939394
S43G01N130,2023-2024,20231231,away,70,1,0,3,0,3,0,3,0,3,3,0,0,0,0,0,0,6,3,3,2,9,6,1,0,0,203,0,0,0,0,81.97278911564625,75.0,75.0,11,0.0,0.0,0.0,33.333333333333336,0.0,6,4,5,70.22660098522167,16,0,0,3,1,4,0,3,1,2,0,0,0,2,2,0,0,5,1,0,0,4,7,0,0,1,203,0,0,0,1,-81.97278911564625,34.013605442176875,20.0,3,14.534883720930234,25.0,100.0,0.0,0.0,6,4,2,70.22660098522167
S43G01N130,2023-2024,20231231,away,70,2,0,3,0,3,0,3,0,3,3,0,0,0,0,0,0,6,3,3,2,9,6,1,0,0,203,0,0,0,0,81.97278911564625,75.0,75.0,12,0.0,0.0,0.0,66.66666666666667,0.0,6,4,5,70.22660098522167,16,0,0,3,1,4,0,3,1,2,0,0,0,2,2,0,0,5,1,0,0,4,7,0,0,1,203,0,0,0,1,-81.97278911564625,34.013605442176875,20.0,3,14.534883720930234,25.0,100.0,0.0,0.0,6,4,2,70.22660098522167
S43G01N130,2023-2024,20231231,away,70,2,0,3,0,3,0,3,0,3,3,0,0,0,0,0,0,6,3,3,2,9,6,1,0,0,225,0,0,0,0,91.86046511627907,75.0,75.0,12,0.0,0.0,0.0,66.66666666666667,0.0,6,4,5,68.69333333333333,16,0,0,3,1,4,0,4,1,2,0,0,0,2,2,0,0,6,1,0,0,4,8,0,0,1,225,0,0,0,1,-91.86046511627907,29.069767441860467,16.666666666666668,2,12.690355329949238,25.0,100.0,0.0,0.0,6,4,2,68.69333333333333
S43G01N130,2023-2024,20231231,away,70,2,0,4,0,4,0,3,0,3,3,0,0,0,0,0,0,6,3,3,2,9,6,1,0,0,226,0,0,0,0,91.86046511627907,75.0,75.0,13,0.0,0.0,0.0,66.66666666666667,0.0,6,4,5,68.38938053097345,16,0,0,3,1,4,0,4,1,2,0,0,0,2,2,0,0,6,1,0,0,4,8,0,0,1,226,0,0,0,1,-91.86046511627907,29.069767441860467,16.666666666666668,2,12.690355329949238,20.0,100.0,0.0,0.0,6,4,2,68.38938053097345
S43G01N130,2023-2024,20231231,away,70,2,0,4,0,4,0,3,0,3,3,0,0,0,0,0,0,6,3,3,2,9,6,1,0,1,233,0,0,0,1,70.43189368770766,75.0,75.0,12,14.285714285714286,0.0,0.0,66.66666666666667,2.0,6,4,5,71.48497854077253,16,0,0,3,1,4,0,4,1,2,0,0,0,2,2,0,0,6,1,0,0,4,8,0,0,1,233,0,0,0,1,-70.43189368770766,29.069767441860467,16.666666666666668,2,12.690355329949238,20.0,100.0,0.0,0.0,6,4,2,71.48497854077253
S43G01N130,2023-2024,20231231,away,70,2,0,4,0,4,0,3,0,3,3,0,0,0,0,0,0,6,3,3,2,9,6,1,0,1,234,0,0,0,1,70.43189368770766,75.0,75.0,12,14.285714285714286,0.0,0.0,66.66666666666667,2.0,6,4,5,71.17948717948718,16,0,0,3,1,4,0,4,1,2,0,0,0,2,2,0,0,6,1,0,0,4,8,1,0,1,234,0,0,0,1,-70.43189368770766,29.069767441860467,16.666666666666668,3,12.690355329949238,20.0,100.0,0.0,0.0,6,4,2,71.17948717948718
S43G01N130,2023-2024,20231231,away,70,2,0,4,0,4,0,3,0,3,3,0,0,0,0,0,0,6,3,3,2,9,6,1,0,1,239,0,0,0,1,52.42929659173315,75.0,75.0,12,14.285714285714286,0.0,0.0,66.66666666666667,2.0,2,4,5,74.71129707112969,16,0,0,3,1,4,0,5,2,2,0,0,0,2,2,0,0,7,2,0,0,6,9,1,0,1,239,0,0,0,1,-52.42929659173315,38.07106598984772,28.571428571428573,5,11.261261261261263,20.0,100.0,0.0,0.0,2,4,2,74.71129707112969
S43G01N130,2023-2024,20231231,away,70,2,0,4,0,4,0,3,0,3,3,0,0,0,0,0,0,6,3,3,2,9,6,1,0,1,239,0,0,0,1,52.42929659173315,75.0,75.0,12,14.285714285714286,0.0,0.0,66.66666666666667,2.0,2,4,5,74.71129707112969,16,1,0,3,1,4,0,5,2,2,0,0,0,2,2,0,0,7,2,0,0,6,9,1,0,1,239,0,0,0,1,-52.42929659173315,38.07106598984772,28.571428571428573,6,11.261261261261263,20.0,100.0,50.0,1.0,2,4,2,74.71129707112969
S43G01N130,2023-2024,20231231,away,70,2,0,4,0,4,0,3,0,3,3,0,0,0,0,0,0,6,3,3,2,9,6,1,0,1,240,0,0,0,1,52.42929659173315,75.0,75.0,12,14.285714285714286,0.0,0.0,66.66666666666667,2.0,2,4,5,74.39999999999999,16,1,0,3,1,4,0,5,2,2,0,0,0,2,2,1,2,7,2,0,0,6,9,1,0,1,240,0,0,0,1,-52.42929659173315,38.07106598984772,28.571428571428573,6,11.261261261261263,20.0,100.0,50.0,1.0,2,4,2,74.39999999999999
S43G01N130,2023-2024,20231231,away,70,2,0,4,0,4,0,3,0,3,3,0,0,0,0,0,0,6,3,3,2,9,6,1,0,1,246,0,0,0,1,52.42929659173315,75.0,75.0,12,14.285714285714286,0.0,0.0,66.66666666666667,2.0,2,4,5,72.58536585365853,16,1,0,3,1,4,0,5,2,2,0,0,0,2,2,1,2,7,2,1,1,6,9,1,0,1,246,0,0,0,1,-52.42929659173315,38.07106598984772,28.571428571428573,6,11.261261261261263,20.0,100.0,50.0,1.0,2,4,2,72.58536585365853
S43G01N130,2023-2024,20231231,away,70,2,0,4,0,4,0,3,0,3,3,0,0,0,0,0,0,6,3,3,2,9,6,1,0,1,246,0,0,0,1,52.42929659173315,75.0,75.0,12,14.285714285714286,0.0,0.0,66.66666666666667,2.0,2,4,5,72.58536585365853,16,1,0,3,1,4,0,5,2,2,0,0,0,2,2,1,2,7,2,1,1,6,9,1,0,1,246,0,0,0,1,-52.42929659173315,38.07106598984772,28.571428571428573,6,11.261261261261263,20.0,100.0,50.0,1.0,2,4,2,72.58536585365853
S43G01N130,2023-2024,20231231,away,70,2,0,4,0,4,0,3,0,4,3,0,0,0,0,0,0,7,3,3,2,9,7,1,0,1,250,0,0,0,1,36.357868020304565,64.28571428571429,64.28571428571429,11,12.5,0.0,0.0,66.66666666666667,2.0,2,4,5,76.22399999999999,16,1,0,3,1,4,0,5,2,2,0,0,0,2,2,1,2,7,2,1,1,6,9,1,0,1,250,0,0,0,1,-36.357868020304565,38.07106598984772,28.571428571428573,6,11.261261261261263,20.0,100.0,50.0,1.0,2,4,2,76.22399999999999
S43G01N130,2023-2024,20231231,away,70,2,0,4,0,4,0,3,0,4,3,0,0,0,0,0,0,7,3,3,2,9,7,1,0,1,252,0,0,0,1,36.357868020304565,64.28571428571429,64.28571428571429,11,12.5,0.0,0.0,66.66666666666667,2.0,2,4,5,75.61904761904762,16,1,0,4,1,5,0,5,2,2,0,0,0,2,2,1,2,7,2,1,1,6,9,1,0,1,252,0,0,0,1,-36.357868020304565,38.07106598984772,28.571428571428573,7,11.261261261261263,20.0,100.0,50.0,1.0,2,4,2,75.61904761904762
S43G01N130,2023-2024,20231231,away,70,2,0,4,0,4,0,3,0,4,3,0,0,0,0,0,0,7,3,3,2,9,7,1,0,1,269,0,0,0,1,44.93243243243242,64.28571428571429,64.28571428571429,11,12.5,0.0,0.0,66.66666666666667,2.0,2,4,5,75.30111524163569,16,1,0,4,1,5,0,5,2,2,0,0,0,2,2,1,2,7,2,1,1,6,9,1,0,2,269,0,0,0,2,-44.93243243243242,38.07106598984772,28.571428571428573,6,20.24291497975709,20.0,100.0,50.0,0.5,2,4,2,75.30111524163569
S43G01N130,2023-2024,20231231,away,70,2,0,4,0,4,0,3,0,4,3,0,0,0,0,0,0,7,3,3,2,9,7,2,0,1,270,0,0,0,1,44.93243243243242,64.28571428571429,64.28571428571429,12,12.5,0.0,0.0,66.66666666666667,2.0,2,4,5,75.02222222222223,16,1,0,4,1,5,0,5,2,2,0,0,0,2,2,1,2,7,2,1,1,6,9,1,0,2,270,0,0,0,2,-44.93243243243242,38.07106598984772,28.571428571428573,6,20.24291497975709,20.0,100.0,50.0,0.5,2,4,2,75.02222222222223
S43G01N130,2023-2024,20231231,away,70,2,0,4,0,4,0,4,0,4,3,0,0,0,0,0,0,8,3,3,2,9,8,2,0,1,286,0,0,0,1,32.43243243243242,56.25,56.25,11,11.11111111111111,0.0,0.0,66.66666666666667,2.0,2,4,5,75.02097902097901,16,1,0,4,1,5,0,5,2,2,0,0,0,2,2,1,2,7,2,1,1,6,9,1,0,2,286,0,0,0,2,-32.43243243243242,38.07106598984772,28.571428571428573,6,20.24291497975709,20.0,100.0,50.0,0.5,2,4,2,75.02097902097901
S43G01N130,2023-2024,20231231,away,70,2,0,4,0,4,0,4,0,4,3,0,0,0,0,0,0,8,3,3,2,9,8,2,0,1,287,0,0,0,1,32.43243243243242,56.25,56.25,11,11.11111111111111,0.0,0.0,66.66666666666667,2.0,2,4,5,74.75958188153311,16,1,0,5,1,6,0,5,2,2,0,0,0,2,2,1,2,7,2,1,1,6,9,1,0,2,287,0,0,0,2,-32.43243243243242,38.07106598984772,28.571428571428573,7,20.24291497975709,20.0,100.0,50.0,0.5,2,4,2,74.75958188153311
S43G01N130,2023-2024,20231231,away,70,2,0,4,0,4,0,4,0,4,3,0,0,0,0,0,0,8,3,3,2,9,8,2,0,1,292,0,0,0,1,39.27125506072875,56.25,56.25,11,11.11111111111111,0.0,0.0,66.66666666666667,2.0,2,4,5,77.58904109589042,16,1,0,5,1,6,0,6,2,2,0,0,0,2,2,1,2,8,2,1,1,6,10,1,0,2,292,0,0,0,2,-39.27125506072875,33.78378378378378,25.0,6,18.38235294117647,20.0,100.0,50.0,0.5,2,4,2,77.58904109589042
S43G01N130,2023-2024,20231231,away,70,2,0,5,0,5,0,4,0,4,3,0,0,0,0,0,0,8,3,3,2,9,8,2,0,1,293,0,0,0,1,39.27125506072875,56.25,56.25,12,11.11111111111111,0.0,0.0,66.66666666666667,2.0,2,4,5,77.32423208191126,16,1,0,5,1,6,0,6,2,2,0,0,0,2,2,1,2,8,2,1,1,6,10,1,0,2,293,0,0,0,2,-39.27125506072875,33.78378378378378,25.0,6,18.38235294117647,16.666666666666668,100.0,50.0,0.5,2,4,2,77.32423208191126
S43G01N130,2023-2024,20231231,away,70,2,0,5,0,5,0,5,1,4,3,0,0,0,0,0,0,9,4,3,2,11,9,2,0,1,305,0,0,0,1,49.27125506072875,61.111111111111114,61.111111111111114,14,10.0,0.0,0.0,50.0,2.0,2,4,5,78.21639344262296,16,1,0,5,1,6,0,6,2,2,0,0,0,2,2,1,2,8,2,1,1,6,10,1,0,2,305,0,0,0,2,-49.27125506072875,33.78378378378378,25.0,6,18.38235294117647,16.666666666666668,100.0,50.0,0.5,2,4,2,78.21639344262296
S43G01N130,2023-2024,20231231,away,70,2,0,5,0,5,0,5,1,4,3,0,0,0,0,0,0,9,4,3,2,11,9,2,0,1,305,0,0,0,1,49.27125506072875,61.111111111111114,61.111111111111114,14,10.0,0.0,0.0,50.0,2.0,2,4,5,78.21639344262296,16,1,0,5,1,6,0,6,2,2,0,0,0,2,2,1,2,8,2,1,1,6,10,1,0,2,305,0,0,0,2,-49.27125506072875,33.78378378378378,25.0,6,18.38235294117647,16.666666666666668,100.0,50.0,0.5,2,4,2,78.21639344262296
S43G01N130,2023-2024,20231231,away,70,2,0,5,0,5,0,5,1,4,3,0,0,0,0,0,0,9,4,3,2,11,9,2,0,1,326,0,0,0,1,54.852941176470594,61.111111111111114,61.111111111111114,14,10.0,0.0,0.0,50.0,2.0,2,4,5,76.85889570552148,16,1,0,5,1,6,0,7,2,2,0,0,0,2,2,1,2,9,2,1,1,6,11,1,0,2,326,0,0,0,2,-54.852941176470594,30.364372469635626,22.22222222222222,5,16.835016835016834,16.666666666666668,100.0,50.0,0.5,2,4,2,76.85889570552148
S43G01N130,2023-2024,20231231,away,70,2,1,5,0,5,0,5,1,4,3,0,0,0,0,0,0,9,4,3,2,11,9,2,0,1,327,0,0,0,1,54.852941176470594,61.111111111111114,61.111111111111114,15,10.0,0.0,0.0,50.0,2.0,2,4,5,76.62385321100919,16,1,0,5,1,6,0,7,2,2,0,0,0,2,2,1,2,9,2,1,1,6,11,1,0,2,327,0,0,0,2,-54.852941176470594,30.364372469635626,22.22222222222222,5,16.835016835016834,16.666666666666668,100.0,50.0,0.5,2,4,2,76.62385321100919
S43G01N130,2023-2024,20231231,away,70,2,1,6,0,6,0,5,1,4,3,0,0,0,0,0,0,9,4,3,2,11,9,2,0,1,328,0,0,0,1,54.852941176470594,61.111111111111114,61.111111111111114,16,10.0,0.0,0.0,50.0,2.0,2,4,5,76.39024390243904,16,1,0,5,1,6,0,7,2,2,0,0,0,2,2,1,2,9,2,1,1,6,11,1,0,2,328,0,0,0,2,-54.852941176470594,30.364372469635626,22.22222222222222,5,16.835016835016834,14.285714285714286,100.0,50.0,0.5,2,4,2,76.39024390243904
S43G01N130,2023-2024,20231231,away,70,2,1,6,0,6,0,5,1,5,3,0,0,0,0,0,0,10,4,3,2,11,10,2,0,1,338,0,0,0,1,44.852941176470594,55.0,55.0,15,9.090909090909092,0.0,0.0,50.0,2.0,2,4,5,77.68047337278107,16,1,0,5,1,6,0,7,2,2,0,0,0,2,2,1,2,9,2,1,1,6,11,1,0,2,338,0,0,0,2,-44.852941176470594,30.364372469635626,22.22222222222222,5,16.835016835016834,14.285714285714286,100.0,50.0,0.5,2,4,2,77.68047337278107
S43G01N130,2023-2024,20231231,away,70,2,1,6,0,6,0,5,1,5,3,0,0,0,0,0,0,10,4,3,2,11,10,2,0,1,339,0,0,0,1,44.852941176470594,55.0,55.0,15,9.090909090909092,0.0,0.0,50.0,2.0,2,4,5,77.45132743362834,16,1,0,6,1,7,0,7,2,2,0,0,0,2,2,1,2,9,2,1,1,6,11,1,0,2,339,0,0,0,2,-44.852941176470594,30.364372469635626,22.22222222222222,6,16.835016835016834,14.285714285714286,100.0,50.0,0.5,2,4,2,77.45132743362834
S43G01N130,2023-2024,20231231,away,70,2,1,6,0,6,0,5,1,5,3,0,0,0,0,0,0,10,4,3,2,11,10,2,0,1,345,0,0,0,1,44.852941176470594,55.0,55.0,15,9.090909090909092,0.0,0.0,50.0,2.0,2,4,5,76.10434782608696,16,1,0,6,1,7,0,7,2,2,0,0,0,2,2,1,2,9,2,1,1,6,11,1,0,2,345,0,0,0,2,-44.852941176470594,30.364372469635626,22.22222222222222,6,16.835016835016834,14.285714285714286,100.0,50.0,0.5,2,4,2,76.10434782608696
S43G01N130,2023-2024,20231231,away,70,2,1,6,0,6,0,5,1,5,3,0,0,0,0,0,0,10,4,3,2,11,10,2,0,1,345,0,0,0,1,44.852941176470594,55.0,55.0,15,9.090909090909092,0.0,0.0,50.0,2.0,2,4,5,76.10434782608696,16,1,0,6,1,7,0,7,2,2,0,0,0,2,2,1,2,9,2,1,1,6,11,1,0,2,345,0,0,0,2,-44.852941176470594,30.364372469635626,22.22222222222222,6,16.835016835016834,14.285714285714286,100.0,50.0,0.5,2,4,2,76.10434782608696
S43G01N130,2023-2024,20231231,away,70,2,1,6,0,6,0,5,1,5,3,0,0,0,0,0,0,10,4,3,2,11,10,2,0,1,353,0,0,0,1,32.659932659932664,55.0,55.0,15,9.090909090909092,0.0,0.0,50.0,2.0,2,4,5,77.77903682719548,16,1,0,6,1,7,0,8,3,2,0,0,0,2,2,1,2,10,3,1,1,8,12,1,0,2,353,0,0,0,2,-32.659932659932664,36.76470588235294,30.0,8,15.527950310559005,14.285714285714286,100.0,33.333333333333336,0.5,2,4,2,77.77903682719548
S43G01N130,2023-2024,20231231,away,70,2,1,6,0,6,0,5,1,5,3,0,0,0,0,0,0,10,4,3,2,11,10,2,0,1,353,0,0,0,1,32.659932659932664,55.0,55.0,15,9.090909090909092,0.0,0.0,50.0,2.0,2,4,5,77.77903682719548,16,2,0,6,1,7,0,8,3,2,0,0,0,2,2,1,2,10,3,1,1,8,12,1,0,2,353,0,0,0,2,-32.659932659932664,36.76470588235294,30.0,9,15.527950310559005,14.285714285714286,100.0,66.66666666666667,1.0,2,4,2,77.77903682719548
S43G01N130,2023-2024,20231231,away,70,2,1,6,0,6,0,6,1,5,3,0,0,0,0,0,0,11,4,3,2,11,11,2,0,1,371,0,0,0,1,24.326599326599336,50.0,50.0,14,8.333333333333334,0.0,0.0,50.0,2.0,2,4,5,77.23989218328842,16,2,0,6,1,7,0,8,3,2,0,0,0,2,2,1,2,10,3,1,1,8,12,1,0,2,371,0,0,0,2,-24.326599326599336,36.76470588235294,30.0,9,15.527950310559005,14.285714285714286,100.0,66.66666666666667,1.0,2,4,2,77.23989218328842
S43G01N130,2023-2024,20231231,away,70,2,1,6,0,6,0,6,1,5,3,0,0,0,0,0,0,11,4,3,2,11,11,2,0,1,372,0,0,0,1,24.326599326599336,50.0,50.0,14,8.333333333333334,0.0,0.0,50.0,2.0,2,4,5,77.03225806451613,16,2,0,7,1,8,0,8,3,2,0,0,0,2,2,1,2,10,3,1,1,8,12,1,0,2,372,0,0,0,2,-24.326599326599336,36.76470588235294,30.0,10,15.527950310559005,14.285714285714286,100.0,66.66666666666667,1.0,2,4,2,77.03225806451613
S43G01N130,2023-2024,20231231,away,70,2,1,6,0,6,0,6,1,5,3,0,0,0,0,0,0,11,4,3,2,11,11,2,0,1,382,0,0,0,1,29.554865424430652,50.0,50.0,14,8.333333333333334,0.0,0.0,50.0,2.0,2,4,5,78.15706806282724,16,2,0,7,1,8,0,9,3,2,0,0,0,2,2,1,2,11,3,1,1,8,13,1,0,2,382,0,0,0,2,-29.554865424430652,33.67003367003367,27.272727272727273,9,14.40922190201729,14.285714285714286,100.0,66.66666666666667,1.0,2,4,2,78.15706806282724
S43G01N130,2023-2024,20231231,away,70,2,1,6,0,6,0,6,1,5,3,0,0,0,0,0,0,11,4,3,2,11,11,2,0,1,383,0,0,0,1,24.326599326599336,50.0,50.0,14,8.333333333333334,0.0,0.0,50.0,2.0,2,4,5,74.81984334203656,16,2,0,7,2,9,0,9,3,2,0,0,0,2,2,1,2,11,3,1,1,8,13,1,0,2,383,0,0,0,2,-24.326599326599336,33.67003367003367,27.272727272727273,10,14.40922190201729,25.0,100.0,66.66666666666667,1.0,2,4,2,74.81984334203656
S43G01N130,2023-2024,20231231,away,70,2,1,6,0,6,0,6,1,5,3,0,0,0,0,0,0,11,4,3,2,11,11,2,0,1,384,0,0,0,1,14.026915113871638,50.0,50.0,14,8.333333333333334,0.0,0.0,50.0,2.0,4,4,5,77.75000000000001,16,2,0,7,2,9,0,10,4,2,0,0,0,2,2,1,2,12,4,1,1,10,14,1,0,2,384,0,0,0,2,-14.026915113871638,38.81987577639752,33.333333333333336,12,13.440860215053762,25.0,100.0,50.0,1.0,4,4,2,77.75000000000001
S43G01N130,2023-2024,20231231,away,70,2,1,6,0,6,0,7,1,5,3,0,0,0,0,0,0,12,4,3,2,11,12,2,0,1,403,0,0,0,1,6.97563306258958,45.833333333333336,45.833333333333336,13,7.6923076923076925,0.0,0.0,50.0,2.0,4,4,5,77.0620347394541,16,2,0,7,2,9,0,10,4,2,0,0,0,2,2,1,2,12,4,1,1,10,14,1,0,2,403,0,0,0,2,-6.97563306258958,38.81987577639752,33.333333333333336,12,13.440860215053762,25.0,100.0,50.0,1.0,4,4,2,77.0620347394541
S43G01N130,2023-2024,20231231,away,70,2,1,6,1,7,0,7,1,5,3,0,0,0,0,0,0,12,4,3,2,11,12,2,0,1,404,0,0,0,1,14.026915113871638,45.833333333333336,45.833333333333336,14,7.6923076923076925,12.5,0.0,50.0,2.0,4,4,5,73.9009900990099,16,2,0,7,2,9,0,10,4,2,0,0,0,2,2,1,2,12,4,1,1,10,14,1,0,2,404,0,0,0,2,-14.026915113871638,38.81987577639752,33.333333333333336,12,13.440860215053762,25.0,100.0,50.0,1.0,4,4,2,73.9009900990099
S43G01N130,2023-2024,20231231,away,70,2,1,6,1,7,0,7,1,6,3,0,0,0,0,0,0,13,4,3,2,11,13,2,0,1,419,0,0,0,1,6.97563306258958,42.30769230769231,42.30769230769231,13,7.142857142857143,12.5,0.0,50.0,2.0,4,4,5,74.11933174224345,16,2,0,7,2,9,0,10,4,2,0,0,0,2,2,1,2,12,4,1,1,10,14,1,0,2,419,0,0,0,2,-6.97563306258958,38.81987577639752,33.333333333333336,12,13.440860215053762,25.0,100.0,50.0,1.0,4,4,2,74.11933174224345
S43G01N130,2023-2024,20231231,away,70,2,1,6,1,7,0,7,1,6,3,0,0,0,0,0,0,13,4,3,2,11,13,2,0,1,420,0,0,0,1,6.97563306258958,42.30769230769231,42.30769230769231,13,7.142857142857143,11.11111111111111,0.0,50.0,2.0,4,4,5,73.94285714285715,16,2,0,8,2,10,0,10,4,2,0,0,0,2,2,1,2,12,4,1,1,10,14,1,0,2,420,0,0,0,2,-6.97563306258958,38.81987577639752,33.333333333333336,13,13.440860215053762,25.0,100.0,50.0,1.0,4,4,2,73.94285714285715
S43G01N130,2023-2024,20231231,away,70,2,1,6,1,7,0,7,1,6,3,0,0,0,0,0,0,13,4,3,2,11,13,2,0,1,428,0,0,0,1,12.56927510529816,42.30769230769231,42.30769230769231,13,7.142857142857143,11.11111111111111,0.0,50.0,2.0,4,4,5,75.36448598130842,16,2,0,8,2,10,0,10,4,3,0,0,0,2,2,1,2,13,4,1,1,10,15,1,0,2,428,0,0,0,2,-12.56927510529816,36.023054755043226,30.76923076923077,12,12.594458438287154,25.0,100.0,50.0,1.0,4,4,2,75.36448598130842
S43G01N130,2023-2024,20231231,away,70,2,1,6,1,7,0,7,1,6,3,0,0,0,0,0,0,13,4,3,2,11,13,2,0,1,428,0,0,0,1,12.56927510529816,42.30769230769231,42.30769230769231,13,7.142857142857143,11.11111111111111,0.0,50.0,2.0,4,4,5,75.36448598130842,16,2,0,8,2,10,1,10,4,3,0,0,0,2,2,1,2,13,4,1,1,10,15,1,0,2,428,0,0,0,2,-12.56927510529816,36.023054755043226,30.76923076923077,13,12.594458438287154,25.0,100.0,50.0,1.0,4,4,2,75.36448598130842
S43G01N130,2023-2024,20231231,away,70,2,1,6,1,7,0,7,1,6,3,0,0,0,0,0,0,13,4,3,2,11,13,2,0,1,428,0,0,0,1,12.56927510529816,42.30769230769231,42.30769230769231,13,7.142857142857143,11.11111111111111,0.0,50.0,2.0,4,4,5,75.36448598130842,16,2,0,8,2,10,1,10,4,3,0,0,0,2,2,1,2,13,4,1,1,10,15,1,0,2,428,0,0,0,2,-12.56927510529816,36.023054755043226,30.76923076923077,13,12.594458438287154,25.0,100.0,50.0,1.0,4,4,2,75.36448598130842
S43G01N130,2023-2024,20231231,away,70,2,1,6,1,7,0,7,1,6,3,0,0,0,0,0,0,13,4,3,2,11,13,2,0,1,428,0,0,0,1,12.56927510529816,42.30769230769231,42.30769230769231,13,7.142857142857143,11.11111111111111,0.0,50.0,2.0,4,4,5,75.36448598130842,16,2,0,8,2,10,1,10,4,3,0,0,0,2,2,1,2,13,4,1,1,10,15,1,0,2,428,0,0,0,2,-12.56927510529816,36.023054755043226,30.76923076923077,13,12.594458438287154,25.0,100.0,50.0,1.0,4,4,2,75.36448598130842
S43G01N130,2023-2024,20231231,away,70,2,1,6,1,7,0,7,1,6,3,0,0,0,0,0,0,13,4,3,2,11,13,2,0,1,435,0,0,0,1,17.41108354011581,42.30769230769231,42.30769230769231,13,7.142857142857143,11.11111111111111,0.0,50.0,2.0,4,4,5,76.91034482758621,16,2,0,8,2,10,1,10,4,4,0,0,0,2,2,1,2,14,4,1,1,10,16,1,0,2,435,0,0,0,2,-17.41108354011581,33.60215053763441,28.571428571428573,12,11.848341232227487,25.0,100.0,50.0,1.0,4,4,2,76.91034482758621
S43G01N130,2023-2024,20231231,away,70,2,1,7,1,8,0,7,1,6,3,0,0,0,0,0,0,13,4,3,2,11,13,2,0,1,437,0,0,0,1,17.41108354011581,42.30769230769231,42.30769230769231,14,7.142857142857143,11.11111111111111,0.0,50.0,2.0,4,4,5,76.55835240274601,16,2,0,8,2,10,1,10,4,4,0,0,0,2,2,1,2,14,4,1,1,10,16,1,0,2,437,0,0,0,2,-17.41108354011581,33.60215053763441,28.571428571428573,12,11.848341232227487,22.22222222222222,100.0,50.0,1.0,4,4,2,76.55835240274601
S43G01N130,2023-2024,20231231,away,70,2,1,7,1,8,0,8,2,6,3,0,0,0,0,0,0,14,5,3,2,13,14,2,0,1,453,0,0,0,1,25.65284178187406,46.42857142857143,46.42857142857143,16,6.666666666666667,11.11111111111111,0.0,40.0,2.0,2,4,5,76.50331125827816,16,2,0,8,2,10,1,10,4,4,0,0,0,2,2,1,2,14,4,1,1,10,16,1,0,2,453,0,0,0,2,-25.65284178187406,33.60215053763441,28.571428571428573,12,11.848341232227487,22.22222222222222,100.0,50.0,1.0,2,4,2,76.50331125827816
S43G01N130,2023-2024,20231231,away,70,2,1,7,1,8,0,8,2,6,3,0,0,0,0,0,0,14,5,4,3,13,14,2,0,1,459,0,0,0,1,25.65284178187406,46.42857142857143,46.42857142857143,16,6.666666666666667,11.11111111111111,0.0,40.0,2.0,2,4,5,75.50326797385621,16,2,0,8,2,10,1,10,4,4,0,0,0,2,2,1,2,14,4,1,1,10,16,1,0,2,459,0,0,0,2,-25.65284178187406,33.60215053763441,28.571428571428573,12,11.848341232227487,22.22222222222222,100.0,50.0,1.0,2,4,2,75.50326797385621
S43G01N130,2023-2024,20231231,away,70,2,1,7,1,8,0,8,2,6,3,0,0,0,0,0,0,14,5,4,3,13,14,2,0,1,459,0,0,0,1,25.65284178187406,46.42857142857143,46.42857142857143,16,6.666666666666667,11.11111111111111,0.0,40.0,2.0,2,4,5,75.50326797385621,16,2,0,8,2,10,1,10,4,4,0,0,0,2,2,1,2,14,4,1,1,10,16,1,0,2,459,0,0,0,2,-25.65284178187406,33.60215053763441,28.571428571428573,12,11.848341232227487,22.22222222222222,100.0,50.0,1.0,2,4,2,75.50326797385621
S43G01N130,2023-2024,20231231,away,70,2,1,7,1,8,0,8,2,6,3,0,0,0,0,0,0,14,5,4,3,13,14,2,0,1,459,0,0,0,1,25.65284178187406,46.42857142857143,46.42857142857143,16,6.666666666666667,11.11111111111111,0.0,40.0,2.0,2,4,5,75.50326797385621,16,2,0,8,2,10,1,10,4,4,0,0,0,2,2,1,2,14,4,1,1,10,16,1,0,2,459,0,0,0,2,-25.65284178187406,33.60215053763441,28.571428571428573,12,11.848341232227487,22.22222222222222,100.0,50.0,1.0,2,4,2,75.50326797385621
S43G01N130,2023-2024,20231231,away,70,2,1,7,1,8,0,8,2,6,3,0,0,0,0,0,0,14,5,4,3,13,14,2,0,1,459,0,0,0,1,25.65284178187406,46.42857142857143,46.42857142857143,16,6.666666666666667,11.11111111111111,0.0,40.0,2.0,2,4,5,75.50326797385621,16,2,0,8,2,10,1,10,4,4,0,0,0,2,2,1,2,14,4,1,1,10,16,1,0,2,459,0,0,0,2,-25.65284178187406,33.60215053763441,28.571428571428573,12,11.848341232227487,22.22222222222222,100.0,50.0,1.0,2,4,2,75.50326797385621
S43G01N130,2023-2024,20231231,away,70,2,1,7,1,8,0,8,2,6,3,0,0,0,0,0,0,14,5,5,3,13,14,2,0,1,462,0,0,0,1,25.65284178187406,46.42857142857143,46.42857142857143,16,6.666666666666667,11.11111111111111,0.0,40.0,2.0,2,4,5,75.01298701298703,16,2,0,8,2,10,1,10,4,4,0,0,0,2,2,1,2,14,4,1,1,10,16,1,0,2,462,0,0,0,2,-25.65284178187406,33.60215053763441,28.571428571428573,12,11.848341232227487,22.22222222222222,100.0,50.0,1.0,2,4,2,75.01298701298703
S43G01N130,2023-2024,20231231,away,70,2,1,7,1,8,0,8,2,6,3,0,0,0,0,0,0,14,5,5,3,13,14,2,0,1,462,0,0,0,1,25.65284178187406,46.42857142857143,46.42857142857143,16,6.666666666666667,11.11111111111111,0.0,40.0,2.0,2,4,5,75.01298701298703,16,2,0,8,2,10,1,10,4,4,0,0,0,2,2,1,2,14,4,1,1,10,16,1,0,2,462,0,0,0,2,-25.65284178187406,33.60215053763441,28.571428571428573,12,11.848341232227487,22.22222222222222,100.0,50.0,1.0,2,4,2,75.01298701298703
S43G01N130,2023-2024,20231231,away,70,2,1,7,1,8,0,8,2,6,3,0,0,0,0,0,0,14,5,5,3,13,14,2,0,1,462,0,0,0,1,21.055576277508393,46.42857142857143,46.42857142857143,16,6.666666666666667,11.11111111111111,0.0,40.0,2.0,1,4,5,76.15584415584415,16,2,0,8,2,10,1,10,4,4,0,0,0,3,3,1,2,14,4,1,1,11,17,1,0,2,462,0,0,0,2,-21.055576277508393,35.900783289817234,28.571428571428573,13,11.547344110854503,22.22222222222222,100.0,50.0,1.0,1,4,2,76.15584415584415
S43G01N130,2023-2024,20231231,away,70,2,1,7,1,8,0,8,2,6,3,0,0,0,0,0,0,14,5,5,3,13,14,2,0,1,462,0,0,0,1,23.06018854242204,46.42857142857143,46.42857142857143,16,6.666666666666667,11.11111111111111,0.0,40.0,2.0,1,4,5,77.29870129870129,16,2,0,8,2,10,1,10,4,4,0,0,0,4,3,1,2,14,4,1,1,11,18,1,0,2,462,0,0,0,2,-23.06018854242204,34.898477157360404,28.571428571428573,12,11.261261261261263,22.22222222222222,75.0,50.0,1.0,1,4,2,77.29870129870129
S43G01N130,2023-2024,20231231,away,70,2,1,8,1,9,0,8,2,6,3,0,0,0,0,0,0,14,5,5,3,13,14,2,0,1,464,0,0,0,1,23.06018854242204,46.42857142857143,46.42857142857143,17,6.666666666666667,11.11111111111111,0.0,40.0,2.0,1,4,5,76.9655172413793,16,2,0,8,2,10,1,10,4,4,0,0,0,4,3,1,2,14,4,1,1,11,18,1,0,2,464,0,0,0,2,-23.06018854242204,34.898477157360404,28.571428571428573,12,11.261261261261263,20.0,75.0,50.0,1.0,1,4,2,76.9655172413793
S43G01N130,2023-2024,20231231,away,70,2,1,8,1,9,0,9,3,6,3,0,0,0,0,0,0,15,6,5,3,15,15,2,0,1,479,0,0,0,1,30.20304568527918,50.0,50.0,19,6.25,11.11111111111111,0.0,33.333333333333336,2.0,2,4,5,77.06054279749478,16,2,0,8,2,10,1,10,4,4,0,0,0,4,3,1,2,14,4,1,1,11,18,1,0,2,479,0,0,0,2,-30.20304568527918,34.898477157360404,28.571428571428573,12,11.261261261261263,20.0,75.0,50.0,1.0,2,4,2,77.06054279749478
S43G01N130,2023-2024,20231231,away,70,2,1,8,1,9,0,9,3,6,3,0,0,0,0,0,0,15,6,5,3,15,15,2,0,1,486,0,0,0,1,22.43436754176612,50.0,50.0,19,6.25,11.11111111111111,0.0,33.333333333333336,2.0,2,4,5,78.41975308641975,16,2,0,8,2,10,1,11,5,4,0,1,1,4,3,1,2,15,5,1,1,13,19,1,0,2,486,0,0,0,2,-22.43436754176612,38.78281622911694,33.333333333333336,14,10.660980810234541,20.0,75.0,40.0,1.0,2,4,2,78.41975308641975
S43G01N130,2023-2024,20231231,away,70,2,1,8,1,9,0,9,3,6,3,0,0,0,0,0,0,15,6,5,3,15,15,2,0,1,486,0,0,0,1,22.43436754176612,50.0,50.0,19,6.25,11.11111111111111,0.0,33.333333333333336,2.0,2,4,5,78.41975308641975,16,3,0,8,2,10,1,11,5,4,0,1,1,4,3,1,2,15,5,1,1,13,19,1,0,2,486,0,0,0,2,-22.43436754176612,38.78281622911694,33.333333333333336,15,10.660980810234541,20.0,75.0,60.0,1.5,2,4,2,78.41975308641975
S43G01N130,2023-2024,20231231,away,70,2,1,8,1,9,0,10,3,6,3,0,0,0,0,0,0,16,6,5,3,15,16,2,0,1,511,0,0,0,1,16.18436754176612,46.875,46.875,18,5.882352941176471,11.11111111111111,0.0,33.333333333333336,2.0,2,4,5,76.93150684931507,16,3,0,8,2,10,1,11,5,4,0,1,1,4,3,1,2,15,5,1,1,13,19,1,0,2,511,0,0,0,2,-16.18436754176612,38.78281622911694,33.333333333333336,15,10.660980810234541,20.0,75.0,60.0,1.5,2,4,2,76.93150684931507
S43G01N130,2023-2024,20231231,away,70,2,1,8,1,9,0,10,3,6,3,0,0,0,0,0,0,16,6,5,3,15,16,2,0,1,513,0,0,0,1,16.18436754176612,46.875,46.875,18,5.882352941176471,10.0,0.0,33.333333333333336,2.0,2,4,5,76.63157894736842,16,3,0,9,2,11,1,11,5,4,0,1,1,4,3,1,2,15,5,1,1,13,19,1,0,2,513,0,0,0,2,-16.18436754176612,38.78281622911694,33.333333333333336,16,10.660980810234541,20.0,75.0,60.0,1.5,2,4,2,76.63157894736842
S43G01N130,2023-2024,20231231,away,70,2,1,8,1,9,0,10,3,6,3,0,0,0,0,0,0,16,6,5,3,15,16,2,0,1,515,0,0,0,1,9.290540540540547,46.875,46.875,18,5.882352941176471,10.0,0.0,33.333333333333336,2.0,4,4,5,78.66407766990292,16,3,0,9,2,11,1,12,6,4,0,1,1,4,3,1,2,16,6,1,1,15,20,1,0,2,515,0,0,0,2,-9.290540540540547,42.229729729729726,37.5,18,10.121457489878543,20.0,75.0,50.0,1.5,4,4,2,78.66407766990292
S43G01N130,2023-2024,20231231,away,70,2,1,8,1,9,0,10,3,6,3,0,0,0,0,0,0,16,6,5,3,15,16,2,0,1,515,0,0,0,1,9.290540540540547,46.875,46.875,18,5.882352941176471,10.0,0.0,33.333333333333336,2.0,4,4,5,78.66407766990292,16,4,0,9,2,11,1,12,6,4,0,1,1,4,3,1,2,16,6,1,1,15,20,1,0,2,515,0,0,0,2,-9.290540540540547,42.229729729729726,37.5,19,10.121457489878543,20.0,75.0,66.66666666666667,2.0,4,4,2,78.66407766990292
S43G01N130,2023-2024,20231231,away,70,2,1,8,1,9,0,10,3,6,3,0,0,0,0,0,0,16,6,5,3,15,16,2,0,1,515,0,0,0,1,9.290540540540547,46.875,46.875,18,5.882352941176471,10.0,0.0,33.333333333333336,2.0,4,4,5,78.66407766990292,16,4,0,9,2,11,1,12,6,4,0,1,1,4,3,2,4,16,6,1,1,15,20,1,0,2,515,0,0,0,2,-9.290540540540547,42.229729729729726,37.5,19,10.121457489878543,20.0,75.0,66.66666666666667,2.0,4,4,2,78.66407766990292
S43G01N130,2023-2024,20231231,away,70,2,1,8,1,9,0,11,4,6,3,0,0,0,0,0,0,17,7,5,3,17,17,2,0,1,520,0,0,0,1,15.540540540540547,50.0,50.0,20,5.555555555555555,10.0,0.0,28.571428571428573,2.0,2,4,5,80.21538461538462,16,4,0,9,2,11,1,12,6,4,0,1,1,4,3,2,4,16,6,1,1,15,20,1,0,2,520,0,0,0,2,-15.540540540540547,42.229729729729726,37.5,19,10.121457489878543,20.0,75.0,66.66666666666667,2.0,2,4,2,80.21538461538462
S43G01N130,2023-2024,20231231,away,70,3,1,8,1,9,0,11,4,6,3,0,0,0,0,0,0,17,7,5,3,17,17,2,0,1,520,0,0,0,1,15.540540540540547,50.0,50.0,21,5.555555555555555,10.0,0.0,42.857142857142854,3.0,2,4,5,80.21538461538462,16,4,0,9,2,11,1,12,6,4,0,1,1,4,3,2,4,16,6,1,1,15,20,1,0,2,520,0,0,0,2,-15.540540540540547,42.229729729729726,37.5,19,10.121457489878543,20.0,75.0,66.66666666666667,2.0,2,4,2,80.21538461538462
S43G01N130,2023-2024,20231231,away,70,3,1,8,1,9,0,11,4,6,3,0,0,0,0,1,2,17,7,5,3,17,17,2,0,1,520,0,0,0,1,15.540540540540547,50.0,50.0,21,5.555555555555555,10.0,0.0,42.857142857142854,3.0,2,4,5,80.21538461538462,16,4,0,9,2,11,1,12,6,4,0,1,1,4,3,2,4,16,6,1,1,15,20,1,0,2,520,0,0,0,2,-15.540540540540547,42.229729729729726,37.5,19,10.121457489878543,20.0,75.0,66.66666666666667,2.0,2,4,2,80.21538461538462
S43G01N130,2023-2024,20231231,away,70,3,1,8,1,9,0,11,4,6,3,0,0,0,0,1,2,17,7,5,3,17,17,2,0,1,526,0,0,0,1,20.042643923240945,50.0,50.0,21,5.555555555555555,10.0,0.0,42.857142857142854,3.0,2,4,5,81.58174904942967,16,4,0,9,2,11,1,12,6,4,0,1,1,4,3,2,4,16,6,1,1,15,20,1,0,3,526,0,0,0,3,-20.042643923240945,42.229729729729726,37.5,18,14.45086705202312,20.0,75.0,66.66666666666667,1.3333333333333333,2,4,2,81.58174904942967
S43G01N130,2023-2024,20231231,away,70,3,1,8,1,9,0,11,4,6,3,0,0,0,0,1,2,17,7,5,3,17,17,3,0,1,527,0,0,0,1,20.042643923240945,50.0,50.0,22,5.555555555555555,10.0,0.0,42.857142857142854,3.0,2,4,5,81.42694497153701,16,4,0,9,2,11,1,12,6,4,0,1,1,4,3,2,4,16,6,1,1,15,20,1,0,3,527,0,0,0,3,-20.042643923240945,42.229729729729726,37.5,18,14.45086705202312,20.0,75.0,66.66666666666667,1.3333333333333333,2,4,2,81.42694497153701
S43G01N130,2023-2024,20231231,away,70,3,1,8,1,9,0,11,4,6,3,0,0,0,0,1,2,17,7,5,3,17,17,3,0,2,528,0,0,0,2,14.487088367685388,50.0,50.0,21,10.526315789473685,10.0,0.0,42.857142857142854,1.5,2,4,5,83.54545454545456,16,4,0,9,2,11,1,12,6,4,0,1,1,4,3,2,4,16,6,1,1,15,20,1,0,3,528,0,0,0,3,-14.487088367685388,42.229729729729726,37.5,18,14.45086705202312,20.0,75.0,66.66666666666667,1.3333333333333333,2,4,2,83.54545454545456
S43G01N130,2023-2024,20231231,away,70,3,1,8,1,9,0,11,4,6,3,0,0,0,0,1,2,17,7,5,3,17,17,3,0,2,528,0,0,0,2,14.487088367685388,50.0,50.0,21,10.526315789473685,10.0,0.0,42.857142857142854,1.5,2,4,5,83.54545454545456,16,4,0,9,2,11,1,12,6,4,0,1,1,4,3,2,4,16,6,1,1,15,20,1,0,3,528,0,0,0,3,-14.487088367685388,42.229729729729726,37.5,18,14.45086705202312,20.0,75.0,66.66666666666667,1.3333333333333333,2,4,2,83.54545454545456
S43G01N130,2023-2024,20231231,away,70,3,1,8,1,9,0,11,4,6,3,0,0,0,0,1,2,17,7,5,3,17,17,3,0,2,528,0,0,0,2,14.487088367685388,50.0,50.0,21,10.526315789473685,10.0,0.0,42.857142857142854,1.5,2,4,5,83.54545454545456,16,4,0,9,2,11,1,12,6,4,0,1,1,4,3,2,4,16,6,1,1,15,20,1,0,3,528,0,0,0,3,-14.487088367685388,42.229729729729726,37.5,18,14.45086705202312,20.0,75.0,66.66666666666667,1.3333333333333333,2,4,2,83.54545454545456
S43G01N130,2023-2024,20231231,away,70,3,1,8,1,9,0,11,4,6,3,0,0,0,0,1,2,17,7,5,3,17,17,3,0,2,539,0,0,0,2,3.3513270355375653,50.0,50.0,21,10.526315789473685,10.0,0.0,42.857142857142854,1.5,3,5,5,84.06679035250465,16,4,0,9,2,11,1,12,6,5,1,1,1,4,3,2,4,17,7,1,1,18,21,1,0,3,539,0,0,0,3,-3.3513270355375653,47.97441364605543,44.11764705882353,21,13.786764705882351,20.0,75.0,57.142857142857146,1.3333333333333333,3,5,2,84.06679035250465
S43G01N130,2023-2024,20231231,away,70,3,1,8,1,9,0,11,4,6,3,0,0,0,0,1,2,17,7,5,3,17,17,3,0,2,539,0,0,0,2,3.3513270355375653,50.0,50.0,21,10.526315789473685,10.0,0.0,42.857142857142854,1.5,3,5,5,84.06679035250465,16,5,0,9,2,11,1,12,6,5,1,1,1,4,3,2,4,17,7,1,1,18,21,1,0,3,539,0,0,0,3,-3.3513270355375653,47.97441364605543,44.11764705882353,22,13.786764705882351,20.0,75.0,71.42857142857143,1.6666666666666667,3,5,2,84.06679035250465
S43G01N130,2023-2024,20231231,away,70,3,1,8,1,9,0,11,4,7,4,0,0,0,0,1,2,18,8,5,3,20,18,3,0,2,559,0,0,0,2,14.170040485829958,55.55555555555556,55.55555555555556,24,10.0,10.0,0.0,37.5,1.5,3,6,5,83.2057245080501,16,5,0,9,2,11,1,12,6,5,1,1,1,4,3,2,4,17,7,1,1,18,21,1,0,3,559,0,0,0,3,-14.170040485829958,47.97441364605543,44.11764705882353,22,13.786764705882351,20.0,75.0,71.42857142857143,1.6666666666666667,3,6,2,83.2057245080501
S43G01N130,2023-2024,20231231,away,70,4,1,8,1,9,0,11,4,7,4,0,0,0,0,1,2,18,8,5,3,20,18,3,0,2,559,0,0,0,2,14.170040485829958,55.55555555555556,55.55555555555556,25,10.0,10.0,0.0,50.0,2.0,3,6,5,83.2057245080501,16,5,0,9,2,11,1,12,6,5,1,1,1,4,3,2,4,17,7,1,1,18,21,1,0,3,559,0,0,0,3,-14.170040485829958,47.97441364605543,44.11764705882353,22,13.786764705882351,20.0,75.0,71.42857142857143,1.6666666666666667,3,6,2,83.2057245080501
S43G01N130,2023-2024,20231231,away,70,4,1,8,1,9,0,11,4,7,4,0,0,0,0,1,2,18,8,5,3,20,18,3,0,2,568,0,0,0,2,4.107088530574998,55.55555555555556,55.55555555555556,25,10.0,10.0,0.0,50.0,2.0,3,7,5,84.0,16,5,0,9,2,11,1,12,6,6,2,1,1,4,3,2,4,18,8,1,1,21,22,1,0,3,568,0,0,0,3,-4.107088530574998,53.13765182186234,50.0,25,13.181019332161686,20.0,75.0,62.5,1.6666666666666667,3,7,2,84.0
S43G01N130,2023-2024,20231231,away,70,4,1,8,1,9,0,11,4,7,4,0,0,0,0,1,2,18,8,5,3,20,18,3,0,2,568,0,0,0,2,4.107088530574998,55.55555555555556,55.55555555555556,25,10.0,10.0,0.0,50.0,2.0,3,7,5,84.0,16,6,0,9,2,11,1,12,6,6,2,1,1,4,3,2,4,18,8,1,1,21,22,1,0,3,568,0,0,0,3,-4.107088530574998,53.13765182186234,50.0,26,13.181019332161686,20.0,75.0,75.0,2.0,3,7,2,84.0
S43G01N130,2023-2024,20231231,away,70,4,1,8,1,9,0,12,4,7,4,0,0,0,0,1,2,19,8,5,3,20,19,3,0,2,593,0,0,0,2,-1.1560693641618371,52.63157894736842,52.63157894736842,24,9.523809523809524,10.0,0.0,50.0,2.0,3,7,5,82.48229342327151,16,6,0,9,2,11,1,12,6,6,2,1,1,4,3,2,4,18,8,1,1,21,22,1,0,3,593,0,0,0,3,1.1560693641618371,53.13765182186234,50.0,26,13.181019332161686,20.0,75.0,75.0,2.0,3,7,2,82.48229342327151
S43G01N130,2023-2024,20231231,away,70,4,1,8,1,9,0,12,4,7,4,0,0,0,0,1,2,19,8,5,3,20,19,3,0,2,593,0,0,0,2,-1.1560693641618371,52.63157894736842,52.63157894736842,24,9.523809523809524,10.0,0.0,50.0,2.0,3,7,5,82.48229342327151,16,6,1,9,2,11,1,12,6,6,2,1,1,4,3,2,4,18,8,1,1,21,22,1,0,3,593,0,0,0,3,1.1560693641618371,53.13765182186234,50.0,27,13.181019332161686,20.0,75.0,75.0,2.0,3,7,2,82.48229342327151
S43G01N130,2023-2024,20231231,away,70,4,1,8,1,9,0,12,4,7,4,0,0,0,0,1,2,19,8,5,3,20,19,3,1,2,593,0,0,0,3,-1.1560693641618371,52.63157894736842,52.63157894736842,23,9.523809523809524,10.0,0.0,50.0,2.0,3,7,5,82.48229342327151,16,6,1,9,2,11,1,12,6,6,2,1,1,4,3,2,4,18,8,1,1,21,22,1,0,3,593,0,0,0,3,1.1560693641618371,53.13765182186234,50.0,27,13.181019332161686,20.0,75.0,75.0,2.0,3,7,2,82.48229342327151
S43G01N130,2023-2024,20231231,away,70,4,1,8,1,9,0,12,4,7,4,0,0,0,0,1,2,19,8,5,3,20,19,3,1,2,593,0,0,0,3,-1.1560693641618371,52.63157894736842,52.63157894736842,23,9.523809523809524,10.0,0.0,50.0,2.0,3,7,5,82.48229342327151,16,6,1,9,2,11,2,12,6,6,2,1,1,4,3,2,4,18,8,1,1,21,22,1,0,3,593,0,0,0,3,1.1560693641618371,53.13765182186234,50.0,28,13.181019332161686,20.0,75.0,75.0,2.0,3,7,2,82.48229342327151
S43G01N130,2023-2024,20231231,away,70,4,1,8,1,9,0,12,4,7,4,0,0,0,0,1,2,19,8,5,3,20,19,3,1,2,599,0,0,0,3,-5.698529411764696,52.63157894736842,52.63157894736842,23,9.523809523809524,10.0,0.0,50.0,2.0,5,7,5,83.6594323873122,16,6,1,9,2,11,2,13,7,6,2,1,1,4,3,2,4,19,9,1,1,23,23,1,0,3,599,0,0,0,3,5.698529411764696,55.39499036608863,52.63157894736842,30,12.626262626262626,20.0,75.0,66.66666666666667,2.0,5,7,3,83.6594323873122
S43G01N130,2023-2024,20231231,away,70,4,1,8,1,9,0,12,4,7,4,0,0,0,0,1,2,19,8,5,3,20,19,3,1,2,599,0,0,0,3,-5.698529411764696,52.63157894736842,52.63157894736842,23,9.523809523809524,10.0,0.0,50.0,2.0,5,7,5,83.6594323873122,16,6,1,9,2,11,2,13,7,6,2,1,1,4,3,2,4,19,9,1,1,23,23,1,0,3,599,0,0,0,3,5.698529411764696,55.39499036608863,52.63157894736842,30,12.626262626262626,20.0,75.0,66.66666666666667,2.0,5,7,3,83.6594323873122
S43G01N130,2023-2024,20231231,away,70,4,1,8,1,9,0,12,4,7,4,0,0,0,0,1,2,19,8,5,3,20,19,3,1,2,600,0,0,0,3,-5.698529411764696,52.63157894736842,52.63157894736842,23,9.523809523809524,10.0,0.0,50.0,2.0,5,7,5,83.52000000000001,16,6,1,9,2,11,2,13,7,6,2,1,1,4,3,2,4,19,9,1,1,23,23,1,0,3,600,0,0,0,3,5.698529411764696,55.39499036608863,52.63157894736842,30,12.626262626262626,20.0,75.0,66.66666666666667,2.0,5,7,3,83.52000000000001
S43G01N130,2023-2024,20231231,away,70,4,1,8,1,9,0,12,4,7,4,0,0,0,0,1,2,19,8,5,3,20,19,3,1,2,600,0,0,0,3,-5.698529411764696,52.63157894736842,52.63157894736842,23,9.523809523809524,10.0,0.0,50.0,2.0,5,7,5,83.52000000000001,16,6,1,9,2,11,2,13,7,6,2,1,1,4,3,2,4,19,9,1,1,23,23,1,0,3,600,0,0,0,3,5.698529411764696,55.39499036608863,52.63157894736842,30,12.626262626262626,20.0,75.0,66.66666666666667,2.0,5,7,3,83.52000000000001
S43G01N130,2023-2024,20231231,away,70,4,1,8,1,9,0,12,4,7,4,0,0,0,0,1,2,19,8,5,3,20,19,3,1,2,600,0,0,0,3,-5.698529411764696,52.63157894736842,52.63157894736842,23,9.523809523809524,10.0,0.0,50.0,2.0,5,7,5,83.52000000000001,16,6,1,9,2,11,2,13,7,6,2,1,1,4,3,2,4,19,9,1,1,23,23,1,0,3,600,0,0,0,3,5.698529411764696,55.39499036608863,52.63157894736842,30,12.626262626262626,20.0,75.0,66.66666666666667,2.0,5,7,3,83.52000000000001
S43G01N130,2023-2024,20231231,away,70,4,1,8,1,9,0,12,4,7,4,0,0,0,0,1,2,19,8,5,3,20,19,3,1,2,600,0,0,0,3,-5.698529411764696,52.63157894736842,52.63157894736842,23,9.523809523809524,10.0,0.0,50.0,2.0,5,7,5,83.52000000000001,16,6,1,9,2,11,2,13,7,6,2,1,1,4,3,2,4,19,9,1,1,23,23,1,0,3,600,0,0,0,3,5.698529411764696,55.39499036608863,52.63157894736842,30,12.626262626262626,20.0,75.0,66.66666666666667,2.0,5,7,3,83.52000000000001
S43G01N130,2023-2024,20231231,away,70,4,1,8,1,9,0,12,4,7,4,0,0,0,0,1,2,19,8,5,3,20,19,3,1,2,600,0,0,0,3,-5.698529411764696,52.63157894736842,52.63157894736842,23,9.523809523809524,10.0,0.0,50.0,2.0,5,7,5,83.52000000000001,16,6,1,9,2,11,2,13,7,6,2,1,1,4,3,2,4,19,9,1,1,23,23,1,0,3,600,0,0,0,3,5.698529411764696,55.39499036608863,52.63157894736842,30,12.626262626262626,20.0,75.0,66.66666666666667,2.0,5,7,3,83.52000000000001
S43G01N130,2023-2024,20231231,away,70,4,1,8,1,9,0,12,4,7,4,0,0,0,0,1,2,19,8,5,3,20,19,3,1,2,600,0,0,0,3,-5.698529411764696,52.63157894736842,52.63157894736842,23,9.523809523809524,10.0,0.0,50.0,2.0,5,7,5,83.52000000000001,16,6,1,9,2,11,2,13,7,6,2,1,1,4,3,2,4,19,9,1,1,23,23,1,0,3,600,0,0,0,3,5.698529411764696,55.39499036608863,52.63157894736842,30,12.626262626262626,20.0,75.0,66.66666666666667,2.0,5,7,3,83.52000000000001
S43G01N130,2023-2024,20231231,away,70,4,1,8,1,9,0,12,4,7,4,0,0,0,0,1,2,19,8,5,3,20,19,3,1,2,600,0,0,0,3,-5.698529411764696,52.63157894736842,52.63157894736842,23,9.523809523809524,10.0,0.0,50.0,2.0,5,7,5,83.52000000000001,16,6,1,9,2,11,2,13,7,6,2,1,1,4,3,2,4,19,9,1,1,23,23,1,0,3,600,0,0,0,3,5.698529411764696,55.39499036608863,52.63157894736842,30,12.626262626262626,20.0,75.0,66.66666666666667,2.0,5,7,3,83.52000000000001
S43G01N130,2023-2024,20231231,away,70,4,1,8,1,9,0,12,4,7,4,0,0,0,0,1,2,19,8,5,3,20,19,3,1,2,600,0,0,0,3,-5.698529411764696,52.63157894736842,52.63157894736842,23,9.523809523809524,10.0,0.0,50.0,2.0,5,7,5,83.52000000000001,16,6,1,9,2,11,2,13,7,6,2,1,1,4,3,2,4,19,9,1,1,23,23,1,0,3,600,0,0,0,3,5.698529411764696,55.39499036608863,52.63157894736842,30,12.626262626262626,20.0,75.0,66.66666666666667,2.0,5,7,3,83.52000000000001
S43G01N130,2023-2024,20231231,away,70,4,1,8,1,9,0,12,4,7,4,0,0,0,0,1,2,19,8,5,3,20,19,3,1,2,600,0,0,0,3,-5.698529411764696,52.63157894736842,52.63157894736842,23,9.523809523809524,10.0,0.0,50.0,2.0,5,7,5,83.52000000000001,16,6,1,9,2,11,2,13,7,6,2,1,1,4,3,2,4,19,9,1,1,23,23,1,0,3,600,0,0,0,3,5.698529411764696,55.39499036608863,52.63157894736842,30,12.626262626262626,20.0,75.0,66.66666666666667,2.0,5,7,3,83.52000000000001
S43G01N130,2023-2024,20231231,away,70,4,1,8,1,9,0,12,4,7,4,0,0,0,0,1,2,19,8,5,3,20,19,3,1,2,600,0,0,0,3,-5.698529411764696,52.63157894736842,52.63157894736842,23,9.523809523809524,10.0,0.0,50.0,2.0,5,7,5,83.52000000000001,16,6,1,9,2,11,2,13,7,6,2,1,1,4,3,2,4,19,9,1,1,23,23,1,0,3,600,0,0,0,3,5.698529411764696,55.39499036608863,52.63157894736842,30,12.626262626262626,20.0,75.0,66.66666666666667,2.0,5,7,3,83.52000000000001
S43G01N130,2023-2024,20231231,away,70,4,1,8,1,9,0,12,4,7,4,0,0,0,0,1,2,19,8,5,3,20,19,3,1,2,600,0,0,0,3,-5.698529411764696,52.63157894736842,52.63157894736842,23,9.523809523809524,10.0,0.0,50.0,2.0,5,7,5,83.52000000000001,16,6,1,9,2,11,2,13,7,6,2,1,1,4,3,2,4,19,9,1,1,23,23,1,0,3,600,0,0,0,3,5.698529411764696,55.39499036608863,52.63157894736842,30,12.626262626262626,20.0,75.0,66.66666666666667,2.0,5,7,3,83.52000000000001
S43G01N130,2023-2024,20231231,away,70,4,1,8,1,9,0,12,4,7,4,0,0,0,0,1,2,19,8,5,3,20,19,3,1,2,600,0,0,0,3,-5.698529411764696,52.63157894736842,52.63157894736842,23,9.523809523809524,10.0,0.0,50.0,2.0,5,7,5,83.52000000000001,16,6,1,9,2,11,2,13,7,6,2,1,1,4,3,2,4,19,9,1,1,23,23,1,0,3,600,0,0,0,3,5.698529411764696,55.39499036608863,52.63157894736842,30,12.626262626262626,20.0,75.0,66.66666666666667,2.0,5,7,3,83.52000000000001
S43G01N130,2023-2024,20231231,away,70,4,1,8,1,9,0,12,4,7,4,0,0,0,0,1,2,19,8,5,3,20,19,3,1,2,600,0,0,0,3,-5.698529411764696,52.63157894736842,52.63157894736842,23,9.523809523809524,10.0,0.0,50.0,2.0,5,7,5,83.52000000000001,16,6,1,9,2,11,2,13,7,6,2,1,1,4,3,2,4,19,9,1,1,23,23,1,0,3,600,0,0,0,3,5.698529411764696,55.39499036608863,52.63157894736842,30,12.626262626262626,20.0,75.0,66.66666666666667,2.0,5,7,3,83.52000000000001
S43G01N130,2023-2024,20231231,away,70,4,1,8,1,9,0,12,4,7,4,0,0,0,0,1,2,19,8,5,3,20,19,3,1,2,600,0,0,0,3,-5.698529411764696,52.63157894736842,52.63157894736842,23,9.523809523809524,10.0,0.0,50.0,2.0,5,7,5,83.52000000000001,16,6,1,9,2,11,2,13,7,6,2,1,1,4,3,2,4,19,9,1,1,23,23,1,0,3,600,0,0,0,3,5.698529411764696,55.39499036608863,52.63157894736842,30,12.626262626262626,20.0,75.0,66.66666666666667,2.0,5,7,3,83.52000000000001
S43G01N130,2023-2024,20231231,away,70,4,1,8,1,9,0,12,4,7,4,0,0,0,0,1,2,19,8,5,3,20,19,3,1,2,600,0,0,0,3,-5.698529411764696,52.63157894736842,52.63157894736842,23,9.523809523809524,10.0,0.0,50.0,2.0,5,7,5,83.52000000000001,16,6,1,9,2,11,2,13,7,6,2,1,1,4,3,2,4,19,9,1,1,23,23,1,0,3,600,0,0,0,3,5.698529411764696,55.39499036608863,52.63157894736842,30,12.626262626262626,20.0,75.0,66.66666666666667,2.0,5,7,3,83.52000000000001
S43G01N130,2023-2024,20231231,away,70,4,1,8,1,9,0,12,4,7,4,0,0,0,0,1,2,19,8,5,3,20,19,3,1,2,600,0,0,0,3,-5.698529411764696,52.63157894736842,52.63157894736842,23,9.523809523809524,10.0,0.0,50.0,2.0,5,7,5,83.52000000000001,16,6,1,9,2,11,2,13,7,6,2,1,1,4,3,2,4,19,9,1,1,23,23,1,0,3,600,0,0,0,3,5.698529411764696,55.39499036608863,52.63157894736842,30,12.626262626262626,20.0,75.0,66.66666666666667,2.0,5,7,3,83.52000000000001
S43G01N130,2023-2024,20231231,away,70,4,1,8,1,9,0,12,4,7,4,0,0,0,0,1,2,19,8,5,3,20,19,3,1,2,600,0,0,0,3,-5.698529411764696,52.63157894736842,52.63157894736842,23,9.523809523809524,10.0,0.0,50.0,2.0,5,7,5,83.52000000000001,16,6,1,9,2,11,2,13,7,6,2,1,1,4,3,2,4,19,9,1,1,23,23,1,0,3,600,0,0,0,3,5.698529411764696,55.39499036608863,52.63157894736842,30,12.626262626262626,20.0,75.0,66.66666666666667,2.0,5,7,3,83.52000000000001
S43G01N130,2023-2024,20231231,away,70,4,1,8,1,9,0,12,4,7,4,0,0,0,0,1,2,19,8,5,3,20,19,3,1,2,600,0,0,0,3,-5.698529411764696,52.63157894736842,52.63157894736842,23,9.523809523809524,10.0,0.0,50.0,2.0,5,7,5,83.52000000000001,16,6,1,9,2,11,2,13,7,6,2,1,1,4,3,2,4,19,9,1,1,23,23,1,0,3,600,0,0,0,3,5.698529411764696,55.39499036608863,52.63157894736842,30,12.626262626262626,20.0,75.0,66.66666666666667,2.0,5,7,3,83.52000000000001
S43G01N130,2023-2024,20231231,away,70,4,1,8,1,9,0,12,4,7,4,0,0,0,0,1,2,19,8,5,3,20,19,3,1,2,600,0,0,0,3,-5.698529411764696,52.63157894736842,52.63157894736842,23,9.523809523809524,10.0,0.0,50.0,2.0,5,7,5,83.52000000000001,16,6,1,9,2,11,2,13,7,6,2,1,1,4,3,2,4,19,9,1,1,23,23,1,0,3,600,0,0,0,3,5.698529411764696,55.39499036608863,52.63157894736842,30,12.626262626262626,20.0,75.0,66.66666666666667,2.0,5,7,3,83.52000000000001
S43G01N130,2023-2024,20231231,away,70,4,1,8,1,9,0,12,4,7,4,0,0,0,0,1,2,19,8,5,3,20,19,3,1,2,600,0,0,0,3,-5.698529411764696,52.63157894736842,52.63157894736842,23,9.523809523809524,10.0,0.0,50.0,2.0,5,7,5,83.52000000000001,16,6,1,9,2,11,2,13,7,6,2,1,1,4,3,2,4,19,9,1,1,23,23,1,0,3,600,0,0,0,3,5.698529411764696,55.39499036608863,52.63157894736842,30,12.626262626262626,20.0,75.0,66.66666666666667,2.0,5,7,3,83.52000000000001
S43G01N130,2023-2024,20231231,away,70,4,1,8,1,9,0,12,4,7,4,0,0,0,0,1,2,19,8,5,3,20,19,3,1,2,600,0,0,0,3,-5.698529411764696,52.63157894736842,52.63157894736842,23,9.523809523809524,10.0,0.0,50.0,2.0,5,7,5,83.52000000000001,16,6,1,9,2,11,2,13,7,6,2,1,1,4,3,2,4,19,9,1,1,23,23,1,0,3,600,0,0,0,3,5.698529411764696,55.39499036608863,52.63157894736842,30,12.626262626262626,20.0,75.0,66.66666666666667,2.0,5,7,3,83.52000000000001
S43G01N130,2023-2024,20231231,away,70,4,1,8,1,9,0,12,4,7,4,0,0,0,0,1,2,19,8,5,3,20,19,3,1,2,600,0,0,0,3,-5.698529411764696,52.63157894736842,52.63157894736842,23,9.523809523809524,10.0,0.0,50.0,2.0,5,7,5,83.52000000000001,16,6,1,9,2,11,2,13,7,6,2,1,1,4,3,2,4,19,9,1,1,23,23,1,0,3,600,0,0,0,3,5.698529411764696,55.39499036608863,52.63157894736842,30,12.626262626262626,20.0,75.0,66.66666666666667,2.0,5,7,3,83.52000000000001
S43G01N130,2023-2024,20231231,away,70,4,1,8,1,9,0,12,4,7,4,0,0,0,0,1,2,19,8,5,3,20,19,3,1,2,600,0,0,0,3,-5.698529411764696,52.63157894736842,52.63157894736842,23,9.523809523809524,10.0,0.0,50.0,2.0,5,7,5,83.52000000000001,16,6,1,9,2,11,2,13,7,6,2,1,1,4,3,2,4,19,9,1,1,23,23,1,0,3,600,0,0,0,3,5.698529411764696,55.39499036608863,52.63157894736842,30,12.626262626262626,20.0,75.0,66.66666666666667,2.0,5,7,3,83.52000000000001
S43G01N130,2023-2024,20231231,away,70,4,1,8,1,9,0,12,4,7,4,0,0,0,0,1,2,19,8,5,3,20,19,3,1,2,600,0,0,0,3,-5.698529411764696,52.63157894736842,52.63157894736842,23,9.523809523809524,10.0,0.0,50.0,2.0,5,7,5,83.52000000000001,16,6,1,9,2,11,2,13,7,6,2,1,1,4,3,2,4,19,9,1,1,23,23,1,0,3,600,0,0,0,3,5.698529411764696,55.39499036608863,52.63157894736842,30,12.626262626262626,20.0,75.0,66.66666666666667,2.0,5,7,3,83.52000000000001
S43G01N130,2023-2024,20231231,away,70,4,1,8,1,9,0,12,4,7,4,0,0,0,0,1,2,19,8,5,3,20,19,3,1,2,600,0,0,0,3,-5.698529411764696,52.63157894736842,52.63157894736842,23,9.523809523809524,10.0,0.0,50.0,2.0,5,7,5,83.52000000000001,16,6,1,9,2,11,2,13,7,6,2,1,1,4,3,2,4,19,9,1,1,23,23,1,0,3,600,0,0,0,3,5.698529411764696,55.39499036608863,52.63157894736842,30,12.626262626262626,20.0,75.0,66.66666666666667,2.0,5,7,3,83.52000000000001
S43G01N130,2023-2024,20231231,away,70,4,1,8,1,9,0,13,4,7,4,0,0,0,0,1,2,20,8,5,3,20,20,3,1,2,623,0,0,0,3,-10.460434173669455,50.0,50.0,22,9.090909090909092,10.0,0.0,50.0,2.0,5,7,5,82.36276083467096,16,6,1,9,2,11,2,13,7,6,2,1,1,4,3,2,4,19,9,1,1,23,23,1,0,3,623,0,0,0,3,10.460434173669455,55.39499036608863,52.63157894736842,30,12.626262626262626,20.0,75.0,66.66666666666667,2.0,5,7,3,82.36276083467096
S43G01N130,2023-2024,20231231,away,70,4,1,8,2,10,0,13,4,7,4,0,0,0,0,1,2,20,8,5,3,20,20,3,1,2,624,0,0,0,3,-5.698529411764696,50.0,50.0,23,9.090909090909092,18.181818181818183,0.0,50.0,2.0,5,7,5,80.30769230769232,16,6,1,9,2,11,2,13,7,6,2,1,1,4,3,2,4,19,9,1,1,23,23,1,0,3,624,0,0,0,3,5.698529411764696,55.39499036608863,52.63157894736842,30,12.626262626262626,20.0,75.0,66.66666666666667,2.0,5,7,3,80.30769230769232
S43G01N130,2023-2024,20231231,away,70,4,1,8,2,10,0,14,4,7,4,0,0,0,0,1,2,21,8,5,3,20,21,3,1,2,625,0,0,0,3,-10.460434173669455,47.61904761904762,47.61904761904762,22,8.695652173913043,18.181818181818183,0.0,50.0,2.0,5,7,5,82.09920000000001,16,6,1,9,2,11,2,13,7,6,2,1,1,4,3,2,4,19,9,1,1,23,23,1,0,3,625,0,0,0,3,10.460434173669455,55.39499036608863,52.63157894736842,30,12.626262626262626,20.0,75.0,66.66666666666667,2.0,5,7,3,82.09920000000001
S43G01N130,2023-2024,20231231,away,70,4,1,8,2,10,0,14,4,7,4,0,0,0,0,1,2,21,8,5,3,20,21,3,1,2,627,0,0,0,3,-10.460434173669455,47.61904761904762,47.61904761904762,22,8.695652173913043,16.666666666666668,0.0,50.0,2.0,5,7,5,81.83732057416269,16,6,1,10,2,12,2,13,7,6,2,1,1,4,3,2,4,19,9,1,1,23,23,1,0,3,627,0,0,0,3,10.460434173669455,55.39499036608863,52.63157894736842,31,12.626262626262626,20.0,75.0,66.66666666666667,2.0,5,7,3,81.83732057416269
S43G01N130,2023-2024,20231231,away,70,4,1,8,2,10,0,14,4,7,4,0,0,0,0,1,2,21,8,5,3,20,21,3,1,2,634,0,0,0,3,-5.816386308477689,47.61904761904762,47.61904761904762,22,8.695652173913043,16.666666666666668,0.0,50.0,2.0,5,7,5,82.82649842271294,16,6,1,10,2,12,2,14,7,6,2,1,1,4,3,2,4,20,9,1,1,23,24,1,0,3,634,0,0,0,3,5.816386308477689,52.84926470588235,50.0,30,12.116316639741518,20.0,75.0,66.66666666666667,2.0,5,7,3,82.82649842271294
S43G01N130,2023-2024,20231231,away,70,4,1,9,2,11,0,14,4,7,4,0,0,0,0,1,2,21,8,5,3,20,21,3,1,2,638,0,0,0,3,-5.816386308477689,47.61904761904762,47.61904761904762,23,8.695652173913043,16.666666666666668,0.0,50.0,2.0,5,7,5,82.30721003134798,16,6,1,10,2,12,2,14,7,6,2,1,1,4,3,2,4,20,9,1,1,23,24,1,0,3,638,0,0,0,3,5.816386308477689,52.84926470588235,50.0,30,12.116316639741518,18.181818181818183,75.0,66.66666666666667,2.0,5,7,3,82.30721003134798
S43G01N130,2023-2024,20231231,away,70,4,1,9,2,11,0,14,4,7,4,0,0,0,0,1,2,21,8,5,3,20,21,3,1,2,654,0,0,0,3,-5.816386308477689,47.61904761904762,47.61904761904762,23,8.695652173913043,16.666666666666668,0.0,50.0,2.0,5,7,5,80.2935779816514,16,6,1,10,2,12,2,14,7,6,2,1,1,4,3,2,4,20,9,2,2,23,24,1,0,3,654,0,0,0,3,5.816386308477689,52.84926470588235,50.0,30,12.116316639741518,18.181818181818183,75.0,66.66666666666667,2.0,5,7,3,80.2935779816514
S43G01N130,2023-2024,20231231,away,70,4,1,9,2,11,0,14,4,7,4,0,0,0,0,1,2,21,8,5,3,20,21,3,1,2,654,0,0,0,3,-5.816386308477689,47.61904761904762,47.61904761904762,23,8.695652173913043,16.666666666666668,0.0,50.0,2.0,5,7,5,80.2935779816514,16,6,1,10,2,12,2,14,7,6,2,1,1,4,3,2,4,20,9,2,2,23,24,1,0,3,654,0,0,0,3,5.816386308477689,52.84926470588235,50.0,30,12.116316639741518,18.181818181818183,75.0,66.66666666666667,2.0,5,7,3,80.2935779816514
S43G01N130,2023-2024,20231231,away,70,4,1,9,2,11,0,14,4,7,4,0,0,0,0,1,2,21,8,5,3,20,21,3,1,2,654,0,0,0,3,-5.816386308477689,47.61904761904762,47.61904761904762,23,8.695652173913043,16.666666666666668,0.0,50.0,2.0,5,7,5,80.2935779816514,16,6,1,10,2,12,2,14,7,6,2,1,1,4,3,2,4,20,9,2,2,23,24,1,0,3,654,0,0,0,3,5.816386308477689,52.84926470588235,50.0,30,12.116316639741518,18.181818181818183,75.0,66.66666666666667,2.0,5,7,3,80.2935779816514
S43G01N130,2023-2024,20231231,away,70,4,1,9,2,11,0,14,4,7,4,0,0,0,0,1,2,21,8,5,3,20,21,3,1,2,654,0,0,0,3,-5.816386308477689,47.61904761904762,47.61904761904762,23,8.695652173913043,16.666666666666668,0.0,50.0,2.0,5,7,5,80.2935779816514,16,6,1,10,2,12,2,14,7,6,2,1,1,4,3,2,4,20,9,2,2,23,24,1,0,3,654,0,0,0,3,5.816386308477689,52.84926470588235,50.0,30,12.116316639741518,18.181818181818183,75.0,66.66666666666667,2.0,5,7,3,80.2935779816514
S43G01N130,2023-2024,20231231,away,70,4,1,9,2,11,0,14,4,8,4,0,0,0,0,1,2,22,8,5,3,20,22,3,1,2,658,0,0,0,3,-10.145390637482024,45.45454545454545,45.45454545454545,22,8.333333333333334,16.666666666666668,0.0,50.0,2.0,5,7,5,81.629179331307,16,6,1,10,2,12,2,14,7,6,2,1,1,4,3,2,4,20,9,2,2,23,24,1,0,3,658,0,0,0,3,10.145390637482024,52.84926470588235,50.0,30,12.116316639741518,18.181818181818183,75.0,66.66666666666667,2.0,5,7,3,81.629179331307
S43G01N130,2023-2024,20231231,away,70,4,1,9,2,11,0,14,4,8,4,0,0,0,0,1,2,22,8,5,3,20,22,3,1,2,660,0,0,0,3,-10.145390637482024,45.45454545454545,45.45454545454545,22,8.333333333333334,15.384615384615385,0.0,50.0,2.0,5,7,5,81.38181818181819,16,6,1,11,2,13,2,14,7,6,2,1,1,4,3,2,4,20,9,2,2,23,24,1,0,3,660,0,0,0,3,10.145390637482024,52.84926470588235,50.0,31,12.116316639741518,18.181818181818183,75.0,66.66666666666667,2.0,5,7,3,81.38181818181819
S43G01N130,2023-2024,20231231,away,70,4,1,9,2,11,0,14,4,8,4,0,0,0,0,1,2,22,8,5,3,20,22,3,1,2,670,0,0,0,3,-14.309764309764304,45.45454545454545,45.45454545454545,22,8.333333333333334,15.384615384615385,0.0,50.0,2.0,7,7,5,81.9582089552239,16,6,1,11,2,13,2,15,8,6,2,1,1,4,3,2,4,21,10,2,2,25,25,1,0,3,670,0,0,0,3,14.309764309764304,54.92091388400703,52.38095238095238,33,11.645962732919253,18.181818181818183,75.0,60.0,2.0,7,7,5,81.9582089552239
S43G01N130,2023-2024,20231231,away,70,4,1,9,2,11,0,14,4,8,4,0,0,0,0,1,2,22,8,5,3,20,22,3,1,2,670,0,0,0,3,-14.309764309764304,45.45454545454545,45.45454545454545,22,8.333333333333334,15.384615384615385,0.0,50.0,2.0,7,7,5,81.9582089552239,16,7,1,11,2,13,2,15,8,6,2,1,1,4,3,2,4,21,10,2,2,25,25,1,0,3,670,0,0,0,3,14.309764309764304,54.92091388400703,52.38095238095238,34,11.645962732919253,18.181818181818183,75.0,70.0,2.3333333333333335,7,7,5,81.9582089552239
S43G01N130,2023-2024,20231231,away,70,4,1,9,2,11,0,14,4,8,4,0,0,0,0,1,2,22,8,5,3,20,22,3,1,2,670,0,0,0,3,-14.309764309764304,45.45454545454545,45.45454545454545,22,8.333333333333334,15.384615384615385,0.0,50.0,2.0,7,7,5,81.9582089552239,16,7,1,11,2,13,2,15,8,6,2,1,1,4,3,2,4,21,10,2,2,25,25,1,0,3,670,0,0,0,3,14.309764309764304,54.92091388400703,52.38095238095238,34,11.645962732919253,18.181818181818183,75.0,70.0,2.3333333333333335,7,7,5,81.9582089552239
S43G01N130,2023-2024,20231231,away,70,4,1,9,2,11,0,14,4,8,4,0,0,0,0,1,2,22,8,5,3,20,22,3,1,2,687,0,0,0,3,-14.309764309764304,45.45454545454545,45.45454545454545,22,8.333333333333334,15.384615384615385,0.0,50.0,2.0,7,7,5,79.93013100436683,16,7,1,11,2,13,2,15,8,6,2,1,1,4,3,2,4,21,10,3,2,25,25,1,0,3,687,0,0,0,3,14.309764309764304,54.92091388400703,52.38095238095238,34,11.645962732919253,18.181818181818183,75.0,70.0,2.3333333333333335,7,7,5,79.93013100436683
S43G01N130,2023-2024,20231231,away,70,4,1,9,2,11,0,14,4,8,4,0,0,0,0,1,2,22,8,5,3,20,22,3,1,2,687,0,0,0,3,-14.309764309764304,45.45454545454545,45.45454545454545,22,8.333333333333334,15.384615384615385,0.0,50.0,2.0,7,7,5,79.93013100436683,16,7,1,11,2,13,2,15,8,6,2,1,1,4,3,2,4,21,10,3,2,25,25,1,0,3,687,0,0,0,3,14.309764309764304,54.92091388400703,52.38095238095238,34,11.645962732919253,18.181818181818183,75.0,70.0,2.3333333333333335,7,7,5,79.93013100436683
S43G01N130,2023-2024,20231231,away,70,4,1,9,2,11,0,14,4,8,4,0,0,1,0,1,2,22,8,5,3,20,23,3,1,2,687,0,0,0,3,-16.092295504060203,44.563279857397504,45.45454545454545,21,8.183306055646481,15.384615384615385,0.0,50.0,2.0,7,7,5,80.69868995633189,16,7,1,11,2,13,2,15,8,6,2,1,1,4,3,2,4,21,10,3,2,25,25,1,0,3,687,0,0,0,3,16.092295504060203,54.92091388400703,52.38095238095238,34,11.645962732919253,18.181818181818183,75.0,70.0,2.3333333333333335,7,7,5,80.69868995633189
S43G01N130,2023-2024,20231231,away,70,4,1,9,2,11,0,14,4,8,4,0,0,2,1,1,2,22,8,5,3,21,24,3,1,2,687,0,0,0,3,-13.435638435638424,45.89160839160839,45.45454545454545,22,8.038585209003216,15.384615384615385,50.0,50.0,2.0,1,7,5,81.46724890829695,16,7,1,11,2,13,2,15,8,6,2,1,1,4,3,2,4,21,10,3,2,25,25,1,0,3,687,0,0,0,3,13.435638435638424,54.92091388400703,52.38095238095238,34,11.645962732919253,18.181818181818183,75.0,70.0,2.3333333333333335,1,7,5,81.46724890829695
S43G01N130,2023-2024,20231231,away,70,4,1,9,2,11,0,14,4,8,4,0,0,2,1,1,2,22,8,5,3,21,24,3,1,2,702,0,0,0,3,-17.26363297445687,45.89160839160839,45.45454545454545,22,8.038585209003216,15.384615384615385,50.0,50.0,2.0,2,7,5,81.43589743589743,16,7,1,11,2,13,2,16,9,6,2,1,1,4,3,2,4,22,11,3,2,27,26,1,0,3,702,0,0,0,3,17.26363297445687,56.81818181818181,54.54545454545455,36,11.210762331838565,18.181818181818183,75.0,63.63636363636363,2.3333333333333335,2,7,6,81.43589743589743
S43G01N130,2023-2024,20231231,away,70,4,1,9,2,11,0,14,4,9,5,0,0,2,1,1,2,23,9,5,3,24,25,3,1,2,718,0,0,0,3,-8.54433719485958,50.25125628140704,50.0,25,7.727975270479135,15.384615384615385,50.0,44.44444444444444,2.0,3,7,5,81.2924791086351,16,7,1,11,2,13,2,16,9,6,2,1,1,4,3,2,4,22,11,3,2,27,26,1,0,3,718,0,0,0,3,8.54433719485958,56.81818181818181,54.54545454545455,36,11.210762331838565,18.181818181818183,75.0,63.63636363636363,2.3333333333333335,3,7,6,81.2924791086351
S43G01N130,2023-2024,20231231,away,70,4,1,9,2,11,0,14,4,9,5,0,0,2,1,1,2,23,9,5,3,24,25,3,1,2,718,0,0,0,3,-8.54433719485958,50.25125628140704,50.0,25,7.727975270479135,15.384615384615385,50.0,44.44444444444444,2.0,3,7,5,81.2924791086351,16,7,1,11,2,13,2,16,9,6,2,1,1,4,3,2,4,22,11,4,2,27,26,1,0,3,718,0,0,0,3,8.54433719485958,56.81818181818181,54.54545454545455,36,11.210762331838565,18.181818181818183,75.0,63.63636363636363,2.3333333333333335,3,7,6,81.2924791086351
S43G01N130,2023-2024,20231231,away,70,4,1,9,2,11,0,14,4,9,5,0,0,2,1,1,2,23,9,5,3,24,25,3,1,2,718,0,0,0,3,-8.54433719485958,50.25125628140704,50.0,25,7.727975270479135,15.384615384615385,50.0,44.44444444444444,2.0,3,7,5,81.2924791086351,16,7,1,11,2,13,2,16,9,6,2,1,1,4,3,2,4,22,11,4,2,27,26,1,0,3,718,0,0,0,3,8.54433719485958,56.81818181818181,54.54545454545455,36,11.210762331838565,18.181818181818183,75.0,63.63636363636363,2.3333333333333335,3,7,6,81.2924791086351
S43G01N130,2023-2024,20231231,away,70,4,1,9,2,11,0,14,4,9,5,0,0,3,2,1,2,23,9,5,3,25,26,3,1,2,718,0,0,0,3,-6.25079712609471,51.39802631578947,50.0,26,7.598784194528875,15.384615384615385,66.66666666666667,44.44444444444444,2.0,4,7,5,82.02785515320335,16,7,1,11,2,13,2,16,9,6,2,1,1,4,3,2,4,22,11,4,2,27,26,1,0,3,718,0,0,0,3,6.25079712609471,56.81818181818181,54.54545454545455,36,11.210762331838565,18.181818181818183,75.0,63.63636363636363,2.3333333333333335,4,7,6,82.02785515320335
S43G01N130,2023-2024,20231231,away,70,4,1,9,2,11,0,14,4,9,5,0,0,3,2,1,2,23,9,5,3,25,26,3,1,2,718,0,0,0,3,-6.25079712609471,51.39802631578947,50.0,26,7.598784194528875,15.384615384615385,66.66666666666667,44.44444444444444,2.0,4,7,5,82.02785515320335,16,7,1,11,2,13,2,16,9,6,2,1,1,4,3,2,4,22,11,4,2,27,26,1,0,3,718,0,0,0,3,6.25079712609471,56.81818181818181,54.54545454545455,36,11.210762331838565,18.181818181818183,75.0,63.63636363636363,2.3333333333333335,4,7,6,82.02785515320335
S43G01N130,2023-2024,20231231,away,70,4,1,9,2,11,0,14,4,9,5,0,0,3,2,1,2,23,9,5,3,25,26,3,1,2,718,0,0,0,3,-6.25079712609471,51.39802631578947,50.0,26,7.598784194528875,15.384615384615385,66.66666666666667,44.44444444444444,2.0,4,7,5,82.02785515320335,16,7,1,11,2,13,2,16,9,6,2,1,1,4,3,2,4,22,11,4,2,27,26,1,0,3,718,0,0,0,3,6.25079712609471,56.81818181818181,54.54545454545455,36,11.210762331838565,18.181818181818183,75.0,63.63636363636363,2.3333333333333335,4,7,6,82.02785515320335
S43G01N130,2023-2024,20231231,away,70,4,1,9,2,11,0,14,4,9,5,0,0,3,2,1,2,23,9,6,4,25,26,3,1,2,730,0,0,0,3,-6.25079712609471,51.39802631578947,50.0,26,7.598784194528875,15.384615384615385,66.66666666666667,44.44444444444444,2.0,4,7,5,80.67945205479451,16,7,1,11,2,13,2,16,9,6,2,1,1,4,3,2,4,22,11,4,2,27,26,1,0,3,730,0,0,0,3,6.25079712609471,56.81818181818181,54.54545454545455,36,11.210762331838565,18.181818181818183,75.0,63.63636363636363,2.3333333333333335,4,7,6,80.67945205479451
S43G01N130,2023-2024,20231231,away,70,4,1,9,2,11,0,14,4,9,5,0,0,3,2,1,2,23,9,6,4,25,26,3,1,2,730,0,0,0,3,-6.25079712609471,51.39802631578947,50.0,26,7.598784194528875,15.384615384615385,66.66666666666667,44.44444444444444,2.0,4,7,5,80.67945205479451,16,7,1,11,2,13,2,16,9,6,2,1,1,4,3,2,4,22,11,4,2,27,26,1,0,3,730,0,0,0,3,6.25079712609471,56.81818181818181,54.54545454545455,36,11.210762331838565,18.181818181818183,75.0,63.63636363636363,2.3333333333333335,4,7,6,80.67945205479451
S43G01N130,2023-2024,20231231,away,70,4,1,9,2,11,0,14,4,9,5,0,0,3,2,1,2,23,9,6,4,25,26,3,1,2,742,0,0,0,3,-2.017611964694339,51.39802631578947,50.0,26,7.598784194528875,15.384615384615385,66.66666666666667,44.44444444444444,2.0,4,7,5,80.99191374663073,16,7,1,11,2,13,2,16,9,7,2,1,1,4,3,2,4,23,11,4,2,27,27,1,0,3,742,0,0,0,3,2.017611964694339,54.52342487883683,52.17391304347826,35,10.806916426512968,18.181818181818183,75.0,63.63636363636363,2.3333333333333335,4,7,6,80.99191374663073
S43G01N130,2023-2024,20231231,away,70,4,1,9,2,11,1,14,4,9,5,0,0,3,2,1,2,23,9,6,4,25,26,3,1,2,744,0,0,0,3,-2.017611964694339,51.39802631578947,50.0,27,7.598784194528875,15.384615384615385,66.66666666666667,44.44444444444444,2.0,4,7,5,80.77419354838709,16,7,1,11,2,13,2,16,9,7,2,1,1,4,3,2,4,23,11,4,2,27,27,1,0,3,744,0,0,0,3,2.017611964694339,54.52342487883683,52.17391304347826,35,10.806916426512968,18.181818181818183,75.0,63.63636363636363,2.3333333333333335,4,7,6,80.77419354838709
S43G01N130,2023-2024,20231231,away,70,4,1,9,2,11,1,14,4,9,5,0,0,3,2,1,2,23,9,6,4,25,26,3,1,3,761,0,0,0,4,-6.077487661044216,51.39802631578947,50.0,26,10.980966325036603,15.384615384615385,66.66666666666667,44.44444444444444,1.3333333333333333,4,7,5,80.5466491458607,16,7,1,11,2,13,2,16,9,7,2,1,1,4,3,2,4,23,11,4,2,27,27,1,0,3,761,0,0,0,3,6.077487661044216,54.52342487883683,52.17391304347826,35,10.806916426512968,18.181818181818183,75.0,63.63636363636363,2.3333333333333335,4,7,6,80.5466491458607
S43G01N130,2023-2024,20231231,away,70,4,1,9,2,11,1,14,4,9,5,0,0,3,2,1,2,23,9,6,4,25,26,3,1,3,776,0,0,0,4,-13.37144638315658,51.39802631578947,50.0,26,10.980966325036603,15.384615384615385,66.66666666666667,44.44444444444444,1.3333333333333333,3,7,5,80.5360824742268,16,7,1,11,2,13,2,16,9,8,3,1,1,4,3,2,4,24,12,4,2,30,28,1,0,3,776,0,0,0,3,13.37144638315658,58.22981366459627,56.25,38,10.43115438108484,18.181818181818183,75.0,58.333333333333336,2.3333333333333335,3,7,6,80.5360824742268
S43G01N130,2023-2024,20231231,away,70,4,1,9,2,11,1,14,4,9,5,0,0,3,2,1,2,23,9,6,4,25,26,3,1,3,776,0,0,0,4,-13.37144638315658,51.39802631578947,50.0,26,10.980966325036603,15.384615384615385,66.66666666666667,44.44444444444444,1.3333333333333333,3,7,5,80.5360824742268,16,8,1,11,2,13,2,16,9,8,3,1,1,4,3,2,4,24,12,4,2,30,28,1,0,3,776,0,0,0,3,13.37144638315658,58.22981366459627,56.25,39,10.43115438108484,18.181818181818183,75.0,66.66666666666667,2.6666666666666665,3,7,6,80.5360824742268
S43G01N130,2023-2024,20231231,away,70,4,1,9,2,11,1,14,4,9,5,0,0,3,2,1,2,23,9,6,4,25,26,3,1,3,776,0,0,0,4,-13.37144638315658,51.39802631578947,50.0,26,10.980966325036603,15.384615384615385,66.66666666666667,44.44444444444444,1.3333333333333333,3,7,5,80.5360824742268,16,8,1,11,2,13,2,16,9,8,3,1,1,4,3,2,4,24,12,4,2,30,28,1,0,3,776,0,0,0,3,13.37144638315658,58.22981366459627,56.25,39,10.43115438108484,18.181818181818183,75.0,66.66666666666667,2.6666666666666665,3,7,6,80.5360824742268
S43G01N130,2023-2024,20231231,away,70,4,1,9,2,11,1,14,4,9,5,0,0,3,2,1,2,23,9,6,4,25,26,3,1,3,799,0,0,0,4,-13.37144638315658,51.39802631578947,50.0,26,10.980966325036603,15.384615384615385,66.66666666666667,44.44444444444444,1.3333333333333333,3,7,5,78.21777221526908,16,8,1,11,2,13,2,16,9,8,3,1,1,4,3,2,4,24,12,5,2,30,28,1,0,3,799,0,0,0,3,13.37144638315658,58.22981366459627,56.25,39,10.43115438108484,18.181818181818183,75.0,66.66666666666667,2.6666666666666665,3,7,6,78.21777221526908
S43G01N130,2023-2024,20231231,away,70,4,1,9,2,11,1,14,4,9,5,0,0,3,2,1,2,23,9,6,4,25,26,3,1,3,799,0,0,0,4,-13.37144638315658,51.39802631578947,50.0,26,10.980966325036603,15.384615384615385,66.66666666666667,44.44444444444444,1.3333333333333333,3,7,5,78.21777221526908,16,8,1,11,2,13,2,16,9,8,3,1,1,4,3,2,4,24,12,5,2,30,28,1,0,3,799,0,0,0,3,13.37144638315658,58.22981366459627,56.25,39,10.43115438108484,18.181818181818183,75.0,66.66666666666667,2.6666666666666665,3,7,6,78.21777221526908
S43G01N130,2023-2024,20231231,away,70,4,1,9,2,11,1,14,4,9,5,0,0,4,2,1,2,23,9,6,4,25,27,3,1,3,799,0,0,0,4,-15.05793387739186,50.48465266558966,50.0,25,10.806916426512968,15.384615384615385,50.0,44.44444444444444,1.3333333333333333,3,7,5,78.87859824780976,16,8,1,11,2,13,2,16,9,8,3,1,1,4,3,2,4,24,12,5,2,30,28,1,0,3,799,0,0,0,3,15.05793387739186,58.22981366459627,56.25,39,10.43115438108484,18.181818181818183,75.0,66.66666666666667,2.6666666666666665,3,7,6,78.87859824780976
S43G01N130,2023-2024,20231231,away,70,4,1,9,2,11,1,14,4,9,5,0,0,5,3,1,2,23,9,6,4,26,28,3,1,3,799,0,0,0,4,-12.870982097011606,51.58730158730159,50.0,26,10.638297872340425,15.384615384615385,60.0,44.44444444444444,1.3333333333333333,1,7,5,79.53942428035043,16,8,1,11,2,13,2,16,9,8,3,1,1,4,3,2,4,24,12,5,2,30,28,1,0,3,799,0,0,0,3,12.870982097011606,58.22981366459627,56.25,39,10.43115438108484,18.181818181818183,75.0,66.66666666666667,2.6666666666666665,1,7,6,79.53942428035043
S43G01N130,2023-2024,20231231,away,70,4,1,9,2,11,1,14,4,9,5,0,0,5,3,1,2,23,9,6,4,26,28,3,1,3,816,0,0,0,4,-8.832523043755629,51.58730158730159,50.0,26,10.638297872340425,15.384615384615385,60.0,44.44444444444444,1.3333333333333333,1,7,5,79.3529411764706,16,8,1,11,2,13,2,16,9,8,3,1,1,4,3,2,4,24,12,5,2,30,28,1,0,4,816,0,0,0,4,8.832523043755629,58.22981366459627,56.25,38,13.440860215053762,18.181818181818183,75.0,66.66666666666667,2.0,1,7,6,79.3529411764706
S43G01N130,2023-2024,20231231,away,70,4,1,9,2,11,1,14,4,9,5,0,0,5,3,1,2,23,9,6,4,26,28,4,1,3,817,0,0,0,4,-8.832523043755629,51.58730158730159,50.0,27,10.638297872340425,15.384615384615385,60.0,44.44444444444444,1.3333333333333333,1,7,5,79.25581395348837,16,8,1,11,2,13,2,16,9,8,3,1,1,4,3,2,4,24,12,5,2,30,28,1,0,4,817,0,0,0,4,8.832523043755629,58.22981366459627,56.25,38,13.440860215053762,18.181818181818183,75.0,66.66666666666667,2.0,1,7,6,79.25581395348837
S43G01N130,2023-2024,20231231,away,70,4,1,9,2,11,1,15,5,9,5,0,0,5,3,1,2,24,10,6,4,28,29,4,1,3,822,0,0,0,4,-5.12798779454144,53.4351145038168,52.083333333333336,29,10.273972602739727,15.384615384615385,60.0,40.0,1.3333333333333333,3,7,5,80.23357664233576,16,8,1,11,2,13,2,16,9,8,3,1,1,4,3,2,4,24,12,5,2,30,28,1,0,4,822,0,0,0,4,5.12798779454144,58.22981366459627,56.25,38,13.440860215053762,18.181818181818183,75.0,66.66666666666667,2.0,3,7,6,80.23357664233576
S43G01N130,2023-2024,20231231,away,70,4,1,9,2,11,1,15,5,9,5,0,0,5,3,2,4,24,10,6,4,28,29,4,1,3,823,0,0,0,4,-5.12798779454144,53.4351145038168,52.083333333333336,29,10.273972602739727,15.384615384615385,60.0,40.0,1.3333333333333333,3,7,5,80.13608748481167,16,8,1,11,2,13,2,16,9,8,3,1,1,4,3,2,4,24,12,5,2,30,28,1,0,4,823,0,0,0,4,5.12798779454144,58.22981366459627,56.25,38,13.440860215053762,18.181818181818183,75.0,66.66666666666667,2.0,3,7,6,80.13608748481167
S43G01N130,2023-2024,20231231,away,70,4,1,9,2,11,1,15,5,9,5,0,0,5,3,2,4,24,10,7,4,28,29,4,1,3,834,0,0,0,4,-5.12798779454144,53.4351145038168,52.083333333333336,29,10.273972602739727,15.384615384615385,60.0,40.0,1.3333333333333333,3,7,5,79.07913669064747,16,8,1,11,2,13,2,16,9,8,3,1,1,4,3,2,4,24,12,5,2,30,28,1,0,4,834,0,0,0,4,5.12798779454144,58.22981366459627,56.25,38,13.440860215053762,18.181818181818183,75.0,66.66666666666667,2.0,3,7,6,79.07913669064747
S43G01N130,2023-2024,20231231,away,70,4,1,9,2,11,1,15,5,9,5,0,0,5,3,2,4,24,10,7,4,28,29,4,1,3,834,0,0,0,4,-5.12798779454144,53.4351145038168,52.083333333333336,29,10.273972602739727,15.384615384615385,60.0,40.0,1.3333333333333333,3,7,5,79.07913669064747,16,8,1,11,2,13,2,16,9,8,3,1,1,4,3,2,4,24,12,5,2,30,28,1,0,4,834,0,0,0,4,5.12798779454144,58.22981366459627,56.25,38,13.440860215053762,18.181818181818183,75.0,66.66666666666667,2.0,3,7,6,79.07913669064747
S43G01N130,2023-2024,20231231,away,70,4,1,9,2,11,1,15,5,9,5,0,0,5,3,2,4,24,10,7,4,28,29,4,1,3,834,0,0,0,4,-5.12798779454144,53.4351145038168,52.083333333333336,29,10.273972602739727,15.384615384615385,60.0,40.0,1.3333333333333333,3,7,5,79.07913669064747,16,8,1,11,2,13,2,16,9,8,3,1,1,4,3,2,4,24,12,5,2,30,28,1,0,4,834,0,0,0,4,5.12798779454144,58.22981366459627,56.25,38,13.440860215053762,18.181818181818183,75.0,66.66666666666667,2.0,3,7,6,79.07913669064747
S43G01N130,2023-2024,20231231,away,70,4,1,9,2,11,1,15,5,9,5,0,0,5,3,2,4,24,10,7,4,28,29,4,1,3,834,0,0,0,4,-5.12798779454144,53.4351145038168,52.083333333333336,29,10.273972602739727,15.384615384615385,60.0,40.0,1.3333333333333333,3,7,5,79.07913669064747,16,8,1,11,2,13,2,16,9,8,3,1,1,4,3,2,4,24,12,5,2,30,28,1,0,4,834,0,0,0,4,5.12798779454144,58.22981366459627,56.25,38,13.440860215053762,18.181818181818183,75.0,66.66666666666667,2.0,3,7,6,79.07913669064747
S43G01N130,2023-2024,20231231,away,70,4,1,9,2,11,1,15,5,9,5,0,0,5,3,2,4,24,10,7,4,28,29,4,1,3,834,0,0,0,4,-6.987901543596166,53.4351145038168,52.083333333333336,29,10.273972602739727,15.384615384615385,60.0,40.0,1.3333333333333333,1,7,5,79.71223021582733,16,8,1,11,2,13,2,16,9,8,3,1,1,5,4,2,4,24,12,5,2,31,29,1,0,4,834,0,0,0,4,6.987901543596166,59.16030534351145,56.25,39,13.245033112582782,18.181818181818183,80.0,66.66666666666667,2.0,1,7,6,79.71223021582733
S43G01N130,2023-2024,20231231,away,70,4,1,9,2,11,1,15,5,9,5,0,0,5,3,2,4,24,10,7,4,28,29,4,1,3,834,0,0,0,4,-8.79066710483076,53.4351145038168,52.083333333333336,29,10.273972602739727,15.384615384615385,60.0,40.0,1.3333333333333333,2,7,5,80.34532374100719,16,8,1,11,2,13,2,16,9,8,3,1,1,6,5,2,4,24,12,5,2,32,30,1,0,4,834,0,0,0,4,8.79066710483076,60.06006006006006,56.25,40,13.054830287206267,18.181818181818183,83.33333333333333,66.66666666666667,2.0,2,7,6,80.34532374100719
S43G01N130,2023-2024,20231231,away,70,4,1,9,2,11,1,15,5,9,5,0,0,5,3,2,4,24,10,7,4,28,29,4,1,3,834,0,0,0,4,-10.538878550044515,53.4351145038168,52.083333333333336,29,10.273972602739727,15.384615384615385,60.0,40.0,1.3333333333333333,3,7,5,80.97841726618705,16,8,1,11,2,13,2,16,9,8,3,1,1,7,6,2,4,24,12,5,2,33,31,1,0,4,834,0,0,0,4,10.538878550044515,60.93057607090104,56.25,41,12.870012870012872,18.181818181818183,85.71428571428571,66.66666666666667,2.0,3,7,6,80.97841726618705
S43G01N130,2023-2024,20231231,away,70,4,1,9,2,11,1,15,5,9,5,0,0,5,3,2,4,24,10,7,4,28,29,4,1,4,853,0,0,0,5,-14.18927487878878,53.4351145038168,52.083333333333336,28,13.245033112582782,15.384615384615385,60.0,40.0,1.0,3,7,5,80.58147713950761,16,8,1,11,2,13,2,16,9,8,3,1,1,7,6,2,4,24,12,5,2,33,31,1,0,4,853,0,0,0,4,14.18927487878878,60.93057607090104,56.25,41,12.870012870012872,18.181818181818183,85.71428571428571,66.66666666666667,2.0,3,7,6,80.58147713950761
S43G01N130,2023-2024,20231231,away,70,4,1,9,2,11,1,15,5,9,5,0,0,5,3,2,4,24,10,7,4,28,29,4,1,4,853,0,0,0,5,-14.18927487878878,53.4351145038168,52.083333333333336,28,13.245033112582782,15.384615384615385,60.0,40.0,1.0,3,7,5,80.58147713950761,16,8,1,11,2,13,2,16,9,8,3,1,1,7,6,2,4,24,12,5,2,33,31,1,0,4,853,0,0,0,4,14.18927487878878,60.93057607090104,56.25,41,12.870012870012872,18.181818181818183,85.71428571428571,66.66666666666667,2.0,3,7,6,80.58147713950761
S43G01N130,2023-2024,20231231,away,70,4,1,9,2,11,1,15,5,9,5,0,0,5,3,2,4,24,10,7,4,28,29,4,1,4,853,0,0,0,5,-14.18927487878878,53.4351145038168,52.083333333333336,28,13.245033112582782,15.384615384615385,60.0,40.0,1.0,3,7,5,80.58147713950761,16,8,1,11,2,13,2,16,9,8,3,1,1,7,6,2,4,24,12,5,2,33,31,1,0,4,853,0,0,0,4,14.18927487878878,60.93057607090104,56.25,41,12.870012870012872,18.181818181818183,85.71428571428571,66.66666666666667,2.0,3,7,6,80.58147713950761
S43G01N130,2023-2024,20231231,away,70,4,1,9,2,11,1,15,5,9,5,0,0,5,3,2,4,24,10,7,4,28,29,4,1,4,872,0,0,0,5,-10.416666666666671,53.4351145038168,52.083333333333336,28,13.245033112582782,15.384615384615385,60.0,40.0,1.0,3,7,5,80.20183486238533,16,8,1,11,2,13,2,17,9,8,3,1,1,7,6,2,4,25,12,5,2,33,32,1,0,4,872,0,0,0,4,10.416666666666671,58.76068376068376,54.0,40,12.468827930174564,18.181818181818183,85.71428571428571,66.66666666666667,2.0,3,7,6,80.20183486238533
S43G01N130,2023-2024,20231231,away,70,4,1,9,2,11,1,15,5,9,5,0,0,5,3,2,4,24,10,7,4,28,29,4,1,4,873,0,0,0,5,-14.18927487878878,53.4351145038168,52.083333333333336,28,13.245033112582782,15.384615384615385,60.0,40.0,1.0,3,7,5,78.73539518900344,16,8,1,11,3,14,2,17,9,8,3,1,1,7,6,2,4,25,12,5,2,33,32,1,0,4,873,0,0,0,4,14.18927487878878,58.76068376068376,54.0,41,12.468827930174564,25.0,85.71428571428571,66.66666666666667,2.0,3,7,6,78.73539518900344
S43G01N130,2023-2024,20231231,away,70,4,1,9,2,11,1,15,5,9,5,0,0,5,3,2,4,24,10,7,4,28,29,4,1,4,874,0,0,0,5,-17.06560283687945,53.4351145038168,52.083333333333336,28,13.245033112582782,15.384615384615385,60.0,40.0,1.0,5,7,5,80.01830663615561,16,8,1,11,3,14,2,18,10,8,3,1,1,7,6,2,4,26,13,5,2,35,33,1,0,4,874,0,0,0,4,17.06560283687945,60.17881705639615,55.76923076923077,43,12.091898428053206,25.0,85.71428571428571,61.53846153846154,2.0,5,7,7,80.01830663615561
S43G01N130,2023-2024,20231231,away,70,4,1,9,2,11,1,16,5,9,5,0,0,5,3,2,4,25,10,7,4,28,30,4,1,4,897,0,0,0,5,-20.465972019819304,51.470588235294116,50.0,27,12.820512820512821,15.384615384615385,60.0,40.0,1.0,5,7,5,79.30434782608695,16,8,1,11,3,14,2,18,10,8,3,1,1,7,6,2,4,26,13,5,2,35,33,1,0,4,897,0,0,0,4,20.465972019819304,60.17881705639615,55.76923076923077,43,12.091898428053206,25.0,85.71428571428571,61.53846153846154,2.0,5,7,7,79.30434782608695
S43G01N130,2023-2024,20231231,away,70,4,1,9,2,11,1,16,5,9,5,0,0,5,3,2,4,25,10,7,4,28,30,4,1,4,898,0,0,0,5,-20.465972019819304,51.470588235294116,50.0,27,12.820512820512821,14.285714285714286,60.0,40.0,1.0,5,7,5,79.21603563474387,16,8,1,12,3,15,2,18,10,8,3,1,1,7,6,2,4,26,13,5,2,35,33,1,0,4,898,0,0,0,4,20.465972019819304,60.17881705639615,55.76923076923077,44,12.091898428053206,25.0,85.71428571428571,61.53846153846154,2.0,5,7,7,79.21603563474387
S43G01N130,2023-2024,20231231,away,70,4,1,9,2,11,1,16,5,9,5,0,0,5,3,2,4,25,10,7,4,28,30,4,1,4,913,0,0,0,5,-23.15720808871494,51.470588235294116,50.0,27,12.820512820512821,14.285714285714286,60.0,40.0,1.0,7,7,5,79.22891566265059,16,8,1,12,3,15,2,19,11,8,3,1,1,7,6,2,4,27,14,5,2,37,34,1,0,4,913,0,0,0,4,23.15720808871494,61.50265957446809,57.407407407407405,46,11.737089201877934,25.0,85.71428571428571,57.142857142857146,2.0,7,7,9,79.22891566265059
S43G01N130,2023-2024,20231231,away,70,4,1,9,2,11,1,16,5,9,5,0,0,5,3,2,4,25,10,7,4,28,30,4,1,4,913,0,0,0,5,-23.15720808871494,51.470588235294116,50.0,27,12.820512820512821,14.285714285714286,60.0,40.0,1.0,7,7,5,79.22891566265059,16,9,1,12,3,15,2,19,11,8,3,1,1,7,6,2,4,27,14,5,2,37,34,1,0,4,913,0,0,0,4,23.15720808871494,61.50265957446809,57.407407407407405,47,11.737089201877934,25.0,85.71428571428571,64.28571428571429,2.25,7,7,9,79.22891566265059
S43G01N130,2023-2024,20231231,away,70,4,1,9,2,11,1,16,5,9,5,0,0,5,3,2,4,25,10,7,4,28,30,4,1,4,914,0,0,0,5,-23.15720808871494,51.470588235294116,50.0,27,12.820512820512821,14.285714285714286,60.0,40.0,1.0,7,7,5,79.14223194748358,16,9,1,12,3,15,2,19,11,8,3,1,1,7,6,3,6,27,14,5,2,37,34,1,0,4,914,0,0,0,4,23.15720808871494,61.50265957446809,57.407407407407405,47,11.737089201877934,25.0,85.71428571428571,64.28571428571429,2.25,7,7,9,79.14223194748358
S43G01N130,2023-2024,20231231,away,70,4,1,9,2,11,1,17,6,9,5,0,0,5,3,2,4,26,11,7,4,30,31,4,1,4,914,0,0,0,5,-19.7098707032482,53.19148936170213,51.92307692307692,29,12.422360248447204,14.285714285714286,60.0,36.36363636363637,1.0,2,7,5,80.45514223194748,16,9,1,12,3,15,2,19,11,8,3,1,1,7,6,3,6,27,14,5,2,37,34,1,0,4,914,0,0,0,4,19.7098707032482,61.50265957446809,57.407407407407405,47,11.737089201877934,25.0,85.71428571428571,64.28571428571429,2.25,2,7,9,80.45514223194748
S43G01N130,2023-2024,20231231,away,70,4,1,9,2,11,1,17,6,9,5,0,0,5,3,2,4,26,11,7,4,30,31,4,1,4,914,0,0,0,5,-19.7098707032482,53.19148936170213,51.92307692307692,29,12.422360248447204,14.285714285714286,60.0,36.36363636363637,1.0,2,7,5,80.45514223194748,16,9,1,12,3,15,2,19,11,8,3,1,1,7,6,3,6,27,14,6,2,37,34,1,0,4,914,0,0,0,4,19.7098707032482,61.50265957446809,57.407407407407405,47,11.737089201877934,25.0,85.71428571428571,64.28571428571429,2.25,2,7,9,80.45514223194748
S43G01N130,2023-2024,20231231,away,70,4,1,9,2,11,1,17,6,9,5,0,0,5,3,2,4,26,11,7,4,30,31,4,1,4,914,0,0,0,5,-19.7098707032482,53.19148936170213,51.92307692307692,29,12.422360248447204,14.285714285714286,60.0,36.36363636363637,1.0,2,7,5,80.45514223194748,16,9,1,12,3,15,2,19,11,8,3,1,1,7,6,3,6,27,14,6,2,37,34,1,0,4,914,0,0,0,4,19.7098707032482,61.50265957446809,57.407407407407405,47,11.737089201877934,25.0,85.71428571428571,64.28571428571429,2.25,2,7,9,80.45514223194748
S43G01N130,2023-2024,20231231,away,70,4,1,9,2,11,1,17,6,9,5,0,0,5,3,2,4,26,11,7,4,30,31,4,1,4,914,0,0,0,5,-19.7098707032482,53.19148936170213,51.92307692307692,29,12.422360248447204,14.285714285714286,60.0,36.36363636363637,1.0,2,7,5,80.45514223194748,16,9,1,12,3,15,2,19,11,8,3,1,1,7,6,3,6,27,14,6,2,37,34,1,0,4,914,0,0,0,4,19.7098707032482,61.50265957446809,57.407407407407405,47,11.737089201877934,25.0,85.71428571428571,64.28571428571429,2.25,2,7,9,80.45514223194748
S43G01N130,2023-2024,20231231,away,70,4,1,9,2,11,1,17,6,9,5,0,0,5,3,2,4,26,11,7,4,30,31,4,1,4,914,0,0,0,5,-19.7098707032482,53.19148936170213,51.92307692307692,29,12.422360248447204,14.285714285714286,60.0,36.36363636363637,1.0,2,7,5,80.45514223194748,16,9,1,12,3,15,2,19,11,8,3,1,1,7,6,3,6,27,14,6,2,37,34,1,0,4,914,0,0,0,4,19.7098707032482,61.50265957446809,57.407407407407405,47,11.737089201877934,25.0,85.71428571428571,64.28571428571429,2.25,2,7,9,80.45514223194748
S43G01N130,2023-2024,20231231,away,70,4,1,9,2,11,1,17,6,9,5,0,0,6,4,2,4,26,11,7,4,31,32,4,1,4,914,0,0,0,5,-17.872684321770492,54.12011173184357,51.92307692307692,30,12.254901960784313,14.285714285714286,66.66666666666667,36.36363636363637,1.0,3,7,5,81.03282275711159,16,9,1,12,3,15,2,19,11,8,3,1,1,7,6,3,6,27,14,6,2,37,34,1,0,4,914,0,0,0,4,17.872684321770492,61.50265957446809,57.407407407407405,47,11.737089201877934,25.0,85.71428571428571,64.28571428571429,2.25,3,7,9,81.03282275711159
S43G01N130,2023-2024,20231231,away,70,4,1,9,2,11,1,17,6,9,5,0,0,6,4,2,4,26,11,7,4,31,32,4,1,4,914,0,0,0,5,-17.872684321770492,54.12011173184357,51.92307692307692,30,12.254901960784313,14.285714285714286,66.66666666666667,36.36363636363637,1.0,3,7,5,81.03282275711159,16,9,1,12,3,15,2,19,11,8,3,1,1,7,6,3,6,27,14,6,2,37,34,1,0,4,914,0,0,0,4,17.872684321770492,61.50265957446809,57.407407407407405,47,11.737089201877934,25.0,85.71428571428571,64.28571428571429,2.25,3,7,9,81.03282275711159
S43G01N130,2023-2024,20231231,away,70,4,1,9,2,11,1,17,6,9,5,0,0,6,4,2,4,26,11,7,4,31,32,4,1,4,914,0,0,0,5,-17.872684321770492,54.12011173184357,51.92307692307692,30,12.254901960784313,14.285714285714286,66.66666666666667,36.36363636363637,1.0,3,7,5,81.03282275711159,16,9,1,12,3,15,2,19,11,8,3,1,1,7,6,3,6,27,14,6,2,37,34,1,0,4,914,0,0,0,4,17.872684321770492,61.50265957446809,57.407407407407405,47,11.737089201877934,25.0,85.71428571428571,64.28571428571429,2.25,3,7,9,81.03282275711159
S43G01N130,2023-2024,20231231,away,70,4,1,9,2,11,1,17,6,9,5,0,0,6,4,2,4,26,11,7,4,31,32,4,1,4,935,0,0,0,5,-14.16172362826616,54.12011173184357,51.92307692307692,30,12.254901960784313,14.285714285714286,66.66666666666667,36.36363636363637,1.0,3,7,5,80.49625668449198,16,9,1,12,3,15,2,20,11,8,3,1,1,7,6,3,6,28,14,6,2,37,35,1,0,4,935,0,0,0,4,14.16172362826616,59.523809523809526,55.357142857142854,46,11.402508551881414,25.0,85.71428571428571,64.28571428571429,2.25,3,7,9,80.49625668449198
S43G01N130,2023-2024,20231231,away,70,4,1,10,2,12,1,17,6,9,5,0,0,6,4,2,4,26,11,7,4,31,32,4,1,4,936,0,0,0,5,-14.16172362826616,54.12011173184357,51.92307692307692,31,12.254901960784313,14.285714285714286,66.66666666666667,36.36363636363637,1.0,3,7,5,80.41025641025641,16,9,1,12,3,15,2,20,11,8,3,1,1,7,6,3,6,28,14,6,2,37,35,1,0,4,936,0,0,0,4,14.16172362826616,59.523809523809526,55.357142857142854,46,11.402508551881414,23.076923076923077,85.71428571428571,64.28571428571429,2.25,3,7,9,80.41025641025641
S43G01N130,2023-2024,20231231,away,70,4,1,10,2,12,1,17,6,9,5,0,0,6,4,2,4,26,11,7,4,31,32,4,1,5,942,0,0,0,6,-17.35941435917161,54.12011173184357,51.92307692307692,30,14.863258026159334,14.285714285714286,66.66666666666667,36.36363636363637,0.8,3,7,5,81.17197452229298,16,9,1,12,3,15,2,20,11,8,3,1,1,7,6,3,6,28,14,6,2,37,35,1,0,4,942,0,0,0,4,17.35941435917161,59.523809523809526,55.357142857142854,46,11.402508551881414,23.076923076923077,85.71428571428571,64.28571428571429,2.25,3,7,9,81.17197452229298
S43G01N130,2023-2024,20231231,away,70,4,1,10,2,12,1,17,6,9,5,0,0,6,4,2,4,26,11,7,4,31,32,4,1,5,967,0,0,0,6,-13.872816464549032,54.12011173184357,51.92307692307692,30,14.863258026159334,14.285714285714286,66.66666666666667,36.36363636363637,0.8,3,7,5,80.31437435367116,16,9,1,12,3,15,2,20,11,8,3,1,1,7,6,3,6,28,14,6,2,37,35,1,0,5,967,0,0,0,5,13.872816464549032,59.523809523809526,55.357142857142854,45,13.85809312638581,23.076923076923077,85.71428571428571,64.28571428571429,1.8,3,7,9,80.31437435367116
S43G01N130,2023-2024,20231231,away,70,4,1,10,2,12,1,17,6,9,5,0,0,6,4,2,4,26,11,7,4,31,32,5,1,5,968,0,0,0,6,-13.872816464549032,54.12011173184357,51.92307692307692,31,14.863258026159334,14.285714285714286,66.66666666666667,36.36363636363637,0.8,3,7,5,80.23140495867769,16,9,1,12,3,15,2,20,11,8,3,1,1,7,6,3,6,28,14,6,2,37,35,1,0,5,968,0,0,0,5,13.872816464549032,59.523809523809526,55.357142857142854,45,13.85809312638581,23.076923076923077,85.71428571428571,64.28571428571429,1.8,3,7,9,80.23140495867769
S43G01N130,2023-2024,20231231,away,70,4,1,10,2,12,1,18,6,9,5,0,0,6,4,2,4,27,11,7,4,31,33,5,1,5,975,0,0,0,6,-16.874570263413716,52.29419703103913,50.0,30,14.434180138568129,14.285714285714286,66.66666666666667,36.36363636363637,0.8,3,7,5,80.88615384615385,16,9,1,12,3,15,2,20,11,8,3,1,1,7,6,3,6,28,14,6,2,37,35,1,0,5,975,0,0,0,5,16.874570263413716,59.523809523809526,55.357142857142854,45,13.85809312638581,23.076923076923077,85.71428571428571,64.28571428571429,1.8,3,7,9,80.88615384615385
S43G01N130,2023-2024,20231231,away,70,4,1,10,2,12,1,18,6,9,5,0,0,6,4,2,4,27,11,7,4,31,33,5,1,5,976,0,0,0,6,-16.874570263413716,52.29419703103913,50.0,30,14.434180138568129,13.333333333333334,66.66666666666667,36.36363636363637,0.8,3,7,5,80.80327868852459,16,9,1,13,3,16,2,20,11,8,3,1,1,7,6,3,6,28,14,6,2,37,35,1,0,5,976,0,0,0,5,16.874570263413716,59.523809523809526,55.357142857142854,46,13.85809312638581,23.076923076923077,85.71428571428571,64.28571428571429,1.8,3,7,9,80.80327868852459
S43G01N130,2023-2024,20231231,away,70,4,1,10,2,12,1,18,6,9,5,0,0,6,4,2,4,27,11,7,4,31,33,5,1,5,982,0,0,0,6,-13.59258492129247,52.29419703103913,50.0,30,14.434180138568129,13.333333333333334,66.66666666666667,36.36363636363637,0.8,3,7,5,81.53156822810591,16,9,1,13,3,16,2,20,11,9,3,1,1,7,6,3,6,29,14,6,2,37,36,1,0,5,982,0,0,0,5,13.59258492129247,57.66832917705736,53.44827586206897,45,13.48435814455232,23.076923076923077,85.71428571428571,64.28571428571429,1.8,3,7,9,81.53156822810591
S43G01N130,2023-2024,20231231,away,70,4,1,11,2,13,1,18,6,9,5,0,0,6,4,2,4,27,11,7,4,31,33,5,1,5,983,0,0,0,6,-13.59258492129247,52.29419703103913,50.0,31,14.434180138568129,13.333333333333334,66.66666666666667,36.36363636363637,0.8,3,7,5,81.44862665310275,16,9,1,13,3,16,2,20,11,9,3,1,1,7,6,3,6,29,14,6,2,37,36,1,0,5,983,0,0,0,5,13.59258492129247,57.66832917705736,53.44827586206897,45,13.48435814455232,21.428571428571427,85.71428571428571,64.28571428571429,1.8,3,7,9,81.44862665310275
S43G01N130,2023-2024,20231231,away,70,4,1,11,2,13,1,18,6,9,5,0,0,6,4,2,4,27,11,7,4,31,33,5,1,5,989,0,0,0,6,-13.59258492129247,52.29419703103913,50.0,31,14.434180138568129,13.333333333333334,66.66666666666667,36.36363636363637,0.8,3,7,5,80.95449949443882,16,9,1,13,3,16,2,20,11,9,3,1,1,7,6,3,6,29,14,7,2,37,36,1,0,5,989,0,0,0,5,13.59258492129247,57.66832917705736,53.44827586206897,45,13.48435814455232,21.428571428571427,85.71428571428571,64.28571428571429,1.8,3,7,9,80.95449949443882
S43G01N130,2023-2024,20231231,away,70,4,1,11,2,13,1,18,6,9,5,0,0,6,4,2,4,27,11,7,4,31,33,5,1,5,989,0,0,0,6,-13.59258492129247,52.29419703103913,50.0,31,14.434180138568129,13.333333333333334,66.66666666666667,36.36363636363637,0.8,3,7,5,80.95449949443882,16,9,1,13,3,16,2,20,11,9,3,1,1,7,6,3,6,29,14,7,2,37,36,1,0,5,989,0,0,0,5,13.59258492129247,57.66832917705736,53.44827586206897,45,13.48435814455232,21.428571428571427,85.71428571428571,64.28571428571429,1.8,3,7,9,80.95449949443882
S43G01N130,2023-2024,20231231,away,70,4,1,11,2,13,1,18,6,9,5,0,0,6,4,2,4,27,11,7,4,31,33,5,1,5,989,0,0,0,6,-13.59258492129247,52.29419703103913,50.0,31,14.434180138568129,13.333333333333334,66.66666666666667,36.36363636363637,0.8,3,7,5,80.95449949443882,16,9,1,13,3,16,2,20,11,9,3,1,1,7,6,3,6,29,14,7,2,37,36,1,0,5,989,0,0,0,5,13.59258492129247,57.66832917705736,53.44827586206897,45,13.48435814455232,21.428571428571427,85.71428571428571,64.28571428571429,1.8,3,7,9,80.95449949443882
S43G01N130,2023-2024,20231231,away,70,4,1,11,2,13,1,18,6,9,5,0,0,6,4,2,4,27,11,7,4,31,33,5,1,5,989,0,0,0,6,-13.59258492129247,52.29419703103913,50.0,31,14.434180138568129,13.333333333333334,66.66666666666667,36.36363636363637,0.8,3,7,5,80.95449949443882,16,9,1,13,3,16,2,20,11,9,3,1,1,7,6,3,6,29,14,7,2,37,36,1,0,5,989,0,0,0,5,13.59258492129247,57.66832917705736,53.44827586206897,45,13.48435814455232,21.428571428571427,85.71428571428571,64.28571428571429,1.8,3,7,9,80.95449949443882
S43G01N130,2023-2024,20231231,away,70,4,1,11,2,13,1,18,6,9,5,0,0,6,4,2,4,27,11,7,4,31,33,5,1,5,989,0,0,0,6,-13.59258492129247,52.29419703103913,50.0,31,14.434180138568129,13.333333333333334,66.66666666666667,36.36363636363637,0.8,3,7,5,80.95449949443882,16,9,1,13,3,16,2,20,11,9,3,1,1,7,6,3,6,29,14,7,2,37,36,1,0,5,989,0,0,0,5,13.59258492129247,57.66832917705736,53.44827586206897,45,13.48435814455232,21.428571428571427,85.71428571428571,64.28571428571429,1.8,3,7,9,80.95449949443882
S43G01N130,2023-2024,20231231,away,70,4,1,11,2,13,1,18,6,9,5,0,0,6,4,2,4,27,11,7,4,31,33,5,1,5,989,0,0,0,6,-13.59258492129247,52.29419703103913,50.0,31,14.434180138568129,13.333333333333334,66.66666666666667,36.36363636363637,0.8,3,7,5,80.95449949443882,16,9,1,13,3,16,2,20,11,9,3,1,1,7,6,3,6,29,14,7,2,37,36,1,0,5,989,0,0,0,5,13.59258492129247,57.66832917705736,53.44827586206897,45,13.48435814455232,21.428571428571427,85.71428571428571,64.28571428571429,1.8,3,7,9,80.95449949443882
S43G01N130,2023-2024,20231231,away,70,4,1,11,2,13,1,18,6,9,5,0,0,7,5,2,4,27,11,7,4,32,34,5,1,5,989,0,0,0,6,-11.83288769294525,53.19148936170213,50.0,32,14.253135689851769,13.333333333333334,71.42857142857143,36.36363636363637,0.8,4,7,5,81.48837209302326,16,9,1,13,3,16,2,20,11,9,3,1,1,7,6,3,6,29,14,7,2,37,36,1,0,5,989,0,0,0,5,11.83288769294525,57.66832917705736,53.44827586206897,45,13.48435814455232,21.428571428571427,85.71428571428571,64.28571428571429,1.8,4,7,9,81.48837209302326
S43G01N130,2023-2024,20231231,away,70,4,1,11,2,13,1,18,6,9,5,0,0,8,5,2,4,27,11,7,4,32,35,5,1,5,989,0,0,0,6,-13.102681322621478,52.424639580602886,50.0,31,14.076576576576578,13.333333333333334,62.5,36.36363636363637,0.8,4,7,5,82.02224469160768,16,9,1,13,3,16,2,20,11,9,3,1,1,7,6,3,6,29,14,7,2,37,36,1,0,5,989,0,0,0,5,13.102681322621478,57.66832917705736,53.44827586206897,45,13.48435814455232,21.428571428571427,85.71428571428571,64.28571428571429,1.8,4,7,9,82.02224469160768
S43G01N130,2023-2024,20231231,away,70,4,1,11,3,14,1,18,6,9,5,0,0,8,5,2,4,27,11,7,4,32,35,5,1,5,991,0,0,0,6,-10.16709110753078,52.424639580602886,50.0,32,14.076576576576578,18.75,62.5,36.36363636363637,0.8,4,7,5,80.64581231079717,16,9,1,13,3,16,2,20,11,9,3,1,1,7,6,3,6,29,14,7,2,37,36,1,0,5,991,0,0,0,5,10.16709110753078,57.66832917705736,53.44827586206897,45,13.48435814455232,21.428571428571427,85.71428571428571,64.28571428571429,1.8,4,7,9,80.64581231079717
S43G01N130,2023-2024,20231231,away,70,4,1,11,3,14,1,18,6,9,5,0,0,8,5,2,4,27,11,7,4,32,35,5,1,6,997,0,0,0,7,-13.102681322621478,52.424639580602886,50.0,31,16.42935377875137,18.75,62.5,36.36363636363637,0.6666666666666666,4,7,5,81.36409227683049,16,9,1,13,3,16,2,20,11,9,3,1,1,7,6,3,6,29,14,7,2,37,36,1,0,5,997,0,0,0,5,13.102681322621478,57.66832917705736,53.44827586206897,45,13.48435814455232,21.428571428571427,85.71428571428571,64.28571428571429,1.8,4,7,9,81.36409227683049
S43G01N130,2023-2024,20231231,away,70,4,1,11,3,14,1,18,6,9,5,0,0,8,5,2,4,27,11,7,4,32,35,5,1,6,998,0,0,0,7,-13.102681322621478,52.424639580602886,50.0,31,16.42935377875137,18.75,62.5,36.36363636363637,0.6666666666666666,4,7,5,81.28256513026052,16,9,1,13,3,16,2,20,11,9,3,1,1,7,6,3,6,29,14,7,2,37,36,2,0,5,998,0,0,0,5,13.102681322621478,57.66832917705736,53.44827586206897,46,13.48435814455232,21.428571428571427,85.71428571428571,64.28571428571429,1.8,4,7,9,81.28256513026052
S43G01N130,2023-2024,20231231,away,70,4,1,11,3,14,1,18,6,9,5,0,0,8,5,2,4,27,11,7,4,32,35,5,1,6,1001,0,0,0,7,-10.007810310153673,52.424639580602886,50.0,31,16.42935377875137,18.75,62.5,36.36363636363637,0.6666666666666666,4,7,5,82.23776223776224,16,9,1,13,3,16,2,21,11,9,3,1,1,7,6,3,6,30,14,7,2,37,37,2,0,5,1001,0,0,0,5,10.007810310153673,55.92503022974607,51.666666666666664,45,13.130252100840337,21.428571428571427,85.71428571428571,64.28571428571429,1.8,4,7,9,82.23776223776224
S43G01N130,2023-2024,20231231,away,70,4,1,11,3,14,1,18,6,9,5,0,0,8,5,2,4,27,11,7,4,32,35,5,1,6,1003,0,0,0,7,-13.102681322621478,52.424639580602886,50.0,31,16.42935377875137,18.75,62.5,36.36363636363637,0.6666666666666666,4,7,5,80.87736789631107,16,9,1,13,4,17,2,21,11,9,3,1,1,7,6,3,6,30,14,7,2,37,37,2,0,5,1003,0,0,0,5,13.102681322621478,55.92503022974607,51.666666666666664,46,13.130252100840337,26.666666666666668,85.71428571428571,64.28571428571429,1.8,4,7,9,80.87736789631107
S43G01N130,2023-2024,20231231,away,70,4,1,11,3,14,1,18,6,9,5,0,0,8,5,2,4,27,11,7,4,32,35,5,1,6,1004,0,0,0,7,-15.709064586094371,52.424639580602886,50.0,31,16.42935377875137,18.75,62.5,36.36363636363637,0.6666666666666666,2,7,5,81.99203187250995,16,9,1,13,4,17,2,22,12,9,3,1,1,7,6,3,6,31,15,7,2,39,38,2,0,5,1004,0,0,0,5,15.709064586094371,57.218309859154935,53.225806451612904,48,12.7942681678608,26.666666666666668,85.71428571428571,60.0,1.8,2,7,9,81.99203187250995
S43G01N130,2023-2024,20231231,away,70,4,1,11,3,14,1,18,6,9,5,0,0,8,5,2,4,27,11,7,4,32,35,5,1,6,1005,0,0,0,7,-15.709064586094371,52.424639580602886,50.0,31,16.42935377875137,18.75,62.5,36.36363636363637,0.6666666666666666,2,7,5,81.91044776119402,16,9,1,13,4,17,2,22,12,9,3,1,1,7,6,4,8,31,15,7,2,39,38,2,0,5,1005,0,0,0,5,15.709064586094371,57.218309859154935,53.225806451612904,48,12.7942681678608,26.666666666666668,85.71428571428571,60.0,1.8,2,7,9,81.91044776119402
S43G01N130,2023-2024,20231231,away,70,4,1,11,3,14,1,18,6,10,5,0,0,8,5,2,4,28,11,7,4,32,36,5,1,6,1021,0,0,0,7,-18.47457425569894,50.76142131979695,48.214285714285715,30,15.991471215351813,18.75,62.5,36.36363636363637,0.6666666666666666,2,7,5,81.80215475024484,16,9,1,13,4,17,2,22,12,9,3,1,1,7,6,4,8,31,15,7,2,39,38,2,0,5,1021,0,0,0,5,18.47457425569894,57.218309859154935,53.225806451612904,48,12.7942681678608,26.666666666666668,85.71428571428571,60.0,1.8,2,7,9,81.80215475024484
S43G01N130,2023-2024,20231231,away,70,4,1,11,4,15,1,18,6,10,5,0,0,8,5,2,4,28,11,7,4,32,36,5,1,6,1022,0,0,0,7,-15.709064586094371,50.76142131979695,48.214285714285715,31,15.991471215351813,23.529411764705884,62.5,36.36363636363637,0.6666666666666666,2,7,5,80.54794520547944,16,9,1,13,4,17,2,22,12,9,3,1,1,7,6,4,8,31,15,7,2,39,38,2,0,5,1022,0,0,0,5,15.709064586094371,57.218309859154935,53.225806451612904,48,12.7942681678608,26.666666666666668,85.71428571428571,60.0,1.8,2,7,9,80.54794520547944
S43G01N130,2023-2024,20231231,away,70,4,1,11,4,15,1,18,6,11,5,0,0,8,5,2,4,29,11,7,4,32,37,5,1,6,1026,0,0,0,7,-18.474574255698954,49.200492004920044,46.55172413793103,30,15.57632398753894,23.529411764705884,62.5,36.36363636363637,0.6666666666666666,2,7,5,81.40350877192981,16,9,1,13,4,17,2,22,12,9,3,1,1,7,6,4,8,31,15,7,2,39,38,2,0,5,1026,0,0,0,5,18.474574255698954,57.218309859154935,53.225806451612904,48,12.7942681678608,26.666666666666668,85.71428571428571,60.0,1.8,2,7,9,81.40350877192981
S43G01N130,2023-2024,20231231,away,70,4,1,11,4,15,1,18,6,11,5,0,0,8,5,2,4,29,11,7,4,32,37,5,1,6,1029,0,0,0,7,-18.474574255698954,49.200492004920044,46.55172413793103,30,15.57632398753894,22.22222222222222,62.5,36.36363636363637,0.6666666666666666,2,7,5,81.16618075801749,16,9,1,14,4,18,2,22,12,9,3,1,1,7,6,4,8,31,15,7,2,39,38,2,0,5,1029,0,0,0,5,18.474574255698954,57.218309859154935,53.225806451612904,49,12.7942681678608,26.666666666666668,85.71428571428571,60.0,1.8,2,7,9,81.16618075801749
S43G01N130,2023-2024,20231231,away,70,4,1,11,4,15,1,18,6,11,5,0,0,8,5,2,4,29,11,7,4,32,37,5,1,6,1051,0,0,0,7,-15.39324226066448,49.200492004920044,46.55172413793103,30,15.57632398753894,22.22222222222222,62.5,36.36363636363637,0.6666666666666666,2,7,5,80.60894386298763,16,9,1,14,4,18,2,22,12,10,3,1,1,7,6,4,8,32,15,7,2,39,39,2,0,5,1051,0,0,0,5,15.39324226066448,55.587229190421894,51.5625,48,12.4750499001996,26.666666666666668,85.71428571428571,60.0,1.8,2,7,9,80.60894386298763
S43G01N130,2023-2024,20231231,away,70,4,1,11,4,15,1,18,6,11,5,0,0,8,5,2,4,29,11,7,4,32,37,5,1,6,1052,0,0,0,7,-18.474574255698954,49.200492004920044,46.55172413793103,30,15.57632398753894,22.22222222222222,62.5,36.36363636363637,0.6666666666666666,2,7,5,79.39163498098858,16,9,1,14,5,19,2,22,12,10,3,1,1,7,6,4,8,32,15,7,2,39,39,2,0,5,1052,0,0,0,5,18.474574255698954,55.587229190421894,51.5625,49,12.4750499001996,31.25,85.71428571428571,60.0,1.8,2,7,9,79.39163498098858
S43G01N130,2023-2024,20231231,away,70,4,1,11,4,15,1,18,6,11,5,0,0,8,5,2,4,29,11,7,4,32,37,5,1,6,1064,0,0,0,7,-15.39324226066448,49.200492004920044,46.55172413793103,30,15.57632398753894,22.22222222222222,62.5,36.36363636363637,0.6666666666666666,2,7,5,79.62406015037594,16,9,1,14,5,19,2,23,12,10,3,1,1,7,6,4,8,33,15,7,2,39,40,2,0,5,1064,0,0,0,5,15.39324226066448,54.04656319290466,50.0,48,12.171372930866601,31.25,85.71428571428571,60.0,1.8,2,7,9,79.62406015037594
S43G01N130,2023-2024,20231231,away,70,4,1,12,4,16,1,18,6,11,5,0,0,8,5,2,4,29,11,7,4,32,37,5,1,6,1065,0,0,0,7,-15.39324226066448,49.200492004920044,46.55172413793103,31,15.57632398753894,22.22222222222222,62.5,36.36363636363637,0.6666666666666666,2,7,5,79.54929577464789,16,9,1,14,5,19,2,23,12,10,3,1,1,7,6,4,8,33,15,7,2,39,40,2,0,5,1065,0,0,0,5,15.39324226066448,54.04656319290466,50.0,48,12.171372930866601,29.41176470588235,85.71428571428571,60.0,1.8,2,7,9,79.54929577464789
S43G01N130,2023-2024,20231231,away,70,4,1,12,4,16,1,18,6,12,5,0,0,8,5,2,4,30,11,7,4,32,38,5,1,6,1073,0,0,0,7,-18.003036295719227,47.732696897374694,45.0,30,15.182186234817813,22.22222222222222,62.5,36.36363636363637,0.6666666666666666,2,7,5,80.07455731593662,16,9,1,14,5,19,2,23,12,10,3,1,1,7,6,4,8,33,15,7,2,39,40,2,0,5,1073,0,0,0,5,18.003036295719227,54.04656319290466,50.0,48,12.171372930866601,29.41176470588235,85.71428571428571,60.0,1.8,2,7,9,80.07455731593662
S43G01N130,2023-2024,20231231,away,70,4,1,12,4,16,1,18,6,12,5,0,0,8,5,2,4,30,11,7,4,32,38,5,1,6,1074,0,0,0,7,-18.003036295719227,47.732696897374694,45.0,30,15.182186234817813,21.05263157894737,62.5,36.36363636363637,0.6666666666666666,2,7,5,79.99999999999999,16,9,1,15,5,20,2,23,12,10,3,1,1,7,6,4,8,33,15,7,2,39,40,2,0,5,1074,0,0,0,5,18.003036295719227,54.04656319290466,50.0,49,12.171372930866601,29.41176470588235,85.71428571428571,60.0,1.8,2,7,9,79.99999999999999
S43G01N130,2023-2024,20231231,away,70,4,1,12,4,16,1,18,6,12,5,0,0,8,5,2,4,30,11,7,4,32,38,5,1,6,1082,0,0,0,7,-15.087903437418007,47.732696897374694,45.0,30,15.182186234817813,21.05263157894737,62.5,36.36363636363637,0.6666666666666666,2,7,5,80.51756007393715,16,9,1,15,5,20,2,23,12,11,3,1,1,7,6,4,8,34,15,7,2,39,41,2,0,5,1082,0,0,0,5,15.087903437418007,52.58899676375405,48.529411764705884,48,11.882129277566541,29.41176470588235,85.71428571428571,60.0,1.8,2,7,9,80.51756007393715
S43G01N130,2023-2024,20231231,away,70,4,1,13,4,17,1,18,6,12,5,0,0,8,5,2,4,30,11,7,4,32,38,5,1,6,1084,0,0,0,7,-15.087903437418007,47.732696897374694,45.0,31,15.182186234817813,21.05263157894737,62.5,36.36363636363637,0.6666666666666666,2,7,5,80.3690036900369,16,9,1,15,5,20,2,23,12,11,3,1,1,7,6,4,8,34,15,7,2,39,41,2,0,5,1084,0,0,0,5,15.087903437418007,52.58899676375405,48.529411764705884,48,11.882129277566541,27.77777777777778,85.71428571428571,60.0,1.8,2,7,9,80.3690036900369
S43G01N130,2023-2024,20231231,away,70,4,1,13,4,17,1,19,7,12,5,0,0,8,5,2,4,31,12,7,4,34,39,5,1,6,1090,0,0,0,7,-12.07832211458367,49.24681344148319,46.774193548387096,33,14.807502467917077,21.05263157894737,62.5,33.333333333333336,0.6666666666666666,2,7,5,81.02752293577981,16,9,1,15,5,20,2,23,12,11,3,1,1,7,6,4,8,34,15,7,2,39,41,2,0,5,1090,0,0,0,5,12.07832211458367,52.58899676375405,48.529411764705884,48,11.882129277566541,27.77777777777778,85.71428571428571,60.0,1.8,2,7,9,81.02752293577981
S43G01N130,2023-2024,20231231,away,70,4,1,13,4,17,1,19,7,12,5,0,0,8,5,2,4,31,12,8,5,34,39,5,1,6,1105,0,0,0,7,-12.07832211458367,49.24681344148319,46.774193548387096,33,14.807502467917077,21.05263157894737,62.5,33.333333333333336,0.6666666666666666,2,7,5,79.92760180995474,16,9,1,15,5,20,2,23,12,11,3,1,1,7,6,4,8,34,15,7,2,39,41,2,0,5,1105,0,0,0,5,12.07832211458367,52.58899676375405,48.529411764705884,48,11.882129277566541,27.77777777777778,85.71428571428571,60.0,1.8,2,7,9,79.92760180995474
S43G01N130,2023-2024,20231231,away,70,4,1,13,4,17,1,19,7,12,5,0,0,8,5,2,4,31,12,8,5,34,39,5,1,6,1105,0,0,0,7,-12.07832211458367,49.24681344148319,46.774193548387096,33,14.807502467917077,21.05263157894737,62.5,33.333333333333336,0.6666666666666666,2,7,5,79.92760180995474,16,9,1,15,5,20,2,23,12,11,3,1,1,7,6,4,8,34,15,7,2,39,41,2,0,5,1105,0,0,0,5,12.07832211458367,52.58899676375405,48.529411764705884,48,11.882129277566541,27.77777777777778,85.71428571428571,60.0,1.8,2,7,9,79.92760180995474
S43G01N130,2023-2024,20231231,away,70,4,1,13,4,17,1,19,7,12,5,0,0,8,5,2,4,31,12,8,5,34,39,5,1,6,1105,0,0,0,7,-12.07832211458367,49.24681344148319,46.774193548387096,33,14.807502467917077,21.05263157894737,62.5,33.333333333333336,0.6666666666666666,2,7,5,79.92760180995474,16,9,1,15,5,20,2,23,12,11,3,1,1,7,6,4,8,34,15,7,2,39,41,2,0,5,1105,0,0,0,5,12.07832211458367,52.58899676375405,48.529411764705884,48,11.882129277566541,27.77777777777778,85.71428571428571,60.0,1.8,2,7,9,79.92760180995474
S43G01N130,2023-2024,20231231,away,70,4,1,13,4,17,1,19,7,12,5,0,0,8,5,2,4,31,12,8,5,34,39,5,1,6,1105,0,0,0,7,-12.07832211458367,49.24681344148319,46.774193548387096,33,14.807502467917077,21.05263157894737,62.5,33.333333333333336,0.6666666666666666,2,7,5,79.92760180995474,16,9,1,15,5,20,2,23,12,11,3,1,1,7,6,4,8,34,15,7,2,39,41,2,0,5,1105,0,0,0,5,12.07832211458367,52.58899676375405,48.529411764705884,48,11.882129277566541,27.77777777777778,85.71428571428571,60.0,1.8,2,7,9,79.92760180995474
S43G01N130,2023-2024,20231231,away,70,4,1,13,4,17,1,19,7,12,5,0,0,8,5,2,4,31,12,8,5,34,39,5,1,6,1110,0,0,0,7,-14.568395813966333,49.24681344148319,46.774193548387096,33,14.807502467917077,21.05263157894737,62.5,33.333333333333336,0.6666666666666666,2,7,5,80.64864864864865,16,9,1,15,5,20,2,24,13,11,3,1,1,7,6,4,8,35,16,7,2,41,42,2,0,5,1110,0,0,0,5,14.568395813966333,53.83403361344538,50.0,50,11.606313834726091,27.77777777777778,85.71428571428571,56.25,1.8,2,7,9,80.64864864864865
S43G01N130,2023-2024,20231231,away,70,4,1,13,4,17,1,19,7,13,5,0,0,8,5,2,4,32,12,8,5,34,40,5,1,6,1129,0,0,0,7,-17.049730339897167,47.86036036036035,45.3125,32,14.45086705202312,21.05263157894737,62.5,33.333333333333336,0.6666666666666666,2,7,5,80.3542958370239,16,9,1,15,5,20,2,24,13,11,3,1,1,7,6,4,8,35,16,7,2,41,42,2,0,5,1129,0,0,0,5,17.049730339897167,53.83403361344538,50.0,50,11.606313834726091,27.77777777777778,85.71428571428571,56.25,1.8,2,7,9,80.3542958370239
S43G01N130,2023-2024,20231231,away,70,4,1,13,4,17,1,19,7,13,5,0,0,8,5,2,4,32,12,8,5,34,40,5,1,6,1131,0,0,0,7,-17.049730339897167,47.86036036036035,45.3125,32,14.45086705202312,20.0,62.5,33.333333333333336,0.6666666666666666,2,7,5,80.21220159151194,16,9,1,16,5,21,2,24,13,11,3,1,1,7,6,4,8,35,16,7,2,41,42,2,0,5,1131,0,0,0,5,17.049730339897167,53.83403361344538,50.0,51,11.606313834726091,27.77777777777778,85.71428571428571,56.25,1.8,2,7,9,80.21220159151194
S43G01N130,2023-2024,20231231,away,70,4,1,13,4,17,1,19,7,13,5,0,0,8,5,2,4,32,12,9,6,34,40,5,1,6,1138,0,0,0,7,-17.049730339897167,47.86036036036035,45.3125,32,14.45086705202312,20.0,62.5,33.333333333333336,0.6666666666666666,2,7,5,79.71880492091387,16,9,1,16,5,21,2,24,13,11,3,1,1,7,6,4,8,35,16,7,2,41,42,2,0,5,1138,0,0,0,5,17.049730339897167,53.83403361344538,50.0,51,11.606313834726091,27.77777777777778,85.71428571428571,56.25,1.8,2,7,9,79.71880492091387
S43G01N130,2023-2024,20231231,away,70,4,1,13,4,17,1,19,7,13,5,0,0,8,5,2,4,32,12,9,6,34,40,5,1,6,1138,0,0,0,7,-17.049730339897167,47.86036036036035,45.3125,32,14.45086705202312,20.0,62.5,33.333333333333336,0.6666666666666666,2,7,5,79.71880492091387,16,9,1,16,5,21,2,24,13,11,3,1,1,7,6,4,8,35,16,7,2,41,42,2,0,5,1138,0,0,0,5,17.049730339897167,53.83403361344538,50.0,51,11.606313834726091,27.77777777777778,85.71428571428571,56.25,1.8,2,7,9,79.71880492091387
S43G01N130,2023-2024,20231231,away,70,4,1,13,4,17,1,19,7,13,5,0,0,8,5,2,4,32,12,9,6,34,40,5,1,6,1138,0,0,0,7,-17.049730339897167,47.86036036036035,45.3125,32,14.45086705202312,20.0,62.5,33.333333333333336,0.6666666666666666,2,7,5,79.71880492091387,16,9,1,16,5,21,2,24,13,11,3,1,1,7,6,4,8,35,16,7,2,41,42,2,0,5,1138,0,0,0,5,17.049730339897167,53.83403361344538,50.0,51,11.606313834726091,27.77777777777778,85.71428571428571,56.25,1.8,2,7,9,79.71880492091387
S43G01N130,2023-2024,20231231,away,70,4,1,13,4,17,1,19,7,13,5,0,0,8,5,2,4,32,12,9,6,34,40,5,1,6,1138,0,0,0,7,-17.049730339897167,47.86036036036035,45.3125,32,14.45086705202312,20.0,62.5,33.333333333333336,0.6666666666666666,2,7,5,79.71880492091387,16,9,1,16,5,21,2,24,13,11,3,1,1,7,6,4,8,35,16,7,2,41,42,2,0,5,1138,0,0,0,5,17.049730339897167,53.83403361344538,50.0,51,11.606313834726091,27.77777777777778,85.71428571428571,56.25,1.8,2,7,9,79.71880492091387
S43G01N130,2023-2024,20231231,away,70,4,1,13,4,17,1,19,7,13,5,0,0,8,5,2,4,32,12,9,6,34,40,5,1,6,1138,0,0,0,7,-17.049730339897167,47.86036036036035,45.3125,32,14.45086705202312,20.0,62.5,33.333333333333336,0.6666666666666666,2,7,5,79.71880492091387,16,9,1,16,5,21,2,24,13,11,3,1,1,7,6,4,8,35,16,7,2,41,42,2,0,5,1138,0,0,0,5,17.049730339897167,53.83403361344538,50.0,51,11.606313834726091,27.77777777777778,85.71428571428571,56.25,1.8,2,7,9,79.71880492091387
S43G01N130,2023-2024,20231231,away,70,4,1,13,4,17,1,19,7,13,5,0,0,8,5,2,4,32,12,9,6,34,40,5,1,6,1138,0,0,0,7,-17.049730339897167,47.86036036036035,45.3125,32,14.45086705202312,20.0,62.5,33.333333333333336,0.6666666666666666,2,7,5,79.71880492091387,16,9,1,16,5,21,2,24,13,11,3,1,1,7,6,4,8,35,16,7,2,41,42,2,0,5,1138,0,0,0,5,17.049730339897167,53.83403361344538,50.0,51,11.606313834726091,27.77777777777778,85.71428571428571,56.25,1.8,2,7,9,79.71880492091387
S43G01N130,2023-2024,20231231,away,70,4,1,13,4,17,1,19,7,13,5,0,0,8,5,2,4,32,12,9,6,34,40,5,1,6,1147,0,0,0,7,-19.412369356609275,47.86036036036035,45.3125,32,14.45086705202312,20.0,62.5,33.333333333333336,0.6666666666666666,4,7,5,80.1394943330427,16,9,1,16,5,21,2,25,14,11,3,1,1,7,6,4,8,36,17,7,2,43,43,2,0,5,1147,0,0,0,5,19.412369356609275,55.01535312180143,51.388888888888886,53,11.34301270417423,27.77777777777778,85.71428571428571,52.94117647058823,1.8,4,7,9,80.1394943330427
S43G01N130,2023-2024,20231231,away,70,4,1,13,4,17,1,20,7,13,5,0,0,8,5,2,4,33,12,9,6,34,41,5,1,6,1164,0,0,0,7,-21.764870314215543,46.54983570646221,43.93939393939394,31,14.111006585136405,20.0,62.5,33.333333333333336,0.6666666666666666,4,7,5,79.99999999999999,16,9,1,16,5,21,2,25,14,11,3,1,1,7,6,4,8,36,17,7,2,43,43,2,0,5,1164,0,0,0,5,21.764870314215543,55.01535312180143,51.388888888888886,53,11.34301270417423,27.77777777777778,85.71428571428571,52.94117647058823,1.8,4,7,9,79.99999999999999
S43G01N130,2023-2024,20231231,away,70,4,1,13,4,17,1,20,7,13,5,0,0,8,5,2,4,33,12,9,6,34,41,5,1,6,1165,0,0,0,7,-21.764870314215543,46.54983570646221,43.93939393939394,31,14.111006585136405,20.0,62.5,33.333333333333336,0.6666666666666666,4,7,5,79.931330472103,16,9,2,16,5,21,2,25,14,11,3,1,1,7,6,4,8,36,17,7,2,43,43,2,0,5,1165,0,0,0,5,21.764870314215543,55.01535312180143,51.388888888888886,54,11.34301270417423,27.77777777777778,85.71428571428571,52.94117647058823,1.8,4,7,9,79.931330472103
S43G01N130,2023-2024,20231231,away,70,4,1,13,4,17,1,20,7,13,5,0,0,8,5,2,4,33,12,9,6,34,41,5,1,6,1165,0,0,0,7,-21.764870314215543,46.54983570646221,43.93939393939394,31,14.111006585136405,19.047619047619047,62.5,33.333333333333336,0.6666666666666666,4,7,5,79.931330472103,16,9,2,17,5,22,2,25,14,11,3,1,1,7,6,4,8,36,17,7,2,43,43,2,0,5,1165,0,0,0,5,21.764870314215543,55.01535312180143,51.388888888888886,55,11.34301270417423,27.77777777777778,85.71428571428571,52.94117647058823,1.8,4,7,9,79.931330472103
S43G01N130,2023-2024,20231231,away,70,4,1,13,4,17,1,20,7,13,5,0,0,8,5,2,4,33,12,9,6,34,41,5,1,6,1168,0,0,0,7,-24.00961317240909,46.54983570646221,43.93939393939394,31,14.111006585136405,19.047619047619047,62.5,33.333333333333336,0.6666666666666666,6,7,5,80.75342465753425,16,9,2,17,5,22,2,26,15,11,3,1,1,7,6,4,8,37,18,7,2,45,44,2,0,5,1168,0,0,0,5,24.00961317240909,56.137724550898206,52.7027027027027,57,11.09139307897072,27.77777777777778,85.71428571428571,50.0,1.8,6,7,11,80.75342465753425
S43G01N130,2023-2024,20231231,away,70,4,1,13,4,17,1,20,7,13,5,0,0,8,5,2,4,33,12,9,6,34,41,5,1,6,1168,0,0,0,7,-24.00961317240909,46.54983570646221,43.93939393939394,31,14.111006585136405,19.047619047619047,62.5,33.333333333333336,0.6666666666666666,6,7,5,80.75342465753425,16,10,2,17,5,22,2,26,15,11,3,1,1,7,6,4,8,37,18,7,2,45,44,2,0,5,1168,0,0,0,5,24.00961317240909,56.137724550898206,52.7027027027027,58,11.09139307897072,27.77777777777778,85.71428571428571,55.55555555555556,2.0,6,7,11,80.75342465753425
S43G01N130,2023-2024,20231231,away,70,4,1,13,4,17,1,20,7,13,5,0,0,8,5,2,4,33,12,9,6,34,41,5,1,6,1168,0,0,0,7,-24.00961317240909,46.54983570646221,43.93939393939394,31,14.111006585136405,19.047619047619047,62.5,33.333333333333336,0.6666666666666666,6,7,5,80.75342465753425,16,10,2,17,5,22,2,26,15,11,3,1,1,7,6,5,10,37,18,7,2,45,44,2,0,5,1168,0,0,0,5,24.00961317240909,56.137724550898206,52.7027027027027,58,11.09139307897072,27.77777777777778,85.71428571428571,55.55555555555556,2.0,6,7,11,80.75342465753425
S43G01N130,2023-2024,20231231,away,70,4,1,13,4,17,1,21,8,13,5,0,0,8,5,2,4,34,13,9,6,36,42,5,1,6,1191,0,0,0,7,-21.182331692889534,47.97441364605543,45.588235294117645,33,13.786764705882351,19.047619047619047,62.5,30.76923076923077,0.6666666666666666,2,7,5,80.20151133501258,16,10,2,17,5,22,2,26,15,11,3,1,1,7,6,5,10,37,18,7,2,45,44,2,0,5,1191,0,0,0,5,21.182331692889534,56.137724550898206,52.7027027027027,58,11.09139307897072,27.77777777777778,85.71428571428571,55.55555555555556,2.0,2,7,11,80.20151133501258
S43G01N130,2023-2024,20231231,away,70,4,1,13,4,17,1,21,8,13,5,0,0,8,5,2,4,34,13,9,6,36,42,5,1,6,1199,0,0,0,7,-18.449238968892544,47.97441364605543,45.588235294117645,33,13.786764705882351,19.047619047619047,62.5,30.76923076923077,0.6666666666666666,2,7,5,80.6672226855713,16,10,2,17,5,22,2,26,15,12,3,1,1,7,6,5,10,38,18,7,2,45,45,2,0,5,1199,0,0,0,5,18.449238968892544,54.77117818889971,51.31578947368421,57,10.850694444444445,27.77777777777778,85.71428571428571,55.55555555555556,2.0,2,7,11,80.6672226855713
S43G01N130,2023-2024,20231231,away,70,4,1,14,4,18,1,21,8,13,5,0,0,8,5,2,4,34,13,9,6,36,42,5,1,6,1199,0,0,0,7,-18.449238968892544,47.97441364605543,45.588235294117645,34,13.786764705882351,19.047619047619047,62.5,30.76923076923077,0.6666666666666666,2,7,5,80.6672226855713,16,10,2,17,5,22,2,26,15,12,3,1,1,7,6,5,10,38,18,7,2,45,45,2,0,5,1199,0,0,0,5,18.449238968892544,54.77117818889971,51.31578947368421,57,10.850694444444445,26.31578947368421,85.71428571428571,55.55555555555556,2.0,2,7,11,80.6672226855713
S43G01N130,2023-2024,20231231,away,70,4,1,14,4,18,1,21,8,13,5,0,0,8,5,2,4,34,13,9,6,36,42,5,1,6,1199,0,0,0,7,-18.449238968892544,47.97441364605543,45.588235294117645,34,13.786764705882351,19.047619047619047,62.5,30.76923076923077,0.6666666666666666,2,7,5,80.6672226855713,16,10,2,17,5,22,2,26,15,12,3,1,1,7,6,5,10,38,18,7,2,45,45,2,0,5,1199,0,0,0,5,18.449238968892544,54.77117818889971,51.31578947368421,57,10.850694444444445,26.31578947368421,85.71428571428571,55.55555555555556,2.0,2,7,11,80.6672226855713
S43G01N130,2023-2024,20231231,away,70,4,1,14,4,18,1,21,8,13,5,0,0,8,5,2,4,34,13,9,6,36,42,5,1,6,1200,0,0,0,7,-18.449238968892544,47.97441364605543,45.588235294117645,34,13.786764705882351,19.047619047619047,62.5,30.76923076923077,0.6666666666666666,2,7,5,80.6,16,10,2,17,5,22,2,26,15,12,3,1,1,7,6,5,10,38,18,7,2,45,45,2,0,5,1200,0,0,0,5,18.449238968892544,54.77117818889971,51.31578947368421,57,10.850694444444445,26.31578947368421,85.71428571428571,55.55555555555556,2.0,2,7,11,80.6
S43G01N130,2023-2024,20231231,away,70,4,1,14,4,18,1,21,8,13,5,0,0,8,5,2,4,34,13,9,6,36,42,5,1,6,1200,0,0,0,7,-18.449238968892544,47.97441364605543,45.588235294117645,34,13.786764705882351,19.047619047619047,62.5,30.76923076923077,0.6666666666666666,2,7,5,80.6,16,10,2,17,5,22,2,26,15,12,3,1,1,7,6,5,10,38,18,7,2,45,45,2,0,5,1200,0,0,0,5,18.449238968892544,54.77117818889971,51.31578947368421,57,10.850694444444445,26.31578947368421,85.71428571428571,55.55555555555556,2.0,2,7,11,80.6
S43G01N130,2023-2024,20231231,away,70,4,1,14,4,18,1,21,8,13,5,0,0,8,5,2,4,34,13,9,6,36,42,5,1,6,1200,0,0,0,7,-18.449238968892544,47.97441364605543,45.588235294117645,34,13.786764705882351,19.047619047619047,62.5,30.76923076923077,0.6666666666666666,2,7,5,80.6,16,10,2,17,5,22,2,26,15,12,3,1,1,7,6,5,10,38,18,7,2,45,45,2,0,5,1200,0,0,0,5,18.449238968892544,54.77117818889971,51.31578947368421,57,10.850694444444445,26.31578947368421,85.71428571428571,55.55555555555556,2.0,2,7,11,80.6
S43G01N130,2023-2024,20231231,away,70,4,1,14,4,18,1,21,8,13,5,0,0,8,5,2,4,34,13,9,6,36,42,5,1,6,1200,0,0,0,7,-18.449238968892544,47.97441364605543,45.588235294117645,34,13.786764705882351,19.047619047619047,62.5,30.76923076923077,0.6666666666666666,2,7,5,80.6,16,10,2,17,5,22,2,26,15,12,3,1,1,7,6,5,10,38,18,7,2,45,45,2,0,5,1200,0,0,0,5,18.449238968892544,54.77117818889971,51.31578947368421,57,10.850694444444445,26.31578947368421,85.71428571428571,55.55555555555556,2.0,2,7,11,80.6
S43G01N130,2023-2024,20231231,away,70,4,1,14,4,18,1,21,8,13,5,0,0,8,5,2,4,34,13,9,6,36,42,5,1,6,1200,0,0,0,7,-18.449238968892544,47.97441364605543,45.588235294117645,34,13.786764705882351,19.047619047619047,62.5,30.76923076923077,0.6666666666666666,2,7,5,80.6,16,10,2,17,5,22,2,26,15,12,3,1,1,7,6,5,10,38,18,7,2,45,45,2,0,5,1200,0,0,0,5,18.449238968892544,54.77117818889971,51.31578947368421,57,10.850694444444445,26.31578947368421,85.71428571428571,55.55555555555556,2.0,2,7,11,80.6
S43G01N130,2023-2024,20231231,away,70,4,1,14,4,18,1,21,8,13,5,0,0,8,5,2,4,34,13,9,6,36,42,5,1,6,1200,0,0,0,7,-18.449238968892544,47.97441364605543,45.588235294117645,34,13.786764705882351,19.047619047619047,62.5,30.76923076923077,0.6666666666666666,2,7,5,80.6,16,10,2,17,5,22,2,26,15,12,3,1,1,7,6,5,10,38,18,7,2,45,45,2,0,5,1200,0,0,0,5,18.449238968892544,54.77117818889971,51.31578947368421,57,10.850694444444445,26.31578947368421,85.71428571428571,55.55555555555556,2.0,2,7,11,80.6
S43G01N130,2023-2024,20231231,away,70,4,1,14,4,18,1,21,8,13,5,0,0,8,5,2,4,34,13,9,6,36,42,5,1,6,1200,0,0,0,7,-18.449238968892544,47.97441364605543,45.588235294117645,34,13.786764705882351,19.047619047619047,62.5,30.76923076923077,0.6666666666666666,2,7,5,80.6,16,10,2,17,5,22,2,26,15,12,3,1,1,7,6,5,10,38,18,7,2,45,45,2,0,5,1200,0,0,0,5,18.449238968892544,54.77117818889971,51.31578947368421,57,10.850694444444445,26.31578947368421,85.71428571428571,55.55555555555556,2.0,2,7,11,80.6
S43G01N130,2023-2024,20231231,away,70,4,1,14,4,18,1,21,8,13,5,0,0,8,5,2,4,34,13,9,6,36,42,5,1,6,1200,0,0,0,7,-18.449238968892544,47.97441364605543,45.588235294117645,34,13.786764705882351,19.047619047619047,62.5,30.76923076923077,0.6666666666666666,2,7,5,80.6,16,10,2,17,5,22,2,26,15,12,3,1,1,7,6,5,10,38,18,7,2,45,45,2,0,5,1200,0,0,0,5,18.449238968892544,54.77117818889971,51.31578947368421,57,10.850694444444445,26.31578947368421,85.71428571428571,55.55555555555556,2.0,2,7,11,80.6
S43G01N130,2023-2024,20231231,away,70,4,1,14,4,18,1,21,8,13,5,0,0,8,5,2,4,34,13,9,6,36,42,5,1,6,1200,0,0,0,7,-18.449238968892544,47.97441364605543,45.588235294117645,34,13.786764705882351,19.047619047619047,62.5,30.76923076923077,0.6666666666666666,2,7,5,80.6,16,10,2,17,5,22,2,26,15,12,3,1,1,7,6,5,10,38,18,7,2,45,45,2,0,5,1200,0,0,0,5,18.449238968892544,54.77117818889971,51.31578947368421,57,10.850694444444445,26.31578947368421,85.71428571428571,55.55555555555556,2.0,2,7,11,80.6
S43G01N130,2023-2024,20231231,away,70,4,1,14,4,18,1,21,8,13,5,0,0,8,5,2,4,34,13,9,6,36,42,5,1,6,1200,0,0,0,7,-18.449238968892544,47.97441364605543,45.588235294117645,34,13.786764705882351,19.047619047619047,62.5,30.76923076923077,0.6666666666666666,2,7,5,80.6,16,10,2,17,5,22,2,26,15,12,3,1,1,7,6,5,10,38,18,7,2,45,45,2,0,5,1200,0,0,0,5,18.449238968892544,54.77117818889971,51.31578947368421,57,10.850694444444445,26.31578947368421,85.71428571428571,55.55555555555556,2.0,2,7,11,80.6
S43G01N130,2023-2024,20231231,away,70,4,1,14,4,18,1,21,8,13,5,0,0,8,5,2,4,34,13,9,6,36,42,5,1,6,1200,0,0,0,7,-18.449238968892544,47.97441364605543,45.588235294117645,34,13.786764705882351,19.047619047619047,62.5,30.76923076923077,0.6666666666666666,2,7,5,80.6,16,10,2,17,5,22,2,26,15,12,3,1,1,7,6,5,10,38,18,7,2,45,45,2,0,5,1200,0,0,0,5,18.449238968892544,54.77117818889971,51.31578947368421,57,10.850694444444445,26.31578947368421,85.71428571428571,55.55555555555556,2.0,2,7,11,80.6
S43G01N130,2023-2024,20231231,away,70,4,1,14,4,18,1,21,8,13,5,0,0,8,5,2,4,34,13,9,6,36,42,5,1,6,1200,0,0,0,7,-18.449238968892544,47.97441364605543,45.588235294117645,34,13.786764705882351,19.047619047619047,62.5,30.76923076923077,0.6666666666666666,2,7,5,80.6,16,10,2,17,5,22,2,26,15,12,3,1,1,7,6,5,10,38,18,7,2,45,45,2,0,5,1200,0,0,0,5,18.449238968892544,54.77117818889971,51.31578947368421,57,10.850694444444445,26.31578947368421,85.71428571428571,55.55555555555556,2.0,2,7,11,80.6
S43G01N130,2023-2024,20231231,away,70,4,1,14,4,18,1,21,8,13,5,0,0,8,5,2,4,34,13,9,6,36,42,5,1,6,1200,0,0,0,7,-18.449238968892544,47.97441364605543,45.588235294117645,34,13.786764705882351,19.047619047619047,62.5,30.76923076923077,0.6666666666666666,2,7,5,80.6,16,10,2,17,5,22,2,26,15,12,3,1,1,7,6,5,10,38,18,7,2,45,45,2,0,5,1200,0,0,0,5,18.449238968892544,54.77117818889971,51.31578947368421,57,10.850694444444445,26.31578947368421,85.71428571428571,55.55555555555556,2.0,2,7,11,80.6
S43G01N130,2023-2024,20231231,away,70,4,1,14,4,18,1,21,8,13,5,0,0,8,5,2,4,34,13,9,6,36,42,5,1,6,1200,0,0,0,7,-18.449238968892544,47.97441364605543,45.588235294117645,34,13.786764705882351,19.047619047619047,62.5,30.76923076923077,0.6666666666666666,2,7,5,80.6,16,10,2,17,5,22,2,26,15,12,3,1,1,7,6,5,10,38,18,7,2,45,45,2,0,5,1200,0,0,0,5,18.449238968892544,54.77117818889971,51.31578947368421,57,10.850694444444445,26.31578947368421,85.71428571428571,55.55555555555556,2.0,2,7,11,80.6
S43G01N130,2023-2024,20231231,away,70,4,1,14,4,18,1,21,8,13,5,0,0,8,5,2,4,34,13,9,6,36,42,5,1,6,1200,0,0,0,7,-18.449238968892544,47.97441364605543,45.588235294117645,34,13.786764705882351,19.047619047619047,62.5,30.76923076923077,0.6666666666666666,2,7,5,80.6,16,10,2,17,5,22,2,26,15,12,3,1,1,7,6,5,10,38,18,7,2,45,45,2,0,5,1200,0,0,0,5,18.449238968892544,54.77117818889971,51.31578947368421,57,10.850694444444445,26.31578947368421,85.71428571428571,55.55555555555556,2.0,2,7,11,80.6
S43G01N130,2023-2024,20231231,away,70,4,1,14,4,18,1,21,8,13,5,0,0,8,5,2,4,34,13,9,6,36,42,5,1,6,1200,0,0,0,7,-18.449238968892544,47.97441364605543,45.588235294117645,34,13.786764705882351,19.047619047619047,62.5,30.76923076923077,0.6666666666666666,2,7,5,80.6,16,10,2,17,5,22,2,26,15,12,3,1,1,7,6,5,10,38,18,7,2,45,45,2,0,5,1200,0,0,0,5,18.449238968892544,54.77117818889971,51.31578947368421,57,10.850694444444445,26.31578947368421,85.71428571428571,55.55555555555556,2.0,2,7,11,80.6
S43G01N130,2023-2024,20231231,away,70,4,1,14,4,18,1,21,8,13,5,0,0,8,5,2,4,34,13,9,6,36,42,5,1,6,1200,0,0,0,7,-18.449238968892544,47.97441364605543,45.588235294117645,34,13.786764705882351,19.047619047619047,62.5,30.76923076923077,0.6666666666666666,2,7,5,80.6,16,10,2,17,5,22,2,26,15,12,3,1,1,7,6,5,10,38,18,7,2,45,45,2,0,5,1200,0,0,0,5,18.449238968892544,54.77117818889971,51.31578947368421,57,10.850694444444445,26.31578947368421,85.71428571428571,55.55555555555556,2.0,2,7,11,80.6
S43G01N130,2023-2024,20231231,away,70,4,1,14,4,18,1,21,8,13,5,0,0,8,5,2,4,34,13,9,6,36,42,5,1,6,1200,0,0,0,7,-18.449238968892544,47.97441364605543,45.588235294117645,34,13.786764705882351,19.047619047619047,62.5,30.76923076923077,0.6666666666666666,2,7,5,80.6,16,10,2,17,5,22,2,26,15,12,3,1,1,7,6,5,10,38,18,7,2,45,45,2,0,5,1200,0,0,0,5,18.449238968892544,54.77117818889971,51.31578947368421,57,10.850694444444445,26.31578947368421,85.71428571428571,55.55555555555556,2.0,2,7,11,80.6
S43G01N130,2023-2024,20231231,away,70,4,1,14,4,18,1,21,8,13,5,0,0,8,5,2,4,34,13,9,6,36,42,5,1,6,1200,0,0,0,7,-18.449238968892544,47.97441364605543,45.588235294117645,34,13.786764705882351,19.047619047619047,62.5,30.76923076923077,0.6666666666666666,2,7,5,80.6,16,10,2,17,5,22,2,26,15,12,3,1,1,7,6,5,10,38,18,7,2,45,45,2,0,5,1200,0,0,0,5,18.449238968892544,54.77117818889971,51.31578947368421,57,10.850694444444445,26.31578947368421,85.71428571428571,55.55555555555556,2.0,2,7,11,80.6
S43G01N130,2023-2024,20231231,away,70,4,1,14,4,18,1,21,8,13,5,0,0,8,5,2,4,34,13,9,6,36,42,5,1,6,1200,0,0,0,7,-18.449238968892544,47.97441364605543,45.588235294117645,34,13.786764705882351,19.047619047619047,62.5,30.76923076923077,0.6666666666666666,2,7,5,80.6,16,10,2,17,5,22,2,26,15,12,3,1,1,7,6,5,10,38,18,7,2,45,45,2,0,5,1200,0,0,0,5,18.449238968892544,54.77117818889971,51.31578947368421,57,10.850694444444445,26.31578947368421,85.71428571428571,55.55555555555556,2.0,2,7,11,80.6
S43G01N130,2023-2024,20231231,away,70,4,1,14,4,18,1,21,8,13,5,0,0,8,5,2,4,34,13,9,6,36,42,5,1,6,1200,0,0,0,7,-18.449238968892544,47.97441364605543,45.588235294117645,34,13.786764705882351,19.047619047619047,62.5,30.76923076923077,0.6666666666666666,2,7,5,80.6,16,10,2,17,5,22,2,26,15,12,3,1,1,7,6,5,10,38,18,7,2,45,45,2,0,5,1200,0,0,0,5,18.449238968892544,54.77117818889971,51.31578947368421,57,10.850694444444445,26.31578947368421,85.71428571428571,55.55555555555556,2.0,2,7,11,80.6
S43G01N130,2023-2024,20231231,away,70,4,1,14,4,18,1,21,8,13,5,0,0,8,5,2,4,34,13,9,6,36,42,5,1,6,1200,0,0,0,7,-18.449238968892544,47.97441364605543,45.588235294117645,34,13.786764705882351,19.047619047619047,62.5,30.76923076923077,0.6666666666666666,2,7,5,80.6,16,10,2,17,5,22,2,26,15,12,3,1,1,7,6,5,10,38,18,7,2,45,45,2,0,5,1200,0,0,0,5,18.449238968892544,54.77117818889971,51.31578947368421,57,10.850694444444445,26.31578947368421,85.71428571428571,55.55555555555556,2.0,2,7,11,80.6
S43G01N130,2023-2024,20231231,away,70,4,1,14,4,18,1,21,8,13,5,0,0,8,5,2,4,34,13,9,6,36,42,5,1,6,1200,0,0,0,7,-18.449238968892544,47.97441364605543,45.588235294117645,34,13.786764705882351,19.047619047619047,62.5,30.76923076923077,0.6666666666666666,2,7,5,80.6,16,10,2,17,5,22,2,26,15,12,3,1,1,7,6,5,10,38,18,7,2,45,45,2,0,5,1200,0,0,0,5,18.449238968892544,54.77117818889971,51.31578947368421,57,10.850694444444445,26.31578947368421,85.71428571428571,55.55555555555556,2.0,2,7,11,80.6
S43G01N130,2023-2024,20231231,away,70,4,1,14,4,18,1,21,8,13,5,0,0,8,5,2,4,34,13,9,6,36,42,5,1,6,1200,0,0,0,7,-18.449238968892544,47.97441364605543,45.588235294117645,34,13.786764705882351,19.047619047619047,62.5,30.76923076923077,0.6666666666666666,2,7,5,80.6,16,10,2,17,5,22,2,26,15,12,3,1,1,7,6,5,10,38,18,7,2,45,45,2,0,5,1200,0,0,0,5,18.449238968892544,54.77117818889971,51.31578947368421,57,10.850694444444445,26.31578947368421,85.71428571428571,55.55555555555556,2.0,2,7,11,80.6
S43G01N130,2023-2024,20231231,away,70,4,1,14,4,18,1,21,8,13,5,0,0,8,5,2,4,34,13,9,6,36,42,5,1,6,1200,0,0,0,7,-18.449238968892544,47.97441364605543,45.588235294117645,34,13.786764705882351,19.047619047619047,62.5,30.76923076923077,0.6666666666666666,2,7,5,80.6,16,10,2,17,5,22,2,26,15,12,3,1,1,7,6,5,10,38,18,7,2,45,45,2,0,5,1200,0,0,0,5,18.449238968892544,54.77117818889971,51.31578947368421,57,10.850694444444445,26.31578947368421,85.71428571428571,55.55555555555556,2.0,2,7,11,80.6
S43G01N130,2023-2024,20231231,away,70,4,1,14,4,18,1,21,8,13,5,0,0,8,5,2,4,34,13,9,6,36,42,5,1,6,1210,0,0,0,7,-20.59889780021861,47.97441364605543,45.588235294117645,34,13.786764705882351,19.047619047619047,62.5,30.76923076923077,0.6666666666666666,2,7,5,80.92561983471074,16,10,2,17,5,22,2,27,16,12,3,2,2,7,6,5,10,39,19,7,2,47,46,2,0,5,1210,0,0,0,5,20.59889780021861,55.84600760456274,52.56410256410256,59,10.620220900594733,26.31578947368421,85.71428571428571,52.63157894736842,2.0,2,7,11,80.92561983471074
S43G01N130,2023-2024,20231231,away,70,4,1,14,4,18,1,21,8,13,5,0,0,8,5,2,4,34,13,9,6,36,42,5,1,6,1210,0,0,0,7,-20.59889780021861,47.97441364605543,45.588235294117645,34,13.786764705882351,19.047619047619047,62.5,30.76923076923077,0.6666666666666666,2,7,5,80.92561983471074,16,11,2,17,5,22,2,27,16,12,3,2,2,7,6,5,10,39,19,7,2,47,46,2,0,5,1210,0,0,0,5,20.59889780021861,55.84600760456274,52.56410256410256,60,10.620220900594733,26.31578947368421,85.71428571428571,57.89473684210526,2.2,2,7,11,80.92561983471074
S43G01N130,2023-2024,20231231,away,70,4,1,14,4,18,1,21,8,13,5,0,0,8,5,2,4,34,13,10,6,36,42,5,1,6,1210,0,0,0,7,-20.59889780021861,47.97441364605543,45.588235294117645,34,13.786764705882351,19.047619047619047,62.5,30.76923076923077,0.6666666666666666,2,7,5,80.92561983471074,16,11,2,17,5,22,2,27,16,12,3,2,2,7,6,5,10,39,19,7,2,47,46,2,0,5,1210,0,0,0,5,20.59889780021861,55.84600760456274,52.56410256410256,60,10.620220900594733,26.31578947368421,85.71428571428571,57.89473684210526,2.2,2,7,11,80.92561983471074
S43G01N130,2023-2024,20231231,away,70,4,1,14,4,18,1,21,8,13,5,0,0,8,5,2,4,34,13,10,6,36,42,5,1,6,1210,0,0,0,7,-20.59889780021861,47.97441364605543,45.588235294117645,34,13.786764705882351,19.047619047619047,62.5,30.76923076923077,0.6666666666666666,2,7,5,80.92561983471074,16,11,2,17,5,22,2,27,16,12,3,2,2,7,6,5,10,39,19,7,2,47,46,2,0,5,1210,0,0,0,5,20.59889780021861,55.84600760456274,52.56410256410256,60,10.620220900594733,26.31578947368421,85.71428571428571,57.89473684210526,2.2,2,7,11,80.92561983471074
S43G01N130,2023-2024,20231231,away,70,4,1,14,4,18,1,21,8,13,5,0,0,8,5,2,4,34,13,10,6,36,42,5,1,6,1210,0,0,0,7,-21.79493527218436,47.97441364605543,45.588235294117645,34,13.786764705882351,19.047619047619047,62.5,30.76923076923077,0.6666666666666666,3,7,5,81.36198347107438,16,11,2,17,5,22,2,27,16,12,3,2,2,8,7,5,10,39,19,7,2,48,47,2,0,5,1210,0,0,0,5,21.79493527218436,56.44402634054562,52.56410256410256,61,10.52188552188552,26.31578947368421,87.5,57.89473684210526,2.2,3,7,12,81.36198347107438
S43G01N130,2023-2024,20231231,away,70,4,1,14,4,18,1,21,8,14,6,0,0,8,5,2,4,35,14,10,6,39,43,5,1,6,1240,0,0,0,7,-16.639286639630242,50.62305295950156,48.57142857142857,37,13.477088948787062,19.047619047619047,62.5,28.571428571428573,0.6666666666666666,3,7,5,80.36129032258066,16,11,2,17,5,22,2,27,16,12,3,2,2,8,7,5,10,39,19,7,2,48,47,2,0,5,1240,0,0,0,5,16.639286639630242,56.44402634054562,52.56410256410256,61,10.52188552188552,26.31578947368421,87.5,57.89473684210526,2.2,3,7,12,80.36129032258066
S43G01N130,2023-2024,20231231,away,70,5,1,14,4,18,1,21,8,14,6,0,0,8,5,2,4,35,14,10,6,39,43,5,1,6,1240,0,0,0,7,-16.639286639630242,50.62305295950156,48.57142857142857,38,13.477088948787062,19.047619047619047,62.5,35.714285714285715,0.8333333333333334,3,7,5,80.36129032258066,16,11,2,17,5,22,2,27,16,12,3,2,2,8,7,5,10,39,19,7,2,48,47,2,0,5,1240,0,0,0,5,16.639286639630242,56.44402634054562,52.56410256410256,61,10.52188552188552,26.31578947368421,87.5,57.89473684210526,2.2,3,7,12,80.36129032258066
S43G01N130,2023-2024,20231231,away,70,5,1,14,4,18,1,21,8,14,6,0,0,8,5,2,4,35,14,10,6,39,43,5,1,6,1251,0,0,0,7,-14.045351605597816,50.62305295950156,48.57142857142857,38,13.477088948787062,19.047619047619047,62.5,35.714285714285715,0.8333333333333334,3,7,5,80.61390887290169,16,11,2,17,5,22,2,28,16,12,3,2,2,8,7,5,10,40,19,7,2,48,48,2,0,5,1251,0,0,0,5,14.045351605597816,55.147058823529406,51.25,60,10.30502885408079,26.31578947368421,87.5,57.89473684210526,2.2,3,7,12,80.61390887290169
S43G01N130,2023-2024,20231231,away,70,5,2,14,4,18,1,21,8,14,6,0,0,8,5,2,4,35,14,10,6,39,43,5,1,6,1252,0,0,0,7,-14.045351605597816,50.62305295950156,48.57142857142857,39,13.477088948787062,19.047619047619047,62.5,35.714285714285715,0.8333333333333334,3,7,5,80.54952076677317,16,11,2,17,5,22,2,28,16,12,3,2,2,8,7,5,10,40,19,7,2,48,48,2,0,5,1252,0,0,0,5,14.045351605597816,55.147058823529406,51.25,60,10.30502885408079,26.31578947368421,87.5,57.89473684210526,2.2,3,7,12,80.54952076677317
S43G01N130,2023-2024,20231231,away,70,5,2,14,4,18,1,21,8,14,6,0,0,8,5,2,4,35,14,10,6,39,43,5,1,6,1252,0,0,0,7,-14.045351605597816,50.62305295950156,48.57142857142857,39,13.477088948787062,19.047619047619047,62.5,35.714285714285715,0.8333333333333334,3,7,5,80.54952076677317,16,11,2,17,5,22,3,28,16,12,3,2,2,8,7,5,10,40,19,7,2,48,48,2,0,5,1252,0,0,0,5,14.045351605597816,55.147058823529406,51.25,61,10.30502885408079,26.31578947368421,87.5,57.89473684210526,2.2,3,7,12,80.54952076677317
S43G01N130,2023-2024,20231231,away,70,5,2,14,4,18,1,21,8,14,6,0,0,8,5,2,4,35,14,10,6,39,43,5,1,6,1258,0,0,0,7,-18.306490023229017,50.62305295950156,48.57142857142857,39,13.477088948787062,19.047619047619047,62.5,35.714285714285715,0.8333333333333334,3,7,5,81.11923688394278,16,11,2,17,5,22,3,28,16,13,4,2,2,8,7,5,10,41,20,7,2,51,49,2,0,5,1258,0,0,0,5,18.306490023229017,57.27762803234501,53.65853658536585,64,10.09693053311793,26.31578947368421,87.5,55.0,2.2,3,7,12,81.11923688394278
S43G01N130,2023-2024,20231231,away,70,5,2,14,4,18,1,21,8,15,6,0,0,8,5,2,4,36,14,10,6,39,44,5,1,6,1280,0,0,0,7,-20.624620226539733,49.34210526315789,47.22222222222222,38,13.181019332161686,19.047619047619047,62.5,35.714285714285715,0.8333333333333334,3,7,5,80.66250000000001,16,11,2,17,5,22,3,28,16,13,4,2,2,8,7,5,10,41,20,7,2,51,49,2,0,5,1280,0,0,0,5,20.624620226539733,57.27762803234501,53.65853658536585,64,10.09693053311793,26.31578947368421,87.5,55.0,2.2,3,7,12,80.66250000000001
S43G01N130,2023-2024,20231231,away,70,5,2,14,4,18,1,21,8,15,6,0,0,8,5,2,4,36,14,10,6,39,44,5,1,6,1281,0,0,0,7,-20.624620226539733,49.34210526315789,47.22222222222222,38,13.181019332161686,18.181818181818183,62.5,35.714285714285715,0.8333333333333334,3,7,5,80.59953161592507,16,11,2,18,5,23,3,28,16,13,4,2,2,8,7,5,10,41,20,7,2,51,49,2,0,5,1281,0,0,0,5,20.624620226539733,57.27762803234501,53.65853658536585,65,10.09693053311793,26.31578947368421,87.5,55.0,2.2,3,7,12,80.59953161592507
S43G01N130,2023-2024,20231231,away,70,5,2,14,4,18,1,21,8,15,6,0,0,8,5,2,4,36,14,11,7,39,44,5,1,6,1285,0,0,0,7,-20.624620226539733,49.34210526315789,47.22222222222222,38,13.181019332161686,18.181818181818183,62.5,35.714285714285715,0.8333333333333334,3,7,5,80.34863813229573,16,11,2,18,5,23,3,28,16,13,4,2,2,8,7,5,10,41,20,7,2,51,49,2,0,5,1285,0,0,0,5,20.624620226539733,57.27762803234501,53.65853658536585,65,10.09693053311793,26.31578947368421,87.5,55.0,2.2,3,7,12,80.34863813229573
S43G01N130,2023-2024,20231231,away,70,5,2,14,4,18,1,21,8,15,6,0,0,8,5,2,4,36,14,11,7,39,44,5,1,6,1285,0,0,0,7,-20.624620226539733,49.34210526315789,47.22222222222222,38,13.181019332161686,18.181818181818183,62.5,35.714285714285715,0.8333333333333334,3,7,5,80.34863813229573,16,11,2,18,5,23,3,28,16,13,4,2,2,8,7,5,10,41,20,7,2,51,49,2,0,5,1285,0,0,0,5,20.624620226539733,57.27762803234501,53.65853658536585,65,10.09693053311793,26.31578947368421,87.5,55.0,2.2,3,7,12,80.34863813229573
S43G01N130,2023-2024,20231231,away,70,5,2,14,4,18,1,21,8,15,6,0,0,8,5,2,4,36,14,11,7,39,44,5,1,6,1302,0,0,0,7,-22.50170159594461,49.34210526315789,47.22222222222222,38,13.181019332161686,18.181818181818183,62.5,35.714285714285715,0.8333333333333334,5,7,5,80.22119815668204,16,11,2,18,5,23,3,29,17,13,4,2,2,8,7,5,10,42,21,7,2,53,50,2,0,5,1302,0,0,0,5,22.50170159594461,58.216168717047445,54.76190476190476,67,9.897070467141726,26.31578947368421,87.5,52.38095238095238,2.2,5,7,14,80.22119815668204
S43G01N130,2023-2024,20231231,away,70,5,2,14,4,18,1,21,8,15,6,0,0,8,5,2,4,36,14,11,7,39,44,5,1,6,1302,0,0,0,7,-22.50170159594461,49.34210526315789,47.22222222222222,38,13.181019332161686,18.181818181818183,62.5,35.714285714285715,0.8333333333333334,5,7,5,80.22119815668204,16,12,2,18,5,23,3,29,17,13,4,2,2,8,7,5,10,42,21,7,2,53,50,2,0,5,1302,0,0,0,5,22.50170159594461,58.216168717047445,54.76190476190476,68,9.897070467141726,26.31578947368421,87.5,57.142857142857146,2.4,5,7,14,80.22119815668204
S43G01N130,2023-2024,20231231,away,70,5,2,14,4,18,1,21,8,16,7,0,0,8,5,2,4,37,15,11,7,42,45,5,1,6,1319,0,0,0,7,-17.655291338140046,51.82625863770977,50.0,41,12.89767841788478,18.181818181818183,62.5,33.333333333333336,0.8333333333333334,3,7,5,80.09704321455649,16,12,2,18,5,23,3,29,17,13,4,2,2,8,7,5,10,42,21,7,2,53,50,2,0,5,1319,0,0,0,5,17.655291338140046,58.216168717047445,54.76190476190476,68,9.897070467141726,26.31578947368421,87.5,57.142857142857146,2.4,3,7,14,80.09704321455649
S43G01N130,2023-2024,20231231,away,70,6,2,14,4,18,1,21,8,16,7,0,0,8,5,2,4,37,15,11,7,42,45,5,1,6,1319,0,0,0,7,-17.655291338140046,51.82625863770977,50.0,42,12.89767841788478,18.181818181818183,62.5,40.0,1.0,3,7,5,80.09704321455649,16,12,2,18,5,23,3,29,17,13,4,2,2,8,7,5,10,42,21,7,2,53,50,2,0,5,1319,0,0,0,5,17.655291338140046,58.216168717047445,54.76190476190476,68,9.897070467141726,26.31578947368421,87.5,57.142857142857146,2.4,3,7,14,80.09704321455649
S43G01N130,2023-2024,20231231,away,70,6,2,14,4,18,1,21,8,16,7,0,0,8,5,2,4,37,15,11,7,42,45,5,1,6,1331,0,0,0,7,-15.152446595360715,51.82625863770977,50.0,42,12.89767841788478,18.181818181818183,62.5,40.0,1.0,3,7,5,80.2764838467318,16,12,2,18,5,23,3,29,17,14,4,2,2,8,7,5,10,43,21,7,2,53,51,2,0,5,1331,0,0,0,5,15.152446595360715,56.96474634565778,53.48837209302326,67,9.70496894409938,26.31578947368421,87.5,57.142857142857146,2.4,3,7,14,80.2764838467318
S43G01N130,2023-2024,20231231,away,70,6,2,15,4,19,1,21,8,16,7,0,0,8,5,2,4,37,15,11,7,42,45,5,1,6,1332,0,0,0,7,-15.152446595360715,51.82625863770977,50.0,43,12.89767841788478,18.181818181818183,62.5,40.0,1.0,3,7,5,80.21621621621622,16,12,2,18,5,23,3,29,17,14,4,2,2,8,7,5,10,43,21,7,2,53,51,2,0,5,1332,0,0,0,5,15.152446595360715,56.96474634565778,53.48837209302326,67,9.70496894409938,25.0,87.5,57.142857142857146,2.4,3,7,14,80.21621621621622
S43G01N130,2023-2024,20231231,away,70,6,2,15,4,19,1,22,9,16,7,0,0,8,5,2,4,38,16,11,7,44,46,5,1,6,1338,0,0,0,7,-12.82655151484498,52.98651252408477,51.31578947368421,45,12.626262626262626,18.181818181818183,62.5,37.5,1.0,5,7,5,80.75336322869956,16,12,2,18,5,23,3,29,17,14,4,2,2,8,7,5,10,43,21,7,2,53,51,2,0,5,1338,0,0,0,5,12.82655151484498,56.96474634565778,53.48837209302326,67,9.70496894409938,25.0,87.5,57.142857142857146,2.4,5,7,14,80.75336322869956
S43G01N130,2023-2024,20231231,away,70,7,2,15,4,19,1,22,9,16,7,0,0,8,5,2,4,38,16,11,7,44,46,5,1,6,1338,0,0,0,7,-12.82655151484498,52.98651252408477,51.31578947368421,46,12.626262626262626,18.181818181818183,62.5,43.75,1.1666666666666667,5,7,5,80.75336322869956,16,12,2,18,5,23,3,29,17,14,4,2,2,8,7,5,10,43,21,7,2,53,51,2,0,5,1338,0,0,0,5,12.82655151484498,56.96474634565778,53.48837209302326,67,9.70496894409938,25.0,87.5,57.142857142857146,2.4,5,7,14,80.75336322869956
S43G01N130,2023-2024,20231231,away,70,7,2,15,4,19,1,22,9,16,7,0,0,8,5,3,6,38,16,11,7,44,46,5,1,6,1339,0,0,0,7,-12.82655151484498,52.98651252408477,51.31578947368421,46,12.626262626262626,18.181818181818183,62.5,43.75,1.1666666666666667,5,7,5,80.69305451829725,16,12,2,18,5,23,3,29,17,14,4,2,2,8,7,5,10,43,21,7,2,53,51,2,0,5,1339,0,0,0,5,12.82655151484498,56.96474634565778,53.48837209302326,67,9.70496894409938,25.0,87.5,57.142857142857146,2.4,5,7,14,80.69305451829725
S43G01N130,2023-2024,20231231,away,70,7,2,15,4,19,1,22,9,16,7,0,0,8,5,3,6,38,16,11,7,44,46,5,1,6,1346,0,0,0,7,-10.429045355515939,52.98651252408477,51.31578947368421,46,12.626262626262626,18.181818181818183,62.5,43.75,1.1666666666666667,5,7,5,81.16493313521546,16,12,2,18,5,23,3,30,17,14,4,2,2,8,7,5,10,44,21,7,2,53,52,2,0,5,1346,0,0,0,5,10.429045355515939,55.76599326599326,52.27272727272727,66,9.520182787509519,25.0,87.5,57.142857142857146,2.4,5,7,14,81.16493313521546
S43G01N130,2023-2024,20231231,away,70,7,2,16,4,20,1,22,9,16,7,0,0,8,5,3,6,38,16,11,7,44,46,5,1,6,1347,0,0,0,7,-10.429045355515939,52.98651252408477,51.31578947368421,47,12.626262626262626,18.181818181818183,62.5,43.75,1.1666666666666667,5,7,5,81.10467706013364,16,12,2,18,5,23,3,30,17,14,4,2,2,8,7,5,10,44,21,7,2,53,52,2,0,5,1347,0,0,0,5,10.429045355515939,55.76599326599326,52.27272727272727,66,9.520182787509519,23.80952380952381,87.5,57.142857142857146,2.4,5,7,14,81.10467706013364
S43G01N130,2023-2024,20231231,away,70,7,2,16,4,20,1,22,9,17,8,0,0,8,5,3,6,39,17,11,7,47,47,5,1,6,1356,0,0,0,7,-5.961456433154538,55.26810912511759,53.84615384615385,50,12.36603462489695,18.181818181818183,62.5,41.1764705882353,1.1666666666666667,8,7,5,81.45132743362832,16,12,2,18,5,23,3,30,17,14,4,2,2,8,7,5,10,44,21,7,2,53,52,2,0,5,1356,0,0,0,5,5.961456433154538,55.76599326599326,52.27272727272727,66,9.520182787509519,23.80952380952381,87.5,57.142857142857146,2.4,8,7,14,81.45132743362832
S43G01N130,2023-2024,20231231,away,70,8,2,16,4,20,1,22,9,17,8,0,0,8,5,3,6,39,17,11,7,47,47,5,1,6,1356,0,0,0,7,-5.961456433154538,55.26810912511759,53.84615384615385,51,12.36603462489695,18.181818181818183,62.5,47.05882352941177,1.3333333333333333,8,7,5,81.45132743362832,16,12,2,18,5,23,3,30,17,14,4,2,2,8,7,5,10,44,21,7,2,53,52,2,0,5,1356,0,0,0,5,5.961456433154538,55.76599326599326,52.27272727272727,66,9.520182787509519,23.80952380952381,87.5,57.142857142857146,2.4,8,7,14,81.45132743362832
S43G01N130,2023-2024,20231231,away,70,8,2,16,4,20,1,22,9,17,8,0,0,8,5,3,6,39,17,11,7,47,47,5,1,6,1356,0,0,0,7,-5.961456433154538,55.26810912511759,53.84615384615385,51,12.36603462489695,18.181818181818183,62.5,47.05882352941177,1.3333333333333333,8,7,5,81.45132743362832,16,12,2,18,5,23,3,30,17,14,4,2,2,8,7,5,10,44,21,7,2,53,52,2,0,5,1356,0,0,0,5,5.961456433154538,55.76599326599326,52.27272727272727,66,9.520182787509519,23.80952380952381,87.5,57.142857142857146,2.4,8,7,14,81.45132743362832
S43G01N130,2023-2024,20231231,away,70,8,2,16,4,20,1,22,9,17,8,0,0,8,5,3,6,39,17,11,7,47,47,5,1,6,1371,0,0,0,7,-3.662775754424402,55.26810912511759,53.84615384615385,51,12.36603462489695,18.181818181818183,62.5,47.05882352941177,1.3333333333333333,8,7,5,81.43544857768053,16,12,2,18,5,23,3,30,17,15,4,2,2,8,7,5,10,45,21,7,2,53,53,2,0,5,1371,0,0,0,5,3.662775754424402,54.61665292662819,51.111111111111114,65,9.342301943198803,23.80952380952381,87.5,57.142857142857146,2.4,8,7,14,81.43544857768053
S43G01N130,2023-2024,20231231,away,70,8,2,16,4,20,1,22,9,17,8,0,0,8,5,3,6,39,17,11,7,47,47,5,1,6,1374,0,0,0,7,-5.961456433154538,55.26810912511759,53.84615384615385,51,12.36603462489695,18.181818181818183,62.5,47.05882352941177,1.3333333333333333,8,7,5,80.38427947598254,16,12,2,18,6,24,3,30,17,15,4,2,2,8,7,5,10,45,21,7,2,53,53,2,0,5,1374,0,0,0,5,5.961456433154538,54.61665292662819,51.111111111111114,66,9.342301943198803,27.272727272727273,87.5,57.142857142857146,2.4,8,7,14,80.38427947598254
S43G01N130,2023-2024,20231231,away,70,8,2,16,4,20,1,22,9,17,8,0,0,8,5,3,6,39,17,11,7,47,47,5,1,6,1389,0,0,0,7,-3.662775754424402,55.26810912511759,53.84615384615385,51,12.36603462489695,18.181818181818183,62.5,47.05882352941177,1.3333333333333333,8,7,5,80.38012958963283,16,12,2,18,6,24,3,30,17,16,4,2,2,8,7,5,10,46,21,7,2,53,54,2,0,5,1389,0,0,0,5,3.662775754424402,53.513731825525035,50.0,65,9.17094644167278,27.272727272727273,87.5,57.142857142857146,2.4,8,7,14,80.38012958963283
S43G01N130,2023-2024,20231231,away,70,8,2,17,4,21,1,22,9,17,8,0,0,8,5,3,6,39,17,11,7,47,47,5,1,6,1391,0,0,0,7,-3.662775754424402,55.26810912511759,53.84615384615385,52,12.36603462489695,18.181818181818183,62.5,47.05882352941177,1.3333333333333333,8,7,5,80.26455787203452,16,12,2,18,6,24,3,30,17,16,4,2,2,8,7,5,10,46,21,7,2,53,54,2,0,5,1391,0,0,0,5,3.662775754424402,53.513731825525035,50.0,65,9.17094644167278,26.08695652173913,87.5,57.142857142857146,2.4,8,7,14,80.26455787203452
S43G01N130,2023-2024,20231231,away,70,8,2,17,4,21,1,23,9,17,8,0,0,8,5,3,6,40,17,11,7,47,48,5,1,6,1398,0,0,0,7,-5.9819877513231745,53.99816176470588,52.5,51,12.116316639741518,18.181818181818183,62.5,47.05882352941177,1.3333333333333333,8,7,5,80.72103004291846,16,12,2,18,6,24,3,30,17,16,4,2,2,8,7,5,10,46,21,7,2,53,54,2,0,5,1398,0,0,0,5,5.9819877513231745,53.513731825525035,50.0,65,9.17094644167278,26.08695652173913,87.5,57.142857142857146,2.4,8,7,14,80.72103004291846
S43G01N130,2023-2024,20231231,away,70,8,2,17,4,21,1,23,9,17,8,0,0,8,5,3,6,40,17,11,7,47,48,5,1,6,1399,0,0,0,7,-5.9819877513231745,53.99816176470588,52.5,51,12.116316639741518,17.391304347826086,62.5,47.05882352941177,1.3333333333333333,8,7,5,80.66333095067905,16,12,2,19,6,25,3,30,17,16,4,2,2,8,7,5,10,46,21,7,2,53,54,2,0,5,1399,0,0,0,5,5.9819877513231745,53.513731825525035,50.0,66,9.17094644167278,26.08695652173913,87.5,57.142857142857146,2.4,8,7,14,80.66333095067905
S43G01N130,2023-2024,20231231,away,70,8,2,17,4,21,1,23,9,17,8,0,0,8,5,3,6,40,17,11,7,47,48,5,1,6,1409,0,0,0,7,-3.776145549116862,53.99816176470588,52.5,51,12.116316639741518,17.391304347826086,62.5,47.05882352941177,1.3333333333333333,8,7,5,80.94251242015615,16,12,2,19,6,25,3,30,17,17,4,2,2,8,7,5,10,47,21,7,2,53,55,2,0,5,1409,0,0,0,5,3.776145549116862,52.454473475851145,48.93617021276596,65,9.005763688760807,26.08695652173913,87.5,57.142857142857146,2.4,8,7,14,80.94251242015615
S43G01N130,2023-2024,20231231,away,70,8,2,17,4,21,1,23,9,17,8,0,0,8,5,3,6,40,17,11,7,47,48,5,1,6,1411,0,0,0,7,-5.9819877513231745,53.99816176470588,52.5,51,12.116316639741518,17.391304347826086,62.5,47.05882352941177,1.3333333333333333,8,7,5,79.97732104890149,16,12,2,19,7,26,3,30,17,17,4,2,2,8,7,5,10,47,21,7,2,53,55,2,0,5,1411,0,0,0,5,5.9819877513231745,52.454473475851145,48.93617021276596,66,9.005763688760807,29.166666666666668,87.5,57.142857142857146,2.4,8,7,14,79.97732104890149
S43G01N130,2023-2024,20231231,away,70,8,2,17,4,21,1,23,9,17,8,0,0,8,5,3,6,40,17,11,7,47,48,5,1,6,1416,0,0,0,7,-7.814917762364033,53.99816176470588,52.5,51,12.116316639741518,17.391304347826086,62.5,47.05882352941177,1.3333333333333333,2,7,5,80.54237288135593,16,12,2,19,7,26,3,31,18,17,4,2,2,8,7,5,10,48,22,7,2,55,56,2,0,5,1416,0,0,0,5,7.814917762364033,53.37732919254658,50.0,68,8.846426043878273,29.166666666666668,87.5,54.54545454545455,2.4,2,7,14,80.54237288135593
S43G01N130,2023-2024,20231231,away,70,8,2,17,4,21,1,23,9,17,8,0,0,8,5,3,6,40,17,11,7,47,48,5,1,6,1416,0,0,0,7,-7.814917762364033,53.99816176470588,52.5,51,12.116316639741518,17.391304347826086,62.5,47.05882352941177,1.3333333333333333,2,7,5,80.54237288135593,16,13,2,19,7,26,3,31,18,17,4,2,2,8,7,5,10,48,22,7,2,55,56,2,0,5,1416,0,0,0,5,7.814917762364033,53.37732919254658,50.0,69,8.846426043878273,29.166666666666668,87.5,59.09090909090909,2.6,2,7,14,80.54237288135593
S43G01N130,2023-2024,20231231,away,70,8,2,17,4,21,1,24,10,17,8,0,0,8,5,3,6,41,18,11,7,49,49,5,1,6,1445,0,0,0,7,-5.735195451571542,55.0314465408805,53.65853658536585,53,11.87648456057007,17.391304347826086,62.5,44.44444444444444,1.3333333333333333,2,7,5,79.75640138408305,16,13,2,19,7,26,3,31,18,17,4,2,2,8,7,5,10,48,22,7,2,55,56,2,0,5,1445,0,0,0,5,5.735195451571542,53.37732919254658,50.0,69,8.846426043878273,29.166666666666668,87.5,59.09090909090909,2.6,2,7,14,79.75640138408305
S43G01N130,2023-2024,20231231,away,70,8,2,17,4,21,1,24,10,17,8,0,0,8,5,3,6,41,18,12,8,49,49,5,1,6,1455,0,0,0,7,-5.735195451571542,55.0314465408805,53.65853658536585,53,11.87648456057007,17.391304347826086,62.5,44.44444444444444,1.3333333333333333,2,7,5,79.20824742268042,16,13,2,19,7,26,3,31,18,17,4,2,2,8,7,5,10,48,22,7,2,55,56,2,0,5,1455,0,0,0,5,5.735195451571542,53.37732919254658,50.0,69,8.846426043878273,29.166666666666668,87.5,59.09090909090909,2.6,2,7,14,79.20824742268042
S43G01N130,2023-2024,20231231,away,70,8,2,17,4,21,1,24,10,17,8,0,0,8,5,3,6,41,18,12,8,49,49,5,1,6,1455,0,0,0,7,-5.735195451571542,55.0314465408805,53.65853658536585,53,11.87648456057007,17.391304347826086,62.5,44.44444444444444,1.3333333333333333,2,7,5,79.20824742268042,16,13,2,19,7,26,3,31,18,17,4,2,2,8,7,5,10,48,22,7,2,55,56,2,0,5,1455,0,0,0,5,5.735195451571542,53.37732919254658,50.0,69,8.846426043878273,29.166666666666668,87.5,59.09090909090909,2.6,2,7,14,79.20824742268042
S43G01N130,2023-2024,20231231,away,70,8,2,17,4,21,1,24,10,17,8,0,0,8,5,3,6,41,18,12,8,49,49,5,1,6,1455,0,0,0,7,-5.735195451571542,55.0314465408805,53.65853658536585,53,11.87648456057007,17.391304347826086,62.5,44.44444444444444,1.3333333333333333,2,7,5,79.20824742268042,16,13,2,19,7,26,3,31,18,17,4,2,2,8,7,5,10,48,22,7,2,55,56,2,0,5,1455,0,0,0,5,5.735195451571542,53.37732919254658,50.0,69,8.846426043878273,29.166666666666668,87.5,59.09090909090909,2.6,2,7,14,79.20824742268042
S43G01N130,2023-2024,20231231,away,70,8,2,17,4,21,1,24,10,17,8,0,0,8,5,3,6,41,18,12,8,49,49,5,1,6,1455,0,0,0,7,-5.735195451571542,55.0314465408805,53.65853658536585,53,11.87648456057007,17.391304347826086,62.5,44.44444444444444,1.3333333333333333,2,7,5,79.20824742268042,16,13,2,19,7,26,3,31,18,17,4,2,2,8,7,5,10,48,22,7,2,55,56,2,0,5,1455,0,0,0,5,5.735195451571542,53.37732919254658,50.0,69,8.846426043878273,29.166666666666668,87.5,59.09090909090909,2.6,2,7,14,79.20824742268042
S43G01N130,2023-2024,20231231,away,70,8,2,17,4,21,1,24,10,17,8,0,0,8,5,3,6,41,18,12,8,49,49,5,1,6,1455,0,0,0,7,-5.735195451571542,55.0314465408805,53.65853658536585,53,11.87648456057007,17.391304347826086,62.5,44.44444444444444,1.3333333333333333,2,7,5,79.20824742268042,16,13,2,19,7,26,3,31,18,17,4,2,2,8,7,5,10,48,22,7,2,55,56,2,0,5,1455,0,0,0,5,5.735195451571542,53.37732919254658,50.0,69,8.846426043878273,29.166666666666668,87.5,59.09090909090909,2.6,2,7,14,79.20824742268042
S43G01N130,2023-2024,20231231,away,70,8,2,17,4,21,1,24,10,17,8,0,0,8,5,3,6,41,18,12,8,49,49,5,1,6,1455,0,0,0,7,-5.735195451571542,55.0314465408805,53.65853658536585,53,11.87648456057007,17.391304347826086,62.5,44.44444444444444,1.3333333333333333,2,7,5,79.20824742268042,16,13,2,19,7,26,3,31,18,17,4,2,2,8,7,5,10,48,22,7,2,55,56,2,0,5,1455,0,0,0,5,5.735195451571542,53.37732919254658,50.0,69,8.846426043878273,29.166666666666668,87.5,59.09090909090909,2.6,2,7,14,79.20824742268042
S43G01N130,2023-2024,20231231,away,70,8,2,17,4,21,1,24,10,17,8,0,0,8,5,3,6,41,18,12,8,49,49,5,1,6,1455,0,0,0,7,-5.735195451571542,55.0314465408805,53.65853658536585,53,11.87648456057007,17.391304347826086,62.5,44.44444444444444,1.3333333333333333,2,7,5,79.20824742268042,16,13,2,19,7,26,3,31,18,17,4,2,2,8,7,5,10,48,22,7,2,55,56,2,0,5,1455,0,0,0,5,5.735195451571542,53.37732919254658,50.0,69,8.846426043878273,29.166666666666668,87.5,59.09090909090909,2.6,2,7,14,79.20824742268042
S43G01N130,2023-2024,20231231,away,70,8,2,17,4,21,1,24,10,17,8,0,0,8,5,3,6,41,18,12,8,49,49,5,1,6,1455,0,0,0,7,-5.735195451571542,55.0314465408805,53.65853658536585,53,11.87648456057007,17.391304347826086,62.5,44.44444444444444,1.3333333333333333,2,7,5,79.20824742268042,16,13,2,19,7,26,3,31,18,17,4,2,2,8,7,5,10,48,22,7,2,55,56,2,0,5,1455,0,0,0,5,5.735195451571542,53.37732919254658,50.0,69,8.846426043878273,29.166666666666668,87.5,59.09090909090909,2.6,2,7,14,79.20824742268042
S43G01N130,2023-2024,20231231,away,70,8,2,17,4,21,1,24,10,17,8,0,0,8,5,3,6,41,18,13,9,49,49,5,1,6,1461,0,0,0,7,-5.735195451571542,55.0314465408805,53.65853658536585,53,11.87648456057007,17.391304347826086,62.5,44.44444444444444,1.3333333333333333,2,7,5,78.88295687885011,16,13,2,19,7,26,3,31,18,17,4,2,2,8,7,5,10,48,22,7,2,55,56,2,0,5,1461,0,0,0,5,5.735195451571542,53.37732919254658,50.0,69,8.846426043878273,29.166666666666668,87.5,59.09090909090909,2.6,2,7,14,78.88295687885011
S43G01N130,2023-2024,20231231,away,70,8,2,17,4,21,1,24,10,17,8,0,0,8,5,3,6,41,18,13,9,49,49,5,1,6,1461,0,0,0,7,-5.735195451571542,55.0314465408805,53.65853658536585,53,11.87648456057007,17.391304347826086,62.5,44.44444444444444,1.3333333333333333,2,7,5,78.88295687885011,16,13,2,19,7,26,3,31,18,17,4,2,2,8,7,5,10,48,22,7,2,55,56,2,0,5,1461,0,0,0,5,5.735195451571542,53.37732919254658,50.0,69,8.846426043878273,29.166666666666668,87.5,59.09090909090909,2.6,2,7,14,78.88295687885011
S43G01N130,2023-2024,20231231,away,70,8,2,17,4,21,1,24,10,17,8,0,0,8,5,3,6,41,18,13,9,49,49,5,1,6,1461,0,0,0,7,-5.735195451571542,55.0314465408805,53.65853658536585,53,11.87648456057007,17.391304347826086,62.5,44.44444444444444,1.3333333333333333,2,7,5,78.88295687885011,16,13,2,19,7,26,3,31,18,17,4,2,2,8,7,5,10,48,22,7,2,55,56,2,0,5,1461,0,0,0,5,5.735195451571542,53.37732919254658,50.0,69,8.846426043878273,29.166666666666668,87.5,59.09090909090909,2.6,2,7,14,78.88295687885011
S43G01N130,2023-2024,20231231,away,70,8,2,17,4,21,1,24,10,17,8,0,0,8,5,3,6,41,18,13,9,49,49,5,1,6,1461,0,0,0,7,-5.735195451571542,55.0314465408805,53.65853658536585,53,11.87648456057007,17.391304347826086,62.5,44.44444444444444,1.3333333333333333,2,7,5,78.88295687885011,16,13,2,19,7,26,3,31,18,17,4,2,2,8,7,5,10,48,22,7,2,55,56,2,0,5,1461,0,0,0,5,5.735195451571542,53.37732919254658,50.0,69,8.846426043878273,29.166666666666668,87.5,59.09090909090909,2.6,2,7,14,78.88295687885011
S43G01N130,2023-2024,20231231,away,70,8,2,17,4,21,1,24,10,17,8,0,0,8,5,3,6,41,18,13,9,49,49,5,1,6,1474,0,0,0,7,-7.4955629126899765,55.0314465408805,53.65853658536585,53,11.87648456057007,17.391304347826086,62.5,44.44444444444444,1.3333333333333333,2,7,5,79.00135685210313,16,13,2,19,7,26,3,32,19,17,4,2,2,8,7,5,10,49,23,7,2,57,57,2,0,5,1474,0,0,0,5,7.4955629126899765,54.26504188880426,51.02040816326531,71,8.692628650904032,29.166666666666668,87.5,56.52173913043478,2.6,2,7,14,79.00135685210313
S43G01N130,2023-2024,20231231,away,70,8,2,17,4,21,1,24,10,17,8,0,0,8,5,3,6,41,18,13,9,49,49,5,1,6,1490,0,0,0,7,-7.4955629126899765,55.0314465408805,53.65853658536585,53,11.87648456057007,17.391304347826086,62.5,44.44444444444444,1.3333333333333333,2,7,5,78.15302013422819,16,13,2,19,7,26,3,32,19,17,4,2,2,8,7,5,10,49,23,8,3,57,57,2,0,5,1490,0,0,0,5,7.4955629126899765,54.26504188880426,51.02040816326531,71,8.692628650904032,29.166666666666668,87.5,56.52173913043478,2.6,2,7,14,78.15302013422819
S43G01N130,2023-2024,20231231,away,70,8,2,17,4,21,1,24,10,17,8,0,0,8,5,3,6,41,18,13,9,49,49,5,1,6,1490,0,0,0,7,-7.4955629126899765,55.0314465408805,53.65853658536585,53,11.87648456057007,17.391304347826086,62.5,44.44444444444444,1.3333333333333333,2,7,5,78.15302013422819,16,13,2,19,7,26,3,32,19,17,4,2,2,8,7,5,10,49,23,8,3,57,57,2,0,5,1490,0,0,0,5,7.4955629126899765,54.26504188880426,51.02040816326531,71,8.692628650904032,29.166666666666668,87.5,56.52173913043478,2.6,2,7,14,78.15302013422819
S43G01N130,2023-2024,20231231,away,70,8,2,17,4,21,1,24,10,17,8,0,0,8,5,3,6,41,18,13,9,49,49,5,1,6,1490,0,0,0,7,-7.4955629126899765,55.0314465408805,53.65853658536585,53,11.87648456057007,17.391304347826086,62.5,44.44444444444444,1.3333333333333333,2,7,5,78.15302013422819,16,13,2,19,7,26,3,32,19,17,4,2,2,8,7,5,10,49,23,8,3,57,57,2,0,5,1490,0,0,0,5,7.4955629126899765,54.26504188880426,51.02040816326531,71,8.692628650904032,29.166666666666668,87.5,56.52173913043478,2.6,2,7,14,78.15302013422819
S43G01N130,2023-2024,20231231,away,70,8,2,17,4,21,1,24,10,17,8,0,0,8,5,3,6,41,18,13,9,49,49,5,1,6,1490,0,0,0,7,-7.4955629126899765,55.0314465408805,53.65853658536585,53,11.87648456057007,17.391304347826086,62.5,44.44444444444444,1.3333333333333333,2,7,5,78.15302013422819,16,13,2,19,7,26,3,32,19,17,4,2,2,8,7,5,10,49,23,8,3,57,57,2,0,5,1490,0,0,0,5,7.4955629126899765,54.26504188880426,51.02040816326531,71,8.692628650904032,29.166666666666668,87.5,56.52173913043478,2.6,2,7,14,78.15302013422819
S43G01N130,2023-2024,20231231,away,70,8,2,17,4,21,1,24,10,17,8,0,0,8,5,3,6,41,18,13,9,49,49,5,1,6,1490,0,0,0,7,-7.4955629126899765,55.0314465408805,53.65853658536585,53,11.87648456057007,17.391304347826086,62.5,44.44444444444444,1.3333333333333333,2,7,5,78.15302013422819,16,13,2,19,7,26,3,32,19,17,4,2,2,8,7,5,10,49,23,8,3,57,57,2,0,5,1490,0,0,0,5,7.4955629126899765,54.26504188880426,51.02040816326531,71,8.692628650904032,29.166666666666668,87.5,56.52173913043478,2.6,2,7,14,78.15302013422819
S43G01N130,2023-2024,20231231,away,70,8,2,17,4,21,1,24,10,18,8,0,0,8,5,3,6,42,18,13,9,49,50,5,1,6,1504,0,0,0,7,-9.712125210937572,53.82249560632689,52.38095238095238,52,11.645962732919253,17.391304347826086,62.5,44.44444444444444,1.3333333333333333,2,7,5,78.22340425531915,16,13,2,19,7,26,3,32,19,17,4,2,2,8,7,5,10,49,23,8,3,57,57,2,0,5,1504,0,0,0,5,9.712125210937572,54.26504188880426,51.02040816326531,71,8.692628650904032,29.166666666666668,87.5,56.52173913043478,2.6,2,7,14,78.22340425531915
S43G01N130,2023-2024,20231231,away,70,8,2,17,5,22,1,24,10,18,8,0,0,8,5,3,6,42,18,13,9,49,50,5,1,6,1505,0,0,0,7,-7.4955629126899765,53.82249560632689,52.38095238095238,53,11.645962732919253,20.833333333333332,62.5,44.44444444444444,1.3333333333333333,2,7,5,77.37408637873754,16,13,2,19,7,26,3,32,19,17,4,2,2,8,7,5,10,49,23,8,3,57,57,2,0,5,1505,0,0,0,5,7.4955629126899765,54.26504188880426,51.02040816326531,71,8.692628650904032,29.166666666666668,87.5,56.52173913043478,2.6,2,7,14,77.37408637873754
S43G01N130,2023-2024,20231231,away,70,8,2,17,5,22,1,24,10,19,8,0,0,8,5,3,6,43,18,13,9,49,51,5,1,6,1507,0,0,0,7,-9.712125210937572,52.66552020636285,51.16279069767442,52,11.424219345011423,20.833333333333332,62.5,44.44444444444444,1.3333333333333333,2,7,5,78.06768414067685,16,13,2,19,7,26,3,32,19,17,4,2,2,8,7,5,10,49,23,8,3,57,57,2,0,5,1507,0,0,0,5,9.712125210937572,54.26504188880426,51.02040816326531,71,8.692628650904032,29.166666666666668,87.5,56.52173913043478,2.6,2,7,14,78.06768414067685
S43G01N130,2023-2024,20231231,away,70,8,2,17,6,23,1,24,10,19,8,0,0,8,5,3,6,43,18,13,9,49,51,5,1,6,1510,0,0,0,7,-7.4955629126899765,52.66552020636285,51.16279069767442,53,11.424219345011423,24.0,62.5,44.44444444444444,1.3333333333333333,2,7,5,77.11788079470199,16,13,2,19,7,26,3,32,19,17,4,2,2,8,7,5,10,49,23,8,3,57,57,2,0,5,1510,0,0,0,5,7.4955629126899765,54.26504188880426,51.02040816326531,71,8.692628650904032,29.166666666666668,87.5,56.52173913043478,2.6,2,7,14,77.11788079470199
S43G01N130,2023-2024,20231231,away,70,8,2,17,6,23,1,25,10,19,8,0,0,8,5,3,6,44,18,13,9,49,52,5,1,6,1511,0,0,0,7,-9.712125210937572,51.55723905723905,50.0,52,11.210762331838565,24.0,62.5,44.44444444444444,1.3333333333333333,2,7,5,77.86101919258769,16,13,2,19,7,26,3,32,19,17,4,2,2,8,7,5,10,49,23,8,3,57,57,2,0,5,1511,0,0,0,5,9.712125210937572,54.26504188880426,51.02040816326531,71,8.692628650904032,29.166666666666668,87.5,56.52173913043478,2.6,2,7,14,77.86101919258769
S43G01N130,2023-2024,20231231,away,70,8,2,17,6,23,1,25,10,19,8,0,0,8,5,3,6,44,18,13,9,49,52,5,1,6,1512,0,0,0,7,-9.712125210937572,51.55723905723905,50.0,52,11.210762331838565,23.076923076923077,62.5,44.44444444444444,1.3333333333333333,2,7,5,77.80952380952381,16,13,2,20,7,27,3,32,19,17,4,2,2,8,7,5,10,49,23,8,3,57,57,2,0,5,1512,0,0,0,5,9.712125210937572,54.26504188880426,51.02040816326531,72,8.692628650904032,29.166666666666668,87.5,56.52173913043478,2.6,2,7,14,77.80952380952381
S43G01N130,2023-2024,20231231,away,70,8,2,17,6,23,1,25,10,19,8,0,0,8,5,3,6,44,18,13,9,49,52,5,1,6,1519,0,0,0,7,-7.52216784825481,51.55723905723905,50.0,52,11.210762331838565,23.076923076923077,62.5,44.44444444444444,1.3333333333333333,2,7,5,78.24094799210008,16,13,2,20,7,27,3,32,19,17,4,2,2,8,7,5,10,49,23,8,3,57,57,2,0,6,1519,0,0,0,6,7.52216784825481,54.26504188880426,51.02040816326531,71,10.252904989747094,29.166666666666668,87.5,56.52173913043478,2.1666666666666665,2,7,14,78.24094799210008
S43G01N130,2023-2024,20231231,away,70,8,2,17,6,23,1,25,10,19,8,0,0,8,5,3,6,44,18,13,9,49,52,6,1,6,1520,0,0,0,7,-7.52216784825481,51.55723905723905,50.0,53,11.210762331838565,23.076923076923077,62.5,44.44444444444444,1.3333333333333333,2,7,5,78.18947368421053,16,13,2,20,7,27,3,32,19,17,4,2,2,8,7,5,10,49,23,8,3,57,57,2,0,6,1520,0,0,0,6,7.52216784825481,54.26504188880426,51.02040816326531,71,10.252904989747094,29.166666666666668,87.5,56.52173913043478,2.1666666666666665,2,7,14,78.18947368421053
S43G01N130,2023-2024,20231231,away,70,8,2,17,6,23,1,26,11,19,8,0,0,8,5,3,6,45,19,13,9,51,53,6,1,6,1526,0,0,0,7,-5.525351651108849,52.55564715581203,51.111111111111114,55,11.005135730007336,23.076923076923077,62.5,42.10526315789474,1.3333333333333333,2,7,5,78.6684141546527,16,13,2,20,7,27,3,32,19,17,4,2,2,8,7,5,10,49,23,8,3,57,57,2,0,6,1526,0,0,0,6,5.525351651108849,54.26504188880426,51.02040816326531,71,10.252904989747094,29.166666666666668,87.5,56.52173913043478,2.1666666666666665,2,7,14,78.6684141546527
S43G01N130,2023-2024,20231231,away,70,9,2,17,6,23,1,26,11,19,8,0,0,8,5,3,6,45,19,13,9,51,53,6,1,6,1526,0,0,0,7,-5.525351651108849,52.55564715581203,51.111111111111114,56,11.005135730007336,23.076923076923077,62.5,47.36842105263158,1.5,2,7,5,78.6684141546527,16,13,2,20,7,27,3,32,19,17,4,2,2,8,7,5,10,49,23,8,3,57,57,2,0,6,1526,0,0,0,6,5.525351651108849,54.26504188880426,51.02040816326531,71,10.252904989747094,29.166666666666668,87.5,56.52173913043478,2.1666666666666665,2,7,14,78.6684141546527
S43G01N130,2023-2024,20231231,away,70,9,2,17,6,23,1,26,11,19,8,0,0,8,5,3,6,45,19,13,9,51,53,6,1,6,1545,0,0,0,7,-3.41878946598446,52.55564715581203,51.111111111111114,56,11.005135730007336,23.076923076923077,62.5,47.36842105263158,1.5,2,7,5,78.47766990291262,16,13,2,20,7,27,3,32,19,18,4,2,2,8,7,5,10,50,23,8,3,57,58,2,0,6,1545,0,0,0,6,3.41878946598446,53.25112107623318,50.0,70,10.080645161290322,29.166666666666668,87.5,56.52173913043478,2.1666666666666665,2,7,14,78.47766990291262
S43G01N130,2023-2024,20231231,away,70,9,2,17,6,23,1,26,11,19,8,0,0,8,5,3,6,45,19,13,9,51,53,6,1,6,1548,0,0,0,7,-5.525351651108849,52.55564715581203,51.111111111111114,56,11.005135730007336,23.076923076923077,62.5,47.36842105263158,1.5,2,7,5,77.55038759689923,16,13,2,20,8,28,3,32,19,18,4,2,2,8,7,5,10,50,23,8,3,57,58,2,0,6,1548,0,0,0,6,5.525351651108849,53.25112107623318,50.0,71,10.080645161290322,32.0,87.5,56.52173913043478,2.1666666666666665,2,7,14,77.55038759689923
S43G01N130,2023-2024,20231231,away,70,9,2,17,6,23,1,26,11,19,8,0,0,8,5,3,6,45,19,13,9,51,53,6,1,6,1559,0,0,0,7,-3.41878946598446,52.55564715581203,51.111111111111114,56,11.005135730007336,23.076923076923077,62.5,47.36842105263158,1.5,2,7,5,77.77293136626044,16,13,2,20,8,28,3,32,19,19,4,2,2,8,7,5,10,51,23,8,3,57,59,2,0,6,1559,0,0,0,6,3.41878946598446,52.27439471753485,49.01960784313726,70,9.91407799074686,32.0,87.5,56.52173913043478,2.1666666666666665,2,7,14,77.77293136626044
S43G01N130,2023-2024,20231231,away,70,9,2,18,6,24,1,26,11,19,8,0,0,8,5,3,6,45,19,13,9,51,53,6,1,6,1560,0,0,0,7,-3.41878946598446,52.55564715581203,51.111111111111114,57,11.005135730007336,23.076923076923077,62.5,47.36842105263158,1.5,2,7,5,77.72307692307693,16,13,2,20,8,28,3,32,19,19,4,2,2,8,7,5,10,51,23,8,3,57,59,2,0,6,1560,0,0,0,6,3.41878946598446,52.27439471753485,49.01960784313726,70,9.91407799074686,30.76923076923077,87.5,56.52173913043478,2.1666666666666665,2,7,14,77.72307692307693
S43G01N130,2023-2024,20231231,away,70,9,2,18,6,24,1,26,11,20,8,0,0,8,5,3,6,46,19,13,9,51,54,6,1,6,1581,0,0,0,7,-5.5413923398056255,51.49434571890145,50.0,56,10.806916426512968,23.076923076923077,62.5,47.36842105263158,1.5,2,7,5,77.44971537001898,16,13,2,20,8,28,3,32,19,19,4,2,2,8,7,5,10,51,23,8,3,57,59,2,0,6,1581,0,0,0,6,5.5413923398056255,52.27439471753485,49.01960784313726,70,9.91407799074686,30.76923076923077,87.5,56.52173913043478,2.1666666666666665,2,7,14,77.44971537001898
S43G01N130,2023-2024,20231231,away,70,9,2,18,6,24,1,26,11,20,8,0,0,8,5,3,6,46,19,13,9,51,54,6,1,6,1582,0,0,0,7,-5.5413923398056255,51.49434571890145,50.0,56,10.806916426512968,22.22222222222222,62.5,47.36842105263158,1.5,2,7,5,77.4007585335019,16,13,2,21,8,29,3,32,19,19,4,2,2,8,7,5,10,51,23,8,3,57,59,2,0,6,1582,0,0,0,6,5.5413923398056255,52.27439471753485,49.01960784313726,71,9.91407799074686,30.76923076923077,87.5,56.52173913043478,2.1666666666666665,2,7,14,77.4007585335019
S43G01N130,2023-2024,20231231,away,70,9,2,18,6,24,1,26,11,20,8,0,0,8,5,3,6,46,19,13,9,51,54,6,1,6,1591,0,0,0,7,-3.5135507146634666,51.49434571890145,50.0,56,10.806916426512968,22.22222222222222,62.5,47.36842105263158,1.5,2,7,5,77.71715901948461,16,13,2,21,8,29,3,33,19,19,4,2,2,8,7,5,10,52,23,8,3,57,60,2,0,6,1591,0,0,0,6,3.5135507146634666,51.33285302593659,48.07692307692308,70,9.752925877763328,30.76923076923077,87.5,56.52173913043478,2.1666666666666665,2,7,14,77.71715901948461
S43G01N130,2023-2024,20231231,away,70,9,2,19,6,25,1,26,11,20,8,0,0,8,5,3,6,46,19,13,9,51,54,6,1,6,1592,0,0,0,7,-3.5135507146634666,51.49434571890145,50.0,57,10.806916426512968,22.22222222222222,62.5,47.36842105263158,1.5,2,7,5,77.66834170854273,16,13,2,21,8,29,3,33,19,19,4,2,2,8,7,5,10,52,23,8,3,57,60,2,0,6,1592,0,0,0,6,3.5135507146634666,51.33285302593659,48.07692307692308,70,9.752925877763328,29.62962962962963,87.5,56.52173913043478,2.1666666666666665,2,7,14,77.66834170854273
S43G01N130,2023-2024,20231231,away,70,9,2,19,6,25,1,26,11,21,8,0,0,8,5,3,6,47,19,13,9,51,55,6,1,6,1607,0,0,0,7,-5.552123387620767,50.4750593824228,48.93617021276596,56,10.615711252653927,22.22222222222222,62.5,47.36842105263158,1.5,2,7,5,77.69010578718108,16,13,2,21,8,29,3,33,19,19,4,2,2,8,7,5,10,52,23,8,3,57,60,2,0,6,1607,0,0,0,6,5.552123387620767,51.33285302593659,48.07692307692308,70,9.752925877763328,29.62962962962963,87.5,56.52173913043478,2.1666666666666665,2,7,14,77.69010578718108
S43G01N130,2023-2024,20231231,away,70,9,2,19,6,25,1,26,11,21,8,0,0,8,5,3,6,47,19,13,9,51,55,6,1,6,1609,0,0,0,7,-5.552123387620767,50.4750593824228,48.93617021276596,56,10.615711252653927,21.428571428571427,62.5,47.36842105263158,1.5,2,7,5,77.59353635798632,16,13,2,22,8,30,3,33,19,19,4,2,2,8,7,5,10,52,23,8,3,57,60,2,0,6,1609,0,0,0,6,5.552123387620767,51.33285302593659,48.07692307692308,71,9.752925877763328,29.62962962962963,87.5,56.52173913043478,2.1666666666666665,2,7,14,77.59353635798632
S43G01N130,2023-2024,20231231,away,70,9,2,19,6,25,1,26,11,21,8,0,0,8,5,3,6,47,19,13,9,51,55,6,1,6,1628,0,0,0,7,-9.101238535227765,50.4750593824228,48.93617021276596,56,10.615711252653927,21.428571428571427,62.5,47.36842105263158,1.5,3,7,5,77.42506142506143,16,13,2,22,8,30,3,33,19,20,5,2,2,8,7,5,10,53,24,8,3,60,61,2,0,6,1628,0,0,0,6,9.101238535227765,53.07855626326963,50.0,74,9.596928982725528,29.62962962962963,87.5,54.166666666666664,2.1666666666666665,3,7,14,77.42506142506143
S43G01N130,2023-2024,20231231,away,70,9,2,19,6,25,1,26,11,21,8,0,0,8,5,3,6,47,19,13,9,51,55,6,1,6,1628,0,0,0,7,-9.101238535227765,50.4750593824228,48.93617021276596,56,10.615711252653927,21.428571428571427,62.5,47.36842105263158,1.5,3,7,5,77.42506142506143,16,14,2,22,8,30,3,33,19,20,5,2,2,8,7,5,10,53,24,8,3,60,61,2,0,6,1628,0,0,0,6,9.101238535227765,53.07855626326963,50.0,75,9.596928982725528,29.62962962962963,87.5,58.333333333333336,2.3333333333333335,3,7,14,77.42506142506143
S43G01N130,2023-2024,20231231,away,70,9,2,19,6,25,1,26,11,21,8,0,0,8,5,3,6,47,19,13,9,51,55,6,1,7,1646,0,0,0,8,-11.060674070259708,50.4750593824228,48.93617021276596,55,12.169680111265645,21.428571428571427,62.5,47.36842105263158,1.2857142857142858,3,7,5,77.30741190765494,16,14,2,22,8,30,3,33,19,20,5,2,2,8,7,5,10,53,24,8,3,60,61,2,0,6,1646,0,0,0,6,11.060674070259708,53.07855626326963,50.0,75,9.596928982725528,29.62962962962963,87.5,58.333333333333336,2.3333333333333335,3,7,14,77.30741190765494
S43G01N130,2023-2024,20231231,away,70,9,2,19,6,25,1,26,11,21,8,0,0,8,5,3,6,47,19,13,9,51,55,6,1,7,1646,0,0,0,8,-11.060674070259708,50.4750593824228,48.93617021276596,55,12.169680111265645,21.428571428571427,62.5,47.36842105263158,1.2857142857142858,3,7,5,77.30741190765494,16,14,2,22,8,30,3,33,19,20,5,2,2,8,7,5,10,53,24,8,3,60,61,3,0,6,1646,0,0,0,6,11.060674070259708,53.07855626326963,50.0,76,9.596928982725528,29.62962962962963,87.5,58.333333333333336,2.3333333333333335,3,7,14,77.30741190765494
S43G01N130,2023-2024,20231231,away,70,9,2,19,6,25,1,26,11,21,8,0,0,8,5,3,6,47,19,14,9,51,55,6,1,7,1646,0,0,0,8,-11.060674070259708,50.4750593824228,48.93617021276596,55,12.169680111265645,21.428571428571427,62.5,47.36842105263158,1.2857142857142858,3,7,5,77.30741190765494,16,14,2,22,8,30,3,33,19,20,5,2,2,8,7,5,10,53,24,8,3,60,61,3,0,6,1646,0,0,0,6,11.060674070259708,53.07855626326963,50.0,76,9.596928982725528,29.62962962962963,87.5,58.333333333333336,2.3333333333333335,3,7,14,77.30741190765494
S43G01N130,2023-2024,20231231,away,70,9,2,19,6,25,1,26,11,21,8,0,0,8,5,3,6,47,19,14,9,51,55,6,1,7,1646,0,0,0,8,-11.060674070259708,50.4750593824228,48.93617021276596,55,12.169680111265645,21.428571428571427,62.5,47.36842105263158,1.2857142857142858,3,7,5,77.30741190765494,16,14,2,22,8,30,3,33,19,20,5,2,2,8,7,5,10,53,24,8,3,60,61,3,0,6,1646,0,0,0,6,11.060674070259708,53.07855626326963,50.0,76,9.596928982725528,29.62962962962963,87.5,58.333333333333336,2.3333333333333335,3,7,14,77.30741190765494
S43G01N130,2023-2024,20231231,away,70,9,2,19,6,25,1,26,11,21,8,0,0,8,5,3,6,47,19,14,9,51,55,6,1,7,1646,0,0,0,8,-11.060674070259708,50.4750593824228,48.93617021276596,55,12.169680111265645,21.428571428571427,62.5,47.36842105263158,1.2857142857142858,3,7,5,77.30741190765494,16,14,2,22,8,30,3,33,19,20,5,2,2,8,7,5,10,53,24,8,3,60,61,3,0,6,1646,0,0,0,6,11.060674070259708,53.07855626326963,50.0,76,9.596928982725528,29.62962962962963,87.5,58.333333333333336,2.3333333333333335,3,7,14,77.30741190765494
S43G01N130,2023-2024,20231231,away,70,9,2,19,6,25,1,26,11,21,8,0,0,8,5,3,6,47,19,14,9,51,55,6,1,7,1646,0,0,0,8,-11.060674070259708,50.4750593824228,48.93617021276596,55,12.169680111265645,21.428571428571427,62.5,47.36842105263158,1.2857142857142858,3,7,5,77.30741190765494,16,14,2,22,8,30,3,33,19,20,5,2,2,8,7,5,10,53,24,8,3,60,61,3,0,6,1646,0,0,0,6,11.060674070259708,53.07855626326963,50.0,76,9.596928982725528,29.62962962962963,87.5,58.333333333333336,2.3333333333333335,3,7,14,77.30741190765494
S43G01N130,2023-2024,20231231,away,70,9,2,19,6,25,1,26,11,21,8,0,0,8,5,3,6,47,19,14,9,51,55,6,1,7,1646,0,0,0,8,-11.060674070259708,50.4750593824228,48.93617021276596,55,12.169680111265645,21.428571428571427,62.5,47.36842105263158,1.2857142857142858,3,7,5,77.30741190765494,16,14,2,22,8,30,3,33,19,20,5,2,2,8,7,5,10,53,24,8,3,60,61,3,0,6,1646,0,0,0,6,11.060674070259708,53.07855626326963,50.0,76,9.596928982725528,29.62962962962963,87.5,58.333333333333336,2.3333333333333335,3,7,14,77.30741190765494
S43G01N130,2023-2024,20231231,away,70,9,2,19,6,25,1,26,11,21,8,0,0,8,5,3,6,47,19,14,9,51,55,6,1,7,1646,0,0,0,8,-11.060674070259708,50.4750593824228,48.93617021276596,55,12.169680111265645,21.428571428571427,62.5,47.36842105263158,1.2857142857142858,3,7,5,77.30741190765494,16,14,2,22,8,30,3,33,19,20,5,2,2,8,7,5,10,53,24,8,3,60,61,3,0,6,1646,0,0,0,6,11.060674070259708,53.07855626326963,50.0,76,9.596928982725528,29.62962962962963,87.5,58.333333333333336,2.3333333333333335,3,7,14,77.30741190765494
S43G01N130,2023-2024,20231231,away,70,9,2,19,6,25,1,26,11,21,8,0,0,8,5,3,6,47,19,14,9,51,55,6,1,7,1646,0,0,0,8,-11.999127541656506,50.4750593824228,48.93617021276596,55,12.169680111265645,21.428571428571427,62.5,47.36842105263158,1.2857142857142858,4,7,5,77.62818955042528,16,14,2,22,8,30,3,33,19,20,5,2,2,9,8,5,10,53,24,8,3,61,62,3,0,6,1646,0,0,0,6,11.999127541656506,53.54634831460674,50.0,77,9.529860228716645,29.62962962962963,88.88888888888889,58.333333333333336,2.3333333333333335,4,7,14,77.62818955042528
S43G01N130,2023-2024,20231231,away,70,9,2,19,6,25,1,26,11,21,8,0,0,8,5,3,6,47,19,14,9,51,55,6,1,7,1646,0,0,0,8,-12.922674170908365,50.4750593824228,48.93617021276596,55,12.169680111265645,21.428571428571427,62.5,47.36842105263158,1.2857142857142858,5,7,5,77.94896719319563,16,14,2,22,8,30,3,33,19,20,5,2,2,10,9,5,10,53,24,8,3,62,63,3,0,6,1646,0,0,0,6,12.922674170908365,54.00696864111499,50.0,78,9.46372239747634,29.62962962962963,90.0,58.333333333333336,2.3333333333333335,5,7,14,77.94896719319563
S43G01N130,2023-2024,20231231,away,70,9,2,19,6,25,1,26,11,21,8,0,0,8,5,3,6,47,19,14,9,51,55,6,1,7,1646,0,0,0,8,-12.922674170908365,50.4750593824228,48.93617021276596,55,12.169680111265645,21.428571428571427,62.5,47.36842105263158,1.2857142857142858,5,7,5,77.94896719319563,16,14,2,22,8,30,3,33,19,20,5,2,2,10,9,5,10,53,24,8,3,62,63,3,0,6,1646,0,0,0,6,12.922674170908365,54.00696864111499,50.0,78,9.46372239747634,29.62962962962963,90.0,58.333333333333336,2.3333333333333335,5,7,14,77.94896719319563
S43G01N130,2023-2024,20231231,away,70,9,2,19,6,25,1,26,11,21,8,0,0,8,5,3,6,47,19,14,9,51,55,6,1,7,1646,0,0,0,8,-12.922674170908365,50.4750593824228,48.93617021276596,55,12.169680111265645,21.428571428571427,62.5,47.36842105263158,1.2857142857142858,5,7,5,77.94896719319563,16,14,2,22,8,30,3,33,19,20,5,2,2,10,9,5,10,53,24,8,3,62,63,3,0,6,1646,0,0,0,6,12.922674170908365,54.00696864111499,50.0,78,9.46372239747634,29.62962962962963,90.0,58.333333333333336,2.3333333333333335,5,7,14,77.94896719319563
S43G01N130,2023-2024,20231231,away,70,9,2,19,6,25,1,26,11,21,8,0,0,8,5,3,6,47,19,14,9,51,55,6,1,7,1651,0,0,0,8,-12.922674170908365,50.4750593824228,48.93617021276596,55,12.169680111265645,21.428571428571427,62.5,47.36842105263158,1.2857142857142858,5,7,5,77.71290127195638,16,14,2,22,8,30,3,33,19,20,5,2,2,10,9,5,10,53,24,8,3,62,63,3,0,6,1651,0,0,0,6,12.922674170908365,54.00696864111499,50.0,78,9.46372239747634,29.62962962962963,90.0,58.333333333333336,2.3333333333333335,5,7,14,77.71290127195638
S43G01N130,2023-2024,20231231,away,70,9,2,19,6,25,1,26,11,21,8,0,0,8,5,3,6,47,19,14,9,51,55,6,1,7,1651,0,0,0,8,-12.922674170908365,50.4750593824228,48.93617021276596,55,12.169680111265645,21.428571428571427,62.5,47.36842105263158,1.2857142857142858,5,7,5,77.71290127195638,16,14,2,22,8,30,3,33,19,20,5,2,2,10,9,5,10,53,24,8,3,62,63,3,0,6,1651,0,0,0,6,12.922674170908365,54.00696864111499,50.0,78,9.46372239747634,29.62962962962963,90.0,58.333333333333336,2.3333333333333335,5,7,14,77.71290127195638
S43G01N130,2023-2024,20231231,away,70,9,2,19,6,25,1,27,12,21,8,0,0,8,5,3,6,48,20,14,9,53,56,6,1,7,1670,0,0,0,8,-10.999419853121111,51.4363354037267,50.0,57,11.961722488038276,21.428571428571427,62.5,45.0,1.2857142857142858,2,7,5,77.54730538922156,16,14,2,22,8,30,3,33,19,20,5,2,2,10,9,5,10,53,24,8,3,62,63,3,0,6,1670,0,0,0,6,10.999419853121111,54.00696864111499,50.0,78,9.46372239747634,29.62962962962963,90.0,58.333333333333336,2.3333333333333335,2,7,14,77.54730538922156
S43G01N130,2023-2024,20231231,away,70,9,2,19,6,25,1,27,12,21,8,0,0,8,5,3,6,48,20,14,9,53,56,6,1,7,1682,0,0,0,8,-14.334289402753683,51.4363354037267,50.0,57,11.961722488038276,21.428571428571427,62.5,45.0,1.2857142857142858,3,7,5,77.7074910820452,16,14,2,22,8,30,3,33,19,21,6,2,2,10,9,5,10,54,25,8,3,65,64,3,0,6,1682,0,0,0,6,14.334289402753683,55.65068493150685,51.851851851851855,81,9.316770186335402,29.62962962962963,90.0,56.0,2.3333333333333335,3,7,14,77.7074910820452
S43G01N130,2023-2024,20231231,away,70,9,2,19,6,25,1,27,12,21,8,0,0,8,5,3,6,48,20,14,9,53,56,6,1,7,1694,0,0,0,8,-14.334289402753683,51.4363354037267,50.0,57,11.961722488038276,21.428571428571427,62.5,45.0,1.2857142857142858,3,7,5,77.15702479338844,16,14,2,22,8,30,3,33,19,21,6,2,2,10,9,5,10,54,25,9,4,65,64,3,0,6,1694,0,0,0,6,14.334289402753683,55.65068493150685,51.851851851851855,81,9.316770186335402,29.62962962962963,90.0,56.0,2.3333333333333335,3,7,14,77.15702479338844
S43G01N130,2023-2024,20231231,away,70,9,2,19,6,25,1,27,12,21,8,0,0,8,5,3,6,48,20,14,9,53,56,6,1,7,1694,0,0,0,8,-14.334289402753683,51.4363354037267,50.0,57,11.961722488038276,21.428571428571427,62.5,45.0,1.2857142857142858,3,7,5,77.15702479338844,16,14,2,22,8,30,3,33,19,21,6,2,2,10,9,5,10,54,25,9,4,65,64,3,0,6,1694,0,0,0,6,14.334289402753683,55.65068493150685,51.851851851851855,81,9.316770186335402,29.62962962962963,90.0,56.0,2.3333333333333335,3,7,14,77.15702479338844
S43G01N130,2023-2024,20231231,away,70,9,2,19,6,25,1,27,12,21,8,0,0,8,5,3,6,48,20,14,9,53,56,6,1,7,1696,0,0,0,8,-14.334289402753683,51.4363354037267,50.0,57,11.961722488038276,21.428571428571427,62.5,45.0,1.2857142857142858,3,7,5,77.06603773584906,16,14,2,22,8,30,3,33,19,21,6,2,2,10,9,5,10,54,25,10,5,65,64,3,0,6,1696,0,0,0,6,14.334289402753683,55.65068493150685,51.851851851851855,81,9.316770186335402,29.62962962962963,90.0,56.0,2.3333333333333335,3,7,14,77.06603773584906
S43G01N130,2023-2024,20231231,away,70,9,2,19,6,25,1,27,12,21,8,0,0,8,5,3,6,48,20,14,9,53,56,6,1,7,1696,0,0,0,8,-14.334289402753683,51.4363354037267,50.0,57,11.961722488038276,21.428571428571427,62.5,45.0,1.2857142857142858,3,7,5,77.06603773584906,16,14,2,22,8,30,3,33,19,21,6,2,2,10,9,5,10,54,25,10,5,65,64,3,0,6,1696,0,0,0,6,14.334289402753683,55.65068493150685,51.851851851851855,81,9.316770186335402,29.62962962962963,90.0,56.0,2.3333333333333335,3,7,14,77.06603773584906
S43G01N130,2023-2024,20231231,away,70,9,2,19,6,25,1,27,12,22,9,0,0,8,5,3,6,49,21,14,9,56,57,6,1,7,1702,0,0,0,8,-10.614445186527988,53.31302361005331,52.04081632653061,60,11.760752688172042,21.428571428571427,62.5,42.857142857142854,1.2857142857142858,3,7,5,77.4994124559342,16,14,2,22,8,30,3,33,19,21,6,2,2,10,9,5,10,54,25,10,5,65,64,3,0,6,1702,0,0,0,6,10.614445186527988,55.65068493150685,51.851851851851855,81,9.316770186335402,29.62962962962963,90.0,56.0,2.3333333333333335,3,7,14,77.4994124559342
S43G01N130,2023-2024,20231231,away,70,10,2,19,6,25,1,27,12,22,9,0,0,8,5,3,6,49,21,14,9,56,57,6,1,7,1702,0,0,0,8,-10.614445186527988,53.31302361005331,52.04081632653061,61,11.760752688172042,21.428571428571427,62.5,47.61904761904762,1.4285714285714286,3,7,5,77.4994124559342,16,14,2,22,8,30,3,33,19,21,6,2,2,10,9,5,10,54,25,10,5,65,64,3,0,6,1702,0,0,0,6,10.614445186527988,55.65068493150685,51.851851851851855,81,9.316770186335402,29.62962962962963,90.0,56.0,2.3333333333333335,3,7,14,77.4994124559342
S43G01N130,2023-2024,20231231,away,70,10,2,19,6,25,1,27,12,22,9,0,0,8,5,3,6,49,21,14,9,56,57,6,1,7,1716,0,0,0,8,-8.606636354640287,53.31302361005331,52.04081632653061,61,11.760752688172042,21.428571428571427,62.5,47.61904761904762,1.4285714285714286,3,7,5,77.56643356643357,16,14,2,22,8,30,3,33,19,22,6,2,2,10,9,5,10,55,25,10,5,65,65,3,0,6,1716,0,0,0,6,8.606636354640287,54.71380471380471,50.90909090909091,80,9.174311926605505,29.62962962962963,90.0,56.0,2.3333333333333335,3,7,14,77.56643356643357
S43G01N130,2023-2024,20231231,away,70,10,2,19,6,25,1,27,12,22,9,0,0,8,5,3,6,49,21,14,9,56,57,6,1,7,1717,0,0,0,8,-10.614445186527988,53.31302361005331,52.04081632653061,61,11.760752688172042,21.428571428571427,62.5,47.61904761904762,1.4285714285714286,3,7,5,76.82236458940012,16,14,2,22,9,31,3,33,19,22,6,2,2,10,9,5,10,55,25,10,5,65,65,3,0,6,1717,0,0,0,6,10.614445186527988,54.71380471380471,50.90909090909091,81,9.174311926605505,32.142857142857146,90.0,56.0,2.3333333333333335,3,7,14,76.82236458940012
S43G01N130,2023-2024,20231231,away,70,10,2,19,6,25,1,27,12,22,9,0,0,8,5,3,6,49,21,14,9,56,57,6,1,7,1728,0,0,0,8,-13.833117190877218,53.31302361005331,52.04081632653061,61,11.760752688172042,21.428571428571427,62.5,47.61904761904762,1.4285714285714286,3,7,5,77.02777777777779,16,14,2,22,9,31,3,33,19,23,7,2,2,10,9,5,10,56,26,10,5,68,66,3,0,6,1728,0,0,0,6,13.833117190877218,56.29139072847682,52.67857142857143,84,9.036144578313252,32.142857142857146,90.0,53.84615384615385,2.3333333333333335,3,7,14,77.02777777777779
S43G01N130,2023-2024,20231231,away,70,10,2,19,6,25,1,27,12,22,9,0,0,8,5,3,6,49,21,14,9,56,57,6,1,7,1728,0,0,0,8,-13.833117190877218,53.31302361005331,52.04081632653061,61,11.760752688172042,21.428571428571427,62.5,47.61904761904762,1.4285714285714286,3,7,5,77.02777777777779,16,15,2,22,9,31,3,33,19,23,7,2,2,10,9,5,10,56,26,10,5,68,66,3,0,6,1728,0,0,0,6,13.833117190877218,56.29139072847682,52.67857142857143,85,9.036144578313252,32.142857142857146,90.0,57.69230769230769,2.5,3,7,14,77.02777777777779
S43G01N130,2023-2024,20231231,away,70,10,2,19,6,25,1,27,12,23,9,0,0,8,5,3,6,50,21,14,9,56,58,6,1,7,1749,0,0,0,8,-15.752298807968685,52.3168908819133,51.0,60,11.566424322538003,21.428571428571427,62.5,47.61904761904762,1.4285714285714286,3,7,5,76.78902229845627,16,15,2,22,9,31,3,33,19,23,7,2,2,10,9,5,10,56,26,10,5,68,66,3,0,6,1749,0,0,0,6,15.752298807968685,56.29139072847682,52.67857142857143,85,9.036144578313252,32.142857142857146,90.0,57.69230769230769,2.5,3,7,14,76.78902229845627
S43G01N130,2023-2024,20231231,away,70,10,2,19,6,25,1,27,12,23,9,0,0,8,5,3,6,50,21,14,9,56,58,6,1,7,1751,0,0,0,8,-15.752298807968685,52.3168908819133,51.0,60,11.566424322538003,20.689655172413794,62.5,47.61904761904762,1.4285714285714286,3,7,5,76.7013135351228,16,15,2,23,9,32,3,33,19,23,7,2,2,10,9,5,10,56,26,10,5,68,66,3,0,6,1751,0,0,0,6,15.752298807968685,56.29139072847682,52.67857142857143,86,9.036144578313252,32.142857142857146,90.0,57.69230769230769,2.5,3,7,14,76.7013135351228
S43G01N130,2023-2024,20231231,away,70,10,2,19,6,25,1,27,12,23,9,0,0,8,5,3,6,50,21,15,9,56,58,6,1,7,1761,0,0,0,8,-15.752298807968685,52.3168908819133,51.0,60,11.566424322538003,20.689655172413794,62.5,47.61904761904762,1.4285714285714286,3,7,5,76.26575809199319,16,15,2,23,9,32,3,33,19,23,7,2,2,10,9,5,10,56,26,10,5,68,66,3,0,6,1761,0,0,0,6,15.752298807968685,56.29139072847682,52.67857142857143,86,9.036144578313252,32.142857142857146,90.0,57.69230769230769,2.5,3,7,14,76.26575809199319
S43G01N130,2023-2024,20231231,away,70,10,2,19,6,25,1,27,12,23,9,0,0,8,5,3,6,50,21,15,9,56,58,6,1,7,1761,0,0,0,8,-15.752298807968685,52.3168908819133,51.0,60,11.566424322538003,20.689655172413794,62.5,47.61904761904762,1.4285714285714286,3,7,5,76.26575809199319,16,15,2,23,9,32,3,33,19,23,7,2,2,10,9,5,10,56,26,10,5,68,66,3,0,6,1761,0,0,0,6,15.752298807968685,56.29139072847682,52.67857142857143,86,9.036144578313252,32.142857142857146,90.0,57.69230769230769,2.5,3,7,14,76.26575809199319
S43G01N130,2023-2024,20231231,away,70,10,2,19,6,25,1,27,12,23,9,0,0,8,5,3,6,50,21,15,9,56,58,6,1,7,1761,0,0,0,8,-15.752298807968685,52.3168908819133,51.0,60,11.566424322538003,20.689655172413794,62.5,47.61904761904762,1.4285714285714286,3,7,5,76.26575809199319,16,15,2,23,9,32,3,33,19,23,7,2,2,10,9,5,10,56,26,10,5,68,66,3,0,6,1761,0,0,0,6,15.752298807968685,56.29139072847682,52.67857142857143,86,9.036144578313252,32.142857142857146,90.0,57.69230769230769,2.5,3,7,14,76.26575809199319
S43G01N130,2023-2024,20231231,away,70,10,2,19,6,25,1,27,12,23,9,0,0,8,5,3,6,50,21,15,9,56,58,6,1,7,1761,0,0,0,8,-16.58000566239349,52.3168908819133,51.0,60,11.566424322538003,20.689655172413794,62.5,47.61904761904762,1.4285714285714286,4,7,5,76.56558773424192,16,15,2,23,9,32,3,33,19,23,7,2,2,11,10,5,10,56,26,10,5,69,67,3,0,6,1761,0,0,0,6,16.58000566239349,56.70611439842209,52.67857142857143,87,8.976660682226212,32.142857142857146,90.9090909090909,57.69230769230769,2.5,4,7,14,76.56558773424192
S43G01N130,2023-2024,20231231,away,70,10,2,19,6,25,1,27,12,23,9,0,0,8,5,3,6,50,21,15,9,56,58,6,1,7,1761,0,0,0,8,-17.39521454097934,52.3168908819133,51.0,60,11.566424322538003,20.689655172413794,62.5,47.61904761904762,1.4285714285714286,5,7,5,76.86541737649064,16,15,2,23,9,32,3,33,19,23,7,2,2,12,11,5,10,56,26,10,5,70,68,3,0,6,1761,0,0,0,6,17.39521454097934,57.114882506527415,52.67857142857143,88,8.9179548156956,32.142857142857146,91.66666666666667,57.69230769230769,2.5,5,7,14,76.86541737649064
S43G01N130,2023-2024,20231231,away,70,10,2,19,6,25,1,27,12,23,9,0,0,8,5,3,6,50,21,15,9,56,58,6,1,7,1776,0,0,0,8,-17.39521454097934,52.3168908819133,51.0,60,11.566424322538003,20.689655172413794,62.5,47.61904761904762,1.4285714285714286,5,7,5,76.21621621621622,16,15,2,23,9,32,3,33,19,23,7,2,2,12,11,5,10,56,26,11,6,70,68,3,0,6,1776,0,0,0,6,17.39521454097934,57.114882506527415,52.67857142857143,88,8.9179548156956,32.142857142857146,91.66666666666667,57.69230769230769,2.5,5,7,14,76.21621621621622
S43G01N130,2023-2024,20231231,away,70,10,2,19,6,25,1,27,12,23,9,0,0,8,5,3,6,50,21,15,9,56,58,6,1,7,1776,0,0,0,8,-17.39521454097934,52.3168908819133,51.0,60,11.566424322538003,20.689655172413794,62.5,47.61904761904762,1.4285714285714286,5,7,5,76.21621621621622,16,15,2,23,9,32,3,33,19,23,7,2,2,12,11,5,10,56,26,11,6,70,68,3,0,6,1776,0,0,0,6,17.39521454097934,57.114882506527415,52.67857142857143,88,8.9179548156956,32.142857142857146,91.66666666666667,57.69230769230769,2.5,5,7,14,76.21621621621622
S43G01N130,2023-2024,20231231,away,70,10,2,19,6,25,1,28,13,23,9,0,0,8,5,3,6,51,22,15,9,58,59,6,1,7,1785,0,0,0,8,-15.642955898089127,53.191489361702125,51.96078431372549,62,11.378413524057217,20.689655172413794,62.5,45.45454545454545,1.4285714285714286,2,7,5,76.50420168067228,16,15,2,23,9,32,3,33,19,23,7,2,2,12,11,5,10,56,26,11,6,70,68,3,0,6,1785,0,0,0,6,15.642955898089127,57.114882506527415,52.67857142857143,88,8.9179548156956,32.142857142857146,91.66666666666667,57.69230769230769,2.5,2,7,14,76.50420168067228
S43G01N130,2023-2024,20231231,away,70,10,2,19,6,25,1,28,13,23,9,0,0,8,5,3,6,51,22,15,9,58,59,6,1,7,1799,0,0,0,8,-13.616811925624319,53.191489361702125,51.96078431372549,62,11.378413524057217,20.689655172413794,62.5,45.45454545454545,1.4285714285714286,2,7,5,76.57587548638132,16,15,2,23,9,32,3,33,19,23,7,2,2,12,11,5,10,56,26,11,6,70,68,3,0,7,1799,0,0,0,7,13.616811925624319,57.114882506527415,52.67857142857143,87,10.251903925014645,32.142857142857146,91.66666666666667,57.69230769230769,2.142857142857143,2,7,14,76.57587548638132
S43G01N130,2023-2024,20231231,away,70,10,2,19,6,25,1,28,13,23,9,0,0,8,5,3,6,51,22,15,9,58,59,7,1,7,1799,0,0,0,8,-13.616811925624319,53.191489361702125,51.96078431372549,63,11.378413524057217,20.689655172413794,62.5,45.45454545454545,1.4285714285714286,2,7,5,76.57587548638132,16,15,2,23,9,32,3,33,19,23,7,2,2,12,11,5,10,56,26,11,6,70,68,3,0,7,1799,0,0,0,7,13.616811925624319,57.114882506527415,52.67857142857143,87,10.251903925014645,32.142857142857146,91.66666666666667,57.69230769230769,2.142857142857143,2,7,14,76.57587548638132
S43G01N130,2023-2024,20231231,away,70,10,2,19,6,25,1,28,13,24,9,0,0,8,5,3,6,52,22,15,9,58,60,7,1,7,1799,0,0,0,8,-15.4651286062617,52.233429394812674,50.96153846153846,62,11.196417146513115,20.689655172413794,62.5,45.45454545454545,1.4285714285714286,2,7,5,77.24291272929406,16,15,2,23,9,32,3,33,19,23,7,2,2,12,11,5,10,56,26,11,6,70,68,3,0,7,1799,0,0,0,7,15.4651286062617,57.114882506527415,52.67857142857143,87,10.251903925014645,32.142857142857146,91.66666666666667,57.69230769230769,2.142857142857143,2,7,14,77.24291272929406
S43G01N130,2023-2024,20231231,away,70,10,2,19,6,25,1,28,13,24,9,0,0,8,5,3,6,52,22,15,9,58,60,7,1,7,1799,0,0,0,8,-15.4651286062617,52.233429394812674,50.96153846153846,62,11.196417146513115,20.689655172413794,62.5,45.45454545454545,1.4285714285714286,2,7,5,77.24291272929406,16,15,2,23,9,32,3,33,19,23,7,2,2,12,11,5,10,56,26,11,6,70,68,3,0,7,1799,0,0,0,7,15.4651286062617,57.114882506527415,52.67857142857143,87,10.251903925014645,32.142857142857146,91.66666666666667,57.69230769230769,2.142857142857143,2,7,14,77.24291272929406
S43G01N130,2023-2024,20231231,away,70,10,2,19,6,25,1,28,13,24,9,0,0,8,5,3,6,52,22,15,9,58,60,7,1,7,1800,0,0,0,8,-15.4651286062617,52.233429394812674,50.96153846153846,62,11.196417146513115,20.689655172413794,62.5,45.45454545454545,1.4285714285714286,2,7,5,77.2,16,15,2,23,9,32,3,33,19,23,7,2,2,12,11,5,10,56,26,11,6,70,68,3,0,7,1800,0,0,0,7,15.4651286062617,57.114882506527415,52.67857142857143,87,10.251903925014645,32.142857142857146,91.66666666666667,57.69230769230769,2.142857142857143,2,7,14,77.2
S43G01N130,2023-2024,20231231,away,70,10,2,19,6,25,1,28,13,24,9,0,0,8,5,3,6,52,22,15,9,58,60,7,1,7,1800,0,0,0,8,-15.4651286062617,52.233429394812674,50.96153846153846,62,11.196417146513115,20.689655172413794,62.5,45.45454545454545,1.4285714285714286,2,7,5,77.2,16,15,2,23,9,32,3,33,19,23,7,2,2,12,11,5,10,56,26,11,6,70,68,3,0,7,1800,0,0,0,7,15.4651286062617,57.114882506527415,52.67857142857143,87,10.251903925014645,32.142857142857146,91.66666666666667,57.69230769230769,2.142857142857143,2,7,14,77.2
S43G01N130,2023-2024,20231231,away,70,10,2,19,6,25,1,28,13,24,9,0,0,8,5,3,6,52,22,15,9,58,60,7,1,7,1800,0,0,0,8,-15.4651286062617,52.233429394812674,50.96153846153846,62,11.196417146513115,20.689655172413794,62.5,45.45454545454545,1.4285714285714286,2,7,5,77.2,16,15,2,23,9,32,3,33,19,23,7,2,2,12,11,5,10,56,26,11,6,70,68,3,0,7,1800,0,0,0,7,15.4651286062617,57.114882506527415,52.67857142857143,87,10.251903925014645,32.142857142857146,91.66666666666667,57.69230769230769,2.142857142857143,2,7,14,77.2
S43G01N130,2023-2024,20231231,away,70,10,2,19,6,25,1,28,13,24,9,0,0,8,5,3,6,52,22,15,9,58,60,7,1,7,1800,0,0,0,8,-15.4651286062617,52.233429394812674,50.96153846153846,62,11.196417146513115,20.689655172413794,62.5,45.45454545454545,1.4285714285714286,2,7,5,77.2,16,15,2,23,9,32,3,33,19,23,7,2,2,12,11,5,10,56,26,11,6,70,68,3,0,7,1800,0,0,0,7,15.4651286062617,57.114882506527415,52.67857142857143,87,10.251903925014645,32.142857142857146,91.66666666666667,57.69230769230769,2.142857142857143,2,7,14,77.2
S43G01N130,2023-2024,20231231,away,70,10,2,19,6,25,1,28,13,24,9,0,0,8,5,3,6,52,22,15,9,58,60,7,1,7,1800,0,0,0,8,-15.4651286062617,52.233429394812674,50.96153846153846,62,11.196417146513115,20.689655172413794,62.5,45.45454545454545,1.4285714285714286,2,7,5,77.2,16,15,2,23,9,32,3,33,19,23,7,2,2,12,11,5,10,56,26,11,6,70,68,3,0,7,1800,0,0,0,7,15.4651286062617,57.114882506527415,52.67857142857143,87,10.251903925014645,32.142857142857146,91.66666666666667,57.69230769230769,2.142857142857143,2,7,14,77.2
S43G01N130,2023-2024,20231231,away,70,10,2,19,6,25,1,28,13,24,9,0,0,8,5,3,6,52,22,15,9,58,60,7,1,7,1800,0,0,0,8,-15.4651286062617,52.233429394812674,50.96153846153846,62,11.196417146513115,20.689655172413794,62.5,45.45454545454545,1.4285714285714286,2,7,5,77.2,16,15,2,23,9,32,3,33,19,23,7,2,2,12,11,5,10,56,26,11,6,70,68,3,0,7,1800,0,0,0,7,15.4651286062617,57.114882506527415,52.67857142857143,87,10.251903925014645,32.142857142857146,91.66666666666667,57.69230769230769,2.142857142857143,2,7,14,77.2
S43G01N130,2023-2024,20231231,away,70,10,2,19,6,25,1,28,13,24,9,0,0,8,5,3,6,52,22,15,9,58,60,7,1,7,1800,0,0,0,8,-15.4651286062617,52.233429394812674,50.96153846153846,62,11.196417146513115,20.689655172413794,62.5,45.45454545454545,1.4285714285714286,2,7,5,77.2,16,15,2,23,9,32,3,33,19,23,7,2,2,12,11,5,10,56,26,11,6,70,68,3,0,7,1800,0,0,0,7,15.4651286062617,57.114882506527415,52.67857142857143,87,10.251903925014645,32.142857142857146,91.66666666666667,57.69230769230769,2.142857142857143,2,7,14,77.2
S43G01N130,2023-2024,20231231,away,70,10,2,19,6,25,1,28,13,24,9,0,0,8,5,3,6,52,22,15,9,58,60,7,1,7,1800,0,0,0,8,-15.4651286062617,52.233429394812674,50.96153846153846,62,11.196417146513115,20.689655172413794,62.5,45.45454545454545,1.4285714285714286,2,7,5,77.2,16,15,2,23,9,32,3,33,19,23,7,2,2,12,11,5,10,56,26,11,6,70,68,3,0,7,1800,0,0,0,7,15.4651286062617,57.114882506527415,52.67857142857143,87,10.251903925014645,32.142857142857146,91.66666666666667,57.69230769230769,2.142857142857143,2,7,14,77.2
S43G01N130,2023-2024,20231231,away,70,10,2,19,6,25,1,28,13,24,9,0,0,8,5,3,6,52,22,15,9,58,60,7,1,7,1800,0,0,0,8,-15.4651286062617,52.233429394812674,50.96153846153846,62,11.196417146513115,20.689655172413794,62.5,45.45454545454545,1.4285714285714286,2,7,5,77.2,16,15,2,23,9,32,3,33,19,23,7,2,2,12,11,5,10,56,26,11,6,70,68,3,0,7,1800,0,0,0,7,15.4651286062617,57.114882506527415,52.67857142857143,87,10.251903925014645,32.142857142857146,91.66666666666667,57.69230769230769,2.142857142857143,2,7,14,77.2
S43G01N130,2023-2024,20231231,away,70,10,2,19,6,25,1,28,13,24,9,0,0,8,5,3,6,52,22,15,9,58,60,7,1,7,1800,0,0,0,8,-15.4651286062617,52.233429394812674,50.96153846153846,62,11.196417146513115,20.689655172413794,62.5,45.45454545454545,1.4285714285714286,2,7,5,77.2,16,15,2,23,9,32,3,33,19,23,7,2,2,12,11,5,10,56,26,11,6,70,68,3,0,7,1800,0,0,0,7,15.4651286062617,57.114882506527415,52.67857142857143,87,10.251903925014645,32.142857142857146,91.66666666666667,57.69230769230769,2.142857142857143,2,7,14,77.2
S43G01N130,2023-2024,20231231,away,70,10,2,19,6,25,1,28,13,24,9,0,0,8,5,3,6,52,22,15,9,58,60,7,1,7,1800,0,0,0,8,-15.4651286062617,52.233429394812674,50.96153846153846,62,11.196417146513115,20.689655172413794,62.5,45.45454545454545,1.4285714285714286,2,7,5,77.2,16,15,2,23,9,32,3,33,19,23,7,2,2,12,11,5,10,56,26,11,6,70,68,3,0,7,1800,0,0,0,7,15.4651286062617,57.114882506527415,52.67857142857143,87,10.251903925014645,32.142857142857146,91.66666666666667,57.69230769230769,2.142857142857143,2,7,14,77.2
S43G01N130,2023-2024,20231231,away,70,10,2,19,6,25,1,28,13,24,9,0,0,8,5,3,6,52,22,15,9,58,60,7,1,7,1800,0,0,0,8,-15.4651286062617,52.233429394812674,50.96153846153846,62,11.196417146513115,20.689655172413794,62.5,45.45454545454545,1.4285714285714286,2,7,5,77.2,16,15,2,23,9,32,3,33,19,23,7,2,2,12,11,5,10,56,26,11,6,70,68,3,0,7,1800,0,0,0,7,15.4651286062617,57.114882506527415,52.67857142857143,87,10.251903925014645,32.142857142857146,91.66666666666667,57.69230769230769,2.142857142857143,2,7,14,77.2
S43G01N130,2023-2024,20231231,away,70,10,2,19,6,25,1,28,13,24,9,0,0,8,5,3,6,52,22,15,9,58,60,7,1,7,1800,0,0,0,8,-15.4651286062617,52.233429394812674,50.96153846153846,62,11.196417146513115,20.689655172413794,62.5,45.45454545454545,1.4285714285714286,2,7,5,77.2,16,15,2,23,9,32,3,33,19,23,7,2,2,12,11,5,10,56,26,11,6,70,68,3,0,7,1800,0,0,0,7,15.4651286062617,57.114882506527415,52.67857142857143,87,10.251903925014645,32.142857142857146,91.66666666666667,57.69230769230769,2.142857142857143,2,7,14,77.2
S43G01N130,2023-2024,20231231,away,70,10,2,19,6,25,1,28,13,24,9,0,0,8,5,3,6,52,22,15,9,58,60,7,1,7,1800,0,0,0,8,-15.4651286062617,52.233429394812674,50.96153846153846,62,11.196417146513115,20.689655172413794,62.5,45.45454545454545,1.4285714285714286,2,7,5,77.2,16,15,2,23,9,32,3,33,19,23,7,2,2,12,11,5,10,56,26,11,6,70,68,3,0,7,1800,0,0,0,7,15.4651286062617,57.114882506527415,52.67857142857143,87,10.251903925014645,32.142857142857146,91.66666666666667,57.69230769230769,2.142857142857143,2,7,14,77.2
S43G01N130,2023-2024,20231231,away,70,10,2,19,6,25,1,28,13,24,9,0,0,8,5,3,6,52,22,15,9,58,60,7,1,7,1800,0,0,0,8,-15.4651286062617,52.233429394812674,50.96153846153846,62,11.196417146513115,20.689655172413794,62.5,45.45454545454545,1.4285714285714286,2,7,5,77.2,16,15,2,23,9,32,3,33,19,23,7,2,2,12,11,5,10,56,26,11,6,70,68,3,0,7,1800,0,0,0,7,15.4651286062617,57.114882506527415,52.67857142857143,87,10.251903925014645,32.142857142857146,91.66666666666667,57.69230769230769,2.142857142857143,2,7,14,77.2
S43G01N130,2023-2024,20231231,away,70,10,2,19,6,25,1,28,13,24,9,0,0,8,5,3,6,52,22,15,9,58,60,7,1,7,1800,0,0,0,8,-15.4651286062617,52.233429394812674,50.96153846153846,62,11.196417146513115,20.689655172413794,62.5,45.45454545454545,1.4285714285714286,2,7,5,77.2,16,15,2,23,9,32,3,33,19,23,7,2,2,12,11,5,10,56,26,11,6,70,68,3,0,7,1800,0,0,0,7,15.4651286062617,57.114882506527415,52.67857142857143,87,10.251903925014645,32.142857142857146,91.66666666666667,57.69230769230769,2.142857142857143,2,7,14,77.2
S43G01N130,2023-2024,20231231,away,70,10,2,19,6,25,1,28,13,24,9,0,0,8,5,3,6,52,22,15,9,58,60,7,1,7,1800,0,0,0,8,-15.4651286062617,52.233429394812674,50.96153846153846,62,11.196417146513115,20.689655172413794,62.5,45.45454545454545,1.4285714285714286,2,7,5,77.2,16,15,2,23,9,32,3,33,19,23,7,2,2,12,11,5,10,56,26,11,6,70,68,3,0,7,1800,0,0,0,7,15.4651286062617,57.114882506527415,52.67857142857143,87,10.251903925014645,32.142857142857146,91.66666666666667,57.69230769230769,2.142857142857143,2,7,14,77.2
S43G01N130,2023-2024,20231231,away,70,10,2,19,6,25,1,28,13,24,9,0,0,8,5,3,6,52,22,15,9,58,60,7,1,7,1800,0,0,0,8,-15.4651286062617,52.233429394812674,50.96153846153846,62,11.196417146513115,20.689655172413794,62.5,45.45454545454545,1.4285714285714286,2,7,5,77.2,16,15,2,23,9,32,3,33,19,23,7,2,2,12,11,5,10,56,26,11,6,70,68,3,0,7,1800,0,0,0,7,15.4651286062617,57.114882506527415,52.67857142857143,87,10.251903925014645,32.142857142857146,91.66666666666667,57.69230769230769,2.142857142857143,2,7,14,77.2
S43G01N130,2023-2024,20231231,away,70,10,2,19,6,25,1,28,13,24,9,0,0,8,5,3,6,52,22,15,9,58,60,7,1,7,1800,0,0,0,8,-15.4651286062617,52.233429394812674,50.96153846153846,62,11.196417146513115,20.689655172413794,62.5,45.45454545454545,1.4285714285714286,2,7,5,77.2,16,15,2,23,9,32,3,33,19,23,7,2,2,12,11,5,10,56,26,11,6,70,68,3,0,7,1800,0,0,0,7,15.4651286062617,57.114882506527415,52.67857142857143,87,10.251903925014645,32.142857142857146,91.66666666666667,57.69230769230769,2.142857142857143,2,7,14,77.2
S43G01N130,2023-2024,20231231,away,70,10,2,19,6,25,1,28,13,24,9,0,0,8,5,3,6,52,22,15,9,58,60,7,1,7,1800,0,0,0,8,-15.4651286062617,52.233429394812674,50.96153846153846,62,11.196417146513115,20.689655172413794,62.5,45.45454545454545,1.4285714285714286,2,7,5,77.2,16,15,2,23,9,32,3,33,19,23,7,2,2,12,11,5,10,56,26,11,6,70,68,3,0,7,1800,0,0,0,7,15.4651286062617,57.114882506527415,52.67857142857143,87,10.251903925014645,32.142857142857146,91.66666666666667,57.69230769230769,2.142857142857143,2,7,14,77.2
S43G01N130,2023-2024,20231231,away,70,10,2,19,6,25,1,28,13,24,9,0,0,8,5,3,6,52,22,15,9,58,60,7,1,7,1800,0,0,0,8,-15.4651286062617,52.233429394812674,50.96153846153846,62,11.196417146513115,20.689655172413794,62.5,45.45454545454545,1.4285714285714286,2,7,5,77.2,16,15,2,23,9,32,3,33,19,23,7,2,2,12,11,5,10,56,26,11,6,70,68,3,0,7,1800,0,0,0,7,15.4651286062617,57.114882506527415,52.67857142857143,87,10.251903925014645,32.142857142857146,91.66666666666667,57.69230769230769,2.142857142857143,2,7,14,77.2
S43G01N130,2023-2024,20231231,away,70,10,2,19,6,25,1,28,13,24,9,0,0,8,5,3,6,52,22,15,9,58,60,7,1,7,1800,0,0,0,8,-15.4651286062617,52.233429394812674,50.96153846153846,62,11.196417146513115,20.689655172413794,62.5,45.45454545454545,1.4285714285714286,2,7,5,77.2,16,15,2,23,9,32,3,33,19,23,7,2,2,12,11,5,10,56,26,11,6,70,68,3,0,7,1800,0,0,0,7,15.4651286062617,57.114882506527415,52.67857142857143,87,10.251903925014645,32.142857142857146,91.66666666666667,57.69230769230769,2.142857142857143,2,7,14,77.2
S43G01N130,2023-2024,20231231,away,70,10,2,19,6,25,1,28,13,24,9,0,0,8,5,3,6,52,22,15,9,58,60,7,1,7,1800,0,0,0,8,-15.4651286062617,52.233429394812674,50.96153846153846,62,11.196417146513115,20.689655172413794,62.5,45.45454545454545,1.4285714285714286,2,7,5,77.2,16,15,2,23,9,32,3,33,19,23,7,2,2,12,11,5,10,56,26,11,6,70,68,3,0,7,1800,0,0,0,7,15.4651286062617,57.114882506527415,52.67857142857143,87,10.251903925014645,32.142857142857146,91.66666666666667,57.69230769230769,2.142857142857143,2,7,14,77.2
S43G01N130,2023-2024,20231231,away,70,10,2,19,6,25,1,28,13,24,9,0,0,8,5,3,6,52,22,15,9,58,60,7,1,7,1800,0,0,0,8,-15.4651286062617,52.233429394812674,50.96153846153846,62,11.196417146513115,20.689655172413794,62.5,45.45454545454545,1.4285714285714286,2,7,5,77.2,16,15,2,23,9,32,3,33,19,23,7,2,2,12,11,5,10,56,26,11,6,70,68,3,0,7,1800,0,0,0,7,15.4651286062617,57.114882506527415,52.67857142857143,87,10.251903925014645,32.142857142857146,91.66666666666667,57.69230769230769,2.142857142857143,2,7,14,77.2
S43G01N130,2023-2024,20231231,away,70,10,2,19,6,25,1,28,13,24,9,0,0,8,5,3,6,52,22,15,9,58,60,7,1,7,1800,0,0,0,8,-15.4651286062617,52.233429394812674,50.96153846153846,62,11.196417146513115,20.689655172413794,62.5,45.45454545454545,1.4285714285714286,2,7,5,77.2,16,15,2,23,9,32,3,33,19,23,7,2,2,12,11,5,10,56,26,11,6,70,68,3,0,7,1800,0,0,0,7,15.4651286062617,57.114882506527415,52.67857142857143,87,10.251903925014645,32.142857142857146,91.66666666666667,57.69230769230769,2.142857142857143,2,7,14,77.2
S43G01N130,2023-2024,20231231,away,70,10,2,19,6,25,1,28,13,24,9,0,0,8,5,3,6,52,22,15,9,58,60,7,1,7,1800,0,0,0,8,-15.4651286062617,52.233429394812674,50.96153846153846,62,11.196417146513115,20.689655172413794,62.5,45.45454545454545,1.4285714285714286,2,7,5,77.2,16,15,2,23,9,32,3,33,19,23,7,2,2,12,11,5,10,56,26,11,6,70,68,3,0,7,1800,0,0,0,7,15.4651286062617,57.114882506527415,52.67857142857143,87,10.251903925014645,32.142857142857146,91.66666666666667,57.69230769230769,2.142857142857143,2,7,14,77.2
S43G01N130,2023-2024,20231231,away,70,10,2,19,6,25,1,28,13,24,9,0,0,8,5,3,6,52,22,15,9,58,60,7,1,7,1800,0,0,0,8,-15.4651286062617,52.233429394812674,50.96153846153846,62,11.196417146513115,20.689655172413794,62.5,45.45454545454545,1.4285714285714286,2,7,5,77.2,16,15,2,23,9,32,3,33,19,23,7,2,2,12,11,5,10,56,26,11,6,70,68,3,0,7,1800,0,0,0,7,15.4651286062617,57.114882506527415,52.67857142857143,87,10.251903925014645,32.142857142857146,91.66666666666667,57.69230769230769,2.142857142857143,2,7,14,77.2
S43G01N130,2023-2024,20231231,away,70,10,2,19,6,25,1,28,13,25,9,0,0,8,5,3,6,53,22,15,9,58,61,7,1,7,1810,0,0,0,8,-17.249178364762884,51.30927105449398,50.0,61,11.020151133501258,20.689655172413794,62.5,45.45454545454545,1.4285714285714286,2,7,5,77.4364640883978,16,15,2,23,9,32,3,33,19,23,7,2,2,12,11,5,10,56,26,11,6,70,68,3,0,7,1810,0,0,0,7,17.249178364762884,57.114882506527415,52.67857142857143,87,10.251903925014645,32.142857142857146,91.66666666666667,57.69230769230769,2.142857142857143,2,7,14,77.4364640883978
S43G01N130,2023-2024,20231231,away,70,10,2,19,7,26,1,28,13,25,9,0,0,8,5,3,6,53,22,15,9,58,61,7,1,7,1812,0,0,0,8,-15.4651286062617,51.30927105449398,50.0,62,11.020151133501258,23.333333333333332,62.5,45.45454545454545,1.4285714285714286,2,7,5,76.68874172185431,16,15,2,23,9,32,3,33,19,23,7,2,2,12,11,5,10,56,26,11,6,70,68,3,0,7,1812,0,0,0,7,15.4651286062617,57.114882506527415,52.67857142857143,87,10.251903925014645,32.142857142857146,91.66666666666667,57.69230769230769,2.142857142857143,2,7,14,76.68874172185431
S43G01N130,2023-2024,20231231,away,70,10,2,19,7,26,1,29,13,25,9,0,0,8,5,3,6,54,22,15,9,58,62,7,1,7,1813,0,0,0,8,-17.249178364762898,50.41724617524339,49.074074074074076,61,10.849349039057655,23.333333333333332,62.5,45.45454545454545,1.4285714285714286,2,7,5,77.30832873690017,16,15,2,23,9,32,3,33,19,23,7,2,2,12,11,5,10,56,26,11,6,70,68,3,0,7,1813,0,0,0,7,17.249178364762898,57.114882506527415,52.67857142857143,87,10.251903925014645,32.142857142857146,91.66666666666667,57.69230769230769,2.142857142857143,2,7,14,77.30832873690017
S43G01N130,2023-2024,20231231,away,70,10,2,19,7,26,1,29,13,25,9,0,0,8,5,3,6,54,22,15,9,58,62,7,1,7,1814,0,0,0,8,-17.249178364762898,50.41724617524339,49.074074074074076,61,10.849349039057655,23.333333333333332,62.5,45.45454545454545,1.4285714285714286,2,7,5,77.26571113561191,16,15,3,23,9,32,3,33,19,23,7,2,2,12,11,5,10,56,26,11,6,70,68,3,0,7,1814,0,0,0,7,17.249178364762898,57.114882506527415,52.67857142857143,88,10.251903925014645,32.142857142857146,91.66666666666667,57.69230769230769,2.142857142857143,2,7,14,77.26571113561191
S43G01N130,2023-2024,20231231,away,70,10,2,19,7,26,1,29,13,25,9,0,0,8,5,3,6,54,22,15,9,58,62,7,1,7,1815,0,0,0,8,-17.249178364762898,50.41724617524339,49.074074074074076,61,10.849349039057655,22.580645161290324,62.5,45.45454545454545,1.4285714285714286,2,7,5,77.22314049586778,16,15,3,24,9,33,3,33,19,23,7,2,2,12,11,5,10,56,26,11,6,70,68,3,0,7,1815,0,0,0,7,17.249178364762898,57.114882506527415,52.67857142857143,89,10.251903925014645,32.142857142857146,91.66666666666667,57.69230769230769,2.142857142857143,2,7,14,77.22314049586778
S43G01N130,2023-2024,20231231,away,70,10,2,19,7,26,1,29,13,25,9,0,0,8,5,3,6,54,22,15,9,58,62,7,1,7,1819,0,0,0,8,-18.608108843939235,50.41724617524339,49.074074074074076,61,10.849349039057655,22.580645161290324,62.5,45.45454545454545,1.4285714285714286,2,7,5,77.71302913688841,16,15,3,24,9,33,3,34,20,23,7,2,2,12,11,5,10,57,27,11,6,72,69,3,0,7,1819,0,0,0,7,18.608108843939235,57.80346820809248,53.50877192982456,91,10.103926096997691,32.142857142857146,91.66666666666667,55.55555555555556,2.142857142857143,2,7,14,77.71302913688841
S43G01N130,2023-2024,20231231,away,70,10,2,19,7,26,1,29,13,26,10,0,0,8,5,3,6,55,23,15,9,61,63,7,1,7,1835,0,0,0,8,-15.204733798663895,52.11893369788106,50.90909090909091,64,10.683760683760681,22.580645161290324,62.5,43.47826086956522,1.4285714285714286,3,7,5,77.68937329700273,16,15,3,24,9,33,3,34,20,23,7,2,2,12,11,5,10,57,27,11,6,72,69,3,0,7,1835,0,0,0,7,15.204733798663895,57.80346820809248,53.50877192982456,91,10.103926096997691,32.142857142857146,91.66666666666667,55.55555555555556,2.142857142857143,3,7,14,77.68937329700273
S43G01N130,2023-2024,20231231,away,70,10,2,19,7,26,1,29,13,26,10,0,0,8,5,3,6,55,23,15,9,61,63,7,1,7,1855,0,0,0,8,-16.519312760895858,52.11893369788106,50.90909090909091,64,10.683760683760681,22.580645161290324,62.5,43.47826086956522,1.4285714285714286,2,7,5,77.49865229110512,16,15,3,24,9,33,3,35,21,23,7,2,2,12,11,5,10,58,28,11,6,74,70,3,0,7,1855,0,0,0,7,16.519312760895858,58.470290771175726,54.310344827586206,93,9.9601593625498,32.142857142857146,91.66666666666667,53.57142857142857,2.142857142857143,2,7,14,77.49865229110512
S43G01N130,2023-2024,20231231,away,70,10,2,19,7,26,1,29,13,26,10,0,0,8,5,3,6,55,23,15,9,61,63,7,1,7,1855,0,0,0,8,-16.519312760895858,52.11893369788106,50.90909090909091,64,10.683760683760681,22.580645161290324,62.5,43.47826086956522,1.4285714285714286,2,7,5,77.49865229110512,16,16,3,24,9,33,3,35,21,23,7,2,2,12,11,5,10,58,28,11,6,74,70,3,0,7,1855,0,0,0,7,16.519312760895858,58.470290771175726,54.310344827586206,94,9.9601593625498,32.142857142857146,91.66666666666667,57.142857142857146,2.2857142857142856,2,7,14,77.49865229110512
S43G01N130,2023-2024,20231231,away,70,10,2,19,7,26,1,30,13,26,10,0,0,8,5,3,6,56,23,15,9,61,64,7,1,7,1869,0,0,0,8,-18.270621016873037,51.24327956989247,50.0,63,10.523150932050509,22.580645161290324,62.5,43.47826086956522,1.4285714285714286,2,7,5,77.5601926163724,16,16,3,24,9,33,3,35,21,23,7,2,2,12,11,5,10,58,28,11,6,74,70,3,0,7,1869,0,0,0,7,18.270621016873037,58.470290771175726,54.310344827586206,94,9.9601593625498,32.142857142857146,91.66666666666667,57.142857142857146,2.2857142857142856,2,7,14,77.5601926163724
S43G01N130,2023-2024,20231231,away,70,10,2,19,7,26,1,30,13,26,10,0,0,8,5,3,6,56,23,15,9,61,64,7,1,7,1870,0,0,0,8,-18.270621016873037,51.24327956989247,50.0,63,10.523150932050509,22.580645161290324,62.5,43.47826086956522,1.4285714285714286,2,7,5,77.51871657754012,16,16,4,24,9,33,3,35,21,23,7,2,2,12,11,5,10,58,28,11,6,74,70,3,0,7,1870,0,0,0,7,18.270621016873037,58.470290771175726,54.310344827586206,95,9.9601593625498,32.142857142857146,91.66666666666667,57.142857142857146,2.2857142857142856,2,7,14,77.51871657754012
S43G01N130,2023-2024,20231231,away,70,10,2,19,7,26,1,30,13,26,10,0,0,8,5,3,6,56,23,15,9,61,64,7,1,7,1871,0,0,0,8,-18.270621016873037,51.24327956989247,50.0,63,10.523150932050509,21.875,62.5,43.47826086956522,1.4285714285714286,2,7,5,77.47728487439872,16,16,4,25,9,34,3,35,21,23,7,2,2,12,11,5,10,58,28,11,6,74,70,3,0,7,1871,0,0,0,7,18.270621016873037,58.470290771175726,54.310344827586206,96,9.9601593625498,32.142857142857146,91.66666666666667,57.142857142857146,2.2857142857142856,2,7,14,77.47728487439872
S43G01N130,2023-2024,20231231,away,70,10,2,19,7,26,1,30,13,26,10,0,0,8,5,3,6,56,23,15,9,61,64,7,1,7,1876,0,0,0,8,-19.54298485507698,51.24327956989247,50.0,63,10.523150932050509,21.875,62.5,43.47826086956522,1.4285714285714286,4,7,5,77.91044776119404,16,16,4,25,9,34,3,36,22,23,7,2,2,12,11,5,10,59,29,11,6,76,71,3,0,7,1876,0,0,0,7,19.54298485507698,59.11636589919104,55.08474576271186,98,9.820426487093153,32.142857142857146,91.66666666666667,55.172413793103445,2.2857142857142856,4,7,15,77.91044776119404
S43G01N130,2023-2024,20231231,away,70,10,2,19,7,26,1,30,13,26,10,0,0,8,5,3,6,56,23,15,9,61,64,7,1,7,1876,0,0,0,8,-19.54298485507698,51.24327956989247,50.0,63,10.523150932050509,21.875,62.5,43.47826086956522,1.4285714285714286,4,7,5,77.91044776119404,16,17,4,25,9,34,3,36,22,23,7,2,2,12,11,5,10,59,29,11,6,76,71,3,0,7,1876,0,0,0,7,19.54298485507698,59.11636589919104,55.08474576271186,99,9.820426487093153,32.142857142857146,91.66666666666667,58.62068965517241,2.4285714285714284,4,7,15,77.91044776119404
S43G01N130,2023-2024,20231231,away,70,10,2,19,7,26,1,30,13,26,10,0,0,8,5,3,6,56,23,15,9,61,64,7,1,7,1876,0,0,0,8,-19.54298485507698,51.24327956989247,50.0,63,10.523150932050509,21.875,62.5,43.47826086956522,1.4285714285714286,4,7,5,77.91044776119404,16,17,4,25,9,34,3,36,22,23,7,2,2,12,11,5,10,59,29,11,6,76,71,3,0,7,1876,0,0,0,7,19.54298485507698,59.11636589919104,55.08474576271186,99,9.820426487093153,32.142857142857146,91.66666666666667,58.62068965517241,2.4285714285714284,4,7,15,77.91044776119404
S43G01N130,2023-2024,20231231,away,70,10,2,19,7,26,1,30,13,26,10,0,0,8,5,3,6,56,23,15,9,61,64,7,1,7,1876,0,0,0,8,-19.54298485507698,51.24327956989247,50.0,63,10.523150932050509,21.875,62.5,43.47826086956522,1.4285714285714286,4,7,5,77.91044776119404,16,17,4,25,9,34,3,36,22,23,7,2,2,12,11,5,10,59,29,11,6,76,71,3,0,7,1876,0,0,0,7,19.54298485507698,59.11636589919104,55.08474576271186,99,9.820426487093153,32.142857142857146,91.66666666666667,58.62068965517241,2.4285714285714284,4,7,15,77.91044776119404
S43G01N130,2023-2024,20231231,away,70,10,2,19,7,26,1,30,13,26,10,0,0,8,5,3,6,56,23,15,9,61,64,7,1,7,1876,0,0,0,8,-19.54298485507698,51.24327956989247,50.0,63,10.523150932050509,21.875,62.5,43.47826086956522,1.4285714285714286,4,7,5,77.91044776119404,16,17,4,25,9,34,3,36,22,23,7,2,2,12,11,5,10,59,29,11,6,76,71,3,0,7,1876,0,0,0,7,19.54298485507698,59.11636589919104,55.08474576271186,99,9.820426487093153,32.142857142857146,91.66666666666667,58.62068965517241,2.4285714285714284,4,7,15,77.91044776119404
S43G01N130,2023-2024,20231231,away,70,10,2,19,7,26,1,31,13,26,10,0,0,8,5,3,6,57,23,15,9,61,65,7,1,7,1899,0,0,0,8,-21.236417755602176,50.396563119629874,49.12280701754386,62,10.367298578199051,21.875,62.5,43.47826086956522,1.4285714285714286,4,7,5,77.59873617693523,16,17,4,25,9,34,3,36,22,23,7,2,2,12,11,5,10,59,29,11,6,76,71,3,0,7,1899,0,0,0,7,21.236417755602176,59.11636589919104,55.08474576271186,99,9.820426487093153,32.142857142857146,91.66666666666667,58.62068965517241,2.4285714285714284,4,7,15,77.59873617693523
S43G01N130,2023-2024,20231231,away,70,10,2,19,7,26,1,31,13,26,10,0,0,8,5,3,6,57,23,15,9,61,65,7,1,7,1900,0,0,0,8,-21.236417755602176,50.396563119629874,49.12280701754386,62,10.367298578199051,21.21212121212121,62.5,43.47826086956522,1.4285714285714286,4,7,5,77.5578947368421,16,17,4,26,9,35,3,36,22,23,7,2,2,12,11,5,10,59,29,11,6,76,71,3,0,7,1900,0,0,0,7,21.236417755602176,59.11636589919104,55.08474576271186,100,9.820426487093153,32.142857142857146,91.66666666666667,58.62068965517241,2.4285714285714284,4,7,15,77.5578947368421
S43G01N130,2023-2024,20231231,away,70,10,2,19,7,26,1,31,13,26,10,0,0,8,5,3,6,57,23,15,9,61,65,7,1,7,1917,0,0,0,8,-19.30801156099311,50.396563119629874,49.12280701754386,62,10.367298578199051,21.21212121212121,62.5,43.47826086956522,1.4285714285714286,4,7,5,77.49608763693271,16,17,4,26,9,35,3,37,22,23,7,2,2,12,11,5,10,60,29,11,6,76,72,3,0,7,1917,0,0,0,7,19.30801156099311,58.21078431372549,54.166666666666664,99,9.684560044272274,32.142857142857146,91.66666666666667,58.62068965517241,2.4285714285714284,4,7,15,77.49608763693271
S43G01N130,2023-2024,20231231,away,70,10,2,20,7,27,1,31,13,26,10,0,0,8,5,3,6,57,23,15,9,61,65,7,1,7,1919,0,0,0,8,-19.30801156099311,50.396563119629874,49.12280701754386,63,10.367298578199051,21.21212121212121,62.5,43.47826086956522,1.4285714285714286,4,7,5,77.41532047941637,16,17,4,26,9,35,3,37,22,23,7,2,2,12,11,5,10,60,29,11,6,76,72,3,0,7,1919,0,0,0,7,19.30801156099311,58.21078431372549,54.166666666666664,99,9.684560044272274,31.03448275862069,91.66666666666667,58.62068965517241,2.4285714285714284,4,7,15,77.41532047941637
S43G01N130,2023-2024,20231231,away,70,10,2,20,7,27,1,31,13,27,11,0,0,8,5,3,6,58,24,15,9,64,66,7,1,7,1925,0,0,0,8,-16.06992843744402,52.01560468140442,50.86206896551724,66,10.215995329830704,21.21212121212121,62.5,41.666666666666664,1.4285714285714286,3,7,5,77.79740259740261,16,17,4,26,9,35,3,37,22,23,7,2,2,12,11,5,10,60,29,11,6,76,72,3,0,7,1925,0,0,0,7,16.06992843744402,58.21078431372549,54.166666666666664,99,9.684560044272274,31.03448275862069,91.66666666666667,58.62068965517241,2.4285714285714284,3,7,15,77.79740259740261
S43G01N130,2023-2024,20231231,away,70,11,2,20,7,27,1,31,13,27,11,0,0,8,5,3,6,58,24,15,9,64,66,7,1,7,1925,0,0,0,8,-16.06992843744402,52.01560468140442,50.86206896551724,67,10.215995329830704,21.21212121212121,62.5,45.833333333333336,1.5714285714285714,3,7,5,77.79740259740261,16,17,4,26,9,35,3,37,22,23,7,2,2,12,11,5,10,60,29,11,6,76,72,3,0,7,1925,0,0,0,7,16.06992843744402,58.21078431372549,54.166666666666664,99,9.684560044272274,31.03448275862069,91.66666666666667,58.62068965517241,2.4285714285714284,3,7,15,77.79740259740261
S43G01N130,2023-2024,20231231,away,70,11,2,20,7,27,1,31,13,27,11,0,0,8,5,4,9,58,24,15,9,64,66,7,1,7,1926,0,0,0,8,-16.06992843744402,52.01560468140442,50.86206896551724,67,10.215995329830704,21.21212121212121,62.5,45.833333333333336,1.5714285714285714,3,7,5,77.7570093457944,16,17,4,26,9,35,3,37,22,23,7,2,2,12,11,5,10,60,29,11,6,76,72,3,0,7,1926,0,0,0,7,16.06992843744402,58.21078431372549,54.166666666666664,99,9.684560044272274,31.03448275862069,91.66666666666667,58.62068965517241,2.4285714285714284,3,7,15,77.7570093457944
S43G01N130,2023-2024,20231231,away,70,11,2,20,7,27,1,31,13,27,11,0,0,8,5,4,9,58,24,15,9,64,66,7,1,7,1945,0,0,0,8,-18.868603953930446,52.01560468140442,50.86206896551724,67,10.215995329830704,21.21212121212121,62.5,45.833333333333336,1.5714285714285714,3,7,5,77.61439588688947,16,17,4,26,9,35,3,37,22,24,8,2,2,12,11,5,10,61,30,11,6,79,73,3,0,7,1945,0,0,0,7,18.868603953930446,59.5956547978274,55.73770491803279,102,9.552401746724891,31.03448275862069,91.66666666666667,56.666666666666664,2.4285714285714284,3,7,15,77.61439588688947
S43G01N130,2023-2024,20231231,away,70,11,2,20,7,27,1,31,13,28,12,0,0,8,5,4,9,59,25,15,9,67,67,7,1,7,1961,0,0,0,8,-15.73410634297089,53.5828534868842,52.54237288135593,70,10.06904487917146,21.21212121212121,62.5,44.0,1.5714285714285714,3,7,5,77.5930647628761,16,17,4,26,9,35,3,37,22,24,8,2,2,12,11,5,10,61,30,11,6,79,73,3,0,7,1961,0,0,0,7,15.73410634297089,59.5956547978274,55.73770491803279,102,9.552401746724891,31.03448275862069,91.66666666666667,56.666666666666664,2.4285714285714284,3,7,15,77.5930647628761
S43G01N130,2023-2024,20231231,away,70,12,2,20,7,27,1,31,13,28,12,0,0,8,5,4,9,59,25,15,9,67,67,7,1,7,1961,0,0,0,8,-15.73410634297089,53.5828534868842,52.54237288135593,71,10.06904487917146,21.21212121212121,62.5,48.0,1.7142857142857142,3,7,5,77.5930647628761,16,17,4,26,9,35,3,37,22,24,8,2,2,12,11,5,10,61,30,11,6,79,73,3,0,7,1961,0,0,0,7,15.73410634297089,59.5956547978274,55.73770491803279,102,9.552401746724891,31.03448275862069,91.66666666666667,56.666666666666664,2.4285714285714284,3,7,15,77.5930647628761
S43G01N130,2023-2024,20231231,away,70,12,2,20,7,27,1,31,13,28,12,0,0,8,5,4,9,59,25,16,10,67,67,7,1,7,1977,0,0,0,8,-15.73410634297089,53.5828534868842,52.54237288135593,71,10.06904487917146,21.21212121212121,62.5,48.0,1.7142857142857142,3,7,5,76.96509863429439,16,17,4,26,9,35,3,37,22,24,8,2,2,12,11,5,10,61,30,11,6,79,73,3,0,7,1977,0,0,0,7,15.73410634297089,59.5956547978274,55.73770491803279,102,9.552401746724891,31.03448275862069,91.66666666666667,56.666666666666664,2.4285714285714284,3,7,15,76.96509863429439
S43G01N130,2023-2024,20231231,away,70,12,2,20,7,27,1,31,13,28,12,0,0,8,5,4,9,59,25,16,10,67,67,7,1,7,1977,0,0,0,8,-15.73410634297089,53.5828534868842,52.54237288135593,71,10.06904487917146,21.21212121212121,62.5,48.0,1.7142857142857142,3,7,5,76.96509863429439,16,17,4,26,9,35,3,37,22,24,8,2,2,12,11,5,10,61,30,11,6,79,73,3,0,7,1977,0,0,0,7,15.73410634297089,59.5956547978274,55.73770491803279,102,9.552401746724891,31.03448275862069,91.66666666666667,56.666666666666664,2.4285714285714284,3,7,15,76.96509863429439
S43G01N130,2023-2024,20231231,away,70,12,2,20,7,27,1,31,13,28,12,0,0,8,5,4,9,59,25,16,10,67,67,7,1,7,1982,0,0,0,8,-13.851449888976717,53.5828534868842,52.54237288135593,71,10.06904487917146,21.21212121212121,62.5,48.0,1.7142857142857142,3,7,5,77.37638748738648,16,17,4,26,9,35,3,37,22,25,8,2,2,12,11,5,10,62,30,11,6,79,74,3,0,7,1982,0,0,0,7,13.851449888976717,58.70986920332937,54.83870967741935,101,9.42380183091007,31.03448275862069,91.66666666666667,56.666666666666664,2.4285714285714284,3,7,15,77.37638748738648
S43G01N130,2023-2024,20231231,away,70,12,2,20,7,27,1,31,13,28,12,0,0,8,5,4,9,59,25,16,10,67,67,7,1,7,1982,0,0,0,8,-13.851449888976717,53.5828534868842,52.54237288135593,71,10.06904487917146,21.21212121212121,62.5,48.0,1.7142857142857142,3,7,5,77.37638748738648,16,17,4,26,9,35,4,37,22,25,8,2,2,12,11,5,10,62,30,11,6,79,74,3,0,7,1982,0,0,0,7,13.851449888976717,58.70986920332937,54.83870967741935,102,9.42380183091007,31.03448275862069,91.66666666666667,56.666666666666664,2.4285714285714284,3,7,15,77.37638748738648
S43G01N130,2023-2024,20231231,away,70,12,2,20,7,27,1,31,13,28,12,0,0,8,5,4,9,59,25,16,10,67,67,7,1,7,1990,0,0,0,8,-12.02560262188642,53.5828534868842,52.54237288135593,71,10.06904487917146,21.21212121212121,62.5,48.0,1.7142857142857142,3,7,5,77.66834170854271,16,17,4,26,9,35,4,37,22,26,8,2,2,12,11,5,10,63,30,11,6,79,75,3,0,7,1990,0,0,0,7,12.02560262188642,57.85002929115407,53.96825396825397,101,9.298618490967057,31.03448275862069,91.66666666666667,56.666666666666664,2.4285714285714284,3,7,15,77.66834170854271
S43G01N130,2023-2024,20231231,away,70,12,2,20,7,27,1,31,13,28,12,0,0,8,5,4,9,59,25,16,10,67,67,7,1,7,1993,0,0,0,8,-13.851449888976717,53.5828534868842,52.54237288135593,71,10.06904487917146,21.21212121212121,62.5,48.0,1.7142857142857142,3,7,5,76.94932262920221,16,17,4,26,10,36,4,37,22,26,8,2,2,12,11,5,10,63,30,11,6,79,75,3,0,7,1993,0,0,0,7,13.851449888976717,57.85002929115407,53.96825396825397,102,9.298618490967057,33.333333333333336,91.66666666666667,56.666666666666664,2.4285714285714284,3,7,15,76.94932262920221
S43G01N130,2023-2024,20231231,away,70,12,2,20,7,27,1,31,13,28,12,0,0,8,5,4,9,59,25,16,10,67,67,7,1,7,1998,0,0,0,8,-12.02560262188642,53.5828534868842,52.54237288135593,71,10.06904487917146,21.21212121212121,62.5,48.0,1.7142857142857142,3,7,5,77.35735735735736,16,17,4,26,10,36,4,38,22,26,8,2,2,12,11,5,10,64,30,11,6,79,76,3,0,7,1998,0,0,0,7,12.02560262188642,57.01501154734411,53.125,101,9.176717357105401,33.333333333333336,91.66666666666667,56.666666666666664,2.4285714285714284,3,7,15,77.35735735735736
S43G01N130,2023-2024,20231231,away,70,12,3,20,7,27,1,31,13,28,12,0,0,8,5,4,9,59,25,16,10,67,67,7,1,7,1998,0,0,0,8,-12.02560262188642,53.5828534868842,52.54237288135593,72,10.06904487917146,21.21212121212121,62.5,48.0,1.7142857142857142,3,7,5,77.35735735735736,16,17,4,26,10,36,4,38,22,26,8,2,2,12,11,5,10,64,30,11,6,79,76,3,0,7,1998,0,0,0,7,12.02560262188642,57.01501154734411,53.125,101,9.176717357105401,33.333333333333336,91.66666666666667,56.666666666666664,2.4285714285714284,3,7,15,77.35735735735736
S43G01N130,2023-2024,20231231,away,70,12,3,20,7,27,1,31,13,28,12,0,0,8,5,4,9,59,25,16,10,67,67,7,1,7,1998,0,0,0,8,-12.02560262188642,53.5828534868842,52.54237288135593,72,10.06904487917146,21.21212121212121,62.5,48.0,1.7142857142857142,3,7,5,77.35735735735736,16,17,4,26,10,36,5,38,22,26,8,2,2,12,11,5,10,64,30,11,6,79,76,3,0,7,1998,0,0,0,7,12.02560262188642,57.01501154734411,53.125,102,9.176717357105401,33.333333333333336,91.66666666666667,56.666666666666664,2.4285714285714284,3,7,15,77.35735735735736
S43G01N130,2023-2024,20231231,away,70,12,3,20,7,27,1,31,13,28,12,0,0,8,5,4,9,59,25,16,10,67,67,7,1,7,2004,0,0,0,8,-13.226683038122218,53.5828534868842,52.54237288135593,72,10.06904487917146,21.21212121212121,62.5,48.0,1.7142857142857142,2,7,5,77.72455089820359,16,17,4,26,10,36,5,39,23,26,8,2,2,12,11,5,10,65,31,11,6,81,77,3,0,7,2004,0,0,0,7,13.226683038122218,57.626636311895275,53.84615384615385,104,9.057971014492754,33.333333333333336,91.66666666666667,54.83870967741935,2.4285714285714284,2,7,15,77.72455089820359
S43G01N130,2023-2024,20231231,away,70,12,3,20,7,27,1,31,13,29,13,0,0,8,5,4,9,60,26,16,10,70,68,7,1,7,2014,0,0,0,8,-10.190878676878015,55.10075566750629,54.166666666666664,75,9.926262053318206,21.21212121212121,62.5,46.15384615384615,1.7142857142857142,3,7,5,77.93445878848064,16,17,4,26,10,36,5,39,23,26,8,2,2,12,11,5,10,65,31,11,6,81,77,3,0,7,2014,0,0,0,7,10.190878676878015,57.626636311895275,53.84615384615385,104,9.057971014492754,33.333333333333336,91.66666666666667,54.83870967741935,2.4285714285714284,3,7,15,77.93445878848064
S43G01N130,2023-2024,20231231,away,70,12,3,20,7,27,1,31,13,29,13,0,0,8,5,4,9,60,26,16,10,70,68,7,1,7,2030,0,0,0,8,-8.4276626544426,55.10075566750629,54.166666666666664,75,9.926262053318206,21.21212121212121,62.5,46.15384615384615,1.7142857142857142,3,7,5,77.9113300492611,16,17,4,26,10,36,5,39,23,26,8,2,2,12,11,5,10,65,31,11,6,81,77,3,0,8,2030,0,0,0,8,8.4276626544426,57.626636311895275,53.84615384615385,103,10.219724067450178,33.333333333333336,91.66666666666667,54.83870967741935,2.125,3,7,15,77.9113300492611
S43G01N130,2023-2024,20231231,away,70,12,3,20,7,27,1,31,13,29,13,0,0,8,5,4,9,60,26,16,10,70,68,8,1,7,2031,0,0,0,8,-8.4276626544426,55.10075566750629,54.166666666666664,76,9.926262053318206,21.21212121212121,62.5,46.15384615384615,1.7142857142857142,3,7,5,77.87296898079765,16,17,4,26,10,36,5,39,23,26,8,2,2,12,11,5,10,65,31,11,6,81,77,3,0,8,2031,0,0,0,8,8.4276626544426,57.626636311895275,53.84615384615385,103,10.219724067450178,33.333333333333336,91.66666666666667,54.83870967741935,2.125,3,7,15,77.87296898079765
S43G01N130,2023-2024,20231231,away,70,12,3,20,7,27,1,31,13,30,14,0,0,8,5,4,9,61,27,16,10,73,69,8,1,7,2043,0,0,0,8,-5.485962582139621,56.57160570365778,55.73770491803279,79,9.787472035794185,21.21212121212121,62.5,44.44444444444444,1.7142857142857142,6,7,5,78.00293685756242,16,17,4,26,10,36,5,39,23,26,8,2,2,12,11,5,10,65,31,11,6,81,77,3,0,8,2043,0,0,0,8,5.485962582139621,57.626636311895275,53.84615384615385,103,10.219724067450178,33.333333333333336,91.66666666666667,54.83870967741935,2.125,6,7,15,78.00293685756242
S43G01N130,2023-2024,20231231,away,70,13,3,20,7,27,1,31,13,30,14,0,0,8,5,4,9,61,27,16,10,73,69,8,1,7,2043,0,0,0,8,-5.485962582139621,56.57160570365778,55.73770491803279,80,9.787472035794185,21.21212121212121,62.5,48.148148148148145,1.8571428571428572,6,7,5,78.00293685756242,16,17,4,26,10,36,5,39,23,26,8,2,2,12,11,5,10,65,31,11,6,81,77,3,0,8,2043,0,0,0,8,5.485962582139621,57.626636311895275,53.84615384615385,103,10.219724067450178,33.333333333333336,91.66666666666667,54.83870967741935,2.125,6,7,15,78.00293685756242
S43G01N130,2023-2024,20231231,away,70,13,3,20,7,27,1,31,13,30,14,0,0,8,5,4,9,61,27,16,10,73,69,8,1,7,2043,0,0,0,8,-5.485962582139621,56.57160570365778,55.73770491803279,80,9.787472035794185,21.21212121212121,62.5,48.148148148148145,1.8571428571428572,6,7,5,78.00293685756242,16,17,4,26,10,36,5,39,23,26,8,2,2,12,11,5,10,65,31,11,6,81,77,3,0,8,2043,0,0,0,8,5.485962582139621,57.626636311895275,53.84615384615385,103,10.219724067450178,33.333333333333336,91.66666666666667,54.83870967741935,2.125,6,7,15,78.00293685756242
S43G01N130,2023-2024,20231231,away,70,13,3,20,7,27,1,31,13,30,14,0,0,8,5,4,9,61,27,16,10,73,69,8,1,7,2063,0,0,0,8,-3.773647715086284,56.57160570365778,55.73770491803279,80,9.787472035794185,21.21212121212121,62.5,48.148148148148145,1.8571428571428572,6,7,5,77.82840523509452,16,17,4,26,10,36,5,40,23,26,8,2,2,12,11,5,10,66,31,11,6,81,78,3,0,8,2063,0,0,0,8,3.773647715086284,56.81818181818182,53.03030303030303,102,10.090817356205852,33.333333333333336,91.66666666666667,54.83870967741935,2.125,6,7,15,77.82840523509452
S43G01N130,2023-2024,20231231,away,70,13,3,20,7,27,1,31,13,30,14,0,0,8,5,4,9,61,27,16,10,73,69,8,1,7,2064,0,0,0,8,-5.485962582139621,56.57160570365778,55.73770491803279,80,9.787472035794185,21.21212121212121,62.5,48.148148148148145,1.8571428571428572,6,7,5,77.2093023255814,16,17,4,26,11,37,5,40,23,26,8,2,2,12,11,5,10,66,31,11,6,81,78,3,0,8,2064,0,0,0,8,5.485962582139621,56.81818181818182,53.03030303030303,103,10.090817356205852,35.483870967741936,91.66666666666667,54.83870967741935,2.125,6,7,15,77.2093023255814
S43G01N130,2023-2024,20231231,away,70,13,3,20,7,27,1,31,13,30,14,0,0,8,5,4,9,61,27,16,10,73,69,8,1,7,2068,0,0,0,8,-3.773647715086284,56.57160570365778,55.73770491803279,80,9.787472035794185,21.21212121212121,62.5,48.148148148148145,1.8571428571428572,6,7,5,77.64023210831722,16,17,4,26,11,37,5,41,23,26,8,2,2,12,11,5,10,67,31,11,6,81,79,3,0,8,2068,0,0,0,8,3.773647715086284,56.032097399003874,52.23880597014925,102,9.965122072745391,35.483870967741936,91.66666666666667,54.83870967741935,2.125,6,7,15,77.64023210831722
S43G01N130,2023-2024,20231231,away,70,13,3,21,7,28,1,31,13,30,14,0,0,8,5,4,9,61,27,16,10,73,69,8,1,7,2070,0,0,0,8,-3.773647715086284,56.57160570365778,55.73770491803279,81,9.787472035794185,21.21212121212121,62.5,48.148148148148145,1.8571428571428572,6,7,5,77.56521739130436,16,17,4,26,11,37,5,41,23,26,8,2,2,12,11,5,10,67,31,11,6,81,79,3,0,8,2070,0,0,0,8,3.773647715086284,56.032097399003874,52.23880597014925,102,9.965122072745391,34.375,91.66666666666667,54.83870967741935,2.125,6,7,15,77.56521739130436
S43G01N130,2023-2024,20231231,away,70,13,3,21,7,28,1,31,13,31,15,0,0,8,5,4,9,62,28,16,10,76,70,8,1,7,2094,0,0,0,8,-0.9217431272858505,57.997557997558,57.25806451612903,84,9.652509652509654,21.21212121212121,62.5,46.42857142857143,1.8571428571428572,9,7,5,77.24928366762178,16,17,4,26,11,37,5,41,23,26,8,2,2,12,11,5,10,67,31,11,6,81,79,3,0,8,2094,0,0,0,8,0.9217431272858505,56.032097399003874,52.23880597014925,102,9.965122072745391,34.375,91.66666666666667,54.83870967741935,2.125,9,7,15,77.24928366762178
S43G01N130,2023-2024,20231231,away,70,13,3,21,7,28,1,31,13,31,15,0,0,8,5,4,9,62,28,16,10,76,70,8,1,7,2122,0,0,0,8,-3.5267963554816077,57.997557997558,57.25806451612903,84,9.652509652509654,21.21212121212121,62.5,46.42857142857143,1.8571428571428572,3,7,5,76.79547596606976,16,17,4,26,11,37,5,41,23,27,9,2,2,12,11,5,10,68,32,11,6,84,80,3,0,8,2122,0,0,0,8,3.5267963554816077,57.314410480349345,53.6764705882353,105,9.84251968503937,34.375,91.66666666666667,53.125,2.125,3,7,15,76.79547596606976
S43G01N130,2023-2024,20231231,away,70,13,3,21,7,28,1,31,13,31,15,0,0,8,5,4,9,62,28,16,10,76,70,8,1,7,2122,0,0,0,8,-3.5267963554816077,57.997557997558,57.25806451612903,84,9.652509652509654,21.21212121212121,62.5,46.42857142857143,1.8571428571428572,3,7,5,76.79547596606976,16,18,4,26,11,37,5,41,23,27,9,2,2,12,11,5,10,68,32,11,6,84,80,3,0,8,2122,0,0,0,8,3.5267963554816077,57.314410480349345,53.6764705882353,106,9.84251968503937,34.375,91.66666666666667,56.25,2.25,3,7,15,76.79547596606976
S43G01N130,2023-2024,20231231,away,70,13,3,21,7,28,1,32,14,31,15,0,0,8,5,4,9,63,29,16,10,78,71,8,1,7,2141,0,0,0,8,-2.263944822034759,58.62898376428142,57.93650793650794,86,9.521218715995648,21.21212121212121,62.5,44.827586206896555,1.8571428571428572,2,7,5,76.67445119103223,16,18,4,26,11,37,5,41,23,27,9,2,2,12,11,5,10,68,32,11,6,84,80,3,0,8,2141,0,0,0,8,2.263944822034759,57.314410480349345,53.6764705882353,106,9.84251968503937,34.375,91.66666666666667,56.25,2.25,2,7,15,76.67445119103223
S43G01N130,2023-2024,20231231,away,70,13,3,21,7,28,1,32,14,31,15,0,0,8,5,4,9,63,29,16,10,78,71,8,1,7,2141,0,0,0,8,-2.263944822034759,58.62898376428142,57.93650793650794,86,9.521218715995648,21.21212121212121,62.5,44.827586206896555,1.8571428571428572,2,7,5,76.67445119103223,16,18,4,26,11,37,5,41,23,27,9,2,2,12,11,5,10,68,32,12,6,84,80,3,0,8,2141,0,0,0,8,2.263944822034759,57.314410480349345,53.6764705882353,106,9.84251968503937,34.375,91.66666666666667,56.25,2.25,2,7,15,76.67445119103223
S43G01N130,2023-2024,20231231,away,70,13,3,21,7,28,1,32,14,31,15,0,0,8,5,4,9,63,29,16,10,78,71,8,1,7,2141,0,0,0,8,-2.263944822034759,58.62898376428142,57.93650793650794,86,9.521218715995648,21.21212121212121,62.5,44.827586206896555,1.8571428571428572,2,7,5,76.67445119103223,16,18,4,26,11,37,5,41,23,27,9,2,2,12,11,5,10,68,32,12,6,84,80,3,0,8,2141,0,0,0,8,2.263944822034759,57.314410480349345,53.6764705882353,106,9.84251968503937,34.375,91.66666666666667,56.25,2.25,2,7,15,76.67445119103223
S43G01N130,2023-2024,20231231,away,70,13,3,21,7,28,1,32,14,31,15,0,0,9,6,4,9,63,29,16,10,79,72,8,1,7,2141,0,0,0,8,-1.5410282406812286,58.99044205495819,57.93650793650794,87,9.464575446187128,21.21212121212121,66.66666666666667,44.827586206896555,1.8571428571428572,3,7,5,76.92106492293321,16,18,4,26,11,37,5,41,23,27,9,2,2,12,11,5,10,68,32,12,6,84,80,3,0,8,2141,0,0,0,8,1.5410282406812286,57.314410480349345,53.6764705882353,106,9.84251968503937,34.375,91.66666666666667,56.25,2.25,3,7,15,76.92106492293321
S43G01N130,2023-2024,20231231,away,70,13,3,21,7,28,1,32,14,31,15,0,0,9,6,4,9,63,29,17,11,79,72,8,1,7,2148,0,0,0,8,-1.5410282406812286,58.99044205495819,57.93650793650794,87,9.464575446187128,21.21212121212121,66.66666666666667,44.827586206896555,1.8571428571428572,3,7,5,76.67039106145252,16,18,4,26,11,37,5,41,23,27,9,2,2,12,11,5,10,68,32,12,6,84,80,3,0,8,2148,0,0,0,8,1.5410282406812286,57.314410480349345,53.6764705882353,106,9.84251968503937,34.375,91.66666666666667,56.25,2.25,3,7,15,76.67039106145252
S43G01N130,2023-2024,20231231,away,70,13,3,21,7,28,1,32,14,31,15,0,0,9,6,4,9,63,29,17,11,79,72,8,1,7,2148,0,0,0,8,-1.5410282406812286,58.99044205495819,57.93650793650794,87,9.464575446187128,21.21212121212121,66.66666666666667,44.827586206896555,1.8571428571428572,3,7,5,76.67039106145252,16,18,4,26,11,37,5,41,23,27,9,2,2,12,11,5,10,68,32,12,6,84,80,3,0,8,2148,0,0,0,8,1.5410282406812286,57.314410480349345,53.6764705882353,106,9.84251968503937,34.375,91.66666666666667,56.25,2.25,3,7,15,76.67039106145252
S43G01N130,2023-2024,20231231,away,70,13,3,21,7,28,1,32,14,31,15,0,0,9,6,4,9,63,29,17,11,79,72,8,1,7,2164,0,0,0,8,0.1357662647985336,58.99044205495819,57.93650793650794,87,9.464575446187128,21.21212121212121,66.66666666666667,44.827586206896555,1.8571428571428572,3,7,5,76.65804066543438,16,18,4,26,11,37,5,42,23,27,9,2,2,12,11,5,10,69,32,12,6,84,81,3,0,8,2164,0,0,0,8,-0.1357662647985336,56.54281098546042,52.89855072463768,105,9.722897423432183,34.375,91.66666666666667,56.25,2.25,3,7,15,76.65804066543438
S43G01N130,2023-2024,20231231,away,70,13,4,21,7,28,1,32,14,31,15,0,0,9,6,4,9,63,29,17,11,79,72,8,1,7,2165,0,0,0,8,0.1357662647985336,58.99044205495819,57.93650793650794,88,9.464575446187128,21.21212121212121,66.66666666666667,44.827586206896555,1.8571428571428572,3,7,5,76.62263279445727,16,18,4,26,11,37,5,42,23,27,9,2,2,12,11,5,10,69,32,12,6,84,81,3,0,8,2165,0,0,0,8,-0.1357662647985336,56.54281098546042,52.89855072463768,105,9.722897423432183,34.375,91.66666666666667,56.25,2.25,3,7,15,76.62263279445727
S43G01N130,2023-2024,20231231,away,70,13,4,22,7,29,1,32,14,31,15,0,0,9,6,4,9,63,29,17,11,79,72,8,1,7,2166,0,0,0,8,0.1357662647985336,58.99044205495819,57.93650793650794,89,9.464575446187128,21.21212121212121,66.66666666666667,44.827586206896555,1.8571428571428572,3,7,5,76.58725761772854,16,18,4,26,11,37,5,42,23,27,9,2,2,12,11,5,10,69,32,12,6,84,81,3,0,8,2166,0,0,0,8,-0.1357662647985336,56.54281098546042,52.89855072463768,105,9.722897423432183,33.333333333333336,91.66666666666667,56.25,2.25,3,7,15,76.58725761772854
S43G01N130,2023-2024,20231231,away,70,13,4,22,7,29,1,32,14,32,15,0,0,9,6,4,9,64,29,17,11,79,73,8,1,7,2186,0,0,0,8,-1.600267933405064,58.12242495585639,57.03125,88,9.338313767342584,21.21212121212121,66.66666666666667,44.827586206896555,1.8571428571428572,3,7,5,76.43549862763038,16,18,4,26,11,37,5,42,23,27,9,2,2,12,11,5,10,69,32,12,6,84,81,3,0,8,2186,0,0,0,8,1.600267933405064,56.54281098546042,52.89855072463768,105,9.722897423432183,33.333333333333336,91.66666666666667,56.25,2.25,3,7,15,76.43549862763038
S43G01N130,2023-2024,20231231,away,70,13,4,22,8,30,1,32,14,32,15,0,0,9,6,4,9,64,29,17,11,79,73,8,1,7,2188,0,0,0,8,0.1357662647985336,58.12242495585639,57.03125,89,9.338313767342584,23.529411764705884,66.66666666666667,44.827586206896555,1.8571428571428572,3,7,5,75.81718464351006,16,18,4,26,11,37,5,42,23,27,9,2,2,12,11,5,10,69,32,12,6,84,81,3,0,8,2188,0,0,0,8,-0.1357662647985336,56.54281098546042,52.89855072463768,105,9.722897423432183,33.333333333333336,91.66666666666667,56.25,2.25,3,7,15,75.81718464351006
S43G01N130,2023-2024,20231231,away,70,13,4,22,8,30,1,32,14,33,15,0,0,9,6,4,9,65,29,17,11,79,74,8,1,7,2191,0,0,0,8,-1.600267933405064,57.27958236658933,56.15384615384615,88,9.215376513954714,23.529411764705884,66.66666666666667,44.827586206896555,1.8571428571428572,3,7,5,76.26106800547694,16,18,4,26,11,37,5,42,23,27,9,2,2,12,11,5,10,69,32,12,6,84,81,3,0,8,2191,0,0,0,8,1.600267933405064,56.54281098546042,52.89855072463768,105,9.722897423432183,33.333333333333336,91.66666666666667,56.25,2.25,3,7,15,76.26106800547694
S43G01N130,2023-2024,20231231,away,70,13,4,22,8,30,1,32,14,33,15,0,0,9,6,4,9,65,29,17,11,79,74,8,1,7,2193,0,0,0,8,-1.600267933405064,57.27958236658933,56.15384615384615,88,9.215376513954714,22.857142857142858,66.66666666666667,44.827586206896555,1.8571428571428572,3,7,5,76.19151846785226,16,18,4,27,11,38,5,42,23,27,9,2,2,12,11,5,10,69,32,12,6,84,81,3,0,8,2193,0,0,0,8,1.600267933405064,56.54281098546042,52.89855072463768,106,9.722897423432183,33.333333333333336,91.66666666666667,56.25,2.25,3,7,15,76.19151846785226
S43G01N130,2023-2024,20231231,away,70,13,4,22,8,30,1,32,14,33,15,0,0,9,6,4,9,65,29,17,11,79,74,8,1,7,2204,0,0,0,8,-1.600267933405064,57.27958236658933,56.15384615384615,88,9.215376513954714,22.857142857142858,66.66666666666667,44.827586206896555,1.8571428571428572,3,7,5,75.81125226860254,16,18,4,27,11,38,5,42,23,27,9,2,2,12,11,5,10,69,32,13,7,84,81,3,0,8,2204,0,0,0,8,1.600267933405064,56.54281098546042,52.89855072463768,106,9.722897423432183,33.333333333333336,91.66666666666667,56.25,2.25,3,7,15,75.81125226860254
S43G01N130,2023-2024,20231231,away,70,13,4,22,8,30,1,32,14,33,15,0,0,9,6,4,9,65,29,17,11,79,74,8,1,7,2204,0,0,0,8,-1.600267933405064,57.27958236658933,56.15384615384615,88,9.215376513954714,22.857142857142858,66.66666666666667,44.827586206896555,1.8571428571428572,3,7,5,75.81125226860254,16,18,4,27,11,38,5,42,23,27,9,2,2,12,11,5,10,69,32,13,7,84,81,3,0,8,2204,0,0,0,8,1.600267933405064,56.54281098546042,52.89855072463768,106,9.722897423432183,33.333333333333336,91.66666666666667,56.25,2.25,3,7,15,75.81125226860254
S43G01N130,2023-2024,20231231,away,70,13,4,22,8,30,1,32,14,33,15,0,0,9,6,4,9,65,29,17,11,79,74,8,1,7,2204,0,0,0,8,0.030129380445487186,57.27958236658933,56.15384615384615,88,9.215376513954714,22.857142857142858,66.66666666666667,44.827586206896555,1.8571428571428572,3,7,5,76.3557168784029,16,18,4,27,11,38,5,42,23,27,9,2,2,12,11,5,10,69,32,13,7,84,81,3,0,9,2204,0,0,0,9,-0.030129380445487186,56.54281098546042,52.89855072463768,105,10.806916426512968,33.333333333333336,91.66666666666667,56.25,2.0,3,7,15,76.3557168784029
S43G01N130,2023-2024,20231231,away,70,13,4,22,8,30,1,32,14,33,15,0,0,9,6,4,9,65,29,17,11,79,74,8,1,7,2204,0,0,0,8,0.030129380445487186,57.27958236658933,56.15384615384615,88,9.215376513954714,22.857142857142858,66.66666666666667,44.827586206896555,1.8571428571428572,3,7,5,76.3557168784029,16,18,4,27,11,38,5,42,23,27,9,2,2,12,11,5,10,69,32,13,7,84,81,3,0,9,2204,0,0,0,9,-0.030129380445487186,56.54281098546042,52.89855072463768,105,10.806916426512968,33.333333333333336,91.66666666666667,56.25,2.0,3,7,15,76.3557168784029
S43G01N130,2023-2024,20231231,away,70,13,4,22,8,30,1,33,15,33,15,0,0,9,6,4,9,66,30,17,11,81,75,8,1,7,2220,0,0,0,8,1.2446762204728543,57.89022298456261,56.81818181818182,90,9.095634095634097,22.857142857142858,66.66666666666667,43.333333333333336,1.8571428571428572,5,7,5,76.34594594594596,16,18,4,27,11,38,5,42,23,27,9,2,2,12,11,5,10,69,32,13,7,84,81,3,0,9,2220,0,0,0,9,-1.2446762204728543,56.54281098546042,52.89855072463768,105,10.806916426512968,33.333333333333336,91.66666666666667,56.25,2.0,5,7,15,76.34594594594596
S43G01N130,2023-2024,20231231,away,70,13,4,22,8,30,1,33,15,33,15,0,0,9,6,4,9,66,30,17,11,81,75,8,1,7,2234,0,0,0,8,2.830575791041454,57.89022298456261,56.81818181818182,90,9.095634095634097,22.857142857142858,66.66666666666667,43.333333333333336,1.8571428571428572,5,7,5,76.40465532676814,16,18,4,27,11,38,5,42,23,28,9,2,2,12,11,5,10,70,32,13,7,84,82,3,0,9,2234,0,0,0,9,-2.830575791041454,55.791710945802336,52.142857142857146,104,10.678690080683436,33.333333333333336,91.66666666666667,56.25,2.0,5,7,15,76.40465532676814
S43G01N130,2023-2024,20231231,away,70,13,4,22,8,30,1,33,15,33,15,0,0,9,6,4,9,66,30,17,11,81,75,8,1,7,2235,0,0,0,8,2.830575791041454,57.89022298456261,56.81818181818182,90,9.095634095634097,22.857142857142858,66.66666666666667,43.333333333333336,1.8571428571428572,5,7,5,76.37046979865772,16,18,4,27,11,38,6,42,23,28,9,2,2,12,11,5,10,70,32,13,7,84,82,3,0,9,2235,0,0,0,9,-2.830575791041454,55.791710945802336,52.142857142857146,105,10.678690080683436,33.333333333333336,91.66666666666667,56.25,2.0,5,7,15,76.37046979865772
S43G01N130,2023-2024,20231231,away,70,13,4,22,8,30,1,33,15,33,15,0,0,9,6,4,9,66,30,17,11,81,75,8,1,7,2239,0,0,0,8,4.3737747808193035,57.89022298456261,56.81818181818182,90,9.095634095634097,22.857142857142858,66.66666666666667,43.333333333333336,1.8571428571428572,5,7,5,76.76998660116124,16,18,4,27,11,38,6,42,23,29,9,2,2,12,11,5,10,71,32,13,7,84,83,3,0,9,2239,0,0,0,9,-4.3737747808193035,55.060304142632404,51.40845070422535,104,10.553470919324578,33.333333333333336,91.66666666666667,56.25,2.0,5,7,15,76.76998660116124
S43G01N130,2023-2024,20231231,away,70,13,4,22,8,30,1,33,15,33,15,0,0,9,6,4,9,66,30,17,11,81,75,8,1,7,2240,0,0,0,8,2.830575791041454,57.89022298456261,56.81818181818182,90,9.095634095634097,22.857142857142858,66.66666666666667,43.333333333333336,1.8571428571428572,5,7,5,76.2,16,18,4,27,12,39,6,42,23,29,9,2,2,12,11,5,10,71,32,13,7,84,83,3,0,9,2240,0,0,0,9,-2.830575791041454,55.060304142632404,51.40845070422535,105,10.553470919324578,35.294117647058826,91.66666666666667,56.25,2.0,5,7,15,76.2
S43G01N130,2023-2024,20231231,away,70,13,4,22,8,30,1,33,15,33,15,0,0,9,6,4,9,66,30,17,11,81,75,8,1,7,2246,0,0,0,8,1.6812599719878563,57.89022298456261,56.81818181818182,90,9.095634095634097,22.857142857142858,66.66666666666667,43.333333333333336,1.8571428571428572,2,7,5,76.53072128227961,16,18,4,27,12,39,6,43,24,29,9,2,2,12,11,5,10,72,33,13,7,86,84,3,0,9,2246,0,0,0,9,-1.6812599719878563,55.64182194616977,52.083333333333336,107,10.43115438108484,35.294117647058826,91.66666666666667,54.54545454545455,2.0,2,7,15,76.53072128227961
S43G01N130,2023-2024,20231231,away,70,13,4,22,8,30,1,33,15,33,15,0,0,9,6,4,9,66,30,17,11,81,75,8,1,8,2267,0,0,0,9,0.002309189372937226,57.89022298456261,56.81818181818182,89,10.261672652642382,22.857142857142858,66.66666666666667,43.333333333333336,1.625,2,7,5,76.35112483458316,16,18,4,27,12,39,6,43,24,29,9,2,2,12,11,5,10,72,33,13,7,86,84,3,0,9,2267,0,0,0,9,-0.002309189372937226,55.64182194616977,52.083333333333336,107,10.43115438108484,35.294117647058826,91.66666666666667,54.54545454545455,2.0,2,7,15,76.35112483458316
S43G01N130,2023-2024,20231231,away,70,13,4,22,8,30,1,33,15,33,15,0,0,9,6,4,9,66,30,17,11,81,75,8,1,8,2269,0,0,0,9,0.002309189372937226,57.89022298456261,56.81818181818182,89,10.261672652642382,22.857142857142858,66.66666666666667,43.333333333333336,1.625,2,7,5,76.283825473777,16,18,4,27,12,39,6,43,24,29,9,2,2,12,11,5,10,72,33,13,7,86,84,4,0,9,2269,0,0,0,9,-0.002309189372937226,55.64182194616977,52.083333333333336,108,10.43115438108484,35.294117647058826,91.66666666666667,54.54545454545455,2.0,2,7,15,76.283825473777
S43G01N130,2023-2024,20231231,away,70,13,4,22,8,30,1,33,15,33,15,0,0,9,6,4,9,66,30,17,11,81,75,8,1,8,2271,0,0,0,9,-1.1164722030320462,57.89022298456261,56.81818181818182,89,10.261672652642382,22.857142857142858,66.66666666666667,43.333333333333336,1.625,4,7,5,76.74504623513872,16,18,4,27,12,39,6,44,25,29,9,2,2,12,11,5,10,73,34,13,7,88,85,4,0,9,2271,0,0,0,9,1.1164722030320462,56.208482370975986,52.73972602739726,110,10.311640696608615,35.294117647058826,91.66666666666667,52.94117647058823,2.0,4,7,15,76.74504623513872
S43G01N130,2023-2024,20231231,away,70,13,4,22,8,30,1,33,15,33,15,0,0,9,6,4,9,66,30,17,11,81,75,8,1,8,2271,0,0,0,9,-1.1164722030320462,57.89022298456261,56.81818181818182,89,10.261672652642382,22.857142857142858,66.66666666666667,43.333333333333336,1.625,4,7,5,76.74504623513872,16,18,4,27,12,39,6,44,25,29,9,2,2,12,11,6,12,73,34,13,7,88,85,4,0,9,2271,0,0,0,9,1.1164722030320462,56.208482370975986,52.73972602739726,110,10.311640696608615,35.294117647058826,91.66666666666667,52.94117647058823,2.0,4,7,15,76.74504623513872
S43G01N130,2023-2024,20231231,away,70,13,4,22,8,30,1,33,15,33,15,0,0,9,6,4,9,66,30,17,11,81,75,8,1,8,2271,0,0,0,9,-1.1164722030320462,57.89022298456261,56.81818181818182,89,10.261672652642382,22.857142857142858,66.66666666666667,43.333333333333336,1.625,4,7,5,76.74504623513872,16,18,4,27,12,39,6,44,25,29,9,2,2,12,11,6,12,73,34,13,7,88,85,4,0,9,2271,0,0,0,9,1.1164722030320462,56.208482370975986,52.73972602739726,110,10.311640696608615,35.294117647058826,91.66666666666667,52.94117647058823,2.0,4,7,15,76.74504623513872
S43G01N130,2023-2024,20231231,away,70,13,4,22,8,30,1,34,16,33,15,0,0,9,6,4,9,67,31,17,11,83,76,8,1,8,2281,0,0,0,9,0.0703873520817524,58.48365276211951,57.46268656716418,91,10.131712259371835,22.857142857142858,66.66666666666667,41.935483870967744,1.625,2,7,5,76.93467777290662,16,18,4,27,12,39,6,44,25,29,9,2,2,12,11,6,12,73,34,13,7,88,85,4,0,9,2281,0,0,0,9,-0.0703873520817524,56.208482370975986,52.73972602739726,110,10.311640696608615,35.294117647058826,91.66666666666667,52.94117647058823,2.0,2,7,15,76.93467777290662
S43G01N130,2023-2024,20231231,away,70,13,4,22,8,30,1,34,16,33,15,0,0,9,6,4,9,67,31,17,11,83,76,8,1,8,2307,0,0,0,9,-2.3300201181311877,58.48365276211951,57.46268656716418,91,10.131712259371835,22.857142857142858,66.66666666666667,41.935483870967744,1.625,3,7,5,76.58777633289988,16,18,4,27,12,39,6,44,25,30,10,2,2,12,11,6,12,74,35,13,7,91,86,4,0,9,2307,0,0,0,9,2.3300201181311877,57.39152371342079,54.054054054054056,113,10.194834617127322,35.294117647058826,91.66666666666667,51.42857142857143,2.0,3,7,15,76.58777633289988
S43G01N130,2023-2024,20231231,away,70,13,4,22,8,30,1,34,16,33,15,0,0,9,6,4,9,67,31,17,11,83,76,8,1,8,2307,0,0,0,9,-2.3300201181311877,58.48365276211951,57.46268656716418,91,10.131712259371835,22.857142857142858,66.66666666666667,41.935483870967744,1.625,3,7,5,76.58777633289988,16,19,4,27,12,39,6,44,25,30,10,2,2,12,11,6,12,74,35,13,7,91,86,4,0,9,2307,0,0,0,9,2.3300201181311877,57.39152371342079,54.054054054054056,114,10.194834617127322,35.294117647058826,91.66666666666667,54.285714285714285,2.111111111111111,3,7,15,76.58777633289988
S43G01N130,2023-2024,20231231,away,70,13,4,22,8,30,1,34,16,34,15,0,0,9,6,4,9,68,31,17,11,83,77,8,1,8,2333,0,0,0,9,-3.9554690553774208,57.670928293496395,56.61764705882353,90,10.005002501250626,22.857142857142858,66.66666666666667,41.935483870967744,1.625,3,7,5,76.24860694384913,16,19,4,27,12,39,6,44,25,30,10,2,2,12,11,6,12,74,35,13,7,91,86,4,0,9,2333,0,0,0,9,3.9554690553774208,57.39152371342079,54.054054054054056,114,10.194834617127322,35.294117647058826,91.66666666666667,54.285714285714285,2.111111111111111,3,7,15,76.24860694384913
S43G01N130,2023-2024,20231231,away,70,13,4,22,9,31,1,34,16,34,15,0,0,9,6,4,9,68,31,17,11,83,77,8,1,8,2334,0,0,0,9,-2.3300201181311877,57.670928293496395,56.61764705882353,91,10.005002501250626,25.0,66.66666666666667,41.935483870967744,1.625,3,7,5,75.70179948586119,16,19,4,27,12,39,6,44,25,30,10,2,2,12,11,6,12,74,35,13,7,91,86,4,0,9,2334,0,0,0,9,2.3300201181311877,57.39152371342079,54.054054054054056,114,10.194834617127322,35.294117647058826,91.66666666666667,54.285714285714285,2.111111111111111,3,7,15,75.70179948586119
S43G01N130,2023-2024,20231231,away,70,13,4,22,9,31,1,34,16,35,15,0,0,9,6,4,9,69,31,17,11,83,78,8,1,8,2338,0,0,0,9,-3.9554690553774208,56.880482456140356,55.79710144927536,90,9.881422924901187,25.0,66.66666666666667,41.935483870967744,1.625,3,7,5,76.08554319931567,16,19,4,27,12,39,6,44,25,30,10,2,2,12,11,6,12,74,35,13,7,91,86,4,0,9,2338,0,0,0,9,3.9554690553774208,57.39152371342079,54.054054054054056,114,10.194834617127322,35.294117647058826,91.66666666666667,54.285714285714285,2.111111111111111,3,7,15,76.08554319931567
S43G01N130,2023-2024,20231231,away,70,13,4,22,9,31,1,34,16,35,15,0,0,9,6,4,9,69,31,17,11,83,78,8,1,8,2339,0,0,0,9,-3.9554690553774208,56.880482456140356,55.79710144927536,90,9.881422924901187,24.324324324324323,66.66666666666667,41.935483870967744,1.625,3,7,5,76.05301410859342,16,19,4,28,12,40,6,44,25,30,10,2,2,12,11,6,12,74,35,13,7,91,86,4,0,9,2339,0,0,0,9,3.9554690553774208,57.39152371342079,54.054054054054056,115,10.194834617127322,35.294117647058826,91.66666666666667,54.285714285714285,2.111111111111111,3,7,15,76.05301410859342
S43G01N130,2023-2024,20231231,away,70,13,4,22,9,31,1,34,16,35,15,0,0,9,6,4,9,69,31,17,11,83,78,8,1,8,2359,0,0,0,9,-4.999758319839501,56.880482456140356,55.79710144927536,90,9.881422924901187,24.324324324324323,66.66666666666667,41.935483870967744,1.625,5,7,5,75.91691394658754,16,19,4,28,12,40,6,45,26,30,10,2,2,12,11,6,12,75,36,13,7,93,87,4,0,9,2359,0,0,0,9,4.999758319839501,57.922272047832585,54.666666666666664,117,10.080645161290322,35.294117647058826,91.66666666666667,52.77777777777778,2.111111111111111,5,7,15,75.91691394658754
S43G01N130,2023-2024,20231231,away,70,13,4,22,9,31,1,34,16,35,15,0,0,9,6,4,9,69,31,17,11,83,78,8,1,8,2359,0,0,0,9,-4.999758319839501,56.880482456140356,55.79710144927536,90,9.881422924901187,24.324324324324323,66.66666666666667,41.935483870967744,1.625,5,7,5,75.91691394658754,16,20,4,28,12,40,6,45,26,30,10,2,2,12,11,6,12,75,36,13,7,93,87,4,0,9,2359,0,0,0,9,4.999758319839501,57.922272047832585,54.666666666666664,118,10.080645161290322,35.294117647058826,91.66666666666667,55.55555555555556,2.2222222222222223,5,7,15,75.91691394658754
S43G01N130,2023-2024,20231231,away,70,13,4,22,9,31,1,34,16,35,15,0,0,9,6,4,9,69,31,17,11,83,78,8,1,8,2365,0,0,0,9,-4.999758319839501,56.880482456140356,55.79710144927536,90,9.881422924901187,24.324324324324323,66.66666666666667,41.935483870967744,1.625,5,7,5,75.72431289640592,16,20,4,28,12,40,6,45,26,30,10,2,2,12,11,6,12,75,36,14,8,93,87,4,0,9,2365,0,0,0,9,4.999758319839501,57.922272047832585,54.666666666666664,118,10.080645161290322,35.294117647058826,91.66666666666667,55.55555555555556,2.2222222222222223,5,7,15,75.72431289640592
S43G01N130,2023-2024,20231231,away,70,13,4,22,9,31,1,34,16,35,15,0,0,9,6,4,9,69,31,17,11,83,78,8,1,8,2365,0,0,0,9,-4.999758319839501,56.880482456140356,55.79710144927536,90,9.881422924901187,24.324324324324323,66.66666666666667,41.935483870967744,1.625,5,7,5,75.72431289640592,16,20,4,28,12,40,6,45,26,30,10,2,2,12,11,6,12,75,36,14,8,93,87,4,0,9,2365,0,0,0,9,4.999758319839501,57.922272047832585,54.666666666666664,118,10.080645161290322,35.294117647058826,91.66666666666667,55.55555555555556,2.2222222222222223,5,7,15,75.72431289640592
S43G01N130,2023-2024,20231231,away,70,13,4,22,9,31,1,34,16,35,15,0,0,9,6,4,9,69,31,17,11,83,78,8,1,8,2365,0,0,0,9,-4.999758319839501,56.880482456140356,55.79710144927536,90,9.881422924901187,24.324324324324323,66.66666666666667,41.935483870967744,1.625,5,7,5,75.72431289640592,16,20,4,28,12,40,6,45,26,30,10,2,2,12,11,6,12,75,36,14,8,93,87,4,0,9,2365,0,0,0,9,4.999758319839501,57.922272047832585,54.666666666666664,118,10.080645161290322,35.294117647058826,91.66666666666667,55.55555555555556,2.2222222222222223,5,7,15,75.72431289640592
S43G01N130,2023-2024,20231231,away,70,13,4,22,9,31,1,34,16,35,15,0,0,9,6,4,9,69,31,17,11,83,78,8,1,8,2365,0,0,0,9,-4.999758319839501,56.880482456140356,55.79710144927536,90,9.881422924901187,24.324324324324323,66.66666666666667,41.935483870967744,1.625,5,7,5,75.72431289640592,16,20,4,28,12,40,6,45,26,30,10,2,2,12,11,6,12,75,36,14,8,93,87,4,0,9,2365,0,0,0,9,4.999758319839501,57.922272047832585,54.666666666666664,118,10.080645161290322,35.294117647058826,91.66666666666667,55.55555555555556,2.2222222222222223,5,7,15,75.72431289640592
S43G01N130,2023-2024,20231231,away,70,13,4,22,9,31,1,34,16,36,16,0,0,9,6,4,9,70,32,17,11,86,79,8,1,8,2368,0,0,0,9,-2.4688078892884278,58.139534883720934,57.142857142857146,93,9.760858955588093,24.324324324324323,66.66666666666667,40.625,1.625,3,7,5,76.13513513513514,16,20,4,28,12,40,6,45,26,30,10,2,2,12,11,6,12,75,36,14,8,93,87,4,0,9,2368,0,0,0,9,2.4688078892884278,57.922272047832585,54.666666666666664,118,10.080645161290322,35.294117647058826,91.66666666666667,55.55555555555556,2.2222222222222223,3,7,15,76.13513513513514
S43G01N130,2023-2024,20231231,away,70,14,4,22,9,31,1,34,16,36,16,0,0,9,6,4,9,70,32,17,11,86,79,8,1,8,2368,0,0,0,9,-2.4688078892884278,58.139534883720934,57.142857142857146,94,9.760858955588093,24.324324324324323,66.66666666666667,43.75,1.75,3,7,5,76.13513513513514,16,20,4,28,12,40,6,45,26,30,10,2,2,12,11,6,12,75,36,14,8,93,87,4,0,9,2368,0,0,0,9,2.4688078892884278,57.922272047832585,54.666666666666664,118,10.080645161290322,35.294117647058826,91.66666666666667,55.55555555555556,2.2222222222222223,3,7,15,76.13513513513514
S43G01N130,2023-2024,20231231,away,70,14,4,22,9,31,1,34,16,36,16,0,0,9,6,4,9,70,32,18,12,86,79,8,1,8,2380,0,0,0,9,-2.4688078892884278,58.139534883720934,57.142857142857146,94,9.760858955588093,24.324324324324323,66.66666666666667,43.75,1.75,3,7,5,75.75126050420168,16,20,4,28,12,40,6,45,26,30,10,2,2,12,11,6,12,75,36,14,8,93,87,4,0,9,2380,0,0,0,9,2.4688078892884278,57.922272047832585,54.666666666666664,118,10.080645161290322,35.294117647058826,91.66666666666667,55.55555555555556,2.2222222222222223,3,7,15,75.75126050420168
S43G01N130,2023-2024,20231231,away,70,14,4,22,9,31,1,34,16,36,16,0,0,9,6,4,9,70,32,18,12,86,79,8,1,8,2380,0,0,0,9,-2.4688078892884278,58.139534883720934,57.142857142857146,94,9.760858955588093,24.324324324324323,66.66666666666667,43.75,1.75,3,7,5,75.75126050420168,16,20,4,28,12,40,6,45,26,30,10,2,2,12,11,6,12,75,36,14,8,93,87,4,0,9,2380,0,0,0,9,2.4688078892884278,57.922272047832585,54.666666666666664,118,10.080645161290322,35.294117647058826,91.66666666666667,55.55555555555556,2.2222222222222223,3,7,15,75.75126050420168
S43G01N130,2023-2024,20231231,away,70,14,4,22,9,31,1,34,16,36,16,0,0,9,6,4,9,70,32,19,13,86,79,8,1,8,2383,0,0,0,9,-2.4688078892884278,58.139534883720934,57.142857142857146,94,9.760858955588093,24.324324324324323,66.66666666666667,43.75,1.75,3,7,5,75.65589592950063,16,20,4,28,12,40,6,45,26,30,10,2,2,12,11,6,12,75,36,14,8,93,87,4,0,9,2383,0,0,0,9,2.4688078892884278,57.922272047832585,54.666666666666664,118,10.080645161290322,35.294117647058826,91.66666666666667,55.55555555555556,2.2222222222222223,3,7,15,75.65589592950063
S43G01N130,2023-2024,20231231,away,70,14,4,22,9,31,1,34,16,36,16,0,0,9,6,4,9,70,32,19,13,86,79,8,1,8,2383,0,0,0,9,-2.4688078892884278,58.139534883720934,57.142857142857146,94,9.760858955588093,24.324324324324323,66.66666666666667,43.75,1.75,3,7,5,75.65589592950063,16,20,4,28,12,40,6,45,26,30,10,2,2,12,11,6,12,75,36,14,8,93,87,4,0,9,2383,0,0,0,9,2.4688078892884278,57.922272047832585,54.666666666666664,118,10.080645161290322,35.294117647058826,91.66666666666667,55.55555555555556,2.2222222222222223,3,7,15,75.65589592950063
S43G01N130,2023-2024,20231231,away,70,14,4,22,9,31,1,34,16,36,16,0,0,9,6,4,9,70,32,19,13,86,79,8,1,8,2399,0,0,0,9,-2.4688078892884278,58.139534883720934,57.142857142857146,94,9.760858955588093,24.324324324324323,66.66666666666667,43.75,1.75,3,7,5,75.15131304710296,16,20,4,28,12,40,6,45,26,30,10,2,2,12,11,6,12,75,36,14,8,93,87,4,1,9,2399,0,0,0,10,2.4688078892884278,57.922272047832585,54.666666666666664,117,10.080645161290322,35.294117647058826,91.66666666666667,55.55555555555556,2.2222222222222223,3,7,15,75.15131304710296
S43G01N130,2023-2024,20231231,away,70,14,4,22,9,31,1,34,16,36,16,0,0,9,6,4,9,70,32,19,13,86,79,8,1,8,2399,0,0,0,9,-2.4688078892884278,58.139534883720934,57.142857142857146,94,9.760858955588093,24.324324324324323,66.66666666666667,43.75,1.75,3,7,5,75.15131304710296,16,20,4,28,12,40,6,45,26,30,10,2,2,12,11,6,12,75,36,14,8,93,87,4,1,9,2399,0,0,0,10,2.4688078892884278,57.922272047832585,54.666666666666664,117,10.080645161290322,35.294117647058826,91.66666666666667,55.55555555555556,2.2222222222222223,3,7,15,75.15131304710296
S43G01N130,2023-2024,20231231,away,70,14,4,22,9,31,1,34,16,36,16,0,0,9,6,4,9,70,32,19,13,86,79,8,1,8,2400,0,0,0,9,-2.4688078892884278,58.139534883720934,57.142857142857146,94,9.760858955588093,24.324324324324323,66.66666666666667,43.75,1.75,3,7,5,75.12,16,20,4,28,12,40,6,45,26,30,10,2,2,12,11,6,12,75,36,14,8,93,87,4,1,9,2400,0,0,0,10,2.4688078892884278,57.922272047832585,54.666666666666664,117,10.080645161290322,35.294117647058826,91.66666666666667,55.55555555555556,2.2222222222222223,3,7,15,75.12
S43G01N130,2023-2024,20231231,away,70,14,4,22,9,31,1,34,16,36,16,0,0,9,6,4,9,70,32,19,13,86,79,8,1,8,2400,0,0,0,9,-2.4688078892884278,58.139534883720934,57.142857142857146,94,9.760858955588093,24.324324324324323,66.66666666666667,43.75,1.75,3,7,5,75.12,16,20,4,28,12,40,6,45,26,30,10,2,2,12,11,6,12,75,36,14,8,93,87,4,1,9,2400,0,0,0,10,2.4688078892884278,57.922272047832585,54.666666666666664,117,10.080645161290322,35.294117647058826,91.66666666666667,55.55555555555556,2.2222222222222223,3,7,15,75.12
S43G01N130,2023-2024,20231231,away,70,14,4,22,9,31,1,34,16,36,16,0,0,9,6,4,9,70,32,19,13,86,79,8,1,8,2400,0,0,0,9,-2.4688078892884278,58.139534883720934,57.142857142857146,94,9.760858955588093,24.324324324324323,66.66666666666667,43.75,1.75,3,7,5,75.12,16,20,4,28,12,40,6,45,26,30,10,2,2,12,11,6,12,75,36,14,8,93,87,4,1,9,2400,0,0,0,10,2.4688078892884278,57.922272047832585,54.666666666666664,117,10.080645161290322,35.294117647058826,91.66666666666667,55.55555555555556,2.2222222222222223,3,7,15,75.12
S43G01N130,2023-2024,20231231,away,70,14,4,22,9,31,1,34,16,36,16,0,0,9,6,4,9,70,32,19,13,86,79,8,1,8,2400,0,0,0,9,-2.4688078892884278,58.139534883720934,57.142857142857146,94,9.760858955588093,24.324324324324323,66.66666666666667,43.75,1.75,3,7,5,75.12,16,20,4,28,12,40,6,45,26,30,10,2,2,12,11,6,12,75,36,14,8,93,87,4,1,9,2400,0,0,0,10,2.4688078892884278,57.922272047832585,54.666666666666664,117,10.080645161290322,35.294117647058826,91.66666666666667,55.55555555555556,2.2222222222222223,3,7,15,75.12
S43G01N130,2023-2024,20231231,away,70,14,4,22,9,31,1,34,16,36,16,0,0,9,6,4,9,70,32,19,13,86,79,8,1,8,2400,0,0,0,9,-2.4688078892884278,58.139534883720934,57.142857142857146,94,9.760858955588093,24.324324324324323,66.66666666666667,43.75,1.75,3,7,5,75.12,16,20,4,28,12,40,6,45,26,30,10,2,2,12,11,6,12,75,36,14,8,93,87,4,1,9,2400,0,0,0,10,2.4688078892884278,57.922272047832585,54.666666666666664,117,10.080645161290322,35.294117647058826,91.66666666666667,55.55555555555556,2.2222222222222223,3,7,15,75.12
S43G01N130,2023-2024,20231231,away,70,14,4,22,9,31,1,34,16,36,16,0,0,9,6,4,9,70,32,19,13,86,79,8,1,8,2400,0,0,0,9,-2.4688078892884278,58.139534883720934,57.142857142857146,94,9.760858955588093,24.324324324324323,66.66666666666667,43.75,1.75,3,7,5,75.12,16,20,4,28,12,40,6,45,26,30,10,2,2,12,11,6,12,75,36,14,8,93,87,4,1,9,2400,0,0,0,10,2.4688078892884278,57.922272047832585,54.666666666666664,117,10.080645161290322,35.294117647058826,91.66666666666667,55.55555555555556,2.2222222222222223,3,7,15,75.12
S43G01N130,2023-2024,20231231,away,70,14,4,22,9,31,1,34,16,36,16,0,0,9,6,4,9,70,32,19,13,86,79,8,1,8,2400,0,0,0,9,-2.4688078892884278,58.139534883720934,57.142857142857146,94,9.760858955588093,24.324324324324323,66.66666666666667,43.75,1.75,3,7,5,75.12,16,20,4,28,12,40,6,45,26,30,10,2,2,12,11,6,12,75,36,14,8,93,87,4,1,9,2400,0,0,0,10,2.4688078892884278,57.922272047832585,54.666666666666664,117,10.080645161290322,35.294117647058826,91.66666666666667,55.55555555555556,2.2222222222222223,3,7,15,75.12
S43G01N130,2023-2024,20231231,away,70,14,4,22,9,31,1,34,16,36,16,0,0,9,6,4,9,70,32,19,13,86,79,8,1,8,2400,0,0,0,9,-2.4688078892884278,58.139534883720934,57.142857142857146,94,9.760858955588093,24.324324324324323,66.66666666666667,43.75,1.75,3,7,5,75.12,16,20,4,28,12,40,6,45,26,30,10,2,2,12,11,6,12,75,36,14,8,93,87,4,1,9,2400,0,0,0,10,2.4688078892884278,57.922272047832585,54.666666666666664,117,10.080645161290322,35.294117647058826,91.66666666666667,55.55555555555556,2.2222222222222223,3,7,15,75.12
S43G01N130,2023-2024,20231231,away,70,14,4,22,9,31,1,34,16,36,16,0,0,9,6,4,9,70,32,19,13,86,79,8,1,8,2400,0,0,0,9,-2.4688078892884278,58.139534883720934,57.142857142857146,94,9.760858955588093,24.324324324324323,66.66666666666667,43.75,1.75,3,7,5,75.12,16,20,4,28,12,40,6,45,26,30,10,2,2,12,11,6,12,75,36,14,8,93,87,4,1,9,2400,0,0,0,10,2.4688078892884278,57.922272047832585,54.666666666666664,117,10.080645161290322,35.294117647058826,91.66666666666667,55.55555555555556,2.2222222222222223,3,7,15,75.12
S43G01N130,2023-2024,20231231,away,70,14,4,22,9,31,1,34,16,36,16,0,0,9,6,4,9,70,32,19,13,86,79,8,1,8,2400,0,0,0,9,-2.4688078892884278,58.139534883720934,57.142857142857146,94,9.760858955588093,24.324324324324323,66.66666666666667,43.75,1.75,3,7,5,75.12,16,20,4,28,12,40,6,45,26,30,10,2,2,12,11,6,12,75,36,14,8,93,87,4,1,9,2400,0,0,0,10,2.4688078892884278,57.922272047832585,54.666666666666664,117,10.080645161290322,35.294117647058826,91.66666666666667,55.55555555555556,2.2222222222222223,3,7,15,75.12
