gameKey,seasonName,date,n,winner,H_TEAM,H_AST,H_BLK,H_DREB,H_OREB,H_PRB,H_TRB,H_2PA,H_2PM,H_3PA,H_3PM,H_DKA,H_DKM,H_FTA,H_FTM,H_SWA,H_SWM,H_FGA,H_FGM,H_TPF,H_PF,H_PP,H_PA,H_STL,H_TTO,H_PTO,H_MIN,H_UF,H_TF,H_EJ,H_TO,H_NR,H_TS%,H_eFG%,H_EFF,H_TOV%,H_OREB%,H_FT%,H_AST%,H_AST/TO%,H_CR,H_LC,H_LLP,H_PACE,A_TEAM,A_AST,A_BLK,A_DREB,A_OREB,A_PRB,A_TRB,A_2PA,A_2PM,A_3PA,A_3PM,A_DKA,A_DKM,A_FTA,A_FTM,A_SWA,A_SWM,A_FGA,A_FGM,A_TPF,A_PF,A_PP,A_PA,A_STL,A_TTO,A_PTO,A_MIN,A_UF,A_TF,A_EJ,A_TO,A_NR,A_TS%,A_eFG%,A_EFF,A_TOV%,A_OREB%,A_FT%,A_AST%,A_AST/TO%,A_CR,A_LC,A_LLP,A_PACE
S43G01N214,2023-2024,20240229,1,away,35,0,0,0,0,0,0,0,0,0,0,0,0,0,0,0,0,0,0,0,0,0,0,0,0,0,0,0,0,0,0,0.0,0.0,0.0,0,0.0,0.0,0.0,0.0,0.0,0,0,0,0.0,6,0,0,0,0,0,0,0,0,0,0,0,0,0,0,0,0,0,0,0,0,0,0,0,0,0,0,0,0,0,0,0.0,0.0,0.0,0,0.0,0.0,0.0,0.0,0.0,0,0,0,0.0
S43G01N214,2023-2024,20240229,2,away,35,0,0,0,0,0,0,0,0,0,0,0,0,0,0,0,0,0,0,0,0,0,0,0,0,0,0,0,0,0,0,0.0,0.0,0.0,0,0.0,0.0,0.0,0.0,0.0,0,0,0,0.0,6,0,0,0,0,0,0,0,0,0,0,0,0,0,0,0,0,0,0,0,0,0,0,0,0,0,0,0,0,0,0,0.0,0.0,0.0,0,0.0,0.0,0.0,0.0,0.0,0,0,0,0.0
S43G01N214,2023-2024,20240229,3,away,35,0,0,0,0,0,0,0,0,0,0,0,0,0,0,0,0,0,0,0,0,0,0,0,0,0,0,0,0,0,0,0.0,0.0,0.0,0,0.0,0.0,0.0,0.0,0.0,0,0,0,0.0,6,0,0,0,0,0,0,0,0,0,0,0,0,0,0,0,0,0,0,0,0,0,0,0,0,0,0,0,0,0,0,0.0,0.0,0.0,0,0.0,0.0,0.0,0.0,0.0,0,0,0,0.0
S43G01N214,2023-2024,20240229,4,away,35,0,0,0,0,0,0,0,0,0,0,0,0,0,0,0,0,0,0,0,0,0,0,0,0,0,0,0,0,0,0,0.0,0.0,0.0,0,0.0,0.0,0.0,0.0,0.0,0,0,0,0.0,6,0,0,0,0,0,0,0,0,0,0,0,0,0,0,0,0,0,0,0,0,0,0,0,0,0,0,0,0,0,0,0.0,0.0,0.0,0,0.0,0.0,0.0,0.0,0.0,0,0,0,0.0
S43G01N214,2023-2024,20240229,5,away,35,0,0,0,0,0,0,0,0,0,0,0,0,0,0,0,0,0,0,0,0,0,0,0,0,0,0,0,0,0,0,0.0,0.0,0.0,0,0.0,0.0,0.0,0.0,0.0,0,0,0,0.0,6,0,0,0,0,0,0,0,0,0,0,0,0,0,0,0,0,0,0,0,0,0,0,0,0,0,0,0,0,0,0,0.0,0.0,0.0,0,0.0,0.0,0.0,0.0,0.0,0,0,0,0.0
S43G01N214,2023-2024,20240229,6,away,35,0,0,0,0,0,0,0,0,0,0,0,0,0,0,0,0,0,0,0,0,0,0,0,0,0,0,0,0,0,0,0.0,0.0,0.0,0,0.0,0.0,0.0,0.0,0.0,0,0,0,0.0,6,0,0,0,0,0,0,0,0,0,0,0,0,0,0,0,0,0,0,0,0,0,0,0,0,0,0,0,0,0,0,0.0,0.0,0.0,0,0.0,0.0,0.0,0.0,0.0,0,0,0,0.0
S43G01N214,2023-2024,20240229,7,away,35,0,0,0,0,0,0,0,0,0,0,0,0,0,0,0,0,0,0,0,0,0,0,0,0,0,0,0,0,0,0,0.0,0.0,0.0,0,0.0,0.0,0.0,0.0,0.0,0,0,0,0.0,6,0,0,0,0,0,0,0,0,0,0,0,0,0,0,0,0,0,0,0,0,0,0,0,0,0,0,0,0,0,0,0.0,0.0,0.0,0,0.0,0.0,0.0,0.0,0.0,0,0,0,0.0
S43G01N214,2023-2024,20240229,8,away,35,0,0,0,0,0,0,0,0,0,0,0,0,0,0,0,0,0,0,0,0,0,0,0,0,0,0,0,0,0,0,0.0,0.0,0.0,0,0.0,0.0,0.0,0.0,0.0,0,0,0,0.0,6,0,0,0,0,0,0,0,0,0,0,0,0,0,0,0,0,0,0,0,0,0,0,0,0,0,0,0,0,0,0,0.0,0.0,0.0,0,0.0,0.0,0.0,0.0,0.0,0,0,0,0.0
S43G01N214,2023-2024,20240229,9,away,35,0,0,0,0,0,0,0,0,0,0,0,0,0,0,0,0,0,0,0,0,0,0,0,0,0,0,0,0,0,0,0.0,0.0,0.0,0,0.0,0.0,0.0,0.0,0.0,0,0,0,0.0,6,0,0,0,0,0,0,0,0,0,0,0,0,0,0,0,0,0,0,0,0,0,0,0,0,0,0,0,0,0,0,0.0,0.0,0.0,0,0.0,0.0,0.0,0.0,0.0,0,0,0,0.0
S43G01N214,2023-2024,20240229,10,away,35,0,0,0,0,0,0,0,0,0,0,0,0,0,0,0,0,0,0,0,0,0,0,0,0,0,0,0,0,0,0,0.0,0.0,0.0,0,0.0,0.0,0.0,0.0,0.0,0,0,0,0.0,6,0,0,0,0,0,0,0,0,0,0,0,0,0,0,0,0,0,0,0,0,0,0,0,0,0,0,0,0,0,0,0.0,0.0,0.0,0,0.0,0.0,0.0,0.0,0.0,0,0,0,0.0
S43G01N214,2023-2024,20240229,11,away,35,0,0,0,0,0,0,0,0,0,0,0,0,0,0,0,0,0,0,0,0,0,0,0,0,0,0,0,0,0,0,0.0,0.0,0.0,0,0.0,0.0,0.0,0.0,0.0,0,0,0,0.0,6,0,0,0,0,0,0,0,0,0,0,0,0,0,0,0,0,0,0,0,0,0,0,0,0,0,0,0,0,0,0,0.0,0.0,0.0,0,0.0,0.0,0.0,0.0,0.0,0,0,0,0.0
S43G01N214,2023-2024,20240229,12,away,35,0,0,0,0,0,0,0,0,0,0,0,0,0,0,0,0,0,0,0,0,0,0,0,0,0,19,0,0,0,0,-200.0,0.0,0.0,0,0.0,0.0,0.0,0.0,0.0,2,1,0,63.1578947368421,6,0,0,0,0,0,0,1,1,0,0,0,0,0,0,0,0,1,1,0,0,2,1,0,0,0,19,0,0,0,0,200.0,100.0,100.0,2,0.0,0.0,0.0,0.0,0.0,2,1,2,63.1578947368421
S43G01N214,2023-2024,20240229,13,away,35,0,0,0,0,0,0,0,0,0,0,0,0,0,0,0,0,0,0,0,0,0,0,0,0,0,19,0,0,0,0,-200.0,0.0,0.0,0,0.0,0.0,0.0,0.0,0.0,2,1,0,63.1578947368421,6,1,0,0,0,0,0,1,1,0,0,0,0,0,0,0,0,1,1,0,0,2,1,0,0,0,19,0,0,0,0,200.0,100.0,100.0,3,0.0,0.0,0.0,100.0,0.0,2,1,2,63.1578947368421
S43G01N214,2023-2024,20240229,14,away,35,0,0,0,0,0,0,1,1,0,0,0,0,0,0,0,0,1,1,0,0,2,1,0,0,0,35,0,0,0,0,0.0,100.0,100.0,2,0.0,0.0,0.0,0.0,0.0,2,1,0,68.57142857142857,6,1,0,0,0,0,0,1,1,0,0,0,0,0,0,0,0,1,1,0,0,2,1,0,0,0,35,0,0,0,0,0.0,100.0,100.0,3,0.0,0.0,0.0,100.0,0.0,2,1,2,68.57142857142857
S43G01N214,2023-2024,20240229,15,away,35,0,0,0,0,0,0,1,1,0,0,0,0,0,0,0,0,1,1,0,0,2,1,0,0,0,45,0,0,0,0,-50.0,100.0,100.0,2,0.0,0.0,0.0,0.0,0.0,3,1,0,80.0,6,1,0,0,0,0,0,1,1,1,1,0,0,0,0,0,0,2,2,0,0,5,2,0,0,0,45,0,0,0,0,50.0,125.0,125.0,6,0.0,0.0,0.0,50.0,0.0,3,1,3,80.0
S43G01N214,2023-2024,20240229,16,away,35,0,0,0,0,0,0,1,1,0,0,0,0,0,0,0,0,1,1,0,0,2,1,0,0,0,45,0,0,0,0,-50.0,100.0,100.0,2,0.0,0.0,0.0,0.0,0.0,3,1,0,80.0,6,2,0,0,0,0,0,1,1,1,1,0,0,0,0,0,0,2,2,0,0,5,2,0,0,0,45,0,0,0,0,50.0,125.0,125.0,7,0.0,0.0,0.0,100.0,0.0,3,1,3,80.0
S43G01N214,2023-2024,20240229,17,away,35,0,0,0,0,0,0,1,1,0,0,0,0,0,0,0,0,1,1,0,0,2,1,0,0,0,52,0,0,0,0,-50.0,100.0,100.0,2,0.0,0.0,0.0,0.0,0.0,3,1,0,69.23076923076923,6,2,0,0,0,0,0,1,1,1,1,0,0,0,0,0,0,2,2,1,1,5,2,0,0,0,52,0,0,0,0,50.0,125.0,125.0,7,0.0,0.0,0.0,100.0,0.0,3,1,3,69.23076923076923
S43G01N214,2023-2024,20240229,18,away,35,0,0,0,0,0,0,1,1,0,0,0,0,0,0,0,0,1,1,0,0,2,1,0,0,0,52,0,0,0,0,-50.0,100.0,100.0,2,0.0,0.0,0.0,0.0,0.0,3,1,0,69.23076923076923,6,2,0,0,0,0,0,1,1,1,1,0,0,0,0,0,0,2,2,1,1,5,2,0,0,0,52,0,0,0,0,50.0,125.0,125.0,7,0.0,0.0,0.0,100.0,0.0,3,1,3,69.23076923076923
S43G01N214,2023-2024,20240229,19,away,35,0,0,0,0,0,0,1,1,0,0,0,0,0,0,0,0,1,1,0,0,2,1,0,0,1,67,0,0,0,1,-150.0,100.0,100.0,1,50.0,0.0,0.0,0.0,0.0,3,1,0,71.64179104477611,6,2,0,0,0,0,0,1,1,1,1,0,0,0,0,0,0,2,2,1,1,5,2,0,0,0,67,0,0,0,0,150.0,125.0,125.0,7,0.0,0.0,0.0,100.0,0.0,3,1,3,71.64179104477611
S43G01N214,2023-2024,20240229,20,away,35,0,0,0,0,0,0,1,1,0,0,0,0,0,0,0,0,1,1,0,0,2,1,0,0,1,68,0,0,0,1,-150.0,100.0,100.0,1,50.0,0.0,0.0,0.0,0.0,3,1,0,70.58823529411765,6,2,0,0,0,0,0,1,1,1,1,0,0,0,0,0,0,2,2,1,1,5,2,1,0,0,68,0,0,0,0,150.0,125.0,125.0,8,0.0,0.0,0.0,100.0,0.0,3,1,3,70.58823529411765
S43G01N214,2023-2024,20240229,21,away,35,0,0,0,0,0,0,1,1,0,0,0,0,0,0,0,0,1,1,0,0,2,1,0,0,1,71,0,0,0,1,-133.33333333333334,100.0,100.0,1,50.0,0.0,0.0,0.0,0.0,5,1,0,84.50704225352112,6,2,0,0,0,0,0,2,2,1,1,0,0,0,0,0,0,3,3,1,1,7,3,1,0,0,71,0,0,0,0,133.33333333333334,116.66666666666667,116.66666666666667,10,0.0,0.0,0.0,66.66666666666667,0.0,5,1,5,84.50704225352112
S43G01N214,2023-2024,20240229,22,away,35,0,0,0,0,0,0,1,1,0,0,0,0,0,0,0,0,1,1,0,0,2,1,0,0,1,72,0,0,0,1,-133.33333333333334,100.0,100.0,1,50.0,0.0,0.0,0.0,0.0,5,1,0,83.33333333333334,6,2,0,0,0,0,0,2,2,1,1,0,0,0,0,1,2,3,3,1,1,7,3,1,0,0,72,0,0,0,0,133.33333333333334,116.66666666666667,116.66666666666667,10,0.0,0.0,0.0,66.66666666666667,0.0,5,1,5,83.33333333333334
S43G01N214,2023-2024,20240229,23,away,35,0,0,0,0,0,0,1,1,0,0,0,0,0,0,0,0,1,1,0,0,2,1,0,0,1,80,0,0,0,1,-133.33333333333334,100.0,100.0,1,50.0,0.0,0.0,0.0,0.0,5,1,0,75.0,6,2,0,0,0,0,0,2,2,1,1,0,0,0,0,1,2,3,3,2,2,7,3,1,0,0,80,0,0,0,0,133.33333333333334,116.66666666666667,116.66666666666667,10,0.0,0.0,0.0,66.66666666666667,0.0,5,1,5,75.0
S43G01N214,2023-2024,20240229,24,away,35,0,0,0,0,0,0,1,1,0,0,0,0,0,0,0,0,1,1,0,0,2,1,0,0,1,80,0,0,0,1,-133.33333333333334,100.0,100.0,1,50.0,0.0,0.0,0.0,0.0,5,1,0,75.0,6,2,0,0,0,0,0,2,2,1,1,0,0,0,0,1,2,3,3,2,2,7,3,1,0,0,80,0,0,0,0,133.33333333333334,116.66666666666667,116.66666666666667,10,0.0,0.0,0.0,66.66666666666667,0.0,5,1,5,75.0
S43G01N214,2023-2024,20240229,25,away,35,0,0,0,0,0,0,1,1,0,0,0,0,0,0,0,0,1,1,0,0,2,1,0,0,2,88,0,0,0,2,-166.66666666666669,100.0,100.0,0,66.66666666666667,0.0,0.0,0.0,0.0,5,1,0,81.81818181818181,6,2,0,0,0,0,0,2,2,1,1,0,0,0,0,1,2,3,3,2,2,7,3,1,0,0,88,0,0,0,0,166.66666666666669,116.66666666666667,116.66666666666667,10,0.0,0.0,0.0,66.66666666666667,0.0,5,1,5,81.81818181818181
S43G01N214,2023-2024,20240229,26,away,35,0,0,0,0,0,0,1,1,0,0,0,0,0,0,0,0,1,1,0,0,2,1,0,0,2,89,0,0,0,2,-166.66666666666669,100.0,100.0,0,66.66666666666667,0.0,0.0,0.0,0.0,5,1,0,80.89887640449437,6,2,0,0,0,0,0,2,2,1,1,0,0,0,0,1,2,3,3,2,2,7,3,2,0,0,89,0,0,0,0,166.66666666666669,116.66666666666667,116.66666666666667,11,0.0,0.0,0.0,66.66666666666667,0.0,5,1,5,80.89887640449437
S43G01N214,2023-2024,20240229,27,away,35,0,0,0,0,0,0,1,1,0,0,0,0,0,0,0,0,1,1,0,0,2,1,0,0,2,93,0,0,0,2,-158.33333333333331,100.0,100.0,0,66.66666666666667,0.0,0.0,0.0,0.0,7,1,0,90.32258064516128,6,2,0,0,0,0,0,3,3,1,1,0,0,0,0,1,2,4,4,2,2,9,4,2,0,0,93,0,0,0,0,158.33333333333331,112.5,112.5,13,0.0,0.0,0.0,50.0,0.0,7,1,7,90.32258064516128
S43G01N214,2023-2024,20240229,28,away,35,0,0,0,0,0,0,1,1,0,0,0,0,0,0,0,0,1,1,0,0,2,1,0,0,2,93,0,0,0,2,-158.33333333333331,100.0,100.0,0,66.66666666666667,0.0,0.0,0.0,0.0,7,1,0,90.32258064516128,6,3,0,0,0,0,0,3,3,1,1,0,0,0,0,1,2,4,4,2,2,9,4,2,0,0,93,0,0,0,0,158.33333333333331,112.5,112.5,14,0.0,0.0,0.0,75.0,0.0,7,1,7,90.32258064516128
S43G01N214,2023-2024,20240229,29,away,35,0,0,0,0,0,0,1,1,0,0,0,0,0,0,0,0,1,1,0,0,2,1,0,0,2,94,0,0,0,2,-158.33333333333331,100.0,100.0,0,66.66666666666667,0.0,0.0,0.0,0.0,7,1,0,89.36170212765957,6,3,0,0,0,0,0,3,3,1,1,0,0,0,0,2,4,4,4,2,2,9,4,2,0,0,94,0,0,0,0,158.33333333333331,112.5,112.5,14,0.0,0.0,0.0,75.0,0.0,7,1,7,89.36170212765957
S43G01N214,2023-2024,20240229,30,away,35,0,0,0,0,0,0,1,1,0,0,0,0,0,0,0,0,1,1,0,0,2,1,0,0,3,102,0,0,0,3,-175.0,100.0,100.0,-1,75.0,0.0,0.0,0.0,0.0,7,1,0,94.11764705882354,6,3,0,0,0,0,0,3,3,1,1,0,0,0,0,2,4,4,4,2,2,9,4,2,0,0,102,0,0,0,0,175.0,112.5,112.5,14,0.0,0.0,0.0,75.0,0.0,7,1,7,94.11764705882354
S43G01N214,2023-2024,20240229,31,away,35,0,0,0,0,0,0,1,1,0,0,0,0,0,0,0,0,1,1,0,0,2,1,0,0,3,103,0,0,0,3,-175.0,100.0,100.0,-1,75.0,0.0,0.0,0.0,0.0,7,1,0,93.20388349514563,6,3,0,0,0,0,0,3,3,1,1,0,0,0,0,2,4,4,4,2,2,9,4,3,0,0,103,0,0,0,0,175.0,112.5,112.5,15,0.0,0.0,0.0,75.0,0.0,7,1,7,93.20388349514563
S43G01N214,2023-2024,20240229,32,away,35,0,0,0,0,0,0,1,1,0,0,0,0,0,0,0,0,1,1,0,0,2,1,0,0,3,106,0,0,0,3,-130.0,100.0,100.0,-1,75.0,0.0,0.0,0.0,0.0,7,1,0,101.88679245283018,6,3,0,0,0,0,0,4,3,1,1,0,0,0,0,2,4,5,4,2,2,9,5,3,0,0,106,0,0,0,0,130.0,90.0,90.0,14,0.0,0.0,0.0,75.0,0.0,7,1,7,101.88679245283018
S43G01N214,2023-2024,20240229,33,away,35,0,0,1,0,1,0,1,1,0,0,0,0,0,0,0,0,1,1,0,0,2,1,0,0,3,108,0,0,0,3,-130.0,100.0,100.0,0,75.0,0.0,0.0,0.0,0.0,7,1,0,100.0,6,3,0,0,0,0,0,4,3,1,1,0,0,0,0,2,4,5,4,2,2,9,5,3,0,0,108,0,0,0,0,130.0,90.0,90.0,14,0.0,0.0,0.0,75.0,0.0,7,1,7,100.0
S43G01N214,2023-2024,20240229,34,away,35,0,0,1,0,1,0,1,1,0,0,0,0,0,0,0,0,1,1,0,0,2,1,0,0,3,114,0,0,0,3,-130.0,100.0,100.0,0,75.0,0.0,0.0,0.0,0.0,7,1,0,94.73684210526316,6,3,0,0,0,0,0,4,3,1,1,0,0,0,0,2,4,5,4,3,2,9,5,3,0,0,114,0,0,0,0,130.0,90.0,90.0,14,0.0,0.0,0.0,75.0,0.0,7,1,7,94.73684210526316
S43G01N214,2023-2024,20240229,35,away,35,0,0,1,0,1,0,1,1,0,0,0,0,0,0,0,0,1,1,0,0,2,1,0,0,3,114,0,0,0,3,-130.0,100.0,100.0,0,75.0,0.0,0.0,0.0,0.0,7,1,0,94.73684210526316,6,3,0,0,0,0,0,4,3,1,1,0,0,0,0,2,4,5,4,3,2,9,5,3,0,0,114,0,0,0,0,130.0,90.0,90.0,14,0.0,0.0,0.0,75.0,0.0,7,1,7,94.73684210526316
S43G01N214,2023-2024,20240229,36,away,35,1,0,1,0,1,0,1,1,0,0,0,0,0,0,0,0,1,1,0,0,2,1,0,0,3,114,0,0,0,3,-130.0,100.0,100.0,1,75.0,0.0,0.0,100.0,0.3333333333333333,7,1,0,94.73684210526316,6,3,0,0,0,0,0,4,3,1,1,0,0,0,0,2,4,5,4,3,2,9,5,3,0,0,114,0,0,0,0,130.0,90.0,90.0,14,0.0,0.0,0.0,75.0,0.0,7,1,7,94.73684210526316
S43G01N214,2023-2024,20240229,37,away,35,1,0,1,0,1,0,1,1,0,0,0,0,0,0,0,0,1,1,0,0,2,1,0,0,3,114,0,0,0,3,-130.0,100.0,100.0,1,75.0,0.0,0.0,100.0,0.3333333333333333,7,1,0,94.73684210526316,6,3,0,0,0,0,0,4,3,1,1,0,0,0,0,2,4,5,4,3,2,9,5,3,0,0,114,0,0,0,0,130.0,90.0,90.0,14,0.0,0.0,0.0,75.0,0.0,7,1,7,94.73684210526316
S43G01N214,2023-2024,20240229,38,away,35,1,0,1,0,1,0,1,1,0,0,0,0,0,0,0,0,1,1,0,0,2,1,0,0,3,114,0,0,0,3,-130.0,100.0,100.0,1,75.0,0.0,0.0,100.0,0.3333333333333333,7,1,0,94.73684210526316,6,3,0,0,0,0,0,4,3,1,1,0,0,0,0,2,4,5,4,3,2,9,5,3,0,0,114,0,0,0,0,130.0,90.0,90.0,14,0.0,0.0,0.0,75.0,0.0,7,1,7,94.73684210526316
S43G01N214,2023-2024,20240229,39,away,35,1,0,1,0,1,0,1,1,0,0,0,0,1,1,0,0,1,1,0,0,3,2,0,0,3,114,0,0,0,3,-112.43243243243242,104.16666666666667,100.0,2,67.56756756756758,0.0,100.0,100.0,0.3333333333333333,1,1,0,99.36842105263158,6,3,0,0,0,0,0,4,3,1,1,0,0,0,0,2,4,5,4,3,2,9,5,3,0,0,114,0,0,0,0,112.43243243243242,90.0,90.0,14,0.0,0.0,0.0,75.0,0.0,1,1,7,99.36842105263158
S43G01N214,2023-2024,20240229,40,away,35,1,0,1,0,1,0,1,1,0,0,0,0,2,2,0,0,1,1,0,0,4,3,0,0,3,114,0,0,0,3,-98.0327868852459,106.38297872340426,100.0,3,61.47540983606557,0.0,100.0,100.0,0.3333333333333333,2,1,0,104.0,6,3,0,0,0,0,0,4,3,1,1,0,0,0,0,2,4,5,4,3,2,9,5,3,0,0,114,0,0,0,0,98.0327868852459,90.0,90.0,14,0.0,0.0,0.0,75.0,0.0,2,1,7,104.0
S43G01N214,2023-2024,20240229,41,away,35,1,0,1,0,1,0,1,1,0,0,0,0,2,2,0,0,1,1,1,1,4,3,0,0,3,130,0,0,0,3,-98.0327868852459,106.38297872340426,100.0,3,61.47540983606557,0.0,100.0,100.0,0.3333333333333333,2,1,0,91.19999999999999,6,3,0,0,0,0,0,4,3,1,1,0,0,0,0,2,4,5,4,3,2,9,5,3,0,0,130,0,0,0,0,98.0327868852459,90.0,90.0,14,0.0,0.0,0.0,75.0,0.0,2,1,7,91.19999999999999
S43G01N214,2023-2024,20240229,42,away,35,1,0,1,0,1,0,1,1,0,0,0,0,2,2,0,0,1,1,1,1,4,3,0,0,3,130,0,0,0,3,-98.0327868852459,106.38297872340426,100.0,3,61.47540983606557,0.0,100.0,100.0,0.3333333333333333,2,1,0,91.19999999999999,6,3,0,0,0,0,0,4,3,1,1,0,0,0,0,2,4,5,4,3,2,9,5,3,0,0,130,0,0,0,0,98.0327868852459,90.0,90.0,14,0.0,0.0,0.0,75.0,0.0,2,1,7,91.19999999999999
S43G01N214,2023-2024,20240229,43,away,35,1,0,1,0,1,0,1,1,0,0,0,0,2,2,0,0,1,1,1,1,4,3,0,0,3,137,0,0,0,3,-118.0327868852459,106.38297872340426,100.0,3,61.47540983606557,0.0,100.0,100.0,0.3333333333333333,3,1,0,95.2992700729927,6,3,0,0,0,0,0,4,3,2,2,0,0,0,0,2,4,6,5,3,2,12,6,3,0,0,137,0,0,0,0,118.0327868852459,100.0,100.0,17,0.0,0.0,0.0,60.0,0.0,3,1,8,95.2992700729927
S43G01N214,2023-2024,20240229,44,away,35,1,0,1,0,1,0,1,1,0,0,0,0,2,2,0,0,1,1,1,1,4,3,0,0,3,137,0,0,0,3,-118.0327868852459,106.38297872340426,100.0,3,61.47540983606557,0.0,100.0,100.0,0.3333333333333333,3,1,0,95.2992700729927,6,4,0,0,0,0,0,4,3,2,2,0,0,0,0,2,4,6,5,3,2,12,6,3,0,0,137,0,0,0,0,118.0327868852459,100.0,100.0,18,0.0,0.0,0.0,80.0,0.0,3,1,8,95.2992700729927
S43G01N214,2023-2024,20240229,45,away,35,1,0,1,0,1,0,1,1,0,0,0,0,2,2,0,0,1,1,1,1,4,3,0,0,3,149,0,0,0,3,-118.0327868852459,106.38297872340426,100.0,3,61.47540983606557,0.0,100.0,100.0,0.3333333333333333,3,1,0,87.6241610738255,6,4,0,0,0,0,0,4,3,2,2,0,0,0,0,2,4,6,5,4,3,12,6,3,0,0,149,0,0,0,0,118.0327868852459,100.0,100.0,18,0.0,0.0,0.0,80.0,0.0,3,1,8,87.6241610738255
S43G01N214,2023-2024,20240229,46,away,35,1,0,1,0,1,0,1,1,0,0,0,0,2,2,0,0,1,1,1,1,4,3,0,0,3,149,0,0,0,3,-118.0327868852459,106.38297872340426,100.0,3,61.47540983606557,0.0,100.0,100.0,0.3333333333333333,3,1,0,87.6241610738255,6,4,0,0,0,0,0,4,3,2,2,0,0,0,0,2,4,6,5,4,3,12,6,3,0,0,149,0,0,0,0,118.0327868852459,100.0,100.0,18,0.0,0.0,0.0,80.0,0.0,3,1,8,87.6241610738255
S43G01N214,2023-2024,20240229,47,away,35,1,0,1,0,1,0,1,1,0,0,0,0,2,2,0,0,1,1,1,1,4,3,0,0,3,153,0,0,0,3,-118.0327868852459,106.38297872340426,100.0,3,61.47540983606557,0.0,100.0,100.0,0.3333333333333333,3,1,0,85.33333333333333,6,4,0,0,0,0,0,4,3,2,2,0,0,0,0,2,4,6,5,5,3,12,6,3,0,0,153,0,0,0,0,118.0327868852459,100.0,100.0,18,0.0,0.0,0.0,80.0,0.0,3,1,8,85.33333333333333
S43G01N214,2023-2024,20240229,48,away,35,1,0,1,0,1,0,1,1,0,0,0,0,2,2,0,0,1,1,1,1,4,3,0,0,3,153,0,0,0,3,-118.0327868852459,106.38297872340426,100.0,3,61.47540983606557,0.0,100.0,100.0,0.3333333333333333,3,1,0,85.33333333333333,6,4,0,0,0,0,0,4,3,2,2,0,0,0,0,2,4,6,5,5,3,12,6,3,0,0,153,0,0,0,0,118.0327868852459,100.0,100.0,18,0.0,0.0,0.0,80.0,0.0,3,1,8,85.33333333333333
S43G01N214,2023-2024,20240229,49,away,35,2,0,1,0,1,0,1,1,0,0,0,0,2,2,0,0,1,1,1,1,4,3,0,0,3,153,0,0,0,3,-118.0327868852459,106.38297872340426,100.0,4,61.47540983606557,0.0,100.0,200.0,0.6666666666666666,3,1,0,85.33333333333333,6,4,0,0,0,0,0,4,3,2,2,0,0,0,0,2,4,6,5,5,3,12,6,3,0,0,153,0,0,0,0,118.0327868852459,100.0,100.0,18,0.0,0.0,0.0,80.0,0.0,3,1,8,85.33333333333333
S43G01N214,2023-2024,20240229,50,away,35,2,0,1,0,1,0,1,1,0,0,0,0,3,3,0,0,1,1,1,1,5,4,0,0,3,153,0,0,0,3,-106.01503759398497,107.75862068965516,100.0,5,56.39097744360902,0.0,100.0,200.0,0.6666666666666666,1,1,0,88.7843137254902,6,4,0,0,0,0,0,4,3,2,2,0,0,0,0,2,4,6,5,5,3,12,6,3,0,0,153,0,0,0,0,106.01503759398497,100.0,100.0,18,0.0,0.0,0.0,80.0,0.0,1,1,8,88.7843137254902
S43G01N214,2023-2024,20240229,51,away,35,2,0,1,0,1,0,1,1,0,0,0,0,4,4,0,0,1,1,1,1,6,5,0,0,3,153,0,0,0,3,-95.83333333333333,108.69565217391305,100.0,6,52.083333333333336,0.0,100.0,200.0,0.6666666666666666,2,1,0,92.23529411764706,6,4,0,0,0,0,0,4,3,2,2,0,0,0,0,2,4,6,5,5,3,12,6,3,0,0,153,0,0,0,0,95.83333333333333,100.0,100.0,18,0.0,0.0,0.0,80.0,0.0,2,1,8,92.23529411764706
S43G01N214,2023-2024,20240229,52,away,35,2,0,1,0,1,0,1,1,0,0,0,0,4,4,0,0,1,1,1,1,6,5,0,0,3,175,0,0,0,3,-67.26190476190474,108.69565217391305,100.0,6,52.083333333333336,0.0,100.0,200.0,0.6666666666666666,2,1,0,87.49714285714285,6,4,0,0,0,0,0,4,3,3,2,0,0,0,0,2,4,7,5,5,3,12,7,3,0,0,175,0,0,0,0,67.26190476190474,85.71428571428571,85.71428571428571,17,0.0,0.0,0.0,80.0,0.0,2,1,8,87.49714285714285
S43G01N214,2023-2024,20240229,53,away,35,2,0,2,0,2,0,1,1,0,0,0,0,4,4,0,0,1,1,1,1,6,5,0,0,3,176,0,0,0,3,-67.26190476190474,108.69565217391305,100.0,7,52.083333333333336,0.0,100.0,200.0,0.6666666666666666,2,1,0,87.0,6,4,0,0,0,0,0,4,3,3,2,0,0,0,0,2,4,7,5,5,3,12,7,3,0,0,176,0,0,0,0,67.26190476190474,85.71428571428571,85.71428571428571,17,0.0,0.0,0.0,80.0,0.0,2,1,8,87.0
S43G01N214,2023-2024,20240229,54,away,35,2,0,2,0,2,0,1,1,1,0,0,0,4,4,0,0,2,1,1,1,6,6,0,0,3,189,0,0,0,3,-82.67117497886727,79.7872340425532,50.0,6,44.37869822485207,0.0,100.0,200.0,0.6666666666666666,2,1,0,87.36507936507935,6,4,0,0,0,0,0,4,3,3,2,0,0,0,0,2,4,7,5,5,3,12,7,3,0,0,189,0,0,0,0,82.67117497886727,85.71428571428571,85.71428571428571,17,0.0,0.0,0.0,80.0,0.0,2,1,8,87.36507936507935
S43G01N214,2023-2024,20240229,55,away,35,2,0,2,1,3,0,1,1,1,0,0,0,4,4,0,0,2,1,1,1,6,6,0,0,3,190,0,0,0,3,-67.26190476190474,79.7872340425532,50.0,7,44.37869822485207,100.0,100.0,200.0,0.6666666666666666,2,1,0,80.58947368421053,6,4,0,0,0,0,0,4,3,3,2,0,0,0,0,2,4,7,5,5,3,12,7,3,0,0,190,0,0,0,0,67.26190476190474,85.71428571428571,85.71428571428571,17,0.0,0.0,0.0,80.0,0.0,2,1,8,80.58947368421053
S43G01N214,2023-2024,20240229,56,away,35,2,0,2,1,3,0,2,2,1,0,0,0,4,4,0,0,3,2,1,1,8,7,0,0,3,192,0,0,0,3,-53.08537616229923,84.03361344537815,66.66666666666667,9,38.65979381443299,100.0,100.0,100.0,0.6666666666666666,4,1,0,86.0,6,4,0,0,0,0,0,4,3,3,2,0,0,0,0,2,4,7,5,5,3,12,7,3,0,0,192,0,0,0,0,53.08537616229923,85.71428571428571,85.71428571428571,17,0.0,0.0,0.0,80.0,0.0,4,1,8,86.0
S43G01N214,2023-2024,20240229,57,away,35,2,0,2,1,3,0,2,2,1,0,0,0,4,4,0,0,3,2,2,2,8,7,0,0,3,202,0,0,0,3,-53.08537616229923,84.03361344537815,66.66666666666667,9,38.65979381443299,100.0,100.0,100.0,0.6666666666666666,4,1,0,81.74257425742574,6,4,0,0,0,0,0,4,3,3,2,0,0,0,0,2,4,7,5,5,3,12,7,3,0,0,202,0,0,0,0,53.08537616229923,85.71428571428571,85.71428571428571,17,0.0,0.0,0.0,80.0,0.0,4,1,8,81.74257425742574
S43G01N214,2023-2024,20240229,58,away,35,2,0,2,1,3,0,2,2,1,0,0,0,4,4,0,0,3,2,2,2,8,7,0,0,3,202,0,0,0,3,-53.08537616229923,84.03361344537815,66.66666666666667,9,38.65979381443299,100.0,100.0,100.0,0.6666666666666666,4,1,0,81.74257425742574,6,4,0,0,0,0,0,4,3,3,2,0,0,0,0,2,4,7,5,5,3,12,7,3,0,0,202,0,0,0,0,53.08537616229923,85.71428571428571,85.71428571428571,17,0.0,0.0,0.0,80.0,0.0,4,1,8,81.74257425742574
S43G01N214,2023-2024,20240229,59,away,35,2,0,2,1,3,0,2,2,1,0,0,0,4,4,0,0,3,2,2,2,8,7,0,0,3,212,0,0,0,3,-56.65680473372781,84.03361344537815,66.66666666666667,9,38.65979381443299,100.0,100.0,100.0,0.6666666666666666,2,1,0,83.54716981132074,6,4,0,0,0,0,0,5,4,3,2,0,0,0,0,2,4,8,6,5,3,14,8,3,0,0,212,0,0,0,0,56.65680473372781,87.5,87.5,19,0.0,0.0,0.0,66.66666666666667,0.0,2,1,8,83.54716981132074
S43G01N214,2023-2024,20240229,60,away,35,2,0,2,1,3,0,2,2,1,0,0,0,4,4,0,0,3,2,2,2,8,7,0,0,3,212,0,0,0,3,-56.65680473372781,84.03361344537815,66.66666666666667,9,38.65979381443299,100.0,100.0,100.0,0.6666666666666666,2,1,0,83.54716981132074,6,5,0,0,0,0,0,5,4,3,2,0,0,0,0,2,4,8,6,5,3,14,8,3,0,0,212,0,0,0,0,56.65680473372781,87.5,87.5,20,0.0,0.0,0.0,83.33333333333333,0.0,2,1,8,83.54716981132074
S43G01N214,2023-2024,20240229,61,away,35,2,0,2,1,3,0,2,2,1,0,0,0,4,4,0,0,3,2,2,2,8,7,0,0,3,230,0,0,0,3,-56.65680473372781,84.03361344537815,66.66666666666667,9,38.65979381443299,100.0,100.0,100.0,0.6666666666666666,2,1,0,77.00869565217391,6,5,0,0,0,0,0,5,4,3,2,0,0,0,0,2,4,8,6,6,3,14,8,3,0,0,230,0,0,0,0,56.65680473372781,87.5,87.5,20,0.0,0.0,0.0,83.33333333333333,0.0,2,1,8,77.00869565217391
S43G01N214,2023-2024,20240229,62,away,35,3,0,2,1,3,0,2,2,1,0,0,0,4,4,0,0,3,2,2,2,8,7,0,0,3,230,0,0,0,3,-56.65680473372781,84.03361344537815,66.66666666666667,10,38.65979381443299,100.0,100.0,150.0,1.0,2,1,0,77.00869565217391,6,5,0,0,0,0,0,5,4,3,2,0,0,0,0,2,4,8,6,6,3,14,8,3,0,0,230,0,0,0,0,56.65680473372781,87.5,87.5,20,0.0,0.0,0.0,83.33333333333333,0.0,2,1,8,77.00869565217391
S43G01N214,2023-2024,20240229,63,away,35,3,0,2,1,3,0,2,2,1,0,0,0,5,5,0,0,3,2,2,2,9,8,0,0,3,230,0,0,0,3,-49.999999999999986,86.53846153846153,66.66666666666667,11,36.58536585365854,100.0,100.0,150.0,1.0,1,1,0,79.30434782608695,6,5,0,0,0,0,0,5,4,3,2,0,0,0,0,2,4,8,6,6,3,14,8,3,0,0,230,0,0,0,0,49.999999999999986,87.5,87.5,20,0.0,0.0,0.0,83.33333333333333,0.0,1,1,8,79.30434782608695
S43G01N214,2023-2024,20240229,64,away,35,3,0,2,1,3,0,2,2,1,0,0,0,6,6,0,0,3,2,2,2,10,9,0,0,3,230,0,0,0,3,-44.10994764397907,88.65248226950354,66.66666666666667,12,34.72222222222222,100.0,100.0,150.0,1.0,2,1,0,81.60000000000001,6,5,0,0,0,0,0,5,4,3,2,0,0,0,0,2,4,8,6,6,3,14,8,3,0,0,230,0,0,0,0,44.10994764397907,87.5,87.5,20,0.0,0.0,0.0,83.33333333333333,0.0,2,1,8,81.60000000000001
S43G01N214,2023-2024,20240229,65,away,35,3,0,2,1,3,0,2,2,1,0,0,0,6,6,0,0,3,2,2,2,10,9,0,0,3,244,0,0,0,3,-46.88772542175684,88.65248226950354,66.66666666666667,12,34.72222222222222,100.0,100.0,150.0,1.0,2,1,0,81.8360655737705,6,5,0,0,0,0,0,6,5,3,2,0,0,0,0,2,4,9,7,6,3,16,9,3,0,0,244,0,0,0,0,46.88772542175684,88.88888888888889,88.88888888888889,22,0.0,0.0,0.0,71.42857142857143,0.0,2,1,8,81.8360655737705
S43G01N214,2023-2024,20240229,66,away,35,3,0,2,1,3,0,2,2,1,0,0,0,6,6,0,0,3,2,2,2,10,9,0,0,3,244,0,0,0,3,-46.88772542175684,88.65248226950354,66.66666666666667,12,34.72222222222222,100.0,100.0,150.0,1.0,2,1,0,81.8360655737705,6,6,0,0,0,0,0,6,5,3,2,0,0,0,0,2,4,9,7,6,3,16,9,3,0,0,244,0,0,0,0,46.88772542175684,88.88888888888889,88.88888888888889,23,0.0,0.0,0.0,85.71428571428571,0.0,2,1,8,81.8360655737705
S43G01N214,2023-2024,20240229,67,away,35,3,0,2,1,3,0,3,3,1,0,0,0,6,6,0,0,4,3,2,2,12,10,0,0,3,262,0,0,0,3,-38.888888888888886,90.36144578313252,75.0,14,31.12033195020747,100.0,100.0,100.0,1.0,2,1,0,80.79389312977099,6,6,0,0,0,0,0,6,5,3,2,0,0,0,0,2,4,9,7,6,3,16,9,3,0,0,262,0,0,0,0,38.888888888888886,88.88888888888889,88.88888888888889,23,0.0,0.0,0.0,85.71428571428571,0.0,2,1,8,80.79389312977099
S43G01N214,2023-2024,20240229,68,away,35,3,0,2,1,3,0,3,3,1,0,0,0,6,6,0,0,4,3,2,2,12,10,0,0,3,267,0,0,0,3,-21.111111111111114,90.36144578313252,75.0,14,31.12033195020747,100.0,100.0,100.0,1.0,2,1,0,83.77528089887642,6,6,0,0,0,0,0,6,5,3,2,0,0,0,0,2,4,9,7,6,3,16,9,3,0,1,267,0,0,0,1,21.111111111111114,88.88888888888889,88.88888888888889,22,10.0,0.0,0.0,85.71428571428571,6.0,2,1,8,83.77528089887642
S43G01N214,2023-2024,20240229,69,away,35,3,0,2,1,3,0,3,3,1,0,0,0,6,6,0,0,4,3,2,2,12,10,0,0,3,267,0,0,0,3,-21.111111111111114,90.36144578313252,75.0,14,31.12033195020747,100.0,100.0,100.0,1.0,2,1,0,83.77528089887642,6,6,0,0,0,0,0,6,5,3,2,0,0,0,0,2,4,9,7,6,3,16,9,3,0,1,267,0,0,0,1,21.111111111111114,88.88888888888889,88.88888888888889,22,10.0,0.0,0.0,85.71428571428571,6.0,2,1,8,83.77528089887642
S43G01N214,2023-2024,20240229,70,away,35,3,0,2,1,3,0,3,3,1,0,0,0,6,6,0,0,4,3,2,2,12,10,0,0,3,267,0,0,0,3,-21.111111111111114,90.36144578313252,75.0,14,31.12033195020747,100.0,100.0,100.0,1.0,2,1,0,83.77528089887642,6,6,0,0,0,0,0,6,5,3,2,0,0,0,0,2,4,9,7,6,3,16,9,3,0,1,267,0,0,0,1,21.111111111111114,88.88888888888889,88.88888888888889,22,10.0,0.0,0.0,85.71428571428571,6.0,2,1,8,83.77528089887642
S43G01N214,2023-2024,20240229,71,away,35,3,0,2,1,3,0,3,3,1,0,0,0,6,6,0,0,4,3,2,2,12,10,0,0,3,267,0,0,0,3,-21.111111111111114,90.36144578313252,75.0,14,31.12033195020747,100.0,100.0,100.0,1.0,2,1,0,83.77528089887642,6,6,0,0,0,0,0,6,5,3,2,0,0,0,0,2,4,9,7,6,3,16,9,3,0,1,267,0,0,0,1,21.111111111111114,88.88888888888889,88.88888888888889,22,10.0,0.0,0.0,85.71428571428571,6.0,2,1,8,83.77528089887642
S43G01N214,2023-2024,20240229,72,away,35,3,0,2,1,3,0,3,3,1,0,0,0,6,6,0,0,4,3,2,2,12,10,0,0,3,267,0,0,0,3,-21.111111111111114,90.36144578313252,75.0,14,31.12033195020747,100.0,100.0,100.0,1.0,2,1,0,83.77528089887642,6,6,0,0,0,0,0,6,5,3,2,0,0,0,0,2,4,9,7,6,3,16,9,3,0,1,267,0,0,0,1,21.111111111111114,88.88888888888889,88.88888888888889,22,10.0,0.0,0.0,85.71428571428571,6.0,2,1,8,83.77528089887642
S43G01N214,2023-2024,20240229,73,away,35,3,0,2,1,3,0,4,3,1,0,0,0,6,6,0,0,5,3,2,2,12,11,0,0,3,282,0,0,0,3,-35.518672199170126,78.53403141361255,60.0,13,28.19548872180451,100.0,100.0,100.0,1.0,2,1,0,83.57446808510639,6,6,0,0,0,0,0,6,5,3,2,0,0,0,0,2,4,9,7,6,3,16,9,3,0,1,282,0,0,0,1,35.518672199170126,88.88888888888889,88.88888888888889,22,10.0,0.0,0.0,85.71428571428571,6.0,2,1,8,83.57446808510639
S43G01N214,2023-2024,20240229,74,away,35,3,0,2,1,3,0,4,3,1,0,0,0,6,6,0,0,5,3,2,2,12,11,0,0,3,284,0,0,0,3,-35.518672199170126,78.53403141361255,60.0,13,28.19548872180451,50.0,100.0,100.0,1.0,2,1,0,82.98591549295774,6,6,0,1,0,1,0,6,5,3,2,0,0,0,0,2,4,9,7,6,3,16,9,3,0,1,284,0,0,0,1,35.518672199170126,88.88888888888889,88.88888888888889,23,10.0,0.0,0.0,85.71428571428571,6.0,2,1,8,82.98591549295774
S43G01N214,2023-2024,20240229,75,away,35,3,0,2,1,3,0,4,3,1,0,0,0,6,6,0,0,5,3,2,2,12,11,0,0,3,291,0,0,0,3,-20.973217653715594,78.53403141361255,60.0,13,28.19548872180451,50.0,100.0,100.0,1.0,2,1,0,85.11340206185567,6,6,0,1,0,1,0,7,5,3,2,0,0,0,0,2,4,10,7,6,3,16,10,3,0,1,291,0,0,0,1,20.973217653715594,80.0,80.0,22,9.090909090909092,0.0,0.0,85.71428571428571,6.0,2,1,8,85.11340206185567
S43G01N214,2023-2024,20240229,76,away,35,3,0,3,1,4,0,4,3,1,0,0,0,6,6,0,0,5,3,2,2,12,11,0,0,3,292,0,0,0,3,-20.973217653715594,78.53403141361255,60.0,14,28.19548872180451,50.0,100.0,100.0,1.0,2,1,0,84.82191780821918,6,6,0,1,0,1,0,7,5,3,2,0,0,0,0,2,4,10,7,6,3,16,10,3,0,1,292,0,0,0,1,20.973217653715594,80.0,80.0,22,9.090909090909092,0.0,0.0,85.71428571428571,6.0,2,1,8,84.82191780821918
S43G01N214,2023-2024,20240229,77,away,35,3,0,3,1,4,0,4,3,2,0,0,0,6,6,0,0,6,3,2,2,12,12,0,0,3,304,0,0,0,3,-32.67259056732743,69.44444444444444,50.0,13,25.773195876288657,50.0,100.0,100.0,1.0,2,1,0,85.42105263157895,6,6,0,1,0,1,0,7,5,3,2,0,0,0,0,2,4,10,7,6,3,16,10,3,0,1,304,0,0,0,1,32.67259056732743,80.0,80.0,22,9.090909090909092,0.0,0.0,85.71428571428571,6.0,2,1,8,85.42105263157895
S43G01N214,2023-2024,20240229,78,away,35,3,0,3,2,5,0,4,3,2,0,0,0,6,6,0,0,6,3,2,2,12,12,0,0,3,309,0,0,0,3,-20.973217653715594,69.44444444444444,50.0,14,25.773195876288657,66.66666666666667,100.0,100.0,1.0,2,1,0,80.15533980582525,6,6,0,1,0,1,0,7,5,3,2,0,0,0,0,2,4,10,7,6,3,16,10,3,0,1,309,0,0,0,1,20.973217653715594,80.0,80.0,22,9.090909090909092,0.0,0.0,85.71428571428571,6.0,2,1,8,80.15533980582525
S43G01N214,2023-2024,20240229,79,away,35,3,0,3,2,5,0,4,3,2,0,0,0,6,6,0,0,6,3,2,2,12,12,0,0,4,310,0,0,0,4,-32.67259056732743,69.44444444444444,50.0,13,31.645569620253163,66.66666666666667,100.0,100.0,0.75,2,1,0,83.76774193548387,6,6,0,1,0,1,0,7,5,3,2,0,0,0,0,2,4,10,7,6,3,16,10,3,0,1,310,0,0,0,1,32.67259056732743,80.0,80.0,22,9.090909090909092,0.0,0.0,85.71428571428571,6.0,2,1,8,83.76774193548387
S43G01N214,2023-2024,20240229,80,away,35,3,0,3,2,5,0,4,3,2,0,0,0,6,6,0,0,6,3,2,2,12,12,0,0,4,311,0,0,0,4,-32.67259056732743,69.44444444444444,50.0,13,31.645569620253163,66.66666666666667,100.0,100.0,0.75,2,1,0,83.4983922829582,6,6,0,1,0,1,0,7,5,3,2,0,0,0,0,2,4,10,7,6,3,16,10,4,0,1,311,0,0,0,1,32.67259056732743,80.0,80.0,23,9.090909090909092,0.0,0.0,85.71428571428571,6.0,2,1,8,83.4983922829582
S43G01N214,2023-2024,20240229,81,away,35,3,0,3,2,5,0,4,3,2,0,0,0,6,6,0,0,6,3,3,3,12,12,0,0,4,313,0,0,0,4,-32.67259056732743,69.44444444444444,50.0,13,31.645569620253163,66.66666666666667,100.0,100.0,0.75,2,1,0,82.96485623003196,6,6,0,1,0,1,0,7,5,3,2,0,0,0,0,2,4,10,7,6,3,16,10,4,0,1,313,0,0,0,1,32.67259056732743,80.0,80.0,23,9.090909090909092,0.0,0.0,85.71428571428571,6.0,2,1,8,82.96485623003196
S43G01N214,2023-2024,20240229,82,away,35,3,0,3,2,5,0,4,3,2,0,0,0,6,6,0,0,6,3,3,3,12,12,0,0,4,313,0,0,0,4,-32.67259056732743,69.44444444444444,50.0,13,31.645569620253163,66.66666666666667,100.0,100.0,0.75,2,1,0,82.96485623003196,6,6,0,1,0,1,0,7,5,3,2,0,0,0,0,2,4,10,7,6,3,16,10,4,0,1,313,0,0,0,1,32.67259056732743,80.0,80.0,23,9.090909090909092,0.0,0.0,85.71428571428571,6.0,2,1,8,82.96485623003196
S43G01N214,2023-2024,20240229,83,away,35,3,0,3,2,5,0,4,3,2,0,0,0,6,6,0,0,6,3,3,3,12,12,0,0,4,324,0,0,0,4,-37.218045112781965,69.44444444444444,50.0,13,31.645569620253163,66.66666666666667,100.0,100.0,0.75,2,1,0,83.85185185185185,6,6,0,1,0,1,0,8,6,3,2,0,0,0,0,2,4,11,8,6,3,18,11,4,0,1,324,0,0,0,1,37.218045112781965,81.81818181818181,81.81818181818181,25,8.333333333333334,0.0,0.0,75.0,6.0,2,1,8,83.85185185185185
S43G01N214,2023-2024,20240229,84,away,35,3,0,3,2,5,0,4,3,2,0,0,0,6,6,0,0,6,3,3,3,12,12,0,0,4,324,0,0,0,4,-37.218045112781965,69.44444444444444,50.0,13,31.645569620253163,66.66666666666667,100.0,100.0,0.75,2,1,0,83.85185185185185,6,7,0,1,0,1,0,8,6,3,2,0,0,0,0,2,4,11,8,6,3,18,11,4,0,1,324,0,0,0,1,37.218045112781965,81.81818181818181,81.81818181818181,26,8.333333333333334,0.0,0.0,87.5,7.0,2,1,8,83.85185185185185
S43G01N214,2023-2024,20240229,85,away,35,3,0,3,2,5,0,5,3,2,0,0,0,6,6,0,0,7,3,3,3,12,13,0,0,4,343,0,0,0,4,-46.90721649484537,62.24066390041494,42.857142857142854,12,29.325513196480937,66.66666666666667,100.0,100.0,0.75,2,1,0,82.70553935860059,6,7,0,1,0,1,0,8,6,3,2,0,0,0,0,2,4,11,8,6,3,18,11,4,0,1,343,0,0,0,1,46.90721649484537,81.81818181818181,81.81818181818181,26,8.333333333333334,0.0,0.0,87.5,7.0,2,1,8,82.70553935860059
S43G01N214,2023-2024,20240229,86,away,35,3,0,3,2,5,0,5,3,2,0,0,0,6,6,0,0,7,3,3,3,12,13,0,0,4,344,0,0,0,4,-46.90721649484537,62.24066390041494,42.857142857142854,12,29.325513196480937,66.66666666666667,100.0,100.0,0.75,2,1,0,82.46511627906978,6,7,1,1,0,1,0,8,6,3,2,0,0,0,0,2,4,11,8,6,3,18,11,4,0,1,344,0,0,0,1,46.90721649484537,81.81818181818181,81.81818181818181,27,8.333333333333334,0.0,0.0,87.5,7.0,2,1,8,82.46511627906978
S43G01N214,2023-2024,20240229,87,away,35,3,0,3,2,5,0,5,3,2,0,0,0,6,6,0,0,7,3,3,3,12,13,0,0,4,345,0,0,0,4,-46.90721649484537,62.24066390041494,42.857142857142854,12,29.325513196480937,50.0,100.0,100.0,0.75,2,1,0,82.22608695652174,6,7,1,2,0,2,0,8,6,3,2,0,0,0,0,2,4,11,8,6,3,18,11,4,0,1,345,0,0,0,1,46.90721649484537,81.81818181818181,81.81818181818181,28,8.333333333333334,0.0,0.0,87.5,7.0,2,1,8,82.22608695652174
S43G01N214,2023-2024,20240229,88,away,35,3,0,3,2,5,0,5,3,2,0,0,0,6,6,0,0,7,3,4,4,12,13,0,0,4,346,0,0,0,4,-46.90721649484537,62.24066390041494,42.857142857142854,12,29.325513196480937,50.0,100.0,100.0,0.75,2,1,0,81.98843930635839,6,7,1,2,0,2,0,8,6,3,2,0,0,0,0,2,4,11,8,6,3,18,11,4,0,1,346,0,0,0,1,46.90721649484537,81.81818181818181,81.81818181818181,28,8.333333333333334,0.0,0.0,87.5,7.0,2,1,8,81.98843930635839
S43G01N214,2023-2024,20240229,89,away,35,3,0,3,2,5,0,5,3,2,0,0,0,6,6,0,0,7,3,4,4,12,13,0,0,4,346,0,0,0,4,-46.90721649484537,62.24066390041494,42.857142857142854,12,29.325513196480937,50.0,100.0,100.0,0.75,2,1,0,81.98843930635839,6,7,1,2,0,2,0,8,6,3,2,0,0,0,0,2,4,11,8,6,3,18,11,4,0,1,346,0,0,0,1,46.90721649484537,81.81818181818181,81.81818181818181,28,8.333333333333334,0.0,0.0,87.5,7.0,2,1,8,81.98843930635839
S43G01N214,2023-2024,20240229,90,away,35,3,0,3,2,5,0,5,3,2,0,0,0,6,6,0,0,7,3,4,4,12,13,0,0,4,346,0,0,0,4,-46.90721649484537,62.24066390041494,42.857142857142854,12,29.325513196480937,50.0,100.0,100.0,0.75,2,1,0,81.98843930635839,6,7,1,2,0,2,0,8,6,3,2,0,0,0,0,2,4,11,8,6,3,18,11,4,0,1,346,0,0,0,1,46.90721649484537,81.81818181818181,81.81818181818181,28,8.333333333333334,0.0,0.0,87.5,7.0,2,1,8,81.98843930635839
S43G01N214,2023-2024,20240229,91,away,35,3,0,3,2,5,0,5,3,2,0,0,0,6,6,0,0,7,3,4,4,12,13,0,0,4,346,0,0,0,4,-46.90721649484537,62.24066390041494,42.857142857142854,12,29.325513196480937,50.0,100.0,100.0,0.75,2,1,0,81.98843930635839,6,7,1,2,0,2,0,8,6,3,2,0,0,0,0,2,4,11,8,6,3,18,11,4,0,1,346,0,0,0,1,46.90721649484537,81.81818181818181,81.81818181818181,28,8.333333333333334,0.0,0.0,87.5,7.0,2,1,8,81.98843930635839
S43G01N214,2023-2024,20240229,92,away,35,3,0,3,2,5,0,5,3,2,0,0,0,6,6,0,0,7,3,4,4,12,13,0,0,4,350,0,0,0,4,-35.368754956383825,62.24066390041494,42.857142857142854,12,29.325513196480937,50.0,100.0,100.0,0.75,2,1,0,84.48,6,7,1,2,0,2,0,8,6,4,2,0,0,0,0,2,4,12,8,6,3,18,12,4,0,1,350,0,0,0,1,35.368754956383825,75.0,75.0,27,7.6923076923076925,0.0,0.0,87.5,7.0,2,1,8,84.48
S43G01N214,2023-2024,20240229,93,away,35,3,0,3,2,5,0,5,3,2,0,0,0,6,6,0,0,7,3,4,4,12,13,0,0,4,351,0,0,0,4,-35.368754956383825,62.24066390041494,42.857142857142854,12,29.325513196480937,50.0,100.0,100.0,0.75,2,1,0,84.23931623931624,6,7,1,2,0,2,1,8,6,4,2,0,0,0,0,2,4,12,8,6,3,18,12,4,0,1,351,0,0,0,1,35.368754956383825,75.0,75.0,28,7.6923076923076925,0.0,0.0,87.5,7.0,2,1,8,84.23931623931624
S43G01N214,2023-2024,20240229,94,away,35,3,0,3,2,5,0,5,3,2,0,0,0,6,6,0,0,7,3,4,4,12,13,0,0,4,363,0,0,0,4,-46.90721649484537,62.24066390041494,42.857142857142854,12,29.325513196480937,50.0,100.0,100.0,0.75,5,1,0,84.7603305785124,6,7,1,2,0,2,1,8,6,5,3,0,0,0,0,2,4,13,9,6,3,21,13,4,0,1,363,0,0,0,1,46.90721649484537,80.76923076923077,80.76923076923077,31,7.142857142857143,0.0,0.0,77.77777777777777,7.0,5,1,9,84.7603305785124
S43G01N214,2023-2024,20240229,95,away,35,3,0,3,2,5,0,5,3,2,0,0,0,6,6,0,0,7,3,4,4,12,13,0,0,4,363,0,0,0,4,-46.90721649484537,62.24066390041494,42.857142857142854,12,29.325513196480937,50.0,100.0,100.0,0.75,5,1,0,84.7603305785124,6,8,1,2,0,2,1,8,6,5,3,0,0,0,0,2,4,13,9,6,3,21,13,4,0,1,363,0,0,0,1,46.90721649484537,80.76923076923077,80.76923076923077,32,7.142857142857143,0.0,0.0,88.88888888888889,8.0,5,1,9,84.7603305785124
S43G01N214,2023-2024,20240229,96,away,35,3,0,3,2,5,0,5,3,3,0,0,0,6,6,0,0,8,3,4,4,12,14,0,0,4,394,0,0,0,4,-55.063291139240505,56.39097744360902,37.5,11,27.3224043715847,50.0,100.0,100.0,0.75,5,1,0,81.13705583756345,6,8,1,2,0,2,1,8,6,5,3,0,0,0,0,2,4,13,9,6,3,21,13,4,0,1,394,0,0,0,1,55.063291139240505,80.76923076923077,80.76923076923077,32,7.142857142857143,0.0,0.0,88.88888888888889,8.0,5,1,9,81.13705583756345
S43G01N214,2023-2024,20240229,97,away,35,3,0,3,2,5,0,5,3,3,0,0,0,6,6,0,0,8,3,4,4,12,14,0,0,4,397,0,0,0,4,-55.063291139240505,56.39097744360902,37.5,11,27.3224043715847,40.0,100.0,100.0,0.75,5,1,0,80.52392947103274,6,8,1,3,0,3,1,8,6,5,3,0,0,0,0,2,4,13,9,6,3,21,13,4,0,1,397,0,0,0,1,55.063291139240505,80.76923076923077,80.76923076923077,33,7.142857142857143,0.0,0.0,88.88888888888889,8.0,5,1,9,80.52392947103274
S43G01N214,2023-2024,20240229,98,away,35,3,0,3,2,5,0,5,3,3,0,0,0,6,6,0,0,8,3,4,4,12,14,0,0,4,409,0,0,0,4,-45.063291139240505,56.39097744360902,37.5,11,27.3224043715847,40.0,100.0,100.0,0.75,5,1,0,81.09535452322739,6,8,1,3,0,3,1,9,6,5,3,0,0,0,0,2,4,14,9,6,3,21,14,4,0,1,409,0,0,0,1,45.063291139240505,75.0,75.0,32,6.666666666666667,0.0,0.0,88.88888888888889,8.0,5,1,9,81.09535452322739
S43G01N214,2023-2024,20240229,99,away,35,3,0,4,2,6,0,5,3,3,0,0,0,6,6,0,0,8,3,4,4,12,14,0,0,4,410,0,0,0,4,-45.063291139240505,56.39097744360902,37.5,12,27.3224043715847,40.0,100.0,100.0,0.75,5,1,0,80.89756097560975,6,8,1,3,0,3,1,9,6,5,3,0,0,0,0,2,4,14,9,6,3,21,14,4,0,1,410,0,0,0,1,45.063291139240505,75.0,75.0,32,6.666666666666667,0.0,0.0,88.88888888888889,8.0,5,1,9,80.89756097560975
S43G01N214,2023-2024,20240229,100,away,35,3,0,4,2,6,0,5,3,4,1,0,0,6,6,0,0,9,4,4,4,15,15,0,0,4,426,0,0,0,4,-30.029325513196483,64.43298969072164,50.0,15,25.57544757033248,40.0,100.0,75.0,0.75,3,1,0,80.67605633802816,6,8,1,3,0,3,1,9,6,5,3,0,0,0,0,2,4,14,9,6,3,21,14,4,0,1,426,0,0,0,1,30.029325513196483,75.0,75.0,32,6.666666666666667,0.0,0.0,88.88888888888889,8.0,3,1,9,80.67605633802816
S43G01N214,2023-2024,20240229,101,away,35,4,0,4,2,6,0,5,3,4,1,0,0,6,6,0,0,9,4,4,4,15,15,0,0,4,426,0,0,0,4,-30.029325513196483,64.43298969072164,50.0,16,25.57544757033248,40.0,100.0,100.0,1.0,3,1,0,80.67605633802816,6,8,1,3,0,3,1,9,6,5,3,0,0,0,0,2,4,14,9,6,3,21,14,4,0,1,426,0,0,0,1,30.029325513196483,75.0,75.0,32,6.666666666666667,0.0,0.0,88.88888888888889,8.0,3,1,9,80.67605633802816
S43G01N214,2023-2024,20240229,102,away,35,4,0,4,2,6,0,5,3,4,1,0,0,6,6,0,0,9,4,4,4,15,15,0,0,4,439,0,0,0,4,-33.77932551319648,64.43298969072164,50.0,16,25.57544757033248,40.0,100.0,100.0,1.0,2,1,0,81.02050113895217,6,8,1,3,0,3,1,10,7,5,3,0,0,0,0,2,4,15,10,6,3,23,15,4,0,1,439,0,0,0,1,33.77932551319648,76.66666666666667,76.66666666666667,34,6.25,0.0,0.0,80.0,8.0,2,1,9,81.02050113895217
S43G01N214,2023-2024,20240229,103,away,35,4,0,4,2,6,0,5,3,4,1,0,0,6,6,0,0,9,4,4,4,15,15,0,0,4,439,0,0,0,4,-33.77932551319648,64.43298969072164,50.0,16,25.57544757033248,40.0,100.0,100.0,1.0,2,1,0,81.02050113895217,6,9,1,3,0,3,1,10,7,5,3,0,0,0,0,2,4,15,10,6,3,23,15,4,0,1,439,0,0,0,1,33.77932551319648,76.66666666666667,76.66666666666667,35,6.25,0.0,0.0,90.0,9.0,2,1,9,81.02050113895217
S43G01N214,2023-2024,20240229,104,away,35,4,0,4,2,6,0,5,3,5,1,0,0,6,6,0,0,10,4,4,4,15,16,0,0,4,454,0,0,0,4,-41.290983606557376,59.33544303797468,45.0,15,24.038461538461537,40.0,100.0,100.0,1.0,2,1,0,80.98678414096916,6,9,1,3,0,3,1,10,7,5,3,0,0,0,0,2,4,15,10,6,3,23,15,4,0,1,454,0,0,0,1,41.290983606557376,76.66666666666667,76.66666666666667,35,6.25,0.0,0.0,90.0,9.0,2,1,9,80.98678414096916
S43G01N214,2023-2024,20240229,105,away,35,4,0,4,2,6,0,5,3,5,1,0,0,6,6,0,0,10,4,4,4,15,16,0,0,4,455,0,0,0,4,-41.290983606557376,59.33544303797468,45.0,15,24.038461538461537,33.333333333333336,100.0,100.0,1.0,2,1,0,80.8087912087912,6,9,1,4,0,4,1,10,7,5,3,0,0,0,0,2,4,15,10,6,3,23,15,4,0,1,455,0,0,0,1,41.290983606557376,76.66666666666667,76.66666666666667,36,6.25,0.0,0.0,90.0,9.0,2,1,9,80.8087912087912
S43G01N214,2023-2024,20240229,106,away,35,4,0,4,2,6,0,5,3,5,1,0,0,6,6,0,0,10,4,4,4,15,16,0,0,4,462,0,0,0,4,-44.599807135969144,59.33544303797468,45.0,15,24.038461538461537,33.333333333333336,100.0,100.0,1.0,4,1,0,82.18181818181819,6,9,1,4,0,4,1,11,8,5,3,0,0,0,0,2,4,16,11,6,3,25,16,4,0,1,462,0,0,0,1,44.599807135969144,78.125,78.125,38,5.882352941176471,0.0,0.0,81.81818181818181,9.0,4,1,10,82.18181818181819
S43G01N214,2023-2024,20240229,107,away,35,4,0,4,2,6,0,5,3,5,1,0,0,6,6,0,0,10,4,4,4,15,16,0,0,4,462,0,0,0,4,-44.599807135969144,59.33544303797468,45.0,15,24.038461538461537,33.333333333333336,100.0,100.0,1.0,4,1,0,82.18181818181819,6,9,1,4,0,4,1,11,8,5,3,0,0,0,0,2,4,16,11,6,3,25,16,4,0,1,462,0,0,0,1,44.599807135969144,78.125,78.125,38,5.882352941176471,0.0,0.0,81.81818181818181,9.0,4,1,10,82.18181818181819
S43G01N214,2023-2024,20240229,108,away,35,4,0,4,2,6,0,5,3,6,2,0,0,6,6,0,0,11,5,4,4,18,17,0,0,4,481,0,0,0,4,-31.969309462915604,65.98240469208211,54.54545454545455,18,22.675736961451246,33.333333333333336,100.0,80.0,1.0,3,1,0,81.43035343035343,6,9,1,4,0,4,1,11,8,5,3,0,0,0,0,2,4,16,11,6,3,25,16,4,0,1,481,0,0,0,1,31.969309462915604,78.125,78.125,38,5.882352941176471,0.0,0.0,81.81818181818181,9.0,3,1,10,81.43035343035343
S43G01N214,2023-2024,20240229,109,away,35,5,0,4,2,6,0,5,3,6,2,0,0,6,6,0,0,11,5,4,4,18,17,0,0,4,481,0,0,0,4,-31.969309462915604,65.98240469208211,54.54545454545455,19,22.675736961451246,33.333333333333336,100.0,100.0,1.25,3,1,0,81.43035343035343,6,9,1,4,0,4,1,11,8,5,3,0,0,0,0,2,4,16,11,6,3,25,16,4,0,1,481,0,0,0,1,31.969309462915604,78.125,78.125,38,5.882352941176471,0.0,0.0,81.81818181818181,9.0,3,1,10,81.43035343035343
S43G01N214,2023-2024,20240229,110,away,35,5,0,4,2,6,0,5,3,6,2,0,0,6,6,0,0,11,5,4,4,18,17,0,0,4,491,0,0,0,4,-40.46604148905938,65.98240469208211,54.54545454545455,19,22.675736961451246,33.333333333333336,100.0,100.0,1.25,3,1,0,82.21588594704686,6,9,1,4,0,4,1,11,8,6,4,0,0,0,0,2,4,17,12,6,3,28,17,4,0,1,491,0,0,0,1,40.46604148905938,82.3529411764706,82.3529411764706,41,5.555555555555555,0.0,0.0,75.0,9.0,3,1,10,82.21588594704686
S43G01N214,2023-2024,20240229,111,away,35,5,0,4,2,6,0,5,3,6,2,0,0,6,6,0,0,11,5,4,4,18,17,0,0,4,491,0,0,0,4,-40.46604148905938,65.98240469208211,54.54545454545455,19,22.675736961451246,33.333333333333336,100.0,100.0,1.25,3,1,0,82.21588594704686,6,10,1,4,0,4,1,11,8,6,4,0,0,0,0,2,4,17,12,6,3,28,17,4,0,1,491,0,0,0,1,40.46604148905938,82.3529411764706,82.3529411764706,42,5.555555555555555,0.0,0.0,83.33333333333333,10.0,3,1,10,82.21588594704686
S43G01N214,2023-2024,20240229,112,away,35,5,0,4,2,6,0,6,4,6,2,0,0,6,6,0,0,12,6,4,4,20,18,0,0,4,507,0,0,0,4,-35.36324786324785,68.30601092896174,58.333333333333336,21,21.459227467811157,33.333333333333336,100.0,83.33333333333333,1.25,2,1,0,81.98816568047337,6,10,1,4,0,4,1,11,8,6,4,0,0,0,0,2,4,17,12,6,3,28,17,4,0,1,507,0,0,0,1,35.36324786324785,82.3529411764706,82.3529411764706,42,5.555555555555555,0.0,0.0,83.33333333333333,10.0,2,1,10,81.98816568047337
S43G01N214,2023-2024,20240229,113,away,35,6,0,4,2,6,0,6,4,6,2,0,0,6,6,0,0,12,6,4,4,20,18,0,0,4,507,0,0,0,4,-35.36324786324785,68.30601092896174,58.333333333333336,22,21.459227467811157,33.333333333333336,100.0,100.0,1.5,2,1,0,81.98816568047337,6,10,1,4,0,4,1,11,8,6,4,0,0,0,0,2,4,17,12,6,3,28,17,4,0,1,507,0,0,0,1,35.36324786324785,82.3529411764706,82.3529411764706,42,5.555555555555555,0.0,0.0,83.33333333333333,10.0,2,1,10,81.98816568047337
S43G01N214,2023-2024,20240229,114,away,35,6,0,4,2,6,0,6,4,6,2,0,0,6,6,0,0,12,6,4,4,20,18,0,0,4,515,0,0,0,4,-27.176113360323896,68.30601092896174,58.333333333333336,22,21.459227467811157,33.333333333333336,100.0,100.0,1.5,2,1,0,83.04466019417475,6,10,1,4,0,4,1,12,8,6,4,0,0,0,0,2,4,18,12,6,3,28,18,4,0,1,515,0,0,0,1,27.176113360323896,77.77777777777777,77.77777777777777,41,5.2631578947368425,0.0,0.0,83.33333333333333,10.0,2,1,10,83.04466019417475
S43G01N214,2023-2024,20240229,115,away,35,6,0,5,2,7,0,6,4,6,2,0,0,6,6,0,0,12,6,4,4,20,18,0,0,4,516,0,0,0,4,-27.176113360323896,68.30601092896174,58.333333333333336,23,21.459227467811157,33.333333333333336,100.0,100.0,1.5,2,1,0,82.88372093023257,6,10,1,4,0,4,1,12,8,6,4,0,0,0,0,2,4,18,12,6,3,28,18,4,0,1,516,0,0,0,1,27.176113360323896,77.77777777777777,77.77777777777777,41,5.2631578947368425,0.0,0.0,83.33333333333333,10.0,2,1,10,82.88372093023257
S43G01N214,2023-2024,20240229,116,away,35,6,0,5,2,7,0,6,4,6,2,0,0,6,6,0,0,12,6,4,4,20,18,0,0,4,521,0,0,0,4,-27.176113360323896,68.30601092896174,58.333333333333336,23,21.459227467811157,33.333333333333336,100.0,100.0,1.5,2,1,0,82.08829174664108,6,10,1,4,0,4,1,12,8,6,4,0,0,0,0,2,4,18,12,7,3,28,18,4,0,1,521,0,0,0,1,27.176113360323896,77.77777777777777,77.77777777777777,41,5.2631578947368425,0.0,0.0,83.33333333333333,10.0,2,1,10,82.08829174664108
S43G01N214,2023-2024,20240229,117,away,35,6,0,5,2,7,0,6,4,6,2,0,0,6,6,0,0,12,6,4,4,20,18,0,0,4,521,0,0,0,4,-27.176113360323896,68.30601092896174,58.333333333333336,23,21.459227467811157,33.333333333333336,100.0,100.0,1.5,2,1,0,82.08829174664108,6,10,1,4,0,4,1,12,8,6,4,0,0,0,0,2,4,18,12,7,3,28,18,4,0,1,521,0,0,0,1,27.176113360323896,77.77777777777777,77.77777777777777,41,5.2631578947368425,0.0,0.0,83.33333333333333,10.0,2,1,10,82.08829174664108
S43G01N214,2023-2024,20240229,118,away,35,6,0,5,2,7,0,6,4,6,2,0,0,6,6,0,0,12,6,4,4,20,18,0,0,4,521,0,0,0,4,-27.176113360323896,68.30601092896174,58.333333333333336,23,21.459227467811157,33.333333333333336,100.0,100.0,1.5,2,1,0,82.08829174664108,6,10,1,4,0,4,1,12,8,6,4,0,0,0,0,2,4,18,12,7,3,28,18,4,0,1,521,0,0,0,1,27.176113360323896,77.77777777777777,77.77777777777777,41,5.2631578947368425,0.0,0.0,83.33333333333333,10.0,2,1,10,82.08829174664108
S43G01N214,2023-2024,20240229,119,away,35,6,0,5,2,7,0,6,4,6,2,0,0,7,7,0,0,12,6,4,4,21,19,0,0,4,521,0,0,0,4,-24.41760138050043,69.62864721485411,58.333333333333336,24,20.964360587002098,33.333333333333336,100.0,100.0,1.5,3,1,0,83.10172744721689,6,10,1,4,0,4,1,12,8,6,4,0,0,0,0,2,4,18,12,7,3,28,18,4,0,1,521,0,0,0,1,24.41760138050043,77.77777777777777,77.77777777777777,41,5.2631578947368425,0.0,0.0,83.33333333333333,10.0,3,1,10,83.10172744721689
S43G01N214,2023-2024,20240229,120,away,35,6,0,5,2,7,0,6,4,6,2,0,0,8,7,0,0,12,6,4,4,21,20,0,0,4,521,0,0,0,4,-27.50540735400145,67.65463917525773,58.333333333333336,23,20.491803278688526,33.333333333333336,87.5,100.0,1.5,3,1,0,84.1151631477927,6,10,1,4,0,4,1,12,8,6,4,0,0,0,0,2,4,18,12,7,3,28,18,4,0,1,521,0,0,0,1,27.50540735400145,77.77777777777777,77.77777777777777,41,5.2631578947368425,0.0,0.0,83.33333333333333,10.0,3,1,10,84.1151631477927
S43G01N214,2023-2024,20240229,121,away,35,6,0,5,2,7,0,6,4,6,2,0,0,8,7,0,0,12,6,4,4,21,20,0,0,4,523,0,0,0,4,-27.50540735400145,67.65463917525773,58.333333333333336,23,20.491803278688526,28.571428571428573,87.5,100.0,1.5,3,1,0,83.79349904397705,6,10,1,5,0,5,1,12,8,6,4,0,0,0,0,2,4,18,12,7,3,28,18,4,0,1,523,0,0,0,1,27.50540735400145,77.77777777777777,77.77777777777777,42,5.2631578947368425,0.0,0.0,83.33333333333333,10.0,3,1,10,83.79349904397705
S43G01N214,2023-2024,20240229,122,away,35,6,0,5,2,7,0,6,4,6,2,0,0,8,7,0,0,12,6,4,4,21,20,0,0,4,538,0,0,0,4,-30.13698630136986,67.65463917525773,58.333333333333336,23,20.491803278688526,28.571428571428573,87.5,100.0,1.5,2,1,0,83.68773234200742,6,10,1,5,0,5,1,13,9,6,4,0,0,0,0,2,4,19,13,7,3,30,19,4,0,1,538,0,0,0,1,30.13698630136986,78.94736842105263,78.94736842105263,44,5.0,0.0,0.0,76.92307692307692,10.0,2,1,10,83.68773234200742
S43G01N214,2023-2024,20240229,123,away,35,6,0,5,2,7,0,6,4,7,2,0,0,8,7,0,0,13,6,4,4,21,21,0,0,4,555,0,0,0,4,-36.60907127429806,63.559322033898304,53.84615384615385,22,19.49317738791423,28.571428571428573,87.5,100.0,1.5,2,1,0,83.28648648648648,6,10,1,5,0,5,1,13,9,6,4,0,0,0,0,2,4,19,13,7,3,30,19,4,0,1,555,0,0,0,1,36.60907127429806,78.94736842105263,78.94736842105263,44,5.0,0.0,0.0,76.92307692307692,10.0,2,1,10,83.28648648648648
S43G01N214,2023-2024,20240229,124,away,35,6,0,5,2,7,0,6,4,7,2,0,0,8,7,0,0,13,6,4,4,21,21,0,0,4,557,0,0,0,4,-36.60907127429806,63.559322033898304,53.84615384615385,22,19.49317738791423,25.0,87.5,100.0,1.5,2,1,0,82.98743267504487,6,10,1,6,0,6,1,13,9,6,4,0,0,0,0,2,4,19,13,7,3,30,19,4,0,1,557,0,0,0,1,36.60907127429806,78.94736842105263,78.94736842105263,45,5.0,0.0,0.0,76.92307692307692,10.0,2,1,10,82.98743267504487
S43G01N214,2023-2024,20240229,125,away,35,6,0,5,2,7,0,6,4,7,2,0,0,8,7,0,0,13,6,5,4,21,21,0,0,4,563,0,0,0,4,-36.60907127429806,63.559322033898304,53.84615384615385,22,19.49317738791423,25.0,87.5,100.0,1.5,2,1,0,82.10301953818826,6,10,1,6,0,6,1,13,9,6,4,0,0,0,0,2,4,19,13,7,3,30,19,4,0,1,563,0,0,0,1,36.60907127429806,78.94736842105263,78.94736842105263,45,5.0,0.0,0.0,76.92307692307692,10.0,2,1,10,82.10301953818826
S43G01N214,2023-2024,20240229,126,away,35,6,0,5,2,7,0,6,4,7,2,0,0,8,7,0,0,13,6,5,4,21,21,0,0,4,563,0,0,0,4,-36.60907127429806,63.559322033898304,53.84615384615385,22,19.49317738791423,25.0,87.5,100.0,1.5,2,1,0,82.10301953818826,6,10,1,6,0,6,1,13,9,6,4,0,0,0,0,2,4,19,13,7,3,30,19,4,0,1,563,0,0,0,1,36.60907127429806,78.94736842105263,78.94736842105263,45,5.0,0.0,0.0,76.92307692307692,10.0,2,1,10,82.10301953818826
S43G01N214,2023-2024,20240229,127,away,35,6,0,5,2,7,0,6,4,7,2,0,0,8,7,0,0,13,6,5,4,21,21,0,0,4,563,0,0,0,4,-33.380108456294124,63.559322033898304,53.84615384615385,22,19.49317738791423,25.0,87.5,100.0,1.5,2,1,0,83.04085257548846,6,10,1,6,0,6,1,13,9,6,4,0,0,1,0,2,4,19,13,7,3,30,20,4,0,1,563,0,0,0,1,33.380108456294124,77.1604938271605,78.94736842105263,44,4.892367906066536,0.0,0.0,76.92307692307692,10.0,2,1,10,83.04085257548846
S43G01N214,2023-2024,20240229,128,away,35,6,0,5,2,7,0,6,4,7,2,0,0,8,7,0,0,13,6,5,4,21,21,0,0,4,563,0,0,0,4,-35.07650422448964,63.559322033898304,53.84615384615385,22,19.49317738791423,25.0,87.5,100.0,1.5,3,1,0,83.97868561278862,6,10,1,6,0,6,1,13,9,6,4,0,0,2,1,2,4,19,13,7,3,31,21,4,0,1,563,0,0,0,1,35.07650422448964,77.96780684104628,78.94736842105263,45,4.789272030651341,0.0,50.0,76.92307692307692,10.0,3,1,10,83.97868561278862
S43G01N214,2023-2024,20240229,129,away,35,6,0,5,2,7,0,6,4,7,2,0,0,8,7,0,0,13,6,5,4,21,21,0,0,4,563,0,0,0,4,-35.07650422448964,63.559322033898304,53.84615384615385,22,19.49317738791423,25.0,87.5,100.0,1.5,3,1,0,83.97868561278862,6,10,1,6,0,6,1,13,9,6,4,0,0,2,1,2,4,19,13,7,3,31,21,4,0,1,563,0,0,0,1,35.07650422448964,77.96780684104628,78.94736842105263,45,4.789272030651341,0.0,50.0,76.92307692307692,10.0,3,1,10,83.97868561278862
S43G01N214,2023-2024,20240229,130,away,35,6,0,5,2,7,0,6,4,7,2,0,0,8,7,0,0,13,6,5,4,21,21,0,0,4,563,0,0,0,4,-35.07650422448964,63.559322033898304,53.84615384615385,22,19.49317738791423,25.0,87.5,100.0,1.5,3,1,0,83.97868561278862,6,10,1,6,0,6,1,13,9,6,4,0,0,2,1,2,4,19,13,7,3,31,21,4,0,1,563,0,0,0,1,35.07650422448964,77.96780684104628,78.94736842105263,45,4.789272030651341,0.0,50.0,76.92307692307692,10.0,3,1,10,83.97868561278862
S43G01N214,2023-2024,20240229,131,away,35,6,0,5,2,7,0,6,4,7,2,0,0,8,7,0,0,13,6,5,4,21,21,0,0,4,563,0,0,0,4,-35.07650422448964,63.559322033898304,53.84615384615385,22,19.49317738791423,25.0,87.5,100.0,1.5,3,1,0,83.97868561278862,6,10,1,6,0,6,1,13,9,6,4,0,0,2,1,2,4,19,13,7,3,31,21,4,0,1,563,0,0,0,1,35.07650422448964,77.96780684104628,78.94736842105263,45,4.789272030651341,0.0,50.0,76.92307692307692,10.0,3,1,10,83.97868561278862
S43G01N214,2023-2024,20240229,132,away,35,6,0,5,2,7,0,6,4,7,2,0,0,8,7,0,0,13,6,5,4,21,21,0,0,4,563,0,0,0,4,-35.07650422448964,63.559322033898304,53.84615384615385,22,19.49317738791423,25.0,87.5,100.0,1.5,3,1,0,83.97868561278862,6,10,1,6,0,6,1,13,9,6,4,0,0,2,1,2,4,19,13,7,3,31,21,4,0,1,563,0,0,0,1,35.07650422448964,77.96780684104628,78.94736842105263,45,4.789272030651341,0.0,50.0,76.92307692307692,10.0,3,1,10,83.97868561278862
S43G01N214,2023-2024,20240229,133,away,35,6,0,5,2,7,0,6,4,7,2,0,0,8,7,0,0,13,6,5,4,21,21,0,0,4,576,0,0,0,4,-35.07650422448964,63.559322033898304,53.84615384615385,22,19.49317738791423,25.0,87.5,100.0,1.5,3,1,0,82.08333333333334,6,10,1,6,0,6,1,13,9,6,4,0,0,2,1,2,4,19,13,8,3,31,21,4,0,1,576,0,0,0,1,35.07650422448964,77.96780684104628,78.94736842105263,45,4.789272030651341,0.0,50.0,76.92307692307692,10.0,3,1,10,82.08333333333334
S43G01N214,2023-2024,20240229,134,away,35,6,0,5,2,7,0,6,4,7,2,0,0,8,7,0,0,13,6,5,4,21,21,0,0,4,576,0,0,0,4,-35.07650422448964,63.559322033898304,53.84615384615385,22,19.49317738791423,25.0,87.5,100.0,1.5,3,1,0,82.08333333333334,6,10,1,6,0,6,1,13,9,6,4,0,0,2,1,2,4,19,13,8,3,31,21,4,0,1,576,0,0,0,1,35.07650422448964,77.96780684104628,78.94736842105263,45,4.789272030651341,0.0,50.0,76.92307692307692,10.0,3,1,10,82.08333333333334
S43G01N214,2023-2024,20240229,135,away,35,6,0,5,2,7,0,6,4,7,2,0,0,8,7,0,0,13,6,5,4,21,21,0,0,4,576,0,0,0,4,-35.07650422448964,63.559322033898304,53.84615384615385,22,19.49317738791423,25.0,87.5,100.0,1.5,3,1,0,82.08333333333334,6,10,1,6,0,6,1,13,9,6,4,0,0,2,1,2,4,19,13,8,3,31,21,4,0,1,576,0,0,0,1,35.07650422448964,77.96780684104628,78.94736842105263,45,4.789272030651341,0.0,50.0,76.92307692307692,10.0,3,1,10,82.08333333333334
S43G01N214,2023-2024,20240229,136,away,35,6,0,5,2,7,0,6,4,7,2,0,0,8,7,0,0,13,6,5,4,21,21,0,0,4,576,0,0,0,4,-35.07650422448964,63.559322033898304,53.84615384615385,22,19.49317738791423,25.0,87.5,100.0,1.5,3,1,0,82.08333333333334,6,10,1,6,0,6,1,13,9,6,4,0,0,2,1,2,4,19,13,8,3,31,21,4,0,1,576,0,0,0,1,35.07650422448964,77.96780684104628,78.94736842105263,45,4.789272030651341,0.0,50.0,76.92307692307692,10.0,3,1,10,82.08333333333334
S43G01N214,2023-2024,20240229,137,away,35,6,0,5,2,7,0,6,4,7,2,0,0,8,7,0,0,13,6,5,4,21,21,0,0,4,576,0,0,0,4,-35.07650422448964,63.559322033898304,53.84615384615385,22,19.49317738791423,25.0,87.5,100.0,1.5,3,1,0,82.08333333333334,6,10,1,6,0,6,1,13,9,6,4,0,0,2,1,2,4,19,13,8,3,31,21,4,0,1,576,0,0,0,1,35.07650422448964,77.96780684104628,78.94736842105263,45,4.789272030651341,0.0,50.0,76.92307692307692,10.0,3,1,10,82.08333333333334
S43G01N214,2023-2024,20240229,138,away,35,6,0,5,2,7,0,6,4,7,2,0,0,9,7,0,0,13,6,5,4,21,22,0,0,4,576,0,0,0,4,-37.707939279305506,61.910377358490564,53.84615384615385,21,19.083969465648853,25.0,77.77777777777777,100.0,1.5,3,1,0,83.00000000000001,6,10,1,6,0,6,1,13,9,6,4,0,0,2,1,2,4,19,13,8,3,31,21,4,0,1,576,0,0,0,1,37.707939279305506,77.96780684104628,78.94736842105263,45,4.789272030651341,0.0,50.0,76.92307692307692,10.0,3,1,10,83.00000000000001
S43G01N214,2023-2024,20240229,139,away,35,6,0,5,2,7,0,6,4,7,2,0,0,10,8,0,0,13,6,5,4,22,23,0,0,4,576,0,0,0,4,-35.06537109452147,63.2183908045977,53.84615384615385,22,18.69158878504673,25.0,80.0,100.0,1.5,1,1,0,83.91666666666667,6,10,1,6,0,6,1,13,9,6,4,0,0,2,1,2,4,19,13,8,3,31,21,4,0,1,576,0,0,0,1,35.06537109452147,77.96780684104628,78.94736842105263,45,4.789272030651341,0.0,50.0,76.92307692307692,10.0,1,1,10,83.91666666666667
S43G01N214,2023-2024,20240229,140,away,35,6,0,5,2,7,0,6,4,7,2,0,0,10,8,0,0,13,6,5,4,22,23,0,0,4,599,0,0,0,4,-28.279839424037377,63.2183908045977,53.84615384615385,22,18.69158878504673,25.0,80.0,100.0,1.5,1,1,0,82.69782971619365,6,10,1,6,0,6,1,14,9,6,4,0,0,2,1,2,4,20,13,8,3,31,22,4,0,1,599,0,0,0,1,28.279839424037377,74.23371647509579,75.0,44,4.570383912248629,0.0,50.0,76.92307692307692,10.0,1,1,10,82.69782971619365
S43G01N214,2023-2024,20240229,141,away,35,6,0,5,2,7,0,6,4,7,2,0,0,10,8,0,0,13,6,5,4,22,23,0,0,4,599,0,0,0,4,-28.279839424037377,63.2183908045977,53.84615384615385,22,18.69158878504673,25.0,80.0,100.0,1.5,1,1,0,82.69782971619365,6,10,1,6,0,6,1,14,9,6,4,0,0,2,1,2,4,20,13,8,3,31,22,4,0,1,599,0,0,0,1,28.279839424037377,74.23371647509579,75.0,44,4.570383912248629,0.0,50.0,76.92307692307692,10.0,1,1,10,82.69782971619365
S43G01N214,2023-2024,20240229,142,away,35,6,0,5,2,7,0,6,4,7,2,0,0,10,8,0,0,13,6,5,4,22,23,0,0,4,600,0,0,0,4,-28.279839424037377,63.2183908045977,53.84615384615385,22,18.69158878504673,25.0,80.0,100.0,1.5,1,1,0,82.56,6,10,1,6,0,6,1,14,9,6,4,0,0,2,1,2,4,20,13,8,3,31,22,4,0,1,600,0,0,0,1,28.279839424037377,74.23371647509579,75.0,44,4.570383912248629,0.0,50.0,76.92307692307692,10.0,1,1,10,82.56
S43G01N214,2023-2024,20240229,143,away,35,6,0,5,2,7,0,6,4,7,2,0,0,10,8,0,0,13,6,5,4,22,23,0,0,4,600,0,0,0,4,-28.279839424037377,63.2183908045977,53.84615384615385,22,18.69158878504673,25.0,80.0,100.0,1.5,1,1,0,82.56,6,10,1,6,0,6,1,14,9,6,4,0,0,2,1,2,4,20,13,8,3,31,22,4,0,1,600,0,0,0,1,28.279839424037377,74.23371647509579,75.0,44,4.570383912248629,0.0,50.0,76.92307692307692,10.0,1,1,10,82.56
S43G01N214,2023-2024,20240229,144,away,35,6,0,5,2,7,0,6,4,7,2,0,0,10,8,0,0,13,6,5,4,22,23,0,0,4,600,0,0,0,4,-28.279839424037377,63.2183908045977,53.84615384615385,22,18.69158878504673,25.0,80.0,100.0,1.5,1,1,0,82.56,6,10,1,6,0,6,1,14,9,6,4,0,0,2,1,2,4,20,13,8,3,31,22,4,0,1,600,0,0,0,1,28.279839424037377,74.23371647509579,75.0,44,4.570383912248629,0.0,50.0,76.92307692307692,10.0,1,1,10,82.56
S43G01N214,2023-2024,20240229,145,away,35,6,0,5,2,7,0,6,4,7,2,0,0,10,8,0,0,13,6,5,4,22,23,0,0,4,600,0,0,0,4,-28.279839424037377,63.2183908045977,53.84615384615385,22,18.69158878504673,25.0,80.0,100.0,1.5,1,1,0,82.56,6,10,1,6,0,6,1,14,9,6,4,0,0,2,1,2,4,20,13,8,3,31,22,4,0,1,600,0,0,0,1,28.279839424037377,74.23371647509579,75.0,44,4.570383912248629,0.0,50.0,76.92307692307692,10.0,1,1,10,82.56
S43G01N214,2023-2024,20240229,146,away,35,6,0,5,2,7,0,6,4,7,2,0,0,10,8,0,0,13,6,5,4,22,23,0,0,4,600,0,0,0,4,-28.279839424037377,63.2183908045977,53.84615384615385,22,18.69158878504673,25.0,80.0,100.0,1.5,1,1,0,82.56,6,10,1,6,0,6,1,14,9,6,4,0,0,2,1,2,4,20,13,8,3,31,22,4,0,1,600,0,0,0,1,28.279839424037377,74.23371647509579,75.0,44,4.570383912248629,0.0,50.0,76.92307692307692,10.0,1,1,10,82.56
S43G01N214,2023-2024,20240229,147,away,35,6,0,5,2,7,0,6,4,7,2,0,0,10,8,0,0,13,6,5,4,22,23,0,0,4,600,0,0,0,4,-28.279839424037377,63.2183908045977,53.84615384615385,22,18.69158878504673,25.0,80.0,100.0,1.5,1,1,0,82.56,6,10,1,6,0,6,1,14,9,6,4,0,0,2,1,2,4,20,13,8,3,31,22,4,0,1,600,0,0,0,1,28.279839424037377,74.23371647509579,75.0,44,4.570383912248629,0.0,50.0,76.92307692307692,10.0,1,1,10,82.56
S43G01N214,2023-2024,20240229,148,away,35,6,0,5,2,7,0,6,4,7,2,0,0,10,8,0,0,13,6,5,4,22,23,0,0,4,600,0,0,0,4,-28.279839424037377,63.2183908045977,53.84615384615385,22,18.69158878504673,25.0,80.0,100.0,1.5,1,1,0,82.56,6,10,1,6,0,6,1,14,9,6,4,0,0,2,1,2,4,20,13,8,3,31,22,4,0,1,600,0,0,0,1,28.279839424037377,74.23371647509579,75.0,44,4.570383912248629,0.0,50.0,76.92307692307692,10.0,1,1,10,82.56
S43G01N214,2023-2024,20240229,149,away,35,6,0,5,2,7,0,6,4,7,2,0,0,10,8,0,0,13,6,5,4,22,23,0,0,4,600,0,0,0,4,-28.279839424037377,63.2183908045977,53.84615384615385,22,18.69158878504673,25.0,80.0,100.0,1.5,1,1,0,82.56,6,10,1,6,0,6,1,14,9,6,4,0,0,2,1,2,4,20,13,8,3,31,22,4,0,1,600,0,0,0,1,28.279839424037377,74.23371647509579,75.0,44,4.570383912248629,0.0,50.0,76.92307692307692,10.0,1,1,10,82.56
S43G01N214,2023-2024,20240229,150,away,35,6,0,5,2,7,0,6,4,7,2,0,0,10,8,0,0,13,6,5,4,22,23,0,0,4,600,0,0,0,4,-28.279839424037377,63.2183908045977,53.84615384615385,22,18.69158878504673,25.0,80.0,100.0,1.5,1,1,0,82.56,6,10,1,6,0,6,1,14,9,6,4,0,0,2,1,2,4,20,13,8,3,31,22,4,0,1,600,0,0,0,1,28.279839424037377,74.23371647509579,75.0,44,4.570383912248629,0.0,50.0,76.92307692307692,10.0,1,1,10,82.56
S43G01N214,2023-2024,20240229,151,away,35,6,0,5,2,7,0,6,4,7,2,0,0,10,8,0,0,13,6,5,4,22,23,0,0,4,600,0,0,0,4,-28.279839424037377,63.2183908045977,53.84615384615385,22,18.69158878504673,25.0,80.0,100.0,1.5,1,1,0,82.56,6,10,1,6,0,6,1,14,9,6,4,0,0,2,1,2,4,20,13,8,3,31,22,4,0,1,600,0,0,0,1,28.279839424037377,74.23371647509579,75.0,44,4.570383912248629,0.0,50.0,76.92307692307692,10.0,1,1,10,82.56
S43G01N214,2023-2024,20240229,152,away,35,6,0,5,2,7,0,6,4,7,2,0,0,10,8,0,0,13,6,5,4,22,23,0,0,4,600,0,0,0,4,-28.279839424037377,63.2183908045977,53.84615384615385,22,18.69158878504673,25.0,80.0,100.0,1.5,1,1,0,82.56,6,10,1,6,0,6,1,14,9,6,4,0,0,2,1,2,4,20,13,8,3,31,22,4,0,1,600,0,0,0,1,28.279839424037377,74.23371647509579,75.0,44,4.570383912248629,0.0,50.0,76.92307692307692,10.0,1,1,10,82.56
S43G01N214,2023-2024,20240229,153,away,35,6,0,5,2,7,0,6,4,7,2,0,0,10,8,0,0,13,6,5,4,22,23,0,0,4,600,0,0,0,4,-28.279839424037377,63.2183908045977,53.84615384615385,22,18.69158878504673,25.0,80.0,100.0,1.5,1,1,0,82.56,6,10,1,6,0,6,1,14,9,6,4,0,0,2,1,2,4,20,13,8,3,31,22,4,0,1,600,0,0,0,1,28.279839424037377,74.23371647509579,75.0,44,4.570383912248629,0.0,50.0,76.92307692307692,10.0,1,1,10,82.56
S43G01N214,2023-2024,20240229,154,away,35,6,0,5,2,7,0,6,4,7,2,0,0,10,8,0,0,13,6,5,4,22,23,0,0,4,600,0,0,0,4,-28.279839424037377,63.2183908045977,53.84615384615385,22,18.69158878504673,25.0,80.0,100.0,1.5,1,1,0,82.56,6,10,1,6,0,6,1,14,9,6,4,0,0,2,1,2,4,20,13,8,3,31,22,4,0,1,600,0,0,0,1,28.279839424037377,74.23371647509579,75.0,44,4.570383912248629,0.0,50.0,76.92307692307692,10.0,1,1,10,82.56
S43G01N214,2023-2024,20240229,155,away,35,6,0,5,2,7,0,6,4,7,2,0,0,10,8,0,0,13,6,5,4,22,23,0,0,4,600,0,0,0,4,-28.279839424037377,63.2183908045977,53.84615384615385,22,18.69158878504673,25.0,80.0,100.0,1.5,1,1,0,82.56,6,10,1,6,0,6,1,14,9,6,4,0,0,2,1,2,4,20,13,8,3,31,22,4,0,1,600,0,0,0,1,28.279839424037377,74.23371647509579,75.0,44,4.570383912248629,0.0,50.0,76.92307692307692,10.0,1,1,10,82.56
S43G01N214,2023-2024,20240229,156,away,35,6,0,5,2,7,0,6,4,7,2,0,0,10,8,0,0,13,6,5,4,22,23,0,0,4,600,0,0,0,4,-28.279839424037377,63.2183908045977,53.84615384615385,22,18.69158878504673,25.0,80.0,100.0,1.5,1,1,0,82.56,6,10,1,6,0,6,1,14,9,6,4,0,0,2,1,2,4,20,13,8,3,31,22,4,0,1,600,0,0,0,1,28.279839424037377,74.23371647509579,75.0,44,4.570383912248629,0.0,50.0,76.92307692307692,10.0,1,1,10,82.56
S43G01N214,2023-2024,20240229,157,away,35,6,0,5,2,7,0,6,4,7,2,0,0,10,8,0,0,13,6,5,4,22,23,0,0,4,600,0,0,0,4,-28.279839424037377,63.2183908045977,53.84615384615385,22,18.69158878504673,25.0,80.0,100.0,1.5,1,1,0,82.56,6,10,1,6,0,6,1,14,9,6,4,0,0,2,1,2,4,20,13,8,3,31,22,4,0,1,600,0,0,0,1,28.279839424037377,74.23371647509579,75.0,44,4.570383912248629,0.0,50.0,76.92307692307692,10.0,1,1,10,82.56
S43G01N214,2023-2024,20240229,158,away,35,6,0,5,2,7,0,6,4,7,2,0,0,10,8,0,0,13,6,5,4,22,23,0,0,4,600,0,0,0,4,-28.279839424037377,63.2183908045977,53.84615384615385,22,18.69158878504673,25.0,80.0,100.0,1.5,1,1,0,82.56,6,10,1,6,0,6,1,14,9,6,4,0,0,2,1,2,4,20,13,8,3,31,22,4,0,1,600,0,0,0,1,28.279839424037377,74.23371647509579,75.0,44,4.570383912248629,0.0,50.0,76.92307692307692,10.0,1,1,10,82.56
S43G01N214,2023-2024,20240229,159,away,35,6,0,5,2,7,0,6,4,7,2,0,0,10,8,0,0,13,6,5,4,22,23,0,0,4,600,0,0,0,4,-28.279839424037377,63.2183908045977,53.84615384615385,22,18.69158878504673,25.0,80.0,100.0,1.5,1,1,0,82.56,6,10,1,6,0,6,1,14,9,6,4,0,0,2,1,2,4,20,13,8,3,31,22,4,0,1,600,0,0,0,1,28.279839424037377,74.23371647509579,75.0,44,4.570383912248629,0.0,50.0,76.92307692307692,10.0,1,1,10,82.56
S43G01N214,2023-2024,20240229,160,away,35,6,0,5,2,7,0,6,4,7,2,0,0,10,8,0,0,13,6,5,4,22,23,0,0,4,600,0,0,0,4,-28.279839424037377,63.2183908045977,53.84615384615385,22,18.69158878504673,25.0,80.0,100.0,1.5,1,1,0,82.56,6,10,1,6,0,6,1,14,9,6,4,0,0,2,1,2,4,20,13,8,3,31,22,4,0,1,600,0,0,0,1,28.279839424037377,74.23371647509579,75.0,44,4.570383912248629,0.0,50.0,76.92307692307692,10.0,1,1,10,82.56
S43G01N214,2023-2024,20240229,161,away,35,6,0,5,2,7,0,6,4,7,2,0,0,10,8,0,0,13,6,5,4,22,23,0,0,4,600,0,0,0,4,-28.279839424037377,63.2183908045977,53.84615384615385,22,18.69158878504673,25.0,80.0,100.0,1.5,1,1,0,82.56,6,10,1,6,0,6,1,14,9,6,4,0,0,2,1,2,4,20,13,8,3,31,22,4,0,1,600,0,0,0,1,28.279839424037377,74.23371647509579,75.0,44,4.570383912248629,0.0,50.0,76.92307692307692,10.0,1,1,10,82.56
S43G01N214,2023-2024,20240229,162,away,35,6,0,5,2,7,0,6,4,7,2,0,0,10,8,0,0,13,6,5,4,22,23,0,0,4,600,0,0,0,4,-28.279839424037377,63.2183908045977,53.84615384615385,22,18.69158878504673,25.0,80.0,100.0,1.5,1,1,0,82.56,6,10,1,6,0,6,1,14,9,6,4,0,0,2,1,2,4,20,13,8,3,31,22,4,0,1,600,0,0,0,1,28.279839424037377,74.23371647509579,75.0,44,4.570383912248629,0.0,50.0,76.92307692307692,10.0,1,1,10,82.56
S43G01N214,2023-2024,20240229,163,away,35,6,0,5,2,7,0,6,4,7,2,0,0,10,8,0,0,13,6,5,4,22,23,0,0,4,600,0,0,0,4,-28.279839424037377,63.2183908045977,53.84615384615385,22,18.69158878504673,25.0,80.0,100.0,1.5,1,1,0,82.56,6,10,1,6,0,6,1,14,9,6,4,0,0,2,1,2,4,20,13,8,3,31,22,4,0,1,600,0,0,0,1,28.279839424037377,74.23371647509579,75.0,44,4.570383912248629,0.0,50.0,76.92307692307692,10.0,1,1,10,82.56
S43G01N214,2023-2024,20240229,164,away,35,6,0,5,2,7,0,6,4,7,2,0,0,10,8,0,0,13,6,5,4,22,23,0,0,4,600,0,0,0,4,-28.279839424037377,63.2183908045977,53.84615384615385,22,18.69158878504673,25.0,80.0,100.0,1.5,1,1,0,82.56,6,10,1,6,0,6,1,14,9,6,4,0,0,2,1,2,4,20,13,8,3,31,22,4,0,1,600,0,0,0,1,28.279839424037377,74.23371647509579,75.0,44,4.570383912248629,0.0,50.0,76.92307692307692,10.0,1,1,10,82.56
S43G01N214,2023-2024,20240229,165,away,35,6,0,5,2,7,0,6,4,7,2,0,0,10,8,0,0,13,6,5,4,22,23,0,0,4,600,0,0,0,4,-28.279839424037377,63.2183908045977,53.84615384615385,22,18.69158878504673,25.0,80.0,100.0,1.5,1,1,0,82.56,6,10,1,6,0,6,1,14,9,6,4,0,0,2,1,2,4,20,13,8,3,31,22,4,0,1,600,0,0,0,1,28.279839424037377,74.23371647509579,75.0,44,4.570383912248629,0.0,50.0,76.92307692307692,10.0,1,1,10,82.56
S43G01N214,2023-2024,20240229,166,away,35,6,0,5,2,7,0,6,4,7,2,0,0,10,8,0,0,13,6,5,4,22,23,0,0,4,600,0,0,0,4,-28.279839424037377,63.2183908045977,53.84615384615385,22,18.69158878504673,25.0,80.0,100.0,1.5,1,1,0,82.56,6,10,1,6,0,6,1,14,9,6,4,0,0,2,1,2,4,20,13,8,3,31,22,4,0,1,600,0,0,0,1,28.279839424037377,74.23371647509579,75.0,44,4.570383912248629,0.0,50.0,76.92307692307692,10.0,1,1,10,82.56
S43G01N214,2023-2024,20240229,167,away,35,6,0,5,2,7,0,6,4,8,2,0,0,10,8,0,0,14,6,5,4,22,24,0,0,4,620,0,0,0,4,-33.83876402480553,59.78260869565218,50.0,21,17.857142857142858,25.0,80.0,100.0,1.5,1,1,0,81.83225806451614,6,10,1,6,0,6,1,14,9,6,4,0,0,2,1,2,4,20,13,8,3,31,22,4,0,1,620,0,0,0,1,33.83876402480553,74.23371647509579,75.0,44,4.570383912248629,0.0,50.0,76.92307692307692,10.0,1,1,10,81.83225806451614
S43G01N214,2023-2024,20240229,168,away,35,6,0,5,2,7,0,6,4,8,2,0,0,10,8,0,0,14,6,5,4,22,24,0,0,4,621,0,0,0,4,-33.83876402480553,59.78260869565218,50.0,21,17.857142857142858,22.22222222222222,80.0,100.0,1.5,1,1,0,81.70048309178743,6,10,1,7,0,7,1,14,9,6,4,0,0,2,1,2,4,20,13,8,3,31,22,4,0,1,621,0,0,0,1,33.83876402480553,74.23371647509579,75.0,45,4.570383912248629,0.0,50.0,76.92307692307692,10.0,1,1,10,81.70048309178743
S43G01N214,2023-2024,20240229,169,away,35,6,0,5,2,7,0,6,4,8,2,0,0,10,8,0,0,14,6,6,5,22,24,0,0,4,621,0,0,0,4,-33.83876402480553,59.78260869565218,50.0,21,17.857142857142858,22.22222222222222,80.0,100.0,1.5,1,1,0,81.70048309178743,6,10,1,7,0,7,1,14,9,6,4,0,0,2,1,2,4,20,13,8,3,31,22,4,0,1,621,0,0,0,1,33.83876402480553,74.23371647509579,75.0,45,4.570383912248629,0.0,50.0,76.92307692307692,10.0,1,1,10,81.70048309178743
S43G01N214,2023-2024,20240229,170,away,35,6,0,5,2,7,0,6,4,8,2,0,0,10,8,0,0,14,6,6,5,22,24,0,0,4,621,0,0,0,4,-33.83876402480553,59.78260869565218,50.0,21,17.857142857142858,22.22222222222222,80.0,100.0,1.5,1,1,0,81.70048309178743,6,10,1,7,0,7,1,14,9,6,4,0,0,2,1,2,4,20,13,8,3,31,22,4,0,1,621,0,0,0,1,33.83876402480553,74.23371647509579,75.0,45,4.570383912248629,0.0,50.0,76.92307692307692,10.0,1,1,10,81.70048309178743
S43G01N214,2023-2024,20240229,171,away,35,6,0,5,2,7,0,6,4,8,2,0,0,10,8,0,0,14,6,6,5,22,24,0,0,4,633,0,0,0,4,-36.387631975867265,59.78260869565218,50.0,21,17.857142857142858,22.22222222222222,80.0,100.0,1.5,2,1,0,82.04739336492891,6,10,1,7,0,7,1,15,10,6,4,0,0,2,1,2,4,21,14,8,3,33,23,4,0,1,633,0,0,0,1,36.387631975867265,75.41133455210237,76.19047619047619,47,4.370629370629371,0.0,50.0,71.42857142857143,10.0,2,1,11,82.04739336492891
S43G01N214,2023-2024,20240229,172,away,35,6,0,5,2,7,0,7,5,8,2,0,0,10,8,0,0,15,7,6,5,24,25,0,0,4,655,0,0,0,4,-32.081236520488844,61.85567010309279,53.333333333333336,23,17.094017094017094,22.22222222222222,80.0,85.71428571428571,1.5,2,1,0,81.1236641221374,6,10,1,7,0,7,1,15,10,6,4,0,0,2,1,2,4,21,14,8,3,33,23,4,0,1,655,0,0,0,1,32.081236520488844,75.41133455210237,76.19047619047619,47,4.370629370629371,0.0,50.0,71.42857142857143,10.0,2,1,11,81.1236641221374
S43G01N214,2023-2024,20240229,173,away,35,7,0,5,2,7,0,7,5,8,2,0,0,10,8,0,0,15,7,6,5,24,25,0,0,4,655,0,0,0,4,-32.081236520488844,61.85567010309279,53.333333333333336,24,17.094017094017094,22.22222222222222,80.0,100.0,1.75,2,1,0,81.1236641221374,6,10,1,7,0,7,1,15,10,6,4,0,0,2,1,2,4,21,14,8,3,33,23,4,0,1,655,0,0,0,1,32.081236520488844,75.41133455210237,76.19047619047619,47,4.370629370629371,0.0,50.0,71.42857142857143,10.0,2,1,11,81.1236641221374
S43G01N214,2023-2024,20240229,174,away,35,7,0,5,2,7,0,7,5,8,2,0,0,10,8,0,0,15,7,6,5,24,25,0,0,4,677,0,0,0,4,-26.041422063588968,61.85567010309279,53.333333333333336,24,17.094017094017094,22.22222222222222,80.0,100.0,1.75,2,1,0,80.25997045790251,6,10,1,7,0,7,1,15,10,7,4,0,0,2,1,2,4,22,14,8,3,33,24,4,0,1,677,0,0,0,1,26.041422063588968,72.11538461538461,72.72727272727273,46,4.1876046901172534,0.0,50.0,71.42857142857143,10.0,2,1,11,80.25997045790251
S43G01N214,2023-2024,20240229,175,away,35,7,0,6,2,8,0,7,5,8,2,0,0,10,8,0,0,15,7,6,5,24,25,0,0,4,678,0,0,0,4,-26.041422063588968,61.85567010309279,53.333333333333336,25,17.094017094017094,22.22222222222222,80.0,100.0,1.75,2,1,0,80.14159292035399,6,10,1,7,0,7,1,15,10,7,4,0,0,2,1,2,4,22,14,8,3,33,24,4,0,1,678,0,0,0,1,26.041422063588968,72.11538461538461,72.72727272727273,46,4.1876046901172534,0.0,50.0,71.42857142857143,10.0,2,1,11,80.14159292035399
S43G01N214,2023-2024,20240229,176,away,35,7,0,6,2,8,0,7,5,8,2,0,0,10,8,0,0,15,7,6,5,24,25,0,0,4,680,0,0,0,4,-26.041422063588968,61.85567010309279,53.333333333333336,25,17.094017094017094,22.22222222222222,80.0,100.0,1.75,2,1,0,79.90588235294118,6,10,1,7,0,7,1,15,10,7,4,0,0,2,1,2,4,22,14,9,4,33,24,4,0,1,680,0,0,0,1,26.041422063588968,72.11538461538461,72.72727272727273,46,4.1876046901172534,0.0,50.0,71.42857142857143,10.0,2,1,11,79.90588235294118
S43G01N214,2023-2024,20240229,177,away,35,7,0,6,2,8,0,7,5,8,2,0,0,10,8,0,0,15,7,6,5,24,25,0,0,4,680,0,0,0,4,-26.041422063588968,61.85567010309279,53.333333333333336,25,17.094017094017094,22.22222222222222,80.0,100.0,1.75,2,1,0,79.90588235294118,6,10,1,7,0,7,1,15,10,7,4,0,0,2,1,2,4,22,14,9,4,33,24,4,0,1,680,0,0,0,1,26.041422063588968,72.11538461538461,72.72727272727273,46,4.1876046901172534,0.0,50.0,71.42857142857143,10.0,2,1,11,79.90588235294118
S43G01N214,2023-2024,20240229,178,away,35,7,0,6,2,8,0,7,5,8,2,0,0,10,8,0,0,15,7,6,5,24,25,0,0,4,680,0,0,0,4,-26.041422063588968,61.85567010309279,53.333333333333336,25,17.094017094017094,22.22222222222222,80.0,100.0,1.75,2,1,0,79.90588235294118,6,10,1,7,0,7,1,15,10,7,4,0,0,2,1,2,4,22,14,9,4,33,24,4,0,1,680,0,0,0,1,26.041422063588968,72.11538461538461,72.72727272727273,46,4.1876046901172534,0.0,50.0,71.42857142857143,10.0,2,1,11,79.90588235294118
S43G01N214,2023-2024,20240229,179,away,35,7,0,6,2,8,0,7,5,8,2,0,0,10,8,0,0,15,7,6,5,24,25,0,0,4,680,0,0,0,4,-26.041422063588968,61.85567010309279,53.333333333333336,25,17.094017094017094,22.22222222222222,80.0,100.0,1.75,2,1,0,79.90588235294118,6,10,1,7,0,7,1,15,10,7,4,0,0,2,1,2,4,22,14,9,4,33,24,4,0,1,680,0,0,0,1,26.041422063588968,72.11538461538461,72.72727272727273,46,4.1876046901172534,0.0,50.0,71.42857142857143,10.0,2,1,11,79.90588235294118
S43G01N214,2023-2024,20240229,180,away,35,7,0,6,2,8,0,7,5,8,2,0,0,10,8,0,0,15,7,6,5,24,25,0,0,4,684,0,0,0,4,-26.041422063588968,61.85567010309279,53.333333333333336,25,17.094017094017094,22.22222222222222,80.0,100.0,1.75,2,1,0,79.43859649122807,6,10,1,7,0,7,1,15,10,7,4,0,0,2,1,2,4,22,14,10,4,33,24,4,0,1,684,0,0,0,1,26.041422063588968,72.11538461538461,72.72727272727273,46,4.1876046901172534,0.0,50.0,71.42857142857143,10.0,2,1,11,79.43859649122807
S43G01N214,2023-2024,20240229,181,away,35,7,0,6,2,8,0,7,5,8,2,0,0,10,8,0,0,15,7,6,5,24,25,0,0,4,684,0,0,0,4,-26.041422063588968,61.85567010309279,53.333333333333336,25,17.094017094017094,22.22222222222222,80.0,100.0,1.75,2,1,0,79.43859649122807,6,10,1,7,0,7,1,15,10,7,4,0,0,2,1,2,4,22,14,10,4,33,24,4,0,1,684,0,0,0,1,26.041422063588968,72.11538461538461,72.72727272727273,46,4.1876046901172534,0.0,50.0,71.42857142857143,10.0,2,1,11,79.43859649122807
S43G01N214,2023-2024,20240229,182,away,35,7,0,6,2,8,0,7,5,8,2,0,0,11,9,0,0,15,7,6,5,25,26,0,0,4,684,0,0,0,4,-23.722090305004883,63.00403225806452,53.333333333333336,26,16.778523489932887,22.22222222222222,81.81818181818181,100.0,1.75,3,1,0,80.21052631578947,6,10,1,7,0,7,1,15,10,7,4,0,0,2,1,2,4,22,14,10,4,33,24,4,0,1,684,0,0,0,1,23.722090305004883,72.11538461538461,72.72727272727273,46,4.1876046901172534,0.0,50.0,71.42857142857143,10.0,3,1,11,80.21052631578947
S43G01N214,2023-2024,20240229,183,away,35,7,0,6,2,8,0,7,5,8,2,0,0,12,10,0,0,15,7,6,5,26,27,0,0,4,684,0,0,0,4,-21.4943659049286,64.1025641025641,53.333333333333336,27,16.474464579901152,22.22222222222222,83.33333333333333,100.0,1.75,4,1,0,80.98245614035086,6,10,1,7,0,7,1,15,10,7,4,0,0,2,1,2,4,22,14,10,4,33,24,4,0,1,684,0,0,0,1,21.4943659049286,72.11538461538461,72.72727272727273,46,4.1876046901172534,0.0,50.0,71.42857142857143,10.0,4,1,11,80.98245614035086
S43G01N214,2023-2024,20240229,184,away,35,7,0,6,2,8,0,7,5,8,2,0,0,12,10,0,0,15,7,6,5,26,27,0,0,4,701,0,0,0,4,-27.997944893117136,64.1025641025641,53.333333333333336,27,16.474464579901152,22.22222222222222,83.33333333333333,100.0,1.75,3,1,0,80.73038516405134,6,10,1,7,0,7,1,15,10,8,5,0,0,2,1,2,4,23,15,10,4,36,25,4,0,1,701,0,0,0,1,27.997944893117136,75.37688442211055,76.08695652173913,49,4.019292604501608,0.0,50.0,66.66666666666667,10.0,3,1,11,80.73038516405134
S43G01N214,2023-2024,20240229,185,away,35,7,0,6,2,8,0,7,5,8,2,0,0,12,10,0,0,15,7,6,5,26,27,0,0,4,701,0,0,0,4,-27.997944893117136,64.1025641025641,53.333333333333336,27,16.474464579901152,22.22222222222222,83.33333333333333,100.0,1.75,3,1,0,80.73038516405134,6,11,1,7,0,7,1,15,10,8,5,0,0,2,1,2,4,23,15,10,4,36,25,4,0,1,701,0,0,0,1,27.997944893117136,75.37688442211055,76.08695652173913,50,4.019292604501608,0.0,50.0,73.33333333333333,11.0,3,1,11,80.73038516405134
S43G01N214,2023-2024,20240229,186,away,35,7,0,6,2,8,0,7,5,8,2,0,0,12,10,0,0,15,7,6,5,26,27,0,0,4,719,0,0,0,4,-27.997944893117136,64.1025641025641,53.333333333333336,27,16.474464579901152,22.22222222222222,83.33333333333333,100.0,1.75,3,1,0,78.70931849791376,6,11,1,7,0,7,1,15,10,8,5,0,0,2,1,2,4,23,15,11,4,36,25,4,0,1,719,0,0,0,1,27.997944893117136,75.37688442211055,76.08695652173913,50,4.019292604501608,0.0,50.0,73.33333333333333,11.0,3,1,11,78.70931849791376
S43G01N214,2023-2024,20240229,187,away,35,7,0,6,2,8,0,7,5,8,2,0,0,12,10,0,0,15,7,6,5,26,27,0,0,4,719,0,0,0,4,-27.997944893117136,64.1025641025641,53.333333333333336,27,16.474464579901152,22.22222222222222,83.33333333333333,100.0,1.75,3,1,0,78.70931849791376,6,11,1,7,0,7,1,15,10,8,5,0,0,2,1,2,4,23,15,11,4,36,25,4,0,1,719,0,0,0,1,27.997944893117136,75.37688442211055,76.08695652173913,50,4.019292604501608,0.0,50.0,73.33333333333333,11.0,3,1,11,78.70931849791376
S43G01N214,2023-2024,20240229,188,away,35,8,0,6,2,8,0,7,5,8,2,0,0,12,10,0,0,15,7,6,5,26,27,0,0,4,719,0,0,0,4,-27.997944893117136,64.1025641025641,53.333333333333336,28,16.474464579901152,22.22222222222222,83.33333333333333,114.28571428571429,2.0,3,1,0,78.70931849791376,6,11,1,7,0,7,1,15,10,8,5,0,0,2,1,2,4,23,15,11,4,36,25,4,0,1,719,0,0,0,1,27.997944893117136,75.37688442211055,76.08695652173913,50,4.019292604501608,0.0,50.0,73.33333333333333,11.0,3,1,11,78.70931849791376
S43G01N214,2023-2024,20240229,189,away,35,8,0,6,2,8,0,7,5,8,2,0,0,13,11,0,0,15,7,6,5,27,28,0,0,4,719,0,0,0,4,-25.856505593043792,65.15444015444015,53.333333333333336,29,16.181229773462785,22.22222222222222,84.61538461538461,114.28571428571429,2.0,1,1,0,79.44367176634213,6,11,1,7,0,7,1,15,10,8,5,0,0,2,1,2,4,23,15,11,4,36,25,4,0,1,719,0,0,0,1,25.856505593043792,75.37688442211055,76.08695652173913,50,4.019292604501608,0.0,50.0,73.33333333333333,11.0,1,1,11,79.44367176634213
S43G01N214,2023-2024,20240229,190,away,35,8,0,6,2,8,0,7,5,8,2,0,0,14,12,0,0,15,7,6,5,28,29,0,0,4,719,0,0,0,4,-23.79643358934632,66.1625708884688,53.333333333333336,30,15.89825119236884,22.22222222222222,85.71428571428571,114.28571428571429,2.0,2,1,0,80.17802503477051,6,11,1,7,0,7,1,15,10,8,5,0,0,2,1,2,4,23,15,11,4,36,25,4,0,1,719,0,0,0,1,23.79643358934632,75.37688442211055,76.08695652173913,50,4.019292604501608,0.0,50.0,73.33333333333333,11.0,2,1,11,80.17802503477051
S43G01N214,2023-2024,20240229,191,away,35,8,0,6,2,8,0,7,5,8,2,0,0,14,12,0,0,15,7,7,6,28,29,0,0,4,740,0,0,0,4,-23.79643358934632,66.1625708884688,53.333333333333336,30,15.89825119236884,22.22222222222222,85.71428571428571,114.28571428571429,2.0,2,1,0,77.90270270270271,6,11,1,7,0,7,1,15,10,8,5,0,0,2,1,2,4,23,15,11,4,36,25,4,0,1,740,0,0,0,1,23.79643358934632,75.37688442211055,76.08695652173913,50,4.019292604501608,0.0,50.0,73.33333333333333,11.0,2,1,11,77.90270270270271
S43G01N214,2023-2024,20240229,192,away,35,8,0,6,2,8,0,7,5,8,2,0,0,14,12,0,0,15,7,7,6,28,29,0,0,4,740,0,0,0,4,-23.79643358934632,66.1625708884688,53.333333333333336,30,15.89825119236884,22.22222222222222,85.71428571428571,114.28571428571429,2.0,2,1,0,77.90270270270271,6,11,1,7,0,7,1,15,10,8,5,0,0,2,1,2,4,23,15,11,4,36,25,4,0,1,740,0,0,0,1,23.79643358934632,75.37688442211055,76.08695652173913,50,4.019292604501608,0.0,50.0,73.33333333333333,11.0,2,1,11,77.90270270270271
S43G01N214,2023-2024,20240229,193,away,35,8,0,6,2,8,0,7,5,8,2,0,0,14,12,0,0,15,7,7,6,28,29,0,0,4,740,0,0,0,4,-23.79643358934632,66.1625708884688,53.333333333333336,30,15.89825119236884,22.22222222222222,85.71428571428571,114.28571428571429,2.0,2,1,0,77.90270270270271,6,11,1,7,0,7,1,15,10,8,5,0,0,2,1,2,4,23,15,11,4,36,25,4,0,1,740,0,0,0,1,23.79643358934632,75.37688442211055,76.08695652173913,50,4.019292604501608,0.0,50.0,73.33333333333333,11.0,2,1,11,77.90270270270271
S43G01N214,2023-2024,20240229,194,away,35,8,0,6,2,8,0,7,5,8,2,0,0,14,12,0,0,15,7,7,6,28,29,0,0,4,740,0,0,0,4,-23.79643358934632,66.1625708884688,53.333333333333336,30,15.89825119236884,22.22222222222222,85.71428571428571,114.28571428571429,2.0,2,1,0,77.90270270270271,6,11,1,7,0,7,1,15,10,8,5,0,0,2,1,2,4,23,15,11,4,36,25,4,0,1,740,0,0,0,1,23.79643358934632,75.37688442211055,76.08695652173913,50,4.019292604501608,0.0,50.0,73.33333333333333,11.0,2,1,11,77.90270270270271
S43G01N214,2023-2024,20240229,195,away,35,8,0,6,2,8,0,7,5,8,2,0,0,14,12,0,0,15,7,7,6,28,29,0,0,4,740,0,0,0,4,-23.79643358934632,66.1625708884688,53.333333333333336,30,15.89825119236884,22.22222222222222,85.71428571428571,114.28571428571429,2.0,2,1,0,77.90270270270271,6,11,1,7,0,7,1,15,10,8,5,0,0,2,1,2,4,23,15,11,4,36,25,4,0,1,740,0,0,0,1,23.79643358934632,75.37688442211055,76.08695652173913,50,4.019292604501608,0.0,50.0,73.33333333333333,11.0,2,1,11,77.90270270270271
S43G01N214,2023-2024,20240229,196,away,35,8,0,6,2,8,0,7,5,8,2,0,0,14,12,0,0,15,7,7,6,28,29,0,0,4,740,0,0,0,4,-23.79643358934632,66.1625708884688,53.333333333333336,30,15.89825119236884,22.22222222222222,85.71428571428571,114.28571428571429,2.0,2,1,0,77.90270270270271,6,11,1,7,0,7,1,15,10,8,5,0,0,2,1,2,4,23,15,11,4,36,25,4,0,1,740,0,0,0,1,23.79643358934632,75.37688442211055,76.08695652173913,50,4.019292604501608,0.0,50.0,73.33333333333333,11.0,2,1,11,77.90270270270271
S43G01N214,2023-2024,20240229,197,away,35,8,0,6,2,8,0,7,5,8,2,0,0,14,12,0,0,15,7,7,6,28,29,0,0,4,740,0,0,0,4,-23.79643358934632,66.1625708884688,53.333333333333336,30,15.89825119236884,22.22222222222222,85.71428571428571,114.28571428571429,2.0,2,1,0,77.90270270270271,6,11,1,7,0,7,1,15,10,8,5,0,0,2,1,2,4,23,15,11,4,36,25,4,0,1,740,0,0,0,1,23.79643358934632,75.37688442211055,76.08695652173913,50,4.019292604501608,0.0,50.0,73.33333333333333,11.0,2,1,11,77.90270270270271
S43G01N214,2023-2024,20240229,198,away,35,8,0,6,2,8,0,7,5,8,2,0,0,14,12,0,0,15,7,7,6,28,29,0,0,4,740,0,0,0,4,-23.79643358934632,66.1625708884688,53.333333333333336,30,15.89825119236884,22.22222222222222,85.71428571428571,114.28571428571429,2.0,2,1,0,77.90270270270271,6,11,1,7,0,7,1,15,10,8,5,0,0,2,1,2,4,23,15,11,4,36,25,4,0,1,740,0,0,0,1,23.79643358934632,75.37688442211055,76.08695652173913,50,4.019292604501608,0.0,50.0,73.33333333333333,11.0,2,1,11,77.90270270270271
S43G01N214,2023-2024,20240229,199,away,35,8,0,6,2,8,0,7,5,8,2,0,0,14,12,0,0,15,7,7,6,28,29,0,0,4,754,0,0,0,4,-18.205454695912863,66.1625708884688,53.333333333333336,30,15.89825119236884,22.22222222222222,85.71428571428571,114.28571428571429,2.0,2,1,0,78.04774535809018,6,11,1,7,0,7,1,15,10,9,5,0,0,2,1,2,4,24,15,11,4,36,26,4,0,1,754,0,0,0,1,18.205454695912863,72.34726688102894,72.91666666666667,49,3.8639876352395675,0.0,50.0,73.33333333333333,11.0,2,1,11,78.04774535809018
S43G01N214,2023-2024,20240229,200,away,35,8,0,6,2,8,0,7,5,8,2,0,0,14,12,0,0,15,7,7,6,28,29,0,0,4,756,0,0,0,4,-18.205454695912863,66.1625708884688,53.333333333333336,30,15.89825119236884,22.22222222222222,85.71428571428571,114.28571428571429,2.0,2,1,0,77.84126984126983,6,11,1,7,0,7,1,15,10,9,5,0,0,2,1,2,4,24,15,11,4,36,26,4,1,1,756,0,0,0,2,18.205454695912863,72.34726688102894,72.91666666666667,48,3.8639876352395675,0.0,50.0,73.33333333333333,11.0,2,1,11,77.84126984126983
S43G01N214,2023-2024,20240229,201,away,35,8,0,6,2,8,1,7,5,8,2,0,0,14,12,0,0,15,7,7,6,28,29,0,0,4,756,0,0,0,4,-18.205454695912863,66.1625708884688,53.333333333333336,31,15.89825119236884,22.22222222222222,85.71428571428571,114.28571428571429,2.0,2,1,0,77.84126984126983,6,11,1,7,0,7,1,15,10,9,5,0,0,2,1,2,4,24,15,11,4,36,26,4,1,1,756,0,0,0,2,18.205454695912863,72.34726688102894,72.91666666666667,48,3.8639876352395675,0.0,50.0,73.33333333333333,11.0,2,1,11,77.84126984126983
S43G01N214,2023-2024,20240229,202,away,35,8,0,6,2,8,1,7,5,8,2,0,0,14,12,0,0,15,7,7,6,28,29,0,0,5,768,0,0,0,5,-23.209515133525088,66.1625708884688,53.333333333333336,30,19.1131498470948,22.22222222222222,85.71428571428571,114.28571428571429,1.6,2,1,0,78.1875,6,11,1,7,0,7,1,15,10,9,5,0,0,2,1,2,4,24,15,11,4,36,26,4,1,1,768,0,0,0,2,23.209515133525088,72.34726688102894,72.91666666666667,48,3.8639876352395675,0.0,50.0,73.33333333333333,11.0,2,1,11,78.1875
S43G01N214,2023-2024,20240229,203,away,35,8,0,6,2,8,1,7,5,8,2,0,0,14,12,0,0,15,7,7,6,28,29,0,0,5,769,0,0,0,5,-23.209515133525088,66.1625708884688,53.333333333333336,30,19.1131498470948,22.22222222222222,85.71428571428571,114.28571428571429,1.6,2,1,0,78.08582574772431,6,11,1,7,0,7,1,15,10,9,5,0,0,2,1,2,4,24,15,11,4,36,26,5,1,1,769,0,0,0,2,23.209515133525088,72.34726688102894,72.91666666666667,49,3.8639876352395675,0.0,50.0,73.33333333333333,11.0,2,1,11,78.08582574772431
S43G01N214,2023-2024,20240229,204,away,35,8,0,6,2,8,1,7,5,8,2,0,0,14,12,0,0,15,7,8,6,28,29,0,0,5,774,0,0,0,5,-23.209515133525088,66.1625708884688,53.333333333333336,30,19.1131498470948,22.22222222222222,85.71428571428571,114.28571428571429,1.6,2,1,0,77.58139534883722,6,11,1,7,0,7,1,15,10,9,5,0,0,2,1,2,4,24,15,11,4,36,26,5,1,1,774,0,0,0,2,23.209515133525088,72.34726688102894,72.91666666666667,49,3.8639876352395675,0.0,50.0,73.33333333333333,11.0,2,1,11,77.58139534883722
S43G01N214,2023-2024,20240229,205,away,35,8,0,6,2,8,1,7,5,8,2,0,0,14,12,0,0,15,7,8,6,28,29,0,0,5,774,0,0,0,5,-23.209515133525088,66.1625708884688,53.333333333333336,30,19.1131498470948,22.22222222222222,85.71428571428571,114.28571428571429,1.6,2,1,0,77.58139534883722,6,11,1,7,0,7,1,15,10,9,5,0,0,2,1,2,4,24,15,11,4,36,26,5,1,1,774,0,0,0,2,23.209515133525088,72.34726688102894,72.91666666666667,49,3.8639876352395675,0.0,50.0,73.33333333333333,11.0,2,1,11,77.58139534883722
S43G01N214,2023-2024,20240229,206,away,35,8,0,6,2,8,1,7,5,8,2,0,0,14,12,0,0,15,7,8,6,28,29,0,0,5,774,0,0,0,5,-23.209515133525088,66.1625708884688,53.333333333333336,30,19.1131498470948,22.22222222222222,85.71428571428571,114.28571428571429,1.6,2,1,0,77.58139534883722,6,12,1,7,0,7,1,15,10,9,5,0,0,2,1,2,4,24,15,11,4,36,26,5,1,1,774,0,0,0,2,23.209515133525088,72.34726688102894,72.91666666666667,50,3.8639876352395675,0.0,50.0,80.0,12.0,2,1,11,77.58139534883722
S43G01N214,2023-2024,20240229,207,away,35,8,0,6,2,8,1,7,5,8,2,0,0,14,12,0,0,15,7,8,6,28,29,0,0,5,774,0,0,0,5,-23.209515133525088,66.1625708884688,53.333333333333336,30,19.1131498470948,22.22222222222222,85.71428571428571,114.28571428571429,1.6,2,1,0,77.58139534883722,6,12,1,7,0,7,1,15,10,9,5,0,0,2,1,2,4,24,15,11,4,36,26,5,1,1,774,0,0,0,2,23.209515133525088,72.34726688102894,72.91666666666667,50,3.8639876352395675,0.0,50.0,80.0,12.0,2,1,11,77.58139534883722
S43G01N214,2023-2024,20240229,208,away,35,8,0,6,2,8,1,7,5,8,2,0,0,14,12,0,0,15,7,8,6,28,29,0,0,5,774,0,0,0,5,-23.209515133525088,66.1625708884688,53.333333333333336,30,19.1131498470948,22.22222222222222,85.71428571428571,114.28571428571429,1.6,2,1,0,77.58139534883722,6,12,1,7,0,7,1,15,10,9,5,0,0,2,1,2,4,24,15,11,4,36,26,5,1,1,774,0,0,0,2,23.209515133525088,72.34726688102894,72.91666666666667,50,3.8639876352395675,0.0,50.0,80.0,12.0,2,1,11,77.58139534883722
S43G01N214,2023-2024,20240229,209,away,35,8,0,6,2,8,1,7,5,8,2,0,0,14,12,0,0,15,7,8,6,28,29,0,0,5,774,0,0,0,5,-20.88407576642041,66.1625708884688,53.333333333333336,30,19.1131498470948,22.22222222222222,85.71428571428571,114.28571428571429,1.6,2,1,0,78.26356589147288,6,12,1,7,0,7,1,15,10,9,5,0,0,3,1,2,4,24,15,11,4,36,27,5,1,1,774,0,0,0,2,20.88407576642041,71.09004739336493,72.91666666666667,49,3.7993920972644375,0.0,33.333333333333336,80.0,12.0,2,1,11,78.26356589147288
S43G01N214,2023-2024,20240229,210,away,35,8,0,6,2,8,1,7,5,8,2,0,0,14,12,0,0,15,7,8,6,28,29,0,0,5,774,0,0,0,5,-18.635108246963426,66.1625708884688,53.333333333333336,30,19.1131498470948,22.22222222222222,85.71428571428571,114.28571428571429,1.6,2,1,0,78.94573643410854,6,12,1,7,0,7,1,15,10,9,5,0,0,4,1,2,4,24,15,11,4,36,28,5,1,1,774,0,0,0,2,18.635108246963426,69.87577639751552,72.91666666666667,48,3.7369207772795217,0.0,25.0,80.0,12.0,2,1,11,78.94573643410854
S43G01N214,2023-2024,20240229,211,away,35,8,0,6,2,8,1,7,5,8,2,0,0,14,12,0,0,15,7,8,6,28,29,0,0,5,776,0,0,0,5,-23.857513059931705,66.1625708884688,53.333333333333336,30,19.1131498470948,22.22222222222222,85.71428571428571,114.28571428571429,1.6,2,1,0,77.1958762886598,6,12,1,7,1,8,1,15,10,9,5,0,0,4,1,2,4,24,15,11,4,36,28,5,1,1,776,0,0,0,2,23.857513059931705,69.87577639751552,72.91666666666667,49,3.7369207772795217,14.285714285714286,25.0,80.0,12.0,2,1,11,77.1958762886598
S43G01N214,2023-2024,20240229,212,away,35,8,0,6,2,8,1,7,5,8,2,0,0,14,12,0,0,15,7,9,6,28,29,0,0,5,782,0,0,0,5,-23.857513059931705,66.1625708884688,53.333333333333336,30,19.1131498470948,22.22222222222222,85.71428571428571,114.28571428571429,1.6,2,1,0,76.60358056265984,6,12,1,7,1,8,1,15,10,9,5,0,0,4,1,2,4,24,15,11,4,36,28,5,1,1,782,0,0,0,2,23.857513059931705,69.87577639751552,72.91666666666667,49,3.7369207772795217,14.285714285714286,25.0,80.0,12.0,2,1,11,76.60358056265984
S43G01N214,2023-2024,20240229,213,away,35,8,0,6,2,8,1,7,5,8,2,0,0,14,12,0,0,15,7,9,6,28,29,0,0,5,782,0,0,0,5,-23.857513059931705,66.1625708884688,53.333333333333336,30,19.1131498470948,22.22222222222222,85.71428571428571,114.28571428571429,1.6,2,1,0,76.60358056265984,6,12,1,7,1,8,1,15,10,9,5,0,0,4,1,2,4,24,15,11,4,36,28,5,1,1,782,0,0,0,2,23.857513059931705,69.87577639751552,72.91666666666667,49,3.7369207772795217,14.285714285714286,25.0,80.0,12.0,2,1,11,76.60358056265984
S43G01N214,2023-2024,20240229,214,away,35,8,0,6,2,8,1,7,5,8,2,0,0,14,12,0,0,15,7,9,6,28,29,0,0,5,782,0,0,0,5,-25.327334310702184,66.1625708884688,53.333333333333336,30,19.1131498470948,22.22222222222222,85.71428571428571,114.28571428571429,1.6,1,1,0,77.27877237851662,6,12,1,7,1,8,1,15,10,9,5,0,0,5,2,2,4,24,15,11,4,37,29,5,1,1,782,0,0,0,2,25.327334310702184,70.61068702290076,72.91666666666667,50,3.6764705882352944,14.285714285714286,40.0,80.0,12.0,1,1,11,77.27877237851662
S43G01N214,2023-2024,20240229,215,away,35,8,0,6,2,8,1,7,5,8,2,0,0,14,12,0,0,15,7,9,6,28,29,0,0,5,782,0,0,0,5,-26.7486029075433,66.1625708884688,53.333333333333336,30,19.1131498470948,22.22222222222222,85.71428571428571,114.28571428571429,1.6,2,1,0,77.9539641943734,6,12,1,7,1,8,1,15,10,9,5,0,0,6,3,2,4,24,15,11,4,38,30,5,1,1,782,0,0,0,2,26.7486029075433,71.32132132132132,72.91666666666667,51,3.61794500723589,14.285714285714286,50.0,80.0,12.0,2,1,11,77.9539641943734
S43G01N214,2023-2024,20240229,216,away,35,8,0,6,2,8,1,7,5,8,2,0,0,14,12,0,0,15,7,9,6,28,29,0,0,5,782,0,0,0,5,-28.123685523394016,66.1625708884688,53.333333333333336,30,19.1131498470948,22.22222222222222,85.71428571428571,114.28571428571429,1.6,3,1,0,78.62915601023018,6,12,1,7,1,8,1,15,10,9,5,0,0,7,4,2,4,24,15,11,4,39,31,5,1,1,782,0,0,0,2,28.123685523394016,72.00886262924668,72.91666666666667,52,3.5612535612535616,14.285714285714286,57.142857142857146,80.0,12.0,3,1,11,78.62915601023018
S43G01N214,2023-2024,20240229,217,away,35,8,0,6,2,8,1,8,5,8,2,0,0,14,12,0,0,16,7,9,6,28,30,0,0,5,794,0,0,0,5,-32.729966911911475,63.17689530685921,50.0,29,18.40942562592047,22.22222222222222,85.71428571428571,114.28571428571429,1.6,3,1,0,78.9521410579345,6,12,1,7,1,8,1,15,10,9,5,0,0,7,4,2,4,24,15,11,4,39,31,5,1,1,794,0,0,0,2,32.729966911911475,72.00886262924668,72.91666666666667,52,3.5612535612535616,14.285714285714286,57.142857142857146,80.0,12.0,3,1,11,78.9521410579345
S43G01N214,2023-2024,20240229,218,away,35,8,0,6,2,8,2,8,5,8,2,0,0,14,12,0,0,16,7,9,6,28,30,0,0,5,795,0,0,0,5,-32.729966911911475,63.17689530685921,50.0,30,18.40942562592047,22.22222222222222,85.71428571428571,114.28571428571429,1.6,3,1,0,78.85283018867925,6,12,1,7,1,8,1,15,10,9,5,0,0,7,4,2,4,24,15,11,4,39,31,5,1,1,795,0,0,0,2,32.729966911911475,72.00886262924668,72.91666666666667,52,3.5612535612535616,14.285714285714286,57.142857142857146,80.0,12.0,3,1,11,78.85283018867925
S43G01N214,2023-2024,20240229,219,away,35,8,0,6,2,8,2,8,5,8,2,0,0,14,12,0,0,16,7,9,6,28,30,0,0,5,795,0,0,0,5,-32.729966911911475,63.17689530685921,50.0,30,18.40942562592047,22.22222222222222,85.71428571428571,114.28571428571429,1.6,3,1,0,78.85283018867925,6,12,1,7,1,8,1,15,10,9,5,0,0,7,4,2,4,24,15,12,5,39,31,5,1,1,795,0,0,0,2,32.729966911911475,72.00886262924668,72.91666666666667,52,3.5612535612535616,14.285714285714286,57.142857142857146,80.0,12.0,3,1,11,78.85283018867925
S43G01N214,2023-2024,20240229,220,away,35,8,0,6,2,8,2,8,5,8,2,0,0,14,12,0,0,16,7,9,6,28,30,0,0,5,795,0,0,0,5,-32.729966911911475,63.17689530685921,50.0,30,18.40942562592047,22.22222222222222,85.71428571428571,114.28571428571429,1.6,3,1,0,78.85283018867925,6,12,1,7,1,8,1,15,10,9,5,0,0,7,4,2,4,24,15,12,5,39,31,5,1,1,795,0,0,0,2,32.729966911911475,72.00886262924668,72.91666666666667,52,3.5612535612535616,14.285714285714286,57.142857142857146,80.0,12.0,3,1,11,78.85283018867925
S43G01N214,2023-2024,20240229,221,away,35,8,0,6,2,8,2,8,5,8,2,0,0,14,12,0,0,16,7,9,6,28,30,0,0,5,795,0,0,0,5,-32.729966911911475,63.17689530685921,50.0,30,18.40942562592047,22.22222222222222,85.71428571428571,114.28571428571429,1.6,3,1,0,78.85283018867925,6,12,1,7,1,8,1,15,10,9,5,0,0,7,4,2,4,24,15,12,5,39,31,5,1,1,795,0,0,0,2,32.729966911911475,72.00886262924668,72.91666666666667,52,3.5612535612535616,14.285714285714286,57.142857142857146,80.0,12.0,3,1,11,78.85283018867925
S43G01N214,2023-2024,20240229,222,away,35,8,0,6,2,8,2,8,5,8,2,0,0,14,12,0,0,16,7,9,6,28,30,0,0,5,795,0,0,0,5,-32.729966911911475,63.17689530685921,50.0,30,18.40942562592047,22.22222222222222,85.71428571428571,114.28571428571429,1.6,3,1,0,78.85283018867925,6,12,1,7,1,8,1,15,10,9,5,0,0,7,4,2,4,24,15,12,5,39,31,5,1,1,795,0,0,0,2,32.729966911911475,72.00886262924668,72.91666666666667,52,3.5612535612535616,14.285714285714286,57.142857142857146,80.0,12.0,3,1,11,78.85283018867925
S43G01N214,2023-2024,20240229,223,away,35,8,0,6,2,8,2,8,5,8,2,0,0,14,12,0,0,16,7,9,6,28,30,0,0,5,795,0,0,0,5,-32.729966911911475,63.17689530685921,50.0,30,18.40942562592047,22.22222222222222,85.71428571428571,114.28571428571429,1.6,3,1,0,78.85283018867925,6,12,1,7,1,8,1,15,10,9,5,0,0,7,4,2,4,24,15,12,5,39,31,5,1,1,795,0,0,0,2,32.729966911911475,72.00886262924668,72.91666666666667,52,3.5612535612535616,14.285714285714286,57.142857142857146,80.0,12.0,3,1,11,78.85283018867925
S43G01N214,2023-2024,20240229,224,away,35,8,0,6,2,8,2,8,5,8,2,0,0,14,12,0,0,16,7,9,6,28,30,0,0,5,795,0,0,0,5,-32.729966911911475,63.17689530685921,50.0,30,18.40942562592047,22.22222222222222,85.71428571428571,114.28571428571429,1.6,3,1,0,78.85283018867925,6,12,1,7,1,8,1,15,10,9,5,0,0,7,4,2,4,24,15,12,5,39,31,5,1,1,795,0,0,0,2,32.729966911911475,72.00886262924668,72.91666666666667,52,3.5612535612535616,14.285714285714286,57.142857142857146,80.0,12.0,3,1,11,78.85283018867925
S43G01N214,2023-2024,20240229,225,away,35,8,0,6,2,8,2,9,5,8,2,0,0,14,12,0,0,17,7,9,6,28,31,0,0,5,800,0,0,0,5,-36.984086114762476,60.44905008635578,47.05882352941177,29,17.755681818181817,22.22222222222222,85.71428571428571,114.28571428571429,1.6,3,1,0,79.85999999999999,6,12,1,7,1,8,1,15,10,9,5,0,0,7,4,2,4,24,15,12,5,39,31,5,1,1,800,0,0,0,2,36.984086114762476,72.00886262924668,72.91666666666667,52,3.5612535612535616,14.285714285714286,57.142857142857146,80.0,12.0,3,1,11,79.85999999999999
S43G01N214,2023-2024,20240229,226,away,35,8,0,6,2,8,2,9,5,8,2,0,0,14,12,0,0,17,7,9,6,28,31,0,0,5,801,0,0,0,5,-36.984086114762476,60.44905008635578,47.05882352941177,29,17.755681818181817,22.22222222222222,85.71428571428571,114.28571428571429,1.6,3,1,0,79.76029962546816,6,12,2,7,1,8,1,15,10,9,5,0,0,7,4,2,4,24,15,12,5,39,31,5,1,1,801,0,0,0,2,36.984086114762476,72.00886262924668,72.91666666666667,53,3.5612535612535616,14.285714285714286,57.142857142857146,80.0,12.0,3,1,11,79.76029962546816
S43G01N214,2023-2024,20240229,227,away,35,8,0,6,3,9,2,9,5,8,2,0,0,14,12,0,0,17,7,9,6,28,31,0,0,5,802,0,0,0,5,-32.729966911911475,60.44905008635578,47.05882352941177,30,17.755681818181817,30.0,85.71428571428571,114.28571428571429,1.6,3,1,0,78.1645885286783,6,12,2,7,1,8,1,15,10,9,5,0,0,7,4,2,4,24,15,12,5,39,31,5,1,1,802,0,0,0,2,32.729966911911475,72.00886262924668,72.91666666666667,53,3.5612535612535616,14.285714285714286,57.142857142857146,80.0,12.0,3,1,11,78.1645885286783
S43G01N214,2023-2024,20240229,228,away,35,8,0,6,3,9,2,10,6,8,2,0,0,14,12,0,0,18,8,9,6,30,32,0,0,5,809,0,0,0,5,-29.338826175924552,62.086092715231786,50.0,32,17.146776406035666,30.0,85.71428571428571,100.0,1.6,2,1,0,78.97156983930778,6,12,2,7,1,8,1,15,10,9,5,0,0,7,4,2,4,24,15,12,5,39,31,5,1,1,809,0,0,0,2,29.338826175924552,72.00886262924668,72.91666666666667,53,3.5612535612535616,14.285714285714286,57.142857142857146,80.0,12.0,2,1,11,78.97156983930778
S43G01N214,2023-2024,20240229,229,away,35,9,0,6,3,9,2,10,6,8,2,0,0,14,12,0,0,18,8,9,6,30,32,0,0,5,809,0,0,0,5,-29.338826175924552,62.086092715231786,50.0,33,17.146776406035666,30.0,85.71428571428571,112.5,1.8,2,1,0,78.97156983930778,6,12,2,7,1,8,1,15,10,9,5,0,0,7,4,2,4,24,15,12,5,39,31,5,1,1,809,0,0,0,2,29.338826175924552,72.00886262924668,72.91666666666667,53,3.5612535612535616,14.285714285714286,57.142857142857146,80.0,12.0,2,1,11,78.97156983930778
S43G01N214,2023-2024,20240229,230,away,35,9,0,6,3,9,2,10,6,8,2,0,0,14,12,0,0,18,8,9,6,30,32,0,0,5,826,0,0,0,5,-24.20998980632008,62.086092715231786,50.0,33,17.146776406035666,30.0,85.71428571428571,112.5,1.8,2,1,0,78.79903147699757,6,12,2,7,1,8,1,16,10,9,5,0,0,7,4,2,4,25,15,12,5,39,32,5,1,1,826,0,0,0,2,24.20998980632008,69.44444444444444,70.0,52,3.43878954607978,14.285714285714286,57.142857142857146,80.0,12.0,2,1,11,78.79903147699757
S43G01N214,2023-2024,20240229,231,away,35,9,0,6,3,9,2,10,6,8,2,0,0,14,12,0,0,18,8,9,6,30,32,0,0,5,829,0,0,0,5,-24.20998980632008,62.086092715231786,50.0,33,17.146776406035666,30.0,85.71428571428571,112.5,1.8,2,1,0,78.51387213510253,6,12,2,7,1,8,2,16,10,9,5,0,0,7,4,2,4,25,15,12,5,39,32,5,1,1,829,0,0,0,2,24.20998980632008,69.44444444444444,70.0,53,3.43878954607978,14.285714285714286,57.142857142857146,80.0,12.0,2,1,11,78.51387213510253
S43G01N214,2023-2024,20240229,232,away,35,9,0,6,3,9,2,10,6,8,2,0,0,14,12,0,0,18,8,9,6,30,32,0,0,5,829,0,0,0,5,-24.20998980632008,62.086092715231786,50.0,33,17.146776406035666,30.0,85.71428571428571,112.5,1.8,2,1,0,78.51387213510253,6,12,2,7,1,8,2,16,10,9,5,0,0,7,4,2,4,25,15,12,5,39,32,5,1,1,829,0,0,0,2,24.20998980632008,69.44444444444444,70.0,53,3.43878954607978,14.285714285714286,57.142857142857146,80.0,12.0,2,1,11,78.51387213510253
S43G01N214,2023-2024,20240229,233,away,35,9,0,6,3,9,2,10,6,8,2,0,0,14,12,0,0,18,8,9,6,30,32,0,0,5,829,0,0,0,5,-24.20998980632008,62.086092715231786,50.0,33,17.146776406035666,30.0,85.71428571428571,112.5,1.8,2,1,0,78.51387213510253,6,12,2,7,1,8,2,16,10,9,5,0,0,7,4,2,4,25,15,12,5,39,32,5,1,1,829,0,0,0,2,24.20998980632008,69.44444444444444,70.0,53,3.43878954607978,14.285714285714286,57.142857142857146,80.0,12.0,2,1,11,78.51387213510253
S43G01N214,2023-2024,20240229,234,away,35,9,0,6,3,9,2,10,6,8,2,0,0,14,12,0,0,18,8,9,6,30,32,0,0,5,833,0,0,0,5,-19.433893214542607,62.086092715231786,50.0,33,17.146776406035666,30.0,85.71428571428571,112.5,1.8,2,1,0,79.57743097238895,6,12,2,7,1,8,2,17,10,9,5,0,0,7,4,2,4,26,15,12,5,39,33,5,1,1,833,0,0,0,2,19.433893214542607,67.0563961485557,67.3076923076923,52,3.3244680851063833,14.285714285714286,57.142857142857146,80.0,12.0,2,1,11,79.57743097238895
S43G01N214,2023-2024,20240229,235,away,35,9,1,6,3,9,2,10,6,8,2,0,0,14,12,0,0,18,8,9,6,30,32,0,0,5,834,0,0,0,5,-19.433893214542607,62.086092715231786,50.0,34,17.146776406035666,30.0,85.71428571428571,112.5,1.8,2,1,0,79.4820143884892,6,12,2,7,1,8,2,17,10,9,5,0,0,7,4,2,4,26,15,12,5,39,33,5,1,1,834,0,0,0,2,19.433893214542607,67.0563961485557,67.3076923076923,52,3.3244680851063833,14.285714285714286,57.142857142857146,80.0,12.0,2,1,11,79.4820143884892
S43G01N214,2023-2024,20240229,236,away,35,9,1,6,3,9,2,10,6,8,2,0,0,14,12,0,0,18,8,9,6,30,32,0,0,5,835,0,0,0,5,-24.20998980632008,62.086092715231786,50.0,34,17.146776406035666,30.0,85.71428571428571,112.5,1.8,2,1,0,77.9497005988024,6,12,2,7,2,9,2,17,10,9,5,0,0,7,4,2,4,26,15,12,5,39,33,5,1,1,835,0,0,0,2,24.20998980632008,67.0563961485557,67.3076923076923,53,3.3244680851063833,25.0,57.142857142857146,80.0,12.0,2,1,11,77.9497005988024
S43G01N214,2023-2024,20240229,237,away,35,9,1,6,3,9,2,10,6,8,2,0,0,14,12,0,0,18,8,9,6,30,32,0,0,5,839,0,0,0,5,-29.750261852781946,62.086092715231786,50.0,34,17.146776406035666,30.0,85.71428571428571,112.5,1.8,3,1,0,79.0083432657926,6,12,2,7,2,9,2,17,10,10,6,0,0,7,4,2,4,27,16,12,5,42,34,5,1,1,839,0,0,0,2,29.750261852781946,69.81382978723404,70.37037037037037,56,3.217503217503218,25.0,57.142857142857146,75.0,12.0,3,1,12,79.0083432657926
S43G01N214,2023-2024,20240229,238,away,35,9,1,6,3,9,2,10,6,8,2,0,0,14,12,0,0,18,8,9,6,30,32,0,0,5,839,0,0,0,5,-29.750261852781946,62.086092715231786,50.0,34,17.146776406035666,30.0,85.71428571428571,112.5,1.8,3,1,0,79.0083432657926,6,13,2,7,2,9,2,17,10,10,6,0,0,7,4,2,4,27,16,12,5,42,34,5,1,1,839,0,0,0,2,29.750261852781946,69.81382978723404,70.37037037037037,57,3.217503217503218,25.0,57.142857142857146,81.25,13.0,3,1,12,79.0083432657926
S43G01N214,2023-2024,20240229,239,away,35,9,1,6,3,9,2,10,6,9,2,0,0,14,12,0,0,19,8,9,6,30,33,0,0,5,857,0,0,0,5,-33.97260717982792,59.61844197138315,47.36842105263158,33,16.578249336870027,30.0,85.71428571428571,112.5,1.8,3,1,0,78.74912485414235,6,13,2,7,2,9,2,17,10,10,6,0,0,7,4,2,4,27,16,12,5,42,34,5,1,1,857,0,0,0,2,33.97260717982792,69.81382978723404,70.37037037037037,57,3.217503217503218,25.0,57.142857142857146,81.25,13.0,3,1,12,78.74912485414235
S43G01N214,2023-2024,20240229,240,away,35,9,1,6,3,9,2,10,6,9,2,0,0,14,12,0,0,19,8,9,6,30,33,0,0,5,858,0,0,0,5,-33.97260717982792,59.61844197138315,47.36842105263158,33,16.578249336870027,27.272727272727273,85.71428571428571,112.5,1.8,3,1,0,78.65734265734265,6,13,2,8,2,10,2,17,10,10,6,0,0,7,4,2,4,27,16,12,5,42,34,5,1,1,858,0,0,0,2,33.97260717982792,69.81382978723404,70.37037037037037,58,3.217503217503218,25.0,57.142857142857146,81.25,13.0,3,1,12,78.65734265734265
S43G01N214,2023-2024,20240229,241,away,35,9,1,6,3,9,2,10,6,9,2,0,0,14,12,0,0,19,8,9,6,30,33,0,0,5,863,0,0,0,5,-35.82004198915803,59.61844197138315,47.36842105263158,33,16.578249336870027,27.272727272727273,85.71428571428571,112.5,1.8,5,1,0,79.59212050984935,6,13,2,8,2,10,2,18,11,10,6,0,0,7,4,2,4,28,17,12,5,44,35,5,1,1,863,0,0,0,2,35.82004198915803,70.78507078507079,71.42857142857143,60,3.117206982543641,25.0,57.142857142857146,76.47058823529412,13.0,5,1,14,79.59212050984935
S43G01N214,2023-2024,20240229,242,away,35,9,1,6,3,9,2,10,6,9,2,0,0,14,12,0,0,19,8,9,6,30,33,0,0,5,863,0,0,0,5,-35.82004198915803,59.61844197138315,47.36842105263158,33,16.578249336870027,27.272727272727273,85.71428571428571,112.5,1.8,5,1,0,79.59212050984935,6,14,2,8,2,10,2,18,11,10,6,0,0,7,4,2,4,28,17,12,5,44,35,5,1,1,863,0,0,0,2,35.82004198915803,70.78507078507079,71.42857142857143,61,3.117206982543641,25.0,57.142857142857146,82.3529411764706,14.0,5,1,14,79.59212050984935
S43G01N214,2023-2024,20240229,243,away,35,9,1,6,3,9,2,10,6,9,2,0,0,14,12,0,0,19,8,9,6,30,33,0,0,5,863,0,0,0,5,-35.82004198915803,59.61844197138315,47.36842105263158,33,16.578249336870027,27.272727272727273,85.71428571428571,112.5,1.8,5,1,0,79.59212050984935,6,14,2,8,2,10,2,18,11,10,6,0,0,7,4,3,6,28,17,12,5,44,35,5,1,1,863,0,0,0,2,35.82004198915803,70.78507078507079,71.42857142857143,61,3.117206982543641,25.0,57.142857142857146,82.3529411764706,14.0,5,1,14,79.59212050984935
S43G01N214,2023-2024,20240229,244,away,35,9,1,6,3,9,2,10,6,9,2,0,0,14,12,0,0,19,8,9,6,30,33,0,0,5,863,0,0,0,5,-35.82004198915803,59.61844197138315,47.36842105263158,33,16.578249336870027,27.272727272727273,85.71428571428571,112.5,1.8,5,1,0,79.59212050984935,6,14,2,8,2,10,2,18,11,10,6,0,0,7,4,3,6,28,17,12,5,44,35,5,1,1,863,0,0,0,2,35.82004198915803,70.78507078507079,71.42857142857143,61,3.117206982543641,25.0,57.142857142857146,82.3529411764706,14.0,5,1,14,79.59212050984935
S43G01N214,2023-2024,20240229,245,away,35,9,1,6,3,9,2,10,6,9,2,0,0,14,12,0,0,19,8,9,6,30,33,0,0,5,863,0,0,0,5,-35.82004198915803,59.61844197138315,47.36842105263158,33,16.578249336870027,27.272727272727273,85.71428571428571,112.5,1.8,5,1,0,79.59212050984935,6,14,2,8,2,10,2,18,11,10,6,0,0,7,4,3,6,28,17,12,5,44,35,5,1,1,863,0,0,0,2,35.82004198915803,70.78507078507079,71.42857142857143,61,3.117206982543641,25.0,57.142857142857146,82.3529411764706,14.0,5,1,14,79.59212050984935
S43G01N214,2023-2024,20240229,246,away,35,9,1,6,3,9,2,10,6,9,2,0,0,14,12,0,0,19,8,9,6,30,33,0,0,5,863,0,0,0,5,-35.82004198915803,59.61844197138315,47.36842105263158,33,16.578249336870027,27.272727272727273,85.71428571428571,112.5,1.8,5,1,0,79.59212050984935,6,14,2,8,2,10,2,18,11,10,6,0,0,7,4,3,6,28,17,12,5,44,35,5,1,1,863,0,0,0,2,35.82004198915803,70.78507078507079,71.42857142857143,61,3.117206982543641,25.0,57.142857142857146,82.3529411764706,14.0,5,1,14,79.59212050984935
S43G01N214,2023-2024,20240229,247,away,35,9,1,6,3,9,2,10,6,9,2,0,0,14,12,0,0,19,8,9,6,30,33,0,0,5,863,0,0,0,5,-35.82004198915803,59.61844197138315,47.36842105263158,33,16.578249336870027,27.272727272727273,85.71428571428571,112.5,1.8,5,1,0,79.59212050984935,6,14,2,8,2,10,2,18,11,10,6,0,0,7,4,3,6,28,17,12,5,44,35,5,1,1,863,0,0,0,2,35.82004198915803,70.78507078507079,71.42857142857143,61,3.117206982543641,25.0,57.142857142857146,82.3529411764706,14.0,5,1,14,79.59212050984935
S43G01N214,2023-2024,20240229,248,away,35,9,1,6,3,9,2,10,6,9,2,0,0,14,12,0,0,19,8,9,6,30,33,0,0,5,863,0,0,0,5,-35.82004198915803,59.61844197138315,47.36842105263158,33,16.578249336870027,27.272727272727273,85.71428571428571,112.5,1.8,5,1,0,79.59212050984935,6,14,2,8,2,10,2,18,11,10,6,0,0,7,4,3,6,28,17,12,5,44,35,5,1,1,863,0,0,0,2,35.82004198915803,70.78507078507079,71.42857142857143,61,3.117206982543641,25.0,57.142857142857146,82.3529411764706,14.0,5,1,14,79.59212050984935
S43G01N214,2023-2024,20240229,249,away,35,9,1,6,3,9,2,10,6,9,2,0,0,14,12,0,0,19,8,9,6,30,33,0,0,5,863,0,0,0,5,-35.82004198915803,59.61844197138315,47.36842105263158,33,16.578249336870027,27.272727272727273,85.71428571428571,112.5,1.8,5,1,0,79.59212050984935,6,14,2,8,2,10,2,18,11,10,6,0,0,7,4,3,6,28,17,12,5,44,35,5,1,1,863,0,0,0,2,35.82004198915803,70.78507078507079,71.42857142857143,61,3.117206982543641,25.0,57.142857142857146,82.3529411764706,14.0,5,1,14,79.59212050984935
S43G01N214,2023-2024,20240229,250,away,35,9,1,6,3,9,2,10,6,9,2,0,0,14,12,0,0,19,8,9,6,30,33,0,0,5,863,0,0,0,5,-35.82004198915803,59.61844197138315,47.36842105263158,33,16.578249336870027,27.272727272727273,85.71428571428571,112.5,1.8,5,1,0,79.59212050984935,6,14,2,8,2,10,2,18,11,10,6,0,0,7,4,3,6,28,17,12,5,44,35,5,1,1,863,0,0,0,2,35.82004198915803,70.78507078507079,71.42857142857143,61,3.117206982543641,25.0,57.142857142857146,82.3529411764706,14.0,5,1,14,79.59212050984935
S43G01N214,2023-2024,20240229,251,away,35,9,1,6,3,9,2,11,6,9,2,0,0,14,12,0,0,20,8,9,6,30,34,0,0,5,882,0,0,0,5,-39.742504835589955,57.3394495412844,45.0,32,16.046213093709884,27.272727272727273,85.71428571428571,112.5,1.8,5,1,0,79.23809523809523,6,14,2,8,2,10,2,18,11,10,6,0,0,7,4,3,6,28,17,12,5,44,35,5,1,1,882,0,0,0,2,39.742504835589955,70.78507078507079,71.42857142857143,61,3.117206982543641,25.0,57.142857142857146,82.3529411764706,14.0,5,1,14,79.23809523809523
S43G01N214,2023-2024,20240229,252,away,35,9,1,6,4,10,2,11,6,9,2,0,0,14,12,0,0,20,8,9,6,30,34,0,0,5,887,0,0,0,5,-35.82004198915803,57.3394495412844,45.0,33,16.046213093709884,33.333333333333336,85.71428571428571,112.5,1.8,5,1,0,77.43855693348364,6,14,2,8,2,10,2,18,11,10,6,0,0,7,4,3,6,28,17,12,5,44,35,5,1,1,887,0,0,0,2,35.82004198915803,70.78507078507079,71.42857142857143,61,3.117206982543641,25.0,57.142857142857146,82.3529411764706,14.0,5,1,14,77.43855693348364
S43G01N214,2023-2024,20240229,253,away,35,9,1,6,4,10,2,12,7,9,2,1,1,14,12,0,0,21,9,9,6,32,35,0,0,5,894,0,0,0,5,-32.64023210831721,58.910162002945505,47.61904761904762,35,15.54726368159204,33.333333333333336,85.71428571428571,100.0,1.8,2,1,0,78.1744966442953,6,14,2,8,2,10,2,18,11,10,6,0,0,7,4,3,6,28,17,12,5,44,35,5,1,1,894,0,0,0,2,32.64023210831721,70.78507078507079,71.42857142857143,61,3.117206982543641,25.0,57.142857142857146,82.3529411764706,14.0,2,1,14,78.1744966442953
S43G01N214,2023-2024,20240229,254,away,35,10,1,6,4,10,2,12,7,9,2,1,1,14,12,0,0,21,9,9,6,32,35,0,0,5,894,0,0,0,5,-32.64023210831721,58.910162002945505,47.61904761904762,36,15.54726368159204,33.333333333333336,85.71428571428571,111.11111111111111,2.0,2,1,0,78.1744966442953,6,14,2,8,2,10,2,18,11,10,6,0,0,7,4,3,6,28,17,12,5,44,35,5,1,1,894,0,0,0,2,32.64023210831721,70.78507078507079,71.42857142857143,61,3.117206982543641,25.0,57.142857142857146,82.3529411764706,14.0,2,1,14,78.1744966442953
S43G01N214,2023-2024,20240229,255,away,35,10,1,6,4,10,2,12,7,9,2,1,1,14,12,0,0,21,9,9,6,32,35,0,0,5,902,0,0,0,5,-27.933777933777918,58.910162002945505,47.61904761904762,36,15.54726368159204,33.333333333333336,85.71428571428571,111.11111111111111,2.0,2,1,0,78.81152993348114,6,14,2,8,2,10,2,18,11,11,6,0,0,7,4,3,6,29,17,12,5,44,36,5,1,1,902,0,0,0,2,27.933777933777918,68.5785536159601,68.96551724137932,60,3.0229746070133015,25.0,57.142857142857146,82.3529411764706,14.0,2,1,14,78.81152993348114
S43G01N214,2023-2024,20240229,256,away,35,10,1,6,4,10,2,12,7,9,2,1,1,14,12,0,0,21,9,9,6,32,35,0,0,5,904,0,0,0,5,-32.64023210831721,58.910162002945505,47.61904761904762,36,15.54726368159204,33.333333333333336,85.71428571428571,111.11111111111111,2.0,2,1,0,77.30973451327434,6,14,2,8,3,11,2,18,11,11,6,0,0,7,4,3,6,29,17,12,5,44,36,5,1,1,904,0,0,0,2,32.64023210831721,68.5785536159601,68.96551724137932,61,3.0229746070133015,33.333333333333336,57.142857142857146,82.3529411764706,14.0,2,1,14,77.30973451327434
S43G01N214,2023-2024,20240229,257,away,35,10,1,6,4,10,2,12,7,9,2,1,1,14,12,0,0,21,9,9,6,32,35,0,0,5,915,0,0,0,5,-27.933777933777918,58.910162002945505,47.61904761904762,36,15.54726368159204,33.333333333333336,85.71428571428571,111.11111111111111,2.0,2,1,0,77.69180327868851,6,14,2,8,3,11,2,18,11,12,6,0,0,7,4,3,6,30,17,12,5,44,37,5,1,1,915,0,0,0,2,27.933777933777918,66.50544135429263,66.66666666666667,60,2.9342723004694835,33.333333333333336,57.142857142857146,82.3529411764706,14.0,2,1,14,77.69180327868851
S43G01N214,2023-2024,20240229,258,away,35,10,1,7,4,11,2,12,7,9,2,1,1,14,12,0,0,21,9,9,6,32,35,0,0,5,916,0,0,0,5,-27.933777933777918,58.910162002945505,47.61904761904762,37,15.54726368159204,33.333333333333336,85.71428571428571,111.11111111111111,2.0,2,1,0,77.60698689956331,6,14,2,8,3,11,2,18,11,12,6,0,0,7,4,3,6,30,17,12,5,44,37,5,1,1,916,0,0,0,2,27.933777933777918,66.50544135429263,66.66666666666667,60,2.9342723004694835,30.0,57.142857142857146,82.3529411764706,14.0,2,1,14,77.60698689956331
S43G01N214,2023-2024,20240229,259,away,35,10,1,7,4,11,2,13,8,9,2,1,1,14,12,0,0,22,10,9,6,34,36,0,0,5,927,0,0,0,5,-24.972062009099034,60.36931818181818,50.0,39,15.078407720144755,33.333333333333336,85.71428571428571,100.0,2.0,4,1,0,77.98058252427184,6,14,2,8,3,11,2,18,11,12,6,0,0,7,4,3,6,30,17,12,5,44,37,5,1,1,927,0,0,0,2,24.972062009099034,66.50544135429263,66.66666666666667,60,2.9342723004694835,30.0,57.142857142857146,82.3529411764706,14.0,4,1,14,77.98058252427184
S43G01N214,2023-2024,20240229,260,away,35,11,1,7,4,11,2,13,8,9,2,1,1,14,12,0,0,22,10,9,6,34,36,0,0,5,927,0,0,0,5,-24.972062009099034,60.36931818181818,50.0,40,15.078407720144755,33.333333333333336,85.71428571428571,110.0,2.2,4,1,0,77.98058252427184,6,14,2,8,3,11,2,18,11,12,6,0,0,7,4,3,6,30,17,12,5,44,37,5,1,1,927,0,0,0,2,24.972062009099034,66.50544135429263,66.66666666666667,60,2.9342723004694835,30.0,57.142857142857146,82.3529411764706,14.0,4,1,14,77.98058252427184
S43G01N214,2023-2024,20240229,261,away,35,11,1,7,4,11,2,13,8,9,2,1,1,14,12,0,0,22,10,9,6,34,36,0,0,5,927,0,0,0,5,-24.972062009099034,60.36931818181818,50.0,40,15.078407720144755,33.333333333333336,85.71428571428571,110.0,2.2,4,1,0,77.98058252427184,6,14,2,8,3,11,2,18,11,12,6,0,0,7,4,3,6,30,17,12,5,44,37,5,1,1,927,0,0,0,2,24.972062009099034,66.50544135429263,66.66666666666667,60,2.9342723004694835,30.0,57.142857142857146,82.3529411764706,14.0,4,1,14,77.98058252427184
S43G01N214,2023-2024,20240229,262,away,35,11,1,7,4,11,2,13,8,9,2,1,1,14,12,0,0,22,10,9,6,34,36,0,0,5,945,0,0,0,5,-26.79344163596494,60.36931818181818,50.0,40,15.078407720144755,33.333333333333336,85.71428571428571,110.0,2.2,2,1,0,77.76507936507936,6,14,2,8,3,11,2,19,12,12,6,0,0,7,4,3,6,31,18,12,5,46,38,5,1,1,945,0,0,0,2,26.79344163596494,67.48826291079813,67.74193548387096,62,2.8506271379703536,30.0,57.142857142857146,77.77777777777777,14.0,2,1,14,77.76507936507936
S43G01N214,2023-2024,20240229,263,away,35,11,1,7,4,11,2,14,9,9,2,1,1,14,12,0,0,23,11,9,6,36,37,0,0,5,967,0,0,0,5,-24.028125971543275,61.72839506172839,52.17391304347826,42,14.637002341920375,33.333333333333336,85.71428571428571,100.0,2.2,2,1,0,77.23681489141676,6,14,2,8,3,11,2,19,12,12,6,0,0,7,4,3,6,31,18,12,5,46,38,5,1,1,967,0,0,0,2,24.028125971543275,67.48826291079813,67.74193548387096,62,2.8506271379703536,30.0,57.142857142857146,77.77777777777777,14.0,2,1,14,77.23681489141676
S43G01N214,2023-2024,20240229,264,away,35,12,1,7,4,11,2,14,9,9,2,1,1,14,12,0,0,23,11,9,6,36,37,0,0,5,967,0,0,0,5,-24.028125971543275,61.72839506172839,52.17391304347826,43,14.637002341920375,33.333333333333336,85.71428571428571,109.0909090909091,2.4,2,1,0,77.23681489141676,6,14,2,8,3,11,2,19,12,12,6,0,0,7,4,3,6,31,18,12,5,46,38,5,1,1,967,0,0,0,2,24.028125971543275,67.48826291079813,67.74193548387096,62,2.8506271379703536,30.0,57.142857142857146,77.77777777777777,14.0,2,1,14,77.23681489141676
S43G01N214,2023-2024,20240229,265,away,35,12,1,7,4,11,2,14,9,9,2,1,1,14,12,0,0,23,11,9,6,36,37,0,0,5,984,0,0,0,5,-19.693436697147646,61.72839506172839,52.17391304347826,43,14.637002341920375,33.333333333333336,85.71428571428571,109.0909090909091,2.4,2,1,0,77.12195121951218,6,14,2,8,3,11,2,19,12,12,6,0,0,7,4,3,6,31,18,12,5,46,38,5,1,2,984,0,0,0,3,19.693436697147646,67.48826291079813,67.74193548387096,61,5.543237250554324,30.0,57.142857142857146,77.77777777777777,7.0,2,1,14,77.12195121951218
S43G01N214,2023-2024,20240229,266,away,35,12,1,7,4,11,2,14,9,9,2,1,1,14,12,0,0,23,11,9,6,36,37,1,0,5,985,0,0,0,5,-19.693436697147646,61.72839506172839,52.17391304347826,44,14.637002341920375,33.333333333333336,85.71428571428571,109.0909090909091,2.4,2,1,0,77.04365482233503,6,14,2,8,3,11,2,19,12,12,6,0,0,7,4,3,6,31,18,12,5,46,38,5,1,2,985,0,0,0,3,19.693436697147646,67.48826291079813,67.74193548387096,61,5.543237250554324,30.0,57.142857142857146,77.77777777777777,7.0,2,1,14,77.04365482233503
S43G01N214,2023-2024,20240229,267,away,35,12,1,7,4,11,2,14,9,9,2,1,1,14,12,0,0,23,11,9,6,36,37,1,0,6,995,0,0,0,6,-23.524097647900675,61.72839506172839,52.17391304347826,43,17.064846416382256,33.333333333333336,85.71428571428571,109.0909090909091,2.0,2,1,0,77.4753768844221,6,14,2,8,3,11,2,19,12,12,6,0,0,7,4,3,6,31,18,12,5,46,38,5,1,2,995,0,0,0,3,23.524097647900675,67.48826291079813,67.74193548387096,61,5.543237250554324,30.0,57.142857142857146,77.77777777777777,7.0,2,1,14,77.4753768844221
S43G01N214,2023-2024,20240229,268,away,35,12,1,7,4,11,2,14,9,9,2,1,1,14,12,0,0,23,11,10,6,36,37,1,0,6,1008,0,0,0,6,-23.524097647900675,61.72839506172839,52.17391304347826,43,17.064846416382256,33.333333333333336,85.71428571428571,109.0909090909091,2.0,2,1,0,76.47619047619047,6,14,2,8,3,11,2,19,12,12,6,0,0,7,4,3,6,31,18,12,5,46,38,5,1,2,1008,0,0,0,3,23.524097647900675,67.48826291079813,67.74193548387096,61,5.543237250554324,30.0,57.142857142857146,77.77777777777777,7.0,2,1,14,76.47619047619047
S43G01N214,2023-2024,20240229,269,away,35,12,1,7,4,11,2,14,9,9,2,1,1,14,12,0,0,23,11,10,6,36,37,1,0,6,1008,0,0,0,6,-23.524097647900675,61.72839506172839,52.17391304347826,43,17.064846416382256,33.333333333333336,85.71428571428571,109.0909090909091,2.0,2,1,0,76.47619047619047,6,14,2,8,3,11,2,19,12,12,6,0,0,7,4,3,6,31,18,12,5,46,38,5,1,2,1008,0,0,0,3,23.524097647900675,67.48826291079813,67.74193548387096,61,5.543237250554324,30.0,57.142857142857146,77.77777777777777,7.0,2,1,14,76.47619047619047
S43G01N214,2023-2024,20240229,270,away,35,12,1,7,4,11,2,14,9,9,2,1,1,14,12,0,0,23,11,10,6,36,37,1,0,6,1008,0,0,0,6,-24.68206286132701,61.72839506172839,52.17391304347826,43,17.064846416382256,33.333333333333336,85.71428571428571,109.0909090909091,2.0,1,1,0,77.00000000000001,6,14,2,8,3,11,2,19,12,12,6,0,0,8,5,3,6,31,18,12,5,47,39,5,1,2,1008,0,0,0,3,24.68206286132701,68.07647740440324,67.74193548387096,62,5.476451259583789,30.0,62.5,77.77777777777777,7.0,1,1,14,77.00000000000001
S43G01N214,2023-2024,20240229,271,away,35,12,1,7,4,11,2,14,9,9,2,1,1,14,12,0,0,23,11,10,6,36,37,1,0,6,1008,0,0,0,6,-22.865381155206364,61.72839506172839,52.17391304347826,43,17.064846416382256,33.333333333333336,85.71428571428571,109.0909090909091,2.0,1,1,0,77.52380952380953,6,14,2,8,3,11,2,19,12,12,6,0,0,9,5,3,6,31,18,12,5,47,40,5,1,2,1008,0,0,0,3,22.865381155206364,67.21967963386727,67.74193548387096,61,5.411255411255411,30.0,55.55555555555556,77.77777777777777,7.0,1,1,14,77.52380952380953
S43G01N214,2023-2024,20240229,272,away,35,12,1,8,4,12,2,14,9,9,2,1,1,14,12,0,0,23,11,10,6,36,37,1,0,6,1009,0,0,0,6,-22.865381155206364,61.72839506172839,52.17391304347826,44,17.064846416382256,33.333333333333336,85.71428571428571,109.0909090909091,2.0,1,1,0,77.44697720515363,6,14,2,8,3,11,2,19,12,12,6,0,0,9,5,3,6,31,18,12,5,47,40,5,1,2,1009,0,0,0,3,22.865381155206364,67.21967963386727,67.74193548387096,61,5.411255411255411,27.272727272727273,55.55555555555556,77.77777777777777,7.0,1,1,14,77.44697720515363
S43G01N214,2023-2024,20240229,273,away,35,12,1,8,4,12,2,15,9,9,2,1,1,14,12,0,0,24,11,10,6,36,38,1,0,6,1023,0,0,0,6,-26.45781692245484,59.681697612732094,50.0,43,16.5929203539823,33.333333333333336,85.71428571428571,109.0909090909091,2.0,1,1,0,77.5601173020528,6,14,2,8,3,11,2,19,12,12,6,0,0,9,5,3,6,31,18,12,5,47,40,5,1,2,1023,0,0,0,3,26.45781692245484,67.21967963386727,67.74193548387096,61,5.411255411255411,27.272727272727273,55.55555555555556,77.77777777777777,7.0,1,1,14,77.5601173020528
S43G01N214,2023-2024,20240229,274,away,35,12,1,8,5,13,2,15,9,9,2,1,1,14,12,0,0,24,11,10,6,36,38,1,0,6,1024,0,0,0,6,-22.865381155206364,59.681697612732094,50.0,44,16.5929203539823,38.46153846153846,85.71428571428571,109.0909090909091,2.0,1,1,0,76.3125,6,14,2,8,3,11,2,19,12,12,6,0,0,9,5,3,6,31,18,12,5,47,40,5,1,2,1024,0,0,0,3,22.865381155206364,67.21967963386727,67.74193548387096,61,5.411255411255411,27.272727272727273,55.55555555555556,77.77777777777777,7.0,1,1,14,76.3125
S43G01N214,2023-2024,20240229,275,away,35,12,1,8,5,13,2,15,9,9,2,1,1,14,12,0,0,24,11,10,6,36,38,1,0,6,1025,0,0,0,6,-22.865381155206364,59.681697612732094,50.0,44,16.5929203539823,38.46153846153846,85.71428571428571,109.0909090909091,2.0,1,1,0,76.2380487804878,6,14,2,8,3,11,2,19,12,12,6,0,0,9,5,3,6,31,18,13,5,47,40,5,1,2,1025,0,0,0,3,22.865381155206364,67.21967963386727,67.74193548387096,61,5.411255411255411,27.272727272727273,55.55555555555556,77.77777777777777,7.0,1,1,14,76.2380487804878
S43G01N214,2023-2024,20240229,276,away,35,12,1,8,5,13,2,15,9,9,2,1,1,14,12,0,0,24,11,10,6,36,38,1,0,6,1025,0,0,0,6,-22.865381155206364,59.681697612732094,50.0,44,16.5929203539823,38.46153846153846,85.71428571428571,109.0909090909091,2.0,1,1,0,76.2380487804878,6,14,2,8,3,11,2,19,12,12,6,0,0,9,5,3,6,31,18,13,5,47,40,5,1,2,1025,0,0,0,3,22.865381155206364,67.21967963386727,67.74193548387096,61,5.411255411255411,27.272727272727273,55.55555555555556,77.77777777777777,7.0,1,1,14,76.2380487804878
S43G01N214,2023-2024,20240229,277,away,35,12,1,8,5,13,2,15,9,9,2,1,1,15,13,0,0,24,11,10,6,37,39,1,0,6,1025,0,0,0,6,-21.309507834980835,60.45751633986928,50.0,45,16.39344262295082,38.46153846153846,86.66666666666667,109.0909090909091,2.0,1,1,0,76.75317073170731,6,14,2,8,3,11,2,19,12,12,6,0,0,9,5,3,6,31,18,13,5,47,40,5,1,2,1025,0,0,0,3,21.309507834980835,67.21967963386727,67.74193548387096,61,5.411255411255411,27.272727272727273,55.55555555555556,77.77777777777777,7.0,1,1,14,76.75317073170731
S43G01N214,2023-2024,20240229,278,away,35,12,1,8,5,13,2,15,9,9,2,1,1,16,13,0,0,24,11,10,6,37,40,1,0,6,1025,0,0,0,6,-22.917466241403176,59.600515463917525,50.0,44,16.198704103671705,38.46153846153846,81.25,109.0909090909091,2.0,1,1,0,77.26829268292683,6,14,2,8,3,11,2,19,12,12,6,0,0,9,5,3,6,31,18,13,5,47,40,5,1,2,1025,0,0,0,3,22.917466241403176,67.21967963386727,67.74193548387096,61,5.411255411255411,27.272727272727273,55.55555555555556,77.77777777777777,7.0,1,1,14,77.26829268292683
S43G01N214,2023-2024,20240229,279,away,35,12,1,8,5,13,2,15,9,9,2,1,1,16,13,0,0,24,11,10,6,37,40,1,0,6,1030,0,0,0,6,-22.917466241403176,59.600515463917525,50.0,44,16.198704103671705,35.714285714285715,81.25,109.0909090909091,2.0,1,1,0,76.89320388349515,6,14,2,9,3,12,2,19,12,12,6,0,0,9,5,3,6,31,18,13,5,47,40,5,1,2,1030,0,0,0,3,22.917466241403176,67.21967963386727,67.74193548387096,62,5.411255411255411,27.272727272727273,55.55555555555556,77.77777777777777,7.0,1,1,14,76.89320388349515
S43G01N214,2023-2024,20240229,280,away,35,12,1,8,5,13,2,15,9,9,2,1,1,16,13,0,0,24,11,10,6,37,40,1,0,6,1053,0,0,0,6,-24.67953387784719,59.600515463917525,50.0,44,16.198704103671705,35.714285714285715,81.25,109.0909090909091,2.0,2,1,0,76.35327635327636,6,14,2,9,3,12,2,20,13,12,6,0,0,9,5,3,6,32,19,13,5,49,41,5,1,2,1053,0,0,0,3,24.67953387784719,68.13125695216908,68.75,64,5.268703898840885,27.272727272727273,55.55555555555556,73.6842105263158,7.0,2,1,14,76.35327635327636
S43G01N214,2023-2024,20240229,281,away,35,12,1,8,5,13,2,15,9,9,2,1,1,16,13,0,0,24,11,10,6,37,40,1,0,7,1073,0,0,0,7,-28.174710911397867,59.600515463917525,50.0,43,18.40168243953733,35.714285714285715,81.25,109.0909090909091,1.7142857142857142,2,1,0,76.04846225535881,6,14,2,9,3,12,2,20,13,12,6,0,0,9,5,3,6,32,19,13,5,49,41,5,1,2,1073,0,0,0,3,28.174710911397867,68.13125695216908,68.75,64,5.268703898840885,27.272727272727273,55.55555555555556,73.6842105263158,7.0,2,1,14,76.04846225535881
S43G01N214,2023-2024,20240229,282,away,35,12,1,8,5,13,2,15,9,9,2,1,1,16,13,0,0,24,11,10,6,37,40,1,0,7,1073,0,0,0,7,-28.174710911397867,59.600515463917525,50.0,43,18.40168243953733,35.714285714285715,81.25,109.0909090909091,1.7142857142857142,2,1,0,76.04846225535881,6,14,2,9,3,12,2,20,13,12,6,0,0,9,5,3,6,32,19,13,5,49,41,5,1,2,1073,0,0,0,3,28.174710911397867,68.13125695216908,68.75,64,5.268703898840885,27.272727272727273,55.55555555555556,73.6842105263158,7.0,2,1,14,76.04846225535881
S43G01N214,2023-2024,20240229,283,away,35,12,1,8,5,13,2,15,9,9,2,1,1,16,13,0,0,24,11,10,6,37,40,1,0,7,1073,0,0,0,7,-28.174710911397867,59.600515463917525,50.0,43,18.40168243953733,35.714285714285715,81.25,109.0909090909091,1.7142857142857142,2,1,0,76.04846225535881,6,14,2,9,3,12,2,20,13,12,6,0,0,9,5,3,6,32,19,13,5,49,41,5,1,2,1073,0,0,0,3,28.174710911397867,68.13125695216908,68.75,64,5.268703898840885,27.272727272727273,55.55555555555556,73.6842105263158,7.0,2,1,14,76.04846225535881
S43G01N214,2023-2024,20240229,284,away,35,12,1,8,5,13,2,15,9,9,2,1,1,16,13,0,0,24,11,10,6,37,40,1,0,7,1088,0,0,0,7,-24.277041749374476,59.600515463917525,50.0,43,18.40168243953733,35.714285714285715,81.25,109.0909090909091,1.7142857142857142,2,1,0,76.1029411764706,6,14,2,9,3,12,2,20,13,13,6,0,0,9,5,3,6,33,19,13,5,49,42,5,1,2,1088,0,0,0,3,24.277041749374476,66.28787878787878,66.66666666666667,63,5.133470225872689,27.272727272727273,55.55555555555556,73.6842105263158,7.0,2,1,14,76.1029411764706
S43G01N214,2023-2024,20240229,285,away,35,12,1,8,5,13,2,15,9,9,2,1,1,16,13,0,0,24,11,10,6,37,40,1,0,7,1089,0,0,0,7,-28.174710911397867,59.600515463917525,50.0,43,18.40168243953733,35.714285714285715,81.25,109.0909090909091,1.7142857142857142,2,1,0,74.93112947658402,6,14,2,9,4,13,2,20,13,13,6,0,0,9,5,3,6,33,19,13,5,49,42,5,1,2,1089,0,0,0,3,28.174710911397867,66.28787878787878,66.66666666666667,64,5.133470225872689,33.333333333333336,55.55555555555556,73.6842105263158,7.0,2,1,14,74.93112947658402
S43G01N214,2023-2024,20240229,286,away,35,12,1,8,5,13,2,15,9,9,2,1,1,16,13,0,0,24,11,10,6,37,40,1,0,7,1089,0,0,0,7,-29.838777010776013,59.600515463917525,50.0,43,18.40168243953733,35.714285714285715,81.25,109.0909090909091,1.7142857142857142,4,1,0,76.03305785123968,6,14,2,9,4,13,2,21,14,13,6,0,0,9,5,3,6,34,20,13,5,51,43,5,1,2,1089,0,0,0,3,29.838777010776013,67.17597471022128,67.6470588235294,66,5.005005005005005,33.333333333333336,55.55555555555556,70.0,7.0,4,1,14,76.03305785123968
S43G01N214,2023-2024,20240229,287,away,35,12,1,8,5,13,2,15,9,9,2,1,1,16,13,0,0,24,11,10,6,37,40,1,0,7,1100,0,0,0,7,-29.838777010776013,59.600515463917525,50.0,43,18.40168243953733,35.714285714285715,81.25,109.0909090909091,1.7142857142857142,4,1,0,75.27272727272727,6,14,2,9,4,13,2,21,14,13,6,0,0,9,5,3,6,34,20,14,5,51,43,5,1,2,1100,0,0,0,3,29.838777010776013,67.17597471022128,67.6470588235294,66,5.005005005005005,33.333333333333336,55.55555555555556,70.0,7.0,4,1,14,75.27272727272727
S43G01N214,2023-2024,20240229,288,away,35,12,1,8,5,13,2,15,9,9,2,1,1,17,14,0,0,24,11,10,6,38,41,1,0,7,1100,0,0,0,7,-28.323651794174594,60.35578144853876,50.0,44,18.19126819126819,35.714285714285715,82.3529411764706,109.0909090909091,1.7142857142857142,1,1,0,75.75272727272727,6,14,2,9,4,13,2,21,14,13,6,0,0,9,5,3,6,34,20,14,5,51,43,5,1,2,1100,0,0,0,3,28.323651794174594,67.17597471022128,67.6470588235294,66,5.005005005005005,33.333333333333336,55.55555555555556,70.0,7.0,1,1,14,75.75272727272727
S43G01N214,2023-2024,20240229,289,away,35,12,1,8,5,13,2,15,9,9,2,1,1,18,15,0,0,24,11,10,6,39,42,1,0,7,1100,0,0,0,7,-26.847834071400086,61.09022556390977,50.0,45,17.985611510791365,35.714285714285715,83.33333333333333,109.0909090909091,1.7142857142857142,2,1,0,76.23272727272726,6,14,2,9,4,13,2,21,14,13,6,0,0,9,5,3,6,34,20,14,5,51,43,5,1,2,1100,0,0,0,3,26.847834071400086,67.17597471022128,67.6470588235294,66,5.005005005005005,33.333333333333336,55.55555555555556,70.0,7.0,2,1,14,76.23272727272726
S43G01N214,2023-2024,20240229,290,away,35,12,1,8,5,13,2,15,9,9,2,1,1,18,15,0,0,24,11,10,6,39,42,1,0,7,1100,0,0,0,7,-26.847834071400086,61.09022556390977,50.0,45,17.985611510791365,35.714285714285715,83.33333333333333,109.0909090909091,1.7142857142857142,2,1,0,76.23272727272726,6,14,2,9,4,13,2,21,14,13,6,0,0,9,5,3,6,34,20,14,5,51,43,5,1,2,1100,0,0,0,3,26.847834071400086,67.17597471022128,67.6470588235294,66,5.005005005005005,33.333333333333336,55.55555555555556,70.0,7.0,2,1,14,76.23272727272726
S43G01N214,2023-2024,20240229,291,away,35,12,1,8,5,13,2,15,9,9,2,1,1,18,15,0,0,24,11,10,6,39,42,1,0,7,1100,0,0,0,7,-26.847834071400086,61.09022556390977,50.0,45,17.985611510791365,35.714285714285715,83.33333333333333,109.0909090909091,1.7142857142857142,2,1,0,76.23272727272726,6,14,2,9,4,13,2,21,14,13,6,0,0,9,5,3,6,34,20,14,5,51,43,5,1,2,1100,0,0,0,3,26.847834071400086,67.17597471022128,67.6470588235294,66,5.005005005005005,33.333333333333336,55.55555555555556,70.0,7.0,2,1,14,76.23272727272726
S43G01N214,2023-2024,20240229,292,away,35,12,1,8,5,13,2,15,9,9,2,1,1,18,15,0,0,24,11,10,6,39,42,1,0,7,1100,0,0,0,7,-26.847834071400086,61.09022556390977,50.0,45,17.985611510791365,35.714285714285715,83.33333333333333,109.0909090909091,1.7142857142857142,2,1,0,76.23272727272726,6,14,2,9,4,13,2,21,14,13,6,0,0,9,5,3,6,34,20,14,5,51,43,5,1,2,1100,0,0,0,3,26.847834071400086,67.17597471022128,67.6470588235294,66,5.005005005005005,33.333333333333336,55.55555555555556,70.0,7.0,2,1,14,76.23272727272726
S43G01N214,2023-2024,20240229,293,away,35,12,1,8,5,13,2,15,9,9,2,1,1,18,15,0,0,24,11,10,6,39,42,1,0,7,1100,0,0,0,7,-26.847834071400086,61.09022556390977,50.0,45,17.985611510791365,35.714285714285715,83.33333333333333,109.0909090909091,1.7142857142857142,2,1,0,76.23272727272726,6,14,2,9,4,13,2,21,14,13,6,0,0,9,5,3,6,34,20,14,5,51,43,5,1,2,1100,0,0,0,3,26.847834071400086,67.17597471022128,67.6470588235294,66,5.005005005005005,33.333333333333336,55.55555555555556,70.0,7.0,2,1,14,76.23272727272726
S43G01N214,2023-2024,20240229,294,away,35,12,1,8,5,13,2,15,9,9,2,1,1,18,15,0,0,24,11,10,6,39,42,1,0,7,1100,0,0,0,7,-26.847834071400086,61.09022556390977,50.0,45,17.985611510791365,35.714285714285715,83.33333333333333,109.0909090909091,1.7142857142857142,2,1,0,76.23272727272726,6,14,2,9,4,13,2,21,14,13,6,0,0,9,5,3,6,34,20,14,5,51,43,5,1,2,1100,0,0,0,3,26.847834071400086,67.17597471022128,67.6470588235294,66,5.005005005005005,33.333333333333336,55.55555555555556,70.0,7.0,2,1,14,76.23272727272726
S43G01N214,2023-2024,20240229,295,away,35,12,1,8,5,13,2,15,9,9,2,1,1,18,15,0,0,24,11,10,6,39,42,1,0,7,1118,0,0,0,7,-23.01059789267336,61.09022556390977,50.0,45,17.985611510791365,35.714285714285715,83.33333333333333,109.0909090909091,1.7142857142857142,2,1,0,76.07871198568871,6,14,2,9,4,13,2,22,14,13,6,0,0,9,5,3,6,35,20,14,5,51,44,5,1,2,1118,0,0,0,3,23.01059789267336,65.4517453798768,65.71428571428571,65,4.8828125,33.333333333333336,55.55555555555556,70.0,7.0,2,1,14,76.07871198568871
S43G01N214,2023-2024,20240229,296,away,35,12,1,9,5,14,2,15,9,9,2,1,1,18,15,0,0,24,11,10,6,39,42,1,0,7,1120,0,0,0,7,-23.01059789267336,61.09022556390977,50.0,46,17.985611510791365,35.714285714285715,83.33333333333333,109.0909090909091,1.7142857142857142,2,1,0,75.94285714285714,6,14,2,9,4,13,2,22,14,13,6,0,0,9,5,3,6,35,20,14,5,51,44,5,1,2,1120,0,0,0,3,23.01059789267336,65.4517453798768,65.71428571428571,65,4.8828125,30.76923076923077,55.55555555555556,70.0,7.0,2,1,14,75.94285714285714
S43G01N214,2023-2024,20240229,297,away,35,12,1,9,5,14,2,16,10,9,2,1,1,18,15,0,0,25,12,10,6,41,43,1,0,7,1134,0,0,0,7,-20.57578732836464,62.27217496962333,52.0,48,17.53507014028056,35.714285714285715,83.33333333333333,100.0,1.7142857142857142,4,1,0,76.06349206349205,6,14,2,9,4,13,2,22,14,13,6,0,0,9,5,3,6,35,20,14,5,51,44,5,1,2,1134,0,0,0,3,20.57578732836464,65.4517453798768,65.71428571428571,65,4.8828125,30.76923076923077,55.55555555555556,70.0,7.0,4,1,14,76.06349206349205
S43G01N214,2023-2024,20240229,298,away,35,13,1,9,5,14,2,16,10,9,2,1,1,18,15,0,0,25,12,10,6,41,43,1,0,7,1134,0,0,0,7,-20.57578732836464,62.27217496962333,52.0,49,17.53507014028056,35.714285714285715,83.33333333333333,108.33333333333333,1.8571428571428572,4,1,0,76.06349206349205,6,14,2,9,4,13,2,22,14,13,6,0,0,9,5,3,6,35,20,14,5,51,44,5,1,2,1134,0,0,0,3,20.57578732836464,65.4517453798768,65.71428571428571,65,4.8828125,30.76923076923077,55.55555555555556,70.0,7.0,4,1,14,76.06349206349205
S43G01N214,2023-2024,20240229,299,away,35,13,1,9,5,14,2,16,10,9,2,1,1,18,15,0,0,25,12,10,6,41,43,1,0,7,1155,0,0,0,7,-24.84377961005555,62.27217496962333,52.0,49,17.53507014028056,35.714285714285715,83.33333333333333,108.33333333333333,1.8571428571428572,3,1,0,75.71948051948051,6,14,2,9,4,13,2,22,14,14,7,0,0,9,5,3,6,36,21,14,5,54,45,5,1,2,1155,0,0,0,3,24.84377961005555,67.56756756756756,68.05555555555556,68,4.7664442326024785,30.76923076923077,55.55555555555556,66.66666666666667,7.0,3,1,14,75.71948051948051
S43G01N214,2023-2024,20240229,300,away,35,13,1,9,5,14,2,16,10,9,2,1,1,18,15,0,0,25,12,10,6,41,43,1,0,7,1155,0,0,0,7,-24.84377961005555,62.27217496962333,52.0,49,17.53507014028056,35.714285714285715,83.33333333333333,108.33333333333333,1.8571428571428572,3,1,0,75.71948051948051,6,15,2,9,4,13,2,22,14,14,7,0,0,9,5,3,6,36,21,14,5,54,45,5,1,2,1155,0,0,0,3,24.84377961005555,67.56756756756756,68.05555555555556,69,4.7664442326024785,30.76923076923077,55.55555555555556,71.42857142857143,7.5,3,1,14,75.71948051948051
S43G01N214,2023-2024,20240229,301,away,35,13,1,9,5,14,2,16,10,10,2,1,1,18,15,0,0,26,12,10,6,41,44,1,0,7,1175,0,0,0,7,-28.112466293202772,60.43632075471698,50.0,48,17.10654936461388,35.714285714285715,83.33333333333333,108.33333333333333,1.8571428571428572,3,1,0,75.45191489361702,6,15,2,9,4,13,2,22,14,14,7,0,0,9,5,3,6,36,21,14,5,54,45,5,1,2,1175,0,0,0,3,28.112466293202772,67.56756756756756,68.05555555555556,69,4.7664442326024785,30.76923076923077,55.55555555555556,71.42857142857143,7.5,3,1,14,75.45191489361702
S43G01N214,2023-2024,20240229,302,away,35,13,1,9,5,14,2,16,10,10,2,1,1,18,15,0,0,26,12,10,6,41,44,1,0,7,1178,0,0,0,7,-28.112466293202772,60.43632075471698,50.0,48,17.10654936461388,33.333333333333336,83.33333333333333,108.33333333333333,1.8571428571428572,3,1,0,75.2597623089983,6,15,2,10,4,14,2,22,14,14,7,0,0,9,5,3,6,36,21,14,5,54,45,5,1,2,1178,0,0,0,3,28.112466293202772,67.56756756756756,68.05555555555556,70,4.7664442326024785,30.76923076923077,55.55555555555556,71.42857142857143,7.5,3,1,14,75.2597623089983
S43G01N214,2023-2024,20240229,303,away,35,13,1,9,5,14,2,16,10,10,2,1,1,18,15,0,0,26,12,10,6,41,44,1,0,7,1181,0,0,0,7,-24.461157123061525,60.43632075471698,50.0,48,17.10654936461388,33.333333333333336,83.33333333333333,108.33333333333333,1.8571428571428572,3,1,0,76.08467400508043,6,15,2,10,4,14,2,22,14,14,7,0,0,9,5,3,6,36,21,14,5,54,45,5,1,3,1181,0,0,0,4,24.461157123061525,67.56756756756756,68.05555555555556,69,6.983240223463687,30.76923076923077,55.55555555555556,71.42857142857143,5.0,3,1,14,76.08467400508043
S43G01N214,2023-2024,20240229,304,away,35,13,1,9,5,14,2,17,10,10,2,1,1,18,15,0,0,27,12,10,6,41,45,1,0,7,1191,0,0,0,7,-27.552775188486805,58.70561282932417,48.148148148148145,47,16.698473282442748,33.333333333333336,83.33333333333333,108.33333333333333,1.8571428571428572,3,1,0,76.45340050377834,6,15,2,10,4,14,2,22,14,14,7,0,0,9,5,3,6,36,21,14,5,54,45,5,1,3,1191,0,0,0,4,27.552775188486805,67.56756756756756,68.05555555555556,69,6.983240223463687,30.76923076923077,55.55555555555556,71.42857142857143,5.0,3,1,14,76.45340050377834
S43G01N214,2023-2024,20240229,305,away,35,13,1,9,5,14,2,17,10,10,2,1,1,18,15,0,0,27,12,10,6,41,45,1,0,7,1193,0,0,0,7,-27.552775188486805,58.70561282932417,48.148148148148145,47,16.698473282442748,31.25,83.33333333333333,108.33333333333333,1.8571428571428572,3,1,0,76.32523051131601,6,15,2,11,4,15,2,22,14,14,7,0,0,9,5,3,6,36,21,14,5,54,45,5,1,3,1193,0,0,0,4,27.552775188486805,67.56756756756756,68.05555555555556,70,6.983240223463687,30.76923076923077,55.55555555555556,71.42857142857143,5.0,3,1,14,76.32523051131601
S43G01N214,2023-2024,20240229,306,away,35,13,1,9,5,14,2,17,10,10,2,1,1,18,15,0,0,27,12,11,6,41,45,1,0,7,1193,0,0,0,7,-27.552775188486805,58.70561282932417,48.148148148148145,47,16.698473282442748,31.25,83.33333333333333,108.33333333333333,1.8571428571428572,3,1,0,76.32523051131601,6,15,2,11,4,15,2,22,14,14,7,0,0,9,5,3,6,36,21,14,5,54,45,5,1,3,1193,0,0,0,4,27.552775188486805,67.56756756756756,68.05555555555556,70,6.983240223463687,30.76923076923077,55.55555555555556,71.42857142857143,5.0,3,1,14,76.32523051131601
S43G01N214,2023-2024,20240229,307,away,35,13,1,9,5,14,2,17,10,10,2,1,1,18,15,0,0,27,12,11,6,41,45,1,0,7,1193,0,0,0,7,-27.552775188486805,58.70561282932417,48.148148148148145,47,16.698473282442748,31.25,83.33333333333333,108.33333333333333,1.8571428571428572,3,1,0,76.32523051131601,6,15,2,11,4,15,2,22,14,14,7,0,0,9,5,3,6,36,21,14,5,54,45,5,1,3,1193,0,0,0,4,27.552775188486805,67.56756756756756,68.05555555555556,70,6.983240223463687,30.76923076923077,55.55555555555556,71.42857142857143,5.0,3,1,14,76.32523051131601
S43G01N214,2023-2024,20240229,308,away,35,13,1,9,5,14,2,17,10,10,2,1,1,18,15,0,0,27,12,11,6,41,45,1,0,7,1193,0,0,0,7,-27.552775188486805,58.70561282932417,48.148148148148145,47,16.698473282442748,31.25,83.33333333333333,108.33333333333333,1.8571428571428572,3,1,0,76.32523051131601,6,15,2,11,4,15,2,22,14,14,7,0,0,9,5,3,6,36,21,14,5,54,45,5,1,3,1193,0,0,0,4,27.552775188486805,67.56756756756756,68.05555555555556,70,6.983240223463687,30.76923076923077,55.55555555555556,71.42857142857143,5.0,3,1,14,76.32523051131601
S43G01N214,2023-2024,20240229,309,away,35,13,1,9,5,14,2,17,10,10,2,1,1,18,15,0,0,27,12,11,6,41,45,1,0,7,1193,0,0,0,7,-28.54298771936581,58.70561282932417,48.148148148148145,47,16.698473282442748,31.25,83.33333333333333,108.33333333333333,1.8571428571428572,4,1,0,76.76781223805531,6,15,2,11,4,15,2,22,14,14,7,0,0,10,6,3,6,36,21,14,5,55,46,5,1,3,1193,0,0,0,4,28.54298771936581,68.06930693069307,68.05555555555556,71,6.912442396313364,30.76923076923077,60.0,71.42857142857143,5.0,4,1,14,76.76781223805531
S43G01N214,2023-2024,20240229,310,away,35,13,1,9,5,14,2,17,10,10,2,1,1,18,15,0,0,27,12,11,6,41,45,1,0,7,1193,0,0,0,7,-29.511328085908104,58.70561282932417,48.148148148148145,47,16.698473282442748,31.25,83.33333333333333,108.33333333333333,1.8571428571428572,5,1,0,77.21039396479463,6,15,2,11,4,15,2,22,14,14,7,0,0,11,7,3,6,36,21,14,5,56,47,5,1,3,1193,0,0,0,4,29.511328085908104,68.56023506366307,68.05555555555556,72,6.843065693430656,30.76923076923077,63.63636363636363,71.42857142857143,5.0,5,1,15,77.21039396479463
S43G01N214,2023-2024,20240229,311,away,35,13,1,9,5,14,2,17,10,10,2,1,1,18,15,0,0,27,12,11,6,41,45,1,0,8,1198,0,0,0,8,-32.43988612678562,58.70561282932417,48.148148148148145,46,18.63932898415657,31.25,83.33333333333333,108.33333333333333,1.625,5,1,0,77.889816360601,6,15,2,11,4,15,2,22,14,14,7,0,0,11,7,3,6,36,21,14,5,56,47,5,1,3,1198,0,0,0,4,32.43988612678562,68.56023506366307,68.05555555555556,72,6.843065693430656,30.76923076923077,63.63636363636363,71.42857142857143,5.0,5,1,15,77.889816360601
S43G01N214,2023-2024,20240229,312,away,35,13,1,9,5,14,2,17,10,10,2,1,1,18,15,0,0,27,12,11,6,41,45,1,0,8,1199,0,0,0,8,-32.43988612678562,58.70561282932417,48.148148148148145,46,18.63932898415657,31.25,83.33333333333333,108.33333333333333,1.625,5,1,0,77.82485404503754,6,15,2,11,4,15,2,22,14,14,7,0,0,11,7,3,6,36,21,14,5,56,47,6,1,3,1199,0,0,0,4,32.43988612678562,68.56023506366307,68.05555555555556,73,6.843065693430656,30.76923076923077,63.63636363636363,71.42857142857143,5.0,5,1,15,77.82485404503754
S43G01N214,2023-2024,20240229,313,away,35,13,1,9,5,14,2,17,10,10,2,1,1,18,15,0,0,27,12,11,6,41,45,1,0,8,1199,0,0,0,8,-28.99810725812783,58.70561282932417,48.148148148148145,46,18.63932898415657,31.25,83.33333333333333,108.33333333333333,1.625,5,1,0,78.8256880733945,6,15,2,11,4,15,2,22,14,15,7,0,0,11,7,3,6,37,21,14,5,56,48,6,1,3,1199,0,0,0,4,28.99810725812783,66.92160611854683,66.21621621621621,72,6.6904549509366635,30.76923076923077,63.63636363636363,71.42857142857143,5.0,5,1,15,78.8256880733945
S43G01N214,2023-2024,20240229,314,away,35,13,1,9,5,14,2,17,10,10,2,1,1,18,15,0,0,27,12,11,6,41,45,1,0,8,1199,0,0,0,8,-28.99810725812783,58.70561282932417,48.148148148148145,46,18.63932898415657,31.25,83.33333333333333,108.33333333333333,1.625,5,1,0,78.8256880733945,6,15,2,11,4,15,2,22,14,15,7,0,0,11,7,3,6,37,21,14,5,56,48,6,1,3,1199,0,0,0,4,28.99810725812783,66.92160611854683,66.21621621621621,72,6.6904549509366635,30.76923076923077,63.63636363636363,71.42857142857143,5.0,5,1,15,78.8256880733945
S43G01N214,2023-2024,20240229,315,away,35,13,1,9,5,14,2,17,10,10,2,1,1,18,15,0,0,27,12,11,6,41,45,1,0,8,1200,0,0,0,8,-28.99810725812783,58.70561282932417,48.148148148148145,46,18.63932898415657,31.25,83.33333333333333,108.33333333333333,1.625,5,1,0,78.76,6,15,2,11,4,15,2,22,14,15,7,0,0,11,7,3,6,37,21,14,5,56,48,6,1,3,1200,0,0,0,4,28.99810725812783,66.92160611854683,66.21621621621621,72,6.6904549509366635,30.76923076923077,63.63636363636363,71.42857142857143,5.0,5,1,15,78.76
S43G01N214,2023-2024,20240229,316,away,35,13,1,9,5,14,2,17,10,10,2,1,1,18,15,0,0,27,12,11,6,41,45,1,0,8,1200,0,0,0,8,-28.99810725812783,58.70561282932417,48.148148148148145,46,18.63932898415657,31.25,83.33333333333333,108.33333333333333,1.625,5,1,0,78.76,6,15,2,11,4,15,2,22,14,15,7,0,0,11,7,3,6,37,21,14,5,56,48,6,1,3,1200,0,0,0,4,28.99810725812783,66.92160611854683,66.21621621621621,72,6.6904549509366635,30.76923076923077,63.63636363636363,71.42857142857143,5.0,5,1,15,78.76
S43G01N214,2023-2024,20240229,317,away,35,13,1,9,5,14,2,17,10,10,2,1,1,18,15,0,0,27,12,11,6,41,45,1,0,8,1200,0,0,0,8,-28.99810725812783,58.70561282932417,48.148148148148145,46,18.63932898415657,31.25,83.33333333333333,108.33333333333333,1.625,5,1,0,78.76,6,15,2,11,4,15,2,22,14,15,7,0,0,11,7,3,6,37,21,14,5,56,48,6,1,3,1200,0,0,0,4,28.99810725812783,66.92160611854683,66.21621621621621,72,6.6904549509366635,30.76923076923077,63.63636363636363,71.42857142857143,5.0,5,1,15,78.76
S43G01N214,2023-2024,20240229,318,away,35,13,1,9,5,14,2,17,10,10,2,1,1,18,15,0,0,27,12,11,6,41,45,1,0,8,1200,0,0,0,8,-28.99810725812783,58.70561282932417,48.148148148148145,46,18.63932898415657,31.25,83.33333333333333,108.33333333333333,1.625,5,1,0,78.76,6,15,2,11,4,15,2,22,14,15,7,0,0,11,7,3,6,37,21,14,5,56,48,6,1,3,1200,0,0,0,4,28.99810725812783,66.92160611854683,66.21621621621621,72,6.6904549509366635,30.76923076923077,63.63636363636363,71.42857142857143,5.0,5,1,15,78.76
S43G01N214,2023-2024,20240229,319,away,35,13,1,9,5,14,2,17,10,10,2,1,1,18,15,0,0,27,12,11,6,41,45,1,0,8,1200,0,0,0,8,-28.99810725812783,58.70561282932417,48.148148148148145,46,18.63932898415657,31.25,83.33333333333333,108.33333333333333,1.625,5,1,0,78.76,6,15,2,11,4,15,2,22,14,15,7,0,0,11,7,3,6,37,21,14,5,56,48,6,1,3,1200,0,0,0,4,28.99810725812783,66.92160611854683,66.21621621621621,72,6.6904549509366635,30.76923076923077,63.63636363636363,71.42857142857143,5.0,5,1,15,78.76
S43G01N214,2023-2024,20240229,320,away,35,13,1,9,5,14,2,17,10,10,2,1,1,18,15,0,0,27,12,11,6,41,45,1,0,8,1200,0,0,0,8,-28.99810725812783,58.70561282932417,48.148148148148145,46,18.63932898415657,31.25,83.33333333333333,108.33333333333333,1.625,5,1,0,78.76,6,15,2,11,4,15,2,22,14,15,7,0,0,11,7,3,6,37,21,14,5,56,48,6,1,3,1200,0,0,0,4,28.99810725812783,66.92160611854683,66.21621621621621,72,6.6904549509366635,30.76923076923077,63.63636363636363,71.42857142857143,5.0,5,1,15,78.76
S43G01N214,2023-2024,20240229,321,away,35,13,1,9,5,14,2,17,10,10,2,1,1,18,15,0,0,27,12,11,6,41,45,1,0,8,1200,0,0,0,8,-28.99810725812783,58.70561282932417,48.148148148148145,46,18.63932898415657,31.25,83.33333333333333,108.33333333333333,1.625,5,1,0,78.76,6,15,2,11,4,15,2,22,14,15,7,0,0,11,7,3,6,37,21,14,5,56,48,6,1,3,1200,0,0,0,4,28.99810725812783,66.92160611854683,66.21621621621621,72,6.6904549509366635,30.76923076923077,63.63636363636363,71.42857142857143,5.0,5,1,15,78.76
S43G01N214,2023-2024,20240229,322,away,35,13,1,9,5,14,2,17,10,10,2,1,1,18,15,0,0,27,12,11,6,41,45,1,0,8,1200,0,0,0,8,-28.99810725812783,58.70561282932417,48.148148148148145,46,18.63932898415657,31.25,83.33333333333333,108.33333333333333,1.625,5,1,0,78.76,6,15,2,11,4,15,2,22,14,15,7,0,0,11,7,3,6,37,21,14,5,56,48,6,1,3,1200,0,0,0,4,28.99810725812783,66.92160611854683,66.21621621621621,72,6.6904549509366635,30.76923076923077,63.63636363636363,71.42857142857143,5.0,5,1,15,78.76
S43G01N214,2023-2024,20240229,323,away,35,13,1,9,5,14,2,17,10,10,2,1,1,18,15,0,0,27,12,11,6,41,45,1,0,8,1200,0,0,0,8,-28.99810725812783,58.70561282932417,48.148148148148145,46,18.63932898415657,31.25,83.33333333333333,108.33333333333333,1.625,5,1,0,78.76,6,15,2,11,4,15,2,22,14,15,7,0,0,11,7,3,6,37,21,14,5,56,48,6,1,3,1200,0,0,0,4,28.99810725812783,66.92160611854683,66.21621621621621,72,6.6904549509366635,30.76923076923077,63.63636363636363,71.42857142857143,5.0,5,1,15,78.76
S43G01N214,2023-2024,20240229,324,away,35,13,1,9,5,14,2,17,10,10,2,1,1,18,15,0,0,27,12,11,6,41,45,1,0,8,1200,0,0,0,8,-28.99810725812783,58.70561282932417,48.148148148148145,46,18.63932898415657,31.25,83.33333333333333,108.33333333333333,1.625,5,1,0,78.76,6,15,2,11,4,15,2,22,14,15,7,0,0,11,7,3,6,37,21,14,5,56,48,6,1,3,1200,0,0,0,4,28.99810725812783,66.92160611854683,66.21621621621621,72,6.6904549509366635,30.76923076923077,63.63636363636363,71.42857142857143,5.0,5,1,15,78.76
S43G01N214,2023-2024,20240229,325,away,35,13,1,9,5,14,2,17,10,10,2,1,1,18,15,0,0,27,12,11,6,41,45,1,0,8,1200,0,0,0,8,-28.99810725812783,58.70561282932417,48.148148148148145,46,18.63932898415657,31.25,83.33333333333333,108.33333333333333,1.625,5,1,0,78.76,6,15,2,11,4,15,2,22,14,15,7,0,0,11,7,3,6,37,21,14,5,56,48,6,1,3,1200,0,0,0,4,28.99810725812783,66.92160611854683,66.21621621621621,72,6.6904549509366635,30.76923076923077,63.63636363636363,71.42857142857143,5.0,5,1,15,78.76
S43G01N214,2023-2024,20240229,326,away,35,13,1,9,5,14,2,17,10,10,2,1,1,18,15,0,0,27,12,11,6,41,45,1,0,8,1200,0,0,0,8,-28.99810725812783,58.70561282932417,48.148148148148145,46,18.63932898415657,31.25,83.33333333333333,108.33333333333333,1.625,5,1,0,78.76,6,15,2,11,4,15,2,22,14,15,7,0,0,11,7,3,6,37,21,14,5,56,48,6,1,3,1200,0,0,0,4,28.99810725812783,66.92160611854683,66.21621621621621,72,6.6904549509366635,30.76923076923077,63.63636363636363,71.42857142857143,5.0,5,1,15,78.76
S43G01N214,2023-2024,20240229,327,away,35,13,1,9,5,14,2,17,10,10,2,1,1,18,15,0,0,27,12,11,6,41,45,1,0,8,1200,0,0,0,8,-28.99810725812783,58.70561282932417,48.148148148148145,46,18.63932898415657,31.25,83.33333333333333,108.33333333333333,1.625,5,1,0,78.76,6,15,2,11,4,15,2,22,14,15,7,0,0,11,7,3,6,37,21,14,5,56,48,6,1,3,1200,0,0,0,4,28.99810725812783,66.92160611854683,66.21621621621621,72,6.6904549509366635,30.76923076923077,63.63636363636363,71.42857142857143,5.0,5,1,15,78.76
S43G01N214,2023-2024,20240229,328,away,35,13,1,9,5,14,2,17,10,10,2,1,1,18,15,0,0,27,12,11,6,41,45,1,0,8,1200,0,0,0,8,-28.99810725812783,58.70561282932417,48.148148148148145,46,18.63932898415657,31.25,83.33333333333333,108.33333333333333,1.625,5,1,0,78.76,6,15,2,11,4,15,2,22,14,15,7,0,0,11,7,3,6,37,21,14,5,56,48,6,1,3,1200,0,0,0,4,28.99810725812783,66.92160611854683,66.21621621621621,72,6.6904549509366635,30.76923076923077,63.63636363636363,71.42857142857143,5.0,5,1,15,78.76
S43G01N214,2023-2024,20240229,329,away,35,13,1,9,5,14,2,17,10,10,2,1,1,18,15,0,0,27,12,11,6,41,45,1,0,8,1200,0,0,0,8,-28.99810725812783,58.70561282932417,48.148148148148145,46,18.63932898415657,31.25,83.33333333333333,108.33333333333333,1.625,5,1,0,78.76,6,15,2,11,4,15,2,22,14,15,7,0,0,11,7,3,6,37,21,14,5,56,48,6,1,3,1200,0,0,0,4,28.99810725812783,66.92160611854683,66.21621621621621,72,6.6904549509366635,30.76923076923077,63.63636363636363,71.42857142857143,5.0,5,1,15,78.76
S43G01N214,2023-2024,20240229,330,away,35,13,1,9,5,14,2,17,10,10,2,1,1,18,15,0,0,27,12,11,6,41,45,1,0,8,1200,0,0,0,8,-28.99810725812783,58.70561282932417,48.148148148148145,46,18.63932898415657,31.25,83.33333333333333,108.33333333333333,1.625,5,1,0,78.76,6,15,2,11,4,15,2,22,14,15,7,0,0,11,7,3,6,37,21,14,5,56,48,6,1,3,1200,0,0,0,4,28.99810725812783,66.92160611854683,66.21621621621621,72,6.6904549509366635,30.76923076923077,63.63636363636363,71.42857142857143,5.0,5,1,15,78.76
S43G01N214,2023-2024,20240229,331,away,35,13,1,9,5,14,2,17,10,10,2,1,1,18,15,0,0,27,12,11,6,41,45,1,0,8,1200,0,0,0,8,-28.99810725812783,58.70561282932417,48.148148148148145,46,18.63932898415657,31.25,83.33333333333333,108.33333333333333,1.625,5,1,0,78.76,6,15,2,11,4,15,2,22,14,15,7,0,0,11,7,3,6,37,21,14,5,56,48,6,1,3,1200,0,0,0,4,28.99810725812783,66.92160611854683,66.21621621621621,72,6.6904549509366635,30.76923076923077,63.63636363636363,71.42857142857143,5.0,5,1,15,78.76
S43G01N214,2023-2024,20240229,332,away,35,13,1,9,5,14,2,17,10,10,2,1,1,18,15,0,0,27,12,11,6,41,45,1,0,8,1200,0,0,0,8,-28.99810725812783,58.70561282932417,48.148148148148145,46,18.63932898415657,31.25,83.33333333333333,108.33333333333333,1.625,5,1,0,78.76,6,15,2,11,4,15,2,22,14,15,7,0,0,11,7,3,6,37,21,14,5,56,48,6,1,3,1200,0,0,0,4,28.99810725812783,66.92160611854683,66.21621621621621,72,6.6904549509366635,30.76923076923077,63.63636363636363,71.42857142857143,5.0,5,1,15,78.76
S43G01N214,2023-2024,20240229,333,away,35,13,1,9,5,14,2,17,10,10,2,1,1,18,15,0,0,27,12,11,6,41,45,1,0,8,1200,0,0,0,8,-28.99810725812783,58.70561282932417,48.148148148148145,46,18.63932898415657,31.25,83.33333333333333,108.33333333333333,1.625,5,1,0,78.76,6,15,2,11,4,15,2,22,14,15,7,0,0,11,7,3,6,37,21,14,5,56,48,6,1,3,1200,0,0,0,4,28.99810725812783,66.92160611854683,66.21621621621621,72,6.6904549509366635,30.76923076923077,63.63636363636363,71.42857142857143,5.0,5,1,15,78.76
S43G01N214,2023-2024,20240229,334,away,35,13,1,9,5,14,2,17,10,10,2,1,1,18,15,0,0,27,12,11,6,41,45,1,0,8,1200,0,0,0,8,-28.99810725812783,58.70561282932417,48.148148148148145,46,18.63932898415657,31.25,83.33333333333333,108.33333333333333,1.625,5,1,0,78.76,6,15,2,11,4,15,2,22,14,15,7,0,0,11,7,3,6,37,21,14,5,56,48,6,1,3,1200,0,0,0,4,28.99810725812783,66.92160611854683,66.21621621621621,72,6.6904549509366635,30.76923076923077,63.63636363636363,71.42857142857143,5.0,5,1,15,78.76
S43G01N214,2023-2024,20240229,335,away,35,13,1,9,5,14,2,17,10,10,2,1,1,18,15,0,0,27,12,11,6,41,45,1,0,8,1200,0,0,0,8,-28.99810725812783,58.70561282932417,48.148148148148145,46,18.63932898415657,31.25,83.33333333333333,108.33333333333333,1.625,5,1,0,78.76,6,15,2,11,4,15,2,22,14,15,7,0,0,11,7,3,6,37,21,14,5,56,48,6,1,3,1200,0,0,0,4,28.99810725812783,66.92160611854683,66.21621621621621,72,6.6904549509366635,30.76923076923077,63.63636363636363,71.42857142857143,5.0,5,1,15,78.76
S43G01N214,2023-2024,20240229,336,away,35,13,1,9,5,14,2,17,10,10,2,1,1,18,15,0,0,27,12,11,6,41,45,1,0,8,1200,0,0,0,8,-28.99810725812783,58.70561282932417,48.148148148148145,46,18.63932898415657,31.25,83.33333333333333,108.33333333333333,1.625,5,1,0,78.76,6,15,2,11,4,15,2,22,14,15,7,0,0,11,7,3,6,37,21,14,5,56,48,6,1,3,1200,0,0,0,4,28.99810725812783,66.92160611854683,66.21621621621621,72,6.6904549509366635,30.76923076923077,63.63636363636363,71.42857142857143,5.0,5,1,15,78.76
S43G01N214,2023-2024,20240229,337,away,35,13,1,9,5,14,2,17,10,10,2,1,1,18,15,0,0,27,12,11,6,41,45,1,0,8,1200,0,0,0,8,-28.99810725812783,58.70561282932417,48.148148148148145,46,18.63932898415657,31.25,83.33333333333333,108.33333333333333,1.625,5,1,0,78.76,6,15,2,11,4,15,2,22,14,15,7,0,0,11,7,3,6,37,21,14,5,56,48,6,1,3,1200,0,0,0,4,28.99810725812783,66.92160611854683,66.21621621621621,72,6.6904549509366635,30.76923076923077,63.63636363636363,71.42857142857143,5.0,5,1,15,78.76
S43G01N214,2023-2024,20240229,338,away,35,13,1,9,5,14,2,17,10,10,2,1,1,18,15,0,0,27,12,11,6,41,45,1,0,8,1200,0,0,0,8,-28.99810725812783,58.70561282932417,48.148148148148145,46,18.63932898415657,31.25,83.33333333333333,108.33333333333333,1.625,5,1,0,78.76,6,15,2,11,4,15,2,22,14,15,7,0,0,11,7,3,6,37,21,14,5,56,48,6,1,3,1200,0,0,0,4,28.99810725812783,66.92160611854683,66.21621621621621,72,6.6904549509366635,30.76923076923077,63.63636363636363,71.42857142857143,5.0,5,1,15,78.76
S43G01N214,2023-2024,20240229,339,away,35,13,1,9,5,14,2,17,10,10,2,1,1,18,15,0,0,27,12,11,6,41,45,1,0,8,1200,0,0,0,8,-28.99810725812783,58.70561282932417,48.148148148148145,46,18.63932898415657,31.25,83.33333333333333,108.33333333333333,1.625,5,1,0,78.76,6,15,2,11,4,15,2,22,14,15,7,0,0,11,7,3,6,37,21,14,5,56,48,6,1,3,1200,0,0,0,4,28.99810725812783,66.92160611854683,66.21621621621621,72,6.6904549509366635,30.76923076923077,63.63636363636363,71.42857142857143,5.0,5,1,15,78.76
S43G01N214,2023-2024,20240229,340,away,35,13,1,9,5,14,2,17,10,10,2,1,1,18,15,0,0,27,12,11,6,41,45,1,0,8,1200,0,0,0,8,-28.99810725812783,58.70561282932417,48.148148148148145,46,18.63932898415657,31.25,83.33333333333333,108.33333333333333,1.625,5,1,0,78.76,6,15,2,11,4,15,2,22,14,15,7,0,0,11,7,3,6,37,21,14,5,56,48,6,1,3,1200,0,0,0,4,28.99810725812783,66.92160611854683,66.21621621621621,72,6.6904549509366635,30.76923076923077,63.63636363636363,71.42857142857143,5.0,5,1,15,78.76
S43G01N214,2023-2024,20240229,341,away,35,13,1,9,5,14,2,17,10,10,2,1,1,18,15,0,0,27,12,11,6,41,45,1,0,8,1200,0,0,0,8,-28.99810725812783,58.70561282932417,48.148148148148145,46,18.63932898415657,31.25,83.33333333333333,108.33333333333333,1.625,5,1,0,78.76,6,15,2,11,4,15,2,22,14,15,7,0,0,11,7,3,6,37,21,14,5,56,48,6,1,3,1200,0,0,0,4,28.99810725812783,66.92160611854683,66.21621621621621,72,6.6904549509366635,30.76923076923077,63.63636363636363,71.42857142857143,5.0,5,1,15,78.76
S43G01N214,2023-2024,20240229,342,away,35,13,1,9,5,14,2,17,10,10,2,1,1,18,15,0,0,27,12,11,6,41,45,1,0,8,1200,0,0,0,8,-28.99810725812783,58.70561282932417,48.148148148148145,46,18.63932898415657,31.25,83.33333333333333,108.33333333333333,1.625,5,1,0,78.76,6,15,2,11,4,15,2,22,14,15,7,0,0,11,7,3,6,37,21,14,5,56,48,6,1,3,1200,0,0,0,4,28.99810725812783,66.92160611854683,66.21621621621621,72,6.6904549509366635,30.76923076923077,63.63636363636363,71.42857142857143,5.0,5,1,15,78.76
S43G01N214,2023-2024,20240229,343,away,35,13,1,9,5,14,2,17,10,10,2,1,1,18,15,0,0,27,12,11,6,41,45,1,0,8,1200,0,0,0,8,-28.99810725812783,58.70561282932417,48.148148148148145,46,18.63932898415657,31.25,83.33333333333333,108.33333333333333,1.625,5,1,0,78.76,6,15,2,11,4,15,2,22,14,15,7,0,0,11,7,3,6,37,21,14,5,56,48,6,1,3,1200,0,0,0,4,28.99810725812783,66.92160611854683,66.21621621621621,72,6.6904549509366635,30.76923076923077,63.63636363636363,71.42857142857143,5.0,5,1,15,78.76
S43G01N214,2023-2024,20240229,344,away,35,13,1,9,5,14,2,18,11,10,2,1,1,18,15,0,0,28,13,11,6,43,46,1,0,8,1212,0,0,0,8,-26.637427989607758,59.85523385300668,50.0,48,18.21493624772313,31.25,83.33333333333333,100.0,1.625,2,1,0,78.97029702970298,6,15,2,11,4,15,2,22,14,15,7,0,0,11,7,3,6,37,21,14,5,56,48,6,1,3,1212,0,0,0,4,26.637427989607758,66.92160611854683,66.21621621621621,72,6.6904549509366635,30.76923076923077,63.63636363636363,71.42857142857143,5.0,2,1,15,78.97029702970298
S43G01N214,2023-2024,20240229,345,away,35,14,1,9,5,14,2,18,11,10,2,1,1,18,15,0,0,28,13,11,6,43,46,1,0,8,1212,0,0,0,8,-26.637427989607758,59.85523385300668,50.0,49,18.21493624772313,31.25,83.33333333333333,107.6923076923077,1.75,2,1,0,78.97029702970298,6,15,2,11,4,15,2,22,14,15,7,0,0,11,7,3,6,37,21,14,5,56,48,6,1,3,1212,0,0,0,4,26.637427989607758,66.92160611854683,66.21621621621621,72,6.6904549509366635,30.76923076923077,63.63636363636363,71.42857142857143,5.0,2,1,15,78.97029702970298
S43G01N214,2023-2024,20240229,346,away,35,14,1,9,5,14,2,18,11,10,2,1,1,18,15,0,0,28,13,11,6,43,46,1,0,8,1232,0,0,0,8,-30.53034218350531,59.85523385300668,50.0,49,18.21493624772313,31.25,83.33333333333333,107.6923076923077,1.75,3,1,0,78.66233766233766,6,15,2,11,4,15,2,22,14,16,8,0,0,11,7,3,6,38,22,14,5,59,49,6,1,3,1232,0,0,0,4,30.53034218350531,68.86087768440709,68.42105263157895,75,6.544502617801046,30.76923076923077,63.63636363636363,68.18181818181819,5.0,3,1,16,78.66233766233766
S43G01N214,2023-2024,20240229,347,away,35,14,1,9,5,14,2,18,11,10,2,1,1,18,15,0,0,28,13,11,6,43,46,1,0,8,1232,0,0,0,8,-30.53034218350531,59.85523385300668,50.0,49,18.21493624772313,31.25,83.33333333333333,107.6923076923077,1.75,3,1,0,78.66233766233766,6,16,2,11,4,15,2,22,14,16,8,0,0,11,7,3,6,38,22,14,5,59,49,6,1,3,1232,0,0,0,4,30.53034218350531,68.86087768440709,68.42105263157895,76,6.544502617801046,30.76923076923077,63.63636363636363,72.72727272727273,5.333333333333333,3,1,16,78.66233766233766
S43G01N214,2023-2024,20240229,348,away,35,14,1,9,5,14,2,19,12,10,2,1,1,18,15,0,0,29,14,11,6,45,47,1,0,8,1252,0,0,0,8,-28.2879334194201,60.942578548212346,51.724137931034484,51,17.809439002671414,31.25,83.33333333333333,100.0,1.75,2,1,0,78.36421725239617,6,16,2,11,4,15,2,22,14,16,8,0,0,11,7,3,6,38,22,14,5,59,49,6,1,3,1252,0,0,0,4,28.2879334194201,68.86087768440709,68.42105263157895,76,6.544502617801046,30.76923076923077,63.63636363636363,72.72727272727273,5.333333333333333,2,1,16,78.36421725239617
S43G01N214,2023-2024,20240229,349,away,35,14,1,9,5,14,2,19,12,10,2,1,1,18,15,0,0,29,14,11,6,45,47,1,0,8,1252,0,0,0,8,-28.2879334194201,60.942578548212346,51.724137931034484,51,17.809439002671414,31.25,83.33333333333333,100.0,1.75,2,1,0,78.36421725239617,6,16,2,11,4,15,2,22,14,16,8,0,0,11,7,3,6,38,22,15,5,59,49,6,1,3,1252,0,0,0,4,28.2879334194201,68.86087768440709,68.42105263157895,76,6.544502617801046,30.76923076923077,63.63636363636363,72.72727272727273,5.333333333333333,2,1,16,78.36421725239617
S43G01N214,2023-2024,20240229,350,away,35,14,1,9,5,14,2,19,12,10,2,1,1,18,15,0,0,29,14,11,6,45,47,1,0,8,1252,0,0,0,8,-28.2879334194201,60.942578548212346,51.724137931034484,51,17.809439002671414,31.25,83.33333333333333,100.0,1.75,2,1,0,78.36421725239617,6,16,2,11,4,15,2,22,14,16,8,0,0,11,7,3,6,38,22,15,5,59,49,6,1,3,1252,0,0,0,4,28.2879334194201,68.86087768440709,68.42105263157895,76,6.544502617801046,30.76923076923077,63.63636363636363,72.72727272727273,5.333333333333333,2,1,16,78.36421725239617
S43G01N214,2023-2024,20240229,351,away,35,14,1,9,5,14,2,19,12,10,2,1,1,19,16,0,0,29,14,11,6,46,48,1,0,8,1252,0,0,0,8,-27.039152408438753,61.563169164882225,51.724137931034484,52,17.63668430335097,31.25,84.21052631578948,100.0,1.75,3,1,0,78.78594249201278,6,16,2,11,4,15,2,22,14,16,8,0,0,11,7,3,6,38,22,15,5,59,49,6,1,3,1252,0,0,0,4,27.039152408438753,68.86087768440709,68.42105263157895,76,6.544502617801046,30.76923076923077,63.63636363636363,72.72727272727273,5.333333333333333,3,1,16,78.78594249201278
S43G01N214,2023-2024,20240229,352,away,35,14,1,9,5,14,2,19,12,10,2,1,1,19,16,0,0,29,14,11,6,46,48,1,0,8,1272,0,0,0,8,-28.416057536328026,61.563169164882225,51.724137931034484,52,17.63668430335097,31.25,84.21052631578948,100.0,1.75,2,1,0,78.49056603773585,6,16,2,11,4,15,2,23,15,16,8,0,0,11,7,3,6,39,23,15,5,61,50,6,1,3,1272,0,0,0,4,28.416057536328026,69.57116788321167,69.23076923076923,78,6.404782237403928,30.76923076923077,63.63636363636363,69.56521739130434,5.333333333333333,2,1,16,78.49056603773585
S43G01N214,2023-2024,20240229,353,away,35,14,1,9,5,14,2,19,12,10,2,1,1,19,16,0,0,29,14,11,6,46,48,1,0,8,1272,0,0,0,8,-28.416057536328026,61.563169164882225,51.724137931034484,52,17.63668430335097,31.25,84.21052631578948,100.0,1.75,2,1,0,78.49056603773585,6,17,2,11,4,15,2,23,15,16,8,0,0,11,7,3,6,39,23,15,5,61,50,6,1,3,1272,0,0,0,4,28.416057536328026,69.57116788321167,69.23076923076923,79,6.404782237403928,30.76923076923077,63.63636363636363,73.91304347826087,5.666666666666667,2,1,16,78.49056603773585
S43G01N214,2023-2024,20240229,354,away,35,14,1,9,5,14,2,20,12,10,2,1,1,19,16,0,0,30,14,11,6,46,49,1,0,8,1293,0,0,0,8,-31.171720783735793,59.958289885297184,50.0,51,17.25625539257981,31.25,84.21052631578948,100.0,1.75,2,1,0,78.14385150812065,6,17,2,11,4,15,2,23,15,16,8,0,0,11,7,3,6,39,23,15,5,61,50,6,1,3,1293,0,0,0,4,31.171720783735793,69.57116788321167,69.23076923076923,79,6.404782237403928,30.76923076923077,63.63636363636363,73.91304347826087,5.666666666666667,2,1,16,78.14385150812065
S43G01N214,2023-2024,20240229,355,away,35,14,1,9,5,14,2,20,12,10,2,1,1,19,16,0,0,30,14,11,6,46,49,1,0,8,1296,0,0,0,8,-31.171720783735793,59.958289885297184,50.0,51,17.25625539257981,29.41176470588235,84.21052631578948,100.0,1.75,2,1,0,77.96296296296296,6,17,2,12,4,16,2,23,15,16,8,0,0,11,7,3,6,39,23,15,5,61,50,6,1,3,1296,0,0,0,4,31.171720783735793,69.57116788321167,69.23076923076923,80,6.404782237403928,30.76923076923077,63.63636363636363,73.91304347826087,5.666666666666667,2,1,16,77.96296296296296
S43G01N214,2023-2024,20240229,356,away,35,14,1,9,5,14,2,20,12,10,2,1,1,19,16,0,0,30,14,12,7,46,49,1,0,8,1296,0,0,0,8,-31.171720783735793,59.958289885297184,50.0,51,17.25625539257981,29.41176470588235,84.21052631578948,100.0,1.75,2,1,0,77.96296296296296,6,17,2,12,4,16,2,23,15,16,8,0,0,11,7,3,6,39,23,15,5,61,50,6,1,3,1296,0,0,0,4,31.171720783735793,69.57116788321167,69.23076923076923,80,6.404782237403928,30.76923076923077,63.63636363636363,73.91304347826087,5.666666666666667,2,1,16,77.96296296296296
S43G01N214,2023-2024,20240229,357,away,35,14,1,9,5,14,2,20,12,10,2,1,1,19,16,0,0,30,14,12,7,46,49,1,0,8,1296,0,0,0,8,-31.171720783735793,59.958289885297184,50.0,51,17.25625539257981,29.41176470588235,84.21052631578948,100.0,1.75,2,1,0,77.96296296296296,6,17,2,12,4,16,2,23,15,16,8,0,0,11,7,3,6,39,23,15,5,61,50,6,1,3,1296,0,0,0,4,31.171720783735793,69.57116788321167,69.23076923076923,80,6.404782237403928,30.76923076923077,63.63636363636363,73.91304347826087,5.666666666666667,2,1,16,77.96296296296296
S43G01N214,2023-2024,20240229,358,away,35,14,1,9,5,14,2,20,12,10,2,1,1,19,16,0,0,30,14,12,7,46,49,1,0,8,1303,0,0,0,8,-27.923767101046167,59.958289885297184,50.0,51,17.25625539257981,29.41176470588235,84.21052631578948,100.0,1.75,2,1,0,78.46508058326938,6,17,2,12,4,16,2,24,15,16,8,0,0,11,7,3,6,40,23,15,5,61,51,6,1,3,1303,0,0,0,4,27.923767101046167,68.01962533452274,67.5,79,6.270903010033444,30.76923076923077,63.63636363636363,73.91304347826087,5.666666666666667,2,1,16,78.46508058326938
S43G01N214,2023-2024,20240229,359,away,35,14,2,9,5,14,2,20,12,10,2,1,1,19,16,0,0,30,14,12,7,46,49,1,0,8,1304,0,0,0,8,-27.923767101046167,59.958289885297184,50.0,52,17.25625539257981,29.41176470588235,84.21052631578948,100.0,1.75,2,1,0,78.40490797546013,6,17,2,12,4,16,2,24,15,16,8,0,0,11,7,3,6,40,23,15,5,61,51,6,1,3,1304,0,0,0,4,27.923767101046167,68.01962533452274,67.5,79,6.270903010033444,30.76923076923077,63.63636363636363,73.91304347826087,5.666666666666667,2,1,16,78.40490797546013
S43G01N214,2023-2024,20240229,360,away,35,14,2,10,5,15,2,20,12,10,2,1,1,19,16,0,0,30,14,12,7,46,49,1,0,8,1305,0,0,0,8,-27.923767101046167,59.958289885297184,50.0,53,17.25625539257981,29.41176470588235,84.21052631578948,100.0,1.75,2,1,0,78.3448275862069,6,17,2,12,4,16,2,24,15,16,8,0,0,11,7,3,6,40,23,15,5,61,51,6,1,3,1305,0,0,0,4,27.923767101046167,68.01962533452274,67.5,79,6.270903010033444,28.571428571428573,63.63636363636363,73.91304347826087,5.666666666666667,2,1,16,78.3448275862069
S43G01N214,2023-2024,20240229,361,away,35,14,2,10,5,15,2,21,12,10,2,1,1,19,16,0,0,31,14,12,7,46,50,1,0,8,1310,0,0,0,8,-30.54932349069152,58.4349593495935,48.38709677419355,52,16.89189189189189,29.41176470588235,84.21052631578948,100.0,1.75,2,1,0,78.9618320610687,6,17,2,12,4,16,2,24,15,16,8,0,0,11,7,3,6,40,23,15,5,61,51,6,1,3,1310,0,0,0,4,30.54932349069152,68.01962533452274,67.5,79,6.270903010033444,28.571428571428573,63.63636363636363,73.91304347826087,5.666666666666667,2,1,16,78.9618320610687
S43G01N214,2023-2024,20240229,362,away,35,14,2,10,5,15,2,21,12,10,2,1,1,19,16,0,0,31,14,12,7,46,50,1,0,8,1311,0,0,0,8,-30.54932349069152,58.4349593495935,48.38709677419355,52,16.89189189189189,27.77777777777778,84.21052631578948,100.0,1.75,2,1,0,78.90160183066362,6,17,2,13,4,17,2,24,15,16,8,0,0,11,7,3,6,40,23,15,5,61,51,6,1,3,1311,0,0,0,4,30.54932349069152,68.01962533452274,67.5,80,6.270903010033444,28.571428571428573,63.63636363636363,73.91304347826087,5.666666666666667,2,1,16,78.90160183066362
S43G01N214,2023-2024,20240229,363,away,35,14,2,10,5,15,2,21,12,10,2,1,1,19,16,0,0,31,14,12,7,46,50,1,0,8,1316,0,0,0,8,-31.90654169393811,58.4349593495935,48.38709677419355,52,16.89189189189189,27.77777777777778,84.21052631578948,100.0,1.75,4,1,0,79.51367781155015,6,17,2,13,4,17,2,25,16,16,8,0,0,11,7,3,6,41,24,15,5,63,52,6,1,3,1316,0,0,0,4,31.90654169393811,68.71727748691099,68.29268292682927,82,6.142506142506142,28.571428571428573,63.63636363636363,70.83333333333333,5.666666666666667,4,1,17,79.51367781155015
S43G01N214,2023-2024,20240229,364,away,35,14,2,10,5,15,2,21,12,10,2,1,1,19,16,0,0,31,14,12,7,46,50,1,0,8,1317,0,0,0,8,-31.90654169393811,58.4349593495935,48.38709677419355,52,16.89189189189189,27.77777777777778,84.21052631578948,100.0,1.75,4,1,0,79.45330296127563,6,17,2,13,4,17,2,25,16,16,8,0,0,11,7,4,8,41,24,15,5,63,52,6,1,3,1317,0,0,0,4,31.90654169393811,68.71727748691099,68.29268292682927,82,6.142506142506142,28.571428571428573,63.63636363636363,70.83333333333333,5.666666666666667,4,1,17,79.45330296127563
S43G01N214,2023-2024,20240229,365,away,35,14,2,10,5,15,2,21,12,11,2,1,1,19,16,0,0,32,14,12,7,46,51,1,0,8,1335,0,0,0,8,-34.410993084061076,56.98711595639247,46.875,51,16.542597187758478,27.77777777777778,84.21052631578948,100.0,1.75,4,1,0,79.28089887640449,6,17,2,13,4,17,2,25,16,16,8,0,0,11,7,4,8,41,24,15,5,63,52,6,1,3,1335,0,0,0,4,34.410993084061076,68.71727748691099,68.29268292682927,82,6.142506142506142,28.571428571428573,63.63636363636363,70.83333333333333,5.666666666666667,4,1,17,79.28089887640449
S43G01N214,2023-2024,20240229,366,away,35,14,2,10,5,15,2,21,12,11,2,1,1,19,16,0,0,32,14,12,7,46,51,1,0,8,1336,0,0,0,8,-34.410993084061076,56.98711595639247,46.875,51,16.542597187758478,26.31578947368421,84.21052631578948,100.0,1.75,4,1,0,79.22155688622755,6,17,2,14,4,18,2,25,16,16,8,0,0,11,7,4,8,41,24,15,5,63,52,6,1,3,1336,0,0,0,4,34.410993084061076,68.71727748691099,68.29268292682927,83,6.142506142506142,28.571428571428573,63.63636363636363,70.83333333333333,5.666666666666667,4,1,17,79.22155688622755
S43G01N214,2023-2024,20240229,367,away,35,14,2,10,5,15,2,21,12,11,2,1,1,19,16,0,0,32,14,13,8,46,51,1,0,8,1338,0,0,0,8,-34.410993084061076,56.98711595639247,46.875,51,16.542597187758478,26.31578947368421,84.21052631578948,100.0,1.75,4,1,0,79.10313901345292,6,17,2,14,4,18,2,25,16,16,8,0,0,11,7,4,8,41,24,15,5,63,52,6,1,3,1338,0,0,0,4,34.410993084061076,68.71727748691099,68.29268292682927,83,6.142506142506142,28.571428571428573,63.63636363636363,70.83333333333333,5.666666666666667,4,1,17,79.10313901345292
S43G01N214,2023-2024,20240229,368,away,35,14,2,10,5,15,2,21,12,11,2,1,1,19,16,0,0,32,14,13,8,46,51,1,0,8,1338,0,0,0,8,-34.410993084061076,56.98711595639247,46.875,51,16.542597187758478,26.31578947368421,84.21052631578948,100.0,1.75,4,1,0,79.10313901345292,6,17,2,14,4,18,2,25,16,16,8,0,0,11,7,4,8,41,24,15,5,63,52,6,1,3,1338,0,0,0,4,34.410993084061076,68.71727748691099,68.29268292682927,83,6.142506142506142,28.571428571428573,63.63636363636363,70.83333333333333,5.666666666666667,4,1,17,79.10313901345292
S43G01N214,2023-2024,20240229,369,away,35,14,2,10,5,15,2,21,12,11,2,1,1,19,16,0,0,32,14,13,8,46,51,1,0,8,1346,0,0,0,8,-31.345994088213118,56.98711595639247,46.875,51,16.542597187758478,26.31578947368421,84.21052631578948,100.0,1.75,4,1,0,79.52451708766716,6,17,2,14,4,18,2,26,16,16,8,0,0,11,7,4,8,42,24,15,5,63,53,6,1,3,1346,0,0,0,4,31.345994088213118,67.25021349274124,66.66666666666667,82,6.019261637239165,28.571428571428573,63.63636363636363,70.83333333333333,5.666666666666667,4,1,17,79.52451708766716
S43G01N214,2023-2024,20240229,370,away,35,14,2,11,5,16,2,21,12,11,2,1,1,19,16,0,0,32,14,13,8,46,51,1,0,8,1347,0,0,0,8,-31.345994088213118,56.98711595639247,46.875,52,16.542597187758478,26.31578947368421,84.21052631578948,100.0,1.75,4,1,0,79.46547884187083,6,17,2,14,4,18,2,26,16,16,8,0,0,11,7,4,8,42,24,15,5,63,53,6,1,3,1347,0,0,0,4,31.345994088213118,67.25021349274124,66.66666666666667,82,6.019261637239165,26.666666666666668,63.63636363636363,70.83333333333333,5.666666666666667,4,1,17,79.46547884187083
S43G01N214,2023-2024,20240229,371,away,35,14,2,11,5,16,2,21,12,11,2,1,1,19,16,0,0,32,14,13,8,46,51,1,0,9,1352,0,0,0,9,-33.737530627564084,56.98711595639247,46.875,51,18.233387358184764,26.31578947368421,84.21052631578948,100.0,1.5555555555555556,4,1,0,80.05917159763314,6,17,2,14,4,18,2,26,16,16,8,0,0,11,7,4,8,42,24,15,5,63,53,6,1,3,1352,0,0,0,4,33.737530627564084,67.25021349274124,66.66666666666667,82,6.019261637239165,26.666666666666668,63.63636363636363,70.83333333333333,5.666666666666667,4,1,17,80.05917159763314
S43G01N214,2023-2024,20240229,372,away,35,14,2,11,5,16,2,21,12,11,2,1,1,19,16,0,0,32,14,13,8,46,51,1,0,9,1353,0,0,0,9,-33.737530627564084,56.98711595639247,46.875,51,18.233387358184764,26.31578947368421,84.21052631578948,100.0,1.5555555555555556,4,1,0,80.0,6,17,2,14,4,18,2,26,16,16,8,0,0,11,7,4,8,42,24,15,5,63,53,7,1,3,1353,0,0,0,4,33.737530627564084,67.25021349274124,66.66666666666667,83,6.019261637239165,26.666666666666668,63.63636363636363,70.83333333333333,5.666666666666667,4,1,17,80.0
S43G01N214,2023-2024,20240229,373,away,35,14,2,11,5,16,2,21,12,11,2,1,1,19,16,0,0,32,14,13,8,46,51,1,0,9,1355,0,0,0,9,-35.073257464160534,56.98711595639247,46.875,51,18.233387358184764,26.31578947368421,84.21052631578948,100.0,1.5555555555555556,6,1,0,80.76752767527675,6,17,2,14,4,18,2,27,17,16,8,1,1,11,7,4,8,43,25,15,5,65,54,7,1,3,1355,0,0,0,4,35.073257464160534,67.93478260869564,67.44186046511628,85,5.9008654602675055,26.666666666666668,63.63636363636363,68.0,5.666666666666667,6,1,19,80.76752767527675
S43G01N214,2023-2024,20240229,374,away,35,14,2,11,5,16,2,21,12,11,2,1,1,19,16,0,0,32,14,13,8,46,51,1,0,9,1355,0,0,0,9,-35.073257464160534,56.98711595639247,46.875,51,18.233387358184764,26.31578947368421,84.21052631578948,100.0,1.5555555555555556,6,1,0,80.76752767527675,6,18,2,14,4,18,2,27,17,16,8,1,1,11,7,4,8,43,25,15,5,65,54,7,1,3,1355,0,0,0,4,35.073257464160534,67.93478260869564,67.44186046511628,86,5.9008654602675055,26.666666666666668,63.63636363636363,72.0,6.0,6,1,19,80.76752767527675
S43G01N214,2023-2024,20240229,375,away,35,14,2,11,5,16,2,21,12,11,2,1,1,19,16,0,0,32,14,13,8,46,51,1,0,9,1355,0,0,0,9,-35.073257464160534,56.98711595639247,46.875,51,18.233387358184764,26.31578947368421,84.21052631578948,100.0,1.5555555555555556,6,1,0,80.76752767527675,6,18,2,14,4,18,2,27,17,16,8,1,1,11,7,5,10,43,25,15,5,65,54,7,1,3,1355,0,0,0,4,35.073257464160534,67.93478260869564,67.44186046511628,86,5.9008654602675055,26.666666666666668,63.63636363636363,72.0,6.0,6,1,19,80.76752767527675
S43G01N214,2023-2024,20240229,376,away,35,14,2,11,5,16,2,21,12,11,2,1,1,19,16,0,0,32,14,13,8,46,51,1,0,9,1355,0,0,0,9,-35.073257464160534,56.98711595639247,46.875,51,18.233387358184764,26.31578947368421,84.21052631578948,100.0,1.5555555555555556,6,1,0,80.76752767527675,6,18,2,14,4,18,2,27,17,16,8,1,1,11,7,5,10,43,25,15,5,65,54,7,1,3,1355,0,0,0,4,35.073257464160534,67.93478260869564,67.44186046511628,86,5.9008654602675055,26.666666666666668,63.63636363636363,72.0,6.0,6,1,19,80.76752767527675
S43G01N214,2023-2024,20240229,377,away,35,14,2,11,5,16,2,21,12,11,2,1,1,19,16,0,0,32,14,13,8,46,51,1,0,9,1355,0,0,0,9,-35.073257464160534,56.98711595639247,46.875,51,18.233387358184764,26.31578947368421,84.21052631578948,100.0,1.5555555555555556,6,1,0,80.76752767527675,6,18,2,14,4,18,2,27,17,16,8,1,1,11,7,5,10,43,25,15,5,65,54,7,1,3,1355,0,0,0,4,35.073257464160534,67.93478260869564,67.44186046511628,86,5.9008654602675055,26.666666666666668,63.63636363636363,72.0,6.0,6,1,19,80.76752767527675
S43G01N214,2023-2024,20240229,378,away,35,14,2,11,5,16,2,21,12,11,2,1,1,19,16,0,0,32,14,13,8,46,51,1,0,9,1355,0,0,0,9,-35.073257464160534,56.98711595639247,46.875,51,18.233387358184764,26.31578947368421,84.21052631578948,100.0,1.5555555555555556,6,1,0,80.76752767527675,6,18,2,14,4,18,2,27,17,16,8,1,1,11,7,5,10,43,25,15,5,65,54,7,1,3,1355,0,0,0,4,35.073257464160534,67.93478260869564,67.44186046511628,86,5.9008654602675055,26.666666666666668,63.63636363636363,72.0,6.0,6,1,19,80.76752767527675
S43G01N214,2023-2024,20240229,379,away,35,14,2,11,5,16,2,21,12,11,2,1,1,19,16,0,0,32,14,13,8,46,51,1,0,9,1355,0,0,0,9,-35.073257464160534,56.98711595639247,46.875,51,18.233387358184764,26.31578947368421,84.21052631578948,100.0,1.5555555555555556,6,1,0,80.76752767527675,6,18,2,14,4,18,2,27,17,16,8,1,1,11,7,5,10,43,25,15,5,65,54,7,1,3,1355,0,0,0,4,35.073257464160534,67.93478260869564,67.44186046511628,86,5.9008654602675055,26.666666666666668,63.63636363636363,72.0,6.0,6,1,19,80.76752767527675
S43G01N214,2023-2024,20240229,380,away,35,14,2,11,5,16,2,21,12,11,2,1,1,19,16,0,0,32,14,13,8,46,51,1,0,9,1355,0,0,0,9,-35.073257464160534,56.98711595639247,46.875,51,18.233387358184764,26.31578947368421,84.21052631578948,100.0,1.5555555555555556,6,1,0,80.76752767527675,6,18,2,14,4,18,2,27,17,16,8,1,1,11,7,5,10,43,25,15,5,65,54,7,1,3,1355,0,0,0,4,35.073257464160534,67.93478260869564,67.44186046511628,86,5.9008654602675055,26.666666666666668,63.63636363636363,72.0,6.0,6,1,19,80.76752767527675
S43G01N214,2023-2024,20240229,381,away,35,14,2,11,5,16,2,21,12,12,2,1,1,19,16,0,0,33,14,13,8,46,52,1,0,9,1373,0,0,0,9,-37.35934706615035,55.60928433268859,45.45454545454545,50,17.871326449563146,26.31578947368421,84.21052631578948,100.0,1.5555555555555556,6,1,0,80.58266569555718,6,18,2,14,4,18,2,27,17,16,8,1,1,11,7,5,10,43,25,15,5,65,54,7,1,3,1373,0,0,0,4,37.35934706615035,67.93478260869564,67.44186046511628,86,5.9008654602675055,26.666666666666668,63.63636363636363,72.0,6.0,6,1,19,80.58266569555718
S43G01N214,2023-2024,20240229,382,away,35,14,2,11,5,16,2,21,12,12,2,1,1,19,16,0,0,33,14,13,8,46,52,1,0,9,1374,0,0,0,9,-37.35934706615035,55.60928433268859,45.45454545454545,50,17.871326449563146,25.0,84.21052631578948,100.0,1.5555555555555556,6,1,0,80.52401746724891,6,18,2,15,4,19,2,27,17,16,8,1,1,11,7,5,10,43,25,15,5,65,54,7,1,3,1374,0,0,0,4,37.35934706615035,67.93478260869564,67.44186046511628,87,5.9008654602675055,26.666666666666668,63.63636363636363,72.0,6.0,6,1,19,80.52401746724891
S43G01N214,2023-2024,20240229,383,away,35,14,2,11,5,16,2,21,12,12,2,1,1,19,16,0,0,33,14,13,8,46,52,1,0,9,1390,0,0,0,9,-38.63923247981219,55.60928433268859,45.45454545454545,50,17.871326449563146,25.0,84.21052631578948,100.0,1.5555555555555556,8,1,0,80.46043165467626,6,18,2,15,4,19,2,28,18,16,8,1,1,11,7,5,10,44,26,15,5,67,55,7,1,3,1390,0,0,0,4,38.63923247981219,68.59131859131858,68.18181818181819,89,5.787037037037036,26.666666666666668,63.63636363636363,69.23076923076923,6.0,8,1,21,80.46043165467626
S43G01N214,2023-2024,20240229,384,away,35,14,2,11,5,16,2,21,12,12,2,1,1,19,16,0,0,33,14,13,8,46,52,1,0,9,1411,0,0,0,9,-38.63923247981219,55.60928433268859,45.45454545454545,50,17.871326449563146,25.0,84.21052631578948,100.0,1.5555555555555556,8,1,0,79.26293408929837,6,18,2,15,4,19,2,28,18,16,8,1,1,11,7,5,10,44,26,16,5,67,55,7,1,3,1411,0,0,0,4,38.63923247981219,68.59131859131858,68.18181818181819,89,5.787037037037036,26.666666666666668,63.63636363636363,69.23076923076923,6.0,8,1,21,79.26293408929837
S43G01N214,2023-2024,20240229,385,away,35,14,2,11,5,16,2,21,12,12,2,1,1,19,16,0,0,33,14,13,8,46,52,1,0,9,1411,0,0,0,9,-38.63923247981219,55.60928433268859,45.45454545454545,50,17.871326449563146,25.0,84.21052631578948,100.0,1.5555555555555556,8,1,0,79.26293408929837,6,18,2,15,4,19,2,28,18,16,8,1,1,11,7,5,10,44,26,16,5,67,55,7,1,3,1411,0,0,0,4,38.63923247981219,68.59131859131858,68.18181818181819,89,5.787037037037036,26.666666666666668,63.63636363636363,69.23076923076923,6.0,8,1,21,79.26293408929837
S43G01N214,2023-2024,20240229,386,away,35,15,2,11,5,16,2,21,12,12,2,1,1,19,16,0,0,33,14,13,8,46,52,1,0,9,1411,0,0,0,9,-38.63923247981219,55.60928433268859,45.45454545454545,51,17.871326449563146,25.0,84.21052631578948,107.14285714285714,1.6666666666666667,8,1,0,79.26293408929837,6,18,2,15,4,19,2,28,18,16,8,1,1,11,7,5,10,44,26,16,5,67,55,7,1,3,1411,0,0,0,4,38.63923247981219,68.59131859131858,68.18181818181819,89,5.787037037037036,26.666666666666668,63.63636363636363,69.23076923076923,6.0,8,1,21,79.26293408929837
S43G01N214,2023-2024,20240229,387,away,35,15,2,11,5,16,2,21,12,12,2,1,1,20,17,0,0,33,14,13,8,47,53,1,0,9,1411,0,0,0,9,-37.43007988783572,56.22009569377991,45.45454545454545,52,17.716535433070867,25.0,85.0,107.14285714285714,1.6666666666666667,1,1,0,79.63713678242381,6,18,2,15,4,19,2,28,18,16,8,1,1,11,7,5,10,44,26,16,5,67,55,7,1,3,1411,0,0,0,4,37.43007988783572,68.59131859131858,68.18181818181819,89,5.787037037037036,26.666666666666668,63.63636363636363,69.23076923076923,6.0,1,1,21,79.63713678242381
S43G01N214,2023-2024,20240229,388,away,35,15,2,11,5,16,2,21,12,12,2,1,1,21,18,0,0,33,14,13,8,48,54,1,0,9,1411,0,0,0,9,-36.243938850377845,56.81818181818181,45.45454545454545,53,17.56440281030445,25.0,85.71428571428571,107.14285714285714,1.6666666666666667,2,1,0,80.01133947554926,6,18,2,15,4,19,2,28,18,16,8,1,1,11,7,5,10,44,26,16,5,67,55,7,1,3,1411,0,0,0,4,36.243938850377845,68.59131859131858,68.18181818181819,89,5.787037037037036,26.666666666666668,63.63636363636363,69.23076923076923,6.0,2,1,21,80.01133947554926
S43G01N214,2023-2024,20240229,389,away,35,15,2,11,5,16,2,21,12,12,2,1,1,21,18,0,0,33,14,13,8,48,54,1,0,9,1424,0,0,0,9,-37.47141290393884,56.81818181818181,45.45454545454545,53,17.56440281030445,25.0,85.71428571428571,107.14285714285714,1.6666666666666667,2,1,0,80.12359550561798,6,18,2,15,4,19,2,29,19,16,8,1,1,11,7,5,10,45,27,16,5,69,56,7,1,3,1424,0,0,0,4,37.47141290393884,69.22150882825039,68.88888888888889,91,5.677517032551097,26.666666666666668,63.63636363636363,66.66666666666667,6.0,2,1,21,80.12359550561798
S43G01N214,2023-2024,20240229,390,away,35,15,2,11,5,16,2,21,12,12,2,1,1,21,18,0,0,33,14,13,8,48,54,1,0,9,1424,0,0,0,9,-37.47141290393884,56.81818181818181,45.45454545454545,53,17.56440281030445,25.0,85.71428571428571,107.14285714285714,1.6666666666666667,2,1,0,80.12359550561798,6,19,2,15,4,19,2,29,19,16,8,1,1,11,7,5,10,45,27,16,5,69,56,7,1,3,1424,0,0,0,4,37.47141290393884,69.22150882825039,68.88888888888889,92,5.677517032551097,26.666666666666668,63.63636363636363,70.37037037037037,6.333333333333333,2,1,21,80.12359550561798
S43G01N214,2023-2024,20240229,391,away,35,15,2,11,5,16,2,22,13,12,2,1,1,21,18,0,0,34,15,13,8,50,55,1,0,9,1442,0,0,0,9,-35.435134927090886,57.816836262719704,47.05882352941177,55,17.228177641653904,25.0,85.71428571428571,100.0,1.6666666666666667,2,1,0,79.95561719833564,6,19,2,15,4,19,2,29,19,16,8,1,1,11,7,5,10,45,27,16,5,69,56,7,1,3,1442,0,0,0,4,35.435134927090886,69.22150882825039,68.88888888888889,92,5.677517032551097,26.666666666666668,63.63636363636363,70.37037037037037,6.333333333333333,2,1,21,79.95561719833564
S43G01N214,2023-2024,20240229,392,away,35,16,2,11,5,16,2,22,13,12,2,1,1,21,18,0,0,34,15,13,8,50,55,1,0,9,1442,0,0,0,9,-35.435134927090886,57.816836262719704,47.05882352941177,56,17.228177641653904,25.0,85.71428571428571,106.66666666666667,1.7777777777777777,2,1,0,79.95561719833564,6,19,2,15,4,19,2,29,19,16,8,1,1,11,7,5,10,45,27,16,5,69,56,7,1,3,1442,0,0,0,4,35.435134927090886,69.22150882825039,68.88888888888889,92,5.677517032551097,26.666666666666668,63.63636363636363,70.37037037037037,6.333333333333333,2,1,21,79.95561719833564
S43G01N214,2023-2024,20240229,393,away,35,16,2,11,5,16,2,22,13,12,2,1,1,21,18,0,0,34,15,13,8,50,55,1,0,9,1455,0,0,0,9,-32.600511305950405,57.816836262719704,47.05882352941177,56,17.228177641653904,25.0,85.71428571428571,106.66666666666667,1.7777777777777777,2,1,0,80.0659793814433,6,19,2,15,4,19,2,30,19,16,8,1,1,11,7,5,10,46,27,16,5,69,57,7,1,3,1455,0,0,0,4,32.600511305950405,67.85995279307632,67.3913043478261,91,5.5720653789004455,26.666666666666668,63.63636363636363,70.37037037037037,6.333333333333333,2,1,21,80.0659793814433
S43G01N214,2023-2024,20240229,394,away,35,16,2,12,5,17,2,22,13,12,2,1,1,21,18,0,0,34,15,13,8,50,55,1,0,9,1456,0,0,0,9,-32.600511305950405,57.816836262719704,47.05882352941177,57,17.228177641653904,25.0,85.71428571428571,106.66666666666667,1.7777777777777777,2,1,0,80.01098901098902,6,19,2,15,4,19,2,30,19,16,8,1,1,11,7,5,10,46,27,16,5,69,57,7,1,3,1456,0,0,0,4,32.600511305950405,67.85995279307632,67.3913043478261,91,5.5720653789004455,25.0,63.63636363636363,70.37037037037037,6.333333333333333,2,1,21,80.01098901098902
S43G01N214,2023-2024,20240229,395,away,35,16,2,12,5,17,2,22,13,12,2,1,1,21,18,0,0,34,15,13,8,50,55,1,0,9,1465,0,0,0,9,-32.600511305950405,57.816836262719704,47.05882352941177,57,17.228177641653904,25.0,85.71428571428571,106.66666666666667,1.7777777777777777,2,1,0,79.51945392491469,6,19,2,15,4,19,2,30,19,16,8,1,1,11,7,5,10,46,27,17,6,69,57,7,1,3,1465,0,0,0,4,32.600511305950405,67.85995279307632,67.3913043478261,91,5.5720653789004455,25.0,63.63636363636363,70.37037037037037,6.333333333333333,2,1,21,79.51945392491469
S43G01N214,2023-2024,20240229,396,away,35,16,2,12,5,17,2,22,13,12,2,1,1,21,18,0,0,34,15,13,8,50,55,1,0,9,1465,0,0,0,9,-32.600511305950405,57.816836262719704,47.05882352941177,57,17.228177641653904,25.0,85.71428571428571,106.66666666666667,1.7777777777777777,2,1,0,79.51945392491469,6,19,2,15,4,19,2,30,19,16,8,1,1,11,7,5,10,46,27,17,6,69,57,7,1,3,1465,0,0,0,4,32.600511305950405,67.85995279307632,67.3913043478261,91,5.5720653789004455,25.0,63.63636363636363,70.37037037037037,6.333333333333333,2,1,21,79.51945392491469
S43G01N214,2023-2024,20240229,397,away,35,16,2,12,5,17,2,22,13,13,2,1,1,21,18,0,0,35,15,13,8,50,56,1,0,9,1471,0,0,0,9,-34.794593112553855,56.509945750452076,45.714285714285715,56,16.9045830202855,25.0,85.71428571428571,106.66666666666667,1.7777777777777777,2,1,0,80.01087695445277,6,19,2,15,4,19,2,30,19,16,8,1,1,11,7,5,10,46,27,17,6,69,57,7,1,3,1471,0,0,0,4,34.794593112553855,67.85995279307632,67.3913043478261,91,5.5720653789004455,25.0,63.63636363636363,70.37037037037037,6.333333333333333,2,1,21,80.01087695445277
S43G01N214,2023-2024,20240229,398,away,35,16,2,12,6,18,2,22,13,13,2,1,1,21,18,0,0,35,15,13,8,50,56,1,0,9,1472,0,0,0,9,-32.600511305950405,56.509945750452076,45.714285714285715,57,16.9045830202855,28.571428571428573,85.71428571428571,106.66666666666667,1.7777777777777777,2,1,0,79.1413043478261,6,19,2,15,4,19,2,30,19,16,8,1,1,11,7,5,10,46,27,17,6,69,57,7,1,3,1472,0,0,0,4,32.600511305950405,67.85995279307632,67.3913043478261,91,5.5720653789004455,25.0,63.63636363636363,70.37037037037037,6.333333333333333,2,1,21,79.1413043478261
S43G01N214,2023-2024,20240229,399,away,35,16,2,12,6,18,2,22,13,13,2,1,1,21,18,0,0,35,15,13,8,50,56,1,0,10,1474,0,0,0,10,-34.794593112553855,56.509945750452076,45.714285714285715,56,18.436578171091444,28.571428571428573,85.71428571428571,106.66666666666667,1.6,2,1,0,79.84803256445048,6,19,2,15,4,19,2,30,19,16,8,1,1,11,7,5,10,46,27,17,6,69,57,7,1,3,1474,0,0,0,4,34.794593112553855,67.85995279307632,67.3913043478261,91,5.5720653789004455,25.0,63.63636363636363,70.37037037037037,6.333333333333333,2,1,21,79.84803256445048
S43G01N214,2023-2024,20240229,400,away,35,16,2,12,6,18,2,22,13,13,2,1,1,21,18,0,0,35,15,13,8,50,56,1,0,10,1497,0,0,0,10,-36.00539134905071,56.509945750452076,45.714285714285715,56,18.436578171091444,28.571428571428573,85.71428571428571,106.66666666666667,1.6,2,1,0,79.42284569138278,6,19,2,15,4,19,2,31,20,16,8,1,1,11,7,5,10,47,28,17,6,71,58,7,1,3,1497,0,0,0,4,36.00539134905071,68.47993827160494,68.08510638297872,93,5.470459518599562,25.0,63.63636363636363,67.85714285714286,6.333333333333333,2,1,21,79.42284569138278
S43G01N214,2023-2024,20240229,401,away,35,16,2,12,6,18,2,22,13,13,2,1,1,21,18,0,0,35,15,13,8,50,56,1,0,10,1497,0,0,0,10,-36.00539134905071,56.509945750452076,45.714285714285715,56,18.436578171091444,28.571428571428573,85.71428571428571,106.66666666666667,1.6,2,1,0,79.42284569138278,6,20,2,15,4,19,2,31,20,16,8,1,1,11,7,5,10,47,28,17,6,71,58,7,1,3,1497,0,0,0,4,36.00539134905071,68.47993827160494,68.08510638297872,94,5.470459518599562,25.0,63.63636363636363,71.42857142857143,6.666666666666667,2,1,21,79.42284569138278
S43G01N214,2023-2024,20240229,402,away,35,16,2,12,6,18,2,22,13,14,2,1,1,21,18,0,0,36,15,13,8,50,57,1,0,10,1511,0,0,0,10,-38.11035529186036,55.260831122900086,44.44444444444444,55,18.102824040550324,28.571428571428573,85.71428571428571,106.66666666666667,1.6,2,1,0,79.48113831899406,6,20,2,15,4,19,2,31,20,16,8,1,1,11,7,5,10,47,28,17,6,71,58,7,1,3,1511,0,0,0,4,38.11035529186036,68.47993827160494,68.08510638297872,94,5.470459518599562,25.0,63.63636363636363,71.42857142857143,6.666666666666667,2,1,21,79.48113831899406
S43G01N214,2023-2024,20240229,403,away,35,16,2,12,7,19,2,22,13,14,2,1,1,21,18,0,0,36,15,13,8,50,57,1,0,10,1512,0,0,0,10,-36.00539134905071,55.260831122900086,44.44444444444444,56,18.102824040550324,31.818181818181817,85.71428571428571,106.66666666666667,1.6,2,1,0,78.63492063492065,6,20,2,15,4,19,2,31,20,16,8,1,1,11,7,5,10,47,28,17,6,71,58,7,1,3,1512,0,0,0,4,36.00539134905071,68.47993827160494,68.08510638297872,94,5.470459518599562,25.0,63.63636363636363,71.42857142857143,6.666666666666667,2,1,21,78.63492063492065
S43G01N214,2023-2024,20240229,404,away,35,16,2,12,7,19,2,23,14,14,2,1,1,21,18,0,0,37,16,13,8,52,58,1,0,10,1514,0,0,0,10,-34.04861686781487,56.22837370242214,45.945945945945944,58,17.780938833570413,31.818181818181817,85.71428571428571,100.0,1.6,2,1,0,79.32364597093792,6,20,2,15,4,19,2,31,20,16,8,1,1,11,7,5,10,47,28,17,6,71,58,7,1,3,1514,0,0,0,4,34.04861686781487,68.47993827160494,68.08510638297872,94,5.470459518599562,25.0,63.63636363636363,71.42857142857143,6.666666666666667,2,1,21,79.32364597093792
S43G01N214,2023-2024,20240229,405,away,35,16,2,12,7,19,2,23,14,14,2,1,1,21,18,0,0,37,16,13,8,52,58,1,0,10,1528,0,0,0,10,-31.354677518027103,56.22837370242214,45.945945945945944,58,17.780938833570413,31.818181818181817,85.71428571428571,100.0,1.6,2,1,0,79.38219895287959,6,20,2,15,4,19,2,32,20,16,8,1,1,11,7,5,10,48,28,17,6,71,59,7,1,3,1528,0,0,0,4,31.354677518027103,67.18395155185465,66.66666666666667,93,5.3724928366762175,25.0,63.63636363636363,71.42857142857143,6.666666666666667,2,1,21,79.38219895287959
S43G01N214,2023-2024,20240229,406,away,35,16,2,12,7,19,2,23,14,14,2,1,1,21,18,0,0,37,16,13,8,52,58,1,0,10,1529,0,0,0,10,-34.04861686781487,56.22837370242214,45.945945945945944,58,17.780938833570413,31.818181818181817,85.71428571428571,100.0,1.6,2,1,0,78.54545454545456,6,20,2,15,5,20,2,32,20,16,8,1,1,11,7,5,10,48,28,17,6,71,59,7,1,3,1529,0,0,0,4,34.04861686781487,67.18395155185465,66.66666666666667,94,5.3724928366762175,29.41176470588235,63.63636363636363,71.42857142857143,6.666666666666667,2,1,21,78.54545454545456
S43G01N214,2023-2024,20240229,407,away,35,16,2,12,7,19,2,23,14,14,2,1,1,21,18,0,0,37,16,14,9,52,58,1,0,10,1529,0,0,0,10,-34.04861686781487,56.22837370242214,45.945945945945944,58,17.780938833570413,31.818181818181817,85.71428571428571,100.0,1.6,2,1,0,78.54545454545456,6,20,2,15,5,20,2,32,20,16,8,1,1,11,7,5,10,48,28,17,6,71,59,7,1,3,1529,0,0,0,4,34.04861686781487,67.18395155185465,66.66666666666667,94,5.3724928366762175,29.41176470588235,63.63636363636363,71.42857142857143,6.666666666666667,2,1,21,78.54545454545456
S43G01N214,2023-2024,20240229,408,away,35,16,2,12,7,19,2,23,14,14,2,1,1,21,18,0,0,37,16,14,9,52,58,1,0,10,1529,0,0,0,10,-34.04861686781487,56.22837370242214,45.945945945945944,58,17.780938833570413,31.818181818181817,85.71428571428571,100.0,1.6,2,1,0,78.54545454545456,6,20,2,15,5,20,2,32,20,16,8,1,1,11,7,5,10,48,28,17,6,71,59,7,1,3,1529,0,0,0,4,34.04861686781487,67.18395155185465,66.66666666666667,94,5.3724928366762175,29.41176470588235,63.63636363636363,71.42857142857143,6.666666666666667,2,1,21,78.54545454545456
S43G01N214,2023-2024,20240229,409,away,35,16,2,12,7,19,2,23,14,14,2,1,1,21,18,0,0,37,16,14,9,52,58,1,0,10,1529,0,0,0,10,-34.04861686781487,56.22837370242214,45.945945945945944,58,17.780938833570413,31.818181818181817,85.71428571428571,100.0,1.6,2,1,0,78.54545454545456,6,20,2,15,5,20,2,32,20,16,8,1,1,11,7,5,10,48,28,17,6,71,59,7,1,3,1529,0,0,0,4,34.04861686781487,67.18395155185465,66.66666666666667,94,5.3724928366762175,29.41176470588235,63.63636363636363,71.42857142857143,6.666666666666667,2,1,21,78.54545454545456
S43G01N214,2023-2024,20240229,410,away,35,16,2,12,7,19,2,23,14,14,2,1,1,21,18,0,0,37,16,14,9,52,58,1,0,10,1529,0,0,0,10,-34.04861686781487,56.22837370242214,45.945945945945944,58,17.780938833570413,31.818181818181817,85.71428571428571,100.0,1.6,2,1,0,78.54545454545456,6,20,2,15,5,20,2,32,20,16,8,1,1,11,7,5,10,48,28,17,6,71,59,7,1,3,1529,0,0,0,4,34.04861686781487,67.18395155185465,66.66666666666667,94,5.3724928366762175,29.41176470588235,63.63636363636363,71.42857142857143,6.666666666666667,2,1,21,78.54545454545456
S43G01N214,2023-2024,20240229,411,away,35,16,2,12,7,19,2,23,14,14,2,1,1,21,18,0,0,37,16,14,9,52,58,1,0,10,1529,0,0,0,10,-34.04861686781487,56.22837370242214,45.945945945945944,58,17.780938833570413,31.818181818181817,85.71428571428571,100.0,1.6,2,1,0,78.54545454545456,6,20,2,15,5,20,2,32,20,16,8,1,1,11,7,5,10,48,28,17,6,71,59,7,1,3,1529,0,0,0,4,34.04861686781487,67.18395155185465,66.66666666666667,94,5.3724928366762175,29.41176470588235,63.63636363636363,71.42857142857143,6.666666666666667,2,1,21,78.54545454545456
S43G01N214,2023-2024,20240229,412,away,35,16,2,12,7,19,2,23,14,14,2,1,1,21,18,0,0,37,16,14,9,52,58,1,0,10,1529,0,0,0,10,-34.04861686781487,56.22837370242214,45.945945945945944,58,17.780938833570413,31.818181818181817,85.71428571428571,100.0,1.6,2,1,0,78.54545454545456,6,20,2,15,5,20,2,32,20,16,8,1,1,11,7,5,10,48,28,17,6,71,59,7,1,3,1529,0,0,0,4,34.04861686781487,67.18395155185465,66.66666666666667,94,5.3724928366762175,29.41176470588235,63.63636363636363,71.42857142857143,6.666666666666667,2,1,21,78.54545454545456
S43G01N214,2023-2024,20240229,413,away,35,16,2,12,7,19,2,23,14,14,2,1,1,21,18,0,0,37,16,14,9,52,58,1,0,10,1529,0,0,0,10,-34.04861686781487,56.22837370242214,45.945945945945944,58,17.780938833570413,31.818181818181817,85.71428571428571,100.0,1.6,2,1,0,78.54545454545456,6,20,2,15,5,20,2,32,20,16,8,1,1,11,7,5,10,48,28,17,6,71,59,7,1,3,1529,0,0,0,4,34.04861686781487,67.18395155185465,66.66666666666667,94,5.3724928366762175,29.41176470588235,63.63636363636363,71.42857142857143,6.666666666666667,2,1,21,78.54545454545456
S43G01N214,2023-2024,20240229,414,away,35,16,2,12,7,19,2,23,14,14,2,1,1,21,18,0,0,37,16,14,9,52,58,1,0,10,1529,0,0,0,10,-34.04861686781487,56.22837370242214,45.945945945945944,58,17.780938833570413,31.818181818181817,85.71428571428571,100.0,1.6,2,1,0,78.54545454545456,6,20,2,15,5,20,2,32,20,16,8,1,1,11,7,5,10,48,28,17,6,71,59,7,1,3,1529,0,0,0,4,34.04861686781487,67.18395155185465,66.66666666666667,94,5.3724928366762175,29.41176470588235,63.63636363636363,71.42857142857143,6.666666666666667,2,1,21,78.54545454545456
S43G01N214,2023-2024,20240229,415,away,35,16,2,12,7,19,2,23,14,14,2,1,1,21,18,0,0,37,16,14,9,52,58,1,0,10,1529,0,0,0,10,-34.04861686781487,56.22837370242214,45.945945945945944,58,17.780938833570413,31.818181818181817,85.71428571428571,100.0,1.6,2,1,0,78.54545454545456,6,20,2,15,5,20,2,32,20,16,8,1,1,11,7,5,10,48,28,17,6,71,59,7,1,3,1529,0,0,0,4,34.04861686781487,67.18395155185465,66.66666666666667,94,5.3724928366762175,29.41176470588235,63.63636363636363,71.42857142857143,6.666666666666667,2,1,21,78.54545454545456
S43G01N214,2023-2024,20240229,416,away,35,16,2,12,7,19,2,23,14,14,2,1,1,21,18,0,0,37,16,14,9,52,58,1,0,10,1529,0,0,0,10,-34.04861686781487,56.22837370242214,45.945945945945944,58,17.780938833570413,31.818181818181817,85.71428571428571,100.0,1.6,2,1,0,78.54545454545456,6,20,2,15,5,20,2,32,20,16,8,1,1,11,7,5,10,48,28,17,6,71,59,7,1,3,1529,0,0,0,4,34.04861686781487,67.18395155185465,66.66666666666667,94,5.3724928366762175,29.41176470588235,63.63636363636363,71.42857142857143,6.666666666666667,2,1,21,78.54545454545456
S43G01N214,2023-2024,20240229,417,away,35,16,2,12,7,19,2,23,14,14,2,1,1,21,18,0,0,37,16,14,9,52,58,1,0,10,1539,0,0,0,10,-31.354677518027103,56.22837370242214,45.945945945945944,58,17.780938833570413,31.818181818181817,85.71428571428571,100.0,1.6,2,1,0,78.81481481481482,6,20,2,15,5,20,2,33,20,16,8,1,1,11,7,5,10,49,28,17,6,71,60,7,1,3,1539,0,0,0,4,31.354677518027103,65.93610698365526,65.3061224489796,93,5.277973258268824,29.41176470588235,63.63636363636363,71.42857142857143,6.666666666666667,2,1,21,78.81481481481482
S43G01N214,2023-2024,20240229,418,away,35,16,2,13,7,20,2,23,14,14,2,1,1,21,18,0,0,37,16,14,9,52,58,1,0,10,1541,0,0,0,10,-31.354677518027103,56.22837370242214,45.945945945945944,59,17.780938833570413,31.818181818181817,85.71428571428571,100.0,1.6,2,1,0,78.71252433484752,6,20,2,15,5,20,2,33,20,16,8,1,1,11,7,5,10,49,28,17,6,71,60,7,1,3,1541,0,0,0,4,31.354677518027103,65.93610698365526,65.3061224489796,93,5.277973258268824,27.77777777777778,63.63636363636363,71.42857142857143,6.666666666666667,2,1,21,78.71252433484752
S43G01N214,2023-2024,20240229,419,away,35,16,2,13,7,20,2,23,14,15,2,1,1,21,18,0,0,38,16,14,9,52,59,1,0,10,1555,0,0,0,10,-33.456691829834085,55.038103302286196,44.73684210526316,58,17.470300489168412,31.818181818181817,85.71428571428571,100.0,1.6,2,1,0,78.77556270096464,6,20,2,15,5,20,2,33,20,16,8,1,1,11,7,5,10,49,28,17,6,71,60,7,1,3,1555,0,0,0,4,33.456691829834085,65.93610698365526,65.3061224489796,93,5.277973258268824,27.77777777777778,63.63636363636363,71.42857142857143,6.666666666666667,2,1,21,78.77556270096464
S43G01N214,2023-2024,20240229,420,away,35,16,2,13,8,21,2,23,14,15,2,1,1,21,18,0,0,38,16,14,9,52,59,1,0,10,1556,0,0,0,10,-31.354677518027103,55.038103302286196,44.73684210526316,59,17.470300489168412,34.78260869565217,85.71428571428571,100.0,1.6,2,1,0,77.95372750642674,6,20,2,15,5,20,2,33,20,16,8,1,1,11,7,5,10,49,28,17,6,71,60,7,1,3,1556,0,0,0,4,31.354677518027103,65.93610698365526,65.3061224489796,93,5.277973258268824,27.77777777777778,63.63636363636363,71.42857142857143,6.666666666666667,2,1,21,77.95372750642674
S43G01N214,2023-2024,20240229,421,away,35,16,2,13,8,21,2,23,14,15,2,1,1,21,18,0,0,38,16,14,9,52,59,1,0,10,1556,0,0,0,10,-31.354677518027103,55.038103302286196,44.73684210526316,59,17.470300489168412,34.78260869565217,85.71428571428571,100.0,1.6,2,1,0,77.95372750642674,6,20,2,15,5,20,2,33,20,16,8,1,1,11,7,5,10,49,28,18,6,71,60,7,1,3,1556,0,0,0,4,31.354677518027103,65.93610698365526,65.3061224489796,93,5.277973258268824,27.77777777777778,63.63636363636363,71.42857142857143,6.666666666666667,2,1,21,77.95372750642674
S43G01N214,2023-2024,20240229,422,away,35,16,2,13,8,21,2,23,14,15,2,1,1,21,18,0,0,38,16,14,9,52,59,1,0,10,1556,0,0,0,10,-31.354677518027103,55.038103302286196,44.73684210526316,59,17.470300489168412,34.78260869565217,85.71428571428571,100.0,1.6,2,1,0,77.95372750642674,6,20,2,15,5,20,2,33,20,16,8,1,1,11,7,5,10,49,28,18,6,71,60,7,1,3,1556,0,0,0,4,31.354677518027103,65.93610698365526,65.3061224489796,93,5.277973258268824,27.77777777777778,63.63636363636363,71.42857142857143,6.666666666666667,2,1,21,77.95372750642674
S43G01N214,2023-2024,20240229,423,away,35,16,2,13,8,21,2,23,14,15,2,1,1,22,18,0,0,38,16,14,9,52,60,1,0,10,1556,0,0,0,10,-32.28998926462694,54.53020134228188,44.73684210526316,58,17.337031900138697,34.78260869565217,81.81818181818181,100.0,1.6,2,1,0,78.29305912596402,6,20,2,15,5,20,2,33,20,16,8,1,1,11,7,5,10,49,28,18,6,71,60,7,1,3,1556,0,0,0,4,32.28998926462694,65.93610698365526,65.3061224489796,93,5.277973258268824,27.77777777777778,63.63636363636363,71.42857142857143,6.666666666666667,2,1,21,78.29305912596402
S43G01N214,2023-2024,20240229,424,away,35,16,2,13,8,21,2,23,14,15,2,1,1,23,18,0,0,38,16,14,9,52,61,1,0,10,1556,0,0,0,10,-33.20887893746365,54.03158769742311,44.73684210526316,57,17.20578114246387,34.78260869565217,78.26086956521739,100.0,1.6,2,1,0,78.63239074550128,6,20,2,15,5,20,2,33,20,16,8,1,1,11,7,5,10,49,28,18,6,71,60,7,1,3,1556,0,0,0,4,33.20887893746365,65.93610698365526,65.3061224489796,93,5.277973258268824,27.77777777777778,63.63636363636363,71.42857142857143,6.666666666666667,2,1,21,78.63239074550128
S43G01N214,2023-2024,20240229,425,away,35,16,2,13,9,22,2,23,14,15,2,1,1,23,18,0,0,38,16,14,9,52,61,1,0,10,1558,0,0,0,10,-31.096684360799443,54.03158769742311,44.73684210526316,58,17.20578114246387,37.5,78.26086956521739,100.0,1.6,2,1,0,77.7612323491656,6,20,2,15,5,20,2,33,20,16,8,1,1,11,7,5,10,49,28,18,6,71,60,7,1,3,1558,0,0,0,4,31.096684360799443,65.93610698365526,65.3061224489796,93,5.277973258268824,27.77777777777778,63.63636363636363,71.42857142857143,6.666666666666667,2,1,21,77.7612323491656
S43G01N214,2023-2024,20240229,426,away,35,16,2,13,9,22,2,23,14,16,3,1,1,23,18,0,0,39,17,14,9,55,62,1,0,10,1562,0,0,0,10,-27.223244460209074,55.98534201954398,47.43589743589744,61,16.914749661705006,37.5,78.26086956521739,94.11764705882354,1.6,5,1,0,78.33034571062741,6,20,2,15,5,20,2,33,20,16,8,1,1,11,7,5,10,49,28,18,6,71,60,7,1,3,1562,0,0,0,4,27.223244460209074,65.93610698365526,65.3061224489796,93,5.277973258268824,27.77777777777778,63.63636363636363,71.42857142857143,6.666666666666667,5,1,21,78.33034571062741
S43G01N214,2023-2024,20240229,427,away,35,16,2,13,9,22,2,23,14,16,3,1,1,23,18,0,0,39,17,14,9,55,62,1,0,10,1562,0,0,0,10,-27.223244460209074,55.98534201954398,47.43589743589744,61,16.914749661705006,37.5,78.26086956521739,94.11764705882354,1.6,5,1,0,78.33034571062741,6,20,2,15,5,20,2,33,20,16,8,1,1,11,7,5,10,49,28,18,6,71,60,7,1,3,1562,0,0,0,4,27.223244460209074,65.93610698365526,65.3061224489796,93,5.277973258268824,27.77777777777778,63.63636363636363,71.42857142857143,6.666666666666667,5,1,21,78.33034571062741
S43G01N214,2023-2024,20240229,428,away,35,16,2,13,9,22,2,23,14,16,3,1,1,23,18,0,0,39,17,14,9,55,62,1,0,10,1562,0,0,0,10,-27.223244460209074,55.98534201954398,47.43589743589744,61,16.914749661705006,37.5,78.26086956521739,94.11764705882354,1.6,5,1,0,78.33034571062741,6,20,2,15,5,20,2,33,20,16,8,1,1,11,7,5,10,49,28,18,6,71,60,7,1,3,1562,0,0,0,4,27.223244460209074,65.93610698365526,65.3061224489796,93,5.277973258268824,27.77777777777778,63.63636363636363,71.42857142857143,6.666666666666667,5,1,21,78.33034571062741
S43G01N214,2023-2024,20240229,429,away,35,16,2,13,9,22,2,23,14,16,3,1,1,23,18,0,0,39,17,14,9,55,62,1,0,10,1562,0,0,0,10,-27.223244460209074,55.98534201954398,47.43589743589744,61,16.914749661705006,37.5,78.26086956521739,94.11764705882354,1.6,5,1,0,78.33034571062741,6,20,2,15,5,20,2,33,20,16,8,1,1,11,7,5,10,49,28,18,6,71,60,7,1,3,1562,0,0,0,4,27.223244460209074,65.93610698365526,65.3061224489796,93,5.277973258268824,27.77777777777778,63.63636363636363,71.42857142857143,6.666666666666667,5,1,21,78.33034571062741
S43G01N214,2023-2024,20240229,430,away,35,16,2,13,9,22,2,23,14,16,3,1,1,23,18,0,0,39,17,14,9,55,62,1,0,10,1562,0,0,0,10,-27.223244460209074,55.98534201954398,47.43589743589744,61,16.914749661705006,37.5,78.26086956521739,94.11764705882354,1.6,5,1,0,78.33034571062741,6,20,2,15,5,20,2,33,20,16,8,1,1,11,7,5,10,49,28,18,6,71,60,7,1,3,1562,0,0,0,4,27.223244460209074,65.93610698365526,65.3061224489796,93,5.277973258268824,27.77777777777778,63.63636363636363,71.42857142857143,6.666666666666667,5,1,21,78.33034571062741
S43G01N214,2023-2024,20240229,431,away,35,16,2,13,9,22,2,23,14,16,3,1,1,23,18,0,0,39,17,14,9,55,62,1,0,10,1562,0,0,0,10,-27.223244460209074,55.98534201954398,47.43589743589744,61,16.914749661705006,37.5,78.26086956521739,94.11764705882354,1.6,5,1,0,78.33034571062741,6,20,2,15,5,20,2,33,20,16,8,1,1,11,7,5,10,49,28,18,6,71,60,7,1,3,1562,0,0,0,4,27.223244460209074,65.93610698365526,65.3061224489796,93,5.277973258268824,27.77777777777778,63.63636363636363,71.42857142857143,6.666666666666667,5,1,21,78.33034571062741
S43G01N214,2023-2024,20240229,432,away,35,16,2,13,9,22,2,23,14,16,3,1,1,23,18,0,0,39,17,14,9,55,62,1,0,10,1562,0,0,0,10,-27.223244460209074,55.98534201954398,47.43589743589744,61,16.914749661705006,37.5,78.26086956521739,94.11764705882354,1.6,5,1,0,78.33034571062741,6,20,2,15,5,20,2,33,20,16,8,1,1,11,7,5,10,49,28,18,6,71,60,7,1,3,1562,0,0,0,4,27.223244460209074,65.93610698365526,65.3061224489796,93,5.277973258268824,27.77777777777778,63.63636363636363,71.42857142857143,6.666666666666667,5,1,21,78.33034571062741
S43G01N214,2023-2024,20240229,433,away,35,16,2,13,9,22,2,23,14,16,3,1,1,23,18,0,0,39,17,14,9,55,62,1,0,10,1562,0,0,0,10,-27.223244460209074,55.98534201954398,47.43589743589744,61,16.914749661705006,37.5,78.26086956521739,94.11764705882354,1.6,5,1,0,78.33034571062741,6,20,2,15,5,20,2,33,20,16,8,1,1,11,7,5,10,49,28,18,6,71,60,7,1,3,1562,0,0,0,4,27.223244460209074,65.93610698365526,65.3061224489796,93,5.277973258268824,27.77777777777778,63.63636363636363,71.42857142857143,6.666666666666667,5,1,21,78.33034571062741
S43G01N214,2023-2024,20240229,434,away,35,16,2,13,9,22,2,23,14,16,3,1,1,23,18,0,0,39,17,14,9,55,62,1,0,10,1585,0,0,0,10,-24.631271020708496,55.98534201954398,47.43589743589744,61,16.914749661705006,37.5,78.26086956521739,94.11764705882354,1.6,5,1,0,77.95078864353313,6,20,2,15,5,20,2,34,20,16,8,1,1,11,7,5,10,50,28,18,6,71,61,7,1,3,1585,0,0,0,4,24.631271020708496,64.73377097009482,64.0,92,5.186721991701244,27.77777777777778,63.63636363636363,71.42857142857143,6.666666666666667,5,1,21,77.95078864353313
S43G01N214,2023-2024,20240229,435,away,35,16,2,13,9,22,2,23,14,16,3,1,1,23,18,0,0,39,17,14,9,55,62,1,0,10,1586,0,0,0,10,-27.223244460209074,55.98534201954398,47.43589743589744,61,16.914749661705006,37.5,78.26086956521739,94.11764705882354,1.6,5,1,0,77.14501891551073,6,20,2,15,6,21,2,34,20,16,8,1,1,11,7,5,10,50,28,18,6,71,61,7,1,3,1586,0,0,0,4,27.223244460209074,64.73377097009482,64.0,93,5.186721991701244,31.57894736842105,63.63636363636363,71.42857142857143,6.666666666666667,5,1,21,77.14501891551073
S43G01N214,2023-2024,20240229,436,away,35,16,2,13,9,22,2,23,14,16,3,1,1,23,18,0,0,39,17,14,9,55,62,1,0,10,1588,0,0,0,10,-28.41628237574257,55.98534201954398,47.43589743589744,61,16.914749661705006,37.5,78.26086956521739,94.11764705882354,1.6,2,1,0,77.80352644836273,6,20,2,15,6,21,2,35,21,16,8,1,1,11,7,5,10,51,29,18,6,73,62,7,1,3,1588,0,0,0,4,28.41628237574257,65.36532951289398,64.70588235294117,95,5.098572399728075,31.57894736842105,63.63636363636363,68.96551724137932,6.666666666666667,2,1,21,77.80352644836273
S43G01N214,2023-2024,20240229,437,away,35,16,2,13,9,22,2,23,14,17,4,1,1,23,18,0,0,40,18,14,9,58,63,1,0,10,1612,0,0,0,10,-24.69438550725667,57.861133280127696,50.0,64,16.633399866932802,37.5,78.26086956521739,88.88888888888889,1.6,3,1,0,77.38957816377172,6,20,2,15,6,21,2,35,21,16,8,1,1,11,7,5,10,51,29,18,6,73,62,7,1,3,1612,0,0,0,4,24.69438550725667,65.36532951289398,64.70588235294117,95,5.098572399728075,31.57894736842105,63.63636363636363,68.96551724137932,6.666666666666667,3,1,21,77.38957816377172
S43G01N214,2023-2024,20240229,438,away,35,17,2,13,9,22,2,23,14,17,4,1,1,23,18,0,0,40,18,14,9,58,63,1,0,10,1612,0,0,0,10,-24.69438550725667,57.861133280127696,50.0,65,16.633399866932802,37.5,78.26086956521739,94.44444444444444,1.7,3,1,0,77.38957816377172,6,20,2,15,6,21,2,35,21,16,8,1,1,11,7,5,10,51,29,18,6,73,62,7,1,3,1612,0,0,0,4,24.69438550725667,65.36532951289398,64.70588235294117,95,5.098572399728075,31.57894736842105,63.63636363636363,68.96551724137932,6.666666666666667,3,1,21,77.38957816377172
S43G01N214,2023-2024,20240229,439,away,35,17,2,13,9,22,2,23,14,17,4,1,1,23,18,0,0,40,18,14,9,58,63,1,0,10,1622,0,0,0,10,-22.12839526842413,57.861133280127696,50.0,65,16.633399866932802,37.5,78.26086956521739,94.44444444444444,1.7,3,1,0,77.65228113440197,6,20,2,15,6,21,2,35,21,16,8,1,1,11,7,5,10,51,29,18,6,73,62,7,1,4,1622,0,0,0,5,22.12839526842413,65.36532951289398,64.70588235294117,94,6.684491978609625,31.57894736842105,63.63636363636363,68.96551724137932,5.0,3,1,21,77.65228113440197
S43G01N214,2023-2024,20240229,440,away,35,17,2,13,9,22,2,23,14,17,4,1,1,23,18,0,0,40,18,14,9,58,63,1,0,10,1622,0,0,0,10,-22.12839526842413,57.861133280127696,50.0,65,16.633399866932802,37.5,78.26086956521739,94.44444444444444,1.7,3,1,0,77.65228113440197,6,20,2,15,6,21,2,35,21,16,8,1,1,11,7,5,10,51,29,18,6,73,62,7,1,4,1622,0,0,0,5,22.12839526842413,65.36532951289398,64.70588235294117,94,6.684491978609625,31.57894736842105,63.63636363636363,68.96551724137932,5.0,3,1,21,77.65228113440197
S43G01N214,2023-2024,20240229,441,away,35,17,2,13,9,22,2,23,14,17,4,1,1,23,18,0,0,40,18,14,9,58,63,1,0,10,1622,0,0,0,10,-22.12839526842413,57.861133280127696,50.0,65,16.633399866932802,37.5,78.26086956521739,94.44444444444444,1.7,3,1,0,77.65228113440197,6,20,2,15,6,21,2,35,21,16,8,1,1,11,7,5,10,51,29,18,6,73,62,7,1,4,1622,0,0,0,5,22.12839526842413,65.36532951289398,64.70588235294117,94,6.684491978609625,31.57894736842105,63.63636363636363,68.96551724137932,5.0,3,1,21,77.65228113440197
S43G01N214,2023-2024,20240229,442,away,35,17,2,13,9,22,2,23,14,17,4,1,1,23,18,0,0,40,18,14,9,58,63,1,0,10,1633,0,0,0,10,-22.12839526842413,57.861133280127696,50.0,65,16.633399866932802,37.5,78.26086956521739,94.44444444444444,1.7,3,1,0,77.12921004286589,6,20,2,15,6,21,2,35,21,16,8,1,1,11,7,5,10,51,29,19,6,73,62,7,1,4,1633,0,0,0,5,22.12839526842413,65.36532951289398,64.70588235294117,94,6.684491978609625,31.57894736842105,63.63636363636363,68.96551724137932,5.0,3,1,21,77.12921004286589
S43G01N214,2023-2024,20240229,443,away,35,17,2,13,9,22,2,23,14,17,4,1,1,23,18,0,0,40,18,14,9,58,63,1,0,10,1633,0,0,0,10,-22.12839526842413,57.861133280127696,50.0,65,16.633399866932802,37.5,78.26086956521739,94.44444444444444,1.7,3,1,0,77.12921004286589,6,20,2,15,6,21,2,35,21,16,8,1,1,11,7,5,10,51,29,19,6,73,62,7,1,4,1633,0,0,0,5,22.12839526842413,65.36532951289398,64.70588235294117,94,6.684491978609625,31.57894736842105,63.63636363636363,68.96551724137932,5.0,3,1,21,77.12921004286589
S43G01N214,2023-2024,20240229,444,away,35,17,2,13,9,22,2,23,14,17,4,1,1,24,19,0,0,40,18,14,9,59,64,1,0,10,1633,0,0,0,10,-21.15713368461215,58.34651898734177,50.0,66,16.512549537648614,37.5,79.16666666666667,94.44444444444444,1.7,4,1,0,77.45254133496633,6,20,2,15,6,21,2,35,21,16,8,1,1,11,7,5,10,51,29,19,6,73,62,7,1,4,1633,0,0,0,5,21.15713368461215,65.36532951289398,64.70588235294117,94,6.684491978609625,31.57894736842105,63.63636363636363,68.96551724137932,5.0,4,1,21,77.45254133496633
S43G01N214,2023-2024,20240229,445,away,35,17,2,13,9,22,2,23,14,17,4,1,1,25,20,0,0,40,18,14,9,60,65,1,0,10,1633,0,0,0,10,-20.20230883529544,58.8235294117647,50.0,67,16.39344262295082,37.5,80.0,94.44444444444444,1.7,5,1,0,77.77587262706675,6,20,2,15,6,21,2,35,21,16,8,1,1,11,7,5,10,51,29,19,6,73,62,7,1,4,1633,0,0,0,5,20.20230883529544,65.36532951289398,64.70588235294117,94,6.684491978609625,31.57894736842105,63.63636363636363,68.96551724137932,5.0,5,1,21,77.77587262706675
S43G01N214,2023-2024,20240229,446,away,35,17,2,13,9,22,2,23,14,17,4,1,1,25,20,0,0,40,18,14,9,60,65,1,0,10,1633,0,0,0,10,-20.20230883529544,58.8235294117647,50.0,67,16.39344262295082,37.5,80.0,94.44444444444444,1.7,5,1,0,77.77587262706675,6,20,2,15,6,21,2,35,21,16,8,1,1,11,7,5,10,51,29,19,6,73,62,7,1,4,1633,0,0,0,5,20.20230883529544,65.36532951289398,64.70588235294117,94,6.684491978609625,31.57894736842105,63.63636363636363,68.96551724137932,5.0,5,1,21,77.77587262706675
S43G01N214,2023-2024,20240229,447,away,35,17,2,13,9,22,2,23,14,17,4,1,1,25,20,0,0,40,18,14,9,60,65,1,0,10,1633,0,0,0,10,-20.20230883529544,58.8235294117647,50.0,67,16.39344262295082,37.5,80.0,94.44444444444444,1.7,5,1,0,77.77587262706675,6,20,2,15,6,21,2,35,21,16,8,1,1,11,7,5,10,51,29,19,6,73,62,7,1,4,1633,0,0,0,5,20.20230883529544,65.36532951289398,64.70588235294117,94,6.684491978609625,31.57894736842105,63.63636363636363,68.96551724137932,5.0,5,1,21,77.77587262706675
S43G01N214,2023-2024,20240229,448,away,35,17,2,13,9,22,2,23,14,17,4,1,1,25,20,0,0,40,18,14,9,60,65,1,0,10,1633,0,0,0,10,-20.20230883529544,58.8235294117647,50.0,67,16.39344262295082,37.5,80.0,94.44444444444444,1.7,5,1,0,77.77587262706675,6,20,2,15,6,21,2,35,21,16,8,1,1,11,7,5,10,51,29,19,6,73,62,7,1,4,1633,0,0,0,5,20.20230883529544,65.36532951289398,64.70588235294117,94,6.684491978609625,31.57894736842105,63.63636363636363,68.96551724137932,5.0,5,1,21,77.77587262706675
S43G01N214,2023-2024,20240229,449,away,35,17,2,13,9,22,2,23,14,17,4,1,1,25,20,0,0,40,18,14,9,60,65,1,0,10,1633,0,0,0,10,-20.20230883529544,58.8235294117647,50.0,67,16.39344262295082,37.5,80.0,94.44444444444444,1.7,5,1,0,77.77587262706675,6,20,2,15,6,21,2,35,21,16,8,1,1,11,7,5,10,51,29,19,6,73,62,7,1,4,1633,0,0,0,5,20.20230883529544,65.36532951289398,64.70588235294117,94,6.684491978609625,31.57894736842105,63.63636363636363,68.96551724137932,5.0,5,1,21,77.77587262706675
S43G01N214,2023-2024,20240229,450,away,35,17,2,13,9,22,2,23,14,17,4,1,1,25,20,0,0,40,18,14,9,60,65,1,0,10,1645,0,0,0,10,-17.729899567973945,58.8235294117647,50.0,67,16.39344262295082,37.5,80.0,94.44444444444444,1.7,5,1,0,77.93799392097264,6,20,2,15,6,21,2,36,21,16,8,1,1,11,7,5,10,52,29,19,6,73,63,7,1,4,1645,0,0,0,5,17.729899567973945,64.21534130893737,63.46153846153846,93,6.574621959237343,31.57894736842105,63.63636363636363,68.96551724137932,5.0,5,1,21,77.93799392097264
S43G01N214,2023-2024,20240229,451,away,35,17,2,14,9,23,2,23,14,17,4,1,1,25,20,0,0,40,18,14,9,60,65,1,0,10,1646,0,0,0,10,-17.729899567973945,58.8235294117647,50.0,68,16.39344262295082,37.5,80.0,94.44444444444444,1.7,5,1,0,77.8906439854192,6,20,2,15,6,21,2,36,21,16,8,1,1,11,7,5,10,52,29,19,6,73,63,7,1,4,1646,0,0,0,5,17.729899567973945,64.21534130893737,63.46153846153846,93,6.574621959237343,30.0,63.63636363636363,68.96551724137932,5.0,5,1,21,77.8906439854192
S43G01N214,2023-2024,20240229,452,away,35,17,2,14,9,23,2,23,14,17,4,1,1,25,20,0,0,40,18,14,9,60,65,1,0,10,1659,0,0,0,10,-17.729899567973945,58.8235294117647,50.0,68,16.39344262295082,37.5,80.0,94.44444444444444,1.7,5,1,0,77.28028933092224,6,20,2,15,6,21,2,36,21,16,8,1,1,11,7,5,10,52,29,20,6,73,63,7,1,4,1659,0,0,0,5,17.729899567973945,64.21534130893737,63.46153846153846,93,6.574621959237343,30.0,63.63636363636363,68.96551724137932,5.0,5,1,21,77.28028933092224
S43G01N214,2023-2024,20240229,453,away,35,17,2,14,9,23,2,23,14,17,4,1,1,26,21,0,0,40,18,14,9,61,66,1,0,10,1659,0,0,0,10,-16.791097713840287,59.29237947122862,50.0,69,16.276041666666668,37.5,80.76923076923077,94.44444444444444,1.7,6,1,0,77.5985533453888,6,20,2,15,6,21,2,36,21,16,8,1,1,11,7,5,10,52,29,20,6,73,63,7,1,4,1659,0,0,0,5,16.791097713840287,64.21534130893737,63.46153846153846,93,6.574621959237343,30.0,63.63636363636363,68.96551724137932,5.0,6,1,21,77.5985533453888
S43G01N214,2023-2024,20240229,454,away,35,17,2,14,9,23,2,23,14,17,4,1,1,27,21,0,0,40,18,14,9,61,67,1,0,10,1659,0,0,0,10,-17.758993016129423,58.789514263685426,50.0,68,16.160310277957336,37.5,77.77777777777777,94.44444444444444,1.7,6,1,0,77.91681735985533,6,20,2,15,6,21,2,36,21,16,8,1,1,11,7,5,10,52,29,20,6,73,63,7,1,4,1659,0,0,0,5,17.758993016129423,64.21534130893737,63.46153846153846,93,6.574621959237343,30.0,63.63636363636363,68.96551724137932,5.0,6,1,21,77.91681735985533
S43G01N214,2023-2024,20240229,455,away,35,17,2,14,9,23,2,23,14,17,4,1,1,27,21,0,0,40,18,14,9,61,67,1,0,10,1661,0,0,0,10,-17.758993016129423,58.789514263685426,50.0,68,16.160310277957336,36.0,77.77777777777777,94.44444444444444,1.7,6,1,0,77.82299819385912,6,20,2,16,6,22,2,36,21,16,8,1,1,11,7,5,10,52,29,20,6,73,63,7,1,4,1661,0,0,0,5,17.758993016129423,64.21534130893737,63.46153846153846,94,6.574621959237343,30.0,63.63636363636363,68.96551724137932,5.0,6,1,21,77.82299819385912
S43G01N214,2023-2024,20240229,456,away,35,17,2,14,9,23,2,23,14,17,4,1,1,27,21,0,0,40,18,15,10,61,67,1,0,10,1670,0,0,0,10,-17.758993016129423,58.789514263685426,50.0,68,16.160310277957336,36.0,77.77777777777777,94.44444444444444,1.7,6,1,0,77.40359281437125,6,20,2,16,6,22,2,36,21,16,8,1,1,11,7,5,10,52,29,20,6,73,63,7,1,4,1670,0,0,0,5,17.758993016129423,64.21534130893737,63.46153846153846,94,6.574621959237343,30.0,63.63636363636363,68.96551724137932,5.0,6,1,21,77.40359281437125
S43G01N214,2023-2024,20240229,457,away,35,17,2,14,9,23,2,23,14,17,4,1,1,27,21,0,0,40,18,15,10,61,67,1,0,10,1670,0,0,0,10,-17.758993016129423,58.789514263685426,50.0,68,16.160310277957336,36.0,77.77777777777777,94.44444444444444,1.7,6,1,0,77.40359281437125,6,20,2,16,6,22,2,36,21,16,8,1,1,11,7,5,10,52,29,20,6,73,63,7,1,4,1670,0,0,0,5,17.758993016129423,64.21534130893737,63.46153846153846,94,6.574621959237343,30.0,63.63636363636363,68.96551724137932,5.0,6,1,21,77.40359281437125
S43G01N214,2023-2024,20240229,458,away,35,17,2,14,9,23,2,23,14,17,4,1,1,27,21,0,0,40,18,15,10,61,67,1,0,10,1682,0,0,0,10,-18.956798980445527,58.789514263685426,50.0,68,16.160310277957336,36.0,77.77777777777777,94.44444444444444,1.7,2,1,0,77.56480380499406,6,20,2,16,6,22,2,37,22,16,8,1,1,11,7,5,10,53,30,20,6,75,64,7,1,4,1682,0,0,0,5,18.956798980445527,64.83402489626556,64.15094339622641,96,6.468305304010349,30.0,63.63636363636363,66.66666666666667,5.0,2,1,21,77.56480380499406
S43G01N214,2023-2024,20240229,459,away,35,17,2,14,9,23,2,24,15,17,4,1,1,27,21,0,0,41,19,15,10,63,68,1,0,10,1700,0,0,0,10,-17.3858175761482,59.56883509833585,51.21951219512195,70,15.903307888040711,36.0,77.77777777777777,89.47368421052632,1.7,2,1,0,77.44941176470589,6,20,2,16,6,22,2,37,22,16,8,1,1,11,7,5,10,53,30,20,6,75,64,7,1,4,1700,0,0,0,5,17.3858175761482,64.83402489626556,64.15094339622641,96,6.468305304010349,30.0,63.63636363636363,66.66666666666667,5.0,2,1,21,77.44941176470589
S43G01N214,2023-2024,20240229,460,away,35,17,2,14,9,23,2,24,15,17,4,1,1,27,21,0,0,41,19,15,10,63,68,1,0,10,1712,0,0,0,10,-15.022828115963378,59.56883509833585,51.21951219512195,70,15.903307888040711,36.0,77.77777777777777,89.47368421052632,1.7,2,1,0,77.60747663551402,6,20,2,16,6,22,2,37,22,16,8,1,1,11,7,5,10,53,30,20,6,75,64,7,1,5,1712,0,0,0,6,15.022828115963378,64.83402489626556,64.15094339622641,95,7.9567154678548695,30.0,63.63636363636363,66.66666666666667,4.0,2,1,21,77.60747663551402
S43G01N214,2023-2024,20240229,461,away,35,17,2,14,9,23,2,24,15,17,4,1,1,27,21,0,0,41,19,15,10,63,68,2,0,10,1713,0,0,0,10,-15.022828115963378,59.56883509833585,51.21951219512195,71,15.903307888040711,36.0,77.77777777777777,89.47368421052632,1.7,2,1,0,77.56217162872154,6,20,2,16,6,22,2,37,22,16,8,1,1,11,7,5,10,53,30,20,6,75,64,7,1,5,1713,0,0,0,6,15.022828115963378,64.83402489626556,64.15094339622641,95,7.9567154678548695,30.0,63.63636363636363,66.66666666666667,4.0,2,1,21,77.56217162872154
S43G01N214,2023-2024,20240229,462,away,35,17,2,14,9,23,2,25,16,17,4,1,1,27,21,0,0,42,20,15,10,65,69,2,0,10,1720,0,0,0,10,-13.509098220569015,60.3192279138827,52.38095238095238,73,15.654351909830932,36.0,77.77777777777777,85.0,1.7,4,1,0,77.94418604651163,6,20,2,16,6,22,2,37,22,16,8,1,1,11,7,5,10,53,30,20,6,75,64,7,1,5,1720,0,0,0,6,13.509098220569015,64.83402489626556,64.15094339622641,95,7.9567154678548695,30.0,63.63636363636363,66.66666666666667,4.0,4,1,21,77.94418604651163
S43G01N214,2023-2024,20240229,463,away,35,18,2,14,9,23,2,25,16,17,4,1,1,27,21,0,0,42,20,15,10,65,69,2,0,10,1720,0,0,0,10,-13.509098220569015,60.3192279138827,52.38095238095238,74,15.654351909830932,36.0,77.77777777777777,90.0,1.8,4,1,0,77.94418604651163,6,20,2,16,6,22,2,37,22,16,8,1,1,11,7,5,10,53,30,20,6,75,64,7,1,5,1720,0,0,0,6,13.509098220569015,64.83402489626556,64.15094339622641,95,7.9567154678548695,30.0,63.63636363636363,66.66666666666667,4.0,4,1,21,77.94418604651163
S43G01N214,2023-2024,20240229,464,away,35,18,2,14,9,23,2,25,16,17,4,1,1,27,21,0,0,42,20,15,10,65,69,2,0,10,1737,0,0,0,10,-11.227816556379523,60.3192279138827,52.38095238095238,74,15.654351909830932,36.0,77.77777777777777,90.0,1.8,4,1,0,77.87219343696027,6,20,2,16,6,22,2,38,22,16,8,1,1,11,7,5,10,54,30,20,6,75,65,7,1,5,1737,0,0,0,6,11.227816556379523,63.73215499660095,62.96296296296296,94,7.832080200501252,30.0,63.63636363636363,66.66666666666667,4.0,4,1,21,77.87219343696027
S43G01N214,2023-2024,20240229,465,away,35,18,2,14,9,23,2,25,16,17,4,1,1,27,21,0,0,42,20,15,10,65,69,2,0,10,1738,0,0,0,10,-13.509098220569015,60.3192279138827,52.38095238095238,74,15.654351909830932,36.0,77.77777777777777,90.0,1.8,4,1,0,77.13693901035673,6,20,2,16,7,23,2,38,22,16,8,1,1,11,7,5,10,54,30,20,6,75,65,7,1,5,1738,0,0,0,6,13.509098220569015,63.73215499660095,62.96296296296296,95,7.832080200501252,33.333333333333336,63.63636363636363,66.66666666666667,4.0,4,1,21,77.13693901035673
S43G01N214,2023-2024,20240229,466,away,35,18,2,14,9,23,2,25,16,17,4,1,1,27,21,0,0,42,20,15,10,65,69,2,0,10,1738,0,0,0,10,-14.685631217513688,60.3192279138827,52.38095238095238,74,15.654351909830932,36.0,77.77777777777777,90.0,1.8,2,1,0,77.82738780207134,6,20,2,16,7,23,2,39,23,16,8,1,1,11,7,5,10,55,31,20,6,77,66,7,1,5,1738,0,0,0,6,14.685631217513688,64.33823529411764,63.63636363636363,97,7.71128932757557,33.333333333333336,63.63636363636363,64.51612903225806,4.0,2,1,21,77.82738780207134
S43G01N214,2023-2024,20240229,467,away,35,18,2,14,9,23,2,25,16,18,5,1,1,27,21,0,0,43,21,15,10,68,70,2,0,10,1758,0,0,0,10,-11.436530165905793,61.9533527696793,54.651162790697676,77,15.413070283600494,36.0,77.77777777777777,85.71428571428571,1.8,3,1,0,77.6245733788396,6,20,2,16,7,23,2,39,23,16,8,1,1,11,7,5,10,55,31,20,6,77,66,7,1,5,1758,0,0,0,6,11.436530165905793,64.33823529411764,63.63636363636363,97,7.71128932757557,33.333333333333336,63.63636363636363,64.51612903225806,4.0,3,1,21,77.6245733788396
S43G01N214,2023-2024,20240229,468,away,35,19,2,14,9,23,2,25,16,18,5,1,1,27,21,0,0,43,21,15,10,68,70,2,0,10,1758,0,0,0,10,-11.436530165905793,61.9533527696793,54.651162790697676,78,15.413070283600494,36.0,77.77777777777777,90.47619047619048,1.9,3,1,0,77.6245733788396,6,20,2,16,7,23,2,39,23,16,8,1,1,11,7,5,10,55,31,20,6,77,66,7,1,5,1758,0,0,0,6,11.436530165905793,64.33823529411764,63.63636363636363,97,7.71128932757557,33.333333333333336,63.63636363636363,64.51612903225806,4.0,3,1,21,77.6245733788396
S43G01N214,2023-2024,20240229,469,away,35,19,2,14,9,23,2,25,16,18,5,1,1,27,21,0,0,43,21,15,10,68,70,2,0,10,1774,0,0,0,10,-14.272596371655851,61.9533527696793,54.651162790697676,78,15.413070283600494,36.0,77.77777777777777,90.47619047619048,1.9,3,1,0,77.60090191657271,6,20,2,16,7,23,2,39,23,17,9,1,1,11,7,5,10,56,32,20,6,80,67,7,1,5,1774,0,0,0,6,14.272596371655851,65.74621959237344,65.17857142857143,100,7.594167679222357,33.333333333333336,63.63636363636363,62.5,4.0,3,1,21,77.60090191657271
S43G01N214,2023-2024,20240229,470,away,35,19,2,14,9,23,2,25,16,18,5,1,1,27,21,0,0,43,21,15,10,68,70,2,0,10,1774,0,0,0,10,-14.272596371655851,61.9533527696793,54.651162790697676,78,15.413070283600494,36.0,77.77777777777777,90.47619047619048,1.9,3,1,0,77.60090191657271,6,21,2,16,7,23,2,39,23,17,9,1,1,11,7,5,10,56,32,20,6,80,67,7,1,5,1774,0,0,0,6,14.272596371655851,65.74621959237344,65.17857142857143,101,7.594167679222357,33.333333333333336,63.63636363636363,65.625,4.2,3,1,21,77.60090191657271
S43G01N214,2023-2024,20240229,471,away,35,19,2,14,9,23,2,25,16,18,5,1,1,27,21,0,0,43,21,15,10,68,70,2,0,10,1791,0,0,0,10,-14.272596371655851,61.9533527696793,54.651162790697676,78,15.413070283600494,36.0,77.77777777777777,90.47619047619048,1.9,3,1,0,76.8643216080402,6,21,2,16,7,23,2,39,23,17,9,1,1,11,7,5,10,56,32,21,6,80,67,7,1,5,1791,0,0,0,6,14.272596371655851,65.74621959237344,65.17857142857143,101,7.594167679222357,33.333333333333336,63.63636363636363,65.625,4.2,3,1,21,76.8643216080402
S43G01N214,2023-2024,20240229,472,away,35,19,2,14,9,23,2,25,16,18,5,1,1,27,21,0,0,43,21,15,10,68,70,2,0,10,1791,0,0,0,10,-14.272596371655851,61.9533527696793,54.651162790697676,78,15.413070283600494,36.0,77.77777777777777,90.47619047619048,1.9,3,1,0,76.8643216080402,6,21,2,16,7,23,2,39,23,17,9,1,1,11,7,5,10,56,32,21,6,80,67,7,1,5,1791,0,0,0,6,14.272596371655851,65.74621959237344,65.17857142857143,101,7.594167679222357,33.333333333333336,63.63636363636363,65.625,4.2,3,1,21,76.8643216080402
S43G01N214,2023-2024,20240229,473,away,35,19,2,14,9,23,2,25,16,18,5,1,1,27,21,0,0,43,21,15,10,68,70,2,0,10,1791,0,0,0,10,-14.272596371655851,61.9533527696793,54.651162790697676,78,15.413070283600494,36.0,77.77777777777777,90.47619047619048,1.9,3,1,0,76.8643216080402,6,21,2,16,7,23,2,39,23,17,9,1,1,11,7,5,10,56,32,21,6,80,67,7,1,5,1791,0,0,0,6,14.272596371655851,65.74621959237344,65.17857142857143,101,7.594167679222357,33.333333333333336,63.63636363636363,65.625,4.2,3,1,21,76.8643216080402
S43G01N214,2023-2024,20240229,474,away,35,19,2,14,9,23,2,25,16,18,5,1,1,28,21,0,0,43,21,15,10,68,71,2,0,10,1791,0,0,0,10,-15.22329429577897,61.46059291395517,54.651162790697676,77,15.309246785058177,36.0,75.0,90.47619047619048,1.9,3,1,0,77.15912897822446,6,21,2,16,7,23,2,39,23,17,9,1,1,11,7,5,10,56,32,21,6,80,67,7,1,5,1791,0,0,0,6,15.22329429577897,65.74621959237344,65.17857142857143,101,7.594167679222357,33.333333333333336,63.63636363636363,65.625,4.2,3,1,21,77.15912897822446
S43G01N214,2023-2024,20240229,475,away,35,19,2,14,9,23,2,25,16,18,5,1,1,29,22,0,0,43,21,15,10,69,72,2,0,10,1791,0,0,0,10,-14.39744862981702,61.872309899569586,54.651162790697676,78,15.206812652068129,36.0,75.86206896551724,90.47619047619048,1.9,1,1,0,77.45393634840872,6,21,2,16,7,23,2,39,23,17,9,1,1,11,7,5,10,56,32,21,6,80,67,7,1,5,1791,0,0,0,6,14.39744862981702,65.74621959237344,65.17857142857143,101,7.594167679222357,33.333333333333336,63.63636363636363,65.625,4.2,1,1,21,77.45393634840872
S43G01N214,2023-2024,20240229,476,away,35,19,2,14,9,23,2,25,16,18,5,1,1,29,22,0,0,43,21,15,10,69,72,2,0,10,1791,0,0,0,10,-14.39744862981702,61.872309899569586,54.651162790697676,78,15.206812652068129,36.0,75.86206896551724,90.47619047619048,1.9,1,1,0,77.45393634840872,6,21,2,16,7,23,2,39,23,17,9,1,1,11,7,5,10,56,32,21,6,80,67,7,1,5,1791,0,0,0,6,14.39744862981702,65.74621959237344,65.17857142857143,101,7.594167679222357,33.333333333333336,63.63636363636363,65.625,4.2,1,1,21,77.45393634840872
S43G01N214,2023-2024,20240229,477,away,35,19,2,14,9,23,2,25,16,18,5,1,1,29,22,0,0,43,21,15,10,69,72,2,0,10,1791,0,0,0,10,-14.39744862981702,61.872309899569586,54.651162790697676,78,15.206812652068129,36.0,75.86206896551724,90.47619047619048,1.9,1,1,0,77.45393634840872,6,21,2,16,7,23,2,39,23,17,9,1,1,11,7,5,10,56,32,21,6,80,67,7,1,5,1791,0,0,0,6,14.39744862981702,65.74621959237344,65.17857142857143,101,7.594167679222357,33.333333333333336,63.63636363636363,65.625,4.2,1,1,21,77.45393634840872
S43G01N214,2023-2024,20240229,478,away,35,19,2,14,9,23,2,25,16,18,5,1,1,29,22,0,0,43,21,16,10,69,72,2,0,10,1799,0,0,0,10,-14.39744862981702,61.872309899569586,54.651162790697676,78,15.206812652068129,36.0,75.86206896551724,90.47619047619048,1.9,1,1,0,77.1095052807115,6,21,2,16,7,23,2,39,23,17,9,1,1,11,7,5,10,56,32,21,6,80,67,7,1,5,1799,0,0,0,6,14.39744862981702,65.74621959237344,65.17857142857143,101,7.594167679222357,33.333333333333336,63.63636363636363,65.625,4.2,1,1,21,77.1095052807115
S43G01N214,2023-2024,20240229,479,away,35,19,2,14,9,23,2,25,16,18,5,1,1,29,22,0,0,43,21,16,10,69,72,2,0,10,1799,0,0,0,10,-14.39744862981702,61.872309899569586,54.651162790697676,78,15.206812652068129,36.0,75.86206896551724,90.47619047619048,1.9,1,1,0,77.1095052807115,6,21,2,16,7,23,2,39,23,17,9,1,1,11,7,5,10,56,32,21,6,80,67,7,1,5,1799,0,0,0,6,14.39744862981702,65.74621959237344,65.17857142857143,101,7.594167679222357,33.333333333333336,63.63636363636363,65.625,4.2,1,1,21,77.1095052807115
S43G01N214,2023-2024,20240229,480,away,35,19,2,14,9,23,2,25,16,18,5,1,1,29,22,0,0,43,21,16,10,69,72,2,0,10,1799,0,0,0,10,-13.388284502115582,61.872309899569586,54.651162790697676,78,15.206812652068129,36.0,75.86206896551724,90.47619047619048,1.9,1,1,0,77.4030016675931,6,21,2,16,7,23,2,39,23,17,9,1,1,12,7,5,10,56,32,21,6,80,68,7,1,5,1799,0,0,0,6,13.388284502115582,65.27415143603133,65.17857142857143,100,7.543753771876886,33.333333333333336,58.333333333333336,65.625,4.2,1,1,21,77.4030016675931
S43G01N214,2023-2024,20240229,481,away,35,19,2,14,9,23,2,25,16,18,5,1,1,29,22,0,0,43,21,16,10,69,72,2,0,10,1799,0,0,0,10,-14.068471754728549,61.872309899569586,54.651162790697676,78,15.206812652068129,36.0,75.86206896551724,90.47619047619048,1.9,1,1,0,77.6964980544747,6,21,2,16,7,23,2,39,23,17,9,1,1,13,8,5,10,56,32,21,6,81,69,7,1,5,1799,0,0,0,6,14.068471754728549,65.61892417368762,65.17857142857143,101,7.49400479616307,33.333333333333336,61.53846153846154,65.625,4.2,1,1,21,77.6964980544747
S43G01N214,2023-2024,20240229,482,away,35,19,2,14,9,23,2,25,16,19,5,1,1,29,22,0,0,44,21,16,10,69,73,2,0,10,1799,0,0,0,10,-16.173119989313008,60.782241014799155,53.40909090909091,77,14.979029358897545,36.0,75.86206896551724,90.47619047619048,1.9,1,1,0,78.36353529738743,6,21,2,16,7,23,2,39,23,17,9,1,1,13,8,5,10,56,32,21,6,81,69,7,1,5,1799,0,0,0,6,16.173119989313008,65.61892417368762,65.17857142857143,101,7.49400479616307,33.333333333333336,61.53846153846154,65.625,4.2,1,1,21,78.36353529738743
S43G01N214,2023-2024,20240229,483,away,35,19,2,14,9,23,2,25,16,19,5,1,1,29,22,0,0,44,21,16,10,69,73,2,0,10,1799,0,0,0,10,-16.173119989313008,60.782241014799155,53.40909090909091,77,14.979029358897545,36.0,75.86206896551724,90.47619047619048,1.9,1,1,0,78.36353529738743,6,21,2,16,7,23,2,39,23,17,9,1,1,13,8,5,10,56,32,21,6,81,69,7,1,5,1799,0,0,0,6,16.173119989313008,65.61892417368762,65.17857142857143,101,7.49400479616307,33.333333333333336,61.53846153846154,65.625,4.2,1,1,21,78.36353529738743
S43G01N214,2023-2024,20240229,484,away,35,19,2,14,9,23,2,25,16,19,5,1,1,29,22,0,0,44,21,16,10,69,73,2,0,10,1800,0,0,0,10,-16.173119989313008,60.782241014799155,53.40909090909091,77,14.979029358897545,36.0,75.86206896551724,90.47619047619048,1.9,1,1,0,78.32,6,21,2,16,7,23,2,39,23,17,9,1,1,13,8,5,10,56,32,21,6,81,69,7,1,5,1800,0,0,0,6,16.173119989313008,65.61892417368762,65.17857142857143,101,7.49400479616307,33.333333333333336,61.53846153846154,65.625,4.2,1,1,21,78.32
S43G01N214,2023-2024,20240229,485,away,35,19,2,14,9,23,2,25,16,19,5,1,1,29,22,0,0,44,21,16,10,69,73,2,0,10,1800,0,0,0,10,-16.173119989313008,60.782241014799155,53.40909090909091,77,14.979029358897545,36.0,75.86206896551724,90.47619047619048,1.9,1,1,0,78.32,6,21,2,16,7,23,2,39,23,17,9,1,1,13,8,5,10,56,32,21,6,81,69,7,1,5,1800,0,0,0,6,16.173119989313008,65.61892417368762,65.17857142857143,101,7.49400479616307,33.333333333333336,61.53846153846154,65.625,4.2,1,1,21,78.32
S43G01N214,2023-2024,20240229,486,away,35,19,2,14,9,23,2,25,16,19,5,1,1,29,22,0,0,44,21,16,10,69,73,2,0,10,1800,0,0,0,10,-16.173119989313008,60.782241014799155,53.40909090909091,77,14.979029358897545,36.0,75.86206896551724,90.47619047619048,1.9,1,1,0,78.32,6,21,2,16,7,23,2,39,23,17,9,1,1,13,8,5,10,56,32,21,6,81,69,7,1,5,1800,0,0,0,6,16.173119989313008,65.61892417368762,65.17857142857143,101,7.49400479616307,33.333333333333336,61.53846153846154,65.625,4.2,1,1,21,78.32
S43G01N214,2023-2024,20240229,487,away,35,19,2,14,9,23,2,25,16,19,5,1,1,29,22,0,0,44,21,16,10,69,73,2,0,10,1800,0,0,0,10,-16.173119989313008,60.782241014799155,53.40909090909091,77,14.979029358897545,36.0,75.86206896551724,90.47619047619048,1.9,1,1,0,78.32,6,21,2,16,7,23,2,39,23,17,9,1,1,13,8,5,10,56,32,21,6,81,69,7,1,5,1800,0,0,0,6,16.173119989313008,65.61892417368762,65.17857142857143,101,7.49400479616307,33.333333333333336,61.53846153846154,65.625,4.2,1,1,21,78.32
S43G01N214,2023-2024,20240229,488,away,35,19,2,14,9,23,2,25,16,19,5,1,1,29,22,0,0,44,21,16,10,69,73,2,0,10,1800,0,0,0,10,-16.173119989313008,60.782241014799155,53.40909090909091,77,14.979029358897545,36.0,75.86206896551724,90.47619047619048,1.9,1,1,0,78.32,6,21,2,16,7,23,2,39,23,17,9,1,1,13,8,5,10,56,32,21,6,81,69,7,1,5,1800,0,0,0,6,16.173119989313008,65.61892417368762,65.17857142857143,101,7.49400479616307,33.333333333333336,61.53846153846154,65.625,4.2,1,1,21,78.32
S43G01N214,2023-2024,20240229,489,away,35,19,2,14,9,23,2,25,16,19,5,1,1,29,22,0,0,44,21,16,10,69,73,2,0,10,1800,0,0,0,10,-16.173119989313008,60.782241014799155,53.40909090909091,77,14.979029358897545,36.0,75.86206896551724,90.47619047619048,1.9,1,1,0,78.32,6,21,2,16,7,23,2,39,23,17,9,1,1,13,8,5,10,56,32,21,6,81,69,7,1,5,1800,0,0,0,6,16.173119989313008,65.61892417368762,65.17857142857143,101,7.49400479616307,33.333333333333336,61.53846153846154,65.625,4.2,1,1,21,78.32
S43G01N214,2023-2024,20240229,490,away,35,19,2,14,9,23,2,25,16,19,5,1,1,29,22,0,0,44,21,16,10,69,73,2,0,10,1800,0,0,0,10,-16.173119989313008,60.782241014799155,53.40909090909091,77,14.979029358897545,36.0,75.86206896551724,90.47619047619048,1.9,1,1,0,78.32,6,21,2,16,7,23,2,39,23,17,9,1,1,13,8,5,10,56,32,21,6,81,69,7,1,5,1800,0,0,0,6,16.173119989313008,65.61892417368762,65.17857142857143,101,7.49400479616307,33.333333333333336,61.53846153846154,65.625,4.2,1,1,21,78.32
S43G01N214,2023-2024,20240229,491,away,35,19,2,14,9,23,2,25,16,19,5,1,1,29,22,0,0,44,21,16,10,69,73,2,0,10,1800,0,0,0,10,-16.173119989313008,60.782241014799155,53.40909090909091,77,14.979029358897545,36.0,75.86206896551724,90.47619047619048,1.9,1,1,0,78.32,6,21,2,16,7,23,2,39,23,17,9,1,1,13,8,5,10,56,32,21,6,81,69,7,1,5,1800,0,0,0,6,16.173119989313008,65.61892417368762,65.17857142857143,101,7.49400479616307,33.333333333333336,61.53846153846154,65.625,4.2,1,1,21,78.32
S43G01N214,2023-2024,20240229,492,away,35,19,2,14,9,23,2,25,16,19,5,1,1,29,22,0,0,44,21,16,10,69,73,2,0,10,1800,0,0,0,10,-16.173119989313008,60.782241014799155,53.40909090909091,77,14.979029358897545,36.0,75.86206896551724,90.47619047619048,1.9,1,1,0,78.32,6,21,2,16,7,23,2,39,23,17,9,1,1,13,8,5,10,56,32,21,6,81,69,7,1,5,1800,0,0,0,6,16.173119989313008,65.61892417368762,65.17857142857143,101,7.49400479616307,33.333333333333336,61.53846153846154,65.625,4.2,1,1,21,78.32
S43G01N214,2023-2024,20240229,493,away,35,19,2,14,9,23,2,25,16,19,5,1,1,29,22,0,0,44,21,16,10,69,73,2,0,10,1800,0,0,0,10,-16.173119989313008,60.782241014799155,53.40909090909091,77,14.979029358897545,36.0,75.86206896551724,90.47619047619048,1.9,1,1,0,78.32,6,21,2,16,7,23,2,39,23,17,9,1,1,13,8,5,10,56,32,21,6,81,69,7,1,5,1800,0,0,0,6,16.173119989313008,65.61892417368762,65.17857142857143,101,7.49400479616307,33.333333333333336,61.53846153846154,65.625,4.2,1,1,21,78.32
S43G01N214,2023-2024,20240229,494,away,35,19,2,14,9,23,2,25,16,19,5,1,1,29,22,0,0,44,21,16,10,69,73,2,0,10,1800,0,0,0,10,-16.173119989313008,60.782241014799155,53.40909090909091,77,14.979029358897545,36.0,75.86206896551724,90.47619047619048,1.9,1,1,0,78.32,6,21,2,16,7,23,2,39,23,17,9,1,1,13,8,5,10,56,32,21,6,81,69,7,1,5,1800,0,0,0,6,16.173119989313008,65.61892417368762,65.17857142857143,101,7.49400479616307,33.333333333333336,61.53846153846154,65.625,4.2,1,1,21,78.32
S43G01N214,2023-2024,20240229,495,away,35,19,2,14,9,23,2,25,16,19,5,1,1,29,22,0,0,44,21,16,10,69,73,2,0,10,1800,0,0,0,10,-16.173119989313008,60.782241014799155,53.40909090909091,77,14.979029358897545,36.0,75.86206896551724,90.47619047619048,1.9,1,1,0,78.32,6,21,2,16,7,23,2,39,23,17,9,1,1,13,8,5,10,56,32,21,6,81,69,7,1,5,1800,0,0,0,6,16.173119989313008,65.61892417368762,65.17857142857143,101,7.49400479616307,33.333333333333336,61.53846153846154,65.625,4.2,1,1,21,78.32
S43G01N214,2023-2024,20240229,496,away,35,19,2,14,9,23,2,25,16,19,5,1,1,29,22,0,0,44,21,16,10,69,73,2,0,10,1800,0,0,0,10,-16.173119989313008,60.782241014799155,53.40909090909091,77,14.979029358897545,36.0,75.86206896551724,90.47619047619048,1.9,1,1,0,78.32,6,21,2,16,7,23,2,39,23,17,9,1,1,13,8,5,10,56,32,21,6,81,69,7,1,5,1800,0,0,0,6,16.173119989313008,65.61892417368762,65.17857142857143,101,7.49400479616307,33.333333333333336,61.53846153846154,65.625,4.2,1,1,21,78.32
S43G01N214,2023-2024,20240229,497,away,35,19,2,14,9,23,2,25,16,19,5,1,1,29,22,0,0,44,21,16,10,69,73,2,0,10,1800,0,0,0,10,-16.173119989313008,60.782241014799155,53.40909090909091,77,14.979029358897545,36.0,75.86206896551724,90.47619047619048,1.9,1,1,0,78.32,6,21,2,16,7,23,2,39,23,17,9,1,1,13,8,5,10,56,32,21,6,81,69,7,1,5,1800,0,0,0,6,16.173119989313008,65.61892417368762,65.17857142857143,101,7.49400479616307,33.333333333333336,61.53846153846154,65.625,4.2,1,1,21,78.32
S43G01N214,2023-2024,20240229,498,away,35,19,2,14,9,23,2,25,16,19,5,1,1,29,22,0,0,44,21,16,10,69,73,2,0,10,1800,0,0,0,10,-16.173119989313008,60.782241014799155,53.40909090909091,77,14.979029358897545,36.0,75.86206896551724,90.47619047619048,1.9,1,1,0,78.32,6,21,2,16,7,23,2,39,23,17,9,1,1,13,8,5,10,56,32,21,6,81,69,7,1,5,1800,0,0,0,6,16.173119989313008,65.61892417368762,65.17857142857143,101,7.49400479616307,33.333333333333336,61.53846153846154,65.625,4.2,1,1,21,78.32
S43G01N214,2023-2024,20240229,499,away,35,19,2,14,9,23,2,25,16,19,5,1,1,29,22,0,0,44,21,16,10,69,73,2,0,10,1800,0,0,0,10,-16.173119989313008,60.782241014799155,53.40909090909091,77,14.979029358897545,36.0,75.86206896551724,90.47619047619048,1.9,1,1,0,78.32,6,21,2,16,7,23,2,39,23,17,9,1,1,13,8,5,10,56,32,21,6,81,69,7,1,5,1800,0,0,0,6,16.173119989313008,65.61892417368762,65.17857142857143,101,7.49400479616307,33.333333333333336,61.53846153846154,65.625,4.2,1,1,21,78.32
S43G01N214,2023-2024,20240229,500,away,35,19,2,14,9,23,2,25,16,19,5,1,1,29,22,0,0,44,21,16,10,69,73,2,0,10,1800,0,0,0,10,-16.173119989313008,60.782241014799155,53.40909090909091,77,14.979029358897545,36.0,75.86206896551724,90.47619047619048,1.9,1,1,0,78.32,6,21,2,16,7,23,2,39,23,17,9,1,1,13,8,5,10,56,32,21,6,81,69,7,1,5,1800,0,0,0,6,16.173119989313008,65.61892417368762,65.17857142857143,101,7.49400479616307,33.333333333333336,61.53846153846154,65.625,4.2,1,1,21,78.32
S43G01N214,2023-2024,20240229,501,away,35,19,2,14,9,23,2,25,16,19,5,1,1,29,22,0,0,44,21,16,10,69,73,2,0,10,1800,0,0,0,10,-16.173119989313008,60.782241014799155,53.40909090909091,77,14.979029358897545,36.0,75.86206896551724,90.47619047619048,1.9,1,1,0,78.32,6,21,2,16,7,23,2,39,23,17,9,1,1,13,8,5,10,56,32,21,6,81,69,7,1,5,1800,0,0,0,6,16.173119989313008,65.61892417368762,65.17857142857143,101,7.49400479616307,33.333333333333336,61.53846153846154,65.625,4.2,1,1,21,78.32
S43G01N214,2023-2024,20240229,502,away,35,19,2,14,9,23,2,25,16,19,5,1,1,29,22,0,0,44,21,16,10,69,73,2,0,10,1800,0,0,0,10,-16.173119989313008,60.782241014799155,53.40909090909091,77,14.979029358897545,36.0,75.86206896551724,90.47619047619048,1.9,1,1,0,78.32,6,21,2,16,7,23,2,39,23,17,9,1,1,13,8,5,10,56,32,21,6,81,69,7,1,5,1800,0,0,0,6,16.173119989313008,65.61892417368762,65.17857142857143,101,7.49400479616307,33.333333333333336,61.53846153846154,65.625,4.2,1,1,21,78.32
S43G01N214,2023-2024,20240229,503,away,35,19,2,14,9,23,2,25,16,19,5,1,1,29,22,0,0,44,21,16,10,69,73,2,0,10,1800,0,0,0,10,-16.173119989313008,60.782241014799155,53.40909090909091,77,14.979029358897545,36.0,75.86206896551724,90.47619047619048,1.9,1,1,0,78.32,6,21,2,16,7,23,2,39,23,17,9,1,1,13,8,5,10,56,32,21,6,81,69,7,1,5,1800,0,0,0,6,16.173119989313008,65.61892417368762,65.17857142857143,101,7.49400479616307,33.333333333333336,61.53846153846154,65.625,4.2,1,1,21,78.32
S43G01N214,2023-2024,20240229,504,away,35,19,2,14,9,23,2,25,16,19,5,1,1,29,22,0,0,44,21,16,10,69,73,2,0,10,1800,0,0,0,10,-16.173119989313008,60.782241014799155,53.40909090909091,77,14.979029358897545,36.0,75.86206896551724,90.47619047619048,1.9,1,1,0,78.32,6,21,2,16,7,23,2,39,23,17,9,1,1,13,8,5,10,56,32,21,6,81,69,7,1,5,1800,0,0,0,6,16.173119989313008,65.61892417368762,65.17857142857143,101,7.49400479616307,33.333333333333336,61.53846153846154,65.625,4.2,1,1,21,78.32
S43G01N214,2023-2024,20240229,505,away,35,19,2,14,9,23,2,25,16,19,5,1,1,29,22,0,0,44,21,16,10,69,73,2,0,10,1800,0,0,0,10,-16.173119989313008,60.782241014799155,53.40909090909091,77,14.979029358897545,36.0,75.86206896551724,90.47619047619048,1.9,1,1,0,78.32,6,21,2,16,7,23,2,39,23,17,9,1,1,13,8,5,10,56,32,21,6,81,69,7,1,5,1800,0,0,0,6,16.173119989313008,65.61892417368762,65.17857142857143,101,7.49400479616307,33.333333333333336,61.53846153846154,65.625,4.2,1,1,21,78.32
S43G01N214,2023-2024,20240229,506,away,35,19,2,14,9,23,2,25,16,19,5,1,1,29,22,0,0,44,21,16,10,69,73,2,0,10,1800,0,0,0,10,-16.173119989313008,60.782241014799155,53.40909090909091,77,14.979029358897545,36.0,75.86206896551724,90.47619047619048,1.9,1,1,0,78.32,6,21,2,16,7,23,2,39,23,17,9,1,1,13,8,5,10,56,32,21,6,81,69,7,1,5,1800,0,0,0,6,16.173119989313008,65.61892417368762,65.17857142857143,101,7.49400479616307,33.333333333333336,61.53846153846154,65.625,4.2,1,1,21,78.32
S43G01N214,2023-2024,20240229,507,away,35,19,2,14,9,23,2,25,16,19,5,1,1,29,22,0,0,44,21,16,10,69,73,2,0,10,1800,0,0,0,10,-16.173119989313008,60.782241014799155,53.40909090909091,77,14.979029358897545,36.0,75.86206896551724,90.47619047619048,1.9,1,1,0,78.32,6,21,2,16,7,23,2,39,23,17,9,1,1,13,8,5,10,56,32,21,6,81,69,7,1,5,1800,0,0,0,6,16.173119989313008,65.61892417368762,65.17857142857143,101,7.49400479616307,33.333333333333336,61.53846153846154,65.625,4.2,1,1,21,78.32
S43G01N214,2023-2024,20240229,508,away,35,19,2,14,9,23,2,25,16,19,5,1,1,29,22,0,0,44,21,16,10,69,73,2,0,10,1800,0,0,0,10,-16.173119989313008,60.782241014799155,53.40909090909091,77,14.979029358897545,36.0,75.86206896551724,90.47619047619048,1.9,1,1,0,78.32,6,21,2,16,7,23,2,39,23,17,9,1,1,13,8,5,10,56,32,21,6,81,69,7,1,5,1800,0,0,0,6,16.173119989313008,65.61892417368762,65.17857142857143,101,7.49400479616307,33.333333333333336,61.53846153846154,65.625,4.2,1,1,21,78.32
S43G01N214,2023-2024,20240229,509,away,35,19,2,14,9,23,2,25,16,19,5,1,1,29,22,0,0,44,21,16,10,69,73,2,0,10,1800,0,0,0,10,-16.173119989313008,60.782241014799155,53.40909090909091,77,14.979029358897545,36.0,75.86206896551724,90.47619047619048,1.9,1,1,0,78.32,6,21,2,16,7,23,2,39,23,17,9,1,1,13,8,5,10,56,32,21,6,81,69,7,1,5,1800,0,0,0,6,16.173119989313008,65.61892417368762,65.17857142857143,101,7.49400479616307,33.333333333333336,61.53846153846154,65.625,4.2,1,1,21,78.32
S43G01N214,2023-2024,20240229,510,away,35,19,2,14,9,23,2,25,16,19,5,1,1,29,22,0,0,44,21,16,10,69,73,2,0,10,1800,0,0,0,10,-16.173119989313008,60.782241014799155,53.40909090909091,77,14.979029358897545,36.0,75.86206896551724,90.47619047619048,1.9,1,1,0,78.32,6,21,2,16,7,23,2,39,23,17,9,1,1,13,8,5,10,56,32,21,6,81,69,7,1,5,1800,0,0,0,6,16.173119989313008,65.61892417368762,65.17857142857143,101,7.49400479616307,33.333333333333336,61.53846153846154,65.625,4.2,1,1,21,78.32
S43G01N214,2023-2024,20240229,511,away,35,19,2,14,9,23,2,25,16,19,5,1,1,29,22,0,0,44,21,17,10,69,73,2,0,10,1814,0,0,0,10,-16.173119989313008,60.782241014799155,53.40909090909091,77,14.979029358897545,36.0,75.86206896551724,90.47619047619048,1.9,1,1,0,77.71554575523703,6,21,2,16,7,23,2,39,23,17,9,1,1,13,8,5,10,56,32,21,6,81,69,7,1,5,1814,0,0,0,6,16.173119989313008,65.61892417368762,65.17857142857143,101,7.49400479616307,33.333333333333336,61.53846153846154,65.625,4.2,1,1,21,77.71554575523703
S43G01N214,2023-2024,20240229,512,away,35,19,2,14,9,23,2,25,16,19,5,1,1,29,22,0,0,44,21,17,10,69,73,2,0,10,1814,0,0,0,10,-16.173119989313008,60.782241014799155,53.40909090909091,77,14.979029358897545,36.0,75.86206896551724,90.47619047619048,1.9,1,1,0,77.71554575523703,6,21,2,16,7,23,2,39,23,17,9,1,1,13,8,5,10,56,32,21,6,81,69,7,1,5,1814,0,0,0,6,16.173119989313008,65.61892417368762,65.17857142857143,101,7.49400479616307,33.333333333333336,61.53846153846154,65.625,4.2,1,1,21,77.71554575523703
S43G01N214,2023-2024,20240229,513,away,35,19,2,14,9,23,2,25,16,19,5,1,1,29,22,0,0,44,21,17,10,69,73,2,0,10,1814,0,0,0,10,-16.173119989313008,60.782241014799155,53.40909090909091,77,14.979029358897545,36.0,75.86206896551724,90.47619047619048,1.9,1,1,0,77.71554575523703,6,22,2,16,7,23,2,39,23,17,9,1,1,13,8,5,10,56,32,21,6,81,69,7,1,5,1814,0,0,0,6,16.173119989313008,65.61892417368762,65.17857142857143,102,7.49400479616307,33.333333333333336,61.53846153846154,68.75,4.4,1,1,21,77.71554575523703
S43G01N214,2023-2024,20240229,514,away,35,19,2,14,9,23,2,25,16,19,5,1,1,29,22,0,0,44,21,17,10,69,73,2,0,10,1814,0,0,0,10,-15.181123651794664,60.782241014799155,53.40909090909091,77,14.979029358897545,36.0,75.86206896551724,90.47619047619048,1.9,1,1,0,78.00661521499448,6,22,2,16,7,23,2,39,23,17,9,1,1,14,8,5,10,56,32,21,6,81,70,7,1,5,1814,0,0,0,6,15.181123651794664,65.15444015444015,65.17857142857143,101,7.444907683144729,33.333333333333336,57.142857142857146,68.75,4.4,1,1,21,78.00661521499448
S43G01N214,2023-2024,20240229,515,away,35,19,2,14,9,23,2,25,16,19,5,1,1,29,22,0,0,44,21,17,10,69,73,2,0,10,1814,0,0,0,10,-15.853697558121453,60.782241014799155,53.40909090909091,77,14.979029358897545,36.0,75.86206896551724,90.47619047619048,1.9,2,1,0,78.29768467475192,6,22,2,16,7,23,2,39,23,17,9,1,1,15,9,5,10,56,32,21,6,82,71,7,1,5,1814,0,0,0,6,15.853697558121453,65.49520766773163,65.17857142857143,102,7.396449704142013,33.333333333333336,60.0,68.75,4.4,2,1,21,78.29768467475192
S43G01N214,2023-2024,20240229,516,away,35,19,2,14,9,23,2,26,17,19,5,1,1,29,22,0,0,45,22,17,10,71,74,2,0,10,1831,0,0,0,10,-14.483034416443672,61.4612188365651,54.44444444444444,79,14.75796930342385,36.0,75.86206896551724,86.36363636363636,1.9,2,1,0,78.22610595303111,6,22,2,16,7,23,2,39,23,17,9,1,1,15,9,5,10,56,32,21,6,82,71,7,1,5,1831,0,0,0,6,14.483034416443672,65.49520766773163,65.17857142857143,102,7.396449704142013,33.333333333333336,60.0,68.75,4.4,2,1,21,78.22610595303111
S43G01N214,2023-2024,20240229,517,away,35,20,2,14,9,23,2,26,17,19,5,1,1,29,22,0,0,45,22,17,10,71,74,2,0,10,1831,0,0,0,10,-14.483034416443672,61.4612188365651,54.44444444444444,80,14.75796930342385,36.0,75.86206896551724,90.9090909090909,2.0,2,1,0,78.22610595303111,6,22,2,16,7,23,2,39,23,17,9,1,1,15,9,5,10,56,32,21,6,82,71,7,1,5,1831,0,0,0,6,14.483034416443672,65.49520766773163,65.17857142857143,102,7.396449704142013,33.333333333333336,60.0,68.75,4.4,2,1,21,78.22610595303111
S43G01N214,2023-2024,20240229,518,away,35,20,2,14,9,23,2,26,17,19,5,1,1,29,22,0,0,45,22,17,10,71,74,2,0,10,1854,0,0,0,10,-12.28638618019147,61.4612188365651,54.44444444444444,80,14.75796930342385,36.0,75.86206896551724,90.9090909090909,2.0,2,1,0,77.9029126213592,6,22,2,16,7,23,2,40,23,17,9,1,1,15,9,5,10,57,32,21,6,82,72,7,1,5,1854,0,0,0,6,12.28638618019147,64.46540880503144,64.03508771929825,101,7.28862973760933,33.333333333333336,60.0,68.75,4.4,2,1,21,77.9029126213592
S43G01N214,2023-2024,20240229,519,away,35,20,2,15,9,24,2,26,17,19,5,1,1,29,22,0,0,45,22,17,10,71,74,2,0,10,1856,0,0,0,10,-12.28638618019147,61.4612188365651,54.44444444444444,81,14.75796930342385,36.0,75.86206896551724,90.9090909090909,2.0,2,1,0,77.81896551724137,6,22,2,16,7,23,2,40,23,17,9,1,1,15,9,5,10,57,32,21,6,82,72,7,1,5,1856,0,0,0,6,12.28638618019147,64.46540880503144,64.03508771929825,101,7.28862973760933,31.818181818181817,60.0,68.75,4.4,2,1,21,77.81896551724137
S43G01N214,2023-2024,20240229,520,away,35,20,2,15,9,24,2,27,18,19,5,2,2,29,22,0,0,46,23,17,10,73,75,2,0,10,1864,0,0,0,10,-10.961595298944673,62.117086453369645,55.43478260869565,83,14.543339150668995,36.0,75.86206896551724,86.95652173913044,2.0,4,1,0,78.12875536480686,6,22,2,16,7,23,2,40,23,17,9,1,1,15,9,5,10,57,32,21,6,82,72,7,1,5,1864,0,0,0,6,10.961595298944673,64.46540880503144,64.03508771929825,101,7.28862973760933,31.818181818181817,60.0,68.75,4.4,4,1,21,78.12875536480686
S43G01N214,2023-2024,20240229,521,away,35,20,2,15,9,24,2,27,18,19,5,2,2,29,22,0,0,46,23,17,10,73,75,2,0,10,1883,0,0,0,10,-8.835127517524825,62.117086453369645,55.43478260869565,83,14.543339150668995,36.0,75.86206896551724,86.95652173913044,2.0,4,1,0,77.97769516728623,6,22,2,16,7,23,2,40,23,18,9,1,1,15,9,5,10,58,32,21,6,82,73,7,1,5,1883,0,0,0,6,8.835127517524825,63.467492260061924,62.93103448275862,100,7.183908045977012,31.818181818181817,60.0,68.75,4.4,4,1,21,77.97769516728623
S43G01N214,2023-2024,20240229,522,away,35,20,2,16,9,25,2,27,18,19,5,2,2,29,22,0,0,46,23,17,10,73,75,2,0,10,1885,0,0,0,10,-8.835127517524825,62.117086453369645,55.43478260869565,84,14.543339150668995,36.0,75.86206896551724,86.95652173913044,2.0,4,1,0,77.89496021220158,6,22,2,16,7,23,2,40,23,18,9,1,1,15,9,5,10,58,32,21,6,82,73,7,1,5,1885,0,0,0,6,8.835127517524825,63.467492260061924,62.93103448275862,100,7.183908045977012,30.434782608695652,60.0,68.75,4.4,4,1,21,77.89496021220158
S43G01N214,2023-2024,20240229,523,away,35,20,2,16,9,25,2,27,18,19,5,2,2,29,22,0,0,46,23,17,10,73,75,2,0,10,1898,0,0,0,10,-8.835127517524825,62.117086453369645,55.43478260869565,84,14.543339150668995,36.0,75.86206896551724,86.95652173913044,2.0,4,1,0,77.36143308746048,6,22,2,16,7,23,2,40,23,18,9,1,1,15,9,5,10,58,32,22,7,82,73,7,1,5,1898,0,0,0,6,8.835127517524825,63.467492260061924,62.93103448275862,100,7.183908045977012,30.434782608695652,60.0,68.75,4.4,4,1,21,77.36143308746048
S43G01N214,2023-2024,20240229,524,away,35,20,2,16,9,25,2,27,18,19,5,2,2,29,22,0,0,46,23,17,10,73,75,2,0,10,1898,0,0,0,10,-8.835127517524825,62.117086453369645,55.43478260869565,84,14.543339150668995,36.0,75.86206896551724,86.95652173913044,2.0,4,1,0,77.36143308746048,6,22,2,16,7,23,2,40,23,18,9,1,1,15,9,5,10,58,32,22,7,82,73,7,1,5,1898,0,0,0,6,8.835127517524825,63.467492260061924,62.93103448275862,100,7.183908045977012,30.434782608695652,60.0,68.75,4.4,4,1,21,77.36143308746048
S43G01N214,2023-2024,20240229,525,away,35,20,2,16,9,25,2,28,19,19,5,2,2,29,22,0,0,47,24,17,10,75,76,2,0,10,1906,0,0,0,10,-7.5539439727246105,62.75100401606426,56.38297872340426,86,14.334862385321102,36.0,75.86206896551724,83.33333333333333,2.0,6,1,0,77.66631689401888,6,22,2,16,7,23,2,40,23,18,9,1,1,15,9,5,10,58,32,22,7,82,73,7,1,5,1906,0,0,0,6,7.5539439727246105,63.467492260061924,62.93103448275862,100,7.183908045977012,30.434782608695652,60.0,68.75,4.4,6,1,21,77.66631689401888
S43G01N214,2023-2024,20240229,526,away,35,21,2,16,9,25,2,28,19,19,5,2,2,29,22,0,0,47,24,17,10,75,76,2,0,10,1906,0,0,0,10,-7.5539439727246105,62.75100401606426,56.38297872340426,87,14.334862385321102,36.0,75.86206896551724,87.5,2.1,6,1,0,77.66631689401888,6,22,2,16,7,23,2,40,23,18,9,1,1,15,9,5,10,58,32,22,7,82,73,7,1,5,1906,0,0,0,6,7.5539439727246105,63.467492260061924,62.93103448275862,100,7.183908045977012,30.434782608695652,60.0,68.75,4.4,6,1,21,77.66631689401888
S43G01N214,2023-2024,20240229,527,away,35,21,2,16,9,25,2,28,19,19,5,2,2,29,22,0,0,47,24,17,10,75,76,2,0,10,1914,0,0,0,10,-8.639000335374575,62.75100401606426,56.38297872340426,87,14.334862385321102,36.0,75.86206896551724,87.5,2.1,2,1,0,77.96865203761755,6,22,2,16,7,23,2,41,24,18,9,1,1,15,9,5,10,59,33,22,7,84,74,7,1,5,1914,0,0,0,6,8.639000335374575,64.02439024390245,63.559322033898304,102,7.0821529745042495,30.434782608695652,60.0,66.66666666666667,4.4,2,1,21,77.96865203761755
S43G01N214,2023-2024,20240229,528,away,35,21,2,16,9,25,2,28,19,19,5,2,2,29,22,0,0,47,24,18,10,75,76,2,0,10,1914,0,0,0,10,-8.639000335374575,62.75100401606426,56.38297872340426,87,14.334862385321102,36.0,75.86206896551724,87.5,2.1,2,1,0,77.96865203761755,6,22,2,16,7,23,2,41,24,18,9,1,1,15,9,5,10,59,33,22,7,84,74,7,1,5,1914,0,0,0,6,8.639000335374575,64.02439024390245,63.559322033898304,102,7.0821529745042495,30.434782608695652,60.0,66.66666666666667,4.4,2,1,21,77.96865203761755
S43G01N214,2023-2024,20240229,529,away,35,21,2,16,9,25,2,28,19,19,5,2,2,29,22,0,0,47,24,18,10,75,76,2,0,10,1914,0,0,0,10,-8.639000335374575,62.75100401606426,56.38297872340426,87,14.334862385321102,36.0,75.86206896551724,87.5,2.1,2,1,0,77.96865203761755,6,22,2,16,7,23,2,41,24,18,9,1,1,15,9,5,10,59,33,22,7,84,74,7,1,5,1914,0,0,0,6,8.639000335374575,64.02439024390245,63.559322033898304,102,7.0821529745042495,30.434782608695652,60.0,66.66666666666667,4.4,2,1,21,77.96865203761755
S43G01N214,2023-2024,20240229,530,away,35,21,2,16,9,25,2,28,19,19,5,2,2,29,22,0,0,47,24,18,10,75,76,2,0,10,1914,0,0,0,10,-9.293072672239461,62.75100401606426,56.38297872340426,87,14.334862385321102,36.0,75.86206896551724,87.5,2.1,3,1,0,78.24451410658308,6,22,2,16,7,23,2,41,24,18,9,1,1,16,10,5,10,59,33,22,7,85,75,7,1,5,1914,0,0,0,6,9.293072672239461,64.35493640218048,63.559322033898304,103,7.038288288288288,30.434782608695652,62.5,66.66666666666667,4.4,3,1,21,78.24451410658308
S43G01N214,2023-2024,20240229,531,away,35,21,2,16,9,25,2,29,19,19,5,2,2,29,22,0,0,48,24,18,10,75,77,2,0,10,1929,0,0,0,10,-11.291720200781214,61.71823568136932,55.208333333333336,86,14.132278123233467,36.0,75.86206896551724,87.5,2.1,3,1,0,78.25816485225505,6,22,2,16,7,23,2,41,24,18,9,1,1,16,10,5,10,59,33,22,7,85,75,7,1,5,1929,0,0,0,6,11.291720200781214,64.35493640218048,63.559322033898304,103,7.038288288288288,30.434782608695652,62.5,66.66666666666667,4.4,3,1,21,78.25816485225505
S43G01N214,2023-2024,20240229,532,away,35,21,2,16,10,26,2,29,19,19,5,2,2,29,22,0,0,48,24,18,10,75,77,2,0,10,1930,0,0,0,10,-9.293072672239461,61.71823568136932,55.208333333333336,87,14.132278123233467,38.46153846153846,75.86206896551724,87.5,2.1,3,1,0,77.59585492227978,6,22,2,16,7,23,2,41,24,18,9,1,1,16,10,5,10,59,33,22,7,85,75,7,1,5,1930,0,0,0,6,9.293072672239461,64.35493640218048,63.559322033898304,103,7.038288288288288,30.434782608695652,62.5,66.66666666666667,4.4,3,1,21,77.59585492227978
S43G01N214,2023-2024,20240229,533,away,35,21,2,16,10,26,2,29,19,19,5,2,2,29,22,0,0,48,24,18,10,75,77,2,0,10,1930,0,0,0,10,-9.293072672239461,61.71823568136932,55.208333333333336,87,14.132278123233467,38.46153846153846,75.86206896551724,87.5,2.1,3,1,0,77.59585492227978,6,22,2,16,7,23,2,41,24,18,9,1,1,16,10,5,10,59,33,23,7,85,75,7,1,5,1930,0,0,0,6,9.293072672239461,64.35493640218048,63.559322033898304,103,7.038288288288288,30.434782608695652,62.5,66.66666666666667,4.4,3,1,21,77.59585492227978
S43G01N214,2023-2024,20240229,534,away,35,21,2,16,10,26,2,29,19,19,5,2,2,29,22,0,0,48,24,18,10,75,77,2,0,10,1930,0,0,0,10,-9.293072672239461,61.71823568136932,55.208333333333336,87,14.132278123233467,38.46153846153846,75.86206896551724,87.5,2.1,3,1,0,77.59585492227978,6,22,2,16,7,23,2,41,24,18,9,1,1,16,10,5,10,59,33,23,7,85,75,7,1,5,1930,0,0,0,6,9.293072672239461,64.35493640218048,63.559322033898304,103,7.038288288288288,30.434782608695652,62.5,66.66666666666667,4.4,3,1,21,77.59585492227978
S43G01N214,2023-2024,20240229,535,away,35,21,2,16,10,26,2,29,19,19,5,2,2,29,22,0,0,48,24,18,10,75,77,2,0,10,1930,0,0,0,10,-9.293072672239461,61.71823568136932,55.208333333333336,87,14.132278123233467,38.46153846153846,75.86206896551724,87.5,2.1,3,1,0,77.59585492227978,6,22,2,16,7,23,2,41,24,18,9,1,1,16,10,5,10,59,33,23,7,85,75,7,1,5,1930,0,0,0,6,9.293072672239461,64.35493640218048,63.559322033898304,103,7.038288288288288,30.434782608695652,62.5,66.66666666666667,4.4,3,1,21,77.59585492227978
S43G01N214,2023-2024,20240229,536,away,35,21,2,16,10,26,2,29,19,19,5,2,2,29,22,0,0,48,24,18,10,75,77,2,0,10,1930,0,0,0,10,-9.293072672239461,61.71823568136932,55.208333333333336,87,14.132278123233467,38.46153846153846,75.86206896551724,87.5,2.1,3,1,0,77.59585492227978,6,22,2,16,7,23,2,41,24,18,9,1,1,16,10,5,10,59,33,23,7,85,75,7,1,5,1930,0,0,0,6,9.293072672239461,64.35493640218048,63.559322033898304,103,7.038288288288288,30.434782608695652,62.5,66.66666666666667,4.4,3,1,21,77.59585492227978
S43G01N214,2023-2024,20240229,537,away,35,21,2,16,10,26,2,29,19,19,5,2,2,30,22,0,0,48,24,18,10,75,78,2,0,10,1930,0,0,0,10,-10.180524427134984,61.27450980392157,55.208333333333336,86,14.044943820224718,38.46153846153846,73.33333333333333,87.5,2.1,3,1,0,77.86943005181348,6,22,2,16,7,23,2,41,24,18,9,1,1,16,10,5,10,59,33,23,7,85,75,7,1,5,1930,0,0,0,6,10.180524427134984,64.35493640218048,63.559322033898304,103,7.038288288288288,30.434782608695652,62.5,66.66666666666667,4.4,3,1,21,77.86943005181348
S43G01N214,2023-2024,20240229,538,away,35,21,2,16,10,26,2,29,19,19,5,2,2,31,23,0,0,48,24,18,10,76,79,2,0,10,1930,0,0,0,10,-9.432983360091683,61.64828033744322,55.208333333333336,87,13.958682300390842,38.46153846153846,74.19354838709677,87.5,2.1,1,1,0,78.14300518134715,6,22,2,16,7,23,2,41,24,18,9,1,1,16,10,5,10,59,33,23,7,85,75,7,1,5,1930,0,0,0,6,9.432983360091683,64.35493640218048,63.559322033898304,103,7.038288288288288,30.434782608695652,62.5,66.66666666666667,4.4,1,1,21,78.14300518134715
S43G01N214,2023-2024,20240229,539,away,35,21,2,16,10,26,2,29,19,19,5,2,2,31,23,0,0,48,24,18,10,76,79,2,0,10,1941,0,0,0,10,-12.004792338643696,61.64828033744322,55.208333333333336,87,13.958682300390842,38.46153846153846,74.19354838709677,87.5,2.1,3,1,0,78.31839258114374,6,22,2,16,7,23,2,41,24,19,10,1,1,16,10,5,10,60,34,23,7,88,76,7,1,5,1941,0,0,0,6,12.004792338643696,65.6324582338902,65.0,106,6.940588561910049,30.434782608695652,62.5,64.70588235294117,4.4,3,1,21,78.31839258114374
S43G01N214,2023-2024,20240229,540,away,35,21,2,16,10,26,2,29,19,19,5,2,2,31,23,0,0,48,24,18,10,76,79,2,0,10,1941,0,0,0,10,-12.004792338643696,61.64828033744322,55.208333333333336,87,13.958682300390842,38.46153846153846,74.19354838709677,87.5,2.1,3,1,0,78.31839258114374,6,22,2,16,7,23,2,41,24,19,10,1,1,16,10,5,10,60,34,23,7,88,76,7,1,5,1941,0,0,0,6,12.004792338643696,65.6324582338902,65.0,106,6.940588561910049,30.434782608695652,62.5,64.70588235294117,4.4,3,1,21,78.31839258114374
S43G01N214,2023-2024,20240229,541,away,35,21,2,16,10,26,2,29,19,19,5,2,2,31,23,0,0,48,24,18,10,76,79,2,0,11,1952,0,0,0,11,-13.9731282370295,61.64828033744322,55.208333333333336,86,15.1431718061674,38.46153846153846,74.19354838709677,87.5,1.9090909090909092,3,1,0,78.49180327868854,6,22,2,16,7,23,2,41,24,19,10,1,1,16,10,5,10,60,34,23,7,88,76,7,1,5,1952,0,0,0,6,13.9731282370295,65.6324582338902,65.0,106,6.940588561910049,30.434782608695652,62.5,64.70588235294117,4.4,3,1,21,78.49180327868854
S43G01N214,2023-2024,20240229,542,away,35,21,2,16,10,26,2,29,19,19,5,2,2,31,23,0,0,48,24,18,10,76,79,2,0,11,1963,0,0,0,11,-11.924349420955451,61.64828033744322,55.208333333333336,86,15.1431718061674,38.46153846153846,74.19354838709677,87.5,1.9090909090909092,3,1,0,78.66327050433011,6,22,2,16,7,23,2,41,24,19,10,1,1,16,10,5,10,60,34,23,7,88,76,7,1,6,1963,0,0,0,7,11.924349420955451,65.6324582338902,65.0,105,8.214676889375683,30.434782608695652,62.5,64.70588235294117,3.6666666666666665,3,1,21,78.66327050433011
S43G01N214,2023-2024,20240229,543,away,35,21,2,16,10,26,2,29,19,19,5,2,2,31,23,0,0,48,24,18,10,76,79,3,0,11,1964,0,0,0,11,-11.924349420955451,61.64828033744322,55.208333333333336,87,15.1431718061674,38.46153846153846,74.19354838709677,87.5,1.9090909090909092,3,1,0,78.62321792260694,6,22,2,16,7,23,2,41,24,19,10,1,1,16,10,5,10,60,34,23,7,88,76,7,1,6,1964,0,0,0,7,11.924349420955451,65.6324582338902,65.0,105,8.214676889375683,30.434782608695652,62.5,64.70588235294117,3.6666666666666665,3,1,21,78.62321792260694
S43G01N214,2023-2024,20240229,544,away,35,21,2,16,10,26,2,30,20,19,5,2,2,31,23,0,0,49,25,18,10,78,80,3,0,11,1974,0,0,0,11,-10.688149307449805,62.26053639846743,56.12244897959184,89,14.937533948940793,38.46153846153846,74.19354838709677,84.0,1.9090909090909092,2,1,0,78.83282674772036,6,22,2,16,7,23,2,41,24,19,10,1,1,16,10,5,10,60,34,23,7,88,76,7,1,6,1974,0,0,0,7,10.688149307449805,65.6324582338902,65.0,105,8.214676889375683,30.434782608695652,62.5,64.70588235294117,3.6666666666666665,2,1,21,78.83282674772036
S43G01N214,2023-2024,20240229,545,away,35,21,2,16,10,26,2,30,20,19,5,2,2,31,23,1,2,49,25,18,10,78,80,3,0,11,1975,0,0,0,11,-10.688149307449805,62.26053639846743,56.12244897959184,89,14.937533948940793,38.46153846153846,74.19354838709677,84.0,1.9090909090909092,2,1,0,78.79291139240507,6,22,2,16,7,23,2,41,24,19,10,1,1,16,10,5,10,60,34,23,7,88,76,7,1,6,1975,0,0,0,7,10.688149307449805,65.6324582338902,65.0,105,8.214676889375683,30.434782608695652,62.5,64.70588235294117,3.6666666666666665,2,1,21,78.79291139240507
S43G01N214,2023-2024,20240229,546,away,35,21,2,16,10,26,2,30,20,19,5,2,2,31,23,1,2,49,25,18,10,78,80,3,0,11,1981,0,0,0,11,-8.70049157777413,62.26053639846743,56.12244897959184,89,14.937533948940793,38.46153846153846,74.19354838709677,84.0,1.9090909090909092,2,1,0,79.16002019182231,6,22,2,16,7,23,2,41,24,20,10,1,1,16,10,5,10,61,34,23,7,88,77,7,1,6,1981,0,0,0,7,8.70049157777413,64.66784244562022,63.9344262295082,104,8.103727714748784,30.434782608695652,62.5,64.70588235294117,3.6666666666666665,2,1,21,79.16002019182231
S43G01N214,2023-2024,20240229,547,away,35,21,2,16,10,26,3,30,20,19,5,2,2,31,23,1,2,49,25,18,10,78,80,3,0,11,1981,0,0,0,11,-8.70049157777413,62.26053639846743,56.12244897959184,90,14.937533948940793,38.46153846153846,74.19354838709677,84.0,1.9090909090909092,2,1,0,79.16002019182231,6,22,2,16,7,23,2,41,24,20,10,1,1,16,10,5,10,61,34,23,7,88,77,7,1,6,1981,0,0,0,7,8.70049157777413,64.66784244562022,63.9344262295082,104,8.103727714748784,30.434782608695652,62.5,64.70588235294117,3.6666666666666665,2,1,21,79.16002019182231
S43G01N214,2023-2024,20240229,548,away,35,21,2,16,10,26,3,30,20,19,5,2,2,31,23,1,2,49,25,18,10,78,80,3,0,11,1981,0,0,0,11,-8.70049157777413,62.26053639846743,56.12244897959184,90,14.937533948940793,38.46153846153846,74.19354838709677,84.0,1.9090909090909092,2,1,0,79.16002019182231,6,22,2,16,7,23,2,41,24,20,10,1,1,16,10,5,10,61,34,24,8,88,77,7,1,6,1981,0,0,0,7,8.70049157777413,64.66784244562022,63.9344262295082,104,8.103727714748784,30.434782608695652,62.5,64.70588235294117,3.6666666666666665,2,1,21,79.16002019182231
S43G01N214,2023-2024,20240229,549,away,35,21,2,16,10,26,3,30,20,19,5,2,2,31,23,1,2,49,25,18,10,78,80,3,0,11,1981,0,0,0,11,-8.70049157777413,62.26053639846743,56.12244897959184,90,14.937533948940793,38.46153846153846,74.19354838709677,84.0,1.9090909090909092,2,1,0,79.16002019182231,6,22,2,16,7,23,2,41,24,20,10,1,1,16,10,5,10,61,34,24,8,88,77,7,1,6,1981,0,0,0,7,8.70049157777413,64.66784244562022,63.9344262295082,104,8.103727714748784,30.434782608695652,62.5,64.70588235294117,3.6666666666666665,2,1,21,79.16002019182231
S43G01N214,2023-2024,20240229,550,away,35,21,2,16,10,26,3,30,20,19,5,2,2,31,23,1,2,49,25,18,10,78,80,3,0,11,1981,0,0,0,11,-8.70049157777413,62.26053639846743,56.12244897959184,90,14.937533948940793,38.46153846153846,74.19354838709677,84.0,1.9090909090909092,2,1,0,79.16002019182231,6,22,2,16,7,23,2,41,24,20,10,1,1,16,10,5,10,61,34,24,8,88,77,7,1,6,1981,0,0,1,7,8.70049157777413,64.66784244562022,63.9344262295082,104,8.103727714748784,30.434782608695652,62.5,64.70588235294117,3.6666666666666665,2,1,21,79.16002019182231
S43G01N214,2023-2024,20240229,551,away,35,21,2,16,10,26,3,30,20,19,5,2,2,31,23,1,2,49,25,18,10,78,80,3,0,11,1981,0,0,0,11,-8.70049157777413,62.26053639846743,56.12244897959184,90,14.937533948940793,38.46153846153846,74.19354838709677,84.0,1.9090909090909092,2,1,0,79.16002019182231,6,22,2,16,7,23,2,41,24,20,10,1,1,16,10,5,10,61,34,24,8,88,77,7,1,6,1981,0,0,1,7,8.70049157777413,64.66784244562022,63.9344262295082,104,8.103727714748784,30.434782608695652,62.5,64.70588235294117,3.6666666666666665,2,1,21,79.16002019182231
S43G01N214,2023-2024,20240229,552,away,35,21,2,16,10,26,3,30,20,19,5,2,2,31,23,1,2,49,25,18,10,78,80,3,0,12,1992,0,0,0,12,-10.596599636097238,62.26053639846743,56.12244897959184,89,16.077170418006432,38.46153846153846,74.19354838709677,84.0,1.75,2,1,0,79.32530120481928,6,22,2,16,7,23,2,41,24,20,10,1,1,16,10,5,10,61,34,24,8,88,77,7,1,6,1992,0,0,1,7,10.596599636097238,64.66784244562022,63.9344262295082,104,8.103727714748784,30.434782608695652,62.5,64.70588235294117,3.6666666666666665,2,1,21,79.32530120481928
S43G01N214,2023-2024,20240229,553,away,35,21,2,16,10,26,3,30,20,19,5,2,2,31,23,1,2,49,25,18,10,78,80,3,0,12,2010,0,0,0,12,-11.60681544344908,62.26053639846743,56.12244897959184,89,16.077170418006432,38.46153846153846,74.19354838709677,84.0,1.75,2,1,0,79.21194029850746,6,22,2,16,7,23,2,42,25,20,10,1,1,16,10,5,10,62,35,24,8,90,78,7,1,6,2010,0,0,1,7,11.60681544344908,65.17960602549246,64.51612903225806,106,7.995735607675906,30.434782608695652,62.5,62.857142857142854,3.6666666666666665,2,1,21,79.21194029850746
S43G01N214,2023-2024,20240229,554,away,35,21,2,16,10,26,3,30,20,19,5,2,2,31,23,1,2,49,25,19,10,78,80,3,0,12,2010,0,0,0,12,-11.60681544344908,62.26053639846743,56.12244897959184,89,16.077170418006432,38.46153846153846,74.19354838709677,84.0,1.75,2,1,0,79.21194029850746,6,22,2,16,7,23,2,42,25,20,10,1,1,16,10,5,10,62,35,24,8,90,78,7,1,6,2010,0,0,1,7,11.60681544344908,65.17960602549246,64.51612903225806,106,7.995735607675906,30.434782608695652,62.5,62.857142857142854,3.6666666666666665,2,1,21,79.21194029850746
S43G01N214,2023-2024,20240229,555,away,35,21,2,16,10,26,3,30,20,19,5,2,2,31,23,1,2,49,25,19,10,78,80,3,0,12,2010,0,0,0,12,-11.60681544344908,62.26053639846743,56.12244897959184,89,16.077170418006432,38.46153846153846,74.19354838709677,84.0,1.75,2,1,0,79.21194029850746,6,22,2,16,7,23,2,42,25,20,10,1,1,16,10,5,10,62,35,24,8,90,78,7,1,6,2010,0,0,1,7,11.60681544344908,65.17960602549246,64.51612903225806,106,7.995735607675906,30.434782608695652,62.5,62.857142857142854,3.6666666666666665,2,1,21,79.21194029850746
S43G01N214,2023-2024,20240229,556,away,35,21,2,16,10,26,3,30,20,19,5,2,2,31,23,1,2,49,25,19,10,78,80,3,0,12,2010,0,0,0,12,-10.756916813176645,62.26053639846743,56.12244897959184,89,16.077170418006432,38.46153846153846,74.19354838709677,84.0,1.75,2,1,0,79.47462686567164,6,22,2,16,7,23,2,42,25,20,10,1,1,17,10,5,10,62,35,24,8,90,79,7,1,6,2010,0,0,1,7,10.756916813176645,64.76683937823834,64.51612903225806,105,7.94912559618442,30.434782608695652,58.8235294117647,62.857142857142854,3.6666666666666665,2,1,21,79.47462686567164
S43G01N214,2023-2024,20240229,557,away,35,21,2,16,10,26,3,30,20,19,5,2,2,31,23,1,2,49,25,19,10,78,80,3,0,12,2011,0,0,0,12,-12.704534383491676,62.26053639846743,56.12244897959184,89,16.077170418006432,38.46153846153846,74.19354838709677,84.0,1.75,2,1,0,78.83838886126306,6,22,2,16,8,24,2,42,25,20,10,1,1,17,10,5,10,62,35,24,8,90,79,7,1,6,2011,0,0,1,7,12.704534383491676,64.76683937823834,64.51612903225806,106,7.94912559618442,33.333333333333336,58.8235294117647,62.857142857142854,3.6666666666666665,2,1,21,78.83838886126306
S43G01N214,2023-2024,20240229,558,away,35,21,2,16,10,26,3,30,20,19,5,2,2,31,23,1,2,49,25,19,10,78,80,3,0,12,2025,0,0,0,12,-10.756916813176645,62.26053639846743,56.12244897959184,89,16.077170418006432,38.46153846153846,74.19354838709677,84.0,1.75,2,1,0,78.88592592592592,6,22,2,16,8,24,2,43,25,20,10,1,1,17,10,5,10,63,35,24,8,90,80,7,1,6,2025,0,0,1,7,10.756916813176645,63.84790011350737,63.492063492063494,105,7.845188284518828,33.333333333333336,58.8235294117647,62.857142857142854,3.6666666666666665,2,1,21,78.88592592592592
S43G01N214,2023-2024,20240229,559,away,35,21,2,16,10,26,3,30,20,19,5,2,2,31,23,1,2,49,25,19,10,78,80,3,0,12,2026,0,0,0,12,-12.704534383491676,62.26053639846743,56.12244897959184,89,16.077170418006432,38.46153846153846,74.19354838709677,84.0,1.75,2,1,0,78.25468904244818,6,22,2,16,9,25,2,43,25,20,10,1,1,17,10,5,10,63,35,24,8,90,80,7,1,6,2026,0,0,1,7,12.704534383491676,63.84790011350737,63.492063492063494,106,7.845188284518828,36.0,58.8235294117647,62.857142857142854,3.6666666666666665,2,1,21,78.25468904244818
S43G01N214,2023-2024,20240229,560,away,35,21,2,16,10,26,3,30,20,19,5,2,2,31,23,1,2,49,25,19,10,78,80,3,0,12,2032,0,0,0,12,-15.137757934671953,62.26053639846743,56.12244897959184,89,16.077170418006432,38.46153846153846,74.19354838709677,84.0,1.75,5,1,0,78.61417322834646,6,22,2,16,9,25,2,43,25,21,11,1,1,17,10,5,10,64,36,24,8,93,81,7,1,6,2032,0,0,1,7,15.137757934671953,65.05316172355903,64.84375,109,7.743933918430562,36.0,58.8235294117647,61.111111111111114,3.6666666666666665,5,1,21,78.61417322834646
S43G01N214,2023-2024,20240229,561,away,35,21,2,16,10,26,3,30,20,19,5,2,2,31,23,1,2,49,25,19,10,78,80,3,0,12,2032,0,0,0,12,-15.137757934671953,62.26053639846743,56.12244897959184,89,16.077170418006432,38.46153846153846,74.19354838709677,84.0,1.75,5,1,0,78.61417322834646,6,23,2,16,9,25,2,43,25,21,11,1,1,17,10,5,10,64,36,24,8,93,81,7,1,6,2032,0,0,1,7,15.137757934671953,65.05316172355903,64.84375,110,7.743933918430562,36.0,58.8235294117647,63.888888888888886,3.8333333333333335,5,1,21,78.61417322834646
S43G01N214,2023-2024,20240229,562,away,35,21,2,16,10,26,3,30,20,19,5,2,2,31,23,1,2,49,25,19,10,78,80,3,0,12,2032,0,0,0,12,-15.137757934671953,62.26053639846743,56.12244897959184,89,16.077170418006432,38.46153846153846,74.19354838709677,84.0,1.75,5,1,0,78.61417322834646,6,23,2,16,9,25,2,43,25,21,11,1,1,17,10,5,10,64,36,24,8,93,81,7,1,6,2032,0,0,1,7,15.137757934671953,65.05316172355903,64.84375,110,7.743933918430562,36.0,58.8235294117647,63.888888888888886,3.8333333333333335,5,1,21,78.61417322834646
S43G01N214,2023-2024,20240229,563,away,35,21,2,16,10,26,3,31,21,19,5,2,2,31,23,1,2,50,26,19,10,80,81,3,0,12,2046,0,0,0,12,-13.929170439725027,62.853551225644246,57.0,91,15.864621893178212,38.46153846153846,74.19354838709677,80.76923076923077,1.75,2,1,0,78.66275659824048,6,23,2,16,9,25,2,43,25,21,11,1,1,17,10,5,10,64,36,24,8,93,81,7,1,6,2046,0,0,1,7,13.929170439725027,65.05316172355903,64.84375,110,7.743933918430562,36.0,58.8235294117647,63.888888888888886,3.8333333333333335,2,1,21,78.66275659824048
S43G01N214,2023-2024,20240229,564,away,35,21,2,16,10,26,3,31,21,19,5,2,2,31,23,1,2,50,26,19,10,80,81,3,0,12,2067,0,0,0,12,-11.97456372172914,62.853551225644246,57.0,91,15.864621893178212,38.46153846153846,74.19354838709677,80.76923076923077,1.75,2,1,0,78.44412191582003,6,23,2,16,9,25,2,43,25,22,11,1,1,17,10,5,10,65,36,24,8,93,82,7,1,6,2067,0,0,1,7,11.97456372172914,64.15562913907284,63.84615384615385,109,7.6452599388379205,36.0,58.8235294117647,63.888888888888886,3.8333333333333335,2,1,21,78.44412191582003
S43G01N214,2023-2024,20240229,565,away,35,21,2,17,10,27,3,31,21,19,5,2,2,31,23,1,2,50,26,19,10,80,81,3,0,12,2068,0,0,0,12,-11.97456372172914,62.853551225644246,57.0,92,15.864621893178212,38.46153846153846,74.19354838709677,80.76923076923077,1.75,2,1,0,78.40618955512572,6,23,2,16,9,25,2,43,25,22,11,1,1,17,10,5,10,65,36,24,8,93,82,7,1,6,2068,0,0,1,7,11.97456372172914,64.15562913907284,63.84615384615385,109,7.6452599388379205,34.61538461538461,58.8235294117647,63.888888888888886,3.8333333333333335,2,1,21,78.40618955512572
S43G01N214,2023-2024,20240229,566,away,35,21,2,17,10,27,3,31,21,19,5,2,2,31,23,1,2,50,26,19,10,80,81,3,0,12,2069,0,0,0,12,-11.97456372172914,62.853551225644246,57.0,92,15.864621893178212,38.46153846153846,74.19354838709677,80.76923076923077,1.75,2,1,0,78.36829386176898,6,23,2,16,9,25,2,43,25,22,11,1,1,17,10,5,10,65,36,25,9,93,82,7,1,6,2069,0,0,1,7,11.97456372172914,64.15562913907284,63.84615384615385,109,7.6452599388379205,34.61538461538461,58.8235294117647,63.888888888888886,3.8333333333333335,2,1,21,78.36829386176898
S43G01N214,2023-2024,20240229,567,away,35,21,2,17,10,27,3,31,21,19,5,2,2,31,23,1,2,50,26,19,10,80,81,3,0,12,2069,0,0,0,12,-11.97456372172914,62.853551225644246,57.0,92,15.864621893178212,38.46153846153846,74.19354838709677,80.76923076923077,1.75,2,1,0,78.36829386176898,6,23,2,16,9,25,2,43,25,22,11,1,1,17,10,5,10,65,36,25,9,93,82,7,1,6,2069,0,0,1,7,11.97456372172914,64.15562913907284,63.84615384615385,109,7.6452599388379205,34.61538461538461,58.8235294117647,63.888888888888886,3.8333333333333335,2,1,21,78.36829386176898
S43G01N214,2023-2024,20240229,568,away,35,21,2,17,10,27,3,32,22,19,5,2,2,31,23,1,2,51,27,19,10,82,82,3,0,12,2089,0,0,0,12,-10.802248360484086,63.42821782178218,57.84313725490196,94,15.657620041753653,38.46153846153846,74.19354838709677,77.77777777777777,1.75,4,1,0,78.19243657252275,6,23,2,16,9,25,2,43,25,22,11,1,1,17,10,5,10,65,36,25,9,93,82,7,1,6,2089,0,0,1,7,10.802248360484086,64.15562913907284,63.84615384615385,109,7.6452599388379205,34.61538461538461,58.8235294117647,63.888888888888886,3.8333333333333335,4,1,21,78.19243657252275
S43G01N214,2023-2024,20240229,569,away,35,21,2,17,10,27,3,32,22,19,5,2,2,31,23,1,2,51,27,19,10,82,82,3,0,12,2099,0,0,0,12,-11.740791662862634,63.42821782178218,57.84313725490196,94,15.657620041753653,38.46153846153846,74.19354838709677,77.77777777777777,1.75,2,1,0,78.39161505478799,6,23,2,16,9,25,2,44,26,22,11,1,1,17,10,5,10,66,37,25,9,95,83,7,1,6,2099,0,0,1,7,11.740791662862634,64.64344039194339,64.39393939393939,111,7.549068948163059,34.61538461538461,58.8235294117647,62.16216216216216,3.8333333333333335,2,1,21,78.39161505478799
S43G01N214,2023-2024,20240229,570,away,35,21,2,17,10,27,3,32,22,20,5,2,2,31,23,1,2,52,27,19,10,82,83,3,0,12,2111,0,0,0,12,-13.5599699551139,62.46191346739793,56.73076923076923,93,15.455950540958268,38.46153846153846,74.19354838709677,77.77777777777777,1.75,2,1,0,78.5144481288489,6,23,2,16,9,25,2,44,26,22,11,1,1,17,10,5,10,66,37,25,9,95,83,7,1,6,2111,0,0,1,7,13.5599699551139,64.64344039194339,64.39393939393939,111,7.549068948163059,34.61538461538461,58.8235294117647,62.16216216216216,3.8333333333333335,2,1,21,78.5144481288489
S43G01N214,2023-2024,20240229,571,away,35,21,2,17,10,27,3,32,22,20,5,2,2,31,23,1,2,52,27,19,10,82,83,3,0,12,2113,0,0,0,12,-13.5599699551139,62.46191346739793,56.73076923076923,93,15.455950540958268,37.03703703703704,74.19354838709677,77.77777777777777,1.75,2,1,0,78.44013251301467,6,23,2,17,9,26,2,44,26,22,11,1,1,17,10,5,10,66,37,25,9,95,83,7,1,6,2113,0,0,1,7,13.5599699551139,64.64344039194339,64.39393939393939,112,7.549068948163059,34.61538461538461,58.8235294117647,62.16216216216216,3.8333333333333335,2,1,21,78.44013251301467
S43G01N214,2023-2024,20240229,572,away,35,21,2,17,10,27,3,32,22,20,5,2,2,31,23,1,2,52,27,20,11,82,83,3,0,12,2120,0,0,0,12,-13.5599699551139,62.46191346739793,56.73076923076923,93,15.455950540958268,37.03703703703704,74.19354838709677,77.77777777777777,1.75,2,1,0,78.1811320754717,6,23,2,17,9,26,2,44,26,22,11,1,1,17,10,5,10,66,37,25,9,95,83,7,1,6,2120,0,0,1,7,13.5599699551139,64.64344039194339,64.39393939393939,112,7.549068948163059,34.61538461538461,58.8235294117647,62.16216216216216,3.8333333333333335,2,1,21,78.1811320754717
S43G01N214,2023-2024,20240229,573,away,35,21,2,17,10,27,3,32,22,20,5,2,2,31,23,1,2,52,27,20,11,82,83,3,0,12,2120,0,0,0,12,-13.5599699551139,62.46191346739793,56.73076923076923,93,15.455950540958268,37.03703703703704,74.19354838709677,77.77777777777777,1.75,2,1,0,78.1811320754717,6,23,2,17,9,26,2,44,26,22,11,1,1,17,10,5,10,66,37,25,9,95,83,7,1,6,2120,0,0,1,7,13.5599699551139,64.64344039194339,64.39393939393939,112,7.549068948163059,34.61538461538461,58.8235294117647,62.16216216216216,3.8333333333333335,2,1,21,78.1811320754717
S43G01N214,2023-2024,20240229,574,away,35,21,2,17,10,27,3,32,22,20,5,2,2,31,23,1,2,52,27,20,11,82,83,3,0,12,2120,0,0,0,12,-13.5599699551139,62.46191346739793,56.73076923076923,93,15.455950540958268,37.03703703703704,74.19354838709677,77.77777777777777,1.75,2,1,0,78.1811320754717,6,23,2,17,9,26,2,44,26,22,11,1,1,17,10,5,10,66,37,25,9,95,83,7,1,6,2120,0,0,1,7,13.5599699551139,64.64344039194339,64.39393939393939,112,7.549068948163059,34.61538461538461,58.8235294117647,62.16216216216216,3.8333333333333335,2,1,21,78.1811320754717
S43G01N214,2023-2024,20240229,575,away,35,21,2,17,10,27,3,32,22,20,5,2,2,31,23,1,2,52,27,20,11,82,83,3,0,12,2120,0,0,0,12,-13.5599699551139,62.46191346739793,56.73076923076923,93,15.455950540958268,37.03703703703704,74.19354838709677,77.77777777777777,1.75,2,1,0,78.1811320754717,6,23,2,17,9,26,2,44,26,22,11,1,1,17,10,5,10,66,37,25,9,95,83,7,1,6,2120,0,0,1,7,13.5599699551139,64.64344039194339,64.39393939393939,112,7.549068948163059,34.61538461538461,58.8235294117647,62.16216216216216,3.8333333333333335,2,1,21,78.1811320754717
S43G01N214,2023-2024,20240229,576,away,35,21,2,17,10,27,3,32,22,20,5,2,2,31,23,1,2,52,27,20,11,82,83,3,0,12,2125,0,0,0,12,-14.472252952445501,62.46191346739793,56.73076923076923,93,15.455950540958268,37.03703703703704,74.19354838709677,77.77777777777777,1.75,4,1,0,78.56188235294118,6,23,2,17,9,26,2,45,27,22,11,1,1,17,10,5,10,67,38,25,9,97,84,7,1,6,2125,0,0,1,7,14.472252952445501,65.11815252416756,64.92537313432835,114,7.455268389662027,34.61538461538461,58.8235294117647,60.526315789473685,3.8333333333333335,4,1,21,78.56188235294118
S43G01N214,2023-2024,20240229,577,away,35,21,2,17,10,27,3,32,22,20,5,2,2,31,23,1,2,52,27,20,11,82,83,3,0,12,2125,0,0,0,12,-14.472252952445501,62.46191346739793,56.73076923076923,93,15.455950540958268,37.03703703703704,74.19354838709677,77.77777777777777,1.75,4,1,0,78.56188235294118,6,24,2,17,9,26,2,45,27,22,11,1,1,17,10,5,10,67,38,25,9,97,84,7,1,6,2125,0,0,1,7,14.472252952445501,65.11815252416756,64.92537313432835,115,7.455268389662027,34.61538461538461,58.8235294117647,63.1578947368421,4.0,4,1,21,78.56188235294118
S43G01N214,2023-2024,20240229,578,away,35,21,2,17,10,27,3,32,22,20,5,2,2,31,23,1,2,52,27,20,11,82,83,3,0,12,2135,0,0,0,12,-14.472252952445501,62.46191346739793,56.73076923076923,93,15.455950540958268,37.03703703703704,74.19354838709677,77.77777777777777,1.75,4,1,0,78.19391100702576,6,24,2,17,9,26,2,45,27,22,11,1,1,17,10,5,10,67,38,26,9,97,84,7,1,6,2135,0,0,1,7,14.472252952445501,65.11815252416756,64.92537313432835,115,7.455268389662027,34.61538461538461,58.8235294117647,63.1578947368421,4.0,4,1,21,78.19391100702576
S43G01N214,2023-2024,20240229,579,away,35,21,2,17,10,27,3,32,22,20,5,2,2,31,23,1,2,52,27,20,11,82,83,3,0,12,2135,0,0,0,12,-14.472252952445501,62.46191346739793,56.73076923076923,93,15.455950540958268,37.03703703703704,74.19354838709677,77.77777777777777,1.75,4,1,0,78.19391100702576,6,24,2,17,9,26,2,45,27,22,11,1,1,17,10,5,10,67,38,26,9,97,84,7,1,6,2135,0,0,1,7,14.472252952445501,65.11815252416756,64.92537313432835,115,7.455268389662027,34.61538461538461,58.8235294117647,63.1578947368421,4.0,4,1,21,78.19391100702576
S43G01N214,2023-2024,20240229,580,away,35,22,2,17,10,27,3,32,22,20,5,2,2,31,23,1,2,52,27,20,11,82,83,3,0,12,2135,0,0,0,12,-14.472252952445501,62.46191346739793,56.73076923076923,94,15.455950540958268,37.03703703703704,74.19354838709677,81.48148148148148,1.8333333333333333,4,1,0,78.19391100702576,6,24,2,17,9,26,2,45,27,22,11,1,1,17,10,5,10,67,38,26,9,97,84,7,1,6,2135,0,0,1,7,14.472252952445501,65.11815252416756,64.92537313432835,115,7.455268389662027,34.61538461538461,58.8235294117647,63.1578947368421,4.0,4,1,21,78.19391100702576
S43G01N214,2023-2024,20240229,581,away,35,22,2,17,10,27,3,32,22,20,5,2,2,32,23,1,2,52,27,20,11,82,84,3,0,12,2135,0,0,0,12,-15.255760858057627,62.04600484261501,56.73076923076923,93,15.368852459016393,37.03703703703704,71.875,81.48148148148148,1.8333333333333333,4,1,0,78.44121779859485,6,24,2,17,9,26,2,45,27,22,11,1,1,17,10,5,10,67,38,26,9,97,84,7,1,6,2135,0,0,1,7,15.255760858057627,65.11815252416756,64.92537313432835,115,7.455268389662027,34.61538461538461,58.8235294117647,63.1578947368421,4.0,4,1,21,78.44121779859485
S43G01N214,2023-2024,20240229,582,away,35,22,2,17,10,27,3,32,22,20,5,2,2,33,23,1,2,52,27,20,11,82,85,3,0,12,2135,0,0,0,12,-16.029206198623967,61.635598316295855,56.73076923076923,92,15.282730514518594,37.03703703703704,69.6969696969697,81.48148148148148,1.8333333333333333,4,1,0,78.68852459016392,6,24,2,17,9,26,2,45,27,22,11,1,1,17,10,5,10,67,38,26,9,97,84,7,1,6,2135,0,0,1,7,16.029206198623967,65.11815252416756,64.92537313432835,115,7.455268389662027,34.61538461538461,58.8235294117647,63.1578947368421,4.0,4,1,21,78.68852459016392
S43G01N214,2023-2024,20240229,583,away,35,22,2,17,10,27,3,32,22,20,5,2,2,33,23,1,2,52,27,20,11,82,85,3,0,12,2136,0,0,0,12,-16.029206198623967,61.635598316295855,56.73076923076923,92,15.282730514518594,35.714285714285715,69.6969696969697,81.48148148148148,1.8333333333333333,4,1,0,78.65168539325843,6,24,2,18,9,27,2,45,27,22,11,1,1,17,10,5,10,67,38,26,9,97,84,7,1,6,2136,0,0,1,7,16.029206198623967,65.11815252416756,64.92537313432835,116,7.455268389662027,34.61538461538461,58.8235294117647,63.1578947368421,4.0,4,1,21,78.65168539325843
S43G01N214,2023-2024,20240229,584,away,35,22,2,17,10,27,3,32,22,20,5,2,2,33,23,1,2,52,27,20,11,82,85,3,0,12,2155,0,0,0,12,-14.156933925609763,61.635598316295855,56.73076923076923,92,15.282730514518594,35.714285714285715,69.6969696969697,81.48148148148148,1.8333333333333333,4,1,0,78.51508120649652,6,24,2,18,9,27,2,45,27,23,11,1,1,17,10,5,10,68,38,26,9,97,85,7,1,6,2155,0,0,1,7,14.156933925609763,64.25543190249073,63.970588235294116,115,7.363770250368188,34.61538461538461,58.8235294117647,63.1578947368421,4.0,4,1,21,78.51508120649652
S43G01N214,2023-2024,20240229,585,away,35,22,2,17,10,27,3,32,22,20,5,2,2,33,23,1,2,52,27,20,11,82,85,3,0,12,2156,0,0,0,12,-16.029206198623967,61.635598316295855,56.73076923076923,92,15.282730514518594,35.714285714285715,69.6969696969697,81.48148148148148,1.8333333333333333,4,1,0,77.92207792207793,6,24,2,18,10,28,2,45,27,23,11,1,1,17,10,5,10,68,38,26,9,97,85,7,1,6,2156,0,0,1,7,16.029206198623967,64.25543190249073,63.970588235294116,116,7.363770250368188,37.03703703703704,58.8235294117647,63.1578947368421,4.0,4,1,21,77.92207792207793
S43G01N214,2023-2024,20240229,586,away,35,22,2,17,10,27,3,32,22,20,5,2,2,33,23,1,2,52,27,20,11,82,85,3,0,12,2165,0,0,0,12,-16.916315824064498,61.635598316295855,56.73076923076923,92,15.282730514518594,35.714285714285715,69.6969696969697,81.48148148148148,1.8333333333333333,6,1,0,78.15242494226327,6,24,2,18,10,28,2,46,28,23,11,1,1,17,10,5,10,69,39,26,9,99,86,7,1,6,2165,0,0,1,7,16.916315824064498,64.72280334728033,64.4927536231884,118,7.274490785645004,37.03703703703704,58.8235294117647,61.53846153846154,4.0,6,1,21,78.15242494226327
S43G01N214,2023-2024,20240229,587,away,35,22,2,17,10,27,3,32,22,20,5,2,2,33,23,1,2,52,27,20,11,82,85,3,0,12,2165,0,0,0,12,-16.916315824064498,61.635598316295855,56.73076923076923,92,15.282730514518594,35.714285714285715,69.6969696969697,81.48148148148148,1.8333333333333333,6,1,0,78.15242494226327,6,25,2,18,10,28,2,46,28,23,11,1,1,17,10,5,10,69,39,26,9,99,86,7,1,6,2165,0,0,1,7,16.916315824064498,64.72280334728033,64.4927536231884,119,7.274490785645004,37.03703703703704,58.8235294117647,64.1025641025641,4.166666666666667,6,1,21,78.15242494226327
S43G01N214,2023-2024,20240229,588,away,35,22,2,17,10,27,3,33,22,20,5,2,2,33,23,1,2,53,27,20,11,82,86,3,0,12,2182,0,0,0,12,-18.63773538892994,60.72274881516588,55.660377358490564,91,15.090543259557345,35.714285714285715,69.6969696969697,81.48148148148148,1.8333333333333333,6,1,0,78.09349220898258,6,25,2,18,10,28,2,46,28,23,11,1,1,17,10,5,10,69,39,26,9,99,86,7,1,6,2182,0,0,1,7,18.63773538892994,64.72280334728033,64.4927536231884,119,7.274490785645004,37.03703703703704,58.8235294117647,64.1025641025641,4.166666666666667,6,1,21,78.09349220898258
S43G01N214,2023-2024,20240229,589,away,35,22,2,17,10,27,3,33,22,20,5,2,2,33,23,1,2,53,27,20,11,82,86,3,0,12,2184,0,0,0,12,-18.63773538892994,60.72274881516588,55.660377358490564,91,15.090543259557345,34.48275862068966,69.6969696969697,81.48148148148148,1.8333333333333333,6,1,0,78.02197802197803,6,25,2,19,10,29,2,46,28,23,11,1,1,17,10,5,10,69,39,26,9,99,86,7,1,6,2184,0,0,1,7,18.63773538892994,64.72280334728033,64.4927536231884,120,7.274490785645004,37.03703703703704,58.8235294117647,64.1025641025641,4.166666666666667,6,1,21,78.02197802197803
S43G01N214,2023-2024,20240229,590,away,35,22,2,17,10,27,3,33,22,20,5,2,2,33,23,1,2,53,27,20,11,82,86,3,0,12,2197,0,0,0,12,-18.63773538892994,60.72274881516588,55.660377358490564,91,15.090543259557345,34.48275862068966,69.6969696969697,81.48148148148148,1.8333333333333333,6,1,0,77.56030951297224,6,25,2,19,10,29,2,46,28,23,11,1,1,17,10,5,10,69,39,26,9,99,86,7,1,6,2197,0,0,1,7,18.63773538892994,64.72280334728033,64.4927536231884,120,7.274490785645004,37.03703703703704,58.8235294117647,64.1025641025641,4.166666666666667,6,1,21,77.56030951297224
S43G01N214,2023-2024,20240229,591,away,35,22,2,17,10,27,3,33,22,20,5,2,2,33,23,1,2,53,27,20,11,82,86,3,0,12,2197,0,0,0,12,-18.63773538892994,60.72274881516588,55.660377358490564,91,15.090543259557345,34.48275862068966,69.6969696969697,81.48148148148148,1.8333333333333333,6,1,0,77.56030951297224,6,25,2,19,10,29,2,46,28,23,11,1,1,17,10,5,10,69,39,26,9,99,86,7,1,6,2197,0,0,1,7,18.63773538892994,64.72280334728033,64.4927536231884,120,7.274490785645004,37.03703703703704,58.8235294117647,64.1025641025641,4.166666666666667,6,1,21,77.56030951297224
S43G01N214,2023-2024,20240229,592,away,35,22,2,17,10,27,3,33,22,20,5,2,2,33,23,1,2,53,27,20,11,82,86,3,0,12,2206,0,0,0,12,-19.50069940671017,60.72274881516588,55.660377358490564,91,15.090543259557345,34.48275862068966,69.6969696969697,81.48148148148148,1.8333333333333333,8,1,0,77.78785131459657,6,25,2,19,10,29,2,47,29,23,11,1,1,17,10,5,10,70,40,26,9,101,87,7,1,6,2206,0,0,1,7,19.50069940671017,65.1781104801239,65.0,122,7.187350263536176,37.03703703703704,58.8235294117647,62.5,4.166666666666667,8,1,21,77.78785131459657
S43G01N214,2023-2024,20240229,593,away,35,22,2,17,10,27,3,33,22,20,5,2,2,33,23,1,2,53,27,20,11,82,86,3,0,12,2206,0,0,0,12,-19.50069940671017,60.72274881516588,55.660377358490564,91,15.090543259557345,34.48275862068966,69.6969696969697,81.48148148148148,1.8333333333333333,8,1,0,77.78785131459657,6,26,2,19,10,29,2,47,29,23,11,1,1,17,10,5,10,70,40,26,9,101,87,7,1,6,2206,0,0,1,7,19.50069940671017,65.1781104801239,65.0,123,7.187350263536176,37.03703703703704,58.8235294117647,65.0,4.333333333333333,8,1,21,77.78785131459657
S43G01N214,2023-2024,20240229,594,away,35,22,2,17,10,27,3,33,22,20,5,2,2,33,23,1,2,53,27,20,11,82,86,3,0,13,2224,0,0,0,13,-21.173298223848278,60.72274881516588,55.660377358490564,90,16.145057128663687,34.48275862068966,69.6969696969697,81.48148148148148,1.6923076923076923,8,1,0,77.6978417266187,6,26,2,19,10,29,2,47,29,23,11,1,1,17,10,5,10,70,40,26,9,101,87,7,1,6,2224,0,0,1,7,21.173298223848278,65.1781104801239,65.0,123,7.187350263536176,37.03703703703704,58.8235294117647,65.0,4.333333333333333,8,1,21,77.6978417266187
S43G01N214,2023-2024,20240229,595,away,35,22,2,17,10,27,3,33,22,20,5,2,2,33,23,1,2,53,27,20,11,82,86,3,0,13,2225,0,0,0,13,-21.173298223848278,60.72274881516588,55.660377358490564,90,16.145057128663687,34.48275862068966,69.6969696969697,81.48148148148148,1.6923076923076923,8,1,0,77.6629213483146,6,26,2,19,10,29,2,47,29,23,11,1,1,17,10,5,10,70,40,26,9,101,87,8,1,6,2225,0,0,1,7,21.173298223848278,65.1781104801239,65.0,124,7.187350263536176,37.03703703703704,58.8235294117647,65.0,4.333333333333333,8,1,21,77.6629213483146
S43G01N214,2023-2024,20240229,596,away,35,22,2,17,10,27,3,33,22,20,5,2,2,33,23,1,2,53,27,20,11,82,86,3,0,13,2229,0,0,0,13,-22.013089201408818,60.72274881516588,55.660377358490564,90,16.145057128663687,34.48275862068966,69.6969696969697,81.48148148148148,1.6923076923076923,10,1,0,78.06191117092867,6,26,2,19,10,29,2,48,30,23,11,1,1,17,10,5,10,71,41,26,9,103,88,8,1,6,2229,0,0,1,7,22.013089201408818,65.62181447502549,65.49295774647888,126,7.102272727272727,37.03703703703704,58.8235294117647,63.41463414634146,4.333333333333333,10,1,21,78.06191117092867
S43G01N214,2023-2024,20240229,597,away,35,22,2,17,10,27,3,33,22,20,5,2,2,33,23,1,2,53,27,20,11,82,86,3,0,13,2229,0,0,0,13,-22.013089201408818,60.72274881516588,55.660377358490564,90,16.145057128663687,34.48275862068966,69.6969696969697,81.48148148148148,1.6923076923076923,10,1,0,78.06191117092867,6,27,2,19,10,29,2,48,30,23,11,1,1,17,10,5,10,71,41,26,9,103,88,8,1,6,2229,0,0,1,7,22.013089201408818,65.62181447502549,65.49295774647888,127,7.102272727272727,37.03703703703704,58.8235294117647,65.85365853658537,4.5,10,1,21,78.06191117092867
S43G01N214,2023-2024,20240229,598,away,35,22,2,17,10,27,3,33,22,20,5,2,2,33,23,1,2,53,27,20,11,82,86,3,0,13,2230,0,0,0,13,-22.013089201408818,60.72274881516588,55.660377358490564,90,16.145057128663687,34.48275862068966,69.6969696969697,81.48148148148148,1.6923076923076923,10,1,0,78.02690582959642,6,27,2,19,10,29,2,48,30,23,11,1,1,17,10,6,12,71,41,26,9,103,88,8,1,6,2230,0,0,1,7,22.013089201408818,65.62181447502549,65.49295774647888,127,7.102272727272727,37.03703703703704,58.8235294117647,65.85365853658537,4.5,10,1,21,78.02690582959642
S43G01N214,2023-2024,20240229,599,away,35,22,2,17,10,27,3,34,23,20,5,2,2,33,23,1,2,54,28,20,11,84,87,3,0,13,2249,0,0,0,13,-20.842494539320484,61.29597197898424,56.48148148148148,92,15.947006869479884,34.48275862068966,69.6969696969697,78.57142857142857,1.6923076923076923,2,1,0,77.9012894619831,6,27,2,19,10,29,2,48,30,23,11,1,1,17,10,6,12,71,41,26,9,103,88,8,1,6,2249,0,0,1,7,20.842494539320484,65.62181447502549,65.49295774647888,127,7.102272727272727,37.03703703703704,58.8235294117647,65.85365853658537,4.5,2,1,21,77.9012894619831
S43G01N214,2023-2024,20240229,600,away,35,22,2,17,10,27,3,34,23,20,5,2,2,33,23,1,2,54,28,20,11,84,87,3,0,13,2266,0,0,0,13,-19.01032497163567,61.29597197898424,56.48148148148148,92,15.947006869479884,34.48275862068966,69.6969696969697,78.57142857142857,1.6923076923076923,2,1,0,77.84642541924096,6,27,2,19,10,29,2,49,30,23,11,1,1,17,10,6,12,72,41,26,9,103,89,8,1,6,2266,0,0,1,7,19.01032497163567,64.79617513839959,64.58333333333333,126,7.019185774450164,37.03703703703704,58.8235294117647,65.85365853658537,4.5,2,1,21,77.84642541924096
S43G01N214,2023-2024,20240229,601,away,35,22,2,18,10,28,3,34,23,20,5,2,2,33,23,1,2,54,28,20,11,84,87,3,0,13,2267,0,0,0,13,-19.01032497163567,61.29597197898424,56.48148148148148,93,15.947006869479884,34.48275862068966,69.6969696969697,78.57142857142857,1.6923076923076923,2,1,0,77.81208645787385,6,27,2,19,10,29,2,49,30,23,11,1,1,17,10,6,12,72,41,26,9,103,89,8,1,6,2267,0,0,1,7,19.01032497163567,64.79617513839959,64.58333333333333,126,7.019185774450164,35.714285714285715,58.8235294117647,65.85365853658537,4.5,2,1,21,77.81208645787385
S43G01N214,2023-2024,20240229,602,away,35,22,2,18,10,28,3,34,23,20,5,2,2,33,23,1,2,54,28,20,11,84,87,3,0,13,2269,0,0,0,13,-19.01032497163567,61.29597197898424,56.48148148148148,93,15.947006869479884,34.48275862068966,69.6969696969697,78.57142857142857,1.6923076923076923,2,1,0,77.74349933891583,6,27,2,19,10,29,2,49,30,23,11,1,1,17,10,6,12,72,41,27,9,103,89,8,1,6,2269,0,0,1,7,19.01032497163567,64.79617513839959,64.58333333333333,126,7.019185774450164,35.714285714285715,58.8235294117647,65.85365853658537,4.5,2,1,21,77.74349933891583
S43G01N214,2023-2024,20240229,603,away,35,22,2,18,10,28,3,34,23,20,5,2,2,33,23,1,2,54,28,20,11,84,87,3,0,13,2269,0,0,0,13,-19.01032497163567,61.29597197898424,56.48148148148148,93,15.947006869479884,34.48275862068966,69.6969696969697,78.57142857142857,1.6923076923076923,2,1,0,77.74349933891583,6,27,2,19,10,29,2,49,30,23,11,1,1,17,10,6,12,72,41,27,9,103,89,8,1,6,2269,0,0,1,7,19.01032497163567,64.79617513839959,64.58333333333333,126,7.019185774450164,35.714285714285715,58.8235294117647,65.85365853658537,4.5,2,1,21,77.74349933891583
S43G01N214,2023-2024,20240229,604,away,35,22,2,18,10,28,3,34,23,20,5,2,2,33,23,1,2,54,28,20,11,84,87,3,0,13,2269,0,0,0,13,-19.01032497163567,61.29597197898424,56.48148148148148,93,15.947006869479884,34.48275862068966,69.6969696969697,78.57142857142857,1.6923076923076923,2,1,0,77.74349933891583,6,27,2,19,10,29,2,49,30,23,11,1,1,17,10,6,12,72,41,27,9,103,89,8,1,6,2269,0,0,1,7,19.01032497163567,64.79617513839959,64.58333333333333,126,7.019185774450164,35.714285714285715,58.8235294117647,65.85365853658537,4.5,2,1,21,77.74349933891583
S43G01N214,2023-2024,20240229,605,away,35,22,2,18,10,28,3,34,23,20,5,2,2,33,23,1,2,54,28,20,11,84,87,3,0,13,2269,0,0,0,13,-19.01032497163567,61.29597197898424,56.48148148148148,93,15.947006869479884,34.48275862068966,69.6969696969697,78.57142857142857,1.6923076923076923,2,1,0,77.74349933891583,6,27,2,19,10,29,2,49,30,23,11,1,1,17,10,6,12,72,41,27,9,103,89,8,1,6,2269,0,0,1,7,19.01032497163567,64.79617513839959,64.58333333333333,126,7.019185774450164,35.714285714285715,58.8235294117647,65.85365853658537,4.5,2,1,21,77.74349933891583
S43G01N214,2023-2024,20240229,606,away,35,22,2,18,10,28,3,34,23,20,5,2,2,33,23,1,2,54,28,20,11,84,87,3,0,13,2269,0,0,0,13,-19.01032497163567,61.29597197898424,56.48148148148148,93,15.947006869479884,34.48275862068966,69.6969696969697,78.57142857142857,1.6923076923076923,2,1,0,77.74349933891583,6,27,2,19,10,29,2,49,30,23,11,1,1,17,10,6,12,72,41,27,9,103,89,8,1,6,2269,0,0,1,7,19.01032497163567,64.79617513839959,64.58333333333333,126,7.019185774450164,35.714285714285715,58.8235294117647,65.85365853658537,4.5,2,1,21,77.74349933891583
S43G01N214,2023-2024,20240229,607,away,35,22,2,18,10,28,3,34,23,20,5,2,2,33,23,1,2,54,28,20,11,84,87,3,0,13,2269,0,0,0,13,-19.01032497163567,61.29597197898424,56.48148148148148,93,15.947006869479884,34.48275862068966,69.6969696969697,78.57142857142857,1.6923076923076923,2,1,0,77.74349933891583,6,27,2,19,10,29,2,49,30,23,11,1,1,17,10,6,12,72,41,27,9,103,89,8,1,6,2269,0,0,1,7,19.01032497163567,64.79617513839959,64.58333333333333,126,7.019185774450164,35.714285714285715,58.8235294117647,65.85365853658537,4.5,2,1,21,77.74349933891583
S43G01N214,2023-2024,20240229,608,away,35,22,2,18,10,28,3,34,23,20,5,2,2,33,23,1,2,54,28,20,11,84,87,3,0,13,2269,0,0,0,13,-19.01032497163567,61.29597197898424,56.48148148148148,93,15.947006869479884,34.48275862068966,69.6969696969697,78.57142857142857,1.6923076923076923,2,1,0,77.74349933891583,6,27,2,19,10,29,2,49,30,23,11,1,1,17,10,6,12,72,41,27,9,103,89,8,1,6,2269,0,0,1,7,19.01032497163567,64.79617513839959,64.58333333333333,126,7.019185774450164,35.714285714285715,58.8235294117647,65.85365853658537,4.5,2,1,21,77.74349933891583
S43G01N214,2023-2024,20240229,609,away,35,22,2,18,10,28,3,34,23,20,5,2,2,33,23,1,2,54,28,20,11,84,87,3,0,13,2269,0,0,0,13,-19.01032497163567,61.29597197898424,56.48148148148148,93,15.947006869479884,34.48275862068966,69.6969696969697,78.57142857142857,1.6923076923076923,2,1,0,77.74349933891583,6,27,2,19,10,29,2,49,30,23,11,1,1,17,10,6,12,72,41,27,9,103,89,8,1,6,2269,0,0,1,7,19.01032497163567,64.79617513839959,64.58333333333333,126,7.019185774450164,35.714285714285715,58.8235294117647,65.85365853658537,4.5,2,1,21,77.74349933891583
S43G01N214,2023-2024,20240229,610,away,35,22,2,18,10,28,3,34,23,20,5,2,2,33,23,1,2,54,28,20,11,84,87,3,0,13,2269,0,0,0,13,-19.01032497163567,61.29597197898424,56.48148148148148,93,15.947006869479884,34.48275862068966,69.6969696969697,78.57142857142857,1.6923076923076923,2,1,0,77.74349933891583,6,27,2,19,10,29,2,49,30,23,11,1,1,17,10,6,12,72,41,27,9,103,89,8,1,6,2269,0,0,1,7,19.01032497163567,64.79617513839959,64.58333333333333,126,7.019185774450164,35.714285714285715,58.8235294117647,65.85365853658537,4.5,2,1,21,77.74349933891583
S43G01N214,2023-2024,20240229,611,away,35,22,2,18,10,28,3,34,23,20,5,2,2,33,23,1,2,54,28,20,11,84,87,3,0,13,2269,0,0,0,13,-19.01032497163567,61.29597197898424,56.48148148148148,93,15.947006869479884,34.48275862068966,69.6969696969697,78.57142857142857,1.6923076923076923,2,1,0,77.74349933891583,6,27,2,19,10,29,2,49,30,23,11,1,1,17,10,6,12,72,41,27,9,103,89,8,1,6,2269,0,0,1,7,19.01032497163567,64.79617513839959,64.58333333333333,126,7.019185774450164,35.714285714285715,58.8235294117647,65.85365853658537,4.5,2,1,21,77.74349933891583
S43G01N214,2023-2024,20240229,612,away,35,22,2,18,10,28,3,34,23,20,5,2,2,33,23,1,2,54,28,20,11,84,87,3,0,13,2269,0,0,0,13,-19.01032497163567,61.29597197898424,56.48148148148148,93,15.947006869479884,34.48275862068966,69.6969696969697,78.57142857142857,1.6923076923076923,2,1,0,77.74349933891583,6,27,2,19,10,29,2,49,30,23,11,1,1,17,10,6,12,72,41,27,9,103,89,8,1,6,2269,0,0,1,7,19.01032497163567,64.79617513839959,64.58333333333333,126,7.019185774450164,35.714285714285715,58.8235294117647,65.85365853658537,4.5,2,1,21,77.74349933891583
S43G01N214,2023-2024,20240229,613,away,35,22,2,18,10,28,3,34,23,20,5,2,2,34,24,1,2,54,28,20,11,85,88,3,0,13,2269,0,0,0,13,-18.3388109687034,61.62993039443155,56.48148148148148,94,15.861395802830648,34.48275862068966,70.58823529411765,78.57142857142857,1.6923076923076923,3,1,0,77.97620096959014,6,27,2,19,10,29,2,49,30,23,11,1,1,17,10,6,12,72,41,27,9,103,89,8,1,6,2269,0,0,1,7,18.3388109687034,64.79617513839959,64.58333333333333,126,7.019185774450164,35.714285714285715,58.8235294117647,65.85365853658537,4.5,3,1,21,77.97620096959014
S43G01N214,2023-2024,20240229,614,away,35,22,2,18,10,28,3,34,23,20,5,2,2,35,25,1,2,54,28,20,11,86,89,3,0,13,2269,0,0,0,13,-17.67545901442554,61.95965417867435,56.48148148148148,95,15.776699029126213,34.48275862068966,71.42857142857143,78.57142857142857,1.6923076923076923,4,1,0,78.20890260026444,6,27,2,19,10,29,2,49,30,23,11,1,1,17,10,6,12,72,41,27,9,103,89,8,1,6,2269,0,0,1,7,17.67545901442554,64.79617513839959,64.58333333333333,126,7.019185774450164,35.714285714285715,58.8235294117647,65.85365853658537,4.5,4,1,21,78.20890260026444
S43G01N214,2023-2024,20240229,615,away,35,22,2,18,10,28,3,34,23,20,5,2,2,35,25,1,2,54,28,21,11,86,89,3,0,13,2286,0,0,0,13,-17.67545901442554,61.95965417867435,56.48148148148148,95,15.776699029126213,34.48275862068966,71.42857142857143,78.57142857142857,1.6923076923076923,4,1,0,77.62729658792651,6,27,2,19,10,29,2,49,30,23,11,1,1,17,10,6,12,72,41,27,9,103,89,8,1,6,2286,0,0,1,7,17.67545901442554,64.79617513839959,64.58333333333333,126,7.019185774450164,35.714285714285715,58.8235294117647,65.85365853658537,4.5,4,1,21,77.62729658792651
S43G01N214,2023-2024,20240229,616,away,35,22,2,18,10,28,3,34,23,20,5,2,2,35,25,1,2,54,28,21,11,86,89,3,0,13,2286,0,0,0,13,-17.67545901442554,61.95965417867435,56.48148148148148,95,15.776699029126213,34.48275862068966,71.42857142857143,78.57142857142857,1.6923076923076923,4,1,0,77.62729658792651,6,27,2,19,10,29,2,49,30,23,11,1,1,17,10,6,12,72,41,27,9,103,89,8,1,6,2286,0,0,1,7,17.67545901442554,64.79617513839959,64.58333333333333,126,7.019185774450164,35.714285714285715,58.8235294117647,65.85365853658537,4.5,4,1,21,77.62729658792651
S43G01N214,2023-2024,20240229,617,away,35,22,2,18,10,28,3,34,23,20,5,2,2,35,25,1,2,54,28,21,11,86,89,3,0,13,2286,0,0,1,13,-17.67545901442554,61.95965417867435,56.48148148148148,95,15.776699029126213,34.48275862068966,71.42857142857143,78.57142857142857,1.6923076923076923,4,1,0,77.62729658792651,6,27,2,19,10,29,2,49,30,23,11,1,1,17,10,6,12,72,41,27,9,103,89,8,1,6,2286,0,0,1,7,17.67545901442554,64.79617513839959,64.58333333333333,126,7.019185774450164,35.714285714285715,58.8235294117647,65.85365853658537,4.5,4,1,21,77.62729658792651
S43G01N214,2023-2024,20240229,618,away,35,22,2,18,10,28,3,34,23,20,5,2,2,35,25,1,2,54,28,21,11,86,89,3,0,13,2286,0,0,1,13,-17.67545901442554,61.95965417867435,56.48148148148148,95,15.776699029126213,34.48275862068966,71.42857142857143,78.57142857142857,1.6923076923076923,4,1,0,77.62729658792651,6,27,2,19,10,29,2,49,30,23,11,1,1,17,10,6,12,72,41,27,9,103,89,8,1,6,2286,0,0,1,7,17.67545901442554,64.79617513839959,64.58333333333333,126,7.019185774450164,35.714285714285715,58.8235294117647,65.85365853658537,4.5,4,1,21,77.62729658792651
S43G01N214,2023-2024,20240229,619,away,35,22,2,18,10,28,3,34,23,20,5,2,2,35,25,1,2,54,28,21,11,86,89,3,0,13,2286,0,0,1,13,-17.67545901442554,61.95965417867435,56.48148148148148,95,15.776699029126213,34.48275862068966,71.42857142857143,78.57142857142857,1.6923076923076923,4,1,0,77.62729658792651,6,27,2,19,10,29,2,49,30,23,11,1,1,17,10,6,12,72,41,27,9,103,89,8,1,6,2286,0,0,1,7,17.67545901442554,64.79617513839959,64.58333333333333,126,7.019185774450164,35.714285714285715,58.8235294117647,65.85365853658537,4.5,4,1,21,77.62729658792651
S43G01N214,2023-2024,20240229,620,away,35,22,2,18,10,28,3,34,23,20,5,2,2,35,25,1,2,54,28,21,11,86,89,3,0,13,2286,0,0,1,13,-17.67545901442554,61.95965417867435,56.48148148148148,95,15.776699029126213,34.48275862068966,71.42857142857143,78.57142857142857,1.6923076923076923,4,1,0,77.62729658792651,6,27,2,19,10,29,2,49,30,23,11,1,1,17,10,6,12,72,41,27,9,103,89,8,1,6,2286,0,0,1,7,17.67545901442554,64.79617513839959,64.58333333333333,126,7.019185774450164,35.714285714285715,58.8235294117647,65.85365853658537,4.5,4,1,21,77.62729658792651
S43G01N214,2023-2024,20240229,621,away,35,22,2,18,10,28,3,34,23,20,5,2,2,35,25,1,2,54,28,21,11,86,89,3,0,13,2286,0,0,1,13,-16.884595008412447,61.95965417867435,56.48148148148148,95,15.776699029126213,34.48275862068966,71.42857142857143,78.57142857142857,1.6923076923076923,4,1,0,77.85826771653542,6,27,2,19,10,29,2,49,30,23,11,1,1,18,10,6,12,72,41,27,9,103,90,8,1,6,2286,0,0,1,7,16.884595008412447,64.43943943943944,64.58333333333333,125,6.983240223463687,35.714285714285715,55.55555555555556,65.85365853658537,4.5,4,1,21,77.85826771653542
S43G01N214,2023-2024,20240229,622,away,35,22,2,18,10,28,3,34,23,20,5,2,2,35,25,1,2,54,28,21,11,86,89,3,0,13,2286,0,0,1,13,-17.41243137334348,61.95965417867435,56.48148148148148,95,15.776699029126213,34.48275862068966,71.42857142857143,78.57142857142857,1.6923076923076923,1,1,0,78.08923884514435,6,27,2,19,10,29,2,49,30,23,11,1,1,19,11,6,12,72,41,27,9,104,91,8,1,6,2286,0,0,1,7,17.41243137334348,64.70881035340966,64.58333333333333,126,6.947660954145438,35.714285714285715,57.89473684210526,65.85365853658537,4.5,1,1,21,78.08923884514435
S43G01N214,2023-2024,20240229,623,away,35,22,2,18,10,28,3,34,23,21,5,2,2,35,25,1,2,55,28,21,11,86,90,3,0,13,2295,0,0,1,13,-19.03074922602387,61.079545454545446,55.45454545454545,94,15.587529976019184,34.48275862068966,71.42857142857143,78.57142857142857,1.6923076923076923,1,1,0,78.30588235294118,6,27,2,19,10,29,2,49,30,23,11,1,1,19,11,6,12,72,41,27,9,104,91,8,1,6,2295,0,0,1,7,19.03074922602387,64.70881035340966,64.58333333333333,126,6.947660954145438,35.714285714285715,57.89473684210526,65.85365853658537,4.5,1,1,21,78.30588235294118
S43G01N214,2023-2024,20240229,624,away,35,22,2,18,10,28,3,34,23,21,5,2,2,35,25,1,2,55,28,21,11,86,90,3,0,13,2296,0,0,1,13,-19.03074922602387,61.079545454545446,55.45454545454545,94,15.587529976019184,33.333333333333336,71.42857142857143,78.57142857142857,1.6923076923076923,1,1,0,78.27177700348432,6,27,2,20,10,30,2,49,30,23,11,1,1,19,11,6,12,72,41,27,9,104,91,8,1,6,2296,0,0,1,7,19.03074922602387,64.70881035340966,64.58333333333333,127,6.947660954145438,35.714285714285715,57.89473684210526,65.85365853658537,4.5,1,1,21,78.27177700348432
S43G01N214,2023-2024,20240229,625,away,35,22,2,18,10,28,3,34,23,21,5,2,2,35,25,1,2,55,28,21,11,86,90,3,0,13,2314,0,0,1,13,-17.27018870689146,61.079545454545446,55.45454545454545,94,15.587529976019184,33.333333333333336,71.42857142857143,78.57142857142857,1.6923076923076923,1,1,0,78.18150388936904,6,27,2,20,10,30,2,49,30,24,11,1,1,19,11,6,12,73,41,27,9,104,92,8,1,6,2314,0,0,1,7,17.27018870689146,63.91347099311701,63.6986301369863,126,6.868131868131869,35.714285714285715,57.89473684210526,65.85365853658537,4.5,1,1,21,78.18150388936904
S43G01N214,2023-2024,20240229,626,away,35,22,2,18,10,28,3,34,23,21,5,2,2,35,25,1,2,55,28,21,11,86,90,3,0,13,2314,0,0,1,13,-17.27018870689146,61.079545454545446,55.45454545454545,94,15.587529976019184,33.333333333333336,71.42857142857143,78.57142857142857,1.6923076923076923,1,1,0,78.18150388936904,6,27,2,20,10,30,3,49,30,24,11,1,1,19,11,6,12,73,41,27,9,104,92,8,1,6,2314,0,0,1,7,17.27018870689146,63.91347099311701,63.6986301369863,127,6.868131868131869,35.714285714285715,57.89473684210526,65.85365853658537,4.5,1,1,21,78.18150388936904
S43G01N214,2023-2024,20240229,627,away,35,22,2,18,10,28,3,34,23,21,5,2,2,35,25,1,2,55,28,21,11,86,90,3,0,13,2314,0,0,1,13,-17.27018870689146,61.079545454545446,55.45454545454545,94,15.587529976019184,33.333333333333336,71.42857142857143,78.57142857142857,1.6923076923076923,1,1,0,78.18150388936904,6,27,2,20,10,30,3,49,30,24,11,1,1,19,11,6,12,73,41,27,9,104,92,8,1,6,2314,0,0,1,7,17.27018870689146,63.91347099311701,63.6986301369863,127,6.868131868131869,35.714285714285715,57.89473684210526,65.85365853658537,4.5,1,1,21,78.18150388936904
S43G01N214,2023-2024,20240229,628,away,35,22,2,18,10,28,3,34,23,21,5,2,2,35,25,1,2,55,28,21,11,86,90,3,0,13,2314,0,0,1,13,-17.27018870689146,61.079545454545446,55.45454545454545,94,15.587529976019184,33.333333333333336,71.42857142857143,78.57142857142857,1.6923076923076923,1,1,0,78.18150388936904,6,27,2,20,10,30,3,49,30,24,11,1,1,19,11,6,12,73,41,27,9,104,92,8,1,6,2314,0,0,1,7,17.27018870689146,63.91347099311701,63.6986301369863,127,6.868131868131869,35.714285714285715,57.89473684210526,65.85365853658537,4.5,1,1,21,78.18150388936904
S43G01N214,2023-2024,20240229,629,away,35,22,2,18,10,28,3,34,23,21,5,2,2,35,25,1,2,55,28,21,11,86,90,3,0,13,2322,0,0,1,13,-15.554563372014584,61.079545454545446,55.45454545454545,94,15.587529976019184,33.333333333333336,71.42857142857143,78.57142857142857,1.6923076923076923,1,1,0,78.42894056847544,6,27,2,20,10,30,3,49,30,24,11,1,1,19,11,6,12,73,41,27,9,104,92,8,1,7,2322,0,0,1,8,15.554563372014584,63.91347099311701,63.6986301369863,126,7.922136713444997,35.714285714285715,57.89473684210526,65.85365853658537,3.857142857142857,1,1,21,78.42894056847544
S43G01N214,2023-2024,20240229,630,away,35,22,2,18,10,28,3,34,23,21,5,2,2,35,25,1,2,55,28,21,11,86,90,4,0,13,2323,0,0,1,13,-15.554563372014584,61.079545454545446,55.45454545454545,95,15.587529976019184,33.333333333333336,71.42857142857143,78.57142857142857,1.6923076923076923,1,1,0,78.39517864829962,6,27,2,20,10,30,3,49,30,24,11,1,1,19,11,6,12,73,41,27,9,104,92,8,1,7,2323,0,0,1,8,15.554563372014584,63.91347099311701,63.6986301369863,126,7.922136713444997,35.714285714285715,57.89473684210526,65.85365853658537,3.857142857142857,1,1,21,78.39517864829962
S43G01N214,2023-2024,20240229,631,away,35,22,2,18,10,28,3,35,23,21,5,2,2,35,25,1,2,56,28,21,11,86,91,4,0,13,2326,0,0,1,13,-17.12937805661217,60.224089635854334,54.464285714285715,94,15.402843601895734,33.333333333333336,71.42857142857143,78.57142857142857,1.6923076923076923,1,1,0,78.80997420464315,6,27,2,20,10,30,3,49,30,24,11,1,1,19,11,6,12,73,41,27,9,104,92,8,1,7,2326,0,0,1,8,17.12937805661217,63.91347099311701,63.6986301369863,126,7.922136713444997,35.714285714285715,57.89473684210526,65.85365853658537,3.857142857142857,1,1,21,78.80997420464315
S43G01N214,2023-2024,20240229,632,away,35,22,2,18,10,28,3,35,23,21,5,2,2,35,25,1,2,56,28,21,11,86,91,4,0,13,2328,0,0,1,13,-17.12937805661217,60.224089635854334,54.464285714285715,94,15.402843601895734,32.25806451612903,71.42857142857143,78.57142857142857,1.6923076923076923,1,1,0,78.7422680412371,6,27,2,21,10,31,3,49,30,24,11,1,1,19,11,6,12,73,41,27,9,104,92,8,1,7,2328,0,0,1,8,17.12937805661217,63.91347099311701,63.6986301369863,127,7.922136713444997,35.714285714285715,57.89473684210526,65.85365853658537,3.857142857142857,1,1,21,78.7422680412371
S43G01N214,2023-2024,20240229,633,away,35,22,2,18,10,28,3,35,23,21,5,2,2,35,25,1,2,56,28,21,11,86,91,4,0,13,2332,0,0,1,13,-15.456989247311853,60.224089635854334,54.464285714285715,94,15.402843601895734,32.25806451612903,71.42857142857143,78.57142857142857,1.6923076923076923,1,1,0,79.12178387650084,6,27,2,21,10,31,3,49,30,24,11,1,1,19,11,6,12,73,41,27,9,104,92,8,1,8,2332,0,0,1,9,15.456989247311853,63.91347099311701,63.6986301369863,126,8.952551477170994,35.714285714285715,57.89473684210526,65.85365853658537,3.375,1,1,21,79.12178387650084
S43G01N214,2023-2024,20240229,634,away,35,22,2,18,10,28,3,36,23,21,5,2,2,35,25,1,2,57,28,21,11,86,92,4,0,13,2353,0,0,1,13,-16.99003165910844,59.392265193370164,53.50877192982456,93,15.222482435597188,32.25806451612903,71.42857142857143,78.57142857142857,1.6923076923076923,1,1,0,78.92562685932852,6,27,2,21,10,31,3,49,30,24,11,1,1,19,11,6,12,73,41,27,9,104,92,8,1,8,2353,0,0,1,9,16.99003165910844,63.91347099311701,63.6986301369863,126,8.952551477170994,35.714285714285715,57.89473684210526,65.85365853658537,3.375,1,1,21,78.92562685932852
S43G01N214,2023-2024,20240229,635,away,35,22,2,18,10,28,3,36,23,21,5,2,2,35,25,1,2,57,28,21,11,86,92,4,0,13,2354,0,0,1,13,-16.99003165910844,59.392265193370164,53.50877192982456,93,15.222482435597188,31.25,71.42857142857143,78.57142857142857,1.6923076923076923,1,1,0,78.89209855564995,6,27,2,22,10,32,3,49,30,24,11,1,1,19,11,6,12,73,41,27,9,104,92,8,1,8,2354,0,0,1,9,16.99003165910844,63.91347099311701,63.6986301369863,127,8.952551477170994,35.714285714285715,57.89473684210526,65.85365853658537,3.375,1,1,21,78.89209855564995
S43G01N214,2023-2024,20240229,636,away,35,22,2,18,10,28,3,36,23,21,5,2,2,35,25,1,2,57,28,21,11,86,92,4,0,13,2371,0,0,1,13,-17.848065667361624,59.392265193370164,53.50877192982456,93,15.222482435597188,31.25,71.42857142857143,78.57142857142857,1.6923076923076923,3,1,0,78.83256010122311,6,27,2,22,10,32,3,50,31,24,11,1,1,19,11,6,12,74,42,27,9,106,93,8,1,8,2371,0,0,1,9,17.848065667361624,64.35162700339971,64.1891891891892,129,8.853474988933156,35.714285714285715,57.89473684210526,64.28571428571429,3.375,3,1,21,78.83256010122311
S43G01N214,2023-2024,20240229,637,away,35,22,2,18,10,28,3,36,23,22,5,2,2,35,25,1,2,58,28,21,11,86,93,4,0,13,2382,0,0,1,13,-19.340976078849394,58.58310626702997,52.58620689655172,92,15.046296296296296,31.25,71.42857142857143,78.57142857142857,1.6923076923076923,3,1,0,78.97229219143577,6,27,2,22,10,32,3,50,31,24,11,1,1,19,11,6,12,74,42,27,9,106,93,8,1,8,2382,0,0,1,9,19.340976078849394,64.35162700339971,64.1891891891892,129,8.853474988933156,35.714285714285715,57.89473684210526,64.28571428571429,3.375,3,1,21,78.97229219143577
S43G01N214,2023-2024,20240229,638,away,35,22,2,18,10,28,3,36,23,22,5,2,2,35,25,1,2,58,28,21,11,86,93,4,0,13,2383,0,0,1,13,-19.340976078849394,58.58310626702997,52.58620689655172,92,15.046296296296296,30.303030303030305,71.42857142857143,78.57142857142857,1.6923076923076923,3,1,0,78.93915232899705,6,27,2,23,10,33,3,50,31,24,11,1,1,19,11,6,12,74,42,27,9,106,93,8,1,8,2383,0,0,1,9,19.340976078849394,64.35162700339971,64.1891891891892,130,8.853474988933156,35.714285714285715,57.89473684210526,64.28571428571429,3.375,3,1,21,78.93915232899705
S43G01N214,2023-2024,20240229,639,away,35,22,2,18,10,28,3,36,23,22,5,2,2,35,25,1,2,58,28,21,11,86,93,4,0,13,2383,0,0,1,13,-19.340976078849394,58.58310626702997,52.58620689655172,92,15.046296296296296,30.303030303030305,71.42857142857143,78.57142857142857,1.6923076923076923,3,1,0,78.93915232899705,6,27,2,23,10,33,3,50,31,24,11,1,1,19,11,6,12,74,42,27,9,106,93,8,1,8,2383,0,0,1,9,19.340976078849394,64.35162700339971,64.1891891891892,130,8.853474988933156,35.714285714285715,57.89473684210526,64.28571428571429,3.375,3,1,21,78.93915232899705
S43G01N214,2023-2024,20240229,640,away,35,22,2,18,10,28,3,36,23,22,5,2,2,35,25,1,2,58,28,21,11,86,93,4,0,13,2400,0,0,1,13,-19.340976078849394,58.58310626702997,52.58620689655172,92,15.046296296296296,30.303030303030305,71.42857142857143,78.57142857142857,1.6923076923076923,3,1,0,78.38,6,27,2,23,10,33,3,50,31,24,11,1,1,19,11,6,12,74,42,27,9,106,93,8,1,8,2400,0,0,1,9,19.340976078849394,64.35162700339971,64.1891891891892,130,8.853474988933156,35.714285714285715,57.89473684210526,64.28571428571429,3.375,3,1,21,78.38
S43G01N214,2023-2024,20240229,641,away,35,22,2,18,10,28,3,36,23,22,5,2,2,35,25,1,2,58,28,21,11,86,93,4,0,13,2400,0,0,1,13,-19.340976078849394,58.58310626702997,52.58620689655172,92,15.046296296296296,30.303030303030305,71.42857142857143,78.57142857142857,1.6923076923076923,3,1,0,78.38,6,27,2,23,10,33,3,50,31,24,11,1,1,19,11,6,12,74,42,27,9,106,93,8,1,8,2400,0,0,1,9,19.340976078849394,64.35162700339971,64.1891891891892,130,8.853474988933156,35.714285714285715,57.89473684210526,64.28571428571429,3.375,3,1,21,78.38
S43G01N214,2023-2024,20240229,642,away,35,22,2,18,10,28,3,36,23,22,5,2,2,35,25,1,2,58,28,21,11,86,93,4,0,13,2400,0,0,1,13,-19.340976078849394,58.58310626702997,52.58620689655172,92,15.046296296296296,30.303030303030305,71.42857142857143,78.57142857142857,1.6923076923076923,3,1,0,78.38,6,27,2,23,10,33,3,50,31,24,11,1,1,19,11,6,12,74,42,27,9,106,93,8,1,8,2400,0,0,1,9,19.340976078849394,64.35162700339971,64.1891891891892,130,8.853474988933156,35.714285714285715,57.89473684210526,64.28571428571429,3.375,3,1,21,78.38
S43G01N214,2023-2024,20240229,643,away,35,22,2,18,10,28,3,36,23,22,5,2,2,35,25,1,2,58,28,21,11,86,93,4,0,13,2400,0,0,1,13,-19.340976078849394,58.58310626702997,52.58620689655172,92,15.046296296296296,30.303030303030305,71.42857142857143,78.57142857142857,1.6923076923076923,3,1,0,78.38,6,27,2,23,10,33,3,50,31,24,11,1,1,19,11,6,12,74,42,27,9,106,93,8,1,8,2400,0,0,1,9,19.340976078849394,64.35162700339971,64.1891891891892,130,8.853474988933156,35.714285714285715,57.89473684210526,64.28571428571429,3.375,3,1,21,78.38
S43G01N214,2023-2024,20240229,644,away,35,22,2,18,10,28,3,36,23,22,5,2,2,35,25,1,2,58,28,21,11,86,93,4,0,13,2400,0,0,1,13,-19.340976078849394,58.58310626702997,52.58620689655172,92,15.046296296296296,30.303030303030305,71.42857142857143,78.57142857142857,1.6923076923076923,3,1,0,78.38,6,27,2,23,10,33,3,50,31,24,11,1,1,19,11,6,12,74,42,27,9,106,93,8,1,8,2400,0,0,1,9,19.340976078849394,64.35162700339971,64.1891891891892,130,8.853474988933156,35.714285714285715,57.89473684210526,64.28571428571429,3.375,3,1,21,78.38
S43G01N214,2023-2024,20240229,645,away,35,22,2,18,10,28,3,36,23,22,5,2,2,35,25,1,2,58,28,21,11,86,93,4,0,13,2400,0,0,1,13,-19.340976078849394,58.58310626702997,52.58620689655172,92,15.046296296296296,30.303030303030305,71.42857142857143,78.57142857142857,1.6923076923076923,3,1,0,78.38,6,27,2,23,10,33,3,50,31,24,11,1,1,19,11,6,12,74,42,27,9,106,93,8,1,8,2400,0,0,1,9,19.340976078849394,64.35162700339971,64.1891891891892,130,8.853474988933156,35.714285714285715,57.89473684210526,64.28571428571429,3.375,3,1,21,78.38
S43G01N214,2023-2024,20240229,646,away,35,22,2,18,10,28,3,36,23,22,5,2,2,35,25,1,2,58,28,21,11,86,93,4,0,13,2400,0,0,1,13,-19.340976078849394,58.58310626702997,52.58620689655172,92,15.046296296296296,30.303030303030305,71.42857142857143,78.57142857142857,1.6923076923076923,3,1,0,78.38,6,27,2,23,10,33,3,50,31,24,11,1,1,19,11,6,12,74,42,27,9,106,93,8,1,8,2400,0,0,1,9,19.340976078849394,64.35162700339971,64.1891891891892,130,8.853474988933156,35.714285714285715,57.89473684210526,64.28571428571429,3.375,3,1,21,78.38
S43G01N214,2023-2024,20240229,647,away,35,22,2,18,10,28,3,36,23,22,5,2,2,35,25,1,2,58,28,21,11,86,93,4,0,13,2400,0,0,1,13,-19.340976078849394,58.58310626702997,52.58620689655172,92,15.046296296296296,30.303030303030305,71.42857142857143,78.57142857142857,1.6923076923076923,3,1,0,78.38,6,27,2,23,10,33,3,50,31,24,11,1,1,19,11,6,12,74,42,27,9,106,93,8,1,8,2400,0,0,1,9,19.340976078849394,64.35162700339971,64.1891891891892,130,8.853474988933156,35.714285714285715,57.89473684210526,64.28571428571429,3.375,3,1,21,78.38
S43G01N214,2023-2024,20240229,648,away,35,22,2,18,10,28,3,36,23,22,5,2,2,35,25,1,2,58,28,21,11,86,93,4,0,13,2400,0,0,1,13,-19.340976078849394,58.58310626702997,52.58620689655172,92,15.046296296296296,30.303030303030305,71.42857142857143,78.57142857142857,1.6923076923076923,3,1,0,78.38,6,27,2,23,10,33,3,50,31,24,11,1,1,19,11,6,12,74,42,27,9,106,93,8,1,8,2400,0,0,1,9,19.340976078849394,64.35162700339971,64.1891891891892,130,8.853474988933156,35.714285714285715,57.89473684210526,64.28571428571429,3.375,3,1,21,78.38
S43G01N214,2023-2024,20240229,649,away,35,22,2,18,10,28,3,36,23,22,5,2,2,35,25,1,2,58,28,21,11,86,93,4,0,13,2400,0,0,1,13,-19.340976078849394,58.58310626702997,52.58620689655172,92,15.046296296296296,30.303030303030305,71.42857142857143,78.57142857142857,1.6923076923076923,3,1,0,78.38,6,27,2,23,10,33,3,50,31,24,11,1,1,19,11,6,12,74,42,27,9,106,93,8,1,8,2400,0,0,1,9,19.340976078849394,64.35162700339971,64.1891891891892,130,8.853474988933156,35.714285714285715,57.89473684210526,64.28571428571429,3.375,3,1,21,78.38
