gameKey,seasonName,date,n,winner,H_TEAM,H_AST,H_BLK,H_DREB,H_OREB,H_PRB,H_TRB,H_2PA,H_2PM,H_3PA,H_3PM,H_DKA,H_DKM,H_FTA,H_FTM,H_SWA,H_SWM,H_FGA,H_FGM,H_TPF,H_PF,H_PP,H_PA,H_STL,H_TTO,H_PTO,H_MIN,H_UF,H_TF,H_EJ,H_TO,H_NR,H_TS%,H_eFG%,H_EFF,H_TOV%,H_OREB%,H_FT%,H_AST%,H_AST/TO%,H_CR,H_LC,H_LLP,H_PACE,A_TEAM,A_AST,A_BLK,A_DREB,A_OREB,A_PRB,A_TRB,A_2PA,A_2PM,A_3PA,A_3PM,A_DKA,A_DKM,A_FTA,A_FTM,A_SWA,A_SWM,A_FGA,A_FGM,A_TPF,A_PF,A_PP,A_PA,A_STL,A_TTO,A_PTO,A_MIN,A_UF,A_TF,A_EJ,A_TO,A_NR,A_TS%,A_eFG%,A_EFF,A_TOV%,A_OREB%,A_FT%,A_AST%,A_AST/TO%,A_CR,A_LC,A_LLP,A_PACE
S43G01N86,2023-2024,20231207,1,away,10,0,0,0,0,0,0,0,0,0,0,0,0,0,0,0,0,0,0,0,0,0,0,0,0,0,0,0,0,0,0,0.0,0.0,0.0,0,0.0,0.0,0.0,0.0,0.0,0,0,0,0.0,55,0,0,0,0,0,0,0,0,0,0,0,0,0,0,0,0,0,0,0,0,0,0,0,0,0,0,0,0,0,0,0.0,0.0,0.0,0,0.0,0.0,0.0,0.0,0.0,0,0,0,0.0
S43G01N86,2023-2024,20231207,2,away,10,0,0,0,0,0,0,0,0,0,0,0,0,0,0,0,0,0,0,0,0,0,0,0,0,0,0,0,0,0,0,0.0,0.0,0.0,0,0.0,0.0,0.0,0.0,0.0,0,0,0,0.0,55,0,0,0,0,0,0,0,0,0,0,0,0,0,0,0,0,0,0,0,0,0,0,0,0,0,0,0,0,0,0,0.0,0.0,0.0,0,0.0,0.0,0.0,0.0,0.0,0,0,0,0.0
S43G01N86,2023-2024,20231207,3,away,10,0,0,0,0,0,0,0,0,0,0,0,0,0,0,0,0,0,0,0,0,0,0,0,0,0,0,0,0,0,0,0.0,0.0,0.0,0,0.0,0.0,0.0,0.0,0.0,0,0,0,0.0,55,0,0,0,0,0,0,0,0,0,0,0,0,0,0,0,0,0,0,0,0,0,0,0,0,0,0,0,0,0,0,0.0,0.0,0.0,0,0.0,0.0,0.0,0.0,0.0,0,0,0,0.0
S43G01N86,2023-2024,20231207,4,away,10,0,0,0,0,0,0,0,0,0,0,0,0,0,0,0,0,0,0,0,0,0,0,0,0,0,0,0,0,0,0,0.0,0.0,0.0,0,0.0,0.0,0.0,0.0,0.0,0,0,0,0.0,55,0,0,0,0,0,0,0,0,0,0,0,0,0,0,0,0,0,0,0,0,0,0,0,0,0,0,0,0,0,0,0.0,0.0,0.0,0,0.0,0.0,0.0,0.0,0.0,0,0,0,0.0
S43G01N86,2023-2024,20231207,5,away,10,0,0,0,0,0,0,0,0,0,0,0,0,0,0,0,0,0,0,0,0,0,0,0,0,0,0,0,0,0,0,0.0,0.0,0.0,0,0.0,0.0,0.0,0.0,0.0,0,0,0,0.0,55,0,0,0,0,0,0,0,0,0,0,0,0,0,0,0,0,0,0,0,0,0,0,0,0,0,0,0,0,0,0,0.0,0.0,0.0,0,0.0,0.0,0.0,0.0,0.0,0,0,0,0.0
S43G01N86,2023-2024,20231207,6,away,10,0,0,0,0,0,0,0,0,0,0,0,0,0,0,0,0,0,0,0,0,0,0,0,0,0,0,0,0,0,0,0.0,0.0,0.0,0,0.0,0.0,0.0,0.0,0.0,0,0,0,0.0,55,0,0,0,0,0,0,0,0,0,0,0,0,0,0,0,0,0,0,0,0,0,0,0,0,0,0,0,0,0,0,0.0,0.0,0.0,0,0.0,0.0,0.0,0.0,0.0,0,0,0,0.0
S43G01N86,2023-2024,20231207,7,away,10,0,0,0,0,0,0,0,0,0,0,0,0,0,0,0,0,0,0,0,0,0,0,0,0,0,0,0,0,0,0,0.0,0.0,0.0,0,0.0,0.0,0.0,0.0,0.0,0,0,0,0.0,55,0,0,0,0,0,0,0,0,0,0,0,0,0,0,0,0,0,0,0,0,0,0,0,0,0,0,0,0,0,0,0.0,0.0,0.0,0,0.0,0.0,0.0,0.0,0.0,0,0,0,0.0
S43G01N86,2023-2024,20231207,8,away,10,0,0,0,0,0,0,0,0,0,0,0,0,0,0,0,0,0,0,0,0,0,0,0,0,0,0,0,0,0,0,0.0,0.0,0.0,0,0.0,0.0,0.0,0.0,0.0,0,0,0,0.0,55,0,0,0,0,0,0,0,0,0,0,0,0,0,0,0,0,0,0,0,0,0,0,0,0,0,0,0,0,0,0,0.0,0.0,0.0,0,0.0,0.0,0.0,0.0,0.0,0,0,0,0.0
S43G01N86,2023-2024,20231207,9,away,10,0,0,0,0,0,0,0,0,0,0,0,0,0,0,0,0,0,0,0,0,0,0,0,0,0,0,0,0,0,0,0.0,0.0,0.0,0,0.0,0.0,0.0,0.0,0.0,0,0,0,0.0,55,0,0,0,0,0,0,0,0,0,0,0,0,0,0,0,0,0,0,0,0,0,0,0,0,0,0,0,0,0,0,0.0,0.0,0.0,0,0.0,0.0,0.0,0.0,0.0,0,0,0,0.0
S43G01N86,2023-2024,20231207,10,away,10,0,0,0,0,0,0,0,0,0,0,0,0,0,0,0,0,0,0,0,0,0,0,0,0,0,0,0,0,0,0,0.0,0.0,0.0,0,0.0,0.0,0.0,0.0,0.0,0,0,0,0.0,55,0,0,0,0,0,0,0,0,0,0,0,0,0,0,0,0,0,0,0,0,0,0,0,0,0,0,0,0,0,0,0.0,0.0,0.0,0,0.0,0.0,0.0,0.0,0.0,0,0,0,0.0
S43G01N86,2023-2024,20231207,11,away,10,0,0,0,0,0,0,0,0,0,0,0,0,0,0,0,0,0,0,0,0,0,0,0,0,0,0,0,0,0,0,0.0,0.0,0.0,0,0.0,0.0,0.0,0.0,0.0,0,0,0,0.0,55,0,0,0,0,0,0,0,0,0,0,0,0,0,0,0,0,0,0,0,0,0,0,0,0,0,0,0,0,0,0,0.0,0.0,0.0,0,0.0,0.0,0.0,0.0,0.0,0,0,0,0.0
S43G01N86,2023-2024,20231207,12,away,10,0,0,0,0,0,0,1,0,0,0,0,0,0,0,0,0,1,0,0,0,0,1,0,0,0,27,0,0,0,0,0.0,0.0,0.0,-1,0.0,0.0,0.0,0.0,0.0,0,0,0,44.44444444444444,55,0,0,0,0,0,0,0,0,0,0,0,0,0,0,0,0,0,0,0,0,0,0,0,0,0,27,0,0,0,0,0.0,0.0,0.0,0,0.0,0.0,0.0,0.0,0.0,0,0,0,44.44444444444444
S43G01N86,2023-2024,20231207,13,away,10,0,0,0,1,1,0,1,0,0,0,0,0,0,0,0,0,1,0,0,0,0,1,0,0,0,28,0,0,0,0,0.0,0.0,0.0,0,0.0,100.0,0.0,0.0,0.0,0,0,0,0.0,55,0,0,0,0,0,0,0,0,0,0,0,0,0,0,0,0,0,0,0,0,0,0,0,0,0,28,0,0,0,0,0.0,0.0,0.0,0,0.0,0.0,0.0,0.0,0.0,0,0,0,0.0
S43G01N86,2023-2024,20231207,14,away,10,0,0,0,1,1,0,1,0,0,0,0,0,0,0,0,0,1,0,0,0,0,1,0,0,1,35,0,0,0,1,0.0,0.0,0.0,-1,50.0,100.0,0.0,0.0,0.0,0,0,0,34.285714285714285,55,0,0,0,0,0,0,0,0,0,0,0,0,0,0,0,0,0,0,0,0,0,0,0,0,0,35,0,0,0,0,0.0,0.0,0.0,0,0.0,0.0,0.0,0.0,0.0,0,0,0,34.285714285714285
S43G01N86,2023-2024,20231207,15,away,10,0,0,0,1,1,0,1,0,0,0,0,0,0,0,0,0,1,0,0,0,0,1,0,0,1,50,0,0,0,1,-200.0,0.0,0.0,-1,50.0,100.0,0.0,0.0,0.0,2,1,0,48.0,55,0,0,0,0,0,0,1,1,0,0,0,0,0,0,0,0,1,1,0,0,2,1,0,0,0,50,0,0,0,0,200.0,100.0,100.0,2,0.0,0.0,0.0,0.0,0.0,2,1,2,48.0
S43G01N86,2023-2024,20231207,16,away,10,0,0,0,1,1,0,1,0,0,0,0,0,0,0,0,0,1,0,0,0,0,1,0,0,2,61,0,0,0,2,-200.0,0.0,0.0,-2,66.66666666666667,100.0,0.0,0.0,0.0,2,1,0,59.016393442622956,55,0,0,0,0,0,0,1,1,0,0,0,0,0,0,0,0,1,1,0,0,2,1,0,0,0,61,0,0,0,0,200.0,100.0,100.0,2,0.0,0.0,0.0,0.0,0.0,2,1,2,59.016393442622956
S43G01N86,2023-2024,20231207,17,away,10,0,0,0,1,1,0,1,0,0,0,0,0,0,0,0,0,1,0,0,0,0,1,0,0,2,62,0,0,0,2,-200.0,0.0,0.0,-2,66.66666666666667,100.0,0.0,0.0,0.0,2,1,0,58.064516129032256,55,0,0,0,0,0,0,1,1,0,0,0,0,0,0,0,0,1,1,0,0,2,1,1,0,0,62,0,0,0,0,200.0,100.0,100.0,3,0.0,0.0,0.0,0.0,0.0,2,1,2,58.064516129032256
S43G01N86,2023-2024,20231207,18,away,10,0,0,0,1,1,0,1,0,0,0,0,0,0,0,0,0,1,0,0,0,0,1,0,0,2,66,0,0,0,2,-200.0,0.0,0.0,-2,66.66666666666667,100.0,0.0,0.0,0.0,4,1,0,72.72727272727273,55,0,0,0,0,0,0,2,2,0,0,0,0,0,0,0,0,2,2,0,0,4,2,1,0,0,66,0,0,0,0,200.0,100.0,100.0,5,0.0,0.0,0.0,0.0,0.0,4,1,4,72.72727272727273
S43G01N86,2023-2024,20231207,19,away,10,0,0,0,1,1,0,1,0,0,0,0,0,0,0,0,0,1,0,0,0,0,1,0,0,2,67,0,0,0,2,-200.0,0.0,0.0,-2,66.66666666666667,100.0,0.0,0.0,0.0,4,1,0,71.64179104477611,55,0,0,0,0,0,0,2,2,0,0,0,0,0,0,1,2,2,2,0,0,4,2,1,0,0,67,0,0,0,0,200.0,100.0,100.0,5,0.0,0.0,0.0,0.0,0.0,4,1,4,71.64179104477611
S43G01N86,2023-2024,20231207,20,away,10,0,0,0,1,1,0,2,0,0,0,0,0,0,0,0,0,2,0,0,0,0,2,0,0,2,87,0,0,0,2,-200.0,0.0,0.0,-3,50.0,100.0,0.0,0.0,0.0,4,1,0,68.9655172413793,55,0,0,0,0,0,0,2,2,0,0,0,0,0,0,1,2,2,2,0,0,4,2,1,0,0,87,0,0,0,0,200.0,100.0,100.0,5,0.0,0.0,0.0,0.0,0.0,4,1,4,68.9655172413793
S43G01N86,2023-2024,20231207,21,away,10,0,0,0,1,1,0,2,0,0,0,0,0,0,0,0,0,2,0,0,0,0,2,0,0,2,88,0,0,0,2,-200.0,0.0,0.0,-3,50.0,50.0,0.0,0.0,0.0,4,1,0,68.18181818181819,55,0,0,1,0,1,0,2,2,0,0,0,0,0,0,1,2,2,2,0,0,4,2,1,0,0,88,0,0,0,0,200.0,100.0,100.0,6,0.0,0.0,0.0,0.0,0.0,4,1,4,68.18181818181819
S43G01N86,2023-2024,20231207,22,away,10,0,0,0,1,1,0,2,0,0,0,0,0,0,0,0,0,2,0,0,0,0,2,0,0,2,96,0,0,0,2,-200.0,0.0,0.0,-3,50.0,50.0,0.0,0.0,0.0,6,1,0,75.0,55,0,0,1,0,1,0,3,3,0,0,0,0,0,0,1,2,3,3,0,0,6,3,1,0,0,96,0,0,0,0,200.0,100.0,100.0,8,0.0,0.0,0.0,0.0,0.0,6,1,6,75.0
S43G01N86,2023-2024,20231207,23,away,10,0,0,0,1,1,0,3,0,0,0,0,0,0,0,0,0,3,0,0,0,0,3,0,0,2,110,0,0,0,2,-200.0,0.0,0.0,-4,40.0,50.0,0.0,0.0,0.0,6,1,0,76.36363636363636,55,0,0,1,0,1,0,3,3,0,0,0,0,0,0,1,2,3,3,0,0,6,3,1,0,0,110,0,0,0,0,200.0,100.0,100.0,8,0.0,0.0,0.0,0.0,0.0,6,1,6,76.36363636363636
S43G01N86,2023-2024,20231207,24,away,10,0,0,0,2,2,0,3,0,0,0,0,0,0,0,0,0,3,0,0,0,0,3,0,0,2,111,0,0,0,2,-200.0,0.0,0.0,-3,40.0,66.66666666666667,0.0,0.0,0.0,6,1,0,64.86486486486487,55,0,0,1,0,1,0,3,3,0,0,0,0,0,0,1,2,3,3,0,0,6,3,1,0,0,111,0,0,0,0,200.0,100.0,100.0,8,0.0,0.0,0.0,0.0,0.0,6,1,6,64.86486486486487
S43G01N86,2023-2024,20231207,25,away,10,0,0,0,2,2,0,3,0,1,0,0,0,0,0,0,0,4,0,0,0,0,4,0,0,2,116,0,0,0,2,-200.0,0.0,0.0,-4,33.333333333333336,66.66666666666667,0.0,0.0,0.0,6,1,0,72.41379310344828,55,0,0,1,0,1,0,3,3,0,0,0,0,0,0,1,2,3,3,0,0,6,3,1,0,0,116,0,0,0,0,200.0,100.0,100.0,8,0.0,0.0,0.0,0.0,0.0,6,1,6,72.41379310344828
S43G01N86,2023-2024,20231207,26,away,10,0,0,0,3,3,0,3,0,1,0,0,0,0,0,0,0,4,0,0,0,0,4,0,0,2,119,0,0,0,2,-200.0,0.0,0.0,-3,33.333333333333336,75.0,0.0,0.0,0.0,6,1,0,60.50420168067227,55,0,0,1,0,1,0,3,3,0,0,0,0,0,0,1,2,3,3,0,0,6,3,1,0,0,119,0,0,0,0,200.0,100.0,100.0,8,0.0,0.0,0.0,0.0,0.0,6,1,6,60.50420168067227
S43G01N86,2023-2024,20231207,27,away,10,0,0,0,3,3,0,3,0,1,0,0,0,0,0,0,0,4,0,0,0,0,4,0,0,3,121,0,0,0,3,-200.0,0.0,0.0,-4,42.857142857142854,75.0,0.0,0.0,0.0,6,1,0,69.42148760330579,55,0,0,1,0,1,0,3,3,0,0,0,0,0,0,1,2,3,3,0,0,6,3,1,0,0,121,0,0,0,0,200.0,100.0,100.0,8,0.0,0.0,0.0,0.0,0.0,6,1,6,69.42148760330579
S43G01N86,2023-2024,20231207,28,away,10,0,0,0,3,3,0,3,0,1,0,0,0,0,0,0,0,4,0,0,0,0,4,0,0,3,123,0,0,0,3,-200.0,0.0,0.0,-4,42.857142857142854,75.0,0.0,0.0,0.0,6,1,0,68.29268292682927,55,0,0,1,0,1,0,3,3,0,0,0,0,0,0,1,2,3,3,0,0,6,3,2,0,0,123,0,0,0,0,200.0,100.0,100.0,9,0.0,0.0,0.0,0.0,0.0,6,1,6,68.29268292682927
S43G01N86,2023-2024,20231207,29,away,10,0,0,0,3,3,0,3,0,1,0,0,0,0,0,0,0,4,0,1,0,0,4,0,0,3,127,0,0,0,3,-200.0,0.0,0.0,-4,42.857142857142854,75.0,0.0,0.0,0.0,6,1,0,66.14173228346456,55,0,0,1,0,1,0,3,3,0,0,0,0,0,0,1,2,3,3,0,0,6,3,2,0,0,127,0,0,0,0,200.0,100.0,100.0,9,0.0,0.0,0.0,0.0,0.0,6,1,6,66.14173228346456
S43G01N86,2023-2024,20231207,30,away,10,0,0,0,3,3,0,3,0,1,0,0,0,0,0,0,0,4,0,1,0,0,4,0,0,3,127,0,0,0,3,-200.0,0.0,0.0,-4,42.857142857142854,75.0,0.0,0.0,0.0,6,1,0,66.14173228346456,55,0,0,1,0,1,0,3,3,0,0,0,0,0,0,1,2,3,3,0,0,6,3,2,0,0,127,0,0,0,0,200.0,100.0,100.0,9,0.0,0.0,0.0,0.0,0.0,6,1,6,66.14173228346456
S43G01N86,2023-2024,20231207,31,away,10,0,0,0,3,3,0,3,0,1,0,0,0,0,0,0,0,4,0,1,0,0,4,0,0,3,127,0,0,0,3,-200.0,0.0,0.0,-4,42.857142857142854,75.0,0.0,0.0,0.0,6,1,0,66.14173228346456,55,1,0,1,0,1,0,3,3,0,0,0,0,0,0,1,2,3,3,0,0,6,3,2,0,0,127,0,0,0,0,200.0,100.0,100.0,10,0.0,0.0,0.0,33.333333333333336,0.0,6,1,6,66.14173228346456
S43G01N86,2023-2024,20231207,32,away,10,0,0,0,3,3,0,3,0,1,0,0,0,0,0,0,0,4,0,1,0,0,4,0,0,3,127,0,0,0,3,-203.48837209302326,0.0,0.0,-4,42.857142857142854,75.0,0.0,0.0,0.0,7,1,0,70.29921259842519,55,1,0,1,0,1,0,3,3,0,0,0,0,1,1,1,2,3,3,0,0,7,4,2,0,0,127,0,0,0,0,203.48837209302326,101.74418604651163,100.0,11,0.0,0.0,100.0,33.333333333333336,0.0,7,1,7,70.29921259842519
S43G01N86,2023-2024,20231207,33,away,10,0,0,0,3,3,0,3,0,1,0,0,0,0,0,0,0,4,0,1,0,0,4,0,0,3,127,0,0,0,3,-206.18556701030928,0.0,0.0,-4,42.857142857142854,75.0,0.0,0.0,0.0,8,1,0,74.45669291338582,55,1,0,1,0,1,0,3,3,0,0,0,0,2,2,1,2,3,3,0,0,8,5,2,0,0,127,0,0,0,0,206.18556701030928,103.09278350515464,100.0,12,0.0,0.0,100.0,33.333333333333336,0.0,8,1,8,74.45669291338582
S43G01N86,2023-2024,20231207,34,away,10,0,0,0,3,3,0,4,1,1,0,0,0,0,0,0,0,5,1,1,0,2,5,0,0,3,144,0,0,0,3,-166.18556701030928,20.0,20.0,-2,37.5,75.0,0.0,0.0,0.0,2,1,0,74.0,55,1,0,1,0,1,0,3,3,0,0,0,0,2,2,1,2,3,3,0,0,8,5,2,0,0,144,0,0,0,0,166.18556701030928,103.09278350515464,100.0,12,0.0,0.0,100.0,33.333333333333336,0.0,2,1,8,74.0
S43G01N86,2023-2024,20231207,35,away,10,0,0,0,3,3,0,4,1,1,0,0,0,0,0,0,0,5,1,1,0,2,5,0,0,3,155,0,0,0,3,-123.9344262295082,20.0,20.0,-2,37.5,75.0,0.0,0.0,0.0,2,1,0,76.49032258064516,55,1,0,1,0,1,0,3,3,1,0,0,0,2,2,1,2,4,3,0,0,8,6,2,0,0,155,0,0,0,0,123.9344262295082,81.9672131147541,75.0,11,0.0,0.0,100.0,33.333333333333336,0.0,2,1,8,76.49032258064516
S43G01N86,2023-2024,20231207,36,away,10,0,0,1,3,4,0,4,1,1,0,0,0,0,0,0,0,5,1,1,0,2,5,0,0,3,156,0,0,0,3,-123.9344262295082,20.0,20.0,-1,37.5,75.0,0.0,0.0,0.0,2,1,0,76.0,55,1,0,1,0,1,0,3,3,1,0,0,0,2,2,1,2,4,3,0,0,8,6,2,0,0,156,0,0,0,0,123.9344262295082,81.9672131147541,75.0,11,0.0,0.0,100.0,33.333333333333336,0.0,2,1,8,76.0
S43G01N86,2023-2024,20231207,37,away,10,0,0,1,3,4,0,5,1,1,0,0,0,0,0,0,0,6,1,1,0,2,6,0,0,3,162,0,0,0,3,-130.60109289617486,16.666666666666668,16.666666666666668,-2,33.333333333333336,75.0,0.0,0.0,0.0,2,1,0,80.59259259259258,55,1,0,1,0,1,0,3,3,1,0,0,0,2,2,1,2,4,3,0,0,8,6,2,0,0,162,0,0,0,0,130.60109289617486,81.9672131147541,75.0,11,0.0,0.0,100.0,33.333333333333336,0.0,2,1,8,80.59259259259258
S43G01N86,2023-2024,20231207,38,away,10,0,0,1,3,4,0,5,1,1,0,0,0,0,0,0,0,6,1,1,0,2,6,0,0,3,164,0,0,0,3,-130.60109289617486,16.666666666666668,16.666666666666668,-2,33.333333333333336,60.0,0.0,0.0,0.0,2,1,0,79.60975609756098,55,1,0,2,0,2,0,3,3,1,0,0,0,2,2,1,2,4,3,0,0,8,6,2,0,0,164,0,0,0,0,130.60109289617486,81.9672131147541,75.0,12,0.0,0.0,100.0,33.333333333333336,0.0,2,1,8,79.60975609756098
S43G01N86,2023-2024,20231207,39,away,10,0,0,1,3,4,0,5,1,1,0,0,0,0,0,0,0,6,1,1,0,2,6,0,0,3,179,0,0,0,3,-136.73469387755102,16.666666666666668,16.666666666666668,-2,33.333333333333336,60.0,0.0,0.0,0.0,2,1,0,79.64245810055866,55,1,0,2,0,2,0,4,4,1,0,0,0,2,2,1,2,5,4,0,0,10,7,2,0,0,179,0,0,0,0,136.73469387755102,85.03401360544218,80.0,14,0.0,0.0,100.0,25.0,0.0,2,1,8,79.64245810055866
S43G01N86,2023-2024,20231207,40,away,10,0,0,1,3,4,0,5,1,1,0,0,0,0,0,0,0,6,1,1,0,2,6,0,0,3,179,0,0,0,3,-136.73469387755102,16.666666666666668,16.666666666666668,-2,33.333333333333336,60.0,0.0,0.0,0.0,2,1,0,79.64245810055866,55,2,0,2,0,2,0,4,4,1,0,0,0,2,2,1,2,5,4,0,0,10,7,2,0,0,179,0,0,0,0,136.73469387755102,85.03401360544218,80.0,15,0.0,0.0,100.0,50.0,0.0,2,1,8,79.64245810055866
S43G01N86,2023-2024,20231207,41,away,10,0,0,1,3,4,0,6,2,1,0,0,0,0,0,0,0,7,2,1,0,4,7,0,0,3,198,0,0,0,3,-112.92517006802723,28.571428571428573,28.571428571428573,0,30.0,60.0,0.0,0.0,0.0,2,1,0,78.06060606060605,55,2,0,2,0,2,0,4,4,1,0,0,0,2,2,1,2,5,4,0,0,10,7,2,0,0,198,0,0,0,0,112.92517006802723,85.03401360544218,80.0,15,0.0,0.0,100.0,50.0,0.0,2,1,8,78.06060606060605
S43G01N86,2023-2024,20231207,42,away,10,0,0,1,3,4,0,6,2,1,0,0,0,0,0,0,0,7,2,1,0,4,7,0,0,3,219,0,0,0,3,-88.20598006644519,28.571428571428573,28.571428571428573,0,30.0,60.0,0.0,0.0,0.0,2,1,0,76.05479452054793,55,2,0,2,0,2,0,4,4,2,0,0,0,2,2,1,2,6,4,0,0,10,8,2,0,0,219,0,0,0,0,88.20598006644519,72.67441860465117,66.66666666666667,14,0.0,0.0,100.0,50.0,0.0,2,1,8,76.05479452054793
S43G01N86,2023-2024,20231207,43,away,10,0,0,2,3,5,0,6,2,1,0,0,0,0,0,0,0,7,2,1,0,4,7,0,0,3,220,0,0,0,3,-88.20598006644519,28.571428571428573,28.571428571428573,1,30.0,60.0,0.0,0.0,0.0,2,1,0,75.7090909090909,55,2,0,2,0,2,0,4,4,2,0,0,0,2,2,1,2,6,4,0,0,10,8,2,0,0,220,0,0,0,0,88.20598006644519,72.67441860465117,66.66666666666667,14,0.0,0.0,100.0,50.0,0.0,2,1,8,75.7090909090909
S43G01N86,2023-2024,20231207,44,away,10,0,0,2,3,5,0,6,2,1,0,0,0,0,0,0,0,7,2,1,0,4,7,0,0,4,224,0,0,0,4,-95.34883720930233,28.571428571428573,28.571428571428573,0,36.36363636363637,60.0,0.0,0.0,0.0,2,1,0,79.71428571428571,55,2,0,2,0,2,0,4,4,2,0,0,0,2,2,1,2,6,4,0,0,10,8,2,0,0,224,0,0,0,0,95.34883720930233,72.67441860465117,66.66666666666667,14,0.0,0.0,100.0,50.0,0.0,2,1,8,79.71428571428571
S43G01N86,2023-2024,20231207,45,away,10,0,0,2,3,5,0,6,2,1,0,0,0,0,0,0,0,7,2,1,0,4,7,0,0,4,225,0,0,0,4,-95.34883720930233,28.571428571428573,28.571428571428573,0,36.36363636363637,60.0,0.0,0.0,0.0,2,1,0,79.35999999999999,55,2,0,2,0,2,0,4,4,2,0,0,0,2,2,1,2,6,4,0,0,10,8,3,0,0,225,0,0,0,0,95.34883720930233,72.67441860465117,66.66666666666667,15,0.0,0.0,100.0,50.0,0.0,2,1,8,79.35999999999999
S43G01N86,2023-2024,20231207,46,away,10,0,0,2,3,5,0,6,2,1,0,0,0,0,0,0,0,7,2,2,0,4,7,0,0,4,229,0,0,0,4,-95.34883720930233,28.571428571428573,28.571428571428573,0,36.36363636363637,60.0,0.0,0.0,0.0,2,1,0,77.97379912663754,55,2,0,2,0,2,0,4,4,2,0,0,0,2,2,1,2,6,4,0,0,10,8,3,0,0,229,0,0,0,0,95.34883720930233,72.67441860465117,66.66666666666667,15,0.0,0.0,100.0,50.0,0.0,2,1,8,77.97379912663754
S43G01N86,2023-2024,20231207,47,away,10,0,0,2,3,5,0,6,2,1,0,0,0,0,0,0,0,7,2,2,0,4,7,0,0,4,229,0,0,0,4,-95.34883720930233,28.571428571428573,28.571428571428573,0,36.36363636363637,60.0,0.0,0.0,0.0,2,1,0,77.97379912663754,55,2,0,2,0,2,0,4,4,2,0,0,0,2,2,1,2,6,4,0,0,10,8,3,0,0,229,0,0,0,0,95.34883720930233,72.67441860465117,66.66666666666667,15,0.0,0.0,100.0,50.0,0.0,2,1,8,77.97379912663754
S43G01N86,2023-2024,20231207,48,away,10,0,0,2,3,5,0,6,2,1,0,0,0,0,0,0,0,7,2,2,0,4,7,0,0,4,229,0,0,0,4,-95.34883720930233,28.571428571428573,28.571428571428573,0,36.36363636363637,60.0,0.0,0.0,0.0,2,1,0,77.97379912663754,55,3,0,2,0,2,0,4,4,2,0,0,0,2,2,1,2,6,4,0,0,10,8,3,0,0,229,0,0,0,0,95.34883720930233,72.67441860465117,66.66666666666667,16,0.0,0.0,100.0,75.0,0.0,2,1,8,77.97379912663754
S43G01N86,2023-2024,20231207,49,away,10,0,0,2,3,5,0,6,2,1,0,0,0,0,0,0,0,7,2,2,0,4,7,0,0,4,229,0,0,0,4,-95.34883720930233,28.571428571428573,28.571428571428573,0,36.36363636363637,60.0,0.0,0.0,0.0,2,1,0,77.97379912663754,55,3,0,2,0,2,0,4,4,2,0,0,0,2,2,2,2,6,4,0,0,10,8,3,0,0,229,0,0,0,0,95.34883720930233,72.67441860465117,66.66666666666667,16,0.0,0.0,100.0,75.0,0.0,2,1,8,77.97379912663754
S43G01N86,2023-2024,20231207,50,away,10,0,0,2,3,5,0,6,2,1,0,0,0,0,0,0,0,7,2,2,0,4,7,0,0,4,229,0,0,0,4,-95.34883720930233,28.571428571428573,28.571428571428573,0,36.36363636363637,60.0,0.0,0.0,0.0,2,1,0,77.97379912663754,55,3,0,2,0,2,0,4,4,2,0,0,0,2,2,2,2,6,4,0,0,10,8,3,0,0,229,0,0,0,0,95.34883720930233,72.67441860465117,66.66666666666667,16,0.0,0.0,100.0,75.0,0.0,2,1,8,77.97379912663754
S43G01N86,2023-2024,20231207,51,away,10,0,0,2,3,5,0,6,2,1,0,0,0,0,0,0,0,7,2,2,0,4,7,0,0,4,229,0,0,0,4,-95.34883720930233,28.571428571428573,28.571428571428573,0,36.36363636363637,60.0,0.0,0.0,0.0,2,1,0,77.97379912663754,55,3,0,2,0,2,0,4,4,2,0,0,0,2,2,2,2,6,4,0,0,10,8,3,0,0,229,0,0,0,0,95.34883720930233,72.67441860465117,66.66666666666667,16,0.0,0.0,100.0,75.0,0.0,2,1,8,77.97379912663754
S43G01N86,2023-2024,20231207,52,away,10,0,0,2,3,5,0,6,2,1,0,0,0,0,0,0,0,7,2,2,0,4,7,0,0,4,229,0,0,0,4,-100.27322404371583,28.571428571428573,28.571428571428573,0,36.36363636363637,60.0,0.0,0.0,0.0,1,1,0,80.27947598253274,55,3,0,2,0,2,0,4,4,2,0,0,0,3,3,2,2,6,4,0,0,11,9,3,0,0,229,0,0,0,0,100.27322404371583,75.13661202185791,66.66666666666667,17,0.0,0.0,100.0,75.0,0.0,1,1,8,80.27947598253274
S43G01N86,2023-2024,20231207,53,away,10,0,0,2,3,5,0,6,2,1,0,0,0,0,0,0,0,7,2,2,0,4,7,0,0,4,229,0,0,0,4,-104.63917525773195,28.571428571428573,28.571428571428573,0,36.36363636363637,60.0,0.0,0.0,0.0,2,1,0,82.58515283842794,55,3,0,2,0,2,0,4,4,2,0,0,0,4,4,2,2,6,4,0,0,12,10,3,0,0,229,0,0,0,0,104.63917525773195,77.31958762886597,66.66666666666667,18,0.0,0.0,100.0,75.0,0.0,2,1,8,82.58515283842794
S43G01N86,2023-2024,20231207,54,away,10,0,0,2,3,5,0,7,3,1,0,0,0,0,0,0,0,8,3,2,0,6,8,0,0,4,249,0,0,0,4,-87.97250859106528,37.5,37.5,2,33.333333333333336,60.0,0.0,0.0,0.0,2,1,0,80.7710843373494,55,3,0,2,0,2,0,4,4,2,0,0,0,4,4,2,2,6,4,0,0,12,10,3,0,0,249,0,0,0,0,87.97250859106528,77.31958762886597,66.66666666666667,18,0.0,0.0,100.0,75.0,0.0,2,1,8,80.7710843373494
S43G01N86,2023-2024,20231207,55,away,10,0,0,2,3,5,0,7,3,1,0,0,0,0,0,0,0,8,3,2,0,6,8,0,0,4,263,0,0,0,4,-70.31963470319634,37.5,37.5,2,33.333333333333336,60.0,0.0,0.0,0.0,2,1,0,81.03422053231938,55,3,0,2,0,2,0,5,4,2,0,0,0,4,4,2,2,7,4,0,0,12,11,3,0,0,263,0,0,0,0,70.31963470319634,68.4931506849315,57.142857142857146,17,0.0,0.0,100.0,75.0,0.0,2,1,8,81.03422053231938
S43G01N86,2023-2024,20231207,56,away,10,0,0,3,3,6,0,7,3,1,0,0,0,0,0,0,0,8,3,2,0,6,8,0,0,4,264,0,0,0,4,-70.31963470319634,37.5,37.5,3,33.333333333333336,60.0,0.0,0.0,0.0,2,1,0,80.72727272727272,55,3,0,2,0,2,0,5,4,2,0,0,0,4,4,2,2,7,4,0,0,12,11,3,0,0,264,0,0,0,0,70.31963470319634,68.4931506849315,57.142857142857146,17,0.0,0.0,100.0,75.0,0.0,2,1,8,80.72727272727272
S43G01N86,2023-2024,20231207,57,away,10,0,0,3,3,6,0,7,3,1,0,0,0,0,0,0,0,8,3,2,0,6,8,0,0,5,267,0,0,0,5,-76.98630136986301,37.5,37.5,2,38.46153846153846,60.0,0.0,0.0,0.0,2,1,0,84.31460674157303,55,3,0,2,0,2,0,5,4,2,0,0,0,4,4,2,2,7,4,0,0,12,11,3,0,0,267,0,0,0,0,76.98630136986301,68.4931506849315,57.142857142857146,17,0.0,0.0,100.0,75.0,0.0,2,1,8,84.31460674157303
S43G01N86,2023-2024,20231207,58,away,10,0,0,3,3,6,0,7,3,1,0,0,0,0,0,0,0,8,3,2,0,6,8,0,0,5,290,0,0,0,5,-62.950819672131146,37.5,37.5,2,38.46153846153846,60.0,0.0,0.0,0.0,2,1,0,81.76551724137931,55,3,0,2,0,2,0,6,4,2,0,0,0,4,4,2,2,8,4,0,0,12,12,3,0,0,290,0,0,0,0,62.950819672131146,61.47540983606557,50.0,16,0.0,0.0,100.0,75.0,0.0,2,1,8,81.76551724137931
S43G01N86,2023-2024,20231207,59,away,10,0,0,4,3,7,0,7,3,1,0,0,0,0,0,0,0,8,3,2,0,6,8,0,0,5,291,0,0,0,5,-62.950819672131146,37.5,37.5,3,38.46153846153846,60.0,0.0,0.0,0.0,2,1,0,81.48453608247421,55,3,0,2,0,2,0,6,4,2,0,0,0,4,4,2,2,8,4,0,0,12,12,3,0,0,291,0,0,0,0,62.950819672131146,61.47540983606557,50.0,16,0.0,0.0,100.0,75.0,0.0,2,1,8,81.48453608247421
S43G01N86,2023-2024,20231207,60,away,10,0,0,4,3,7,0,7,3,1,0,0,0,0,0,0,0,8,3,2,0,6,8,0,0,5,294,0,0,0,5,-62.950819672131146,37.5,37.5,3,38.46153846153846,60.0,0.0,0.0,0.0,2,1,0,80.65306122448979,55,3,0,2,0,2,0,6,4,2,0,0,0,4,4,2,2,8,4,1,1,12,12,3,0,0,294,0,0,0,0,62.950819672131146,61.47540983606557,50.0,16,0.0,0.0,100.0,75.0,0.0,2,1,8,80.65306122448979
S43G01N86,2023-2024,20231207,61,away,10,0,0,4,3,7,0,7,3,1,0,0,0,0,0,0,0,8,3,2,0,6,8,0,0,5,294,0,0,0,5,-62.950819672131146,37.5,37.5,3,38.46153846153846,60.0,0.0,0.0,0.0,2,1,0,80.65306122448979,55,3,0,2,0,2,0,6,4,2,0,0,0,4,4,2,2,8,4,1,1,12,12,3,0,0,294,0,0,0,0,62.950819672131146,61.47540983606557,50.0,16,0.0,0.0,100.0,75.0,0.0,2,1,8,80.65306122448979
S43G01N86,2023-2024,20231207,62,away,10,0,0,4,3,7,0,7,3,1,0,0,0,0,0,0,0,8,3,2,0,6,8,0,0,5,294,0,0,0,5,-62.950819672131146,37.5,37.5,3,38.46153846153846,60.0,0.0,0.0,0.0,2,1,0,80.65306122448979,55,3,0,2,0,2,0,6,4,2,0,0,0,4,4,2,2,8,4,1,1,12,12,3,0,0,294,0,0,0,0,62.950819672131146,61.47540983606557,50.0,16,0.0,0.0,100.0,75.0,0.0,2,1,8,80.65306122448979
S43G01N86,2023-2024,20231207,63,away,10,0,0,4,3,7,0,7,3,1,0,0,0,0,0,0,0,8,3,2,0,6,8,0,0,5,294,0,0,0,5,-62.950819672131146,37.5,37.5,3,38.46153846153846,60.0,0.0,0.0,0.0,2,1,0,80.65306122448979,55,3,0,2,0,2,0,6,4,2,0,0,0,4,4,2,2,8,4,1,1,12,12,3,0,0,294,0,0,0,0,62.950819672131146,61.47540983606557,50.0,16,0.0,0.0,100.0,75.0,0.0,2,1,8,80.65306122448979
S43G01N86,2023-2024,20231207,64,away,10,0,0,4,3,7,0,7,3,2,0,0,0,0,0,0,0,9,3,2,0,6,9,0,0,5,305,0,0,0,5,-68.4053651266766,33.333333333333336,33.333333333333336,2,35.714285714285715,60.0,0.0,0.0,0.0,2,1,0,81.67868852459016,55,3,0,2,0,2,0,6,4,2,0,0,0,4,4,2,2,8,4,1,1,12,12,3,0,0,305,0,0,0,0,68.4053651266766,61.47540983606557,50.0,16,0.0,0.0,100.0,75.0,0.0,2,1,8,81.67868852459016
S43G01N86,2023-2024,20231207,65,away,10,0,0,4,3,7,0,7,3,2,0,0,0,0,0,0,0,9,3,2,0,6,9,0,0,5,308,0,0,0,5,-68.4053651266766,33.333333333333336,33.333333333333336,2,35.714285714285715,50.0,0.0,0.0,0.0,2,1,0,80.88311688311687,55,3,0,3,0,3,0,6,4,2,0,0,0,4,4,2,2,8,4,1,1,12,12,3,0,0,308,0,0,0,0,68.4053651266766,61.47540983606557,50.0,17,0.0,0.0,100.0,75.0,0.0,2,1,8,80.88311688311687
S43G01N86,2023-2024,20231207,66,away,10,0,0,4,3,7,0,7,3,2,0,0,0,0,0,0,0,9,3,2,0,6,9,0,0,5,323,0,0,0,5,-56.978709023318686,33.333333333333336,33.333333333333336,2,35.714285714285715,50.0,0.0,0.0,0.0,2,1,0,80.84210526315789,55,3,0,3,0,3,0,6,4,3,0,0,0,4,4,2,2,9,4,1,1,12,13,3,0,0,323,0,0,0,0,56.978709023318686,55.762081784386616,44.44444444444444,16,0.0,0.0,100.0,75.0,0.0,2,1,8,80.84210526315789
S43G01N86,2023-2024,20231207,67,away,10,0,0,5,3,8,0,7,3,2,0,0,0,0,0,0,0,9,3,2,0,6,9,0,0,5,324,0,0,0,5,-56.978709023318686,33.333333333333336,33.333333333333336,3,35.714285714285715,50.0,0.0,0.0,0.0,2,1,0,80.59259259259258,55,3,0,3,0,3,0,6,4,3,0,0,0,4,4,2,2,9,4,1,1,12,13,3,0,0,324,0,0,0,0,56.978709023318686,55.762081784386616,44.44444444444444,16,0.0,0.0,100.0,75.0,0.0,2,1,8,80.59259259259258
S43G01N86,2023-2024,20231207,68,away,10,0,0,5,3,8,0,7,3,3,1,0,0,0,0,0,0,10,4,2,0,9,10,0,0,5,335,0,0,0,5,-36.52416356877323,45.0,45.0,6,33.333333333333336,50.0,0.0,0.0,0.0,5,1,0,81.52835820895523,55,3,0,3,0,3,0,6,4,3,0,0,0,4,4,2,2,9,4,1,1,12,13,3,0,0,335,0,0,0,0,36.52416356877323,55.762081784386616,44.44444444444444,16,0.0,0.0,100.0,75.0,0.0,5,1,8,81.52835820895523
S43G01N86,2023-2024,20231207,69,away,10,1,0,5,3,8,0,7,3,3,1,0,0,0,0,0,0,10,4,2,0,9,10,0,0,5,335,0,0,0,5,-36.52416356877323,45.0,45.0,7,33.333333333333336,50.0,0.0,25.0,0.2,5,1,0,81.52835820895523,55,3,0,3,0,3,0,6,4,3,0,0,0,4,4,2,2,9,4,1,1,12,13,3,0,0,335,0,0,0,0,36.52416356877323,55.762081784386616,44.44444444444444,16,0.0,0.0,100.0,75.0,0.0,5,1,8,81.52835820895523
S43G01N86,2023-2024,20231207,70,away,10,1,0,5,3,8,0,7,3,3,1,0,0,0,0,0,0,10,4,3,1,9,10,0,0,5,340,0,0,0,5,-36.52416356877323,45.0,45.0,7,33.333333333333336,50.0,0.0,25.0,0.2,5,1,0,80.32941176470587,55,3,0,3,0,3,0,6,4,3,0,0,0,4,4,2,2,9,4,1,1,12,13,3,0,0,340,0,0,0,0,36.52416356877323,55.762081784386616,44.44444444444444,16,0.0,0.0,100.0,75.0,0.0,5,1,8,80.32941176470587
S43G01N86,2023-2024,20231207,71,away,10,1,0,5,3,8,0,7,3,3,1,0,0,0,0,0,0,10,4,3,1,9,10,0,0,5,340,0,0,0,5,-36.52416356877323,45.0,45.0,7,33.333333333333336,50.0,0.0,25.0,0.2,5,1,0,80.32941176470587,55,3,0,3,0,3,0,6,4,3,0,0,0,4,4,2,2,9,4,1,1,12,13,3,0,0,340,0,0,0,0,36.52416356877323,55.762081784386616,44.44444444444444,16,0.0,0.0,100.0,75.0,0.0,5,1,8,80.32941176470587
S43G01N86,2023-2024,20231207,72,away,10,1,0,5,3,8,0,7,3,3,1,0,0,0,0,0,0,10,4,3,1,9,10,0,0,5,347,0,0,0,5,-44.04761904761905,45.0,45.0,7,33.333333333333336,50.0,0.0,25.0,0.2,2,1,0,82.16714697406339,55,3,0,3,0,3,0,7,5,3,0,0,0,4,4,2,2,10,5,1,1,14,14,3,0,0,347,0,0,0,0,44.04761904761905,59.523809523809526,50.0,18,0.0,0.0,100.0,60.0,0.0,2,1,8,82.16714697406339
S43G01N86,2023-2024,20231207,73,away,10,1,0,5,3,8,0,7,3,4,2,0,0,0,0,0,0,11,5,3,1,12,11,0,0,5,369,0,0,0,5,-26.739926739926744,54.54545454545455,54.54545454545455,10,31.25,50.0,0.0,20.0,0.2,3,1,0,80.52032520325203,55,3,0,3,0,3,0,7,5,3,0,0,0,4,4,2,2,10,5,1,1,14,14,3,0,0,369,0,0,0,0,26.739926739926744,59.523809523809526,50.0,18,0.0,0.0,100.0,60.0,0.0,3,1,8,80.52032520325203
S43G01N86,2023-2024,20231207,74,away,10,2,0,5,3,8,0,7,3,4,2,0,0,0,0,0,0,11,5,3,1,12,11,0,0,5,369,0,0,0,5,-26.739926739926744,54.54545454545455,54.54545454545455,11,31.25,50.0,0.0,40.0,0.4,3,1,0,80.52032520325203,55,3,0,3,0,3,0,7,5,3,0,0,0,4,4,2,2,10,5,1,1,14,14,3,0,0,369,0,0,0,0,26.739926739926744,59.523809523809526,50.0,18,0.0,0.0,100.0,60.0,0.0,3,1,8,80.52032520325203
S43G01N86,2023-2024,20231207,75,away,10,2,0,5,3,8,0,7,3,4,2,0,0,0,0,0,0,11,5,4,1,12,11,0,0,5,387,0,0,0,5,-26.739926739926744,54.54545454545455,54.54545454545455,11,31.25,50.0,0.0,40.0,0.4,3,1,0,76.7751937984496,55,3,0,3,0,3,0,7,5,3,0,0,0,4,4,2,2,10,5,1,1,14,14,3,0,0,387,0,0,0,0,26.739926739926744,59.523809523809526,50.0,18,0.0,0.0,100.0,60.0,0.0,3,1,8,76.7751937984496
S43G01N86,2023-2024,20231207,76,away,10,2,0,5,3,8,0,7,3,4,2,0,0,0,0,0,0,11,5,4,1,12,11,0,0,5,387,0,0,0,5,-26.739926739926744,54.54545454545455,54.54545454545455,11,31.25,50.0,0.0,40.0,0.4,3,1,0,76.7751937984496,55,3,0,3,0,3,0,7,5,3,0,0,0,4,4,2,2,10,5,1,1,14,14,3,0,0,387,0,0,0,0,26.739926739926744,59.523809523809526,50.0,18,0.0,0.0,100.0,60.0,0.0,3,1,8,76.7751937984496
S43G01N86,2023-2024,20231207,77,away,10,2,0,5,3,8,0,7,3,4,2,0,0,0,0,0,0,11,5,4,1,12,11,0,0,5,387,0,0,0,5,-26.739926739926744,54.54545454545455,54.54545454545455,11,31.25,50.0,0.0,40.0,0.4,3,1,0,76.7751937984496,55,4,0,3,0,3,0,7,5,3,0,0,0,4,4,2,2,10,5,1,1,14,14,3,0,0,387,0,0,0,0,26.739926739926744,59.523809523809526,50.0,19,0.0,0.0,100.0,80.0,0.0,3,1,8,76.7751937984496
S43G01N86,2023-2024,20231207,78,away,10,2,0,5,3,8,0,7,3,4,2,0,0,0,0,0,0,11,5,4,1,12,11,0,0,5,387,0,0,0,5,-26.739926739926744,54.54545454545455,54.54545454545455,11,31.25,50.0,0.0,40.0,0.4,3,1,0,76.7751937984496,55,4,0,3,0,3,0,7,5,3,0,0,0,4,4,2,2,10,5,1,1,14,14,3,0,0,387,0,0,0,0,26.739926739926744,59.523809523809526,50.0,19,0.0,0.0,100.0,80.0,0.0,3,1,8,76.7751937984496
S43G01N86,2023-2024,20231207,79,away,10,2,0,5,3,8,0,7,3,4,2,0,0,0,0,0,0,11,5,4,1,12,11,0,0,5,387,0,0,0,5,-26.739926739926744,54.54545454545455,54.54545454545455,11,31.25,50.0,0.0,40.0,0.4,3,1,0,76.7751937984496,55,4,0,3,0,3,0,7,5,3,0,0,0,4,4,2,2,10,5,1,1,14,14,3,0,0,387,0,0,0,0,26.739926739926744,59.523809523809526,50.0,19,0.0,0.0,100.0,80.0,0.0,3,1,8,76.7751937984496
S43G01N86,2023-2024,20231207,80,away,10,2,0,5,3,8,0,7,3,4,2,0,0,0,0,0,0,11,5,4,1,12,11,0,0,5,387,0,0,0,5,-30.643127364438854,54.54545454545455,54.54545454545455,11,31.25,50.0,0.0,40.0,0.4,1,1,0,78.13953488372093,55,4,0,3,0,3,0,7,5,3,0,0,0,5,5,2,2,10,5,1,1,15,15,3,0,0,387,0,0,0,0,30.643127364438854,61.47540983606558,50.0,20,0.0,0.0,100.0,80.0,0.0,1,1,8,78.13953488372093
S43G01N86,2023-2024,20231207,81,away,10,2,0,5,3,8,0,7,3,4,2,0,0,0,0,0,0,11,5,4,1,12,11,0,0,5,387,0,0,0,5,-34.274586173320344,54.54545454545455,54.54545454545455,11,31.25,50.0,0.0,40.0,0.4,2,1,0,79.50387596899226,55,4,0,3,0,3,0,7,5,3,0,0,0,6,6,2,2,10,5,1,1,16,16,3,0,0,387,0,0,0,0,34.274586173320344,63.291139240506325,50.0,21,0.0,0.0,100.0,80.0,0.0,2,1,8,79.50387596899226
S43G01N86,2023-2024,20231207,82,away,10,2,0,5,3,8,0,8,4,4,2,0,0,0,0,0,0,12,6,4,1,14,12,0,0,5,402,0,0,0,5,-26.58227848101265,58.333333333333336,58.333333333333336,13,29.41176470588235,50.0,0.0,33.333333333333336,0.4,2,1,0,79.5223880597015,55,4,0,3,0,3,0,7,5,3,0,0,0,6,6,2,2,10,5,1,1,16,16,3,0,0,402,0,0,0,0,26.58227848101265,63.291139240506325,50.0,21,0.0,0.0,100.0,80.0,0.0,2,1,8,79.5223880597015
S43G01N86,2023-2024,20231207,83,away,10,3,0,5,3,8,0,8,4,4,2,0,0,0,0,0,0,12,6,4,1,14,12,0,0,5,402,0,0,0,5,-26.58227848101265,58.333333333333336,58.333333333333336,14,29.41176470588235,50.0,0.0,50.0,0.6,2,1,0,79.5223880597015,55,4,0,3,0,3,0,7,5,3,0,0,0,6,6,2,2,10,5,1,1,16,16,3,0,0,402,0,0,0,0,26.58227848101265,63.291139240506325,50.0,21,0.0,0.0,100.0,80.0,0.0,2,1,8,79.5223880597015
S43G01N86,2023-2024,20231207,84,away,10,3,0,5,3,8,0,8,4,4,2,0,0,0,0,0,0,12,6,4,1,14,12,0,0,5,424,0,0,0,5,-17.30205278592375,58.333333333333336,58.333333333333336,14,29.41176470588235,50.0,0.0,50.0,0.6,2,1,0,78.22641509433961,55,4,0,3,0,3,0,7,5,3,0,0,0,6,6,2,2,10,5,1,1,16,16,3,0,1,424,0,0,0,1,17.30205278592375,63.291139240506325,50.0,20,7.331378299120234,0.0,100.0,80.0,4.0,2,1,8,78.22641509433961
S43G01N86,2023-2024,20231207,85,away,10,3,0,5,3,8,0,8,4,4,2,0,0,0,0,0,0,12,6,4,1,14,12,1,0,5,425,0,0,0,5,-17.30205278592375,58.333333333333336,58.333333333333336,15,29.41176470588235,50.0,0.0,50.0,0.6,2,1,0,78.04235294117647,55,4,0,3,0,3,0,7,5,3,0,0,0,6,6,2,2,10,5,1,1,16,16,3,0,1,425,0,0,0,1,17.30205278592375,63.291139240506325,50.0,20,7.331378299120234,0.0,100.0,80.0,4.0,2,1,8,78.04235294117647
S43G01N86,2023-2024,20231207,86,away,10,3,0,5,3,8,0,8,4,5,2,0,0,0,0,0,0,13,6,4,1,14,13,1,0,5,448,0,0,0,5,-23.96871945259042,53.84615384615385,53.84615384615385,14,27.77777777777778,50.0,0.0,50.0,0.6,2,1,0,76.71428571428571,55,4,0,3,0,3,0,7,5,3,0,0,0,6,6,2,2,10,5,1,1,16,16,3,0,1,448,0,0,0,1,23.96871945259042,63.291139240506325,50.0,20,7.331378299120234,0.0,100.0,80.0,4.0,2,1,8,76.71428571428571
S43G01N86,2023-2024,20231207,87,away,10,3,0,5,3,8,0,8,4,5,2,0,0,0,0,0,0,13,6,4,1,14,13,1,0,5,450,0,0,0,5,-23.96871945259042,53.84615384615385,53.84615384615385,14,27.77777777777778,42.857142857142854,0.0,50.0,0.6,2,1,0,76.37333333333333,55,4,0,4,0,4,0,7,5,3,0,0,0,6,6,2,2,10,5,1,1,16,16,3,0,1,450,0,0,0,1,23.96871945259042,63.291139240506325,50.0,21,7.331378299120234,0.0,100.0,80.0,4.0,2,1,8,76.37333333333333
S43G01N86,2023-2024,20231207,88,away,10,3,0,5,3,8,0,8,4,5,2,0,0,0,0,0,0,13,6,4,1,14,13,1,0,5,461,0,0,0,5,-36.44808743169399,53.84615384615385,53.84615384615385,14,27.77777777777778,42.857142857142854,0.0,50.0,0.6,3,1,0,77.15401301518438,55,4,0,4,0,4,0,7,5,4,1,0,0,6,6,2,2,11,6,1,1,19,17,3,0,1,461,0,0,0,1,36.44808743169399,69.64809384164222,59.09090909090909,24,6.830601092896175,0.0,100.0,66.66666666666667,4.0,3,1,8,77.15401301518438
S43G01N86,2023-2024,20231207,89,away,10,3,0,5,3,8,0,8,4,5,2,0,0,0,0,0,0,13,6,4,1,14,13,1,0,5,461,0,0,0,5,-36.44808743169399,53.84615384615385,53.84615384615385,14,27.77777777777778,42.857142857142854,0.0,50.0,0.6,3,1,0,77.15401301518438,55,5,0,4,0,4,0,7,5,4,1,0,0,6,6,2,2,11,6,1,1,19,17,3,0,1,461,0,0,0,1,36.44808743169399,69.64809384164222,59.09090909090909,25,6.830601092896175,0.0,100.0,83.33333333333333,5.0,3,1,8,77.15401301518438
S43G01N86,2023-2024,20231207,90,away,10,3,0,5,3,8,0,9,5,5,2,0,0,0,0,0,0,14,7,4,1,16,14,1,0,5,484,0,0,0,5,-29.78142076502732,57.142857142857146,57.142857142857146,16,26.31578947368421,42.857142857142854,0.0,42.857142857142854,0.6,2,1,0,75.96694214876034,55,5,0,4,0,4,0,7,5,4,1,0,0,6,6,2,2,11,6,1,1,19,17,3,0,1,484,0,0,0,1,29.78142076502732,69.64809384164222,59.09090909090909,25,6.830601092896175,0.0,100.0,83.33333333333333,5.0,2,1,8,75.96694214876034
S43G01N86,2023-2024,20231207,91,away,10,4,0,5,3,8,0,9,5,5,2,0,0,0,0,0,0,14,7,4,1,16,14,1,0,5,484,0,0,0,5,-29.78142076502732,57.142857142857146,57.142857142857146,17,26.31578947368421,42.857142857142854,0.0,57.142857142857146,0.8,2,1,0,75.96694214876034,55,5,0,4,0,4,0,7,5,4,1,0,0,6,6,2,2,11,6,1,1,19,17,3,0,1,484,0,0,0,1,29.78142076502732,69.64809384164222,59.09090909090909,25,6.830601092896175,0.0,100.0,83.33333333333333,5.0,2,1,8,75.96694214876034
S43G01N86,2023-2024,20231207,92,away,10,4,0,5,3,8,0,9,5,5,2,0,0,0,0,0,0,14,7,4,1,16,14,1,0,5,502,0,0,0,5,-21.483375959079282,57.142857142857146,57.142857142857146,17,26.31578947368421,42.857142857142854,0.0,57.142857142857146,0.8,2,1,0,75.63346613545818,55,5,0,4,0,4,0,7,5,5,1,0,0,6,6,2,2,12,6,1,1,19,18,3,0,1,502,0,0,0,1,21.483375959079282,64.89071038251366,54.166666666666664,24,6.39386189258312,0.0,100.0,83.33333333333333,5.0,2,1,8,75.63346613545818
S43G01N86,2023-2024,20231207,93,away,10,4,0,6,3,9,0,9,5,5,2,0,0,0,0,0,0,14,7,4,1,16,14,1,0,5,503,0,0,0,5,-21.483375959079282,57.142857142857146,57.142857142857146,18,26.31578947368421,42.857142857142854,0.0,57.142857142857146,0.8,2,1,0,75.4831013916501,55,5,0,4,0,4,0,7,5,5,1,0,0,6,6,2,2,12,6,1,1,19,18,3,0,1,503,0,0,0,1,21.483375959079282,64.89071038251366,54.166666666666664,24,6.39386189258312,0.0,100.0,83.33333333333333,5.0,2,1,8,75.4831013916501
S43G01N86,2023-2024,20231207,94,away,10,4,0,6,3,9,0,9,5,5,2,0,0,0,0,0,0,14,7,4,1,16,14,1,0,6,520,0,0,0,6,-27.365728900255746,57.142857142857146,57.142857142857146,17,30.0,42.857142857142854,0.0,57.142857142857146,0.6666666666666666,2,1,0,75.32307692307691,55,5,0,4,0,4,0,7,5,5,1,0,0,6,6,2,2,12,6,1,1,19,18,3,0,1,520,0,0,0,1,27.365728900255746,64.89071038251366,54.166666666666664,24,6.39386189258312,0.0,100.0,83.33333333333333,5.0,2,1,8,75.32307692307691
S43G01N86,2023-2024,20231207,95,away,10,4,0,6,3,9,0,9,5,5,2,0,0,0,0,0,0,14,7,4,1,16,14,1,0,6,520,0,0,0,6,-27.365728900255746,57.142857142857146,57.142857142857146,17,30.0,42.857142857142854,0.0,57.142857142857146,0.6666666666666666,2,1,0,75.32307692307691,55,5,0,4,0,4,0,7,5,5,1,0,0,6,6,2,2,12,6,1,1,19,18,3,0,1,520,0,0,0,1,27.365728900255746,64.89071038251366,54.166666666666664,24,6.39386189258312,0.0,100.0,83.33333333333333,5.0,2,1,8,75.32307692307691
S43G01N86,2023-2024,20231207,96,away,10,4,0,6,3,9,0,9,5,5,2,0,0,0,0,0,0,14,7,4,1,16,14,1,0,6,520,0,0,0,6,-27.365728900255746,57.142857142857146,57.142857142857146,17,30.0,42.857142857142854,0.0,57.142857142857146,0.6666666666666666,2,1,0,75.32307692307691,55,5,0,4,0,4,0,7,5,5,1,0,0,6,6,2,2,12,6,1,1,19,18,3,0,1,520,0,0,0,1,27.365728900255746,64.89071038251366,54.166666666666664,24,6.39386189258312,0.0,100.0,83.33333333333333,5.0,2,1,8,75.32307692307691
S43G01N86,2023-2024,20231207,97,away,10,4,0,6,3,9,0,9,5,5,2,0,0,0,0,0,0,14,7,4,1,16,14,1,0,6,536,0,0,0,6,-20.06504524886877,57.142857142857146,57.142857142857146,17,30.0,42.857142857142854,0.0,57.142857142857146,0.6666666666666666,2,1,0,75.31343283582089,55,5,0,4,0,4,0,7,5,5,1,0,0,6,6,2,2,12,6,1,1,19,18,3,0,2,536,0,0,0,2,20.06504524886877,64.89071038251366,54.166666666666664,23,12.019230769230768,0.0,100.0,83.33333333333333,2.5,2,1,8,75.31343283582089
S43G01N86,2023-2024,20231207,98,away,10,4,0,6,3,9,0,9,5,5,2,0,0,0,0,0,0,14,7,4,1,16,14,2,0,6,537,0,0,0,6,-20.06504524886877,57.142857142857146,57.142857142857146,18,30.0,42.857142857142854,0.0,57.142857142857146,0.6666666666666666,2,1,0,75.1731843575419,55,5,0,4,0,4,0,7,5,5,1,0,0,6,6,2,2,12,6,1,1,19,18,3,0,2,537,0,0,0,2,20.06504524886877,64.89071038251366,54.166666666666664,23,12.019230769230768,0.0,100.0,83.33333333333333,2.5,2,1,8,75.1731843575419
S43G01N86,2023-2024,20231207,99,away,10,4,0,6,3,9,0,9,5,5,2,0,0,0,0,0,0,14,7,4,1,16,14,2,0,6,541,0,0,0,6,-20.06504524886877,57.142857142857146,57.142857142857146,18,30.0,42.857142857142854,0.0,57.142857142857146,0.6666666666666666,2,1,0,74.61737523105361,55,5,0,4,0,4,0,7,5,5,1,0,0,6,6,2,2,12,6,2,2,19,18,3,0,2,541,0,0,0,2,20.06504524886877,64.89071038251366,54.166666666666664,23,12.019230769230768,0.0,100.0,83.33333333333333,2.5,2,1,8,74.61737523105361
S43G01N86,2023-2024,20231207,100,away,10,4,0,6,3,9,0,9,5,5,2,0,0,0,0,0,0,14,7,4,1,16,14,2,0,6,541,0,0,0,6,-20.06504524886877,57.142857142857146,57.142857142857146,18,30.0,42.857142857142854,0.0,57.142857142857146,0.6666666666666666,2,1,0,74.61737523105361,55,5,0,4,0,4,0,7,5,5,1,0,0,6,6,2,2,12,6,2,2,19,18,3,0,2,541,0,0,0,2,20.06504524886877,64.89071038251366,54.166666666666664,23,12.019230769230768,0.0,100.0,83.33333333333333,2.5,2,1,8,74.61737523105361
S43G01N86,2023-2024,20231207,101,away,10,4,0,6,3,9,0,9,5,5,2,0,0,0,0,0,0,14,7,4,1,16,14,2,0,6,541,0,0,0,6,-20.06504524886877,57.142857142857146,57.142857142857146,18,30.0,42.857142857142854,0.0,57.142857142857146,0.6666666666666666,2,1,0,74.61737523105361,55,5,0,4,0,4,0,7,5,5,1,0,0,6,6,2,2,12,6,2,2,19,18,3,0,2,541,0,0,0,2,20.06504524886877,64.89071038251366,54.166666666666664,23,12.019230769230768,0.0,100.0,83.33333333333333,2.5,2,1,8,74.61737523105361
S43G01N86,2023-2024,20231207,102,away,10,4,0,6,3,9,0,9,5,5,2,0,0,0,0,0,0,14,7,4,1,16,14,2,0,6,541,0,0,0,6,-20.06504524886877,57.142857142857146,57.142857142857146,18,30.0,42.857142857142854,0.0,57.142857142857146,0.6666666666666666,2,1,0,74.61737523105361,55,5,0,4,0,4,0,7,5,5,1,0,0,6,6,2,2,12,6,2,2,19,18,3,0,2,541,0,0,0,2,20.06504524886877,64.89071038251366,54.166666666666664,23,12.019230769230768,0.0,100.0,83.33333333333333,2.5,2,1,8,74.61737523105361
S43G01N86,2023-2024,20231207,103,away,10,4,0,6,3,9,0,10,5,5,2,0,0,0,0,0,0,15,7,4,1,16,15,2,0,6,550,0,0,0,6,-25.29380341880342,53.333333333333336,53.333333333333336,17,28.571428571428573,42.857142857142854,0.0,57.142857142857146,0.6666666666666666,2,1,0,75.57818181818182,55,5,0,4,0,4,0,7,5,5,1,0,0,6,6,2,2,12,6,2,2,19,18,3,0,2,550,0,0,0,2,25.29380341880342,64.89071038251366,54.166666666666664,23,12.019230769230768,0.0,100.0,83.33333333333333,2.5,2,1,8,75.57818181818182
S43G01N86,2023-2024,20231207,104,away,10,4,0,6,4,10,0,10,5,5,2,0,0,0,0,0,0,15,7,4,1,16,15,2,0,6,551,0,0,0,6,-20.06504524886877,53.333333333333336,53.333333333333336,18,28.571428571428573,50.0,0.0,57.142857142857146,0.6666666666666666,2,1,0,73.26315789473684,55,5,0,4,0,4,0,7,5,5,1,0,0,6,6,2,2,12,6,2,2,19,18,3,0,2,551,0,0,0,2,20.06504524886877,64.89071038251366,54.166666666666664,23,12.019230769230768,0.0,100.0,83.33333333333333,2.5,2,1,8,73.26315789473684
S43G01N86,2023-2024,20231207,105,away,10,4,0,6,4,10,0,11,6,5,2,0,0,0,0,0,0,16,8,4,1,18,16,2,0,6,551,0,0,0,6,-14.182692307692307,56.25,56.25,20,27.272727272727273,50.0,0.0,50.0,0.6666666666666666,4,1,0,75.4410163339383,55,5,0,4,0,4,0,7,5,5,1,0,0,6,6,2,2,12,6,2,2,19,18,3,0,2,551,0,0,0,2,14.182692307692307,64.89071038251366,54.166666666666664,23,12.019230769230768,0.0,100.0,83.33333333333333,2.5,4,1,8,75.4410163339383
S43G01N86,2023-2024,20231207,106,away,10,4,0,6,4,10,0,11,6,5,2,0,0,0,0,0,0,16,8,4,1,18,16,2,0,6,571,0,0,0,6,-24.716553287981853,56.25,56.25,20,27.272727272727273,50.0,0.0,50.0,0.6666666666666666,3,1,0,74.9001751313485,55,5,0,4,0,4,0,7,5,6,2,0,0,6,6,2,2,13,7,2,2,22,19,3,0,2,571,0,0,0,2,24.716553287981853,70.33248081841433,61.53846153846154,26,11.337868480725623,0.0,100.0,71.42857142857143,2.5,3,1,8,74.9001751313485
S43G01N86,2023-2024,20231207,107,away,10,4,0,6,4,10,0,11,6,5,2,0,0,0,0,0,0,16,8,4,1,18,16,2,0,6,571,0,0,0,6,-24.716553287981853,56.25,56.25,20,27.272727272727273,50.0,0.0,50.0,0.6666666666666666,3,1,0,74.9001751313485,55,6,0,4,0,4,0,7,5,6,2,0,0,6,6,2,2,13,7,2,2,22,19,3,0,2,571,0,0,0,2,24.716553287981853,70.33248081841433,61.53846153846154,27,11.337868480725623,0.0,100.0,85.71428571428571,3.0,3,1,8,74.9001751313485
S43G01N86,2023-2024,20231207,108,away,10,4,0,6,4,10,0,11,6,5,2,0,0,0,0,0,0,16,8,4,1,18,16,2,0,6,575,0,0,0,6,-24.716553287981853,56.25,56.25,20,27.272727272727273,50.0,0.0,50.0,0.6666666666666666,3,1,0,74.37913043478261,55,6,0,4,0,4,0,7,5,6,2,0,0,6,6,2,2,13,7,3,3,22,19,3,0,2,575,0,0,0,2,24.716553287981853,70.33248081841433,61.53846153846154,27,11.337868480725623,0.0,100.0,85.71428571428571,3.0,3,1,8,74.37913043478261
S43G01N86,2023-2024,20231207,109,away,10,4,0,6,4,10,0,11,6,5,2,0,0,0,0,0,0,16,8,4,1,18,16,2,0,6,575,0,0,0,6,-24.716553287981853,56.25,56.25,20,27.272727272727273,50.0,0.0,50.0,0.6666666666666666,3,1,0,74.37913043478261,55,6,0,4,0,4,0,7,5,6,2,0,0,6,6,2,2,13,7,3,3,22,19,3,0,2,575,0,0,0,2,24.716553287981853,70.33248081841433,61.53846153846154,27,11.337868480725623,0.0,100.0,85.71428571428571,3.0,3,1,8,74.37913043478261
S43G01N86,2023-2024,20231207,110,away,10,4,0,6,4,10,0,11,6,5,2,0,0,0,0,0,0,16,8,4,1,18,16,2,0,6,575,0,0,0,6,-24.716553287981853,56.25,56.25,20,27.272727272727273,50.0,0.0,50.0,0.6666666666666666,3,1,0,74.37913043478261,55,6,0,4,0,4,0,7,5,6,2,0,0,6,6,2,2,13,7,3,3,22,19,3,0,2,575,0,0,0,2,24.716553287981853,70.33248081841433,61.53846153846154,27,11.337868480725623,0.0,100.0,85.71428571428571,3.0,3,1,8,74.37913043478261
S43G01N86,2023-2024,20231207,111,away,10,4,0,6,4,10,0,11,6,5,2,0,0,0,0,0,0,16,8,4,1,18,16,2,0,6,575,0,0,0,6,-24.716553287981853,56.25,56.25,20,27.272727272727273,50.0,0.0,50.0,0.6666666666666666,3,1,0,74.37913043478261,55,6,0,4,0,4,0,7,5,6,2,0,0,6,6,2,2,13,7,3,3,22,19,3,0,2,575,0,0,0,2,24.716553287981853,70.33248081841433,61.53846153846154,27,11.337868480725623,0.0,100.0,85.71428571428571,3.0,3,1,8,74.37913043478261
S43G01N86,2023-2024,20231207,112,away,10,4,0,6,4,10,0,12,7,5,2,0,0,0,0,0,0,17,9,4,1,20,17,2,0,6,596,0,0,0,6,-19.453395393245017,58.8235294117647,58.8235294117647,22,26.08695652173913,50.0,0.0,44.44444444444444,0.6666666666666666,2,1,0,73.77181208053692,55,6,0,4,0,4,0,7,5,6,2,0,0,6,6,2,2,13,7,3,3,22,19,3,0,2,596,0,0,0,2,19.453395393245017,70.33248081841433,61.53846153846154,27,11.337868480725623,0.0,100.0,85.71428571428571,3.0,2,1,8,73.77181208053692
S43G01N86,2023-2024,20231207,113,away,10,4,0,6,4,10,0,12,7,5,2,0,0,0,0,0,0,17,9,4,1,20,17,2,0,6,599,0,0,0,6,-12.762593178224535,58.8235294117647,58.8235294117647,22,26.08695652173913,50.0,0.0,44.44444444444444,0.6666666666666666,2,1,0,75.40567612687813,55,6,0,4,0,4,0,8,5,6,2,0,0,6,6,2,2,14,7,3,3,22,20,3,0,2,599,0,0,0,2,12.762593178224535,66.10576923076923,57.142857142857146,26,10.729613733905579,0.0,100.0,85.71428571428571,3.0,2,1,8,75.40567612687813
S43G01N86,2023-2024,20231207,114,away,10,4,0,6,4,10,0,12,7,5,2,0,0,0,0,0,0,17,9,4,1,20,17,2,0,6,599,0,0,0,6,-12.762593178224535,58.8235294117647,58.8235294117647,22,26.08695652173913,50.0,0.0,44.44444444444444,0.6666666666666666,2,1,0,75.40567612687813,55,6,0,4,0,4,0,8,5,6,2,0,0,6,6,2,2,14,7,3,3,22,20,3,0,2,599,0,0,0,2,12.762593178224535,66.10576923076923,57.142857142857146,26,10.729613733905579,0.0,100.0,85.71428571428571,3.0,2,1,8,75.40567612687813
S43G01N86,2023-2024,20231207,115,away,10,4,0,6,4,10,0,12,7,5,2,0,0,0,0,0,0,17,9,4,1,20,17,2,0,6,600,0,0,0,6,-12.762593178224535,58.8235294117647,58.8235294117647,22,26.08695652173913,50.0,0.0,44.44444444444444,0.6666666666666666,2,1,0,75.28,55,6,0,4,0,4,0,8,5,6,2,0,0,6,6,2,2,14,7,3,3,22,20,3,0,2,600,0,0,0,2,12.762593178224535,66.10576923076923,57.142857142857146,26,10.729613733905579,0.0,100.0,85.71428571428571,3.0,2,1,8,75.28
S43G01N86,2023-2024,20231207,116,away,10,4,0,6,4,10,0,12,7,5,2,0,0,0,0,0,0,17,9,4,1,20,17,2,0,6,600,0,0,0,6,-12.762593178224535,58.8235294117647,58.8235294117647,22,26.08695652173913,50.0,0.0,44.44444444444444,0.6666666666666666,2,1,0,75.28,55,6,0,4,0,4,0,8,5,6,2,0,0,6,6,2,2,14,7,3,3,22,20,3,0,2,600,0,0,0,2,12.762593178224535,66.10576923076923,57.142857142857146,26,10.729613733905579,0.0,100.0,85.71428571428571,3.0,2,1,8,75.28
S43G01N86,2023-2024,20231207,117,away,10,4,0,6,4,10,0,12,7,5,2,0,0,0,0,0,0,17,9,4,1,20,17,2,0,6,600,0,0,0,6,-12.762593178224535,58.8235294117647,58.8235294117647,22,26.08695652173913,50.0,0.0,44.44444444444444,0.6666666666666666,2,1,0,75.28,55,6,0,4,0,4,0,8,5,6,2,0,0,6,6,2,2,14,7,3,3,22,20,3,0,2,600,0,0,0,2,12.762593178224535,66.10576923076923,57.142857142857146,26,10.729613733905579,0.0,100.0,85.71428571428571,3.0,2,1,8,75.28
S43G01N86,2023-2024,20231207,118,away,10,4,0,6,4,10,0,12,7,5,2,0,0,0,0,0,0,17,9,4,1,20,17,2,0,6,600,0,0,0,6,-12.762593178224535,58.8235294117647,58.8235294117647,22,26.08695652173913,50.0,0.0,44.44444444444444,0.6666666666666666,2,1,0,75.28,55,6,0,4,0,4,0,8,5,6,2,0,0,6,6,2,2,14,7,3,3,22,20,3,0,2,600,0,0,0,2,12.762593178224535,66.10576923076923,57.142857142857146,26,10.729613733905579,0.0,100.0,85.71428571428571,3.0,2,1,8,75.28
S43G01N86,2023-2024,20231207,119,away,10,4,0,6,4,10,0,12,7,5,2,0,0,0,0,0,0,17,9,4,1,20,17,2,0,6,600,0,0,0,6,-12.762593178224535,58.8235294117647,58.8235294117647,22,26.08695652173913,50.0,0.0,44.44444444444444,0.6666666666666666,2,1,0,75.28,55,6,0,4,0,4,0,8,5,6,2,0,0,6,6,2,2,14,7,3,3,22,20,3,0,2,600,0,0,0,2,12.762593178224535,66.10576923076923,57.142857142857146,26,10.729613733905579,0.0,100.0,85.71428571428571,3.0,2,1,8,75.28
S43G01N86,2023-2024,20231207,120,away,10,4,0,6,4,10,0,12,7,5,2,0,0,0,0,0,0,17,9,4,1,20,17,2,0,6,600,0,0,0,6,-12.762593178224535,58.8235294117647,58.8235294117647,22,26.08695652173913,50.0,0.0,44.44444444444444,0.6666666666666666,2,1,0,75.28,55,6,0,4,0,4,0,8,5,6,2,0,0,6,6,2,2,14,7,3,3,22,20,3,0,2,600,0,0,0,2,12.762593178224535,66.10576923076923,57.142857142857146,26,10.729613733905579,0.0,100.0,85.71428571428571,3.0,2,1,8,75.28
S43G01N86,2023-2024,20231207,121,away,10,4,0,6,4,10,0,12,7,5,2,0,0,0,0,0,0,17,9,4,1,20,17,2,0,6,600,0,0,0,6,-12.762593178224535,58.8235294117647,58.8235294117647,22,26.08695652173913,50.0,0.0,44.44444444444444,0.6666666666666666,2,1,0,75.28,55,6,0,4,0,4,0,8,5,6,2,0,0,6,6,2,2,14,7,3,3,22,20,3,0,2,600,0,0,0,2,12.762593178224535,66.10576923076923,57.142857142857146,26,10.729613733905579,0.0,100.0,85.71428571428571,3.0,2,1,8,75.28
S43G01N86,2023-2024,20231207,122,away,10,4,0,6,4,10,0,12,7,5,2,0,0,0,0,0,0,17,9,4,1,20,17,2,0,6,600,0,0,0,6,-12.762593178224535,58.8235294117647,58.8235294117647,22,26.08695652173913,50.0,0.0,44.44444444444444,0.6666666666666666,2,1,0,75.28,55,6,0,4,0,4,0,8,5,6,2,0,0,6,6,2,2,14,7,3,3,22,20,3,0,2,600,0,0,0,2,12.762593178224535,66.10576923076923,57.142857142857146,26,10.729613733905579,0.0,100.0,85.71428571428571,3.0,2,1,8,75.28
S43G01N86,2023-2024,20231207,123,away,10,4,0,6,4,10,0,12,7,5,2,0,0,0,0,0,0,17,9,4,1,20,17,2,0,6,600,0,0,0,6,-12.762593178224535,58.8235294117647,58.8235294117647,22,26.08695652173913,50.0,0.0,44.44444444444444,0.6666666666666666,2,1,0,75.28,55,6,0,4,0,4,0,8,5,6,2,0,0,6,6,2,2,14,7,3,3,22,20,3,0,2,600,0,0,0,2,12.762593178224535,66.10576923076923,57.142857142857146,26,10.729613733905579,0.0,100.0,85.71428571428571,3.0,2,1,8,75.28
S43G01N86,2023-2024,20231207,124,away,10,4,0,6,4,10,0,12,7,5,2,0,0,0,0,0,0,17,9,4,1,20,17,2,0,6,600,0,0,0,6,-12.762593178224535,58.8235294117647,58.8235294117647,22,26.08695652173913,50.0,0.0,44.44444444444444,0.6666666666666666,2,1,0,75.28,55,6,0,4,0,4,0,8,5,6,2,0,0,6,6,2,2,14,7,3,3,22,20,3,0,2,600,0,0,0,2,12.762593178224535,66.10576923076923,57.142857142857146,26,10.729613733905579,0.0,100.0,85.71428571428571,3.0,2,1,8,75.28
S43G01N86,2023-2024,20231207,125,away,10,4,0,6,4,10,0,12,7,5,2,0,0,0,0,0,0,17,9,4,1,20,17,2,0,6,600,0,0,0,6,-12.762593178224535,58.8235294117647,58.8235294117647,22,26.08695652173913,50.0,0.0,44.44444444444444,0.6666666666666666,2,1,0,75.28,55,6,0,4,0,4,0,8,5,6,2,0,0,6,6,2,2,14,7,3,3,22,20,3,0,2,600,0,0,0,2,12.762593178224535,66.10576923076923,57.142857142857146,26,10.729613733905579,0.0,100.0,85.71428571428571,3.0,2,1,8,75.28
S43G01N86,2023-2024,20231207,126,away,10,4,0,6,4,10,0,12,7,5,2,0,0,0,0,0,0,17,9,4,1,20,17,2,0,6,600,0,0,0,6,-12.762593178224535,58.8235294117647,58.8235294117647,22,26.08695652173913,50.0,0.0,44.44444444444444,0.6666666666666666,2,1,0,75.28,55,6,0,4,0,4,0,8,5,6,2,0,0,6,6,2,2,14,7,3,3,22,20,3,0,2,600,0,0,0,2,12.762593178224535,66.10576923076923,57.142857142857146,26,10.729613733905579,0.0,100.0,85.71428571428571,3.0,2,1,8,75.28
S43G01N86,2023-2024,20231207,127,away,10,4,0,6,4,10,0,12,7,5,2,0,0,0,0,0,0,17,9,4,1,20,17,2,0,6,600,0,0,0,6,-12.762593178224535,58.8235294117647,58.8235294117647,22,26.08695652173913,50.0,0.0,44.44444444444444,0.6666666666666666,2,1,0,75.28,55,6,0,4,0,4,0,8,5,6,2,0,0,6,6,2,2,14,7,3,3,22,20,3,0,2,600,0,0,0,2,12.762593178224535,66.10576923076923,57.142857142857146,26,10.729613733905579,0.0,100.0,85.71428571428571,3.0,2,1,8,75.28
S43G01N86,2023-2024,20231207,128,away,10,4,0,6,4,10,0,12,7,5,2,0,0,0,0,0,0,17,9,4,1,20,17,2,0,6,600,0,0,0,6,-12.762593178224535,58.8235294117647,58.8235294117647,22,26.08695652173913,50.0,0.0,44.44444444444444,0.6666666666666666,2,1,0,75.28,55,6,0,4,0,4,0,8,5,6,2,0,0,6,6,2,2,14,7,3,3,22,20,3,0,2,600,0,0,0,2,12.762593178224535,66.10576923076923,57.142857142857146,26,10.729613733905579,0.0,100.0,85.71428571428571,3.0,2,1,8,75.28
S43G01N86,2023-2024,20231207,129,away,10,4,0,6,4,10,0,12,7,5,2,0,0,0,0,0,0,17,9,4,1,20,17,2,0,6,600,0,0,0,6,-12.762593178224535,58.8235294117647,58.8235294117647,22,26.08695652173913,50.0,0.0,44.44444444444444,0.6666666666666666,2,1,0,75.28,55,6,0,4,0,4,0,8,5,6,2,0,0,6,6,2,2,14,7,3,3,22,20,3,0,2,600,0,0,0,2,12.762593178224535,66.10576923076923,57.142857142857146,26,10.729613733905579,0.0,100.0,85.71428571428571,3.0,2,1,8,75.28
S43G01N86,2023-2024,20231207,130,away,10,4,0,6,4,10,0,12,7,5,2,0,0,0,0,0,0,17,9,4,1,20,17,2,0,6,600,0,0,0,6,-12.762593178224535,58.8235294117647,58.8235294117647,22,26.08695652173913,50.0,0.0,44.44444444444444,0.6666666666666666,2,1,0,75.28,55,6,0,4,0,4,0,8,5,6,2,0,0,6,6,2,2,14,7,3,3,22,20,3,0,2,600,0,0,0,2,12.762593178224535,66.10576923076923,57.142857142857146,26,10.729613733905579,0.0,100.0,85.71428571428571,3.0,2,1,8,75.28
S43G01N86,2023-2024,20231207,131,away,10,4,0,6,4,10,0,12,7,5,2,0,0,0,0,0,0,17,9,4,1,20,17,2,0,6,600,0,0,0,6,-12.762593178224535,58.8235294117647,58.8235294117647,22,26.08695652173913,50.0,0.0,44.44444444444444,0.6666666666666666,2,1,0,75.28,55,6,0,4,0,4,0,8,5,6,2,0,0,6,6,2,2,14,7,3,3,22,20,3,0,2,600,0,0,0,2,12.762593178224535,66.10576923076923,57.142857142857146,26,10.729613733905579,0.0,100.0,85.71428571428571,3.0,2,1,8,75.28
S43G01N86,2023-2024,20231207,132,away,10,4,0,6,4,10,0,12,7,5,2,0,0,0,0,0,0,17,9,4,1,20,17,2,0,6,600,0,0,0,6,-12.762593178224535,58.8235294117647,58.8235294117647,22,26.08695652173913,50.0,0.0,44.44444444444444,0.6666666666666666,2,1,0,75.28,55,6,0,4,0,4,0,8,5,6,2,0,0,6,6,2,2,14,7,3,3,22,20,3,0,2,600,0,0,0,2,12.762593178224535,66.10576923076923,57.142857142857146,26,10.729613733905579,0.0,100.0,85.71428571428571,3.0,2,1,8,75.28
S43G01N86,2023-2024,20231207,133,away,10,4,0,6,4,10,0,12,7,5,2,0,0,0,0,0,0,17,9,4,1,20,17,2,0,6,600,0,0,0,6,-12.762593178224535,58.8235294117647,58.8235294117647,22,26.08695652173913,50.0,0.0,44.44444444444444,0.6666666666666666,2,1,0,75.28,55,6,0,4,0,4,0,8,5,6,2,0,0,6,6,2,2,14,7,3,3,22,20,3,0,2,600,0,0,0,2,12.762593178224535,66.10576923076923,57.142857142857146,26,10.729613733905579,0.0,100.0,85.71428571428571,3.0,2,1,8,75.28
S43G01N86,2023-2024,20231207,134,away,10,4,0,6,4,10,0,12,7,5,2,0,0,0,0,0,0,17,9,4,1,20,17,2,0,6,600,0,0,0,6,-12.762593178224535,58.8235294117647,58.8235294117647,22,26.08695652173913,50.0,0.0,44.44444444444444,0.6666666666666666,2,1,0,75.28,55,6,0,4,0,4,0,8,5,6,2,0,0,6,6,2,2,14,7,3,3,22,20,3,0,2,600,0,0,0,2,12.762593178224535,66.10576923076923,57.142857142857146,26,10.729613733905579,0.0,100.0,85.71428571428571,3.0,2,1,8,75.28
S43G01N86,2023-2024,20231207,135,away,10,4,0,6,4,10,0,12,7,5,2,0,0,0,0,0,0,17,9,4,1,20,17,2,0,6,600,0,0,0,6,-12.762593178224535,58.8235294117647,58.8235294117647,22,26.08695652173913,50.0,0.0,44.44444444444444,0.6666666666666666,2,1,0,75.28,55,6,0,4,0,4,0,8,5,6,2,0,0,6,6,2,2,14,7,3,3,22,20,3,0,2,600,0,0,0,2,12.762593178224535,66.10576923076923,57.142857142857146,26,10.729613733905579,0.0,100.0,85.71428571428571,3.0,2,1,8,75.28
S43G01N86,2023-2024,20231207,136,away,10,4,0,6,4,10,0,12,7,5,2,0,0,0,0,0,0,17,9,4,1,20,17,2,0,6,600,0,0,0,6,-12.762593178224535,58.8235294117647,58.8235294117647,22,26.08695652173913,50.0,0.0,44.44444444444444,0.6666666666666666,2,1,0,75.28,55,6,0,4,0,4,0,8,5,6,2,0,0,6,6,2,2,14,7,3,3,22,20,3,0,2,600,0,0,0,2,12.762593178224535,66.10576923076923,57.142857142857146,26,10.729613733905579,0.0,100.0,85.71428571428571,3.0,2,1,8,75.28
S43G01N86,2023-2024,20231207,137,away,10,4,0,6,4,10,0,12,7,5,2,0,0,0,0,0,0,17,9,4,1,20,17,2,0,6,600,0,0,0,6,-12.762593178224535,58.8235294117647,58.8235294117647,22,26.08695652173913,50.0,0.0,44.44444444444444,0.6666666666666666,2,1,0,75.28,55,6,0,4,0,4,0,8,5,6,2,0,0,6,6,2,2,14,7,3,3,22,20,3,0,2,600,0,0,0,2,12.762593178224535,66.10576923076923,57.142857142857146,26,10.729613733905579,0.0,100.0,85.71428571428571,3.0,2,1,8,75.28
S43G01N86,2023-2024,20231207,138,away,10,4,0,6,4,10,0,12,7,5,2,0,0,0,0,0,0,17,9,4,1,20,17,2,0,6,600,0,0,0,6,-12.762593178224535,58.8235294117647,58.8235294117647,22,26.08695652173913,50.0,0.0,44.44444444444444,0.6666666666666666,2,1,0,75.28,55,6,0,4,0,4,0,8,5,6,2,0,0,6,6,2,2,14,7,3,3,22,20,3,0,2,600,0,0,0,2,12.762593178224535,66.10576923076923,57.142857142857146,26,10.729613733905579,0.0,100.0,85.71428571428571,3.0,2,1,8,75.28
S43G01N86,2023-2024,20231207,139,away,10,4,0,6,4,10,0,12,7,5,2,0,0,0,0,0,0,17,9,4,1,20,17,2,0,6,600,0,0,0,6,-12.762593178224535,58.8235294117647,58.8235294117647,22,26.08695652173913,50.0,0.0,44.44444444444444,0.6666666666666666,2,1,0,75.28,55,6,0,4,0,4,0,8,5,6,2,0,0,6,6,2,2,14,7,3,3,22,20,3,0,2,600,0,0,0,2,12.762593178224535,66.10576923076923,57.142857142857146,26,10.729613733905579,0.0,100.0,85.71428571428571,3.0,2,1,8,75.28
S43G01N86,2023-2024,20231207,140,away,10,4,0,6,4,10,0,12,7,5,2,0,0,0,0,0,0,17,9,4,1,20,17,2,0,6,600,0,0,0,6,-12.762593178224535,58.8235294117647,58.8235294117647,22,26.08695652173913,50.0,0.0,44.44444444444444,0.6666666666666666,2,1,0,75.28,55,6,0,4,0,4,0,8,5,6,2,0,0,6,6,2,2,14,7,3,3,22,20,3,0,2,600,0,0,0,2,12.762593178224535,66.10576923076923,57.142857142857146,26,10.729613733905579,0.0,100.0,85.71428571428571,3.0,2,1,8,75.28
S43G01N86,2023-2024,20231207,141,away,10,4,0,6,4,10,0,12,7,5,2,0,0,0,0,0,0,17,9,4,1,20,17,2,0,6,600,0,0,0,6,-12.762593178224535,58.8235294117647,58.8235294117647,22,26.08695652173913,50.0,0.0,44.44444444444444,0.6666666666666666,2,1,0,75.28,55,6,0,4,0,4,0,8,5,6,2,0,0,6,6,2,2,14,7,3,3,22,20,3,0,2,600,0,0,0,2,12.762593178224535,66.10576923076923,57.142857142857146,26,10.729613733905579,0.0,100.0,85.71428571428571,3.0,2,1,8,75.28
S43G01N86,2023-2024,20231207,142,away,10,4,0,6,4,10,0,12,7,5,2,0,0,0,0,0,0,17,9,5,2,20,17,2,0,6,616,0,0,0,6,-12.762593178224535,58.8235294117647,58.8235294117647,22,26.08695652173913,50.0,0.0,44.44444444444444,0.6666666666666666,2,1,0,73.32467532467533,55,6,0,4,0,4,0,8,5,6,2,0,0,6,6,2,2,14,7,3,3,22,20,3,0,2,616,0,0,0,2,12.762593178224535,66.10576923076923,57.142857142857146,26,10.729613733905579,0.0,100.0,85.71428571428571,3.0,2,1,8,73.32467532467533
S43G01N86,2023-2024,20231207,143,away,10,4,0,6,4,10,0,12,7,5,2,0,0,0,0,0,0,17,9,5,2,20,17,2,0,6,616,0,0,0,6,-12.762593178224535,58.8235294117647,58.8235294117647,22,26.08695652173913,50.0,0.0,44.44444444444444,0.6666666666666666,2,1,0,73.32467532467533,55,6,0,4,0,4,0,8,5,6,2,0,0,6,6,2,2,14,7,3,3,22,20,3,0,2,616,0,0,0,2,12.762593178224535,66.10576923076923,57.142857142857146,26,10.729613733905579,0.0,100.0,85.71428571428571,3.0,2,1,8,73.32467532467533
S43G01N86,2023-2024,20231207,144,away,10,4,0,6,4,10,0,12,7,5,2,0,0,0,0,0,0,17,9,5,2,20,17,2,0,6,627,0,0,0,6,-6.753135384285571,58.8235294117647,58.8235294117647,22,26.08695652173913,50.0,0.0,44.44444444444444,0.6666666666666666,2,1,0,73.95215311004785,55,6,0,4,0,4,0,8,5,7,2,0,0,6,6,2,2,15,7,3,3,22,21,3,0,2,627,0,0,0,2,6.753135384285571,62.358276643990926,53.333333333333336,25,10.183299389002036,0.0,100.0,85.71428571428571,3.0,2,1,8,73.95215311004785
S43G01N86,2023-2024,20231207,145,away,10,4,0,7,4,11,0,12,7,5,2,0,0,0,0,0,0,17,9,5,2,20,17,2,0,6,630,0,0,0,6,-6.753135384285571,58.8235294117647,58.8235294117647,23,26.08695652173913,50.0,0.0,44.44444444444444,0.6666666666666666,2,1,0,73.6,55,6,0,4,0,4,0,8,5,7,2,0,0,6,6,2,2,15,7,3,3,22,21,3,0,2,630,0,0,0,2,6.753135384285571,62.358276643990926,53.333333333333336,25,10.183299389002036,0.0,100.0,85.71428571428571,3.0,2,1,8,73.6
S43G01N86,2023-2024,20231207,146,away,10,4,0,7,4,11,0,13,8,5,2,0,0,0,0,0,0,18,10,5,2,22,18,2,0,6,635,0,0,0,6,-2.016293279022406,61.111111111111114,61.111111111111114,25,25.0,50.0,0.0,40.0,0.6666666666666666,4,1,0,74.91023622047244,55,6,0,4,0,4,0,8,5,7,2,0,0,6,6,2,2,15,7,3,3,22,21,3,0,2,635,0,0,0,2,2.016293279022406,62.358276643990926,53.333333333333336,25,10.183299389002036,0.0,100.0,85.71428571428571,3.0,4,1,8,74.91023622047244
S43G01N86,2023-2024,20231207,147,away,10,4,0,7,4,11,0,13,8,5,2,0,0,0,0,0,0,18,10,5,2,22,18,2,0,6,645,0,0,0,6,-2.016293279022406,61.111111111111114,61.111111111111114,25,25.0,50.0,0.0,40.0,0.6666666666666666,4,1,0,73.74883720930232,55,6,0,4,0,4,0,8,5,7,2,0,0,6,6,2,2,15,7,4,4,22,21,3,0,2,645,0,0,0,2,2.016293279022406,62.358276643990926,53.333333333333336,25,10.183299389002036,0.0,100.0,85.71428571428571,3.0,4,1,8,73.74883720930232
S43G01N86,2023-2024,20231207,148,away,10,4,0,7,4,11,0,13,8,5,2,0,0,0,0,0,0,18,10,5,2,22,18,2,0,6,645,0,0,0,6,-2.016293279022406,61.111111111111114,61.111111111111114,25,25.0,50.0,0.0,40.0,0.6666666666666666,4,1,0,73.74883720930232,55,6,0,4,0,4,0,8,5,7,2,0,0,6,6,2,2,15,7,4,4,22,21,3,0,2,645,0,0,0,2,2.016293279022406,62.358276643990926,53.333333333333336,25,10.183299389002036,0.0,100.0,85.71428571428571,3.0,4,1,8,73.74883720930232
S43G01N86,2023-2024,20231207,149,away,10,4,0,7,4,11,0,13,8,5,2,0,0,0,0,0,0,18,10,5,2,22,18,2,0,6,645,0,0,0,6,3.4108527131783006,61.111111111111114,61.111111111111114,25,25.0,50.0,0.0,40.0,0.6666666666666666,4,1,0,75.6093023255814,55,6,0,4,0,4,0,8,5,7,2,0,0,6,6,2,2,15,7,4,4,22,21,3,0,3,645,0,0,0,3,-3.4108527131783006,62.358276643990926,53.333333333333336,24,14.534883720930232,0.0,100.0,85.71428571428571,2.0,4,1,8,75.6093023255814
S43G01N86,2023-2024,20231207,150,away,10,4,0,7,4,11,0,13,8,5,2,0,0,0,0,0,0,18,10,5,2,22,18,2,0,6,645,0,0,0,6,3.4108527131783006,61.111111111111114,61.111111111111114,25,25.0,50.0,0.0,40.0,0.6666666666666666,4,1,0,75.6093023255814,55,6,0,4,0,4,0,8,5,7,2,0,0,6,6,2,2,15,7,4,4,22,21,3,0,3,645,0,0,0,3,-3.4108527131783006,62.358276643990926,53.333333333333336,24,14.534883720930232,0.0,100.0,85.71428571428571,2.0,4,1,8,75.6093023255814
S43G01N86,2023-2024,20231207,151,away,10,4,0,7,4,11,0,13,8,5,2,0,0,0,0,0,0,18,10,5,2,22,18,2,0,6,662,0,0,0,6,3.4108527131783006,61.111111111111114,61.111111111111114,25,25.0,50.0,0.0,40.0,0.6666666666666666,4,1,0,73.66767371601209,55,6,0,4,0,4,0,8,5,7,2,0,0,6,6,2,2,15,7,5,5,22,21,3,0,3,662,0,0,0,3,-3.4108527131783006,62.358276643990926,53.333333333333336,24,14.534883720930232,0.0,100.0,85.71428571428571,2.0,4,1,8,73.66767371601209
S43G01N86,2023-2024,20231207,152,away,10,4,0,7,4,11,0,13,8,5,2,0,0,0,0,0,0,18,10,5,2,22,18,2,0,6,662,0,0,0,6,3.4108527131783006,61.111111111111114,61.111111111111114,25,25.0,50.0,0.0,40.0,0.6666666666666666,4,1,0,73.66767371601209,55,6,0,4,0,4,0,8,5,7,2,0,0,6,6,2,2,15,7,5,5,22,21,3,0,3,662,0,0,0,3,-3.4108527131783006,62.358276643990926,53.333333333333336,24,14.534883720930232,0.0,100.0,85.71428571428571,2.0,4,1,8,73.66767371601209
S43G01N86,2023-2024,20231207,153,away,10,4,0,7,4,11,0,13,8,5,2,0,0,0,0,0,0,18,10,6,3,22,18,2,0,6,662,0,0,0,6,3.4108527131783006,61.111111111111114,61.111111111111114,25,25.0,50.0,0.0,40.0,0.6666666666666666,4,1,0,73.66767371601209,55,6,0,4,0,4,0,8,5,7,2,0,0,6,6,2,2,15,7,5,5,22,21,3,0,3,662,0,0,0,3,-3.4108527131783006,62.358276643990926,53.333333333333336,24,14.534883720930232,0.0,100.0,85.71428571428571,2.0,4,1,8,73.66767371601209
S43G01N86,2023-2024,20231207,154,away,10,4,0,7,4,11,0,13,8,5,2,0,0,0,0,0,0,18,10,6,3,22,18,2,0,6,662,0,0,0,6,3.4108527131783006,61.111111111111114,61.111111111111114,25,25.0,50.0,0.0,40.0,0.6666666666666666,4,1,0,73.66767371601209,55,6,0,4,0,4,0,8,5,7,2,0,0,6,6,2,2,15,7,5,5,22,21,3,0,3,662,0,0,0,3,-3.4108527131783006,62.358276643990926,53.333333333333336,24,14.534883720930232,0.0,100.0,85.71428571428571,2.0,4,1,8,73.66767371601209
S43G01N86,2023-2024,20231207,155,away,10,4,0,7,4,11,0,13,8,6,2,0,0,0,0,0,0,19,10,6,3,22,19,2,0,6,670,0,0,0,6,-1.8272425249169402,57.89473684210526,57.89473684210526,24,24.0,50.0,0.0,40.0,0.6666666666666666,4,1,0,74.57910447761195,55,6,0,4,0,4,0,8,5,7,2,0,0,6,6,2,2,15,7,5,5,22,21,3,0,3,670,0,0,0,3,1.8272425249169402,62.358276643990926,53.333333333333336,24,14.534883720930232,0.0,100.0,85.71428571428571,2.0,4,1,8,74.57910447761195
S43G01N86,2023-2024,20231207,156,away,10,4,0,7,5,12,0,13,8,6,2,0,0,0,0,0,0,19,10,6,3,22,19,2,0,6,671,0,0,0,6,3.4108527131783006,57.89473684210526,57.89473684210526,25,24.0,55.55555555555556,0.0,40.0,0.6666666666666666,4,1,0,72.6795827123696,55,6,0,4,0,4,0,8,5,7,2,0,0,6,6,2,2,15,7,5,5,22,21,3,0,3,671,0,0,0,3,-3.4108527131783006,62.358276643990926,53.333333333333336,24,14.534883720930232,0.0,100.0,85.71428571428571,2.0,4,1,8,72.6795827123696
S43G01N86,2023-2024,20231207,157,away,10,4,0,7,5,12,0,13,8,6,2,0,0,0,0,0,0,19,10,6,3,22,19,2,1,6,671,0,0,0,7,3.4108527131783006,57.89473684210526,57.89473684210526,24,24.0,55.55555555555556,0.0,40.0,0.6666666666666666,4,1,0,72.6795827123696,55,6,0,4,0,4,0,8,5,7,2,0,0,6,6,2,2,15,7,5,5,22,21,3,0,3,671,0,0,0,3,-3.4108527131783006,62.358276643990926,53.333333333333336,24,14.534883720930232,0.0,100.0,85.71428571428571,2.0,4,1,8,72.6795827123696
S43G01N86,2023-2024,20231207,158,away,10,4,0,7,5,12,0,13,8,6,2,0,0,0,0,0,0,19,10,6,3,22,19,2,1,6,693,0,0,0,7,8.336414048059154,57.89473684210526,57.89473684210526,24,24.0,55.55555555555556,0.0,40.0,0.6666666666666666,4,1,0,72.1038961038961,55,6,0,4,0,4,0,9,5,7,2,0,0,6,6,2,2,16,7,5,5,22,22,3,0,3,693,0,0,0,3,-8.336414048059154,59.012875536480685,50.0,23,13.863216266173753,0.0,100.0,85.71428571428571,2.0,4,1,8,72.1038961038961
S43G01N86,2023-2024,20231207,159,away,10,4,0,8,5,13,0,13,8,6,2,0,0,0,0,0,0,19,10,6,3,22,19,2,1,6,694,0,0,0,7,8.336414048059154,57.89473684210526,57.89473684210526,25,24.0,55.55555555555556,0.0,40.0,0.6666666666666666,4,1,0,72.0,55,6,0,4,0,4,0,9,5,7,2,0,0,6,6,2,2,16,7,5,5,22,22,3,0,3,694,0,0,0,3,-8.336414048059154,59.012875536480685,50.0,23,13.863216266173753,0.0,100.0,85.71428571428571,2.0,4,1,8,72.0
S43G01N86,2023-2024,20231207,160,away,10,4,0,8,5,13,0,14,8,6,2,0,0,0,0,0,0,20,10,6,3,22,20,2,1,6,698,0,0,0,7,3.0983188099639136,55.0,55.0,24,23.076923076923077,55.55555555555556,0.0,40.0,0.6666666666666666,4,1,0,73.30659025787965,55,6,0,4,0,4,0,9,5,7,2,0,0,6,6,2,2,16,7,5,5,22,22,3,0,3,698,0,0,0,3,-3.0983188099639136,59.012875536480685,50.0,23,13.863216266173753,0.0,100.0,85.71428571428571,2.0,4,1,8,73.30659025787965
S43G01N86,2023-2024,20231207,161,away,10,4,0,8,5,13,0,14,8,6,2,0,0,0,0,0,0,20,10,6,3,22,20,2,1,6,699,0,0,0,7,3.0983188099639136,55.0,55.0,24,23.076923076923077,55.55555555555556,0.0,40.0,0.6666666666666666,4,1,0,73.20171673819743,55,6,1,4,0,4,0,9,5,7,2,0,0,6,6,2,2,16,7,5,5,22,22,3,0,3,699,0,0,0,3,-3.0983188099639136,59.012875536480685,50.0,24,13.863216266173753,0.0,100.0,85.71428571428571,2.0,4,1,8,73.20171673819743
S43G01N86,2023-2024,20231207,162,away,10,4,0,8,5,13,1,14,8,6,2,0,0,0,0,0,0,20,10,6,3,22,20,2,1,6,699,0,0,0,7,3.0983188099639136,55.0,55.0,25,23.076923076923077,55.55555555555556,0.0,40.0,0.6666666666666666,4,1,0,73.20171673819743,55,6,1,4,0,4,0,9,5,7,2,0,0,6,6,2,2,16,7,5,5,22,22,3,0,3,699,0,0,0,3,-3.0983188099639136,59.012875536480685,50.0,24,13.863216266173753,0.0,100.0,85.71428571428571,2.0,4,1,8,73.20171673819743
S43G01N86,2023-2024,20231207,163,away,10,4,0,8,5,13,1,14,8,6,2,0,0,0,0,0,0,20,10,6,3,22,20,2,1,6,699,0,0,0,7,3.0983188099639136,55.0,55.0,25,23.076923076923077,55.55555555555556,0.0,40.0,0.6666666666666666,4,1,0,73.20171673819743,55,6,1,4,0,4,0,9,5,7,2,0,0,6,6,2,2,16,7,5,5,22,22,3,0,3,699,0,0,0,3,-3.0983188099639136,59.012875536480685,50.0,24,13.863216266173753,0.0,100.0,85.71428571428571,2.0,4,1,8,73.20171673819743
S43G01N86,2023-2024,20231207,164,away,10,4,0,8,5,13,1,14,8,6,2,0,0,0,0,0,0,20,10,6,3,22,20,2,1,6,699,0,0,0,7,3.0983188099639136,55.0,55.0,25,23.076923076923077,55.55555555555556,0.0,40.0,0.6666666666666666,4,1,0,73.20171673819743,55,6,1,4,0,4,0,9,5,7,2,0,0,6,6,2,2,16,7,5,5,22,22,3,0,3,699,0,0,0,3,-3.0983188099639136,59.012875536480685,50.0,24,13.863216266173753,0.0,100.0,85.71428571428571,2.0,4,1,8,73.20171673819743
S43G01N86,2023-2024,20231207,165,away,10,4,0,8,5,13,1,14,8,6,2,0,0,0,0,0,0,20,10,6,3,22,20,2,1,6,699,0,0,0,7,3.0983188099639136,55.0,55.0,25,23.076923076923077,55.55555555555556,0.0,40.0,0.6666666666666666,4,1,0,73.20171673819743,55,6,1,4,0,4,0,9,5,7,2,0,0,6,6,2,2,16,7,5,5,22,22,3,0,3,699,0,0,0,3,-3.0983188099639136,59.012875536480685,50.0,24,13.863216266173753,0.0,100.0,85.71428571428571,2.0,4,1,8,73.20171673819743
S43G01N86,2023-2024,20231207,166,away,10,4,0,8,5,13,1,14,8,6,2,0,0,0,0,0,0,20,10,6,3,22,20,2,1,6,699,0,0,0,7,3.0983188099639136,55.0,55.0,25,23.076923076923077,55.55555555555556,0.0,40.0,0.6666666666666666,4,1,0,73.20171673819743,55,6,1,4,0,4,0,9,5,7,2,0,0,6,6,2,2,16,7,5,5,22,22,3,0,3,699,0,0,0,3,-3.0983188099639136,59.012875536480685,50.0,24,13.863216266173753,0.0,100.0,85.71428571428571,2.0,4,1,8,73.20171673819743
S43G01N86,2023-2024,20231207,167,away,10,4,0,8,5,13,1,15,8,6,2,0,0,0,0,0,0,21,10,6,3,22,21,2,1,6,706,0,0,0,7,-1.6635859519408456,52.38095238095238,52.38095238095238,24,22.22222222222222,55.55555555555556,0.0,40.0,0.6666666666666666,4,1,0,74.1756373937677,55,6,1,4,0,4,0,9,5,7,2,0,0,6,6,2,2,16,7,5,5,22,22,3,0,3,706,0,0,0,3,1.6635859519408456,59.012875536480685,50.0,24,13.863216266173753,0.0,100.0,85.71428571428571,2.0,4,1,8,74.1756373937677
S43G01N86,2023-2024,20231207,168,away,10,4,0,8,5,13,1,15,8,6,2,0,0,0,0,0,0,21,10,6,3,22,21,2,1,6,708,0,0,0,7,-1.6635859519408456,52.38095238095238,52.38095238095238,24,22.22222222222222,50.0,0.0,40.0,0.6666666666666666,4,1,0,73.96610169491525,55,6,1,5,0,5,0,9,5,7,2,0,0,6,6,2,2,16,7,5,5,22,22,3,0,3,708,0,0,0,3,1.6635859519408456,59.012875536480685,50.0,25,13.863216266173753,0.0,100.0,85.71428571428571,2.0,4,1,8,73.96610169491525
S43G01N86,2023-2024,20231207,169,away,10,4,0,8,5,13,1,15,8,6,2,0,0,0,0,0,0,21,10,6,3,22,21,2,1,6,732,0,0,0,7,2.8268551236749175,52.38095238095238,52.38095238095238,24,22.22222222222222,50.0,0.0,40.0,0.6666666666666666,4,1,0,73.18032786885246,55,6,1,5,0,5,0,10,5,7,2,0,0,6,6,2,2,17,7,5,5,22,23,3,0,3,732,0,0,0,3,-2.8268551236749175,56.0081466395112,47.05882352941177,24,13.250883392226148,0.0,100.0,85.71428571428571,2.0,4,1,8,73.18032786885246
S43G01N86,2023-2024,20231207,170,away,10,4,0,9,5,14,1,15,8,6,2,0,0,0,0,0,0,21,10,6,3,22,21,2,1,6,733,0,0,0,7,2.8268551236749175,52.38095238095238,52.38095238095238,25,22.22222222222222,50.0,0.0,40.0,0.6666666666666666,4,1,0,73.08049113233288,55,6,1,5,0,5,0,10,5,7,2,0,0,6,6,2,2,17,7,5,5,22,23,3,0,3,733,0,0,0,3,-2.8268551236749175,56.0081466395112,47.05882352941177,24,13.250883392226148,0.0,100.0,85.71428571428571,2.0,4,1,8,73.08049113233288
S43G01N86,2023-2024,20231207,171,away,10,4,0,9,5,14,1,15,8,6,2,0,0,0,0,0,0,21,10,6,3,22,21,2,1,6,746,0,0,0,7,2.8268551236749175,52.38095238095238,52.38095238095238,25,22.22222222222222,50.0,0.0,40.0,0.6666666666666666,4,1,0,71.80697050938338,55,6,1,5,0,5,0,10,5,7,2,0,0,6,6,2,2,17,7,6,6,22,23,3,0,3,746,0,0,0,3,-2.8268551236749175,56.0081466395112,47.05882352941177,24,13.250883392226148,0.0,100.0,85.71428571428571,2.0,4,1,8,71.80697050938338
S43G01N86,2023-2024,20231207,172,away,10,4,0,9,5,14,1,15,8,6,2,0,0,0,0,0,0,21,10,6,3,22,21,2,1,6,746,0,0,0,7,2.8268551236749175,52.38095238095238,52.38095238095238,25,22.22222222222222,50.0,0.0,40.0,0.6666666666666666,4,1,0,71.80697050938338,55,6,1,5,0,5,0,10,5,7,2,0,0,6,6,2,2,17,7,6,6,22,23,3,0,3,746,0,0,0,3,-2.8268551236749175,56.0081466395112,47.05882352941177,24,13.250883392226148,0.0,100.0,85.71428571428571,2.0,4,1,8,71.80697050938338
S43G01N86,2023-2024,20231207,173,away,10,4,0,9,5,14,1,15,8,7,3,0,0,0,0,0,0,22,11,6,3,25,22,2,1,6,752,0,0,0,7,11.522507297587964,56.81818181818182,56.81818181818182,28,21.428571428571427,50.0,0.0,36.36363636363637,0.6666666666666666,7,2,3,72.82978723404256,55,6,1,5,0,5,0,10,5,7,2,0,0,6,6,2,2,17,7,6,6,22,23,3,0,3,752,0,0,0,3,-11.522507297587964,56.0081466395112,47.05882352941177,24,13.250883392226148,0.0,100.0,85.71428571428571,2.0,7,2,8,72.82978723404256
S43G01N86,2023-2024,20231207,174,away,10,5,0,9,5,14,1,15,8,7,3,0,0,0,0,0,0,22,11,6,3,25,22,2,1,6,752,0,0,0,7,11.522507297587964,56.81818181818182,56.81818181818182,29,21.428571428571427,50.0,0.0,45.45454545454545,0.8333333333333334,7,2,3,72.82978723404256,55,6,1,5,0,5,0,10,5,7,2,0,0,6,6,2,2,17,7,6,6,22,23,3,0,3,752,0,0,0,3,-11.522507297587964,56.0081466395112,47.05882352941177,24,13.250883392226148,0.0,100.0,85.71428571428571,2.0,7,2,8,72.82978723404256
S43G01N86,2023-2024,20231207,175,away,10,5,0,9,5,14,1,15,8,7,3,0,0,0,0,0,0,22,11,6,3,25,22,2,1,6,753,0,0,0,7,11.522507297587964,56.81818181818182,56.81818181818182,29,21.428571428571427,50.0,0.0,45.45454545454545,0.8333333333333334,7,2,3,72.73306772908366,55,6,1,5,0,5,0,10,5,7,2,0,0,6,6,2,2,17,7,6,6,22,23,3,0,3,753,0,0,0,3,-11.522507297587964,56.0081466395112,47.05882352941177,24,13.250883392226148,0.0,100.0,85.71428571428571,2.0,7,2,8,72.73306772908366
S43G01N86,2023-2024,20231207,176,away,10,5,0,9,5,14,1,15,8,7,3,0,0,0,0,0,0,22,11,6,3,25,22,2,1,6,753,0,0,0,7,11.522507297587964,56.81818181818182,56.81818181818182,29,21.428571428571427,50.0,0.0,45.45454545454545,0.8333333333333334,7,2,3,72.73306772908366,55,6,1,5,0,5,0,10,5,7,2,0,0,6,6,2,2,17,7,6,6,22,23,3,0,3,753,0,0,0,3,-11.522507297587964,56.0081466395112,47.05882352941177,24,13.250883392226148,0.0,100.0,85.71428571428571,2.0,7,2,8,72.73306772908366
S43G01N86,2023-2024,20231207,177,away,10,5,0,9,5,14,1,15,8,7,3,0,0,0,0,0,0,22,11,6,3,25,22,2,1,6,753,0,0,0,7,11.522507297587964,56.81818181818182,56.81818181818182,29,21.428571428571427,50.0,0.0,45.45454545454545,0.8333333333333334,7,2,3,72.73306772908366,55,6,1,5,0,5,0,10,5,7,2,0,0,6,6,2,2,17,7,6,6,22,23,3,0,3,753,0,0,0,3,-11.522507297587964,56.0081466395112,47.05882352941177,24,13.250883392226148,0.0,100.0,85.71428571428571,2.0,7,2,8,72.73306772908366
S43G01N86,2023-2024,20231207,178,away,10,5,0,9,5,14,1,15,8,7,3,0,0,0,0,0,0,22,11,6,3,25,22,2,1,6,766,0,0,0,7,7.172809534319143,56.81818181818182,56.81818181818182,29,21.428571428571427,50.0,0.0,45.45454545454545,0.8333333333333334,2,2,3,73.06527415143603,55,6,1,5,0,5,0,11,6,7,2,0,0,6,6,2,2,18,8,6,6,24,24,3,0,3,766,0,0,0,3,-7.172809534319143,58.13953488372093,50.0,26,12.690355329949238,0.0,100.0,75.0,2.0,2,2,8,73.06527415143603
S43G01N86,2023-2024,20231207,179,away,10,5,0,9,5,14,1,15,8,7,3,0,0,0,0,0,0,22,11,6,3,25,22,2,1,6,772,0,0,0,7,7.172809534319143,56.81818181818182,56.81818181818182,29,21.428571428571427,50.0,0.0,45.45454545454545,0.8333333333333334,2,2,3,72.49740932642487,55,6,1,5,0,5,0,11,6,7,2,0,0,6,6,2,2,18,8,7,7,24,24,3,0,3,772,0,0,0,3,-7.172809534319143,58.13953488372093,50.0,26,12.690355329949238,0.0,100.0,75.0,2.0,2,2,8,72.49740932642487
S43G01N86,2023-2024,20231207,180,away,10,5,0,9,5,14,1,15,8,7,3,0,0,0,0,0,0,22,11,6,3,25,22,2,1,6,772,0,0,0,7,7.172809534319143,56.81818181818182,56.81818181818182,29,21.428571428571427,50.0,0.0,45.45454545454545,0.8333333333333334,2,2,3,72.49740932642487,55,6,1,5,0,5,0,11,6,7,2,0,0,6,6,2,2,18,8,7,7,24,24,3,0,3,772,0,0,0,3,-7.172809534319143,58.13953488372093,50.0,26,12.690355329949238,0.0,100.0,75.0,2.0,2,2,8,72.49740932642487
S43G01N86,2023-2024,20231207,181,away,10,5,0,9,5,14,1,15,8,7,3,0,0,0,0,0,0,22,11,6,3,25,22,2,1,6,772,0,0,0,7,7.172809534319143,56.81818181818182,56.81818181818182,29,21.428571428571427,50.0,0.0,45.45454545454545,0.8333333333333334,2,2,3,72.49740932642487,55,6,1,5,0,5,0,11,6,7,2,0,0,6,6,2,2,18,8,7,7,24,24,3,0,3,772,0,0,0,3,-7.172809534319143,58.13953488372093,50.0,26,12.690355329949238,0.0,100.0,75.0,2.0,2,2,8,72.49740932642487
S43G01N86,2023-2024,20231207,182,away,10,5,0,9,5,14,1,15,8,7,3,0,0,0,0,0,0,22,11,6,3,25,22,2,1,6,772,0,0,0,7,7.172809534319143,56.81818181818182,56.81818181818182,29,21.428571428571427,50.0,0.0,45.45454545454545,0.8333333333333334,2,2,3,72.49740932642487,55,6,1,5,0,5,0,11,6,7,2,0,0,6,6,2,2,18,8,7,7,24,24,3,0,3,772,0,0,0,3,-7.172809534319143,58.13953488372093,50.0,26,12.690355329949238,0.0,100.0,75.0,2.0,2,2,8,72.49740932642487
S43G01N86,2023-2024,20231207,183,away,10,5,0,9,5,14,1,15,8,8,3,0,0,0,0,0,0,23,11,6,3,25,23,2,1,6,786,0,0,0,7,2.6438240270727675,54.34782608695652,54.34782608695652,28,20.689655172413794,50.0,0.0,45.45454545454545,0.8333333333333334,2,2,3,72.73282442748092,55,6,1,5,0,5,0,11,6,7,2,0,0,6,6,2,2,18,8,7,7,24,24,3,0,3,786,0,0,0,3,-2.6438240270727675,58.13953488372093,50.0,26,12.690355329949238,0.0,100.0,75.0,2.0,2,2,8,72.73282442748092
S43G01N86,2023-2024,20231207,184,away,10,5,0,9,5,14,1,15,8,8,3,0,0,0,0,0,0,23,11,6,3,25,23,2,1,6,788,0,0,0,7,2.6438240270727675,54.34782608695652,54.34782608695652,28,20.689655172413794,45.45454545454545,0.0,45.45454545454545,0.8333333333333334,2,2,3,72.5482233502538,55,6,1,6,0,6,0,11,6,7,2,0,0,6,6,2,2,18,8,7,7,24,24,3,0,3,788,0,0,0,3,-2.6438240270727675,58.13953488372093,50.0,27,12.690355329949238,0.0,100.0,75.0,2.0,2,2,8,72.5482233502538
S43G01N86,2023-2024,20231207,185,away,10,5,0,9,5,14,1,15,8,8,3,0,0,0,0,0,0,23,11,6,3,25,23,2,1,6,791,0,0,0,7,-1.3528138528138527,54.34782608695652,54.34782608695652,28,20.689655172413794,45.45454545454545,0.0,45.45454545454545,0.8333333333333334,4,3,3,73.79013906447534,55,6,1,6,0,6,0,12,7,7,2,0,0,6,6,2,2,19,9,7,7,26,25,3,0,3,791,0,0,0,3,1.3528138528138527,60.07393715341959,52.63157894736842,29,12.175324675324674,0.0,100.0,66.66666666666667,2.0,4,3,8,73.79013906447534
S43G01N86,2023-2024,20231207,186,away,10,5,0,9,5,14,1,15,8,8,3,0,0,0,0,0,0,23,11,6,3,25,23,2,1,6,791,0,0,0,7,-1.3528138528138527,54.34782608695652,54.34782608695652,28,20.689655172413794,45.45454545454545,0.0,45.45454545454545,0.8333333333333334,4,3,3,73.79013906447534,55,7,1,6,0,6,0,12,7,7,2,0,0,6,6,2,2,19,9,7,7,26,25,3,0,3,791,0,0,0,3,1.3528138528138527,60.07393715341959,52.63157894736842,30,12.175324675324674,0.0,100.0,77.77777777777777,2.3333333333333335,4,3,8,73.79013906447534
S43G01N86,2023-2024,20231207,187,away,10,5,0,9,5,14,1,15,8,8,3,0,0,0,0,0,0,23,11,6,3,25,23,2,1,6,791,0,0,0,7,-1.3528138528138527,54.34782608695652,54.34782608695652,28,20.689655172413794,45.45454545454545,0.0,45.45454545454545,0.8333333333333334,4,3,3,73.79013906447534,55,7,1,6,0,6,0,12,7,7,2,0,0,6,6,3,4,19,9,7,7,26,25,3,0,3,791,0,0,0,3,1.3528138528138527,60.07393715341959,52.63157894736842,30,12.175324675324674,0.0,100.0,77.77777777777777,2.3333333333333335,4,3,8,73.79013906447534
S43G01N86,2023-2024,20231207,188,away,10,5,0,9,5,14,1,15,8,8,3,0,0,0,0,0,0,23,11,6,3,25,23,2,1,6,791,0,0,0,7,-1.3528138528138527,54.34782608695652,54.34782608695652,28,20.689655172413794,45.45454545454545,0.0,45.45454545454545,0.8333333333333334,4,3,3,73.79013906447534,55,7,1,6,0,6,0,12,7,7,2,0,0,6,6,3,4,19,9,7,7,26,25,3,0,3,791,0,0,0,3,1.3528138528138527,60.07393715341959,52.63157894736842,30,12.175324675324674,0.0,100.0,77.77777777777777,2.3333333333333335,4,3,8,73.79013906447534
S43G01N86,2023-2024,20231207,189,away,10,5,0,9,5,14,1,16,9,8,3,0,0,0,0,0,0,24,12,6,3,27,24,2,1,6,803,0,0,0,7,2.480519480519476,56.25,56.25,30,20.0,45.45454545454545,0.0,41.666666666666664,0.8333333333333334,2,4,3,74.18181818181819,55,7,1,6,0,6,0,12,7,7,2,0,0,6,6,3,4,19,9,7,7,26,25,3,0,3,803,0,0,0,3,-2.480519480519476,60.07393715341959,52.63157894736842,30,12.175324675324674,0.0,100.0,77.77777777777777,2.3333333333333335,2,4,8,74.18181818181819
S43G01N86,2023-2024,20231207,190,away,10,5,0,9,5,14,1,16,9,8,3,0,0,0,0,0,0,24,12,6,3,27,24,2,1,6,811,0,0,0,7,6.595943837753509,56.25,56.25,30,20.0,45.45454545454545,0.0,41.666666666666664,0.8333333333333334,2,4,3,74.92971639950679,55,7,1,6,0,6,0,13,7,7,2,0,0,6,6,3,4,20,9,7,7,26,26,3,0,3,811,0,0,0,3,-6.595943837753509,57.42049469964664,50.0,29,11.700468018720748,0.0,100.0,77.77777777777777,2.3333333333333335,2,4,8,74.92971639950679
S43G01N86,2023-2024,20231207,191,away,10,5,0,10,5,15,1,16,9,8,3,0,0,0,0,0,0,24,12,6,3,27,24,2,1,6,812,0,0,0,7,6.595943837753509,56.25,56.25,31,20.0,45.45454545454545,0.0,41.666666666666664,0.8333333333333334,2,4,3,74.83743842364532,55,7,1,6,0,6,0,13,7,7,2,0,0,6,6,3,4,20,9,7,7,26,26,3,0,3,812,0,0,0,3,-6.595943837753509,57.42049469964664,50.0,29,11.700468018720748,0.0,100.0,77.77777777777777,2.3333333333333335,2,4,8,74.83743842364532
S43G01N86,2023-2024,20231207,192,away,10,5,0,10,5,15,1,16,9,9,3,0,0,0,0,0,0,25,12,6,3,27,25,2,1,6,819,0,0,0,7,2.442097683907349,54.0,54.0,30,19.35483870967742,45.45454545454545,0.0,41.666666666666664,0.8333333333333334,2,4,3,75.66300366300366,55,7,1,6,0,6,0,13,7,7,2,0,0,6,6,3,4,20,9,7,7,26,26,3,0,3,819,0,0,0,3,-2.442097683907349,57.42049469964664,50.0,29,11.700468018720748,0.0,100.0,77.77777777777777,2.3333333333333335,2,4,8,75.66300366300366
S43G01N86,2023-2024,20231207,193,away,10,5,0,10,5,15,1,16,9,9,3,0,0,0,0,0,0,25,12,6,3,27,25,2,1,6,822,0,0,0,7,2.442097683907349,54.0,54.0,30,19.35483870967742,41.666666666666664,0.0,41.666666666666664,0.8333333333333334,2,4,3,75.38686131386861,55,7,1,7,0,7,0,13,7,7,2,0,0,6,6,3,4,20,9,7,7,26,26,3,0,3,822,0,0,0,3,-2.442097683907349,57.42049469964664,50.0,30,11.700468018720748,0.0,100.0,77.77777777777777,2.3333333333333335,2,4,8,75.38686131386861
S43G01N86,2023-2024,20231207,194,away,10,5,0,10,5,15,1,16,9,9,3,0,0,0,0,0,0,25,12,6,3,27,25,2,1,6,835,0,0,0,7,6.248556248556241,54.0,54.0,30,19.35483870967742,41.666666666666664,0.0,41.666666666666664,0.8333333333333334,2,4,3,75.6502994011976,55,7,1,7,0,7,0,14,7,7,2,0,0,6,6,3,4,21,9,7,7,26,27,3,0,3,835,0,0,0,3,-6.248556248556241,54.991539763113366,47.61904761904762,29,11.26126126126126,0.0,100.0,77.77777777777777,2.3333333333333335,2,4,8,75.6502994011976
S43G01N86,2023-2024,20231207,195,away,10,5,0,11,5,16,1,16,9,9,3,0,0,0,0,0,0,25,12,6,3,27,25,2,1,6,837,0,0,0,7,6.248556248556241,54.0,54.0,31,19.35483870967742,41.666666666666664,0.0,41.666666666666664,0.8333333333333334,2,4,3,75.4695340501792,55,7,1,7,0,7,0,14,7,7,2,0,0,6,6,3,4,21,9,7,7,26,27,3,0,3,837,0,0,0,3,-6.248556248556241,54.991539763113366,47.61904761904762,29,11.26126126126126,0.0,100.0,77.77777777777777,2.3333333333333335,2,4,8,75.4695340501792
S43G01N86,2023-2024,20231207,196,away,10,5,0,11,5,16,1,17,9,9,3,0,0,0,0,0,0,26,12,6,3,27,26,2,1,6,839,0,0,0,7,2.4024024024024015,51.92307692307692,51.92307692307692,30,18.75,41.666666666666664,0.0,41.666666666666664,0.8333333333333334,2,4,3,76.71990464839094,55,7,1,7,0,7,0,14,7,7,2,0,0,6,6,3,4,21,9,7,7,26,27,3,0,3,839,0,0,0,3,-2.4024024024024015,54.991539763113366,47.61904761904762,29,11.26126126126126,0.0,100.0,77.77777777777777,2.3333333333333335,2,4,8,76.71990464839094
S43G01N86,2023-2024,20231207,197,away,10,5,0,11,5,16,1,17,9,9,3,0,0,0,0,0,0,26,12,6,3,27,26,2,1,6,840,0,0,0,7,2.4024024024024015,51.92307692307692,51.92307692307692,30,18.75,41.666666666666664,0.0,41.666666666666664,0.8333333333333334,2,4,3,76.62857142857143,55,7,2,7,0,7,0,14,7,7,2,0,0,6,6,3,4,21,9,7,7,26,27,3,0,3,840,0,0,0,3,-2.4024024024024015,54.991539763113366,47.61904761904762,30,11.26126126126126,0.0,100.0,77.77777777777777,2.3333333333333335,2,4,8,76.62857142857143
S43G01N86,2023-2024,20231207,198,away,10,5,0,11,5,16,1,17,9,9,3,0,0,0,0,0,0,26,12,6,3,27,26,2,1,6,841,0,0,0,7,2.4024024024024015,51.92307692307692,51.92307692307692,30,18.75,38.46153846153846,0.0,41.666666666666664,0.8333333333333334,2,4,3,76.53745541022592,55,7,2,8,0,8,0,14,7,7,2,0,0,6,6,3,4,21,9,7,7,26,27,3,0,3,841,0,0,0,3,-2.4024024024024015,54.991539763113366,47.61904761904762,31,11.26126126126126,0.0,100.0,77.77777777777777,2.3333333333333335,2,4,8,76.53745541022592
S43G01N86,2023-2024,20231207,199,away,10,5,0,11,5,16,1,17,9,9,3,0,0,0,0,0,0,26,12,6,3,27,26,2,1,6,846,0,0,0,7,-1.3024602026049195,51.92307692307692,51.92307692307692,30,18.75,38.46153846153846,0.0,41.666666666666664,0.8333333333333334,2,5,3,77.50354609929079,55,7,2,8,0,8,0,15,8,7,2,1,1,6,6,3,4,22,10,7,7,28,28,3,0,3,846,0,0,0,3,1.3024602026049195,56.81818181818182,50.0,33,10.85383502170767,0.0,100.0,70.0,2.3333333333333335,2,5,8,77.50354609929079
S43G01N86,2023-2024,20231207,200,away,10,5,0,11,5,16,1,17,9,9,3,0,0,0,0,0,0,26,12,6,3,27,26,2,1,6,846,0,0,0,7,-1.3024602026049195,51.92307692307692,51.92307692307692,30,18.75,38.46153846153846,0.0,41.666666666666664,0.8333333333333334,2,5,3,77.50354609929079,55,8,2,8,0,8,0,15,8,7,2,1,1,6,6,3,4,22,10,7,7,28,28,3,0,3,846,0,0,0,3,1.3024602026049195,56.81818181818182,50.0,34,10.85383502170767,0.0,100.0,80.0,2.6666666666666665,2,5,8,77.50354609929079
S43G01N86,2023-2024,20231207,201,away,10,5,0,11,5,16,1,17,9,9,3,0,0,0,0,0,0,26,12,6,3,27,26,2,1,6,846,0,0,0,7,-1.3024602026049195,51.92307692307692,51.92307692307692,30,18.75,38.46153846153846,0.0,41.666666666666664,0.8333333333333334,2,5,3,77.50354609929079,55,8,2,8,0,8,0,15,8,7,2,1,1,6,6,4,6,22,10,7,7,28,28,3,0,3,846,0,0,0,3,1.3024602026049195,56.81818181818182,50.0,34,10.85383502170767,0.0,100.0,80.0,2.6666666666666665,2,5,8,77.50354609929079
S43G01N86,2023-2024,20231207,202,away,10,5,0,11,5,16,1,17,9,9,3,0,0,0,0,0,0,26,12,6,3,27,26,2,1,6,846,0,0,0,7,-1.3024602026049195,51.92307692307692,51.92307692307692,30,18.75,38.46153846153846,0.0,41.666666666666664,0.8333333333333334,2,5,3,77.50354609929079,55,8,2,8,0,8,0,15,8,7,2,1,1,6,6,4,6,22,10,7,7,28,28,3,0,3,846,0,0,0,3,1.3024602026049195,56.81818181818182,50.0,34,10.85383502170767,0.0,100.0,80.0,2.6666666666666665,2,5,8,77.50354609929079
S43G01N86,2023-2024,20231207,203,away,10,5,0,11,5,16,1,17,9,9,3,0,0,0,0,0,0,26,12,6,3,27,26,2,1,6,846,0,0,0,7,-1.3024602026049195,51.92307692307692,51.92307692307692,30,18.75,38.46153846153846,0.0,41.666666666666664,0.8333333333333334,2,5,3,77.50354609929079,55,8,2,8,0,8,0,15,8,7,2,1,1,6,6,4,6,22,10,7,7,28,28,3,0,3,846,0,0,0,3,1.3024602026049195,56.81818181818182,50.0,34,10.85383502170767,0.0,100.0,80.0,2.6666666666666665,2,5,8,77.50354609929079
S43G01N86,2023-2024,20231207,204,away,10,5,0,11,5,16,1,17,9,9,3,0,0,0,0,0,0,26,12,6,3,27,26,2,1,6,846,0,0,0,7,-1.3024602026049195,51.92307692307692,51.92307692307692,30,18.75,38.46153846153846,0.0,41.666666666666664,0.8333333333333334,2,5,3,77.50354609929079,55,8,2,8,0,8,0,15,8,7,2,1,1,6,6,4,6,22,10,7,7,28,28,3,0,3,846,0,0,0,3,1.3024602026049195,56.81818181818182,50.0,34,10.85383502170767,0.0,100.0,80.0,2.6666666666666665,2,5,8,77.50354609929079
S43G01N86,2023-2024,20231207,205,away,10,5,0,11,5,16,1,17,9,9,3,0,0,0,0,0,0,26,12,6,3,27,26,2,1,6,846,0,0,0,7,-1.3024602026049195,51.92307692307692,51.92307692307692,30,18.75,38.46153846153846,0.0,41.666666666666664,0.8333333333333334,2,5,3,77.50354609929079,55,8,2,8,0,8,0,15,8,7,2,1,1,6,6,4,6,22,10,7,7,28,28,3,0,3,846,0,0,0,3,1.3024602026049195,56.81818181818182,50.0,34,10.85383502170767,0.0,100.0,80.0,2.6666666666666665,2,5,8,77.50354609929079
S43G01N86,2023-2024,20231207,206,away,10,5,0,11,5,16,1,17,9,9,3,0,0,0,0,0,0,26,12,6,3,27,26,2,1,6,860,0,0,0,7,-1.3024602026049195,51.92307692307692,51.92307692307692,30,18.75,38.46153846153846,0.0,41.666666666666664,0.8333333333333334,2,5,3,76.24186046511628,55,8,2,8,0,8,0,15,8,7,2,1,1,6,6,4,6,22,10,8,7,28,28,3,0,3,860,0,0,0,3,1.3024602026049195,56.81818181818182,50.0,34,10.85383502170767,0.0,100.0,80.0,2.6666666666666665,2,5,8,76.24186046511628
S43G01N86,2023-2024,20231207,207,away,10,5,0,11,5,16,1,17,9,9,3,0,0,0,0,0,0,26,12,6,3,27,26,2,1,6,860,0,0,0,7,-1.3024602026049195,51.92307692307692,51.92307692307692,30,18.75,38.46153846153846,0.0,41.666666666666664,0.8333333333333334,2,5,3,76.24186046511628,55,8,2,8,0,8,0,15,8,7,2,1,1,6,6,4,6,22,10,8,7,28,28,3,0,3,860,0,0,0,3,1.3024602026049195,56.81818181818182,50.0,34,10.85383502170767,0.0,100.0,80.0,2.6666666666666665,2,5,8,76.24186046511628
S43G01N86,2023-2024,20231207,208,away,10,5,0,11,5,16,1,17,9,9,3,0,0,1,0,0,0,26,12,6,3,27,27,2,1,6,860,0,0,0,7,-2.9059587448789586,51.059001512859304,51.92307692307692,29,18.495684340320594,38.46153846153846,0.0,41.666666666666664,0.8333333333333334,2,5,3,76.85581395348837,55,8,2,8,0,8,0,15,8,7,2,1,1,6,6,4,6,22,10,8,7,28,28,3,0,3,860,0,0,0,3,2.9059587448789586,56.81818181818182,50.0,34,10.85383502170767,0.0,100.0,80.0,2.6666666666666665,2,5,8,76.85581395348837
S43G01N86,2023-2024,20231207,209,away,10,5,0,11,5,16,1,17,9,9,3,0,0,2,1,0,0,26,12,6,3,28,28,2,1,6,860,0,0,0,7,-0.8720441337383278,52.083333333333336,51.92307692307692,30,18.248175182481756,38.46153846153846,50.0,41.666666666666664,0.8333333333333334,1,5,3,77.46976744186045,55,8,2,8,0,8,0,15,8,7,2,1,1,6,6,4,6,22,10,8,7,28,28,3,0,3,860,0,0,0,3,0.8720441337383278,56.81818181818182,50.0,34,10.85383502170767,0.0,100.0,80.0,2.6666666666666665,1,5,8,77.46976744186045
S43G01N86,2023-2024,20231207,210,away,10,5,0,11,5,16,1,17,9,9,3,0,0,2,1,0,0,26,12,6,3,28,28,2,1,6,860,0,0,0,7,-0.8720441337383278,52.083333333333336,51.92307692307692,30,18.248175182481756,38.46153846153846,50.0,41.666666666666664,0.8333333333333334,1,5,3,77.46976744186045,55,8,2,8,0,8,0,15,8,7,2,1,1,6,6,4,6,22,10,8,7,28,28,3,0,3,860,0,0,0,3,0.8720441337383278,56.81818181818182,50.0,34,10.85383502170767,0.0,100.0,80.0,2.6666666666666665,1,5,8,77.46976744186045
S43G01N86,2023-2024,20231207,211,away,10,5,0,11,5,16,1,17,9,9,3,0,0,2,1,0,0,26,12,6,3,28,28,2,1,6,860,0,0,0,7,-0.8720441337383278,52.083333333333336,51.92307692307692,30,18.248175182481756,38.46153846153846,50.0,41.666666666666664,0.8333333333333334,1,5,3,77.46976744186045,55,8,2,8,0,8,0,15,8,7,2,1,1,6,6,4,6,22,10,8,7,28,28,3,0,3,860,0,0,0,3,0.8720441337383278,56.81818181818182,50.0,34,10.85383502170767,0.0,100.0,80.0,2.6666666666666665,1,5,8,77.46976744186045
S43G01N86,2023-2024,20231207,212,away,10,5,0,11,5,16,1,17,9,9,3,0,0,2,1,0,0,26,12,6,3,28,28,2,1,6,880,0,0,0,7,2.665052940374977,52.083333333333336,51.92307692307692,30,18.248175182481756,38.46153846153846,50.0,41.666666666666664,0.8333333333333334,1,5,3,77.07272727272726,55,8,2,8,0,8,0,15,8,7,2,1,1,6,6,4,6,22,10,8,7,28,28,3,0,4,880,0,0,0,4,-2.665052940374977,56.81818181818182,50.0,33,13.966480446927374,0.0,100.0,80.0,2.0,1,5,8,77.07272727272726
S43G01N86,2023-2024,20231207,213,away,10,5,0,11,5,16,1,17,9,9,3,0,0,2,1,0,0,26,12,6,3,28,28,3,1,6,881,0,0,0,7,2.665052940374977,52.083333333333336,51.92307692307692,31,18.248175182481756,38.46153846153846,50.0,41.666666666666664,0.8333333333333334,1,5,3,76.98524404086265,55,8,2,8,0,8,0,15,8,7,2,1,1,6,6,4,6,22,10,8,7,28,28,3,0,4,881,0,0,0,4,-2.665052940374977,56.81818181818182,50.0,33,13.966480446927374,0.0,100.0,80.0,2.0,1,5,8,76.98524404086265
S43G01N86,2023-2024,20231207,214,away,10,5,0,11,5,16,1,18,10,9,3,0,0,2,1,0,0,27,13,6,3,30,29,3,1,6,884,0,0,0,7,6.112753214998705,53.80200860832138,53.7037037037037,33,17.70956316410862,38.46153846153846,50.0,38.46153846153846,0.8333333333333334,3,6,3,78.0814479638009,55,8,2,8,0,8,0,15,8,7,2,1,1,6,6,4,6,22,10,8,7,28,28,3,0,4,884,0,0,0,4,-6.112753214998705,56.81818181818182,50.0,33,13.966480446927374,0.0,100.0,80.0,2.0,3,6,8,78.0814479638009
S43G01N86,2023-2024,20231207,215,away,10,6,0,11,5,16,1,18,10,9,3,0,0,2,1,0,0,27,13,6,3,30,29,3,1,6,884,0,0,0,7,6.112753214998705,53.80200860832138,53.7037037037037,34,17.70956316410862,38.46153846153846,50.0,46.15384615384615,1.0,3,6,3,78.0814479638009,55,8,2,8,0,8,0,15,8,7,2,1,1,6,6,4,6,22,10,8,7,28,28,3,0,4,884,0,0,0,4,-6.112753214998705,56.81818181818182,50.0,33,13.966480446927374,0.0,100.0,80.0,2.0,3,6,8,78.0814479638009
S43G01N86,2023-2024,20231207,216,away,10,6,0,11,5,16,1,18,10,9,3,0,0,2,1,1,2,27,13,6,3,30,29,3,1,6,886,0,0,0,7,6.112753214998705,53.80200860832138,53.7037037037037,34,17.70956316410862,38.46153846153846,50.0,46.15384615384615,1.0,3,6,3,77.90519187358916,55,8,2,8,0,8,0,15,8,7,2,1,1,6,6,4,6,22,10,8,7,28,28,3,0,4,886,0,0,0,4,-6.112753214998705,56.81818181818182,50.0,33,13.966480446927374,0.0,100.0,80.0,2.0,3,6,8,77.90519187358916
S43G01N86,2023-2024,20231207,217,away,10,6,0,11,5,16,1,18,10,9,3,0,0,2,1,1,2,27,13,6,3,30,29,3,1,6,898,0,0,0,7,9.411179771290591,53.80200860832138,53.7037037037037,34,17.70956316410862,38.46153846153846,50.0,46.15384615384615,1.0,3,6,3,78.20044543429843,55,8,2,8,0,8,0,15,8,8,2,1,1,6,6,4,6,23,10,8,7,28,29,3,0,4,898,0,0,0,4,-9.411179771290591,54.60218408736349,47.82608695652174,32,13.49527665317139,0.0,100.0,80.0,2.0,3,6,8,78.20044543429843
S43G01N86,2023-2024,20231207,218,away,10,6,0,12,5,17,1,18,10,9,3,0,0,2,1,1,2,27,13,6,3,30,29,3,1,6,900,0,0,0,7,9.411179771290591,53.80200860832138,53.7037037037037,35,17.70956316410862,38.46153846153846,50.0,46.15384615384615,1.0,3,6,3,78.02666666666666,55,8,2,8,0,8,0,15,8,8,2,1,1,6,6,4,6,23,10,8,7,28,29,3,0,4,900,0,0,0,4,-9.411179771290591,54.60218408736349,47.82608695652174,32,13.49527665317139,0.0,100.0,80.0,2.0,3,6,8,78.02666666666666
S43G01N86,2023-2024,20231207,219,away,10,6,0,12,5,17,1,18,10,10,3,0,0,2,1,1,2,28,13,6,3,30,30,3,1,6,920,0,0,0,7,5.934669853503095,51.93905817174515,51.785714285714285,34,17.201834862385322,38.46153846153846,50.0,46.15384615384615,1.0,3,6,3,77.63478260869564,55,8,2,8,0,8,0,15,8,8,2,1,1,6,6,4,6,23,10,8,7,28,29,3,0,4,920,0,0,0,4,-5.934669853503095,54.60218408736349,47.82608695652174,32,13.49527665317139,0.0,100.0,80.0,2.0,3,6,8,77.63478260869564
S43G01N86,2023-2024,20231207,220,away,10,6,0,12,5,17,1,18,10,10,3,0,0,2,1,1,2,28,13,6,3,30,30,3,1,6,921,0,0,0,7,5.934669853503095,51.93905817174515,51.785714285714285,34,17.201834862385322,35.714285714285715,50.0,46.15384615384615,1.0,3,6,3,77.55048859934853,55,8,2,9,0,9,0,15,8,8,2,1,1,6,6,4,6,23,10,8,7,28,29,3,0,4,921,0,0,0,4,-5.934669853503095,54.60218408736349,47.82608695652174,33,13.49527665317139,0.0,100.0,80.0,2.0,3,6,8,77.55048859934853
S43G01N86,2023-2024,20231207,221,away,10,6,0,12,5,17,1,18,10,10,3,0,0,2,1,1,2,28,13,6,3,30,30,3,1,6,935,0,0,0,7,9.017794415258962,51.93905817174515,51.785714285714285,34,17.201834862385322,35.714285714285715,50.0,46.15384615384615,1.0,3,6,3,77.67272727272727,55,8,2,9,0,9,0,16,8,8,2,1,1,6,6,4,6,24,10,8,7,28,30,3,0,4,935,0,0,0,4,-9.017794415258962,52.55255255255255,45.833333333333336,32,13.054830287206267,0.0,100.0,80.0,2.0,3,6,8,77.67272727272727
S43G01N86,2023-2024,20231207,222,away,10,6,0,13,5,18,1,18,10,10,3,0,0,2,1,1,2,28,13,6,3,30,30,3,1,6,937,0,0,0,7,9.017794415258962,51.93905817174515,51.785714285714285,35,17.201834862385322,35.714285714285715,50.0,46.15384615384615,1.0,3,6,3,77.5069370330843,55,8,2,9,0,9,0,16,8,8,2,1,1,6,6,4,6,24,10,8,7,28,30,3,0,4,937,0,0,0,4,-9.017794415258962,52.55255255255255,45.833333333333336,32,13.054830287206267,0.0,100.0,80.0,2.0,3,6,8,77.5069370330843
S43G01N86,2023-2024,20231207,223,away,10,6,0,13,5,18,1,18,10,11,3,0,0,2,1,1,2,29,13,6,3,30,31,3,1,6,948,0,0,0,7,5.7664470569136625,50.200803212851405,50.0,34,16.722408026755854,35.714285714285715,50.0,46.15384615384615,1.0,3,6,3,77.87341772151899,55,8,2,9,0,9,0,16,8,8,2,1,1,6,6,4,6,24,10,8,7,28,30,3,0,4,948,0,0,0,4,-5.7664470569136625,52.55255255255255,45.833333333333336,32,13.054830287206267,0.0,100.0,80.0,2.0,3,6,8,77.87341772151899
S43G01N86,2023-2024,20231207,224,away,10,6,0,13,5,18,1,18,10,11,3,0,0,2,1,1,2,29,13,6,3,30,31,3,1,6,950,0,0,0,7,5.7664470569136625,50.200803212851405,50.0,34,16.722408026755854,33.333333333333336,50.0,46.15384615384615,1.0,3,6,3,77.70947368421052,55,8,2,10,0,10,0,16,8,8,2,1,1,6,6,4,6,24,10,8,7,28,30,3,0,4,950,0,0,0,4,-5.7664470569136625,52.55255255255255,45.833333333333336,33,13.054830287206267,0.0,100.0,80.0,2.0,3,6,8,77.70947368421052
S43G01N86,2023-2024,20231207,225,away,10,6,0,13,5,18,1,18,10,11,3,0,0,2,1,1,2,29,13,6,3,30,31,3,1,6,972,0,0,0,7,2.333571330315806,50.200803212851405,50.0,34,16.722408026755854,33.333333333333336,50.0,46.15384615384615,1.0,2,6,3,77.18518518518518,55,8,2,10,0,10,0,17,9,8,2,2,2,6,6,4,6,25,11,8,7,30,31,3,0,4,972,0,0,0,4,-2.333571330315806,54.26917510853835,48.0,35,12.642225031605562,0.0,100.0,72.72727272727273,2.0,2,6,8,77.18518518518518
S43G01N86,2023-2024,20231207,226,away,10,6,0,13,5,18,1,18,10,12,4,0,0,2,1,1,2,30,14,6,3,33,32,3,1,6,993,0,0,0,7,8.696486666973357,53.432642487046635,53.333333333333336,37,16.26898047722343,33.333333333333336,50.0,42.857142857142854,1.0,3,6,3,76.76132930513594,55,8,2,10,0,10,0,17,9,8,2,2,2,6,6,4,6,25,11,8,7,30,31,3,0,4,993,0,0,0,4,-8.696486666973357,54.26917510853835,48.0,35,12.642225031605562,0.0,100.0,72.72727272727273,2.0,3,6,8,76.76132930513594
S43G01N86,2023-2024,20231207,227,away,10,7,0,13,5,18,1,18,10,12,4,0,0,2,1,1,2,30,14,6,3,33,32,3,1,6,993,0,0,0,7,8.696486666973357,53.432642487046635,53.333333333333336,38,16.26898047722343,33.333333333333336,50.0,50.0,1.1666666666666667,3,6,3,76.76132930513594,55,8,2,10,0,10,0,17,9,8,2,2,2,6,6,4,6,25,11,8,7,30,31,3,0,4,993,0,0,0,4,-8.696486666973357,54.26917510853835,48.0,35,12.642225031605562,0.0,100.0,72.72727272727273,2.0,3,6,8,76.76132930513594
S43G01N86,2023-2024,20231207,228,away,10,7,0,13,5,18,1,18,10,12,4,0,0,2,1,1,2,30,14,6,3,33,32,3,1,6,993,0,0,0,7,8.696486666973357,53.432642487046635,53.333333333333336,38,16.26898047722343,33.333333333333336,50.0,50.0,1.1666666666666667,3,6,3,76.76132930513594,55,8,2,10,0,10,0,17,9,8,2,2,2,6,6,4,6,25,11,8,7,30,31,3,0,4,993,0,0,0,4,-8.696486666973357,54.26917510853835,48.0,35,12.642225031605562,0.0,100.0,72.72727272727273,2.0,3,6,8,76.76132930513594
S43G01N86,2023-2024,20231207,229,away,10,7,0,13,5,18,1,18,10,12,4,0,0,2,1,1,2,30,14,6,3,33,32,3,1,6,993,0,0,0,7,8.696486666973357,53.432642487046635,53.333333333333336,38,16.26898047722343,33.333333333333336,50.0,50.0,1.1666666666666667,3,6,3,76.76132930513594,55,8,2,10,0,10,0,17,9,8,2,2,2,6,6,4,6,25,11,8,7,30,31,3,0,4,993,0,0,0,4,-8.696486666973357,54.26917510853835,48.0,35,12.642225031605562,0.0,100.0,72.72727272727273,2.0,3,6,8,76.76132930513594
S43G01N86,2023-2024,20231207,230,away,10,7,0,13,5,18,1,18,10,12,4,0,0,2,1,1,2,30,14,6,3,33,32,3,1,6,993,0,0,0,7,8.696486666973357,53.432642487046635,53.333333333333336,38,16.26898047722343,33.333333333333336,50.0,50.0,1.1666666666666667,3,6,3,76.76132930513594,55,8,2,10,0,10,0,17,9,8,2,2,2,6,6,4,6,25,11,8,7,30,31,3,0,4,993,0,0,0,4,-8.696486666973357,54.26917510853835,48.0,35,12.642225031605562,0.0,100.0,72.72727272727273,2.0,3,6,8,76.76132930513594
S43G01N86,2023-2024,20231207,231,away,10,7,0,13,5,18,1,18,10,12,4,0,0,2,1,1,2,30,14,6,3,33,32,3,1,6,993,0,0,0,7,8.696486666973357,53.432642487046635,53.333333333333336,38,16.26898047722343,33.333333333333336,50.0,50.0,1.1666666666666667,3,6,3,76.76132930513594,55,8,2,10,0,10,0,17,9,8,2,2,2,6,6,4,6,25,11,8,7,30,31,3,0,4,993,0,0,0,4,-8.696486666973357,54.26917510853835,48.0,35,12.642225031605562,0.0,100.0,72.72727272727273,2.0,3,6,8,76.76132930513594
S43G01N86,2023-2024,20231207,232,away,10,7,0,13,5,18,1,18,10,12,4,0,0,2,1,1,2,30,14,6,3,33,32,3,1,6,993,0,0,0,7,8.696486666973357,53.432642487046635,53.333333333333336,38,16.26898047722343,33.333333333333336,50.0,50.0,1.1666666666666667,3,6,3,76.76132930513594,55,8,2,10,0,10,0,17,9,8,2,2,2,6,6,4,6,25,11,8,7,30,31,3,0,4,993,0,0,0,4,-8.696486666973357,54.26917510853835,48.0,35,12.642225031605562,0.0,100.0,72.72727272727273,2.0,3,6,8,76.76132930513594
S43G01N86,2023-2024,20231207,233,away,10,7,0,13,5,18,1,18,10,12,4,0,0,2,1,1,2,30,14,6,3,33,32,3,1,6,993,0,0,0,7,8.696486666973357,53.432642487046635,53.333333333333336,38,16.26898047722343,33.333333333333336,50.0,50.0,1.1666666666666667,3,6,3,76.76132930513594,55,8,2,10,0,10,0,17,9,8,2,2,2,6,6,4,6,25,11,8,7,30,31,3,0,4,993,0,0,0,4,-8.696486666973357,54.26917510853835,48.0,35,12.642225031605562,0.0,100.0,72.72727272727273,2.0,3,6,8,76.76132930513594
S43G01N86,2023-2024,20231207,234,away,10,7,0,13,5,18,1,18,10,12,4,0,0,2,1,1,2,30,14,6,3,33,32,3,1,6,993,0,0,0,7,8.696486666973357,53.432642487046635,53.333333333333336,38,16.26898047722343,33.333333333333336,50.0,50.0,1.1666666666666667,3,6,3,76.76132930513594,55,8,2,10,0,10,0,17,9,8,2,2,2,6,6,4,6,25,11,8,7,30,31,3,0,4,993,0,0,0,4,-8.696486666973357,54.26917510853835,48.0,35,12.642225031605562,0.0,100.0,72.72727272727273,2.0,3,6,8,76.76132930513594
S43G01N86,2023-2024,20231207,235,away,10,7,0,13,5,18,1,18,10,12,4,0,0,2,1,1,2,30,14,6,3,33,32,3,1,6,993,0,0,0,7,8.696486666973357,53.432642487046635,53.333333333333336,38,16.26898047722343,33.333333333333336,50.0,50.0,1.1666666666666667,3,6,3,76.76132930513594,55,8,2,10,0,10,0,17,9,8,2,2,2,6,6,4,6,25,11,8,7,30,31,3,0,4,993,0,0,0,4,-8.696486666973357,54.26917510853835,48.0,35,12.642225031605562,0.0,100.0,72.72727272727273,2.0,3,6,8,76.76132930513594
S43G01N86,2023-2024,20231207,236,away,10,7,0,13,5,18,1,18,10,12,4,0,0,2,1,1,2,30,14,6,3,33,32,3,1,6,993,0,0,0,7,8.696486666973357,53.432642487046635,53.333333333333336,38,16.26898047722343,33.333333333333336,50.0,50.0,1.1666666666666667,3,6,3,76.76132930513594,55,8,2,10,0,10,0,17,9,8,2,2,2,6,6,4,6,25,11,8,7,30,31,3,0,4,993,0,0,0,4,-8.696486666973357,54.26917510853835,48.0,35,12.642225031605562,0.0,100.0,72.72727272727273,2.0,3,6,8,76.76132930513594
S43G01N86,2023-2024,20231207,237,away,10,7,0,13,5,18,1,18,10,12,4,0,0,2,1,1,2,30,14,6,3,33,32,3,1,6,1016,0,0,0,7,5.473958717740572,53.432642487046635,53.333333333333336,38,16.26898047722343,33.333333333333336,50.0,50.0,1.1666666666666667,2,6,3,76.2047244094488,55,8,2,10,0,10,0,18,10,8,2,2,2,6,6,4,6,26,12,8,7,32,32,3,0,4,1016,0,0,0,4,-5.473958717740572,55.865921787709496,50.0,37,12.254901960784313,0.0,100.0,66.66666666666667,2.0,2,6,8,76.2047244094488
S43G01N86,2023-2024,20231207,238,away,10,7,0,13,5,18,1,18,10,12,4,0,0,2,1,1,2,30,14,6,3,33,32,3,1,6,1016,0,0,0,7,5.473958717740572,53.432642487046635,53.333333333333336,38,16.26898047722343,33.333333333333336,50.0,50.0,1.1666666666666667,2,6,3,76.2047244094488,55,9,2,10,0,10,0,18,10,8,2,2,2,6,6,4,6,26,12,8,7,32,32,3,0,4,1016,0,0,0,4,-5.473958717740572,55.865921787709496,50.0,38,12.254901960784313,0.0,100.0,75.0,2.25,2,6,8,76.2047244094488
S43G01N86,2023-2024,20231207,239,away,10,7,0,13,5,18,1,19,11,12,4,0,0,2,1,1,2,31,15,6,3,35,33,3,1,6,1039,0,0,0,7,8.408472878202403,54.89335006273526,54.83870967741935,40,15.839493136219643,33.333333333333336,50.0,46.666666666666664,1.1666666666666667,2,6,3,75.67276227141481,55,9,2,10,0,10,0,18,10,8,2,2,2,6,6,4,6,26,12,8,7,32,32,3,0,4,1039,0,0,0,4,-8.408472878202403,55.865921787709496,50.0,38,12.254901960784313,0.0,100.0,75.0,2.25,2,6,8,75.67276227141481
S43G01N86,2023-2024,20231207,240,away,10,7,0,13,5,18,1,19,11,12,4,0,0,2,1,1,2,31,15,6,3,35,33,3,1,6,1039,0,0,0,7,8.408472878202403,54.89335006273526,54.83870967741935,40,15.839493136219643,33.333333333333336,50.0,46.666666666666664,1.1666666666666667,2,6,3,75.67276227141481,55,9,2,10,0,10,0,18,10,8,2,2,2,6,6,4,6,26,12,9,7,32,32,3,0,4,1039,0,0,0,4,-8.408472878202403,55.865921787709496,50.0,38,12.254901960784313,0.0,100.0,75.0,2.25,2,6,8,75.67276227141481
S43G01N86,2023-2024,20231207,241,away,10,7,0,13,5,18,1,19,11,12,4,0,0,3,2,1,2,31,15,6,3,36,34,3,1,6,1039,0,0,0,7,10.004001600640265,55.693069306930695,54.83870967741935,41,15.657620041753653,33.333333333333336,66.66666666666667,46.666666666666664,1.1666666666666667,3,6,4,76.18094321462947,55,9,2,10,0,10,0,18,10,8,2,2,2,6,6,4,6,26,12,9,7,32,32,3,0,4,1039,0,0,0,4,-10.004001600640265,55.865921787709496,50.0,38,12.254901960784313,0.0,100.0,75.0,2.25,3,6,8,76.18094321462947
S43G01N86,2023-2024,20231207,242,away,10,7,0,13,5,18,1,19,11,12,4,0,0,3,2,1,2,31,15,6,3,36,34,3,1,6,1065,0,0,0,7,6.973062709031296,55.693069306930695,54.83870967741935,41,15.657620041753653,33.333333333333336,66.66666666666667,46.666666666666664,1.1666666666666667,2,6,4,75.44788732394368,55,9,2,10,0,10,0,19,11,8,2,2,2,6,6,4,6,27,13,9,7,34,33,3,0,4,1065,0,0,0,4,-6.973062709031296,57.35492577597841,51.851851851851855,40,11.890606420927467,0.0,100.0,69.23076923076923,2.25,2,6,8,75.44788732394368
S43G01N86,2023-2024,20231207,243,away,10,7,0,13,5,18,1,19,11,12,4,0,0,3,2,1,2,31,15,6,3,36,34,3,1,6,1085,0,0,0,7,6.973062709031296,55.693069306930695,54.83870967741935,41,15.657620041753653,33.333333333333336,66.66666666666667,46.666666666666664,1.1666666666666667,2,6,4,74.05714285714288,55,9,2,10,0,10,0,19,11,8,2,2,2,6,6,4,6,27,13,10,7,34,33,3,0,4,1085,0,0,0,4,-6.973062709031296,57.35492577597841,51.851851851851855,40,11.890606420927467,0.0,100.0,69.23076923076923,2.25,2,6,8,74.05714285714288
S43G01N86,2023-2024,20231207,244,away,10,7,0,13,5,18,1,19,11,12,4,0,0,4,3,1,2,31,15,6,3,37,35,3,1,6,1085,0,0,0,7,8.527001820220804,56.47130647130648,54.83870967741935,42,15.479876160990713,33.333333333333336,75.0,46.666666666666664,1.1666666666666667,1,6,4,74.54377880184333,55,9,2,10,0,10,0,19,11,8,2,2,2,6,6,4,6,27,13,10,7,34,33,3,0,4,1085,0,0,0,4,-8.527001820220804,57.35492577597841,51.851851851851855,40,11.890606420927467,0.0,100.0,69.23076923076923,2.25,1,6,8,74.54377880184333
S43G01N86,2023-2024,20231207,245,away,10,7,0,13,5,18,1,19,11,12,4,0,0,5,4,1,2,31,15,6,3,38,36,3,1,6,1085,0,0,0,7,10.040956533227629,57.2289156626506,54.83870967741935,43,15.306122448979592,33.333333333333336,80.0,46.666666666666664,1.1666666666666667,2,6,4,75.03041474654378,55,9,2,10,0,10,0,19,11,8,2,2,2,6,6,4,6,27,13,10,7,34,33,3,0,4,1085,0,0,0,4,-10.040956533227629,57.35492577597841,51.851851851851855,40,11.890606420927467,0.0,100.0,69.23076923076923,2.25,2,6,8,75.03041474654378
S43G01N86,2023-2024,20231207,246,away,10,7,0,13,5,18,1,19,11,12,4,0,0,5,4,1,2,31,15,6,3,38,36,3,1,6,1110,0,0,0,7,12.95868616884782,57.2289156626506,54.83870967741935,43,15.306122448979592,33.333333333333336,80.0,46.666666666666664,1.1666666666666667,2,6,4,74.42162162162163,55,9,2,10,0,10,0,20,11,8,2,2,2,6,6,4,6,28,13,10,7,34,34,3,0,4,1110,0,0,0,4,-12.95868616884782,55.48302872062663,50.0,39,11.547344110854503,0.0,100.0,69.23076923076923,2.25,2,6,8,74.42162162162163
S43G01N86,2023-2024,20231207,247,away,10,7,0,13,5,18,1,19,11,12,4,0,0,5,4,1,2,31,15,6,3,38,36,3,1,6,1110,0,0,0,7,12.95868616884782,57.2289156626506,54.83870967741935,43,15.306122448979592,33.333333333333336,80.0,46.666666666666664,1.1666666666666667,2,6,4,74.42162162162163,55,9,2,10,0,10,0,20,11,8,2,2,2,6,6,4,6,28,13,10,7,34,34,3,1,4,1110,0,0,0,5,-12.95868616884782,55.48302872062663,50.0,38,11.547344110854503,0.0,100.0,69.23076923076923,2.25,2,6,8,74.42162162162163
S43G01N86,2023-2024,20231207,248,away,10,7,0,13,5,18,2,19,11,12,4,0,0,5,4,1,2,31,15,6,3,38,36,3,1,6,1110,0,0,0,7,12.95868616884782,57.2289156626506,54.83870967741935,44,15.306122448979592,33.333333333333336,80.0,46.666666666666664,1.1666666666666667,2,6,4,74.42162162162163,55,9,2,10,0,10,0,20,11,8,2,2,2,6,6,4,6,28,13,10,7,34,34,3,1,4,1110,0,0,0,5,-12.95868616884782,55.48302872062663,50.0,38,11.547344110854503,0.0,100.0,69.23076923076923,2.25,2,6,8,74.42162162162163
S43G01N86,2023-2024,20231207,249,away,10,7,0,13,5,18,2,19,11,12,4,0,0,5,4,1,2,31,15,6,3,38,36,3,1,6,1110,0,0,0,7,12.95868616884782,57.2289156626506,54.83870967741935,44,15.306122448979592,33.333333333333336,80.0,46.666666666666664,1.1666666666666667,2,6,4,74.42162162162163,55,9,2,10,0,10,0,20,11,8,2,2,2,6,6,4,6,28,13,10,7,34,34,3,1,4,1110,0,0,0,5,-12.95868616884782,55.48302872062663,50.0,38,11.547344110854503,0.0,100.0,69.23076923076923,2.25,2,6,8,74.42162162162163
S43G01N86,2023-2024,20231207,250,away,10,7,0,13,5,18,2,20,12,12,4,0,0,5,4,1,2,32,16,6,3,40,37,3,1,6,1133,0,0,0,7,15.483938694100345,58.47953216374268,56.25,46,14.925373134328357,33.333333333333336,80.0,43.75,1.1666666666666667,4,6,6,73.96999117387467,55,9,2,10,0,10,0,20,11,8,2,2,2,6,6,4,6,28,13,10,7,34,34,3,1,4,1133,0,0,0,5,-15.483938694100345,55.48302872062663,50.0,38,11.547344110854503,0.0,100.0,69.23076923076923,2.25,4,6,8,73.96999117387467
S43G01N86,2023-2024,20231207,251,away,10,7,0,13,5,18,2,20,12,12,4,0,0,5,4,1,2,32,16,7,4,40,37,3,1,6,1146,0,0,0,7,15.483938694100345,58.47953216374268,56.25,46,14.925373134328357,33.333333333333336,80.0,43.75,1.1666666666666667,4,6,6,73.13089005235602,55,9,2,10,0,10,0,20,11,8,2,2,2,6,6,4,6,28,13,10,7,34,34,3,1,4,1146,0,0,0,5,-15.483938694100345,55.48302872062663,50.0,38,11.547344110854503,0.0,100.0,69.23076923076923,2.25,4,6,8,73.13089005235602
S43G01N86,2023-2024,20231207,252,away,10,7,0,13,5,18,2,20,12,12,4,0,0,5,4,1,2,32,16,7,4,40,37,3,1,6,1146,0,0,0,7,15.483938694100345,58.47953216374268,56.25,46,14.925373134328357,33.333333333333336,80.0,43.75,1.1666666666666667,4,6,6,73.13089005235602,55,9,2,10,0,10,0,20,11,8,2,2,2,6,6,4,6,28,13,10,7,34,34,3,1,4,1146,0,0,0,5,-15.483938694100345,55.48302872062663,50.0,38,11.547344110854503,0.0,100.0,69.23076923076923,2.25,4,6,8,73.13089005235602
S43G01N86,2023-2024,20231207,253,away,10,7,0,13,5,18,2,20,12,12,4,0,0,5,4,1,2,32,16,7,4,40,37,3,1,6,1146,0,0,0,7,15.483938694100345,58.47953216374268,56.25,46,14.925373134328357,33.333333333333336,80.0,43.75,1.1666666666666667,4,6,6,73.13089005235602,55,9,2,10,0,10,0,20,11,8,2,2,2,6,6,4,6,28,13,10,7,34,34,3,1,4,1146,0,0,0,5,-15.483938694100345,55.48302872062663,50.0,38,11.547344110854503,0.0,100.0,69.23076923076923,2.25,4,6,8,73.13089005235602
S43G01N86,2023-2024,20231207,254,away,10,7,0,13,5,18,2,20,12,12,4,0,0,5,4,1,2,32,16,7,4,40,37,3,1,6,1146,0,0,0,7,15.483938694100345,58.47953216374268,56.25,46,14.925373134328357,33.333333333333336,80.0,43.75,1.1666666666666667,4,6,6,73.13089005235602,55,9,2,10,0,10,0,20,11,8,2,2,2,6,6,4,6,28,13,10,7,34,34,3,1,4,1146,0,0,0,5,-15.483938694100345,55.48302872062663,50.0,38,11.547344110854503,0.0,100.0,69.23076923076923,2.25,4,6,8,73.13089005235602
S43G01N86,2023-2024,20231207,255,away,10,7,0,13,5,18,2,20,12,12,4,0,0,5,4,1,2,32,16,7,4,40,37,3,1,6,1154,0,0,0,7,9.820426487093144,58.47953216374268,56.25,46,14.925373134328357,33.333333333333336,80.0,43.75,1.1666666666666667,3,6,6,73.66377816291163,55,9,2,10,0,10,0,20,11,9,3,2,2,6,6,4,6,29,14,10,7,37,35,3,1,4,1154,0,0,0,5,-9.820426487093144,58.470290771175726,53.44827586206897,41,11.22334455667789,0.0,100.0,64.28571428571429,2.25,3,6,8,73.66377816291163
S43G01N86,2023-2024,20231207,256,away,10,7,0,13,5,18,2,20,12,12,4,0,0,5,4,1,2,32,16,7,4,40,37,3,1,6,1154,0,0,0,7,9.820426487093144,58.47953216374268,56.25,46,14.925373134328357,33.333333333333336,80.0,43.75,1.1666666666666667,3,6,6,73.66377816291163,55,10,2,10,0,10,0,20,11,9,3,2,2,6,6,4,6,29,14,10,7,37,35,3,1,4,1154,0,0,0,5,-9.820426487093144,58.470290771175726,53.44827586206897,42,11.22334455667789,0.0,100.0,71.42857142857143,2.5,3,6,8,73.66377816291163
S43G01N86,2023-2024,20231207,257,away,10,7,0,13,5,18,2,20,12,13,4,0,0,5,4,1,2,33,16,7,4,40,38,3,1,6,1172,0,0,0,7,6.681300419790276,56.81818181818181,54.54545454545455,45,14.563106796116504,33.333333333333336,80.0,43.75,1.1666666666666667,3,6,6,73.55631399317406,55,10,2,10,0,10,0,20,11,9,3,2,2,6,6,4,6,29,14,10,7,37,35,3,1,4,1172,0,0,0,5,-6.681300419790276,58.470290771175726,53.44827586206897,42,11.22334455667789,0.0,100.0,71.42857142857143,2.5,3,6,8,73.55631399317406
S43G01N86,2023-2024,20231207,258,away,10,7,0,13,5,18,2,20,12,13,4,0,0,5,4,1,2,33,16,7,4,40,38,3,1,6,1173,0,0,0,7,6.681300419790276,56.81818181818181,54.54545454545455,45,14.563106796116504,31.25,80.0,43.75,1.1666666666666667,3,6,6,73.49360613810742,55,10,2,11,0,11,0,20,11,9,3,2,2,6,6,4,6,29,14,10,7,37,35,3,1,4,1173,0,0,0,5,-6.681300419790276,58.470290771175726,53.44827586206897,43,11.22334455667789,0.0,100.0,71.42857142857143,2.5,3,6,8,73.49360613810742
S43G01N86,2023-2024,20231207,259,away,10,7,0,13,5,18,2,20,12,13,4,0,0,5,4,1,2,33,16,8,5,40,38,3,1,6,1177,0,0,0,7,6.681300419790276,56.81818181818181,54.54545454545455,45,14.563106796116504,31.25,80.0,43.75,1.1666666666666667,3,6,6,73.24384027187766,55,10,2,11,0,11,0,20,11,9,3,2,2,6,6,4,6,29,14,10,7,37,35,3,1,4,1177,0,0,0,5,-6.681300419790276,58.470290771175726,53.44827586206897,43,11.22334455667789,0.0,100.0,71.42857142857143,2.5,3,6,8,73.24384027187766
S43G01N86,2023-2024,20231207,260,away,10,7,0,13,5,18,2,20,12,13,4,0,0,5,4,1,2,33,16,8,5,40,38,3,1,6,1177,0,0,0,7,6.681300419790276,56.81818181818181,54.54545454545455,45,14.563106796116504,31.25,80.0,43.75,1.1666666666666667,3,6,6,73.24384027187766,55,10,2,11,0,11,0,20,11,9,3,2,2,6,6,4,6,29,14,10,7,37,35,3,1,4,1177,0,0,0,5,-6.681300419790276,58.470290771175726,53.44827586206897,43,11.22334455667789,0.0,100.0,71.42857142857143,2.5,3,6,8,73.24384027187766
S43G01N86,2023-2024,20231207,261,away,10,7,0,13,5,18,2,20,12,13,4,0,0,5,4,1,2,33,16,8,5,40,38,3,1,6,1200,0,0,0,7,9.514704817969061,56.81818181818181,54.54545454545455,45,14.563106796116504,31.25,80.0,43.75,1.1666666666666667,3,6,6,72.84,55,10,2,11,0,11,0,20,11,9,3,2,2,6,6,4,6,29,14,10,7,37,35,3,1,5,1200,0,0,0,6,-9.514704817969061,58.470290771175726,53.44827586206897,42,13.646288209606986,0.0,100.0,71.42857142857143,2.0,3,6,8,72.84
S43G01N86,2023-2024,20231207,262,away,10,7,0,13,5,18,2,20,12,13,4,0,0,5,4,1,2,33,16,8,5,40,38,3,1,6,1200,0,0,0,7,9.514704817969061,56.81818181818181,54.54545454545455,45,14.563106796116504,31.25,80.0,43.75,1.1666666666666667,3,6,6,72.84,55,10,2,11,0,11,0,20,11,9,3,2,2,6,6,4,6,29,14,10,7,37,35,3,1,5,1200,0,0,0,6,-9.514704817969061,58.470290771175726,53.44827586206897,42,13.646288209606986,0.0,100.0,71.42857142857143,2.0,3,6,8,72.84
S43G01N86,2023-2024,20231207,263,away,10,7,0,13,5,18,2,20,12,13,4,0,0,5,4,1,2,33,16,8,5,40,38,3,1,6,1200,0,0,0,7,9.514704817969061,56.81818181818181,54.54545454545455,45,14.563106796116504,31.25,80.0,43.75,1.1666666666666667,3,6,6,72.84,55,10,2,11,0,11,0,20,11,9,3,2,2,6,6,4,6,29,14,10,7,37,35,3,1,5,1200,0,0,0,6,-9.514704817969061,58.470290771175726,53.44827586206897,42,13.646288209606986,0.0,100.0,71.42857142857143,2.0,3,6,8,72.84
S43G01N86,2023-2024,20231207,264,away,10,7,0,13,5,18,2,20,12,13,4,0,0,5,4,1,2,33,16,8,5,40,38,3,1,6,1200,0,0,0,7,9.514704817969061,56.81818181818181,54.54545454545455,45,14.563106796116504,31.25,80.0,43.75,1.1666666666666667,3,6,6,72.84,55,10,2,11,0,11,0,20,11,9,3,2,2,6,6,4,6,29,14,10,7,37,35,3,1,5,1200,0,0,0,6,-9.514704817969061,58.470290771175726,53.44827586206897,42,13.646288209606986,0.0,100.0,71.42857142857143,2.0,3,6,8,72.84
S43G01N86,2023-2024,20231207,265,away,10,7,0,13,5,18,2,20,12,13,4,0,0,5,4,1,2,33,16,8,5,40,38,3,1,6,1200,0,0,0,7,9.514704817969061,56.81818181818181,54.54545454545455,45,14.563106796116504,31.25,80.0,43.75,1.1666666666666667,3,6,6,72.84,55,10,2,11,0,11,0,20,11,9,3,2,2,6,6,4,6,29,14,10,7,37,35,3,1,5,1200,0,0,0,6,-9.514704817969061,58.470290771175726,53.44827586206897,42,13.646288209606986,0.0,100.0,71.42857142857143,2.0,3,6,8,72.84
S43G01N86,2023-2024,20231207,266,away,10,7,0,13,5,18,2,20,12,13,4,0,0,5,4,1,2,33,16,8,5,40,38,3,1,6,1200,0,0,0,7,9.514704817969061,56.81818181818181,54.54545454545455,45,14.563106796116504,31.25,80.0,43.75,1.1666666666666667,3,6,6,72.84,55,10,2,11,0,11,0,20,11,9,3,2,2,6,6,4,6,29,14,10,7,37,35,3,1,5,1200,0,0,0,6,-9.514704817969061,58.470290771175726,53.44827586206897,42,13.646288209606986,0.0,100.0,71.42857142857143,2.0,3,6,8,72.84
S43G01N86,2023-2024,20231207,267,away,10,7,0,13,5,18,2,20,12,13,4,0,0,5,4,1,2,33,16,8,5,40,38,3,1,6,1200,0,0,0,7,9.514704817969061,56.81818181818181,54.54545454545455,45,14.563106796116504,31.25,80.0,43.75,1.1666666666666667,3,6,6,72.84,55,10,2,11,0,11,0,20,11,9,3,2,2,6,6,4,6,29,14,10,7,37,35,3,1,5,1200,0,0,0,6,-9.514704817969061,58.470290771175726,53.44827586206897,42,13.646288209606986,0.0,100.0,71.42857142857143,2.0,3,6,8,72.84
S43G01N86,2023-2024,20231207,268,away,10,7,0,13,5,18,2,20,12,13,4,0,0,5,4,1,2,33,16,8,5,40,38,3,1,6,1200,0,0,0,7,9.514704817969061,56.81818181818181,54.54545454545455,45,14.563106796116504,31.25,80.0,43.75,1.1666666666666667,3,6,6,72.84,55,10,2,11,0,11,0,20,11,9,3,2,2,6,6,4,6,29,14,10,7,37,35,3,1,5,1200,0,0,0,6,-9.514704817969061,58.470290771175726,53.44827586206897,42,13.646288209606986,0.0,100.0,71.42857142857143,2.0,3,6,8,72.84
S43G01N86,2023-2024,20231207,269,away,10,7,0,13,5,18,2,20,12,13,4,0,0,5,4,1,2,33,16,8,5,40,38,3,1,6,1200,0,0,0,7,9.514704817969061,56.81818181818181,54.54545454545455,45,14.563106796116504,31.25,80.0,43.75,1.1666666666666667,3,6,6,72.84,55,10,2,11,0,11,0,20,11,9,3,2,2,6,6,4,6,29,14,10,7,37,35,3,1,5,1200,0,0,0,6,-9.514704817969061,58.470290771175726,53.44827586206897,42,13.646288209606986,0.0,100.0,71.42857142857143,2.0,3,6,8,72.84
S43G01N86,2023-2024,20231207,270,away,10,7,0,13,5,18,2,20,12,13,4,0,0,5,4,1,2,33,16,8,5,40,38,3,1,6,1200,0,0,0,7,9.514704817969061,56.81818181818181,54.54545454545455,45,14.563106796116504,31.25,80.0,43.75,1.1666666666666667,3,6,6,72.84,55,10,2,11,0,11,0,20,11,9,3,2,2,6,6,4,6,29,14,10,7,37,35,3,1,5,1200,0,0,0,6,-9.514704817969061,58.470290771175726,53.44827586206897,42,13.646288209606986,0.0,100.0,71.42857142857143,2.0,3,6,8,72.84
S43G01N86,2023-2024,20231207,271,away,10,7,0,13,5,18,2,20,12,13,4,0,0,5,4,1,2,33,16,8,5,40,38,3,1,6,1200,0,0,0,7,9.514704817969061,56.81818181818181,54.54545454545455,45,14.563106796116504,31.25,80.0,43.75,1.1666666666666667,3,6,6,72.84,55,10,2,11,0,11,0,20,11,9,3,2,2,6,6,4,6,29,14,10,7,37,35,3,1,5,1200,0,0,0,6,-9.514704817969061,58.470290771175726,53.44827586206897,42,13.646288209606986,0.0,100.0,71.42857142857143,2.0,3,6,8,72.84
S43G01N86,2023-2024,20231207,272,away,10,7,0,13,5,18,2,20,12,13,4,0,0,5,4,1,2,33,16,8,5,40,38,3,1,6,1200,0,0,0,7,9.514704817969061,56.81818181818181,54.54545454545455,45,14.563106796116504,31.25,80.0,43.75,1.1666666666666667,3,6,6,72.84,55,10,2,11,0,11,0,20,11,9,3,2,2,6,6,4,6,29,14,10,7,37,35,3,1,5,1200,0,0,0,6,-9.514704817969061,58.470290771175726,53.44827586206897,42,13.646288209606986,0.0,100.0,71.42857142857143,2.0,3,6,8,72.84
S43G01N86,2023-2024,20231207,273,away,10,7,0,13,5,18,2,20,12,13,4,0,0,5,4,1,2,33,16,8,5,40,38,3,1,6,1200,0,0,0,7,9.514704817969061,56.81818181818181,54.54545454545455,45,14.563106796116504,31.25,80.0,43.75,1.1666666666666667,3,6,6,72.84,55,10,2,11,0,11,0,20,11,9,3,2,2,6,6,4,6,29,14,10,7,37,35,3,1,5,1200,0,0,0,6,-9.514704817969061,58.470290771175726,53.44827586206897,42,13.646288209606986,0.0,100.0,71.42857142857143,2.0,3,6,8,72.84
S43G01N86,2023-2024,20231207,274,away,10,7,0,13,5,18,2,20,12,13,4,0,0,5,4,1,2,33,16,8,5,40,38,3,1,6,1200,0,0,0,7,9.514704817969061,56.81818181818181,54.54545454545455,45,14.563106796116504,31.25,80.0,43.75,1.1666666666666667,3,6,6,72.84,55,10,2,11,0,11,0,20,11,9,3,2,2,6,6,4,6,29,14,10,7,37,35,3,1,5,1200,0,0,0,6,-9.514704817969061,58.470290771175726,53.44827586206897,42,13.646288209606986,0.0,100.0,71.42857142857143,2.0,3,6,8,72.84
S43G01N86,2023-2024,20231207,275,away,10,7,0,13,5,18,2,20,12,13,4,0,0,5,4,1,2,33,16,8,5,40,38,3,1,6,1200,0,0,0,7,9.514704817969061,56.81818181818181,54.54545454545455,45,14.563106796116504,31.25,80.0,43.75,1.1666666666666667,3,6,6,72.84,55,10,2,11,0,11,0,20,11,9,3,2,2,6,6,4,6,29,14,10,7,37,35,3,1,5,1200,0,0,0,6,-9.514704817969061,58.470290771175726,53.44827586206897,42,13.646288209606986,0.0,100.0,71.42857142857143,2.0,3,6,8,72.84
S43G01N86,2023-2024,20231207,276,away,10,7,0,13,5,18,2,20,12,13,4,0,0,5,4,1,2,33,16,8,5,40,38,3,1,6,1200,0,0,0,7,9.514704817969061,56.81818181818181,54.54545454545455,45,14.563106796116504,31.25,80.0,43.75,1.1666666666666667,3,6,6,72.84,55,10,2,11,0,11,0,20,11,9,3,2,2,6,6,4,6,29,14,10,7,37,35,3,1,5,1200,0,0,0,6,-9.514704817969061,58.470290771175726,53.44827586206897,42,13.646288209606986,0.0,100.0,71.42857142857143,2.0,3,6,8,72.84
S43G01N86,2023-2024,20231207,277,away,10,7,0,13,5,18,2,20,12,13,4,0,0,5,4,1,2,33,16,8,5,40,38,3,1,6,1200,0,0,0,7,9.514704817969061,56.81818181818181,54.54545454545455,45,14.563106796116504,31.25,80.0,43.75,1.1666666666666667,3,6,6,72.84,55,10,2,11,0,11,0,20,11,9,3,2,2,6,6,4,6,29,14,10,7,37,35,3,1,5,1200,0,0,0,6,-9.514704817969061,58.470290771175726,53.44827586206897,42,13.646288209606986,0.0,100.0,71.42857142857143,2.0,3,6,8,72.84
S43G01N86,2023-2024,20231207,278,away,10,7,0,13,5,18,2,20,12,13,4,0,0,5,4,1,2,33,16,8,5,40,38,3,1,6,1200,0,0,0,7,9.514704817969061,56.81818181818181,54.54545454545455,45,14.563106796116504,31.25,80.0,43.75,1.1666666666666667,3,6,6,72.84,55,10,2,11,0,11,0,20,11,9,3,2,2,6,6,4,6,29,14,10,7,37,35,3,1,5,1200,0,0,0,6,-9.514704817969061,58.470290771175726,53.44827586206897,42,13.646288209606986,0.0,100.0,71.42857142857143,2.0,3,6,8,72.84
S43G01N86,2023-2024,20231207,279,away,10,7,0,13,5,18,2,20,12,13,4,0,0,5,4,1,2,33,16,8,5,40,38,3,1,6,1200,0,0,0,7,9.514704817969061,56.81818181818181,54.54545454545455,45,14.563106796116504,31.25,80.0,43.75,1.1666666666666667,3,6,6,72.84,55,10,2,11,0,11,0,20,11,9,3,2,2,6,6,4,6,29,14,10,7,37,35,3,1,5,1200,0,0,0,6,-9.514704817969061,58.470290771175726,53.44827586206897,42,13.646288209606986,0.0,100.0,71.42857142857143,2.0,3,6,8,72.84
S43G01N86,2023-2024,20231207,280,away,10,7,0,13,5,18,2,20,12,13,4,0,0,5,4,1,2,33,16,8,5,40,38,3,1,6,1200,0,0,0,7,9.514704817969061,56.81818181818181,54.54545454545455,45,14.563106796116504,31.25,80.0,43.75,1.1666666666666667,3,6,6,72.84,55,10,2,11,0,11,0,20,11,9,3,2,2,6,6,4,6,29,14,10,7,37,35,3,1,5,1200,0,0,0,6,-9.514704817969061,58.470290771175726,53.44827586206897,42,13.646288209606986,0.0,100.0,71.42857142857143,2.0,3,6,8,72.84
S43G01N86,2023-2024,20231207,281,away,10,7,0,13,5,18,2,20,12,13,4,0,0,5,4,1,2,33,16,8,5,40,38,3,1,6,1200,0,0,0,7,9.514704817969061,56.81818181818181,54.54545454545455,45,14.563106796116504,31.25,80.0,43.75,1.1666666666666667,3,6,6,72.84,55,10,2,11,0,11,0,20,11,9,3,2,2,6,6,4,6,29,14,10,7,37,35,3,1,5,1200,0,0,0,6,-9.514704817969061,58.470290771175726,53.44827586206897,42,13.646288209606986,0.0,100.0,71.42857142857143,2.0,3,6,8,72.84
S43G01N86,2023-2024,20231207,282,away,10,7,0,13,5,18,2,20,12,13,4,0,0,5,4,1,2,33,16,8,5,40,38,3,1,6,1200,0,0,0,7,9.514704817969061,56.81818181818181,54.54545454545455,45,14.563106796116504,31.25,80.0,43.75,1.1666666666666667,3,6,6,72.84,55,10,2,11,0,11,0,20,11,9,3,2,2,6,6,4,6,29,14,10,7,37,35,3,1,5,1200,0,0,0,6,-9.514704817969061,58.470290771175726,53.44827586206897,42,13.646288209606986,0.0,100.0,71.42857142857143,2.0,3,6,8,72.84
S43G01N86,2023-2024,20231207,283,away,10,7,0,13,5,18,2,20,12,13,4,0,0,5,4,1,2,33,16,8,5,40,38,3,1,6,1200,0,0,0,7,9.514704817969061,56.81818181818181,54.54545454545455,45,14.563106796116504,31.25,80.0,43.75,1.1666666666666667,3,6,6,72.84,55,10,2,11,0,11,0,20,11,9,3,2,2,6,6,4,6,29,14,10,7,37,35,3,1,5,1200,0,0,0,6,-9.514704817969061,58.470290771175726,53.44827586206897,42,13.646288209606986,0.0,100.0,71.42857142857143,2.0,3,6,8,72.84
S43G01N86,2023-2024,20231207,284,away,10,7,0,13,5,18,2,20,12,13,4,0,0,5,4,1,2,33,16,8,5,40,38,3,1,6,1200,0,0,0,7,9.514704817969061,56.81818181818181,54.54545454545455,45,14.563106796116504,31.25,80.0,43.75,1.1666666666666667,3,6,6,72.84,55,10,2,11,0,11,0,20,11,9,3,2,2,6,6,4,6,29,14,10,7,37,35,3,1,5,1200,0,0,0,6,-9.514704817969061,58.470290771175726,53.44827586206897,42,13.646288209606986,0.0,100.0,71.42857142857143,2.0,3,6,8,72.84
S43G01N86,2023-2024,20231207,285,away,10,7,0,13,5,18,2,20,12,13,4,0,0,5,4,1,2,33,16,8,5,40,38,3,1,6,1200,0,0,0,7,9.514704817969061,56.81818181818181,54.54545454545455,45,14.563106796116504,31.25,80.0,43.75,1.1666666666666667,3,6,6,72.84,55,10,2,11,0,11,0,20,11,9,3,2,2,6,6,4,6,29,14,10,7,37,35,3,1,5,1200,0,0,0,6,-9.514704817969061,58.470290771175726,53.44827586206897,42,13.646288209606986,0.0,100.0,71.42857142857143,2.0,3,6,8,72.84
S43G01N86,2023-2024,20231207,286,away,10,7,0,13,5,18,2,20,12,13,4,0,0,5,4,1,2,33,16,8,5,40,38,3,1,6,1200,0,0,0,7,9.514704817969061,56.81818181818181,54.54545454545455,45,14.563106796116504,31.25,80.0,43.75,1.1666666666666667,3,6,6,72.84,55,10,2,11,0,11,0,20,11,9,3,2,2,6,6,4,6,29,14,10,7,37,35,3,1,5,1200,0,0,0,6,-9.514704817969061,58.470290771175726,53.44827586206897,42,13.646288209606986,0.0,100.0,71.42857142857143,2.0,3,6,8,72.84
S43G01N86,2023-2024,20231207,287,away,10,7,0,13,5,18,2,20,12,13,4,0,0,5,4,1,2,33,16,8,5,40,38,3,1,6,1200,0,0,0,7,9.514704817969061,56.81818181818181,54.54545454545455,45,14.563106796116504,31.25,80.0,43.75,1.1666666666666667,3,6,6,72.84,55,10,2,11,0,11,0,20,11,9,3,2,2,6,6,4,6,29,14,10,7,37,35,3,1,5,1200,0,0,0,6,-9.514704817969061,58.470290771175726,53.44827586206897,42,13.646288209606986,0.0,100.0,71.42857142857143,2.0,3,6,8,72.84
S43G01N86,2023-2024,20231207,288,away,10,7,0,13,5,18,2,20,12,13,4,0,0,5,4,1,2,33,16,8,5,40,38,3,1,6,1200,0,0,0,7,9.514704817969061,56.81818181818181,54.54545454545455,45,14.563106796116504,31.25,80.0,43.75,1.1666666666666667,3,6,6,72.84,55,10,2,11,0,11,0,20,11,9,3,2,2,6,6,4,6,29,14,10,7,37,35,3,1,5,1200,0,0,0,6,-9.514704817969061,58.470290771175726,53.44827586206897,42,13.646288209606986,0.0,100.0,71.42857142857143,2.0,3,6,8,72.84
S43G01N86,2023-2024,20231207,289,away,10,7,0,13,5,18,2,20,12,13,4,0,0,5,4,1,2,33,16,8,5,40,38,3,1,6,1200,0,0,0,7,9.514704817969061,56.81818181818181,54.54545454545455,45,14.563106796116504,31.25,80.0,43.75,1.1666666666666667,3,6,6,72.84,55,10,2,11,0,11,0,20,11,9,3,2,2,6,6,4,6,29,14,10,7,37,35,3,1,5,1200,0,0,0,6,-9.514704817969061,58.470290771175726,53.44827586206897,42,13.646288209606986,0.0,100.0,71.42857142857143,2.0,3,6,8,72.84
S43G01N86,2023-2024,20231207,290,away,10,7,0,13,5,18,2,20,12,13,4,0,0,5,4,1,2,33,16,8,5,40,38,3,1,6,1200,0,0,0,7,9.514704817969061,56.81818181818181,54.54545454545455,45,14.563106796116504,31.25,80.0,43.75,1.1666666666666667,3,6,6,72.84,55,10,2,11,0,11,0,20,11,9,3,2,2,6,6,4,6,29,14,10,7,37,35,3,1,5,1200,0,0,0,6,-9.514704817969061,58.470290771175726,53.44827586206897,42,13.646288209606986,0.0,100.0,71.42857142857143,2.0,3,6,8,72.84
S43G01N86,2023-2024,20231207,291,away,10,7,0,13,5,18,2,20,12,13,4,0,0,5,4,1,2,33,16,8,5,40,38,3,1,6,1200,0,0,0,7,9.514704817969061,56.81818181818181,54.54545454545455,45,14.563106796116504,31.25,80.0,43.75,1.1666666666666667,3,6,6,72.84,55,10,2,11,0,11,0,20,11,9,3,2,2,6,6,4,6,29,14,10,7,37,35,3,1,5,1200,0,0,0,6,-9.514704817969061,58.470290771175726,53.44827586206897,42,13.646288209606986,0.0,100.0,71.42857142857143,2.0,3,6,8,72.84
S43G01N86,2023-2024,20231207,292,away,10,7,0,13,5,18,2,20,12,13,4,0,0,5,4,1,2,33,16,8,5,40,38,3,1,6,1220,0,0,0,7,9.514704817969061,56.81818181818181,54.54545454545455,45,14.563106796116504,31.25,80.0,43.75,1.1666666666666667,3,6,6,71.64590163934426,55,10,2,11,0,11,0,20,11,9,3,2,2,6,6,4,6,29,14,11,7,37,35,3,1,5,1220,0,0,0,6,-9.514704817969061,58.470290771175726,53.44827586206897,42,13.646288209606986,0.0,100.0,71.42857142857143,2.0,3,6,8,71.64590163934426
S43G01N86,2023-2024,20231207,293,away,10,7,0,13,5,18,2,20,12,13,4,0,0,5,4,1,2,33,16,8,5,40,38,3,1,6,1220,0,0,0,7,9.514704817969061,56.81818181818181,54.54545454545455,45,14.563106796116504,31.25,80.0,43.75,1.1666666666666667,3,6,6,71.64590163934426,55,10,2,11,0,11,0,20,11,9,3,2,2,6,6,4,6,29,14,11,7,37,35,3,1,5,1220,0,0,0,6,-9.514704817969061,58.470290771175726,53.44827586206897,42,13.646288209606986,0.0,100.0,71.42857142857143,2.0,3,6,8,71.64590163934426
S43G01N86,2023-2024,20231207,294,away,10,7,0,13,5,18,2,20,12,13,4,0,0,6,4,1,2,33,16,8,5,40,39,3,1,6,1220,0,0,0,7,8.187772925764193,56.11672278338945,54.54545454545455,44,14.409221902017292,31.25,66.66666666666667,43.75,1.1666666666666667,3,6,6,72.07868852459016,55,10,2,11,0,11,0,20,11,9,3,2,2,6,6,4,6,29,14,11,7,37,35,3,1,5,1220,0,0,0,6,-8.187772925764193,58.470290771175726,53.44827586206897,42,13.646288209606986,0.0,100.0,71.42857142857143,2.0,3,6,8,72.07868852459016
S43G01N86,2023-2024,20231207,295,away,10,7,0,13,5,18,2,20,12,13,4,0,0,7,5,1,2,33,16,8,5,41,40,3,1,6,1220,0,0,0,7,9.589204034237326,56.81818181818182,54.54545454545455,45,14.258555133079849,31.25,71.42857142857143,43.75,1.1666666666666667,1,6,6,72.51147540983607,55,10,2,11,0,11,0,20,11,9,3,2,2,6,6,4,6,29,14,11,7,37,35,3,1,5,1220,0,0,0,6,-9.589204034237326,58.470290771175726,53.44827586206897,42,13.646288209606986,0.0,100.0,71.42857142857143,2.0,1,6,8,72.51147540983607
S43G01N86,2023-2024,20231207,296,away,10,7,0,13,5,18,2,20,12,13,4,0,0,7,5,1,2,33,16,9,5,41,40,3,1,6,1233,0,0,0,7,9.589204034237326,56.81818181818182,54.54545454545455,45,14.258555133079849,31.25,71.42857142857143,43.75,1.1666666666666667,1,6,6,71.74695863746959,55,10,2,11,0,11,0,20,11,9,3,2,2,6,6,4,6,29,14,11,7,37,35,3,1,5,1233,0,0,0,6,-9.589204034237326,58.470290771175726,53.44827586206897,42,13.646288209606986,0.0,100.0,71.42857142857143,2.0,1,6,8,71.74695863746959
S43G01N86,2023-2024,20231207,297,away,10,7,0,13,5,18,2,20,12,13,4,0,0,7,5,1,2,33,16,9,5,41,40,3,1,6,1233,0,0,0,7,9.589204034237326,56.81818181818182,54.54545454545455,45,14.258555133079849,31.25,71.42857142857143,43.75,1.1666666666666667,1,6,6,71.74695863746959,55,10,2,11,0,11,0,20,11,9,3,2,2,6,6,4,6,29,14,11,7,37,35,3,1,5,1233,0,0,0,6,-9.589204034237326,58.470290771175726,53.44827586206897,42,13.646288209606986,0.0,100.0,71.42857142857143,2.0,1,6,8,71.74695863746959
S43G01N86,2023-2024,20231207,298,away,10,7,0,13,5,18,2,20,12,13,4,0,0,7,5,1,2,33,16,9,5,41,40,3,1,6,1233,0,0,0,7,9.589204034237326,56.81818181818182,54.54545454545455,45,14.258555133079849,31.25,71.42857142857143,43.75,1.1666666666666667,1,6,6,71.74695863746959,55,11,2,11,0,11,0,20,11,9,3,2,2,6,6,4,6,29,14,11,7,37,35,3,1,5,1233,0,0,0,6,-9.589204034237326,58.470290771175726,53.44827586206897,43,13.646288209606986,0.0,100.0,78.57142857142857,2.2,1,6,8,71.74695863746959
S43G01N86,2023-2024,20231207,299,away,10,7,0,13,5,18,2,20,12,13,4,0,0,7,5,1,2,33,16,9,5,41,40,3,1,6,1233,0,0,0,7,8.090614886731387,56.81818181818182,54.54545454545455,45,14.258555133079849,31.25,71.42857142857143,43.75,1.1666666666666667,1,6,6,72.17518248175182,55,11,2,11,0,11,0,20,11,9,3,2,2,7,7,4,6,29,14,11,7,38,36,3,1,5,1233,0,0,0,6,-8.090614886731387,59.226932668329184,53.44827586206897,44,13.48435814455232,0.0,100.0,78.57142857142857,2.2,1,6,8,72.17518248175182
S43G01N86,2023-2024,20231207,300,away,10,7,0,13,5,18,2,20,12,13,4,0,0,7,5,1,2,33,16,9,5,41,40,3,1,6,1233,0,0,0,7,6.627173885542248,56.81818181818182,54.54545454545455,45,14.258555133079849,31.25,71.42857142857143,43.75,1.1666666666666667,2,6,6,72.60340632603406,55,11,2,11,0,11,0,20,11,9,3,2,2,8,8,4,6,29,14,11,7,39,37,3,1,5,1233,0,0,0,6,-6.627173885542248,59.963099630996304,53.44827586206897,45,13.326226012793176,0.0,100.0,78.57142857142857,2.2,2,6,8,72.60340632603406
S43G01N86,2023-2024,20231207,301,away,10,7,0,13,5,18,2,20,12,14,4,0,0,7,5,1,2,34,16,9,5,41,41,3,1,6,1258,0,0,0,7,3.7235043271039814,55.28586839266451,52.94117647058823,44,13.92757660167131,31.25,71.42857142857143,43.75,1.1666666666666667,2,6,6,72.11446740858506,55,11,2,11,0,11,0,20,11,9,3,2,2,8,8,4,6,29,14,11,7,39,37,3,1,5,1258,0,0,0,6,-3.7235043271039814,59.963099630996304,53.44827586206897,45,13.326226012793176,0.0,100.0,78.57142857142857,2.2,2,6,8,72.11446740858506
S43G01N86,2023-2024,20231207,302,away,10,7,0,13,5,18,2,20,12,14,4,0,0,7,5,1,2,34,16,9,5,41,41,3,1,6,1259,0,0,0,7,3.7235043271039814,55.28586839266451,52.94117647058823,44,13.92757660167131,29.41176470588235,71.42857142857143,43.75,1.1666666666666667,2,6,6,72.0571882446386,55,11,2,12,0,12,0,20,11,9,3,2,2,8,8,4,6,29,14,11,7,39,37,3,1,5,1259,0,0,0,6,-3.7235043271039814,59.963099630996304,53.44827586206897,46,13.326226012793176,0.0,100.0,78.57142857142857,2.2,2,6,8,72.0571882446386
S43G01N86,2023-2024,20231207,303,away,10,7,0,13,5,18,2,20,12,14,4,0,0,7,5,1,2,34,16,9,5,41,41,3,1,6,1283,0,0,0,7,-1.3662006858818216,55.28586839266451,52.94117647058823,44,13.92757660167131,29.41176470588235,71.42857142857143,43.75,1.1666666666666667,5,7,6,71.64458300857365,55,11,2,12,0,12,0,20,11,10,4,2,2,8,8,4,6,30,15,11,7,42,38,3,1,5,1283,0,0,0,6,1.3662006858818216,62.64916467780429,56.666666666666664,49,12.980269989615783,0.0,100.0,73.33333333333333,2.2,5,7,8,71.64458300857365
S43G01N86,2023-2024,20231207,304,away,10,7,0,13,5,18,2,20,12,14,4,0,0,7,5,1,2,34,16,9,5,41,41,3,1,6,1283,0,0,0,7,-1.3662006858818216,55.28586839266451,52.94117647058823,44,13.92757660167131,29.41176470588235,71.42857142857143,43.75,1.1666666666666667,5,7,6,71.64458300857365,55,12,2,12,0,12,0,20,11,10,4,2,2,8,8,4,6,30,15,11,7,42,38,3,1,5,1283,0,0,0,6,1.3662006858818216,62.64916467780429,56.666666666666664,50,12.980269989615783,0.0,100.0,80.0,2.4,5,7,8,71.64458300857365
S43G01N86,2023-2024,20231207,305,away,10,7,0,13,5,18,2,20,12,15,4,0,0,7,5,1,2,35,16,9,5,41,42,3,1,6,1300,0,0,0,7,-4.121268936314024,53.83403361344538,51.42857142857143,43,13.611615245009075,29.41176470588235,71.42857142857143,43.75,1.1666666666666667,5,7,6,71.63076923076923,55,12,2,12,0,12,0,20,11,10,4,2,2,8,8,4,6,30,15,11,7,42,38,3,1,5,1300,0,0,0,6,4.121268936314024,62.64916467780429,56.666666666666664,50,12.980269989615783,0.0,100.0,80.0,2.4,5,7,8,71.63076923076923
S43G01N86,2023-2024,20231207,306,away,10,7,0,13,5,18,2,20,12,15,4,0,0,7,5,1,2,35,16,9,5,41,42,3,1,6,1302,0,0,0,7,-4.121268936314024,53.83403361344538,51.42857142857143,43,13.611615245009075,27.77777777777778,71.42857142857143,43.75,1.1666666666666667,5,7,6,71.52073732718894,55,12,2,13,0,13,0,20,11,10,4,2,2,8,8,4,6,30,15,11,7,42,38,3,1,5,1302,0,0,0,6,4.121268936314024,62.64916467780429,56.666666666666664,51,12.980269989615783,0.0,100.0,80.0,2.4,5,7,8,71.52073732718894
S43G01N86,2023-2024,20231207,307,away,10,7,0,13,5,18,2,20,12,15,4,0,0,7,5,1,2,35,16,9,5,41,42,3,1,6,1311,0,0,0,7,-8.953397784675047,53.83403361344538,51.42857142857143,43,13.611615245009075,27.77777777777778,71.42857142857143,43.75,1.1666666666666667,8,7,6,71.94508009153319,55,12,2,13,0,13,0,20,11,11,5,2,2,8,8,4,6,31,16,11,7,45,39,3,1,5,1311,0,0,0,6,8.953397784675047,65.17960602549246,59.67741935483871,54,12.651821862348177,0.0,100.0,75.0,2.4,8,7,8,71.94508009153319
S43G01N86,2023-2024,20231207,308,away,10,7,0,13,5,18,2,20,12,15,4,0,0,7,5,1,2,35,16,9,5,41,42,3,1,6,1311,0,0,0,7,-8.953397784675047,53.83403361344538,51.42857142857143,43,13.611615245009075,27.77777777777778,71.42857142857143,43.75,1.1666666666666667,8,7,6,71.94508009153319,55,12,2,13,0,13,0,20,11,11,5,2,2,8,8,4,6,31,16,11,7,45,39,3,1,5,1311,0,0,0,6,8.953397784675047,65.17960602549246,59.67741935483871,54,12.651821862348177,0.0,100.0,75.0,2.4,8,7,8,71.94508009153319
S43G01N86,2023-2024,20231207,309,away,10,7,0,13,5,18,2,20,12,15,4,0,0,7,5,1,2,35,16,9,5,41,42,3,1,6,1311,0,0,0,7,-8.953397784675047,53.83403361344538,51.42857142857143,43,13.611615245009075,27.77777777777778,71.42857142857143,43.75,1.1666666666666667,8,7,6,71.94508009153319,55,12,2,13,0,13,0,20,11,11,5,2,2,8,8,4,6,31,16,11,7,45,39,3,1,5,1311,0,0,0,6,8.953397784675047,65.17960602549246,59.67741935483871,54,12.651821862348177,0.0,100.0,75.0,2.4,8,7,8,71.94508009153319
S43G01N86,2023-2024,20231207,310,away,10,7,0,13,5,18,2,20,12,15,4,0,0,7,5,1,2,35,16,9,5,41,42,3,1,6,1311,0,0,0,7,-8.953397784675047,53.83403361344538,51.42857142857143,43,13.611615245009075,27.77777777777778,71.42857142857143,43.75,1.1666666666666667,8,7,6,71.94508009153319,55,12,2,13,0,13,0,20,11,11,5,2,2,8,8,4,6,31,16,11,7,45,39,3,1,5,1311,0,0,0,6,8.953397784675047,65.17960602549246,59.67741935483871,54,12.651821862348177,0.0,100.0,75.0,2.4,8,7,8,71.94508009153319
S43G01N86,2023-2024,20231207,311,away,10,7,0,13,5,18,2,20,12,16,5,0,0,7,5,1,2,36,17,9,5,44,43,3,1,6,1327,0,0,0,7,-4.0859576393771135,56.29477993858752,54.166666666666664,46,13.309671694764862,27.77777777777778,71.42857142857143,41.1764705882353,1.1666666666666667,3,7,6,71.98191409193669,55,12,2,13,0,13,0,20,11,11,5,2,2,8,8,4,6,31,16,11,7,45,39,3,1,5,1327,0,0,0,6,4.0859576393771135,65.17960602549246,59.67741935483871,54,12.651821862348177,0.0,100.0,75.0,2.4,3,7,8,71.98191409193669
S43G01N86,2023-2024,20231207,312,away,10,8,0,13,5,18,2,20,12,16,5,0,0,7,5,1,2,36,17,9,5,44,43,3,1,6,1327,0,0,0,7,-4.0859576393771135,56.29477993858752,54.166666666666664,47,13.309671694764862,27.77777777777778,71.42857142857143,47.05882352941177,1.3333333333333333,3,7,6,71.98191409193669,55,12,2,13,0,13,0,20,11,11,5,2,2,8,8,4,6,31,16,11,7,45,39,3,1,5,1327,0,0,0,6,4.0859576393771135,65.17960602549246,59.67741935483871,54,12.651821862348177,0.0,100.0,75.0,2.4,3,7,8,71.98191409193669
S43G01N86,2023-2024,20231207,313,away,10,8,0,13,5,18,2,20,12,16,5,0,0,7,5,1,2,36,17,9,5,44,43,3,1,6,1355,0,0,0,7,-1.2758293876215845,56.29477993858752,54.166666666666664,47,13.309671694764862,27.77777777777778,71.42857142857143,47.05882352941177,1.3333333333333333,3,7,6,71.380073800738,55,12,2,13,0,13,0,21,11,11,5,2,2,8,8,4,6,32,16,11,7,45,40,3,1,5,1355,0,0,0,6,1.2758293876215845,63.34459459459459,57.8125,53,12.339585389930898,0.0,100.0,75.0,2.4,3,7,8,71.380073800738
S43G01N86,2023-2024,20231207,314,away,10,8,0,14,5,19,2,20,12,16,5,0,0,7,5,1,2,36,17,9,5,44,43,3,1,6,1355,0,0,0,7,-1.2758293876215845,56.29477993858752,54.166666666666664,48,13.309671694764862,27.77777777777778,71.42857142857143,47.05882352941177,1.3333333333333333,3,7,6,71.380073800738,55,12,2,13,0,13,0,21,11,11,5,2,2,8,8,4,6,32,16,11,7,45,40,3,1,5,1355,0,0,0,6,1.2758293876215845,63.34459459459459,57.8125,53,12.339585389930898,0.0,100.0,75.0,2.4,3,7,8,71.380073800738
S43G01N86,2023-2024,20231207,315,away,10,8,0,14,5,19,2,20,12,16,5,0,0,7,5,1,2,36,17,9,5,44,43,3,1,7,1368,0,0,0,8,-3.948186717751966,56.29477993858752,54.166666666666664,47,15.190972222222223,27.77777777777778,71.42857142857143,47.05882352941177,1.1428571428571428,3,7,6,71.57894736842104,55,12,2,13,0,13,0,21,11,11,5,2,2,8,8,4,6,32,16,11,7,45,40,3,1,5,1368,0,0,0,6,3.948186717751966,63.34459459459459,57.8125,53,12.339585389930898,0.0,100.0,75.0,2.4,3,7,8,71.57894736842104
S43G01N86,2023-2024,20231207,316,away,10,8,0,14,5,19,2,20,12,16,5,0,0,7,5,1,2,36,17,9,5,44,43,3,1,7,1369,0,0,0,8,-3.948186717751966,56.29477993858752,54.166666666666664,47,15.190972222222223,27.77777777777778,71.42857142857143,47.05882352941177,1.1428571428571428,3,7,6,71.52666179693206,55,12,2,13,0,13,0,21,11,11,5,2,2,8,8,4,6,32,16,11,7,45,40,4,1,5,1369,0,0,0,6,3.948186717751966,63.34459459459459,57.8125,54,12.339585389930898,0.0,100.0,75.0,2.4,3,7,8,71.52666179693206
S43G01N86,2023-2024,20231207,317,away,10,8,0,14,5,19,2,20,12,16,5,0,0,7,5,1,2,36,17,9,5,44,43,3,1,7,1387,0,0,0,8,-6.090376782554998,56.29477993858752,54.166666666666664,47,15.190972222222223,27.77777777777778,71.42857142857143,47.05882352941177,1.1428571428571428,2,7,6,71.46359048305695,55,12,2,13,0,13,0,22,12,11,5,2,2,8,8,4,6,33,17,11,7,47,41,4,1,5,1387,0,0,0,6,6.090376782554998,64.34830230010952,59.09090909090909,56,12.042389210019268,0.0,100.0,70.58823529411765,2.4,2,7,8,71.46359048305695
S43G01N86,2023-2024,20231207,318,away,10,8,0,14,5,19,2,20,12,16,5,0,0,7,5,1,2,36,17,9,5,44,43,3,1,7,1387,0,0,0,8,-6.090376782554998,56.29477993858752,54.166666666666664,47,15.190972222222223,27.77777777777778,71.42857142857143,47.05882352941177,1.1428571428571428,2,7,6,71.46359048305695,55,13,2,13,0,13,0,22,12,11,5,2,2,8,8,4,6,33,17,11,7,47,41,4,1,5,1387,0,0,0,6,6.090376782554998,64.34830230010952,59.09090909090909,57,12.042389210019268,0.0,100.0,76.47058823529412,2.6,2,7,8,71.46359048305695
S43G01N86,2023-2024,20231207,319,away,10,8,0,14,5,19,2,20,12,17,5,0,0,7,5,1,2,37,17,9,5,44,44,3,1,7,1399,0,0,0,8,-8.635720931595543,54.89021956087824,52.7027027027027,46,14.868309260832627,27.77777777777778,71.42857142857143,47.05882352941177,1.1428571428571428,2,7,6,71.70836311651179,55,13,2,13,0,13,0,22,12,11,5,2,2,8,8,4,6,33,17,11,7,47,41,4,1,5,1399,0,0,0,6,8.635720931595543,64.34830230010952,59.09090909090909,57,12.042389210019268,0.0,100.0,76.47058823529412,2.6,2,7,8,71.70836311651179
S43G01N86,2023-2024,20231207,320,away,10,8,0,14,5,19,2,20,12,17,5,0,0,7,5,1,2,37,17,9,5,44,44,3,1,7,1399,0,0,0,8,-8.635720931595543,54.89021956087824,52.7027027027027,46,14.868309260832627,27.77777777777778,71.42857142857143,47.05882352941177,1.1428571428571428,2,7,6,71.70836311651179,55,13,2,13,0,13,1,22,12,11,5,2,2,8,8,4,6,33,17,11,7,47,41,4,1,5,1399,0,0,0,6,8.635720931595543,64.34830230010952,59.09090909090909,58,12.042389210019268,0.0,100.0,76.47058823529412,2.6,2,7,8,71.70836311651179
S43G01N86,2023-2024,20231207,321,away,10,8,0,14,5,19,2,20,12,17,5,0,0,7,5,1,2,37,17,10,6,44,44,3,1,7,1406,0,0,0,8,-8.635720931595543,54.89021956087824,52.7027027027027,46,14.868309260832627,27.77777777777778,71.42857142857143,47.05882352941177,1.1428571428571428,2,7,6,71.35135135135134,55,13,2,13,0,13,1,22,12,11,5,2,2,8,8,4,6,33,17,11,7,47,41,4,1,5,1406,0,0,0,6,8.635720931595543,64.34830230010952,59.09090909090909,58,12.042389210019268,0.0,100.0,76.47058823529412,2.6,2,7,8,71.35135135135134
S43G01N86,2023-2024,20231207,322,away,10,8,0,14,5,19,2,20,12,17,5,0,0,7,5,1,2,37,17,10,6,44,44,3,1,7,1406,0,0,0,8,-8.635720931595543,54.89021956087824,52.7027027027027,46,14.868309260832627,27.77777777777778,71.42857142857143,47.05882352941177,1.1428571428571428,2,7,6,71.35135135135134,55,13,2,13,0,13,1,22,12,11,5,2,2,8,8,4,6,33,17,11,7,47,41,4,1,5,1406,0,0,0,6,8.635720931595543,64.34830230010952,59.09090909090909,58,12.042389210019268,0.0,100.0,76.47058823529412,2.6,2,7,8,71.35135135135134
S43G01N86,2023-2024,20231207,323,away,10,8,0,14,5,19,2,20,12,17,5,0,0,7,5,1,2,37,17,10,6,44,44,3,1,7,1425,0,0,0,8,-5.97348060764962,54.89021956087824,52.7027027027027,46,14.868309260832627,27.77777777777778,71.42857142857143,47.05882352941177,1.1428571428571428,2,7,6,71.24210526315788,55,13,2,13,0,13,1,23,12,11,5,2,2,8,8,4,6,34,17,11,7,47,42,4,1,5,1425,0,0,0,6,5.97348060764962,62.63326226012793,57.35294117647059,57,11.759172154280337,0.0,100.0,76.47058823529412,2.6,2,7,8,71.24210526315788
S43G01N86,2023-2024,20231207,324,away,10,8,0,15,5,20,2,20,12,17,5,0,0,7,5,1,2,37,17,10,6,44,44,3,1,7,1427,0,0,0,8,-5.97348060764962,54.89021956087824,52.7027027027027,47,14.868309260832627,27.77777777777778,71.42857142857143,47.05882352941177,1.1428571428571428,2,7,6,71.14225648213034,55,13,2,13,0,13,1,23,12,11,5,2,2,8,8,4,6,34,17,11,7,47,42,4,1,5,1427,0,0,0,6,5.97348060764962,62.63326226012793,57.35294117647059,57,11.759172154280337,0.0,100.0,76.47058823529412,2.6,2,7,8,71.14225648213034
S43G01N86,2023-2024,20231207,325,away,10,8,0,15,5,20,2,20,12,17,5,0,0,7,5,1,2,37,17,10,6,44,44,3,1,7,1427,0,0,0,8,-5.97348060764962,54.89021956087824,52.7027027027027,47,14.868309260832627,27.77777777777778,71.42857142857143,47.05882352941177,1.1428571428571428,2,7,6,71.14225648213034,55,13,2,13,0,13,1,23,12,11,5,2,2,8,8,4,6,34,17,12,8,47,42,4,1,5,1427,0,0,0,6,5.97348060764962,62.63326226012793,57.35294117647059,57,11.759172154280337,0.0,100.0,76.47058823529412,2.6,2,7,8,71.14225648213034
S43G01N86,2023-2024,20231207,326,away,10,8,0,15,5,20,2,20,12,17,5,0,0,7,5,1,2,37,17,10,6,44,44,3,1,7,1427,0,0,0,8,-5.97348060764962,54.89021956087824,52.7027027027027,47,14.868309260832627,27.77777777777778,71.42857142857143,47.05882352941177,1.1428571428571428,2,7,6,71.14225648213034,55,13,2,13,0,13,1,23,12,11,5,2,2,8,8,4,6,34,17,12,8,47,42,4,1,5,1427,0,0,0,6,5.97348060764962,62.63326226012793,57.35294117647059,57,11.759172154280337,0.0,100.0,76.47058823529412,2.6,2,7,8,71.14225648213034
S43G01N86,2023-2024,20231207,327,away,10,8,0,15,5,20,2,20,12,17,5,0,0,7,5,1,2,37,17,10,6,44,44,3,1,7,1427,0,0,0,8,-5.97348060764962,54.89021956087824,52.7027027027027,47,14.868309260832627,27.77777777777778,71.42857142857143,47.05882352941177,1.1428571428571428,2,7,6,71.14225648213034,55,13,2,13,0,13,1,23,12,11,5,2,2,8,8,4,6,34,17,12,8,47,42,4,1,5,1427,0,0,0,6,5.97348060764962,62.63326226012793,57.35294117647059,57,11.759172154280337,0.0,100.0,76.47058823529412,2.6,2,7,8,71.14225648213034
S43G01N86,2023-2024,20231207,328,away,10,8,0,15,5,20,2,20,12,17,5,0,0,7,5,1,2,37,17,10,6,44,44,3,1,7,1427,0,0,0,8,-5.97348060764962,54.89021956087824,52.7027027027027,47,14.868309260832627,27.77777777777778,71.42857142857143,47.05882352941177,1.1428571428571428,2,7,6,71.14225648213034,55,13,2,13,0,13,1,23,12,11,5,2,2,8,8,4,6,34,17,12,8,47,42,4,1,5,1427,0,0,0,6,5.97348060764962,62.63326226012793,57.35294117647059,57,11.759172154280337,0.0,100.0,76.47058823529412,2.6,2,7,8,71.14225648213034
S43G01N86,2023-2024,20231207,329,away,10,8,0,15,5,20,2,20,12,18,5,0,0,7,5,1,2,38,17,10,6,44,45,3,1,7,1441,0,0,0,8,-8.400656504645582,53.55404089581305,51.31578947368421,46,14.559068219633945,27.77777777777778,71.42857142857143,47.05882352941177,1.1428571428571428,2,7,6,71.28383067314364,55,13,2,13,0,13,1,23,12,11,5,2,2,8,8,4,6,34,17,12,8,47,42,4,1,5,1441,0,0,0,6,8.400656504645582,62.63326226012793,57.35294117647059,57,11.759172154280337,0.0,100.0,76.47058823529412,2.6,2,7,8,71.28383067314364
S43G01N86,2023-2024,20231207,330,away,10,8,0,15,5,20,2,20,12,18,5,0,0,7,5,1,2,38,17,10,6,44,45,3,1,7,1442,0,0,0,8,-8.400656504645582,53.55404089581305,51.31578947368421,46,14.559068219633945,26.31578947368421,71.42857142857143,47.05882352941177,1.1428571428571428,2,7,6,71.23439667128987,55,13,2,14,0,14,1,23,12,11,5,2,2,8,8,4,6,34,17,12,8,47,42,4,1,5,1442,0,0,0,6,8.400656504645582,62.63326226012793,57.35294117647059,58,11.759172154280337,0.0,100.0,76.47058823529412,2.6,2,7,8,71.23439667128987
S43G01N86,2023-2024,20231207,331,away,10,8,0,15,5,20,2,20,12,18,5,0,0,7,5,1,2,38,17,11,6,44,45,3,1,7,1448,0,0,0,8,-8.400656504645582,53.55404089581305,51.31578947368421,46,14.559068219633945,26.31578947368421,71.42857142857143,47.05882352941177,1.1428571428571428,2,7,6,70.93922651933701,55,13,2,14,0,14,1,23,12,11,5,2,2,8,8,4,6,34,17,12,8,47,42,4,1,5,1448,0,0,0,6,8.400656504645582,62.63326226012793,57.35294117647059,58,11.759172154280337,0.0,100.0,76.47058823529412,2.6,2,7,8,70.93922651933701
S43G01N86,2023-2024,20231207,332,away,10,8,0,15,5,20,2,20,12,18,5,0,0,7,5,1,2,38,17,11,6,44,45,3,1,7,1448,0,0,0,8,-8.400656504645582,53.55404089581305,51.31578947368421,46,14.559068219633945,26.31578947368421,71.42857142857143,47.05882352941177,1.1428571428571428,2,7,6,70.93922651933701,55,13,2,14,0,14,1,23,12,11,5,2,2,8,8,4,6,34,17,12,8,47,42,4,1,5,1448,0,0,0,6,8.400656504645582,62.63326226012793,57.35294117647059,58,11.759172154280337,0.0,100.0,76.47058823529412,2.6,2,7,8,70.93922651933701
S43G01N86,2023-2024,20231207,333,away,10,8,0,15,5,20,2,20,12,18,5,0,0,7,5,1,2,38,17,11,6,44,45,3,1,7,1448,0,0,0,8,-9.596281829829394,53.55404089581305,51.31578947368421,46,14.559068219633945,26.31578947368421,71.42857142857143,47.05882352941177,1.1428571428571428,3,7,6,71.30386740331491,55,13,2,14,0,14,1,23,12,11,5,2,2,9,9,4,6,34,17,12,8,48,43,4,1,5,1448,0,0,0,6,9.596281829829394,63.22444678609062,57.35294117647059,59,11.638733705772811,0.0,100.0,76.47058823529412,2.6,3,7,8,71.30386740331491
S43G01N86,2023-2024,20231207,334,away,10,8,0,15,5,20,2,20,12,18,5,0,0,7,5,1,2,38,17,11,6,44,45,3,1,7,1448,0,0,0,8,-10.767664060862018,53.55404089581305,51.31578947368421,46,14.559068219633945,26.31578947368421,71.42857142857143,47.05882352941177,1.1428571428571428,4,7,6,71.66850828729281,55,13,2,14,0,14,1,23,12,11,5,2,2,10,10,4,6,34,17,12,8,49,44,4,1,5,1448,0,0,0,6,10.767664060862018,63.802083333333336,57.35294117647059,60,11.520737327188941,0.0,100.0,76.47058823529412,2.6,4,7,8,71.66850828729281
S43G01N86,2023-2024,20231207,335,away,10,8,0,15,5,20,2,20,12,18,5,0,0,7,5,1,2,38,17,11,6,44,45,3,1,7,1471,0,0,0,8,-10.767664060862018,53.55404089581305,51.31578947368421,46,14.559068219633945,26.31578947368421,71.42857142857143,47.05882352941177,1.1428571428571428,4,7,6,70.54792658055743,55,13,2,14,0,14,1,23,12,11,5,2,2,10,10,4,6,34,17,13,8,49,44,4,1,5,1471,0,0,0,6,10.767664060862018,63.802083333333336,57.35294117647059,60,11.520737327188941,0.0,100.0,76.47058823529412,2.6,4,7,8,70.54792658055743
S43G01N86,2023-2024,20231207,336,away,10,8,0,15,5,20,2,20,12,18,5,0,0,7,5,1,2,38,17,11,6,44,45,3,1,7,1471,0,0,0,8,-10.767664060862018,53.55404089581305,51.31578947368421,46,14.559068219633945,26.31578947368421,71.42857142857143,47.05882352941177,1.1428571428571428,4,7,6,70.54792658055743,55,13,2,14,0,14,1,23,12,11,5,2,2,10,10,4,6,34,17,13,8,49,44,4,1,5,1471,0,0,0,6,10.767664060862018,63.802083333333336,57.35294117647059,60,11.520737327188941,0.0,100.0,76.47058823529412,2.6,4,7,8,70.54792658055743
S43G01N86,2023-2024,20231207,337,away,10,8,0,15,5,20,2,20,12,18,5,0,0,8,5,1,2,38,17,11,6,44,46,3,1,7,1471,0,0,0,8,-11.800284629981036,52.98651252408477,51.31578947368421,45,14.427040395713107,26.31578947368421,62.5,47.05882352941177,1.1428571428571428,4,7,6,70.90686607749831,55,13,2,14,0,14,1,23,12,11,5,2,2,10,10,4,6,34,17,13,8,49,44,4,1,5,1471,0,0,0,6,11.800284629981036,63.802083333333336,57.35294117647059,60,11.520737327188941,0.0,100.0,76.47058823529412,2.6,4,7,8,70.90686607749831
S43G01N86,2023-2024,20231207,338,away,10,8,0,15,5,20,2,20,12,18,5,0,0,9,6,1,2,38,17,11,6,45,47,3,1,7,1471,0,0,0,8,-10.537438727288745,53.622497616777885,51.31578947368421,46,14.297385620915032,26.31578947368421,66.66666666666667,47.05882352941177,1.1428571428571428,1,7,6,71.26580557443916,55,13,2,14,0,14,1,23,12,11,5,2,2,10,10,4,6,34,17,13,8,49,44,4,1,5,1471,0,0,0,6,10.537438727288745,63.802083333333336,57.35294117647059,60,11.520737327188941,0.0,100.0,76.47058823529412,2.6,1,7,8,71.26580557443916
S43G01N86,2023-2024,20231207,339,away,10,8,0,15,5,20,2,20,12,18,5,0,0,9,6,1,2,38,17,11,6,45,47,3,1,7,1485,0,0,0,8,-7.994573281197489,53.622497616777885,51.31578947368421,46,14.297385620915032,26.31578947368421,66.66666666666667,47.05882352941177,1.1428571428571428,1,7,6,71.4020202020202,55,13,2,14,0,14,1,24,12,11,5,2,2,10,10,4,6,35,17,13,8,49,45,4,1,5,1485,0,0,0,6,7.994573281197489,62.182741116751274,55.714285714285715,59,11.26126126126126,0.0,100.0,76.47058823529412,2.6,1,7,8,71.4020202020202
S43G01N86,2023-2024,20231207,340,away,10,8,0,15,5,20,3,20,12,18,5,0,0,9,6,1,2,38,17,11,6,45,47,3,1,7,1485,0,0,0,8,-7.994573281197489,53.622497616777885,51.31578947368421,47,14.297385620915032,26.31578947368421,66.66666666666667,47.05882352941177,1.1428571428571428,1,7,6,71.4020202020202,55,13,2,14,0,14,1,24,12,11,5,2,2,10,10,4,6,35,17,13,8,49,45,4,1,5,1485,0,0,0,6,7.994573281197489,62.182741116751274,55.714285714285715,59,11.26126126126126,0.0,100.0,76.47058823529412,2.6,1,7,8,71.4020202020202
S43G01N86,2023-2024,20231207,341,away,10,8,0,15,5,20,3,21,12,18,5,0,0,9,6,1,2,39,17,11,6,45,48,3,1,7,1507,0,0,0,8,-10.271392388830108,52.374301675977655,50.0,46,14.011208967173738,26.31578947368421,66.66666666666667,47.05882352941177,1.1428571428571428,1,7,6,71.15593895155939,55,13,2,14,0,14,1,24,12,11,5,2,2,10,10,4,6,35,17,13,8,49,45,4,1,5,1507,0,0,0,6,10.271392388830108,62.182741116751274,55.714285714285715,59,11.26126126126126,0.0,100.0,76.47058823529412,2.6,1,7,8,71.15593895155939
S43G01N86,2023-2024,20231207,342,away,10,8,0,15,5,20,3,21,12,18,5,0,0,9,6,1,2,39,17,11,6,45,48,3,1,7,1508,0,0,0,8,-10.271392388830108,52.374301675977655,50.0,46,14.011208967173738,25.0,66.66666666666667,47.05882352941177,1.1428571428571428,1,7,6,71.10875331564986,55,13,2,15,0,15,1,24,12,11,5,2,2,10,10,4,6,35,17,13,8,49,45,4,1,5,1508,0,0,0,6,10.271392388830108,62.182741116751274,55.714285714285715,60,11.26126126126126,0.0,100.0,76.47058823529412,2.6,1,7,8,71.10875331564986
S43G01N86,2023-2024,20231207,343,away,10,8,0,15,5,20,3,21,12,18,5,0,0,9,6,1,2,39,17,11,6,45,48,3,1,7,1526,0,0,0,8,-7.840547446971954,52.374301675977655,50.0,46,14.011208967173738,25.0,66.66666666666667,47.05882352941177,1.1428571428571428,1,7,6,71.05635648754915,55,13,2,15,0,15,1,25,12,11,5,2,2,10,10,4,6,36,17,13,8,49,46,4,1,5,1526,0,0,0,6,7.840547446971954,60.64356435643565,54.166666666666664,59,11.013215859030838,0.0,100.0,76.47058823529412,2.6,1,7,8,71.05635648754915
S43G01N86,2023-2024,20231207,344,away,10,8,0,15,5,20,3,21,12,18,5,0,0,9,6,1,2,39,17,11,6,45,48,3,1,7,1526,0,0,0,8,-7.840547446971954,52.374301675977655,50.0,46,14.011208967173738,25.0,66.66666666666667,47.05882352941177,1.1428571428571428,1,7,6,71.05635648754915,55,13,2,15,0,15,2,25,12,11,5,2,2,10,10,4,6,36,17,13,8,49,46,4,1,5,1526,0,0,0,6,7.840547446971954,60.64356435643565,54.166666666666664,60,11.013215859030838,0.0,100.0,76.47058823529412,2.6,1,7,8,71.05635648754915
S43G01N86,2023-2024,20231207,345,away,10,8,0,15,5,20,3,21,12,18,5,0,0,9,6,1,2,39,17,11,6,45,48,3,1,7,1526,0,0,0,8,-7.840547446971954,52.374301675977655,50.0,46,14.011208967173738,25.0,66.66666666666667,47.05882352941177,1.1428571428571428,1,7,6,71.05635648754915,55,13,2,15,0,15,2,25,12,11,5,2,2,10,10,4,6,36,17,13,8,49,46,4,1,5,1526,0,0,0,6,7.840547446971954,60.64356435643565,54.166666666666664,60,11.013215859030838,0.0,100.0,76.47058823529412,2.6,1,7,8,71.05635648754915
S43G01N86,2023-2024,20231207,346,away,10,8,0,15,5,20,3,21,12,18,5,0,0,9,6,1,2,39,17,11,6,45,48,3,1,7,1526,0,0,0,8,-7.840547446971954,52.374301675977655,50.0,46,14.011208967173738,25.0,66.66666666666667,47.05882352941177,1.1428571428571428,1,7,6,71.05635648754915,55,13,2,15,0,15,2,25,12,11,5,2,2,10,10,4,6,36,17,13,8,49,46,4,1,5,1526,0,0,0,6,7.840547446971954,60.64356435643565,54.166666666666664,60,11.013215859030838,0.0,100.0,76.47058823529412,2.6,1,7,8,71.05635648754915
S43G01N86,2023-2024,20231207,347,away,10,8,0,15,5,20,3,21,12,18,5,0,0,9,6,1,2,39,17,11,6,45,48,3,1,7,1538,0,0,0,8,-5.514480304331826,52.374301675977655,50.0,46,14.011208967173738,25.0,66.66666666666667,47.05882352941177,1.1428571428571428,1,7,6,71.28218465539662,55,13,2,15,0,15,2,25,12,12,5,2,2,10,10,4,6,37,17,13,8,49,47,4,1,5,1538,0,0,0,6,5.514480304331826,59.17874396135266,52.7027027027027,59,10.775862068965518,0.0,100.0,76.47058823529412,2.6,1,7,8,71.28218465539662
S43G01N86,2023-2024,20231207,348,away,10,8,0,16,5,21,3,21,12,18,5,0,0,9,6,1,2,39,17,11,6,45,48,3,1,7,1539,0,0,0,8,-5.514480304331826,52.374301675977655,50.0,47,14.011208967173738,25.0,66.66666666666667,47.05882352941177,1.1428571428571428,1,7,6,71.23586744639375,55,13,2,15,0,15,2,25,12,12,5,2,2,10,10,4,6,37,17,13,8,49,47,4,1,5,1539,0,0,0,6,5.514480304331826,59.17874396135266,52.7027027027027,59,10.775862068965518,0.0,100.0,76.47058823529412,2.6,1,7,8,71.23586744639375
S43G01N86,2023-2024,20231207,349,away,10,8,0,16,5,21,3,22,12,18,5,0,0,9,6,1,2,40,17,11,6,45,49,3,1,7,1544,0,0,0,8,-7.692221121815081,51.182893539581436,48.75,46,13.736263736263735,25.0,66.66666666666667,47.05882352941177,1.1428571428571428,1,7,6,71.78238341968911,55,13,2,15,0,15,2,25,12,12,5,2,2,10,10,4,6,37,17,13,8,49,47,4,1,5,1544,0,0,0,6,7.692221121815081,59.17874396135266,52.7027027027027,59,10.775862068965518,0.0,100.0,76.47058823529412,2.6,1,7,8,71.78238341968911
S43G01N86,2023-2024,20231207,350,away,10,8,0,16,5,21,3,22,12,18,5,0,0,9,6,1,2,40,17,11,6,45,49,3,1,7,1545,0,0,0,8,-7.692221121815081,51.182893539581436,48.75,46,13.736263736263735,23.80952380952381,66.66666666666667,47.05882352941177,1.1428571428571428,1,7,6,71.73592233009708,55,13,2,16,0,16,2,25,12,12,5,2,2,10,10,4,6,37,17,13,8,49,47,4,1,5,1545,0,0,0,6,7.692221121815081,59.17874396135266,52.7027027027027,60,10.775862068965518,0.0,100.0,76.47058823529412,2.6,1,7,8,71.73592233009708
S43G01N86,2023-2024,20231207,351,away,10,8,0,16,5,21,3,22,12,18,5,0,0,9,6,1,2,40,17,11,6,45,49,3,1,7,1566,0,0,0,8,-9.68370955481376,51.182893539581436,48.75,46,13.736263736263735,23.80952380952381,66.66666666666667,47.05882352941177,1.1428571428571428,2,7,6,71.54022988505747,55,13,2,16,0,16,2,26,13,12,5,2,2,10,10,4,6,38,18,13,8,51,48,4,1,5,1566,0,0,0,6,9.68370955481376,60.14150943396226,53.94736842105263,62,10.548523206751055,0.0,100.0,72.22222222222223,2.6,2,7,8,71.54022988505747
S43G01N86,2023-2024,20231207,352,away,10,8,0,16,5,21,3,22,12,19,6,0,0,9,6,1,2,41,18,11,6,48,50,3,1,7,1581,0,0,0,8,-5.380285942250879,53.380782918149464,51.21951219512195,49,13.471901462663586,23.80952380952381,66.66666666666667,44.44444444444444,1.1428571428571428,3,7,6,71.62049335863378,55,13,2,16,0,16,2,26,13,12,5,2,2,10,10,4,6,38,18,13,8,51,48,4,1,5,1581,0,0,0,6,5.380285942250879,60.14150943396226,53.94736842105263,62,10.548523206751055,0.0,100.0,72.22222222222223,2.6,3,7,8,71.62049335863378
S43G01N86,2023-2024,20231207,353,away,10,8,0,16,5,21,3,22,12,19,6,0,0,9,6,1,2,41,18,11,6,48,50,3,1,7,1602,0,0,0,8,-3.1572500598364,53.380782918149464,51.21951219512195,49,13.471901462663586,23.80952380952381,66.66666666666667,44.44444444444444,1.1428571428571428,3,7,6,71.4307116104869,55,13,2,16,0,16,2,26,13,13,5,2,2,10,10,4,6,39,18,13,8,51,49,4,1,5,1602,0,0,0,6,3.1572500598364,58.755760368663594,52.56410256410256,61,10.330578512396695,0.0,100.0,72.22222222222223,2.6,3,7,8,71.4307116104869
S43G01N86,2023-2024,20231207,354,away,10,8,0,17,5,22,3,22,12,19,6,0,0,9,6,1,2,41,18,11,6,48,50,3,1,7,1603,0,0,0,8,-3.1572500598364,53.380782918149464,51.21951219512195,50,13.471901462663586,23.80952380952381,66.66666666666667,44.44444444444444,1.1428571428571428,3,7,6,71.386150966937,55,13,2,16,0,16,2,26,13,13,5,2,2,10,10,4,6,39,18,13,8,51,49,4,1,5,1603,0,0,0,6,3.1572500598364,58.755760368663594,52.56410256410256,61,10.330578512396695,0.0,100.0,72.22222222222223,2.6,3,7,8,71.386150966937
S43G01N86,2023-2024,20231207,355,away,10,8,0,17,5,22,3,22,12,19,6,0,0,9,6,1,2,41,18,11,6,48,50,3,1,7,1609,0,0,0,8,-3.1572500598364,53.380782918149464,51.21951219512195,50,13.471901462663586,23.80952380952381,66.66666666666667,44.44444444444444,1.1428571428571428,3,7,6,71.11995027967681,55,13,2,16,0,16,2,26,13,13,5,2,2,10,10,4,6,39,18,14,9,51,49,4,1,5,1609,0,0,0,6,3.1572500598364,58.755760368663594,52.56410256410256,61,10.330578512396695,0.0,100.0,72.22222222222223,2.6,3,7,8,71.11995027967681
S43G01N86,2023-2024,20231207,356,away,10,8,0,17,5,22,3,22,12,19,6,0,0,9,6,1,2,41,18,11,6,48,50,3,1,7,1609,0,0,0,8,-3.1572500598364,53.380782918149464,51.21951219512195,50,13.471901462663586,23.80952380952381,66.66666666666667,44.44444444444444,1.1428571428571428,3,7,6,71.11995027967681,55,13,2,16,0,16,2,26,13,13,5,2,2,10,10,4,6,39,18,14,9,51,49,4,1,5,1609,0,0,0,6,3.1572500598364,58.755760368663594,52.56410256410256,61,10.330578512396695,0.0,100.0,72.22222222222223,2.6,3,7,8,71.11995027967681
S43G01N86,2023-2024,20231207,357,away,10,8,0,17,5,22,3,22,12,19,6,0,0,9,6,1,2,41,18,11,6,48,50,3,1,7,1609,0,0,0,8,-3.1572500598364,53.380782918149464,51.21951219512195,50,13.471901462663586,23.80952380952381,66.66666666666667,44.44444444444444,1.1428571428571428,3,7,6,71.11995027967681,55,13,2,16,0,16,2,26,13,13,5,2,2,10,10,4,6,39,18,14,9,51,49,4,1,5,1609,0,0,0,6,3.1572500598364,58.755760368663594,52.56410256410256,61,10.330578512396695,0.0,100.0,72.22222222222223,2.6,3,7,8,71.11995027967681
S43G01N86,2023-2024,20231207,358,away,10,8,0,17,5,22,3,22,12,19,6,0,0,9,6,1,2,41,18,11,6,48,50,3,1,7,1609,0,0,0,8,-3.1572500598364,53.380782918149464,51.21951219512195,50,13.471901462663586,23.80952380952381,66.66666666666667,44.44444444444444,1.1428571428571428,3,7,6,71.11995027967681,55,13,2,16,0,16,2,26,13,13,5,2,2,10,10,4,6,39,18,14,9,51,49,4,1,5,1609,0,0,0,6,3.1572500598364,58.755760368663594,52.56410256410256,61,10.330578512396695,0.0,100.0,72.22222222222223,2.6,3,7,8,71.11995027967681
S43G01N86,2023-2024,20231207,359,away,10,8,0,17,5,22,3,22,12,20,7,0,0,9,6,1,2,42,19,11,6,51,51,3,1,7,1623,0,0,0,8,0.9667146864811542,55.48302872062663,53.57142857142857,53,13.217522658610271,23.80952380952381,66.66666666666667,42.10526315789474,1.1428571428571428,6,7,6,71.24584103512015,55,13,2,16,0,16,2,26,13,13,5,2,2,10,10,4,6,39,18,14,9,51,49,4,1,5,1623,0,0,0,6,-0.9667146864811542,58.755760368663594,52.56410256410256,61,10.330578512396695,0.0,100.0,72.22222222222223,2.6,6,7,8,71.24584103512015
S43G01N86,2023-2024,20231207,360,away,10,9,0,17,5,22,3,22,12,20,7,0,0,9,6,1,2,42,19,11,6,51,51,3,1,7,1623,0,0,0,8,0.9667146864811542,55.48302872062663,53.57142857142857,54,13.217522658610271,23.80952380952381,66.66666666666667,47.36842105263158,1.2857142857142858,6,7,6,71.24584103512015,55,13,2,16,0,16,2,26,13,13,5,2,2,10,10,4,6,39,18,14,9,51,49,4,1,5,1623,0,0,0,6,-0.9667146864811542,58.755760368663594,52.56410256410256,61,10.330578512396695,0.0,100.0,72.22222222222223,2.6,6,7,8,71.24584103512015
S43G01N86,2023-2024,20231207,361,away,10,9,0,17,5,22,3,22,12,20,7,0,0,9,6,1,2,42,19,11,6,51,51,3,1,7,1639,0,0,0,8,-0.948833879785127,55.48302872062663,53.57142857142857,54,13.217522658610271,23.80952380952381,66.66666666666667,47.36842105263158,1.2857142857142858,2,7,6,71.28248932275778,55,13,2,16,0,16,2,27,14,13,5,2,2,10,10,4,6,40,19,14,9,53,50,4,1,5,1639,0,0,0,6,0.948833879785127,59.68468468468469,53.75,63,10.121457489878543,0.0,100.0,68.42105263157895,2.6,2,7,8,71.28248932275778
S43G01N86,2023-2024,20231207,362,away,10,9,0,17,5,22,3,23,12,20,7,0,0,9,6,1,2,43,19,11,6,51,52,3,1,7,1651,0,0,0,8,-3.1207827260458885,54.301533219761495,52.325581395348834,53,12.972572275759822,23.80952380952381,66.66666666666667,47.36842105263158,1.2857142857142858,2,7,6,71.49121744397334,55,13,2,16,0,16,2,27,14,13,5,2,2,10,10,4,6,40,19,14,9,53,50,4,1,5,1651,0,0,0,6,3.1207827260458885,59.68468468468469,53.75,63,10.121457489878543,0.0,100.0,68.42105263157895,2.6,2,7,8,71.49121744397334
S43G01N86,2023-2024,20231207,363,away,10,9,0,17,5,22,3,23,12,20,7,0,0,9,6,1,2,43,19,11,6,51,52,3,1,7,1653,0,0,0,8,-3.1207827260458885,54.301533219761495,52.325581395348834,53,12.972572275759822,22.727272727272727,66.66666666666667,47.36842105263158,1.2857142857142858,2,7,6,71.40471869328493,55,13,2,17,0,17,2,27,14,13,5,2,2,10,10,4,6,40,19,14,9,53,50,4,1,5,1653,0,0,0,6,3.1207827260458885,59.68468468468469,53.75,64,10.121457489878543,0.0,100.0,68.42105263157895,2.6,2,7,8,71.40471869328493
S43G01N86,2023-2024,20231207,364,away,10,9,0,17,5,22,3,23,12,20,7,0,0,9,6,1,2,43,19,11,6,51,52,3,1,7,1669,0,0,0,8,-0.9920634920634939,54.301533219761495,52.325581395348834,53,12.972572275759822,22.727272727272727,66.66666666666667,47.36842105263158,1.2857142857142858,2,7,6,71.43918514080288,55,13,2,17,0,17,2,27,14,13,5,2,2,10,10,4,6,40,19,14,9,53,50,4,1,6,1669,0,0,0,7,0.9920634920634939,59.68468468468469,53.75,63,11.904761904761905,0.0,100.0,68.42105263157895,2.1666666666666665,2,7,8,71.43918514080288
S43G01N86,2023-2024,20231207,365,away,10,9,0,17,5,22,3,23,12,20,7,0,0,9,6,1,2,43,19,11,6,51,52,4,1,7,1670,0,0,0,8,-0.9920634920634939,54.301533219761495,52.325581395348834,54,12.972572275759822,22.727272727272727,66.66666666666667,47.36842105263158,1.2857142857142858,2,7,6,71.39640718562875,55,13,2,17,0,17,2,27,14,13,5,2,2,10,10,4,6,40,19,14,9,53,50,4,1,6,1670,0,0,0,7,0.9920634920634939,59.68468468468469,53.75,63,11.904761904761905,0.0,100.0,68.42105263157895,2.1666666666666665,2,7,8,71.39640718562875
S43G01N86,2023-2024,20231207,366,away,10,9,0,17,5,22,3,23,12,21,7,0,0,9,6,1,2,44,19,11,6,51,53,4,1,7,1676,0,0,0,8,-3.077064826464351,53.169307756463716,51.13636363636363,53,12.736535662299854,22.727272727272727,66.66666666666667,47.36842105263158,1.2857142857142858,2,7,6,71.85680190930788,55,13,2,17,0,17,2,27,14,13,5,2,2,10,10,4,6,40,19,14,9,53,50,4,1,6,1676,0,0,0,7,3.077064826464351,59.68468468468469,53.75,63,11.904761904761905,0.0,100.0,68.42105263157895,2.1666666666666665,2,7,8,71.85680190930788
S43G01N86,2023-2024,20231207,367,away,10,9,0,17,5,22,3,23,12,21,7,0,0,9,6,1,2,44,19,11,6,51,53,4,1,7,1677,0,0,0,8,-3.077064826464351,53.169307756463716,51.13636363636363,53,12.736535662299854,21.73913043478261,66.66666666666667,47.36842105263158,1.2857142857142858,2,7,6,71.81395348837209,55,13,2,18,0,18,2,27,14,13,5,2,2,10,10,4,6,40,19,14,9,53,50,4,1,6,1677,0,0,0,7,3.077064826464351,59.68468468468469,53.75,64,11.904761904761905,0.0,100.0,68.42105263157895,2.1666666666666665,2,7,8,71.81395348837209
S43G01N86,2023-2024,20231207,368,away,10,9,0,17,5,22,3,23,12,21,7,0,0,9,6,1,2,44,19,11,6,51,53,4,1,7,1692,0,0,0,8,-1.0311751346602591,53.169307756463716,51.13636363636363,53,12.736535662299854,21.73913043478261,66.66666666666667,47.36842105263158,1.2857142857142858,2,7,6,71.88652482269504,55,13,2,18,0,18,2,28,14,13,5,2,2,10,10,4,6,41,19,14,9,53,51,4,1,6,1692,0,0,0,7,1.0311751346602591,58.370044052863435,52.4390243902439,63,11.673151750972764,0.0,100.0,68.42105263157895,2.1666666666666665,2,7,8,71.88652482269504
S43G01N86,2023-2024,20231207,369,away,10,9,0,18,5,23,3,23,12,21,7,0,0,9,6,1,2,44,19,11,6,51,53,4,1,7,1694,0,0,0,8,-1.0311751346602591,53.169307756463716,51.13636363636363,54,12.736535662299854,21.73913043478261,66.66666666666667,47.36842105263158,1.2857142857142858,2,7,6,71.80165289256199,55,13,2,18,0,18,2,28,14,13,5,2,2,10,10,4,6,41,19,14,9,53,51,4,1,6,1694,0,0,0,7,1.0311751346602591,58.370044052863435,52.4390243902439,63,11.673151750972764,0.0,100.0,68.42105263157895,2.1666666666666665,2,7,8,71.80165289256199
S43G01N86,2023-2024,20231207,370,away,10,9,0,18,5,23,3,24,12,21,7,0,0,9,6,1,2,45,19,11,6,51,54,4,1,7,1714,0,0,0,8,-3.0343475312902797,52.083333333333336,50.0,53,12.508934953538242,21.73913043478261,66.66666666666667,47.36842105263158,1.2857142857142858,2,7,6,71.66394399066512,55,13,2,18,0,18,2,28,14,13,5,2,2,10,10,4,6,41,19,14,9,53,51,4,1,6,1714,0,0,0,7,3.0343475312902797,58.370044052863435,52.4390243902439,63,11.673151750972764,0.0,100.0,68.42105263157895,2.1666666666666665,2,7,8,71.66394399066512
S43G01N86,2023-2024,20231207,371,away,10,9,0,18,5,23,3,24,12,21,7,0,0,9,6,1,2,45,19,11,6,51,54,4,1,7,1715,0,0,0,8,-3.0343475312902797,52.083333333333336,50.0,53,12.508934953538242,20.833333333333332,66.66666666666667,47.36842105263158,1.2857142857142858,2,7,6,71.62215743440233,55,13,2,19,0,19,2,28,14,13,5,2,2,10,10,4,6,41,19,14,9,53,51,4,1,6,1715,0,0,0,7,3.0343475312902797,58.370044052863435,52.4390243902439,64,11.673151750972764,0.0,100.0,68.42105263157895,2.1666666666666665,2,7,8,71.62215743440233
S43G01N86,2023-2024,20231207,372,away,10,9,0,18,5,23,3,24,12,21,7,0,0,9,6,1,2,45,19,11,6,51,54,4,1,7,1732,0,0,0,8,-1.0665452323031417,52.083333333333336,50.0,53,12.508934953538242,20.833333333333332,66.66666666666667,47.36842105263158,1.2857142857142858,2,7,6,71.61200923787528,55,13,2,19,0,19,2,29,14,13,5,2,2,10,10,4,6,42,19,14,9,53,52,4,1,6,1732,0,0,0,7,1.0665452323031417,57.112068965517246,51.19047619047619,63,11.450381679389313,0.0,100.0,68.42105263157895,2.1666666666666665,2,7,8,71.61200923787528
S43G01N86,2023-2024,20231207,373,away,10,9,0,19,5,24,3,24,12,21,7,0,0,9,6,1,2,45,19,11,6,51,54,4,1,7,1734,0,0,0,8,-1.0665452323031417,52.083333333333336,50.0,54,12.508934953538242,20.833333333333332,66.66666666666667,47.36842105263158,1.2857142857142858,2,7,6,71.52941176470587,55,13,2,19,0,19,2,29,14,13,5,2,2,10,10,4,6,42,19,14,9,53,52,4,1,6,1734,0,0,0,7,1.0665452323031417,57.112068965517246,51.19047619047619,63,11.450381679389313,0.0,100.0,68.42105263157895,2.1666666666666665,2,7,8,71.52941176470587
S43G01N86,2023-2024,20231207,374,away,10,9,0,19,5,24,3,24,12,21,7,0,0,9,6,1,2,45,19,11,6,51,54,4,1,7,1736,0,0,0,8,-1.0665452323031417,52.083333333333336,50.0,54,12.508934953538242,20.833333333333332,66.66666666666667,47.36842105263158,1.2857142857142858,2,7,6,71.44700460829493,55,13,2,19,0,19,2,29,14,13,5,2,2,10,10,4,6,42,19,15,9,53,52,4,1,6,1736,0,0,0,7,1.0665452323031417,57.112068965517246,51.19047619047619,63,11.450381679389313,0.0,100.0,68.42105263157895,2.1666666666666665,2,7,8,71.44700460829493
S43G01N86,2023-2024,20231207,375,away,10,9,0,19,5,24,3,24,12,21,7,0,0,9,6,1,2,45,19,11,6,51,54,4,1,7,1736,0,0,0,8,-1.0665452323031417,52.083333333333336,50.0,54,12.508934953538242,20.833333333333332,66.66666666666667,47.36842105263158,1.2857142857142858,2,7,6,71.44700460829493,55,13,2,19,0,19,2,29,14,13,5,2,2,10,10,4,6,42,19,15,9,53,52,4,1,6,1736,0,0,0,7,1.0665452323031417,57.112068965517246,51.19047619047619,63,11.450381679389313,0.0,100.0,68.42105263157895,2.1666666666666665,2,7,8,71.44700460829493
S43G01N86,2023-2024,20231207,376,away,10,9,0,19,5,24,3,24,12,21,7,0,0,9,6,1,2,45,19,11,6,51,54,4,1,7,1736,0,0,0,8,-1.0665452323031417,52.083333333333336,50.0,54,12.508934953538242,20.833333333333332,66.66666666666667,47.36842105263158,1.2857142857142858,2,7,6,71.44700460829493,55,13,2,19,0,19,2,29,14,13,5,2,2,10,10,4,6,42,19,15,9,53,52,4,1,6,1736,0,0,0,7,1.0665452323031417,57.112068965517246,51.19047619047619,63,11.450381679389313,0.0,100.0,68.42105263157895,2.1666666666666665,2,7,8,71.44700460829493
S43G01N86,2023-2024,20231207,377,away,10,9,0,19,5,24,3,24,12,21,7,0,0,9,6,1,2,45,19,11,6,51,54,4,1,7,1736,0,0,0,8,-1.0665452323031417,52.083333333333336,50.0,54,12.508934953538242,20.833333333333332,66.66666666666667,47.36842105263158,1.2857142857142858,2,7,6,71.44700460829493,55,13,2,19,0,19,2,29,14,13,5,2,2,10,10,4,6,42,19,15,9,53,52,4,1,6,1736,0,0,0,7,1.0665452323031417,57.112068965517246,51.19047619047619,63,11.450381679389313,0.0,100.0,68.42105263157895,2.1666666666666665,2,7,8,71.44700460829493
S43G01N86,2023-2024,20231207,378,away,10,9,0,19,5,24,3,24,12,21,7,0,0,10,7,1,2,45,19,11,6,52,55,4,1,7,1736,0,0,0,8,0.022277007158336914,52.631578947368425,50.0,55,12.411347517730496,20.833333333333332,70.0,47.36842105263158,1.2857142857142858,1,7,6,71.75115207373271,55,13,2,19,0,19,2,29,14,13,5,2,2,10,10,4,6,42,19,15,9,53,52,4,1,6,1736,0,0,0,7,-0.022277007158336914,57.112068965517246,51.19047619047619,63,11.450381679389313,0.0,100.0,68.42105263157895,2.1666666666666665,1,7,8,71.75115207373271
S43G01N86,2023-2024,20231207,379,away,10,9,0,19,5,24,3,24,12,21,7,0,0,11,7,1,2,45,19,11,6,52,56,4,1,7,1736,0,0,0,8,-0.8363961926303034,52.1669341894061,50.0,54,12.31527093596059,20.833333333333332,63.63636363636363,47.36842105263158,1.2857142857142858,1,7,6,72.05529953917052,55,13,2,19,0,19,2,29,14,13,5,2,2,10,10,4,6,42,19,15,9,53,52,4,1,6,1736,0,0,0,7,0.8363961926303034,57.112068965517246,51.19047619047619,63,11.450381679389313,0.0,100.0,68.42105263157895,2.1666666666666665,1,7,8,72.05529953917052
S43G01N86,2023-2024,20231207,380,away,10,9,0,19,5,24,3,24,12,21,7,0,0,11,7,1,2,45,19,11,6,52,56,4,1,7,1738,0,0,0,8,-0.8363961926303034,52.1669341894061,50.0,54,12.31527093596059,20.0,63.63636363636363,47.36842105263158,1.2857142857142858,1,7,6,71.97238204833143,55,13,2,20,0,20,2,29,14,13,5,2,2,10,10,4,6,42,19,15,9,53,52,4,1,6,1738,0,0,0,7,0.8363961926303034,57.112068965517246,51.19047619047619,64,11.450381679389313,0.0,100.0,68.42105263157895,2.1666666666666665,1,7,8,71.97238204833143
S43G01N86,2023-2024,20231207,381,away,10,9,0,19,5,24,3,24,12,21,7,0,0,11,7,1,2,45,19,12,6,52,56,4,1,7,1750,0,0,0,8,-0.8363961926303034,52.1669341894061,50.0,54,12.31527093596059,20.0,63.63636363636363,47.36842105263158,1.2857142857142858,1,7,6,71.47885714285715,55,13,2,20,0,20,2,29,14,13,5,2,2,10,10,4,6,42,19,15,9,53,52,4,1,6,1750,0,0,0,7,0.8363961926303034,57.112068965517246,51.19047619047619,64,11.450381679389313,0.0,100.0,68.42105263157895,2.1666666666666665,1,7,8,71.47885714285715
S43G01N86,2023-2024,20231207,382,away,10,9,0,19,5,24,3,24,12,21,7,0,0,11,7,1,2,45,19,12,6,52,56,4,1,7,1750,0,0,0,8,-0.8363961926303034,52.1669341894061,50.0,54,12.31527093596059,20.0,63.63636363636363,47.36842105263158,1.2857142857142858,1,7,6,71.47885714285715,55,13,2,20,0,20,2,29,14,13,5,2,2,10,10,4,6,42,19,15,9,53,52,4,1,6,1750,0,0,0,7,0.8363961926303034,57.112068965517246,51.19047619047619,64,11.450381679389313,0.0,100.0,68.42105263157895,2.1666666666666665,1,7,8,71.47885714285715
S43G01N86,2023-2024,20231207,383,away,10,9,0,19,5,24,3,24,12,21,7,0,0,11,7,1,2,45,19,12,6,52,56,4,1,7,1750,0,0,0,8,-0.8363961926303034,52.1669341894061,50.0,54,12.31527093596059,20.0,63.63636363636363,47.36842105263158,1.2857142857142858,1,7,6,71.47885714285715,55,13,2,20,0,20,2,29,14,13,5,2,2,10,10,4,6,42,19,15,9,53,52,4,1,6,1750,0,0,0,7,0.8363961926303034,57.112068965517246,51.19047619047619,64,11.450381679389313,0.0,100.0,68.42105263157895,2.1666666666666665,1,7,8,71.47885714285715
S43G01N86,2023-2024,20231207,384,away,10,9,0,19,5,24,3,24,12,21,7,0,0,11,7,1,2,45,19,12,6,52,56,4,1,7,1750,0,0,0,8,-0.8363961926303034,52.1669341894061,50.0,54,12.31527093596059,20.0,63.63636363636363,47.36842105263158,1.2857142857142858,1,7,6,71.47885714285715,55,13,2,20,0,20,2,29,14,13,5,2,2,10,10,4,6,42,19,15,9,53,52,4,1,6,1750,0,0,0,7,0.8363961926303034,57.112068965517246,51.19047619047619,64,11.450381679389313,0.0,100.0,68.42105263157895,2.1666666666666665,1,7,8,71.47885714285715
S43G01N86,2023-2024,20231207,385,away,10,9,0,19,5,24,3,24,12,21,7,0,0,11,7,1,2,45,19,12,6,52,56,4,1,7,1750,0,0,0,8,0.005841066905915682,52.1669341894061,50.0,54,12.31527093596059,20.0,63.63636363636363,47.36842105263158,1.2857142857142858,1,7,6,71.78057142857143,55,13,2,20,0,20,2,29,14,13,5,2,2,11,10,4,6,42,19,15,9,53,53,4,1,6,1750,0,0,0,7,-0.005841066905915682,56.57557643040136,51.19047619047619,63,11.355034065102194,0.0,90.9090909090909,68.42105263157895,2.1666666666666665,1,7,8,71.78057142857143
S43G01N86,2023-2024,20231207,386,away,10,9,0,19,5,24,3,24,12,21,7,0,0,11,7,1,2,45,19,12,6,52,56,4,1,7,1750,0,0,0,8,-1.0427093760427226,52.1669341894061,50.0,54,12.31527093596059,20.0,63.63636363636363,47.36842105263158,1.2857142857142858,1,7,6,72.08228571428572,55,13,2,20,0,20,2,29,14,13,5,2,2,12,11,4,6,42,19,15,9,54,54,4,1,6,1750,0,0,0,7,1.0427093760427226,57.10659898477157,51.19047619047619,64,11.26126126126126,0.0,91.66666666666667,68.42105263157895,2.1666666666666665,1,7,8,72.08228571428572
S43G01N86,2023-2024,20231207,387,away,10,9,0,19,5,24,3,24,12,22,7,0,0,11,7,1,2,46,19,12,6,52,57,4,1,7,1765,0,0,0,8,-2.9410561204656744,51.14083398898505,48.91304347826087,53,12.10235131396957,20.0,63.63636363636363,47.36842105263158,1.2857142857142858,1,7,6,72.14957507082154,55,13,2,20,0,20,2,29,14,13,5,2,2,12,11,4,6,42,19,15,9,54,54,4,1,6,1765,0,0,0,7,2.9410561204656744,57.10659898477157,51.19047619047619,64,11.26126126126126,0.0,91.66666666666667,68.42105263157895,2.1666666666666665,1,7,8,72.14957507082154
S43G01N86,2023-2024,20231207,388,away,10,9,0,19,6,25,3,24,12,22,7,0,0,11,7,1,2,46,19,12,6,52,57,4,1,7,1766,0,0,0,8,-1.0427093760427226,51.14083398898505,48.91304347826087,54,12.10235131396957,23.076923076923077,63.63636363636363,47.36842105263158,1.2857142857142858,1,7,6,71.42921857304644,55,13,2,20,0,20,2,29,14,13,5,2,2,12,11,4,6,42,19,15,9,54,54,4,1,6,1766,0,0,0,7,1.0427093760427226,57.10659898477157,51.19047619047619,64,11.26126126126126,0.0,91.66666666666667,68.42105263157895,2.1666666666666665,1,7,8,71.42921857304644
S43G01N86,2023-2024,20231207,389,away,10,9,0,19,6,25,3,25,13,22,7,0,0,11,7,1,2,47,20,12,6,54,58,4,1,7,1766,0,0,0,8,0.8439552345683978,52.08333333333333,50.0,56,11.896668932698844,23.076923076923077,63.63636363636363,45.0,1.2857142857142858,2,7,6,72.10872027180069,55,13,2,20,0,20,2,29,14,13,5,2,2,12,11,4,6,42,19,15,9,54,54,4,1,6,1766,0,0,0,7,-0.8439552345683978,57.10659898477157,51.19047619047619,64,11.26126126126126,0.0,91.66666666666667,68.42105263157895,2.1666666666666665,2,7,8,72.10872027180069
S43G01N86,2023-2024,20231207,390,away,10,9,0,19,6,25,3,25,13,22,7,0,0,11,7,1,2,47,20,12,6,54,58,4,1,7,1787,0,0,0,8,2.711150358948501,52.08333333333333,50.0,56,11.896668932698844,23.076923076923077,63.63636363636363,45.0,1.2857142857142858,2,7,6,71.93284834918859,55,13,2,20,0,20,2,29,14,14,5,2,2,12,11,4,6,43,19,15,9,54,55,4,1,6,1787,0,0,0,7,-2.711150358948501,55.92377796188898,50.0,63,11.05379513633014,0.0,91.66666666666667,68.42105263157895,2.1666666666666665,2,7,8,71.93284834918859
S43G01N86,2023-2024,20231207,391,away,10,9,0,20,6,26,3,25,13,22,7,0,0,11,7,1,2,47,20,12,6,54,58,4,1,7,1788,0,0,0,8,2.711150358948501,52.08333333333333,50.0,57,11.896668932698844,23.076923076923077,63.63636363636363,45.0,1.2857142857142858,2,7,6,71.89261744966444,55,13,2,20,0,20,2,29,14,14,5,2,2,12,11,4,6,43,19,15,9,54,55,4,1,6,1788,0,0,0,7,-2.711150358948501,55.92377796188898,50.0,63,11.05379513633014,0.0,91.66666666666667,68.42105263157895,2.1666666666666665,2,7,8,71.89261744966444
S43G01N86,2023-2024,20231207,392,away,10,9,0,20,6,26,3,25,13,23,7,0,0,11,7,1,2,48,20,12,6,54,59,4,1,7,1799,0,0,0,8,0.8130205932367716,51.097653292959876,48.958333333333336,56,11.697860962566844,23.076923076923077,63.63636363636363,45.0,1.2857142857142858,2,7,6,72.12006670372429,55,13,2,20,0,20,2,29,14,14,5,2,2,12,11,4,6,43,19,15,9,54,55,4,1,6,1799,0,0,0,7,-0.8130205932367716,55.92377796188898,50.0,63,11.05379513633014,0.0,91.66666666666667,68.42105263157895,2.1666666666666665,2,7,8,72.12006670372429
S43G01N86,2023-2024,20231207,393,away,10,9,0,20,6,26,3,25,13,23,7,0,0,11,7,1,2,48,20,12,6,54,59,4,1,7,1799,0,0,0,8,0.8130205932367716,51.097653292959876,48.958333333333336,56,11.697860962566844,23.076923076923077,63.63636363636363,45.0,1.2857142857142858,2,7,6,72.12006670372429,55,13,2,20,0,20,2,29,14,14,5,2,2,12,11,4,6,43,19,15,9,54,55,4,1,6,1799,0,0,0,7,-0.8130205932367716,55.92377796188898,50.0,63,11.05379513633014,0.0,91.66666666666667,68.42105263157895,2.1666666666666665,2,7,8,72.12006670372429
S43G01N86,2023-2024,20231207,394,away,10,9,0,20,6,26,3,25,13,23,7,0,0,11,7,1,2,48,20,12,6,54,59,4,1,7,1800,0,0,0,8,0.8130205932367716,51.097653292959876,48.958333333333336,56,11.697860962566844,23.076923076923077,63.63636363636363,45.0,1.2857142857142858,2,7,6,72.08,55,13,2,20,0,20,2,29,14,14,5,2,2,12,11,4,6,43,19,15,9,54,55,4,1,6,1800,0,0,0,7,-0.8130205932367716,55.92377796188898,50.0,63,11.05379513633014,0.0,91.66666666666667,68.42105263157895,2.1666666666666665,2,7,8,72.08
S43G01N86,2023-2024,20231207,395,away,10,9,0,20,6,26,3,25,13,23,7,0,0,11,7,1,2,48,20,12,6,54,59,4,1,7,1800,0,0,0,8,0.8130205932367716,51.097653292959876,48.958333333333336,56,11.697860962566844,23.076923076923077,63.63636363636363,45.0,1.2857142857142858,2,7,6,72.08,55,13,2,20,0,20,2,29,14,14,5,2,2,12,11,4,6,43,19,15,9,54,55,4,1,6,1800,0,0,0,7,-0.8130205932367716,55.92377796188898,50.0,63,11.05379513633014,0.0,91.66666666666667,68.42105263157895,2.1666666666666665,2,7,8,72.08
S43G01N86,2023-2024,20231207,396,away,10,9,0,20,6,26,3,25,13,23,7,0,0,11,7,1,2,48,20,12,6,54,59,4,1,7,1800,0,0,0,8,0.8130205932367716,51.097653292959876,48.958333333333336,56,11.697860962566844,23.076923076923077,63.63636363636363,45.0,1.2857142857142858,2,7,6,72.08,55,13,2,20,0,20,2,29,14,14,5,2,2,12,11,4,6,43,19,15,9,54,55,4,1,6,1800,0,0,0,7,-0.8130205932367716,55.92377796188898,50.0,63,11.05379513633014,0.0,91.66666666666667,68.42105263157895,2.1666666666666665,2,7,8,72.08
S43G01N86,2023-2024,20231207,397,away,10,9,0,20,6,26,3,25,13,23,7,0,0,11,7,1,2,48,20,12,6,54,59,4,1,7,1800,0,0,0,8,0.8130205932367716,51.097653292959876,48.958333333333336,56,11.697860962566844,23.076923076923077,63.63636363636363,45.0,1.2857142857142858,2,7,6,72.08,55,13,2,20,0,20,2,29,14,14,5,2,2,12,11,4,6,43,19,15,9,54,55,4,1,6,1800,0,0,0,7,-0.8130205932367716,55.92377796188898,50.0,63,11.05379513633014,0.0,91.66666666666667,68.42105263157895,2.1666666666666665,2,7,8,72.08
S43G01N86,2023-2024,20231207,398,away,10,9,0,20,6,26,3,25,13,23,7,0,0,11,7,1,2,48,20,12,6,54,59,4,1,7,1800,0,0,0,8,0.8130205932367716,51.097653292959876,48.958333333333336,56,11.697860962566844,23.076923076923077,63.63636363636363,45.0,1.2857142857142858,2,7,6,72.08,55,13,2,20,0,20,2,29,14,14,5,2,2,12,11,4,6,43,19,15,9,54,55,4,1,6,1800,0,0,0,7,-0.8130205932367716,55.92377796188898,50.0,63,11.05379513633014,0.0,91.66666666666667,68.42105263157895,2.1666666666666665,2,7,8,72.08
S43G01N86,2023-2024,20231207,399,away,10,9,0,20,6,26,3,25,13,23,7,0,0,11,7,1,2,48,20,12,6,54,59,4,1,7,1800,0,0,0,8,0.8130205932367716,51.097653292959876,48.958333333333336,56,11.697860962566844,23.076923076923077,63.63636363636363,45.0,1.2857142857142858,2,7,6,72.08,55,13,2,20,0,20,2,29,14,14,5,2,2,12,11,4,6,43,19,15,9,54,55,4,1,6,1800,0,0,0,7,-0.8130205932367716,55.92377796188898,50.0,63,11.05379513633014,0.0,91.66666666666667,68.42105263157895,2.1666666666666665,2,7,8,72.08
S43G01N86,2023-2024,20231207,400,away,10,9,0,20,6,26,3,25,13,23,7,0,0,11,7,1,2,48,20,12,6,54,59,4,1,7,1800,0,0,0,8,0.8130205932367716,51.097653292959876,48.958333333333336,56,11.697860962566844,23.076923076923077,63.63636363636363,45.0,1.2857142857142858,2,7,6,72.08,55,13,2,20,0,20,2,29,14,14,5,2,2,12,11,4,6,43,19,15,9,54,55,4,1,6,1800,0,0,0,7,-0.8130205932367716,55.92377796188898,50.0,63,11.05379513633014,0.0,91.66666666666667,68.42105263157895,2.1666666666666665,2,7,8,72.08
S43G01N86,2023-2024,20231207,401,away,10,9,0,20,6,26,3,25,13,23,7,0,0,11,7,1,2,48,20,12,6,54,59,4,1,7,1800,0,0,0,8,0.8130205932367716,51.097653292959876,48.958333333333336,56,11.697860962566844,23.076923076923077,63.63636363636363,45.0,1.2857142857142858,2,7,6,72.08,55,13,2,20,0,20,2,29,14,14,5,2,2,12,11,4,6,43,19,15,9,54,55,4,1,6,1800,0,0,0,7,-0.8130205932367716,55.92377796188898,50.0,63,11.05379513633014,0.0,91.66666666666667,68.42105263157895,2.1666666666666665,2,7,8,72.08
S43G01N86,2023-2024,20231207,402,away,10,9,0,20,6,26,3,25,13,23,7,0,0,11,7,1,2,48,20,12,6,54,59,4,1,7,1800,0,0,0,8,0.8130205932367716,51.097653292959876,48.958333333333336,56,11.697860962566844,23.076923076923077,63.63636363636363,45.0,1.2857142857142858,2,7,6,72.08,55,13,2,20,0,20,2,29,14,14,5,2,2,12,11,4,6,43,19,15,9,54,55,4,1,6,1800,0,0,0,7,-0.8130205932367716,55.92377796188898,50.0,63,11.05379513633014,0.0,91.66666666666667,68.42105263157895,2.1666666666666665,2,7,8,72.08
S43G01N86,2023-2024,20231207,403,away,10,9,0,20,6,26,3,25,13,23,7,0,0,11,7,1,2,48,20,12,6,54,59,4,1,7,1800,0,0,0,8,0.8130205932367716,51.097653292959876,48.958333333333336,56,11.697860962566844,23.076923076923077,63.63636363636363,45.0,1.2857142857142858,2,7,6,72.08,55,13,2,20,0,20,2,29,14,14,5,2,2,12,11,4,6,43,19,15,9,54,55,4,1,6,1800,0,0,0,7,-0.8130205932367716,55.92377796188898,50.0,63,11.05379513633014,0.0,91.66666666666667,68.42105263157895,2.1666666666666665,2,7,8,72.08
S43G01N86,2023-2024,20231207,404,away,10,9,0,20,6,26,3,25,13,23,7,0,0,11,7,1,2,48,20,12,6,54,59,4,1,7,1800,0,0,0,8,0.8130205932367716,51.097653292959876,48.958333333333336,56,11.697860962566844,23.076923076923077,63.63636363636363,45.0,1.2857142857142858,2,7,6,72.08,55,13,2,20,0,20,2,29,14,14,5,2,2,12,11,4,6,43,19,15,9,54,55,4,1,6,1800,0,0,0,7,-0.8130205932367716,55.92377796188898,50.0,63,11.05379513633014,0.0,91.66666666666667,68.42105263157895,2.1666666666666665,2,7,8,72.08
S43G01N86,2023-2024,20231207,405,away,10,9,0,20,6,26,3,25,13,23,7,0,0,11,7,1,2,48,20,12,6,54,59,4,1,7,1800,0,0,0,8,0.8130205932367716,51.097653292959876,48.958333333333336,56,11.697860962566844,23.076923076923077,63.63636363636363,45.0,1.2857142857142858,2,7,6,72.08,55,13,2,20,0,20,2,29,14,14,5,2,2,12,11,4,6,43,19,15,9,54,55,4,1,6,1800,0,0,0,7,-0.8130205932367716,55.92377796188898,50.0,63,11.05379513633014,0.0,91.66666666666667,68.42105263157895,2.1666666666666665,2,7,8,72.08
S43G01N86,2023-2024,20231207,406,away,10,9,0,20,6,26,3,25,13,23,7,0,0,11,7,1,2,48,20,12,6,54,59,4,1,7,1800,0,0,0,8,0.8130205932367716,51.097653292959876,48.958333333333336,56,11.697860962566844,23.076923076923077,63.63636363636363,45.0,1.2857142857142858,2,7,6,72.08,55,13,2,20,0,20,2,29,14,14,5,2,2,12,11,4,6,43,19,15,9,54,55,4,1,6,1800,0,0,0,7,-0.8130205932367716,55.92377796188898,50.0,63,11.05379513633014,0.0,91.66666666666667,68.42105263157895,2.1666666666666665,2,7,8,72.08
S43G01N86,2023-2024,20231207,407,away,10,9,0,20,6,26,3,25,13,23,7,0,0,11,7,1,2,48,20,12,6,54,59,4,1,7,1800,0,0,0,8,0.8130205932367716,51.097653292959876,48.958333333333336,56,11.697860962566844,23.076923076923077,63.63636363636363,45.0,1.2857142857142858,2,7,6,72.08,55,13,2,20,0,20,2,29,14,14,5,2,2,12,11,4,6,43,19,15,9,54,55,4,1,6,1800,0,0,0,7,-0.8130205932367716,55.92377796188898,50.0,63,11.05379513633014,0.0,91.66666666666667,68.42105263157895,2.1666666666666665,2,7,8,72.08
S43G01N86,2023-2024,20231207,408,away,10,9,0,20,6,26,3,25,13,23,7,0,0,11,7,1,2,48,20,12,6,54,59,4,1,7,1800,0,0,0,8,0.8130205932367716,51.097653292959876,48.958333333333336,56,11.697860962566844,23.076923076923077,63.63636363636363,45.0,1.2857142857142858,2,7,6,72.08,55,13,2,20,0,20,2,29,14,14,5,2,2,12,11,4,6,43,19,15,9,54,55,4,1,6,1800,0,0,0,7,-0.8130205932367716,55.92377796188898,50.0,63,11.05379513633014,0.0,91.66666666666667,68.42105263157895,2.1666666666666665,2,7,8,72.08
S43G01N86,2023-2024,20231207,409,away,10,9,0,20,6,26,3,25,13,23,7,0,0,11,7,1,2,48,20,12,6,54,59,4,1,7,1800,0,0,0,8,0.8130205932367716,51.097653292959876,48.958333333333336,56,11.697860962566844,23.076923076923077,63.63636363636363,45.0,1.2857142857142858,2,7,6,72.08,55,13,2,20,0,20,2,29,14,14,5,2,2,12,11,4,6,43,19,15,9,54,55,4,1,6,1800,0,0,0,7,-0.8130205932367716,55.92377796188898,50.0,63,11.05379513633014,0.0,91.66666666666667,68.42105263157895,2.1666666666666665,2,7,8,72.08
S43G01N86,2023-2024,20231207,410,away,10,9,0,20,6,26,3,25,13,23,7,0,0,11,7,1,2,48,20,12,6,54,59,4,1,7,1800,0,0,0,8,0.8130205932367716,51.097653292959876,48.958333333333336,56,11.697860962566844,23.076923076923077,63.63636363636363,45.0,1.2857142857142858,2,7,6,72.08,55,13,2,20,0,20,2,29,14,14,5,2,2,12,11,4,6,43,19,15,9,54,55,4,1,6,1800,0,0,0,7,-0.8130205932367716,55.92377796188898,50.0,63,11.05379513633014,0.0,91.66666666666667,68.42105263157895,2.1666666666666665,2,7,8,72.08
S43G01N86,2023-2024,20231207,411,away,10,9,0,20,6,26,3,25,13,23,7,0,0,11,7,1,2,48,20,12,6,54,59,4,1,7,1800,0,0,0,8,0.8130205932367716,51.097653292959876,48.958333333333336,56,11.697860962566844,23.076923076923077,63.63636363636363,45.0,1.2857142857142858,2,7,6,72.08,55,13,2,20,0,20,2,29,14,14,5,2,2,12,11,4,6,43,19,15,9,54,55,4,1,6,1800,0,0,0,7,-0.8130205932367716,55.92377796188898,50.0,63,11.05379513633014,0.0,91.66666666666667,68.42105263157895,2.1666666666666665,2,7,8,72.08
S43G01N86,2023-2024,20231207,412,away,10,9,0,20,6,26,3,25,13,23,7,0,0,11,7,1,2,48,20,12,6,54,59,4,1,7,1800,0,0,0,8,0.8130205932367716,51.097653292959876,48.958333333333336,56,11.697860962566844,23.076923076923077,63.63636363636363,45.0,1.2857142857142858,2,7,6,72.08,55,13,2,20,0,20,2,29,14,14,5,2,2,12,11,4,6,43,19,15,9,54,55,4,1,6,1800,0,0,0,7,-0.8130205932367716,55.92377796188898,50.0,63,11.05379513633014,0.0,91.66666666666667,68.42105263157895,2.1666666666666665,2,7,8,72.08
S43G01N86,2023-2024,20231207,413,away,10,9,0,20,6,26,3,25,13,23,7,0,0,11,7,1,2,48,20,12,6,54,59,4,1,7,1800,0,0,0,8,0.8130205932367716,51.097653292959876,48.958333333333336,56,11.697860962566844,23.076923076923077,63.63636363636363,45.0,1.2857142857142858,2,7,6,72.08,55,13,2,20,0,20,2,29,14,14,5,2,2,12,11,4,6,43,19,15,9,54,55,4,1,6,1800,0,0,0,7,-0.8130205932367716,55.92377796188898,50.0,63,11.05379513633014,0.0,91.66666666666667,68.42105263157895,2.1666666666666665,2,7,8,72.08
S43G01N86,2023-2024,20231207,414,away,10,9,0,20,6,26,3,25,13,23,7,0,0,11,7,1,2,48,20,12,6,54,59,4,1,7,1800,0,0,0,8,0.8130205932367716,51.097653292959876,48.958333333333336,56,11.697860962566844,23.076923076923077,63.63636363636363,45.0,1.2857142857142858,2,7,6,72.08,55,13,2,20,0,20,2,29,14,14,5,2,2,12,11,4,6,43,19,15,9,54,55,4,1,6,1800,0,0,0,7,-0.8130205932367716,55.92377796188898,50.0,63,11.05379513633014,0.0,91.66666666666667,68.42105263157895,2.1666666666666665,2,7,8,72.08
S43G01N86,2023-2024,20231207,415,away,10,9,0,20,6,26,3,25,13,23,7,0,0,11,7,1,2,48,20,12,6,54,59,4,1,7,1820,0,0,0,8,-1.0052833823968967,51.097653292959876,48.958333333333336,56,11.697860962566844,23.076923076923077,63.63636363636363,45.0,1.2857142857142858,2,7,6,71.94725274725275,55,13,2,20,0,20,2,30,15,14,5,2,2,12,11,4,6,44,20,15,9,56,56,4,1,6,1820,0,0,0,7,1.0052833823968967,56.81818181818182,51.13636363636363,65,10.85383502170767,0.0,91.66666666666667,65.0,2.1666666666666665,2,7,8,71.94725274725275
S43G01N86,2023-2024,20231207,416,away,10,9,0,20,6,26,3,25,13,23,7,0,0,11,7,1,2,48,20,12,6,54,59,4,1,7,1820,0,0,0,8,-1.0052833823968967,51.097653292959876,48.958333333333336,56,11.697860962566844,23.076923076923077,63.63636363636363,45.0,1.2857142857142858,2,7,6,71.94725274725275,55,14,2,20,0,20,2,30,15,14,5,2,2,12,11,4,6,44,20,15,9,56,56,4,1,6,1820,0,0,0,7,1.0052833823968967,56.81818181818182,51.13636363636363,66,10.85383502170767,0.0,91.66666666666667,70.0,2.3333333333333335,2,7,8,71.94725274725275
S43G01N86,2023-2024,20231207,417,away,10,9,0,20,6,26,3,26,13,23,7,0,0,11,7,1,2,49,20,12,6,54,60,4,1,7,1835,0,0,0,8,-2.8341888678127987,50.14858841010401,47.95918367346939,55,11.505588428665352,23.076923076923077,63.63636363636363,45.0,1.2857142857142858,2,7,6,72.01307901907357,55,14,2,20,0,20,2,30,15,14,5,2,2,12,11,4,6,44,20,15,9,56,56,4,1,6,1835,0,0,0,7,2.8341888678127987,56.81818181818182,51.13636363636363,66,10.85383502170767,0.0,91.66666666666667,70.0,2.3333333333333335,2,7,8,72.01307901907357
S43G01N86,2023-2024,20231207,418,away,10,9,0,20,6,26,3,26,13,23,7,0,0,11,7,1,2,49,20,12,6,54,60,4,1,7,1835,0,0,0,8,-2.8341888678127987,50.14858841010401,47.95918367346939,55,11.505588428665352,23.076923076923077,63.63636363636363,45.0,1.2857142857142858,2,7,6,72.01307901907357,55,14,2,20,0,20,3,30,15,14,5,2,2,12,11,4,6,44,20,15,9,56,56,4,1,6,1835,0,0,0,7,2.8341888678127987,56.81818181818182,51.13636363636363,67,10.85383502170767,0.0,91.66666666666667,70.0,2.3333333333333335,2,7,8,72.01307901907357
S43G01N86,2023-2024,20231207,419,away,10,9,0,20,6,26,3,26,13,23,7,0,0,11,7,1,2,49,20,12,6,54,60,4,1,7,1848,0,0,0,8,-1.034216227396925,50.14858841010401,47.95918367346939,55,11.505588428665352,23.076923076923077,63.63636363636363,45.0,1.2857142857142858,2,7,6,72.15584415584416,55,14,2,20,0,20,3,30,15,15,5,2,2,12,11,4,6,45,20,15,9,56,57,4,1,6,1848,0,0,0,7,1.034216227396925,55.68814638027048,50.0,66,10.660980810234541,0.0,91.66666666666667,70.0,2.3333333333333335,2,7,8,72.15584415584416
S43G01N86,2023-2024,20231207,420,away,10,9,0,21,6,27,3,26,13,23,7,0,0,11,7,1,2,49,20,12,6,54,60,4,1,7,1849,0,0,0,8,-1.034216227396925,50.14858841010401,47.95918367346939,56,11.505588428665352,23.076923076923077,63.63636363636363,45.0,1.2857142857142858,2,7,6,72.11681990265008,55,14,2,20,0,20,3,30,15,15,5,2,2,12,11,4,6,45,20,15,9,56,57,4,1,6,1849,0,0,0,7,1.034216227396925,55.68814638027048,50.0,66,10.660980810234541,0.0,91.66666666666667,70.0,2.3333333333333335,2,7,8,72.11681990265008
S43G01N86,2023-2024,20231207,421,away,10,9,0,21,6,27,3,26,13,24,7,0,0,11,7,1,2,50,20,12,6,54,61,4,1,7,1858,0,0,0,8,-2.797616502017135,49.23413566739606,47.0,55,11.319534282018111,23.076923076923077,63.63636363636363,45.0,1.2857142857142858,2,7,6,72.41334768568353,55,14,2,20,0,20,3,30,15,15,5,2,2,12,11,4,6,45,20,15,9,56,57,4,1,6,1858,0,0,0,7,2.797616502017135,55.68814638027048,50.0,66,10.660980810234541,0.0,91.66666666666667,70.0,2.3333333333333335,2,7,8,72.41334768568353
S43G01N86,2023-2024,20231207,422,away,10,9,0,21,6,27,3,26,13,24,7,0,0,11,7,1,2,50,20,12,6,54,61,4,1,7,1860,0,0,0,8,-2.797616502017135,49.23413566739606,47.0,55,11.319534282018111,22.22222222222222,63.63636363636363,45.0,1.2857142857142858,2,7,6,72.33548387096775,55,14,2,21,0,21,3,30,15,15,5,2,2,12,11,4,6,45,20,15,9,56,57,4,1,6,1860,0,0,0,7,2.797616502017135,55.68814638027048,50.0,67,10.660980810234541,0.0,91.66666666666667,70.0,2.3333333333333335,2,7,8,72.33548387096775
S43G01N86,2023-2024,20231207,423,away,10,9,0,21,6,27,3,26,13,24,7,0,0,11,7,1,2,50,20,12,6,54,61,4,1,7,1879,0,0,0,8,-1.0604920683197037,49.23413566739606,47.0,55,11.319534282018111,22.22222222222222,63.63636363636363,45.0,1.2857142857142858,2,7,6,72.24268227780735,55,14,2,21,0,21,3,30,15,16,5,2,2,12,11,4,6,46,20,15,9,56,58,4,1,6,1879,0,0,0,7,1.0604920683197037,54.60218408736349,48.91304347826087,66,10.474860335195531,0.0,91.66666666666667,70.0,2.3333333333333335,2,7,8,72.24268227780735
S43G01N86,2023-2024,20231207,424,away,10,9,0,21,6,27,3,26,13,24,7,0,0,11,7,1,2,50,20,12,6,54,61,4,1,7,1880,0,0,0,8,-2.797616502017135,49.23413566739606,47.0,55,11.319534282018111,22.22222222222222,63.63636363636363,45.0,1.2857142857142858,2,7,6,71.56595744680851,55,14,2,21,1,22,3,30,15,16,5,2,2,12,11,4,6,46,20,15,9,56,58,4,1,6,1880,0,0,0,7,2.797616502017135,54.60218408736349,48.91304347826087,67,10.474860335195531,4.545454545454546,91.66666666666667,70.0,2.3333333333333335,2,7,8,71.56595744680851
S43G01N86,2023-2024,20231207,425,away,10,9,0,21,6,27,3,26,13,24,7,0,0,11,7,1,2,50,20,13,6,54,61,4,1,7,1888,0,0,0,8,-2.797616502017135,49.23413566739606,47.0,55,11.319534282018111,22.22222222222222,63.63636363636363,45.0,1.2857142857142858,2,7,6,71.26271186440678,55,14,2,21,1,22,3,30,15,16,5,2,2,12,11,4,6,46,20,15,9,56,58,4,1,6,1888,0,0,0,7,2.797616502017135,54.60218408736349,48.91304347826087,67,10.474860335195531,4.545454545454546,91.66666666666667,70.0,2.3333333333333335,2,7,8,71.26271186440678
S43G01N86,2023-2024,20231207,426,away,10,9,0,21,6,27,3,26,13,24,7,0,0,11,7,1,2,50,20,13,6,54,61,4,1,7,1888,0,0,0,8,-2.797616502017135,49.23413566739606,47.0,55,11.319534282018111,22.22222222222222,63.63636363636363,45.0,1.2857142857142858,2,7,6,71.26271186440678,55,14,2,21,1,22,3,30,15,16,5,2,2,12,11,4,6,46,20,15,9,56,58,4,1,6,1888,0,0,0,7,2.797616502017135,54.60218408736349,48.91304347826087,67,10.474860335195531,4.545454545454546,91.66666666666667,70.0,2.3333333333333335,2,7,8,71.26271186440678
S43G01N86,2023-2024,20231207,427,away,10,9,0,21,6,27,3,26,13,24,7,0,0,11,7,1,2,50,20,13,6,54,61,4,1,7,1888,0,0,0,8,-2.025735427839379,49.23413566739606,47.0,55,11.319534282018111,22.22222222222222,63.63636363636363,45.0,1.2857142857142858,2,7,6,71.54237288135593,55,14,2,21,1,22,3,30,15,16,5,2,2,13,11,4,6,46,20,15,9,56,59,4,1,6,1888,0,0,0,7,2.025735427839379,54.13766434648105,48.91304347826087,66,10.395010395010395,4.545454545454546,84.61538461538461,70.0,2.3333333333333335,2,7,8,71.54237288135593
S43G01N86,2023-2024,20231207,428,away,10,9,0,21,6,27,3,26,13,24,7,0,0,11,7,1,2,50,20,13,6,54,61,4,1,7,1888,0,0,0,8,-3.0152129146356543,49.23413566739606,47.0,55,11.319534282018111,22.22222222222222,63.63636363636363,45.0,1.2857142857142858,3,7,6,71.82203389830508,55,14,2,21,1,22,3,30,15,16,5,2,2,14,12,4,6,46,20,15,9,57,60,4,1,6,1888,0,0,0,7,3.0152129146356543,54.63957055214724,48.91304347826087,67,10.316368638239341,4.545454545454546,85.71428571428571,70.0,2.3333333333333335,3,7,8,71.82203389830508
S43G01N86,2023-2024,20231207,429,away,10,9,0,21,6,27,3,26,13,24,7,0,0,11,7,1,2,50,20,13,6,54,61,4,1,7,1888,0,0,0,8,-3.0152129146356543,49.23413566739606,47.0,55,11.319534282018111,22.22222222222222,63.63636363636363,45.0,1.2857142857142858,3,7,6,71.82203389830508,55,14,2,21,1,22,3,30,15,16,5,2,2,14,12,4,6,46,20,15,9,57,60,4,1,6,1888,0,0,0,7,3.0152129146356543,54.63957055214724,48.91304347826087,67,10.316368638239341,4.545454545454546,85.71428571428571,70.0,2.3333333333333335,3,7,8,71.82203389830508
S43G01N86,2023-2024,20231207,430,away,10,9,0,21,6,27,3,26,13,24,7,0,0,11,7,1,2,50,20,13,6,54,61,4,1,7,1888,0,0,0,8,-3.0152129146356543,49.23413566739606,47.0,55,11.319534282018111,22.22222222222222,63.63636363636363,45.0,1.2857142857142858,3,7,6,71.82203389830508,55,14,2,21,1,22,3,30,15,16,5,2,2,14,12,4,6,46,20,15,9,57,60,4,1,6,1888,0,0,0,7,3.0152129146356543,54.63957055214724,48.91304347826087,67,10.316368638239341,4.545454545454546,85.71428571428571,70.0,2.3333333333333335,3,7,8,71.82203389830508
S43G01N86,2023-2024,20231207,431,away,10,9,0,21,6,27,3,27,13,24,7,0,0,11,7,1,2,51,20,13,6,54,62,4,1,7,1903,0,0,0,8,-4.71656532596873,48.352435530085955,46.07843137254902,54,11.139401654996817,22.22222222222222,63.63636363636363,45.0,1.2857142857142858,3,7,6,71.8864950078823,55,14,2,21,1,22,3,30,15,16,5,2,2,14,12,4,6,46,20,15,9,57,60,4,1,6,1903,0,0,0,7,4.71656532596873,54.63957055214724,48.91304347826087,67,10.316368638239341,4.545454545454546,85.71428571428571,70.0,2.3333333333333335,3,7,8,71.8864950078823
S43G01N86,2023-2024,20231207,432,away,10,9,0,21,7,28,3,27,13,24,7,0,0,11,7,1,2,51,20,13,6,54,62,4,1,7,1904,0,0,0,8,-3.0152129146356543,48.352435530085955,46.07843137254902,55,11.139401654996817,25.0,63.63636363636363,45.0,1.2857142857142858,3,7,6,71.21848739495798,55,14,2,21,1,22,3,30,15,16,5,2,2,14,12,4,6,46,20,15,9,57,60,4,1,6,1904,0,0,0,7,3.0152129146356543,54.63957055214724,48.91304347826087,67,10.316368638239341,4.545454545454546,85.71428571428571,70.0,2.3333333333333335,3,7,8,71.21848739495798
S43G01N86,2023-2024,20231207,433,away,10,9,0,21,7,28,3,27,13,25,8,0,0,11,7,1,2,52,21,13,6,57,63,4,1,7,1908,0,0,0,8,0.5614079323000993,50.14074595355383,48.07692307692308,58,10.964912280701753,25.0,63.63636363636363,42.857142857142854,1.2857142857142858,3,7,6,71.69811320754717,55,14,2,21,1,22,3,30,15,16,5,2,2,14,12,4,6,46,20,15,9,57,60,4,1,6,1908,0,0,0,7,-0.5614079323000993,54.63957055214724,48.91304347826087,67,10.316368638239341,4.545454545454546,85.71428571428571,70.0,2.3333333333333335,3,7,8,71.69811320754717
S43G01N86,2023-2024,20231207,434,away,10,10,0,21,7,28,3,27,13,25,8,0,0,11,7,1,2,52,21,13,6,57,63,4,1,7,1908,0,0,0,8,0.5614079323000993,50.14074595355383,48.07692307692308,59,10.964912280701753,25.0,63.63636363636363,47.61904761904762,1.4285714285714286,3,7,6,71.69811320754717,55,14,2,21,1,22,3,30,15,16,5,2,2,14,12,4,6,46,20,15,9,57,60,4,1,6,1908,0,0,0,7,-0.5614079323000993,54.63957055214724,48.91304347826087,67,10.316368638239341,4.545454545454546,85.71428571428571,70.0,2.3333333333333335,3,7,8,71.69811320754717
S43G01N86,2023-2024,20231207,435,away,10,10,0,21,7,28,3,27,13,25,8,0,0,11,7,1,2,52,21,13,6,57,63,4,1,7,1930,0,0,0,8,-1.1627997022458487,50.14074595355383,48.07692307692308,59,10.964912280701753,25.0,63.63636363636363,47.61904761904762,1.4285714285714286,2,7,6,71.50259067357513,55,14,2,21,1,22,3,31,16,16,5,2,2,14,12,4,6,47,21,15,9,59,61,4,1,6,1930,0,0,0,7,1.1627997022458487,55.49285176824681,50.0,69,10.141987829614605,4.545454545454546,85.71428571428571,66.66666666666667,2.3333333333333335,2,7,8,71.50259067357513
S43G01N86,2023-2024,20231207,436,away,10,10,0,21,7,28,3,27,13,25,8,0,0,11,7,1,2,52,21,13,6,57,63,4,1,8,1945,0,0,0,9,-2.8965737670298637,50.14074595355383,48.07692307692308,58,12.338062924120912,25.0,63.63636363636363,47.61904761904762,1.25,2,7,6,71.5681233933162,55,14,2,21,1,22,3,31,16,16,5,2,2,14,12,4,6,47,21,15,9,59,61,4,1,6,1945,0,0,0,7,2.8965737670298637,55.49285176824681,50.0,69,10.141987829614605,4.545454545454546,85.71428571428571,66.66666666666667,2.3333333333333335,2,7,8,71.5681233933162
S43G01N86,2023-2024,20231207,437,away,10,10,0,21,7,28,3,27,13,25,8,0,0,11,7,1,2,52,21,13,6,57,63,4,1,8,1958,0,0,0,9,-1.181829148886635,50.14074595355383,48.07692307692308,58,12.338062924120912,25.0,63.63636363636363,47.61904761904762,1.25,2,7,6,71.70582226762002,55,14,2,21,1,22,3,31,16,16,5,2,2,14,12,4,6,47,21,15,9,59,61,4,1,7,1958,0,0,0,8,1.181829148886635,55.49285176824681,50.0,68,11.63563829787234,4.545454545454546,85.71428571428571,66.66666666666667,2.0,2,7,8,71.70582226762002
S43G01N86,2023-2024,20231207,438,away,10,10,0,21,7,28,3,27,13,26,9,0,0,11,7,1,2,53,22,13,6,60,64,4,1,8,1970,0,0,0,9,2.2419010033512308,51.86721991701245,50.0,61,12.15066828675577,25.0,63.63636363636363,45.45454545454545,1.25,3,8,6,71.8781725888325,55,14,2,21,1,22,3,31,16,16,5,2,2,14,12,4,6,47,21,15,9,59,61,4,1,7,1970,0,0,0,8,-2.2419010033512308,55.49285176824681,50.0,68,11.63563829787234,4.545454545454546,85.71428571428571,66.66666666666667,2.0,3,8,8,71.8781725888325
S43G01N86,2023-2024,20231207,439,away,10,11,0,21,7,28,3,27,13,26,9,0,0,11,7,1,2,53,22,13,6,60,64,4,1,8,1970,0,0,0,9,2.2419010033512308,51.86721991701245,50.0,62,12.15066828675577,25.0,63.63636363636363,50.0,1.375,3,8,6,71.8781725888325,55,14,2,21,1,22,3,31,16,16,5,2,2,14,12,4,6,47,21,15,9,59,61,4,1,7,1970,0,0,0,8,-2.2419010033512308,55.49285176824681,50.0,68,11.63563829787234,4.545454545454546,85.71428571428571,66.66666666666667,2.0,3,8,8,71.8781725888325
S43G01N86,2023-2024,20231207,440,away,10,11,0,21,7,28,3,27,13,26,9,0,0,11,7,1,2,53,22,14,7,60,64,4,1,8,1984,0,0,0,9,2.2419010033512308,51.86721991701245,50.0,62,12.15066828675577,25.0,63.63636363636363,50.0,1.375,3,8,6,71.37096774193549,55,14,2,21,1,22,3,31,16,16,5,2,2,14,12,4,6,47,21,15,9,59,61,4,1,7,1984,0,0,0,8,-2.2419010033512308,55.49285176824681,50.0,68,11.63563829787234,4.545454545454546,85.71428571428571,66.66666666666667,2.0,3,8,8,71.37096774193549
S43G01N86,2023-2024,20231207,441,away,10,11,0,21,7,28,3,27,13,26,9,0,0,11,7,1,2,53,22,14,7,60,64,4,1,8,1984,0,0,0,9,2.2419010033512308,51.86721991701245,50.0,62,12.15066828675577,25.0,63.63636363636363,50.0,1.375,3,8,6,71.37096774193549,55,14,2,21,1,22,3,31,16,16,5,2,2,14,12,4,6,47,21,15,9,59,61,4,1,7,1984,0,0,0,8,-2.2419010033512308,55.49285176824681,50.0,68,11.63563829787234,4.545454545454546,85.71428571428571,66.66666666666667,2.0,3,8,8,71.37096774193549
S43G01N86,2023-2024,20231207,442,away,10,11,0,21,7,28,3,27,13,26,9,0,0,11,7,1,2,53,22,14,7,60,64,4,1,8,1994,0,0,0,9,3.8996394839232096,51.86721991701245,50.0,62,12.15066828675577,25.0,63.63636363636363,50.0,1.375,3,8,6,71.6148445336008,55,14,2,21,1,22,3,32,16,16,5,2,2,14,12,4,6,48,21,15,9,59,62,4,1,7,1994,0,0,0,8,-3.8996394839232096,54.46824224519941,48.958333333333336,67,11.445389143230871,4.545454545454546,85.71428571428571,66.66666666666667,2.0,3,8,8,71.6148445336008
S43G01N86,2023-2024,20231207,443,away,10,11,0,22,7,29,3,27,13,26,9,0,0,11,7,1,2,53,22,14,7,60,64,4,1,8,1995,0,0,0,9,3.8996394839232096,51.86721991701245,50.0,63,12.15066828675577,25.0,63.63636363636363,50.0,1.375,3,8,6,71.57894736842105,55,14,2,21,1,22,3,32,16,16,5,2,2,14,12,4,6,48,21,15,9,59,62,4,1,7,1995,0,0,0,8,-3.8996394839232096,54.46824224519941,48.958333333333336,67,11.445389143230871,4.3478260869565215,85.71428571428571,66.66666666666667,2.0,3,8,8,71.57894736842105
S43G01N86,2023-2024,20231207,444,away,10,11,0,22,7,29,3,28,13,26,9,0,0,11,7,1,2,54,22,14,7,60,65,4,1,8,2009,0,0,0,9,2.1955711685060777,50.98572399728076,49.074074074074076,62,11.968880909634949,25.0,63.63636363636363,50.0,1.375,3,8,6,71.67745146839223,55,14,2,21,1,22,3,32,16,16,5,2,2,14,12,4,6,48,21,15,9,59,62,4,1,7,2009,0,0,0,8,-2.1955711685060777,54.46824224519941,48.958333333333336,67,11.445389143230871,4.3478260869565215,85.71428571428571,66.66666666666667,2.0,3,8,8,71.67745146839223
S43G01N86,2023-2024,20231207,445,away,10,11,0,22,8,30,3,28,13,26,9,0,0,11,7,1,2,54,22,14,7,60,65,4,1,8,2011,0,0,0,9,3.8996394839232096,50.98572399728076,49.074074074074076,63,11.968880909634949,27.586206896551722,63.63636363636363,50.0,1.375,3,8,6,71.00944803580309,55,14,2,21,1,22,3,32,16,16,5,2,2,14,12,4,6,48,21,15,9,59,62,4,1,7,2011,0,0,0,8,-3.8996394839232096,54.46824224519941,48.958333333333336,67,11.445389143230871,4.3478260869565215,85.71428571428571,66.66666666666667,2.0,3,8,8,71.00944803580309
S43G01N86,2023-2024,20231207,446,away,10,11,0,22,8,30,3,28,13,26,9,0,0,11,7,1,2,54,22,14,7,60,65,4,1,8,2015,0,0,0,9,3.8996394839232096,50.98572399728076,49.074074074074076,63,11.968880909634949,27.586206896551722,63.63636363636363,50.0,1.375,3,8,6,70.86848635235731,55,14,2,21,1,22,3,32,16,16,5,2,2,14,12,4,6,48,21,16,10,59,62,4,1,7,2015,0,0,0,8,-3.8996394839232096,54.46824224519941,48.958333333333336,67,11.445389143230871,4.3478260869565215,85.71428571428571,66.66666666666667,2.0,3,8,8,70.86848635235731
S43G01N86,2023-2024,20231207,447,away,10,11,0,22,8,30,3,28,13,26,9,0,0,11,7,1,2,54,22,14,7,60,65,4,1,8,2015,0,0,0,9,3.8996394839232096,50.98572399728076,49.074074074074076,63,11.968880909634949,27.586206896551722,63.63636363636363,50.0,1.375,3,8,6,70.86848635235731,55,14,2,21,1,22,3,32,16,16,5,2,2,14,12,4,6,48,21,16,10,59,62,4,1,7,2015,0,0,0,8,-3.8996394839232096,54.46824224519941,48.958333333333336,67,11.445389143230871,4.3478260869565215,85.71428571428571,66.66666666666667,2.0,3,8,8,70.86848635235731
S43G01N86,2023-2024,20231207,448,away,10,11,0,22,8,30,3,28,13,26,9,0,0,11,7,1,2,54,22,14,7,60,65,4,1,8,2015,0,0,0,9,3.8996394839232096,50.98572399728076,49.074074074074076,63,11.968880909634949,27.586206896551722,63.63636363636363,50.0,1.375,3,8,6,70.86848635235731,55,14,2,21,1,22,3,32,16,16,5,2,2,14,12,4,6,48,21,16,10,59,62,4,1,7,2015,0,0,0,8,-3.8996394839232096,54.46824224519941,48.958333333333336,67,11.445389143230871,4.3478260869565215,85.71428571428571,66.66666666666667,2.0,3,8,8,70.86848635235731
S43G01N86,2023-2024,20231207,449,away,10,11,0,22,8,30,3,28,13,26,9,0,0,11,7,1,2,54,22,14,7,60,65,4,1,8,2015,0,0,0,9,3.8996394839232096,50.98572399728076,49.074074074074076,63,11.968880909634949,27.586206896551722,63.63636363636363,50.0,1.375,3,8,6,70.86848635235731,55,14,2,21,1,22,3,32,16,16,5,2,2,14,12,4,6,48,21,16,10,59,62,4,1,7,2015,0,0,0,8,-3.8996394839232096,54.46824224519941,48.958333333333336,67,11.445389143230871,4.3478260869565215,85.71428571428571,66.66666666666667,2.0,3,8,8,70.86848635235731
S43G01N86,2023-2024,20231207,450,away,10,11,0,22,8,30,3,28,13,26,9,0,0,11,7,1,2,54,22,14,7,60,65,4,1,8,2015,0,0,0,9,3.8996394839232096,50.98572399728076,49.074074074074076,63,11.968880909634949,27.586206896551722,63.63636363636363,50.0,1.375,3,8,6,70.86848635235731,55,14,2,21,1,22,3,32,16,16,5,2,2,14,12,4,6,48,21,16,10,59,62,4,1,7,2015,0,0,0,8,-3.8996394839232096,54.46824224519941,48.958333333333336,67,11.445389143230871,4.3478260869565215,85.71428571428571,66.66666666666667,2.0,3,8,8,70.86848635235731
S43G01N86,2023-2024,20231207,451,away,10,11,0,22,8,30,3,28,13,26,9,0,0,11,7,1,2,54,22,14,7,60,65,4,1,8,2015,0,0,0,9,3.8996394839232096,50.98572399728076,49.074074074074076,63,11.968880909634949,27.586206896551722,63.63636363636363,50.0,1.375,3,8,6,70.86848635235731,55,14,2,21,1,22,3,32,16,16,5,2,2,14,12,4,6,48,21,16,10,59,62,4,1,7,2015,0,0,0,8,-3.8996394839232096,54.46824224519941,48.958333333333336,67,11.445389143230871,4.3478260869565215,85.71428571428571,66.66666666666667,2.0,3,8,8,70.86848635235731
S43G01N86,2023-2024,20231207,452,away,10,11,0,22,8,30,3,28,13,26,9,0,0,11,7,1,2,54,22,14,7,60,65,4,1,8,2015,0,0,0,9,3.8996394839232096,50.98572399728076,49.074074074074076,63,11.968880909634949,27.586206896551722,63.63636363636363,50.0,1.375,3,8,6,70.86848635235731,55,14,2,21,1,22,3,32,16,16,5,2,2,14,12,4,6,48,21,16,10,59,62,4,1,7,2015,0,0,0,8,-3.8996394839232096,54.46824224519941,48.958333333333336,67,11.445389143230871,4.3478260869565215,85.71428571428571,66.66666666666667,2.0,3,8,8,70.86848635235731
S43G01N86,2023-2024,20231207,453,away,10,11,0,22,8,30,3,28,13,26,9,0,0,11,7,1,2,54,22,14,7,60,65,4,1,8,2015,0,0,0,9,3.8996394839232096,50.98572399728076,49.074074074074076,63,11.968880909634949,27.586206896551722,63.63636363636363,50.0,1.375,3,8,6,70.86848635235731,55,14,2,21,1,22,3,32,16,16,5,2,2,14,12,4,6,48,21,16,10,59,62,4,1,7,2015,0,0,0,8,-3.8996394839232096,54.46824224519941,48.958333333333336,67,11.445389143230871,4.3478260869565215,85.71428571428571,66.66666666666667,2.0,3,8,8,70.86848635235731
S43G01N86,2023-2024,20231207,454,away,10,11,0,22,8,30,3,28,13,27,9,0,0,11,7,1,2,55,22,14,7,60,66,4,1,8,2031,0,0,0,9,2.1955711685060777,50.13368983957219,48.18181818181818,62,11.79245283018868,27.586206896551722,63.63636363636363,50.0,1.375,3,8,6,70.90103397341211,55,14,2,21,1,22,3,32,16,16,5,2,2,14,12,4,6,48,21,16,10,59,62,4,1,7,2031,0,0,0,8,-2.1955711685060777,54.46824224519941,48.958333333333336,67,11.445389143230871,4.3478260869565215,85.71428571428571,66.66666666666667,2.0,3,8,8,70.90103397341211
S43G01N86,2023-2024,20231207,455,away,10,11,0,22,8,30,4,28,13,27,9,0,0,11,7,1,2,55,22,14,7,60,66,4,1,8,2031,0,0,0,9,2.1955711685060777,50.13368983957219,48.18181818181818,63,11.79245283018868,27.586206896551722,63.63636363636363,50.0,1.375,3,8,6,70.90103397341211,55,14,2,21,1,22,3,32,16,16,5,2,2,14,12,4,6,48,21,16,10,59,62,4,1,7,2031,0,0,0,8,-2.1955711685060777,54.46824224519941,48.958333333333336,67,11.445389143230871,4.3478260869565215,85.71428571428571,66.66666666666667,2.0,3,8,8,70.90103397341211
S43G01N86,2023-2024,20231207,456,away,10,11,0,22,8,30,4,29,14,27,9,0,0,11,7,1,2,56,23,14,7,62,67,4,1,8,2041,0,0,0,9,3.8348318575405216,50.953320184089414,49.107142857142854,65,11.621150493898895,27.586206896551722,63.63636363636363,47.82608695652174,1.375,5,8,6,71.14159725624694,55,14,2,21,1,22,3,32,16,16,5,2,2,14,12,4,6,48,21,16,10,59,62,4,1,7,2041,0,0,0,8,-3.8348318575405216,54.46824224519941,48.958333333333336,67,11.445389143230871,4.3478260869565215,85.71428571428571,66.66666666666667,2.0,5,8,8,71.14159725624694
S43G01N86,2023-2024,20231207,457,away,10,11,0,22,8,30,4,29,14,27,9,0,0,11,7,1,2,56,23,14,7,62,67,4,1,8,2041,0,0,0,9,3.8348318575405216,50.953320184089414,49.107142857142854,65,11.621150493898895,27.586206896551722,63.63636363636363,47.82608695652174,1.375,5,8,6,71.14159725624694,55,14,2,21,1,22,3,32,16,16,5,2,2,14,12,4,6,48,21,16,10,59,62,4,1,7,2041,0,0,0,8,-3.8348318575405216,54.46824224519941,48.958333333333336,67,11.445389143230871,4.3478260869565215,85.71428571428571,66.66666666666667,2.0,5,8,8,71.14159725624694
S43G01N86,2023-2024,20231207,458,away,10,11,0,22,8,30,4,29,14,27,9,0,0,11,7,1,2,56,23,14,7,62,67,4,1,8,2060,0,0,0,9,5.438360446661491,50.953320184089414,49.107142857142854,65,11.621150493898895,27.586206896551722,63.63636363636363,47.82608695652174,1.375,5,8,6,71.06796116504854,55,14,2,21,1,22,3,32,16,16,5,2,2,14,12,4,6,48,21,16,10,59,62,4,1,8,2060,0,0,0,9,-5.438360446661491,54.46824224519941,48.958333333333336,66,12.870012870012872,4.3478260869565215,85.71428571428571,66.66666666666667,1.75,5,8,8,71.06796116504854
S43G01N86,2023-2024,20231207,459,away,10,11,0,22,8,30,4,29,14,27,9,0,0,11,7,1,2,56,23,14,7,62,67,5,1,8,2061,0,0,0,9,5.438360446661491,50.953320184089414,49.107142857142854,66,11.621150493898895,27.586206896551722,63.63636363636363,47.82608695652174,1.375,5,8,6,71.03347889374089,55,14,2,21,1,22,3,32,16,16,5,2,2,14,12,4,6,48,21,16,10,59,62,4,1,8,2061,0,0,0,9,-5.438360446661491,54.46824224519941,48.958333333333336,66,12.870012870012872,4.3478260869565215,85.71428571428571,66.66666666666667,1.75,5,8,8,71.03347889374089
S43G01N86,2023-2024,20231207,460,away,10,11,0,22,8,30,4,30,14,27,9,0,0,11,7,1,2,57,23,14,7,62,68,5,1,8,2065,0,0,0,9,3.790452290643074,50.129366106080205,48.24561403508772,65,11.45475372279496,27.586206896551722,63.63636363636363,47.82608695652174,1.375,5,8,6,71.47699757869249,55,14,2,21,1,22,3,32,16,16,5,2,2,14,12,4,6,48,21,16,10,59,62,4,1,8,2065,0,0,0,9,-3.790452290643074,54.46824224519941,48.958333333333336,66,12.870012870012872,4.3478260869565215,85.71428571428571,66.66666666666667,1.75,5,8,8,71.47699757869249
S43G01N86,2023-2024,20231207,461,away,10,11,0,22,8,30,4,30,14,27,9,0,0,11,7,1,2,57,23,14,7,62,68,5,1,8,2067,0,0,0,9,3.790452290643074,50.129366106080205,48.24561403508772,65,11.45475372279496,26.666666666666668,63.63636363636363,47.82608695652174,1.375,5,8,6,71.40783744557329,55,14,2,22,1,23,3,32,16,16,5,2,2,14,12,4,6,48,21,16,10,59,62,4,1,8,2067,0,0,0,9,-3.790452290643074,54.46824224519941,48.958333333333336,67,12.870012870012872,4.3478260869565215,85.71428571428571,66.66666666666667,1.75,5,8,8,71.40783744557329
S43G01N86,2023-2024,20231207,462,away,10,11,0,22,8,30,4,30,14,27,9,0,0,11,7,1,2,57,23,14,7,62,68,5,1,8,2070,0,0,0,9,2.1248840783122773,50.129366106080205,48.24561403508772,65,11.45475372279496,26.666666666666668,63.63636363636363,47.82608695652174,1.375,2,8,6,71.8840579710145,55,14,2,22,1,23,3,33,17,16,5,2,2,14,12,4,6,49,22,16,10,61,63,4,1,8,2070,0,0,0,9,-2.1248840783122773,55.29369108049311,50.0,69,12.666244458518051,4.3478260869565215,85.71428571428571,63.63636363636363,1.75,2,8,8,71.8840579710145
S43G01N86,2023-2024,20231207,463,away,10,11,0,22,8,30,4,30,14,27,9,0,0,11,7,1,2,57,23,14,7,62,68,5,1,8,2070,0,0,0,9,2.1248840783122773,50.129366106080205,48.24561403508772,65,11.45475372279496,26.666666666666668,63.63636363636363,47.82608695652174,1.375,2,8,6,71.8840579710145,55,15,2,22,1,23,3,33,17,16,5,2,2,14,12,4,6,49,22,16,10,61,63,4,1,8,2070,0,0,0,9,-2.1248840783122773,55.29369108049311,50.0,70,12.666244458518051,4.3478260869565215,85.71428571428571,68.18181818181819,1.875,2,8,8,71.8840579710145
S43G01N86,2023-2024,20231207,464,away,10,11,0,22,8,30,4,30,14,27,9,0,0,11,7,1,2,57,23,14,7,62,68,5,1,8,2072,0,0,0,9,2.1248840783122773,50.129366106080205,48.24561403508772,65,11.45475372279496,26.666666666666668,63.63636363636363,47.82608695652174,1.375,2,8,6,71.81467181467181,55,15,2,22,1,23,3,33,17,16,5,2,2,14,12,5,8,49,22,16,10,61,63,4,1,8,2072,0,0,0,9,-2.1248840783122773,55.29369108049311,50.0,70,12.666244458518051,4.3478260869565215,85.71428571428571,68.18181818181819,1.875,2,8,8,71.81467181467181
S43G01N86,2023-2024,20231207,465,away,10,11,0,22,8,30,4,30,14,28,10,0,0,11,7,1,2,58,24,14,7,65,69,5,1,8,2087,0,0,0,9,5.303452948265161,51.71865054105665,50.0,68,11.29305477131564,26.666666666666668,63.63636363636363,45.833333333333336,1.375,3,8,6,71.87350263536177,55,15,2,22,1,23,3,33,17,16,5,2,2,14,12,5,8,49,22,16,10,61,63,4,1,8,2087,0,0,0,9,-5.303452948265161,55.29369108049311,50.0,70,12.666244458518051,4.3478260869565215,85.71428571428571,68.18181818181819,1.875,3,8,8,71.87350263536177
S43G01N86,2023-2024,20231207,466,away,10,11,0,22,8,30,4,30,14,28,10,0,0,11,7,1,2,58,24,14,7,65,69,5,1,8,2103,0,0,0,9,6.857187085913168,51.71865054105665,50.0,68,11.29305477131564,26.666666666666668,63.63636363636363,45.833333333333336,1.375,3,8,6,71.89728958630528,55,15,2,22,1,23,3,34,17,16,5,2,2,14,12,5,8,50,22,16,10,61,64,4,1,8,2103,0,0,0,9,-6.857187085913168,54.309116809116816,49.0,69,12.468827930174564,4.3478260869565215,85.71428571428571,68.18181818181819,1.875,3,8,8,71.89728958630528
S43G01N86,2023-2024,20231207,467,away,10,11,0,23,8,31,4,30,14,28,10,0,0,11,7,1,2,58,24,14,7,65,69,5,1,8,2104,0,0,0,9,6.857187085913168,51.71865054105665,50.0,69,11.29305477131564,26.666666666666668,63.63636363636363,45.833333333333336,1.375,3,8,6,71.86311787072243,55,15,2,22,1,23,3,34,17,16,5,2,2,14,12,5,8,50,22,16,10,61,64,4,1,8,2104,0,0,0,9,-6.857187085913168,54.309116809116816,49.0,69,12.468827930174564,4.166666666666667,85.71428571428571,68.18181818181819,1.875,3,8,8,71.86311787072243
S43G01N86,2023-2024,20231207,468,away,10,11,0,23,8,31,4,30,14,28,10,0,0,11,7,1,2,58,24,14,7,65,69,5,1,8,2109,0,0,0,9,6.857187085913168,51.71865054105665,50.0,69,11.29305477131564,26.666666666666668,63.63636363636363,45.833333333333336,1.375,3,8,6,71.69274537695591,55,15,2,22,1,23,3,34,17,16,5,2,2,14,12,5,8,50,22,17,10,61,64,4,1,8,2109,0,0,0,9,-6.857187085913168,54.309116809116816,49.0,69,12.468827930174564,4.166666666666667,85.71428571428571,68.18181818181819,1.875,3,8,8,71.69274537695591
S43G01N86,2023-2024,20231207,469,away,10,11,0,23,8,31,4,30,14,28,10,0,0,11,7,1,2,58,24,14,7,65,69,5,1,8,2109,0,0,0,9,6.857187085913168,51.71865054105665,50.0,69,11.29305477131564,26.666666666666668,63.63636363636363,45.833333333333336,1.375,3,8,6,71.69274537695591,55,15,2,22,1,23,3,34,17,16,5,2,2,14,12,5,8,50,22,17,10,61,64,4,1,8,2109,0,0,0,9,-6.857187085913168,54.309116809116816,49.0,69,12.468827930174564,4.166666666666667,85.71428571428571,68.18181818181819,1.875,3,8,8,71.69274537695591
S43G01N86,2023-2024,20231207,470,away,10,12,0,23,8,31,4,30,14,28,10,0,0,11,7,1,2,58,24,14,7,65,69,5,1,8,2109,0,0,0,9,6.857187085913168,51.71865054105665,50.0,70,11.29305477131564,26.666666666666668,63.63636363636363,50.0,1.5,3,8,6,71.69274537695591,55,15,2,22,1,23,3,34,17,16,5,2,2,14,12,5,8,50,22,17,10,61,64,4,1,8,2109,0,0,0,9,-6.857187085913168,54.309116809116816,49.0,69,12.468827930174564,4.166666666666667,85.71428571428571,68.18181818181819,1.875,3,8,8,71.69274537695591
S43G01N86,2023-2024,20231207,471,away,10,12,0,23,8,31,4,30,14,28,10,0,0,12,7,1,2,58,24,14,7,65,70,5,1,8,2109,0,0,0,9,6.137964385595069,51.3590391908976,50.0,69,11.22334455667789,26.666666666666668,58.333333333333336,50.0,1.5,3,8,6,71.94310099573258,55,15,2,22,1,23,3,34,17,16,5,2,2,14,12,5,8,50,22,17,10,61,64,4,1,8,2109,0,0,0,9,-6.137964385595069,54.309116809116816,49.0,69,12.468827930174564,4.166666666666667,85.71428571428571,68.18181818181819,1.875,3,8,8,71.94310099573258
S43G01N86,2023-2024,20231207,472,away,10,12,0,23,8,31,4,30,14,28,10,0,0,13,8,1,2,58,24,14,7,66,71,5,1,8,2109,0,0,0,9,6.99804042941193,51.78907721280603,50.0,70,11.154489682097044,26.666666666666668,61.53846153846154,50.0,1.5,4,8,6,72.19345661450924,55,15,2,22,1,23,3,34,17,16,5,2,2,14,12,5,8,50,22,17,10,61,64,4,1,8,2109,0,0,0,9,-6.99804042941193,54.309116809116816,49.0,69,12.468827930174564,4.166666666666667,85.71428571428571,68.18181818181819,1.875,4,8,8,72.19345661450924
S43G01N86,2023-2024,20231207,473,away,10,12,0,23,8,31,4,30,14,28,10,0,0,13,8,1,2,58,24,14,7,66,71,5,1,8,2109,0,0,0,9,6.99804042941193,51.78907721280603,50.0,70,11.154489682097044,26.666666666666668,61.53846153846154,50.0,1.5,4,8,6,72.19345661450924,55,15,2,22,1,23,3,34,17,16,5,2,2,14,12,5,8,50,22,17,10,61,64,4,1,8,2109,0,0,0,9,-6.99804042941193,54.309116809116816,49.0,69,12.468827930174564,4.166666666666667,85.71428571428571,68.18181818181819,1.875,4,8,8,72.19345661450924
S43G01N86,2023-2024,20231207,474,away,10,12,0,23,8,31,4,30,14,28,10,0,0,13,8,1,2,58,24,14,7,66,71,5,1,8,2119,0,0,0,9,5.386134475487367,51.78907721280603,50.0,70,11.154489682097044,26.666666666666668,61.53846153846154,50.0,1.5,2,8,6,72.4190655969797,55,15,2,22,1,23,3,35,18,16,5,2,2,14,12,5,8,51,23,17,10,63,65,4,1,8,2119,0,0,0,9,-5.386134475487367,55.108467459762075,50.0,71,12.277470841006753,4.166666666666667,85.71428571428571,65.21739130434783,1.875,2,8,8,72.4190655969797
S43G01N86,2023-2024,20231207,475,away,10,12,0,23,8,31,4,30,14,28,10,0,0,13,8,1,2,58,24,14,7,66,71,5,1,8,2127,0,0,0,9,5.386134475487367,51.78907721280603,50.0,70,11.154489682097044,26.666666666666668,61.53846153846154,50.0,1.5,2,8,6,72.14668547249647,55,15,2,22,1,23,3,35,18,16,5,2,2,14,12,5,8,51,23,18,11,63,65,4,1,8,2127,0,0,0,9,-5.386134475487367,55.108467459762075,50.0,71,12.277470841006753,4.166666666666667,85.71428571428571,65.21739130434783,1.875,2,8,8,72.14668547249647
S43G01N86,2023-2024,20231207,476,away,10,12,0,23,8,31,4,30,14,28,10,0,0,13,8,1,2,58,24,14,7,66,71,5,1,8,2127,0,0,0,9,5.386134475487367,51.78907721280603,50.0,70,11.154489682097044,26.666666666666668,61.53846153846154,50.0,1.5,2,8,6,72.14668547249647,55,15,2,22,1,23,3,35,18,16,5,2,2,14,12,5,8,51,23,18,11,63,65,4,1,8,2127,0,0,0,9,-5.386134475487367,55.108467459762075,50.0,71,12.277470841006753,4.166666666666667,85.71428571428571,65.21739130434783,1.875,2,8,8,72.14668547249647
S43G01N86,2023-2024,20231207,477,away,10,12,0,23,8,31,4,30,14,28,10,0,0,13,8,1,2,58,24,14,7,66,71,5,1,8,2127,0,0,0,9,5.386134475487367,51.78907721280603,50.0,70,11.154489682097044,26.666666666666668,61.53846153846154,50.0,1.5,2,8,6,72.14668547249647,55,15,2,22,1,23,3,35,18,16,5,2,2,14,12,5,8,51,23,18,11,63,65,4,1,8,2127,0,0,0,9,-5.386134475487367,55.108467459762075,50.0,71,12.277470841006753,4.166666666666667,85.71428571428571,65.21739130434783,1.875,2,8,8,72.14668547249647
S43G01N86,2023-2024,20231207,478,away,10,12,0,23,8,31,4,30,14,28,10,0,0,13,8,1,2,58,24,14,7,66,71,5,1,8,2127,0,0,0,9,5.386134475487367,51.78907721280603,50.0,70,11.154489682097044,26.666666666666668,61.53846153846154,50.0,1.5,2,8,6,72.14668547249647,55,15,2,22,1,23,3,35,18,16,5,2,2,14,12,5,8,51,23,18,11,63,65,4,1,8,2127,0,0,0,9,-5.386134475487367,55.108467459762075,50.0,71,12.277470841006753,4.166666666666667,85.71428571428571,65.21739130434783,1.875,2,8,8,72.14668547249647
S43G01N86,2023-2024,20231207,479,away,10,12,0,23,8,31,4,30,14,28,10,0,0,13,8,1,2,58,24,14,7,66,71,5,1,9,2139,0,0,0,10,3.785730358898803,51.78907721280603,50.0,69,12.376237623762377,26.666666666666668,61.53846153846154,50.0,1.3333333333333333,2,8,6,72.30294530154278,55,15,2,22,1,23,3,35,18,16,5,2,2,14,12,5,8,51,23,18,11,63,65,4,1,8,2139,0,0,0,9,-3.785730358898803,55.108467459762075,50.0,71,12.277470841006753,4.166666666666667,85.71428571428571,65.21739130434783,1.875,2,8,8,72.30294530154278
S43G01N86,2023-2024,20231207,480,away,10,12,0,23,8,31,4,30,14,28,10,0,0,13,8,1,2,58,24,14,7,66,71,5,1,9,2148,0,0,0,10,5.292667436095314,51.78907721280603,50.0,69,12.376237623762377,26.666666666666668,61.53846153846154,50.0,1.3333333333333333,2,8,6,72.55865921787709,55,15,2,22,1,23,3,36,18,16,5,2,2,14,12,5,8,52,23,18,11,63,66,4,1,8,2148,0,0,0,9,-5.292667436095314,54.16093535075654,49.03846153846154,70,12.091898428053206,4.166666666666667,85.71428571428571,65.21739130434783,1.875,2,8,8,72.55865921787709
S43G01N86,2023-2024,20231207,481,away,10,12,0,23,8,31,4,30,14,28,10,0,0,13,8,1,2,58,24,14,7,66,71,5,1,9,2149,0,0,0,10,3.785730358898803,51.78907721280603,50.0,69,12.376237623762377,26.666666666666668,61.53846153846154,50.0,1.3333333333333333,2,8,6,71.96649604467193,55,15,2,22,2,24,3,36,18,16,5,2,2,14,12,5,8,52,23,18,11,63,66,4,1,8,2149,0,0,0,9,-3.785730358898803,54.16093535075654,49.03846153846154,71,12.091898428053206,8.0,85.71428571428571,65.21739130434783,1.875,2,8,8,71.96649604467193
S43G01N86,2023-2024,20231207,482,away,10,12,0,23,8,31,4,30,14,28,10,0,0,13,8,1,2,58,24,14,7,66,71,5,1,9,2150,0,0,0,10,5.292667436095314,51.78907721280603,50.0,69,12.376237623762377,26.666666666666668,61.53846153846154,50.0,1.3333333333333333,2,8,6,72.49116279069767,55,15,2,22,2,24,3,37,18,16,5,2,2,14,12,5,8,53,23,18,11,63,67,4,1,8,2150,0,0,0,9,-5.292667436095314,53.24543610547668,48.113207547169814,70,11.911852293031567,8.0,85.71428571428571,65.21739130434783,1.875,2,8,8,72.49116279069767
S43G01N86,2023-2024,20231207,483,away,10,12,0,23,8,31,4,30,14,28,10,0,0,13,8,1,2,58,24,14,7,66,71,5,1,9,2151,0,0,0,10,3.785730358898803,51.78907721280603,50.0,69,12.376237623762377,26.666666666666668,61.53846153846154,50.0,1.3333333333333333,2,8,6,71.89958158995816,55,15,2,22,3,25,3,37,18,16,5,2,2,14,12,5,8,53,23,18,11,63,67,4,1,8,2151,0,0,0,9,-3.785730358898803,53.24543610547668,48.113207547169814,71,11.911852293031567,11.538461538461538,85.71428571428571,65.21739130434783,1.875,2,8,8,71.89958158995816
S43G01N86,2023-2024,20231207,484,away,10,12,0,23,8,31,4,30,14,28,10,0,0,13,8,1,2,58,24,14,7,66,71,5,1,9,2153,0,0,0,10,2.223299725843617,51.78907721280603,50.0,69,12.376237623762377,26.666666666666668,61.53846153846154,50.0,1.3333333333333333,4,8,6,72.39015327450069,55,15,2,22,3,25,3,38,19,16,5,2,2,14,12,5,8,54,24,18,11,65,68,4,1,8,2153,0,0,0,9,-2.223299725843617,54.02260638297873,49.074074074074076,73,11.737089201877934,11.538461538461538,85.71428571428571,62.5,1.875,4,8,8,72.39015327450069
S43G01N86,2023-2024,20231207,485,away,10,12,0,23,8,31,4,30,14,28,10,0,0,13,8,1,2,58,24,14,7,66,71,5,1,9,2153,0,0,0,10,2.223299725843617,51.78907721280603,50.0,69,12.376237623762377,26.666666666666668,61.53846153846154,50.0,1.3333333333333333,4,8,6,72.39015327450069,55,15,2,22,3,25,3,38,19,16,5,2,2,14,12,5,8,54,24,18,11,65,68,4,1,8,2153,0,0,0,9,-2.223299725843617,54.02260638297873,49.074074074074076,73,11.737089201877934,11.538461538461538,85.71428571428571,62.5,1.875,4,8,8,72.39015327450069
S43G01N86,2023-2024,20231207,486,away,10,12,0,23,8,31,4,30,14,28,10,0,0,13,8,1,2,58,24,14,7,66,71,5,1,9,2153,0,0,0,10,2.223299725843617,51.78907721280603,50.0,69,12.376237623762377,26.666666666666668,61.53846153846154,50.0,1.3333333333333333,4,8,6,72.39015327450069,55,15,2,22,3,25,3,38,19,16,5,2,2,14,12,5,8,54,24,18,11,65,68,4,1,8,2153,0,0,0,9,-2.223299725843617,54.02260638297873,49.074074074074076,73,11.737089201877934,11.538461538461538,85.71428571428571,62.5,1.875,4,8,8,72.39015327450069
S43G01N86,2023-2024,20231207,487,away,10,12,0,23,8,31,4,30,14,28,10,0,0,13,8,1,2,58,24,14,7,66,71,5,1,9,2153,0,0,0,10,2.223299725843617,51.78907721280603,50.0,69,12.376237623762377,26.666666666666668,61.53846153846154,50.0,1.3333333333333333,4,8,6,72.39015327450069,55,15,2,22,3,25,3,38,19,16,5,2,2,14,12,5,8,54,24,18,11,65,68,4,1,8,2153,0,0,0,9,-2.223299725843617,54.02260638297873,49.074074074074076,73,11.737089201877934,11.538461538461538,85.71428571428571,62.5,1.875,4,8,8,72.39015327450069
S43G01N86,2023-2024,20231207,488,away,10,12,0,23,8,31,4,30,14,28,10,0,0,13,8,1,2,58,24,14,7,66,71,5,1,10,2166,0,0,0,11,0.6715993255237152,51.78907721280603,50.0,68,13.564839934888768,26.666666666666668,61.53846153846154,50.0,1.2,4,8,6,72.50969529085873,55,15,2,22,3,25,3,38,19,16,5,2,2,14,12,5,8,54,24,18,11,65,68,4,1,8,2166,0,0,0,9,-0.6715993255237152,54.02260638297873,49.074074074074076,73,11.737089201877934,11.538461538461538,85.71428571428571,62.5,1.875,4,8,8,72.50969529085873
S43G01N86,2023-2024,20231207,489,away,10,12,0,23,8,31,4,30,14,28,10,0,0,13,8,1,2,58,24,15,7,66,71,5,1,10,2175,0,0,0,11,0.6715993255237152,51.78907721280603,50.0,68,13.564839934888768,26.666666666666668,61.53846153846154,50.0,1.2,4,8,6,72.20965517241379,55,15,2,22,3,25,3,38,19,16,5,2,2,14,12,5,8,54,24,18,11,65,68,4,1,8,2175,0,0,0,9,-0.6715993255237152,54.02260638297873,49.074074074074076,73,11.737089201877934,11.538461538461538,85.71428571428571,62.5,1.875,4,8,8,72.20965517241379
S43G01N86,2023-2024,20231207,490,away,10,12,0,23,8,31,4,30,14,28,10,0,0,13,8,1,2,58,24,15,7,66,71,5,1,10,2175,0,0,0,11,0.6715993255237152,51.78907721280603,50.0,68,13.564839934888768,26.666666666666668,61.53846153846154,50.0,1.2,4,8,6,72.20965517241379,55,15,2,22,3,25,3,38,19,16,5,2,2,14,12,5,8,54,24,18,11,65,68,4,1,8,2175,0,0,0,9,-0.6715993255237152,54.02260638297873,49.074074074074076,73,11.737089201877934,11.538461538461538,85.71428571428571,62.5,1.875,4,8,8,72.20965517241379
S43G01N86,2023-2024,20231207,491,away,10,12,0,23,8,31,4,30,14,28,10,0,0,13,8,1,2,58,24,15,7,66,71,5,1,10,2175,0,0,0,11,-0.18370618885739987,51.78907721280603,50.0,68,13.564839934888768,26.666666666666668,61.53846153846154,50.0,1.2,5,8,6,72.45241379310345,55,15,2,22,3,25,3,38,19,16,5,2,2,15,13,5,8,54,24,18,11,66,69,4,1,8,2175,0,0,0,9,0.18370618885739987,54.45544554455446,49.074074074074076,74,11.661807580174928,11.538461538461538,86.66666666666667,62.5,1.875,5,8,8,72.45241379310345
S43G01N86,2023-2024,20231207,492,away,10,12,0,23,8,31,4,30,14,28,10,0,0,13,8,1,2,58,24,15,7,66,71,5,1,10,2175,0,0,0,11,0.48661926061151917,51.78907721280603,50.0,68,13.564839934888768,26.666666666666668,61.53846153846154,50.0,1.2,5,8,6,72.6951724137931,55,15,2,22,3,25,3,38,19,16,5,2,2,16,13,5,8,54,24,18,11,66,70,4,1,8,2175,0,0,0,9,-0.48661926061151917,54.062909567496725,49.074074074074076,73,11.587485515643106,11.538461538461538,81.25,62.5,1.875,5,8,8,72.6951724137931
S43G01N86,2023-2024,20231207,493,away,10,12,0,24,8,32,4,30,14,28,10,0,0,13,8,1,2,58,24,15,7,66,71,5,1,10,2177,0,0,0,11,0.48661926061151917,51.78907721280603,50.0,69,13.564839934888768,26.666666666666668,61.53846153846154,50.0,1.2,5,8,6,72.62838768948093,55,15,2,22,3,25,3,38,19,16,5,2,2,16,13,5,8,54,24,18,11,66,70,4,1,8,2177,0,0,0,9,-0.48661926061151917,54.062909567496725,49.074074074074076,73,11.587485515643106,11.11111111111111,81.25,62.5,1.875,5,8,8,72.62838768948093
S43G01N86,2023-2024,20231207,494,away,10,12,0,24,8,32,4,30,14,28,10,0,0,13,8,1,2,58,24,15,7,66,71,5,1,11,2177,0,0,0,12,-1.018567338739544,51.78907721280603,50.0,68,14.721627408993577,26.666666666666668,61.53846153846154,50.0,1.0909090909090908,5,8,6,73.17960496095543,55,15,2,22,3,25,3,38,19,16,5,2,2,16,13,5,8,54,24,18,11,66,70,4,1,8,2177,0,0,0,9,1.018567338739544,54.062909567496725,49.074074074074076,73,11.587485515643106,11.11111111111111,81.25,62.5,1.875,5,8,8,73.17960496095543
S43G01N86,2023-2024,20231207,495,away,10,12,0,24,8,32,4,30,14,28,10,0,0,13,8,1,2,58,24,15,7,66,71,5,1,11,2178,0,0,0,12,-1.018567338739544,51.78907721280603,50.0,68,14.721627408993577,26.666666666666668,61.53846153846154,50.0,1.0909090909090908,5,8,6,73.14600550964187,55,15,2,22,3,25,3,38,19,16,5,2,2,16,13,5,8,54,24,18,11,66,70,5,1,8,2178,0,0,0,9,1.018567338739544,54.062909567496725,49.074074074074076,74,11.587485515643106,11.11111111111111,81.25,62.5,1.875,5,8,8,73.14600550964187
S43G01N86,2023-2024,20231207,496,away,10,12,0,24,8,32,4,30,14,28,10,0,0,13,8,1,2,58,24,15,7,66,71,5,1,11,2184,0,0,0,12,-4.00276437561169,51.78907721280603,50.0,68,14.721627408993577,26.666666666666668,61.53846153846154,50.0,1.0909090909090908,8,9,6,73.49450549450549,55,15,2,22,3,25,3,38,19,17,6,2,2,16,13,5,8,55,25,18,11,69,71,5,1,8,2184,0,0,0,9,4.00276437561169,55.60928433268859,50.90909090909091,77,11.42204454597373,11.11111111111111,81.25,60.0,1.875,8,9,8,73.49450549450549
S43G01N86,2023-2024,20231207,497,away,10,12,0,24,8,32,4,30,14,28,10,0,0,13,8,1,2,58,24,15,7,66,71,5,1,11,2184,0,0,0,12,-4.00276437561169,51.78907721280603,50.0,68,14.721627408993577,26.666666666666668,61.53846153846154,50.0,1.0909090909090908,8,9,6,73.49450549450549,55,16,2,22,3,25,3,38,19,17,6,2,2,16,13,5,8,55,25,18,11,69,71,5,1,8,2184,0,0,0,9,4.00276437561169,55.60928433268859,50.90909090909091,78,11.42204454597373,11.11111111111111,81.25,64.0,2.0,8,9,8,73.49450549450549
S43G01N86,2023-2024,20231207,498,away,10,12,0,24,8,32,4,30,14,28,10,0,0,13,8,1,2,58,24,15,7,66,71,5,1,11,2199,0,0,0,12,-4.00276437561169,51.78907721280603,50.0,68,14.721627408993577,26.666666666666668,61.53846153846154,50.0,1.0909090909090908,8,9,6,72.99317871759891,55,16,2,22,3,25,3,38,19,17,6,2,2,16,13,5,8,55,25,19,12,69,71,5,1,8,2199,0,0,0,9,4.00276437561169,55.60928433268859,50.90909090909091,78,11.42204454597373,11.11111111111111,81.25,64.0,2.0,8,9,8,72.99317871759891
S43G01N86,2023-2024,20231207,499,away,10,12,0,24,8,32,4,30,14,28,10,0,0,13,8,1,2,58,24,15,7,66,71,5,1,11,2199,0,0,0,12,-4.00276437561169,51.78907721280603,50.0,68,14.721627408993577,26.666666666666668,61.53846153846154,50.0,1.0909090909090908,8,9,6,72.99317871759891,55,16,2,22,3,25,3,38,19,17,6,2,2,16,13,5,8,55,25,19,12,69,71,5,1,8,2199,0,0,0,9,4.00276437561169,55.60928433268859,50.90909090909091,78,11.42204454597373,11.11111111111111,81.25,64.0,2.0,8,9,8,72.99317871759891
S43G01N86,2023-2024,20231207,500,away,10,12,0,24,8,32,4,30,14,28,10,0,0,13,8,1,2,58,24,15,7,66,71,5,1,11,2199,0,0,0,12,-4.00276437561169,51.78907721280603,50.0,68,14.721627408993577,26.666666666666668,61.53846153846154,50.0,1.0909090909090908,8,9,6,72.99317871759891,55,16,2,22,3,25,3,38,19,17,6,2,2,16,13,5,8,55,25,19,12,69,71,5,1,8,2199,0,0,0,9,4.00276437561169,55.60928433268859,50.90909090909091,78,11.42204454597373,11.11111111111111,81.25,64.0,2.0,8,9,8,72.99317871759891
S43G01N86,2023-2024,20231207,501,away,10,12,0,24,8,32,4,30,14,28,10,0,0,13,8,1,2,58,24,15,7,66,71,5,1,11,2199,0,0,0,12,-4.00276437561169,51.78907721280603,50.0,68,14.721627408993577,26.666666666666668,61.53846153846154,50.0,1.0909090909090908,8,9,6,72.99317871759891,55,16,2,22,3,25,3,38,19,17,6,2,2,16,13,5,8,55,25,19,12,69,71,5,1,8,2199,0,0,0,9,4.00276437561169,55.60928433268859,50.90909090909091,78,11.42204454597373,11.11111111111111,81.25,64.0,2.0,8,9,8,72.99317871759891
S43G01N86,2023-2024,20231207,502,away,10,12,0,24,8,32,4,30,14,29,10,0,0,13,8,1,2,59,24,15,7,66,72,5,1,11,2215,0,0,0,12,-5.463497738124289,50.988875154511746,49.152542372881356,67,14.527205493924987,26.666666666666668,61.53846153846154,50.0,1.0909090909090908,8,9,6,73.0076749435666,55,16,2,22,3,25,3,38,19,17,6,2,2,16,13,5,8,55,25,19,12,69,71,5,1,8,2215,0,0,0,9,5.463497738124289,55.60928433268859,50.90909090909091,78,11.42204454597373,11.11111111111111,81.25,64.0,2.0,8,9,8,73.0076749435666
S43G01N86,2023-2024,20231207,503,away,10,12,0,24,8,32,4,30,14,29,10,0,0,13,8,1,2,59,24,15,7,66,72,5,2,11,2215,0,0,0,13,-5.463497738124289,50.988875154511746,49.152542372881356,66,14.527205493924987,26.666666666666668,61.53846153846154,50.0,1.0909090909090908,8,9,6,73.0076749435666,55,16,2,22,3,25,3,38,19,17,6,2,2,16,13,5,8,55,25,19,12,69,71,5,1,8,2215,0,0,0,9,5.463497738124289,55.60928433268859,50.90909090909091,78,11.42204454597373,11.11111111111111,81.25,64.0,2.0,8,9,8,73.0076749435666
S43G01N86,2023-2024,20231207,504,away,10,12,0,24,8,32,4,30,14,29,10,0,0,13,8,1,2,59,24,15,7,66,72,5,2,11,2215,0,0,0,13,-5.463497738124289,50.988875154511746,49.152542372881356,66,14.527205493924987,26.666666666666668,61.53846153846154,50.0,1.0909090909090908,8,9,6,73.0076749435666,55,16,2,22,3,25,4,38,19,17,6,2,2,16,13,5,8,55,25,19,12,69,71,5,1,8,2215,0,0,0,9,5.463497738124289,55.60928433268859,50.90909090909091,79,11.42204454597373,11.11111111111111,81.25,64.0,2.0,8,9,8,73.0076749435666
S43G01N86,2023-2024,20231207,505,away,10,12,0,24,8,32,4,30,14,29,10,0,0,13,8,1,2,59,24,15,7,66,72,5,2,11,2228,0,0,0,13,-3.9508047974281624,50.988875154511746,49.152542372881356,66,14.527205493924987,26.666666666666668,61.53846153846154,50.0,1.0909090909090908,8,9,6,73.12028725314183,55,16,2,22,3,25,4,39,19,17,6,2,2,16,13,5,8,56,25,19,12,69,72,5,1,8,2228,0,0,0,9,3.9508047974281624,54.72715736040609,50.0,78,11.261261261261263,11.11111111111111,81.25,64.0,2.0,8,9,8,73.12028725314183
S43G01N86,2023-2024,20231207,506,away,10,12,0,25,8,33,4,30,14,29,10,0,0,13,8,1,2,59,24,15,7,66,72,5,2,11,2230,0,0,0,13,-3.9508047974281624,50.988875154511746,49.152542372881356,67,14.527205493924987,26.666666666666668,61.53846153846154,50.0,1.0909090909090908,8,9,6,73.05470852017936,55,16,2,22,3,25,4,39,19,17,6,2,2,16,13,5,8,56,25,19,12,69,72,5,1,8,2230,0,0,0,9,3.9508047974281624,54.72715736040609,50.0,78,11.261261261261263,10.714285714285714,81.25,64.0,2.0,8,9,8,73.05470852017936
S43G01N86,2023-2024,20231207,507,away,10,12,0,25,8,33,4,31,14,29,10,0,0,13,8,1,2,60,24,15,7,66,73,5,2,11,2240,0,0,0,13,-5.3690255475276984,50.213024954351795,48.333333333333336,66,14.337851929092805,26.666666666666668,61.53846153846154,50.0,1.0909090909090908,8,9,6,73.2642857142857,55,16,2,22,3,25,4,39,19,17,6,2,2,16,13,5,8,56,25,19,12,69,72,5,1,8,2240,0,0,0,9,5.3690255475276984,54.72715736040609,50.0,78,11.261261261261263,10.714285714285714,81.25,64.0,2.0,8,9,8,73.2642857142857
S43G01N86,2023-2024,20231207,508,away,10,12,0,25,8,33,4,31,14,29,10,0,0,13,8,1,2,60,24,15,7,66,73,5,2,11,2241,0,0,0,13,-5.3690255475276984,50.213024954351795,48.333333333333336,66,14.337851929092805,25.806451612903224,61.53846153846154,50.0,1.0909090909090908,8,9,6,73.23159303882196,55,16,2,23,3,26,4,39,19,17,6,2,2,16,13,5,8,56,25,19,12,69,72,5,1,8,2241,0,0,0,9,5.3690255475276984,54.72715736040609,50.0,79,11.261261261261263,10.714285714285714,81.25,64.0,2.0,8,9,8,73.23159303882196
S43G01N86,2023-2024,20231207,509,away,10,12,0,25,8,33,4,31,14,29,10,0,0,13,8,1,2,60,24,16,8,66,73,5,2,11,2254,0,0,0,13,-5.3690255475276984,50.213024954351795,48.333333333333336,66,14.337851929092805,25.806451612903224,61.53846153846154,50.0,1.0909090909090908,8,9,6,72.8092280390417,55,16,2,23,3,26,4,39,19,17,6,2,2,16,13,5,8,56,25,19,12,69,72,5,1,8,2254,0,0,0,9,5.3690255475276984,54.72715736040609,50.0,79,11.261261261261263,10.714285714285714,81.25,64.0,2.0,8,9,8,72.8092280390417
S43G01N86,2023-2024,20231207,510,away,10,12,0,25,8,33,4,31,14,29,10,0,0,13,8,1,2,60,24,16,8,66,73,5,2,11,2254,0,0,0,13,-5.3690255475276984,50.213024954351795,48.333333333333336,66,14.337851929092805,25.806451612903224,61.53846153846154,50.0,1.0909090909090908,8,9,6,72.8092280390417,55,16,2,23,3,26,4,39,19,17,6,2,2,16,13,5,8,56,25,19,12,69,72,5,1,8,2254,0,0,0,9,5.3690255475276984,54.72715736040609,50.0,79,11.261261261261263,10.714285714285714,81.25,64.0,2.0,8,9,8,72.8092280390417
S43G01N86,2023-2024,20231207,511,away,10,12,0,25,8,33,4,31,14,29,10,0,0,13,8,1,2,60,24,16,8,66,73,5,2,11,2270,0,0,0,13,-6.797024754592158,50.213024954351795,48.333333333333336,66,14.337851929092805,25.806451612903224,61.53846153846154,50.0,1.0909090909090908,10,9,6,72.82466960352423,55,16,2,23,3,26,4,40,20,17,6,2,2,16,13,5,8,57,26,19,12,71,73,5,1,8,2270,0,0,0,9,6.797024754592158,55.434103685196746,50.87719298245614,81,11.104941699056079,10.714285714285714,81.25,61.53846153846154,2.0,10,9,8,72.82466960352423
S43G01N86,2023-2024,20231207,512,away,10,12,0,25,8,33,4,32,14,29,10,0,0,13,8,1,2,61,24,16,8,66,74,5,2,11,2289,0,0,0,13,-8.17456217852704,49.46043165467626,47.540983606557376,65,14.153371075656201,25.806451612903224,61.53846153846154,50.0,1.0909090909090908,10,9,6,72.74442988204456,55,16,2,23,3,26,4,40,20,17,6,2,2,16,13,5,8,57,26,19,12,71,73,5,1,8,2289,0,0,0,9,8.17456217852704,55.434103685196746,50.87719298245614,81,11.104941699056079,10.714285714285714,81.25,61.53846153846154,2.0,10,9,8,72.74442988204456
S43G01N86,2023-2024,20231207,513,away,10,12,0,25,8,33,4,32,14,29,10,0,0,13,8,1,2,61,24,16,8,66,74,5,2,11,2289,0,0,0,13,-8.17456217852704,49.46043165467626,47.540983606557376,65,14.153371075656201,25.806451612903224,61.53846153846154,50.0,1.0909090909090908,10,9,6,72.74442988204456,55,16,2,23,3,26,5,40,20,17,6,2,2,16,13,5,8,57,26,19,12,71,73,5,1,8,2289,0,0,0,9,8.17456217852704,55.434103685196746,50.87719298245614,82,11.104941699056079,10.714285714285714,81.25,61.53846153846154,2.0,10,9,8,72.74442988204456
S43G01N86,2023-2024,20231207,514,away,10,12,0,25,8,33,4,32,14,29,10,0,0,13,8,1,2,61,24,16,8,66,74,5,2,11,2305,0,0,0,13,-6.706273572711325,49.46043165467626,47.540983606557376,65,14.153371075656201,25.806451612903224,61.53846153846154,50.0,1.0909090909090908,10,9,6,72.76008676789587,55,16,2,23,3,26,5,40,20,18,6,2,2,16,13,5,8,58,26,19,12,71,74,5,1,8,2305,0,0,0,9,6.706273572711325,54.581795817958174,50.0,81,10.952902519167578,10.714285714285714,81.25,61.53846153846154,2.0,10,9,8,72.76008676789587
S43G01N86,2023-2024,20231207,515,away,10,12,0,26,8,34,4,32,14,29,10,0,0,13,8,1,2,61,24,16,8,66,74,5,2,11,2306,0,0,0,13,-6.706273572711325,49.46043165467626,47.540983606557376,66,14.153371075656201,25.806451612903224,61.53846153846154,50.0,1.0909090909090908,10,9,6,72.72853425845621,55,16,2,23,3,26,5,40,20,18,6,2,2,16,13,5,8,58,26,19,12,71,74,5,1,8,2306,0,0,0,9,6.706273572711325,54.581795817958174,50.0,81,10.952902519167578,10.344827586206897,81.25,61.53846153846154,2.0,10,9,8,72.72853425845621
S43G01N86,2023-2024,20231207,516,away,10,12,0,26,8,34,4,32,14,29,10,0,0,13,8,1,2,61,24,16,8,66,74,5,2,12,2314,0,0,0,14,-8.044853490313216,49.46043165467626,47.540983606557376,65,15.24390243902439,25.806451612903224,61.53846153846154,50.0,1.0,10,9,6,72.99567847882453,55,16,2,23,3,26,5,40,20,18,6,2,2,16,13,5,8,58,26,19,12,71,74,5,1,8,2314,0,0,0,9,8.044853490313216,54.581795817958174,50.0,81,10.952902519167578,10.344827586206897,81.25,61.53846153846154,2.0,10,9,8,72.99567847882453
S43G01N86,2023-2024,20231207,517,away,10,12,0,26,8,34,4,32,14,29,10,0,0,13,8,1,2,61,24,16,8,66,74,5,2,12,2315,0,0,0,14,-8.044853490313216,49.46043165467626,47.540983606557376,65,15.24390243902439,25.806451612903224,61.53846153846154,50.0,1.0,10,9,6,72.96414686825054,55,16,2,23,3,26,5,40,20,18,6,2,2,16,13,5,8,58,26,19,12,71,74,6,1,8,2315,0,0,0,9,8.044853490313216,54.581795817958174,50.0,82,10.952902519167578,10.344827586206897,81.25,61.53846153846154,2.0,10,9,8,72.96414686825054
S43G01N86,2023-2024,20231207,518,away,10,12,0,26,8,34,4,32,14,29,10,0,0,13,8,1,2,61,24,16,8,66,74,5,2,12,2322,0,0,0,14,-9.433217153805387,49.46043165467626,47.540983606557376,65,15.24390243902439,25.806451612903224,61.53846153846154,50.0,1.0,12,9,6,73.26098191214469,55,16,2,23,3,26,5,41,21,18,6,2,2,16,13,5,8,59,27,19,12,73,75,6,1,8,2322,0,0,0,9,9.433217153805387,55.269533615990305,50.847457627118644,84,10.804970286331711,10.344827586206897,81.25,59.25925925925926,2.0,12,9,8,73.26098191214469
S43G01N86,2023-2024,20231207,519,away,10,12,0,26,8,34,4,32,14,29,10,0,0,13,8,1,2,61,24,16,8,66,74,5,2,12,2322,0,0,0,14,-9.433217153805387,49.46043165467626,47.540983606557376,65,15.24390243902439,25.806451612903224,61.53846153846154,50.0,1.0,12,9,6,73.26098191214469,55,17,2,23,3,26,5,41,21,18,6,2,2,16,13,5,8,59,27,19,12,73,75,6,1,8,2322,0,0,0,9,9.433217153805387,55.269533615990305,50.847457627118644,85,10.804970286331711,10.344827586206897,81.25,62.96296296296296,2.125,12,9,8,73.26098191214469
S43G01N86,2023-2024,20231207,520,away,10,12,0,26,8,34,4,32,14,29,10,0,0,13,8,1,2,61,24,16,8,66,74,5,2,12,2322,0,0,0,14,-9.433217153805387,49.46043165467626,47.540983606557376,65,15.24390243902439,25.806451612903224,61.53846153846154,50.0,1.0,12,9,6,73.26098191214469,55,17,2,23,3,26,5,41,21,18,6,2,2,16,13,5,8,59,27,19,12,73,75,6,1,8,2322,0,0,0,9,9.433217153805387,55.269533615990305,50.847457627118644,85,10.804970286331711,10.344827586206897,81.25,62.96296296296296,2.125,12,9,8,73.26098191214469
S43G01N86,2023-2024,20231207,521,away,10,12,0,26,8,34,4,32,14,30,11,0,0,13,8,1,2,62,25,16,8,69,75,5,2,12,2326,0,0,0,14,-6.551535500922,50.94506792675724,49.193548387096776,68,15.052684395383844,25.806451612903224,61.53846153846154,48.0,1.0,3,9,6,73.65090283748924,55,17,2,23,3,26,5,41,21,18,6,2,2,16,13,5,8,59,27,19,12,73,75,6,1,8,2326,0,0,0,9,6.551535500922,55.269533615990305,50.847457627118644,85,10.804970286331711,10.344827586206897,81.25,62.96296296296296,2.125,3,9,8,73.65090283748924
S43G01N86,2023-2024,20231207,522,away,10,13,0,26,8,34,4,32,14,30,11,0,0,13,8,1,2,62,25,16,8,69,75,5,2,12,2326,0,0,0,14,-6.551535500922,50.94506792675724,49.193548387096776,69,15.052684395383844,25.806451612903224,61.53846153846154,52.0,1.0833333333333333,3,9,6,73.65090283748924,55,17,2,23,3,26,5,41,21,18,6,2,2,16,13,5,8,59,27,19,12,73,75,6,1,8,2326,0,0,0,9,6.551535500922,55.269533615990305,50.847457627118644,85,10.804970286331711,10.344827586206897,81.25,62.96296296296296,2.125,3,9,8,73.65090283748924
S43G01N86,2023-2024,20231207,523,away,10,13,0,26,8,34,4,32,14,30,11,0,0,13,8,1,2,62,25,16,8,69,75,5,2,12,2326,0,0,0,14,-6.551535500922,50.94506792675724,49.193548387096776,69,15.052684395383844,25.806451612903224,61.53846153846154,52.0,1.0833333333333333,3,9,6,73.65090283748924,55,17,2,23,3,26,5,41,21,18,6,2,2,16,13,5,8,59,27,19,12,73,75,6,1,8,2326,0,0,0,9,6.551535500922,55.269533615990305,50.847457627118644,85,10.804970286331711,10.344827586206897,81.25,62.96296296296296,2.125,3,9,8,73.65090283748924
S43G01N86,2023-2024,20231207,524,away,10,13,0,26,8,34,4,32,14,30,11,0,0,13,8,1,2,62,25,16,8,69,75,5,2,12,2340,0,0,0,14,-7.901354920563733,50.94506792675724,49.193548387096776,69,15.052684395383844,25.806451612903224,61.53846153846154,52.0,1.0833333333333333,2,9,6,73.72307692307692,55,17,2,23,3,26,5,42,22,18,6,2,2,16,13,5,8,60,28,19,12,75,76,6,1,8,2340,0,0,0,9,7.901354920563733,55.936754176610975,51.666666666666664,87,10.660980810234541,10.344827586206897,81.25,60.714285714285715,2.125,2,9,8,73.72307692307692
S43G01N86,2023-2024,20231207,525,away,10,13,0,26,8,34,4,32,14,30,11,0,0,13,8,1,2,62,25,16,8,69,75,5,2,12,2340,0,0,0,14,-7.901354920563733,50.94506792675724,49.193548387096776,69,15.052684395383844,25.806451612903224,61.53846153846154,52.0,1.0833333333333333,2,9,6,73.72307692307692,55,18,2,23,3,26,5,42,22,18,6,2,2,16,13,5,8,60,28,19,12,75,76,6,1,8,2340,0,0,0,9,7.901354920563733,55.936754176610975,51.666666666666664,88,10.660980810234541,10.344827586206897,81.25,64.28571428571429,2.25,2,9,8,73.72307692307692
S43G01N86,2023-2024,20231207,526,away,10,13,0,26,8,34,4,32,14,30,11,0,0,13,8,1,2,62,25,16,8,69,75,5,2,12,2352,0,0,0,14,-7.901354920563733,50.94506792675724,49.193548387096776,69,15.052684395383844,25.806451612903224,61.53846153846154,52.0,1.0833333333333333,2,9,6,73.3469387755102,55,18,2,23,3,26,5,42,22,18,6,2,2,16,13,5,8,60,28,20,12,75,76,6,1,8,2352,0,0,0,9,7.901354920563733,55.936754176610975,51.666666666666664,88,10.660980810234541,10.344827586206897,81.25,64.28571428571429,2.25,2,9,8,73.3469387755102
S43G01N86,2023-2024,20231207,527,away,10,13,0,26,8,34,4,32,14,30,11,0,0,13,8,1,2,62,25,16,8,69,75,5,2,12,2352,0,0,0,14,-7.901354920563733,50.94506792675724,49.193548387096776,69,15.052684395383844,25.806451612903224,61.53846153846154,52.0,1.0833333333333333,2,9,6,73.3469387755102,55,18,2,23,3,26,5,42,22,18,6,2,2,16,13,5,8,60,28,20,12,75,76,6,1,8,2352,0,0,0,9,7.901354920563733,55.936754176610975,51.666666666666664,88,10.660980810234541,10.344827586206897,81.25,64.28571428571429,2.25,2,9,8,73.3469387755102
S43G01N86,2023-2024,20231207,528,away,10,13,0,26,8,34,4,32,14,30,11,0,0,14,9,1,2,62,25,16,8,70,76,5,2,12,2352,0,0,0,14,-7.1021765439500655,51.34976525821597,49.193548387096776,70,14.970059880239521,25.806451612903224,64.28571428571429,52.0,1.0833333333333333,1,9,6,73.57142857142857,55,18,2,23,3,26,5,42,22,18,6,2,2,16,13,5,8,60,28,20,12,75,76,6,1,8,2352,0,0,0,9,7.1021765439500655,55.936754176610975,51.666666666666664,88,10.660980810234541,10.344827586206897,81.25,64.28571428571429,2.25,1,9,8,73.57142857142857
S43G01N86,2023-2024,20231207,529,away,10,13,0,26,8,34,4,32,14,30,11,0,0,15,10,1,2,62,25,16,8,71,77,5,2,12,2352,0,0,0,14,-6.312685177962024,51.74927113702624,49.193548387096776,71,14.88833746898263,25.806451612903224,66.66666666666667,52.0,1.0833333333333333,2,9,6,73.79591836734693,55,18,2,23,3,26,5,42,22,18,6,2,2,16,13,5,8,60,28,20,12,75,76,6,1,8,2352,0,0,0,9,6.312685177962024,55.936754176610975,51.666666666666664,88,10.660980810234541,10.344827586206897,81.25,64.28571428571429,2.25,2,9,8,73.79591836734693
S43G01N86,2023-2024,20231207,530,away,10,13,0,26,8,34,4,32,14,30,11,0,0,15,10,1,2,62,25,16,8,71,77,5,2,12,2352,0,0,0,14,-6.312685177962024,51.74927113702624,49.193548387096776,71,14.88833746898263,25.806451612903224,66.66666666666667,52.0,1.0833333333333333,2,9,6,73.79591836734693,55,18,2,23,3,26,5,42,22,18,6,2,2,16,13,5,8,60,28,20,12,75,76,6,1,8,2352,0,0,0,9,6.312685177962024,55.936754176610975,51.666666666666664,88,10.660980810234541,10.344827586206897,81.25,64.28571428571429,2.25,2,9,8,73.79591836734693
S43G01N86,2023-2024,20231207,531,away,10,13,0,26,8,34,4,32,14,30,11,0,0,15,10,1,2,62,25,16,8,71,77,5,2,12,2352,0,0,0,14,-6.312685177962024,51.74927113702624,49.193548387096776,71,14.88833746898263,25.806451612903224,66.66666666666667,52.0,1.0833333333333333,2,9,6,73.79591836734693,55,18,2,23,3,26,5,42,22,18,6,2,2,16,13,5,8,60,28,20,12,75,76,6,1,8,2352,0,0,0,9,6.312685177962024,55.936754176610975,51.666666666666664,88,10.660980810234541,10.344827586206897,81.25,64.28571428571429,2.25,2,9,8,73.79591836734693
S43G01N86,2023-2024,20231207,532,away,10,13,0,26,8,34,4,32,14,30,11,0,0,15,10,1,2,62,25,17,8,71,77,5,2,12,2353,0,0,0,14,-6.312685177962024,51.74927113702624,49.193548387096776,71,14.88833746898263,25.806451612903224,66.66666666666667,52.0,1.0833333333333333,2,9,6,73.76455588610284,55,18,2,23,3,26,5,42,22,18,6,2,2,16,13,5,8,60,28,20,12,75,76,6,1,8,2353,0,0,0,9,6.312685177962024,55.936754176610975,51.666666666666664,88,10.660980810234541,10.344827586206897,81.25,64.28571428571429,2.25,2,9,8,73.76455588610284
S43G01N86,2023-2024,20231207,533,away,10,13,0,26,8,34,4,32,14,30,11,0,0,15,10,1,2,62,25,17,8,71,77,5,2,12,2353,0,0,0,14,-6.312685177962024,51.74927113702624,49.193548387096776,71,14.88833746898263,25.806451612903224,66.66666666666667,52.0,1.0833333333333333,2,9,6,73.76455588610284,55,18,2,23,3,26,5,42,22,18,6,2,2,16,13,5,8,60,28,20,12,75,76,6,1,8,2353,0,0,0,9,6.312685177962024,55.936754176610975,51.666666666666664,88,10.660980810234541,10.344827586206897,81.25,64.28571428571429,2.25,2,9,8,73.76455588610284
S43G01N86,2023-2024,20231207,534,away,10,13,0,26,8,34,4,32,14,30,11,0,0,15,10,1,2,62,25,17,8,71,77,5,2,12,2353,0,0,0,14,-7.060368890591633,51.74927113702624,49.193548387096776,71,14.88833746898263,25.806451612903224,66.66666666666667,52.0,1.0833333333333333,1,9,6,73.98895027624309,55,18,2,23,3,26,5,42,22,18,6,2,2,17,14,5,8,60,28,20,12,76,77,6,1,8,2353,0,0,0,9,7.060368890591633,56.31298162418494,51.666666666666664,89,10.598834128245892,10.344827586206897,82.3529411764706,64.28571428571429,2.25,1,9,8,73.98895027624309
S43G01N86,2023-2024,20231207,535,away,10,13,0,26,8,34,4,32,14,30,11,0,0,15,10,1,2,62,25,17,8,71,77,5,2,12,2353,0,0,0,14,-6.4276636609953215,51.74927113702624,49.193548387096776,71,14.88833746898263,25.806451612903224,66.66666666666667,52.0,1.0833333333333333,1,9,6,74.21334466638334,55,18,2,23,3,26,5,42,22,18,6,2,2,18,14,5,8,60,28,20,12,76,78,6,1,8,2353,0,0,0,9,6.4276636609953215,55.948174322732626,51.666666666666664,88,10.53740779768177,10.344827586206897,77.77777777777777,64.28571428571429,2.25,1,9,8,74.21334466638334
S43G01N86,2023-2024,20231207,536,away,10,13,0,27,8,35,4,32,14,30,11,0,0,15,10,1,2,62,25,17,8,71,77,5,2,12,2355,0,0,0,14,-6.4276636609953215,51.74927113702624,49.193548387096776,72,14.88833746898263,25.806451612903224,66.66666666666667,52.0,1.0833333333333333,1,9,6,74.15031847133757,55,18,2,23,3,26,5,42,22,18,6,2,2,18,14,5,8,60,28,20,12,76,78,6,1,8,2355,0,0,0,9,6.4276636609953215,55.948174322732626,51.666666666666664,88,10.53740779768177,10.0,77.77777777777777,64.28571428571429,2.25,1,9,8,74.15031847133757
S43G01N86,2023-2024,20231207,537,away,10,13,0,27,8,35,4,33,15,30,11,0,0,15,10,1,2,63,26,17,8,73,78,5,2,12,2364,0,0,0,14,-5.0390243029883806,52.44252873563219,50.0,74,14.705882352941178,25.806451612903224,66.66666666666667,50.0,1.0833333333333333,2,9,6,74.37563451776649,55,18,2,23,3,26,5,42,22,18,6,2,2,18,14,5,8,60,28,20,12,76,78,6,1,8,2364,0,0,0,9,5.0390243029883806,55.948174322732626,51.666666666666664,88,10.53740779768177,10.0,77.77777777777777,64.28571428571429,2.25,2,9,8,74.37563451776649
S43G01N86,2023-2024,20231207,538,away,10,13,0,27,8,35,4,33,15,30,11,0,0,15,10,1,2,63,26,18,8,73,78,5,2,12,2373,0,0,0,14,-5.0390243029883806,52.44252873563219,50.0,74,14.705882352941178,25.806451612903224,66.66666666666667,50.0,1.0833333333333333,2,9,6,74.09355246523387,55,18,2,23,3,26,5,42,22,18,6,2,2,18,14,5,8,60,28,20,12,76,78,6,1,8,2373,0,0,0,9,5.0390243029883806,55.948174322732626,51.666666666666664,88,10.53740779768177,10.0,77.77777777777777,64.28571428571429,2.25,2,9,8,74.09355246523387
S43G01N86,2023-2024,20231207,539,away,10,13,0,27,8,35,4,33,15,30,11,0,0,15,10,1,2,63,26,18,8,73,78,5,2,12,2373,0,0,0,14,-4.413908776255269,52.44252873563219,50.0,74,14.705882352941178,25.806451612903224,66.66666666666667,50.0,1.0833333333333333,2,9,6,74.31605562579013,55,18,2,23,3,26,5,42,22,18,6,2,2,19,14,5,8,60,28,20,12,76,79,6,1,8,2373,0,0,0,9,4.413908776255269,55.58806319485079,51.666666666666664,87,10.476689366160294,10.0,73.6842105263158,64.28571428571429,2.25,2,9,8,74.31605562579013
S43G01N86,2023-2024,20231207,540,away,10,13,0,27,8,35,4,33,15,30,11,0,0,15,10,1,2,63,26,18,8,73,78,5,2,12,2373,0,0,0,14,-5.151260751737951,52.44252873563219,50.0,74,14.705882352941178,25.806451612903224,66.66666666666667,50.0,1.0833333333333333,1,9,6,74.53855878634637,55,18,2,23,3,26,5,42,22,18,6,2,2,20,15,5,8,60,28,20,12,77,80,6,1,8,2373,0,0,0,9,5.151260751737951,55.9593023255814,51.666666666666664,88,10.416666666666668,10.0,75.0,64.28571428571429,2.25,1,9,8,74.53855878634637
S43G01N86,2023-2024,20231207,541,away,10,13,0,27,8,35,4,34,16,30,11,0,0,15,10,1,2,64,27,18,8,75,79,5,2,12,2380,0,0,0,14,-3.799850330942988,53.116147308781876,50.78125,76,14.527845036319613,25.806451612903224,66.66666666666667,48.148148148148145,1.0833333333333333,2,9,6,74.8235294117647,55,18,2,23,3,26,5,42,22,18,6,2,2,20,15,5,8,60,28,20,12,77,80,6,1,8,2380,0,0,0,9,3.799850330942988,55.9593023255814,51.666666666666664,88,10.416666666666668,10.0,75.0,64.28571428571429,2.25,2,9,8,74.8235294117647
S43G01N86,2023-2024,20231207,542,away,10,13,0,27,8,35,4,34,16,30,11,0,0,15,10,1,2,64,27,19,8,75,79,5,2,12,2382,0,0,0,14,-3.799850330942988,53.116147308781876,50.78125,76,14.527845036319613,25.806451612903224,66.66666666666667,48.148148148148145,1.0833333333333333,2,9,6,74.76070528967253,55,18,2,23,3,26,5,42,22,18,6,2,2,20,15,5,8,60,28,20,12,77,80,6,1,8,2382,0,0,0,9,3.799850330942988,55.9593023255814,51.666666666666664,88,10.416666666666668,10.0,75.0,64.28571428571429,2.25,2,9,8,74.76070528967253
S43G01N86,2023-2024,20231207,543,away,10,13,0,27,8,35,4,34,16,30,11,0,0,15,10,1,2,64,27,19,8,75,79,5,2,12,2382,0,0,0,14,-3.1814793843024916,53.116147308781876,50.78125,76,14.527845036319613,25.806451612903224,66.66666666666667,48.148148148148145,1.0833333333333333,2,9,6,74.98236775818638,55,18,2,23,3,26,5,42,22,18,6,2,2,21,15,5,8,60,28,20,12,77,81,6,1,8,2382,0,0,0,9,3.1814793843024916,55.60369728480647,51.666666666666664,87,10.357327809425168,10.0,71.42857142857143,64.28571428571429,2.25,2,9,8,74.98236775818638
S43G01N86,2023-2024,20231207,544,away,10,13,0,27,8,35,4,34,16,30,11,0,0,15,10,1,2,64,27,19,8,75,79,5,2,12,2382,0,0,0,14,-3.9094416785972186,53.116147308781876,50.78125,76,14.527845036319613,25.806451612903224,66.66666666666667,48.148148148148145,1.0833333333333333,1,9,6,75.20403022670025,55,18,2,23,3,26,5,42,22,18,6,2,2,22,16,5,8,60,28,20,12,78,82,6,1,8,2382,0,0,0,9,3.9094416785972186,55.970149253731336,51.666666666666664,88,10.298661174047373,10.0,72.72727272727273,64.28571428571429,2.25,1,9,8,75.20403022670025
S43G01N86,2023-2024,20231207,545,away,10,13,0,27,8,35,4,34,16,31,11,0,0,15,10,1,2,65,27,19,8,75,80,5,2,12,2399,0,0,0,14,-5.239285501738621,52.374301675977655,50.0,75,14.354066985645934,25.806451612903224,66.66666666666667,48.148148148148145,1.0833333333333333,1,9,6,75.17132138390997,55,18,2,23,3,26,5,42,22,18,6,2,2,22,16,5,8,60,28,20,12,78,82,6,1,8,2399,0,0,0,9,5.239285501738621,55.970149253731336,51.666666666666664,88,10.298661174047373,10.0,72.72727272727273,64.28571428571429,2.25,1,9,8,75.17132138390997
S43G01N86,2023-2024,20231207,546,away,10,13,0,27,8,35,4,34,16,31,11,0,0,15,10,1,2,65,27,19,8,75,80,5,2,12,2399,0,0,0,14,-5.239285501738621,52.374301675977655,50.0,75,14.354066985645934,25.806451612903224,66.66666666666667,48.148148148148145,1.0833333333333333,1,9,6,75.17132138390997,55,18,2,23,3,26,5,42,22,18,6,2,2,22,16,5,8,60,28,20,12,78,82,6,1,8,2399,0,0,0,9,5.239285501738621,55.970149253731336,51.666666666666664,88,10.298661174047373,10.0,72.72727272727273,64.28571428571429,2.25,1,9,8,75.17132138390997
S43G01N86,2023-2024,20231207,547,away,10,13,0,27,8,35,4,34,16,31,11,0,0,15,10,1,2,65,27,19,8,75,80,5,2,12,2400,0,0,0,14,-5.239285501738621,52.374301675977655,50.0,75,14.354066985645934,25.806451612903224,66.66666666666667,48.148148148148145,1.0833333333333333,1,9,6,75.14,55,18,2,23,3,26,5,42,22,18,6,2,2,22,16,5,8,60,28,20,12,78,82,6,1,8,2400,0,0,0,9,5.239285501738621,55.970149253731336,51.666666666666664,88,10.298661174047373,10.0,72.72727272727273,64.28571428571429,2.25,1,9,8,75.14
S43G01N86,2023-2024,20231207,548,away,10,13,0,27,8,35,4,34,16,31,11,0,0,15,10,1,2,65,27,19,8,75,80,5,2,12,2400,0,0,0,14,-5.239285501738621,52.374301675977655,50.0,75,14.354066985645934,25.806451612903224,66.66666666666667,48.148148148148145,1.0833333333333333,1,9,6,75.14,55,18,2,23,3,26,5,42,22,18,6,2,2,22,16,5,8,60,28,20,12,78,82,6,1,8,2400,0,0,0,9,5.239285501738621,55.970149253731336,51.666666666666664,88,10.298661174047373,10.0,72.72727272727273,64.28571428571429,2.25,1,9,8,75.14
S43G01N86,2023-2024,20231207,549,away,10,13,0,27,8,35,4,34,16,31,11,0,0,15,10,1,2,65,27,19,8,75,80,5,2,12,2400,0,0,0,14,-5.239285501738621,52.374301675977655,50.0,75,14.354066985645934,25.806451612903224,66.66666666666667,48.148148148148145,1.0833333333333333,1,9,6,75.14,55,18,2,23,3,26,5,42,22,18,6,2,2,22,16,5,8,60,28,20,12,78,82,6,1,8,2400,0,0,0,9,5.239285501738621,55.970149253731336,51.666666666666664,88,10.298661174047373,10.0,72.72727272727273,64.28571428571429,2.25,1,9,8,75.14
S43G01N86,2023-2024,20231207,550,away,10,13,0,27,8,35,4,34,16,31,11,0,0,15,10,1,2,65,27,19,8,75,80,5,2,12,2400,0,0,0,14,-5.239285501738621,52.374301675977655,50.0,75,14.354066985645934,25.806451612903224,66.66666666666667,48.148148148148145,1.0833333333333333,1,9,6,75.14,55,18,2,23,3,26,5,42,22,18,6,2,2,22,16,5,8,60,28,20,12,78,82,6,1,8,2400,0,0,0,9,5.239285501738621,55.970149253731336,51.666666666666664,88,10.298661174047373,10.0,72.72727272727273,64.28571428571429,2.25,1,9,8,75.14
S43G01N86,2023-2024,20231207,551,away,10,13,0,27,8,35,4,34,16,31,11,0,0,15,10,1,2,65,27,19,8,75,80,5,2,12,2400,0,0,0,14,-5.239285501738621,52.374301675977655,50.0,75,14.354066985645934,25.806451612903224,66.66666666666667,48.148148148148145,1.0833333333333333,1,9,6,75.14,55,18,2,23,3,26,5,42,22,18,6,2,2,22,16,5,8,60,28,20,12,78,82,6,1,8,2400,0,0,0,9,5.239285501738621,55.970149253731336,51.666666666666664,88,10.298661174047373,10.0,72.72727272727273,64.28571428571429,2.25,1,9,8,75.14
S43G01N86,2023-2024,20231207,552,away,10,13,0,27,8,35,4,34,16,31,11,0,0,15,10,1,2,65,27,19,8,75,80,5,2,12,2400,0,0,0,14,-5.239285501738621,52.374301675977655,50.0,75,14.354066985645934,25.806451612903224,66.66666666666667,48.148148148148145,1.0833333333333333,1,9,6,75.14,55,18,2,23,3,26,5,42,22,18,6,2,2,22,16,5,8,60,28,20,12,78,82,6,1,8,2400,0,0,0,9,5.239285501738621,55.970149253731336,51.666666666666664,88,10.298661174047373,10.0,72.72727272727273,64.28571428571429,2.25,1,9,8,75.14
S43G01N86,2023-2024,20231207,553,away,10,13,0,27,8,35,4,34,16,31,11,0,0,15,10,1,2,65,27,19,8,75,80,5,2,12,2400,0,0,0,14,-5.239285501738621,52.374301675977655,50.0,75,14.354066985645934,25.806451612903224,66.66666666666667,48.148148148148145,1.0833333333333333,1,9,6,75.14,55,18,2,23,3,26,5,42,22,18,6,2,2,22,16,5,8,60,28,20,12,78,82,6,1,8,2400,0,0,0,9,5.239285501738621,55.970149253731336,51.666666666666664,88,10.298661174047373,10.0,72.72727272727273,64.28571428571429,2.25,1,9,8,75.14
S43G01N86,2023-2024,20231207,554,away,10,13,0,27,8,35,4,34,16,31,11,0,0,15,10,1,2,65,27,19,8,75,80,5,2,12,2400,0,0,0,14,-5.239285501738621,52.374301675977655,50.0,75,14.354066985645934,25.806451612903224,66.66666666666667,48.148148148148145,1.0833333333333333,1,9,6,75.14,55,18,2,23,3,26,5,42,22,18,6,2,2,22,16,5,8,60,28,20,12,78,82,6,1,8,2400,0,0,0,9,5.239285501738621,55.970149253731336,51.666666666666664,88,10.298661174047373,10.0,72.72727272727273,64.28571428571429,2.25,1,9,8,75.14
S43G01N86,2023-2024,20231207,555,away,10,13,0,27,8,35,4,34,16,31,11,0,0,15,10,1,2,65,27,19,8,75,80,5,2,12,2400,0,0,0,14,-5.239285501738621,52.374301675977655,50.0,75,14.354066985645934,25.806451612903224,66.66666666666667,48.148148148148145,1.0833333333333333,1,9,6,75.14,55,18,2,23,3,26,5,42,22,18,6,2,2,22,16,5,8,60,28,20,12,78,82,6,1,8,2400,0,0,0,9,5.239285501738621,55.970149253731336,51.666666666666664,88,10.298661174047373,10.0,72.72727272727273,64.28571428571429,2.25,1,9,8,75.14
S43G01N86,2023-2024,20231207,556,away,10,13,0,27,8,35,4,34,16,31,11,0,0,15,10,1,2,65,27,19,8,75,80,5,2,12,2400,0,0,0,14,-5.239285501738621,52.374301675977655,50.0,75,14.354066985645934,25.806451612903224,66.66666666666667,48.148148148148145,1.0833333333333333,1,9,6,75.14,55,18,2,23,3,26,5,42,22,18,6,2,2,22,16,5,8,60,28,20,12,78,82,6,1,8,2400,0,0,0,9,5.239285501738621,55.970149253731336,51.666666666666664,88,10.298661174047373,10.0,72.72727272727273,64.28571428571429,2.25,1,9,8,75.14
