gameKey,seasonName,date,n,winner,H_TEAM,H_AST,H_BLK,H_DREB,H_OREB,H_PRB,H_TRB,H_2PA,H_2PM,H_3PA,H_3PM,H_DKA,H_DKM,H_FTA,H_FTM,H_SWA,H_SWM,H_FGA,H_FGM,H_TPF,H_PF,H_PP,H_PA,H_STL,H_TTO,H_PTO,H_MIN,H_UF,H_TF,H_EJ,H_TO,H_NR,H_TS%,H_eFG%,H_EFF,H_TOV%,H_OREB%,H_FT%,H_AST%,H_AST/TO%,H_CR,H_LC,H_LLP,H_PACE,A_TEAM,A_AST,A_BLK,A_DREB,A_OREB,A_PRB,A_TRB,A_2PA,A_2PM,A_3PA,A_3PM,A_DKA,A_DKM,A_FTA,A_FTM,A_SWA,A_SWM,A_FGA,A_FGM,A_TPF,A_PF,A_PP,A_PA,A_STL,A_TTO,A_PTO,A_MIN,A_UF,A_TF,A_EJ,A_TO,A_NR,A_TS%,A_eFG%,A_EFF,A_TOV%,A_OREB%,A_FT%,A_AST%,A_AST/TO%,A_CR,A_LC,A_LLP,A_PACE
S45G01N4,2024-2025,20241020,1,home,6,0,0,0,0,0,0,0,0,0,0,0,0,0,0,0,0,0,0,0,0,0,0,0,0,0,0,0,0,0,0,0.0,0.0,0.0,0,0.0,0.0,0.0,0.0,0.0,0,0,0,0.0,35,0,0,0,0,0,0,0,0,0,0,0,0,0,0,0,0,0,0,0,0,0,0,0,0,0,0,0,0,0,0,0.0,0.0,0.0,0,0.0,0.0,0.0,0.0,0.0,0,0,0,0.0
S45G01N4,2024-2025,20241020,2,home,6,0,0,0,0,0,0,0,0,0,0,0,0,0,0,0,0,0,0,0,0,0,0,0,0,0,0,0,0,0,0,0.0,0.0,0.0,0,0.0,0.0,0.0,0.0,0.0,0,0,0,0.0,35,0,0,0,0,0,0,0,0,0,0,0,0,0,0,0,0,0,0,0,0,0,0,0,0,0,0,0,0,0,0,0.0,0.0,0.0,0,0.0,0.0,0.0,0.0,0.0,0,0,0,0.0
S45G01N4,2024-2025,20241020,3,home,6,0,0,0,0,0,0,0,0,0,0,0,0,0,0,0,0,0,0,0,0,0,0,0,0,0,0,0,0,0,0,0.0,0.0,0.0,0,0.0,0.0,0.0,0.0,0.0,0,0,0,0.0,35,0,0,0,0,0,0,0,0,0,0,0,0,0,0,0,0,0,0,0,0,0,0,0,0,0,0,0,0,0,0,0.0,0.0,0.0,0,0.0,0.0,0.0,0.0,0.0,0,0,0,0.0
S45G01N4,2024-2025,20241020,4,home,6,0,0,0,0,0,0,0,0,0,0,0,0,0,0,0,0,0,0,0,0,0,0,0,0,0,0,0,0,0,0,0.0,0.0,0.0,0,0.0,0.0,0.0,0.0,0.0,0,0,0,0.0,35,0,0,0,0,0,0,0,0,0,0,0,0,0,0,0,0,0,0,0,0,0,0,0,0,0,0,0,0,0,0,0.0,0.0,0.0,0,0.0,0.0,0.0,0.0,0.0,0,0,0,0.0
S45G01N4,2024-2025,20241020,5,home,6,0,0,0,0,0,0,0,0,0,0,0,0,0,0,0,0,0,0,0,0,0,0,0,0,0,0,0,0,0,0,0.0,0.0,0.0,0,0.0,0.0,0.0,0.0,0.0,0,0,0,0.0,35,0,0,0,0,0,0,0,0,0,0,0,0,0,0,0,0,0,0,0,0,0,0,0,0,0,0,0,0,0,0,0.0,0.0,0.0,0,0.0,0.0,0.0,0.0,0.0,0,0,0,0.0
S45G01N4,2024-2025,20241020,6,home,6,0,0,0,0,0,0,0,0,0,0,0,0,0,0,0,0,0,0,0,0,0,0,0,0,0,0,0,0,0,0,0.0,0.0,0.0,0,0.0,0.0,0.0,0.0,0.0,0,0,0,0.0,35,0,0,0,0,0,0,0,0,0,0,0,0,0,0,0,0,0,0,0,0,0,0,0,0,0,0,0,0,0,0,0.0,0.0,0.0,0,0.0,0.0,0.0,0.0,0.0,0,0,0,0.0
S45G01N4,2024-2025,20241020,7,home,6,0,0,0,0,0,0,0,0,0,0,0,0,0,0,0,0,0,0,0,0,0,0,0,0,0,0,0,0,0,0,0.0,0.0,0.0,0,0.0,0.0,0.0,0.0,0.0,0,0,0,0.0,35,0,0,0,0,0,0,0,0,0,0,0,0,0,0,0,0,0,0,0,0,0,0,0,0,0,0,0,0,0,0,0.0,0.0,0.0,0,0.0,0.0,0.0,0.0,0.0,0,0,0,0.0
S45G01N4,2024-2025,20241020,8,home,6,0,0,0,0,0,0,0,0,0,0,0,0,0,0,0,0,0,0,0,0,0,0,0,0,0,0,0,0,0,0,0.0,0.0,0.0,0,0.0,0.0,0.0,0.0,0.0,0,0,0,0.0,35,0,0,0,0,0,0,0,0,0,0,0,0,0,0,0,0,0,0,0,0,0,0,0,0,0,0,0,0,0,0,0.0,0.0,0.0,0,0.0,0.0,0.0,0.0,0.0,0,0,0,0.0
S45G01N4,2024-2025,20241020,9,home,6,0,0,0,0,0,0,0,0,0,0,0,0,0,0,0,0,0,0,0,0,0,0,0,0,0,0,0,0,0,0,0.0,0.0,0.0,0,0.0,0.0,0.0,0.0,0.0,0,0,0,0.0,35,0,0,0,0,0,0,0,0,0,0,0,0,0,0,0,0,0,0,0,0,0,0,0,0,0,0,0,0,0,0,0.0,0.0,0.0,0,0.0,0.0,0.0,0.0,0.0,0,0,0,0.0
S45G01N4,2024-2025,20241020,10,home,6,0,0,0,0,0,0,0,0,0,0,0,0,0,0,0,0,0,0,0,0,0,0,0,0,0,0,0,0,0,0,0.0,0.0,0.0,0,0.0,0.0,0.0,0.0,0.0,0,0,0,0.0,35,0,0,0,0,0,0,0,0,0,0,0,0,0,0,0,0,0,0,0,0,0,0,0,0,0,0,0,0,0,0,0.0,0.0,0.0,0,0.0,0.0,0.0,0.0,0.0,0,0,0,0.0
S45G01N4,2024-2025,20241020,11,home,6,0,0,0,0,0,0,0,0,0,0,0,0,0,0,0,0,0,0,0,0,0,0,0,0,0,0,0,0,0,0,0.0,0.0,0.0,0,0.0,0.0,0.0,0.0,0.0,0,0,0,0.0,35,0,0,0,0,0,0,0,0,0,0,0,0,0,0,0,0,0,0,0,0,0,0,0,0,0,0,0,0,0,0,0.0,0.0,0.0,0,0.0,0.0,0.0,0.0,0.0,0,0,0,0.0
S45G01N4,2024-2025,20241020,12,home,6,0,0,0,0,0,0,0,0,0,0,0,0,0,0,0,0,0,0,0,0,0,0,0,0,0,13,0,0,0,0,0.0,0.0,0.0,0,0.0,0.0,0.0,0.0,0.0,0,0,0,92.3076923076923,35,0,0,0,0,0,0,1,0,0,0,0,0,0,0,0,0,1,0,0,0,0,1,0,0,0,13,0,0,0,0,0.0,0.0,0.0,-1,0.0,0.0,0.0,0.0,0.0,0,0,0,92.3076923076923
S45G01N4,2024-2025,20241020,13,home,6,0,0,0,0,0,0,0,0,0,0,0,0,0,0,0,0,0,0,0,0,0,0,0,0,0,13,0,0,0,0,0.0,0.0,0.0,0,0.0,0.0,0.0,0.0,0.0,0,0,0,0.0,35,0,0,0,1,1,0,1,0,0,0,0,0,0,0,0,0,1,0,0,0,0,1,0,0,0,13,0,0,0,0,0.0,0.0,0.0,0,0.0,100.0,0.0,0.0,0.0,0,0,0,0.0
S45G01N4,2024-2025,20241020,14,home,6,0,0,0,0,0,0,0,0,0,0,0,0,0,0,0,0,0,0,1,1,0,0,0,0,0,13,0,0,0,0,0.0,0.0,0.0,0,0.0,0.0,0.0,0.0,0.0,0,0,0,0.0,35,0,0,0,1,1,0,1,0,0,0,0,0,0,0,0,0,1,0,0,0,0,1,0,0,0,13,0,0,0,0,0.0,0.0,0.0,0,0.0,100.0,0.0,0.0,0.0,0,0,0,0.0
S45G01N4,2024-2025,20241020,15,home,6,0,0,0,0,0,0,0,0,0,0,0,0,0,0,0,0,0,0,1,1,0,0,0,0,0,13,0,0,0,0,0.0,0.0,0.0,0,0.0,0.0,0.0,0.0,0.0,0,0,0,0.0,35,0,0,0,1,1,0,1,0,0,0,0,0,0,0,0,0,1,0,0,0,0,1,0,0,0,13,0,0,0,0,0.0,0.0,0.0,0,0.0,100.0,0.0,0.0,0.0,0,0,0,0.0
S45G01N4,2024-2025,20241020,16,home,6,0,0,0,0,0,0,0,0,0,0,0,0,0,0,0,0,0,0,2,1,0,0,0,0,0,22,0,0,0,0,0.0,0.0,0.0,0,0.0,0.0,0.0,0.0,0.0,0,0,0,0.0,35,0,0,0,1,1,0,1,0,0,0,0,0,0,0,0,0,1,0,0,0,0,1,0,0,0,22,0,0,0,0,0.0,0.0,0.0,0,0.0,100.0,0.0,0.0,0.0,0,0,0,0.0
S45G01N4,2024-2025,20241020,17,home,6,0,0,0,0,0,0,0,0,0,0,0,0,0,0,0,0,0,0,2,1,0,0,0,0,0,22,0,0,0,0,0.0,0.0,0.0,0,0.0,0.0,0.0,0.0,0.0,0,0,0,0.0,35,0,0,0,1,1,0,1,0,0,0,0,0,0,0,0,0,1,0,0,0,0,1,0,0,0,22,0,0,0,0,0.0,0.0,0.0,0,0.0,100.0,0.0,0.0,0.0,0,0,0,0.0
S45G01N4,2024-2025,20241020,18,home,6,0,0,0,0,0,0,0,0,0,0,0,0,0,0,0,0,0,0,2,1,0,0,0,0,0,22,0,0,0,0,0.0,0.0,0.0,0,0.0,0.0,0.0,0.0,0.0,0,0,0,23.999999999999996,35,0,0,0,1,1,0,1,0,0,0,0,0,1,0,0,0,1,0,0,0,0,2,0,0,0,22,0,0,0,0,0.0,0.0,0.0,-1,0.0,100.0,0.0,0.0,0.0,0,0,0,23.999999999999996
S45G01N4,2024-2025,20241020,19,home,6,0,0,0,0,0,0,0,0,0,0,0,0,0,0,0,0,0,0,2,1,0,0,0,0,0,23,0,0,0,0,0.0,0.0,0.0,0,0.0,0.0,0.0,0.0,0.0,0,0,0,45.91304347826086,35,0,0,0,1,1,0,1,0,0,0,0,0,2,0,0,0,1,0,0,0,0,3,0,0,0,23,0,0,0,0,0.0,0.0,0.0,-2,0.0,100.0,0.0,0.0,0.0,0,0,0,45.91304347826086
S45G01N4,2024-2025,20241020,20,home,6,0,0,1,0,1,0,0,0,0,0,0,0,0,0,0,0,0,0,2,1,0,0,0,0,0,24,0,0,0,0,0.0,0.0,0.0,1,0.0,0.0,0.0,0.0,0.0,0,0,0,43.99999999999999,35,0,0,0,1,1,0,1,0,0,0,0,0,2,0,0,0,1,0,0,0,0,3,0,0,0,24,0,0,0,0,0.0,0.0,0.0,-2,0.0,50.0,0.0,0.0,0.0,0,0,0,43.99999999999999
S45G01N4,2024-2025,20241020,21,home,6,0,0,1,0,1,0,0,0,1,0,0,0,0,0,0,0,1,0,2,1,0,1,0,0,0,42,0,0,0,0,0.0,0.0,0.0,0,0.0,0.0,0.0,0.0,0.0,0,0,0,53.714285714285715,35,0,0,0,1,1,0,1,0,0,0,0,0,2,0,0,0,1,0,0,0,0,3,0,0,0,42,0,0,0,0,0.0,0.0,0.0,-2,0.0,50.0,0.0,0.0,0.0,0,0,0,53.714285714285715
S45G01N4,2024-2025,20241020,22,home,6,0,0,1,0,1,0,0,0,1,0,0,0,0,0,0,0,1,0,2,1,0,1,0,0,0,44,0,0,0,0,0.0,0.0,0.0,0,0.0,0.0,0.0,0.0,0.0,0,0,0,51.27272727272727,35,0,0,1,1,2,0,1,0,0,0,0,0,2,0,0,0,1,0,0,0,0,3,0,0,0,44,0,0,0,0,0.0,0.0,0.0,-1,0.0,50.0,0.0,0.0,0.0,0,0,0,51.27272727272727
S45G01N4,2024-2025,20241020,23,home,6,0,0,1,0,1,0,0,0,1,0,0,0,0,0,0,0,1,0,2,1,0,1,0,0,0,58,0,0,0,0,0.0,0.0,0.0,0,0.0,0.0,0.0,0.0,0.0,0,0,0,59.58620689655172,35,0,0,1,1,2,0,2,0,0,0,0,0,2,0,0,0,2,0,0,0,0,4,0,0,0,58,0,0,0,0,0.0,0.0,0.0,-2,0.0,50.0,0.0,0.0,0.0,0,0,0,59.58620689655172
S45G01N4,2024-2025,20241020,24,home,6,0,0,2,0,2,0,0,0,1,0,0,0,0,0,0,0,1,0,2,1,0,1,0,0,0,59,0,0,0,0,0.0,0.0,0.0,1,0.0,0.0,0.0,0.0,0.0,0,0,0,58.57627118644067,35,0,0,1,1,2,0,2,0,0,0,0,0,2,0,0,0,2,0,0,0,0,4,0,0,0,59,0,0,0,0,0.0,0.0,0.0,-2,0.0,33.333333333333336,0.0,0.0,0.0,0,0,0,58.57627118644067
S45G01N4,2024-2025,20241020,25,home,6,0,0,2,0,2,0,1,1,1,0,0,0,0,0,0,0,2,1,2,1,2,2,0,0,0,64,0,0,0,0,100.0,50.0,50.0,3,0.0,0.0,0.0,0.0,0.0,2,1,2,72.75,35,0,0,1,1,2,0,2,0,0,0,0,0,2,0,0,0,2,0,0,0,0,4,0,0,0,64,0,0,0,0,-100.0,0.0,0.0,-2,0.0,33.333333333333336,0.0,0.0,0.0,2,1,0,72.75
S45G01N4,2024-2025,20241020,26,home,6,1,0,2,0,2,0,1,1,1,0,0,0,0,0,0,0,2,1,2,1,2,2,0,0,0,64,0,0,0,0,100.0,50.0,50.0,4,0.0,0.0,0.0,100.0,0.0,2,1,2,72.75,35,0,0,1,1,2,0,2,0,0,0,0,0,2,0,0,0,2,0,0,0,0,4,0,0,0,64,0,0,0,0,-100.0,0.0,0.0,-2,0.0,33.333333333333336,0.0,0.0,0.0,2,1,0,72.75
S45G01N4,2024-2025,20241020,27,home,6,1,0,2,0,2,0,1,1,1,0,0,0,0,0,1,2,2,1,2,1,2,2,0,0,0,65,0,0,0,0,100.0,50.0,50.0,4,0.0,0.0,0.0,100.0,0.0,2,1,2,71.63076923076922,35,0,0,1,1,2,0,2,0,0,0,0,0,2,0,0,0,2,0,0,0,0,4,0,0,0,65,0,0,0,0,-100.0,0.0,0.0,-2,0.0,33.333333333333336,0.0,0.0,0.0,2,1,0,71.63076923076922
S45G01N4,2024-2025,20241020,28,home,6,1,0,2,0,2,0,1,1,1,0,0,0,0,0,1,2,2,1,2,1,2,2,0,0,0,80,0,0,0,0,100.0,50.0,50.0,4,0.0,0.0,0.0,100.0,0.0,2,1,2,73.2,35,0,0,1,1,2,0,3,0,0,0,0,0,2,0,0,0,3,0,0,0,0,5,0,0,0,80,0,0,0,0,-100.0,0.0,0.0,-3,0.0,33.333333333333336,0.0,0.0,0.0,2,1,0,73.2
S45G01N4,2024-2025,20241020,29,home,6,1,0,2,0,2,0,1,1,1,0,0,0,0,0,1,2,2,1,2,1,2,2,0,0,0,82,0,0,0,0,100.0,50.0,50.0,4,0.0,0.0,0.0,100.0,0.0,2,1,2,56.78048780487805,35,0,0,1,2,3,0,3,0,0,0,0,0,2,0,0,0,3,0,0,0,0,5,0,0,0,82,0,0,0,0,-100.0,0.0,0.0,-2,0.0,50.0,0.0,0.0,0.0,2,1,0,56.78048780487805
S45G01N4,2024-2025,20241020,30,home,6,1,0,2,0,2,0,1,1,1,0,0,0,0,0,1,2,2,1,2,1,2,2,0,0,0,86,0,0,0,0,100.0,50.0,50.0,4,0.0,0.0,0.0,100.0,0.0,2,1,2,68.09302325581395,35,0,0,1,2,3,0,4,0,0,0,0,0,2,0,0,0,4,0,0,0,0,6,0,0,0,86,0,0,0,0,-100.0,0.0,0.0,-3,0.0,50.0,0.0,0.0,0.0,2,1,0,68.09302325581395
S45G01N4,2024-2025,20241020,31,home,6,1,0,2,0,2,0,1,1,1,0,0,0,0,0,1,2,2,1,2,1,2,2,0,0,0,87,0,0,0,0,100.0,50.0,50.0,4,0.0,0.0,0.0,100.0,0.0,2,1,2,53.51724137931034,35,0,0,1,3,4,0,4,0,0,0,0,0,2,0,0,0,4,0,0,0,0,6,0,0,0,87,0,0,0,0,-100.0,0.0,0.0,-2,0.0,60.0,0.0,0.0,0.0,2,1,0,53.51724137931034
S45G01N4,2024-2025,20241020,32,home,6,1,0,2,0,2,0,1,1,1,0,0,0,0,0,1,2,2,1,2,1,2,2,0,0,0,88,0,0,0,0,100.0,50.0,50.0,4,0.0,0.0,0.0,100.0,0.0,2,1,2,66.54545454545455,35,0,0,1,3,4,0,5,0,0,0,0,0,2,0,0,0,5,0,0,0,0,7,0,0,0,88,0,0,0,0,-100.0,0.0,0.0,-3,0.0,60.0,0.0,0.0,0.0,2,1,0,66.54545454545455
S45G01N4,2024-2025,20241020,33,home,6,1,0,2,0,2,0,1,1,1,0,0,0,0,0,1,2,2,1,2,1,2,2,0,0,0,90,0,0,0,0,100.0,50.0,50.0,4,0.0,0.0,0.0,100.0,0.0,2,1,2,51.733333333333334,35,0,0,1,4,5,0,5,0,0,0,0,0,2,0,0,0,5,0,0,0,0,7,0,0,0,90,0,0,0,0,-100.0,0.0,0.0,-2,0.0,66.66666666666667,0.0,0.0,0.0,2,1,0,51.733333333333334
S45G01N4,2024-2025,20241020,34,home,6,1,0,2,0,2,0,1,1,1,0,0,0,0,0,1,2,2,1,3,1,2,2,0,0,0,91,0,0,0,0,100.0,50.0,50.0,4,0.0,0.0,0.0,100.0,0.0,2,1,2,51.16483516483516,35,0,0,1,4,5,0,5,0,0,0,0,0,2,0,0,0,5,0,0,0,0,7,0,0,0,91,0,0,0,0,-100.0,0.0,0.0,-2,0.0,66.66666666666667,0.0,0.0,0.0,2,1,0,51.16483516483516
S45G01N4,2024-2025,20241020,35,home,6,1,0,2,0,2,0,1,1,1,0,0,0,0,0,1,2,2,1,3,1,2,2,0,0,0,91,0,0,0,0,100.0,50.0,50.0,4,0.0,0.0,0.0,100.0,0.0,2,1,2,51.16483516483516,35,0,0,1,4,5,0,5,0,0,0,0,0,2,0,0,0,5,0,0,0,0,7,0,0,0,91,0,0,0,0,-100.0,0.0,0.0,-2,0.0,66.66666666666667,0.0,0.0,0.0,2,1,0,51.16483516483516
S45G01N4,2024-2025,20241020,36,home,6,1,0,2,0,2,0,1,1,1,0,0,0,0,0,1,2,2,1,3,1,2,2,0,0,0,91,0,0,0,0,100.0,50.0,50.0,4,0.0,0.0,0.0,100.0,0.0,2,1,2,56.96703296703297,35,0,0,1,4,5,0,5,0,0,0,0,0,3,0,0,0,5,0,0,0,0,8,0,0,0,91,0,0,0,0,-100.0,0.0,0.0,-3,0.0,66.66666666666667,0.0,0.0,0.0,2,1,0,56.96703296703297
S45G01N4,2024-2025,20241020,37,home,6,1,0,2,0,2,0,1,1,1,0,0,0,0,0,1,2,2,1,3,1,2,2,0,0,0,91,0,0,0,0,63.768115942028984,50.0,50.0,4,0.0,0.0,0.0,100.0,0.0,1,1,2,62.76923076923077,35,0,0,1,4,5,0,5,0,0,0,0,0,4,1,0,0,5,0,0,0,1,9,0,0,0,91,0,0,0,0,-63.768115942028984,7.396449704142012,0.0,-2,0.0,66.66666666666667,25.0,0.0,0.0,1,1,0,62.76923076923077
S45G01N4,2024-2025,20241020,38,home,6,1,0,2,0,2,0,1,1,1,0,0,0,0,0,1,2,2,1,3,1,2,2,0,0,0,91,0,0,0,0,63.768115942028984,50.0,50.0,4,0.0,0.0,0.0,100.0,0.0,1,1,2,62.76923076923077,35,1,0,1,4,5,0,5,0,0,0,0,0,4,1,0,0,5,0,0,0,1,9,0,0,0,91,0,0,0,0,-63.768115942028984,7.396449704142012,0.0,-1,0.0,66.66666666666667,25.0,0.0,0.0,1,1,0,62.76923076923077
S45G01N4,2024-2025,20241020,39,home,6,1,0,2,0,2,0,1,1,1,0,0,0,0,0,1,2,2,1,3,1,2,2,0,0,0,91,0,0,0,0,63.768115942028984,50.0,50.0,4,0.0,0.0,0.0,100.0,0.0,1,1,2,62.76923076923077,35,1,0,1,4,5,0,5,0,0,0,0,0,4,1,0,0,5,0,0,0,1,9,0,0,0,91,0,0,0,0,-63.768115942028984,7.396449704142012,0.0,-1,0.0,66.66666666666667,25.0,0.0,0.0,1,1,0,62.76923076923077
S45G01N4,2024-2025,20241020,40,home,6,1,0,2,0,2,0,1,1,1,0,0,0,0,0,1,2,2,1,3,1,2,2,0,0,0,91,0,0,0,0,63.768115942028984,50.0,50.0,4,0.0,0.0,0.0,100.0,0.0,1,1,2,62.76923076923077,35,1,0,1,4,5,0,5,0,0,0,0,0,4,1,0,0,5,0,0,0,1,9,0,0,0,91,0,0,0,0,-63.768115942028984,7.396449704142012,0.0,-1,0.0,66.66666666666667,25.0,0.0,0.0,1,1,0,62.76923076923077
S45G01N4,2024-2025,20241020,41,home,6,1,0,2,0,2,0,2,1,1,0,0,0,0,0,1,2,3,1,3,1,2,3,0,0,0,105,0,0,0,0,30.434782608695656,33.333333333333336,33.333333333333336,3,0.0,0.0,0.0,100.0,0.0,1,1,2,65.82857142857142,35,1,0,1,4,5,0,5,0,0,0,0,0,4,1,0,0,5,0,0,0,1,9,0,0,0,105,0,0,0,0,-30.434782608695656,7.396449704142012,0.0,-1,0.0,66.66666666666667,25.0,0.0,0.0,1,1,0,65.82857142857142
S45G01N4,2024-2025,20241020,42,home,6,1,0,2,1,3,0,2,1,1,0,0,0,0,0,1,2,3,1,3,1,2,3,0,0,0,106,0,0,0,0,63.768115942028984,33.333333333333336,33.333333333333336,4,0.0,50.0,0.0,100.0,0.0,1,1,2,53.886792452830186,35,1,0,1,4,5,0,5,0,0,0,0,0,4,1,0,0,5,0,0,0,1,9,0,0,0,106,0,0,0,0,-63.768115942028984,7.396449704142012,0.0,-1,0.0,66.66666666666667,25.0,0.0,0.0,1,1,0,53.886792452830186
S45G01N4,2024-2025,20241020,43,home,6,1,0,2,1,3,0,3,2,1,0,0,0,0,0,1,2,4,2,3,1,4,4,0,0,0,106,0,0,0,0,97.10144927536233,50.0,50.0,6,0.0,50.0,0.0,50.0,0.0,2,1,3,65.20754716981132,35,1,0,1,4,5,0,5,0,0,0,0,0,4,1,0,0,5,0,0,0,1,9,0,0,0,106,0,0,0,0,-97.10144927536233,7.396449704142012,0.0,-1,0.0,66.66666666666667,25.0,0.0,0.0,2,1,0,65.20754716981132
S45G01N4,2024-2025,20241020,44,home,6,1,0,2,1,3,0,3,2,1,0,0,0,0,0,1,2,4,2,3,1,4,4,0,0,0,127,0,0,0,0,106.73758865248227,50.0,50.0,6,0.0,50.0,0.0,50.0,0.0,2,1,3,63.87401574803149,35,1,0,1,4,5,0,5,0,0,0,0,0,4,1,0,0,5,0,0,0,1,9,0,0,1,127,0,0,0,1,-106.73758865248227,7.396449704142012,0.0,-2,12.88659793814433,66.66666666666667,25.0,0.0,1.0,2,1,0,63.87401574803149
S45G01N4,2024-2025,20241020,45,home,6,1,0,2,1,3,0,3,2,1,0,0,0,0,0,1,2,4,2,3,1,4,4,0,0,1,141,0,0,0,1,73.40425531914893,50.0,50.0,5,20.0,50.0,0.0,50.0,1.0,2,1,3,66.04255319148936,35,1,0,1,4,5,0,5,0,0,0,0,0,4,1,0,0,5,0,0,0,1,9,0,0,1,141,0,0,0,1,-73.40425531914893,7.396449704142012,0.0,-2,12.88659793814433,66.66666666666667,25.0,0.0,1.0,2,1,0,66.04255319148936
S45G01N4,2024-2025,20241020,46,home,6,1,0,2,1,3,0,3,2,1,0,0,0,0,0,1,2,4,2,3,1,4,4,0,0,1,156,0,0,0,1,36.97478991596638,50.0,50.0,5,20.0,50.0,0.0,50.0,1.0,2,1,3,67.38461538461539,35,1,0,1,4,5,0,6,1,0,0,0,0,4,1,0,0,6,1,0,0,3,10,0,0,1,156,0,0,0,1,-36.97478991596638,19.329896907216494,16.666666666666668,0,11.415525114155251,66.66666666666667,25.0,100.0,1.0,2,1,0,67.38461538461539
S45G01N4,2024-2025,20241020,47,home,6,1,0,2,1,3,0,3,2,2,0,0,0,0,0,1,2,5,2,3,1,4,5,0,0,1,172,0,0,0,1,16.974789915966383,40.0,40.0,4,16.666666666666668,50.0,0.0,50.0,1.0,2,1,3,68.09302325581395,35,1,0,1,4,5,0,6,1,0,0,0,0,4,1,0,0,6,1,0,0,3,10,0,0,1,172,0,0,0,1,-16.974789915966383,19.329896907216494,16.666666666666668,0,11.415525114155251,66.66666666666667,25.0,100.0,1.0,2,1,0,68.09302325581395
S45G01N4,2024-2025,20241020,48,home,6,1,0,2,1,3,0,3,2,2,0,0,0,0,0,1,2,5,2,3,1,4,5,0,0,1,174,0,0,0,1,16.974789915966383,40.0,40.0,4,16.666666666666668,33.333333333333336,0.0,50.0,1.0,2,1,3,67.3103448275862,35,1,0,2,4,6,0,6,1,0,0,0,0,4,1,0,0,6,1,0,0,3,10,0,0,1,174,0,0,0,1,-16.974789915966383,19.329896907216494,16.666666666666668,1,11.415525114155251,66.66666666666667,25.0,100.0,1.0,2,1,0,67.3103448275862
S45G01N4,2024-2025,20241020,49,home,6,1,0,2,1,3,0,3,2,2,0,0,0,0,0,1,2,5,2,3,1,4,5,0,0,1,185,0,0,0,1,27.916666666666664,40.0,40.0,4,16.666666666666668,33.333333333333336,0.0,50.0,1.0,2,1,3,69.7945945945946,35,1,0,2,4,6,0,7,1,0,0,0,0,4,1,0,0,7,1,0,0,3,11,0,0,1,185,0,0,0,1,-27.916666666666664,17.123287671232877,14.285714285714286,0,10.245901639344263,66.66666666666667,25.0,100.0,1.0,2,1,0,69.7945945945946
S45G01N4,2024-2025,20241020,50,home,6,1,0,3,1,4,0,3,2,2,0,0,0,0,0,1,2,5,2,3,1,4,5,0,0,1,186,0,0,0,1,27.916666666666664,40.0,40.0,5,16.666666666666668,33.333333333333336,0.0,50.0,1.0,2,1,3,69.41935483870967,35,1,0,2,4,6,0,7,1,0,0,0,0,4,1,0,0,7,1,0,0,3,11,0,0,1,186,0,0,0,1,-27.916666666666664,17.123287671232877,14.285714285714286,0,10.245901639344263,57.142857142857146,25.0,100.0,1.0,2,1,0,69.41935483870967
S45G01N4,2024-2025,20241020,51,home,6,1,0,3,1,4,0,3,2,2,0,0,0,0,0,1,2,5,2,3,1,4,5,0,0,1,186,0,0,0,1,27.916666666666664,40.0,40.0,5,16.666666666666668,33.333333333333336,0.0,50.0,1.0,2,1,3,69.41935483870967,35,1,0,2,4,6,0,7,1,0,0,0,0,4,1,0,0,7,1,1,1,3,11,0,0,1,186,0,0,0,1,-27.916666666666664,17.123287671232877,14.285714285714286,0,10.245901639344263,57.142857142857146,25.0,100.0,1.0,2,1,0,69.41935483870967
S45G01N4,2024-2025,20241020,52,home,6,1,0,3,1,4,0,3,2,2,0,0,0,0,0,1,2,5,2,3,1,4,5,0,0,1,186,0,0,0,1,27.916666666666664,40.0,40.0,5,16.666666666666668,33.333333333333336,0.0,50.0,1.0,2,1,3,69.41935483870967,35,1,0,2,4,6,0,7,1,0,0,0,0,4,1,0,0,7,1,1,1,3,11,0,0,1,186,0,0,0,1,-27.916666666666664,17.123287671232877,14.285714285714286,0,10.245901639344263,57.142857142857146,25.0,100.0,1.0,2,1,0,69.41935483870967
S45G01N4,2024-2025,20241020,53,home,6,1,0,3,1,4,0,4,2,2,0,0,0,0,0,1,2,6,2,3,1,4,6,0,0,1,208,0,0,0,1,14.583333333333336,33.333333333333336,33.333333333333336,4,14.285714285714286,33.333333333333336,0.0,50.0,1.0,2,1,3,67.84615384615384,35,1,0,2,4,6,0,7,1,0,0,0,0,4,1,0,0,7,1,1,1,3,11,0,0,1,208,0,0,0,1,-14.583333333333336,17.123287671232877,14.285714285714286,0,10.245901639344263,57.142857142857146,25.0,100.0,1.0,2,1,0,67.84615384615384
S45G01N4,2024-2025,20241020,54,home,6,1,0,3,1,4,0,4,2,2,0,0,0,0,0,1,2,6,2,3,1,4,6,0,0,1,209,0,0,0,1,14.583333333333336,33.333333333333336,33.333333333333336,4,14.285714285714286,33.333333333333336,0.0,50.0,1.0,2,1,3,67.52153110047847,35,1,1,2,4,6,0,7,1,0,0,0,0,4,1,0,0,7,1,1,1,3,11,0,0,1,209,0,0,0,1,-14.583333333333336,17.123287671232877,14.285714285714286,1,10.245901639344263,57.142857142857146,25.0,100.0,1.0,2,1,0,67.52153110047847
S45G01N4,2024-2025,20241020,55,home,6,1,0,3,1,4,0,4,2,2,0,0,0,0,0,1,2,6,2,3,1,4,6,0,0,1,210,0,0,0,1,14.583333333333336,33.333333333333336,33.333333333333336,4,14.285714285714286,25.0,0.0,50.0,1.0,2,1,3,67.2,35,1,1,3,4,7,0,7,1,0,0,0,0,4,1,0,0,7,1,1,1,3,11,0,0,1,210,0,0,0,1,-14.583333333333336,17.123287671232877,14.285714285714286,2,10.245901639344263,57.142857142857146,25.0,100.0,1.0,2,1,0,67.2
S45G01N4,2024-2025,20241020,56,home,6,1,0,3,1,4,0,4,2,2,0,0,0,0,0,1,2,6,2,3,1,4,6,0,0,1,222,0,0,0,1,-7.297830374753445,33.333333333333336,33.333333333333336,4,14.285714285714286,25.0,0.0,50.0,1.0,4,2,3,68.97297297297297,35,1,1,3,4,7,0,8,2,0,0,0,0,4,1,0,0,8,2,1,1,5,12,0,0,1,222,0,0,0,1,7.297830374753445,25.614754098360656,25.0,4,9.29368029739777,57.142857142857146,25.0,50.0,1.0,4,2,1,68.97297297297297
S45G01N4,2024-2025,20241020,57,home,6,1,0,3,1,4,0,4,2,2,0,0,0,0,0,1,2,6,2,3,1,4,6,0,0,1,222,0,0,0,1,-7.297830374753445,33.333333333333336,33.333333333333336,4,14.285714285714286,25.0,0.0,50.0,1.0,4,2,3,68.97297297297297,35,2,1,3,4,7,0,8,2,0,0,0,0,4,1,0,0,8,2,1,1,5,12,0,0,1,222,0,0,0,1,7.297830374753445,25.614754098360656,25.0,5,9.29368029739777,57.142857142857146,25.0,100.0,2.0,4,2,1,68.97297297297297
S45G01N4,2024-2025,20241020,58,home,6,1,0,3,1,4,0,5,2,2,0,0,0,0,0,1,2,7,2,3,1,4,7,0,0,1,237,0,0,0,1,-16.82163989856297,28.571428571428573,28.571428571428573,3,12.5,25.0,0.0,50.0,1.0,4,2,3,69.67088607594937,35,2,1,3,4,7,0,8,2,0,0,0,0,4,1,0,0,8,2,1,1,5,12,0,0,1,237,0,0,0,1,16.82163989856297,25.614754098360656,25.0,5,9.29368029739777,57.142857142857146,25.0,100.0,2.0,4,2,1,69.67088607594937
S45G01N4,2024-2025,20241020,59,home,6,1,0,3,1,4,0,5,2,2,0,0,0,0,0,1,2,7,2,3,1,4,7,0,0,1,238,0,0,0,1,-16.82163989856297,28.571428571428573,28.571428571428573,3,12.5,20.0,0.0,50.0,1.0,4,2,3,69.3781512605042,35,2,1,4,4,8,0,8,2,0,0,0,0,4,1,0,0,8,2,1,1,5,12,0,0,1,238,0,0,0,1,16.82163989856297,25.614754098360656,25.0,6,9.29368029739777,57.142857142857146,25.0,100.0,2.0,4,2,1,69.3781512605042
S45G01N4,2024-2025,20241020,60,home,6,1,0,3,1,4,0,5,2,2,0,0,0,0,0,1,2,7,2,3,1,4,7,0,0,1,246,0,0,0,1,-7.290132547864509,28.571428571428573,28.571428571428573,3,12.5,20.0,0.0,50.0,1.0,4,2,3,72.0,35,2,1,4,4,8,0,8,2,1,0,0,0,4,1,0,0,9,2,1,1,5,13,0,0,1,246,0,0,0,1,7.290132547864509,23.234200743494423,22.22222222222222,5,8.503401360544219,57.142857142857146,25.0,100.0,2.0,4,2,1,72.0
S45G01N4,2024-2025,20241020,61,home,6,1,0,4,1,5,0,5,2,2,0,0,0,0,0,1,2,7,2,3,1,4,7,0,0,1,247,0,0,0,1,-7.290132547864509,28.571428571428573,28.571428571428573,4,12.5,20.0,0.0,50.0,1.0,4,2,3,71.70850202429149,35,2,1,4,4,8,0,8,2,1,0,0,0,4,1,0,0,9,2,1,1,5,13,0,0,1,247,0,0,0,1,7.290132547864509,23.234200743494423,22.22222222222222,5,8.503401360544219,50.0,25.0,100.0,2.0,4,2,1,71.70850202429149
S45G01N4,2024-2025,20241020,62,home,6,1,0,4,1,5,0,6,3,2,0,0,0,0,0,1,2,8,3,3,1,6,8,0,0,1,256,0,0,0,1,10.567010309278345,37.5,37.5,6,11.11111111111111,20.0,0.0,33.333333333333336,1.0,2,3,3,73.875,35,2,1,4,4,8,0,8,2,1,0,0,0,4,1,0,0,9,2,1,1,5,13,0,0,1,256,0,0,0,1,-10.567010309278345,23.234200743494423,22.22222222222222,5,8.503401360544219,50.0,25.0,100.0,2.0,2,3,1,73.875
S45G01N4,2024-2025,20241020,63,home,6,1,0,4,1,5,0,6,3,2,0,0,0,0,0,1,2,8,3,3,1,6,8,0,0,1,278,0,0,0,1,17.922374429223744,37.5,37.5,6,11.11111111111111,20.0,0.0,33.333333333333336,1.0,2,3,3,72.34532374100718,35,2,1,4,4,8,0,8,2,2,0,0,0,4,1,0,0,10,2,1,1,5,14,0,0,1,278,0,0,0,1,-17.922374429223744,21.258503401360546,20.0,4,7.836990595611286,50.0,25.0,100.0,2.0,2,3,1,72.34532374100718
S45G01N4,2024-2025,20241020,64,home,6,1,0,5,1,6,0,6,3,2,0,0,0,0,0,1,2,8,3,3,1,6,8,0,0,1,279,0,0,0,1,17.922374429223744,37.5,37.5,7,11.11111111111111,20.0,0.0,33.333333333333336,1.0,2,3,3,72.08602150537634,35,2,1,4,4,8,0,8,2,2,0,0,0,4,1,0,0,10,2,1,1,5,14,0,0,1,279,0,0,0,1,-17.922374429223744,21.258503401360546,20.0,4,7.836990595611286,44.44444444444444,25.0,100.0,2.0,2,3,1,72.08602150537634
S45G01N4,2024-2025,20241020,65,home,6,1,0,5,1,6,0,6,3,2,0,0,0,0,0,1,2,8,3,3,1,6,8,0,0,2,286,0,0,0,2,9.589041095890416,37.5,37.5,6,20.0,20.0,0.0,33.333333333333336,0.5,2,3,3,74.5174825174825,35,2,1,4,4,8,0,8,2,2,0,0,0,4,1,0,0,10,2,1,1,5,14,0,0,1,286,0,0,0,1,-9.589041095890416,21.258503401360546,20.0,4,7.836990595611286,44.44444444444444,25.0,100.0,2.0,2,3,1,74.5174825174825
S45G01N4,2024-2025,20241020,66,home,6,1,0,5,1,6,0,6,3,2,0,0,0,0,0,1,2,8,3,3,1,6,8,0,0,2,287,0,0,0,2,9.589041095890416,37.5,37.5,6,20.0,20.0,0.0,33.333333333333336,0.5,2,3,3,74.25783972125436,35,2,1,4,4,8,0,8,2,2,0,0,0,4,1,0,0,10,2,1,1,5,14,1,0,1,287,0,0,0,1,-9.589041095890416,21.258503401360546,20.0,5,7.836990595611286,44.44444444444444,25.0,100.0,2.0,2,3,1,74.25783972125436
S45G01N4,2024-2025,20241020,67,home,6,1,0,5,1,6,0,6,3,2,0,0,0,0,0,1,2,8,3,4,2,6,8,0,0,2,296,0,0,0,2,9.589041095890416,37.5,37.5,6,20.0,20.0,0.0,33.333333333333336,0.5,2,3,3,72.0,35,2,1,4,4,8,0,8,2,2,0,0,0,4,1,0,0,10,2,1,1,5,14,1,0,1,296,0,0,0,1,-9.589041095890416,21.258503401360546,20.0,5,7.836990595611286,44.44444444444444,25.0,100.0,2.0,2,3,1,72.0
S45G01N4,2024-2025,20241020,68,home,6,1,0,5,1,6,0,6,3,2,0,0,0,0,0,1,2,8,3,4,2,6,8,0,0,2,296,0,0,0,2,9.589041095890416,37.5,37.5,6,20.0,20.0,0.0,33.333333333333336,0.5,2,3,3,72.0,35,2,1,4,4,8,0,8,2,2,0,0,0,4,1,0,0,10,2,1,1,5,14,1,0,1,296,0,0,0,1,-9.589041095890416,21.258503401360546,20.0,5,7.836990595611286,44.44444444444444,25.0,100.0,2.0,2,3,1,72.0
S45G01N4,2024-2025,20241020,69,home,6,1,0,5,1,6,0,6,3,2,0,0,0,0,0,1,2,8,3,4,2,6,8,0,0,2,296,0,0,0,2,9.589041095890416,37.5,37.5,6,20.0,20.0,0.0,33.333333333333336,0.5,2,3,3,72.0,35,2,1,4,4,8,0,8,2,2,0,0,0,4,1,0,0,10,2,1,1,5,14,1,0,1,296,0,0,0,1,-9.589041095890416,21.258503401360546,20.0,5,7.836990595611286,44.44444444444444,25.0,100.0,2.0,2,3,1,72.0
S45G01N4,2024-2025,20241020,70,home,6,1,0,5,1,6,0,6,3,2,0,0,0,0,0,1,2,8,3,4,2,6,8,0,0,2,296,0,0,0,2,9.589041095890416,37.5,37.5,6,20.0,20.0,0.0,33.333333333333336,0.5,2,3,3,72.0,35,2,1,4,4,8,0,8,2,2,0,0,0,4,1,0,0,10,2,1,1,5,14,1,0,1,296,0,0,0,1,-9.589041095890416,21.258503401360546,20.0,5,7.836990595611286,44.44444444444444,25.0,100.0,2.0,2,3,1,72.0
S45G01N4,2024-2025,20241020,71,home,6,1,0,5,1,6,0,6,3,2,0,0,0,0,0,1,2,8,3,4,2,6,8,0,0,2,296,0,0,0,2,9.589041095890416,37.5,37.5,6,20.0,20.0,0.0,33.333333333333336,0.5,2,3,3,72.0,35,2,1,4,4,8,0,8,2,2,0,0,0,4,1,0,0,10,2,1,1,5,14,1,0,1,296,0,0,0,1,-9.589041095890416,21.258503401360546,20.0,5,7.836990595611286,44.44444444444444,25.0,100.0,2.0,2,3,1,72.0
S45G01N4,2024-2025,20241020,72,home,6,1,0,5,1,6,0,6,3,2,0,0,0,0,0,1,2,8,3,4,2,6,8,0,0,2,296,0,0,0,2,9.589041095890416,37.5,37.5,6,20.0,20.0,0.0,33.333333333333336,0.5,2,3,3,72.0,35,2,1,4,4,8,0,8,2,2,0,0,0,4,1,0,0,10,2,1,1,5,14,1,0,1,296,0,0,0,1,-9.589041095890416,21.258503401360546,20.0,5,7.836990595611286,44.44444444444444,25.0,100.0,2.0,2,3,1,72.0
S45G01N4,2024-2025,20241020,73,home,6,1,0,5,1,6,0,6,3,2,0,0,0,0,0,1,2,8,3,4,2,6,8,0,0,2,306,0,0,0,2,15.43715846994536,37.5,37.5,6,20.0,20.0,0.0,33.333333333333336,0.5,2,3,3,73.56862745098039,35,2,1,4,4,8,0,8,2,3,0,0,0,4,1,0,0,11,2,1,1,5,15,1,0,1,306,0,0,0,1,-15.43715846994536,19.592476489028215,18.181818181818183,4,7.267441860465117,44.44444444444444,25.0,100.0,2.0,2,3,1,73.56862745098039
S45G01N4,2024-2025,20241020,74,home,6,1,0,6,1,7,0,6,3,2,0,0,0,0,0,1,2,8,3,4,2,6,8,0,0,2,308,0,0,0,2,15.43715846994536,37.5,37.5,7,20.0,20.0,0.0,33.333333333333336,0.5,2,3,3,73.09090909090908,35,2,1,4,4,8,0,8,2,3,0,0,0,4,1,0,0,11,2,1,1,5,15,1,0,1,308,0,0,0,1,-15.43715846994536,19.592476489028215,18.181818181818183,4,7.267441860465117,40.0,25.0,100.0,2.0,2,3,1,73.09090909090908
S45G01N4,2024-2025,20241020,75,home,6,1,0,6,1,7,0,7,4,2,0,0,0,0,0,1,2,9,4,4,2,8,9,0,0,2,318,0,0,0,2,28.770491803278688,44.44444444444444,44.44444444444444,9,18.181818181818183,20.0,0.0,25.0,0.5,4,3,3,74.56603773584905,35,2,1,4,4,8,0,8,2,3,0,0,0,4,1,0,0,11,2,1,1,5,15,1,0,1,318,0,0,0,1,-28.770491803278688,19.592476489028215,18.181818181818183,4,7.267441860465117,40.0,25.0,100.0,2.0,4,3,1,74.56603773584905
S45G01N4,2024-2025,20241020,76,home,6,1,0,6,1,7,0,7,4,2,0,0,0,0,0,1,2,9,4,4,2,8,9,0,0,2,336,0,0,0,2,14.944237918215606,44.44444444444444,44.44444444444444,9,18.181818181818183,20.0,0.0,25.0,0.5,2,3,3,74.14285714285714,35,2,1,4,4,8,0,9,3,3,0,0,0,4,1,0,0,12,3,1,1,7,16,1,0,1,336,0,0,0,1,-14.944237918215606,25.436046511627907,25.0,6,6.775067750677507,40.0,25.0,66.66666666666667,2.0,2,3,1,74.14285714285714
S45G01N4,2024-2025,20241020,77,home,6,1,0,6,1,7,0,7,4,2,0,0,0,0,0,1,2,9,4,4,2,8,9,0,0,2,336,0,0,0,2,14.944237918215606,44.44444444444444,44.44444444444444,9,18.181818181818183,20.0,0.0,25.0,0.5,2,3,3,74.14285714285714,35,3,1,4,4,8,0,9,3,3,0,0,0,4,1,0,0,12,3,1,1,7,16,1,0,1,336,0,0,0,1,-14.944237918215606,25.436046511627907,25.0,7,6.775067750677507,40.0,25.0,100.0,3.0,2,3,1,74.14285714285714
S45G01N4,2024-2025,20241020,78,home,6,1,0,6,1,7,0,7,4,2,0,0,0,0,0,1,2,9,4,4,2,8,9,0,0,2,347,0,0,0,2,14.944237918215606,44.44444444444444,44.44444444444444,9,18.181818181818183,20.0,0.0,25.0,0.5,2,3,3,71.79250720461094,35,3,1,4,4,8,0,9,3,3,0,0,0,4,1,0,0,12,3,2,2,7,16,1,0,1,347,0,0,0,1,-14.944237918215606,25.436046511627907,25.0,7,6.775067750677507,40.0,25.0,100.0,3.0,2,3,1,71.79250720461094
S45G01N4,2024-2025,20241020,79,home,6,1,0,6,1,7,0,7,4,2,0,0,0,0,0,1,2,9,4,4,2,8,9,0,0,2,347,0,0,0,2,14.944237918215606,44.44444444444444,44.44444444444444,9,18.181818181818183,20.0,0.0,25.0,0.5,2,3,3,71.79250720461094,35,3,1,4,4,8,0,9,3,3,0,0,0,4,1,0,0,12,3,2,2,7,16,1,0,1,347,0,0,0,1,-14.944237918215606,25.436046511627907,25.0,7,6.775067750677507,40.0,25.0,100.0,3.0,2,3,1,71.79250720461094
S45G01N4,2024-2025,20241020,80,home,6,1,0,6,1,7,0,7,4,2,0,0,0,0,0,1,2,9,4,4,2,8,9,0,0,2,347,0,0,0,2,14.944237918215606,44.44444444444444,44.44444444444444,9,18.181818181818183,20.0,0.0,25.0,0.5,2,3,3,71.79250720461094,35,3,1,4,4,8,0,9,3,3,0,0,0,4,1,0,0,12,3,2,2,7,16,1,0,1,347,0,0,0,1,-14.944237918215606,25.436046511627907,25.0,7,6.775067750677507,40.0,25.0,100.0,3.0,2,3,1,71.79250720461094
S45G01N4,2024-2025,20241020,81,home,6,1,0,6,1,7,0,7,4,2,0,0,0,0,0,1,2,9,4,4,2,8,9,0,0,2,347,0,0,0,2,14.944237918215606,44.44444444444444,44.44444444444444,9,18.181818181818183,20.0,0.0,25.0,0.5,2,3,3,71.79250720461094,35,3,1,4,4,8,0,9,3,3,0,0,0,4,1,0,0,12,3,2,2,7,16,1,0,1,347,0,0,0,1,-14.944237918215606,25.436046511627907,25.0,7,6.775067750677507,40.0,25.0,100.0,3.0,2,3,1,71.79250720461094
S45G01N4,2024-2025,20241020,82,home,6,1,0,6,1,7,0,8,5,2,0,0,0,0,0,1,2,10,5,4,2,10,10,0,0,2,356,0,0,0,2,25.853328827306512,50.0,50.0,11,16.666666666666668,20.0,0.0,20.0,0.5,2,3,3,73.34831460674157,35,3,1,4,4,8,0,9,3,3,0,0,0,4,1,0,0,12,3,2,2,7,16,1,0,1,356,0,0,0,1,-25.853328827306512,25.436046511627907,25.0,7,6.775067750677507,40.0,25.0,100.0,3.0,2,3,1,73.34831460674157
S45G01N4,2024-2025,20241020,83,home,6,2,0,6,1,7,0,8,5,2,0,0,0,0,0,1,2,10,5,4,2,10,10,0,0,2,356,0,0,0,2,25.853328827306512,50.0,50.0,12,16.666666666666668,20.0,0.0,40.0,1.0,2,3,3,73.34831460674157,35,3,1,4,4,8,0,9,3,3,0,0,0,4,1,0,0,12,3,2,2,7,16,1,0,1,356,0,0,0,1,-25.853328827306512,25.436046511627907,25.0,7,6.775067750677507,40.0,25.0,100.0,3.0,2,3,1,73.34831460674157
S45G01N4,2024-2025,20241020,84,home,6,2,0,6,1,7,0,8,5,2,0,0,0,0,0,1,2,10,5,4,2,10,10,0,0,2,366,0,0,0,2,31.38528138528138,50.0,50.0,12,16.666666666666668,20.0,0.0,40.0,1.0,2,3,3,74.62295081967213,35,3,1,4,4,8,0,9,3,3,0,0,0,4,1,0,0,12,3,2,2,7,16,1,0,2,366,0,0,0,2,-31.38528138528138,25.436046511627907,25.0,6,12.690355329949238,40.0,25.0,100.0,1.5,2,3,1,74.62295081967213
S45G01N4,2024-2025,20241020,85,home,6,2,0,6,1,7,0,8,5,2,0,0,0,0,0,1,2,10,5,4,2,10,10,1,0,2,367,0,0,0,2,31.38528138528138,50.0,50.0,13,16.666666666666668,20.0,0.0,40.0,1.0,2,3,3,74.41961852861034,35,3,1,4,4,8,0,9,3,3,0,0,0,4,1,0,0,12,3,2,2,7,16,1,0,2,367,0,0,0,2,-31.38528138528138,25.436046511627907,25.0,6,12.690355329949238,40.0,25.0,100.0,1.5,2,3,1,74.41961852861034
S45G01N4,2024-2025,20241020,86,home,6,2,0,6,1,7,0,8,5,3,0,0,0,0,0,1,2,11,5,4,2,10,11,1,0,2,373,0,0,0,2,23.809523809523803,45.45454545454545,45.45454545454545,12,15.384615384615385,20.0,0.0,40.0,1.0,2,3,3,76.43967828418229,35,3,1,4,4,8,0,9,3,3,0,0,0,4,1,0,0,12,3,2,2,7,16,1,0,2,373,0,0,0,2,-23.809523809523803,25.436046511627907,25.0,6,12.690355329949238,40.0,25.0,100.0,1.5,2,3,1,76.43967828418229
S45G01N4,2024-2025,20241020,87,home,6,2,0,6,1,7,1,8,5,3,0,0,0,0,0,1,2,11,5,4,2,10,11,1,0,2,374,0,0,0,2,23.809523809523803,45.45454545454545,45.45454545454545,13,15.384615384615385,20.0,0.0,40.0,1.0,2,3,3,76.23529411764706,35,3,1,4,4,8,0,9,3,3,0,0,0,4,1,0,0,12,3,2,2,7,16,1,0,2,374,0,0,0,2,-23.809523809523803,25.436046511627907,25.0,6,12.690355329949238,40.0,25.0,100.0,1.5,2,3,1,76.23529411764706
S45G01N4,2024-2025,20241020,88,home,6,2,0,6,1,7,1,8,5,3,0,0,0,0,0,1,2,11,5,4,2,10,11,1,0,2,374,0,0,0,2,23.809523809523803,45.45454545454545,45.45454545454545,13,15.384615384615385,20.0,0.0,40.0,1.0,2,3,3,76.23529411764706,35,3,1,4,4,8,0,9,3,3,0,0,0,4,1,0,0,12,3,3,3,7,16,1,0,2,374,0,0,0,2,-23.809523809523803,25.436046511627907,25.0,6,12.690355329949238,40.0,25.0,100.0,1.5,2,3,1,76.23529411764706
S45G01N4,2024-2025,20241020,89,home,6,2,0,6,1,7,1,8,5,3,0,0,0,0,0,1,2,11,5,4,2,10,11,1,0,2,374,0,0,0,2,23.809523809523803,45.45454545454545,45.45454545454545,13,15.384615384615385,20.0,0.0,40.0,1.0,2,3,3,76.23529411764706,35,3,1,4,4,8,0,9,3,3,0,0,0,4,1,0,0,12,3,3,3,7,16,1,0,2,374,0,0,0,2,-23.809523809523803,25.436046511627907,25.0,6,12.690355329949238,40.0,25.0,100.0,1.5,2,3,1,76.23529411764706
S45G01N4,2024-2025,20241020,90,home,6,2,0,6,1,7,1,8,5,4,0,0,0,0,0,1,2,12,5,4,2,10,12,1,0,2,377,0,0,0,2,17.399267399267394,41.666666666666664,41.666666666666664,12,14.285714285714286,20.0,0.0,40.0,1.0,2,3,3,78.81167108753314,35,3,1,4,4,8,0,9,3,3,0,0,0,4,1,0,0,12,3,3,3,7,16,1,0,2,377,0,0,0,2,-17.399267399267394,25.436046511627907,25.0,6,12.690355329949238,40.0,25.0,100.0,1.5,2,3,1,78.81167108753314
S45G01N4,2024-2025,20241020,91,home,6,2,0,6,1,7,1,8,5,4,0,0,0,0,0,1,2,12,5,4,2,10,12,1,0,2,378,0,0,0,2,17.399267399267394,41.666666666666664,41.666666666666664,12,14.285714285714286,16.666666666666668,0.0,40.0,1.0,2,3,3,78.6031746031746,35,3,1,5,4,9,0,9,3,3,0,0,0,4,1,0,0,12,3,3,3,7,16,1,0,2,378,0,0,0,2,-17.399267399267394,25.436046511627907,25.0,7,12.690355329949238,40.0,25.0,100.0,1.5,2,3,1,78.6031746031746
S45G01N4,2024-2025,20241020,92,home,6,2,0,6,1,7,1,8,5,4,0,0,0,0,0,1,2,12,5,4,2,10,12,1,0,2,389,0,0,0,2,22.064142753797917,41.666666666666664,41.666666666666664,12,14.285714285714286,16.666666666666668,0.0,40.0,1.0,2,3,3,79.46529562982005,35,3,1,5,4,9,0,10,3,3,0,0,0,4,1,0,0,13,3,3,3,7,17,1,0,2,389,0,0,0,2,-22.064142753797917,23.712737127371273,23.076923076923077,6,11.933174224343677,40.0,25.0,100.0,1.5,2,3,1,79.46529562982005
S45G01N4,2024-2025,20241020,93,home,6,2,0,7,1,8,1,8,5,4,0,0,0,0,0,1,2,12,5,4,2,10,12,1,0,2,390,0,0,0,2,22.064142753797917,41.666666666666664,41.666666666666664,13,14.285714285714286,16.666666666666668,0.0,40.0,1.0,2,3,3,79.26153846153846,35,3,1,5,4,9,0,10,3,3,0,0,0,4,1,0,0,13,3,3,3,7,17,1,0,2,390,0,0,0,2,-22.064142753797917,23.712737127371273,23.076923076923077,6,11.933174224343677,36.36363636363637,25.0,100.0,1.5,2,3,1,79.26153846153846
S45G01N4,2024-2025,20241020,94,home,6,2,0,7,1,8,1,8,5,4,0,0,0,0,0,1,2,12,5,4,2,10,12,1,0,3,404,0,0,0,3,16.569637259292428,41.666666666666664,41.666666666666664,12,20.0,16.666666666666668,0.0,40.0,0.6666666666666666,2,3,3,79.48514851485147,35,3,1,5,4,9,0,10,3,3,0,0,0,4,1,0,0,13,3,3,3,7,17,1,0,2,404,0,0,0,2,-16.569637259292428,23.712737127371273,23.076923076923077,6,11.933174224343677,36.36363636363637,25.0,100.0,1.5,2,3,1,79.48514851485147
S45G01N4,2024-2025,20241020,95,home,6,2,0,7,1,8,1,8,5,4,0,0,0,0,0,1,2,12,5,4,2,10,12,1,0,3,405,0,0,0,3,16.569637259292428,41.666666666666664,41.666666666666664,12,20.0,16.666666666666668,0.0,40.0,0.6666666666666666,2,3,3,79.28888888888888,35,3,1,5,4,9,0,10,3,3,0,0,0,4,1,0,0,13,3,3,3,7,17,2,0,2,405,0,0,0,2,-16.569637259292428,23.712737127371273,23.076923076923077,7,11.933174224343677,36.36363636363637,25.0,100.0,1.5,2,3,1,79.28888888888888
S45G01N4,2024-2025,20241020,96,home,6,2,0,7,1,8,1,8,5,4,0,0,0,0,0,1,2,12,5,4,2,10,12,1,0,3,410,0,0,0,3,20.55647840531561,41.666666666666664,41.666666666666664,12,20.0,16.666666666666668,0.0,40.0,0.6666666666666666,2,3,3,81.24878048780486,35,3,1,5,4,9,0,10,3,4,0,0,0,4,1,0,0,14,3,3,3,7,18,2,0,2,410,0,0,0,2,-20.55647840531561,22.20812182741117,21.428571428571427,6,11.261261261261263,36.36363636363637,25.0,100.0,1.5,2,3,1,81.24878048780486
S45G01N4,2024-2025,20241020,97,home,6,2,0,7,1,8,1,8,5,4,0,0,0,0,0,1,2,12,5,4,2,10,12,1,0,3,411,0,0,0,3,16.569637259292428,41.666666666666664,41.666666666666664,12,20.0,16.666666666666668,0.0,40.0,0.6666666666666666,2,3,3,78.13138686131386,35,3,1,5,5,10,0,10,3,4,0,0,0,4,1,0,0,14,3,3,3,7,18,2,0,2,411,0,0,0,2,-16.569637259292428,22.20812182741117,21.428571428571427,7,11.261261261261263,41.666666666666664,25.0,100.0,1.5,2,3,1,78.13138686131386
S45G01N4,2024-2025,20241020,98,home,6,2,0,7,1,8,1,8,5,4,0,0,0,0,0,1,2,12,5,4,2,10,12,1,0,3,411,0,0,0,3,6.021594684385391,41.666666666666664,41.666666666666664,12,20.0,16.666666666666668,0.0,40.0,0.6666666666666666,2,3,3,81.05109489051095,35,3,1,5,5,10,0,11,4,4,0,0,0,4,1,0,0,15,4,3,3,9,19,2,0,2,411,0,0,0,2,-6.021594684385391,26.849642004773266,26.666666666666668,9,10.660980810234541,41.666666666666664,25.0,75.0,1.5,2,3,1,81.05109489051095
S45G01N4,2024-2025,20241020,99,home,6,2,0,7,1,8,1,8,5,4,0,0,0,0,0,1,2,12,5,4,2,10,12,1,0,3,411,0,0,0,3,6.021594684385391,41.666666666666664,41.666666666666664,12,20.0,16.666666666666668,0.0,40.0,0.6666666666666666,2,3,3,81.05109489051095,35,3,1,5,5,10,0,11,4,4,0,0,0,4,1,0,0,15,4,3,3,9,19,2,0,2,411,0,0,0,2,-6.021594684385391,26.849642004773266,26.666666666666668,9,10.660980810234541,41.666666666666664,25.0,75.0,1.5,2,3,1,81.05109489051095
S45G01N4,2024-2025,20241020,100,home,6,2,0,7,1,8,1,8,5,4,0,0,0,0,0,1,2,12,5,4,2,10,12,1,0,3,411,0,0,0,3,6.021594684385391,41.666666666666664,41.666666666666664,12,20.0,16.666666666666668,0.0,40.0,0.6666666666666666,2,3,3,81.05109489051095,35,3,1,5,5,10,0,11,4,4,0,0,0,4,1,0,0,15,4,3,3,9,19,2,0,2,411,0,0,0,2,-6.021594684385391,26.849642004773266,26.666666666666668,9,10.660980810234541,41.666666666666664,25.0,75.0,1.5,2,3,1,81.05109489051095
S45G01N4,2024-2025,20241020,101,home,6,2,0,7,1,8,1,8,5,4,0,0,0,0,0,1,2,12,5,4,2,10,12,1,0,3,411,0,0,0,3,6.021594684385391,41.666666666666664,41.666666666666664,12,20.0,16.666666666666668,0.0,40.0,0.6666666666666666,2,3,3,81.05109489051095,35,3,1,5,5,10,0,11,4,4,0,0,0,4,1,0,0,15,4,3,3,9,19,2,0,2,411,0,0,0,2,-6.021594684385391,26.849642004773266,26.666666666666668,9,10.660980810234541,41.666666666666664,25.0,75.0,1.5,2,3,1,81.05109489051095
S45G01N4,2024-2025,20241020,102,home,6,2,0,7,1,8,1,8,5,4,0,0,0,0,0,1,2,12,5,4,2,10,12,1,0,3,411,0,0,0,3,6.021594684385391,41.666666666666664,41.666666666666664,12,20.0,16.666666666666668,0.0,40.0,0.6666666666666666,2,3,3,81.05109489051095,35,3,1,5,5,10,0,11,4,4,0,0,0,4,1,0,0,15,4,3,3,9,19,2,0,2,411,0,0,0,2,-6.021594684385391,26.849642004773266,26.666666666666668,9,10.660980810234541,41.666666666666664,25.0,75.0,1.5,2,3,1,81.05109489051095
S45G01N4,2024-2025,20241020,103,home,6,2,0,7,1,8,1,8,5,4,0,0,0,0,0,1,2,12,5,4,2,10,12,1,0,3,411,0,0,0,3,6.021594684385391,41.666666666666664,41.666666666666664,12,20.0,16.666666666666668,0.0,40.0,0.6666666666666666,2,3,3,81.05109489051095,35,3,1,5,5,10,0,11,4,4,0,0,0,4,1,0,0,15,4,3,3,9,19,2,0,2,411,0,0,0,2,-6.021594684385391,26.849642004773266,26.666666666666668,9,10.660980810234541,41.666666666666664,25.0,75.0,1.5,2,3,1,81.05109489051095
S45G01N4,2024-2025,20241020,104,home,6,2,0,7,1,8,1,8,5,4,0,0,0,0,0,1,2,12,5,4,2,10,12,1,0,3,411,0,0,0,3,6.021594684385391,41.666666666666664,41.666666666666664,12,20.0,16.666666666666668,0.0,40.0,0.6666666666666666,2,3,3,81.05109489051095,35,3,1,5,5,10,0,11,4,4,0,0,0,4,1,0,0,15,4,3,3,9,19,2,0,2,411,0,0,0,2,-6.021594684385391,26.849642004773266,26.666666666666668,9,10.660980810234541,41.666666666666664,25.0,75.0,1.5,2,3,1,81.05109489051095
S45G01N4,2024-2025,20241020,105,home,6,2,0,7,1,8,1,8,5,4,0,0,0,0,0,1,2,12,5,4,2,10,12,1,0,3,411,0,0,0,3,6.021594684385391,41.666666666666664,41.666666666666664,12,20.0,16.666666666666668,0.0,40.0,0.6666666666666666,2,3,3,81.05109489051095,35,3,1,5,5,10,0,11,4,4,0,0,0,4,1,0,0,15,4,3,3,9,19,2,0,2,411,0,0,0,2,-6.021594684385391,26.849642004773266,26.666666666666668,9,10.660980810234541,41.666666666666664,25.0,75.0,1.5,2,3,1,81.05109489051095
S45G01N4,2024-2025,20241020,106,home,6,2,0,7,1,8,1,8,5,4,0,0,0,0,0,1,2,12,5,4,2,10,12,1,0,3,411,0,0,0,3,6.021594684385391,41.666666666666664,41.666666666666664,12,20.0,16.666666666666668,0.0,40.0,0.6666666666666666,2,3,3,81.05109489051095,35,3,1,5,5,10,0,11,4,4,0,0,0,4,1,0,0,15,4,3,3,9,19,2,0,2,411,0,0,0,2,-6.021594684385391,26.849642004773266,26.666666666666668,9,10.660980810234541,41.666666666666664,25.0,75.0,1.5,2,3,1,81.05109489051095
S45G01N4,2024-2025,20241020,107,home,6,2,0,7,1,8,1,8,5,4,0,0,0,0,0,1,2,12,5,4,2,10,12,1,0,3,411,0,0,0,3,6.021594684385391,41.666666666666664,41.666666666666664,12,20.0,16.666666666666668,0.0,40.0,0.6666666666666666,2,3,3,81.05109489051095,35,3,1,5,5,10,0,11,4,4,0,0,0,4,1,0,0,15,4,3,3,9,19,2,0,2,411,0,0,0,2,-6.021594684385391,26.849642004773266,26.666666666666668,9,10.660980810234541,41.666666666666664,25.0,75.0,1.5,2,3,1,81.05109489051095
S45G01N4,2024-2025,20241020,108,home,6,2,0,7,1,8,1,8,5,4,0,0,0,0,0,1,2,12,5,4,2,10,12,1,0,4,426,0,0,0,4,1.2596899224806322,41.666666666666664,41.666666666666664,11,25.0,16.666666666666668,0.0,40.0,0.5,2,3,3,81.01408450704226,35,3,1,5,5,10,0,11,4,4,0,0,0,4,1,0,0,15,4,3,3,9,19,2,0,2,426,0,0,0,2,-1.2596899224806322,26.849642004773266,26.666666666666668,9,10.660980810234541,41.666666666666664,25.0,75.0,1.5,2,3,1,81.01408450704226
S45G01N4,2024-2025,20241020,109,home,6,2,0,7,1,8,1,8,5,4,0,0,0,0,0,1,2,12,5,4,2,10,12,1,0,4,427,0,0,0,4,1.2596899224806322,41.666666666666664,41.666666666666664,11,25.0,16.666666666666668,0.0,40.0,0.5,2,3,3,80.82435597189696,35,3,1,5,5,10,0,11,4,4,0,0,0,4,1,0,0,15,4,3,3,9,19,3,0,2,427,0,0,0,2,-1.2596899224806322,26.849642004773266,26.666666666666668,10,10.660980810234541,41.666666666666664,25.0,75.0,1.5,2,3,1,80.82435597189696
S45G01N4,2024-2025,20241020,110,home,6,2,0,7,1,8,1,8,5,4,0,0,0,0,0,1,2,12,5,4,2,10,12,1,0,4,439,0,0,0,4,5.691056910569117,41.666666666666664,41.666666666666664,11,25.0,16.666666666666668,0.0,40.0,0.5,2,3,3,81.34851936218679,35,3,1,5,5,10,0,12,4,4,0,0,0,4,1,0,0,16,4,3,3,9,20,3,0,2,439,0,0,0,2,-5.691056910569117,25.337837837837835,25.0,9,10.121457489878543,41.666666666666664,25.0,75.0,1.5,2,3,1,81.34851936218679
S45G01N4,2024-2025,20241020,111,home,6,2,0,8,1,9,1,8,5,4,0,0,0,0,0,1,2,12,5,4,2,10,12,1,0,4,440,0,0,0,4,5.691056910569117,41.666666666666664,41.666666666666664,12,25.0,16.666666666666668,0.0,40.0,0.5,2,3,3,81.16363636363636,35,3,1,5,5,10,0,12,4,4,0,0,0,4,1,0,0,16,4,3,3,9,20,3,0,2,440,0,0,0,2,-5.691056910569117,25.337837837837835,25.0,9,10.121457489878543,38.46153846153846,25.0,75.0,1.5,2,3,1,81.16363636363636
S45G01N4,2024-2025,20241020,112,home,6,2,0,8,1,9,1,8,5,4,0,0,0,0,0,1,2,12,5,4,2,10,12,1,0,5,458,0,0,0,5,1.5243902439024453,41.666666666666664,41.666666666666664,11,29.41176470588235,16.666666666666668,0.0,40.0,0.4,2,3,3,80.5938864628821,35,3,1,5,5,10,0,12,4,4,0,0,0,4,1,0,0,16,4,3,3,9,20,3,0,2,458,0,0,0,2,-1.5243902439024453,25.337837837837835,25.0,9,10.121457489878543,38.46153846153846,25.0,75.0,1.5,2,3,1,80.5938864628821
S45G01N4,2024-2025,20241020,113,home,6,2,0,8,1,9,1,8,5,4,0,0,0,0,0,1,2,12,5,4,2,10,12,1,0,5,459,0,0,0,5,1.5243902439024453,41.666666666666664,41.666666666666664,11,29.41176470588235,16.666666666666668,0.0,40.0,0.4,2,3,3,80.41830065359477,35,3,1,5,5,10,0,12,4,4,0,0,0,4,1,0,0,16,4,3,3,9,20,4,0,2,459,0,0,0,2,-1.5243902439024453,25.337837837837835,25.0,10,10.121457489878543,38.46153846153846,25.0,75.0,1.5,2,3,1,80.41830065359477
S45G01N4,2024-2025,20241020,114,home,6,2,0,8,1,9,1,8,5,4,0,0,0,0,0,1,2,12,5,4,2,10,12,1,0,5,470,0,0,0,5,5.393401015228434,41.666666666666664,41.666666666666664,11,29.41176470588235,16.666666666666668,0.0,40.0,0.4,2,3,3,81.08936170212766,35,3,1,5,5,10,0,13,4,4,0,0,0,4,1,0,0,17,4,3,3,9,21,4,0,2,470,0,0,0,2,-5.393401015228434,23.987206823027716,23.529411764705884,9,9.633911368015413,38.46153846153846,25.0,75.0,1.5,2,3,1,81.08936170212766
S45G01N4,2024-2025,20241020,115,home,6,2,0,9,1,10,1,8,5,4,0,0,0,0,0,1,2,12,5,4,2,10,12,1,0,5,471,0,0,0,5,5.393401015228434,41.666666666666664,41.666666666666664,12,29.41176470588235,16.666666666666668,0.0,40.0,0.4,2,3,3,80.9171974522293,35,3,1,5,5,10,0,13,4,4,0,0,0,4,1,0,0,17,4,3,3,9,21,4,0,2,471,0,0,0,2,-5.393401015228434,23.987206823027716,23.529411764705884,9,9.633911368015413,35.714285714285715,25.0,75.0,1.5,2,3,1,80.9171974522293
S45G01N4,2024-2025,20241020,116,home,6,2,0,9,1,10,1,9,5,4,0,0,0,0,0,1,2,13,5,4,2,10,13,1,0,5,476,0,0,0,5,1.7169304269931374,38.46153846153846,38.46153846153846,11,27.77777777777778,16.666666666666668,0.0,40.0,0.4,2,3,3,82.58823529411765,35,3,1,5,5,10,0,13,4,4,0,0,0,4,1,0,0,17,4,3,3,9,21,4,0,2,476,0,0,0,2,-1.7169304269931374,23.987206823027716,23.529411764705884,9,9.633911368015413,35.714285714285715,25.0,75.0,1.5,2,3,1,82.58823529411765
S45G01N4,2024-2025,20241020,117,home,6,2,0,9,1,10,1,9,5,4,0,0,0,0,0,1,2,13,5,4,2,10,13,1,0,5,478,0,0,0,5,1.7169304269931374,38.46153846153846,38.46153846153846,11,27.77777777777778,14.285714285714286,0.0,40.0,0.4,2,3,3,82.24267782426779,35,3,1,6,5,11,0,13,4,4,0,0,0,4,1,0,0,17,4,3,3,9,21,4,0,2,478,0,0,0,2,-1.7169304269931374,23.987206823027716,23.529411764705884,10,9.633911368015413,35.714285714285715,25.0,75.0,1.5,2,3,1,82.24267782426779
S45G01N4,2024-2025,20241020,118,home,6,2,0,9,1,10,1,9,5,4,0,0,0,0,0,1,2,13,5,4,2,10,13,1,0,5,500,0,0,0,5,5.124245402218172,38.46153846153846,38.46153846153846,11,27.77777777777778,14.285714285714286,0.0,40.0,0.4,2,3,3,81.02400000000002,35,3,1,6,5,11,0,13,4,4,0,0,0,4,1,0,0,17,4,3,3,9,21,4,0,3,500,0,0,0,3,-5.124245402218172,23.987206823027716,23.529411764705884,9,13.786764705882351,35.714285714285715,25.0,75.0,1.0,2,3,1,81.02400000000002
S45G01N4,2024-2025,20241020,119,home,6,2,0,9,1,10,1,9,5,4,0,0,0,0,0,1,2,13,5,4,2,10,13,2,0,5,501,0,0,0,5,5.124245402218172,38.46153846153846,38.46153846153846,12,27.77777777777778,14.285714285714286,0.0,40.0,0.4,2,3,3,80.8622754491018,35,3,1,6,5,11,0,13,4,4,0,0,0,4,1,0,0,17,4,3,3,9,21,4,0,3,501,0,0,0,3,-5.124245402218172,23.987206823027716,23.529411764705884,9,13.786764705882351,35.714285714285715,25.0,75.0,1.0,2,3,1,80.8622754491018
S45G01N4,2024-2025,20241020,120,home,6,2,0,9,1,10,1,9,5,5,0,0,0,0,0,1,2,14,5,4,2,10,14,2,0,5,511,0,0,0,5,1.856271546009026,35.714285714285715,35.714285714285715,11,26.31578947368421,14.285714285714286,0.0,40.0,0.4,2,3,3,81.62818003913895,35,3,1,6,5,11,0,13,4,4,0,0,0,4,1,0,0,17,4,3,3,9,21,4,0,3,511,0,0,0,3,-1.856271546009026,23.987206823027716,23.529411764705884,9,13.786764705882351,35.714285714285715,25.0,75.0,1.0,2,3,1,81.62818003913895
S45G01N4,2024-2025,20241020,121,home,6,2,0,9,2,11,1,9,5,5,0,0,0,0,0,1,2,14,5,4,2,10,14,2,0,5,514,0,0,0,5,5.124245402218172,35.714285714285715,35.714285714285715,12,26.31578947368421,25.0,0.0,40.0,0.4,2,3,3,78.81712062256811,35,3,1,6,5,11,0,13,4,4,0,0,0,4,1,0,0,17,4,3,3,9,21,4,0,3,514,0,0,0,3,-5.124245402218172,23.987206823027716,23.529411764705884,9,13.786764705882351,35.714285714285715,25.0,75.0,1.0,2,3,1,78.81712062256811
S45G01N4,2024-2025,20241020,122,home,6,2,0,9,2,11,1,9,5,6,1,0,0,0,0,1,2,15,6,4,2,13,15,2,0,5,518,0,0,0,5,18.522938212675697,43.333333333333336,43.333333333333336,15,25.0,25.0,0.0,33.333333333333336,0.4,3,3,4,80.52509652509653,35,3,1,6,5,11,0,13,4,4,0,0,0,4,1,0,0,17,4,3,3,9,21,4,0,3,518,0,0,0,3,-18.522938212675697,23.987206823027716,23.529411764705884,9,13.786764705882351,35.714285714285715,25.0,75.0,1.0,3,3,1,80.52509652509653
S45G01N4,2024-2025,20241020,123,home,6,3,0,9,2,11,1,9,5,6,1,0,0,0,0,1,2,15,6,4,2,13,15,2,0,5,518,0,0,0,5,18.522938212675697,43.333333333333336,43.333333333333336,16,25.0,25.0,0.0,50.0,0.6,3,3,4,80.52509652509653,35,3,1,6,5,11,0,13,4,4,0,0,0,4,1,0,0,17,4,3,3,9,21,4,0,3,518,0,0,0,3,-18.522938212675697,23.987206823027716,23.529411764705884,9,13.786764705882351,35.714285714285715,25.0,75.0,1.0,3,3,1,80.52509652509653
S45G01N4,2024-2025,20241020,124,home,6,3,0,9,2,11,1,9,5,6,1,0,0,0,0,1,2,15,6,5,2,13,15,2,0,5,535,0,0,0,5,18.522938212675697,43.333333333333336,43.333333333333336,16,25.0,25.0,0.0,50.0,0.6,3,3,4,77.96635514018692,35,3,1,6,5,11,0,13,4,4,0,0,0,4,1,0,0,17,4,3,3,9,21,4,0,3,535,0,0,0,3,-18.522938212675697,23.987206823027716,23.529411764705884,9,13.786764705882351,35.714285714285715,25.0,75.0,1.0,3,3,1,77.96635514018692
S45G01N4,2024-2025,20241020,125,home,6,3,0,9,2,11,1,9,5,6,1,0,0,0,0,1,2,15,6,5,2,13,15,2,0,5,535,0,0,0,5,18.522938212675697,43.333333333333336,43.333333333333336,16,25.0,25.0,0.0,50.0,0.6,3,3,4,77.96635514018692,35,3,1,6,5,11,0,13,4,4,0,0,0,4,1,0,0,17,4,3,3,9,21,4,0,3,535,0,0,0,3,-18.522938212675697,23.987206823027716,23.529411764705884,9,13.786764705882351,35.714285714285715,25.0,75.0,1.0,3,3,1,77.96635514018692
S45G01N4,2024-2025,20241020,126,home,6,3,0,9,2,11,1,9,5,6,1,0,0,0,0,1,2,15,6,5,2,13,15,2,0,5,535,0,0,0,5,18.522938212675697,43.333333333333336,43.333333333333336,16,25.0,25.0,0.0,50.0,0.6,3,3,4,77.96635514018692,35,3,1,6,5,11,0,13,4,4,0,0,0,4,1,0,0,17,4,3,3,9,21,4,0,3,535,0,0,0,3,-18.522938212675697,23.987206823027716,23.529411764705884,9,13.786764705882351,35.714285714285715,25.0,75.0,1.0,3,3,1,77.96635514018692
S45G01N4,2024-2025,20241020,127,home,6,3,0,9,2,11,1,9,5,6,1,0,0,0,0,1,2,15,6,5,2,13,15,2,0,5,535,0,0,0,5,18.522938212675697,43.333333333333336,43.333333333333336,16,25.0,25.0,0.0,50.0,0.6,3,3,4,77.96635514018692,35,3,1,6,5,11,0,13,4,4,0,0,0,4,1,0,0,17,4,3,3,9,21,4,0,3,535,0,0,0,3,-18.522938212675697,23.987206823027716,23.529411764705884,9,13.786764705882351,35.714285714285715,25.0,75.0,1.0,3,3,1,77.96635514018692
S45G01N4,2024-2025,20241020,128,home,6,3,0,9,2,11,1,9,5,6,1,0,0,0,0,1,2,15,6,5,2,13,15,2,0,5,535,0,0,0,5,14.082687338501295,43.333333333333336,43.333333333333336,16,25.0,25.0,0.0,50.0,0.6,1,3,4,78.95327102803738,35,3,1,6,5,11,0,13,4,4,0,0,0,5,2,0,0,17,4,3,3,10,22,4,0,3,535,0,0,0,3,-14.082687338501295,26.041666666666668,23.529411764705884,10,13.513513513513514,35.714285714285715,40.0,75.0,1.0,1,3,1,78.95327102803738
S45G01N4,2024-2025,20241020,129,home,6,3,0,9,2,11,1,9,5,6,1,0,0,0,0,1,2,15,6,5,2,13,15,2,0,5,535,0,0,0,5,9.863945578231302,43.333333333333336,43.333333333333336,16,25.0,25.0,0.0,50.0,0.6,2,3,4,79.94018691588785,35,3,1,6,5,11,0,13,4,4,0,0,0,6,3,0,0,17,4,3,3,11,23,4,0,3,535,0,0,0,3,-9.863945578231302,28.0040733197556,23.529411764705884,11,13.250883392226148,35.714285714285715,50.0,75.0,1.0,2,3,1,79.94018691588785
S45G01N4,2024-2025,20241020,130,home,6,3,0,9,2,11,1,9,5,7,2,0,0,0,0,1,2,16,7,5,2,16,16,2,0,5,550,0,0,0,5,21.852249671798553,50.0,50.0,19,23.80952380952381,25.0,0.0,42.857142857142854,0.6,3,3,5,79.94181818181818,35,3,1,6,5,11,0,13,4,4,0,0,0,6,3,0,0,17,4,3,3,11,23,4,0,3,550,0,0,0,3,-21.852249671798553,28.0040733197556,23.529411764705884,11,13.250883392226148,35.714285714285715,50.0,75.0,1.0,3,3,1,79.94181818181818
S45G01N4,2024-2025,20241020,131,home,6,4,0,9,2,11,1,9,5,7,2,0,0,0,0,1,2,16,7,5,2,16,16,2,0,5,550,0,0,0,5,21.852249671798553,50.0,50.0,20,23.80952380952381,25.0,0.0,57.142857142857146,0.8,3,3,5,79.94181818181818,35,3,1,6,5,11,0,13,4,4,0,0,0,6,3,0,0,17,4,3,3,11,23,4,0,3,550,0,0,0,3,-21.852249671798553,28.0040733197556,23.529411764705884,11,13.250883392226148,35.714285714285715,50.0,75.0,1.0,3,3,1,79.94181818181818
S45G01N4,2024-2025,20241020,132,home,6,4,0,9,2,11,1,9,5,7,2,0,0,0,0,1,2,16,7,5,2,16,16,2,0,5,563,0,0,0,5,25.197650779308795,50.0,50.0,20,23.80952380952381,25.0,0.0,57.142857142857146,0.8,3,3,5,80.22735346358793,35,3,1,6,5,11,0,13,4,5,0,0,0,6,3,0,0,18,4,3,3,11,24,4,0,3,563,0,0,0,3,-25.197650779308795,26.647286821705425,22.22222222222222,10,12.690355329949238,35.714285714285715,50.0,75.0,1.0,3,3,1,80.22735346358793
S45G01N4,2024-2025,20241020,133,home,6,4,0,10,2,12,1,9,5,7,2,0,0,0,0,1,2,16,7,5,2,16,16,2,0,5,565,0,0,0,5,25.197650779308795,50.0,50.0,21,23.80952380952381,25.0,0.0,57.142857142857146,0.8,3,3,5,79.94336283185842,35,3,1,6,5,11,0,13,4,5,0,0,0,6,3,0,0,18,4,3,3,11,24,4,0,3,565,0,0,0,3,-25.197650779308795,26.647286821705425,22.22222222222222,10,12.690355329949238,33.333333333333336,50.0,75.0,1.0,3,3,1,79.94336283185842
S45G01N4,2024-2025,20241020,134,home,6,4,0,10,2,12,1,9,5,7,2,0,0,0,0,1,2,16,7,5,2,16,16,2,0,5,577,0,0,0,5,25.197650779308795,50.0,50.0,21,23.80952380952381,25.0,0.0,57.142857142857146,0.8,3,3,5,78.28076256499135,35,3,1,6,5,11,0,13,4,5,0,0,0,6,3,0,0,18,4,4,4,11,24,4,0,3,577,0,0,0,3,-25.197650779308795,26.647286821705425,22.22222222222222,10,12.690355329949238,33.333333333333336,50.0,75.0,1.0,3,3,1,78.28076256499135
S45G01N4,2024-2025,20241020,135,home,6,4,0,10,2,12,1,9,5,7,2,0,0,0,0,1,2,16,7,5,2,16,16,2,0,5,577,0,0,0,5,25.197650779308795,50.0,50.0,21,23.80952380952381,25.0,0.0,57.142857142857146,0.8,3,3,5,78.28076256499135,35,3,1,6,5,11,0,13,4,5,0,0,0,6,3,0,0,18,4,4,4,11,24,4,0,3,577,0,0,0,3,-25.197650779308795,26.647286821705425,22.22222222222222,10,12.690355329949238,33.333333333333336,50.0,75.0,1.0,3,3,1,78.28076256499135
S45G01N4,2024-2025,20241020,136,home,6,4,0,10,2,12,1,9,5,7,2,0,0,0,0,1,2,16,7,5,2,16,16,2,0,5,580,0,0,0,5,25.197650779308795,50.0,50.0,21,23.80952380952381,25.0,0.0,57.142857142857146,0.8,3,3,5,77.87586206896552,35,3,1,6,5,11,0,13,4,5,0,0,0,6,3,0,0,18,4,5,4,11,24,4,0,3,580,0,0,0,3,-25.197650779308795,26.647286821705425,22.22222222222222,10,12.690355329949238,33.333333333333336,50.0,75.0,1.0,3,3,1,77.87586206896552
S45G01N4,2024-2025,20241020,137,home,6,4,0,10,2,12,1,9,5,7,2,0,0,0,0,1,2,16,7,5,2,16,16,2,0,5,580,0,0,0,5,25.197650779308795,50.0,50.0,21,23.80952380952381,25.0,0.0,57.142857142857146,0.8,3,3,5,77.87586206896552,35,3,1,6,5,11,0,13,4,5,0,0,0,6,3,0,0,18,4,5,4,11,24,4,0,3,580,0,0,0,3,-25.197650779308795,26.647286821705425,22.22222222222222,10,12.690355329949238,33.333333333333336,50.0,75.0,1.0,3,3,1,77.87586206896552
S45G01N4,2024-2025,20241020,138,home,6,4,0,10,2,12,1,9,5,7,2,0,0,1,0,1,2,16,7,5,2,16,17,2,0,5,580,0,0,0,5,23.2916512124905,48.661800486618,50.0,20,23.32089552238806,25.0,0.0,57.142857142857146,0.8,3,3,5,78.78620689655173,35,3,1,6,5,11,0,13,4,5,0,0,0,6,3,0,0,18,4,5,4,11,24,4,0,3,580,0,0,0,3,-23.2916512124905,26.647286821705425,22.22222222222222,10,12.690355329949238,33.333333333333336,50.0,75.0,1.0,3,3,1,78.78620689655173
S45G01N4,2024-2025,20241020,139,home,6,4,0,10,2,12,1,9,5,7,2,0,0,2,1,1,2,16,7,5,2,17,18,2,0,5,580,0,0,0,5,26.500202934344266,50.355450236966824,50.0,21,22.851919561243147,25.0,50.0,57.142857142857146,0.8,4,3,6,79.69655172413793,35,3,1,6,5,11,0,13,4,5,0,0,0,6,3,0,0,18,4,5,4,11,24,4,0,3,580,0,0,0,3,-26.500202934344266,26.647286821705425,22.22222222222222,10,12.690355329949238,33.333333333333336,50.0,75.0,1.0,4,3,1,79.69655172413793
S45G01N4,2024-2025,20241020,140,home,6,4,0,10,2,12,1,9,5,7,2,0,0,2,1,1,2,16,7,5,2,17,18,2,0,5,580,0,0,0,5,26.500202934344266,50.355450236966824,50.0,21,22.851919561243147,25.0,50.0,57.142857142857146,0.8,4,3,6,79.69655172413793,35,3,1,6,5,11,0,13,4,5,0,0,0,6,3,0,0,18,4,5,4,11,24,4,0,3,580,0,0,0,3,-26.500202934344266,26.647286821705425,22.22222222222222,10,12.690355329949238,33.333333333333336,50.0,75.0,1.0,4,3,1,79.69655172413793
S45G01N4,2024-2025,20241020,141,home,6,4,0,10,2,12,1,9,5,7,2,0,0,2,1,1,2,16,7,5,2,17,18,2,0,5,580,0,0,0,5,26.500202934344266,50.355450236966824,50.0,21,22.851919561243147,25.0,50.0,57.142857142857146,0.8,4,3,6,79.69655172413793,35,3,1,6,5,11,0,13,4,5,0,0,0,6,3,0,0,18,4,5,4,11,24,4,0,3,580,0,0,0,3,-26.500202934344266,26.647286821705425,22.22222222222222,10,12.690355329949238,33.333333333333336,50.0,75.0,1.0,4,3,1,79.69655172413793
S45G01N4,2024-2025,20241020,142,home,6,4,0,10,2,12,1,9,5,7,2,0,0,2,1,1,2,16,7,5,2,17,18,2,0,5,597,0,0,0,5,29.504931831313748,50.355450236966824,50.0,21,22.851919561243147,25.0,50.0,57.142857142857146,0.8,4,3,6,79.43718592964822,35,3,1,6,5,11,0,13,4,5,0,0,0,6,3,0,0,18,4,5,4,11,24,4,0,4,597,0,0,0,4,-29.504931831313748,26.647286821705425,22.22222222222222,9,16.233766233766232,33.333333333333336,50.0,75.0,0.75,4,3,1,79.43718592964822
S45G01N4,2024-2025,20241020,143,home,6,4,0,10,2,12,1,9,5,7,2,0,0,2,1,1,2,16,7,5,2,17,18,3,0,5,598,0,0,0,5,29.504931831313748,50.355450236966824,50.0,22,22.851919561243147,25.0,50.0,57.142857142857146,0.8,4,3,6,79.30434782608695,35,3,1,6,5,11,0,13,4,5,0,0,0,6,3,0,0,18,4,5,4,11,24,4,0,4,598,0,0,0,4,-29.504931831313748,26.647286821705425,22.22222222222222,9,16.233766233766232,33.333333333333336,50.0,75.0,0.75,4,3,1,79.30434782608695
S45G01N4,2024-2025,20241020,144,home,6,4,0,10,2,12,1,9,5,8,2,0,0,2,1,1,2,17,7,5,2,17,19,3,0,5,599,0,0,0,5,25.409477881561592,47.53914988814318,47.05882352941177,21,21.853146853146853,25.0,50.0,57.142857142857146,0.8,4,3,6,81.17529215358931,35,3,1,6,5,11,0,13,4,5,0,0,0,6,3,0,0,18,4,5,4,11,24,4,0,4,599,0,0,0,4,-25.409477881561592,26.647286821705425,22.22222222222222,9,16.233766233766232,33.333333333333336,50.0,75.0,0.75,4,3,1,81.17529215358931
S45G01N4,2024-2025,20241020,145,home,6,4,0,10,2,12,1,9,5,8,2,0,0,2,1,1,2,17,7,5,2,17,19,3,0,5,599,0,0,0,5,25.409477881561592,47.53914988814318,47.05882352941177,21,21.853146853146853,25.0,50.0,57.142857142857146,0.8,4,3,6,81.17529215358931,35,3,1,6,5,11,0,13,4,5,0,0,0,6,3,0,0,18,4,5,4,11,24,4,0,4,599,0,0,0,4,-25.409477881561592,26.647286821705425,22.22222222222222,9,16.233766233766232,33.333333333333336,50.0,75.0,0.75,4,3,1,81.17529215358931
S45G01N4,2024-2025,20241020,146,home,6,4,0,10,2,12,1,9,5,8,2,0,0,2,1,1,2,17,7,5,2,17,19,3,0,5,600,0,0,0,5,25.409477881561592,47.53914988814318,47.05882352941177,21,21.853146853146853,25.0,50.0,57.142857142857146,0.8,4,3,6,81.03999999999999,35,3,1,6,5,11,0,13,4,5,0,0,0,6,3,0,0,18,4,5,4,11,24,4,0,4,600,0,0,0,4,-25.409477881561592,26.647286821705425,22.22222222222222,9,16.233766233766232,33.333333333333336,50.0,75.0,0.75,4,3,1,81.03999999999999
S45G01N4,2024-2025,20241020,147,home,6,4,0,10,2,12,1,9,5,8,2,0,0,2,1,1,2,17,7,5,2,17,19,3,0,5,600,0,0,0,5,25.409477881561592,47.53914988814318,47.05882352941177,21,21.853146853146853,25.0,50.0,57.142857142857146,0.8,4,3,6,81.03999999999999,35,3,1,6,5,11,0,13,4,5,0,0,0,6,3,0,0,18,4,5,4,11,24,4,0,4,600,0,0,0,4,-25.409477881561592,26.647286821705425,22.22222222222222,9,16.233766233766232,33.333333333333336,50.0,75.0,0.75,4,3,1,81.03999999999999
S45G01N4,2024-2025,20241020,148,home,6,4,0,10,2,12,1,9,5,8,2,0,0,2,1,1,2,17,7,5,2,17,19,3,0,5,600,0,0,0,5,25.409477881561592,47.53914988814318,47.05882352941177,21,21.853146853146853,25.0,50.0,57.142857142857146,0.8,4,3,6,81.03999999999999,35,3,1,6,5,11,0,13,4,5,0,0,0,6,3,0,0,18,4,5,4,11,24,4,0,4,600,0,0,0,4,-25.409477881561592,26.647286821705425,22.22222222222222,9,16.233766233766232,33.333333333333336,50.0,75.0,0.75,4,3,1,81.03999999999999
S45G01N4,2024-2025,20241020,149,home,6,4,0,10,2,12,1,9,5,8,2,0,0,2,1,1,2,17,7,5,2,17,19,3,0,5,600,0,0,0,5,25.409477881561592,47.53914988814318,47.05882352941177,21,21.853146853146853,25.0,50.0,57.142857142857146,0.8,4,3,6,81.03999999999999,35,3,1,6,5,11,0,13,4,5,0,0,0,6,3,0,0,18,4,5,4,11,24,4,0,4,600,0,0,0,4,-25.409477881561592,26.647286821705425,22.22222222222222,9,16.233766233766232,33.333333333333336,50.0,75.0,0.75,4,3,1,81.03999999999999
S45G01N4,2024-2025,20241020,150,home,6,4,0,10,2,12,1,9,5,8,2,0,0,2,1,1,2,17,7,5,2,17,19,3,0,5,600,0,0,0,5,25.409477881561592,47.53914988814318,47.05882352941177,21,21.853146853146853,25.0,50.0,57.142857142857146,0.8,4,3,6,81.03999999999999,35,3,1,6,5,11,0,13,4,5,0,0,0,6,3,0,0,18,4,5,4,11,24,4,0,4,600,0,0,0,4,-25.409477881561592,26.647286821705425,22.22222222222222,9,16.233766233766232,33.333333333333336,50.0,75.0,0.75,4,3,1,81.03999999999999
S45G01N4,2024-2025,20241020,151,home,6,4,0,10,2,12,1,9,5,8,2,0,0,2,1,1,2,17,7,5,2,17,19,3,0,5,600,0,0,0,5,25.409477881561592,47.53914988814318,47.05882352941177,21,21.853146853146853,25.0,50.0,57.142857142857146,0.8,4,3,6,81.03999999999999,35,3,1,6,5,11,0,13,4,5,0,0,0,6,3,0,0,18,4,5,4,11,24,4,0,4,600,0,0,0,4,-25.409477881561592,26.647286821705425,22.22222222222222,9,16.233766233766232,33.333333333333336,50.0,75.0,0.75,4,3,1,81.03999999999999
S45G01N4,2024-2025,20241020,152,home,6,4,0,10,2,12,1,9,5,8,2,0,0,2,1,1,2,17,7,5,2,17,19,3,0,5,600,0,0,0,5,25.409477881561592,47.53914988814318,47.05882352941177,21,21.853146853146853,25.0,50.0,57.142857142857146,0.8,4,3,6,81.03999999999999,35,3,1,6,5,11,0,13,4,5,0,0,0,6,3,0,0,18,4,5,4,11,24,4,0,4,600,0,0,0,4,-25.409477881561592,26.647286821705425,22.22222222222222,9,16.233766233766232,33.333333333333336,50.0,75.0,0.75,4,3,1,81.03999999999999
S45G01N4,2024-2025,20241020,153,home,6,4,0,10,2,12,1,9,5,8,2,0,0,2,1,1,2,17,7,5,2,17,19,3,0,5,600,0,0,0,5,25.409477881561592,47.53914988814318,47.05882352941177,21,21.853146853146853,25.0,50.0,57.142857142857146,0.8,4,3,6,81.03999999999999,35,3,1,6,5,11,0,13,4,5,0,0,0,6,3,0,0,18,4,5,4,11,24,4,0,4,600,0,0,0,4,-25.409477881561592,26.647286821705425,22.22222222222222,9,16.233766233766232,33.333333333333336,50.0,75.0,0.75,4,3,1,81.03999999999999
S45G01N4,2024-2025,20241020,154,home,6,4,0,10,2,12,1,9,5,8,2,0,0,2,1,1,2,17,7,5,2,17,19,3,0,5,600,0,0,0,5,25.409477881561592,47.53914988814318,47.05882352941177,21,21.853146853146853,25.0,50.0,57.142857142857146,0.8,4,3,6,81.03999999999999,35,3,1,6,5,11,0,13,4,5,0,0,0,6,3,0,0,18,4,5,4,11,24,4,0,4,600,0,0,0,4,-25.409477881561592,26.647286821705425,22.22222222222222,9,16.233766233766232,33.333333333333336,50.0,75.0,0.75,4,3,1,81.03999999999999
S45G01N4,2024-2025,20241020,155,home,6,4,0,10,2,12,1,9,5,8,2,0,0,2,1,1,2,17,7,5,2,17,19,3,0,5,600,0,0,0,5,25.409477881561592,47.53914988814318,47.05882352941177,21,21.853146853146853,25.0,50.0,57.142857142857146,0.8,4,3,6,81.03999999999999,35,3,1,6,5,11,0,13,4,5,0,0,0,6,3,0,0,18,4,5,4,11,24,4,0,4,600,0,0,0,4,-25.409477881561592,26.647286821705425,22.22222222222222,9,16.233766233766232,33.333333333333336,50.0,75.0,0.75,4,3,1,81.03999999999999
S45G01N4,2024-2025,20241020,156,home,6,4,0,10,2,12,1,9,5,8,2,0,0,2,1,1,2,17,7,5,2,17,19,3,0,5,600,0,0,0,5,25.409477881561592,47.53914988814318,47.05882352941177,21,21.853146853146853,25.0,50.0,57.142857142857146,0.8,4,3,6,81.03999999999999,35,3,1,6,5,11,0,13,4,5,0,0,0,6,3,0,0,18,4,5,4,11,24,4,0,4,600,0,0,0,4,-25.409477881561592,26.647286821705425,22.22222222222222,9,16.233766233766232,33.333333333333336,50.0,75.0,0.75,4,3,1,81.03999999999999
S45G01N4,2024-2025,20241020,157,home,6,4,0,10,2,12,1,9,5,8,2,0,0,2,1,1,2,17,7,5,2,17,19,3,0,5,600,0,0,0,5,25.409477881561592,47.53914988814318,47.05882352941177,21,21.853146853146853,25.0,50.0,57.142857142857146,0.8,4,3,6,81.03999999999999,35,3,1,6,5,11,0,13,4,5,0,0,0,6,3,0,0,18,4,5,4,11,24,4,0,4,600,0,0,0,4,-25.409477881561592,26.647286821705425,22.22222222222222,9,16.233766233766232,33.333333333333336,50.0,75.0,0.75,4,3,1,81.03999999999999
S45G01N4,2024-2025,20241020,158,home,6,4,0,10,2,12,1,9,5,8,2,0,0,2,1,1,2,17,7,5,2,17,19,3,0,5,600,0,0,0,5,25.409477881561592,47.53914988814318,47.05882352941177,21,21.853146853146853,25.0,50.0,57.142857142857146,0.8,4,3,6,81.03999999999999,35,3,1,6,5,11,0,13,4,5,0,0,0,6,3,0,0,18,4,5,4,11,24,4,0,4,600,0,0,0,4,-25.409477881561592,26.647286821705425,22.22222222222222,9,16.233766233766232,33.333333333333336,50.0,75.0,0.75,4,3,1,81.03999999999999
S45G01N4,2024-2025,20241020,159,home,6,4,0,10,2,12,1,9,5,8,2,0,0,2,1,1,2,17,7,5,2,17,19,3,0,5,600,0,0,0,5,25.409477881561592,47.53914988814318,47.05882352941177,21,21.853146853146853,25.0,50.0,57.142857142857146,0.8,4,3,6,81.03999999999999,35,3,1,6,5,11,0,13,4,5,0,0,0,6,3,0,0,18,4,5,4,11,24,4,0,4,600,0,0,0,4,-25.409477881561592,26.647286821705425,22.22222222222222,9,16.233766233766232,33.333333333333336,50.0,75.0,0.75,4,3,1,81.03999999999999
S45G01N4,2024-2025,20241020,160,home,6,4,0,10,2,12,1,9,5,8,2,0,0,2,1,1,2,17,7,5,2,17,19,3,0,5,600,0,0,0,5,25.409477881561592,47.53914988814318,47.05882352941177,21,21.853146853146853,25.0,50.0,57.142857142857146,0.8,4,3,6,81.03999999999999,35,3,1,6,5,11,0,13,4,5,0,0,0,6,3,0,0,18,4,5,4,11,24,4,0,4,600,0,0,0,4,-25.409477881561592,26.647286821705425,22.22222222222222,9,16.233766233766232,33.333333333333336,50.0,75.0,0.75,4,3,1,81.03999999999999
S45G01N4,2024-2025,20241020,161,home,6,4,0,10,2,12,1,9,5,8,2,0,0,2,1,1,2,17,7,5,2,17,19,3,0,5,600,0,0,0,5,25.409477881561592,47.53914988814318,47.05882352941177,21,21.853146853146853,25.0,50.0,57.142857142857146,0.8,4,3,6,81.03999999999999,35,3,1,6,5,11,0,13,4,5,0,0,0,6,3,0,0,18,4,5,4,11,24,4,0,4,600,0,0,0,4,-25.409477881561592,26.647286821705425,22.22222222222222,9,16.233766233766232,33.333333333333336,50.0,75.0,0.75,4,3,1,81.03999999999999
S45G01N4,2024-2025,20241020,162,home,6,4,0,10,2,12,1,9,5,8,2,0,0,2,1,1,2,17,7,5,2,17,19,3,0,5,600,0,0,0,5,25.409477881561592,47.53914988814318,47.05882352941177,21,21.853146853146853,25.0,50.0,57.142857142857146,0.8,4,3,6,81.03999999999999,35,3,1,6,5,11,0,13,4,5,0,0,0,6,3,0,0,18,4,5,4,11,24,4,0,4,600,0,0,0,4,-25.409477881561592,26.647286821705425,22.22222222222222,9,16.233766233766232,33.333333333333336,50.0,75.0,0.75,4,3,1,81.03999999999999
S45G01N4,2024-2025,20241020,163,home,6,4,0,10,2,12,1,9,5,8,2,0,0,2,1,1,2,17,7,5,2,17,19,3,0,5,600,0,0,0,5,25.409477881561592,47.53914988814318,47.05882352941177,21,21.853146853146853,25.0,50.0,57.142857142857146,0.8,4,3,6,81.03999999999999,35,3,1,6,5,11,0,13,4,5,0,0,0,6,3,0,0,18,4,5,4,11,24,4,0,4,600,0,0,0,4,-25.409477881561592,26.647286821705425,22.22222222222222,9,16.233766233766232,33.333333333333336,50.0,75.0,0.75,4,3,1,81.03999999999999
S45G01N4,2024-2025,20241020,164,home,6,4,0,10,2,12,1,9,5,8,2,0,0,2,1,1,2,17,7,5,2,17,19,3,0,5,600,0,0,0,5,25.409477881561592,47.53914988814318,47.05882352941177,21,21.853146853146853,25.0,50.0,57.142857142857146,0.8,4,3,6,81.03999999999999,35,3,1,6,5,11,0,13,4,5,0,0,0,6,3,0,0,18,4,5,4,11,24,4,0,4,600,0,0,0,4,-25.409477881561592,26.647286821705425,22.22222222222222,9,16.233766233766232,33.333333333333336,50.0,75.0,0.75,4,3,1,81.03999999999999
S45G01N4,2024-2025,20241020,165,home,6,4,0,10,2,12,1,9,5,8,2,0,0,2,1,1,2,17,7,5,2,17,19,3,0,5,600,0,0,0,5,25.409477881561592,47.53914988814318,47.05882352941177,21,21.853146853146853,25.0,50.0,57.142857142857146,0.8,4,3,6,81.03999999999999,35,3,1,6,5,11,0,13,4,5,0,0,0,6,3,0,0,18,4,5,4,11,24,4,0,4,600,0,0,0,4,-25.409477881561592,26.647286821705425,22.22222222222222,9,16.233766233766232,33.333333333333336,50.0,75.0,0.75,4,3,1,81.03999999999999
S45G01N4,2024-2025,20241020,166,home,6,4,0,10,2,12,1,9,5,8,2,0,0,2,1,1,2,17,7,5,2,17,19,3,0,5,600,0,0,0,5,25.409477881561592,47.53914988814318,47.05882352941177,21,21.853146853146853,25.0,50.0,57.142857142857146,0.8,4,3,6,81.03999999999999,35,3,1,6,5,11,0,13,4,5,0,0,0,6,3,0,0,18,4,5,4,11,24,4,0,4,600,0,0,0,4,-25.409477881561592,26.647286821705425,22.22222222222222,9,16.233766233766232,33.333333333333336,50.0,75.0,0.75,4,3,1,81.03999999999999
S45G01N4,2024-2025,20241020,167,home,6,4,0,10,2,12,1,9,5,8,2,0,0,2,1,1,2,17,7,5,2,17,19,3,0,5,600,0,0,0,5,25.409477881561592,47.53914988814318,47.05882352941177,21,21.853146853146853,25.0,50.0,57.142857142857146,0.8,4,3,6,81.03999999999999,35,3,1,6,5,11,0,13,4,5,0,0,0,6,3,0,0,18,4,5,4,11,24,4,0,4,600,0,0,0,4,-25.409477881561592,26.647286821705425,22.22222222222222,9,16.233766233766232,33.333333333333336,50.0,75.0,0.75,4,3,1,81.03999999999999
S45G01N4,2024-2025,20241020,168,home,6,4,0,10,2,12,1,9,5,8,2,0,0,2,1,1,2,17,7,5,2,17,19,3,0,5,600,0,0,0,5,25.409477881561592,47.53914988814318,47.05882352941177,21,21.853146853146853,25.0,50.0,57.142857142857146,0.8,4,3,6,81.03999999999999,35,3,1,6,5,11,0,13,4,5,0,0,0,6,3,0,0,18,4,5,4,11,24,4,0,4,600,0,0,0,4,-25.409477881561592,26.647286821705425,22.22222222222222,9,16.233766233766232,33.333333333333336,50.0,75.0,0.75,4,3,1,81.03999999999999
S45G01N4,2024-2025,20241020,169,home,6,4,0,10,2,12,1,9,5,8,2,0,0,2,1,1,2,17,7,5,2,17,19,3,0,5,600,0,0,0,5,25.409477881561592,47.53914988814318,47.05882352941177,21,21.853146853146853,25.0,50.0,57.142857142857146,0.8,4,3,6,81.03999999999999,35,3,1,6,5,11,0,13,4,5,0,0,0,6,3,0,0,18,4,5,4,11,24,4,0,4,600,0,0,0,4,-25.409477881561592,26.647286821705425,22.22222222222222,9,16.233766233766232,33.333333333333336,50.0,75.0,0.75,4,3,1,81.03999999999999
S45G01N4,2024-2025,20241020,170,home,6,4,0,10,2,12,1,9,5,8,2,0,0,2,1,1,2,17,7,5,2,17,19,3,0,5,600,0,0,0,5,25.409477881561592,47.53914988814318,47.05882352941177,21,21.853146853146853,25.0,50.0,57.142857142857146,0.8,4,3,6,81.03999999999999,35,3,1,6,5,11,0,13,4,5,0,0,0,6,3,0,0,18,4,5,4,11,24,4,0,4,600,0,0,0,4,-25.409477881561592,26.647286821705425,22.22222222222222,9,16.233766233766232,33.333333333333336,50.0,75.0,0.75,4,3,1,81.03999999999999
S45G01N4,2024-2025,20241020,171,home,6,4,0,10,2,12,1,9,5,9,2,0,0,2,1,1,2,18,7,5,2,17,20,3,0,5,609,0,0,0,5,21.688379868715494,45.021186440677965,44.44444444444444,20,20.938023450586265,25.0,50.0,57.142857142857146,0.8,4,3,6,81.8128078817734,35,3,1,6,5,11,0,13,4,5,0,0,0,6,3,0,0,18,4,5,4,11,24,4,0,4,609,0,0,0,4,-21.688379868715494,26.647286821705425,22.22222222222222,9,16.233766233766232,33.333333333333336,50.0,75.0,0.75,4,3,1,81.8128078817734
S45G01N4,2024-2025,20241020,172,home,6,4,0,10,2,12,1,9,5,9,2,0,0,2,1,1,2,18,7,5,2,17,20,3,0,5,611,0,0,0,5,21.688379868715494,45.021186440677965,44.44444444444444,20,20.938023450586265,22.22222222222222,50.0,57.142857142857146,0.8,4,3,6,81.54500818330605,35,3,1,7,5,12,0,13,4,5,0,0,0,6,3,0,0,18,4,5,4,11,24,4,0,4,611,0,0,0,4,-21.688379868715494,26.647286821705425,22.22222222222222,10,16.233766233766232,33.333333333333336,50.0,75.0,0.75,4,3,1,81.54500818330605
S45G01N4,2024-2025,20241020,173,home,6,4,0,10,2,12,1,9,5,9,2,0,0,2,1,1,2,18,7,5,2,17,20,3,0,5,630,0,0,0,5,24.401952864815847,45.021186440677965,44.44444444444444,20,20.938023450586265,22.22222222222222,50.0,57.142857142857146,0.8,4,3,6,80.99047619047617,35,3,1,7,5,12,0,13,4,6,0,0,0,6,3,0,0,19,4,5,4,11,25,4,0,4,630,0,0,0,4,-24.401952864815847,25.41589648798521,21.05263157894737,9,15.600624024960998,33.333333333333336,50.0,75.0,0.75,4,3,1,80.99047619047617
S45G01N4,2024-2025,20241020,174,home,6,4,0,10,2,12,1,9,5,9,2,0,0,2,1,1,2,18,7,5,2,17,20,3,0,5,631,0,0,0,5,21.688379868715494,45.021186440677965,44.44444444444444,20,20.938023450586265,22.22222222222222,50.0,57.142857142857146,0.8,4,3,6,78.96038034865292,35,3,1,7,6,13,0,13,4,6,0,0,0,6,3,0,0,19,4,5,4,11,25,4,0,4,631,0,0,0,4,-21.688379868715494,25.41589648798521,21.05263157894737,10,15.600624024960998,37.5,50.0,75.0,0.75,4,3,1,78.96038034865292
S45G01N4,2024-2025,20241020,175,home,6,4,0,10,2,12,1,9,5,9,2,0,0,2,1,1,2,18,7,6,3,17,20,3,0,5,631,0,0,0,5,21.688379868715494,45.021186440677965,44.44444444444444,20,20.938023450586265,22.22222222222222,50.0,57.142857142857146,0.8,4,3,6,78.96038034865292,35,3,1,7,6,13,0,13,4,6,0,0,0,6,3,0,0,19,4,5,4,11,25,4,0,4,631,0,0,0,4,-21.688379868715494,25.41589648798521,21.05263157894737,10,15.600624024960998,37.5,50.0,75.0,0.75,4,3,1,78.96038034865292
S45G01N4,2024-2025,20241020,176,home,6,4,0,10,2,12,1,9,5,9,2,0,0,2,1,1,2,18,7,6,3,17,20,3,0,5,631,0,0,0,5,21.688379868715494,45.021186440677965,44.44444444444444,20,20.938023450586265,22.22222222222222,50.0,57.142857142857146,0.8,4,3,6,78.96038034865292,35,3,1,7,6,13,0,13,4,6,0,0,0,6,3,0,0,19,4,5,4,11,25,4,0,4,631,0,0,0,4,-21.688379868715494,25.41589648798521,21.05263157894737,10,15.600624024960998,37.5,50.0,75.0,0.75,4,3,1,78.96038034865292
S45G01N4,2024-2025,20241020,177,home,6,4,0,10,2,12,1,9,5,9,2,0,0,2,1,1,2,18,7,6,3,17,20,3,0,5,639,0,0,0,5,24.401952864815847,45.021186440677965,44.44444444444444,20,20.938023450586265,22.22222222222222,50.0,57.142857142857146,0.8,4,3,6,79.84976525821595,35,3,1,7,6,13,0,14,4,6,0,0,0,6,3,0,0,20,4,5,4,11,26,4,0,4,639,0,0,0,4,-24.401952864815847,24.29328621908127,20.0,9,15.015015015015015,37.5,50.0,75.0,0.75,4,3,1,79.84976525821595
S45G01N4,2024-2025,20241020,178,home,6,4,0,11,2,13,1,9,5,9,2,0,0,2,1,1,2,18,7,6,3,17,20,3,0,5,640,0,0,0,5,24.401952864815847,45.021186440677965,44.44444444444444,21,20.938023450586265,22.22222222222222,50.0,57.142857142857146,0.8,4,3,6,79.725,35,3,1,7,6,13,0,14,4,6,0,0,0,6,3,0,0,20,4,5,4,11,26,4,0,4,640,0,0,0,4,-24.401952864815847,24.29328621908127,20.0,9,15.015015015015015,35.294117647058826,50.0,75.0,0.75,4,3,1,79.725
S45G01N4,2024-2025,20241020,179,home,6,4,0,11,2,13,1,10,5,9,2,0,0,2,1,1,2,19,7,6,3,17,21,3,0,5,651,0,0,0,5,21.006125657288457,42.756539235412475,42.10526315789474,20,20.09646302250804,22.22222222222222,50.0,57.142857142857146,0.8,4,3,6,80.22119815668202,35,3,1,7,6,13,0,14,4,6,0,0,0,6,3,0,0,20,4,5,4,11,26,4,0,4,651,0,0,0,4,-21.006125657288457,24.29328621908127,20.0,9,15.015015015015015,35.294117647058826,50.0,75.0,0.75,4,3,1,80.22119815668202
S45G01N4,2024-2025,20241020,180,home,6,4,0,11,2,13,1,10,5,9,2,0,0,2,1,1,2,19,7,6,3,17,21,3,0,5,652,0,0,0,5,21.006125657288457,42.756539235412475,42.10526315789474,20,20.09646302250804,20.0,50.0,57.142857142857146,0.8,4,3,6,80.09815950920245,35,3,1,8,6,14,0,14,4,6,0,0,0,6,3,0,0,20,4,5,4,11,26,4,0,4,652,0,0,0,4,-21.006125657288457,24.29328621908127,20.0,10,15.015015015015015,35.294117647058826,50.0,75.0,0.75,4,3,1,80.09815950920245
S45G01N4,2024-2025,20241020,181,home,6,4,0,11,2,13,1,10,5,9,2,0,0,2,1,1,2,19,7,6,3,17,21,3,0,5,662,0,0,0,5,23.468906324728884,42.756539235412475,42.10526315789474,20,20.09646302250804,20.0,50.0,57.142857142857146,0.8,4,3,6,80.70090634441087,35,3,1,8,6,14,0,14,4,7,0,0,0,6,3,0,0,21,4,5,4,11,27,4,0,4,662,0,0,0,4,-23.468906324728884,23.26565143824027,19.047619047619047,9,14.47178002894356,35.294117647058826,50.0,75.0,0.75,4,3,1,80.70090634441087
S45G01N4,2024-2025,20241020,182,home,6,4,0,12,2,14,1,10,5,9,2,0,0,2,1,1,2,19,7,6,3,17,21,3,0,5,663,0,0,0,5,23.468906324728884,42.756539235412475,42.10526315789474,21,20.09646302250804,20.0,50.0,57.142857142857146,0.8,4,3,6,80.57918552036199,35,3,1,8,6,14,0,14,4,7,0,0,0,6,3,0,0,21,4,5,4,11,27,4,0,4,663,0,0,0,4,-23.468906324728884,23.26565143824027,19.047619047619047,9,14.47178002894356,33.333333333333336,50.0,75.0,0.75,4,3,1,80.57918552036199
S45G01N4,2024-2025,20241020,183,home,6,4,0,12,2,14,1,10,5,9,2,0,0,2,1,1,2,19,7,6,3,17,21,3,0,6,668,0,0,0,6,20.357486756022887,42.756539235412475,42.10526315789474,20,23.183925811437405,20.0,50.0,57.142857142857146,0.6666666666666666,4,3,6,81.77245508982035,35,3,1,8,6,14,0,14,4,7,0,0,0,6,3,0,0,21,4,5,4,11,27,4,0,4,668,0,0,0,4,-20.357486756022887,23.26565143824027,19.047619047619047,9,14.47178002894356,33.333333333333336,50.0,75.0,0.75,4,3,1,81.77245508982035
S45G01N4,2024-2025,20241020,184,home,6,4,0,12,2,14,1,10,5,9,2,0,0,2,1,1,2,19,7,6,3,17,21,3,0,6,668,0,0,0,6,20.357486756022887,42.756539235412475,42.10526315789474,20,23.183925811437405,20.0,50.0,57.142857142857146,0.6666666666666666,4,3,6,81.77245508982035,35,3,1,8,6,14,0,14,4,7,0,0,0,6,3,0,0,21,4,5,4,11,27,4,0,4,668,0,0,0,4,-20.357486756022887,23.26565143824027,19.047619047619047,9,14.47178002894356,33.333333333333336,50.0,75.0,0.75,4,3,1,81.77245508982035
S45G01N4,2024-2025,20241020,185,home,6,4,0,12,2,14,1,10,5,9,2,0,0,2,1,1,2,19,7,6,3,17,21,3,0,6,668,0,0,0,6,20.357486756022887,42.756539235412475,42.10526315789474,20,23.183925811437405,20.0,50.0,57.142857142857146,0.6666666666666666,4,3,6,81.77245508982035,35,3,1,8,6,14,0,14,4,7,0,0,0,6,3,0,0,21,4,5,4,11,27,4,0,4,668,0,0,0,4,-20.357486756022887,23.26565143824027,19.047619047619047,9,14.47178002894356,33.333333333333336,50.0,75.0,0.75,4,3,1,81.77245508982035
S45G01N4,2024-2025,20241020,186,home,6,4,0,12,2,14,1,10,5,9,2,0,0,2,1,1,2,19,7,6,3,17,21,3,0,6,679,0,0,0,6,22.60270729383077,42.756539235412475,42.10526315789474,20,23.183925811437405,20.0,50.0,57.142857142857146,0.6666666666666666,4,3,6,82.21502209131074,35,3,1,8,6,14,0,15,4,7,0,0,0,6,3,0,0,22,4,5,4,11,28,4,0,4,679,0,0,0,4,-22.60270729383077,22.32142857142857,18.181818181818183,8,13.966480446927374,33.333333333333336,50.0,75.0,0.75,4,3,1,82.21502209131074
S45G01N4,2024-2025,20241020,187,home,6,4,0,12,2,14,1,10,5,9,2,0,0,2,1,1,2,19,7,6,3,17,21,3,0,6,680,0,0,0,6,20.357486756022887,42.756539235412475,42.10526315789474,20,23.183925811437405,20.0,50.0,57.142857142857146,0.6666666666666666,4,3,6,80.32941176470587,35,3,1,8,7,15,0,15,4,7,0,0,0,6,3,0,0,22,4,5,4,11,28,4,0,4,680,0,0,0,4,-20.357486756022887,22.32142857142857,18.181818181818183,9,13.966480446927374,36.8421052631579,50.0,75.0,0.75,4,3,1,80.32941176470587
S45G01N4,2024-2025,20241020,188,home,6,4,0,12,2,14,1,10,5,9,2,0,0,2,1,1,2,19,7,6,3,17,21,3,0,6,682,0,0,0,6,22.60270729383077,42.756539235412475,42.10526315789474,20,23.183925811437405,20.0,50.0,57.142857142857146,0.6666666666666666,4,3,6,81.85337243401759,35,3,1,8,7,15,0,15,4,7,0,0,0,6,3,0,0,22,4,5,4,11,28,4,0,5,682,0,0,0,5,-22.60270729383077,22.32142857142857,18.181818181818183,8,16.869095816464238,36.8421052631579,50.0,75.0,0.6,4,3,1,81.85337243401759
S45G01N4,2024-2025,20241020,189,home,6,4,0,12,2,14,1,10,5,9,2,0,0,2,1,1,2,19,7,6,3,17,21,4,0,6,683,0,0,0,6,22.60270729383077,42.756539235412475,42.10526315789474,21,23.183925811437405,20.0,50.0,57.142857142857146,0.6666666666666666,4,3,6,81.73352855051245,35,3,1,8,7,15,0,15,4,7,0,0,0,6,3,0,0,22,4,5,4,11,28,4,0,5,683,0,0,0,5,-22.60270729383077,22.32142857142857,18.181818181818183,8,16.869095816464238,36.8421052631579,50.0,75.0,0.6,4,3,1,81.73352855051245
S45G01N4,2024-2025,20241020,190,home,6,4,0,12,2,14,1,10,5,9,2,0,0,2,1,1,2,19,7,6,3,17,21,4,0,6,686,0,0,0,6,22.60270729383077,42.756539235412475,42.10526315789474,21,23.183925811437405,20.0,50.0,57.142857142857146,0.6666666666666666,4,3,6,81.37609329446063,35,3,1,8,7,15,0,15,4,7,0,0,0,6,3,0,0,22,4,6,5,11,28,4,0,5,686,0,0,0,5,-22.60270729383077,22.32142857142857,18.181818181818183,8,16.869095816464238,36.8421052631579,50.0,75.0,0.6,4,3,1,81.37609329446063
S45G01N4,2024-2025,20241020,191,home,6,4,0,12,2,14,1,10,5,9,2,0,0,2,1,1,2,19,7,6,3,17,21,4,0,6,686,0,0,0,6,22.60270729383077,42.756539235412475,42.10526315789474,21,23.183925811437405,20.0,50.0,57.142857142857146,0.6666666666666666,4,3,6,81.37609329446063,35,3,1,8,7,15,0,15,4,7,0,0,0,6,3,0,0,22,4,6,5,11,28,4,0,5,686,0,0,0,5,-22.60270729383077,22.32142857142857,18.181818181818183,8,16.869095816464238,36.8421052631579,50.0,75.0,0.6,4,3,1,81.37609329446063
S45G01N4,2024-2025,20241020,192,home,6,4,0,12,2,14,1,10,5,9,2,0,0,2,1,1,2,19,7,6,3,17,21,4,0,6,686,0,0,0,6,22.60270729383077,42.756539235412475,42.10526315789474,21,23.183925811437405,20.0,50.0,57.142857142857146,0.6666666666666666,4,3,6,81.37609329446063,35,3,1,8,7,15,0,15,4,7,0,0,0,6,3,0,0,22,4,6,5,11,28,4,0,5,686,0,0,0,5,-22.60270729383077,22.32142857142857,18.181818181818183,8,16.869095816464238,36.8421052631579,50.0,75.0,0.6,4,3,1,81.37609329446063
S45G01N4,2024-2025,20241020,193,home,6,4,0,12,2,14,1,10,5,9,2,0,0,2,1,1,2,19,7,6,3,17,21,4,0,6,686,0,0,0,6,22.60270729383077,42.756539235412475,42.10526315789474,21,23.183925811437405,20.0,50.0,57.142857142857146,0.6666666666666666,4,3,6,81.37609329446063,35,3,1,8,7,15,0,15,4,7,0,0,0,6,3,0,0,22,4,6,5,11,28,4,0,5,686,0,0,0,5,-22.60270729383077,22.32142857142857,18.181818181818183,8,16.869095816464238,36.8421052631579,50.0,75.0,0.6,4,3,1,81.37609329446063
S45G01N4,2024-2025,20241020,194,home,6,4,0,12,2,14,1,10,5,9,2,0,0,2,1,1,2,19,7,6,3,17,21,4,0,6,686,0,0,0,6,22.60270729383077,42.756539235412475,42.10526315789474,21,23.183925811437405,20.0,50.0,57.142857142857146,0.6666666666666666,4,3,6,81.37609329446063,35,3,1,8,7,15,0,15,4,7,0,0,0,6,3,0,0,22,4,6,5,11,28,4,0,5,686,0,0,0,5,-22.60270729383077,22.32142857142857,18.181818181818183,8,16.869095816464238,36.8421052631579,50.0,75.0,0.6,4,3,1,81.37609329446063
S45G01N4,2024-2025,20241020,195,home,6,4,0,12,2,14,1,10,5,9,2,0,0,2,1,1,2,19,7,6,3,17,21,4,0,6,686,0,0,0,6,22.60270729383077,42.756539235412475,42.10526315789474,21,23.183925811437405,20.0,50.0,57.142857142857146,0.6666666666666666,4,3,6,81.37609329446063,35,3,1,8,7,15,0,15,4,7,0,0,0,6,3,0,0,22,4,6,5,11,28,4,0,5,686,0,0,0,5,-22.60270729383077,22.32142857142857,18.181818181818183,8,16.869095816464238,36.8421052631579,50.0,75.0,0.6,4,3,1,81.37609329446063
S45G01N4,2024-2025,20241020,196,home,6,4,0,12,2,14,1,10,5,9,2,0,0,2,1,1,2,19,7,6,3,17,21,4,0,7,698,0,0,0,7,19.741401838364787,42.756539235412475,42.10526315789474,20,26.041666666666668,20.0,50.0,57.142857142857146,0.5714285714285714,4,3,6,81.69627507163322,35,3,1,8,7,15,0,15,4,7,0,0,0,6,3,0,0,22,4,6,5,11,28,4,0,5,698,0,0,0,5,-19.741401838364787,22.32142857142857,18.181818181818183,8,16.869095816464238,36.8421052631579,50.0,75.0,0.6,4,3,1,81.69627507163322
S45G01N4,2024-2025,20241020,197,home,6,4,0,12,2,14,1,10,5,9,2,0,0,2,1,1,2,19,7,6,3,17,21,4,0,7,699,0,0,0,7,19.741401838364787,42.756539235412475,42.10526315789474,20,26.041666666666668,20.0,50.0,57.142857142857146,0.5714285714285714,4,3,6,81.5793991416309,35,3,1,8,7,15,0,15,4,7,0,0,0,6,3,0,0,22,4,6,5,11,28,5,0,5,699,0,0,0,5,-19.741401838364787,22.32142857142857,18.181818181818183,9,16.869095816464238,36.8421052631579,50.0,75.0,0.6,4,3,1,81.5793991416309
S45G01N4,2024-2025,20241020,198,home,6,4,0,12,2,14,1,10,5,9,2,0,0,2,1,1,2,19,7,6,3,17,21,4,0,7,718,0,0,0,7,13.336434513413963,42.756539235412475,42.10526315789474,20,26.041666666666668,20.0,50.0,57.142857142857146,0.5714285714285714,2,3,6,81.09192200557102,35,3,1,8,7,15,0,16,5,7,0,0,0,6,3,0,0,23,5,6,5,13,29,5,0,5,718,0,0,0,5,-13.336434513413963,25.351014040561623,21.73913043478261,11,16.318537859007833,36.8421052631579,50.0,60.0,0.6,2,3,1,81.09192200557102
S45G01N4,2024-2025,20241020,199,home,6,4,0,12,2,14,1,10,5,9,2,0,0,2,1,1,2,19,7,6,3,17,21,4,0,7,718,0,0,0,7,13.336434513413963,42.756539235412475,42.10526315789474,20,26.041666666666668,20.0,50.0,57.142857142857146,0.5714285714285714,2,3,6,81.09192200557102,35,4,1,8,7,15,0,16,5,7,0,0,0,6,3,0,0,23,5,6,5,13,29,5,0,5,718,0,0,0,5,-13.336434513413963,25.351014040561623,21.73913043478261,12,16.318537859007833,36.8421052631579,50.0,80.0,0.8,2,3,1,81.09192200557102
S45G01N4,2024-2025,20241020,200,home,6,4,0,12,2,14,1,10,5,10,2,0,0,2,1,1,2,20,7,6,3,17,22,4,0,7,742,0,0,0,7,10.696250035959281,40.7088122605364,40.0,19,25.107604017216644,20.0,50.0,57.142857142857146,0.5714285714285714,2,3,6,80.08625336927223,35,4,1,8,7,15,0,16,5,7,0,0,0,6,3,0,0,23,5,6,5,13,29,5,0,5,742,0,0,0,5,-10.696250035959281,25.351014040561623,21.73913043478261,12,16.318537859007833,36.8421052631579,50.0,80.0,0.8,2,3,1,80.08625336927223
S45G01N4,2024-2025,20241020,201,home,6,4,0,12,3,15,1,10,5,10,2,0,0,2,1,1,2,20,7,6,3,17,22,4,0,7,744,0,0,0,7,13.336434513413963,40.7088122605364,40.0,20,25.107604017216644,27.272727272727273,50.0,57.142857142857146,0.5714285714285714,2,3,6,78.25806451612902,35,4,1,8,7,15,0,16,5,7,0,0,0,6,3,0,0,23,5,6,5,13,29,5,0,5,744,0,0,0,5,-13.336434513413963,25.351014040561623,21.73913043478261,12,16.318537859007833,36.8421052631579,50.0,80.0,0.8,2,3,1,78.25806451612902
S45G01N4,2024-2025,20241020,202,home,6,4,0,12,3,15,1,11,6,10,2,0,0,2,1,1,2,21,8,6,3,19,23,4,0,7,746,0,0,0,7,18.424225306438416,43.41864716636198,42.857142857142854,22,24.238227146814406,27.272727272727273,50.0,50.0,0.5714285714285714,2,3,6,79.65683646112599,35,4,1,8,7,15,0,16,5,7,0,0,0,6,3,0,0,23,5,6,5,13,29,5,0,5,746,0,0,0,5,-18.424225306438416,25.351014040561623,21.73913043478261,12,16.318537859007833,36.8421052631579,50.0,80.0,0.8,2,3,1,79.65683646112599
S45G01N4,2024-2025,20241020,203,home,6,4,0,12,3,15,1,11,6,10,2,0,0,2,1,1,2,21,8,6,3,19,23,4,0,7,747,0,0,0,7,18.424225306438416,43.41864716636198,42.857142857142854,22,24.238227146814406,27.272727272727273,50.0,50.0,0.5714285714285714,2,3,6,79.55020080321285,35,4,1,8,7,15,0,16,5,7,0,0,0,6,3,0,0,23,5,6,5,13,29,5,0,5,747,0,0,0,5,-18.424225306438416,25.351014040561623,21.73913043478261,12,16.318537859007833,36.8421052631579,50.0,80.0,0.8,2,3,1,79.55020080321285
S45G01N4,2024-2025,20241020,204,home,6,4,0,12,3,15,1,11,6,10,2,0,0,2,1,1,2,21,8,6,3,19,23,4,0,7,747,0,0,0,7,18.424225306438416,43.41864716636198,42.857142857142854,22,24.238227146814406,27.272727272727273,50.0,50.0,0.5714285714285714,2,3,6,79.55020080321285,35,4,1,8,7,15,0,16,5,7,0,0,0,6,3,0,0,23,5,6,5,13,29,5,0,5,747,0,0,0,5,-18.424225306438416,25.351014040561623,21.73913043478261,12,16.318537859007833,36.8421052631579,50.0,80.0,0.8,2,3,1,79.55020080321285
S45G01N4,2024-2025,20241020,205,home,6,4,0,12,3,15,1,11,6,10,2,0,0,2,1,1,2,21,8,6,3,19,23,4,0,7,765,0,0,0,7,20.65602480981152,43.41864716636198,42.857142857142854,22,24.238227146814406,27.272727272727273,50.0,50.0,0.5714285714285714,2,3,6,79.2470588235294,35,4,1,8,7,15,0,17,5,7,0,0,0,6,3,0,0,24,5,6,5,13,30,5,0,5,765,0,0,0,5,-20.65602480981152,24.3993993993994,20.833333333333332,11,15.802781289506953,36.8421052631579,50.0,80.0,0.8,2,3,1,79.2470588235294
S45G01N4,2024-2025,20241020,206,home,6,4,0,12,3,15,1,11,6,10,2,0,0,2,1,1,2,21,8,6,3,19,23,4,0,7,767,0,0,0,7,18.424225306438416,43.41864716636198,42.857142857142854,22,24.238227146814406,27.272727272727273,50.0,50.0,0.5714285714285714,2,3,6,77.47588005215123,35,4,1,8,8,16,0,17,5,7,0,0,0,6,3,0,0,24,5,6,5,13,30,5,0,5,767,0,0,0,5,-18.424225306438416,24.3993993993994,20.833333333333332,12,15.802781289506953,40.0,50.0,80.0,0.8,2,3,1,77.47588005215123
S45G01N4,2024-2025,20241020,207,home,6,4,0,12,3,15,1,11,6,10,2,0,0,2,1,1,2,21,8,6,3,19,23,4,0,7,769,0,0,0,7,12.539141692928403,43.41864716636198,42.857142857142854,22,24.238227146814406,27.272727272727273,50.0,50.0,0.5714285714285714,2,3,6,78.83485045513653,35,4,1,8,8,16,0,18,6,7,0,0,0,6,3,0,0,25,6,6,5,15,31,5,0,5,769,0,0,0,5,-12.539141692928403,27.134587554269174,24.0,14,15.318627450980392,40.0,50.0,66.66666666666667,0.8,2,3,1,78.83485045513653
S45G01N4,2024-2025,20241020,208,home,6,4,0,12,3,15,1,11,6,11,2,0,0,2,1,1,2,22,8,6,3,19,24,4,0,7,776,0,0,0,7,9.807900432900432,41.52097902097902,40.90909090909091,21,23.427041499330656,27.272727272727273,50.0,50.0,0.5714285714285714,2,3,6,79.6701030927835,35,4,1,8,8,16,0,18,6,7,0,0,0,6,3,0,0,25,6,6,5,15,31,5,0,5,776,0,0,0,5,-9.807900432900432,27.134587554269174,24.0,14,15.318627450980392,40.0,50.0,66.66666666666667,0.8,2,3,1,79.6701030927835
S45G01N4,2024-2025,20241020,209,home,6,4,0,12,3,15,1,11,6,11,2,0,0,2,1,1,2,22,8,6,3,19,24,4,0,7,778,0,0,0,7,9.807900432900432,41.52097902097902,40.90909090909091,21,23.427041499330656,25.0,50.0,50.0,0.5714285714285714,2,3,6,79.46529562982005,35,4,1,9,8,17,0,18,6,7,0,0,0,6,3,0,0,25,6,6,5,15,31,5,0,5,778,0,0,0,5,-9.807900432900432,27.134587554269174,24.0,15,15.318627450980392,40.0,50.0,66.66666666666667,0.8,2,3,1,79.46529562982005
S45G01N4,2024-2025,20241020,210,home,6,4,0,12,3,15,1,11,6,11,2,0,0,2,1,1,2,22,8,6,3,19,24,4,0,7,789,0,0,0,7,4.381871703439572,41.52097902097902,40.90909090909091,21,23.427041499330656,25.0,50.0,50.0,0.5714285714285714,4,3,6,79.87832699619771,35,4,1,9,8,17,0,19,7,7,0,0,0,6,3,0,0,26,7,6,5,17,32,5,0,5,789,0,0,0,5,-4.381871703439572,29.67877094972067,26.923076923076923,17,14.863258026159334,40.0,50.0,57.142857142857146,0.8,4,3,1,79.87832699619771
S45G01N4,2024-2025,20241020,211,home,6,4,0,12,3,15,1,11,6,11,2,0,0,2,1,1,2,22,8,6,3,19,24,4,0,7,789,0,0,0,7,4.381871703439572,41.52097902097902,40.90909090909091,21,23.427041499330656,25.0,50.0,50.0,0.5714285714285714,4,3,6,79.87832699619771,35,5,1,9,8,17,0,19,7,7,0,0,0,6,3,0,0,26,7,6,5,17,32,5,0,5,789,0,0,0,5,-4.381871703439572,29.67877094972067,26.923076923076923,18,14.863258026159334,40.0,50.0,71.42857142857143,1.0,4,3,1,79.87832699619771
S45G01N4,2024-2025,20241020,212,home,6,4,0,12,3,15,1,11,6,11,2,0,0,2,1,1,2,22,8,6,3,19,24,4,0,7,789,0,0,0,7,4.381871703439572,41.52097902097902,40.90909090909091,21,23.427041499330656,25.0,50.0,50.0,0.5714285714285714,4,3,6,79.87832699619771,35,5,1,9,8,17,0,19,7,7,0,0,0,6,3,0,0,26,7,6,5,17,32,5,0,5,789,0,0,0,5,-4.381871703439572,29.67877094972067,26.923076923076923,18,14.863258026159334,40.0,50.0,71.42857142857143,1.0,4,3,1,79.87832699619771
S45G01N4,2024-2025,20241020,213,home,6,4,0,12,3,15,1,11,6,11,2,0,0,2,1,1,2,22,8,6,3,19,24,4,0,7,789,0,0,0,7,4.381871703439572,41.52097902097902,40.90909090909091,21,23.427041499330656,25.0,50.0,50.0,0.5714285714285714,4,3,6,79.87832699619771,35,5,1,9,8,17,0,19,7,7,0,0,0,6,3,0,0,26,7,6,5,17,32,5,0,5,789,0,0,0,5,-4.381871703439572,29.67877094972067,26.923076923076923,18,14.863258026159334,40.0,50.0,71.42857142857143,1.0,4,3,1,79.87832699619771
S45G01N4,2024-2025,20241020,214,home,6,4,0,12,3,15,1,11,6,11,2,0,0,2,1,1,2,22,8,6,3,19,24,4,0,7,789,0,0,0,7,4.381871703439572,41.52097902097902,40.90909090909091,21,23.427041499330656,25.0,50.0,50.0,0.5714285714285714,4,3,6,79.87832699619771,35,5,1,9,8,17,0,19,7,7,0,0,0,6,3,0,0,26,7,6,5,17,32,5,0,5,789,0,0,0,5,-4.381871703439572,29.67877094972067,26.923076923076923,18,14.863258026159334,40.0,50.0,71.42857142857143,1.0,4,3,1,79.87832699619771
S45G01N4,2024-2025,20241020,215,home,6,4,0,12,3,15,1,11,6,11,2,0,0,2,1,1,2,22,8,6,3,19,24,4,0,7,789,0,0,0,7,4.381871703439572,41.52097902097902,40.90909090909091,21,23.427041499330656,25.0,50.0,50.0,0.5714285714285714,4,3,6,79.87832699619771,35,5,1,9,8,17,0,19,7,7,0,0,0,6,3,0,0,26,7,6,5,17,32,5,0,5,789,0,0,0,5,-4.381871703439572,29.67877094972067,26.923076923076923,18,14.863258026159334,40.0,50.0,71.42857142857143,1.0,4,3,1,79.87832699619771
S45G01N4,2024-2025,20241020,216,home,6,4,0,12,3,15,1,11,6,11,2,0,0,2,1,1,2,22,8,6,3,19,24,4,0,7,789,0,0,0,7,4.381871703439572,41.52097902097902,40.90909090909091,21,23.427041499330656,25.0,50.0,50.0,0.5714285714285714,4,3,6,79.87832699619771,35,5,1,9,8,17,0,19,7,7,0,0,0,6,3,0,0,26,7,6,5,17,32,5,0,5,789,0,0,0,5,-4.381871703439572,29.67877094972067,26.923076923076923,18,14.863258026159334,40.0,50.0,71.42857142857143,1.0,4,3,1,79.87832699619771
S45G01N4,2024-2025,20241020,217,home,6,4,0,12,3,15,1,11,6,11,2,0,0,2,1,1,2,22,8,6,3,19,24,4,0,7,789,0,0,0,7,4.381871703439572,41.52097902097902,40.90909090909091,21,23.427041499330656,25.0,50.0,50.0,0.5714285714285714,4,3,6,79.87832699619771,35,5,1,9,8,17,0,19,7,7,0,0,0,6,3,0,0,26,7,6,5,17,32,5,0,5,789,0,0,0,5,-4.381871703439572,29.67877094972067,26.923076923076923,18,14.863258026159334,40.0,50.0,71.42857142857143,1.0,4,3,1,79.87832699619771
S45G01N4,2024-2025,20241020,218,home,6,4,0,12,3,15,1,11,6,11,2,0,0,2,1,1,2,22,8,6,3,19,24,4,0,7,789,0,0,0,7,4.381871703439572,41.52097902097902,40.90909090909091,21,23.427041499330656,25.0,50.0,50.0,0.5714285714285714,4,3,6,79.87832699619771,35,5,1,9,8,17,0,19,7,7,0,0,0,6,3,0,0,26,7,6,5,17,32,5,0,5,789,0,0,0,5,-4.381871703439572,29.67877094972067,26.923076923076923,18,14.863258026159334,40.0,50.0,71.42857142857143,1.0,4,3,1,79.87832699619771
S45G01N4,2024-2025,20241020,219,home,6,4,0,12,3,15,1,11,6,12,3,0,0,2,1,1,2,23,9,6,3,22,25,4,0,7,805,0,0,0,7,12.606960519453779,46.06365159128978,45.65217391304348,24,22.668393782383422,25.0,50.0,44.44444444444444,0.5714285714285714,3,3,6,79.78136645962732,35,5,1,9,8,17,0,19,7,7,0,0,0,6,3,0,0,26,7,6,5,17,32,5,0,5,805,0,0,0,5,-12.606960519453779,29.67877094972067,26.923076923076923,18,14.863258026159334,40.0,50.0,71.42857142857143,1.0,3,3,1,79.78136645962732
S45G01N4,2024-2025,20241020,220,home,6,5,0,12,3,15,1,11,6,12,3,0,0,2,1,1,2,23,9,6,3,22,25,4,0,7,805,0,0,0,7,12.606960519453779,46.06365159128978,45.65217391304348,25,22.668393782383422,25.0,50.0,55.55555555555556,0.7142857142857143,3,3,6,79.78136645962732,35,5,1,9,8,17,0,19,7,7,0,0,0,6,3,0,0,26,7,6,5,17,32,5,0,5,805,0,0,0,5,-12.606960519453779,29.67877094972067,26.923076923076923,18,14.863258026159334,40.0,50.0,71.42857142857143,1.0,3,3,1,79.78136645962732
S45G01N4,2024-2025,20241020,221,home,6,5,0,12,3,15,1,11,6,12,3,0,0,2,1,1,2,23,9,6,3,22,25,4,0,7,827,0,0,0,7,7.588291304216696,46.06365159128978,45.65217391304348,25,22.668393782383422,25.0,50.0,55.55555555555556,0.7142857142857143,2,3,6,79.11003627569528,35,5,1,9,8,17,0,20,8,7,0,0,0,6,3,0,0,27,8,6,5,19,33,5,0,5,827,0,0,0,5,-7.588291304216696,32.05128205128205,29.62962962962963,20,14.434180138568129,40.0,50.0,62.5,1.0,2,3,1,79.11003627569528
S45G01N4,2024-2025,20241020,222,home,6,5,0,12,3,15,1,11,6,12,3,0,0,2,1,1,2,23,9,6,3,22,25,4,0,7,827,0,0,0,7,7.588291304216696,46.06365159128978,45.65217391304348,25,22.668393782383422,25.0,50.0,55.55555555555556,0.7142857142857143,2,3,6,79.11003627569528,35,6,1,9,8,17,0,20,8,7,0,0,0,6,3,0,0,27,8,6,5,19,33,5,0,5,827,0,0,0,5,-7.588291304216696,32.05128205128205,29.62962962962963,21,14.434180138568129,40.0,50.0,75.0,1.2,2,3,1,79.11003627569528
S45G01N4,2024-2025,20241020,223,home,6,5,0,12,3,15,1,12,6,12,3,0,0,2,1,1,2,24,9,6,3,22,26,4,0,7,838,0,0,0,7,4.855963997238234,44.21221864951769,43.75,24,21.957340025094105,25.0,50.0,55.55555555555556,0.7142857142857143,2,3,6,79.5035799522673,35,6,1,9,8,17,0,20,8,7,0,0,0,6,3,0,0,27,8,6,5,19,33,5,0,5,838,0,0,0,5,-4.855963997238234,32.05128205128205,29.62962962962963,21,14.434180138568129,40.0,50.0,75.0,1.2,2,3,1,79.5035799522673
S45G01N4,2024-2025,20241020,224,home,6,5,0,12,3,15,1,12,6,12,3,0,0,2,1,1,2,24,9,6,3,22,26,4,0,7,840,0,0,0,7,4.855963997238234,44.21221864951769,43.75,24,21.957340025094105,23.076923076923077,50.0,55.55555555555556,0.7142857142857143,2,3,6,79.31428571428572,35,6,1,10,8,18,0,20,8,7,0,0,0,6,3,0,0,27,8,6,5,19,33,5,0,5,840,0,0,0,5,-4.855963997238234,32.05128205128205,29.62962962962963,22,14.434180138568129,40.0,50.0,75.0,1.2,2,3,1,79.31428571428572
S45G01N4,2024-2025,20241020,225,home,6,5,0,12,3,15,1,12,6,12,3,0,0,2,1,1,2,24,9,6,3,22,26,4,0,7,845,0,0,0,7,7.4363301810776505,44.21221864951769,43.75,24,21.957340025094105,23.076923076923077,50.0,55.55555555555556,0.7142857142857143,2,3,6,80.26508875739644,35,6,1,10,8,18,0,20,8,7,0,0,0,6,3,0,0,27,8,6,5,19,33,5,0,6,845,0,0,0,6,-7.4363301810776505,32.05128205128205,29.62962962962963,21,16.835016835016834,40.0,50.0,75.0,1.0,2,3,1,80.26508875739644
S45G01N4,2024-2025,20241020,226,home,6,5,0,12,3,15,1,12,6,12,3,0,0,2,1,1,2,24,9,6,3,22,26,5,0,7,846,0,0,0,7,7.4363301810776505,44.21221864951769,43.75,25,21.957340025094105,23.076923076923077,50.0,55.55555555555556,0.7142857142857143,2,3,6,80.17021276595744,35,6,1,10,8,18,0,20,8,7,0,0,0,6,3,0,0,27,8,6,5,19,33,5,0,6,846,0,0,0,6,-7.4363301810776505,32.05128205128205,29.62962962962963,21,16.835016835016834,40.0,50.0,75.0,1.0,2,3,1,80.17021276595744
S45G01N4,2024-2025,20241020,227,home,6,5,0,12,3,15,1,13,6,12,3,0,0,2,1,1,2,25,9,6,3,22,27,5,0,7,848,0,0,0,7,4.886889574700163,42.50386398763524,42.0,24,21.28953771289538,23.076923076923077,50.0,55.55555555555556,0.7142857142857143,2,3,6,81.39622641509433,35,6,1,10,8,18,0,20,8,7,0,0,0,6,3,0,0,27,8,6,5,19,33,5,0,6,848,0,0,0,6,-4.886889574700163,32.05128205128205,29.62962962962963,21,16.835016835016834,40.0,50.0,75.0,1.0,2,3,1,81.39622641509433
S45G01N4,2024-2025,20241020,228,home,6,5,0,12,3,15,1,13,6,12,3,0,0,2,1,1,2,25,9,6,3,22,27,5,0,7,849,0,0,0,7,4.886889574700163,42.50386398763524,42.0,24,21.28953771289538,23.076923076923077,50.0,55.55555555555556,0.7142857142857143,2,3,6,81.30035335689045,35,6,2,10,8,18,0,20,8,7,0,0,0,6,3,0,0,27,8,6,5,19,33,5,0,6,849,0,0,0,6,-4.886889574700163,32.05128205128205,29.62962962962963,22,16.835016835016834,40.0,50.0,75.0,1.0,2,3,1,81.30035335689045
S45G01N4,2024-2025,20241020,229,home,6,5,0,12,3,15,1,13,6,12,3,0,0,2,1,1,2,25,9,6,3,22,27,5,0,7,850,0,0,0,7,4.886889574700163,42.50386398763524,42.0,24,21.28953771289538,21.428571428571427,50.0,55.55555555555556,0.7142857142857143,2,3,6,81.20470588235294,35,6,2,11,8,19,0,20,8,7,0,0,0,6,3,0,0,27,8,6,5,19,33,5,0,6,850,0,0,0,6,-4.886889574700163,32.05128205128205,29.62962962962963,23,16.835016835016834,40.0,50.0,75.0,1.0,2,3,1,81.20470588235294
S45G01N4,2024-2025,20241020,230,home,6,5,0,12,3,15,1,13,6,12,3,0,0,2,1,1,2,25,9,6,3,22,27,5,0,7,855,0,0,0,7,7.287062589277042,42.50386398763524,42.0,24,21.28953771289538,21.428571428571427,50.0,55.55555555555556,0.7142857142857143,2,3,6,82.13333333333333,35,6,2,11,8,19,0,20,8,8,0,0,0,6,3,0,0,28,8,6,5,19,34,5,0,6,855,0,0,0,6,-7.287062589277042,31.005221932114882,28.571428571428573,22,16.375545851528383,40.0,50.0,75.0,1.0,2,3,1,82.13333333333333
S45G01N4,2024-2025,20241020,231,home,6,5,0,12,3,15,1,13,6,12,3,0,0,2,1,1,2,25,9,6,3,22,27,5,0,7,855,0,0,0,7,7.287062589277042,42.50386398763524,42.0,24,21.28953771289538,21.428571428571427,50.0,55.55555555555556,0.7142857142857143,2,3,6,82.13333333333333,35,6,2,11,8,19,1,20,8,8,0,0,0,6,3,0,0,28,8,6,5,19,34,5,0,6,855,0,0,0,6,-7.287062589277042,31.005221932114882,28.571428571428573,23,16.375545851528383,40.0,50.0,75.0,1.0,2,3,1,82.13333333333333
S45G01N4,2024-2025,20241020,232,home,6,5,0,12,3,15,1,13,6,12,3,0,0,2,1,1,2,25,9,6,3,22,27,5,0,7,867,0,0,0,7,2.7776422830322645,42.50386398763524,42.0,24,21.28953771289538,21.428571428571427,50.0,55.55555555555556,0.7142857142857143,4,3,6,82.38062283737023,35,6,2,11,8,19,1,21,9,8,0,0,0,6,3,0,0,29,9,6,5,21,35,5,0,6,867,0,0,0,6,-2.7776422830322645,33.1858407079646,31.03448275862069,25,15.94048884165781,40.0,50.0,66.66666666666667,1.0,4,3,1,82.38062283737023
S45G01N4,2024-2025,20241020,233,home,6,5,0,12,3,15,1,13,6,12,3,0,0,2,1,1,2,25,9,6,3,22,27,5,0,7,867,0,0,0,7,2.7776422830322645,42.50386398763524,42.0,24,21.28953771289538,21.428571428571427,50.0,55.55555555555556,0.7142857142857143,4,3,6,82.38062283737023,35,7,2,11,8,19,1,21,9,8,0,0,0,6,3,0,0,29,9,6,5,21,35,5,0,6,867,0,0,0,6,-2.7776422830322645,33.1858407079646,31.03448275862069,26,15.94048884165781,40.0,50.0,77.77777777777777,1.1666666666666667,4,3,1,82.38062283737023
S45G01N4,2024-2025,20241020,234,home,6,5,0,12,3,15,1,13,6,13,3,0,0,2,1,1,2,26,9,6,3,22,28,5,0,7,878,0,0,0,7,0.39332088691237743,40.92261904761905,40.38461538461539,23,20.66115702479339,21.428571428571427,50.0,55.55555555555556,0.7142857142857143,4,3,6,82.71526195899771,35,7,2,11,8,19,1,21,9,8,0,0,0,6,3,0,0,29,9,6,5,21,35,5,0,6,878,0,0,0,6,-0.39332088691237743,33.1858407079646,31.03448275862069,26,15.94048884165781,40.0,50.0,77.77777777777777,1.1666666666666667,4,3,1,82.71526195899771
S45G01N4,2024-2025,20241020,235,home,6,5,0,12,3,15,2,13,6,13,3,0,0,2,1,1,2,26,9,6,3,22,28,5,0,7,879,0,0,0,7,0.39332088691237743,40.92261904761905,40.38461538461539,24,20.66115702479339,21.428571428571427,50.0,55.55555555555556,0.7142857142857143,4,3,6,82.62116040955631,35,7,2,11,8,19,1,21,9,8,0,0,0,6,3,0,0,29,9,6,5,21,35,5,0,6,879,0,0,0,6,-0.39332088691237743,33.1858407079646,31.03448275862069,26,15.94048884165781,40.0,50.0,77.77777777777777,1.1666666666666667,4,3,1,82.62116040955631
S45G01N4,2024-2025,20241020,236,home,6,5,0,12,3,15,2,13,6,13,3,0,0,2,1,1,2,26,9,6,3,22,28,5,0,7,879,0,0,0,7,0.39332088691237743,40.92261904761905,40.38461538461539,24,20.66115702479339,21.428571428571427,50.0,55.55555555555556,0.7142857142857143,4,3,6,82.62116040955631,35,7,2,11,8,19,1,21,9,8,0,0,0,6,3,0,0,29,9,6,5,21,35,5,0,6,879,0,0,0,6,-0.39332088691237743,33.1858407079646,31.03448275862069,26,15.94048884165781,40.0,50.0,77.77777777777777,1.1666666666666667,4,3,1,82.62116040955631
S45G01N4,2024-2025,20241020,237,home,6,5,0,12,3,15,2,13,6,13,3,0,0,2,1,1,2,26,9,6,3,22,28,5,0,7,879,0,0,0,7,0.39332088691237743,40.92261904761905,40.38461538461539,24,20.66115702479339,21.428571428571427,50.0,55.55555555555556,0.7142857142857143,4,3,6,82.62116040955631,35,7,2,11,8,19,1,21,9,8,0,0,0,6,3,0,0,29,9,6,5,21,35,5,0,6,879,0,0,0,6,-0.39332088691237743,33.1858407079646,31.03448275862069,26,15.94048884165781,40.0,50.0,77.77777777777777,1.1666666666666667,4,3,1,82.62116040955631
S45G01N4,2024-2025,20241020,238,home,6,5,0,12,3,15,2,13,6,13,3,0,0,2,1,1,2,26,9,6,3,22,28,5,0,7,890,0,0,0,7,0.39332088691237743,40.92261904761905,40.38461538461539,24,20.66115702479339,21.428571428571427,50.0,55.55555555555556,0.7142857142857143,4,3,6,81.6,35,7,2,11,8,19,1,21,9,8,0,0,0,6,3,0,0,29,9,6,5,21,35,5,0,6,890,0,0,0,6,-0.39332088691237743,33.1858407079646,31.03448275862069,26,15.94048884165781,40.0,50.0,77.77777777777777,1.1666666666666667,4,3,1,81.6
S45G01N4,2024-2025,20241020,239,home,6,5,0,12,3,15,2,13,6,13,3,0,0,2,1,1,2,26,9,6,3,22,28,5,0,7,890,0,0,0,7,0.39332088691237743,40.92261904761905,40.38461538461539,24,20.66115702479339,21.428571428571427,50.0,55.55555555555556,0.7142857142857143,4,3,6,81.6,35,7,2,11,8,19,1,21,9,8,0,0,0,6,3,0,0,29,9,6,5,21,35,5,0,6,890,0,0,0,6,-0.39332088691237743,33.1858407079646,31.03448275862069,26,15.94048884165781,40.0,50.0,77.77777777777777,1.1666666666666667,4,3,1,81.6
S45G01N4,2024-2025,20241020,240,home,6,5,0,12,3,15,2,13,6,14,3,0,0,2,1,1,2,27,9,6,3,22,29,5,0,7,895,0,0,0,7,-1.8414194931397532,39.45480631276901,38.888888888888886,23,20.068807339449545,21.428571428571427,50.0,55.55555555555556,0.7142857142857143,4,3,6,82.48491620111731,35,7,2,11,8,19,1,21,9,8,0,0,0,6,3,0,0,29,9,6,5,21,35,5,0,6,895,0,0,0,6,1.8414194931397532,33.1858407079646,31.03448275862069,26,15.94048884165781,40.0,50.0,77.77777777777777,1.1666666666666667,4,3,1,82.48491620111731
S45G01N4,2024-2025,20241020,241,home,6,5,0,12,3,15,2,13,6,14,3,0,0,2,1,1,2,27,9,6,3,22,29,5,1,7,895,0,0,0,8,-1.8414194931397532,39.45480631276901,38.888888888888886,22,20.068807339449545,21.428571428571427,50.0,55.55555555555556,0.7142857142857143,4,3,6,82.48491620111731,35,7,2,11,8,19,1,21,9,8,0,0,0,6,3,0,0,29,9,6,5,21,35,5,0,6,895,0,0,0,6,1.8414194931397532,33.1858407079646,31.03448275862069,26,15.94048884165781,40.0,50.0,77.77777777777777,1.1666666666666667,4,3,1,82.48491620111731
S45G01N4,2024-2025,20241020,242,home,6,5,0,12,3,15,2,13,6,14,3,0,0,2,1,1,2,27,9,6,3,22,29,5,1,7,910,0,0,0,8,0.47092392817715734,39.45480631276901,38.888888888888886,22,20.068807339449545,21.428571428571427,50.0,55.55555555555556,0.7142857142857143,4,3,6,82.44395604395604,35,7,2,11,8,19,1,21,9,9,0,0,0,6,3,0,0,30,9,6,5,21,36,5,0,6,910,0,0,0,6,-0.47092392817715734,32.169117647058826,30.0,25,15.527950310559007,40.0,50.0,77.77777777777777,1.1666666666666667,4,3,1,82.44395604395604
S45G01N4,2024-2025,20241020,243,home,6,5,0,12,3,15,2,13,6,14,3,0,0,2,1,1,2,27,9,6,3,22,29,5,1,7,911,0,0,0,8,-1.8414194931397532,39.45480631276901,38.888888888888886,22,20.068807339449545,21.428571428571427,50.0,55.55555555555556,0.7142857142857143,4,3,6,81.03622392974754,35,7,2,11,9,20,1,21,9,9,0,0,0,6,3,0,0,30,9,6,5,21,36,5,0,6,911,0,0,0,6,1.8414194931397532,32.169117647058826,30.0,26,15.527950310559007,42.857142857142854,50.0,77.77777777777777,1.1666666666666667,4,3,1,81.03622392974754
S45G01N4,2024-2025,20241020,244,home,6,5,0,12,3,15,2,13,6,14,3,0,0,2,1,1,2,27,9,6,3,22,29,5,1,7,912,0,0,0,8,0.47092392817715734,39.45480631276901,38.888888888888886,22,20.068807339449545,21.428571428571427,50.0,55.55555555555556,0.7142857142857143,4,3,6,82.26315789473685,35,7,2,11,9,20,1,22,9,9,0,0,0,6,3,0,0,31,9,6,5,21,37,5,0,6,912,0,0,0,6,-0.47092392817715734,31.212841854934602,29.032258064516128,25,15.136226034308779,42.857142857142854,50.0,77.77777777777777,1.1666666666666667,4,3,1,82.26315789473685
S45G01N4,2024-2025,20241020,245,home,6,5,0,13,3,16,2,13,6,14,3,0,0,2,1,1,2,27,9,6,3,22,29,5,1,7,915,0,0,0,8,0.47092392817715734,39.45480631276901,38.888888888888886,23,20.068807339449545,21.428571428571427,50.0,55.55555555555556,0.7142857142857143,4,3,6,81.99344262295081,35,7,2,11,9,20,1,22,9,9,0,0,0,6,3,0,0,31,9,6,5,21,37,5,0,6,915,0,0,0,6,-0.47092392817715734,31.212841854934602,29.032258064516128,25,15.136226034308779,40.90909090909091,50.0,77.77777777777777,1.1666666666666667,4,3,1,81.99344262295081
S45G01N4,2024-2025,20241020,246,home,6,5,0,13,3,16,2,14,6,14,3,0,0,2,1,1,2,28,9,6,3,22,30,5,1,7,933,0,0,0,8,-1.6278833387331275,38.08864265927978,37.5,22,19.509476031215165,21.428571428571427,50.0,55.55555555555556,0.7142857142857143,4,3,6,81.69774919614147,35,7,2,11,9,20,1,22,9,9,0,0,0,6,3,0,0,31,9,6,5,21,37,5,0,6,933,0,0,0,6,1.6278833387331275,31.212841854934602,29.032258064516128,25,15.136226034308779,40.90909090909091,50.0,77.77777777777777,1.1666666666666667,4,3,1,81.69774919614147
S45G01N4,2024-2025,20241020,247,home,6,5,0,13,3,16,3,14,6,14,3,0,0,2,1,1,2,28,9,6,3,22,30,5,1,7,934,0,0,0,8,-1.6278833387331275,38.08864265927978,37.5,23,19.509476031215165,21.428571428571427,50.0,55.55555555555556,0.7142857142857143,4,3,6,81.610278372591,35,7,2,11,9,20,1,22,9,9,0,0,0,6,3,0,0,31,9,6,5,21,37,5,0,6,934,0,0,0,6,1.6278833387331275,31.212841854934602,29.032258064516128,25,15.136226034308779,40.90909090909091,50.0,77.77777777777777,1.1666666666666667,4,3,1,81.610278372591
S45G01N4,2024-2025,20241020,248,home,6,5,0,13,3,16,3,14,6,14,3,0,0,2,1,1,2,28,9,6,3,22,30,5,1,7,934,0,0,0,8,-1.6278833387331275,38.08864265927978,37.5,23,19.509476031215165,21.428571428571427,50.0,55.55555555555556,0.7142857142857143,4,3,6,81.610278372591,35,7,2,11,9,20,1,22,9,9,0,0,0,6,3,0,0,31,9,6,5,21,37,5,0,6,934,0,0,0,6,1.6278833387331275,31.212841854934602,29.032258064516128,25,15.136226034308779,40.90909090909091,50.0,77.77777777777777,1.1666666666666667,4,3,1,81.610278372591
S45G01N4,2024-2025,20241020,249,home,6,5,0,13,3,16,3,14,6,14,3,0,0,2,1,1,2,28,9,6,3,22,30,5,1,7,934,0,0,0,8,-1.6278833387331275,38.08864265927978,37.5,23,19.509476031215165,21.428571428571427,50.0,55.55555555555556,0.7142857142857143,4,3,6,81.610278372591,35,7,2,11,9,20,1,22,9,9,0,0,0,6,3,0,0,31,9,6,5,21,37,5,0,6,934,0,0,0,6,1.6278833387331275,31.212841854934602,29.032258064516128,25,15.136226034308779,40.90909090909091,50.0,77.77777777777777,1.1666666666666667,4,3,1,81.610278372591
S45G01N4,2024-2025,20241020,250,home,6,5,0,13,3,16,3,14,6,14,3,0,0,2,1,1,2,28,9,6,3,22,30,5,1,7,936,0,0,0,8,-1.6278833387331275,38.08864265927978,37.5,23,19.509476031215165,21.428571428571427,50.0,55.55555555555556,0.7142857142857143,4,3,6,81.43589743589743,35,7,2,11,9,20,1,22,9,9,0,0,0,6,3,0,0,31,9,7,5,21,37,5,0,6,936,0,0,0,6,1.6278833387331275,31.212841854934602,29.032258064516128,25,15.136226034308779,40.90909090909091,50.0,77.77777777777777,1.1666666666666667,4,3,1,81.43589743589743
S45G01N4,2024-2025,20241020,251,home,6,5,0,13,3,16,3,14,6,14,3,0,0,2,1,1,2,28,9,6,3,22,30,5,1,7,936,0,0,0,8,-1.6278833387331275,38.08864265927978,37.5,23,19.509476031215165,21.428571428571427,50.0,55.55555555555556,0.7142857142857143,4,3,6,81.43589743589743,35,7,2,11,9,20,1,22,9,9,0,0,0,6,3,0,0,31,9,7,5,21,37,5,0,6,936,0,0,0,6,1.6278833387331275,31.212841854934602,29.032258064516128,25,15.136226034308779,40.90909090909091,50.0,77.77777777777777,1.1666666666666667,4,3,1,81.43589743589743
S45G01N4,2024-2025,20241020,252,home,6,5,0,13,3,16,3,14,6,14,3,0,0,3,2,1,2,28,9,6,3,23,31,5,1,7,936,0,0,0,8,0.4897520365848749,39.22237380627558,37.5,24,19.273127753303964,21.428571428571427,66.66666666666667,55.55555555555556,0.7142857142857143,1,3,6,82.00000000000001,35,7,2,11,9,20,1,22,9,9,0,0,0,6,3,0,0,31,9,7,5,21,37,5,0,6,936,0,0,0,6,-0.4897520365848749,31.212841854934602,29.032258064516128,25,15.136226034308779,40.90909090909091,50.0,77.77777777777777,1.1666666666666667,1,3,1,82.00000000000001
S45G01N4,2024-2025,20241020,253,home,6,6,0,13,3,16,3,14,6,14,3,0,0,3,2,1,2,28,9,6,3,23,31,5,1,7,936,0,0,0,8,0.4897520365848749,39.22237380627558,37.5,25,19.273127753303964,21.428571428571427,66.66666666666667,66.66666666666667,0.8571428571428571,1,3,6,82.00000000000001,35,7,2,11,9,20,1,22,9,9,0,0,0,6,3,0,0,31,9,7,5,21,37,5,0,6,936,0,0,0,6,-0.4897520365848749,31.212841854934602,29.032258064516128,25,15.136226034308779,40.90909090909091,50.0,77.77777777777777,1.1666666666666667,1,3,1,82.00000000000001
S45G01N4,2024-2025,20241020,254,home,6,6,0,13,3,16,3,14,6,14,3,0,0,4,3,1,2,28,9,6,3,24,32,5,1,7,936,0,0,0,8,2.5521883855320198,40.32258064516129,37.5,26,19.042437431991292,21.428571428571427,75.0,66.66666666666667,0.8571428571428571,2,3,6,82.56410256410258,35,7,2,11,9,20,1,22,9,9,0,0,0,6,3,0,0,31,9,7,5,21,37,5,0,6,936,0,0,0,6,-2.5521883855320198,31.212841854934602,29.032258064516128,25,15.136226034308779,40.90909090909091,50.0,77.77777777777777,1.1666666666666667,2,3,1,82.56410256410258
S45G01N4,2024-2025,20241020,255,home,6,6,0,13,3,16,3,14,6,14,3,0,0,4,3,1,2,28,9,6,3,24,32,5,1,7,960,0,0,0,8,-4.763302796268462,40.32258064516129,37.5,26,19.042437431991292,21.428571428571427,75.0,66.66666666666667,0.8571428571428571,3,3,6,81.75,35,7,2,11,9,20,1,22,9,10,1,0,0,6,3,0,0,32,10,7,5,24,38,5,0,6,960,0,0,0,6,4.763302796268462,34.64203233256351,32.8125,28,14.763779527559056,40.90909090909091,50.0,70.0,1.1666666666666667,3,3,1,81.75
S45G01N4,2024-2025,20241020,256,home,6,6,0,13,3,16,3,14,6,14,3,0,0,4,3,1,2,28,9,6,3,24,32,5,1,7,960,0,0,0,8,-4.763302796268462,40.32258064516129,37.5,26,19.042437431991292,21.428571428571427,75.0,66.66666666666667,0.8571428571428571,3,3,6,81.75,35,8,2,11,9,20,1,22,9,10,1,0,0,6,3,0,0,32,10,7,5,24,38,5,0,6,960,0,0,0,6,4.763302796268462,34.64203233256351,32.8125,29,14.763779527559056,40.90909090909091,50.0,80.0,1.3333333333333333,3,3,1,81.75
S45G01N4,2024-2025,20241020,257,home,6,6,0,13,3,16,3,15,7,14,3,0,0,4,3,1,2,29,10,6,3,26,33,5,1,7,982,0,0,0,8,-1.0547310872168083,42.26267880364109,39.6551724137931,28,18.538135593220336,21.428571428571427,75.0,60.0,0.8571428571428571,2,3,6,81.14052953156823,35,8,2,11,9,20,1,22,9,10,1,0,0,6,3,0,0,32,10,7,5,24,38,5,0,6,982,0,0,0,6,1.0547310872168083,34.64203233256351,32.8125,29,14.763779527559056,40.90909090909091,50.0,80.0,1.3333333333333333,2,3,1,81.14052953156823
S45G01N4,2024-2025,20241020,258,home,6,6,0,13,3,16,3,15,7,14,3,0,0,4,3,1,2,29,10,6,3,26,33,5,1,7,995,0,0,0,8,1.2692073377106823,42.26267880364109,39.6551724137931,28,18.538135593220336,21.428571428571427,75.0,60.0,0.8571428571428571,2,3,6,81.28643216080403,35,8,2,11,9,20,1,22,9,10,1,0,0,6,3,0,0,32,10,7,5,24,38,5,0,7,995,0,0,0,7,-1.2692073377106823,34.64203233256351,32.8125,28,16.81075888568684,40.90909090909091,50.0,80.0,1.1428571428571428,2,3,1,81.28643216080403
S45G01N4,2024-2025,20241020,259,home,6,6,0,13,3,16,3,15,7,14,3,0,0,4,3,1,2,29,10,6,3,26,33,6,1,7,996,0,0,0,8,1.2692073377106823,42.26267880364109,39.6551724137931,29,18.538135593220336,21.428571428571427,75.0,60.0,0.8571428571428571,2,3,6,81.20481927710844,35,8,2,11,9,20,1,22,9,10,1,0,0,6,3,0,0,32,10,7,5,24,38,5,0,7,996,0,0,0,7,-1.2692073377106823,34.64203233256351,32.8125,28,16.81075888568684,40.90909090909091,50.0,80.0,1.1428571428571428,2,3,1,81.20481927710844
S45G01N4,2024-2025,20241020,260,home,6,6,0,13,3,16,3,16,7,14,3,0,0,4,3,1,2,30,10,6,3,26,34,6,1,7,1000,0,0,0,8,-0.8224766416633855,40.931989924433246,38.333333333333336,28,18.05985552115583,21.428571428571427,75.0,60.0,0.8571428571428571,2,3,6,82.08,35,8,2,11,9,20,1,22,9,10,1,0,0,6,3,0,0,32,10,7,5,24,38,5,0,7,1000,0,0,0,7,0.8224766416633855,34.64203233256351,32.8125,28,16.81075888568684,40.90909090909091,50.0,80.0,1.1428571428571428,2,3,1,82.08
S45G01N4,2024-2025,20241020,261,home,6,6,0,13,4,17,3,16,7,14,3,0,0,4,3,1,2,30,10,6,3,26,34,6,1,7,1001,0,0,0,8,1.2692073377106823,40.931989924433246,38.333333333333336,29,18.05985552115583,26.666666666666668,75.0,60.0,0.8571428571428571,2,3,6,80.7992007992008,35,8,2,11,9,20,1,22,9,10,1,0,0,6,3,0,0,32,10,7,5,24,38,5,0,7,1001,0,0,0,7,-1.2692073377106823,34.64203233256351,32.8125,28,16.81075888568684,40.90909090909091,50.0,80.0,1.1428571428571428,2,3,1,80.7992007992008
S45G01N4,2024-2025,20241020,262,home,6,6,0,13,4,17,3,17,8,14,3,0,0,4,3,1,2,31,11,6,3,28,35,6,1,7,1002,0,0,0,8,4.770364521647593,42.73504273504274,40.32258064516129,31,17.605633802816904,26.666666666666668,75.0,54.54545454545455,0.8571428571428571,4,3,6,81.91616766467065,35,8,2,11,9,20,1,22,9,10,1,0,0,6,3,0,0,32,10,7,5,24,38,5,0,7,1002,0,0,0,7,-4.770364521647593,34.64203233256351,32.8125,28,16.81075888568684,40.90909090909091,50.0,80.0,1.1428571428571428,4,3,1,81.91616766467065
S45G01N4,2024-2025,20241020,263,home,6,6,0,13,4,17,3,17,8,14,3,0,0,4,3,2,4,31,11,6,3,28,35,6,1,7,1002,0,0,0,8,4.770364521647593,42.73504273504274,40.32258064516129,31,17.605633802816904,26.666666666666668,75.0,54.54545454545455,0.8571428571428571,4,3,6,81.91616766467065,35,8,2,11,9,20,1,22,9,10,1,0,0,6,3,0,0,32,10,7,5,24,38,5,0,7,1002,0,0,0,7,-4.770364521647593,34.64203233256351,32.8125,28,16.81075888568684,40.90909090909091,50.0,80.0,1.1428571428571428,4,3,1,81.91616766467065
S45G01N4,2024-2025,20241020,264,home,6,6,0,13,4,17,3,17,8,14,3,0,0,4,3,2,4,31,11,6,3,28,35,6,1,7,1002,0,0,0,8,4.770364521647593,42.73504273504274,40.32258064516129,31,17.605633802816904,26.666666666666668,75.0,54.54545454545455,0.8571428571428571,4,3,6,81.91616766467065,35,8,2,11,9,20,1,22,9,10,1,0,0,6,3,0,0,32,10,7,5,24,38,5,0,7,1002,0,0,0,7,-4.770364521647593,34.64203233256351,32.8125,28,16.81075888568684,40.90909090909091,50.0,80.0,1.1428571428571428,4,3,1,81.91616766467065
S45G01N4,2024-2025,20241020,265,home,6,6,0,13,4,17,3,17,8,14,3,0,0,4,3,2,4,31,11,6,3,28,35,6,1,7,1002,0,0,0,8,4.770364521647593,42.73504273504274,40.32258064516129,31,17.605633802816904,26.666666666666668,75.0,54.54545454545455,0.8571428571428571,4,3,6,81.91616766467065,35,8,2,11,9,20,1,22,9,10,1,0,0,6,3,0,0,32,10,7,5,24,38,5,0,7,1002,0,0,0,7,-4.770364521647593,34.64203233256351,32.8125,28,16.81075888568684,40.90909090909091,50.0,80.0,1.1428571428571428,4,3,1,81.91616766467065
S45G01N4,2024-2025,20241020,266,home,6,6,0,13,4,17,3,17,8,14,3,0,0,4,3,2,4,31,11,6,3,28,35,6,1,7,1002,0,0,0,8,4.770364521647593,42.73504273504274,40.32258064516129,31,17.605633802816904,26.666666666666668,75.0,54.54545454545455,0.8571428571428571,4,3,6,81.91616766467065,35,8,2,11,9,20,1,22,9,10,1,0,0,6,3,0,0,32,10,7,5,24,38,5,0,7,1002,0,0,0,7,-4.770364521647593,34.64203233256351,32.8125,28,16.81075888568684,40.90909090909091,50.0,80.0,1.1428571428571428,4,3,1,81.91616766467065
S45G01N4,2024-2025,20241020,267,home,6,6,0,13,4,17,3,17,8,14,3,0,0,4,3,2,4,31,11,6,3,28,35,6,1,7,1016,0,0,0,8,6.956137760788678,42.73504273504274,40.32258064516129,31,17.605633802816904,26.666666666666668,75.0,54.54545454545455,0.8571428571428571,4,3,6,81.96850393700787,35,8,2,11,9,20,1,22,9,10,1,0,0,6,3,0,0,32,10,7,5,24,38,5,0,8,1016,0,0,0,8,-6.956137760788678,34.64203233256351,32.8125,27,18.76172607879925,40.90909090909091,50.0,80.0,1.0,4,3,1,81.96850393700787
S45G01N4,2024-2025,20241020,268,home,6,6,0,13,4,17,3,17,8,14,3,0,0,4,3,2,4,31,11,6,3,28,35,6,1,7,1031,0,0,0,8,6.956137760788678,42.73504273504274,40.32258064516129,31,17.605633802816904,26.666666666666668,75.0,54.54545454545455,0.8571428571428571,4,3,6,80.77594568380214,35,8,2,11,9,20,1,22,9,10,1,0,0,6,3,0,0,32,10,8,6,24,38,5,0,8,1031,0,0,0,8,-6.956137760788678,34.64203233256351,32.8125,27,18.76172607879925,40.90909090909091,50.0,80.0,1.0,4,3,1,80.77594568380214
S45G01N4,2024-2025,20241020,269,home,6,6,0,13,4,17,3,17,8,14,3,0,0,4,3,2,4,31,11,6,3,28,35,6,1,7,1031,0,0,0,8,6.956137760788678,42.73504273504274,40.32258064516129,31,17.605633802816904,26.666666666666668,75.0,54.54545454545455,0.8571428571428571,4,3,6,80.77594568380214,35,8,2,11,9,20,1,22,9,10,1,0,0,6,3,0,0,32,10,8,6,24,38,5,0,8,1031,0,0,0,8,-6.956137760788678,34.64203233256351,32.8125,27,18.76172607879925,40.90909090909091,50.0,80.0,1.0,4,3,1,80.77594568380214
S45G01N4,2024-2025,20241020,270,home,6,6,0,13,4,17,3,17,8,14,3,0,0,4,3,2,4,31,11,6,3,28,35,6,1,7,1037,0,0,0,8,6.956137760788678,42.73504273504274,40.32258064516129,31,17.605633802816904,26.666666666666668,75.0,54.54545454545455,0.8571428571428571,4,3,6,80.30858244937319,35,8,2,11,9,20,1,22,9,10,1,0,0,6,3,0,0,32,10,9,7,24,38,5,0,8,1037,0,0,0,8,-6.956137760788678,34.64203233256351,32.8125,27,18.76172607879925,40.90909090909091,50.0,80.0,1.0,4,3,1,80.30858244937319
S45G01N4,2024-2025,20241020,271,home,6,6,0,13,4,17,3,17,8,14,3,0,0,4,3,2,4,31,11,6,3,28,35,6,1,7,1037,0,0,0,8,6.956137760788678,42.73504273504274,40.32258064516129,31,17.605633802816904,26.666666666666668,75.0,54.54545454545455,0.8571428571428571,4,3,6,80.30858244937319,35,8,2,11,9,20,1,22,9,10,1,0,0,6,3,0,0,32,10,9,7,24,38,5,0,8,1037,0,0,0,8,-6.956137760788678,34.64203233256351,32.8125,27,18.76172607879925,40.90909090909091,50.0,80.0,1.0,4,3,1,80.30858244937319
S45G01N4,2024-2025,20241020,272,home,6,6,0,13,4,17,3,17,8,14,3,0,0,4,3,2,4,31,11,6,3,28,35,6,1,7,1043,0,0,0,8,6.956137760788678,42.73504273504274,40.32258064516129,31,17.605633802816904,26.666666666666668,75.0,54.54545454545455,0.8571428571428571,4,3,6,79.84659635666348,35,8,2,11,9,20,1,22,9,10,1,0,0,6,3,0,0,32,10,10,7,24,38,5,0,8,1043,0,0,0,8,-6.956137760788678,34.64203233256351,32.8125,27,18.76172607879925,40.90909090909091,50.0,80.0,1.0,4,3,1,79.84659635666348
S45G01N4,2024-2025,20241020,273,home,6,6,0,13,4,17,3,17,8,14,3,0,0,4,3,2,4,31,11,6,3,28,35,6,1,7,1043,0,0,0,8,6.956137760788678,42.73504273504274,40.32258064516129,31,17.605633802816904,26.666666666666668,75.0,54.54545454545455,0.8571428571428571,4,3,6,79.84659635666348,35,8,2,11,9,20,1,22,9,10,1,0,0,6,3,0,0,32,10,10,7,24,38,5,0,8,1043,0,0,0,8,-6.956137760788678,34.64203233256351,32.8125,27,18.76172607879925,40.90909090909091,50.0,80.0,1.0,4,3,1,79.84659635666348
S45G01N4,2024-2025,20241020,274,home,6,6,0,13,4,17,3,17,8,14,3,0,0,4,3,2,4,31,11,6,3,28,35,6,1,7,1043,0,0,0,8,6.956137760788678,42.73504273504274,40.32258064516129,31,17.605633802816904,26.666666666666668,75.0,54.54545454545455,0.8571428571428571,4,3,6,79.84659635666348,35,8,2,11,9,20,1,22,9,10,1,0,0,6,3,0,0,32,10,10,7,24,38,5,0,8,1043,0,0,0,8,-6.956137760788678,34.64203233256351,32.8125,27,18.76172607879925,40.90909090909091,50.0,80.0,1.0,4,3,1,79.84659635666348
S45G01N4,2024-2025,20241020,275,home,6,6,0,13,4,17,3,17,8,14,3,0,0,4,3,2,4,31,11,6,3,28,35,6,1,7,1043,0,0,0,8,6.956137760788678,42.73504273504274,40.32258064516129,31,17.605633802816904,26.666666666666668,75.0,54.54545454545455,0.8571428571428571,4,3,6,79.84659635666348,35,8,2,11,9,20,1,22,9,10,1,0,0,6,3,0,0,32,10,10,7,24,38,5,0,8,1043,0,0,0,8,-6.956137760788678,34.64203233256351,32.8125,27,18.76172607879925,40.90909090909091,50.0,80.0,1.0,4,3,1,79.84659635666348
S45G01N4,2024-2025,20241020,276,home,6,6,0,13,4,17,3,17,8,14,3,0,0,5,3,2,4,31,11,6,3,28,36,6,1,7,1043,0,0,0,8,6.004427772777731,42.16867469879518,40.32258064516129,30,17.412935323383085,26.666666666666668,60.0,54.54545454545455,0.8571428571428571,4,3,6,80.35282837967402,35,8,2,11,9,20,1,22,9,10,1,0,0,6,3,0,0,32,10,10,7,24,38,5,0,8,1043,0,0,0,8,-6.004427772777731,34.64203233256351,32.8125,27,18.76172607879925,40.90909090909091,50.0,80.0,1.0,4,3,1,80.35282837967402
S45G01N4,2024-2025,20241020,277,home,6,6,0,13,4,17,3,17,8,14,3,0,0,6,3,2,4,31,11,6,3,28,37,6,1,7,1043,0,0,0,8,5.075575448234332,41.617122473246134,40.32258064516129,29,17.224409448818896,26.666666666666668,50.0,54.54545454545455,0.8571428571428571,4,3,6,80.85906040268456,35,8,2,11,9,20,1,22,9,10,1,0,0,6,3,0,0,32,10,10,7,24,38,5,0,8,1043,0,0,0,8,-5.075575448234332,34.64203233256351,32.8125,27,18.76172607879925,40.90909090909091,50.0,80.0,1.0,4,3,1,80.85906040268456
S45G01N4,2024-2025,20241020,278,home,6,6,0,13,4,17,3,17,8,14,3,0,0,6,3,2,4,31,11,6,3,28,37,6,1,7,1045,0,0,0,8,5.075575448234332,41.617122473246134,40.32258064516129,29,17.224409448818896,25.0,50.0,54.54545454545455,0.8571428571428571,4,3,6,80.70430622009569,35,8,2,12,9,21,1,22,9,10,1,0,0,6,3,0,0,32,10,10,7,24,38,5,0,8,1045,0,0,0,8,-5.075575448234332,34.64203233256351,32.8125,28,18.76172607879925,40.90909090909091,50.0,80.0,1.0,4,3,1,80.70430622009569
S45G01N4,2024-2025,20241020,279,home,6,6,0,13,4,17,3,17,8,14,3,0,0,6,3,2,4,31,11,6,3,28,37,6,1,7,1058,0,0,0,8,7.135149308672112,41.617122473246134,40.32258064516129,29,17.224409448818896,25.0,50.0,54.54545454545455,0.8571428571428571,4,3,6,80.8468809073724,35,8,2,12,9,21,1,22,9,11,1,0,0,6,3,0,0,33,10,10,7,24,39,5,0,8,1058,0,0,0,8,-7.135149308672112,33.67003367003367,31.818181818181817,27,18.331805682859763,40.90909090909091,50.0,80.0,1.0,4,3,1,80.8468809073724
S45G01N4,2024-2025,20241020,280,home,6,6,0,13,4,17,3,17,8,14,3,0,0,6,3,2,4,31,11,6,3,28,37,6,1,7,1059,0,0,0,8,7.135149308672112,41.617122473246134,40.32258064516129,29,17.224409448818896,25.0,50.0,54.54545454545455,0.8571428571428571,4,3,6,80.77053824362606,35,8,2,12,9,21,2,22,9,11,1,0,0,6,3,0,0,33,10,10,7,24,39,5,0,8,1059,0,0,0,8,-7.135149308672112,33.67003367003367,31.818181818181817,28,18.331805682859763,40.90909090909091,50.0,80.0,1.0,4,3,1,80.77053824362606
S45G01N4,2024-2025,20241020,281,home,6,6,0,13,4,17,3,17,8,14,3,0,0,6,3,2,4,31,11,7,4,28,37,6,1,7,1059,0,0,0,8,7.135149308672112,41.617122473246134,40.32258064516129,29,17.224409448818896,25.0,50.0,54.54545454545455,0.8571428571428571,4,3,6,80.77053824362606,35,8,2,12,9,21,2,22,9,11,1,0,0,6,3,0,0,33,10,10,7,24,39,5,0,8,1059,0,0,0,8,-7.135149308672112,33.67003367003367,31.818181818181817,28,18.331805682859763,40.90909090909091,50.0,80.0,1.0,4,3,1,80.77053824362606
S45G01N4,2024-2025,20241020,282,home,6,6,0,13,4,17,3,17,8,14,3,0,0,6,3,2,4,31,11,7,4,28,37,6,1,7,1059,0,0,0,8,7.135149308672112,41.617122473246134,40.32258064516129,29,17.224409448818896,25.0,50.0,54.54545454545455,0.8571428571428571,4,3,6,80.77053824362606,35,8,2,12,9,21,2,22,9,11,1,0,0,6,3,0,0,33,10,10,7,24,39,5,0,8,1059,0,0,0,8,-7.135149308672112,33.67003367003367,31.818181818181817,28,18.331805682859763,40.90909090909091,50.0,80.0,1.0,4,3,1,80.77053824362606
S45G01N4,2024-2025,20241020,283,home,6,6,0,13,4,17,3,17,8,14,3,0,0,6,3,2,4,31,11,7,4,28,37,6,1,7,1068,0,0,0,8,9.079146633731796,41.617122473246134,40.32258064516129,29,17.224409448818896,25.0,50.0,54.54545454545455,0.8571428571428571,4,3,6,81.21348314606742,35,8,2,12,9,21,2,23,9,11,1,0,0,6,3,0,0,34,10,10,7,24,40,5,0,8,1068,0,0,0,8,-9.079146633731796,32.751091703056765,30.88235294117647,27,17.921146953405017,40.90909090909091,50.0,80.0,1.0,4,3,1,81.21348314606742
S45G01N4,2024-2025,20241020,284,home,6,6,0,14,4,18,3,17,8,14,3,0,0,6,3,2,4,31,11,7,4,28,37,6,1,7,1069,0,0,0,8,9.079146633731796,41.617122473246134,40.32258064516129,30,17.224409448818896,25.0,50.0,54.54545454545455,0.8571428571428571,4,3,6,81.13751169317118,35,8,2,12,9,21,2,23,9,11,1,0,0,6,3,0,0,34,10,10,7,24,40,5,0,8,1069,0,0,0,8,-9.079146633731796,32.751091703056765,30.88235294117647,27,17.921146953405017,39.130434782608695,50.0,80.0,1.0,4,3,1,81.13751169317118
S45G01N4,2024-2025,20241020,285,home,6,6,0,14,4,18,3,17,8,15,4,0,0,6,3,2,4,32,12,7,4,31,38,6,1,7,1079,0,0,0,8,15.019125008498023,44.7459584295612,43.75,33,16.81075888568684,25.0,50.0,50.0,0.8571428571428571,7,3,7,81.49768303985172,35,8,2,12,9,21,2,23,9,11,1,0,0,6,3,0,0,34,10,10,7,24,40,5,0,8,1079,0,0,0,8,-15.019125008498023,32.751091703056765,30.88235294117647,27,17.921146953405017,39.130434782608695,50.0,80.0,1.0,7,3,1,81.49768303985172
S45G01N4,2024-2025,20241020,286,home,6,6,0,14,4,18,3,17,8,15,4,0,0,6,3,2,4,32,12,7,4,31,38,6,1,7,1102,0,0,0,8,16.857008942451827,44.7459584295612,43.75,33,16.81075888568684,25.0,50.0,50.0,0.8571428571428571,7,3,7,80.88566243194192,35,8,2,12,9,21,2,24,9,11,1,0,0,6,3,0,0,35,10,10,7,24,41,5,0,8,1102,0,0,0,8,-16.857008942451827,31.88097768331562,30.0,26,17.5284837861525,39.130434782608695,50.0,80.0,1.0,7,3,1,80.88566243194192
S45G01N4,2024-2025,20241020,287,home,6,6,0,15,4,19,3,17,8,15,4,0,0,6,3,2,4,32,12,7,4,31,38,6,1,7,1103,0,0,0,8,16.857008942451827,44.7459584295612,43.75,34,16.81075888568684,25.0,50.0,50.0,0.8571428571428571,7,3,7,80.81233000906619,35,8,2,12,9,21,2,24,9,11,1,0,0,6,3,0,0,35,10,10,7,24,41,5,0,8,1103,0,0,0,8,-16.857008942451827,31.88097768331562,30.0,26,17.5284837861525,37.5,50.0,80.0,1.0,7,3,1,80.81233000906619
S45G01N4,2024-2025,20241020,288,home,6,6,0,15,4,19,3,18,9,15,4,0,0,6,3,2,4,33,13,7,4,33,39,6,1,7,1107,0,0,0,8,19.901543301961,46.2962962962963,45.45454545454545,36,16.416510318949342,25.0,50.0,46.15384615384615,0.8571428571428571,9,3,9,81.60433604336043,35,8,2,12,9,21,2,24,9,11,1,0,0,6,3,0,0,35,10,10,7,24,41,5,0,8,1107,0,0,0,8,-19.901543301961,31.88097768331562,30.0,26,17.5284837861525,37.5,50.0,80.0,1.0,9,3,1,81.60433604336043
S45G01N4,2024-2025,20241020,289,home,6,6,0,15,4,19,3,18,9,15,4,0,0,6,3,3,6,33,13,7,4,33,39,6,1,7,1107,0,0,0,8,19.901543301961,46.2962962962963,45.45454545454545,36,16.416510318949342,25.0,50.0,46.15384615384615,0.8571428571428571,9,3,9,81.60433604336043,35,8,2,12,9,21,2,24,9,11,1,0,0,6,3,0,0,35,10,10,7,24,41,5,0,8,1107,0,0,0,8,-19.901543301961,31.88097768331562,30.0,26,17.5284837861525,37.5,50.0,80.0,1.0,9,3,1,81.60433604336043
S45G01N4,2024-2025,20241020,290,home,6,6,0,15,4,19,3,18,9,15,4,0,0,6,3,3,6,33,13,7,4,33,39,6,1,7,1107,0,0,0,8,19.901543301961,46.2962962962963,45.45454545454545,36,16.416510318949342,25.0,50.0,46.15384615384615,0.8571428571428571,9,3,9,81.60433604336043,35,8,2,12,9,21,2,24,9,11,1,0,0,6,3,0,0,35,10,10,7,24,41,5,0,8,1107,0,0,0,8,-19.901543301961,31.88097768331562,30.0,26,17.5284837861525,37.5,50.0,80.0,1.0,9,3,1,81.60433604336043
S45G01N4,2024-2025,20241020,291,home,6,6,0,15,4,19,3,18,9,15,4,0,0,6,3,3,6,33,13,7,4,33,39,6,1,7,1107,0,0,0,8,19.901543301961,46.2962962962963,45.45454545454545,36,16.416510318949342,25.0,50.0,46.15384615384615,0.8571428571428571,9,3,9,81.60433604336043,35,8,2,12,9,21,2,24,9,11,1,0,0,6,3,0,0,35,10,10,7,24,41,5,0,8,1107,0,0,0,8,-19.901543301961,31.88097768331562,30.0,26,17.5284837861525,37.5,50.0,80.0,1.0,9,3,1,81.60433604336043
S45G01N4,2024-2025,20241020,292,home,6,6,0,15,4,19,3,18,9,15,4,0,0,6,3,3,6,33,13,7,4,33,39,6,1,7,1107,0,0,0,8,19.901543301961,46.2962962962963,45.45454545454545,36,16.416510318949342,25.0,50.0,46.15384615384615,0.8571428571428571,9,3,9,81.60433604336043,35,8,2,12,9,21,2,24,9,11,1,0,0,6,3,0,0,35,10,10,7,24,41,5,0,8,1107,0,0,0,8,-19.901543301961,31.88097768331562,30.0,26,17.5284837861525,37.5,50.0,80.0,1.0,9,3,1,81.60433604336043
S45G01N4,2024-2025,20241020,293,home,6,6,0,15,4,19,3,18,9,15,4,0,0,6,3,3,6,33,13,7,4,33,39,6,1,7,1116,0,0,0,8,21.641771341443288,46.2962962962963,45.45454545454545,36,16.416510318949342,25.0,50.0,46.15384615384615,0.8571428571428571,9,3,9,82.02150537634408,35,8,2,12,9,21,2,24,9,11,1,0,0,6,3,0,0,35,10,10,7,24,41,5,0,9,1116,0,0,0,9,-21.641771341443288,31.88097768331562,30.0,25,19.2967409948542,37.5,50.0,80.0,0.8888888888888888,9,3,1,82.02150537634408
S45G01N4,2024-2025,20241020,294,home,6,6,0,15,4,19,3,18,9,15,4,0,0,6,3,3,6,33,13,7,4,33,39,7,1,7,1117,0,0,0,8,21.641771341443288,46.2962962962963,45.45454545454545,37,16.416510318949342,25.0,50.0,46.15384615384615,0.8571428571428571,9,3,9,81.94807520143242,35,8,2,12,9,21,2,24,9,11,1,0,0,6,3,0,0,35,10,10,7,24,41,5,0,9,1117,0,0,0,9,-21.641771341443288,31.88097768331562,30.0,25,19.2967409948542,37.5,50.0,80.0,0.8888888888888888,9,3,1,81.94807520143242
S45G01N4,2024-2025,20241020,295,home,6,6,0,15,4,19,3,19,10,15,4,0,0,6,3,3,6,34,14,7,4,35,40,7,1,7,1120,0,0,0,8,24.532696500169962,47.762008733624455,47.05882352941177,39,16.040329972502292,25.0,50.0,42.857142857142854,0.8571428571428571,11,3,11,82.8,35,8,2,12,9,21,2,24,9,11,1,0,0,6,3,0,0,35,10,10,7,24,41,5,0,9,1120,0,0,0,9,-24.532696500169962,31.88097768331562,30.0,25,19.2967409948542,37.5,50.0,80.0,0.8888888888888888,11,3,1,82.8
S45G01N4,2024-2025,20241020,296,home,6,7,0,15,4,19,3,19,10,15,4,0,0,6,3,3,6,34,14,7,4,35,40,7,1,7,1120,0,0,0,8,24.532696500169962,47.762008733624455,47.05882352941177,40,16.040329972502292,25.0,50.0,50.0,1.0,11,3,11,82.8,35,8,2,12,9,21,2,24,9,11,1,0,0,6,3,0,0,35,10,10,7,24,41,5,0,9,1120,0,0,0,9,-24.532696500169962,31.88097768331562,30.0,25,19.2967409948542,37.5,50.0,80.0,0.8888888888888888,11,3,1,82.8
S45G01N4,2024-2025,20241020,297,home,6,7,0,15,4,19,3,19,10,15,4,0,0,6,3,4,8,34,14,7,4,35,40,7,1,7,1120,0,0,0,8,24.532696500169962,47.762008733624455,47.05882352941177,40,16.040329972502292,25.0,50.0,50.0,1.0,11,3,11,82.8,35,8,2,12,9,21,2,24,9,11,1,0,0,6,3,0,0,35,10,10,7,24,41,5,0,9,1120,0,0,0,9,-24.532696500169962,31.88097768331562,30.0,25,19.2967409948542,37.5,50.0,80.0,0.8888888888888888,11,3,1,82.8
S45G01N4,2024-2025,20241020,298,home,6,7,0,15,4,19,3,19,10,15,4,0,0,6,3,4,8,34,14,7,4,35,40,7,1,7,1137,0,0,0,8,18.41887546928568,47.762008733624455,47.05882352941177,40,16.040329972502292,25.0,50.0,50.0,1.0,3,3,11,82.6174142480211,35,8,2,12,9,21,2,24,9,12,2,0,0,6,3,0,0,36,11,10,7,27,42,5,0,9,1137,0,0,0,9,-18.41887546928568,34.93788819875776,33.333333333333336,28,18.89168765743073,37.5,50.0,72.72727272727273,0.8888888888888888,3,3,1,82.6174142480211
S45G01N4,2024-2025,20241020,299,home,6,7,0,15,4,19,3,19,10,15,4,0,0,6,3,4,8,34,14,7,4,35,40,7,1,7,1137,0,0,0,8,18.41887546928568,47.762008733624455,47.05882352941177,40,16.040329972502292,25.0,50.0,50.0,1.0,3,3,11,82.6174142480211,35,9,2,12,9,21,2,24,9,12,2,0,0,6,3,0,0,36,11,10,7,27,42,5,0,9,1137,0,0,0,9,-18.41887546928568,34.93788819875776,33.333333333333336,29,18.89168765743073,37.5,50.0,81.81818181818181,1.0,3,3,1,82.6174142480211
S45G01N4,2024-2025,20241020,300,home,6,7,0,15,4,19,3,20,10,15,4,0,0,6,3,4,8,35,14,7,4,35,41,7,1,7,1161,0,0,0,8,16.246270846578966,46.49309245483528,45.714285714285715,39,15.68100358422939,25.0,50.0,50.0,1.0,3,3,11,81.94315245478036,35,9,2,12,9,21,2,24,9,12,2,0,0,6,3,0,0,36,11,10,7,27,42,5,0,9,1161,0,0,0,9,-16.246270846578966,34.93788819875776,33.333333333333336,29,18.89168765743073,37.5,50.0,81.81818181818181,1.0,3,3,1,81.94315245478036
S45G01N4,2024-2025,20241020,301,home,6,7,0,15,4,19,3,20,10,15,4,0,0,6,3,4,8,35,14,7,4,35,41,7,1,7,1162,0,0,0,8,16.246270846578966,46.49309245483528,45.714285714285715,39,15.68100358422939,25.0,50.0,50.0,1.0,3,3,11,81.87263339070569,35,9,2,12,9,21,3,24,9,12,2,0,0,6,3,0,0,36,11,10,7,27,42,5,0,9,1162,0,0,0,9,-16.246270846578966,34.93788819875776,33.333333333333336,30,18.89168765743073,37.5,50.0,81.81818181818181,1.0,3,3,1,81.87263339070569
S45G01N4,2024-2025,20241020,302,home,6,7,0,15,4,19,3,20,10,15,4,0,0,6,3,4,8,35,14,7,4,35,41,7,1,7,1162,0,0,0,8,16.246270846578966,46.49309245483528,45.714285714285715,39,15.68100358422939,25.0,50.0,50.0,1.0,3,3,11,81.87263339070569,35,9,2,12,9,21,3,24,9,12,2,0,0,6,3,0,0,36,11,10,7,27,42,5,0,9,1162,0,0,0,9,-16.246270846578966,34.93788819875776,33.333333333333336,30,18.89168765743073,37.5,50.0,81.81818181818181,1.0,3,3,1,81.87263339070569
S45G01N4,2024-2025,20241020,303,home,6,7,0,15,4,19,3,20,10,15,4,0,0,6,3,4,8,35,14,7,4,35,41,7,1,7,1162,0,0,0,8,16.246270846578966,46.49309245483528,45.714285714285715,39,15.68100358422939,25.0,50.0,50.0,1.0,3,3,11,81.87263339070569,35,9,2,12,9,21,3,24,9,12,2,0,0,6,3,0,0,36,11,10,7,27,42,5,0,9,1162,0,0,0,9,-16.246270846578966,34.93788819875776,33.333333333333336,30,18.89168765743073,37.5,50.0,81.81818181818181,1.0,3,3,1,81.87263339070569
S45G01N4,2024-2025,20241020,304,home,6,7,0,15,4,19,3,20,10,15,4,0,0,6,3,4,8,35,14,8,5,35,41,7,1,7,1170,0,0,0,8,16.246270846578966,46.49309245483528,45.714285714285715,39,15.68100358422939,25.0,50.0,50.0,1.0,3,3,11,81.31282051282051,35,9,2,12,9,21,3,24,9,12,2,0,0,6,3,0,0,36,11,10,7,27,42,5,0,9,1170,0,0,0,9,-16.246270846578966,34.93788819875776,33.333333333333336,30,18.89168765743073,37.5,50.0,81.81818181818181,1.0,3,3,1,81.31282051282051
S45G01N4,2024-2025,20241020,305,home,6,7,0,15,4,19,3,20,10,15,4,0,0,6,3,4,8,35,14,8,5,35,41,7,1,7,1170,0,0,0,8,16.246270846578966,46.49309245483528,45.714285714285715,39,15.68100358422939,25.0,50.0,50.0,1.0,3,3,11,81.31282051282051,35,9,2,12,9,21,3,24,9,12,2,0,0,6,3,0,0,36,11,10,7,27,42,5,0,9,1170,0,0,0,9,-16.246270846578966,34.93788819875776,33.333333333333336,30,18.89168765743073,37.5,50.0,81.81818181818181,1.0,3,3,1,81.31282051282051
S45G01N4,2024-2025,20241020,306,home,6,7,0,15,4,19,3,20,10,15,4,0,0,6,3,4,8,35,14,8,5,35,41,7,1,7,1170,0,0,0,8,16.246270846578966,46.49309245483528,45.714285714285715,39,15.68100358422939,25.0,50.0,50.0,1.0,3,3,11,81.31282051282051,35,9,2,12,9,21,3,24,9,12,2,0,0,6,3,0,0,36,11,10,7,27,42,5,0,9,1170,0,0,0,9,-16.246270846578966,34.93788819875776,33.333333333333336,30,18.89168765743073,37.5,50.0,81.81818181818181,1.0,3,3,1,81.31282051282051
S45G01N4,2024-2025,20241020,307,home,6,7,0,15,4,19,3,20,10,15,4,0,0,6,3,4,8,35,14,8,5,35,41,7,1,7,1170,0,0,0,8,16.246270846578966,46.49309245483528,45.714285714285715,39,15.68100358422939,25.0,50.0,50.0,1.0,3,3,11,81.31282051282051,35,9,2,12,9,21,3,24,9,12,2,0,0,6,3,0,0,36,11,10,7,27,42,5,0,9,1170,0,0,0,9,-16.246270846578966,34.93788819875776,33.333333333333336,30,18.89168765743073,37.5,50.0,81.81818181818181,1.0,3,3,1,81.31282051282051
S45G01N4,2024-2025,20241020,308,home,6,7,0,15,4,19,3,20,10,15,4,0,0,6,3,4,8,35,14,8,5,35,41,7,1,7,1179,0,0,0,8,18.00903008970498,46.49309245483528,45.714285714285715,39,15.68100358422939,25.0,50.0,50.0,1.0,3,3,11,81.70992366412214,35,9,2,12,9,21,3,25,9,12,2,0,0,6,3,0,0,37,11,10,7,27,43,5,0,9,1179,0,0,0,9,-18.00903008970498,34.056508577194755,32.432432432432435,29,18.50328947368421,37.5,50.0,81.81818181818181,1.0,3,3,1,81.70992366412214
S45G01N4,2024-2025,20241020,309,home,6,7,0,16,4,20,3,20,10,15,4,0,0,6,3,4,8,35,14,8,5,35,41,7,1,7,1180,0,0,0,8,18.00903008970498,46.49309245483528,45.714285714285715,40,15.68100358422939,25.0,50.0,50.0,1.0,3,3,11,81.64067796610169,35,9,2,12,9,21,3,25,9,12,2,0,0,6,3,0,0,37,11,10,7,27,43,5,0,9,1180,0,0,0,9,-18.00903008970498,34.056508577194755,32.432432432432435,29,18.50328947368421,36.0,50.0,81.81818181818181,1.0,3,3,1,81.64067796610169
S45G01N4,2024-2025,20241020,310,home,6,7,0,16,4,20,3,21,11,15,4,0,0,6,3,4,8,36,15,8,5,37,42,7,1,7,1199,0,0,0,8,20.74385124138378,47.87784679089027,47.22222222222222,42,15.337423312883436,25.0,50.0,46.666666666666664,1.0,2,3,11,81.34778982485405,35,9,2,12,9,21,3,25,9,12,2,0,0,6,3,0,0,37,11,10,7,27,43,5,0,9,1199,0,0,0,9,-20.74385124138378,34.056508577194755,32.432432432432435,29,18.50328947368421,36.0,50.0,81.81818181818181,1.0,2,3,1,81.34778982485405
S45G01N4,2024-2025,20241020,311,home,6,7,0,16,4,20,3,21,11,15,4,0,0,6,3,4,8,36,15,8,5,37,42,7,1,7,1199,0,0,0,8,22.419860521757542,47.87784679089027,47.22222222222222,42,15.337423312883436,25.0,50.0,46.666666666666664,1.0,2,3,11,82.34862385321101,35,9,2,12,9,21,3,25,9,13,2,0,0,6,3,0,0,38,11,10,7,27,44,5,0,9,1199,0,0,0,9,-22.419860521757542,33.218503937007874,31.57894736842105,28,18.13053988718775,36.0,50.0,81.81818181818181,1.0,2,3,1,82.34862385321101
S45G01N4,2024-2025,20241020,312,home,6,7,0,16,4,20,3,21,11,15,4,0,0,6,3,4,8,36,15,8,5,37,42,7,1,7,1199,0,0,0,8,22.419860521757542,47.87784679089027,47.22222222222222,42,15.337423312883436,25.0,50.0,46.666666666666664,1.0,2,3,11,82.34862385321101,35,9,2,12,9,21,3,25,9,13,2,0,0,6,3,0,0,38,11,10,7,27,44,5,0,9,1199,0,0,0,9,-22.419860521757542,33.218503937007874,31.57894736842105,28,18.13053988718775,36.0,50.0,81.81818181818181,1.0,2,3,1,82.34862385321101
S45G01N4,2024-2025,20241020,313,home,6,7,0,16,4,20,3,21,11,15,4,0,0,6,3,4,8,36,15,8,5,37,42,7,1,7,1200,0,0,0,8,22.419860521757542,47.87784679089027,47.22222222222222,42,15.337423312883436,25.0,50.0,46.666666666666664,1.0,2,3,11,82.28,35,9,2,12,9,21,3,25,9,13,2,0,0,6,3,0,0,38,11,10,7,27,44,5,0,9,1200,0,0,0,9,-22.419860521757542,33.218503937007874,31.57894736842105,28,18.13053988718775,36.0,50.0,81.81818181818181,1.0,2,3,1,82.28
S45G01N4,2024-2025,20241020,314,home,6,7,0,16,4,20,3,21,11,15,4,0,0,6,3,4,8,36,15,8,5,37,42,7,1,7,1200,0,0,0,8,22.419860521757542,47.87784679089027,47.22222222222222,42,15.337423312883436,25.0,50.0,46.666666666666664,1.0,2,3,11,82.28,35,9,2,12,9,21,3,25,9,13,2,0,0,6,3,0,0,38,11,10,7,27,44,5,0,9,1200,0,0,0,9,-22.419860521757542,33.218503937007874,31.57894736842105,28,18.13053988718775,36.0,50.0,81.81818181818181,1.0,2,3,1,82.28
S45G01N4,2024-2025,20241020,315,home,6,7,0,16,4,20,3,21,11,15,4,0,0,6,3,4,8,36,15,8,5,37,42,7,1,7,1200,0,0,0,8,22.419860521757542,47.87784679089027,47.22222222222222,42,15.337423312883436,25.0,50.0,46.666666666666664,1.0,2,3,11,82.28,35,9,2,12,9,21,3,25,9,13,2,0,0,6,3,0,0,38,11,10,7,27,44,5,0,9,1200,0,0,0,9,-22.419860521757542,33.218503937007874,31.57894736842105,28,18.13053988718775,36.0,50.0,81.81818181818181,1.0,2,3,1,82.28
S45G01N4,2024-2025,20241020,316,home,6,7,0,16,4,20,3,21,11,15,4,0,0,6,3,4,8,36,15,8,5,37,42,7,1,7,1200,0,0,0,8,22.419860521757542,47.87784679089027,47.22222222222222,42,15.337423312883436,25.0,50.0,46.666666666666664,1.0,2,3,11,82.28,35,9,2,12,9,21,3,25,9,13,2,0,0,6,3,0,0,38,11,10,7,27,44,5,0,9,1200,0,0,0,9,-22.419860521757542,33.218503937007874,31.57894736842105,28,18.13053988718775,36.0,50.0,81.81818181818181,1.0,2,3,1,82.28
S45G01N4,2024-2025,20241020,317,home,6,7,0,16,4,20,3,21,11,15,4,0,0,6,3,4,8,36,15,8,5,37,42,7,1,7,1200,0,0,0,8,22.419860521757542,47.87784679089027,47.22222222222222,42,15.337423312883436,25.0,50.0,46.666666666666664,1.0,2,3,11,82.28,35,9,2,12,9,21,3,25,9,13,2,0,0,6,3,0,0,38,11,10,7,27,44,5,0,9,1200,0,0,0,9,-22.419860521757542,33.218503937007874,31.57894736842105,28,18.13053988718775,36.0,50.0,81.81818181818181,1.0,2,3,1,82.28
S45G01N4,2024-2025,20241020,318,home,6,7,0,16,4,20,3,21,11,15,4,0,0,6,3,4,8,36,15,8,5,37,42,7,1,7,1200,0,0,0,8,22.419860521757542,47.87784679089027,47.22222222222222,42,15.337423312883436,25.0,50.0,46.666666666666664,1.0,2,3,11,82.28,35,9,2,12,9,21,3,25,9,13,2,0,0,6,3,0,0,38,11,10,7,27,44,5,0,9,1200,0,0,0,9,-22.419860521757542,33.218503937007874,31.57894736842105,28,18.13053988718775,36.0,50.0,81.81818181818181,1.0,2,3,1,82.28
S45G01N4,2024-2025,20241020,319,home,6,7,0,16,4,20,3,21,11,15,4,0,0,6,3,4,8,36,15,8,5,37,42,7,1,7,1200,0,0,0,8,22.419860521757542,47.87784679089027,47.22222222222222,42,15.337423312883436,25.0,50.0,46.666666666666664,1.0,2,3,11,82.28,35,9,2,12,9,21,3,25,9,13,2,0,0,6,3,0,0,38,11,10,7,27,44,5,0,9,1200,0,0,0,9,-22.419860521757542,33.218503937007874,31.57894736842105,28,18.13053988718775,36.0,50.0,81.81818181818181,1.0,2,3,1,82.28
S45G01N4,2024-2025,20241020,320,home,6,7,0,16,4,20,3,21,11,15,4,0,0,6,3,4,8,36,15,8,5,37,42,7,1,7,1200,0,0,0,8,22.419860521757542,47.87784679089027,47.22222222222222,42,15.337423312883436,25.0,50.0,46.666666666666664,1.0,2,3,11,82.28,35,9,2,12,9,21,3,25,9,13,2,0,0,6,3,0,0,38,11,10,7,27,44,5,0,9,1200,0,0,0,9,-22.419860521757542,33.218503937007874,31.57894736842105,28,18.13053988718775,36.0,50.0,81.81818181818181,1.0,2,3,1,82.28
S45G01N4,2024-2025,20241020,321,home,6,7,0,16,4,20,3,21,11,15,4,0,0,6,3,4,8,36,15,8,5,37,42,7,1,7,1200,0,0,0,8,22.419860521757542,47.87784679089027,47.22222222222222,42,15.337423312883436,25.0,50.0,46.666666666666664,1.0,2,3,11,82.28,35,9,2,12,9,21,3,25,9,13,2,0,0,6,3,0,0,38,11,10,7,27,44,5,0,9,1200,0,0,0,9,-22.419860521757542,33.218503937007874,31.57894736842105,28,18.13053988718775,36.0,50.0,81.81818181818181,1.0,2,3,1,82.28
S45G01N4,2024-2025,20241020,322,home,6,7,0,16,4,20,3,21,11,15,4,0,0,6,3,4,8,36,15,8,5,37,42,7,1,7,1200,0,0,0,8,22.419860521757542,47.87784679089027,47.22222222222222,42,15.337423312883436,25.0,50.0,46.666666666666664,1.0,2,3,11,82.28,35,9,2,12,9,21,3,25,9,13,2,0,0,6,3,0,0,38,11,10,7,27,44,5,0,9,1200,0,0,0,9,-22.419860521757542,33.218503937007874,31.57894736842105,28,18.13053988718775,36.0,50.0,81.81818181818181,1.0,2,3,1,82.28
S45G01N4,2024-2025,20241020,323,home,6,7,0,16,4,20,3,21,11,15,4,0,0,6,3,4,8,36,15,8,5,37,42,7,1,7,1200,0,0,0,8,22.419860521757542,47.87784679089027,47.22222222222222,42,15.337423312883436,25.0,50.0,46.666666666666664,1.0,2,3,11,82.28,35,9,2,12,9,21,3,25,9,13,2,0,0,6,3,0,0,38,11,10,7,27,44,5,0,9,1200,0,0,0,9,-22.419860521757542,33.218503937007874,31.57894736842105,28,18.13053988718775,36.0,50.0,81.81818181818181,1.0,2,3,1,82.28
S45G01N4,2024-2025,20241020,324,home,6,7,0,16,4,20,3,21,11,15,4,0,0,6,3,4,8,36,15,8,5,37,42,7,1,7,1200,0,0,0,8,22.419860521757542,47.87784679089027,47.22222222222222,42,15.337423312883436,25.0,50.0,46.666666666666664,1.0,2,3,11,82.28,35,9,2,12,9,21,3,25,9,13,2,0,0,6,3,0,0,38,11,10,7,27,44,5,0,9,1200,0,0,0,9,-22.419860521757542,33.218503937007874,31.57894736842105,28,18.13053988718775,36.0,50.0,81.81818181818181,1.0,2,3,1,82.28
S45G01N4,2024-2025,20241020,325,home,6,7,0,16,4,20,3,21,11,15,4,0,0,6,3,4,8,36,15,8,5,37,42,7,1,7,1200,0,0,0,8,22.419860521757542,47.87784679089027,47.22222222222222,42,15.337423312883436,25.0,50.0,46.666666666666664,1.0,2,3,11,82.28,35,9,2,12,9,21,3,25,9,13,2,0,0,6,3,0,0,38,11,10,7,27,44,5,0,9,1200,0,0,0,9,-22.419860521757542,33.218503937007874,31.57894736842105,28,18.13053988718775,36.0,50.0,81.81818181818181,1.0,2,3,1,82.28
S45G01N4,2024-2025,20241020,326,home,6,7,0,16,4,20,3,21,11,15,4,0,0,6,3,4,8,36,15,8,5,37,42,7,1,7,1200,0,0,0,8,22.419860521757542,47.87784679089027,47.22222222222222,42,15.337423312883436,25.0,50.0,46.666666666666664,1.0,2,3,11,82.28,35,9,2,12,9,21,3,25,9,13,2,0,0,6,3,0,0,38,11,10,7,27,44,5,0,9,1200,0,0,0,9,-22.419860521757542,33.218503937007874,31.57894736842105,28,18.13053988718775,36.0,50.0,81.81818181818181,1.0,2,3,1,82.28
S45G01N4,2024-2025,20241020,327,home,6,7,0,16,4,20,3,21,11,15,4,0,0,6,3,4,8,36,15,8,5,37,42,7,1,7,1200,0,0,0,8,22.419860521757542,47.87784679089027,47.22222222222222,42,15.337423312883436,25.0,50.0,46.666666666666664,1.0,2,3,11,82.28,35,9,2,12,9,21,3,25,9,13,2,0,0,6,3,0,0,38,11,10,7,27,44,5,0,9,1200,0,0,0,9,-22.419860521757542,33.218503937007874,31.57894736842105,28,18.13053988718775,36.0,50.0,81.81818181818181,1.0,2,3,1,82.28
S45G01N4,2024-2025,20241020,328,home,6,7,0,16,4,20,3,21,11,15,4,0,0,6,3,4,8,36,15,8,5,37,42,7,1,7,1200,0,0,0,8,22.419860521757542,47.87784679089027,47.22222222222222,42,15.337423312883436,25.0,50.0,46.666666666666664,1.0,2,3,11,82.28,35,9,2,12,9,21,3,25,9,13,2,0,0,6,3,0,0,38,11,10,7,27,44,5,0,9,1200,0,0,0,9,-22.419860521757542,33.218503937007874,31.57894736842105,28,18.13053988718775,36.0,50.0,81.81818181818181,1.0,2,3,1,82.28
S45G01N4,2024-2025,20241020,329,home,6,7,0,16,4,20,3,21,11,15,4,0,0,6,3,4,8,36,15,8,5,37,42,7,1,7,1200,0,0,0,8,22.419860521757542,47.87784679089027,47.22222222222222,42,15.337423312883436,25.0,50.0,46.666666666666664,1.0,2,3,11,82.28,35,9,2,12,9,21,3,25,9,13,2,0,0,6,3,0,0,38,11,10,7,27,44,5,0,9,1200,0,0,0,9,-22.419860521757542,33.218503937007874,31.57894736842105,28,18.13053988718775,36.0,50.0,81.81818181818181,1.0,2,3,1,82.28
S45G01N4,2024-2025,20241020,330,home,6,7,0,16,4,20,3,21,11,15,4,0,0,6,3,4,8,36,15,8,5,37,42,7,1,7,1200,0,0,0,8,22.419860521757542,47.87784679089027,47.22222222222222,42,15.337423312883436,25.0,50.0,46.666666666666664,1.0,2,3,11,82.28,35,9,2,12,9,21,3,25,9,13,2,0,0,6,3,0,0,38,11,10,7,27,44,5,0,9,1200,0,0,0,9,-22.419860521757542,33.218503937007874,31.57894736842105,28,18.13053988718775,36.0,50.0,81.81818181818181,1.0,2,3,1,82.28
S45G01N4,2024-2025,20241020,331,home,6,7,0,16,4,20,3,21,11,15,4,0,0,6,3,4,8,36,15,8,5,37,42,7,1,7,1200,0,0,0,8,22.419860521757542,47.87784679089027,47.22222222222222,42,15.337423312883436,25.0,50.0,46.666666666666664,1.0,2,3,11,82.28,35,9,2,12,9,21,3,25,9,13,2,0,0,6,3,0,0,38,11,10,7,27,44,5,0,9,1200,0,0,0,9,-22.419860521757542,33.218503937007874,31.57894736842105,28,18.13053988718775,36.0,50.0,81.81818181818181,1.0,2,3,1,82.28
S45G01N4,2024-2025,20241020,332,home,6,7,0,16,4,20,3,21,11,15,4,0,0,6,3,4,8,36,15,8,5,37,42,7,1,7,1200,0,0,0,8,22.419860521757542,47.87784679089027,47.22222222222222,42,15.337423312883436,25.0,50.0,46.666666666666664,1.0,2,3,11,82.28,35,9,2,12,9,21,3,25,9,13,2,0,0,6,3,0,0,38,11,10,7,27,44,5,0,9,1200,0,0,0,9,-22.419860521757542,33.218503937007874,31.57894736842105,28,18.13053988718775,36.0,50.0,81.81818181818181,1.0,2,3,1,82.28
S45G01N4,2024-2025,20241020,333,home,6,7,0,16,4,20,3,21,11,15,4,0,0,6,3,4,8,36,15,8,5,37,42,7,1,7,1200,0,0,0,8,22.419860521757542,47.87784679089027,47.22222222222222,42,15.337423312883436,25.0,50.0,46.666666666666664,1.0,2,3,11,82.28,35,9,2,12,9,21,3,25,9,13,2,0,0,6,3,0,0,38,11,10,7,27,44,5,0,9,1200,0,0,0,9,-22.419860521757542,33.218503937007874,31.57894736842105,28,18.13053988718775,36.0,50.0,81.81818181818181,1.0,2,3,1,82.28
S45G01N4,2024-2025,20241020,334,home,6,7,0,16,4,20,3,21,11,15,4,0,0,6,3,4,8,36,15,8,5,37,42,7,1,7,1200,0,0,0,8,22.419860521757542,47.87784679089027,47.22222222222222,42,15.337423312883436,25.0,50.0,46.666666666666664,1.0,2,3,11,82.28,35,9,2,12,9,21,3,25,9,13,2,0,0,6,3,0,0,38,11,10,7,27,44,5,0,9,1200,0,0,0,9,-22.419860521757542,33.218503937007874,31.57894736842105,28,18.13053988718775,36.0,50.0,81.81818181818181,1.0,2,3,1,82.28
S45G01N4,2024-2025,20241020,335,home,6,7,0,16,4,20,3,21,11,15,4,0,0,6,3,4,8,36,15,8,5,37,42,7,1,7,1200,0,0,0,8,22.419860521757542,47.87784679089027,47.22222222222222,42,15.337423312883436,25.0,50.0,46.666666666666664,1.0,2,3,11,82.28,35,9,2,12,9,21,3,25,9,13,2,0,0,6,3,0,0,38,11,10,7,27,44,5,0,9,1200,0,0,0,9,-22.419860521757542,33.218503937007874,31.57894736842105,28,18.13053988718775,36.0,50.0,81.81818181818181,1.0,2,3,1,82.28
S45G01N4,2024-2025,20241020,336,home,6,7,0,16,4,20,3,21,11,15,4,0,0,6,3,4,8,36,15,8,5,37,42,7,1,7,1200,0,0,0,8,22.419860521757542,47.87784679089027,47.22222222222222,42,15.337423312883436,25.0,50.0,46.666666666666664,1.0,2,3,11,82.28,35,9,2,12,9,21,3,25,9,13,2,0,0,6,3,0,0,38,11,10,7,27,44,5,0,9,1200,0,0,0,9,-22.419860521757542,33.218503937007874,31.57894736842105,28,18.13053988718775,36.0,50.0,81.81818181818181,1.0,2,3,1,82.28
S45G01N4,2024-2025,20241020,337,home,6,7,0,16,4,20,3,21,11,15,4,0,0,6,3,4,8,36,15,8,5,37,42,7,1,7,1200,0,0,0,8,22.419860521757542,47.87784679089027,47.22222222222222,42,15.337423312883436,25.0,50.0,46.666666666666664,1.0,2,3,11,82.28,35,9,2,12,9,21,3,25,9,13,2,0,0,6,3,0,0,38,11,10,7,27,44,5,0,9,1200,0,0,0,9,-22.419860521757542,33.218503937007874,31.57894736842105,28,18.13053988718775,36.0,50.0,81.81818181818181,1.0,2,3,1,82.28
S45G01N4,2024-2025,20241020,338,home,6,7,0,16,4,20,3,21,11,15,4,0,0,6,3,4,8,36,15,8,5,37,42,7,1,7,1200,0,0,0,8,22.419860521757542,47.87784679089027,47.22222222222222,42,15.337423312883436,25.0,50.0,46.666666666666664,1.0,2,3,11,82.28,35,9,2,12,9,21,3,25,9,13,2,0,0,6,3,0,0,38,11,10,7,27,44,5,0,9,1200,0,0,0,9,-22.419860521757542,33.218503937007874,31.57894736842105,28,18.13053988718775,36.0,50.0,81.81818181818181,1.0,2,3,1,82.28
S45G01N4,2024-2025,20241020,339,home,6,7,0,16,4,20,3,21,11,15,4,0,0,6,3,4,8,36,15,8,5,37,42,7,1,7,1200,0,0,0,8,22.419860521757542,47.87784679089027,47.22222222222222,42,15.337423312883436,25.0,50.0,46.666666666666664,1.0,2,3,11,82.28,35,9,2,12,9,21,3,25,9,13,2,0,0,6,3,0,0,38,11,10,7,27,44,5,0,9,1200,0,0,0,9,-22.419860521757542,33.218503937007874,31.57894736842105,28,18.13053988718775,36.0,50.0,81.81818181818181,1.0,2,3,1,82.28
S45G01N4,2024-2025,20241020,340,home,6,7,0,16,4,20,3,21,11,15,4,0,0,6,3,4,8,36,15,8,5,37,42,7,1,7,1200,0,0,0,8,22.419860521757542,47.87784679089027,47.22222222222222,42,15.337423312883436,25.0,50.0,46.666666666666664,1.0,2,3,11,82.28,35,9,2,12,9,21,3,25,9,13,2,0,0,6,3,0,0,38,11,10,7,27,44,5,0,9,1200,0,0,0,9,-22.419860521757542,33.218503937007874,31.57894736842105,28,18.13053988718775,36.0,50.0,81.81818181818181,1.0,2,3,1,82.28
S45G01N4,2024-2025,20241020,341,home,6,7,0,16,4,20,3,21,11,15,4,0,0,6,3,4,8,36,15,8,5,37,42,7,1,7,1200,0,0,0,8,22.419860521757542,47.87784679089027,47.22222222222222,42,15.337423312883436,25.0,50.0,46.666666666666664,1.0,2,3,11,82.28,35,9,2,12,9,21,3,25,9,13,2,0,0,6,3,0,0,38,11,10,7,27,44,5,0,9,1200,0,0,0,9,-22.419860521757542,33.218503937007874,31.57894736842105,28,18.13053988718775,36.0,50.0,81.81818181818181,1.0,2,3,1,82.28
S45G01N4,2024-2025,20241020,342,home,6,7,0,16,4,20,3,21,11,15,4,0,0,6,3,4,8,36,15,8,5,37,42,7,1,7,1216,0,0,0,8,24.015369836695484,47.87784679089027,47.22222222222222,42,15.337423312883436,25.0,50.0,46.666666666666664,1.0,2,3,11,82.18421052631578,35,9,2,12,9,21,3,25,9,13,2,0,0,6,3,0,0,38,11,10,7,27,44,5,0,10,1216,0,0,0,10,-24.015369836695484,33.218503937007874,31.57894736842105,27,19.747235387045812,36.0,50.0,81.81818181818181,0.9,2,3,1,82.18421052631578
S45G01N4,2024-2025,20241020,343,home,6,7,0,16,4,20,3,21,11,15,4,0,0,6,3,4,8,36,15,8,5,37,42,8,1,7,1217,0,0,0,8,24.015369836695484,47.87784679089027,47.22222222222222,43,15.337423312883436,25.0,50.0,46.666666666666664,1.0,2,3,11,82.11668036154478,35,9,2,12,9,21,3,25,9,13,2,0,0,6,3,0,0,38,11,10,7,27,44,5,0,10,1217,0,0,0,10,-24.015369836695484,33.218503937007874,31.57894736842105,27,19.747235387045812,36.0,50.0,81.81818181818181,0.9,2,3,1,82.11668036154478
S45G01N4,2024-2025,20241020,344,home,6,7,0,16,4,20,3,21,11,16,5,0,0,6,3,4,8,37,16,8,5,40,43,8,1,7,1225,0,0,0,8,28.967131834918447,50.45408678102926,50.0,46,15.008576329331046,25.0,50.0,43.75,1.0,5,3,13,82.56,35,9,2,12,9,21,3,25,9,13,2,0,0,6,3,0,0,38,11,10,7,27,44,5,0,10,1225,0,0,0,10,-28.967131834918447,33.218503937007874,31.57894736842105,27,19.747235387045812,36.0,50.0,81.81818181818181,0.9,5,3,1,82.56
S45G01N4,2024-2025,20241020,345,home,6,8,0,16,4,20,3,21,11,16,5,0,0,6,3,4,8,37,16,8,5,40,43,8,1,7,1225,0,0,0,8,28.967131834918447,50.45408678102926,50.0,47,15.008576329331046,25.0,50.0,50.0,1.1428571428571428,5,3,13,82.56,35,9,2,12,9,21,3,25,9,13,2,0,0,6,3,0,0,38,11,10,7,27,44,5,0,10,1225,0,0,0,10,-28.967131834918447,33.218503937007874,31.57894736842105,27,19.747235387045812,36.0,50.0,81.81818181818181,0.9,5,3,1,82.56
S45G01N4,2024-2025,20241020,346,home,6,8,0,16,4,20,3,21,11,16,5,0,0,6,3,4,8,37,16,8,5,40,43,8,1,7,1249,0,0,0,8,30.487804878048784,50.45408678102926,50.0,47,15.008576329331046,25.0,50.0,50.0,1.1428571428571428,5,3,13,81.93434747798239,35,9,2,12,9,21,3,25,9,13,2,0,0,6,3,0,0,38,11,10,7,27,44,5,0,11,1249,0,0,0,11,-30.487804878048784,33.218503937007874,31.57894736842105,26,21.301316808675445,36.0,50.0,81.81818181818181,0.8181818181818182,5,3,1,81.93434747798239
S45G01N4,2024-2025,20241020,347,home,6,8,0,16,4,20,3,21,11,16,5,0,0,6,3,4,8,37,16,8,5,40,43,9,1,7,1251,0,0,0,8,30.487804878048784,50.45408678102926,50.0,48,15.008576329331046,25.0,50.0,50.0,1.1428571428571428,5,3,13,81.80335731414868,35,9,2,12,9,21,3,25,9,13,2,0,0,6,3,0,0,38,11,10,7,27,44,5,0,11,1251,0,0,0,11,-30.487804878048784,33.218503937007874,31.57894736842105,26,21.301316808675445,36.0,50.0,81.81818181818181,0.8181818181818182,5,3,1,81.80335731414868
S45G01N4,2024-2025,20241020,348,home,6,8,0,16,4,20,3,22,12,16,5,0,0,6,3,4,8,38,17,8,5,42,44,9,1,7,1253,0,0,0,8,32.92115431906628,51.67322834645669,51.31578947368421,50,14.693534844668346,25.0,50.0,47.05882352941177,1.1428571428571428,7,3,15,82.63048683160414,35,9,2,12,9,21,3,25,9,13,2,0,0,6,3,0,0,38,11,10,7,27,44,5,0,11,1253,0,0,0,11,-32.92115431906628,33.218503937007874,31.57894736842105,26,21.301316808675445,36.0,50.0,81.81818181818181,0.8181818181818182,7,3,1,82.63048683160414
S45G01N4,2024-2025,20241020,349,home,6,9,0,16,4,20,3,22,12,16,5,0,0,6,3,4,8,38,17,8,5,42,44,9,1,7,1253,0,0,0,8,32.92115431906628,51.67322834645669,51.31578947368421,51,14.693534844668346,25.0,50.0,52.94117647058823,1.2857142857142858,7,3,15,82.63048683160414,35,9,2,12,9,21,3,25,9,13,2,0,0,6,3,0,0,38,11,10,7,27,44,5,0,11,1253,0,0,0,11,-32.92115431906628,33.218503937007874,31.57894736842105,26,21.301316808675445,36.0,50.0,81.81818181818181,0.8181818181818182,7,3,1,82.63048683160414
S45G01N4,2024-2025,20241020,350,home,6,9,0,16,4,20,3,22,12,16,5,0,0,6,3,5,10,38,17,8,5,42,44,9,1,7,1253,0,0,0,8,32.92115431906628,51.67322834645669,51.31578947368421,51,14.693534844668346,25.0,50.0,52.94117647058823,1.2857142857142858,7,3,15,82.63048683160414,35,9,2,12,9,21,3,25,9,13,2,0,0,6,3,0,0,38,11,10,7,27,44,5,0,11,1253,0,0,0,11,-32.92115431906628,33.218503937007874,31.57894736842105,26,21.301316808675445,36.0,50.0,81.81818181818181,0.8181818181818182,7,3,1,82.63048683160414
S45G01N4,2024-2025,20241020,351,home,6,9,0,16,4,20,3,22,12,16,5,0,0,6,3,5,10,38,17,8,5,42,44,9,1,7,1265,0,0,0,8,34.37213565536206,51.67322834645669,51.31578947368421,51,14.693534844668346,25.0,50.0,52.94117647058823,1.2857142857142858,7,3,15,82.79525691699604,35,9,2,12,9,21,3,26,9,13,2,0,0,6,3,0,0,39,11,10,7,27,45,5,0,11,1265,0,0,0,11,-34.37213565536206,32.4207492795389,30.76923076923077,25,20.896656534954406,36.0,50.0,81.81818181818181,0.8181818181818182,7,3,1,82.79525691699604
S45G01N4,2024-2025,20241020,352,home,6,9,0,17,4,21,3,22,12,16,5,0,0,6,3,5,10,38,17,8,5,42,44,9,1,7,1266,0,0,0,8,34.37213565536206,51.67322834645669,51.31578947368421,52,14.693534844668346,25.0,50.0,52.94117647058823,1.2857142857142858,7,3,15,82.72985781990522,35,9,2,12,9,21,3,26,9,13,2,0,0,6,3,0,0,39,11,10,7,27,45,5,0,11,1266,0,0,0,11,-34.37213565536206,32.4207492795389,30.76923076923077,25,20.896656534954406,34.61538461538461,50.0,81.81818181818181,0.8181818181818182,7,3,1,82.72985781990522
S45G01N4,2024-2025,20241020,353,home,6,9,0,17,4,21,3,23,13,16,5,0,0,6,3,5,10,39,18,8,5,44,45,9,1,7,1283,0,0,0,8,36.6964640640759,52.833813640730064,52.56410256410256,54,14.391447368421053,25.0,50.0,50.0,1.2857142857142858,9,3,17,82.56897895557287,35,9,2,12,9,21,3,26,9,13,2,0,0,6,3,0,0,39,11,10,7,27,45,5,0,11,1283,0,0,0,11,-36.6964640640759,32.4207492795389,30.76923076923077,25,20.896656534954406,34.61538461538461,50.0,81.81818181818181,0.8181818181818182,9,3,1,82.56897895557287
S45G01N4,2024-2025,20241020,354,home,6,9,0,17,4,21,3,23,13,16,5,0,0,6,3,5,10,39,18,8,5,44,45,9,1,7,1298,0,0,0,8,38.082437275985654,52.833813640730064,52.56410256410256,54,14.391447368421053,25.0,50.0,50.0,1.2857142857142858,9,3,17,82.53929121725731,35,9,2,12,9,21,3,26,9,14,2,0,0,6,3,0,0,40,11,10,7,27,46,5,0,11,1298,0,0,0,11,-38.082437275985654,31.660412757973734,30.0,24,20.507084265473527,34.61538461538461,50.0,81.81818181818181,0.8181818181818182,9,3,1,82.53929121725731
S45G01N4,2024-2025,20241020,355,home,6,9,0,18,4,22,3,23,13,16,5,0,0,6,3,5,10,39,18,8,5,44,45,9,1,7,1299,0,0,0,8,38.082437275985654,52.833813640730064,52.56410256410256,55,14.391447368421053,25.0,50.0,50.0,1.2857142857142858,9,3,17,82.47575057736721,35,9,2,12,9,21,3,26,9,14,2,0,0,6,3,0,0,40,11,10,7,27,46,5,0,11,1299,0,0,0,11,-38.082437275985654,31.660412757973734,30.0,24,20.507084265473527,33.333333333333336,50.0,81.81818181818181,0.8181818181818182,9,3,1,82.47575057736721
S45G01N4,2024-2025,20241020,356,home,6,9,0,18,4,22,3,23,13,16,5,0,0,6,3,5,10,39,18,8,5,44,45,9,1,7,1305,0,0,0,8,38.082437275985654,52.833813640730064,52.56410256410256,55,14.391447368421053,25.0,50.0,50.0,1.2857142857142858,9,3,17,82.09655172413792,35,9,2,12,9,21,3,26,9,14,2,0,0,6,3,0,0,40,11,11,8,27,46,5,0,11,1305,0,0,0,11,-38.082437275985654,31.660412757973734,30.0,24,20.507084265473527,33.333333333333336,50.0,81.81818181818181,0.8181818181818182,9,3,1,82.09655172413792
S45G01N4,2024-2025,20241020,357,home,6,9,0,18,4,22,3,23,13,16,5,0,0,6,3,5,10,39,18,8,5,44,45,9,1,7,1305,0,0,0,8,38.082437275985654,52.833813640730064,52.56410256410256,55,14.391447368421053,25.0,50.0,50.0,1.2857142857142858,9,3,17,82.09655172413792,35,9,2,12,9,21,3,26,9,14,2,0,0,6,3,0,0,40,11,11,8,27,46,5,0,11,1305,0,0,0,11,-38.082437275985654,31.660412757973734,30.0,24,20.507084265473527,33.333333333333336,50.0,81.81818181818181,0.8181818181818182,9,3,1,82.09655172413792
S45G01N4,2024-2025,20241020,358,home,6,9,0,18,4,22,3,23,13,16,5,0,0,6,3,5,10,39,18,8,5,44,45,9,1,8,1314,0,0,0,9,35.9227898560968,52.833813640730064,52.56410256410256,54,16.116035455278002,25.0,50.0,50.0,1.125,9,3,17,82.44748858447488,35,9,2,12,9,21,3,26,9,14,2,0,0,6,3,0,0,40,11,11,8,27,46,5,0,11,1314,0,0,0,11,-35.9227898560968,31.660412757973734,30.0,24,20.507084265473527,33.333333333333336,50.0,81.81818181818181,0.8181818181818182,9,3,1,82.44748858447488
S45G01N4,2024-2025,20241020,359,home,6,9,0,18,4,22,3,23,13,16,5,0,0,6,3,5,10,39,18,8,5,44,45,9,1,8,1315,0,0,0,9,35.9227898560968,52.833813640730064,52.56410256410256,54,16.116035455278002,25.0,50.0,50.0,1.125,9,3,17,82.38479087452473,35,9,2,12,9,21,3,26,9,14,2,0,0,6,3,0,0,40,11,11,8,27,46,6,0,11,1315,0,0,0,11,-35.9227898560968,31.660412757973734,30.0,25,20.507084265473527,33.333333333333336,50.0,81.81818181818181,0.8181818181818182,9,3,1,82.38479087452473
S45G01N4,2024-2025,20241020,360,home,6,9,0,18,4,22,3,23,13,16,5,0,0,6,3,5,10,39,18,8,5,44,45,9,1,8,1321,0,0,0,9,37.24802804557405,52.833813640730064,52.56410256410256,54,16.116035455278002,25.0,50.0,50.0,1.125,9,3,17,82.91900075700228,35,9,2,12,9,21,3,26,9,15,2,0,0,6,3,0,0,41,11,11,8,27,47,6,0,11,1321,0,0,0,11,-37.24802804557405,30.934922089825847,29.26829268292683,24,20.13177159590044,33.333333333333336,50.0,81.81818181818181,0.8181818181818182,9,3,1,82.91900075700228
S45G01N4,2024-2025,20241020,361,home,6,9,0,19,4,23,3,23,13,16,5,0,0,6,3,5,10,39,18,8,5,44,45,9,1,8,1322,0,0,0,9,37.24802804557405,52.833813640730064,52.56410256410256,55,16.116035455278002,25.0,50.0,50.0,1.125,9,3,17,82.85627836611195,35,9,2,12,9,21,3,26,9,15,2,0,0,6,3,0,0,41,11,11,8,27,47,6,0,11,1322,0,0,0,11,-37.24802804557405,30.934922089825847,29.26829268292683,24,20.13177159590044,32.142857142857146,50.0,81.81818181818181,0.8181818181818182,9,3,1,82.85627836611195
S45G01N4,2024-2025,20241020,362,home,6,9,0,19,4,23,3,23,13,17,5,0,0,6,3,5,10,40,18,8,5,44,46,9,1,8,1339,0,0,0,9,35.180989863244754,51.594746716697934,51.25,54,15.797788309636651,25.0,50.0,50.0,1.125,9,3,17,82.70052277819268,35,9,2,12,9,21,3,26,9,15,2,0,0,6,3,0,0,41,11,11,8,27,47,6,0,11,1339,0,0,0,11,-35.180989863244754,30.934922089825847,29.26829268292683,24,20.13177159590044,32.142857142857146,50.0,81.81818181818181,0.8181818181818182,9,3,1,82.70052277819268
S45G01N4,2024-2025,20241020,363,home,6,9,0,19,4,23,3,23,13,17,5,0,0,6,3,5,10,40,18,8,5,44,46,9,1,8,1341,0,0,0,9,35.180989863244754,51.594746716697934,51.25,54,15.797788309636651,23.529411764705884,50.0,50.0,1.125,9,3,17,82.57718120805369,35,9,2,13,9,22,3,26,9,15,2,0,0,6,3,0,0,41,11,11,8,27,47,6,0,11,1341,0,0,0,11,-35.180989863244754,30.934922089825847,29.26829268292683,25,20.13177159590044,32.142857142857146,50.0,81.81818181818181,0.8181818181818182,9,3,1,82.57718120805369
S45G01N4,2024-2025,20241020,364,home,6,9,0,19,4,23,3,23,13,17,5,0,0,6,3,5,10,40,18,9,6,44,46,9,1,8,1350,0,0,0,9,35.180989863244754,51.594746716697934,51.25,54,15.797788309636651,23.529411764705884,50.0,50.0,1.125,9,3,17,82.02666666666666,35,9,2,13,9,22,3,26,9,15,2,0,0,6,3,0,0,41,11,11,8,27,47,6,0,11,1350,0,0,0,11,-35.180989863244754,30.934922089825847,29.26829268292683,25,20.13177159590044,32.142857142857146,50.0,81.81818181818181,0.8181818181818182,9,3,1,82.02666666666666
S45G01N4,2024-2025,20241020,365,home,6,9,0,19,4,23,3,23,13,17,5,0,0,6,3,5,10,40,18,9,6,44,46,9,1,8,1350,0,0,0,9,35.180989863244754,51.594746716697934,51.25,54,15.797788309636651,23.529411764705884,50.0,50.0,1.125,9,3,17,82.02666666666666,35,9,2,13,9,22,3,26,9,15,2,0,0,6,3,0,0,41,11,11,8,27,47,6,0,11,1350,0,0,0,11,-35.180989863244754,30.934922089825847,29.26829268292683,25,20.13177159590044,32.142857142857146,50.0,81.81818181818181,0.8181818181818182,9,3,1,82.02666666666666
S45G01N4,2024-2025,20241020,366,home,6,9,0,19,4,23,3,23,13,17,5,0,0,6,3,5,10,40,18,9,6,44,46,9,1,8,1350,0,0,0,9,35.180989863244754,51.594746716697934,51.25,54,15.797788309636651,23.529411764705884,50.0,50.0,1.125,9,3,17,82.02666666666666,35,9,2,13,9,22,3,26,9,15,2,0,0,6,3,0,0,41,11,11,8,27,47,6,0,11,1350,0,0,0,11,-35.180989863244754,30.934922089825847,29.26829268292683,25,20.13177159590044,32.142857142857146,50.0,81.81818181818181,0.8181818181818182,9,3,1,82.02666666666666
S45G01N4,2024-2025,20241020,367,home,6,9,0,19,4,23,3,23,13,17,5,0,0,6,3,5,10,40,18,9,6,44,46,9,1,8,1350,0,0,0,9,35.180989863244754,51.594746716697934,51.25,54,15.797788309636651,23.529411764705884,50.0,50.0,1.125,9,3,17,82.02666666666666,35,9,2,13,9,22,3,26,9,15,2,0,0,6,3,0,0,41,11,11,8,27,47,6,0,11,1350,0,0,0,11,-35.180989863244754,30.934922089825847,29.26829268292683,25,20.13177159590044,32.142857142857146,50.0,81.81818181818181,0.8181818181818182,9,3,1,82.02666666666666
S45G01N4,2024-2025,20241020,368,home,6,9,0,19,4,23,3,23,13,17,5,0,0,6,3,5,10,40,18,9,6,44,46,9,1,8,1366,0,0,0,9,32.161234991423676,51.594746716697934,51.25,54,15.797788309636651,23.529411764705884,50.0,50.0,1.125,2,3,17,81.94436310395315,35,9,2,13,9,22,3,27,10,15,2,0,0,6,3,0,0,42,12,11,8,29,48,6,0,11,1366,0,0,0,11,-32.161234991423676,32.482078853046595,30.952380952380953,27,19.76994967649173,32.142857142857146,50.0,75.0,0.8181818181818182,2,3,1,81.94436310395315
S45G01N4,2024-2025,20241020,369,home,6,9,0,19,4,23,3,23,13,17,5,0,0,6,3,5,10,40,18,9,6,44,46,9,1,8,1366,0,0,0,9,32.161234991423676,51.594746716697934,51.25,54,15.797788309636651,23.529411764705884,50.0,50.0,1.125,2,3,17,81.94436310395315,35,10,2,13,9,22,3,27,10,15,2,0,0,6,3,0,0,42,12,11,8,29,48,6,0,11,1366,0,0,0,11,-32.161234991423676,32.482078853046595,30.952380952380953,28,19.76994967649173,32.142857142857146,50.0,83.33333333333333,0.9090909090909091,2,3,1,81.94436310395315
S45G01N4,2024-2025,20241020,370,home,6,9,0,19,4,23,3,24,13,17,5,0,0,6,3,5,10,41,18,9,6,44,47,9,1,8,1386,0,0,0,9,30.180974230686694,50.41246562786434,50.0,53,15.491866769945778,23.529411764705884,50.0,50.0,1.125,2,3,17,81.62770562770562,35,10,2,13,9,22,3,27,10,15,2,0,0,6,3,0,0,42,12,11,8,29,48,6,0,11,1386,0,0,0,11,-30.180974230686694,32.482078853046595,30.952380952380953,28,19.76994967649173,32.142857142857146,50.0,83.33333333333333,0.9090909090909091,2,3,1,81.62770562770562
S45G01N4,2024-2025,20241020,371,home,6,9,0,19,4,23,3,24,13,17,5,0,0,6,3,5,10,41,18,9,6,44,47,9,1,8,1387,0,0,0,9,30.180974230686694,50.41246562786434,50.0,53,15.491866769945778,22.22222222222222,50.0,50.0,1.125,2,3,17,81.56885364095169,35,10,2,14,9,23,3,27,10,15,2,0,0,6,3,0,0,42,12,11,8,29,48,6,0,11,1387,0,0,0,11,-30.180974230686694,32.482078853046595,30.952380952380953,29,19.76994967649173,32.142857142857146,50.0,83.33333333333333,0.9090909090909091,2,3,1,81.56885364095169
S45G01N4,2024-2025,20241020,372,home,6,9,0,19,4,23,3,24,13,17,5,0,0,6,3,5,10,41,18,9,6,44,47,9,1,8,1402,0,0,0,9,31.486146095717878,50.41246562786434,50.0,53,15.491866769945778,22.22222222222222,50.0,50.0,1.125,2,3,17,81.55206847360913,35,10,2,14,9,23,3,27,10,15,2,0,0,6,3,0,0,42,12,11,8,29,48,6,0,12,1402,0,0,0,12,-31.486146095717878,32.482078853046595,30.952380952380953,28,21.1864406779661,32.142857142857146,50.0,83.33333333333333,0.8333333333333334,2,3,1,81.55206847360913
S45G01N4,2024-2025,20241020,373,home,6,9,0,19,4,23,3,24,13,17,5,0,0,6,3,5,10,41,18,9,6,44,47,10,1,8,1403,0,0,0,9,31.486146095717878,50.41246562786434,50.0,54,15.491866769945778,22.22222222222222,50.0,50.0,1.125,2,3,17,81.49394155381326,35,10,2,14,9,23,3,27,10,15,2,0,0,6,3,0,0,42,12,11,8,29,48,6,0,12,1403,0,0,0,12,-31.486146095717878,32.482078853046595,30.952380952380953,28,21.1864406779661,32.142857142857146,50.0,83.33333333333333,0.8333333333333334,2,3,1,81.49394155381326
S45G01N4,2024-2025,20241020,374,home,6,9,0,19,4,23,3,24,13,17,5,0,0,6,3,5,10,41,18,9,6,44,47,10,1,9,1408,0,0,0,10,29.587310530734904,50.41246562786434,50.0,53,17.09726443768997,22.22222222222222,50.0,50.0,1.0,2,3,17,82.05681818181819,35,10,2,14,9,23,3,27,10,15,2,0,0,6,3,0,0,42,12,11,8,29,48,6,0,12,1408,0,0,0,12,-29.587310530734904,32.482078853046595,30.952380952380953,28,21.1864406779661,32.142857142857146,50.0,83.33333333333333,0.8333333333333334,2,3,1,82.05681818181819
S45G01N4,2024-2025,20241020,375,home,6,9,0,19,4,23,3,24,13,17,5,0,0,6,3,5,10,41,18,9,6,44,47,10,1,9,1408,0,0,0,10,29.587310530734904,50.41246562786434,50.0,53,17.09726443768997,22.22222222222222,50.0,50.0,1.0,2,3,17,82.05681818181819,35,10,2,14,9,23,3,27,10,15,2,0,0,6,3,0,0,42,12,11,8,29,48,6,0,12,1408,0,0,0,12,-29.587310530734904,32.482078853046595,30.952380952380953,28,21.1864406779661,32.142857142857146,50.0,83.33333333333333,0.8333333333333334,2,3,1,82.05681818181819
S45G01N4,2024-2025,20241020,376,home,6,9,0,19,4,23,3,24,13,17,5,0,0,6,3,5,10,41,18,9,6,44,47,10,1,9,1408,0,0,0,10,29.587310530734904,50.41246562786434,50.0,53,17.09726443768997,22.22222222222222,50.0,50.0,1.0,2,3,17,82.05681818181819,35,10,2,14,9,23,3,27,10,15,2,0,0,6,3,0,0,42,12,11,8,29,48,6,0,12,1408,0,0,0,12,-29.587310530734904,32.482078853046595,30.952380952380953,28,21.1864406779661,32.142857142857146,50.0,83.33333333333333,0.8333333333333334,2,3,1,82.05681818181819
S45G01N4,2024-2025,20241020,377,home,6,9,0,19,4,23,3,24,13,17,5,0,0,6,3,5,10,41,18,9,6,44,47,10,1,9,1408,0,0,0,10,29.587310530734904,50.41246562786434,50.0,53,17.09726443768997,22.22222222222222,50.0,50.0,1.0,2,3,17,82.05681818181819,35,10,2,14,9,23,3,27,10,15,2,0,0,6,3,0,0,42,12,11,8,29,48,6,0,12,1408,0,0,0,12,-29.587310530734904,32.482078853046595,30.952380952380953,28,21.1864406779661,32.142857142857146,50.0,83.33333333333333,0.8333333333333334,2,3,1,82.05681818181819
S45G01N4,2024-2025,20241020,378,home,6,9,0,19,4,23,3,24,13,17,5,0,0,6,3,5,10,41,18,9,6,44,47,10,1,9,1408,0,0,0,10,29.587310530734904,50.41246562786434,50.0,53,17.09726443768997,22.22222222222222,50.0,50.0,1.0,2,3,17,82.05681818181819,35,10,2,14,9,23,3,27,10,15,2,0,0,6,3,0,0,42,12,11,8,29,48,6,0,12,1408,0,0,0,12,-29.587310530734904,32.482078853046595,30.952380952380953,28,21.1864406779661,32.142857142857146,50.0,83.33333333333333,0.8333333333333334,2,3,1,82.05681818181819
S45G01N4,2024-2025,20241020,379,home,6,9,0,19,4,23,3,24,13,17,5,0,0,6,3,5,10,41,18,9,6,44,47,10,1,9,1408,0,0,0,10,29.587310530734904,50.41246562786434,50.0,53,17.09726443768997,22.22222222222222,50.0,50.0,1.0,2,3,17,82.05681818181819,35,10,2,14,9,23,3,27,10,15,2,0,0,6,3,0,0,42,12,11,8,29,48,6,0,12,1408,0,0,0,12,-29.587310530734904,32.482078853046595,30.952380952380953,28,21.1864406779661,32.142857142857146,50.0,83.33333333333333,0.8333333333333334,2,3,1,82.05681818181819
S45G01N4,2024-2025,20241020,380,home,6,9,0,19,4,23,3,24,13,17,5,0,0,6,3,5,10,41,18,9,6,44,47,10,1,9,1408,0,0,0,10,29.587310530734904,50.41246562786434,50.0,53,17.09726443768997,22.22222222222222,50.0,50.0,1.0,2,3,17,82.05681818181819,35,10,2,14,9,23,3,27,10,15,2,0,0,6,3,0,0,42,12,11,8,29,48,6,0,12,1408,0,0,0,12,-29.587310530734904,32.482078853046595,30.952380952380953,28,21.1864406779661,32.142857142857146,50.0,83.33333333333333,0.8333333333333334,2,3,1,82.05681818181819
S45G01N4,2024-2025,20241020,381,home,6,9,0,19,4,23,3,24,13,17,5,0,0,6,3,5,10,41,18,9,6,44,47,10,1,9,1408,0,0,0,10,29.587310530734904,50.41246562786434,50.0,53,17.09726443768997,22.22222222222222,50.0,50.0,1.0,2,3,17,82.05681818181819,35,10,2,14,9,23,3,27,10,15,2,0,0,6,3,0,0,42,12,11,8,29,48,6,0,12,1408,0,0,0,12,-29.587310530734904,32.482078853046595,30.952380952380953,28,21.1864406779661,32.142857142857146,50.0,83.33333333333333,0.8333333333333334,2,3,1,82.05681818181819
S45G01N4,2024-2025,20241020,382,home,6,9,0,19,4,23,3,24,13,17,5,0,0,6,3,5,10,41,18,9,6,44,47,10,1,9,1408,0,0,0,10,29.587310530734904,50.41246562786434,50.0,53,17.09726443768997,22.22222222222222,50.0,50.0,1.0,2,3,17,82.05681818181819,35,10,2,14,9,23,3,27,10,15,2,0,0,6,3,0,0,42,12,11,8,29,48,6,0,12,1408,0,0,0,12,-29.587310530734904,32.482078853046595,30.952380952380953,28,21.1864406779661,32.142857142857146,50.0,83.33333333333333,0.8333333333333334,2,3,1,82.05681818181819
S45G01N4,2024-2025,20241020,383,home,6,9,0,19,4,23,3,24,13,17,5,0,0,6,3,5,10,41,18,9,6,44,47,10,1,9,1408,0,0,0,10,29.587310530734904,50.41246562786434,50.0,53,17.09726443768997,22.22222222222222,50.0,50.0,1.0,2,3,17,82.05681818181819,35,10,2,14,9,23,3,27,10,15,2,0,0,6,3,0,0,42,12,11,8,29,48,6,0,12,1408,0,0,0,12,-29.587310530734904,32.482078853046595,30.952380952380953,28,21.1864406779661,32.142857142857146,50.0,83.33333333333333,0.8333333333333334,2,3,1,82.05681818181819
S45G01N4,2024-2025,20241020,384,home,6,9,0,19,4,23,3,24,13,17,5,0,0,6,3,5,10,41,18,9,6,44,47,10,1,9,1425,0,0,0,10,26.726973684210535,50.41246562786434,50.0,53,17.09726443768997,22.22222222222222,50.0,50.0,1.0,4,3,17,81.92,35,10,2,14,9,23,3,28,11,15,2,0,0,6,3,0,0,43,13,11,8,31,49,6,0,12,1425,0,0,0,12,-26.726973684210535,33.96143733567047,32.55813953488372,30,20.81887578070784,32.142857142857146,50.0,76.92307692307692,0.8333333333333334,4,3,1,81.92
S45G01N4,2024-2025,20241020,385,home,6,9,0,19,4,23,3,24,13,17,5,0,0,6,3,5,10,41,18,9,6,44,47,10,1,9,1425,0,0,0,10,26.726973684210535,50.41246562786434,50.0,53,17.09726443768997,22.22222222222222,50.0,50.0,1.0,4,3,17,81.92,35,11,2,14,9,23,3,28,11,15,2,0,0,6,3,0,0,43,13,11,8,31,49,6,0,12,1425,0,0,0,12,-26.726973684210535,33.96143733567047,32.55813953488372,31,20.81887578070784,32.142857142857146,50.0,84.61538461538461,0.9166666666666666,4,3,1,81.92
S45G01N4,2024-2025,20241020,386,home,6,9,0,19,4,23,3,24,13,17,5,0,0,6,3,5,10,41,18,9,6,44,47,10,1,9,1446,0,0,0,10,26.726973684210535,50.41246562786434,50.0,53,17.09726443768997,22.22222222222222,50.0,50.0,1.0,4,3,17,80.73029045643155,35,11,2,14,9,23,3,28,11,15,2,0,0,6,3,0,0,43,13,12,8,31,49,6,0,12,1446,0,0,0,12,-26.726973684210535,33.96143733567047,32.55813953488372,31,20.81887578070784,32.142857142857146,50.0,84.61538461538461,0.9166666666666666,4,3,1,80.73029045643155
S45G01N4,2024-2025,20241020,387,home,6,9,0,19,4,23,3,24,13,17,5,0,0,6,3,5,10,41,18,9,6,44,47,10,1,9,1446,0,0,0,10,26.726973684210535,50.41246562786434,50.0,53,17.09726443768997,22.22222222222222,50.0,50.0,1.0,4,3,17,80.73029045643155,35,11,2,14,9,23,3,28,11,15,2,0,0,6,3,0,0,43,13,12,8,31,49,6,0,12,1446,0,0,0,12,-26.726973684210535,33.96143733567047,32.55813953488372,31,20.81887578070784,32.142857142857146,50.0,84.61538461538461,0.9166666666666666,4,3,1,80.73029045643155
S45G01N4,2024-2025,20241020,388,home,6,9,0,19,4,23,3,24,13,17,5,0,0,7,4,5,10,41,18,9,6,45,48,10,1,9,1446,0,0,0,10,27.953488933213237,51.043557168784034,50.0,54,16.955538809344386,22.22222222222222,57.142857142857146,50.0,1.0,1,3,17,81.09543568464731,35,11,2,14,9,23,3,28,11,15,2,0,0,6,3,0,0,43,13,12,8,31,49,6,0,12,1446,0,0,0,12,-27.953488933213237,33.96143733567047,32.55813953488372,31,20.81887578070784,32.142857142857146,50.0,84.61538461538461,0.9166666666666666,1,3,1,81.09543568464731
S45G01N4,2024-2025,20241020,389,home,6,9,0,19,4,23,3,24,13,17,5,0,0,8,4,5,10,41,18,9,6,45,49,10,1,9,1447,0,0,0,10,27.13882216648244,50.53908355795148,50.0,53,16.816143497757846,22.22222222222222,50.0,50.0,1.0,1,3,17,81.40428472702142,35,11,2,14,9,23,3,28,11,15,2,0,0,6,3,0,0,43,13,12,8,31,49,6,0,12,1447,0,0,0,12,-27.13882216648244,33.96143733567047,32.55813953488372,31,20.81887578070784,32.142857142857146,50.0,84.61538461538461,0.9166666666666666,1,3,1,81.40428472702142
S45G01N4,2024-2025,20241020,390,home,6,9,0,19,4,23,3,24,13,17,5,0,0,8,4,5,10,41,18,9,6,45,49,10,1,9,1448,0,0,0,10,27.13882216648244,50.53908355795148,50.0,53,16.816143497757846,21.05263157894737,50.0,50.0,1.0,1,3,17,81.34806629834254,35,11,2,15,9,24,3,28,11,15,2,0,0,6,3,0,0,43,13,12,8,31,49,6,0,12,1448,0,0,0,12,-27.13882216648244,33.96143733567047,32.55813953488372,32,20.81887578070784,32.142857142857146,50.0,84.61538461538461,0.9166666666666666,1,3,1,81.34806629834254
S45G01N4,2024-2025,20241020,391,home,6,9,0,19,4,23,3,24,13,17,5,0,0,8,4,5,10,41,18,9,6,45,49,10,1,9,1463,0,0,0,10,28.422737408859128,50.53908355795148,50.0,53,16.816143497757846,21.05263157894737,50.0,50.0,1.0,1,3,17,81.33424470266576,35,11,2,15,9,24,3,28,11,16,2,0,0,6,3,0,0,44,13,12,8,31,50,6,0,12,1463,0,0,0,12,-28.422737408859128,33.23327615780446,31.818181818181817,31,20.463847203274216,32.142857142857146,50.0,84.61538461538461,0.9166666666666666,1,3,1,81.33424470266576
S45G01N4,2024-2025,20241020,392,home,6,9,0,19,4,23,4,24,13,17,5,0,0,8,4,5,10,41,18,9,6,45,49,10,1,9,1464,0,0,0,10,28.422737408859128,50.53908355795148,50.0,54,16.816143497757846,21.05263157894737,50.0,50.0,1.0,1,3,17,81.27868852459017,35,11,2,15,9,24,3,28,11,16,2,0,0,6,3,0,0,44,13,12,8,31,50,6,0,12,1464,0,0,0,12,-28.422737408859128,33.23327615780446,31.818181818181817,31,20.463847203274216,32.142857142857146,50.0,84.61538461538461,0.9166666666666666,1,3,1,81.27868852459017
S45G01N4,2024-2025,20241020,393,home,6,9,0,19,4,23,4,24,13,17,5,0,0,8,4,5,10,41,18,9,6,45,49,10,1,9,1472,0,0,0,10,28.422737408859128,50.53908355795148,50.0,54,16.816143497757846,21.05263157894737,50.0,50.0,1.0,1,3,17,80.83695652173913,35,11,2,15,9,24,3,28,11,16,2,0,0,6,3,0,0,44,13,13,9,31,50,6,0,12,1472,0,0,0,12,-28.422737408859128,33.23327615780446,31.818181818181817,31,20.463847203274216,32.142857142857146,50.0,84.61538461538461,0.9166666666666666,1,3,1,80.83695652173913
S45G01N4,2024-2025,20241020,394,home,6,9,0,19,4,23,4,24,13,17,5,0,0,8,4,5,10,41,18,9,6,45,49,10,1,9,1472,0,0,0,10,28.422737408859128,50.53908355795148,50.0,54,16.816143497757846,21.05263157894737,50.0,50.0,1.0,1,3,17,80.83695652173913,35,11,2,15,9,24,3,28,11,16,2,0,0,6,3,0,0,44,13,13,9,31,50,6,0,12,1472,0,0,0,12,-28.422737408859128,33.23327615780446,31.818181818181817,31,20.463847203274216,32.142857142857146,50.0,84.61538461538461,0.9166666666666666,1,3,1,80.83695652173913
S45G01N4,2024-2025,20241020,395,home,6,9,0,19,4,23,4,25,14,17,5,0,0,8,4,5,10,42,19,9,6,47,50,10,1,9,1481,0,0,0,10,30.582825001929955,51.625659050966604,51.19047619047619,56,16.507703595011005,21.05263157894737,50.0,47.36842105263158,1.0,3,3,17,81.15597569209993,35,11,2,15,9,24,3,28,11,16,2,0,0,6,3,0,0,44,13,13,9,31,50,6,0,12,1481,0,0,0,12,-30.582825001929955,33.23327615780446,31.818181818181817,31,20.463847203274216,32.142857142857146,50.0,84.61538461538461,0.9166666666666666,3,3,1,81.15597569209993
S45G01N4,2024-2025,20241020,396,home,6,9,0,19,4,23,4,25,14,17,5,0,0,8,4,5,10,42,19,9,6,47,50,10,1,9,1507,0,0,0,10,31.81603269129019,51.625659050966604,51.19047619047619,56,16.507703595011005,21.05263157894737,50.0,47.36842105263158,1.0,3,3,17,80.5520902455209,35,11,2,15,9,24,3,28,11,17,2,0,0,6,3,0,0,45,13,13,9,31,51,6,0,12,1507,0,0,0,12,-31.81603269129019,32.53568429890848,31.11111111111111,30,20.120724346076457,32.142857142857146,50.0,84.61538461538461,0.9166666666666666,3,3,1,80.5520902455209
S45G01N4,2024-2025,20241020,397,home,6,9,0,19,4,23,5,25,14,17,5,0,0,8,4,5,10,42,19,9,6,47,50,10,1,9,1507,0,0,0,10,31.81603269129019,51.625659050966604,51.19047619047619,57,16.507703595011005,21.05263157894737,50.0,47.36842105263158,1.0,3,3,17,80.5520902455209,35,11,2,15,9,24,3,28,11,17,2,0,0,6,3,0,0,45,13,13,9,31,51,6,0,12,1507,0,0,0,12,-31.81603269129019,32.53568429890848,31.11111111111111,30,20.120724346076457,32.142857142857146,50.0,84.61538461538461,0.9166666666666666,3,3,1,80.5520902455209
S45G01N4,2024-2025,20241020,398,home,6,9,0,19,4,23,5,26,14,17,5,0,0,8,4,5,10,43,19,9,6,47,51,10,1,9,1518,0,0,0,10,30.010278374692135,50.51590713671539,50.0,56,16.21037463976945,21.05263157894737,50.0,47.36842105263158,1.0,3,3,17,80.7588932806324,35,11,2,15,9,24,3,28,11,17,2,0,0,6,3,0,0,45,13,13,9,31,51,6,0,12,1518,0,0,0,12,-30.010278374692135,32.53568429890848,31.11111111111111,30,20.120724346076457,32.142857142857146,50.0,84.61538461538461,0.9166666666666666,3,3,1,80.7588932806324
S45G01N4,2024-2025,20241020,399,home,6,9,0,19,4,23,5,26,14,17,5,0,0,8,4,5,10,43,19,9,6,47,51,10,1,9,1519,0,0,0,10,30.010278374692135,50.51590713671539,50.0,56,16.21037463976945,20.0,50.0,47.36842105263158,1.0,3,3,17,80.70572745227123,35,11,2,16,9,25,3,28,11,17,2,0,0,6,3,0,0,45,13,13,9,31,51,6,0,12,1519,0,0,0,12,-30.010278374692135,32.53568429890848,31.11111111111111,31,20.120724346076457,32.142857142857146,50.0,84.61538461538461,0.9166666666666666,3,3,1,80.70572745227123
S45G01N4,2024-2025,20241020,400,home,6,9,0,19,4,23,5,26,14,17,5,0,0,8,4,5,10,43,19,9,6,47,51,10,1,9,1528,0,0,0,10,31.195724340994268,50.51590713671539,50.0,56,16.21037463976945,20.0,50.0,47.36842105263158,1.0,3,3,17,81.01570680628272,35,11,2,16,9,25,3,28,11,17,2,0,0,6,3,0,0,45,13,13,9,31,51,6,0,13,1528,0,0,0,13,-31.195724340994268,32.53568429890848,31.11111111111111,30,21.437994722955146,32.142857142857146,50.0,84.61538461538461,0.8461538461538461,3,3,1,81.01570680628272
S45G01N4,2024-2025,20241020,401,home,6,9,0,19,4,23,5,26,14,17,5,0,0,8,4,5,10,43,19,9,6,47,51,11,1,9,1529,0,0,0,10,31.195724340994268,50.51590713671539,50.0,57,16.21037463976945,20.0,50.0,47.36842105263158,1.0,3,3,17,80.9627207325049,35,11,2,16,9,25,3,28,11,17,2,0,0,6,3,0,0,45,13,13,9,31,51,6,0,13,1529,0,0,0,13,-31.195724340994268,32.53568429890848,31.11111111111111,30,21.437994722955146,32.142857142857146,50.0,84.61538461538461,0.8461538461538461,3,3,1,80.9627207325049
S45G01N4,2024-2025,20241020,402,home,6,9,0,19,4,23,5,26,14,17,5,0,0,8,4,5,10,43,19,9,6,47,51,11,1,10,1537,0,0,0,11,29.458734469049595,50.51590713671539,50.0,56,17.692852087756545,20.0,50.0,47.36842105263158,0.9,3,3,17,81.3220559531555,35,11,2,16,9,25,3,28,11,17,2,0,0,6,3,0,0,45,13,13,9,31,51,6,0,13,1537,0,0,0,13,-29.458734469049595,32.53568429890848,31.11111111111111,30,21.437994722955146,32.142857142857146,50.0,84.61538461538461,0.8461538461538461,3,3,1,81.3220559531555
S45G01N4,2024-2025,20241020,403,home,6,9,0,19,4,23,5,26,14,17,5,0,0,8,4,5,10,43,19,9,6,47,51,11,1,10,1538,0,0,0,11,29.458734469049595,50.51590713671539,50.0,56,17.692852087756545,20.0,50.0,47.36842105263158,0.9,3,3,17,81.26918075422626,35,11,2,16,9,25,3,28,11,17,2,0,0,6,3,0,0,45,13,13,9,31,51,7,0,13,1538,0,0,0,13,-29.458734469049595,32.53568429890848,31.11111111111111,31,21.437994722955146,32.142857142857146,50.0,84.61538461538461,0.8461538461538461,3,3,1,81.26918075422626
S45G01N4,2024-2025,20241020,404,home,6,9,0,19,4,23,5,26,14,17,5,0,0,8,4,5,10,43,19,9,6,47,51,11,1,10,1541,0,0,0,11,26.799748597726264,50.51590713671539,50.0,56,17.692852087756545,20.0,50.0,47.36842105263158,0.9,2,3,17,81.88968202465931,35,11,2,16,9,25,3,29,12,17,2,0,0,6,3,0,0,46,14,13,9,33,52,7,0,13,1541,0,0,0,13,-26.799748597726264,33.922697368421055,32.608695652173914,33,21.09020116807268,32.142857142857146,50.0,78.57142857142857,0.8461538461538461,2,3,1,81.88968202465931
S45G01N4,2024-2025,20241020,405,home,6,9,0,19,4,23,5,26,14,17,5,0,0,8,4,5,10,43,19,9,6,47,51,11,1,10,1541,0,0,0,11,26.799748597726264,50.51590713671539,50.0,56,17.692852087756545,20.0,50.0,47.36842105263158,0.9,2,3,17,81.88968202465931,35,12,2,16,9,25,3,29,12,17,2,0,0,6,3,0,0,46,14,13,9,33,52,7,0,13,1541,0,0,0,13,-26.799748597726264,33.922697368421055,32.608695652173914,34,21.09020116807268,32.142857142857146,50.0,85.71428571428571,0.9230769230769231,2,3,1,81.88968202465931
S45G01N4,2024-2025,20241020,406,home,6,9,0,19,4,23,5,26,14,17,5,0,0,8,4,5,10,43,19,9,6,47,51,11,1,10,1541,0,0,0,11,26.799748597726264,50.51590713671539,50.0,56,17.692852087756545,20.0,50.0,47.36842105263158,0.9,2,3,17,81.88968202465931,35,12,2,16,9,25,3,29,12,17,2,0,0,6,3,1,2,46,14,13,9,33,52,7,0,13,1541,0,0,0,13,-26.799748597726264,33.922697368421055,32.608695652173914,34,21.09020116807268,32.142857142857146,50.0,85.71428571428571,0.9230769230769231,2,3,1,81.88968202465931
S45G01N4,2024-2025,20241020,407,home,6,9,0,19,4,23,5,26,14,17,5,0,0,8,4,5,10,43,19,10,6,47,51,11,1,10,1541,0,0,0,11,26.799748597726264,50.51590713671539,50.0,56,17.692852087756545,20.0,50.0,47.36842105263158,0.9,2,3,17,81.88968202465931,35,12,2,16,9,25,3,29,12,17,2,0,0,6,3,1,2,46,14,13,9,33,52,7,0,13,1541,0,0,0,13,-26.799748597726264,33.922697368421055,32.608695652173914,34,21.09020116807268,32.142857142857146,50.0,85.71428571428571,0.9230769230769231,2,3,1,81.88968202465931
S45G01N4,2024-2025,20241020,408,home,6,9,0,19,4,23,5,26,14,17,5,0,0,8,4,5,10,43,19,10,6,47,51,11,1,10,1541,0,0,0,11,26.799748597726264,50.51590713671539,50.0,56,17.692852087756545,20.0,50.0,47.36842105263158,0.9,2,3,17,81.88968202465931,35,12,2,16,9,25,3,29,12,17,2,0,0,6,3,1,2,46,14,13,9,33,52,7,0,13,1541,0,0,0,13,-26.799748597726264,33.922697368421055,32.608695652173914,34,21.09020116807268,32.142857142857146,50.0,85.71428571428571,0.9230769230769231,2,3,1,81.88968202465931
S45G01N4,2024-2025,20241020,409,home,6,9,0,19,4,23,5,26,14,17,5,0,0,8,4,5,10,43,19,10,6,47,51,11,1,10,1541,0,0,0,11,25.435460478399577,50.51590713671539,50.0,56,17.692852087756545,20.0,50.0,47.36842105263158,0.9,3,3,17,82.23231667748215,35,12,2,16,9,25,3,29,12,17,2,0,0,7,4,1,2,46,14,13,9,34,53,7,0,13,1541,0,0,0,13,-25.435460478399577,34.63732681336593,32.608695652173914,35,20.940721649484537,32.142857142857146,57.142857142857146,85.71428571428571,0.9230769230769231,3,3,1,82.23231667748215
S45G01N4,2024-2025,20241020,410,home,6,9,0,19,4,23,5,26,14,18,5,0,0,8,4,5,10,44,19,10,6,47,52,11,1,10,1556,0,0,0,11,23.763380541878846,49.45286195286195,48.86363636363637,55,17.385257301808064,20.0,50.0,47.36842105263158,0.9,3,3,17,82.21079691516708,35,12,2,16,9,25,3,29,12,17,2,0,0,7,4,1,2,46,14,13,9,34,53,7,0,13,1556,0,0,0,13,-23.763380541878846,34.63732681336593,32.608695652173914,35,20.940721649484537,32.142857142857146,57.142857142857146,85.71428571428571,0.9230769230769231,3,3,1,82.21079691516708
S45G01N4,2024-2025,20241020,411,home,6,9,0,19,4,23,5,26,14,18,5,0,0,8,4,5,10,44,19,10,6,47,52,11,1,10,1559,0,0,0,11,23.763380541878846,49.45286195286195,48.86363636363637,55,17.385257301808064,19.047619047619047,50.0,47.36842105263158,0.9,3,3,17,82.05259781911482,35,12,2,17,9,26,3,29,12,17,2,0,0,7,4,1,2,46,14,13,9,34,53,7,0,13,1559,0,0,0,13,-23.763380541878846,34.63732681336593,32.608695652173914,36,20.940721649484537,32.142857142857146,57.142857142857146,85.71428571428571,0.9230769230769231,3,3,1,82.05259781911482
S45G01N4,2024-2025,20241020,412,home,6,9,0,19,4,23,5,26,14,18,5,0,0,8,4,5,10,44,19,11,7,47,52,11,1,10,1564,0,0,0,11,23.763380541878846,49.45286195286195,48.86363636363637,55,17.385257301808064,19.047619047619047,50.0,47.36842105263158,0.9,3,3,17,81.79028132992327,35,12,2,17,9,26,3,29,12,17,2,0,0,7,4,1,2,46,14,13,9,34,53,7,0,13,1564,0,0,0,13,-23.763380541878846,34.63732681336593,32.608695652173914,36,20.940721649484537,32.142857142857146,57.142857142857146,85.71428571428571,0.9230769230769231,3,3,1,81.79028132992327
S45G01N4,2024-2025,20241020,413,home,6,9,0,19,4,23,5,26,14,18,5,0,0,8,4,5,10,44,19,11,7,47,52,11,1,10,1564,0,0,0,11,23.763380541878846,49.45286195286195,48.86363636363637,55,17.385257301808064,19.047619047619047,50.0,47.36842105263158,0.9,3,3,17,81.79028132992327,35,12,2,17,9,26,3,29,12,17,2,0,0,7,4,1,2,46,14,13,9,34,53,7,0,13,1564,0,0,0,13,-23.763380541878846,34.63732681336593,32.608695652173914,36,20.940721649484537,32.142857142857146,57.142857142857146,85.71428571428571,0.9230769230769231,3,3,1,81.79028132992327
S45G01N4,2024-2025,20241020,414,home,6,9,0,19,4,23,5,26,14,18,5,0,0,8,4,5,10,44,19,12,8,47,52,11,1,10,1571,0,0,0,11,23.763380541878846,49.45286195286195,48.86363636363637,55,17.385257301808064,19.047619047619047,50.0,47.36842105263158,0.9,3,3,17,81.42584341183958,35,12,2,17,9,26,3,29,12,17,2,0,0,7,4,1,2,46,14,13,9,34,53,7,0,13,1571,0,0,0,13,-23.763380541878846,34.63732681336593,32.608695652173914,36,20.940721649484537,32.142857142857146,57.142857142857146,85.71428571428571,0.9230769230769231,3,3,1,81.42584341183958
S45G01N4,2024-2025,20241020,415,home,6,9,0,19,4,23,5,26,14,18,5,0,0,8,4,5,10,44,19,12,8,47,52,11,1,10,1571,0,0,0,11,23.763380541878846,49.45286195286195,48.86363636363637,55,17.385257301808064,19.047619047619047,50.0,47.36842105263158,0.9,3,3,17,81.42584341183958,35,12,2,17,9,26,3,29,12,17,2,0,0,7,4,1,2,46,14,13,9,34,53,7,0,13,1571,0,0,0,13,-23.763380541878846,34.63732681336593,32.608695652173914,36,20.940721649484537,32.142857142857146,57.142857142857146,85.71428571428571,0.9230769230769231,3,3,1,81.42584341183958
S45G01N4,2024-2025,20241020,416,home,6,9,0,19,4,23,5,26,14,18,5,0,0,8,4,5,10,44,19,12,8,47,52,11,1,10,1571,0,0,0,11,23.763380541878846,49.45286195286195,48.86363636363637,55,17.385257301808064,19.047619047619047,50.0,47.36842105263158,0.9,3,3,17,81.42584341183958,35,12,2,17,9,26,3,29,12,17,2,0,0,7,4,1,2,46,14,13,9,34,53,7,0,13,1571,0,0,0,13,-23.763380541878846,34.63732681336593,32.608695652173914,36,20.940721649484537,32.142857142857146,57.142857142857146,85.71428571428571,0.9230769230769231,3,3,1,81.42584341183958
S45G01N4,2024-2025,20241020,417,home,6,9,0,19,4,23,5,26,14,18,5,0,0,8,4,5,10,44,19,12,8,47,52,11,1,10,1571,0,0,0,11,23.763380541878846,49.45286195286195,48.86363636363637,55,17.385257301808064,19.047619047619047,50.0,47.36842105263158,0.9,3,3,17,81.42584341183958,35,12,2,17,9,26,3,29,12,17,2,0,0,7,4,1,2,46,14,13,9,34,53,7,0,13,1571,0,0,0,13,-23.763380541878846,34.63732681336593,32.608695652173914,36,20.940721649484537,32.142857142857146,57.142857142857146,85.71428571428571,0.9230769230769231,3,3,1,81.42584341183958
S45G01N4,2024-2025,20241020,418,home,6,9,0,19,4,23,5,26,14,18,5,0,0,8,4,5,10,44,19,12,8,47,52,11,1,10,1586,0,0,0,11,21.249590928790653,49.45286195286195,48.86363636363637,55,17.385257301808064,19.047619047619047,50.0,47.36842105263158,0.9,5,3,17,81.41235813366961,35,12,2,17,9,26,3,30,13,17,2,0,0,7,4,1,2,47,15,13,9,36,54,7,0,13,1586,0,0,0,13,-21.249590928790653,35.94249201277955,34.04255319148936,38,20.608750792644262,32.142857142857146,57.142857142857146,80.0,0.9230769230769231,5,3,1,81.41235813366961
S45G01N4,2024-2025,20241020,419,home,6,9,0,19,4,23,5,26,14,18,5,0,0,8,4,5,10,44,19,12,8,47,52,11,1,10,1586,0,0,0,11,21.249590928790653,49.45286195286195,48.86363636363637,55,17.385257301808064,19.047619047619047,50.0,47.36842105263158,0.9,5,3,17,81.41235813366961,35,13,2,17,9,26,3,30,13,17,2,0,0,7,4,1,2,47,15,13,9,36,54,7,0,13,1586,0,0,0,13,-21.249590928790653,35.94249201277955,34.04255319148936,39,20.608750792644262,32.142857142857146,57.142857142857146,86.66666666666667,1.0,5,3,1,81.41235813366961
S45G01N4,2024-2025,20241020,420,home,6,9,0,19,4,23,5,27,15,18,5,0,0,8,4,5,10,45,20,12,8,49,53,11,1,10,1600,0,0,0,11,23.30722779111514,50.49464138499587,50.0,57,17.088174982911823,19.047619047619047,50.0,45.0,0.9,2,3,17,81.44999999999999,35,13,2,17,9,26,3,30,13,17,2,0,0,7,4,1,2,47,15,13,9,36,54,7,0,13,1600,0,0,0,13,-23.30722779111514,35.94249201277955,34.04255319148936,39,20.608750792644262,32.142857142857146,57.142857142857146,86.66666666666667,1.0,2,3,1,81.44999999999999
S45G01N4,2024-2025,20241020,421,home,6,10,0,19,4,23,5,27,15,18,5,0,0,8,4,5,10,45,20,12,8,49,53,11,1,10,1600,0,0,0,11,23.30722779111514,50.49464138499587,50.0,58,17.088174982911823,19.047619047619047,50.0,50.0,1.0,2,3,17,81.44999999999999,35,13,2,17,9,26,3,30,13,17,2,0,0,7,4,1,2,47,15,13,9,36,54,7,0,13,1600,0,0,0,13,-23.30722779111514,35.94249201277955,34.04255319148936,39,20.608750792644262,32.142857142857146,57.142857142857146,86.66666666666667,1.0,2,3,1,81.44999999999999
S45G01N4,2024-2025,20241020,422,home,6,10,0,19,4,23,5,27,15,18,5,0,0,8,4,5,10,45,20,12,8,49,53,11,1,10,1612,0,0,0,11,24.51579800421024,50.49464138499587,50.0,58,17.088174982911823,19.047619047619047,50.0,50.0,1.0,2,3,17,81.58808933002481,35,13,2,17,9,26,3,30,13,18,2,0,0,7,4,1,2,48,15,13,9,36,55,7,0,13,1612,0,0,0,13,-24.51579800421024,35.23884103367267,33.333333333333336,38,20.287141073657928,32.142857142857146,57.142857142857146,86.66666666666667,1.0,2,3,1,81.58808933002481
S45G01N4,2024-2025,20241020,423,home,6,10,0,20,4,24,5,27,15,18,5,0,0,8,4,5,10,45,20,12,8,49,53,11,1,10,1613,0,0,0,11,24.51579800421024,50.49464138499587,50.0,59,17.088174982911823,19.047619047619047,50.0,50.0,1.0,2,3,17,81.53750774953502,35,13,2,17,9,26,3,30,13,18,2,0,0,7,4,1,2,48,15,13,9,36,55,7,0,13,1613,0,0,0,13,-24.51579800421024,35.23884103367267,33.333333333333336,38,20.287141073657928,31.03448275862069,57.142857142857146,86.66666666666667,1.0,2,3,1,81.53750774953502
S45G01N4,2024-2025,20241020,424,home,6,10,0,20,4,24,5,28,16,18,5,0,0,8,4,5,10,46,21,12,8,51,54,11,1,10,1620,0,0,0,11,26.49931250117723,51.49434571890145,51.08695652173913,61,16.801075268817204,19.047619047619047,50.0,47.61904761904762,1.0,4,3,17,81.92592592592592,35,13,2,17,9,26,3,30,13,18,2,0,0,7,4,1,2,48,15,13,9,36,55,7,0,13,1620,0,0,0,13,-26.49931250117723,35.23884103367267,33.333333333333336,38,20.287141073657928,31.03448275862069,57.142857142857146,86.66666666666667,1.0,4,3,1,81.92592592592592
S45G01N4,2024-2025,20241020,425,home,6,10,0,20,4,24,5,28,16,18,5,0,0,8,4,5,10,46,21,12,8,51,54,11,1,10,1638,0,0,0,11,24.098447257314575,51.49434571890145,51.08695652173913,61,16.801075268817204,19.047619047619047,50.0,47.61904761904762,1.0,2,3,17,81.75824175824175,35,13,2,17,9,26,3,31,14,18,2,0,0,7,4,1,2,49,16,13,9,38,56,7,0,13,1638,0,0,0,13,-24.098447257314575,36.48233486943165,34.69387755102041,40,19.97541487400123,31.03448275862069,57.142857142857146,81.25,1.0,2,3,1,81.75824175824175
S45G01N4,2024-2025,20241020,426,home,6,10,0,20,4,24,5,28,16,18,5,0,0,8,4,5,10,46,21,12,8,51,54,11,1,10,1638,0,0,0,11,24.098447257314575,51.49434571890145,51.08695652173913,61,16.801075268817204,19.047619047619047,50.0,47.61904761904762,1.0,2,3,17,81.75824175824175,35,14,2,17,9,26,3,31,14,18,2,0,0,7,4,1,2,49,16,13,9,38,56,7,0,13,1638,0,0,0,13,-24.098447257314575,36.48233486943165,34.69387755102041,41,19.97541487400123,31.03448275862069,57.142857142857146,87.5,1.0769230769230769,2,3,1,81.75824175824175
S45G01N4,2024-2025,20241020,427,home,6,10,0,20,4,24,5,28,16,19,5,0,0,8,4,5,10,47,21,12,8,51,55,11,1,10,1653,0,0,0,11,22.47320327951273,50.4750593824228,50.0,60,16.523463317911432,19.047619047619047,50.0,47.61904761904762,1.0,2,3,17,81.74228675136116,35,14,2,17,9,26,3,31,14,18,2,0,0,7,4,1,2,49,16,13,9,38,56,7,0,13,1653,0,0,0,13,-22.47320327951273,36.48233486943165,34.69387755102041,41,19.97541487400123,31.03448275862069,57.142857142857146,87.5,1.0769230769230769,2,3,1,81.74228675136116
S45G01N4,2024-2025,20241020,428,home,6,10,0,20,4,24,6,28,16,19,5,0,0,8,4,5,10,47,21,12,8,51,55,11,1,10,1654,0,0,0,11,22.47320327951273,50.4750593824228,50.0,61,16.523463317911432,19.047619047619047,50.0,47.61904761904762,1.0,2,3,17,81.69286577992744,35,14,2,17,9,26,3,31,14,18,2,0,0,7,4,1,2,49,16,13,9,38,56,7,0,13,1654,0,0,0,13,-22.47320327951273,36.48233486943165,34.69387755102041,41,19.97541487400123,31.03448275862069,57.142857142857146,87.5,1.0769230769230769,2,3,1,81.69286577992744
S45G01N4,2024-2025,20241020,429,home,6,10,0,20,4,24,6,28,16,19,5,0,0,8,4,5,10,47,21,12,8,51,55,11,1,10,1654,0,0,0,11,22.47320327951273,50.4750593824228,50.0,61,16.523463317911432,19.047619047619047,50.0,47.61904761904762,1.0,2,3,17,81.69286577992744,35,14,2,17,9,26,3,31,14,18,2,0,0,7,4,1,2,49,16,13,9,38,56,7,0,13,1654,0,0,0,13,-22.47320327951273,36.48233486943165,34.69387755102041,41,19.97541487400123,31.03448275862069,57.142857142857146,87.5,1.0769230769230769,2,3,1,81.69286577992744
S45G01N4,2024-2025,20241020,430,home,6,10,0,20,4,24,6,28,16,19,5,0,0,8,4,5,10,47,21,12,8,51,55,11,1,10,1654,0,0,0,11,22.47320327951273,50.4750593824228,50.0,61,16.523463317911432,19.047619047619047,50.0,47.61904761904762,1.0,2,3,17,81.69286577992744,35,14,2,17,9,26,3,31,14,18,2,0,0,7,4,1,2,49,16,13,9,38,56,7,0,13,1654,0,0,0,13,-22.47320327951273,36.48233486943165,34.69387755102041,41,19.97541487400123,31.03448275862069,57.142857142857146,87.5,1.0769230769230769,2,3,1,81.69286577992744
S45G01N4,2024-2025,20241020,431,home,6,10,0,20,4,24,6,29,16,19,5,0,0,8,4,5,10,48,21,12,8,51,56,11,1,10,1659,0,0,0,11,20.90446987117548,49.49534161490683,48.958333333333336,60,16.25487646293888,19.047619047619047,50.0,47.61904761904762,1.0,2,3,17,82.16998191681735,35,14,2,17,9,26,3,31,14,18,2,0,0,7,4,1,2,49,16,13,9,38,56,7,0,13,1659,0,0,0,13,-20.90446987117548,36.48233486943165,34.69387755102041,41,19.97541487400123,31.03448275862069,57.142857142857146,87.5,1.0769230769230769,2,3,1,82.16998191681735
S45G01N4,2024-2025,20241020,432,home,6,10,0,20,4,24,6,29,16,19,5,0,0,8,4,5,10,48,21,12,8,51,56,11,1,10,1660,0,0,0,11,20.90446987117548,49.49534161490683,48.958333333333336,60,16.25487646293888,18.181818181818183,50.0,47.61904761904762,1.0,2,3,17,82.12048192771084,35,14,2,18,9,27,3,31,14,18,2,0,0,7,4,1,2,49,16,13,9,38,56,7,0,13,1660,0,0,0,13,-20.90446987117548,36.48233486943165,34.69387755102041,42,19.97541487400123,31.03448275862069,57.142857142857146,87.5,1.0769230769230769,2,3,1,82.12048192771084
S45G01N4,2024-2025,20241020,433,home,6,10,0,20,4,24,6,29,16,19,5,0,0,8,4,5,10,48,21,13,8,51,56,11,1,10,1664,0,0,0,11,20.90446987117548,49.49534161490683,48.958333333333336,60,16.25487646293888,18.181818181818183,50.0,47.61904761904762,1.0,2,3,17,81.92307692307692,35,14,2,18,9,27,3,31,14,18,2,0,0,7,4,1,2,49,16,13,9,38,56,7,0,13,1664,0,0,0,13,-20.90446987117548,36.48233486943165,34.69387755102041,42,19.97541487400123,31.03448275862069,57.142857142857146,87.5,1.0769230769230769,2,3,1,81.92307692307692
S45G01N4,2024-2025,20241020,434,home,6,10,0,20,4,24,6,29,16,19,5,0,0,8,4,5,10,48,21,13,8,51,56,11,1,10,1664,0,0,0,11,20.90446987117548,49.49534161490683,48.958333333333336,60,16.25487646293888,18.181818181818183,50.0,47.61904761904762,1.0,2,3,17,81.92307692307692,35,14,2,18,9,27,3,31,14,18,2,0,0,7,4,1,2,49,16,13,9,38,56,7,0,13,1664,0,0,0,13,-20.90446987117548,36.48233486943165,34.69387755102041,42,19.97541487400123,31.03448275862069,57.142857142857146,87.5,1.0769230769230769,2,3,1,81.92307692307692
S45G01N4,2024-2025,20241020,435,home,6,10,0,20,4,24,6,29,16,19,5,0,0,8,4,5,10,48,21,13,8,51,56,11,1,10,1664,0,0,0,11,20.90446987117548,49.49534161490683,48.958333333333336,60,16.25487646293888,18.181818181818183,50.0,47.61904761904762,1.0,2,3,17,81.92307692307692,35,14,2,18,9,27,3,31,14,18,2,0,0,7,4,1,2,49,16,13,9,38,56,7,0,13,1664,0,0,0,13,-20.90446987117548,36.48233486943165,34.69387755102041,42,19.97541487400123,31.03448275862069,57.142857142857146,87.5,1.0769230769230769,2,3,1,81.92307692307692
S45G01N4,2024-2025,20241020,436,home,6,10,0,20,4,24,6,29,16,19,5,0,0,8,4,5,10,48,21,13,8,51,56,11,1,10,1664,0,0,0,11,20.90446987117548,49.49534161490683,48.958333333333336,60,16.25487646293888,18.181818181818183,50.0,47.61904761904762,1.0,2,3,17,81.92307692307692,35,14,2,18,9,27,3,31,14,18,2,0,0,7,4,1,2,49,16,13,9,38,56,7,0,13,1664,0,0,0,13,-20.90446987117548,36.48233486943165,34.69387755102041,42,19.97541487400123,31.03448275862069,57.142857142857146,87.5,1.0769230769230769,2,3,1,81.92307692307692
S45G01N4,2024-2025,20241020,437,home,6,10,0,20,4,24,6,29,16,19,5,0,0,8,4,5,10,48,21,13,8,51,56,11,1,10,1664,0,0,0,11,19.66268909697061,49.49534161490683,48.958333333333336,60,16.25487646293888,18.181818181818183,50.0,47.61904761904762,1.0,3,3,17,82.24038461538463,35,14,2,18,9,27,3,31,14,18,2,0,0,8,5,1,2,49,16,13,9,39,57,7,0,13,1664,0,0,0,13,-19.66268909697061,37.12871287128713,34.69387755102041,43,19.84126984126984,31.03448275862069,62.5,87.5,1.0769230769230769,3,3,1,82.24038461538463
S45G01N4,2024-2025,20241020,438,home,6,10,0,20,4,24,6,29,16,19,5,0,0,8,4,5,10,48,21,13,8,51,56,11,1,10,1664,0,0,0,11,19.66268909697061,49.49534161490683,48.958333333333336,60,16.25487646293888,18.181818181818183,50.0,47.61904761904762,1.0,3,3,17,82.24038461538463,35,15,2,18,9,27,3,31,14,18,2,0,0,8,5,1,2,49,16,13,9,39,57,7,0,13,1664,0,0,0,13,-19.66268909697061,37.12871287128713,34.69387755102041,44,19.84126984126984,31.03448275862069,62.5,93.75,1.1538461538461537,3,3,1,82.24038461538463
S45G01N4,2024-2025,20241020,439,home,6,10,0,20,4,24,6,29,16,19,5,0,0,8,4,5,10,48,21,13,8,51,56,11,1,10,1664,0,0,0,11,18.440093138097552,49.49534161490683,48.958333333333336,60,16.25487646293888,18.181818181818183,50.0,47.61904761904762,1.0,4,3,17,82.55769230769232,35,15,2,18,9,27,3,31,14,18,2,0,0,9,6,1,2,49,16,13,9,40,58,7,0,13,1664,0,0,0,13,-18.440093138097552,37.764350453172206,34.69387755102041,45,19.708914493632502,31.03448275862069,66.66666666666667,93.75,1.1538461538461537,4,3,1,82.55769230769232
S45G01N4,2024-2025,20241020,440,home,6,10,0,20,4,24,6,29,16,19,5,0,0,8,4,5,10,48,21,13,8,51,56,11,1,11,1675,0,0,0,12,16.924973311726717,49.49534161490683,48.958333333333336,59,17.59436980166347,18.181818181818183,50.0,47.61904761904762,0.9090909090909091,4,3,17,82.73194029850747,35,15,2,18,9,27,3,31,14,18,2,0,0,9,6,1,2,49,16,13,9,40,58,7,0,13,1675,0,0,0,13,-16.924973311726717,37.764350453172206,34.69387755102041,45,19.708914493632502,31.03448275862069,66.66666666666667,93.75,1.1538461538461537,4,3,1,82.73194029850747
S45G01N4,2024-2025,20241020,441,home,6,10,0,20,4,24,6,29,16,19,5,0,0,8,4,5,10,48,21,13,8,51,56,11,1,11,1692,0,0,0,12,18.13657992147695,49.49534161490683,48.958333333333336,59,17.59436980166347,18.181818181818183,50.0,47.61904761904762,0.9090909090909091,4,3,17,82.6099290780142,35,15,2,18,9,27,3,32,14,18,2,0,0,9,6,1,2,50,16,13,9,40,59,7,0,13,1692,0,0,0,13,-18.13657992147695,37.064492216456635,34.0,44,19.414575866188766,31.03448275862069,66.66666666666667,93.75,1.1538461538461537,4,3,1,82.6099290780142
S45G01N4,2024-2025,20241020,442,home,6,10,0,21,4,25,6,29,16,19,5,0,0,8,4,5,10,48,21,13,8,51,56,11,1,11,1694,0,0,0,12,18.13657992147695,49.49534161490683,48.958333333333336,60,17.59436980166347,18.181818181818183,50.0,47.61904761904762,0.9090909090909091,4,3,17,82.51239669421489,35,15,2,18,9,27,3,32,14,18,2,0,0,9,6,1,2,50,16,13,9,40,59,7,0,13,1694,0,0,0,13,-18.13657992147695,37.064492216456635,34.0,44,19.414575866188766,30.0,66.66666666666667,93.75,1.1538461538461537,4,3,1,82.51239669421489
S45G01N4,2024-2025,20241020,443,home,6,10,0,21,4,25,6,30,17,19,5,0,0,8,4,5,10,49,22,13,8,53,57,11,1,11,1709,0,0,0,12,20.032586433357835,50.456968773800455,50.0,62,17.317380352644836,18.181818181818183,50.0,45.45454545454545,0.9090909090909091,2,3,17,82.49034523112933,35,15,2,18,9,27,3,32,14,18,2,0,0,9,6,1,2,50,16,13,9,40,59,7,0,13,1709,0,0,0,13,-20.032586433357835,37.064492216456635,34.0,44,19.414575866188766,30.0,66.66666666666667,93.75,1.1538461538461537,2,3,1,82.49034523112933
S45G01N4,2024-2025,20241020,444,home,6,11,0,21,4,25,6,30,17,19,5,0,0,8,4,5,10,49,22,13,8,53,57,11,1,11,1709,0,0,0,12,20.032586433357835,50.456968773800455,50.0,63,17.317380352644836,18.181818181818183,50.0,50.0,1.0,2,3,17,82.49034523112933,35,15,2,18,9,27,3,32,14,18,2,0,0,9,6,1,2,50,16,13,9,40,59,7,0,13,1709,0,0,0,13,-20.032586433357835,37.064492216456635,34.0,44,19.414575866188766,30.0,66.66666666666667,93.75,1.1538461538461537,2,3,1,82.49034523112933
S45G01N4,2024-2025,20241020,445,home,6,11,0,21,4,25,6,30,17,19,5,0,0,8,4,5,10,49,22,13,8,53,57,11,1,11,1726,0,0,0,12,21.203093768693208,50.456968773800455,50.0,63,17.317380352644836,18.181818181818183,50.0,50.0,1.0,2,3,17,82.37311703360372,35,15,2,18,9,27,3,32,14,18,2,0,0,9,6,1,2,50,16,13,9,40,59,7,0,14,1726,0,0,0,14,-21.203093768693208,37.064492216456635,34.0,43,20.600353148911122,30.0,66.66666666666667,93.75,1.0714285714285714,2,3,1,82.37311703360372
S45G01N4,2024-2025,20241020,446,home,6,11,0,21,4,25,6,30,17,19,5,0,0,8,4,5,10,49,22,13,8,53,57,11,1,11,1726,0,0,0,12,21.203093768693208,50.456968773800455,50.0,63,17.317380352644836,18.181818181818183,50.0,50.0,1.0,2,3,17,82.37311703360372,35,15,2,18,9,27,3,32,14,18,2,0,0,9,6,1,2,50,16,13,9,40,59,7,0,14,1726,0,0,0,14,-21.203093768693208,37.064492216456635,34.0,43,20.600353148911122,30.0,66.66666666666667,93.75,1.0714285714285714,2,3,1,82.37311703360372
S45G01N4,2024-2025,20241020,447,home,6,11,0,21,4,25,6,30,17,19,5,0,0,8,4,5,10,49,22,13,8,53,57,11,1,11,1726,0,0,0,12,21.203093768693208,50.456968773800455,50.0,63,17.317380352644836,18.181818181818183,50.0,50.0,1.0,2,3,17,82.37311703360372,35,15,2,18,9,27,3,32,14,18,2,0,0,9,6,1,2,50,16,13,9,40,59,7,0,14,1726,0,0,0,14,-21.203093768693208,37.064492216456635,34.0,43,20.600353148911122,30.0,66.66666666666667,93.75,1.0714285714285714,2,3,1,82.37311703360372
S45G01N4,2024-2025,20241020,448,home,6,11,0,21,4,25,6,31,17,19,5,0,0,8,4,5,10,50,22,13,8,53,58,11,1,11,1747,0,0,0,12,19.73175042889261,49.51420029895366,49.0,62,17.048977061376316,18.181818181818183,50.0,50.0,1.0,2,3,17,82.06983400114484,35,15,2,18,9,27,3,32,14,18,2,0,0,9,6,1,2,50,16,13,9,40,59,7,0,14,1747,0,0,0,14,-19.73175042889261,37.064492216456635,34.0,43,20.600353148911122,30.0,66.66666666666667,93.75,1.0714285714285714,2,3,1,82.06983400114484
S45G01N4,2024-2025,20241020,449,home,6,11,0,21,4,25,6,31,17,19,5,0,0,8,4,5,10,50,22,13,8,53,58,11,1,11,1749,0,0,0,12,19.73175042889261,49.51420029895366,49.0,62,17.048977061376316,17.391304347826086,50.0,50.0,1.0,2,3,17,81.97598627787308,35,15,2,19,9,28,3,32,14,18,2,0,0,9,6,1,2,50,16,13,9,40,59,7,0,14,1749,0,0,0,14,-19.73175042889261,37.064492216456635,34.0,44,20.600353148911122,30.0,66.66666666666667,93.75,1.0714285714285714,2,3,1,81.97598627787308
S45G01N4,2024-2025,20241020,450,home,6,11,0,21,4,25,6,31,17,19,5,0,0,8,4,5,10,50,22,13,8,53,58,11,1,11,1763,0,0,0,12,20.863214824423594,49.51420029895366,49.0,62,17.048977061376316,17.391304347826086,50.0,50.0,1.0,2,3,17,82.00567214974477,35,15,2,19,9,28,3,32,14,19,2,0,0,9,6,1,2,51,16,13,9,40,60,7,0,14,1763,0,0,0,14,-20.863214824423594,36.3901018922853,33.333333333333336,43,20.301624129930392,30.0,66.66666666666667,93.75,1.0714285714285714,2,3,1,82.00567214974477
S45G01N4,2024-2025,20241020,451,home,6,11,0,21,4,25,6,31,17,19,5,0,0,8,4,5,10,50,22,13,8,53,58,11,1,11,1763,0,0,0,12,19.73175042889261,49.51420029895366,49.0,62,17.048977061376316,17.391304347826086,50.0,50.0,1.0,2,3,17,81.32501418037437,35,15,2,19,10,29,3,32,14,19,2,0,0,9,6,1,2,51,16,13,9,40,60,7,0,14,1763,0,0,0,14,-19.73175042889261,36.3901018922853,33.333333333333336,44,20.301624129930392,32.25806451612903,66.66666666666667,93.75,1.0714285714285714,2,3,1,81.32501418037437
S45G01N4,2024-2025,20241020,452,home,6,11,0,21,4,25,6,31,17,19,5,0,0,8,4,5,10,50,22,14,8,53,58,11,1,11,1763,0,0,0,12,19.73175042889261,49.51420029895366,49.0,62,17.048977061376316,17.391304347826086,50.0,50.0,1.0,2,3,17,81.32501418037437,35,15,2,19,10,29,3,32,14,19,2,0,0,9,6,1,2,51,16,13,9,40,60,7,0,14,1763,0,0,0,14,-19.73175042889261,36.3901018922853,33.333333333333336,44,20.301624129930392,32.25806451612903,66.66666666666667,93.75,1.0714285714285714,2,3,1,81.32501418037437
S45G01N4,2024-2025,20241020,453,home,6,11,0,21,4,25,6,31,17,19,5,0,0,8,4,5,10,50,22,14,8,53,58,11,1,11,1763,0,0,0,12,18.550786561361576,49.51420029895366,49.0,62,17.048977061376316,17.391304347826086,50.0,50.0,1.0,1,3,17,81.62450368689734,35,15,2,19,10,29,3,32,14,19,2,0,0,10,7,1,2,51,16,13,9,41,61,7,0,14,1763,0,0,0,14,-18.550786561361576,37.00361010830325,33.333333333333336,45,20.172910662824204,32.25806451612903,70.0,93.75,1.0714285714285714,1,3,1,81.62450368689734
S45G01N4,2024-2025,20241020,454,home,6,11,0,21,4,25,6,31,17,19,5,0,0,8,4,5,10,50,22,14,8,53,58,11,1,11,1763,0,0,0,12,19.058312804181924,49.51420029895366,49.0,62,17.048977061376316,17.391304347826086,50.0,50.0,1.0,1,3,17,81.92399319342032,35,15,2,19,10,29,3,32,14,19,2,0,0,11,7,1,2,51,16,13,9,41,62,7,0,14,1763,0,0,0,14,-19.058312804181924,36.712034383954155,33.333333333333336,44,20.04581901489118,32.25806451612903,63.63636363636363,93.75,1.0714285714285714,1,3,1,81.92399319342032
S45G01N4,2024-2025,20241020,455,home,6,11,0,22,4,26,6,31,17,19,5,0,0,8,4,5,10,50,22,14,8,53,58,11,1,11,1764,0,0,0,12,19.058312804181924,49.51420029895366,49.0,63,17.048977061376316,17.391304347826086,50.0,50.0,1.0,1,3,17,81.87755102040818,35,15,2,19,10,29,3,32,14,19,2,0,0,11,7,1,2,51,16,13,9,41,62,7,0,14,1764,0,0,0,14,-19.058312804181924,36.712034383954155,33.333333333333336,44,20.04581901489118,31.25,63.63636363636363,93.75,1.0714285714285714,1,3,1,81.87755102040818
S45G01N4,2024-2025,20241020,456,home,6,11,0,22,4,26,6,31,17,19,5,0,0,8,4,5,10,50,22,14,8,53,58,11,1,12,1779,0,0,0,13,17.634802472827403,49.51420029895366,49.0,62,18.315018315018314,17.391304347826086,50.0,50.0,0.9166666666666666,1,3,17,81.86172006745365,35,15,2,19,10,29,3,32,14,19,2,0,0,11,7,1,2,51,16,13,9,41,62,7,0,14,1779,0,0,0,14,-17.634802472827403,36.712034383954155,33.333333333333336,44,20.04581901489118,31.25,63.63636363636363,93.75,1.0714285714285714,1,3,1,81.86172006745365
S45G01N4,2024-2025,20241020,457,home,6,11,0,22,4,26,6,31,17,19,5,0,0,8,4,5,10,50,22,14,8,53,58,11,1,12,1780,0,0,0,13,17.634802472827403,49.51420029895366,49.0,62,18.315018315018314,17.391304347826086,50.0,50.0,0.9166666666666666,1,3,17,81.81573033707866,35,15,2,19,10,29,3,32,14,19,2,0,0,11,7,1,2,51,16,13,9,41,62,8,0,14,1780,0,0,0,14,-17.634802472827403,36.712034383954155,33.333333333333336,45,20.04581901489118,31.25,63.63636363636363,93.75,1.0714285714285714,1,3,1,81.81573033707866
S45G01N4,2024-2025,20241020,458,home,6,11,0,22,4,26,6,31,17,19,5,0,0,8,4,5,10,50,22,14,8,53,58,11,1,12,1782,0,0,0,13,15.47365919177463,49.51420029895366,49.0,62,18.315018315018314,17.391304347826086,50.0,50.0,0.9166666666666666,3,3,17,82.39730639730641,35,15,2,19,10,29,3,33,15,19,2,0,0,11,7,1,2,52,17,13,9,43,63,8,0,14,1782,0,0,0,14,-15.47365919177463,37.82547501759324,34.61538461538461,47,19.76284584980237,31.25,63.63636363636363,88.23529411764706,1.0714285714285714,3,3,1,82.39730639730641
S45G01N4,2024-2025,20241020,459,home,6,11,0,22,4,26,6,31,17,19,5,0,0,8,4,5,10,50,22,14,8,53,58,11,1,12,1782,0,0,0,13,15.47365919177463,49.51420029895366,49.0,62,18.315018315018314,17.391304347826086,50.0,50.0,0.9166666666666666,3,3,17,82.39730639730641,35,16,2,19,10,29,3,33,15,19,2,0,0,11,7,1,2,52,17,13,9,43,63,8,0,14,1782,0,0,0,14,-15.47365919177463,37.82547501759324,34.61538461538461,48,19.76284584980237,31.25,63.63636363636363,94.11764705882354,1.1428571428571428,3,3,1,82.39730639730641
S45G01N4,2024-2025,20241020,460,home,6,11,0,22,4,26,6,31,17,19,5,0,0,8,4,5,10,50,22,14,8,53,58,11,1,12,1782,0,0,0,13,15.47365919177463,49.51420029895366,49.0,62,18.315018315018314,17.391304347826086,50.0,50.0,0.9166666666666666,3,3,17,82.39730639730641,35,16,2,19,10,29,3,33,15,19,2,0,0,11,7,2,4,52,17,13,9,43,63,8,0,14,1782,0,0,0,14,-15.47365919177463,37.82547501759324,34.61538461538461,48,19.76284584980237,31.25,63.63636363636363,94.11764705882354,1.1428571428571428,3,3,1,82.39730639730641
S45G01N4,2024-2025,20241020,461,home,6,11,0,22,4,26,6,31,17,19,5,0,0,8,4,5,10,50,22,14,8,53,58,11,1,12,1788,0,0,0,13,15.47365919177463,49.51420029895366,49.0,62,18.315018315018314,17.391304347826086,50.0,50.0,0.9166666666666666,3,3,17,82.12080536912752,35,16,2,19,10,29,3,33,15,19,2,0,0,11,7,2,4,52,17,14,10,43,63,8,0,14,1788,0,0,0,14,-15.47365919177463,37.82547501759324,34.61538461538461,48,19.76284584980237,31.25,63.63636363636363,94.11764705882354,1.1428571428571428,3,3,1,82.12080536912752
S45G01N4,2024-2025,20241020,462,home,6,11,0,22,4,26,6,31,17,19,5,0,0,8,4,5,10,50,22,14,8,53,58,11,1,12,1788,0,0,0,13,15.47365919177463,49.51420029895366,49.0,62,18.315018315018314,17.391304347826086,50.0,50.0,0.9166666666666666,3,3,17,82.12080536912752,35,16,2,19,10,29,3,33,15,19,2,0,0,11,7,2,4,52,17,14,10,43,63,8,0,14,1788,0,0,0,14,-15.47365919177463,37.82547501759324,34.61538461538461,48,19.76284584980237,31.25,63.63636363636363,94.11764705882354,1.1428571428571428,3,3,1,82.12080536912752
S45G01N4,2024-2025,20241020,463,home,6,11,0,22,4,26,6,31,17,19,5,0,0,8,4,5,10,50,22,14,8,53,58,11,1,12,1788,0,0,0,13,15.47365919177463,49.51420029895366,49.0,62,18.315018315018314,17.391304347826086,50.0,50.0,0.9166666666666666,3,3,17,82.12080536912752,35,16,2,19,10,29,3,33,15,19,2,0,0,11,7,2,4,52,17,14,10,43,63,8,0,14,1788,0,0,0,14,-15.47365919177463,37.82547501759324,34.61538461538461,48,19.76284584980237,31.25,63.63636363636363,94.11764705882354,1.1428571428571428,3,3,1,82.12080536912752
S45G01N4,2024-2025,20241020,464,home,6,11,0,22,4,26,6,31,17,19,5,0,0,8,4,5,10,50,22,14,8,53,58,11,1,12,1788,0,0,0,13,15.47365919177463,49.51420029895366,49.0,62,18.315018315018314,17.391304347826086,50.0,50.0,0.9166666666666666,3,3,17,82.12080536912752,35,16,2,19,10,29,3,33,15,19,2,0,0,11,7,2,4,52,17,14,10,43,63,8,0,14,1788,0,0,0,14,-15.47365919177463,37.82547501759324,34.61538461538461,48,19.76284584980237,31.25,63.63636363636363,94.11764705882354,1.1428571428571428,3,3,1,82.12080536912752
S45G01N4,2024-2025,20241020,465,home,6,11,0,22,4,26,6,31,17,20,5,0,0,8,4,5,10,51,22,14,8,53,59,11,1,12,1799,0,0,0,13,14.095686618940718,48.606016140865734,48.03921568627451,61,18.03968731208659,17.391304347826086,50.0,50.0,0.9166666666666666,3,3,17,82.28571428571429,35,16,2,19,10,29,3,33,15,19,2,0,0,11,7,2,4,52,17,14,10,43,63,8,0,14,1799,0,0,0,14,-14.095686618940718,37.82547501759324,34.61538461538461,48,19.76284584980237,31.25,63.63636363636363,94.11764705882354,1.1428571428571428,3,3,1,82.28571428571429
S45G01N4,2024-2025,20241020,466,home,6,11,0,22,5,27,6,31,17,20,5,0,0,8,4,5,10,51,22,14,8,53,59,11,1,12,1799,0,0,0,13,15.47365919177463,48.606016140865734,48.03921568627451,62,18.03968731208659,20.833333333333332,50.0,50.0,0.9166666666666666,3,3,17,81.61867704280156,35,16,2,19,10,29,3,33,15,19,2,0,0,11,7,2,4,52,17,14,10,43,63,8,0,14,1799,0,0,0,14,-15.47365919177463,37.82547501759324,34.61538461538461,48,19.76284584980237,31.25,63.63636363636363,94.11764705882354,1.1428571428571428,3,3,1,81.61867704280156
S45G01N4,2024-2025,20241020,467,home,6,11,0,22,5,27,6,31,17,20,5,0,0,8,4,5,10,51,22,14,8,53,59,11,1,12,1799,0,0,0,13,15.47365919177463,48.606016140865734,48.03921568627451,62,18.03968731208659,20.833333333333332,50.0,50.0,0.9166666666666666,3,3,17,81.61867704280156,35,16,2,19,10,29,3,33,15,19,2,0,0,11,7,2,4,52,17,14,10,43,63,8,0,14,1799,0,0,0,14,-15.47365919177463,37.82547501759324,34.61538461538461,48,19.76284584980237,31.25,63.63636363636363,94.11764705882354,1.1428571428571428,3,3,1,81.61867704280156
S45G01N4,2024-2025,20241020,468,home,6,11,0,22,5,27,6,31,17,20,5,0,0,8,4,5,10,51,22,14,8,53,59,11,1,12,1800,0,0,0,13,15.47365919177463,48.606016140865734,48.03921568627451,62,18.03968731208659,20.833333333333332,50.0,50.0,0.9166666666666666,3,3,17,81.57333333333334,35,16,2,19,10,29,3,33,15,19,2,0,0,11,7,2,4,52,17,14,10,43,63,8,0,14,1800,0,0,0,14,-15.47365919177463,37.82547501759324,34.61538461538461,48,19.76284584980237,31.25,63.63636363636363,94.11764705882354,1.1428571428571428,3,3,1,81.57333333333334
S45G01N4,2024-2025,20241020,469,home,6,11,0,22,5,27,6,31,17,20,5,0,0,8,4,5,10,51,22,14,8,53,59,11,1,12,1800,0,0,0,13,15.47365919177463,48.606016140865734,48.03921568627451,62,18.03968731208659,20.833333333333332,50.0,50.0,0.9166666666666666,3,3,17,81.57333333333334,35,16,2,19,10,29,3,33,15,19,2,0,0,11,7,2,4,52,17,14,10,43,63,8,0,14,1800,0,0,0,14,-15.47365919177463,37.82547501759324,34.61538461538461,48,19.76284584980237,31.25,63.63636363636363,94.11764705882354,1.1428571428571428,3,3,1,81.57333333333334
S45G01N4,2024-2025,20241020,470,home,6,11,0,22,5,27,6,31,17,20,5,0,0,8,4,5,10,51,22,14,8,53,59,11,1,12,1800,0,0,0,13,15.47365919177463,48.606016140865734,48.03921568627451,62,18.03968731208659,20.833333333333332,50.0,50.0,0.9166666666666666,3,3,17,81.57333333333334,35,16,2,19,10,29,3,33,15,19,2,0,0,11,7,2,4,52,17,14,10,43,63,8,0,14,1800,0,0,0,14,-15.47365919177463,37.82547501759324,34.61538461538461,48,19.76284584980237,31.25,63.63636363636363,94.11764705882354,1.1428571428571428,3,3,1,81.57333333333334
S45G01N4,2024-2025,20241020,471,home,6,11,0,22,5,27,6,31,17,20,5,0,0,8,4,5,10,51,22,14,8,53,59,11,1,12,1800,0,0,0,13,15.47365919177463,48.606016140865734,48.03921568627451,62,18.03968731208659,20.833333333333332,50.0,50.0,0.9166666666666666,3,3,17,81.57333333333334,35,16,2,19,10,29,3,33,15,19,2,0,0,11,7,2,4,52,17,14,10,43,63,8,0,14,1800,0,0,0,14,-15.47365919177463,37.82547501759324,34.61538461538461,48,19.76284584980237,31.25,63.63636363636363,94.11764705882354,1.1428571428571428,3,3,1,81.57333333333334
S45G01N4,2024-2025,20241020,472,home,6,11,0,22,5,27,6,31,17,20,5,0,0,8,4,5,10,51,22,14,8,53,59,11,1,12,1800,0,0,0,13,15.47365919177463,48.606016140865734,48.03921568627451,62,18.03968731208659,20.833333333333332,50.0,50.0,0.9166666666666666,3,3,17,81.57333333333334,35,16,2,19,10,29,3,33,15,19,2,0,0,11,7,2,4,52,17,14,10,43,63,8,0,14,1800,0,0,0,14,-15.47365919177463,37.82547501759324,34.61538461538461,48,19.76284584980237,31.25,63.63636363636363,94.11764705882354,1.1428571428571428,3,3,1,81.57333333333334
S45G01N4,2024-2025,20241020,473,home,6,11,0,22,5,27,6,31,17,20,5,0,0,8,4,5,10,51,22,14,8,53,59,11,1,12,1800,0,0,0,13,15.47365919177463,48.606016140865734,48.03921568627451,62,18.03968731208659,20.833333333333332,50.0,50.0,0.9166666666666666,3,3,17,81.57333333333334,35,16,2,19,10,29,3,33,15,19,2,0,0,11,7,2,4,52,17,14,10,43,63,8,0,14,1800,0,0,0,14,-15.47365919177463,37.82547501759324,34.61538461538461,48,19.76284584980237,31.25,63.63636363636363,94.11764705882354,1.1428571428571428,3,3,1,81.57333333333334
S45G01N4,2024-2025,20241020,474,home,6,11,0,22,5,27,6,31,17,20,5,0,0,8,4,5,10,51,22,14,8,53,59,11,1,12,1800,0,0,0,13,15.47365919177463,48.606016140865734,48.03921568627451,62,18.03968731208659,20.833333333333332,50.0,50.0,0.9166666666666666,3,3,17,81.57333333333334,35,16,2,19,10,29,3,33,15,19,2,0,0,11,7,2,4,52,17,14,10,43,63,8,0,14,1800,0,0,0,14,-15.47365919177463,37.82547501759324,34.61538461538461,48,19.76284584980237,31.25,63.63636363636363,94.11764705882354,1.1428571428571428,3,3,1,81.57333333333334
S45G01N4,2024-2025,20241020,475,home,6,11,0,22,5,27,6,31,17,20,5,0,0,8,4,5,10,51,22,14,8,53,59,11,1,12,1800,0,0,0,13,15.47365919177463,48.606016140865734,48.03921568627451,62,18.03968731208659,20.833333333333332,50.0,50.0,0.9166666666666666,3,3,17,81.57333333333334,35,16,2,19,10,29,3,33,15,19,2,0,0,11,7,2,4,52,17,14,10,43,63,8,0,14,1800,0,0,0,14,-15.47365919177463,37.82547501759324,34.61538461538461,48,19.76284584980237,31.25,63.63636363636363,94.11764705882354,1.1428571428571428,3,3,1,81.57333333333334
S45G01N4,2024-2025,20241020,476,home,6,11,0,22,5,27,6,31,17,20,5,0,0,8,4,5,10,51,22,14,8,53,59,11,1,12,1800,0,0,0,13,15.47365919177463,48.606016140865734,48.03921568627451,62,18.03968731208659,20.833333333333332,50.0,50.0,0.9166666666666666,3,3,17,81.57333333333334,35,16,2,19,10,29,3,33,15,19,2,0,0,11,7,2,4,52,17,14,10,43,63,8,0,14,1800,0,0,0,14,-15.47365919177463,37.82547501759324,34.61538461538461,48,19.76284584980237,31.25,63.63636363636363,94.11764705882354,1.1428571428571428,3,3,1,81.57333333333334
S45G01N4,2024-2025,20241020,477,home,6,11,0,22,5,27,6,31,17,20,5,0,0,8,4,5,10,51,22,14,8,53,59,11,1,12,1800,0,0,0,13,15.47365919177463,48.606016140865734,48.03921568627451,62,18.03968731208659,20.833333333333332,50.0,50.0,0.9166666666666666,3,3,17,81.57333333333334,35,16,2,19,10,29,3,33,15,19,2,0,0,11,7,2,4,52,17,14,10,43,63,8,0,14,1800,0,0,0,14,-15.47365919177463,37.82547501759324,34.61538461538461,48,19.76284584980237,31.25,63.63636363636363,94.11764705882354,1.1428571428571428,3,3,1,81.57333333333334
S45G01N4,2024-2025,20241020,478,home,6,11,0,22,5,27,6,31,17,20,5,0,0,8,4,5,10,51,22,14,8,53,59,11,1,12,1800,0,0,0,13,15.47365919177463,48.606016140865734,48.03921568627451,62,18.03968731208659,20.833333333333332,50.0,50.0,0.9166666666666666,3,3,17,81.57333333333334,35,16,2,19,10,29,3,33,15,19,2,0,0,11,7,2,4,52,17,14,10,43,63,8,0,14,1800,0,0,0,14,-15.47365919177463,37.82547501759324,34.61538461538461,48,19.76284584980237,31.25,63.63636363636363,94.11764705882354,1.1428571428571428,3,3,1,81.57333333333334
S45G01N4,2024-2025,20241020,479,home,6,11,0,22,5,27,6,31,17,20,5,0,0,8,4,5,10,51,22,14,8,53,59,11,1,12,1800,0,0,0,13,15.47365919177463,48.606016140865734,48.03921568627451,62,18.03968731208659,20.833333333333332,50.0,50.0,0.9166666666666666,3,3,17,81.57333333333334,35,16,2,19,10,29,3,33,15,19,2,0,0,11,7,2,4,52,17,14,10,43,63,8,0,14,1800,0,0,0,14,-15.47365919177463,37.82547501759324,34.61538461538461,48,19.76284584980237,31.25,63.63636363636363,94.11764705882354,1.1428571428571428,3,3,1,81.57333333333334
S45G01N4,2024-2025,20241020,480,home,6,11,0,22,5,27,6,31,17,20,5,0,0,8,4,5,10,51,22,14,8,53,59,11,1,12,1800,0,0,0,13,15.47365919177463,48.606016140865734,48.03921568627451,62,18.03968731208659,20.833333333333332,50.0,50.0,0.9166666666666666,3,3,17,81.57333333333334,35,16,2,19,10,29,3,33,15,19,2,0,0,11,7,2,4,52,17,14,10,43,63,8,0,14,1800,0,0,0,14,-15.47365919177463,37.82547501759324,34.61538461538461,48,19.76284584980237,31.25,63.63636363636363,94.11764705882354,1.1428571428571428,3,3,1,81.57333333333334
S45G01N4,2024-2025,20241020,481,home,6,11,0,22,5,27,6,31,17,20,5,0,0,8,4,5,10,51,22,14,8,53,59,11,1,12,1800,0,0,0,13,15.47365919177463,48.606016140865734,48.03921568627451,62,18.03968731208659,20.833333333333332,50.0,50.0,0.9166666666666666,3,3,17,81.57333333333334,35,16,2,19,10,29,3,33,15,19,2,0,0,11,7,2,4,52,17,14,10,43,63,8,0,14,1800,0,0,0,14,-15.47365919177463,37.82547501759324,34.61538461538461,48,19.76284584980237,31.25,63.63636363636363,94.11764705882354,1.1428571428571428,3,3,1,81.57333333333334
S45G01N4,2024-2025,20241020,482,home,6,11,0,22,5,27,6,31,17,20,5,0,0,8,4,5,10,51,22,14,8,53,59,11,1,12,1800,0,0,0,13,15.47365919177463,48.606016140865734,48.03921568627451,62,18.03968731208659,20.833333333333332,50.0,50.0,0.9166666666666666,3,3,17,81.57333333333334,35,16,2,19,10,29,3,33,15,19,2,0,0,11,7,2,4,52,17,14,10,43,63,8,0,14,1800,0,0,0,14,-15.47365919177463,37.82547501759324,34.61538461538461,48,19.76284584980237,31.25,63.63636363636363,94.11764705882354,1.1428571428571428,3,3,1,81.57333333333334
S45G01N4,2024-2025,20241020,483,home,6,11,0,22,5,27,6,31,17,20,5,0,0,8,4,5,10,51,22,14,8,53,59,11,1,12,1800,0,0,0,13,15.47365919177463,48.606016140865734,48.03921568627451,62,18.03968731208659,20.833333333333332,50.0,50.0,0.9166666666666666,3,3,17,81.57333333333334,35,16,2,19,10,29,3,33,15,19,2,0,0,11,7,2,4,52,17,14,10,43,63,8,0,14,1800,0,0,0,14,-15.47365919177463,37.82547501759324,34.61538461538461,48,19.76284584980237,31.25,63.63636363636363,94.11764705882354,1.1428571428571428,3,3,1,81.57333333333334
S45G01N4,2024-2025,20241020,484,home,6,11,0,22,5,27,6,31,17,20,5,0,0,8,4,5,10,51,22,14,8,53,59,11,1,12,1800,0,0,0,13,15.47365919177463,48.606016140865734,48.03921568627451,62,18.03968731208659,20.833333333333332,50.0,50.0,0.9166666666666666,3,3,17,81.57333333333334,35,16,2,19,10,29,3,33,15,19,2,0,0,11,7,2,4,52,17,14,10,43,63,8,0,14,1800,0,0,0,14,-15.47365919177463,37.82547501759324,34.61538461538461,48,19.76284584980237,31.25,63.63636363636363,94.11764705882354,1.1428571428571428,3,3,1,81.57333333333334
S45G01N4,2024-2025,20241020,485,home,6,11,0,22,5,27,6,31,17,20,5,0,0,8,4,5,10,51,22,14,8,53,59,11,1,12,1800,0,0,0,13,15.47365919177463,48.606016140865734,48.03921568627451,62,18.03968731208659,20.833333333333332,50.0,50.0,0.9166666666666666,3,3,17,81.57333333333334,35,16,2,19,10,29,3,33,15,19,2,0,0,11,7,2,4,52,17,14,10,43,63,8,0,14,1800,0,0,0,14,-15.47365919177463,37.82547501759324,34.61538461538461,48,19.76284584980237,31.25,63.63636363636363,94.11764705882354,1.1428571428571428,3,3,1,81.57333333333334
S45G01N4,2024-2025,20241020,486,home,6,11,0,22,5,27,6,31,17,20,5,0,0,8,4,5,10,51,22,14,8,53,59,11,1,12,1800,0,0,0,13,15.47365919177463,48.606016140865734,48.03921568627451,62,18.03968731208659,20.833333333333332,50.0,50.0,0.9166666666666666,3,3,17,81.57333333333334,35,16,2,19,10,29,3,33,15,19,2,0,0,11,7,2,4,52,17,14,10,43,63,8,0,14,1800,0,0,0,14,-15.47365919177463,37.82547501759324,34.61538461538461,48,19.76284584980237,31.25,63.63636363636363,94.11764705882354,1.1428571428571428,3,3,1,81.57333333333334
S45G01N4,2024-2025,20241020,487,home,6,11,0,22,5,27,6,31,17,20,5,0,0,8,4,5,10,51,22,14,8,53,59,11,1,12,1800,0,0,0,13,15.47365919177463,48.606016140865734,48.03921568627451,62,18.03968731208659,20.833333333333332,50.0,50.0,0.9166666666666666,3,3,17,81.57333333333334,35,16,2,19,10,29,3,33,15,19,2,0,0,11,7,2,4,52,17,14,10,43,63,8,0,14,1800,0,0,0,14,-15.47365919177463,37.82547501759324,34.61538461538461,48,19.76284584980237,31.25,63.63636363636363,94.11764705882354,1.1428571428571428,3,3,1,81.57333333333334
S45G01N4,2024-2025,20241020,488,home,6,11,0,22,5,27,6,31,17,20,5,0,0,8,4,5,10,51,22,14,8,53,59,11,1,12,1800,0,0,0,13,15.47365919177463,48.606016140865734,48.03921568627451,62,18.03968731208659,20.833333333333332,50.0,50.0,0.9166666666666666,3,3,17,81.57333333333334,35,16,2,19,10,29,3,33,15,19,2,0,0,11,7,2,4,52,17,14,10,43,63,8,0,14,1800,0,0,0,14,-15.47365919177463,37.82547501759324,34.61538461538461,48,19.76284584980237,31.25,63.63636363636363,94.11764705882354,1.1428571428571428,3,3,1,81.57333333333334
S45G01N4,2024-2025,20241020,489,home,6,11,0,22,5,27,6,31,17,20,5,0,0,8,4,5,10,51,22,14,8,53,59,11,1,12,1800,0,0,0,13,15.47365919177463,48.606016140865734,48.03921568627451,62,18.03968731208659,20.833333333333332,50.0,50.0,0.9166666666666666,3,3,17,81.57333333333334,35,16,2,19,10,29,3,33,15,19,2,0,0,11,7,2,4,52,17,14,10,43,63,8,0,14,1800,0,0,0,14,-15.47365919177463,37.82547501759324,34.61538461538461,48,19.76284584980237,31.25,63.63636363636363,94.11764705882354,1.1428571428571428,3,3,1,81.57333333333334
S45G01N4,2024-2025,20241020,490,home,6,11,0,22,5,27,6,31,17,20,5,0,0,8,4,5,10,51,22,14,8,53,59,11,1,12,1800,0,0,0,13,15.47365919177463,48.606016140865734,48.03921568627451,62,18.03968731208659,20.833333333333332,50.0,50.0,0.9166666666666666,3,3,17,81.57333333333334,35,16,2,19,10,29,3,33,15,19,2,0,0,11,7,2,4,52,17,14,10,43,63,8,0,14,1800,0,0,0,14,-15.47365919177463,37.82547501759324,34.61538461538461,48,19.76284584980237,31.25,63.63636363636363,94.11764705882354,1.1428571428571428,3,3,1,81.57333333333334
S45G01N4,2024-2025,20241020,491,home,6,11,0,22,5,27,6,31,17,20,5,0,0,8,4,5,10,51,22,14,8,53,59,11,1,12,1800,0,0,0,13,15.47365919177463,48.606016140865734,48.03921568627451,62,18.03968731208659,20.833333333333332,50.0,50.0,0.9166666666666666,3,3,17,81.57333333333334,35,16,2,19,10,29,3,33,15,19,2,0,0,11,7,2,4,52,17,14,10,43,63,8,0,14,1800,0,0,0,14,-15.47365919177463,37.82547501759324,34.61538461538461,48,19.76284584980237,31.25,63.63636363636363,94.11764705882354,1.1428571428571428,3,3,1,81.57333333333334
S45G01N4,2024-2025,20241020,492,home,6,11,0,22,5,27,6,31,17,20,5,0,0,8,4,5,10,51,22,14,8,53,59,11,1,12,1800,0,0,0,13,15.47365919177463,48.606016140865734,48.03921568627451,62,18.03968731208659,20.833333333333332,50.0,50.0,0.9166666666666666,3,3,17,81.57333333333334,35,16,2,19,10,29,3,33,15,19,2,0,0,11,7,2,4,52,17,14,10,43,63,8,0,14,1800,0,0,0,14,-15.47365919177463,37.82547501759324,34.61538461538461,48,19.76284584980237,31.25,63.63636363636363,94.11764705882354,1.1428571428571428,3,3,1,81.57333333333334
S45G01N4,2024-2025,20241020,493,home,6,11,0,22,5,27,6,31,17,20,5,0,0,8,4,5,10,51,22,14,8,53,59,11,1,12,1800,0,0,0,13,15.47365919177463,48.606016140865734,48.03921568627451,62,18.03968731208659,20.833333333333332,50.0,50.0,0.9166666666666666,3,3,17,81.57333333333334,35,16,2,19,10,29,3,33,15,19,2,0,0,11,7,2,4,52,17,14,10,43,63,8,0,14,1800,0,0,0,14,-15.47365919177463,37.82547501759324,34.61538461538461,48,19.76284584980237,31.25,63.63636363636363,94.11764705882354,1.1428571428571428,3,3,1,81.57333333333334
S45G01N4,2024-2025,20241020,494,home,6,11,0,22,5,27,6,31,17,20,5,0,0,8,4,5,10,51,22,14,8,53,59,11,1,12,1800,0,0,0,13,15.47365919177463,48.606016140865734,48.03921568627451,62,18.03968731208659,20.833333333333332,50.0,50.0,0.9166666666666666,3,3,17,81.57333333333334,35,16,2,19,10,29,3,33,15,19,2,0,0,11,7,2,4,52,17,14,10,43,63,8,0,14,1800,0,0,0,14,-15.47365919177463,37.82547501759324,34.61538461538461,48,19.76284584980237,31.25,63.63636363636363,94.11764705882354,1.1428571428571428,3,3,1,81.57333333333334
S45G01N4,2024-2025,20241020,495,home,6,11,0,22,5,27,6,32,18,20,5,0,0,8,4,5,10,52,23,14,8,55,60,11,1,12,1810,0,0,0,13,17.294662946515885,49.53170028818443,49.03846153846154,64,17.772511848341228,20.833333333333332,50.0,47.82608695652174,0.9166666666666666,2,3,17,81.78563535911603,35,16,2,19,10,29,3,33,15,19,2,0,0,11,7,2,4,52,17,14,10,43,63,8,0,14,1810,0,0,0,14,-17.294662946515885,37.82547501759324,34.61538461538461,48,19.76284584980237,31.25,63.63636363636363,94.11764705882354,1.1428571428571428,2,3,1,81.78563535911603
S45G01N4,2024-2025,20241020,496,home,6,12,0,22,5,27,6,32,18,20,5,0,0,8,4,5,10,52,23,14,8,55,60,11,1,12,1810,0,0,0,13,17.294662946515885,49.53170028818443,49.03846153846154,65,17.772511848341228,20.833333333333332,50.0,52.17391304347826,1.0,2,3,17,81.78563535911603,35,16,2,19,10,29,3,33,15,19,2,0,0,11,7,2,4,52,17,14,10,43,63,8,0,14,1810,0,0,0,14,-17.294662946515885,37.82547501759324,34.61538461538461,48,19.76284584980237,31.25,63.63636363636363,94.11764705882354,1.1428571428571428,2,3,1,81.78563535911603
S45G01N4,2024-2025,20241020,497,home,6,12,0,22,5,27,6,32,18,20,5,0,0,8,4,5,10,52,23,14,8,55,60,11,1,12,1810,0,0,0,13,17.294662946515885,49.53170028818443,49.03846153846154,65,17.772511848341228,20.833333333333332,50.0,52.17391304347826,1.0,2,3,17,81.78563535911603,35,16,2,19,10,29,3,33,15,19,2,0,0,11,7,2,4,52,17,15,10,43,63,8,0,14,1810,0,0,0,14,-17.294662946515885,37.82547501759324,34.61538461538461,48,19.76284584980237,31.25,63.63636363636363,94.11764705882354,1.1428571428571428,2,3,1,81.78563535911603
S45G01N4,2024-2025,20241020,498,home,6,12,0,22,5,27,6,32,18,20,5,0,0,8,4,5,10,52,23,14,8,55,60,11,1,12,1810,0,0,0,13,17.294662946515885,49.53170028818443,49.03846153846154,65,17.772511848341228,20.833333333333332,50.0,52.17391304347826,1.0,2,3,17,81.78563535911603,35,16,2,19,10,29,3,33,15,19,2,0,0,11,7,2,4,52,17,15,10,43,63,8,0,14,1810,0,0,0,14,-17.294662946515885,37.82547501759324,34.61538461538461,48,19.76284584980237,31.25,63.63636363636363,94.11764705882354,1.1428571428571428,2,3,1,81.78563535911603
S45G01N4,2024-2025,20241020,499,home,6,12,0,22,5,27,6,32,18,20,5,0,0,9,5,5,10,52,23,14,8,56,61,11,1,12,1810,0,0,0,13,18.268176072887243,50.03573981415297,49.03846153846154,66,17.657445556209534,20.833333333333332,55.55555555555556,52.17391304347826,1.0,3,3,17,82.07734806629834,35,16,2,19,10,29,3,33,15,19,2,0,0,11,7,2,4,52,17,15,10,43,63,8,0,14,1810,0,0,0,14,-18.268176072887243,37.82547501759324,34.61538461538461,48,19.76284584980237,31.25,63.63636363636363,94.11764705882354,1.1428571428571428,3,3,1,82.07734806629834
S45G01N4,2024-2025,20241020,500,home,6,12,0,22,5,27,6,32,18,20,5,0,0,9,5,5,10,52,23,14,8,56,61,11,1,12,1824,0,0,0,13,16.17692746457226,50.03573981415297,49.03846153846154,66,17.657445556209534,20.833333333333332,55.55555555555556,52.17391304347826,1.0,2,3,17,82.10526315789475,35,16,2,19,10,29,3,34,16,19,2,0,0,11,7,2,4,53,18,15,10,45,64,8,0,14,1824,0,0,0,14,-16.17692746457226,38.90041493775934,35.84905660377358,50,19.48775055679287,31.25,63.63636363636363,88.88888888888889,1.1428571428571428,2,3,1,82.10526315789475
S45G01N4,2024-2025,20241020,501,home,6,12,0,22,5,27,6,33,18,20,5,0,0,9,5,5,10,53,23,14,8,56,62,11,1,12,1841,0,0,0,13,14.786287030946738,49.157303370786515,48.113207547169814,65,17.401392111368907,20.833333333333332,55.55555555555556,52.17391304347826,1.0,2,3,17,81.99891363389463,35,16,2,19,10,29,3,34,16,19,2,0,0,11,7,2,4,53,18,15,10,45,64,8,0,14,1841,0,0,0,14,-14.786287030946738,38.90041493775934,35.84905660377358,50,19.48775055679287,31.25,63.63636363636363,88.88888888888889,1.1428571428571428,2,3,1,81.99891363389463
S45G01N4,2024-2025,20241020,502,home,6,12,0,22,5,27,6,33,18,20,5,0,0,9,5,5,10,53,23,14,8,56,62,11,1,12,1842,0,0,0,13,14.786287030946738,49.157303370786515,48.113207547169814,65,17.401392111368907,20.833333333333332,55.55555555555556,52.17391304347826,1.0,2,3,17,81.9543973941368,35,16,3,19,10,29,3,34,16,19,2,0,0,11,7,2,4,53,18,15,10,45,64,8,0,14,1842,0,0,0,14,-14.786287030946738,38.90041493775934,35.84905660377358,51,19.48775055679287,31.25,63.63636363636363,88.88888888888889,1.1428571428571428,2,3,1,81.9543973941368
S45G01N4,2024-2025,20241020,503,home,6,12,0,22,5,27,6,33,18,20,5,0,0,9,5,5,10,53,23,14,8,56,62,11,1,12,1843,0,0,0,13,14.786287030946738,49.157303370786515,48.113207547169814,65,17.401392111368907,20.0,55.55555555555556,52.17391304347826,1.0,2,3,17,81.90992946283234,35,16,3,20,10,30,3,34,16,19,2,0,0,11,7,2,4,53,18,15,10,45,64,8,0,14,1843,0,0,0,14,-14.786287030946738,38.90041493775934,35.84905660377358,52,19.48775055679287,31.25,63.63636363636363,88.88888888888889,1.1428571428571428,2,3,1,81.90992946283234
S45G01N4,2024-2025,20241020,504,home,6,12,0,22,5,27,6,33,18,20,5,0,0,9,5,5,10,53,23,14,8,56,62,11,1,12,1849,0,0,0,13,15.944282490369332,49.157303370786515,48.113207547169814,65,17.401392111368907,20.0,55.55555555555556,52.17391304347826,1.0,2,3,17,82.29313142239049,35,16,3,20,10,30,3,35,16,19,2,0,0,11,7,2,4,54,18,15,10,45,65,8,0,14,1849,0,0,0,14,-15.944282490369332,38.23929299796057,35.18518518518518,51,19.220208676551344,31.25,63.63636363636363,88.88888888888889,1.1428571428571428,2,3,1,82.29313142239049
S45G01N4,2024-2025,20241020,505,home,6,12,1,22,5,27,6,33,18,20,5,0,0,9,5,5,10,53,23,14,8,56,62,11,1,12,1850,0,0,0,13,15.944282490369332,49.157303370786515,48.113207547169814,66,17.401392111368907,20.0,55.55555555555556,52.17391304347826,1.0,2,3,17,82.24864864864865,35,16,3,20,10,30,3,35,16,19,2,0,0,11,7,2,4,54,18,15,10,45,65,8,0,14,1850,0,0,0,14,-15.944282490369332,38.23929299796057,35.18518518518518,51,19.220208676551344,31.25,63.63636363636363,88.88888888888889,1.1428571428571428,2,3,1,82.24864864864865
S45G01N4,2024-2025,20241020,506,home,6,12,1,23,5,28,6,33,18,20,5,0,0,9,5,5,10,53,23,14,8,56,62,11,1,12,1851,0,0,0,13,15.944282490369332,49.157303370786515,48.113207547169814,67,17.401392111368907,20.0,55.55555555555556,52.17391304347826,1.0,2,3,17,82.20421393841168,35,16,3,20,10,30,3,35,16,19,2,0,0,11,7,2,4,54,18,15,10,45,65,8,0,14,1851,0,0,0,14,-15.944282490369332,38.23929299796057,35.18518518518518,51,19.220208676551344,30.303030303030305,63.63636363636363,88.88888888888889,1.1428571428571428,2,3,1,82.20421393841168
S45G01N4,2024-2025,20241020,507,home,6,12,1,23,5,28,6,34,19,20,5,0,0,9,5,5,10,54,24,14,8,58,63,11,1,12,1864,0,0,0,13,17.67527507502045,50.03450655624569,49.074074074074076,69,17.152658662092623,20.0,55.55555555555556,50.0,1.0,2,3,17,82.27467811158799,35,16,3,20,10,30,3,35,16,19,2,0,0,11,7,2,4,54,18,15,10,45,65,8,0,14,1864,0,0,0,14,-17.67527507502045,38.23929299796057,35.18518518518518,51,19.220208676551344,30.303030303030305,63.63636363636363,88.88888888888889,1.1428571428571428,2,3,1,82.27467811158799
S45G01N4,2024-2025,20241020,508,home,6,12,1,23,5,28,6,34,19,20,5,0,0,9,5,5,10,54,24,14,8,58,63,11,1,12,1878,0,0,0,13,18.796992481203006,50.03450655624569,49.074074074074076,69,17.152658662092623,20.0,55.55555555555556,50.0,1.0,2,3,17,82.30031948881789,35,16,3,20,10,30,3,35,16,20,2,0,0,11,7,2,4,55,18,15,10,45,66,8,0,14,1878,0,0,0,14,-18.796992481203006,37.600267379679146,34.54545454545455,50,18.95991332611051,30.303030303030305,63.63636363636363,88.88888888888889,1.1428571428571428,2,3,1,82.30031948881789
S45G01N4,2024-2025,20241020,509,home,6,12,1,23,5,28,6,34,19,20,5,0,0,9,5,5,10,54,24,14,8,58,63,11,1,12,1879,0,0,0,13,18.796992481203006,50.03450655624569,49.074074074074076,69,17.152658662092623,20.0,55.55555555555556,50.0,1.0,2,3,17,82.25651942522619,35,16,3,20,10,30,4,35,16,20,2,0,0,11,7,2,4,55,18,15,10,45,66,8,0,14,1879,0,0,0,14,-18.796992481203006,37.600267379679146,34.54545454545455,51,18.95991332611051,30.303030303030305,63.63636363636363,88.88888888888889,1.1428571428571428,2,3,1,82.25651942522619
S45G01N4,2024-2025,20241020,510,home,6,12,1,23,5,28,6,34,19,20,5,0,0,9,5,5,10,54,24,14,8,58,63,11,1,12,1898,0,0,0,13,19.88411033753414,50.03450655624569,49.074074074074076,69,17.152658662092623,20.0,55.55555555555556,50.0,1.0,2,3,17,82.06533192834564,35,16,3,20,10,30,4,35,16,21,2,0,0,11,7,2,4,56,18,15,10,45,67,8,0,14,1898,0,0,0,14,-19.88411033753414,36.98224852071006,33.92857142857143,50,18.706574024585784,30.303030303030305,63.63636363636363,88.88888888888889,1.1428571428571428,2,3,1,82.06533192834564
S45G01N4,2024-2025,20241020,511,home,6,12,1,23,5,28,6,34,19,20,5,0,0,9,5,5,10,54,24,14,8,58,63,11,1,12,1899,0,0,0,13,18.796992481203006,50.03450655624569,49.074074074074076,69,17.152658662092623,20.0,55.55555555555556,50.0,1.0,2,3,17,81.39020537124803,35,16,3,20,11,31,4,35,16,21,2,0,0,11,7,2,4,56,18,15,10,45,67,8,0,14,1899,0,0,0,14,-18.796992481203006,36.98224852071006,33.92857142857143,51,18.706574024585784,32.35294117647059,63.63636363636363,88.88888888888889,1.1428571428571428,2,3,1,81.39020537124803
S45G01N4,2024-2025,20241020,512,home,6,12,1,23,5,28,6,34,19,20,5,0,0,9,5,5,10,54,24,14,8,58,63,11,1,12,1900,0,0,0,13,19.88411033753414,50.03450655624569,49.074074074074076,69,17.152658662092623,20.0,55.55555555555556,50.0,1.0,2,3,17,81.97894736842106,35,16,3,20,11,31,4,35,16,22,2,0,0,11,7,2,4,57,18,15,10,45,68,8,0,14,1900,0,0,0,14,-19.88411033753414,36.38421733505821,33.333333333333336,50,18.459915611814345,32.35294117647059,63.63636363636363,88.88888888888889,1.1428571428571428,2,3,1,81.97894736842106
S45G01N4,2024-2025,20241020,513,home,6,12,1,23,5,28,7,34,19,20,5,0,0,9,5,5,10,54,24,14,8,58,63,11,1,12,1900,0,0,0,13,19.88411033753414,50.03450655624569,49.074074074074076,70,17.152658662092623,20.0,55.55555555555556,50.0,1.0,2,3,17,81.97894736842106,35,16,3,20,11,31,4,35,16,22,2,0,0,11,7,2,4,57,18,15,10,45,68,8,0,14,1900,0,0,0,14,-19.88411033753414,36.38421733505821,33.333333333333336,50,18.459915611814345,32.35294117647059,63.63636363636363,88.88888888888889,1.1428571428571428,2,3,1,81.97894736842106
S45G01N4,2024-2025,20241020,514,home,6,12,1,23,5,28,7,34,19,20,5,0,0,9,5,5,10,54,24,14,8,58,63,11,1,12,1900,0,0,0,13,19.88411033753414,50.03450655624569,49.074074074074076,70,17.152658662092623,20.0,55.55555555555556,50.0,1.0,2,3,17,81.97894736842106,35,16,3,20,11,31,4,35,16,22,2,0,0,11,7,2,4,57,18,15,10,45,68,8,0,14,1900,0,0,0,14,-19.88411033753414,36.38421733505821,33.333333333333336,50,18.459915611814345,32.35294117647059,63.63636363636363,88.88888888888889,1.1428571428571428,2,3,1,81.97894736842106
S45G01N4,2024-2025,20241020,515,home,6,12,1,23,5,28,7,34,19,20,5,0,0,9,5,5,10,54,24,14,8,58,63,11,1,12,1900,0,0,0,13,19.88411033753414,50.03450655624569,49.074074074074076,70,17.152658662092623,20.0,55.55555555555556,50.0,1.0,2,3,17,81.97894736842106,35,16,3,20,11,31,4,35,16,22,2,0,0,11,7,2,4,57,18,15,10,45,68,8,0,14,1900,0,0,0,14,-19.88411033753414,36.38421733505821,33.333333333333336,50,18.459915611814345,32.35294117647059,63.63636363636363,88.88888888888889,1.1428571428571428,2,3,1,81.97894736842106
S45G01N4,2024-2025,20241020,516,home,6,12,1,23,5,28,7,34,19,20,5,0,0,9,5,5,10,54,24,14,8,58,63,11,1,12,1900,0,0,0,13,19.88411033753414,50.03450655624569,49.074074074074076,70,17.152658662092623,20.0,55.55555555555556,50.0,1.0,2,3,17,81.97894736842106,35,16,3,20,11,31,4,35,16,22,2,0,0,11,7,2,4,57,18,15,10,45,68,8,0,14,1900,0,0,0,14,-19.88411033753414,36.38421733505821,33.333333333333336,50,18.459915611814345,32.35294117647059,63.63636363636363,88.88888888888889,1.1428571428571428,2,3,1,81.97894736842106
S45G01N4,2024-2025,20241020,517,home,6,12,1,23,5,28,7,34,19,20,5,0,0,9,5,5,10,54,24,14,8,58,63,11,1,12,1900,0,0,0,13,19.88411033753414,50.03450655624569,49.074074074074076,70,17.152658662092623,20.0,55.55555555555556,50.0,1.0,2,3,17,81.97894736842106,35,16,3,20,11,31,4,35,16,22,2,0,0,11,7,2,4,57,18,15,10,45,68,8,0,14,1900,0,0,0,14,-19.88411033753414,36.38421733505821,33.333333333333336,50,18.459915611814345,32.35294117647059,63.63636363636363,88.88888888888889,1.1428571428571428,2,3,1,81.97894736842106
S45G01N4,2024-2025,20241020,518,home,6,12,1,23,5,28,7,34,19,20,5,0,0,9,5,5,10,54,24,14,8,58,63,11,1,12,1900,0,0,0,13,19.88411033753414,50.03450655624569,49.074074074074076,70,17.152658662092623,20.0,55.55555555555556,50.0,1.0,2,3,17,81.97894736842106,35,16,3,20,11,31,4,35,16,22,2,0,0,11,7,2,4,57,18,15,10,45,68,8,0,14,1900,0,0,0,14,-19.88411033753414,36.38421733505821,33.333333333333336,50,18.459915611814345,32.35294117647059,63.63636363636363,88.88888888888889,1.1428571428571428,2,3,1,81.97894736842106
S45G01N4,2024-2025,20241020,519,home,6,12,1,23,5,28,7,34,19,20,5,0,0,9,5,5,10,54,24,14,8,58,63,11,1,12,1900,0,0,0,13,19.88411033753414,50.03450655624569,49.074074074074076,70,17.152658662092623,20.0,55.55555555555556,50.0,1.0,2,3,17,81.97894736842106,35,16,3,20,11,31,4,35,16,22,2,0,0,11,7,2,4,57,18,15,10,45,68,8,0,14,1900,0,0,0,14,-19.88411033753414,36.38421733505821,33.333333333333336,50,18.459915611814345,32.35294117647059,63.63636363636363,88.88888888888889,1.1428571428571428,2,3,1,81.97894736842106
S45G01N4,2024-2025,20241020,520,home,6,12,1,23,5,28,7,34,19,20,5,0,0,9,5,5,10,54,24,14,8,58,63,11,1,12,1916,0,0,0,13,19.88411033753414,50.03450655624569,49.074074074074076,70,17.152658662092623,20.0,55.55555555555556,50.0,1.0,2,3,17,81.29436325678498,35,16,3,20,11,31,4,35,16,22,2,0,0,11,7,2,4,57,18,16,10,45,68,8,0,14,1916,0,0,0,14,-19.88411033753414,36.38421733505821,33.333333333333336,50,18.459915611814345,32.35294117647059,63.63636363636363,88.88888888888889,1.1428571428571428,2,3,1,81.29436325678498
S45G01N4,2024-2025,20241020,521,home,6,12,1,23,5,28,7,34,19,20,5,0,0,9,5,5,10,54,24,14,8,58,63,11,1,12,1916,0,0,0,13,19.88411033753414,50.03450655624569,49.074074074074076,70,17.152658662092623,20.0,55.55555555555556,50.0,1.0,2,3,17,81.29436325678498,35,16,3,20,11,31,4,35,16,22,2,0,0,11,7,2,4,57,18,16,10,45,68,8,0,14,1916,0,0,0,14,-19.88411033753414,36.38421733505821,33.333333333333336,50,18.459915611814345,32.35294117647059,63.63636363636363,88.88888888888889,1.1428571428571428,2,3,1,81.29436325678498
S45G01N4,2024-2025,20241020,522,home,6,12,1,23,5,28,7,34,19,20,5,0,0,10,6,5,10,54,24,14,8,59,64,11,1,12,1916,0,0,0,13,20.81246333010732,50.513698630136986,49.074074074074076,71,17.045454545454543,20.0,60.0,50.0,1.0,3,3,17,81.56993736951983,35,16,3,20,11,31,4,35,16,22,2,0,0,11,7,2,4,57,18,16,10,45,68,8,0,14,1916,0,0,0,14,-20.81246333010732,36.38421733505821,33.333333333333336,50,18.459915611814345,32.35294117647059,63.63636363636363,88.88888888888889,1.1428571428571428,3,3,1,81.56993736951983
S45G01N4,2024-2025,20241020,523,home,6,13,1,23,5,28,7,34,19,20,5,0,0,10,6,5,10,54,24,14,8,59,64,11,1,12,1916,0,0,0,13,20.81246333010732,50.513698630136986,49.074074074074076,72,17.045454545454543,20.0,60.0,54.166666666666664,1.0833333333333333,3,3,17,81.56993736951983,35,16,3,20,11,31,4,35,16,22,2,0,0,11,7,2,4,57,18,16,10,45,68,8,0,14,1916,0,0,0,14,-20.81246333010732,36.38421733505821,33.333333333333336,50,18.459915611814345,32.35294117647059,63.63636363636363,88.88888888888889,1.1428571428571428,3,3,1,81.56993736951983
S45G01N4,2024-2025,20241020,524,home,6,13,1,23,5,28,7,34,19,20,5,0,0,11,7,5,10,54,24,14,8,60,65,11,1,12,1916,0,0,0,13,21.72840820248814,50.98572399728076,49.074074074074076,73,16.93958215697346,20.0,63.63636363636363,54.166666666666664,1.0833333333333333,4,3,17,81.8455114822547,35,16,3,20,11,31,4,35,16,22,2,0,0,11,7,2,4,57,18,16,10,45,68,8,0,14,1916,0,0,0,14,-21.72840820248814,36.38421733505821,33.333333333333336,50,18.459915611814345,32.35294117647059,63.63636363636363,88.88888888888889,1.1428571428571428,4,3,1,81.8455114822547
S45G01N4,2024-2025,20241020,525,home,6,13,1,23,5,28,7,34,19,20,5,0,0,11,7,5,10,54,24,15,9,60,65,11,1,12,1924,0,0,0,13,21.72840820248814,50.98572399728076,49.074074074074076,73,16.93958215697346,20.0,63.63636363636363,54.166666666666664,1.0833333333333333,4,3,17,81.50519750519751,35,16,3,20,11,31,4,35,16,22,2,0,0,11,7,2,4,57,18,16,10,45,68,8,0,14,1924,0,0,0,14,-21.72840820248814,36.38421733505821,33.333333333333336,50,18.459915611814345,32.35294117647059,63.63636363636363,88.88888888888889,1.1428571428571428,4,3,1,81.50519750519751
S45G01N4,2024-2025,20241020,526,home,6,13,1,23,5,28,7,34,19,20,5,0,0,11,7,5,10,54,24,15,9,60,65,11,1,12,1924,0,0,0,13,21.72840820248814,50.98572399728076,49.074074074074076,73,16.93958215697346,20.0,63.63636363636363,54.166666666666664,1.0833333333333333,4,3,17,81.50519750519751,35,16,3,20,11,31,4,35,16,22,2,0,0,11,7,2,4,57,18,16,10,45,68,8,0,14,1924,0,0,0,14,-21.72840820248814,36.38421733505821,33.333333333333336,50,18.459915611814345,32.35294117647059,63.63636363636363,88.88888888888889,1.1428571428571428,4,3,1,81.50519750519751
S45G01N4,2024-2025,20241020,527,home,6,13,1,23,5,28,7,34,19,20,5,0,0,11,7,5,10,54,24,15,9,60,65,11,1,12,1941,0,0,0,13,21.72840820248814,50.98572399728076,49.074074074074076,73,16.93958215697346,20.0,63.63636363636363,54.166666666666664,1.0833333333333333,4,3,17,80.79134466769706,35,16,3,20,11,31,4,35,16,22,2,0,0,11,7,2,4,57,18,16,10,45,68,8,1,14,1941,0,0,0,15,-21.72840820248814,36.38421733505821,33.333333333333336,49,18.459915611814345,32.35294117647059,63.63636363636363,88.88888888888889,1.1428571428571428,4,3,1,80.79134466769706
S45G01N4,2024-2025,20241020,528,home,6,13,1,23,5,28,7,34,19,20,5,0,0,11,7,5,10,54,24,15,9,60,65,11,1,13,1963,0,0,0,14,20.36500287408198,50.98572399728076,49.074074074074076,72,18.09576837416481,20.0,63.63636363636363,54.166666666666664,1.0,4,3,17,80.49719816607234,35,16,3,20,11,31,4,35,16,22,2,0,0,11,7,2,4,57,18,16,10,45,68,8,1,14,1963,0,0,0,15,-20.36500287408198,36.38421733505821,33.333333333333336,49,18.459915611814345,32.35294117647059,63.63636363636363,88.88888888888889,1.1428571428571428,4,3,1,80.49719816607234
S45G01N4,2024-2025,20241020,529,home,6,13,1,23,5,28,7,34,19,20,5,0,0,11,7,5,10,54,24,15,9,60,65,11,1,13,1964,0,0,0,14,20.36500287408198,50.98572399728076,49.074074074074076,72,18.09576837416481,20.0,63.63636363636363,54.166666666666664,1.0,4,3,17,80.4562118126273,35,16,3,20,11,31,4,35,16,22,2,0,0,11,7,2,4,57,18,16,10,45,68,9,1,14,1964,0,0,0,15,-20.36500287408198,36.38421733505821,33.333333333333336,50,18.459915611814345,32.35294117647059,63.63636363636363,88.88888888888889,1.1428571428571428,4,3,1,80.4562118126273
S45G01N4,2024-2025,20241020,530,home,6,13,1,23,5,28,7,34,19,20,5,0,0,11,7,5,10,54,24,15,9,60,65,11,1,13,1966,0,0,0,14,18.381430637571967,50.98572399728076,49.074074074074076,72,18.09576837416481,20.0,63.63636363636363,54.166666666666664,1.0,2,3,17,80.98474059003053,35,16,3,20,11,31,4,36,17,22,2,0,0,11,7,2,4,58,19,16,10,47,69,9,1,14,1966,0,0,0,15,-18.381430637571967,37.39656269891788,34.48275862068966,52,18.219677251431545,32.35294117647059,63.63636363636363,84.21052631578948,1.1428571428571428,2,3,1,80.98474059003053
S45G01N4,2024-2025,20241020,531,home,6,13,1,23,5,28,7,34,19,20,5,0,0,11,7,5,10,54,24,15,9,60,65,11,1,13,1966,0,0,0,14,18.381430637571967,50.98572399728076,49.074074074074076,72,18.09576837416481,20.0,63.63636363636363,54.166666666666664,1.0,2,3,17,80.98474059003053,35,16,3,20,11,31,4,36,17,22,2,0,0,11,7,3,6,58,19,16,10,47,69,9,1,14,1966,0,0,0,15,-18.381430637571967,37.39656269891788,34.48275862068966,52,18.219677251431545,32.35294117647059,63.63636363636363,84.21052631578948,1.1428571428571428,2,3,1,80.98474059003053
S45G01N4,2024-2025,20241020,532,home,6,13,1,23,5,28,7,34,19,20,5,0,0,11,7,5,10,54,24,15,9,60,65,11,1,13,1966,0,0,0,14,18.381430637571967,50.98572399728076,49.074074074074076,72,18.09576837416481,20.0,63.63636363636363,54.166666666666664,1.0,2,3,17,80.98474059003053,35,16,3,20,11,31,4,36,17,22,2,0,0,11,7,3,6,58,19,16,10,47,69,9,1,14,1966,0,0,0,15,-18.381430637571967,37.39656269891788,34.48275862068966,52,18.219677251431545,32.35294117647059,63.63636363636363,84.21052631578948,1.1428571428571428,2,3,1,80.98474059003053
S45G01N4,2024-2025,20241020,533,home,6,13,1,23,5,28,7,35,19,20,5,0,0,11,7,5,10,55,24,15,9,60,66,11,1,13,1990,0,0,0,14,17.058220041724937,50.13368983957219,48.18181818181818,71,17.847336628226248,20.0,63.63636363636363,54.166666666666664,1.0,2,3,17,80.6110552763819,35,16,3,20,11,31,4,36,17,22,2,0,0,11,7,3,6,58,19,16,10,47,69,9,1,14,1990,0,0,0,15,-17.058220041724937,37.39656269891788,34.48275862068966,52,18.219677251431545,32.35294117647059,63.63636363636363,84.21052631578948,1.1428571428571428,2,3,1,80.6110552763819
S45G01N4,2024-2025,20241020,534,home,6,13,1,23,5,28,7,35,19,20,5,0,0,11,7,5,10,55,24,15,9,60,66,11,1,13,1991,0,0,0,14,17.058220041724937,50.13368983957219,48.18181818181818,71,17.847336628226248,19.23076923076923,63.63636363636363,54.166666666666664,1.0,2,3,17,80.57056755399297,35,16,3,21,11,32,4,36,17,22,2,0,0,11,7,3,6,58,19,16,10,47,69,9,1,14,1991,0,0,0,15,-17.058220041724937,37.39656269891788,34.48275862068966,53,18.219677251431545,32.35294117647059,63.63636363636363,84.21052631578948,1.1428571428571428,2,3,1,80.57056755399297
S45G01N4,2024-2025,20241020,535,home,6,13,1,23,5,28,7,35,19,20,5,0,0,11,7,5,10,55,24,15,9,60,66,11,1,13,1999,0,0,0,14,18.126220882309767,50.13368983957219,48.18181818181818,71,17.847336628226248,19.23076923076923,63.63636363636363,54.166666666666664,1.0,2,3,17,80.84842421210607,35,16,3,21,11,32,4,37,17,22,2,0,0,11,7,3,6,59,19,16,10,47,70,9,1,14,1999,0,0,0,15,-18.126220882309767,36.810776942355886,33.898305084745765,52,17.985611510791365,32.35294117647059,63.63636363636363,84.21052631578948,1.1428571428571428,2,3,1,80.84842421210607
S45G01N4,2024-2025,20241020,536,home,6,13,2,23,5,28,7,35,19,20,5,0,0,11,7,5,10,55,24,15,9,60,66,11,1,13,1999,0,0,0,14,18.126220882309767,50.13368983957219,48.18181818181818,72,17.847336628226248,19.23076923076923,63.63636363636363,54.166666666666664,1.0,2,3,17,80.84842421210607,35,16,3,21,11,32,4,37,17,22,2,0,0,11,7,3,6,59,19,16,10,47,70,9,1,14,1999,0,0,0,15,-18.126220882309767,36.810776942355886,33.898305084745765,52,17.985611510791365,32.35294117647059,63.63636363636363,84.21052631578948,1.1428571428571428,2,3,1,80.84842421210607
S45G01N4,2024-2025,20241020,537,home,6,13,2,23,5,28,7,35,19,20,5,0,0,11,7,5,10,55,24,15,9,60,66,11,1,13,1999,0,0,0,14,18.126220882309767,50.13368983957219,48.18181818181818,72,17.847336628226248,19.23076923076923,63.63636363636363,54.166666666666664,1.0,2,3,17,80.84842421210607,35,16,3,21,11,32,5,37,17,22,2,0,0,11,7,3,6,59,19,16,10,47,70,9,1,14,1999,0,0,0,15,-18.126220882309767,36.810776942355886,33.898305084745765,53,17.985611510791365,32.35294117647059,63.63636363636363,84.21052631578948,1.1428571428571428,2,3,1,80.84842421210607
S45G01N4,2024-2025,20241020,538,home,6,13,2,23,5,28,7,35,19,20,5,0,0,11,7,5,10,55,24,15,9,60,66,11,1,13,2009,0,0,0,14,19.162735849056602,50.13368983957219,48.18181818181818,72,17.847336628226248,19.23076923076923,63.63636363636363,54.166666666666664,1.0,2,3,17,81.04330512692881,35,16,3,21,11,32,5,37,17,22,2,0,0,11,7,3,6,59,19,16,10,47,70,9,1,15,2009,0,0,0,16,-19.162735849056602,36.810776942355886,33.898305084745765,52,19.025875190258752,32.35294117647059,63.63636363636363,84.21052631578948,1.0666666666666667,2,3,1,81.04330512692881
S45G01N4,2024-2025,20241020,539,home,6,13,2,23,5,28,7,35,19,20,5,0,0,11,7,5,10,55,24,15,9,60,66,12,1,13,2010,0,0,0,14,19.162735849056602,50.13368983957219,48.18181818181818,73,17.847336628226248,19.23076923076923,63.63636363636363,54.166666666666664,1.0,2,3,17,81.00298507462686,35,16,3,21,11,32,5,37,17,22,2,0,0,11,7,3,6,59,19,16,10,47,70,9,1,15,2010,0,0,0,16,-19.162735849056602,36.810776942355886,33.898305084745765,52,19.025875190258752,32.35294117647059,63.63636363636363,84.21052631578948,1.0666666666666667,2,3,1,81.00298507462686
S45G01N4,2024-2025,20241020,540,home,6,13,2,23,5,28,7,36,20,20,5,0,0,11,7,5,10,56,25,15,9,62,67,12,1,13,2022,0,0,0,14,20.783255950357955,50.953320184089414,49.107142857142854,75,17.6056338028169,19.23076923076923,63.63636363636363,52.0,1.0,2,3,17,81.11572700296736,35,16,3,21,11,32,5,37,17,22,2,0,0,11,7,3,6,59,19,16,10,47,70,9,1,15,2022,0,0,0,16,-20.783255950357955,36.810776942355886,33.898305084745765,52,19.025875190258752,32.35294117647059,63.63636363636363,84.21052631578948,1.0666666666666667,2,3,1,81.11572700296736
S45G01N4,2024-2025,20241020,541,home,6,14,2,23,5,28,7,36,20,20,5,0,0,11,7,5,10,56,25,15,9,62,67,12,1,13,2022,0,0,0,14,20.783255950357955,50.953320184089414,49.107142857142854,76,17.6056338028169,19.23076923076923,63.63636363636363,56.0,1.0769230769230769,2,3,17,81.11572700296736,35,16,3,21,11,32,5,37,17,22,2,0,0,11,7,3,6,59,19,16,10,47,70,9,1,15,2022,0,0,0,16,-20.783255950357955,36.810776942355886,33.898305084745765,52,19.025875190258752,32.35294117647059,63.63636363636363,84.21052631578948,1.0666666666666667,2,3,1,81.11572700296736
S45G01N4,2024-2025,20241020,542,home,6,14,2,23,5,28,7,36,20,20,5,0,0,11,7,5,10,56,25,15,9,62,67,12,1,13,2023,0,0,0,14,20.783255950357955,50.953320184089414,49.107142857142854,76,17.6056338028169,19.23076923076923,63.63636363636363,56.0,1.0769230769230769,2,3,17,81.07563025210085,35,16,3,21,11,32,5,37,17,22,2,0,0,11,7,3,6,59,19,16,10,47,70,9,1,15,2023,0,0,0,16,-20.783255950357955,36.810776942355886,33.898305084745765,52,19.025875190258752,32.35294117647059,63.63636363636363,84.21052631578948,1.0666666666666667,2,3,1,81.07563025210085
S45G01N4,2024-2025,20241020,543,home,6,14,2,23,5,28,7,36,20,20,5,0,0,11,7,5,10,56,25,15,9,62,67,12,1,13,2023,0,0,0,14,20.783255950357955,50.953320184089414,49.107142857142854,76,17.6056338028169,19.23076923076923,63.63636363636363,56.0,1.0769230769230769,2,3,17,81.07563025210085,35,16,3,21,11,32,5,37,17,22,2,0,0,11,7,3,6,59,19,16,10,47,70,9,1,15,2023,0,0,0,16,-20.783255950357955,36.810776942355886,33.898305084745765,52,19.025875190258752,32.35294117647059,63.63636363636363,84.21052631578948,1.0666666666666667,2,3,1,81.07563025210085
S45G01N4,2024-2025,20241020,544,home,6,14,2,23,5,28,7,36,20,20,5,0,0,11,7,5,10,56,25,15,9,62,67,12,1,13,2023,0,0,0,14,20.783255950357955,50.953320184089414,49.107142857142854,76,17.6056338028169,19.23076923076923,63.63636363636363,56.0,1.0769230769230769,2,3,17,81.07563025210085,35,16,3,21,11,32,5,37,17,22,2,0,0,11,7,3,6,59,19,16,10,47,70,9,1,15,2023,0,0,0,16,-20.783255950357955,36.810776942355886,33.898305084745765,52,19.025875190258752,32.35294117647059,63.63636363636363,84.21052631578948,1.0666666666666667,2,3,1,81.07563025210085
S45G01N4,2024-2025,20241020,545,home,6,14,2,23,5,28,7,36,20,20,5,0,0,11,7,5,10,56,25,15,9,62,67,12,1,13,2023,0,0,0,14,20.783255950357955,50.953320184089414,49.107142857142854,76,17.6056338028169,19.23076923076923,63.63636363636363,56.0,1.0769230769230769,2,3,17,81.07563025210085,35,16,3,21,11,32,5,37,17,22,2,0,0,11,7,3,6,59,19,16,10,47,70,9,1,15,2023,0,0,0,16,-20.783255950357955,36.810776942355886,33.898305084745765,52,19.025875190258752,32.35294117647059,63.63636363636363,84.21052631578948,1.0666666666666667,2,3,1,81.07563025210085
S45G01N4,2024-2025,20241020,546,home,6,14,2,23,5,28,7,36,20,20,5,0,0,11,7,5,10,56,25,15,9,62,67,12,1,13,2023,0,0,0,14,20.783255950357955,50.953320184089414,49.107142857142854,76,17.6056338028169,19.23076923076923,63.63636363636363,56.0,1.0769230769230769,2,3,17,81.07563025210085,35,16,3,21,11,32,5,37,17,22,2,0,0,11,7,3,6,59,19,16,10,47,70,9,1,15,2023,0,0,0,16,-20.783255950357955,36.810776942355886,33.898305084745765,52,19.025875190258752,32.35294117647059,63.63636363636363,84.21052631578948,1.0666666666666667,2,3,1,81.07563025210085
S45G01N4,2024-2025,20241020,547,home,6,14,2,23,5,28,7,36,20,20,5,0,0,11,7,5,10,56,25,15,9,62,67,12,1,13,2035,0,0,0,14,21.78965717606043,50.953320184089414,49.107142857142854,76,17.6056338028169,19.23076923076923,63.63636363636363,56.0,1.0769230769230769,2,3,17,81.18722358722358,35,16,3,21,11,32,5,37,17,23,2,0,0,11,7,3,6,60,19,16,10,47,71,9,1,15,2035,0,0,0,16,-21.78965717606043,36.24305983960518,33.333333333333336,51,18.7875751503006,32.35294117647059,63.63636363636363,84.21052631578948,1.0666666666666667,2,3,1,81.18722358722358
S45G01N4,2024-2025,20241020,548,home,6,14,2,24,5,29,7,36,20,20,5,0,0,11,7,5,10,56,25,15,9,62,67,12,1,13,2038,0,0,0,14,21.78965717606043,50.953320184089414,49.107142857142854,77,17.6056338028169,19.23076923076923,63.63636363636363,56.0,1.0769230769230769,2,3,17,81.06771344455348,35,16,3,21,11,32,5,37,17,23,2,0,0,11,7,3,6,60,19,16,10,47,71,9,1,15,2038,0,0,0,16,-21.78965717606043,36.24305983960518,33.333333333333336,51,18.7875751503006,31.428571428571427,63.63636363636363,84.21052631578948,1.0666666666666667,2,3,1,81.06771344455348
S45G01N4,2024-2025,20241020,549,home,6,14,2,24,5,29,7,37,21,20,5,0,0,11,7,5,10,57,26,15,9,64,68,12,1,13,2046,0,0,0,14,23.36377063070367,51.746442432082794,50.0,79,17.370390165686796,19.23076923076923,63.63636363636363,53.84615384615385,1.0769230769230769,4,3,17,81.33724340175954,35,16,3,21,11,32,5,37,17,23,2,0,0,11,7,3,6,60,19,16,10,47,71,9,1,15,2046,0,0,0,16,-23.36377063070367,36.24305983960518,33.333333333333336,51,18.7875751503006,31.428571428571427,63.63636363636363,84.21052631578948,1.0666666666666667,4,3,1,81.33724340175954
S45G01N4,2024-2025,20241020,550,home,6,14,2,24,5,29,7,37,21,20,5,0,0,11,7,5,10,57,26,15,9,64,68,12,1,13,2058,0,0,0,14,21.47766323024055,51.746442432082794,50.0,79,17.370390165686796,19.23076923076923,63.63636363636363,53.84615384615385,1.0769230769230769,2,3,17,81.4460641399417,35,16,3,21,11,32,5,38,18,23,2,0,0,11,7,3,6,61,20,16,10,49,72,9,1,15,2058,0,0,0,16,-21.47766323024055,37.21142162818955,34.42622950819672,53,18.555170707570507,31.428571428571427,63.63636363636363,80.0,1.0666666666666667,2,3,1,81.4460641399417
S45G01N4,2024-2025,20241020,551,home,6,14,2,24,5,29,7,37,21,20,5,0,0,11,7,5,10,57,26,15,9,64,68,12,1,13,2058,0,0,0,14,21.47766323024055,51.746442432082794,50.0,79,17.370390165686796,19.23076923076923,63.63636363636363,53.84615384615385,1.0769230769230769,2,3,17,81.4460641399417,35,17,3,21,11,32,5,38,18,23,2,0,0,11,7,3,6,61,20,16,10,49,72,9,1,15,2058,0,0,0,16,-21.47766323024055,37.21142162818955,34.42622950819672,54,18.555170707570507,31.428571428571427,63.63636363636363,85.0,1.1333333333333333,2,3,1,81.4460641399417
S45G01N4,2024-2025,20241020,552,home,6,14,2,24,5,29,7,37,21,20,5,0,0,11,7,5,10,57,26,15,9,64,68,12,1,13,2076,0,0,0,14,21.47766323024055,51.746442432082794,50.0,79,17.370390165686796,19.23076923076923,63.63636363636363,53.84615384615385,1.0769230769230769,2,3,17,80.73988439306359,35,17,3,21,11,32,5,38,18,23,2,0,0,11,7,3,6,61,20,17,11,49,72,9,1,15,2076,0,0,0,16,-21.47766323024055,37.21142162818955,34.42622950819672,54,18.555170707570507,31.428571428571427,63.63636363636363,85.0,1.1333333333333333,2,3,1,80.73988439306359
S45G01N4,2024-2025,20241020,553,home,6,14,2,24,5,29,7,37,21,20,5,0,0,11,7,5,10,57,26,15,9,64,68,12,1,13,2076,0,0,0,14,21.47766323024055,51.746442432082794,50.0,79,17.370390165686796,19.23076923076923,63.63636363636363,53.84615384615385,1.0769230769230769,2,3,17,80.73988439306359,35,17,3,21,11,32,5,38,18,23,2,0,0,11,7,3,6,61,20,17,11,49,72,9,1,15,2076,0,0,0,16,-21.47766323024055,37.21142162818955,34.42622950819672,54,18.555170707570507,31.428571428571427,63.63636363636363,85.0,1.1333333333333333,2,3,1,80.73988439306359
S45G01N4,2024-2025,20241020,554,home,6,14,2,24,5,29,7,37,21,20,5,0,0,11,7,5,10,57,26,15,9,64,68,12,1,14,2082,0,0,0,15,20.184071618405994,51.746442432082794,50.0,78,18.459915611814345,19.23076923076923,63.63636363636363,53.84615384615385,1.0,2,3,17,81.0835734870317,35,17,3,21,11,32,5,38,18,23,2,0,0,11,7,3,6,61,20,17,11,49,72,9,1,15,2082,0,0,0,16,-20.184071618405994,37.21142162818955,34.42622950819672,54,18.555170707570507,31.428571428571427,63.63636363636363,85.0,1.1333333333333333,2,3,1,81.0835734870317
S45G01N4,2024-2025,20241020,555,home,6,14,2,24,5,29,7,37,21,20,5,0,0,11,7,5,10,57,26,15,9,64,68,12,1,14,2083,0,0,0,15,20.184071618405994,51.746442432082794,50.0,78,18.459915611814345,19.23076923076923,63.63636363636363,53.84615384615385,1.0,2,3,17,81.04464714354297,35,17,3,21,11,32,5,38,18,23,2,0,0,11,7,3,6,61,20,17,11,49,72,10,1,15,2083,0,0,0,16,-20.184071618405994,37.21142162818955,34.42622950819672,55,18.555170707570507,31.428571428571427,63.63636363636363,85.0,1.1333333333333333,2,3,1,81.04464714354297
S45G01N4,2024-2025,20241020,556,home,6,14,2,24,5,29,7,37,21,20,5,0,0,11,7,5,10,57,26,15,9,64,68,12,1,14,2104,0,0,0,15,21.174477696216826,51.746442432082794,50.0,78,18.459915611814345,19.23076923076923,63.63636363636363,53.84615384615385,1.0,2,3,17,80.80608365019012,35,17,3,21,11,32,5,38,18,24,2,0,0,11,7,3,6,62,20,17,11,49,73,10,1,15,2104,0,0,0,16,-21.174477696216826,36.65469778575703,33.87096774193548,54,18.328445747800586,31.428571428571427,63.63636363636363,85.0,1.1333333333333333,2,3,1,80.80608365019012
S45G01N4,2024-2025,20241020,557,home,6,14,2,25,5,30,7,37,21,20,5,0,0,11,7,5,10,57,26,15,9,64,68,12,1,14,2106,0,0,0,15,21.174477696216826,51.746442432082794,50.0,79,18.459915611814345,19.23076923076923,63.63636363636363,53.84615384615385,1.0,2,3,17,80.72934472934473,35,17,3,21,11,32,5,38,18,24,2,0,0,11,7,3,6,62,20,17,11,49,73,10,1,15,2106,0,0,0,16,-21.174477696216826,36.65469778575703,33.87096774193548,54,18.328445747800586,30.555555555555557,63.63636363636363,85.0,1.1333333333333333,2,3,1,80.72934472934473
S45G01N4,2024-2025,20241020,558,home,6,14,2,25,5,30,7,38,21,20,5,0,0,11,7,5,10,58,26,15,9,64,69,12,1,14,2120,0,0,0,15,19.91689921388769,50.92297899427116,49.13793103448276,78,18.219677251431545,19.23076923076923,63.63636363636363,53.84615384615385,1.0,2,3,17,80.7622641509434,35,17,3,21,11,32,5,38,18,24,2,0,0,11,7,3,6,62,20,17,11,49,73,10,1,15,2120,0,0,0,16,-19.91689921388769,36.65469778575703,33.87096774193548,54,18.328445747800586,30.555555555555557,63.63636363636363,85.0,1.1333333333333333,2,3,1,80.7622641509434
S45G01N4,2024-2025,20241020,559,home,6,14,2,25,5,30,7,38,21,20,5,0,0,11,7,5,10,58,26,15,9,64,69,12,1,14,2121,0,0,0,15,19.91689921388769,50.92297899427116,49.13793103448276,78,18.219677251431545,18.51851851851852,63.63636363636363,53.84615384615385,1.0,2,3,17,80.72418670438472,35,17,3,22,11,33,5,38,18,24,2,0,0,11,7,3,6,62,20,17,11,49,73,10,1,15,2121,0,0,0,16,-19.91689921388769,36.65469778575703,33.87096774193548,55,18.328445747800586,30.555555555555557,63.63636363636363,85.0,1.1333333333333333,2,3,1,80.72418670438472
S45G01N4,2024-2025,20241020,560,home,6,14,2,25,5,30,7,38,21,20,5,0,0,11,7,5,10,58,26,15,9,64,69,12,1,14,2123,0,0,0,15,20.87973273942093,50.92297899427116,49.13793103448276,78,18.219677251431545,18.51851851851852,63.63636363636363,53.84615384615385,1.0,2,3,17,81.21337729627885,35,17,3,22,11,33,5,39,18,24,2,0,0,11,7,3,6,63,20,17,11,49,74,10,1,15,2123,0,0,0,16,-20.87973273942093,36.11438679245283,33.333333333333336,54,18.10719459198455,30.555555555555557,63.63636363636363,85.0,1.1333333333333333,2,3,1,81.21337729627885
S45G01N4,2024-2025,20241020,561,home,6,14,3,25,5,30,7,38,21,20,5,0,0,11,7,5,10,58,26,15,9,64,69,12,1,14,2123,0,0,0,15,20.87973273942093,50.92297899427116,49.13793103448276,79,18.219677251431545,18.51851851851852,63.63636363636363,53.84615384615385,1.0,2,3,17,81.21337729627885,35,17,3,22,11,33,5,39,18,24,2,0,0,11,7,3,6,63,20,17,11,49,74,10,1,15,2123,0,0,0,16,-20.87973273942093,36.11438679245283,33.333333333333336,54,18.10719459198455,30.555555555555557,63.63636363636363,85.0,1.1333333333333333,2,3,1,81.21337729627885
S45G01N4,2024-2025,20241020,562,home,6,14,3,25,5,30,7,38,21,20,5,0,0,11,7,5,10,58,26,15,9,64,69,12,1,14,2124,0,0,0,15,19.91689921388769,50.92297899427116,49.13793103448276,79,18.219677251431545,18.51851851851852,63.63636363636363,53.84615384615385,1.0,2,3,17,80.61016949152543,35,17,3,22,12,34,5,39,18,24,2,0,0,11,7,3,6,63,20,17,11,49,74,10,1,15,2124,0,0,0,16,-19.91689921388769,36.11438679245283,33.333333333333336,55,18.10719459198455,32.432432432432435,63.63636363636363,85.0,1.1333333333333333,2,3,1,80.61016949152543
S45G01N4,2024-2025,20241020,563,home,6,14,3,25,5,30,7,38,21,20,5,0,0,11,7,5,10,58,26,16,9,64,69,12,1,14,2125,0,0,0,15,19.91689921388769,50.92297899427116,49.13793103448276,79,18.219677251431545,18.51851851851852,63.63636363636363,53.84615384615385,1.0,2,3,17,80.57223529411765,35,17,3,22,12,34,5,39,18,24,2,0,0,11,7,3,6,63,20,17,11,49,74,10,1,15,2125,0,0,0,16,-19.91689921388769,36.11438679245283,33.333333333333336,55,18.10719459198455,32.432432432432435,63.63636363636363,85.0,1.1333333333333333,2,3,1,80.57223529411765
S45G01N4,2024-2025,20241020,564,home,6,14,3,25,5,30,7,38,21,20,5,0,0,11,7,5,10,58,26,16,9,64,69,12,1,14,2125,0,0,0,15,19.91689921388769,50.92297899427116,49.13793103448276,79,18.219677251431545,18.51851851851852,63.63636363636363,53.84615384615385,1.0,2,3,17,80.57223529411765,35,17,3,22,12,34,5,39,18,24,2,0,0,11,7,3,6,63,20,17,11,49,74,10,1,15,2125,0,0,0,16,-19.91689921388769,36.11438679245283,33.333333333333336,55,18.10719459198455,32.432432432432435,63.63636363636363,85.0,1.1333333333333333,2,3,1,80.57223529411765
S45G01N4,2024-2025,20241020,565,home,6,14,3,25,5,30,7,38,21,20,5,0,0,11,7,5,10,58,26,16,9,64,69,12,1,14,2125,0,0,0,15,18.94095620895918,50.92297899427116,49.13793103448276,79,18.219677251431545,18.51851851851852,63.63636363636363,53.84615384615385,1.0,3,3,17,80.82070588235294,35,17,3,22,12,34,5,39,18,24,2,0,0,12,8,3,6,63,20,17,11,50,75,10,1,15,2125,0,0,0,16,-18.94095620895918,36.613942589338016,33.333333333333336,56,18.011527377521613,32.432432432432435,66.66666666666667,85.0,1.1333333333333333,3,3,1,80.82070588235294
S45G01N4,2024-2025,20241020,566,home,6,14,3,25,5,30,7,38,21,20,5,0,0,11,7,5,10,58,26,16,9,64,69,12,1,14,2125,0,0,0,15,17.97698796482733,50.92297899427116,49.13793103448276,79,18.219677251431545,18.51851851851852,63.63636363636363,53.84615384615385,1.0,4,3,17,81.06917647058823,35,17,3,22,12,34,5,39,18,24,2,0,0,13,9,3,6,63,20,17,11,51,76,10,1,15,2125,0,0,0,16,-17.97698796482733,37.10710128055879,33.333333333333336,57,17.916865742952698,32.432432432432435,69.23076923076923,85.0,1.1333333333333333,4,3,1,81.06917647058823
S45G01N4,2024-2025,20241020,567,home,6,14,3,25,5,30,7,38,21,20,5,0,0,11,7,5,10,58,26,16,9,64,69,12,1,14,2125,0,0,0,15,17.97698796482733,50.92297899427116,49.13793103448276,79,18.219677251431545,18.51851851851852,63.63636363636363,53.84615384615385,1.0,4,3,17,81.06917647058823,35,17,3,22,12,34,5,39,18,24,2,0,0,13,9,3,6,63,20,17,11,51,76,10,1,15,2125,0,0,0,16,-17.97698796482733,37.10710128055879,33.333333333333336,57,17.916865742952698,32.432432432432435,69.23076923076923,85.0,1.1333333333333333,4,3,1,81.06917647058823
S45G01N4,2024-2025,20241020,568,home,6,14,3,25,5,30,7,38,21,20,5,0,0,11,7,5,10,58,26,16,9,64,69,12,1,14,2125,0,0,0,15,17.97698796482733,50.92297899427116,49.13793103448276,79,18.219677251431545,18.51851851851852,63.63636363636363,53.84615384615385,1.0,4,3,17,81.06917647058823,35,17,3,22,12,34,5,39,18,24,2,0,0,13,9,3,6,63,20,17,11,51,76,10,1,15,2125,0,0,0,16,-17.97698796482733,37.10710128055879,33.333333333333336,57,17.916865742952698,32.432432432432435,69.23076923076923,85.0,1.1333333333333333,4,3,1,81.06917647058823
S45G01N4,2024-2025,20241020,569,home,6,14,3,25,5,30,7,39,21,20,5,0,0,11,7,5,10,59,26,16,9,64,70,12,1,14,2142,0,0,0,15,16.75393936943749,50.125313283208015,48.30508474576271,78,17.985611510791365,18.51851851851852,63.63636363636363,53.84615384615385,1.0,4,3,17,80.9859943977591,35,17,3,22,12,34,5,39,18,24,2,0,0,13,9,3,6,63,20,17,11,51,76,10,1,15,2142,0,0,0,16,-16.75393936943749,37.10710128055879,33.333333333333336,57,17.916865742952698,32.432432432432435,69.23076923076923,85.0,1.1333333333333333,4,3,1,80.9859943977591
S45G01N4,2024-2025,20241020,570,home,6,14,3,25,5,30,7,39,21,20,5,0,0,11,7,5,10,59,26,16,9,64,70,12,1,14,2143,0,0,0,15,16.75393936943749,50.125313283208015,48.30508474576271,78,17.985611510791365,17.857142857142858,63.63636363636363,53.84615384615385,1.0,4,3,17,80.94820345310312,35,17,3,23,12,35,5,39,18,24,2,0,0,13,9,3,6,63,20,17,11,51,76,10,1,15,2143,0,0,0,16,-16.75393936943749,37.10710128055879,33.333333333333336,58,17.916865742952698,32.432432432432435,69.23076923076923,85.0,1.1333333333333333,4,3,1,80.94820345310312
S45G01N4,2024-2025,20241020,571,home,6,14,3,25,5,30,7,39,21,20,5,0,0,11,7,5,10,59,26,16,9,64,70,12,1,14,2163,0,0,0,15,17.73179789148601,50.125313283208015,48.30508474576271,78,17.985611510791365,17.857142857142858,63.63636363636363,53.84615384615385,1.0,4,3,17,80.75450762829404,35,17,3,23,12,35,5,40,18,24,2,0,0,13,9,3,6,64,20,17,11,51,77,10,1,15,2163,0,0,0,16,-17.73179789148601,36.57487091222031,32.8125,57,17.705382436260624,32.432432432432435,69.23076923076923,85.0,1.1333333333333333,4,3,1,80.75450762829404
S45G01N4,2024-2025,20241020,572,home,6,14,3,26,5,31,7,39,21,20,5,0,0,11,7,5,10,59,26,16,9,64,70,12,1,14,2164,0,0,0,15,17.73179789148601,50.125313283208015,48.30508474576271,79,17.985611510791365,17.857142857142858,63.63636363636363,53.84615384615385,1.0,4,3,17,80.71719038817007,35,17,3,23,12,35,5,40,18,24,2,0,0,13,9,3,6,64,20,17,11,51,77,10,1,15,2164,0,0,0,16,-17.73179789148601,36.57487091222031,32.8125,57,17.705382436260624,31.57894736842105,69.23076923076923,85.0,1.1333333333333333,4,3,1,80.71719038817007
S45G01N4,2024-2025,20241020,573,home,6,14,3,26,5,31,7,39,21,21,6,0,0,11,7,5,10,60,27,16,9,67,71,12,1,14,2182,0,0,0,15,20.60471485935159,51.66563849475632,50.0,82,17.757483510908166,17.857142857142858,63.63636363636363,51.851851851851855,1.0,3,3,17,80.60128322639781,35,17,3,23,12,35,5,40,18,24,2,0,0,13,9,3,6,64,20,17,11,51,77,10,1,15,2182,0,0,0,16,-20.60471485935159,36.57487091222031,32.8125,57,17.705382436260624,31.57894736842105,69.23076923076923,85.0,1.1333333333333333,3,3,1,80.60128322639781
S45G01N4,2024-2025,20241020,574,home,6,15,3,26,5,31,7,39,21,21,6,0,0,11,7,5,10,60,27,16,9,67,71,12,1,14,2182,0,0,0,15,20.60471485935159,51.66563849475632,50.0,83,17.757483510908166,17.857142857142858,63.63636363636363,55.55555555555556,1.0714285714285714,3,3,17,80.60128322639781,35,17,3,23,12,35,5,40,18,24,2,0,0,13,9,3,6,64,20,17,11,51,77,10,1,15,2182,0,0,0,16,-20.60471485935159,36.57487091222031,32.8125,57,17.705382436260624,31.57894736842105,69.23076923076923,85.0,1.1333333333333333,3,3,1,80.60128322639781
S45G01N4,2024-2025,20241020,575,home,6,15,3,26,5,31,7,39,21,21,6,0,0,11,7,5,10,60,27,16,9,67,71,12,1,14,2183,0,0,0,15,20.60471485935159,51.66563849475632,50.0,83,17.757483510908166,17.857142857142858,63.63636363636363,55.55555555555556,1.0714285714285714,3,3,17,80.56436097114063,35,17,3,23,12,35,5,40,18,24,2,0,0,13,9,3,6,64,20,17,11,51,77,10,1,15,2183,0,0,0,16,-20.60471485935159,36.57487091222031,32.8125,57,17.705382436260624,31.57894736842105,69.23076923076923,85.0,1.1333333333333333,3,3,1,80.56436097114063
S45G01N4,2024-2025,20241020,576,home,6,15,3,26,5,31,7,39,21,21,6,0,0,11,7,5,10,60,27,16,9,67,71,12,1,14,2183,0,0,0,15,20.60471485935159,51.66563849475632,50.0,83,17.757483510908166,17.857142857142858,63.63636363636363,55.55555555555556,1.0714285714285714,3,3,17,80.56436097114063,35,17,3,23,12,35,5,40,18,24,2,0,0,13,9,3,6,64,20,17,11,51,77,10,1,15,2183,0,0,0,16,-20.60471485935159,36.57487091222031,32.8125,57,17.705382436260624,31.57894736842105,69.23076923076923,85.0,1.1333333333333333,3,3,1,80.56436097114063
S45G01N4,2024-2025,20241020,577,home,6,15,3,26,5,31,7,39,21,21,6,0,0,11,7,5,10,60,27,16,9,67,71,12,1,14,2183,0,0,0,15,20.60471485935159,51.66563849475632,50.0,83,17.757483510908166,17.857142857142858,63.63636363636363,55.55555555555556,1.0714285714285714,3,3,17,80.56436097114063,35,17,3,23,12,35,5,40,18,24,2,0,0,13,9,3,6,64,20,17,11,51,77,10,1,15,2183,0,0,0,16,-20.60471485935159,36.57487091222031,32.8125,57,17.705382436260624,31.57894736842105,69.23076923076923,85.0,1.1333333333333333,3,3,1,80.56436097114063
S45G01N4,2024-2025,20241020,578,home,6,15,3,26,5,31,7,39,21,21,6,0,0,11,7,5,10,60,27,16,9,67,71,12,1,14,2183,0,0,0,15,20.60471485935159,51.66563849475632,50.0,83,17.757483510908166,17.857142857142858,63.63636363636363,55.55555555555556,1.0714285714285714,3,3,17,80.56436097114063,35,17,3,23,12,35,5,40,18,24,2,0,0,13,9,3,6,64,20,17,11,51,77,10,1,15,2183,0,0,0,16,-20.60471485935159,36.57487091222031,32.8125,57,17.705382436260624,31.57894736842105,69.23076923076923,85.0,1.1333333333333333,3,3,1,80.56436097114063
S45G01N4,2024-2025,20241020,579,home,6,15,3,26,5,31,7,39,21,21,6,0,0,11,7,5,10,60,27,16,9,67,71,12,1,14,2183,0,0,0,15,20.60471485935159,51.66563849475632,50.0,83,17.757483510908166,17.857142857142858,63.63636363636363,55.55555555555556,1.0714285714285714,3,3,17,80.56436097114063,35,17,3,23,12,35,5,40,18,24,2,0,0,13,9,3,6,64,20,17,11,51,77,10,1,15,2183,0,0,0,16,-20.60471485935159,36.57487091222031,32.8125,57,17.705382436260624,31.57894736842105,69.23076923076923,85.0,1.1333333333333333,3,3,1,80.56436097114063
S45G01N4,2024-2025,20241020,580,home,6,15,3,26,5,31,7,39,21,21,6,0,0,11,7,5,10,60,27,16,9,67,71,12,1,14,2183,0,0,0,15,20.60471485935159,51.66563849475632,50.0,83,17.757483510908166,17.857142857142858,63.63636363636363,55.55555555555556,1.0714285714285714,3,3,17,80.56436097114063,35,17,3,23,12,35,5,40,18,24,2,0,0,13,9,3,6,64,20,17,11,51,77,10,1,15,2183,0,0,0,16,-20.60471485935159,36.57487091222031,32.8125,57,17.705382436260624,31.57894736842105,69.23076923076923,85.0,1.1333333333333333,3,3,1,80.56436097114063
S45G01N4,2024-2025,20241020,581,home,6,15,3,26,5,31,7,39,21,21,6,0,0,11,7,5,10,60,27,16,9,67,71,12,1,14,2183,0,0,0,15,20.60471485935159,51.66563849475632,50.0,83,17.757483510908166,17.857142857142858,63.63636363636363,55.55555555555556,1.0714285714285714,3,3,17,80.56436097114063,35,17,3,23,12,35,5,40,18,24,2,0,0,13,9,3,6,64,20,17,11,51,77,10,1,15,2183,0,0,0,16,-20.60471485935159,36.57487091222031,32.8125,57,17.705382436260624,31.57894736842105,69.23076923076923,85.0,1.1333333333333333,3,3,1,80.56436097114063
S45G01N4,2024-2025,20241020,582,home,6,15,3,26,5,31,7,39,21,21,6,0,0,11,7,5,10,60,27,16,9,67,71,12,1,14,2197,0,0,0,15,21.556044392738997,51.66563849475632,50.0,83,17.757483510908166,17.857142857142858,63.63636363636363,55.55555555555556,1.0714285714285714,3,3,17,80.59717796995903,35,17,3,23,12,35,5,40,18,25,2,0,0,13,9,3,6,65,20,17,11,51,78,10,1,15,2197,0,0,0,16,-21.556044392738997,36.05769230769231,32.30769230769231,56,17.498833411105927,31.57894736842105,69.23076923076923,85.0,1.1333333333333333,3,3,1,80.59717796995903
S45G01N4,2024-2025,20241020,583,home,6,15,3,27,5,32,7,39,21,21,6,0,0,11,7,5,10,60,27,16,9,67,71,12,1,14,2199,0,0,0,15,21.556044392738997,51.66563849475632,50.0,84,17.757483510908166,17.857142857142858,63.63636363636363,55.55555555555556,1.0714285714285714,3,3,17,80.52387448840382,35,17,3,23,12,35,5,40,18,25,2,0,0,13,9,3,6,65,20,17,11,51,78,10,1,15,2199,0,0,0,16,-21.556044392738997,36.05769230769231,32.30769230769231,56,17.498833411105927,30.76923076923077,69.23076923076923,85.0,1.1333333333333333,3,3,1,80.52387448840382
S45G01N4,2024-2025,20241020,584,home,6,15,3,27,5,32,7,39,21,21,6,0,0,11,7,5,10,60,27,16,9,67,71,12,1,14,2203,0,0,0,15,21.556044392738997,51.66563849475632,50.0,84,17.757483510908166,17.857142857142858,63.63636363636363,55.55555555555556,1.0714285714285714,3,3,17,80.3776668179755,35,17,3,23,12,35,5,40,18,25,2,0,0,13,9,3,6,65,20,18,12,51,78,10,1,15,2203,0,0,0,16,-21.556044392738997,36.05769230769231,32.30769230769231,56,17.498833411105927,30.76923076923077,69.23076923076923,85.0,1.1333333333333333,3,3,1,80.3776668179755
S45G01N4,2024-2025,20241020,585,home,6,15,3,27,5,32,7,39,21,21,6,0,0,11,7,5,10,60,27,16,9,67,71,12,1,14,2203,0,0,0,15,21.556044392738997,51.66563849475632,50.0,84,17.757483510908166,17.857142857142858,63.63636363636363,55.55555555555556,1.0714285714285714,3,3,17,80.3776668179755,35,17,3,23,12,35,5,40,18,25,2,0,0,13,9,3,6,65,20,18,12,51,78,10,1,15,2203,0,0,0,16,-21.556044392738997,36.05769230769231,32.30769230769231,56,17.498833411105927,30.76923076923077,69.23076923076923,85.0,1.1333333333333333,3,3,1,80.3776668179755
S45G01N4,2024-2025,20241020,586,home,6,15,3,27,5,32,7,40,21,21,6,0,0,11,7,5,10,61,27,16,9,67,72,12,1,14,2212,0,0,0,15,20.343634878299227,50.880923450789794,49.18032786885246,83,17.53507014028056,17.857142857142858,63.63636363636363,55.55555555555556,1.0714285714285714,3,3,17,80.59312839059675,35,17,3,23,12,35,5,40,18,25,2,0,0,13,9,3,6,65,20,18,12,51,78,10,1,15,2212,0,0,0,16,-20.343634878299227,36.05769230769231,32.30769230769231,56,17.498833411105927,30.76923076923077,69.23076923076923,85.0,1.1333333333333333,3,3,1,80.59312839059675
S45G01N4,2024-2025,20241020,587,home,6,15,3,27,5,32,7,40,21,21,6,0,0,11,7,5,10,61,27,16,9,67,72,12,1,14,2214,0,0,0,15,20.343634878299227,50.880923450789794,49.18032786885246,83,17.53507014028056,17.24137931034483,63.63636363636363,55.55555555555556,1.0714285714285714,3,3,17,80.52032520325203,35,17,3,24,12,36,5,40,18,25,2,0,0,13,9,3,6,65,20,18,12,51,78,10,1,15,2214,0,0,0,16,-20.343634878299227,36.05769230769231,32.30769230769231,57,17.498833411105927,30.76923076923077,69.23076923076923,85.0,1.1333333333333333,3,3,1,80.52032520325203
S45G01N4,2024-2025,20241020,588,home,6,15,3,27,5,32,7,40,21,21,6,0,0,11,7,5,10,61,27,16,9,67,72,12,1,14,2223,0,0,0,15,17.254511265718037,50.880923450789794,49.18032786885246,83,17.53507014028056,17.24137931034483,63.63636363636363,55.55555555555556,1.0714285714285714,3,3,17,80.73414304993253,35,17,3,24,12,36,5,40,18,26,3,0,0,13,9,3,6,66,21,18,12,54,79,10,1,15,2223,0,0,0,16,-17.254511265718037,37.646402677077525,34.09090909090909,60,17.297047970479706,30.76923076923077,69.23076923076923,80.95238095238095,1.1333333333333333,3,3,1,80.73414304993253
S45G01N4,2024-2025,20241020,589,home,6,15,3,27,5,32,7,40,21,21,6,0,0,11,7,5,10,61,27,16,9,67,72,12,1,14,2223,0,0,0,15,17.254511265718037,50.880923450789794,49.18032786885246,83,17.53507014028056,17.24137931034483,63.63636363636363,55.55555555555556,1.0714285714285714,3,3,17,80.73414304993253,35,18,3,24,12,36,5,40,18,26,3,0,0,13,9,3,6,66,21,18,12,54,79,10,1,15,2223,0,0,0,16,-17.254511265718037,37.646402677077525,34.09090909090909,61,17.297047970479706,30.76923076923077,69.23076923076923,85.71428571428571,1.2,3,3,1,80.73414304993253
S45G01N4,2024-2025,20241020,590,home,6,15,3,27,5,32,7,40,21,21,6,0,0,11,7,5,10,61,27,16,9,67,72,12,1,15,2232,0,0,0,16,16.074074576026163,50.880923450789794,49.18032786885246,82,18.555170707570507,17.24137931034483,63.63636363636363,55.55555555555556,1.0,3,3,17,80.94623655913978,35,18,3,24,12,36,5,40,18,26,3,0,0,13,9,3,6,66,21,18,12,54,79,10,1,15,2232,0,0,0,16,-16.074074576026163,37.646402677077525,34.09090909090909,61,17.297047970479706,30.76923076923077,69.23076923076923,85.71428571428571,1.2,3,3,1,80.94623655913978
S45G01N4,2024-2025,20241020,591,home,6,15,3,27,5,32,7,40,21,21,6,0,0,11,7,5,10,61,27,16,9,67,72,12,1,15,2233,0,0,0,16,16.074074576026163,50.880923450789794,49.18032786885246,82,18.555170707570507,17.24137931034483,63.63636363636363,55.55555555555556,1.0,3,3,17,80.90998656515897,35,18,3,24,12,36,5,40,18,26,3,0,0,13,9,3,6,66,21,18,12,54,79,11,1,15,2233,0,0,0,16,-16.074074576026163,37.646402677077525,34.09090909090909,62,17.297047970479706,30.76923076923077,69.23076923076923,85.71428571428571,1.2,3,3,1,80.90998656515897
S45G01N4,2024-2025,20241020,592,home,6,15,3,27,5,32,7,40,21,21,6,0,0,11,7,5,10,61,27,17,9,67,72,12,1,15,2234,1,0,0,16,16.074074576026163,50.880923450789794,49.18032786885246,82,18.555170707570507,17.24137931034483,63.63636363636363,55.55555555555556,1.0,3,3,17,80.87376902417189,35,18,3,24,12,36,5,40,18,26,3,0,0,13,9,3,6,66,21,18,12,54,79,11,1,15,2234,0,0,0,16,-16.074074576026163,37.646402677077525,34.09090909090909,62,17.297047970479706,30.76923076923077,69.23076923076923,85.71428571428571,1.2,3,3,1,80.87376902417189
S45G01N4,2024-2025,20241020,593,home,6,15,3,27,5,32,7,40,21,21,6,0,0,11,7,5,10,61,27,17,9,67,72,12,1,15,2234,1,0,0,16,16.074074576026163,50.880923450789794,49.18032786885246,82,18.555170707570507,17.24137931034483,63.63636363636363,55.55555555555556,1.0,3,3,17,80.87376902417189,35,18,3,24,12,36,5,40,18,26,3,0,0,13,9,3,6,66,21,18,12,54,79,11,1,15,2234,0,0,0,16,-16.074074576026163,37.646402677077525,34.09090909090909,62,17.297047970479706,30.76923076923077,69.23076923076923,85.71428571428571,1.2,3,3,1,80.87376902417189
S45G01N4,2024-2025,20241020,594,home,6,15,3,27,5,32,7,40,21,21,6,0,0,11,7,5,10,61,27,17,9,67,72,12,1,15,2234,1,0,0,16,16.074074576026163,50.880923450789794,49.18032786885246,82,18.555170707570507,17.24137931034483,63.63636363636363,55.55555555555556,1.0,3,3,17,80.87376902417189,35,18,3,24,12,36,5,40,18,26,3,0,0,13,9,3,6,66,21,18,12,54,79,11,1,15,2234,0,0,0,16,-16.074074576026163,37.646402677077525,34.09090909090909,62,17.297047970479706,30.76923076923077,69.23076923076923,85.71428571428571,1.2,3,3,1,80.87376902417189
S45G01N4,2024-2025,20241020,595,home,6,15,3,27,5,32,7,40,21,21,6,0,0,11,7,5,10,61,27,17,9,67,72,12,1,15,2234,1,0,0,16,16.074074576026163,50.880923450789794,49.18032786885246,82,18.555170707570507,17.24137931034483,63.63636363636363,55.55555555555556,1.0,3,3,17,80.87376902417189,35,18,3,24,12,36,5,40,18,26,3,0,0,13,9,3,6,66,21,18,12,54,79,11,1,15,2234,0,0,0,16,-16.074074576026163,37.646402677077525,34.09090909090909,62,17.297047970479706,30.76923076923077,69.23076923076923,85.71428571428571,1.2,3,3,1,80.87376902417189
S45G01N4,2024-2025,20241020,596,home,6,15,3,27,5,32,7,40,21,21,6,0,0,11,7,5,10,61,27,17,9,67,72,12,1,15,2234,1,0,0,16,16.497154874102606,50.880923450789794,49.18032786885246,82,18.555170707570507,17.24137931034483,63.63636363636363,55.55555555555556,1.0,3,3,17,81.11011638316921,35,18,3,24,12,36,5,40,18,26,3,0,0,14,9,3,6,66,21,18,12,54,80,11,1,15,2234,0,0,0,16,-16.497154874102606,37.41685144124169,34.09090909090909,61,17.209729233593393,30.76923076923077,64.28571428571429,85.71428571428571,1.2,3,3,1,81.11011638316921
S45G01N4,2024-2025,20241020,597,home,6,15,3,27,5,32,7,40,21,21,6,0,0,11,7,5,10,61,27,17,9,67,72,12,1,15,2234,1,0,0,16,15.592559105217319,50.880923450789794,49.18032786885246,82,18.555170707570507,17.24137931034483,63.63636363636363,55.55555555555556,1.0,4,3,17,81.34646374216652,35,18,3,24,12,36,5,40,18,26,3,0,0,15,10,3,6,66,21,18,12,55,81,11,1,15,2234,0,0,0,16,-15.592559105217319,37.87878787878788,34.09090909090909,62,17.123287671232877,30.76923076923077,66.66666666666667,85.71428571428571,1.2,4,3,1,81.34646374216652
S45G01N4,2024-2025,20241020,598,home,6,15,3,27,5,32,7,40,21,21,6,0,0,11,7,5,10,61,27,17,9,67,72,12,1,15,2242,1,0,0,16,16.54231527690561,50.880923450789794,49.18032786885246,82,18.555170707570507,17.24137931034483,63.63636363636363,55.55555555555556,1.0,4,3,17,81.5914362176628,35,18,3,24,12,36,5,41,18,26,3,0,0,15,10,3,6,67,21,18,12,55,82,11,1,15,2242,0,0,0,16,-16.54231527690561,37.36413043478261,33.582089552238806,61,16.93002257336343,30.76923076923077,66.66666666666667,85.71428571428571,1.2,4,3,1,81.5914362176628
S45G01N4,2024-2025,20241020,599,home,6,15,3,28,5,33,7,40,21,21,6,0,0,11,7,5,10,61,27,17,9,67,72,12,1,15,2244,1,0,0,16,16.54231527690561,50.880923450789794,49.18032786885246,83,18.555170707570507,17.24137931034483,63.63636363636363,55.55555555555556,1.0,4,3,17,81.5187165775401,35,18,3,24,12,36,5,41,18,26,3,0,0,15,10,3,6,67,21,18,12,55,82,11,1,15,2244,0,0,0,16,-16.54231527690561,37.36413043478261,33.582089552238806,61,16.93002257336343,30.0,66.66666666666667,85.71428571428571,1.2,4,3,1,81.5187165775401
S45G01N4,2024-2025,20241020,600,home,6,15,3,28,5,33,7,40,21,21,6,0,0,11,7,5,10,61,27,17,9,67,72,12,1,16,2255,1,0,0,17,15.392603123645074,50.880923450789794,49.18032786885246,82,19.550342130987293,17.24137931034483,63.63636363636363,55.55555555555556,0.9375,4,3,17,81.65321507760531,35,18,3,24,12,36,5,41,18,26,3,0,0,15,10,3,6,67,21,18,12,55,82,11,1,15,2255,0,0,0,16,-15.392603123645074,37.36413043478261,33.582089552238806,61,16.93002257336343,30.0,66.66666666666667,85.71428571428571,1.2,4,3,1,81.65321507760531
S45G01N4,2024-2025,20241020,601,home,6,15,3,28,5,33,7,40,21,21,6,0,0,11,7,5,10,61,27,17,9,67,72,12,1,16,2272,1,0,0,17,13.740561455856863,50.880923450789794,49.18032786885246,82,19.550342130987293,17.24137931034483,63.63636363636363,55.55555555555556,0.9375,6,3,17,81.57042253521126,35,18,3,24,12,36,5,42,19,26,3,0,0,15,10,3,6,68,22,18,12,57,83,11,1,15,2272,0,0,0,16,-13.740561455856863,38.20375335120644,34.55882352941177,63,16.74107142857143,30.0,66.66666666666667,81.81818181818181,1.2,6,3,1,81.57042253521126
S45G01N4,2024-2025,20241020,602,home,6,15,3,28,5,33,7,40,21,22,7,0,0,11,7,5,10,62,28,17,9,70,73,12,1,16,2293,1,0,0,17,16.474449306534154,52.3638539796529,50.806451612903224,85,19.31434089811685,17.24137931034483,63.63636363636363,53.57142857142857,0.9375,3,3,17,81.3467073702573,35,18,3,24,12,36,5,42,19,26,3,0,0,15,10,3,6,68,22,18,12,57,83,11,1,15,2293,0,0,0,16,-16.474449306534154,38.20375335120644,34.55882352941177,63,16.74107142857143,30.0,66.66666666666667,81.81818181818181,1.2,3,3,1,81.3467073702573
S45G01N4,2024-2025,20241020,603,home,6,15,3,28,5,33,7,40,21,22,7,0,0,11,7,5,10,62,28,17,9,70,73,12,1,16,2306,1,0,0,17,17.40897358449118,52.3638539796529,50.806451612903224,85,19.31434089811685,17.24137931034483,63.63636363636363,53.57142857142857,0.9375,3,3,17,81.40849956634867,35,18,3,24,12,36,5,43,19,26,3,0,0,15,10,3,6,69,22,18,12,57,84,11,1,15,2306,0,0,0,16,-17.40897358449118,37.6984126984127,34.05797101449275,62,16.55629139072848,30.0,66.66666666666667,81.81818181818181,1.2,3,3,1,81.40849956634867
S45G01N4,2024-2025,20241020,604,home,6,15,3,28,5,33,7,40,21,22,7,0,0,11,7,5,10,62,28,17,9,70,73,12,1,16,2308,1,0,0,17,16.474449306534154,52.3638539796529,50.806451612903224,85,19.31434089811685,17.24137931034483,63.63636363636363,53.57142857142857,0.9375,3,3,17,80.81802426343155,35,18,3,24,13,37,5,43,19,26,3,0,0,15,10,3,6,69,22,18,12,57,84,11,1,15,2308,0,0,0,16,-16.474449306534154,37.6984126984127,34.05797101449275,63,16.55629139072848,31.70731707317073,66.66666666666667,81.81818181818181,1.2,3,3,1,80.81802426343155
S45G01N4,2024-2025,20241020,605,home,6,15,3,28,5,33,7,40,21,22,7,0,0,11,7,5,10,62,28,17,9,70,73,12,1,16,2310,1,0,0,17,17.40897358449118,52.3638539796529,50.806451612903224,85,19.31434089811685,17.24137931034483,63.63636363636363,53.57142857142857,0.9375,3,3,17,81.26753246753246,35,18,3,24,13,37,5,43,19,27,3,0,0,15,10,3,6,70,22,18,12,57,85,11,1,15,2310,0,0,0,16,-17.40897358449118,37.206266318537864,33.57142857142857,62,16.375545851528386,31.70731707317073,66.66666666666667,81.81818181818181,1.2,3,3,1,81.26753246753246
S45G01N4,2024-2025,20241020,606,home,6,15,3,28,5,33,7,40,21,22,7,0,0,11,7,5,10,62,28,17,9,70,73,12,1,16,2311,1,0,0,17,16.474449306534154,52.3638539796529,50.806451612903224,85,19.31434089811685,17.24137931034483,63.63636363636363,53.57142857142857,0.9375,3,3,17,80.71311120726958,35,18,3,24,14,38,5,43,19,27,3,0,0,15,10,3,6,70,22,18,12,57,85,11,1,15,2311,0,0,0,16,-16.474449306534154,37.206266318537864,33.57142857142857,63,16.375545851528386,33.333333333333336,66.66666666666667,81.81818181818181,1.2,3,3,1,80.71311120726958
S45G01N4,2024-2025,20241020,607,home,6,15,3,28,5,33,7,40,21,22,7,0,0,11,7,5,10,62,28,18,9,70,73,12,1,16,2311,1,0,0,17,16.474449306534154,52.3638539796529,50.806451612903224,85,19.31434089811685,17.24137931034483,63.63636363636363,53.57142857142857,0.9375,3,3,17,80.71311120726958,35,18,3,24,14,38,5,43,19,27,3,0,0,15,10,3,6,70,22,18,12,57,85,11,1,15,2311,0,0,0,16,-16.474449306534154,37.206266318537864,33.57142857142857,63,16.375545851528386,33.333333333333336,66.66666666666667,81.81818181818181,1.2,3,3,1,80.71311120726958
S45G01N4,2024-2025,20241020,608,home,6,15,3,28,5,33,7,40,21,22,7,0,0,11,7,5,10,62,28,18,9,70,73,12,1,16,2311,1,0,0,17,16.474449306534154,52.3638539796529,50.806451612903224,85,19.31434089811685,17.24137931034483,63.63636363636363,53.57142857142857,0.9375,3,3,17,80.71311120726958,35,18,3,24,14,38,5,43,19,27,3,0,0,15,10,3,6,70,22,18,12,57,85,11,1,15,2311,0,0,0,16,-16.474449306534154,37.206266318537864,33.57142857142857,63,16.375545851528386,33.333333333333336,66.66666666666667,81.81818181818181,1.2,3,3,1,80.71311120726958
S45G01N4,2024-2025,20241020,609,home,6,15,3,28,5,33,7,40,21,22,7,0,0,11,7,5,10,62,28,18,9,70,73,12,1,16,2311,1,0,0,17,15.607196457083447,52.3638539796529,50.806451612903224,85,19.31434089811685,17.24137931034483,63.63636363636363,53.57142857142857,0.9375,1,3,17,80.941583729987,35,18,3,24,14,38,5,43,19,27,3,0,0,16,11,3,6,70,22,18,12,58,86,11,1,15,2311,0,0,0,16,-15.607196457083447,37.64278296988577,33.57142857142857,64,16.297262059973924,33.333333333333336,68.75,81.81818181818181,1.2,1,3,1,80.941583729987
S45G01N4,2024-2025,20241020,610,home,6,15,3,28,5,33,7,40,21,22,7,0,0,11,7,5,10,62,28,18,9,70,73,12,1,16,2311,1,0,0,17,14.749668155383958,52.3638539796529,50.806451612903224,85,19.31434089811685,17.24137931034483,63.63636363636363,53.57142857142857,0.9375,2,3,17,81.17005625270444,35,18,3,24,14,38,5,43,19,27,3,0,0,17,12,3,6,70,22,18,12,59,87,11,1,15,2311,0,0,0,16,-14.749668155383958,38.07434176561693,33.57142857142857,65,16.219723183391004,33.333333333333336,70.58823529411765,81.81818181818181,1.2,2,3,1,81.17005625270444
S45G01N4,2024-2025,20241020,611,home,6,15,3,28,5,33,7,40,21,22,7,0,0,11,7,5,10,62,28,18,9,70,73,12,1,16,2311,1,0,0,17,14.749668155383958,52.3638539796529,50.806451612903224,85,19.31434089811685,17.24137931034483,63.63636363636363,53.57142857142857,0.9375,2,3,17,81.17005625270444,35,18,3,24,14,38,5,43,19,27,3,0,0,17,12,3,6,70,22,18,12,59,87,11,1,15,2311,0,0,0,16,-14.749668155383958,38.07434176561693,33.57142857142857,65,16.219723183391004,33.333333333333336,70.58823529411765,81.81818181818181,1.2,2,3,1,81.17005625270444
S45G01N4,2024-2025,20241020,612,home,6,15,3,28,5,33,7,40,21,22,7,0,0,11,7,5,10,62,28,18,9,70,73,12,1,16,2311,1,0,0,17,14.749668155383958,52.3638539796529,50.806451612903224,85,19.31434089811685,17.24137931034483,63.63636363636363,53.57142857142857,0.9375,2,3,17,81.17005625270444,35,18,3,24,14,38,5,43,19,27,3,0,0,17,12,3,6,70,22,18,12,59,87,11,1,15,2311,0,0,0,16,-14.749668155383958,38.07434176561693,33.57142857142857,65,16.219723183391004,33.333333333333336,70.58823529411765,81.81818181818181,1.2,2,3,1,81.17005625270444
S45G01N4,2024-2025,20241020,613,home,6,15,3,28,5,33,7,40,21,23,7,0,0,11,7,5,10,63,28,18,9,70,74,12,1,16,2333,1,0,0,17,13.609028155967962,51.59198113207547,50.0,84,19.083969465648853,17.24137931034483,63.63636363636363,53.57142857142857,0.9375,2,3,17,80.91898842691813,35,18,3,24,14,38,5,43,19,27,3,0,0,17,12,3,6,70,22,18,12,59,87,11,1,15,2333,0,0,0,16,-13.609028155967962,38.07434176561693,33.57142857142857,65,16.219723183391004,33.333333333333336,70.58823529411765,81.81818181818181,1.2,2,3,1,80.91898842691813
S45G01N4,2024-2025,20241020,614,home,6,15,3,28,5,33,7,40,21,23,7,0,0,11,7,5,10,63,28,18,9,70,74,12,1,16,2334,1,0,0,17,13.609028155967962,51.59198113207547,50.0,84,19.083969465648853,16.666666666666668,63.63636363636363,53.57142857142857,0.9375,2,3,17,80.88431876606683,35,18,3,25,14,39,5,43,19,27,3,0,0,17,12,3,6,70,22,18,12,59,87,11,1,15,2334,0,0,0,16,-13.609028155967962,38.07434176561693,33.57142857142857,66,16.219723183391004,33.333333333333336,70.58823529411765,81.81818181818181,1.2,2,3,1,80.88431876606683
S45G01N4,2024-2025,20241020,615,home,6,15,3,28,5,33,7,40,21,23,7,0,0,11,7,5,10,63,28,18,9,70,74,12,1,16,2337,1,0,0,17,12.038549914883063,51.59198113207547,50.0,84,19.083969465648853,16.666666666666668,63.63636363636363,53.57142857142857,0.9375,4,3,17,81.29396662387676,35,18,3,25,14,39,5,44,20,27,3,0,0,17,12,3,6,71,23,18,12,61,88,11,1,15,2337,0,0,0,16,-12.038549914883063,38.86340468909276,34.50704225352113,68,16.046213093709884,33.333333333333336,70.58823529411765,78.26086956521739,1.2,4,3,1,81.29396662387676
S45G01N4,2024-2025,20241020,616,home,6,15,3,28,5,33,7,40,21,23,7,0,0,11,7,5,10,63,28,18,9,70,74,12,1,16,2337,1,0,0,17,12.038549914883063,51.59198113207547,50.0,84,19.083969465648853,16.666666666666668,63.63636363636363,53.57142857142857,0.9375,4,3,17,81.29396662387676,35,19,3,25,14,39,5,44,20,27,3,0,0,17,12,3,6,71,23,18,12,61,88,11,1,15,2337,0,0,0,16,-12.038549914883063,38.86340468909276,34.50704225352113,69,16.046213093709884,33.333333333333336,70.58823529411765,82.6086956521739,1.2666666666666666,4,3,1,81.29396662387676
S45G01N4,2024-2025,20241020,617,home,6,15,3,28,5,33,7,40,21,23,7,0,0,11,7,5,10,63,28,18,9,70,74,12,1,16,2337,1,0,0,17,12.038549914883063,51.59198113207547,50.0,84,19.083969465648853,16.666666666666668,63.63636363636363,53.57142857142857,0.9375,4,3,17,81.29396662387676,35,19,3,25,14,39,5,44,20,27,3,0,0,17,12,4,8,71,23,18,12,61,88,11,1,15,2337,0,0,0,16,-12.038549914883063,38.86340468909276,34.50704225352113,69,16.046213093709884,33.333333333333336,70.58823529411765,82.6086956521739,1.2666666666666666,4,3,1,81.29396662387676
S45G01N4,2024-2025,20241020,618,home,6,15,3,28,5,33,7,41,22,23,7,0,0,11,7,5,10,64,29,18,9,72,75,12,1,16,2356,1,0,0,17,13.431493081785106,52.29517722254503,50.78125,86,18.85902876001886,16.666666666666668,63.63636363636363,51.724137931034484,0.9375,2,3,17,81.14770797962649,35,19,3,25,14,39,5,44,20,27,3,0,0,17,12,4,8,71,23,18,12,61,88,11,1,15,2356,0,0,0,16,-13.431493081785106,38.86340468909276,34.50704225352113,69,16.046213093709884,33.333333333333336,70.58823529411765,82.6086956521739,1.2666666666666666,2,3,1,81.14770797962649
S45G01N4,2024-2025,20241020,619,home,6,16,3,28,5,33,7,41,22,23,7,0,0,11,7,5,10,64,29,18,9,72,75,12,1,16,2356,1,0,0,17,13.431493081785106,52.29517722254503,50.78125,87,18.85902876001886,16.666666666666668,63.63636363636363,55.172413793103445,1.0,2,3,17,81.14770797962649,35,19,3,25,14,39,5,44,20,27,3,0,0,17,12,4,8,71,23,18,12,61,88,11,1,15,2356,0,0,0,16,-13.431493081785106,38.86340468909276,34.50704225352113,69,16.046213093709884,33.333333333333336,70.58823529411765,82.6086956521739,1.2666666666666666,2,3,1,81.14770797962649
S45G01N4,2024-2025,20241020,620,home,6,16,3,28,5,33,7,41,22,23,7,0,0,11,7,5,10,64,29,18,9,72,75,12,1,16,2369,1,0,0,17,14.385132093212263,52.29517722254503,50.78125,87,18.85902876001886,16.666666666666668,63.63636363636363,55.172413793103445,1.0,2,3,17,81.20894892359644,35,19,3,25,14,39,5,45,20,27,3,0,0,17,12,4,8,72,23,18,12,61,89,11,1,15,2369,0,0,0,16,-14.385132093212263,38.37443381982889,34.02777777777778,68,15.876375952582556,33.333333333333336,70.58823529411765,82.6086956521739,1.2666666666666666,2,3,1,81.20894892359644
S45G01N4,2024-2025,20241020,621,home,6,16,3,29,5,34,7,41,22,23,7,0,0,11,7,5,10,64,29,18,9,72,75,12,1,16,2370,1,0,0,17,14.385132093212263,52.29517722254503,50.78125,88,18.85902876001886,16.666666666666668,63.63636363636363,55.172413793103445,1.0,2,3,17,81.1746835443038,35,19,3,25,14,39,5,45,20,27,3,0,0,17,12,4,8,72,23,18,12,61,89,11,1,15,2370,0,0,0,16,-14.385132093212263,38.37443381982889,34.02777777777778,68,15.876375952582556,32.55813953488372,70.58823529411765,82.6086956521739,1.2666666666666666,2,3,1,81.1746835443038
S45G01N4,2024-2025,20241020,622,home,6,16,3,29,5,34,7,42,22,23,7,0,0,11,7,5,10,65,29,18,9,72,76,12,1,16,2388,1,0,0,17,13.269590768107818,51.546391752577314,50.0,87,18.63932898415657,16.666666666666668,63.63636363636363,55.172413793103445,1.0,2,3,17,81.06532663316582,35,19,3,25,14,39,5,45,20,27,3,0,0,17,12,4,8,72,23,18,12,61,89,11,1,15,2388,0,0,0,16,-13.269590768107818,38.37443381982889,34.02777777777778,68,15.876375952582556,32.55813953488372,70.58823529411765,82.6086956521739,1.2666666666666666,2,3,1,81.06532663316582
S45G01N4,2024-2025,20241020,623,home,6,16,3,29,5,34,7,42,22,23,7,0,0,11,7,5,10,65,29,18,9,72,76,12,1,16,2389,1,0,0,17,13.269590768107818,51.546391752577314,50.0,87,18.63932898415657,16.666666666666668,63.63636363636363,55.172413793103445,1.0,2,3,17,81.03139388865634,35,19,4,25,14,39,5,45,20,27,3,0,0,17,12,4,8,72,23,18,12,61,89,11,1,15,2389,0,0,0,16,-13.269590768107818,38.37443381982889,34.02777777777778,69,15.876375952582556,32.55813953488372,70.58823529411765,82.6086956521739,1.2666666666666666,2,3,1,81.03139388865634
S45G01N4,2024-2025,20241020,624,home,6,16,3,29,5,34,7,42,22,23,7,0,0,11,7,5,10,65,29,18,9,72,76,12,1,16,2390,1,0,0,17,13.269590768107818,51.546391752577314,50.0,87,18.63932898415657,16.129032258064516,63.63636363636363,55.172413793103445,1.0,2,3,17,80.99748953974894,35,19,4,26,14,40,5,45,20,27,3,0,0,17,12,4,8,72,23,18,12,61,89,11,1,15,2390,0,0,0,16,-13.269590768107818,38.37443381982889,34.02777777777778,70,15.876375952582556,32.55813953488372,70.58823529411765,82.6086956521739,1.2666666666666666,2,3,1,80.99748953974894
S45G01N4,2024-2025,20241020,625,home,6,16,3,29,5,34,7,42,22,23,7,0,0,11,7,5,10,65,29,18,9,72,76,12,1,16,2396,1,0,0,17,11.745231767472461,51.546391752577314,50.0,87,18.63932898415657,16.129032258064516,63.63636363636363,55.172413793103445,1.0,2,3,17,81.29549248747912,35,19,4,26,14,40,5,46,21,27,3,0,0,17,12,4,8,73,24,18,12,63,90,11,1,15,2396,0,0,0,16,-11.745231767472461,39.140159045725646,34.93150684931507,72,15.710096355257646,32.55813953488372,70.58823529411765,79.16666666666667,1.2666666666666666,2,3,1,81.29549248747912
S45G01N4,2024-2025,20241020,626,home,6,16,3,29,5,34,7,42,22,23,7,0,0,11,7,5,10,65,29,18,9,72,76,12,1,16,2396,1,0,0,17,11.745231767472461,51.546391752577314,50.0,87,18.63932898415657,16.129032258064516,63.63636363636363,55.172413793103445,1.0,2,3,17,81.29549248747912,35,20,4,26,14,40,5,46,21,27,3,0,0,17,12,4,8,73,24,18,12,63,90,11,1,15,2396,0,0,0,16,-11.745231767472461,39.140159045725646,34.93150684931507,73,15.710096355257646,32.55813953488372,70.58823529411765,83.33333333333333,1.3333333333333333,2,3,1,81.29549248747912
S45G01N4,2024-2025,20241020,627,home,6,16,3,29,5,34,7,42,22,23,7,0,0,11,7,5,10,65,29,18,9,72,76,12,1,16,2396,1,0,0,17,11.745231767472461,51.546391752577314,50.0,87,18.63932898415657,16.129032258064516,63.63636363636363,55.172413793103445,1.0,2,3,17,81.29549248747912,35,20,4,26,14,40,5,46,21,27,3,0,0,17,12,5,10,73,24,18,12,63,90,11,1,15,2396,0,0,0,16,-11.745231767472461,39.140159045725646,34.93150684931507,73,15.710096355257646,32.55813953488372,70.58823529411765,83.33333333333333,1.3333333333333333,2,3,1,81.29549248747912
S45G01N4,2024-2025,20241020,628,home,6,16,3,29,5,34,7,42,22,23,7,0,0,11,7,5,10,65,29,18,9,72,76,12,1,16,2396,1,0,0,17,11.745231767472461,51.546391752577314,50.0,87,18.63932898415657,16.129032258064516,63.63636363636363,55.172413793103445,1.0,2,3,17,81.29549248747912,35,20,4,26,14,40,5,46,21,27,3,0,0,17,12,5,10,73,24,18,12,63,90,11,1,15,2396,0,0,0,16,-11.745231767472461,39.140159045725646,34.93150684931507,73,15.710096355257646,32.55813953488372,70.58823529411765,83.33333333333333,1.3333333333333333,2,3,1,81.29549248747912
S45G01N4,2024-2025,20241020,629,home,6,16,3,29,5,34,7,42,22,23,7,0,0,11,7,5,10,65,29,18,9,72,76,12,1,16,2400,1,0,0,17,11.745231767472461,51.546391752577314,50.0,87,18.63932898415657,16.129032258064516,63.63636363636363,55.172413793103445,1.0,2,3,17,81.16,35,20,4,26,14,40,5,46,21,27,3,0,0,17,12,5,10,73,24,18,12,63,90,11,1,15,2400,0,0,0,16,-11.745231767472461,39.140159045725646,34.93150684931507,73,15.710096355257646,32.55813953488372,70.58823529411765,83.33333333333333,1.3333333333333333,2,3,1,81.16
S45G01N4,2024-2025,20241020,630,home,6,16,3,29,5,34,7,42,22,23,7,0,0,11,7,5,10,65,29,18,9,72,76,12,1,16,2400,1,0,0,17,11.745231767472461,51.546391752577314,50.0,87,18.63932898415657,16.129032258064516,63.63636363636363,55.172413793103445,1.0,2,3,17,81.16,35,20,4,26,14,40,5,46,21,27,3,0,0,17,12,5,10,73,24,18,12,63,90,11,1,15,2400,0,0,0,16,-11.745231767472461,39.140159045725646,34.93150684931507,73,15.710096355257646,32.55813953488372,70.58823529411765,83.33333333333333,1.3333333333333333,2,3,1,81.16
S45G01N4,2024-2025,20241020,631,home,6,16,3,29,5,34,7,42,22,23,7,0,0,11,7,5,10,65,29,18,9,72,76,12,1,16,2400,1,0,0,17,11.745231767472461,51.546391752577314,50.0,87,18.63932898415657,16.129032258064516,63.63636363636363,55.172413793103445,1.0,2,3,17,81.16,35,20,4,26,14,40,5,46,21,27,3,0,0,17,12,5,10,73,24,18,12,63,90,11,1,15,2400,0,0,0,16,-11.745231767472461,39.140159045725646,34.93150684931507,73,15.710096355257646,32.55813953488372,70.58823529411765,83.33333333333333,1.3333333333333333,2,3,1,81.16
S45G01N4,2024-2025,20241020,632,home,6,16,3,29,5,34,7,42,22,23,7,0,0,11,7,5,10,65,29,18,9,72,76,12,1,16,2400,1,0,0,17,11.745231767472461,51.546391752577314,50.0,87,18.63932898415657,16.129032258064516,63.63636363636363,55.172413793103445,1.0,2,3,17,81.16,35,20,4,26,14,40,5,46,21,27,3,0,0,17,12,5,10,73,24,18,12,63,90,11,1,15,2400,0,0,0,16,-11.745231767472461,39.140159045725646,34.93150684931507,73,15.710096355257646,32.55813953488372,70.58823529411765,83.33333333333333,1.3333333333333333,2,3,1,81.16
S45G01N4,2024-2025,20241020,633,home,6,16,3,29,5,34,7,42,22,23,7,0,0,11,7,5,10,65,29,18,9,72,76,12,1,16,2400,1,0,0,17,11.745231767472461,51.546391752577314,50.0,87,18.63932898415657,16.129032258064516,63.63636363636363,55.172413793103445,1.0,2,3,17,81.16,35,20,4,26,14,40,5,46,21,27,3,0,0,17,12,5,10,73,24,18,12,63,90,11,1,15,2400,0,0,0,16,-11.745231767472461,39.140159045725646,34.93150684931507,73,15.710096355257646,32.55813953488372,70.58823529411765,83.33333333333333,1.3333333333333333,2,3,1,81.16
S45G01N4,2024-2025,20241020,634,home,6,16,3,29,5,34,7,42,22,23,7,0,0,11,7,5,10,65,29,18,9,72,76,12,1,16,2400,1,0,0,17,11.745231767472461,51.546391752577314,50.0,87,18.63932898415657,16.129032258064516,63.63636363636363,55.172413793103445,1.0,2,3,17,81.16,35,20,4,26,14,40,5,46,21,27,3,0,0,17,12,5,10,73,24,18,12,63,90,11,1,15,2400,0,0,0,16,-11.745231767472461,39.140159045725646,34.93150684931507,73,15.710096355257646,32.55813953488372,70.58823529411765,83.33333333333333,1.3333333333333333,2,3,1,81.16
S45G01N4,2024-2025,20241020,635,home,6,16,3,29,5,34,7,42,22,23,7,0,0,11,7,5,10,65,29,18,9,72,76,12,1,16,2400,1,0,0,17,11.745231767472461,51.546391752577314,50.0,87,18.63932898415657,16.129032258064516,63.63636363636363,55.172413793103445,1.0,2,3,17,81.16,35,20,4,26,14,40,5,46,21,27,3,0,0,17,12,5,10,73,24,18,12,63,90,11,1,15,2400,0,0,0,16,-11.745231767472461,39.140159045725646,34.93150684931507,73,15.710096355257646,32.55813953488372,70.58823529411765,83.33333333333333,1.3333333333333333,2,3,1,81.16
S45G01N4,2024-2025,20241020,636,home,6,16,3,29,5,34,7,42,22,23,7,0,0,11,7,5,10,65,29,18,9,72,76,12,1,16,2400,1,0,0,17,11.745231767472461,51.546391752577314,50.0,87,18.63932898415657,16.129032258064516,63.63636363636363,55.172413793103445,1.0,2,3,17,81.16,35,20,4,26,14,40,5,46,21,27,3,0,0,17,12,5,10,73,24,18,12,63,90,11,1,15,2400,0,0,0,16,-11.745231767472461,39.140159045725646,34.93150684931507,73,15.710096355257646,32.55813953488372,70.58823529411765,83.33333333333333,1.3333333333333333,2,3,1,81.16
S45G01N4,2024-2025,20241020,637,home,6,16,3,29,5,34,7,42,22,23,7,0,0,11,7,5,10,65,29,18,9,72,76,12,1,16,2400,1,0,0,17,11.745231767472461,51.546391752577314,50.0,87,18.63932898415657,16.129032258064516,63.63636363636363,55.172413793103445,1.0,2,3,17,81.16,35,20,4,26,14,40,5,46,21,27,3,0,0,17,12,5,10,73,24,18,12,63,90,11,1,15,2400,0,0,0,16,-11.745231767472461,39.140159045725646,34.93150684931507,73,15.710096355257646,32.55813953488372,70.58823529411765,83.33333333333333,1.3333333333333333,2,3,1,81.16
S45G01N4,2024-2025,20241020,638,home,6,16,3,29,5,34,7,42,22,23,7,0,0,11,7,5,10,65,29,18,9,72,76,12,1,16,2400,1,0,0,17,11.745231767472461,51.546391752577314,50.0,87,18.63932898415657,16.129032258064516,63.63636363636363,55.172413793103445,1.0,2,3,17,81.16,35,20,4,26,14,40,5,46,21,27,3,0,0,17,12,5,10,73,24,18,12,63,90,11,1,15,2400,0,0,0,16,-11.745231767472461,39.140159045725646,34.93150684931507,73,15.710096355257646,32.55813953488372,70.58823529411765,83.33333333333333,1.3333333333333333,2,3,1,81.16
