gameKey,seasonName,date,n,winner,H_TEAM,H_AST,H_BLK,H_DREB,H_OREB,H_PRB,H_TRB,H_2PA,H_2PM,H_3PA,H_3PM,H_DKA,H_DKM,H_FTA,H_FTM,H_SWA,H_SWM,H_FGA,H_FGM,H_TPF,H_PF,H_PP,H_PA,H_STL,H_TTO,H_PTO,H_MIN,H_UF,H_TF,H_EJ,H_TO,H_NR,H_TS%,H_eFG%,H_EFF,H_TOV%,H_OREB%,H_FT%,H_AST%,H_AST/TO%,H_CR,H_LC,H_LLP,H_PACE,A_TEAM,A_AST,A_BLK,A_DREB,A_OREB,A_PRB,A_TRB,A_2PA,A_2PM,A_3PA,A_3PM,A_DKA,A_DKM,A_FTA,A_FTM,A_SWA,A_SWM,A_FGA,A_FGM,A_TPF,A_PF,A_PP,A_PA,A_STL,A_TTO,A_PTO,A_MIN,A_UF,A_TF,A_EJ,A_TO,A_NR,A_TS%,A_eFG%,A_EFF,A_TOV%,A_OREB%,A_FT%,A_AST%,A_AST/TO%,A_CR,A_LC,A_LLP,A_PACE
S45G01N10,2024-2025,20241024,1,away,16,0,0,0,0,0,0,0,0,0,0,0,0,0,0,0,0,0,0,0,0,0,0,0,0,0,0,0,0,0,0,0.0,0.0,0.0,0,0.0,0.0,0.0,0.0,0.0,0,0,0,0.0,64,0,0,0,0,0,0,0,0,0,0,0,0,0,0,0,0,0,0,0,0,0,0,0,0,0,0,0,0,0,0,0.0,0.0,0.0,0,0.0,0.0,0.0,0.0,0.0,0,0,0,0.0
S45G01N10,2024-2025,20241024,2,away,16,0,0,0,0,0,0,0,0,0,0,0,0,0,0,0,0,0,0,0,0,0,0,0,0,0,0,0,0,0,0,0.0,0.0,0.0,0,0.0,0.0,0.0,0.0,0.0,0,0,0,0.0,64,0,0,0,0,0,0,0,0,0,0,0,0,0,0,0,0,0,0,0,0,0,0,0,0,0,0,0,0,0,0,0.0,0.0,0.0,0,0.0,0.0,0.0,0.0,0.0,0,0,0,0.0
S45G01N10,2024-2025,20241024,3,away,16,0,0,0,0,0,0,0,0,0,0,0,0,0,0,0,0,0,0,0,0,0,0,0,0,0,0,0,0,0,0,0.0,0.0,0.0,0,0.0,0.0,0.0,0.0,0.0,0,0,0,0.0,64,0,0,0,0,0,0,0,0,0,0,0,0,0,0,0,0,0,0,0,0,0,0,0,0,0,0,0,0,0,0,0.0,0.0,0.0,0,0.0,0.0,0.0,0.0,0.0,0,0,0,0.0
S45G01N10,2024-2025,20241024,4,away,16,0,0,0,0,0,0,0,0,0,0,0,0,0,0,0,0,0,0,0,0,0,0,0,0,0,0,0,0,0,0,0.0,0.0,0.0,0,0.0,0.0,0.0,0.0,0.0,0,0,0,0.0,64,0,0,0,0,0,0,0,0,0,0,0,0,0,0,0,0,0,0,0,0,0,0,0,0,0,0,0,0,0,0,0.0,0.0,0.0,0,0.0,0.0,0.0,0.0,0.0,0,0,0,0.0
S45G01N10,2024-2025,20241024,5,away,16,0,0,0,0,0,0,0,0,0,0,0,0,0,0,0,0,0,0,0,0,0,0,0,0,0,0,0,0,0,0,0.0,0.0,0.0,0,0.0,0.0,0.0,0.0,0.0,0,0,0,0.0,64,0,0,0,0,0,0,0,0,0,0,0,0,0,0,0,0,0,0,0,0,0,0,0,0,0,0,0,0,0,0,0.0,0.0,0.0,0,0.0,0.0,0.0,0.0,0.0,0,0,0,0.0
S45G01N10,2024-2025,20241024,6,away,16,0,0,0,0,0,0,0,0,0,0,0,0,0,0,0,0,0,0,0,0,0,0,0,0,0,0,0,0,0,0,0.0,0.0,0.0,0,0.0,0.0,0.0,0.0,0.0,0,0,0,0.0,64,0,0,0,0,0,0,0,0,0,0,0,0,0,0,0,0,0,0,0,0,0,0,0,0,0,0,0,0,0,0,0.0,0.0,0.0,0,0.0,0.0,0.0,0.0,0.0,0,0,0,0.0
S45G01N10,2024-2025,20241024,7,away,16,0,0,0,0,0,0,0,0,0,0,0,0,0,0,0,0,0,0,0,0,0,0,0,0,0,0,0,0,0,0,0.0,0.0,0.0,0,0.0,0.0,0.0,0.0,0.0,0,0,0,0.0,64,0,0,0,0,0,0,0,0,0,0,0,0,0,0,0,0,0,0,0,0,0,0,0,0,0,0,0,0,0,0,0.0,0.0,0.0,0,0.0,0.0,0.0,0.0,0.0,0,0,0,0.0
S45G01N10,2024-2025,20241024,8,away,16,0,0,0,0,0,0,0,0,0,0,0,0,0,0,0,0,0,0,0,0,0,0,0,0,0,0,0,0,0,0,0.0,0.0,0.0,0,0.0,0.0,0.0,0.0,0.0,0,0,0,0.0,64,0,0,0,0,0,0,0,0,0,0,0,0,0,0,0,0,0,0,0,0,0,0,0,0,0,0,0,0,0,0,0.0,0.0,0.0,0,0.0,0.0,0.0,0.0,0.0,0,0,0,0.0
S45G01N10,2024-2025,20241024,9,away,16,0,0,0,0,0,0,0,0,0,0,0,0,0,0,0,0,0,0,0,0,0,0,0,0,0,0,0,0,0,0,0.0,0.0,0.0,0,0.0,0.0,0.0,0.0,0.0,0,0,0,0.0,64,0,0,0,0,0,0,0,0,0,0,0,0,0,0,0,0,0,0,0,0,0,0,0,0,0,0,0,0,0,0,0.0,0.0,0.0,0,0.0,0.0,0.0,0.0,0.0,0,0,0,0.0
S45G01N10,2024-2025,20241024,10,away,16,0,0,0,0,0,0,0,0,0,0,0,0,0,0,0,0,0,0,0,0,0,0,0,0,0,0,0,0,0,0,0.0,0.0,0.0,0,0.0,0.0,0.0,0.0,0.0,0,0,0,0.0,64,0,0,0,0,0,0,0,0,0,0,0,0,0,0,0,0,0,0,0,0,0,0,0,0,0,0,0,0,0,0,0.0,0.0,0.0,0,0.0,0.0,0.0,0.0,0.0,0,0,0,0.0
S45G01N10,2024-2025,20241024,11,away,16,0,0,0,0,0,0,0,0,0,0,0,0,0,0,0,0,0,0,0,0,0,0,0,0,0,0,0,0,0,0,0.0,0.0,0.0,0,0.0,0.0,0.0,0.0,0.0,0,0,0,0.0,64,0,0,0,0,0,0,0,0,0,0,0,0,0,0,0,0,0,0,0,0,0,0,0,0,0,0,0,0,0,0,0.0,0.0,0.0,0,0.0,0.0,0.0,0.0,0.0,0,0,0,0.0
S45G01N10,2024-2025,20241024,12,away,16,0,0,0,0,0,0,0,0,0,0,0,0,0,0,0,0,0,0,0,0,0,0,0,0,0,9,0,0,0,0,0.0,0.0,0.0,0,0.0,0.0,0.0,0.0,0.0,0,0,0,0.0,64,0,0,0,0,0,0,0,0,0,0,0,0,0,0,0,0,0,0,1,1,0,0,0,0,0,9,0,0,0,0,0.0,0.0,0.0,0,0.0,0.0,0.0,0.0,0.0,0,0,0,0.0
S45G01N10,2024-2025,20241024,13,away,16,0,0,0,0,0,0,0,0,0,0,0,0,0,0,0,0,0,0,0,0,0,0,0,0,0,9,0,0,0,0,0.0,0.0,0.0,0,0.0,0.0,0.0,0.0,0.0,0,0,0,0.0,64,0,0,0,0,0,0,0,0,0,0,0,0,0,0,0,0,0,0,1,1,0,0,0,0,0,9,0,0,0,0,0.0,0.0,0.0,0,0.0,0.0,0.0,0.0,0.0,0,0,0,0.0
S45G01N10,2024-2025,20241024,14,away,16,0,0,0,0,0,0,1,0,0,0,0,0,0,0,0,0,1,0,0,0,0,1,0,0,0,20,0,0,0,0,0.0,0.0,0.0,-1,0.0,0.0,0.0,0.0,0.0,0,0,0,60.0,64,0,0,0,0,0,0,0,0,0,0,0,0,0,0,0,0,0,0,1,1,0,0,0,0,0,20,0,0,0,0,0.0,0.0,0.0,0,0.0,0.0,0.0,0.0,0.0,0,0,0,60.0
S45G01N10,2024-2025,20241024,15,away,16,0,0,0,0,0,0,1,0,0,0,0,0,0,0,0,0,1,0,0,0,0,1,0,0,0,22,0,0,0,0,0.0,0.0,0.0,-1,0.0,0.0,0.0,0.0,0.0,0,0,0,54.54545454545455,64,0,0,1,0,1,0,0,0,0,0,0,0,0,0,0,0,0,0,1,1,0,0,0,0,0,22,0,0,0,0,0.0,0.0,0.0,1,0.0,0.0,0.0,0.0,0.0,0,0,0,54.54545454545455
S45G01N10,2024-2025,20241024,16,away,16,0,0,0,0,0,0,1,0,0,0,0,0,0,0,0,0,1,0,0,0,0,1,0,0,0,39,0,0,0,0,-300.0,0.0,0.0,-1,0.0,0.0,0.0,0.0,0.0,3,1,0,61.53846153846154,64,0,0,1,0,1,0,0,0,1,1,0,0,0,0,0,0,1,1,1,1,3,1,0,0,0,39,0,0,0,0,300.0,150.0,150.0,4,0.0,0.0,0.0,0.0,0.0,3,1,3,61.53846153846154
S45G01N10,2024-2025,20241024,17,away,16,0,0,0,0,0,0,1,0,0,0,0,0,0,0,0,0,1,0,0,0,0,1,0,0,0,39,0,0,0,0,-300.0,0.0,0.0,-1,0.0,0.0,0.0,0.0,0.0,3,1,0,61.53846153846154,64,1,0,1,0,1,0,0,0,1,1,0,0,0,0,0,0,1,1,1,1,3,1,0,0,0,39,0,0,0,0,300.0,150.0,150.0,5,0.0,0.0,0.0,100.0,0.0,3,1,3,61.53846153846154
S45G01N10,2024-2025,20241024,18,away,16,0,0,0,0,0,0,2,1,0,0,0,0,0,0,0,0,2,1,0,0,2,2,0,0,0,67,0,0,0,0,-200.0,50.0,50.0,1,0.0,0.0,0.0,0.0,0.0,2,1,0,53.731343283582085,64,1,0,1,0,1,0,0,0,1,1,0,0,0,0,0,0,1,1,1,1,3,1,0,0,0,67,0,0,0,0,200.0,150.0,150.0,5,0.0,0.0,0.0,100.0,0.0,2,1,3,53.731343283582085
S45G01N10,2024-2025,20241024,19,away,16,0,0,0,0,0,0,2,1,0,0,0,0,0,0,0,0,2,1,0,0,2,2,0,0,0,91,0,0,0,0,-150.0,50.0,50.0,1,0.0,0.0,0.0,0.0,0.0,2,1,0,52.747252747252745,64,1,0,1,0,1,0,1,1,1,1,0,0,0,0,0,0,2,2,1,1,5,2,0,0,0,91,0,0,0,0,150.0,125.0,125.0,7,0.0,0.0,0.0,50.0,0.0,2,1,3,52.747252747252745
S45G01N10,2024-2025,20241024,20,away,16,0,0,0,0,0,0,2,1,0,0,0,0,0,0,0,0,2,1,0,0,2,2,0,0,0,91,0,0,0,0,-150.0,50.0,50.0,1,0.0,0.0,0.0,0.0,0.0,2,1,0,52.747252747252745,64,2,0,1,0,1,0,1,1,1,1,0,0,0,0,0,0,2,2,1,1,5,2,0,0,0,91,0,0,0,0,150.0,125.0,125.0,8,0.0,0.0,0.0,100.0,0.0,2,1,3,52.747252747252745
S45G01N10,2024-2025,20241024,21,away,16,0,0,0,0,0,0,2,1,0,0,0,0,0,0,0,0,2,1,0,0,2,2,0,0,1,98,0,0,0,1,-183.33333333333331,50.0,50.0,0,33.333333333333336,0.0,0.0,0.0,0.0,2,1,0,61.224489795918366,64,2,0,1,0,1,0,1,1,1,1,0,0,0,0,0,0,2,2,1,1,5,2,0,0,0,98,0,0,0,0,183.33333333333331,125.0,125.0,8,0.0,0.0,0.0,100.0,0.0,2,1,3,61.224489795918366
S45G01N10,2024-2025,20241024,22,away,16,0,0,0,0,0,0,2,1,0,0,0,0,0,0,0,0,2,1,0,0,2,2,0,0,1,99,0,0,0,1,-183.33333333333331,50.0,50.0,0,33.333333333333336,0.0,0.0,0.0,0.0,2,1,0,60.60606060606061,64,2,0,1,0,1,0,1,1,1,1,0,0,0,0,0,0,2,2,1,1,5,2,1,0,0,99,0,0,0,0,183.33333333333331,125.0,125.0,9,0.0,0.0,0.0,100.0,0.0,2,1,3,60.60606060606061
S45G01N10,2024-2025,20241024,23,away,16,0,0,0,0,0,0,2,1,0,0,0,0,0,0,0,0,2,1,0,0,2,2,0,0,1,102,0,0,0,1,-99.99999999999999,50.0,50.0,0,33.333333333333336,0.0,0.0,0.0,0.0,2,1,0,70.58823529411765,64,2,0,1,0,1,0,1,1,1,1,0,0,0,0,0,0,2,2,1,1,5,2,1,0,1,102,0,0,0,1,99.99999999999999,125.0,125.0,8,33.333333333333336,0.0,0.0,100.0,2.0,2,1,3,70.58823529411765
S45G01N10,2024-2025,20241024,24,away,16,0,0,0,0,0,0,2,1,0,0,0,0,0,0,0,0,2,1,0,0,2,2,1,0,1,103,0,0,0,1,-99.99999999999999,50.0,50.0,1,33.333333333333336,0.0,0.0,0.0,0.0,2,1,0,69.90291262135922,64,2,0,1,0,1,0,1,1,1,1,0,0,0,0,0,0,2,2,1,1,5,2,1,0,1,103,0,0,0,1,99.99999999999999,125.0,125.0,8,33.333333333333336,0.0,0.0,100.0,2.0,2,1,3,69.90291262135922
S45G01N10,2024-2025,20241024,25,away,16,0,0,0,0,0,0,3,1,0,0,0,0,0,0,0,0,3,1,0,0,2,3,1,0,1,106,0,0,0,1,-116.66666666666666,33.333333333333336,33.333333333333336,0,25.0,0.0,0.0,0.0,0.0,2,1,0,79.24528301886792,64,2,0,1,0,1,0,1,1,1,1,0,0,0,0,0,0,2,2,1,1,5,2,1,0,1,106,0,0,0,1,116.66666666666666,125.0,125.0,8,33.333333333333336,0.0,0.0,100.0,2.0,2,1,3,79.24528301886792
S45G01N10,2024-2025,20241024,26,away,16,0,0,0,0,0,0,3,1,0,0,0,0,0,0,0,0,3,1,0,0,2,3,1,0,1,106,0,0,0,1,-116.66666666666666,33.333333333333336,33.333333333333336,0,25.0,0.0,0.0,0.0,0.0,2,1,0,79.24528301886792,64,2,1,1,0,1,0,1,1,1,1,0,0,0,0,0,0,2,2,1,1,5,2,1,0,1,106,0,0,0,1,116.66666666666666,125.0,125.0,9,33.333333333333336,0.0,0.0,100.0,2.0,2,1,3,79.24528301886792
S45G01N10,2024-2025,20241024,27,away,16,0,0,0,0,0,0,3,1,0,0,0,0,0,0,0,0,3,1,0,0,2,3,1,0,1,108,0,0,0,1,-116.66666666666666,33.333333333333336,33.333333333333336,0,25.0,0.0,0.0,0.0,0.0,2,1,0,77.77777777777777,64,2,1,2,0,2,0,1,1,1,1,0,0,0,0,0,0,2,2,1,1,5,2,1,0,1,108,0,0,0,1,116.66666666666666,125.0,125.0,10,33.333333333333336,0.0,0.0,100.0,2.0,2,1,3,77.77777777777777
S45G01N10,2024-2025,20241024,28,away,16,0,0,0,0,0,0,3,1,0,0,0,0,0,0,0,0,3,1,0,0,2,3,1,0,1,120,0,0,0,1,-75.0,33.333333333333336,33.333333333333336,0,25.0,0.0,0.0,0.0,0.0,2,1,0,80.0,64,2,1,2,0,2,0,1,1,1,1,0,0,0,0,0,0,2,2,1,1,5,2,1,0,2,120,0,0,0,2,75.0,125.0,125.0,9,50.0,0.0,0.0,100.0,1.0,2,1,3,80.0
S45G01N10,2024-2025,20241024,29,away,16,0,0,0,0,0,0,3,1,0,0,0,0,0,0,0,0,3,1,0,0,2,3,2,0,1,121,0,0,0,1,-75.0,33.333333333333336,33.333333333333336,1,25.0,0.0,0.0,0.0,0.0,2,1,0,79.33884297520662,64,2,1,2,0,2,0,1,1,1,1,0,0,0,0,0,0,2,2,1,1,5,2,1,0,2,121,0,0,0,2,75.0,125.0,125.0,9,50.0,0.0,0.0,100.0,1.0,2,1,3,79.33884297520662
S45G01N10,2024-2025,20241024,30,away,16,0,0,0,0,0,0,4,2,0,0,0,0,0,0,0,0,4,2,0,0,4,4,2,0,1,124,0,0,0,1,-45.0,50.0,50.0,3,20.0,0.0,0.0,0.0,0.0,2,1,0,87.09677419354838,64,2,1,2,0,2,0,1,1,1,1,0,0,0,0,0,0,2,2,1,1,5,2,1,0,2,124,0,0,0,2,45.0,125.0,125.0,9,50.0,0.0,0.0,100.0,1.0,2,1,3,87.09677419354838
S45G01N10,2024-2025,20241024,31,away,16,1,0,0,0,0,0,4,2,0,0,0,0,0,0,0,0,4,2,0,0,4,4,2,0,1,124,0,0,0,1,-45.0,50.0,50.0,4,20.0,0.0,0.0,50.0,1.0,2,1,0,87.09677419354838,64,2,1,2,0,2,0,1,1,1,1,0,0,0,0,0,0,2,2,1,1,5,2,1,0,2,124,0,0,0,2,45.0,125.0,125.0,9,50.0,0.0,0.0,100.0,1.0,2,1,3,87.09677419354838
S45G01N10,2024-2025,20241024,32,away,16,1,0,0,0,0,0,4,2,0,0,0,0,0,0,1,2,4,2,0,0,4,4,2,0,1,125,0,0,0,1,-45.0,50.0,50.0,4,20.0,0.0,0.0,50.0,1.0,2,1,0,86.39999999999999,64,2,1,2,0,2,0,1,1,1,1,0,0,0,0,0,0,2,2,1,1,5,2,1,0,2,125,0,0,0,2,45.0,125.0,125.0,9,50.0,0.0,0.0,100.0,1.0,2,1,3,86.39999999999999
S45G01N10,2024-2025,20241024,33,away,16,1,0,0,0,0,0,4,2,0,0,0,0,0,0,1,2,4,2,0,0,4,4,2,0,1,142,0,0,0,1,-60.0,50.0,50.0,4,20.0,0.0,0.0,50.0,1.0,2,1,0,84.50704225352112,64,2,1,2,0,2,0,2,2,1,1,0,0,0,0,0,0,3,3,1,1,7,3,1,0,2,142,0,0,0,2,60.0,116.66666666666667,116.66666666666667,11,40.0,0.0,0.0,66.66666666666667,1.0,2,1,3,84.50704225352112
S45G01N10,2024-2025,20241024,34,away,16,1,0,0,0,0,0,4,2,0,0,0,0,0,0,1,2,4,2,0,0,4,4,2,0,2,150,0,0,0,2,-73.33333333333333,50.0,50.0,3,33.333333333333336,0.0,0.0,50.0,0.5,2,1,0,88.0,64,2,1,2,0,2,0,2,2,1,1,0,0,0,0,0,0,3,3,1,1,7,3,1,0,2,150,0,0,0,2,73.33333333333333,116.66666666666667,116.66666666666667,11,40.0,0.0,0.0,66.66666666666667,1.0,2,1,3,88.0
S45G01N10,2024-2025,20241024,35,away,16,1,0,0,0,0,0,4,2,0,0,0,0,0,0,1,2,4,2,0,0,4,4,2,0,2,151,0,0,0,2,-73.33333333333333,50.0,50.0,3,33.333333333333336,0.0,0.0,50.0,0.5,2,1,0,87.41721854304636,64,2,1,2,0,2,0,2,2,1,1,0,0,0,0,0,0,3,3,1,1,7,3,2,0,2,151,0,0,0,2,73.33333333333333,116.66666666666667,116.66666666666667,12,40.0,0.0,0.0,66.66666666666667,1.0,2,1,3,87.41721854304636
S45G01N10,2024-2025,20241024,36,away,16,1,0,0,0,0,0,4,2,0,0,0,0,0,0,1,2,4,2,1,1,4,4,2,0,2,154,0,0,0,2,-73.33333333333333,50.0,50.0,3,33.333333333333336,0.0,0.0,50.0,0.5,2,1,0,85.71428571428571,64,2,1,2,0,2,0,2,2,1,1,0,0,0,0,0,0,3,3,1,1,7,3,2,0,2,154,0,0,0,2,73.33333333333333,116.66666666666667,116.66666666666667,12,40.0,0.0,0.0,66.66666666666667,1.0,2,1,3,85.71428571428571
S45G01N10,2024-2025,20241024,37,away,16,1,0,0,0,0,0,4,2,0,0,0,0,0,0,1,2,4,2,1,1,4,4,2,0,2,154,0,0,0,2,-73.33333333333333,50.0,50.0,3,33.333333333333336,0.0,0.0,50.0,0.5,2,1,0,85.71428571428571,64,2,1,2,0,2,0,2,2,1,1,0,0,0,0,0,0,3,3,1,1,7,3,2,0,2,154,0,0,0,2,73.33333333333333,116.66666666666667,116.66666666666667,12,40.0,0.0,0.0,66.66666666666667,1.0,2,1,3,85.71428571428571
S45G01N10,2024-2025,20241024,38,away,16,1,0,0,0,0,0,4,2,0,0,0,0,0,0,1,2,4,2,1,1,4,4,2,0,2,163,0,0,0,2,-99.99999999999999,50.0,50.0,3,33.333333333333336,0.0,0.0,50.0,0.5,5,1,0,88.34355828220859,64,2,1,2,0,2,0,2,2,2,2,0,0,0,0,0,0,4,4,1,1,10,4,2,0,2,163,0,0,0,2,99.99999999999999,125.0,125.0,15,33.333333333333336,0.0,0.0,50.0,1.0,5,1,6,88.34355828220859
S45G01N10,2024-2025,20241024,39,away,16,1,0,0,0,0,0,4,2,0,0,0,0,0,0,1,2,4,2,1,1,4,4,2,0,2,163,0,0,0,2,-99.99999999999999,50.0,50.0,3,33.333333333333336,0.0,0.0,50.0,0.5,5,1,0,88.34355828220859,64,3,1,2,0,2,0,2,2,2,2,0,0,0,0,0,0,4,4,1,1,10,4,2,0,2,163,0,0,0,2,99.99999999999999,125.0,125.0,16,33.333333333333336,0.0,0.0,75.0,1.5,5,1,6,88.34355828220859
S45G01N10,2024-2025,20241024,40,away,16,1,0,0,0,0,0,5,2,0,0,0,0,0,0,1,2,5,2,1,1,4,5,2,0,2,175,0,0,0,2,-109.52380952380952,40.0,40.0,2,28.571428571428573,0.0,0.0,50.0,0.5,5,1,0,89.14285714285714,64,3,1,2,0,2,0,2,2,2,2,0,0,0,0,0,0,4,4,1,1,10,4,2,0,2,175,0,0,0,2,109.52380952380952,125.0,125.0,16,33.333333333333336,0.0,0.0,75.0,1.5,5,1,6,89.14285714285714
S45G01N10,2024-2025,20241024,41,away,16,1,0,0,0,0,0,5,2,0,0,0,0,0,0,1,2,5,2,1,1,4,5,2,0,2,176,0,0,0,2,-109.52380952380952,40.0,40.0,2,28.571428571428573,0.0,0.0,50.0,0.5,5,1,0,88.63636363636364,64,3,2,2,0,2,0,2,2,2,2,0,0,0,0,0,0,4,4,1,1,10,4,2,0,2,176,0,0,0,2,109.52380952380952,125.0,125.0,17,33.333333333333336,0.0,0.0,75.0,1.5,5,1,6,88.63636363636364
S45G01N10,2024-2025,20241024,42,away,16,1,0,0,0,0,0,5,2,0,0,0,0,0,0,1,2,5,2,1,1,4,5,2,0,2,177,0,0,0,2,-109.52380952380952,40.0,40.0,2,28.571428571428573,0.0,0.0,50.0,0.5,5,1,0,88.13559322033898,64,3,2,3,0,3,0,2,2,2,2,0,0,0,0,0,0,4,4,1,1,10,4,2,0,2,177,0,0,0,2,109.52380952380952,125.0,125.0,18,33.333333333333336,0.0,0.0,75.0,1.5,5,1,6,88.13559322033898
S45G01N10,2024-2025,20241024,43,away,16,1,0,0,0,0,0,5,2,0,0,0,0,0,0,1,2,5,2,2,2,4,5,2,0,2,178,0,0,0,2,-109.52380952380952,40.0,40.0,2,28.571428571428573,0.0,0.0,50.0,0.5,5,1,0,87.64044943820224,64,3,2,3,0,3,0,2,2,2,2,0,0,0,0,0,0,4,4,1,1,10,4,2,0,2,178,0,0,0,2,109.52380952380952,125.0,125.0,18,33.333333333333336,0.0,0.0,75.0,1.5,5,1,6,87.64044943820224
S45G01N10,2024-2025,20241024,44,away,16,1,0,0,0,0,0,5,2,0,0,0,0,0,0,1,2,5,2,2,2,4,5,2,0,2,178,0,0,0,2,-109.52380952380952,40.0,40.0,2,28.571428571428573,0.0,0.0,50.0,0.5,5,1,0,87.64044943820224,64,3,2,3,0,3,0,2,2,2,2,0,0,0,0,0,0,4,4,1,1,10,4,2,0,2,178,0,0,0,2,109.52380952380952,125.0,125.0,18,33.333333333333336,0.0,0.0,75.0,1.5,5,1,6,87.64044943820224
S45G01N10,2024-2025,20241024,45,away,16,1,0,0,0,0,0,5,2,0,0,0,0,0,0,1,2,5,2,2,2,4,5,2,0,2,189,0,0,0,2,-85.71428571428572,40.0,40.0,2,28.571428571428573,0.0,0.0,50.0,0.5,5,1,0,88.88888888888889,64,3,2,3,0,3,0,3,2,2,2,0,0,0,0,0,0,5,4,1,1,10,5,2,0,2,189,0,0,0,2,85.71428571428572,100.0,100.0,17,28.571428571428573,0.0,0.0,75.0,1.5,5,1,6,88.88888888888889
S45G01N10,2024-2025,20241024,46,away,16,1,0,0,0,0,0,5,2,0,0,0,0,0,0,1,2,5,2,2,2,4,5,2,0,2,193,0,0,0,2,-109.52380952380952,40.0,40.0,2,28.571428571428573,0.0,0.0,50.0,0.5,5,1,0,80.82901554404145,64,3,2,3,1,4,0,3,2,2,2,0,0,0,0,0,0,5,4,1,1,10,5,2,0,2,193,0,0,0,2,109.52380952380952,100.0,100.0,18,28.571428571428573,100.0,0.0,75.0,1.5,5,1,6,80.82901554404145
S45G01N10,2024-2025,20241024,47,away,16,1,0,0,0,0,0,5,2,0,0,0,0,0,0,1,2,5,2,3,3,4,5,2,0,2,193,0,0,0,2,-109.52380952380952,40.0,40.0,2,28.571428571428573,0.0,0.0,50.0,0.5,5,1,0,80.82901554404145,64,3,2,3,1,4,0,3,2,2,2,0,0,0,0,0,0,5,4,1,1,10,5,2,0,2,193,0,0,0,2,109.52380952380952,100.0,100.0,18,28.571428571428573,100.0,0.0,75.0,1.5,5,1,6,80.82901554404145
S45G01N10,2024-2025,20241024,48,away,16,1,0,0,0,0,0,5,2,0,0,0,0,0,0,1,2,5,2,3,3,4,5,2,0,2,193,0,0,0,2,-109.52380952380952,40.0,40.0,2,28.571428571428573,0.0,0.0,50.0,0.5,5,1,0,80.82901554404145,64,3,2,3,1,4,0,3,2,2,2,0,0,0,0,0,0,5,4,1,1,10,5,2,0,2,193,0,0,0,2,109.52380952380952,100.0,100.0,18,28.571428571428573,100.0,0.0,75.0,1.5,5,1,6,80.82901554404145
S45G01N10,2024-2025,20241024,49,away,16,1,0,0,0,0,0,5,2,0,0,0,0,0,0,1,2,5,2,3,3,4,5,2,0,2,204,0,0,0,2,-85.71428571428572,40.0,40.0,2,28.571428571428573,0.0,0.0,50.0,0.5,5,1,0,82.3529411764706,64,3,2,3,1,4,0,3,2,2,2,0,0,0,0,0,0,5,4,1,1,10,5,2,0,3,204,0,0,0,3,85.71428571428572,100.0,100.0,17,37.5,100.0,0.0,75.0,1.0,5,1,6,82.3529411764706
S45G01N10,2024-2025,20241024,50,away,16,1,0,0,0,0,0,5,2,0,0,0,0,0,0,1,2,5,2,3,3,4,5,3,0,2,205,0,0,0,2,-85.71428571428572,40.0,40.0,3,28.571428571428573,0.0,0.0,50.0,0.5,5,1,0,81.95121951219512,64,3,2,3,1,4,0,3,2,2,2,0,0,0,0,0,0,5,4,1,1,10,5,2,0,3,205,0,0,0,3,85.71428571428572,100.0,100.0,17,37.5,100.0,0.0,75.0,1.0,5,1,6,81.95121951219512
S45G01N10,2024-2025,20241024,51,away,16,1,0,0,0,0,0,5,2,0,0,0,0,0,0,1,2,5,2,3,3,4,5,3,0,2,206,0,0,0,2,-85.71428571428572,40.0,40.0,3,28.571428571428573,0.0,0.0,50.0,0.5,5,1,0,81.55339805825243,64,3,2,3,1,4,0,3,2,2,2,0,0,0,0,0,0,5,4,2,2,10,5,2,0,3,206,0,0,0,3,85.71428571428572,100.0,100.0,17,37.5,100.0,0.0,75.0,1.0,5,1,6,81.55339805825243
S45G01N10,2024-2025,20241024,52,away,16,1,0,0,0,0,0,5,2,0,0,0,0,0,0,1,2,5,2,3,3,4,5,3,0,2,206,0,0,0,2,-85.71428571428572,40.0,40.0,3,28.571428571428573,0.0,0.0,50.0,0.5,5,1,0,81.55339805825243,64,3,2,3,1,4,0,3,2,2,2,0,0,0,0,0,0,5,4,2,2,10,5,2,0,3,206,0,0,0,3,85.71428571428572,100.0,100.0,17,37.5,100.0,0.0,75.0,1.0,5,1,6,81.55339805825243
S45G01N10,2024-2025,20241024,53,away,16,1,0,0,0,0,0,5,2,0,0,0,0,0,0,1,2,5,2,3,3,4,5,3,0,3,220,0,0,0,3,-92.85714285714286,40.0,40.0,2,37.5,0.0,0.0,50.0,0.3333333333333333,5,1,0,81.81818181818181,64,3,2,3,1,4,0,3,2,2,2,0,0,0,0,0,0,5,4,2,2,10,5,2,0,3,220,0,0,0,3,92.85714285714286,100.0,100.0,17,37.5,100.0,0.0,75.0,1.0,5,1,6,81.81818181818181
S45G01N10,2024-2025,20241024,54,away,16,1,0,0,0,0,0,5,2,0,0,0,0,0,0,1,2,5,2,3,3,4,5,3,0,3,220,0,0,0,3,-92.85714285714286,40.0,40.0,2,37.5,0.0,0.0,50.0,0.3333333333333333,5,1,0,81.81818181818181,64,3,2,3,1,4,0,3,2,2,2,0,0,0,0,0,0,5,4,2,2,10,5,2,0,3,220,0,0,0,3,92.85714285714286,100.0,100.0,17,37.5,100.0,0.0,75.0,1.0,5,1,6,81.81818181818181
S45G01N10,2024-2025,20241024,55,away,16,1,0,0,0,0,0,5,2,0,0,0,0,0,0,1,2,5,2,3,3,4,5,3,0,3,220,0,0,0,3,-92.85714285714286,40.0,40.0,2,37.5,0.0,0.0,50.0,0.3333333333333333,5,1,0,81.81818181818181,64,3,2,3,1,4,0,3,2,2,2,0,0,0,0,0,0,5,4,2,2,10,5,2,0,3,220,0,0,0,3,92.85714285714286,100.0,100.0,17,37.5,100.0,0.0,75.0,1.0,5,1,6,81.81818181818181
S45G01N10,2024-2025,20241024,56,away,16,1,0,0,0,0,0,5,2,0,0,0,0,0,0,1,2,5,2,3,3,4,5,3,0,3,237,0,0,0,3,-75.0,40.0,40.0,2,37.5,0.0,0.0,50.0,0.3333333333333333,5,1,0,81.0126582278481,64,3,2,3,1,4,0,3,2,3,2,0,0,0,0,0,0,6,4,2,2,10,6,2,0,3,237,0,0,0,3,75.0,83.33333333333333,83.33333333333333,16,33.333333333333336,100.0,0.0,75.0,1.0,5,1,6,81.0126582278481
S45G01N10,2024-2025,20241024,57,away,16,1,0,1,0,1,0,5,2,0,0,0,0,0,0,1,2,5,2,3,3,4,5,3,0,3,239,0,0,0,3,-75.0,40.0,40.0,3,37.5,0.0,0.0,50.0,0.3333333333333333,5,1,0,80.3347280334728,64,3,2,3,1,4,0,3,2,3,2,0,0,0,0,0,0,6,4,2,2,10,6,2,0,3,239,0,0,0,3,75.0,83.33333333333333,83.33333333333333,16,33.333333333333336,50.0,0.0,75.0,1.0,5,1,6,80.3347280334728
S45G01N10,2024-2025,20241024,58,away,16,1,0,1,0,1,0,5,2,0,0,0,0,0,0,1,2,5,2,3,3,4,5,3,0,3,255,0,0,0,3,-75.0,40.0,40.0,3,37.5,0.0,0.0,50.0,0.3333333333333333,5,1,0,75.29411764705883,64,3,2,3,1,4,0,3,2,3,2,0,0,0,0,0,0,6,4,3,2,10,6,2,0,3,255,0,0,0,3,75.0,83.33333333333333,83.33333333333333,16,33.333333333333336,50.0,0.0,75.0,1.0,5,1,6,75.29411764705883
S45G01N10,2024-2025,20241024,59,away,16,1,0,1,0,1,0,5,2,0,0,0,0,0,0,1,2,5,2,3,3,4,5,3,0,3,255,0,0,0,3,-75.0,40.0,40.0,3,37.5,0.0,0.0,50.0,0.3333333333333333,5,1,0,75.29411764705883,64,3,2,3,1,4,0,3,2,3,2,0,0,0,0,0,0,6,4,3,2,10,6,2,0,3,255,0,0,0,3,75.0,83.33333333333333,83.33333333333333,16,33.333333333333336,50.0,0.0,75.0,1.0,5,1,6,75.29411764705883
S45G01N10,2024-2025,20241024,60,away,16,1,0,1,0,1,0,5,2,0,0,0,0,1,0,1,2,5,2,3,3,4,6,3,0,3,255,0,0,0,3,-77.60663507109005,36.76470588235294,40.0,2,35.545023696682456,0.0,0.0,50.0,0.3333333333333333,5,1,0,77.36470588235295,64,3,2,3,1,4,0,3,2,3,2,0,0,0,0,0,0,6,4,3,2,10,6,2,0,3,255,0,0,0,3,77.60663507109005,83.33333333333333,83.33333333333333,16,33.333333333333336,50.0,0.0,75.0,1.0,5,1,6,77.36470588235295
S45G01N10,2024-2025,20241024,61,away,16,1,0,1,0,1,0,5,2,0,0,0,0,2,1,1,2,5,2,3,3,5,7,3,0,3,255,0,0,0,3,-68.69369369369369,42.51700680272109,40.0,3,33.78378378378379,0.0,50.0,50.0,0.3333333333333333,1,1,0,79.43529411764706,64,3,2,3,1,4,0,3,2,3,2,0,0,0,0,0,0,6,4,3,2,10,6,2,0,3,255,0,0,0,3,68.69369369369369,83.33333333333333,83.33333333333333,16,33.333333333333336,50.0,0.0,75.0,1.0,1,1,6,79.43529411764706
S45G01N10,2024-2025,20241024,62,away,16,1,0,1,0,1,0,5,2,0,0,0,0,2,1,1,2,5,2,3,3,5,7,3,0,3,276,0,0,0,3,-54.8048048048048,42.51700680272109,40.0,3,33.78378378378379,0.0,50.0,50.0,0.3333333333333333,1,1,0,77.7391304347826,64,3,2,3,1,4,0,4,2,3,2,0,0,0,0,0,0,7,4,3,2,10,7,2,0,3,276,0,0,0,3,54.8048048048048,71.42857142857143,71.42857142857143,15,30.0,50.0,0.0,75.0,1.0,1,1,6,77.7391304347826
S45G01N10,2024-2025,20241024,63,away,16,1,0,1,0,1,0,5,2,0,0,0,0,2,1,1,2,5,2,3,3,5,7,3,0,3,277,0,0,0,3,-68.69369369369369,42.51700680272109,40.0,3,33.78378378378379,0.0,50.0,50.0,0.3333333333333333,1,1,0,73.12635379061372,64,3,2,3,2,5,0,4,2,3,2,0,0,0,0,0,0,7,4,3,2,10,7,2,0,3,277,0,0,0,3,68.69369369369369,71.42857142857143,71.42857142857143,16,30.0,66.66666666666667,0.0,75.0,1.0,1,1,6,73.12635379061372
S45G01N10,2024-2025,20241024,64,away,16,1,0,1,0,1,0,5,2,0,0,0,0,2,1,1,2,5,2,3,3,5,7,3,0,3,278,0,0,0,3,-54.8048048048048,42.51700680272109,40.0,3,33.78378378378379,0.0,50.0,50.0,0.3333333333333333,1,1,0,77.17985611510791,64,3,2,3,2,5,0,5,2,3,2,0,0,0,0,0,0,8,4,3,2,10,8,2,0,3,278,0,0,0,3,54.8048048048048,62.5,62.5,15,27.272727272727273,66.66666666666667,0.0,75.0,1.0,1,1,6,77.17985611510791
S45G01N10,2024-2025,20241024,65,away,16,1,0,1,0,1,0,5,2,0,0,0,0,2,1,1,2,5,2,3,3,5,7,3,0,3,279,0,0,0,3,-68.69369369369369,42.51700680272109,40.0,3,33.78378378378379,0.0,50.0,50.0,0.3333333333333333,1,1,0,72.6021505376344,64,3,2,3,3,6,0,5,2,3,2,0,0,0,0,0,0,8,4,3,2,10,8,2,0,3,279,0,0,0,3,68.69369369369369,62.5,62.5,16,27.272727272727273,75.0,0.0,75.0,1.0,1,1,6,72.6021505376344
S45G01N10,2024-2025,20241024,66,away,16,1,0,1,0,1,0,5,2,0,0,0,0,2,1,1,2,5,2,3,3,5,7,3,0,3,281,0,0,0,3,-77.02702702702703,42.51700680272109,40.0,3,33.78378378378379,0.0,50.0,50.0,0.3333333333333333,2,1,0,76.35587188612098,64,3,2,3,3,6,0,6,3,3,2,0,0,0,0,0,0,9,5,3,2,12,9,2,0,3,281,0,0,0,3,77.02702702702703,66.66666666666667,66.66666666666667,18,25.0,75.0,0.0,60.0,1.0,2,1,7,76.35587188612098
S45G01N10,2024-2025,20241024,67,away,16,1,0,1,0,1,0,5,2,0,0,0,0,2,1,1,2,5,2,3,3,5,7,3,0,4,296,0,0,0,4,-82.72604588394063,42.51700680272109,40.0,2,40.48582995951418,0.0,50.0,50.0,0.25,2,1,0,76.54054054054055,64,3,2,3,3,6,0,6,3,3,2,0,0,0,0,0,0,9,5,3,2,12,9,2,0,3,296,0,0,0,3,82.72604588394063,66.66666666666667,66.66666666666667,18,25.0,75.0,0.0,60.0,1.0,2,1,7,76.54054054054055
S45G01N10,2024-2025,20241024,68,away,16,1,0,1,0,1,0,5,2,0,0,0,0,2,1,1,2,5,2,3,3,5,7,3,0,4,312,0,0,0,4,-69.39271255060729,42.51700680272109,40.0,2,40.48582995951418,0.0,50.0,50.0,0.25,2,1,0,76.46153846153845,64,3,2,3,3,6,0,7,3,3,2,0,0,0,0,0,0,10,5,3,2,12,10,2,0,3,312,0,0,0,3,69.39271255060729,60.0,60.0,17,23.076923076923077,75.0,0.0,60.0,1.0,2,1,7,76.46153846153845
S45G01N10,2024-2025,20241024,69,away,16,1,0,2,0,2,0,5,2,0,0,0,0,2,1,1,2,5,2,3,3,5,7,3,0,4,314,0,0,0,4,-69.39271255060729,42.51700680272109,40.0,3,40.48582995951418,0.0,50.0,50.0,0.25,2,1,0,75.97452229299363,64,3,2,3,3,6,0,7,3,3,2,0,0,0,0,0,0,10,5,3,2,12,10,2,0,3,314,0,0,0,3,69.39271255060729,60.0,60.0,17,23.076923076923077,60.0,0.0,60.0,1.0,2,1,7,75.97452229299363
S45G01N10,2024-2025,20241024,70,away,16,1,0,2,0,2,0,5,2,1,0,0,0,2,1,1,2,6,2,3,3,5,8,3,0,4,323,0,0,0,4,-74.04411764705881,36.33720930232558,33.333333333333336,2,36.76470588235294,0.0,50.0,50.0,0.25,2,1,0,77.57275541795664,64,3,2,3,3,6,0,7,3,3,2,0,0,0,0,0,0,10,5,3,2,12,10,2,0,3,323,0,0,0,3,74.04411764705881,60.0,60.0,17,23.076923076923077,60.0,0.0,60.0,1.0,2,1,7,77.57275541795664
S45G01N10,2024-2025,20241024,71,away,16,1,0,2,0,2,0,5,2,1,0,0,0,2,1,1,2,6,2,3,3,5,8,3,0,4,325,0,0,0,4,-74.04411764705881,36.33720930232558,33.333333333333336,2,36.76470588235294,0.0,50.0,50.0,0.25,2,1,0,77.09538461538462,64,3,2,4,3,7,0,7,3,3,2,0,0,0,0,0,0,10,5,3,2,12,10,2,0,3,325,0,0,0,3,74.04411764705881,60.0,60.0,18,23.076923076923077,60.0,0.0,60.0,1.0,2,1,7,77.09538461538462
S45G01N10,2024-2025,20241024,72,away,16,1,0,2,0,2,0,5,2,1,0,0,0,2,1,1,2,6,2,3,3,5,8,3,0,4,340,0,0,0,4,-90.40775401069519,36.33720930232558,33.333333333333336,2,36.76470588235294,0.0,50.0,50.0,0.25,5,1,0,77.2235294117647,64,3,2,4,3,7,0,7,3,4,3,0,0,0,0,0,0,11,6,3,2,15,11,2,0,3,340,0,0,0,3,90.40775401069519,68.18181818181819,68.18181818181819,21,21.428571428571427,60.0,0.0,50.0,1.0,5,1,10,77.2235294117647
S45G01N10,2024-2025,20241024,73,away,16,1,0,2,0,2,0,5,2,1,0,0,0,2,1,1,2,6,2,3,3,5,8,3,0,4,340,0,0,0,4,-90.40775401069519,36.33720930232558,33.333333333333336,2,36.76470588235294,0.0,50.0,50.0,0.25,5,1,0,77.2235294117647,64,4,2,4,3,7,0,7,3,4,3,0,0,0,0,0,0,11,6,3,2,15,11,2,0,3,340,0,0,0,3,90.40775401069519,68.18181818181819,68.18181818181819,22,21.428571428571427,60.0,0.0,66.66666666666667,1.3333333333333333,5,1,10,77.2235294117647
S45G01N10,2024-2025,20241024,74,away,16,1,0,2,0,2,0,5,2,1,0,0,0,2,1,1,2,6,2,3,3,5,8,3,0,4,340,0,0,0,4,-90.40775401069519,36.33720930232558,33.333333333333336,2,36.76470588235294,0.0,50.0,50.0,0.25,5,1,0,77.2235294117647,64,4,2,4,3,7,0,7,3,4,3,0,0,0,0,0,0,11,6,3,2,15,11,2,0,3,340,0,0,0,3,90.40775401069519,68.18181818181819,68.18181818181819,22,21.428571428571427,60.0,0.0,66.66666666666667,1.3333333333333333,5,1,10,77.2235294117647
S45G01N10,2024-2025,20241024,75,away,16,1,0,2,0,2,0,5,2,1,0,0,0,2,1,1,2,6,2,3,3,5,8,3,0,4,340,0,0,0,4,-90.40775401069519,36.33720930232558,33.333333333333336,2,36.76470588235294,0.0,50.0,50.0,0.25,5,1,0,77.2235294117647,64,4,2,4,3,7,0,7,3,4,3,0,0,0,0,0,0,11,6,3,2,15,11,2,0,3,340,0,0,0,3,90.40775401069519,68.18181818181819,68.18181818181819,22,21.428571428571427,60.0,0.0,66.66666666666667,1.3333333333333333,5,1,10,77.2235294117647
S45G01N10,2024-2025,20241024,76,away,16,1,0,2,0,2,0,5,2,1,0,0,0,2,1,1,2,6,2,3,3,5,8,3,0,4,340,0,0,0,4,-90.40775401069519,36.33720930232558,33.333333333333336,2,36.76470588235294,0.0,50.0,50.0,0.25,5,1,0,77.2235294117647,64,4,2,4,3,7,0,7,3,4,3,0,0,0,0,0,0,11,6,3,2,15,11,2,0,3,340,0,0,0,3,90.40775401069519,68.18181818181819,68.18181818181819,22,21.428571428571427,60.0,0.0,66.66666666666667,1.3333333333333333,5,1,10,77.2235294117647
S45G01N10,2024-2025,20241024,77,away,16,1,0,2,0,2,0,5,2,1,0,0,0,2,1,1,2,6,2,3,3,5,8,3,0,4,340,0,0,0,4,-90.40775401069519,36.33720930232558,33.333333333333336,2,36.76470588235294,0.0,50.0,50.0,0.25,5,1,0,77.2235294117647,64,4,2,4,3,7,0,7,3,4,3,0,0,0,0,0,0,11,6,3,2,15,11,2,0,3,340,0,0,0,3,90.40775401069519,68.18181818181819,68.18181818181819,22,21.428571428571427,60.0,0.0,66.66666666666667,1.3333333333333333,5,1,10,77.2235294117647
S45G01N10,2024-2025,20241024,78,away,16,1,0,2,0,2,0,5,2,1,0,0,0,2,1,1,2,6,2,3,3,5,8,3,0,4,340,0,0,0,4,-90.40775401069519,36.33720930232558,33.333333333333336,2,36.76470588235294,0.0,50.0,50.0,0.25,5,1,0,77.2235294117647,64,4,2,4,3,7,0,7,3,4,3,0,0,0,0,0,0,11,6,3,2,15,11,2,0,3,340,0,0,0,3,90.40775401069519,68.18181818181819,68.18181818181819,22,21.428571428571427,60.0,0.0,66.66666666666667,1.3333333333333333,5,1,10,77.2235294117647
S45G01N10,2024-2025,20241024,79,away,16,1,0,2,0,2,0,5,2,1,0,0,0,2,1,1,2,6,2,3,3,5,8,3,0,4,340,0,0,0,4,-90.40775401069519,36.33720930232558,33.333333333333336,2,36.76470588235294,0.0,50.0,50.0,0.25,5,1,0,77.2235294117647,64,4,2,4,3,7,0,7,3,4,3,0,0,0,0,0,0,11,6,3,2,15,11,2,0,3,340,0,0,0,3,90.40775401069519,68.18181818181819,68.18181818181819,22,21.428571428571427,60.0,0.0,66.66666666666667,1.3333333333333333,5,1,10,77.2235294117647
S45G01N10,2024-2025,20241024,80,away,16,1,0,2,0,2,0,5,2,1,0,0,0,2,1,1,2,6,2,3,3,5,8,3,0,4,340,0,0,0,4,-90.40775401069519,36.33720930232558,33.333333333333336,2,36.76470588235294,0.0,50.0,50.0,0.25,5,1,0,77.2235294117647,64,4,2,4,3,7,0,7,3,4,3,0,0,0,0,0,0,11,6,3,2,15,11,2,0,3,340,0,0,0,3,90.40775401069519,68.18181818181819,68.18181818181819,22,21.428571428571427,60.0,0.0,66.66666666666667,1.3333333333333333,5,1,10,77.2235294117647
S45G01N10,2024-2025,20241024,81,away,16,1,0,2,0,2,0,5,2,1,0,0,0,2,1,1,2,6,2,3,3,5,8,3,0,4,340,0,0,0,4,-90.40775401069519,36.33720930232558,33.333333333333336,2,36.76470588235294,0.0,50.0,50.0,0.25,5,1,0,77.2235294117647,64,4,2,4,3,7,0,7,3,4,3,0,0,0,0,0,0,11,6,3,2,15,11,2,0,3,340,0,0,0,3,90.40775401069519,68.18181818181819,68.18181818181819,22,21.428571428571427,60.0,0.0,66.66666666666667,1.3333333333333333,5,1,10,77.2235294117647
S45G01N10,2024-2025,20241024,82,away,16,1,0,2,0,2,0,5,2,1,0,0,0,2,1,1,2,6,2,3,3,5,8,3,0,4,340,0,0,0,4,-90.40775401069519,36.33720930232558,33.333333333333336,2,36.76470588235294,0.0,50.0,50.0,0.25,5,1,0,77.2235294117647,64,4,2,4,3,7,0,7,3,4,3,0,0,0,0,0,0,11,6,3,2,15,11,2,0,3,340,0,0,0,3,90.40775401069519,68.18181818181819,68.18181818181819,22,21.428571428571427,60.0,0.0,66.66666666666667,1.3333333333333333,5,1,10,77.2235294117647
S45G01N10,2024-2025,20241024,83,away,16,1,0,2,0,2,0,5,2,2,0,0,0,2,1,1,2,7,2,3,3,5,9,3,0,4,354,0,0,0,4,-94.27609427609428,31.725888324873097,28.571428571428573,1,33.670033670033675,0.0,50.0,50.0,0.25,5,1,0,77.5593220338983,64,4,2,4,3,7,0,7,3,4,3,0,0,0,0,0,0,11,6,3,2,15,11,2,0,3,354,0,0,0,3,94.27609427609428,68.18181818181819,68.18181818181819,22,21.428571428571427,60.0,0.0,66.66666666666667,1.3333333333333333,5,1,10,77.5593220338983
S45G01N10,2024-2025,20241024,84,away,16,1,0,2,1,3,0,5,2,2,0,0,0,2,1,1,2,7,2,3,3,5,9,3,0,4,356,0,0,0,4,-90.40775401069519,31.725888324873097,28.571428571428573,2,33.670033670033675,20.0,50.0,50.0,0.25,5,1,0,73.75280898876403,64,4,2,4,3,7,0,7,3,4,3,0,0,0,0,0,0,11,6,3,2,15,11,2,0,3,356,0,0,0,3,90.40775401069519,68.18181818181819,68.18181818181819,22,21.428571428571427,60.0,0.0,66.66666666666667,1.3333333333333333,5,1,10,73.75280898876403
S45G01N10,2024-2025,20241024,85,away,16,1,0,2,1,3,0,6,2,2,0,0,0,2,1,1,2,8,2,3,3,5,10,3,0,4,364,0,0,0,4,-94.27609427609428,28.153153153153152,25.0,1,31.05590062111801,20.0,50.0,50.0,0.25,5,1,0,75.42857142857143,64,4,2,4,3,7,0,7,3,4,3,0,0,0,0,0,0,11,6,3,2,15,11,2,0,3,364,0,0,0,3,94.27609427609428,68.18181818181819,68.18181818181819,22,21.428571428571427,60.0,0.0,66.66666666666667,1.3333333333333333,5,1,10,75.42857142857143
S45G01N10,2024-2025,20241024,86,away,16,1,0,2,2,4,0,6,2,2,0,0,0,2,1,1,2,8,2,3,3,5,10,3,0,4,365,0,0,0,4,-90.4077540106952,28.153153153153152,25.0,2,31.05590062111801,33.333333333333336,50.0,50.0,0.25,5,1,0,71.93424657534247,64,4,2,4,3,7,0,7,3,4,3,0,0,0,0,0,0,11,6,3,2,15,11,2,0,3,365,0,0,0,3,90.4077540106952,68.18181818181819,68.18181818181819,22,21.428571428571427,60.0,0.0,66.66666666666667,1.3333333333333333,5,1,10,71.93424657534247
S45G01N10,2024-2025,20241024,87,away,16,1,0,2,2,4,0,6,2,3,1,0,0,2,1,1,2,9,3,3,3,8,11,3,0,4,377,0,0,0,4,-69.02356902356904,40.48582995951417,38.888888888888886,5,28.81844380403458,33.333333333333336,50.0,33.333333333333336,0.25,3,1,0,72.82758620689656,64,4,2,4,3,7,0,7,3,4,3,0,0,0,0,0,0,11,6,3,2,15,11,2,0,3,377,0,0,0,3,69.02356902356904,68.18181818181819,68.18181818181819,22,21.428571428571427,60.0,0.0,66.66666666666667,1.3333333333333333,3,1,10,72.82758620689656
S45G01N10,2024-2025,20241024,88,away,16,2,0,2,2,4,0,6,2,3,1,0,0,2,1,1,2,9,3,3,3,8,11,3,0,4,377,0,0,0,4,-69.02356902356904,40.48582995951417,38.888888888888886,6,28.81844380403458,33.333333333333336,50.0,66.66666666666667,0.5,3,1,0,72.82758620689656,64,4,2,4,3,7,0,7,3,4,3,0,0,0,0,0,0,11,6,3,2,15,11,2,0,3,377,0,0,0,3,69.02356902356904,68.18181818181819,68.18181818181819,22,21.428571428571427,60.0,0.0,66.66666666666667,1.3333333333333333,3,1,10,72.82758620689656
S45G01N10,2024-2025,20241024,89,away,16,2,0,2,2,4,0,6,2,3,1,0,0,2,1,1,2,9,3,3,3,8,11,3,0,4,390,0,0,0,4,-57.659932659932664,40.48582995951417,38.888888888888886,6,28.81844380403458,33.333333333333336,50.0,66.66666666666667,0.5,3,1,0,73.47692307692309,64,4,2,4,3,7,0,7,3,5,3,0,0,0,0,0,0,12,6,3,2,15,12,2,0,3,390,0,0,0,3,57.659932659932664,62.5,62.5,21,20.0,60.0,0.0,66.66666666666667,1.3333333333333333,3,1,10,73.47692307692309
S45G01N10,2024-2025,20241024,90,away,16,2,0,2,2,4,0,6,2,3,1,0,0,2,1,1,2,9,3,3,3,8,11,3,0,4,392,0,0,0,4,-69.02356902356904,40.48582995951417,38.888888888888886,6,28.81844380403458,33.333333333333336,50.0,66.66666666666667,0.5,3,1,0,70.04081632653062,64,4,2,4,4,8,0,7,3,5,3,0,0,0,0,0,0,12,6,3,2,15,12,2,0,3,392,0,0,0,3,69.02356902356904,62.5,62.5,22,20.0,66.66666666666667,0.0,66.66666666666667,1.3333333333333333,3,1,10,70.04081632653062
S45G01N10,2024-2025,20241024,91,away,16,2,0,2,2,4,0,6,2,3,1,0,0,2,1,1,2,9,3,3,3,8,11,3,0,4,398,0,0,0,4,-82.65993265993266,40.48582995951417,38.888888888888886,6,28.81844380403458,33.333333333333336,50.0,66.66666666666667,0.5,3,1,0,72.00000000000001,64,4,2,4,4,8,0,7,3,6,4,0,0,0,0,0,0,13,7,3,2,18,13,2,0,3,398,0,0,0,3,82.65993265993266,69.23076923076923,69.23076923076923,25,18.75,66.66666666666667,0.0,57.142857142857146,1.3333333333333333,3,1,10,72.00000000000001
S45G01N10,2024-2025,20241024,92,away,16,2,0,2,2,4,0,6,2,3,1,0,0,2,1,1,2,9,3,3,3,8,11,3,0,4,398,0,0,0,4,-82.65993265993266,40.48582995951417,38.888888888888886,6,28.81844380403458,33.333333333333336,50.0,66.66666666666667,0.5,3,1,0,72.00000000000001,64,5,2,4,4,8,0,7,3,6,4,0,0,0,0,0,0,13,7,3,2,18,13,2,0,3,398,0,0,0,3,82.65993265993266,69.23076923076923,69.23076923076923,26,18.75,66.66666666666667,0.0,71.42857142857143,1.6666666666666667,3,1,10,72.00000000000001
S45G01N10,2024-2025,20241024,93,away,16,2,0,2,2,4,0,7,3,3,1,0,0,2,1,1,2,10,4,3,3,10,12,3,0,4,419,0,0,0,4,-72.36024844720497,45.955882352941174,45.0,8,26.881720430107524,33.333333333333336,50.0,50.0,0.5,2,1,0,71.25536992840097,64,5,2,4,4,8,0,7,3,6,4,0,0,0,0,0,0,13,7,3,2,18,13,2,0,3,419,0,0,0,3,72.36024844720497,69.23076923076923,69.23076923076923,26,18.75,66.66666666666667,0.0,71.42857142857143,1.6666666666666667,2,1,10,71.25536992840097
S45G01N10,2024-2025,20241024,94,away,16,3,0,2,2,4,0,7,3,3,1,0,0,2,1,1,2,10,4,3,3,10,12,3,0,4,419,0,0,0,4,-72.36024844720497,45.955882352941174,45.0,9,26.881720430107524,33.333333333333336,50.0,75.0,0.75,2,1,0,71.25536992840097,64,5,2,4,4,8,0,7,3,6,4,0,0,0,0,0,0,13,7,3,2,18,13,2,0,3,419,0,0,0,3,72.36024844720497,69.23076923076923,69.23076923076923,26,18.75,66.66666666666667,0.0,71.42857142857143,1.6666666666666667,2,1,10,71.25536992840097
S45G01N10,2024-2025,20241024,95,away,16,3,0,2,2,4,0,7,3,3,1,0,0,2,1,1,2,10,4,3,3,10,12,3,0,4,445,0,0,0,4,-60.82178690874342,45.955882352941174,45.0,9,26.881720430107524,33.333333333333336,50.0,75.0,0.75,2,1,0,69.78876404494383,64,5,2,4,4,8,0,7,3,7,4,0,0,0,0,0,0,14,7,3,2,18,14,2,0,3,445,0,0,0,3,60.82178690874342,64.28571428571429,64.28571428571429,25,17.647058823529413,66.66666666666667,0.0,71.42857142857143,1.6666666666666667,2,1,10,69.78876404494383
S45G01N10,2024-2025,20241024,96,away,16,3,0,3,2,5,0,7,3,3,1,0,0,2,1,1,2,10,4,3,3,10,12,3,0,4,446,0,0,0,4,-60.82178690874342,45.955882352941174,45.0,10,26.881720430107524,33.333333333333336,50.0,75.0,0.75,2,1,0,69.63228699551571,64,5,2,4,4,8,0,7,3,7,4,0,0,0,0,0,0,14,7,3,2,18,14,2,0,3,446,0,0,0,3,60.82178690874342,64.28571428571429,64.28571428571429,25,17.647058823529413,57.142857142857146,0.0,71.42857142857143,1.6666666666666667,2,1,10,69.63228699551571
S45G01N10,2024-2025,20241024,97,away,16,3,0,3,2,5,0,8,3,3,1,0,0,2,1,1,2,11,4,3,3,10,13,3,0,4,459,0,0,0,4,-66.415428951452,42.08754208754208,40.90909090909091,9,25.188916876574307,33.333333333333336,50.0,75.0,0.75,2,1,0,70.27450980392157,64,5,2,4,4,8,0,7,3,7,4,0,0,0,0,0,0,14,7,3,2,18,14,2,0,3,459,0,0,0,3,66.415428951452,64.28571428571429,64.28571428571429,25,17.647058823529413,57.142857142857146,0.0,71.42857142857143,1.6666666666666667,2,1,10,70.27450980392157
S45G01N10,2024-2025,20241024,98,away,16,3,0,3,2,5,0,8,3,3,1,0,0,2,1,1,2,11,4,3,3,10,13,3,0,4,460,0,0,0,4,-66.415428951452,42.08754208754208,40.90909090909091,9,25.188916876574307,33.333333333333336,50.0,75.0,0.75,2,1,0,70.12173913043479,64,5,3,4,4,8,0,7,3,7,4,0,0,0,0,0,0,14,7,3,2,18,14,2,0,3,460,0,0,0,3,66.415428951452,64.28571428571429,64.28571428571429,26,17.647058823529413,57.142857142857146,0.0,71.42857142857143,1.6666666666666667,2,1,10,70.12173913043479
S45G01N10,2024-2025,20241024,99,away,16,3,0,3,3,6,0,8,3,3,1,0,0,2,1,1,2,11,4,3,3,10,13,3,0,4,460,0,0,0,4,-60.82178690874342,42.08754208754208,40.90909090909091,10,25.188916876574307,42.857142857142854,50.0,75.0,0.75,2,1,0,67.51304347826088,64,5,3,4,4,8,0,7,3,7,4,0,0,0,0,0,0,14,7,3,2,18,14,2,0,3,460,0,0,0,3,60.82178690874342,64.28571428571429,64.28571428571429,26,17.647058823529413,57.142857142857146,0.0,71.42857142857143,1.6666666666666667,2,1,10,67.51304347826088
S45G01N10,2024-2025,20241024,100,away,16,3,0,3,3,6,0,8,3,3,1,0,0,2,1,1,2,11,4,3,3,10,13,3,0,4,460,0,0,0,4,-60.82178690874342,42.08754208754208,40.90909090909091,10,25.188916876574307,42.857142857142854,50.0,75.0,0.75,2,1,0,67.51304347826088,64,5,3,4,4,8,0,7,3,7,4,0,0,0,0,0,0,14,7,4,2,18,14,2,0,3,460,0,0,0,3,60.82178690874342,64.28571428571429,64.28571428571429,26,17.647058823529413,57.142857142857146,0.0,71.42857142857143,1.6666666666666667,2,1,10,67.51304347826088
S45G01N10,2024-2025,20241024,101,away,16,3,0,3,3,6,0,8,3,3,1,0,0,2,1,1,2,11,4,3,3,10,13,3,0,4,460,0,0,0,4,-60.82178690874342,42.08754208754208,40.90909090909091,10,25.188916876574307,42.857142857142854,50.0,75.0,0.75,2,1,0,67.51304347826088,64,5,3,4,4,8,0,7,3,7,4,0,0,0,0,0,0,14,7,4,2,18,14,2,0,3,460,0,0,0,3,60.82178690874342,64.28571428571429,64.28571428571429,26,17.647058823529413,57.142857142857146,0.0,71.42857142857143,1.6666666666666667,2,1,10,67.51304347826088
S45G01N10,2024-2025,20241024,102,away,16,3,0,3,3,6,0,8,3,3,1,0,0,2,1,1,2,11,4,3,3,10,13,3,0,4,460,0,0,0,4,-60.82178690874342,42.08754208754208,40.90909090909091,10,25.188916876574307,42.857142857142854,50.0,75.0,0.75,2,1,0,67.51304347826088,64,5,3,4,4,8,0,7,3,7,4,0,0,0,0,0,0,14,7,4,2,18,14,2,0,3,460,0,0,0,3,60.82178690874342,64.28571428571429,64.28571428571429,26,17.647058823529413,57.142857142857146,0.0,71.42857142857143,1.6666666666666667,2,1,10,67.51304347826088
S45G01N10,2024-2025,20241024,103,away,16,3,0,3,3,6,0,8,3,3,1,0,0,2,1,1,2,11,4,3,3,10,13,3,0,4,460,0,0,0,4,-60.82178690874342,42.08754208754208,40.90909090909091,10,25.188916876574307,42.857142857142854,50.0,75.0,0.75,2,1,0,67.51304347826088,64,5,3,4,4,8,0,7,3,7,4,0,0,0,0,0,0,14,7,4,2,18,14,2,0,3,460,0,0,0,3,60.82178690874342,64.28571428571429,64.28571428571429,26,17.647058823529413,57.142857142857146,0.0,71.42857142857143,1.6666666666666667,2,1,10,67.51304347826088
S45G01N10,2024-2025,20241024,104,away,16,3,0,3,3,6,0,8,3,3,1,0,0,3,1,1,2,11,4,3,3,10,14,3,0,4,460,0,0,0,4,-63.386463386463376,40.58441558441558,40.90909090909091,9,24.509803921568626,42.857142857142854,33.333333333333336,75.0,0.75,2,1,0,68.6608695652174,64,5,3,4,4,8,0,7,3,7,4,0,0,0,0,0,0,14,7,4,2,18,14,2,0,3,460,0,0,0,3,63.386463386463376,64.28571428571429,64.28571428571429,26,17.647058823529413,57.142857142857146,0.0,71.42857142857143,1.6666666666666667,2,1,10,68.6608695652174
S45G01N10,2024-2025,20241024,105,away,16,3,0,3,3,6,0,8,3,3,1,0,0,4,2,1,2,11,4,3,3,11,15,3,0,4,460,0,0,0,4,-58.51967799642216,43.10344827586207,40.90909090909091,10,23.866348448687354,42.857142857142854,50.0,75.0,0.75,3,1,0,69.80869565217391,64,5,3,4,4,8,0,7,3,7,4,0,0,0,0,0,0,14,7,4,2,18,14,2,0,3,460,0,0,0,3,58.51967799642216,64.28571428571429,64.28571428571429,26,17.647058823529413,57.142857142857146,0.0,71.42857142857143,1.6666666666666667,3,1,10,69.80869565217391
S45G01N10,2024-2025,20241024,106,away,16,3,0,3,3,6,0,8,3,3,1,0,0,4,2,1,2,11,4,3,3,11,15,3,0,4,482,0,0,0,4,-70.05813953488371,43.10344827586207,40.90909090909091,10,23.866348448687354,42.857142857142854,50.0,75.0,0.75,3,1,0,69.11203319502074,64,5,3,4,4,8,0,7,3,8,5,0,0,0,0,0,0,15,8,4,2,21,15,2,0,3,482,0,0,0,3,70.05813953488371,70.0,70.0,29,16.666666666666668,57.142857142857146,0.0,62.5,1.6666666666666667,3,1,10,69.11203319502074
S45G01N10,2024-2025,20241024,107,away,16,3,0,3,3,6,0,8,3,3,1,0,0,4,2,1,2,11,4,3,3,11,15,3,0,4,482,0,0,0,4,-70.05813953488371,43.10344827586207,40.90909090909091,10,23.866348448687354,42.857142857142854,50.0,75.0,0.75,3,1,0,69.11203319502074,64,6,3,4,4,8,0,7,3,8,5,0,0,0,0,0,0,15,8,4,2,21,15,2,0,3,482,0,0,0,3,70.05813953488371,70.0,70.0,30,16.666666666666668,57.142857142857146,0.0,75.0,2.0,3,1,10,69.11203319502074
S45G01N10,2024-2025,20241024,108,away,16,3,0,3,3,6,0,8,3,4,1,0,0,4,2,1,2,12,4,3,3,11,16,3,0,4,494,0,0,0,4,-75.47425474254742,39.97093023255814,37.5,9,22.522522522522525,42.857142857142854,50.0,75.0,0.75,3,1,0,69.86234817813764,64,6,3,4,4,8,0,7,3,8,5,0,0,0,0,0,0,15,8,4,2,21,15,2,0,3,494,0,0,0,3,75.47425474254742,70.0,70.0,30,16.666666666666668,57.142857142857146,0.0,75.0,2.0,3,1,10,69.86234817813764
S45G01N10,2024-2025,20241024,109,away,16,3,0,3,3,6,0,8,3,4,1,0,0,4,2,1,2,12,4,3,3,11,16,3,0,4,495,0,0,0,4,-75.47425474254742,39.97093023255814,37.5,9,22.522522522522525,37.5,50.0,75.0,0.75,3,1,0,69.72121212121212,64,6,3,5,4,9,0,7,3,8,5,0,0,0,0,0,0,15,8,4,2,21,15,2,0,3,495,0,0,0,3,75.47425474254742,70.0,70.0,31,16.666666666666668,57.142857142857146,0.0,75.0,2.0,3,1,10,69.72121212121212
S45G01N10,2024-2025,20241024,110,away,16,3,0,3,3,6,0,8,3,4,1,0,0,4,2,1,2,12,4,3,3,11,16,3,0,4,496,0,0,0,4,-75.47425474254742,39.97093023255814,37.5,9,22.522522522522525,37.5,50.0,75.0,0.75,3,1,0,69.58064516129032,64,6,3,5,4,9,0,7,3,8,5,0,0,0,0,0,0,15,8,5,3,21,15,2,0,3,496,0,0,0,3,75.47425474254742,70.0,70.0,31,16.666666666666668,57.142857142857146,0.0,75.0,2.0,3,1,10,69.58064516129032
S45G01N10,2024-2025,20241024,111,away,16,3,0,3,3,6,0,8,3,4,1,0,0,4,2,1,2,12,4,3,3,11,16,3,0,4,496,0,0,0,4,-75.47425474254742,39.97093023255814,37.5,9,22.522522522522525,37.5,50.0,75.0,0.75,3,1,0,69.58064516129032,64,6,3,5,4,9,0,7,3,8,5,0,0,0,0,0,0,15,8,5,3,21,15,2,0,3,496,0,0,0,3,75.47425474254742,70.0,70.0,31,16.666666666666668,57.142857142857146,0.0,75.0,2.0,3,1,10,69.58064516129032
S45G01N10,2024-2025,20241024,112,away,16,3,0,3,3,6,0,8,3,4,1,0,0,4,2,1,2,12,4,3,3,11,16,3,0,4,496,0,0,0,4,-65.47425474254742,39.97093023255814,37.5,9,22.522522522522525,37.5,50.0,75.0,0.75,3,1,0,72.0,64,6,3,5,4,9,0,7,3,8,5,0,0,0,0,0,0,15,8,5,3,21,15,2,0,4,496,0,0,0,4,65.47425474254742,70.0,70.0,30,21.05263157894737,57.142857142857146,0.0,75.0,1.5,3,1,10,72.0
S45G01N10,2024-2025,20241024,113,away,16,3,0,3,3,6,0,8,3,4,1,0,0,4,2,1,2,12,4,3,3,11,16,3,0,4,496,0,0,0,4,-65.47425474254742,39.97093023255814,37.5,9,22.522522522522525,37.5,50.0,75.0,0.75,3,1,0,72.0,64,6,3,5,4,9,0,7,3,8,5,0,0,0,0,0,0,15,8,5,3,21,15,2,0,4,496,0,0,0,4,65.47425474254742,70.0,70.0,30,21.05263157894737,57.142857142857146,0.0,75.0,1.5,3,1,10,72.0
S45G01N10,2024-2025,20241024,114,away,16,3,0,3,3,6,0,8,3,4,1,0,0,4,2,1,2,12,4,3,3,11,16,3,0,4,504,0,0,0,4,-65.47425474254742,39.97093023255814,37.5,9,22.522522522522525,37.5,50.0,75.0,0.75,3,1,0,70.85714285714285,64,6,3,5,4,9,0,7,3,8,5,0,0,0,0,0,0,15,8,6,3,21,15,2,0,4,504,0,0,0,4,65.47425474254742,70.0,70.0,30,21.05263157894737,57.142857142857146,0.0,75.0,1.5,3,1,10,70.85714285714285
S45G01N10,2024-2025,20241024,115,away,16,3,0,3,3,6,0,8,3,4,1,0,0,4,2,1,2,12,4,3,3,11,16,3,0,4,504,0,0,0,4,-65.47425474254742,39.97093023255814,37.5,9,22.522522522522525,37.5,50.0,75.0,0.75,3,1,0,70.85714285714285,64,6,3,5,4,9,0,7,3,8,5,0,0,0,0,0,0,15,8,6,3,21,15,2,0,4,504,0,0,0,4,65.47425474254742,70.0,70.0,30,21.05263157894737,57.142857142857146,0.0,75.0,1.5,3,1,10,70.85714285714285
S45G01N10,2024-2025,20241024,116,away,16,3,0,3,3,6,0,8,3,4,1,0,0,4,2,1,2,12,4,3,3,11,16,3,0,4,504,0,0,0,4,-65.47425474254742,39.97093023255814,37.5,9,22.522522522522525,37.5,50.0,75.0,0.75,3,1,0,70.85714285714285,64,6,3,5,4,9,0,7,3,8,5,0,0,0,0,0,0,15,8,6,3,21,15,2,0,4,504,0,0,0,4,65.47425474254742,70.0,70.0,30,21.05263157894737,57.142857142857146,0.0,75.0,1.5,3,1,10,70.85714285714285
S45G01N10,2024-2025,20241024,117,away,16,3,0,3,3,6,0,8,3,4,1,0,0,5,2,1,2,12,4,3,3,11,17,3,0,4,504,0,0,0,4,-67.63157894736841,38.732394366197184,37.5,8,21.978021978021978,37.5,40.0,75.0,0.75,3,1,0,71.9047619047619,64,6,3,5,4,9,0,7,3,8,5,0,0,0,0,0,0,15,8,6,3,21,15,2,0,4,504,0,0,0,4,67.63157894736841,70.0,70.0,30,21.05263157894737,57.142857142857146,0.0,75.0,1.5,3,1,10,71.9047619047619
S45G01N10,2024-2025,20241024,118,away,16,3,0,3,3,6,0,8,3,4,1,0,0,6,2,1,2,12,4,3,3,11,18,3,0,4,504,0,0,0,4,-69.66751918158567,37.56830601092896,37.5,7,21.459227467811157,37.5,33.333333333333336,75.0,0.75,3,1,0,72.95238095238095,64,6,3,5,4,9,0,7,3,8,5,0,0,0,0,0,0,15,8,6,3,21,15,2,0,4,504,0,0,0,4,69.66751918158567,70.0,70.0,30,21.05263157894737,57.142857142857146,0.0,75.0,1.5,3,1,10,72.95238095238095
S45G01N10,2024-2025,20241024,119,away,16,3,0,3,3,6,0,8,3,4,1,0,0,6,2,1,2,12,4,3,3,11,18,3,0,4,505,0,0,0,4,-69.66751918158567,37.56830601092896,37.5,7,21.459227467811157,33.333333333333336,33.333333333333336,75.0,0.75,3,1,0,72.8079207920792,64,6,3,6,4,10,0,7,3,8,5,0,0,0,0,0,0,15,8,6,3,21,15,2,0,4,505,0,0,0,4,69.66751918158567,70.0,70.0,31,21.05263157894737,57.142857142857146,0.0,75.0,1.5,3,1,10,72.8079207920792
S45G01N10,2024-2025,20241024,120,away,16,3,0,3,3,6,0,8,3,4,1,0,0,6,2,1,2,12,4,4,4,11,18,3,0,4,517,0,0,0,4,-69.66751918158567,37.56830601092896,37.5,7,21.459227467811157,33.333333333333336,33.333333333333336,75.0,0.75,3,1,0,71.11798839458413,64,6,3,6,4,10,0,7,3,8,5,0,0,0,0,0,0,15,8,6,3,21,15,2,0,4,517,0,0,0,4,69.66751918158567,70.0,70.0,31,21.05263157894737,57.142857142857146,0.0,75.0,1.5,3,1,10,71.11798839458413
S45G01N10,2024-2025,20241024,121,away,16,3,0,3,3,6,0,8,3,4,1,0,0,6,2,1,2,12,4,4,4,11,18,3,0,4,517,0,0,0,4,-69.66751918158567,37.56830601092896,37.5,7,21.459227467811157,33.333333333333336,33.333333333333336,75.0,0.75,3,1,0,71.11798839458413,64,6,3,6,4,10,0,7,3,8,5,0,0,0,0,0,0,15,8,6,3,21,15,2,0,4,517,0,0,0,4,69.66751918158567,70.0,70.0,31,21.05263157894737,57.142857142857146,0.0,75.0,1.5,3,1,10,71.11798839458413
S45G01N10,2024-2025,20241024,122,away,16,3,0,3,3,6,0,8,3,4,1,0,0,6,2,1,2,12,4,5,4,11,18,3,0,4,520,0,0,0,4,-69.66751918158567,37.56830601092896,37.5,7,21.459227467811157,33.333333333333336,33.333333333333336,75.0,0.75,3,1,0,70.7076923076923,64,6,3,6,4,10,0,7,3,8,5,0,0,0,0,0,0,15,8,6,3,21,15,2,0,4,520,0,0,0,4,69.66751918158567,70.0,70.0,31,21.05263157894737,57.142857142857146,0.0,75.0,1.5,3,1,10,70.7076923076923
S45G01N10,2024-2025,20241024,123,away,16,3,0,3,3,6,0,8,3,4,1,0,0,6,2,1,2,12,4,5,4,11,18,3,0,4,520,0,0,0,4,-69.66751918158567,37.56830601092896,37.5,7,21.459227467811157,33.333333333333336,33.333333333333336,75.0,0.75,3,1,0,70.7076923076923,64,6,3,6,4,10,0,7,3,8,5,0,0,0,0,0,0,15,8,6,3,21,15,2,0,4,520,0,0,0,4,69.66751918158567,70.0,70.0,31,21.05263157894737,57.142857142857146,0.0,75.0,1.5,3,1,10,70.7076923076923
S45G01N10,2024-2025,20241024,124,away,16,3,0,3,3,6,0,8,3,4,1,0,0,6,2,1,2,12,4,5,4,11,18,3,0,4,520,0,0,0,4,-72.15456581371004,37.56830601092896,37.5,7,21.459227467811157,33.333333333333336,33.333333333333336,75.0,0.75,4,1,0,71.72307692307692,64,6,3,6,4,10,0,7,3,8,5,0,0,1,1,0,0,15,8,6,3,22,16,2,0,4,520,0,0,0,4,72.15456581371004,71.24352331606218,70.0,32,20.5761316872428,57.142857142857146,100.0,75.0,1.5,4,1,11,71.72307692307692
S45G01N10,2024-2025,20241024,125,away,16,3,0,3,3,6,0,8,3,4,1,0,0,6,2,1,2,12,4,5,4,11,18,3,0,4,520,0,0,0,4,-74.50379122188792,37.56830601092896,37.5,7,21.459227467811157,33.333333333333336,33.333333333333336,75.0,0.75,5,1,0,72.73846153846154,64,6,3,6,4,10,0,7,3,8,5,0,0,2,2,0,0,15,8,6,3,23,17,2,0,4,520,0,0,0,4,74.50379122188792,72.41813602015112,70.0,33,20.120724346076457,57.142857142857146,100.0,75.0,1.5,5,1,12,72.73846153846154
S45G01N10,2024-2025,20241024,126,away,16,3,0,3,3,6,0,8,3,4,1,0,0,6,2,1,2,12,4,5,4,11,18,3,0,4,520,0,0,0,4,-74.50379122188792,37.56830601092896,37.5,7,21.459227467811157,33.333333333333336,33.333333333333336,75.0,0.75,5,1,0,72.73846153846154,64,6,3,6,4,10,0,7,3,8,5,0,0,2,2,0,0,15,8,6,3,23,17,2,0,4,520,0,0,0,4,74.50379122188792,72.41813602015112,70.0,33,20.120724346076457,57.142857142857146,100.0,75.0,1.5,5,1,12,72.73846153846154
S45G01N10,2024-2025,20241024,127,away,16,3,0,3,3,6,0,8,3,4,1,0,0,6,2,1,2,12,4,5,4,11,18,3,0,4,520,0,0,0,4,-74.50379122188792,37.56830601092896,37.5,7,21.459227467811157,33.333333333333336,33.333333333333336,75.0,0.75,5,1,0,72.73846153846154,64,6,3,6,4,10,0,7,3,8,5,0,0,2,2,0,0,15,8,6,3,23,17,2,0,4,520,0,0,0,4,74.50379122188792,72.41813602015112,70.0,33,20.120724346076457,57.142857142857146,100.0,75.0,1.5,5,1,12,72.73846153846154
S45G01N10,2024-2025,20241024,128,away,16,3,0,3,3,6,0,8,3,4,1,0,0,6,2,1,2,12,4,5,4,11,18,3,0,4,520,0,0,0,4,-74.50379122188792,37.56830601092896,37.5,7,21.459227467811157,33.333333333333336,33.333333333333336,75.0,0.75,5,1,0,72.73846153846154,64,6,3,6,4,10,0,7,3,8,5,0,0,2,2,0,0,15,8,6,3,23,17,2,0,4,520,0,0,0,4,74.50379122188792,72.41813602015112,70.0,33,20.120724346076457,57.142857142857146,100.0,75.0,1.5,5,1,12,72.73846153846154
S45G01N10,2024-2025,20241024,129,away,16,3,0,3,3,6,0,8,3,4,1,0,0,6,2,1,2,12,4,5,4,11,18,3,0,4,520,0,0,0,4,-74.50379122188792,37.56830601092896,37.5,7,21.459227467811157,33.333333333333336,33.333333333333336,75.0,0.75,5,1,0,72.73846153846154,64,6,3,6,4,10,0,7,3,8,5,0,0,2,2,0,0,15,8,6,3,23,17,2,0,4,520,0,0,0,4,74.50379122188792,72.41813602015112,70.0,33,20.120724346076457,57.142857142857146,100.0,75.0,1.5,5,1,12,72.73846153846154
S45G01N10,2024-2025,20241024,130,away,16,3,0,3,3,6,0,9,3,4,1,0,0,6,2,1,2,13,4,5,4,11,19,3,0,4,542,0,0,0,4,-78.73050280953302,35.16624040920716,34.61538461538461,6,20.36659877800407,33.333333333333336,33.333333333333336,75.0,0.75,5,1,0,72.00000000000001,64,6,3,6,4,10,0,7,3,8,5,0,0,2,2,0,0,15,8,6,3,23,17,2,0,4,542,0,0,0,4,78.73050280953302,72.41813602015112,70.0,33,20.120724346076457,57.142857142857146,100.0,75.0,1.5,5,1,12,72.00000000000001
S45G01N10,2024-2025,20241024,131,away,16,3,0,3,4,7,0,9,3,4,1,0,0,6,2,1,2,13,4,5,4,11,19,3,0,4,544,0,0,0,4,-74.50379122188792,35.16624040920716,34.61538461538461,7,20.36659877800407,40.0,33.333333333333336,75.0,0.75,5,1,0,69.5294117647059,64,6,3,6,4,10,0,7,3,8,5,0,0,2,2,0,0,15,8,6,3,23,17,2,0,4,544,0,0,0,4,74.50379122188792,72.41813602015112,70.0,33,20.120724346076457,57.142857142857146,100.0,75.0,1.5,5,1,12,69.5294117647059
S45G01N10,2024-2025,20241024,132,away,16,3,0,3,4,7,0,10,3,4,1,0,0,6,2,1,2,14,4,5,4,11,20,3,0,4,547,0,0,0,4,-78.73050280953302,33.05288461538461,32.142857142857146,6,19.37984496124031,40.0,33.333333333333336,75.0,0.75,5,1,0,71.3418647166362,64,6,3,6,4,10,0,7,3,8,5,0,0,2,2,0,0,15,8,6,3,23,17,2,0,4,547,0,0,0,4,78.73050280953302,72.41813602015112,70.0,33,20.120724346076457,57.142857142857146,100.0,75.0,1.5,5,1,12,71.3418647166362
S45G01N10,2024-2025,20241024,133,away,16,3,0,3,4,7,0,10,3,4,1,0,0,6,2,1,2,14,4,5,4,11,20,3,0,4,549,0,0,0,4,-78.73050280953302,33.05288461538461,32.142857142857146,6,19.37984496124031,36.36363636363637,33.333333333333336,75.0,0.75,5,1,0,71.08196721311477,64,6,3,7,4,11,0,7,3,8,5,0,0,2,2,0,0,15,8,6,3,23,17,2,0,4,549,0,0,0,4,78.73050280953302,72.41813602015112,70.0,34,20.120724346076457,57.142857142857146,100.0,75.0,1.5,5,1,12,71.08196721311477
S45G01N10,2024-2025,20241024,134,away,16,3,0,3,4,7,0,10,3,4,1,0,0,6,2,1,2,14,4,5,4,11,20,3,0,4,570,0,0,0,4,-70.15015493984689,33.05288461538461,32.142857142857146,6,19.37984496124031,36.36363636363637,33.333333333333336,75.0,0.75,5,1,0,70.56842105263156,64,6,3,7,4,11,0,8,3,8,5,0,0,2,2,0,0,16,8,6,3,23,18,2,0,4,570,0,0,0,4,70.15015493984689,68.12796208530806,65.625,33,19.157088122605366,57.142857142857146,100.0,75.0,1.5,5,1,12,70.56842105263156
S45G01N10,2024-2025,20241024,135,away,16,3,0,4,4,8,0,10,3,4,1,0,0,6,2,1,2,14,4,5,4,11,20,3,0,4,571,0,0,0,4,-70.15015493984689,33.05288461538461,32.142857142857146,7,19.37984496124031,36.36363636363637,33.333333333333336,75.0,0.75,5,1,0,70.4448336252189,64,6,3,7,4,11,0,8,3,8,5,0,0,2,2,0,0,16,8,6,3,23,18,2,0,4,571,0,0,0,4,70.15015493984689,68.12796208530806,65.625,33,19.157088122605366,50.0,100.0,75.0,1.5,5,1,12,70.4448336252189
S45G01N10,2024-2025,20241024,136,away,16,3,0,4,4,8,0,11,3,4,1,0,0,6,2,1,2,15,4,5,4,11,21,3,0,4,585,0,0,0,4,-73.89764752662518,31.179138321995463,30.0,6,18.484288354898336,36.36363636363637,33.333333333333336,75.0,0.75,5,1,0,70.8102564102564,64,6,3,7,4,11,0,8,3,8,5,0,0,2,2,0,0,16,8,6,3,23,18,2,0,4,585,0,0,0,4,73.89764752662518,68.12796208530806,65.625,33,19.157088122605366,50.0,100.0,75.0,1.5,5,1,12,70.8102564102564
S45G01N10,2024-2025,20241024,137,away,16,3,0,4,4,8,0,11,3,4,1,0,0,6,2,1,2,15,4,5,4,11,21,3,0,4,586,0,0,0,4,-73.89764752662518,31.179138321995463,30.0,6,18.484288354898336,33.333333333333336,33.333333333333336,75.0,0.75,5,1,0,70.68941979522182,64,6,3,8,4,12,0,8,3,8,5,0,0,2,2,0,0,16,8,6,3,23,18,2,0,4,586,0,0,0,4,73.89764752662518,68.12796208530806,65.625,34,19.157088122605366,50.0,100.0,75.0,1.5,5,1,12,70.68941979522182
S45G01N10,2024-2025,20241024,138,away,16,3,0,4,4,8,0,11,3,4,1,0,0,6,2,1,2,15,4,6,4,11,21,3,0,4,586,0,0,0,4,-73.89764752662518,31.179138321995463,30.0,6,18.484288354898336,33.333333333333336,33.333333333333336,75.0,0.75,5,1,0,70.68941979522182,64,6,3,8,4,12,0,8,3,8,5,0,0,2,2,0,0,16,8,6,3,23,18,2,0,4,586,0,0,0,4,73.89764752662518,68.12796208530806,65.625,34,19.157088122605366,50.0,100.0,75.0,1.5,5,1,12,70.68941979522182
S45G01N10,2024-2025,20241024,139,away,16,3,0,4,4,8,0,11,3,4,1,0,0,6,2,1,2,15,4,6,4,11,21,3,0,4,586,0,0,0,4,-76.2098526862631,31.179138321995463,30.0,6,18.484288354898336,33.333333333333336,33.333333333333336,75.0,0.75,6,1,0,71.59044368600682,64,6,3,8,4,12,0,8,3,8,5,0,0,3,3,0,0,16,8,6,3,24,19,2,0,4,586,0,0,0,4,76.2098526862631,69.28406466512702,65.625,35,18.76172607879925,50.0,100.0,75.0,1.5,6,1,13,71.59044368600682
S45G01N10,2024-2025,20241024,140,away,16,3,0,4,4,8,0,11,3,4,1,0,0,6,2,1,2,15,4,6,4,11,21,3,0,4,586,0,0,0,4,-78.40748912177483,31.179138321995463,30.0,6,18.484288354898336,33.333333333333336,33.333333333333336,75.0,0.75,7,1,0,72.49146757679182,64,6,3,8,4,12,0,8,3,8,5,0,0,4,4,0,0,16,8,6,3,25,20,2,0,4,586,0,0,0,4,78.40748912177483,70.38288288288288,65.625,36,18.38235294117647,50.0,100.0,75.0,1.5,7,1,14,72.49146757679182
S45G01N10,2024-2025,20241024,141,away,16,3,0,4,4,8,0,11,3,4,1,0,0,6,2,1,2,15,4,6,4,11,21,3,0,4,586,0,0,0,4,-78.40748912177483,31.179138321995463,30.0,6,18.484288354898336,33.333333333333336,33.333333333333336,75.0,0.75,7,1,0,72.49146757679182,64,6,3,8,4,12,0,8,3,8,5,0,0,4,4,0,0,16,8,6,3,25,20,2,0,4,586,0,0,0,4,78.40748912177483,70.38288288288288,65.625,36,18.38235294117647,50.0,100.0,75.0,1.5,7,1,14,72.49146757679182
S45G01N10,2024-2025,20241024,142,away,16,3,0,4,4,8,0,11,3,4,1,0,0,6,2,1,2,15,4,6,4,11,21,3,0,4,586,0,0,0,4,-78.40748912177483,31.179138321995463,30.0,6,18.484288354898336,33.333333333333336,33.333333333333336,75.0,0.75,7,1,0,72.49146757679182,64,6,3,8,4,12,0,8,3,8,5,0,0,4,4,0,0,16,8,6,3,25,20,2,0,4,586,0,0,0,4,78.40748912177483,70.38288288288288,65.625,36,18.38235294117647,50.0,100.0,75.0,1.5,7,1,14,72.49146757679182
S45G01N10,2024-2025,20241024,143,away,16,3,0,4,4,8,0,11,3,4,1,0,0,6,2,1,2,15,4,6,4,11,21,3,0,4,586,0,0,0,4,-78.40748912177483,31.179138321995463,30.0,6,18.484288354898336,33.333333333333336,33.333333333333336,75.0,0.75,7,1,0,72.49146757679182,64,6,3,8,4,12,0,8,3,8,5,0,0,4,4,0,0,16,8,6,3,25,20,2,0,4,586,0,0,0,4,78.40748912177483,70.38288288288288,65.625,36,18.38235294117647,50.0,100.0,75.0,1.5,7,1,14,72.49146757679182
S45G01N10,2024-2025,20241024,144,away,16,3,0,4,4,8,0,11,3,4,1,0,0,6,2,1,2,15,4,6,4,11,21,3,0,4,586,0,0,0,4,-78.40748912177483,31.179138321995463,30.0,6,18.484288354898336,33.333333333333336,33.333333333333336,75.0,0.75,7,1,0,72.49146757679182,64,6,3,8,4,12,0,8,3,8,5,0,0,4,4,0,0,16,8,6,3,25,20,2,0,4,586,0,0,0,4,78.40748912177483,70.38288288288288,65.625,36,18.38235294117647,50.0,100.0,75.0,1.5,7,1,14,72.49146757679182
S45G01N10,2024-2025,20241024,145,away,16,3,0,4,4,8,0,11,3,4,1,0,0,6,2,1,2,15,4,6,4,11,21,3,0,4,586,0,0,0,4,-78.40748912177483,31.179138321995463,30.0,6,18.484288354898336,33.333333333333336,33.333333333333336,75.0,0.75,7,1,0,72.49146757679182,64,6,3,8,4,12,0,8,3,8,5,0,0,4,4,0,0,16,8,6,3,25,20,2,0,4,586,0,0,0,4,78.40748912177483,70.38288288288288,65.625,36,18.38235294117647,50.0,100.0,75.0,1.5,7,1,14,72.49146757679182
S45G01N10,2024-2025,20241024,146,away,16,3,0,4,4,8,0,11,3,4,1,0,0,6,2,1,2,15,4,6,4,11,21,3,0,4,586,0,0,0,4,-78.40748912177483,31.179138321995463,30.0,6,18.484288354898336,33.333333333333336,33.333333333333336,75.0,0.75,7,1,0,72.49146757679182,64,6,3,8,4,12,0,8,3,8,5,0,0,4,4,0,0,16,8,6,3,25,20,2,0,4,586,0,0,0,4,78.40748912177483,70.38288288288288,65.625,36,18.38235294117647,50.0,100.0,75.0,1.5,7,1,14,72.49146757679182
S45G01N10,2024-2025,20241024,147,away,16,3,0,4,4,8,0,11,3,5,1,0,0,6,2,1,2,16,4,6,4,11,22,3,0,4,599,0,0,0,4,-81.75289022928507,29.506437768240342,28.125,5,17.6678445229682,33.333333333333336,33.333333333333336,75.0,0.75,7,1,0,72.92153589315527,64,6,3,8,4,12,0,8,3,8,5,0,0,4,4,0,0,16,8,6,3,25,20,2,0,4,599,0,0,0,4,81.75289022928507,70.38288288288288,65.625,36,18.38235294117647,50.0,100.0,75.0,1.5,7,1,14,72.92153589315527
S45G01N10,2024-2025,20241024,148,away,16,3,0,4,4,8,0,11,3,5,1,0,0,6,2,1,2,16,4,6,4,11,22,3,0,4,599,0,0,0,4,-81.75289022928507,29.506437768240342,28.125,5,17.6678445229682,30.76923076923077,33.333333333333336,75.0,0.75,7,1,0,72.92153589315527,64,6,3,9,4,13,0,8,3,8,5,0,0,4,4,0,0,16,8,6,3,25,20,2,0,4,599,0,0,0,4,81.75289022928507,70.38288288288288,65.625,37,18.38235294117647,50.0,100.0,75.0,1.5,7,1,14,72.92153589315527
S45G01N10,2024-2025,20241024,149,away,16,3,0,4,4,8,0,11,3,5,1,0,0,6,2,1,2,16,4,6,4,11,22,3,0,4,599,0,0,0,4,-74.24938459145108,29.506437768240342,28.125,5,17.6678445229682,30.76923076923077,33.333333333333336,75.0,0.75,7,1,0,74.92487479131887,64,6,3,9,4,13,0,8,3,9,5,0,0,4,4,0,0,17,8,6,3,25,21,2,0,4,599,0,0,0,4,74.24938459145108,66.63113006396588,61.76470588235294,36,17.57469244288225,50.0,100.0,75.0,1.5,7,1,14,74.92487479131887
S45G01N10,2024-2025,20241024,150,away,16,3,0,4,4,8,0,11,3,5,1,0,0,6,2,1,2,16,4,6,4,11,22,3,0,4,599,0,0,0,4,-74.24938459145108,29.506437768240342,28.125,5,17.6678445229682,30.76923076923077,33.333333333333336,75.0,0.75,7,1,0,74.92487479131887,64,6,3,9,4,13,0,8,3,9,5,0,0,4,4,0,0,17,8,6,3,25,21,2,0,4,599,0,0,0,4,74.24938459145108,66.63113006396588,61.76470588235294,36,17.57469244288225,50.0,100.0,75.0,1.5,7,1,14,74.92487479131887
S45G01N10,2024-2025,20241024,151,away,16,3,0,4,4,8,0,11,3,5,1,0,0,6,2,1,2,16,4,6,4,11,22,3,0,4,600,0,0,0,4,-74.24938459145108,29.506437768240342,28.125,5,17.6678445229682,30.76923076923077,33.333333333333336,75.0,0.75,7,1,0,74.80000000000001,64,6,3,9,4,13,0,8,3,9,5,0,0,4,4,0,0,17,8,6,3,25,21,2,0,4,600,0,0,0,4,74.24938459145108,66.63113006396588,61.76470588235294,36,17.57469244288225,50.0,100.0,75.0,1.5,7,1,14,74.80000000000001
S45G01N10,2024-2025,20241024,152,away,16,3,0,4,4,8,0,11,3,5,1,0,0,6,2,1,2,16,4,6,4,11,22,3,0,4,600,0,0,0,4,-74.24938459145108,29.506437768240342,28.125,5,17.6678445229682,30.76923076923077,33.333333333333336,75.0,0.75,7,1,0,74.80000000000001,64,6,3,9,4,13,0,8,3,9,5,0,0,4,4,0,0,17,8,6,3,25,21,2,0,4,600,0,0,0,4,74.24938459145108,66.63113006396588,61.76470588235294,36,17.57469244288225,50.0,100.0,75.0,1.5,7,1,14,74.80000000000001
S45G01N10,2024-2025,20241024,153,away,16,3,0,4,4,8,0,11,3,5,1,0,0,6,2,1,2,16,4,6,4,11,22,3,0,4,600,0,0,0,4,-74.24938459145108,29.506437768240342,28.125,5,17.6678445229682,30.76923076923077,33.333333333333336,75.0,0.75,7,1,0,74.80000000000001,64,6,3,9,4,13,0,8,3,9,5,0,0,4,4,0,0,17,8,6,3,25,21,2,0,4,600,0,0,0,4,74.24938459145108,66.63113006396588,61.76470588235294,36,17.57469244288225,50.0,100.0,75.0,1.5,7,1,14,74.80000000000001
S45G01N10,2024-2025,20241024,154,away,16,3,0,4,4,8,0,11,3,5,1,0,0,6,2,1,2,16,4,6,4,11,22,3,0,4,600,0,0,0,4,-74.24938459145108,29.506437768240342,28.125,5,17.6678445229682,30.76923076923077,33.333333333333336,75.0,0.75,7,1,0,74.80000000000001,64,6,3,9,4,13,0,8,3,9,5,0,0,4,4,0,0,17,8,6,3,25,21,2,0,4,600,0,0,0,4,74.24938459145108,66.63113006396588,61.76470588235294,36,17.57469244288225,50.0,100.0,75.0,1.5,7,1,14,74.80000000000001
S45G01N10,2024-2025,20241024,155,away,16,3,0,4,4,8,0,11,3,5,1,0,0,6,2,1,2,16,4,6,4,11,22,3,0,4,600,0,0,0,4,-74.24938459145108,29.506437768240342,28.125,5,17.6678445229682,30.76923076923077,33.333333333333336,75.0,0.75,7,1,0,74.80000000000001,64,6,3,9,4,13,0,8,3,9,5,0,0,4,4,0,0,17,8,6,3,25,21,2,0,4,600,0,0,0,4,74.24938459145108,66.63113006396588,61.76470588235294,36,17.57469244288225,50.0,100.0,75.0,1.5,7,1,14,74.80000000000001
S45G01N10,2024-2025,20241024,156,away,16,3,0,4,4,8,0,11,3,5,1,0,0,6,2,1,2,16,4,6,4,11,22,3,0,4,600,0,0,0,4,-74.24938459145108,29.506437768240342,28.125,5,17.6678445229682,30.76923076923077,33.333333333333336,75.0,0.75,7,1,0,74.80000000000001,64,6,3,9,4,13,0,8,3,9,5,0,0,4,4,0,0,17,8,6,3,25,21,2,0,4,600,0,0,0,4,74.24938459145108,66.63113006396588,61.76470588235294,36,17.57469244288225,50.0,100.0,75.0,1.5,7,1,14,74.80000000000001
S45G01N10,2024-2025,20241024,157,away,16,3,0,4,4,8,0,11,3,5,1,0,0,6,2,1,2,16,4,6,4,11,22,3,0,4,600,0,0,0,4,-74.24938459145108,29.506437768240342,28.125,5,17.6678445229682,30.76923076923077,33.333333333333336,75.0,0.75,7,1,0,74.80000000000001,64,6,3,9,4,13,0,8,3,9,5,0,0,4,4,0,0,17,8,6,3,25,21,2,0,4,600,0,0,0,4,74.24938459145108,66.63113006396588,61.76470588235294,36,17.57469244288225,50.0,100.0,75.0,1.5,7,1,14,74.80000000000001
S45G01N10,2024-2025,20241024,158,away,16,3,0,4,4,8,0,11,3,5,1,0,0,6,2,1,2,16,4,6,4,11,22,3,0,4,600,0,0,0,4,-74.24938459145108,29.506437768240342,28.125,5,17.6678445229682,30.76923076923077,33.333333333333336,75.0,0.75,7,1,0,74.80000000000001,64,6,3,9,4,13,0,8,3,9,5,0,0,4,4,0,0,17,8,6,3,25,21,2,0,4,600,0,0,0,4,74.24938459145108,66.63113006396588,61.76470588235294,36,17.57469244288225,50.0,100.0,75.0,1.5,7,1,14,74.80000000000001
S45G01N10,2024-2025,20241024,159,away,16,3,0,4,4,8,0,11,3,5,1,0,0,6,2,1,2,16,4,6,4,11,22,3,0,4,600,0,0,0,4,-74.24938459145108,29.506437768240342,28.125,5,17.6678445229682,30.76923076923077,33.333333333333336,75.0,0.75,7,1,0,74.80000000000001,64,6,3,9,4,13,0,8,3,9,5,0,0,4,4,0,0,17,8,6,3,25,21,2,0,4,600,0,0,0,4,74.24938459145108,66.63113006396588,61.76470588235294,36,17.57469244288225,50.0,100.0,75.0,1.5,7,1,14,74.80000000000001
S45G01N10,2024-2025,20241024,160,away,16,3,0,4,4,8,0,11,3,5,1,0,0,6,2,1,2,16,4,6,4,11,22,3,0,4,600,0,0,0,4,-74.24938459145108,29.506437768240342,28.125,5,17.6678445229682,30.76923076923077,33.333333333333336,75.0,0.75,7,1,0,74.80000000000001,64,6,3,9,4,13,0,8,3,9,5,0,0,4,4,0,0,17,8,6,3,25,21,2,0,4,600,0,0,0,4,74.24938459145108,66.63113006396588,61.76470588235294,36,17.57469244288225,50.0,100.0,75.0,1.5,7,1,14,74.80000000000001
S45G01N10,2024-2025,20241024,161,away,16,3,0,4,4,8,0,11,3,5,1,0,0,6,2,1,2,16,4,6,4,11,22,3,0,4,600,0,0,0,4,-74.24938459145108,29.506437768240342,28.125,5,17.6678445229682,30.76923076923077,33.333333333333336,75.0,0.75,7,1,0,74.80000000000001,64,6,3,9,4,13,0,8,3,9,5,0,0,4,4,0,0,17,8,6,3,25,21,2,0,4,600,0,0,0,4,74.24938459145108,66.63113006396588,61.76470588235294,36,17.57469244288225,50.0,100.0,75.0,1.5,7,1,14,74.80000000000001
S45G01N10,2024-2025,20241024,162,away,16,3,0,4,4,8,0,11,3,5,1,0,0,6,2,1,2,16,4,6,4,11,22,3,0,4,600,0,0,0,4,-74.24938459145108,29.506437768240342,28.125,5,17.6678445229682,30.76923076923077,33.333333333333336,75.0,0.75,7,1,0,74.80000000000001,64,6,3,9,4,13,0,8,3,9,5,0,0,4,4,0,0,17,8,6,3,25,21,2,0,4,600,0,0,0,4,74.24938459145108,66.63113006396588,61.76470588235294,36,17.57469244288225,50.0,100.0,75.0,1.5,7,1,14,74.80000000000001
S45G01N10,2024-2025,20241024,163,away,16,3,0,4,4,8,0,11,3,5,1,0,0,6,2,1,2,16,4,6,4,11,22,3,0,4,600,0,0,0,4,-74.24938459145108,29.506437768240342,28.125,5,17.6678445229682,30.76923076923077,33.333333333333336,75.0,0.75,7,1,0,74.80000000000001,64,6,3,9,4,13,0,8,3,9,5,0,0,4,4,0,0,17,8,6,3,25,21,2,0,4,600,0,0,0,4,74.24938459145108,66.63113006396588,61.76470588235294,36,17.57469244288225,50.0,100.0,75.0,1.5,7,1,14,74.80000000000001
S45G01N10,2024-2025,20241024,164,away,16,3,0,4,4,8,0,11,3,5,1,0,0,6,2,1,2,16,4,6,4,11,22,3,0,4,600,0,0,0,4,-74.24938459145108,29.506437768240342,28.125,5,17.6678445229682,30.76923076923077,33.333333333333336,75.0,0.75,7,1,0,74.80000000000001,64,6,3,9,4,13,0,8,3,9,5,0,0,4,4,0,0,17,8,6,3,25,21,2,0,4,600,0,0,0,4,74.24938459145108,66.63113006396588,61.76470588235294,36,17.57469244288225,50.0,100.0,75.0,1.5,7,1,14,74.80000000000001
S45G01N10,2024-2025,20241024,165,away,16,3,0,4,4,8,0,11,3,5,1,0,0,6,2,1,2,16,4,6,4,11,22,3,0,4,600,0,0,0,4,-74.24938459145108,29.506437768240342,28.125,5,17.6678445229682,30.76923076923077,33.333333333333336,75.0,0.75,7,1,0,74.80000000000001,64,6,3,9,4,13,0,8,3,9,5,0,0,4,4,0,0,17,8,6,3,25,21,2,0,4,600,0,0,0,4,74.24938459145108,66.63113006396588,61.76470588235294,36,17.57469244288225,50.0,100.0,75.0,1.5,7,1,14,74.80000000000001
S45G01N10,2024-2025,20241024,166,away,16,3,0,4,4,8,0,11,3,5,1,0,0,6,2,1,2,16,4,6,4,11,22,3,0,4,600,0,0,0,4,-74.24938459145108,29.506437768240342,28.125,5,17.6678445229682,30.76923076923077,33.333333333333336,75.0,0.75,7,1,0,74.80000000000001,64,6,3,9,4,13,0,8,3,9,5,0,0,4,4,0,0,17,8,6,3,25,21,2,0,4,600,0,0,0,4,74.24938459145108,66.63113006396588,61.76470588235294,36,17.57469244288225,50.0,100.0,75.0,1.5,7,1,14,74.80000000000001
S45G01N10,2024-2025,20241024,167,away,16,3,0,4,4,8,0,11,3,5,1,0,0,6,2,1,2,16,4,6,4,11,22,3,0,4,600,0,0,0,4,-74.24938459145108,29.506437768240342,28.125,5,17.6678445229682,30.76923076923077,33.333333333333336,75.0,0.75,7,1,0,74.80000000000001,64,6,3,9,4,13,0,8,3,9,5,0,0,4,4,0,0,17,8,6,3,25,21,2,0,4,600,0,0,0,4,74.24938459145108,66.63113006396588,61.76470588235294,36,17.57469244288225,50.0,100.0,75.0,1.5,7,1,14,74.80000000000001
S45G01N10,2024-2025,20241024,168,away,16,3,0,4,4,8,0,11,3,5,1,0,0,6,2,1,2,16,4,6,4,11,22,3,0,4,600,0,0,0,4,-74.24938459145108,29.506437768240342,28.125,5,17.6678445229682,30.76923076923077,33.333333333333336,75.0,0.75,7,1,0,74.80000000000001,64,6,3,9,4,13,0,8,3,9,5,0,0,4,4,0,0,17,8,6,3,25,21,2,0,4,600,0,0,0,4,74.24938459145108,66.63113006396588,61.76470588235294,36,17.57469244288225,50.0,100.0,75.0,1.5,7,1,14,74.80000000000001
S45G01N10,2024-2025,20241024,169,away,16,3,0,4,4,8,0,11,3,5,1,0,0,6,2,1,2,16,4,6,4,11,22,3,0,4,600,0,0,0,4,-74.24938459145108,29.506437768240342,28.125,5,17.6678445229682,30.76923076923077,33.333333333333336,75.0,0.75,7,1,0,74.80000000000001,64,6,3,9,4,13,0,8,3,9,5,0,0,4,4,0,0,17,8,6,3,25,21,2,0,4,600,0,0,0,4,74.24938459145108,66.63113006396588,61.76470588235294,36,17.57469244288225,50.0,100.0,75.0,1.5,7,1,14,74.80000000000001
S45G01N10,2024-2025,20241024,170,away,16,3,0,4,4,8,0,11,3,5,1,0,0,6,2,1,2,16,4,6,4,11,22,3,0,4,600,0,0,0,4,-74.24938459145108,29.506437768240342,28.125,5,17.6678445229682,30.76923076923077,33.333333333333336,75.0,0.75,7,1,0,74.80000000000001,64,6,3,9,4,13,0,8,3,9,5,0,0,4,4,0,0,17,8,6,3,25,21,2,0,4,600,0,0,0,4,74.24938459145108,66.63113006396588,61.76470588235294,36,17.57469244288225,50.0,100.0,75.0,1.5,7,1,14,74.80000000000001
S45G01N10,2024-2025,20241024,171,away,16,3,0,4,4,8,0,11,3,5,1,0,0,6,2,1,2,16,4,6,4,11,22,3,0,4,600,0,0,0,4,-74.24938459145108,29.506437768240342,28.125,5,17.6678445229682,30.76923076923077,33.333333333333336,75.0,0.75,7,1,0,74.80000000000001,64,6,3,9,4,13,0,8,3,9,5,0,0,4,4,0,0,17,8,6,3,25,21,2,0,4,600,0,0,0,4,74.24938459145108,66.63113006396588,61.76470588235294,36,17.57469244288225,50.0,100.0,75.0,1.5,7,1,14,74.80000000000001
S45G01N10,2024-2025,20241024,172,away,16,3,0,4,4,8,0,11,3,5,1,0,0,6,2,1,2,16,4,6,4,11,22,3,0,4,600,0,0,0,4,-74.24938459145108,29.506437768240342,28.125,5,17.6678445229682,30.76923076923077,33.333333333333336,75.0,0.75,7,1,0,74.80000000000001,64,6,3,9,4,13,0,8,3,9,5,0,0,4,4,0,0,17,8,6,3,25,21,2,0,4,600,0,0,0,4,74.24938459145108,66.63113006396588,61.76470588235294,36,17.57469244288225,50.0,100.0,75.0,1.5,7,1,14,74.80000000000001
S45G01N10,2024-2025,20241024,173,away,16,3,0,4,4,8,0,11,3,5,1,0,0,6,2,1,2,16,4,6,4,11,22,3,0,4,600,0,0,0,4,-74.24938459145108,29.506437768240342,28.125,5,17.6678445229682,30.76923076923077,33.333333333333336,75.0,0.75,7,1,0,74.80000000000001,64,6,3,9,4,13,0,8,3,9,5,0,0,4,4,0,0,17,8,6,3,25,21,2,0,4,600,0,0,0,4,74.24938459145108,66.63113006396588,61.76470588235294,36,17.57469244288225,50.0,100.0,75.0,1.5,7,1,14,74.80000000000001
S45G01N10,2024-2025,20241024,174,away,16,3,0,4,4,8,0,11,3,5,1,0,0,6,2,1,2,16,4,6,4,11,22,3,0,4,600,0,0,0,4,-74.24938459145108,29.506437768240342,28.125,5,17.6678445229682,30.76923076923077,33.333333333333336,75.0,0.75,7,1,0,74.80000000000001,64,6,3,9,4,13,0,8,3,9,5,0,0,4,4,0,0,17,8,6,3,25,21,2,0,4,600,0,0,0,4,74.24938459145108,66.63113006396588,61.76470588235294,36,17.57469244288225,50.0,100.0,75.0,1.5,7,1,14,74.80000000000001
S45G01N10,2024-2025,20241024,175,away,16,3,0,4,4,8,0,11,3,5,1,0,0,6,2,1,2,16,4,6,4,11,22,3,0,4,600,0,0,0,4,-74.24938459145108,29.506437768240342,28.125,5,17.6678445229682,30.76923076923077,33.333333333333336,75.0,0.75,7,1,0,74.80000000000001,64,6,3,9,4,13,0,8,3,9,5,0,0,4,4,0,0,17,8,6,3,25,21,2,0,4,600,0,0,0,4,74.24938459145108,66.63113006396588,61.76470588235294,36,17.57469244288225,50.0,100.0,75.0,1.5,7,1,14,74.80000000000001
S45G01N10,2024-2025,20241024,176,away,16,3,0,4,4,8,0,11,3,5,1,0,0,6,2,1,2,16,4,7,5,11,22,3,0,4,611,0,0,0,4,-74.24938459145108,29.506437768240342,28.125,5,17.6678445229682,30.76923076923077,33.333333333333336,75.0,0.75,7,1,0,73.45335515548283,64,6,3,9,4,13,0,8,3,9,5,0,0,4,4,0,0,17,8,6,3,25,21,2,0,4,611,0,0,0,4,74.24938459145108,66.63113006396588,61.76470588235294,36,17.57469244288225,50.0,100.0,75.0,1.5,7,1,14,73.45335515548283
S45G01N10,2024-2025,20241024,177,away,16,3,0,4,4,8,0,11,3,5,1,0,0,6,2,1,2,16,4,7,5,11,22,3,0,4,611,0,0,0,4,-74.24938459145108,29.506437768240342,28.125,5,17.6678445229682,30.76923076923077,33.333333333333336,75.0,0.75,7,1,0,73.45335515548283,64,6,3,9,4,13,0,8,3,9,5,0,0,4,4,0,0,17,8,6,3,25,21,2,0,4,611,0,0,0,4,74.24938459145108,66.63113006396588,61.76470588235294,36,17.57469244288225,50.0,100.0,75.0,1.5,7,1,14,73.45335515548283
S45G01N10,2024-2025,20241024,178,away,16,3,0,4,4,8,0,11,3,5,1,0,0,6,2,1,2,16,4,7,5,11,22,3,0,4,630,0,0,0,4,-67.50534308700108,29.506437768240342,28.125,5,17.6678445229682,30.76923076923077,33.333333333333336,75.0,0.75,7,1,0,73.14285714285715,64,6,3,9,4,13,0,8,3,10,5,0,0,4,4,0,0,18,8,6,3,25,22,2,0,4,630,0,0,0,4,67.50534308700108,63.259109311740886,58.333333333333336,35,16.835016835016834,50.0,100.0,75.0,1.5,7,1,14,73.14285714285715
S45G01N10,2024-2025,20241024,179,away,16,3,0,5,4,9,0,11,3,5,1,0,0,6,2,1,2,16,4,7,5,11,22,3,0,4,631,0,0,0,4,-67.50534308700108,29.506437768240342,28.125,6,17.6678445229682,30.76923076923077,33.333333333333336,75.0,0.75,7,1,0,73.02694136291602,64,6,3,9,4,13,0,8,3,10,5,0,0,4,4,0,0,18,8,6,3,25,22,2,0,4,631,0,0,0,4,67.50534308700108,63.259109311740886,58.333333333333336,35,16.835016835016834,44.44444444444444,100.0,75.0,1.5,7,1,14,73.02694136291602
S45G01N10,2024-2025,20241024,180,away,16,3,0,5,4,9,0,12,3,5,1,0,0,6,2,1,2,17,4,7,5,11,23,3,0,4,634,0,0,0,4,-70.51007198397056,28.0040733197556,26.470588235294116,5,16.920473773265652,30.76923076923077,33.333333333333336,75.0,0.75,7,1,0,74.57413249211358,64,6,3,9,4,13,0,8,3,10,5,0,0,4,4,0,0,18,8,6,3,25,22,2,0,4,634,0,0,0,4,70.51007198397056,63.259109311740886,58.333333333333336,35,16.835016835016834,44.44444444444444,100.0,75.0,1.5,7,1,14,74.57413249211358
S45G01N10,2024-2025,20241024,181,away,16,3,0,5,5,10,0,12,3,5,1,0,0,6,2,1,2,17,4,7,5,11,23,3,0,4,635,0,0,0,4,-67.50534308700108,28.0040733197556,26.470588235294116,6,16.920473773265652,35.714285714285715,33.333333333333336,75.0,0.75,7,1,0,72.56692913385828,64,6,3,9,4,13,0,8,3,10,5,0,0,4,4,0,0,18,8,6,3,25,22,2,0,4,635,0,0,0,4,67.50534308700108,63.259109311740886,58.333333333333336,35,16.835016835016834,44.44444444444444,100.0,75.0,1.5,7,1,14,72.56692913385828
S45G01N10,2024-2025,20241024,182,away,16,3,0,5,5,10,0,13,4,5,1,0,0,6,2,1,2,18,5,7,5,13,24,3,0,4,636,0,0,0,4,-60.32677259496853,31.492248062015502,30.555555555555557,8,16.233766233766232,35.714285714285715,33.333333333333336,60.0,0.75,2,1,0,74.33962264150945,64,6,3,9,4,13,0,8,3,10,5,0,0,4,4,0,0,18,8,6,3,25,22,2,0,4,636,0,0,0,4,60.32677259496853,63.259109311740886,58.333333333333336,35,16.835016835016834,44.44444444444444,100.0,75.0,1.5,2,1,14,74.33962264150945
S45G01N10,2024-2025,20241024,183,away,16,3,0,5,5,10,0,13,4,5,1,0,0,6,2,1,2,18,5,7,5,13,24,3,0,4,655,0,0,0,4,-68.68331312370256,31.492248062015502,30.555555555555557,8,16.233766233766232,35.714285714285715,33.333333333333336,60.0,0.75,3,1,0,74.01526717557253,64,6,3,9,4,13,0,8,3,11,6,0,0,4,4,0,0,19,9,6,3,28,23,2,0,4,655,0,0,0,4,68.68331312370256,67.4373795761079,63.1578947368421,38,16.15508885298869,44.44444444444444,100.0,66.66666666666667,1.5,3,1,15,74.01526717557253
S45G01N10,2024-2025,20241024,184,away,16,3,0,5,5,10,0,13,4,5,1,0,0,6,2,1,2,18,5,7,5,13,24,3,0,4,655,0,0,0,4,-68.68331312370256,31.492248062015502,30.555555555555557,8,16.233766233766232,35.714285714285715,33.333333333333336,60.0,0.75,3,1,0,74.01526717557253,64,7,3,9,4,13,0,8,3,11,6,0,0,4,4,0,0,19,9,6,3,28,23,2,0,4,655,0,0,0,4,68.68331312370256,67.4373795761079,63.1578947368421,39,16.15508885298869,44.44444444444444,100.0,77.77777777777777,1.75,3,1,15,74.01526717557253
S45G01N10,2024-2025,20241024,185,away,16,3,0,5,5,10,0,14,5,5,1,0,0,6,2,1,2,19,6,7,5,15,25,3,0,4,675,0,0,0,4,-62.200340547564636,34.65804066543438,34.21052631578947,10,15.600624024960998,35.714285714285715,33.333333333333336,50.0,0.75,2,1,0,73.60000000000001,64,7,3,9,4,13,0,8,3,11,6,0,0,4,4,0,0,19,9,6,3,28,23,2,0,4,675,0,0,0,4,62.200340547564636,67.4373795761079,63.1578947368421,39,16.15508885298869,44.44444444444444,100.0,77.77777777777777,1.75,2,1,15,73.60000000000001
S45G01N10,2024-2025,20241024,186,away,16,3,0,5,5,10,0,14,5,5,1,0,0,6,2,1,2,19,6,7,5,15,25,3,0,4,684,0,0,0,4,-56.00205198358411,34.65804066543438,34.21052631578947,10,15.600624024960998,35.714285714285715,33.333333333333336,50.0,0.75,2,1,0,74.38596491228071,64,7,3,9,4,13,0,9,3,11,6,0,0,4,4,0,0,20,9,6,3,28,24,2,0,4,684,0,0,0,4,56.00205198358411,64.33823529411764,60.0,38,15.527950310559005,44.44444444444444,100.0,77.77777777777777,1.75,2,1,15,74.38596491228071
S45G01N10,2024-2025,20241024,187,away,16,3,0,6,5,11,0,14,5,5,1,0,0,6,2,1,2,19,6,7,5,15,25,3,0,4,685,0,0,0,4,-56.00205198358411,34.65804066543438,34.21052631578947,11,15.600624024960998,35.714285714285715,33.333333333333336,50.0,0.75,2,1,0,74.27737226277374,64,7,3,9,4,13,0,9,3,11,6,0,0,4,4,0,0,20,9,6,3,28,24,2,0,4,685,0,0,0,4,56.00205198358411,64.33823529411764,60.0,38,15.527950310559005,40.0,100.0,77.77777777777777,1.75,2,1,15,74.27737226277374
S45G01N10,2024-2025,20241024,188,away,16,3,0,6,5,11,0,14,5,5,1,0,0,6,2,1,2,19,6,7,5,15,25,3,0,4,687,0,0,0,4,-56.00205198358411,34.65804066543438,34.21052631578947,11,15.600624024960998,35.714285714285715,33.333333333333336,50.0,0.75,2,1,0,74.06113537117905,64,7,3,9,4,13,0,9,3,11,6,0,0,4,4,0,0,20,9,7,4,28,24,2,0,4,687,0,0,0,4,56.00205198358411,64.33823529411764,60.0,38,15.527950310559005,40.0,100.0,77.77777777777777,1.75,2,1,15,74.06113537117905
S45G01N10,2024-2025,20241024,189,away,16,3,0,6,5,11,0,14,5,5,1,0,0,6,2,1,2,19,6,7,5,15,25,3,0,4,687,0,0,0,4,-56.00205198358411,34.65804066543438,34.21052631578947,11,15.600624024960998,35.714285714285715,33.333333333333336,50.0,0.75,2,1,0,74.06113537117905,64,7,3,9,4,13,0,9,3,11,6,0,0,4,4,0,0,20,9,7,4,28,24,2,0,4,687,0,0,0,4,56.00205198358411,64.33823529411764,60.0,38,15.527950310559005,40.0,100.0,77.77777777777777,1.75,2,1,15,74.06113537117905
S45G01N10,2024-2025,20241024,190,away,16,3,0,6,5,11,0,15,5,5,1,0,0,6,2,1,2,20,6,7,5,15,26,3,0,4,710,0,0,0,4,-59.36038925736652,33.12720848056537,32.5,10,15.015015015015015,35.714285714285715,33.333333333333336,50.0,0.75,2,1,0,73.35211267605635,64,7,3,9,4,13,0,9,3,11,6,0,0,4,4,0,0,20,9,7,4,28,24,2,0,4,710,0,0,0,4,59.36038925736652,64.33823529411764,60.0,38,15.527950310559005,40.0,100.0,77.77777777777777,1.75,2,1,15,73.35211267605635
S45G01N10,2024-2025,20241024,191,away,16,3,0,6,6,12,0,15,5,5,1,0,0,6,2,1,2,20,6,7,5,15,26,3,0,4,711,0,0,0,4,-56.00205198358411,33.12720848056537,32.5,11,15.015015015015015,40.0,33.333333333333336,50.0,0.75,2,1,0,71.56118143459916,64,7,3,9,4,13,0,9,3,11,6,0,0,4,4,0,0,20,9,7,4,28,24,2,0,4,711,0,0,0,4,56.00205198358411,64.33823529411764,60.0,38,15.527950310559005,40.0,100.0,77.77777777777777,1.75,2,1,15,71.56118143459916
S45G01N10,2024-2025,20241024,192,away,16,3,0,6,6,12,0,16,5,5,1,0,0,6,2,1,2,21,6,7,5,15,27,3,0,4,712,0,0,0,4,-59.36038925736652,31.725888324873097,30.952380952380953,10,14.47178002894356,40.0,33.333333333333336,50.0,0.75,2,1,0,73.14606741573034,64,7,3,9,4,13,0,9,3,11,6,0,0,4,4,0,0,20,9,7,4,28,24,2,0,4,712,0,0,0,4,59.36038925736652,64.33823529411764,60.0,38,15.527950310559005,40.0,100.0,77.77777777777777,1.75,2,1,15,73.14606741573034
S45G01N10,2024-2025,20241024,193,away,16,3,0,6,7,13,0,16,5,5,1,0,0,6,2,1,2,21,6,7,5,15,27,3,0,4,713,0,0,0,4,-56.00205198358411,31.725888324873097,30.952380952380953,11,14.47178002894356,43.75,33.333333333333336,50.0,0.75,2,1,0,71.36044880785414,64,7,3,9,4,13,0,9,3,11,6,0,0,4,4,0,0,20,9,7,4,28,24,2,0,4,713,0,0,0,4,56.00205198358411,64.33823529411764,60.0,38,15.527950310559005,40.0,100.0,77.77777777777777,1.75,2,1,15,71.36044880785414
S45G01N10,2024-2025,20241024,194,away,16,3,0,6,7,13,0,17,5,5,1,0,0,6,2,1,2,22,6,7,5,15,28,3,0,4,721,0,0,0,4,-59.36038925736652,30.43831168831169,29.545454545454547,10,13.966480446927374,43.75,33.333333333333336,50.0,0.75,2,1,0,72.23300970873787,64,7,3,9,4,13,0,9,3,11,6,0,0,4,4,0,0,20,9,7,4,28,24,2,0,4,721,0,0,0,4,59.36038925736652,64.33823529411764,60.0,38,15.527950310559005,40.0,100.0,77.77777777777777,1.75,2,1,15,72.23300970873787
S45G01N10,2024-2025,20241024,195,away,16,3,0,6,8,14,0,17,5,5,1,0,0,6,2,1,2,22,6,7,5,15,28,3,0,4,722,0,0,0,4,-56.00205198358411,30.43831168831169,29.545454545454547,11,13.966480446927374,47.05882352941177,33.333333333333336,50.0,0.75,2,1,0,70.47091412742382,64,7,3,9,4,13,0,9,3,11,6,0,0,4,4,0,0,20,9,7,4,28,24,2,0,4,722,0,0,0,4,56.00205198358411,64.33823529411764,60.0,38,15.527950310559005,40.0,100.0,77.77777777777777,1.75,2,1,15,70.47091412742382
S45G01N10,2024-2025,20241024,196,away,16,3,0,6,8,14,0,17,5,5,1,0,0,6,2,1,2,22,6,7,5,15,28,3,0,4,726,0,0,0,4,-56.00205198358411,30.43831168831169,29.545454545454547,11,13.966480446927374,47.05882352941177,33.333333333333336,50.0,0.75,2,1,0,70.08264462809919,64,7,3,9,4,13,0,9,3,11,6,0,0,4,4,0,0,20,9,8,5,28,24,2,0,4,726,0,0,0,4,56.00205198358411,64.33823529411764,60.0,38,15.527950310559005,40.0,100.0,77.77777777777777,1.75,2,1,15,70.08264462809919
S45G01N10,2024-2025,20241024,197,away,16,3,0,6,8,14,0,17,5,5,1,0,0,6,2,1,2,22,6,7,5,15,28,3,0,4,726,0,0,0,4,-56.00205198358411,30.43831168831169,29.545454545454547,11,13.966480446927374,47.05882352941177,33.333333333333336,50.0,0.75,2,1,0,70.08264462809919,64,7,3,9,4,13,0,9,3,11,6,0,0,4,4,0,0,20,9,8,5,28,24,2,0,4,726,0,0,0,4,56.00205198358411,64.33823529411764,60.0,38,15.527950310559005,40.0,100.0,77.77777777777777,1.75,2,1,15,70.08264462809919
S45G01N10,2024-2025,20241024,198,away,16,3,0,6,8,14,0,17,5,5,1,0,0,6,2,1,2,22,6,7,5,15,28,3,0,4,726,0,0,0,4,-56.00205198358411,30.43831168831169,29.545454545454547,11,13.966480446927374,47.05882352941177,33.333333333333336,50.0,0.75,2,1,0,70.08264462809919,64,7,3,9,4,13,0,9,3,11,6,0,0,4,4,0,0,20,9,8,5,28,24,2,0,4,726,0,0,0,4,56.00205198358411,64.33823529411764,60.0,38,15.527950310559005,40.0,100.0,77.77777777777777,1.75,2,1,15,70.08264462809919
S45G01N10,2024-2025,20241024,199,away,16,3,0,6,8,14,0,17,5,5,1,0,0,6,2,1,2,22,6,7,5,15,28,3,0,4,726,0,0,0,4,-56.00205198358411,30.43831168831169,29.545454545454547,11,13.966480446927374,47.05882352941177,33.333333333333336,50.0,0.75,2,1,0,70.08264462809919,64,7,3,9,4,13,0,9,3,11,6,0,0,4,4,0,0,20,9,8,5,28,24,2,0,4,726,0,0,0,4,56.00205198358411,64.33823529411764,60.0,38,15.527950310559005,40.0,100.0,77.77777777777777,1.75,2,1,15,70.08264462809919
S45G01N10,2024-2025,20241024,200,away,16,3,0,6,8,14,0,17,5,5,1,0,0,6,2,1,2,22,6,7,5,15,28,3,0,4,726,0,0,0,4,-56.00205198358411,30.43831168831169,29.545454545454547,11,13.966480446927374,47.05882352941177,33.333333333333336,50.0,0.75,2,1,0,70.08264462809919,64,7,3,9,4,13,0,9,3,11,6,0,0,4,4,0,0,20,9,8,5,28,24,2,0,4,726,0,0,0,4,56.00205198358411,64.33823529411764,60.0,38,15.527950310559005,40.0,100.0,77.77777777777777,1.75,2,1,15,70.08264462809919
S45G01N10,2024-2025,20241024,201,away,16,3,0,6,8,14,0,17,5,5,1,0,0,6,2,1,2,22,6,7,5,15,28,3,0,4,726,0,0,0,4,-56.00205198358411,30.43831168831169,29.545454545454547,11,13.966480446927374,47.05882352941177,33.333333333333336,50.0,0.75,2,1,0,70.08264462809919,64,7,3,9,4,13,0,9,3,11,6,0,0,4,4,0,0,20,9,8,5,28,24,2,0,4,726,0,0,0,4,56.00205198358411,64.33823529411764,60.0,38,15.527950310559005,40.0,100.0,77.77777777777777,1.75,2,1,15,70.08264462809919
S45G01N10,2024-2025,20241024,202,away,16,3,0,6,8,14,0,18,5,5,1,0,0,6,2,1,2,23,6,7,5,15,29,3,0,4,731,0,0,0,4,-59.36038925736652,29.25117004680187,28.26086956521739,10,13.49527665317139,47.05882352941177,33.333333333333336,50.0,0.75,2,1,0,71.24487004103968,64,7,3,9,4,13,0,9,3,11,6,0,0,4,4,0,0,20,9,8,5,28,24,2,0,4,731,0,0,0,4,59.36038925736652,64.33823529411764,60.0,38,15.527950310559005,40.0,100.0,77.77777777777777,1.75,2,1,15,71.24487004103968
S45G01N10,2024-2025,20241024,203,away,16,3,0,6,8,14,0,18,5,5,1,0,0,6,2,1,2,23,6,7,5,15,29,3,0,4,733,0,0,0,4,-59.36038925736652,29.25117004680187,28.26086956521739,10,13.49527665317139,47.05882352941177,33.333333333333336,50.0,0.75,2,1,0,71.05047748976808,64,7,4,9,4,13,0,9,3,11,6,0,0,4,4,0,0,20,9,8,5,28,24,2,0,4,733,0,0,0,4,59.36038925736652,64.33823529411764,60.0,39,15.527950310559005,40.0,100.0,77.77777777777777,1.75,2,1,15,71.05047748976808
S45G01N10,2024-2025,20241024,204,away,16,3,0,6,8,14,0,18,5,5,1,0,0,6,2,1,2,23,6,7,5,15,29,3,0,4,734,0,0,0,4,-59.36038925736652,29.25117004680187,28.26086956521739,10,13.49527665317139,44.44444444444444,33.333333333333336,50.0,0.75,2,1,0,70.95367847411445,64,7,4,10,4,14,0,9,3,11,6,0,0,4,4,0,0,20,9,8,5,28,24,2,0,4,734,0,0,0,4,59.36038925736652,64.33823529411764,60.0,40,15.527950310559005,40.0,100.0,77.77777777777777,1.75,2,1,15,70.95367847411445
S45G01N10,2024-2025,20241024,205,away,16,3,0,6,8,14,0,18,5,5,1,0,0,6,2,1,2,23,6,8,6,15,29,3,0,4,735,0,0,0,4,-59.36038925736652,29.25117004680187,28.26086956521739,10,13.49527665317139,44.44444444444444,33.333333333333336,50.0,0.75,2,1,0,70.85714285714286,64,7,4,10,4,14,0,9,3,11,6,0,0,4,4,0,0,20,9,8,5,28,24,2,0,4,735,0,0,0,4,59.36038925736652,64.33823529411764,60.0,40,15.527950310559005,40.0,100.0,77.77777777777777,1.75,2,1,15,70.85714285714286
S45G01N10,2024-2025,20241024,206,away,16,3,0,6,8,14,0,18,5,5,1,0,0,6,2,1,2,23,6,8,6,15,29,3,0,4,735,0,0,0,4,-59.36038925736652,29.25117004680187,28.26086956521739,10,13.49527665317139,44.44444444444444,33.333333333333336,50.0,0.75,2,1,0,70.85714285714286,64,7,4,10,4,14,0,9,3,11,6,0,0,4,4,0,0,20,9,8,5,28,24,2,0,4,735,0,0,0,4,59.36038925736652,64.33823529411764,60.0,40,15.527950310559005,40.0,100.0,77.77777777777777,1.75,2,1,15,70.85714285714286
S45G01N10,2024-2025,20241024,207,away,16,3,0,6,8,14,0,18,5,5,1,0,0,6,2,1,2,23,6,8,6,15,29,3,0,4,735,0,0,0,4,-59.36038925736652,29.25117004680187,28.26086956521739,10,13.49527665317139,44.44444444444444,33.333333333333336,50.0,0.75,2,1,0,70.85714285714286,64,7,4,10,4,14,0,9,3,11,6,0,0,4,4,0,0,20,9,8,5,28,24,2,0,4,735,0,0,0,4,59.36038925736652,64.33823529411764,60.0,40,15.527950310559005,40.0,100.0,77.77777777777777,1.75,2,1,15,70.85714285714286
S45G01N10,2024-2025,20241024,208,away,16,3,0,6,8,14,0,18,5,5,1,0,0,6,2,1,2,23,6,8,6,15,29,3,0,4,750,0,0,0,4,-62.494111990748095,29.25117004680187,28.26086956521739,10,13.49527665317139,44.44444444444444,33.333333333333336,50.0,0.75,2,1,0,71.04,64,7,4,10,4,14,0,10,4,11,6,0,0,4,4,0,0,21,10,8,5,30,25,2,0,4,750,0,0,0,4,62.494111990748095,65.90509666080843,61.904761904761905,42,14.947683109118087,40.0,100.0,70.0,1.75,2,1,15,71.04
S45G01N10,2024-2025,20241024,209,away,16,3,0,6,8,14,0,18,5,5,1,0,0,6,2,1,2,23,6,8,6,15,29,3,0,4,750,0,0,0,4,-62.494111990748095,29.25117004680187,28.26086956521739,10,13.49527665317139,44.44444444444444,33.333333333333336,50.0,0.75,2,1,0,71.04,64,8,4,10,4,14,0,10,4,11,6,0,0,4,4,0,0,21,10,8,5,30,25,2,0,4,750,0,0,0,4,62.494111990748095,65.90509666080843,61.904761904761905,43,14.947683109118087,40.0,100.0,80.0,2.0,2,1,15,71.04
S45G01N10,2024-2025,20241024,210,away,16,3,0,6,8,14,0,19,5,5,1,0,0,6,2,1,2,24,6,8,6,15,30,3,0,4,770,0,0,0,4,-65.5557763604861,28.153153153153152,27.083333333333332,9,13.054830287206267,44.44444444444444,33.333333333333336,50.0,0.75,2,1,0,70.75324675324677,64,8,4,10,4,14,0,10,4,11,6,0,0,4,4,0,0,21,10,8,5,30,25,2,0,4,770,0,0,0,4,65.5557763604861,65.90509666080843,61.904761904761905,43,14.947683109118087,40.0,100.0,80.0,2.0,2,1,15,70.75324675324677
S45G01N10,2024-2025,20241024,211,away,16,3,0,6,9,15,0,19,5,5,1,0,0,6,2,1,2,24,6,8,6,15,30,3,0,4,773,0,0,0,4,-62.494111990748095,28.153153153153152,27.083333333333332,10,13.054830287206267,47.36842105263158,33.333333333333336,50.0,0.75,2,1,0,68.92626131953429,64,8,4,10,4,14,0,10,4,11,6,0,0,4,4,0,0,21,10,8,5,30,25,2,0,4,773,0,0,0,4,62.494111990748095,65.90509666080843,61.904761904761905,43,14.947683109118087,40.0,100.0,80.0,2.0,2,1,15,68.92626131953429
S45G01N10,2024-2025,20241024,212,away,16,3,0,6,9,15,0,20,6,5,1,0,0,6,2,1,2,25,7,8,6,17,31,3,0,4,774,0,0,0,4,-56.721854099002016,30.752532561505063,30.0,12,12.642225031605562,47.36842105263158,33.333333333333336,42.857142857142854,0.75,2,1,0,70.38759689922482,64,8,4,10,4,14,0,10,4,11,6,0,0,4,4,0,0,21,10,8,5,30,25,2,0,4,774,0,0,0,4,56.721854099002016,65.90509666080843,61.904761904761905,43,14.947683109118087,40.0,100.0,80.0,2.0,2,1,15,70.38759689922482
S45G01N10,2024-2025,20241024,213,away,16,3,0,6,9,15,0,20,6,5,1,0,0,6,2,1,2,25,7,9,7,17,31,3,0,4,780,0,0,0,4,-56.721854099002016,30.752532561505063,30.0,12,12.642225031605562,47.36842105263158,33.333333333333336,42.857142857142854,0.75,2,1,0,69.84615384615385,64,8,4,10,4,14,0,10,4,11,6,0,0,4,4,0,0,21,10,8,5,30,25,2,0,4,780,0,0,0,4,56.721854099002016,65.90509666080843,61.904761904761905,43,14.947683109118087,40.0,100.0,80.0,2.0,2,1,15,69.84615384615385
S45G01N10,2024-2025,20241024,214,away,16,3,0,6,9,15,0,20,6,5,1,0,0,6,2,1,2,25,7,9,7,17,31,3,0,4,780,0,0,0,4,-56.721854099002016,30.752532561505063,30.0,12,12.642225031605562,47.36842105263158,33.333333333333336,42.857142857142854,0.75,2,1,0,69.84615384615385,64,8,4,10,4,14,0,10,4,11,6,0,0,4,4,0,0,21,10,8,5,30,25,2,0,4,780,0,0,0,4,56.721854099002016,65.90509666080843,61.904761904761905,43,14.947683109118087,40.0,100.0,80.0,2.0,2,1,15,69.84615384615385
S45G01N10,2024-2025,20241024,215,away,16,3,0,6,9,15,0,20,6,5,1,0,0,6,2,1,2,25,7,9,7,17,31,3,0,4,780,0,0,0,4,-56.721854099002016,30.752532561505063,30.0,12,12.642225031605562,47.36842105263158,33.333333333333336,42.857142857142854,0.75,2,1,0,69.84615384615385,64,8,4,10,4,14,0,10,4,11,6,0,0,4,4,0,0,21,10,8,5,30,25,2,0,4,780,0,0,0,4,56.721854099002016,65.90509666080843,61.904761904761905,43,14.947683109118087,40.0,100.0,80.0,2.0,2,1,15,69.84615384615385
S45G01N10,2024-2025,20241024,216,away,16,3,0,6,9,15,0,20,6,5,1,0,0,6,2,1,2,25,7,9,7,17,31,3,0,4,780,0,0,0,4,-56.721854099002016,30.752532561505063,30.0,12,12.642225031605562,47.36842105263158,33.333333333333336,42.857142857142854,0.75,2,1,0,69.84615384615385,64,8,4,10,4,14,0,10,4,11,6,0,0,4,4,0,0,21,10,8,5,30,25,2,0,4,780,0,0,0,4,56.721854099002016,65.90509666080843,61.904761904761905,43,14.947683109118087,40.0,100.0,80.0,2.0,2,1,15,69.84615384615385
S45G01N10,2024-2025,20241024,217,away,16,3,0,6,9,15,0,20,6,5,1,0,0,6,2,1,2,25,7,10,8,17,31,3,0,4,784,0,0,0,4,-56.721854099002016,30.752532561505063,30.0,12,12.642225031605562,47.36842105263158,33.333333333333336,42.857142857142854,0.75,2,1,0,69.48979591836735,64,8,4,10,4,14,0,10,4,11,6,0,0,4,4,0,0,21,10,8,5,30,25,2,0,4,784,0,0,0,4,56.721854099002016,65.90509666080843,61.904761904761905,43,14.947683109118087,40.0,100.0,80.0,2.0,2,1,15,69.48979591836735
S45G01N10,2024-2025,20241024,218,away,16,3,0,6,9,15,0,20,6,5,1,0,0,6,2,1,2,25,7,10,8,17,31,3,0,4,784,0,0,0,4,-56.721854099002016,30.752532561505063,30.0,12,12.642225031605562,47.36842105263158,33.333333333333336,42.857142857142854,0.75,2,1,0,69.48979591836735,64,8,4,10,4,14,0,10,4,11,6,0,0,4,4,0,0,21,10,8,5,30,25,2,0,4,784,0,0,0,4,56.721854099002016,65.90509666080843,61.904761904761905,43,14.947683109118087,40.0,100.0,80.0,2.0,2,1,15,69.48979591836735
S45G01N10,2024-2025,20241024,219,away,16,3,0,6,9,15,0,20,6,5,1,0,0,6,2,1,2,25,7,10,8,17,31,3,0,4,794,0,0,0,4,-51.17428704001142,30.752532561505063,30.0,12,12.642225031605562,47.36842105263158,33.333333333333336,42.857142857142854,0.75,2,1,0,70.12594458438288,64,8,4,10,4,14,0,10,4,12,6,0,0,4,4,0,0,22,10,8,5,30,26,2,0,4,794,0,0,0,4,51.17428704001142,63.13131313131313,59.09090909090909,42,14.40922190201729,40.0,100.0,80.0,2.0,2,1,15,70.12594458438288
S45G01N10,2024-2025,20241024,220,away,16,3,0,7,9,16,0,20,6,5,1,0,0,6,2,1,2,25,7,10,8,17,31,3,0,4,795,0,0,0,4,-51.17428704001142,30.752532561505063,30.0,13,12.642225031605562,47.36842105263158,33.333333333333336,42.857142857142854,0.75,2,1,0,70.03773584905662,64,8,4,10,4,14,0,10,4,12,6,0,0,4,4,0,0,22,10,8,5,30,26,2,0,4,795,0,0,0,4,51.17428704001142,63.13131313131313,59.09090909090909,42,14.40922190201729,36.36363636363637,100.0,80.0,2.0,2,1,15,70.03773584905662
S45G01N10,2024-2025,20241024,221,away,16,3,0,7,9,16,0,21,6,5,1,0,0,6,2,1,2,26,7,10,8,17,32,3,0,4,809,0,0,0,4,-54.350612726247235,29.67877094972067,28.846153846153847,12,12.254901960784313,47.36842105263158,33.333333333333336,42.857142857142854,0.75,2,1,0,70.30902348578492,64,8,4,10,4,14,0,10,4,12,6,0,0,4,4,0,0,22,10,8,5,30,26,2,0,4,809,0,0,0,4,54.350612726247235,63.13131313131313,59.09090909090909,42,14.40922190201729,36.36363636363637,100.0,80.0,2.0,2,1,15,70.30902348578492
S45G01N10,2024-2025,20241024,222,away,16,3,0,7,9,16,0,21,6,5,1,0,0,6,2,1,2,26,7,10,8,17,32,3,0,4,811,0,0,0,4,-54.350612726247235,29.67877094972067,28.846153846153847,12,12.254901960784313,45.0,33.333333333333336,42.857142857142854,0.75,2,1,0,70.13563501849569,64,8,4,11,4,15,0,10,4,12,6,0,0,4,4,0,0,22,10,8,5,30,26,2,0,4,811,0,0,0,4,54.350612726247235,63.13131313131313,59.09090909090909,43,14.40922190201729,36.36363636363637,100.0,80.0,2.0,2,1,15,70.13563501849569
S45G01N10,2024-2025,20241024,223,away,16,3,0,7,9,16,0,21,6,5,1,0,0,6,2,1,2,26,7,10,8,17,32,3,0,4,825,0,0,0,4,-57.3286972875305,29.67877094972067,28.846153846153847,12,12.254901960784313,45.0,33.333333333333336,42.857142857142854,0.75,2,1,0,70.4,64,8,4,11,4,15,0,11,5,12,6,0,0,4,4,0,0,23,11,8,5,32,27,2,0,4,825,0,0,0,4,57.3286972875305,64.62035541195476,60.869565217391305,45,13.908205841446453,36.36363636363637,100.0,72.72727272727273,2.0,2,1,15,70.4
S45G01N10,2024-2025,20241024,224,away,16,3,0,7,9,16,0,21,6,6,1,0,0,6,2,1,2,27,7,10,8,17,33,3,0,4,835,0,0,0,4,-60.24720433040304,28.677462887989204,27.77777777777778,11,11.890606420927467,45.0,33.333333333333336,42.857142857142854,0.75,2,1,0,70.99401197604791,64,8,4,11,4,15,0,11,5,12,6,0,0,4,4,0,0,23,11,8,5,32,27,2,0,4,835,0,0,0,4,60.24720433040304,64.62035541195476,60.869565217391305,45,13.908205841446453,36.36363636363637,100.0,72.72727272727273,2.0,2,1,15,70.99401197604791
S45G01N10,2024-2025,20241024,225,away,16,3,0,7,9,16,0,21,6,6,1,0,0,6,2,1,2,27,7,10,8,17,33,3,0,4,838,0,0,0,4,-60.24720433040304,28.677462887989204,27.77777777777778,11,11.890606420927467,42.857142857142854,33.333333333333336,42.857142857142854,0.75,2,1,0,70.73985680190931,64,8,4,12,4,16,0,11,5,12,6,0,0,4,4,0,0,23,11,8,5,32,27,2,0,4,838,0,0,0,4,60.24720433040304,64.62035541195476,60.869565217391305,46,13.908205841446453,36.36363636363637,100.0,72.72727272727273,2.0,2,1,15,70.73985680190931
S45G01N10,2024-2025,20241024,226,away,16,3,0,7,9,16,0,21,6,6,1,0,0,6,2,1,2,27,7,10,8,17,33,3,0,4,842,0,0,0,4,-55.23009599096555,28.677462887989204,27.77777777777778,11,11.890606420927467,42.857142857142854,33.333333333333336,42.857142857142854,0.75,2,1,0,71.82897862232781,64,8,4,12,4,16,0,12,5,12,6,0,0,4,4,0,0,24,11,8,5,32,28,2,0,4,842,0,0,0,4,55.23009599096555,62.11180124223602,58.333333333333336,45,13.440860215053762,36.36363636363637,100.0,72.72727272727273,2.0,2,1,15,71.82897862232781
S45G01N10,2024-2025,20241024,227,away,16,3,1,7,9,16,0,21,6,6,1,0,0,6,2,1,2,27,7,10,8,17,33,3,0,4,842,0,0,0,4,-55.23009599096555,28.677462887989204,27.77777777777778,12,11.890606420927467,42.857142857142854,33.333333333333336,42.857142857142854,0.75,2,1,0,71.82897862232781,64,8,4,12,4,16,0,12,5,12,6,0,0,4,4,0,0,24,11,8,5,32,28,2,0,4,842,0,0,0,4,55.23009599096555,62.11180124223602,58.333333333333336,45,13.440860215053762,36.36363636363637,100.0,72.72727272727273,2.0,2,1,15,71.82897862232781
S45G01N10,2024-2025,20241024,228,away,16,3,1,8,9,17,0,21,6,6,1,0,0,6,2,1,2,27,7,10,8,17,33,3,0,4,843,0,0,0,4,-55.23009599096555,28.677462887989204,27.77777777777778,13,11.890606420927467,42.857142857142854,33.333333333333336,42.857142857142854,0.75,2,1,0,71.7437722419929,64,8,4,12,4,16,0,12,5,12,6,0,0,4,4,0,0,24,11,8,5,32,28,2,0,4,843,0,0,0,4,55.23009599096555,62.11180124223602,58.333333333333336,45,13.440860215053762,33.333333333333336,100.0,72.72727272727273,2.0,2,1,15,71.7437722419929
S45G01N10,2024-2025,20241024,229,away,16,3,1,8,9,17,0,21,6,6,1,0,0,6,2,1,2,27,7,10,8,17,33,3,0,4,846,0,0,0,4,-55.23009599096555,28.677462887989204,27.77777777777778,13,11.890606420927467,42.857142857142854,33.333333333333336,42.857142857142854,0.75,2,1,0,71.48936170212767,64,8,4,12,4,16,0,12,5,12,6,0,0,4,4,0,0,24,11,9,6,32,28,2,0,4,846,0,0,0,4,55.23009599096555,62.11180124223602,58.333333333333336,45,13.440860215053762,33.333333333333336,100.0,72.72727272727273,2.0,2,1,15,71.48936170212767
S45G01N10,2024-2025,20241024,230,away,16,3,1,8,9,17,0,21,6,6,1,0,0,6,2,1,2,27,7,10,8,17,33,3,0,4,846,0,0,0,4,-55.23009599096555,28.677462887989204,27.77777777777778,13,11.890606420927467,42.857142857142854,33.333333333333336,42.857142857142854,0.75,2,1,0,71.48936170212767,64,8,4,12,4,16,0,12,5,12,6,0,0,4,4,0,0,24,11,9,6,32,28,2,0,4,846,0,0,0,4,55.23009599096555,62.11180124223602,58.333333333333336,45,13.440860215053762,33.333333333333336,100.0,72.72727272727273,2.0,2,1,15,71.48936170212767
S45G01N10,2024-2025,20241024,231,away,16,3,1,8,9,17,0,21,6,6,1,0,0,6,2,1,2,27,7,10,8,17,33,3,0,4,846,0,0,0,4,-55.23009599096555,28.677462887989204,27.77777777777778,13,11.890606420927467,42.857142857142854,33.333333333333336,42.857142857142854,0.75,2,1,0,71.48936170212767,64,8,4,12,4,16,0,12,5,12,6,0,0,4,4,0,0,24,11,9,6,32,28,2,0,4,846,0,0,0,4,55.23009599096555,62.11180124223602,58.333333333333336,45,13.440860215053762,33.333333333333336,100.0,72.72727272727273,2.0,2,1,15,71.48936170212767
S45G01N10,2024-2025,20241024,232,away,16,3,1,8,9,17,0,21,6,6,1,0,0,6,2,1,2,27,7,10,8,17,33,3,0,4,846,0,0,0,4,-55.23009599096555,28.677462887989204,27.77777777777778,13,11.890606420927467,42.857142857142854,33.333333333333336,42.857142857142854,0.75,2,1,0,71.48936170212767,64,8,4,12,4,16,0,12,5,12,6,0,0,4,4,0,0,24,11,9,6,32,28,2,0,4,846,0,0,0,4,55.23009599096555,62.11180124223602,58.333333333333336,45,13.440860215053762,33.333333333333336,100.0,72.72727272727273,2.0,2,1,15,71.48936170212767
S45G01N10,2024-2025,20241024,233,away,16,3,1,8,9,17,0,21,6,6,1,0,0,6,2,1,2,27,7,10,8,17,33,3,0,4,846,0,0,0,4,-55.23009599096555,28.677462887989204,27.77777777777778,13,11.890606420927467,42.857142857142854,33.333333333333336,42.857142857142854,0.75,2,1,0,71.48936170212767,64,8,4,12,4,16,0,12,5,12,6,0,0,4,4,0,0,24,11,9,6,32,28,2,0,4,846,0,0,0,4,55.23009599096555,62.11180124223602,58.333333333333336,45,13.440860215053762,33.333333333333336,100.0,72.72727272727273,2.0,2,1,15,71.48936170212767
S45G01N10,2024-2025,20241024,234,away,16,3,1,8,9,17,0,21,6,6,1,0,0,6,2,1,2,27,7,10,8,17,33,3,0,4,846,0,0,0,4,-55.23009599096555,28.677462887989204,27.77777777777778,13,11.890606420927467,42.857142857142854,33.333333333333336,42.857142857142854,0.75,2,1,0,71.48936170212767,64,8,4,12,4,16,0,12,5,12,6,0,0,4,4,0,0,24,11,9,6,32,28,2,0,4,846,0,0,0,4,55.23009599096555,62.11180124223602,58.333333333333336,45,13.440860215053762,33.333333333333336,100.0,72.72727272727273,2.0,2,1,15,71.48936170212767
S45G01N10,2024-2025,20241024,235,away,16,3,1,8,9,17,0,21,6,7,2,0,0,6,2,1,2,28,8,10,8,20,34,3,0,4,865,0,0,0,4,-46.220482359667045,32.637075718015666,32.142857142857146,16,11.547344110854503,42.857142857142854,33.333333333333336,37.5,0.75,3,1,0,71.3063583815029,64,8,4,12,4,16,0,12,5,12,6,0,0,4,4,0,0,24,11,9,6,32,28,2,0,4,865,0,0,0,4,46.220482359667045,62.11180124223602,58.333333333333336,45,13.440860215053762,33.333333333333336,100.0,72.72727272727273,2.0,3,1,15,71.3063583815029
S45G01N10,2024-2025,20241024,236,away,16,3,1,8,9,17,0,21,6,7,2,0,0,6,2,1,2,28,8,10,8,20,34,3,0,4,876,0,0,0,4,-41.5783447481397,32.637075718015666,32.142857142857146,16,11.547344110854503,42.857142857142854,33.333333333333336,37.5,0.75,3,1,0,71.78082191780823,64,8,4,12,4,16,0,12,5,13,6,0,0,4,4,0,0,25,11,9,6,32,29,2,0,4,876,0,0,0,4,41.5783447481397,59.79073243647235,56.0,44,13.003901170351105,33.333333333333336,100.0,72.72727272727273,2.0,3,1,15,71.78082191780823
S45G01N10,2024-2025,20241024,237,away,16,3,1,9,9,18,0,21,6,7,2,0,0,6,2,1,2,28,8,10,8,20,34,3,0,4,877,0,0,0,4,-41.5783447481397,32.637075718015666,32.142857142857146,17,11.547344110854503,42.857142857142854,33.333333333333336,37.5,0.75,3,1,0,71.69897377423034,64,8,4,12,4,16,0,12,5,13,6,0,0,4,4,0,0,25,11,9,6,32,29,2,0,4,877,0,0,0,4,41.5783447481397,59.79073243647235,56.0,44,13.003901170351105,30.76923076923077,100.0,72.72727272727273,2.0,3,1,15,71.69897377423034
S45G01N10,2024-2025,20241024,238,away,16,3,1,9,9,18,0,21,6,7,2,0,0,6,2,1,2,28,8,10,8,20,34,3,0,4,886,0,0,0,4,-41.5783447481397,32.637075718015666,32.142857142857146,17,11.547344110854503,42.857142857142854,33.333333333333336,37.5,0.75,3,1,0,70.97065462753952,64,8,4,12,4,16,0,12,5,13,6,0,0,4,4,0,0,25,11,10,6,32,29,2,0,4,886,0,0,0,4,41.5783447481397,59.79073243647235,56.0,44,13.003901170351105,30.76923076923077,100.0,72.72727272727273,2.0,3,1,15,70.97065462753952
S45G01N10,2024-2025,20241024,239,away,16,3,1,9,9,18,0,21,6,7,2,0,0,6,2,1,2,28,8,10,8,20,34,3,0,4,886,0,0,0,4,-41.5783447481397,32.637075718015666,32.142857142857146,17,11.547344110854503,42.857142857142854,33.333333333333336,37.5,0.75,3,1,0,70.97065462753952,64,8,4,12,4,16,0,12,5,13,6,0,0,4,4,0,0,25,11,10,6,32,29,2,0,4,886,0,0,0,4,41.5783447481397,59.79073243647235,56.0,44,13.003901170351105,30.76923076923077,100.0,72.72727272727273,2.0,3,1,15,70.97065462753952
S45G01N10,2024-2025,20241024,240,away,16,3,1,9,9,18,0,21,6,7,2,0,0,6,2,1,2,28,8,10,8,20,34,3,0,4,886,0,0,0,4,-41.5783447481397,32.637075718015666,32.142857142857146,17,11.547344110854503,42.857142857142854,33.333333333333336,37.5,0.75,3,1,0,70.97065462753952,64,8,4,12,4,16,0,12,5,13,6,0,0,4,4,0,0,25,11,10,6,32,29,2,0,4,886,0,0,0,4,41.5783447481397,59.79073243647235,56.0,44,13.003901170351105,30.76923076923077,100.0,72.72727272727273,2.0,3,1,15,70.97065462753952
S45G01N10,2024-2025,20241024,241,away,16,3,1,9,9,18,0,21,6,7,2,0,0,6,2,1,2,28,8,10,8,20,34,3,0,4,886,0,0,0,4,-41.5783447481397,32.637075718015666,32.142857142857146,17,11.547344110854503,42.857142857142854,33.333333333333336,37.5,0.75,3,1,0,70.97065462753952,64,8,4,12,4,16,0,12,5,13,6,0,0,4,4,0,0,25,11,10,6,32,29,2,0,4,886,0,0,0,4,41.5783447481397,59.79073243647235,56.0,44,13.003901170351105,30.76923076923077,100.0,72.72727272727273,2.0,3,1,15,70.97065462753952
S45G01N10,2024-2025,20241024,242,away,16,3,1,9,9,18,0,21,6,7,2,0,0,6,2,1,2,28,8,10,8,20,34,3,0,4,886,0,0,0,4,-41.5783447481397,32.637075718015666,32.142857142857146,17,11.547344110854503,42.857142857142854,33.333333333333336,37.5,0.75,3,1,0,70.97065462753952,64,8,4,12,4,16,0,12,5,13,6,0,0,4,4,0,0,25,11,10,6,32,29,2,0,4,886,0,0,0,4,41.5783447481397,59.79073243647235,56.0,44,13.003901170351105,30.76923076923077,100.0,72.72727272727273,2.0,3,1,15,70.97065462753952
S45G01N10,2024-2025,20241024,243,away,16,3,1,9,9,18,0,21,6,7,2,0,0,6,2,1,2,28,8,10,8,20,34,3,0,4,886,0,0,0,4,-41.5783447481397,32.637075718015666,32.142857142857146,17,11.547344110854503,42.857142857142854,33.333333333333336,37.5,0.75,3,1,0,70.97065462753952,64,8,4,12,4,16,0,12,5,13,6,0,0,4,4,0,0,25,11,10,6,32,29,2,0,4,886,0,0,0,4,41.5783447481397,59.79073243647235,56.0,44,13.003901170351105,30.76923076923077,100.0,72.72727272727273,2.0,3,1,15,70.97065462753952
S45G01N10,2024-2025,20241024,244,away,16,3,1,9,9,18,0,21,6,7,2,0,0,7,3,1,2,28,8,10,8,21,35,3,0,4,886,0,0,0,4,-39.05999248030665,33.78378378378378,32.142857142857146,18,11.402508551881414,42.857142857142854,42.857142857142854,37.5,0.75,4,1,0,71.5665914221219,64,8,4,12,4,16,0,12,5,13,6,0,0,4,4,0,0,25,11,10,6,32,29,2,0,4,886,0,0,0,4,39.05999248030665,59.79073243647235,56.0,44,13.003901170351105,30.76923076923077,100.0,72.72727272727273,2.0,4,1,15,71.5665914221219
S45G01N10,2024-2025,20241024,245,away,16,3,1,9,9,18,0,21,6,7,2,0,0,8,4,1,2,28,8,10,8,22,36,3,0,4,886,0,0,0,4,-36.62520544609701,34.898477157360404,32.142857142857146,19,11.261261261261263,42.857142857142854,50.0,37.5,0.75,5,1,0,72.16252821670429,64,8,4,12,4,16,0,12,5,13,6,0,0,4,4,0,0,25,11,10,6,32,29,2,0,4,886,0,0,0,4,36.62520544609701,59.79073243647235,56.0,44,13.003901170351105,30.76923076923077,100.0,72.72727272727273,2.0,5,1,15,72.16252821670429
S45G01N10,2024-2025,20241024,246,away,16,3,1,9,9,18,0,21,6,7,2,0,0,8,4,1,2,28,8,10,8,22,36,3,0,4,906,0,0,0,4,-39.522126740299285,34.898477157360404,32.142857142857146,19,11.261261261261263,42.857142857142854,50.0,37.5,0.75,2,1,0,71.89403973509934,64,8,4,12,4,16,0,13,6,13,6,0,0,4,4,0,0,26,12,10,6,34,30,2,0,4,906,0,0,0,4,39.522126740299285,61.23919308357348,57.69230769230769,46,12.594458438287154,30.76923076923077,100.0,66.66666666666667,2.0,2,1,15,71.89403973509934
S45G01N10,2024-2025,20241024,247,away,16,3,1,9,9,18,0,21,6,7,2,0,0,8,4,1,2,28,8,10,8,22,36,3,0,4,916,0,0,0,4,-39.522126740299285,34.898477157360404,32.142857142857146,19,11.261261261261263,42.857142857142854,50.0,37.5,0.75,2,1,0,71.10917030567686,64,8,4,12,4,16,0,13,6,13,6,0,0,4,4,0,0,26,12,11,6,34,30,2,0,4,916,0,0,0,4,39.522126740299285,61.23919308357348,57.69230769230769,46,12.594458438287154,30.76923076923077,100.0,66.66666666666667,2.0,2,1,15,71.10917030567686
S45G01N10,2024-2025,20241024,248,away,16,3,1,9,9,18,0,21,6,7,2,0,0,8,4,1,2,28,8,10,8,22,36,3,0,4,916,0,0,0,4,-39.522126740299285,34.898477157360404,32.142857142857146,19,11.261261261261263,42.857142857142854,50.0,37.5,0.75,2,1,0,71.10917030567686,64,8,4,12,4,16,0,13,6,13,6,0,0,4,4,0,0,26,12,11,6,34,30,2,0,4,916,0,0,0,4,39.522126740299285,61.23919308357348,57.69230769230769,46,12.594458438287154,30.76923076923077,100.0,66.66666666666667,2.0,2,1,15,71.10917030567686
S45G01N10,2024-2025,20241024,249,away,16,3,1,9,9,18,0,21,6,7,2,0,0,9,4,1,2,28,8,10,8,22,37,3,0,4,916,0,0,0,4,-40.87601227990662,34.4180225281602,32.142857142857146,18,11.123470522803114,42.857142857142854,44.44444444444444,37.5,0.75,2,1,0,71.68558951965065,64,8,4,12,4,16,0,13,6,13,6,0,0,4,4,0,0,26,12,11,6,34,30,2,0,4,916,0,0,0,4,40.87601227990662,61.23919308357348,57.69230769230769,46,12.594458438287154,30.76923076923077,100.0,66.66666666666667,2.0,2,1,15,71.68558951965065
S45G01N10,2024-2025,20241024,250,away,16,3,1,9,9,18,0,21,6,7,2,0,0,10,5,1,2,28,8,10,8,23,38,3,0,4,916,0,0,0,4,-38.53678032773091,35.49382716049383,32.142857142857146,19,10.989010989010989,42.857142857142854,50.0,37.5,0.75,1,1,0,72.26200873362444,64,8,4,12,4,16,0,13,6,13,6,0,0,4,4,0,0,26,12,11,6,34,30,2,0,4,916,0,0,0,4,38.53678032773091,61.23919308357348,57.69230769230769,46,12.594458438287154,30.76923076923077,100.0,66.66666666666667,2.0,1,1,15,72.26200873362444
S45G01N10,2024-2025,20241024,251,away,16,3,1,9,9,18,0,21,6,7,2,0,0,10,5,1,2,28,8,10,8,23,38,3,0,4,938,0,0,0,4,-41.232246733602,35.49382716049383,32.142857142857146,19,10.989010989010989,42.857142857142854,50.0,37.5,0.75,2,1,0,71.84648187633263,64,8,4,12,4,16,0,14,7,13,6,0,0,4,4,0,0,27,13,11,6,36,31,2,0,4,938,0,0,0,4,41.232246733602,62.58692628650903,59.25925925925926,48,12.210012210012207,30.76923076923077,100.0,61.53846153846154,2.0,2,1,15,71.84648187633263
S45G01N10,2024-2025,20241024,252,away,16,3,1,9,9,18,0,22,6,7,2,0,0,10,5,1,2,29,8,10,8,23,39,3,0,4,961,0,0,0,4,-44.18793708006031,34.4311377245509,31.03448275862069,18,10.695187165775401,42.857142857142854,50.0,37.5,0.75,2,1,0,71.37565036420395,64,8,4,12,4,16,0,14,7,13,6,0,0,4,4,0,0,27,13,11,6,36,31,2,0,4,961,0,0,0,4,44.18793708006031,62.58692628650903,59.25925925925926,48,12.210012210012207,30.76923076923077,100.0,61.53846153846154,2.0,2,1,15,71.37565036420395
S45G01N10,2024-2025,20241024,253,away,16,3,1,9,9,18,0,22,6,7,2,0,0,10,5,1,2,29,8,10,8,23,39,3,0,4,962,0,0,0,4,-44.18793708006031,34.4311377245509,31.03448275862069,18,10.695187165775401,40.90909090909091,50.0,37.5,0.75,2,1,0,71.3014553014553,64,8,4,13,4,17,0,14,7,13,6,0,0,4,4,0,0,27,13,11,6,36,31,2,0,4,962,0,0,0,4,44.18793708006031,62.58692628650903,59.25925925925926,49,12.210012210012207,30.76923076923077,100.0,61.53846153846154,2.0,2,1,15,71.3014553014553
S45G01N10,2024-2025,20241024,254,away,16,3,1,9,9,18,0,22,6,7,2,0,0,10,5,1,2,29,8,10,8,23,39,3,0,4,967,0,0,0,4,-39.9818264425261,34.4311377245509,31.03448275862069,18,10.695187165775401,40.90909090909091,50.0,37.5,0.75,2,1,0,72.17373319544986,64,8,4,13,4,17,0,14,7,14,6,0,0,4,4,0,0,28,13,11,6,36,32,2,0,4,967,0,0,0,4,39.9818264425261,60.48387096774193,57.142857142857146,48,11.848341232227487,30.76923076923077,100.0,61.53846153846154,2.0,2,1,15,72.17373319544986
S45G01N10,2024-2025,20241024,255,away,16,3,1,10,9,19,0,22,6,7,2,0,0,10,5,1,2,29,8,10,8,23,39,3,0,4,968,0,0,0,4,-39.9818264425261,34.4311377245509,31.03448275862069,19,10.695187165775401,40.90909090909091,50.0,37.5,0.75,2,1,0,72.09917355371901,64,8,4,13,4,17,0,14,7,14,6,0,0,4,4,0,0,28,13,11,6,36,32,2,0,4,968,0,0,0,4,39.9818264425261,60.48387096774193,57.142857142857146,48,11.848341232227487,28.571428571428573,100.0,61.53846153846154,2.0,2,1,15,72.09917355371901
S45G01N10,2024-2025,20241024,256,away,16,3,1,10,9,19,0,23,7,7,2,0,0,10,5,1,2,30,9,10,8,25,40,3,0,4,973,0,0,0,4,-35.93372833004166,36.33720930232558,33.333333333333336,21,10.416666666666668,40.90909090909091,50.0,33.333333333333336,0.75,2,1,0,72.96197327852005,64,8,4,13,4,17,0,14,7,14,6,0,0,4,4,0,0,28,13,11,6,36,32,2,0,4,973,0,0,0,4,35.93372833004166,60.48387096774193,57.142857142857146,48,11.848341232227487,28.571428571428573,100.0,61.53846153846154,2.0,2,1,15,72.96197327852005
S45G01N10,2024-2025,20241024,257,away,16,4,1,10,9,19,0,23,7,7,2,0,0,10,5,1,2,30,9,10,8,25,40,3,0,4,973,0,0,0,4,-35.93372833004166,36.33720930232558,33.333333333333336,22,10.416666666666668,40.90909090909091,50.0,44.44444444444444,1.0,2,1,0,72.96197327852005,64,8,4,13,4,17,0,14,7,14,6,0,0,4,4,0,0,28,13,11,6,36,32,2,0,4,973,0,0,0,4,35.93372833004166,60.48387096774193,57.142857142857146,48,11.848341232227487,28.571428571428573,100.0,61.53846153846154,2.0,2,1,15,72.96197327852005
S45G01N10,2024-2025,20241024,258,away,16,4,1,10,9,19,0,23,7,7,2,0,0,10,5,2,4,30,9,10,8,25,40,3,0,4,974,0,0,0,4,-35.93372833004166,36.33720930232558,33.333333333333336,22,10.416666666666668,40.90909090909091,50.0,44.44444444444444,1.0,2,1,0,72.88706365503081,64,8,4,13,4,17,0,14,7,14,6,0,0,4,4,0,0,28,13,11,6,36,32,2,0,4,974,0,0,0,4,35.93372833004166,60.48387096774193,57.142857142857146,48,11.848341232227487,28.571428571428573,100.0,61.53846153846154,2.0,2,1,15,72.88706365503081
S45G01N10,2024-2025,20241024,259,away,16,4,1,10,9,19,0,23,7,7,2,0,0,10,5,2,4,30,9,10,8,25,40,3,0,4,991,0,0,0,4,-32.00109692771774,36.33720930232558,33.333333333333336,22,10.416666666666668,40.90909090909091,50.0,44.44444444444444,1.0,2,1,0,72.84762865792129,64,8,4,13,4,17,0,15,7,14,6,0,0,4,4,0,0,29,13,11,6,36,33,2,0,4,991,0,0,0,4,32.00109692771774,58.51755526657997,55.172413793103445,47,11.50747986191024,28.571428571428573,100.0,61.53846153846154,2.0,2,1,15,72.84762865792129
S45G01N10,2024-2025,20241024,260,away,16,4,2,10,9,19,0,23,7,7,2,0,0,10,5,2,4,30,9,10,8,25,40,3,0,4,991,0,0,0,4,-32.00109692771774,36.33720930232558,33.333333333333336,23,10.416666666666668,40.90909090909091,50.0,44.44444444444444,1.0,2,1,0,72.84762865792129,64,8,4,13,4,17,0,15,7,14,6,0,0,4,4,0,0,29,13,11,6,36,33,2,0,4,991,0,0,0,4,32.00109692771774,58.51755526657997,55.172413793103445,47,11.50747986191024,28.571428571428573,100.0,61.53846153846154,2.0,2,1,15,72.84762865792129
S45G01N10,2024-2025,20241024,261,away,16,4,2,10,9,19,0,23,7,7,2,0,0,10,5,2,4,30,9,10,8,25,40,3,0,4,991,0,0,0,4,-32.00109692771774,36.33720930232558,33.333333333333336,23,10.416666666666668,40.90909090909091,50.0,44.44444444444444,1.0,2,1,0,72.84762865792129,64,8,4,13,4,17,1,15,7,14,6,0,0,4,4,0,0,29,13,11,6,36,33,2,0,4,991,0,0,0,4,32.00109692771774,58.51755526657997,55.172413793103445,48,11.50747986191024,28.571428571428573,100.0,61.53846153846154,2.0,2,1,15,72.84762865792129
S45G01N10,2024-2025,20241024,262,away,16,4,2,10,9,19,0,23,7,7,2,0,0,10,5,2,4,30,9,10,8,25,40,3,0,4,991,0,0,0,4,-32.00109692771774,36.33720930232558,33.333333333333336,23,10.416666666666668,40.90909090909091,50.0,44.44444444444444,1.0,2,1,0,72.84762865792129,64,8,4,13,4,17,1,15,7,14,6,0,0,4,4,0,0,29,13,11,6,36,33,2,0,4,991,0,0,0,4,32.00109692771774,58.51755526657997,55.172413793103445,48,11.50747986191024,28.571428571428573,100.0,61.53846153846154,2.0,2,1,15,72.84762865792129
S45G01N10,2024-2025,20241024,263,away,16,4,2,10,9,19,0,23,7,7,2,0,0,10,5,2,4,30,9,10,8,25,40,3,0,4,991,0,0,0,4,-32.00109692771774,36.33720930232558,33.333333333333336,23,10.416666666666668,40.90909090909091,50.0,44.44444444444444,1.0,2,1,0,72.84762865792129,64,8,4,13,4,17,1,15,7,14,6,0,0,4,4,0,0,29,13,11,6,36,33,2,0,4,991,0,0,0,4,32.00109692771774,58.51755526657997,55.172413793103445,48,11.50747986191024,28.571428571428573,100.0,61.53846153846154,2.0,2,1,15,72.84762865792129
S45G01N10,2024-2025,20241024,264,away,16,4,2,10,9,19,0,23,7,7,2,0,0,10,5,2,4,30,9,10,8,25,40,3,0,4,991,0,0,0,4,-32.00109692771774,36.33720930232558,33.333333333333336,23,10.416666666666668,40.90909090909091,50.0,44.44444444444444,1.0,2,1,0,72.84762865792129,64,8,4,13,4,17,1,15,7,14,6,0,0,4,4,0,0,29,13,11,6,36,33,2,0,4,991,0,0,0,4,32.00109692771774,58.51755526657997,55.172413793103445,48,11.50747986191024,28.571428571428573,100.0,61.53846153846154,2.0,2,1,15,72.84762865792129
S45G01N10,2024-2025,20241024,265,away,16,4,2,10,9,19,0,23,7,7,2,0,0,10,5,2,4,30,9,10,8,25,40,3,0,4,991,0,0,0,4,-32.00109692771774,36.33720930232558,33.333333333333336,23,10.416666666666668,40.90909090909091,50.0,44.44444444444444,1.0,2,1,0,72.84762865792129,64,8,4,13,4,17,1,15,7,14,6,0,0,4,4,0,0,29,13,11,6,36,33,2,0,4,991,0,0,0,4,32.00109692771774,58.51755526657997,55.172413793103445,48,11.50747986191024,28.571428571428573,100.0,61.53846153846154,2.0,2,1,15,72.84762865792129
S45G01N10,2024-2025,20241024,266,away,16,4,2,10,9,19,0,23,7,7,2,0,0,10,5,2,4,30,9,10,8,25,40,3,0,4,991,0,0,0,4,-32.00109692771774,36.33720930232558,33.333333333333336,23,10.416666666666668,40.90909090909091,50.0,44.44444444444444,1.0,2,1,0,72.84762865792129,64,8,4,13,4,17,1,15,7,14,6,0,0,4,4,0,0,29,13,11,6,36,33,2,0,4,991,0,0,0,4,32.00109692771774,58.51755526657997,55.172413793103445,48,11.50747986191024,28.571428571428573,100.0,61.53846153846154,2.0,2,1,15,72.84762865792129
S45G01N10,2024-2025,20241024,267,away,16,4,2,10,9,19,0,23,7,7,2,0,0,10,5,2,4,30,9,10,8,25,40,3,0,4,991,0,0,0,4,-32.00109692771774,36.33720930232558,33.333333333333336,23,10.416666666666668,40.90909090909091,50.0,44.44444444444444,1.0,2,1,0,72.84762865792129,64,8,4,13,4,17,1,15,7,14,6,0,0,4,4,0,0,29,13,11,6,36,33,2,0,4,991,0,0,0,4,32.00109692771774,58.51755526657997,55.172413793103445,48,11.50747986191024,28.571428571428573,100.0,61.53846153846154,2.0,2,1,15,72.84762865792129
S45G01N10,2024-2025,20241024,268,away,16,4,2,10,9,19,0,23,7,7,2,0,0,10,5,2,4,30,9,11,8,25,40,3,0,4,996,0,0,0,4,-32.00109692771774,36.33720930232558,33.333333333333336,23,10.416666666666668,40.90909090909091,50.0,44.44444444444444,1.0,2,1,0,72.48192771084338,64,8,4,13,4,17,1,15,7,14,6,0,0,4,4,0,0,29,13,11,6,36,33,2,0,4,996,0,0,0,4,32.00109692771774,58.51755526657997,55.172413793103445,48,11.50747986191024,28.571428571428573,100.0,61.53846153846154,2.0,2,1,15,72.48192771084338
S45G01N10,2024-2025,20241024,269,away,16,4,2,10,9,19,0,23,7,7,2,0,0,10,5,2,4,30,9,11,8,25,40,3,0,4,996,0,0,0,4,-32.00109692771774,36.33720930232558,33.333333333333336,23,10.416666666666668,40.90909090909091,50.0,44.44444444444444,1.0,2,1,0,72.48192771084338,64,8,4,13,4,17,1,15,7,14,6,0,0,4,4,0,0,29,13,11,6,36,33,2,0,4,996,0,0,0,4,32.00109692771774,58.51755526657997,55.172413793103445,48,11.50747986191024,28.571428571428573,100.0,61.53846153846154,2.0,2,1,15,72.48192771084338
S45G01N10,2024-2025,20241024,270,away,16,4,2,10,9,19,0,23,7,7,2,0,0,10,5,2,4,30,9,11,8,25,40,3,0,4,996,0,0,0,4,-33.555729984301394,36.33720930232558,33.333333333333336,23,10.416666666666668,40.90909090909091,50.0,44.44444444444444,1.0,1,1,0,73.01204819277109,64,8,4,13,4,17,1,15,7,14,6,0,0,5,5,0,0,29,13,11,6,37,34,2,0,4,996,0,0,0,4,33.555729984301394,59.294871794871796,55.172413793103445,49,11.363636363636363,28.571428571428573,100.0,61.53846153846154,2.0,1,1,15,73.01204819277109
S45G01N10,2024-2025,20241024,271,away,16,4,2,10,9,19,0,23,7,7,2,0,0,10,5,2,4,30,9,11,8,25,40,3,0,4,996,0,0,0,4,-35.06712419481066,36.33720930232558,33.333333333333336,23,10.416666666666668,40.90909090909091,50.0,44.44444444444444,1.0,2,1,0,73.5421686746988,64,8,4,13,4,17,1,15,7,14,6,0,0,6,6,0,0,29,13,11,6,38,35,2,0,4,996,0,0,0,4,35.06712419481066,60.05056890012642,55.172413793103445,50,11.22334455667789,28.571428571428573,100.0,61.53846153846154,2.0,2,1,15,73.5421686746988
S45G01N10,2024-2025,20241024,272,away,16,4,2,10,9,19,0,24,8,7,2,0,0,10,5,2,4,31,10,11,8,27,41,3,0,4,1011,0,0,0,4,-31.285348326568624,38.13559322033898,35.483870967741936,25,10.152284263959391,40.90909090909091,50.0,40.0,1.0,2,1,0,73.6379821958457,64,8,4,13,4,17,1,15,7,14,6,0,0,6,6,0,0,29,13,11,6,38,35,2,0,4,1011,0,0,0,4,31.285348326568624,60.05056890012642,55.172413793103445,50,11.22334455667789,28.571428571428573,100.0,61.53846153846154,2.0,2,1,15,73.6379821958457
S45G01N10,2024-2025,20241024,273,away,16,5,2,10,9,19,0,24,8,7,2,0,0,10,5,2,4,31,10,11,8,27,41,3,0,4,1011,0,0,0,4,-31.285348326568624,38.13559322033898,35.483870967741936,26,10.152284263959391,40.90909090909091,50.0,50.0,1.25,2,1,0,73.6379821958457,64,8,4,13,4,17,1,15,7,14,6,0,0,6,6,0,0,29,13,11,6,38,35,2,0,4,1011,0,0,0,4,31.285348326568624,60.05056890012642,55.172413793103445,50,11.22334455667789,28.571428571428573,100.0,61.53846153846154,2.0,2,1,15,73.6379821958457
S45G01N10,2024-2025,20241024,274,away,16,5,2,10,9,19,0,24,8,7,2,0,0,10,5,2,4,31,10,11,8,27,41,3,0,4,1011,0,0,0,4,-31.285348326568624,38.13559322033898,35.483870967741936,26,10.152284263959391,40.90909090909091,50.0,50.0,1.25,2,1,0,73.6379821958457,64,8,4,13,4,17,1,15,7,14,6,0,0,6,6,0,0,29,13,12,6,38,35,2,0,4,1011,0,0,0,4,31.285348326568624,60.05056890012642,55.172413793103445,50,11.22334455667789,28.571428571428573,100.0,61.53846153846154,2.0,2,1,15,73.6379821958457
S45G01N10,2024-2025,20241024,275,away,16,5,2,10,9,19,0,24,8,7,2,0,0,11,5,2,4,31,10,11,8,27,42,3,0,4,1012,0,0,0,4,-32.552499667957136,37.66741071428571,35.483870967741936,25,10.04016064257028,40.90909090909091,45.45454545454545,50.0,1.25,2,1,0,74.08695652173914,64,8,4,13,4,17,1,15,7,14,6,0,0,6,6,0,0,29,13,12,6,38,35,2,0,4,1012,0,0,0,4,32.552499667957136,60.05056890012642,55.172413793103445,50,11.22334455667789,28.571428571428573,100.0,61.53846153846154,2.0,2,1,15,74.08695652173914
S45G01N10,2024-2025,20241024,276,away,16,5,2,10,9,19,0,24,8,7,2,0,0,11,5,2,4,31,10,11,8,27,42,3,0,4,1013,0,0,0,4,-32.552499667957136,37.66741071428571,35.483870967741936,25,10.04016064257028,39.130434782608695,45.45454545454545,50.0,1.25,2,1,0,74.01382033563672,64,8,4,14,4,18,1,15,7,14,6,0,0,6,6,0,0,29,13,12,6,38,35,2,0,4,1013,0,0,0,4,32.552499667957136,60.05056890012642,55.172413793103445,51,11.22334455667789,28.571428571428573,100.0,61.53846153846154,2.0,2,1,15,74.01382033563672
S45G01N10,2024-2025,20241024,277,away,16,5,2,10,9,19,0,24,8,7,2,0,0,11,5,2,4,31,10,11,8,27,42,3,0,4,1031,0,0,0,4,-28.872930495155273,37.66741071428571,35.483870967741936,25,10.04016064257028,39.130434782608695,45.45454545454545,50.0,1.25,2,1,0,73.88554801163919,64,8,4,14,4,18,1,16,7,14,6,0,0,6,6,0,0,30,13,12,6,38,36,2,0,4,1031,0,0,0,4,28.872930495155273,58.21078431372549,53.333333333333336,50,10.91703056768559,28.571428571428573,100.0,61.53846153846154,2.0,2,1,15,73.88554801163919
S45G01N10,2024-2025,20241024,278,away,16,5,2,11,9,20,0,24,8,7,2,0,0,11,5,2,4,31,10,11,8,27,42,3,0,4,1033,0,0,0,4,-28.872930495155273,37.66741071428571,35.483870967741936,26,10.04016064257028,39.130434782608695,45.45454545454545,50.0,1.25,2,1,0,73.74249757986448,64,8,4,14,4,18,1,16,7,14,6,0,0,6,6,0,0,30,13,12,6,38,36,2,0,4,1033,0,0,0,4,28.872930495155273,58.21078431372549,53.333333333333336,50,10.91703056768559,26.666666666666668,100.0,61.53846153846154,2.0,2,1,15,73.74249757986448
S45G01N10,2024-2025,20241024,279,away,16,5,2,11,9,20,0,25,8,7,2,0,0,11,5,2,4,32,10,11,8,27,43,3,0,4,1042,0,0,0,4,-31.62257365257662,36.644951140065146,34.375,25,9.79431929480901,39.130434782608695,45.45454545454545,50.0,1.25,2,1,0,74.25719769673705,64,8,4,14,4,18,1,16,7,14,6,0,0,6,6,0,0,30,13,12,6,38,36,2,0,4,1042,0,0,0,4,31.62257365257662,58.21078431372549,53.333333333333336,50,10.91703056768559,26.666666666666668,100.0,61.53846153846154,2.0,2,1,15,74.25719769673705
S45G01N10,2024-2025,20241024,280,away,16,5,2,11,9,20,0,25,8,7,2,0,0,11,5,2,4,32,10,11,8,27,43,3,0,4,1043,0,0,0,4,-31.62257365257662,36.644951140065146,34.375,25,9.79431929480901,37.5,45.45454545454545,50.0,1.25,2,1,0,74.18600191754555,64,8,4,15,4,19,1,16,7,14,6,0,0,6,6,0,0,30,13,12,6,38,36,2,0,4,1043,0,0,0,4,31.62257365257662,58.21078431372549,53.333333333333336,51,10.91703056768559,26.666666666666668,100.0,61.53846153846154,2.0,2,1,15,74.18600191754555
S45G01N10,2024-2025,20241024,281,away,16,5,2,11,9,20,0,25,8,7,2,0,0,11,5,2,4,32,10,11,8,27,43,3,0,4,1045,0,0,0,4,-31.62257365257662,36.644951140065146,34.375,25,9.79431929480901,37.5,45.45454545454545,50.0,1.25,2,1,0,74.04401913875598,64,8,4,15,4,19,1,16,7,14,6,0,0,6,6,0,0,30,13,12,6,38,36,2,0,4,1045,0,0,0,4,31.62257365257662,58.21078431372549,53.333333333333336,51,10.91703056768559,26.666666666666668,100.0,61.53846153846154,2.0,2,1,15,74.04401913875598
S45G01N10,2024-2025,20241024,282,away,16,5,2,11,9,20,0,25,8,7,2,0,0,11,5,2,4,32,10,11,8,27,43,3,0,4,1045,0,0,0,4,-31.62257365257662,36.644951140065146,34.375,25,9.79431929480901,37.5,45.45454545454545,50.0,1.25,2,1,0,74.04401913875598,64,8,4,15,4,19,1,16,7,14,6,0,0,6,6,0,0,30,13,12,6,38,36,2,0,4,1045,0,0,0,4,31.62257365257662,58.21078431372549,53.333333333333336,51,10.91703056768559,26.666666666666668,100.0,61.53846153846154,2.0,2,1,15,74.04401913875598
S45G01N10,2024-2025,20241024,283,away,16,5,2,11,9,20,0,25,8,7,2,0,0,11,5,2,4,32,10,11,8,27,43,3,0,4,1045,0,0,0,4,-31.62257365257662,36.644951140065146,34.375,25,9.79431929480901,37.5,45.45454545454545,50.0,1.25,2,1,0,74.04401913875598,64,8,4,15,4,19,1,16,7,14,6,0,0,6,6,0,0,30,13,12,6,38,36,2,0,4,1045,0,0,0,4,31.62257365257662,58.21078431372549,53.333333333333336,51,10.91703056768559,26.666666666666668,100.0,61.53846153846154,2.0,2,1,15,74.04401913875598
S45G01N10,2024-2025,20241024,284,away,16,5,2,11,9,20,0,25,8,7,2,0,0,11,5,2,4,32,10,11,8,27,43,3,0,4,1067,0,0,0,4,-28.16176602393658,36.644951140065146,34.375,25,9.79431929480901,37.5,45.45454545454545,50.0,1.25,2,1,0,73.64198687910029,64,8,4,15,4,19,1,16,7,15,6,0,0,6,6,0,0,31,13,12,6,38,37,2,0,4,1067,0,0,0,4,28.16176602393658,56.48038049940547,51.61290322580645,50,10.626992561105206,26.666666666666668,100.0,61.53846153846154,2.0,2,1,15,73.64198687910029
S45G01N10,2024-2025,20241024,285,away,16,5,2,12,9,21,0,25,8,7,2,0,0,11,5,2,4,32,10,11,8,27,43,3,0,4,1069,0,0,0,4,-28.16176602393658,36.644951140065146,34.375,26,9.79431929480901,37.5,45.45454545454545,50.0,1.25,2,1,0,73.50420954162769,64,8,4,15,4,19,1,16,7,15,6,0,0,6,6,0,0,31,13,12,6,38,37,2,0,4,1069,0,0,0,4,28.16176602393658,56.48038049940547,51.61290322580645,50,10.626992561105206,25.0,100.0,61.53846153846154,2.0,2,1,15,73.50420954162769
S45G01N10,2024-2025,20241024,286,away,16,5,2,12,9,21,0,25,8,8,2,0,0,11,5,2,4,33,10,11,8,27,44,3,0,4,1075,0,0,0,4,-30.743952229018007,35.67653276955602,33.333333333333336,25,9.56022944550669,37.5,45.45454545454545,50.0,1.25,2,1,0,74.21023255813954,64,8,4,15,4,19,1,16,7,15,6,0,0,6,6,0,0,31,13,12,6,38,37,2,0,4,1075,0,0,0,4,30.743952229018007,56.48038049940547,51.61290322580645,50,10.626992561105206,25.0,100.0,61.53846153846154,2.0,2,1,15,74.21023255813954
S45G01N10,2024-2025,20241024,287,away,16,5,2,12,10,22,0,25,8,8,2,0,0,11,5,2,4,33,10,11,8,27,44,3,0,4,1077,0,0,0,4,-28.16176602393658,35.67653276955602,33.333333333333336,26,9.56022944550669,40.0,45.45454545454545,50.0,1.25,2,1,0,72.958217270195,64,8,4,15,4,19,1,16,7,15,6,0,0,6,6,0,0,31,13,12,6,38,37,2,0,4,1077,0,0,0,4,28.16176602393658,56.48038049940547,51.61290322580645,50,10.626992561105206,25.0,100.0,61.53846153846154,2.0,2,1,15,72.958217270195
S45G01N10,2024-2025,20241024,288,away,16,5,2,12,10,22,0,25,8,8,2,0,0,11,5,2,4,33,10,11,8,27,44,3,0,5,1082,0,0,0,5,-30.743952229018007,35.67653276955602,33.333333333333336,25,11.671335200746965,40.0,45.45454545454545,50.0,1.0,2,1,0,73.73012939001849,64,8,4,15,4,19,1,16,7,15,6,0,0,6,6,0,0,31,13,12,6,38,37,2,0,4,1082,0,0,0,4,30.743952229018007,56.48038049940547,51.61290322580645,50,10.626992561105206,25.0,100.0,61.53846153846154,2.0,2,1,15,73.73012939001849
S45G01N10,2024-2025,20241024,289,away,16,5,2,12,10,22,0,25,8,8,2,0,0,11,5,2,4,33,10,11,8,27,44,3,0,5,1082,0,0,0,5,-30.743952229018007,35.67653276955602,33.333333333333336,25,11.671335200746965,40.0,45.45454545454545,50.0,1.0,2,1,0,73.73012939001849,64,8,4,15,4,19,1,16,7,15,6,0,0,6,6,0,0,31,13,12,6,38,37,2,0,4,1082,0,0,0,4,30.743952229018007,56.48038049940547,51.61290322580645,50,10.626992561105206,25.0,100.0,61.53846153846154,2.0,2,1,15,73.73012939001849
S45G01N10,2024-2025,20241024,290,away,16,5,2,12,10,22,0,25,8,8,2,0,0,11,5,2,4,33,10,11,8,27,44,3,0,5,1107,0,0,0,5,-27.482960283324843,35.67653276955602,33.333333333333336,25,11.671335200746965,40.0,45.45454545454545,50.0,1.0,2,1,0,73.1490514905149,64,8,4,15,4,19,1,17,7,15,6,0,0,6,6,0,0,32,13,12,6,38,38,2,0,4,1107,0,0,0,4,27.482960283324843,54.84988452655889,50.0,49,10.351966873706004,25.0,100.0,61.53846153846154,2.0,2,1,15,73.1490514905149
S45G01N10,2024-2025,20241024,291,away,16,5,2,13,10,23,0,25,8,8,2,0,0,11,5,2,4,33,10,11,8,27,44,3,0,5,1108,0,0,0,5,-27.482960283324843,35.67653276955602,33.333333333333336,26,11.671335200746965,40.0,45.45454545454545,50.0,1.0,2,1,0,73.08303249097474,64,8,4,15,4,19,1,17,7,15,6,0,0,6,6,0,0,32,13,12,6,38,38,2,0,4,1108,0,0,0,4,27.482960283324843,54.84988452655889,50.0,49,10.351966873706004,23.529411764705884,100.0,61.53846153846154,2.0,2,1,15,73.08303249097474
S45G01N10,2024-2025,20241024,292,away,16,5,2,13,10,23,0,25,8,9,2,0,0,11,5,2,4,34,10,11,8,27,45,3,0,5,1114,0,0,0,5,-29.912535010564596,34.75798146240988,32.35294117647059,25,11.405109489051094,40.0,45.45454545454545,50.0,1.0,2,1,0,73.76660682226212,64,8,4,15,4,19,1,17,7,15,6,0,0,6,6,0,0,32,13,12,6,38,38,2,0,4,1114,0,0,0,4,29.912535010564596,54.84988452655889,50.0,49,10.351966873706004,23.529411764705884,100.0,61.53846153846154,2.0,2,1,15,73.76660682226212
S45G01N10,2024-2025,20241024,293,away,16,5,2,13,10,23,0,25,8,9,2,0,0,11,5,2,4,34,10,11,8,27,45,3,0,5,1116,0,0,0,5,-29.912535010564596,34.75798146240988,32.35294117647059,25,11.405109489051094,38.46153846153846,45.45454545454545,50.0,1.0,2,1,0,73.63440860215054,64,8,4,16,4,20,1,17,7,15,6,0,0,6,6,0,0,32,13,12,6,38,38,2,0,4,1116,0,0,0,4,29.912535010564596,54.84988452655889,50.0,50,10.351966873706004,23.529411764705884,100.0,61.53846153846154,2.0,2,1,15,73.63440860215054
S45G01N10,2024-2025,20241024,294,away,16,5,2,13,10,23,0,25,8,9,2,0,0,11,5,2,4,34,10,11,8,27,45,3,0,5,1125,0,0,0,5,-32.44621152422572,34.75798146240988,32.35294117647059,25,11.405109489051094,38.46153846153846,45.45454545454545,50.0,1.0,2,1,0,74.11200000000001,64,8,4,16,4,20,1,18,8,15,6,0,0,6,6,0,0,33,14,12,6,40,39,2,0,4,1125,0,0,0,4,32.44621152422572,56.11672278338945,51.515151515151516,52,10.090817356205852,23.529411764705884,100.0,57.142857142857146,2.0,2,1,15,74.11200000000001
S45G01N10,2024-2025,20241024,295,away,16,5,2,13,10,23,0,26,9,9,2,0,0,11,5,2,4,35,11,11,8,29,46,3,0,5,1143,0,0,0,5,-28.99578770225537,36.395582329317264,34.285714285714285,27,11.150758251561106,38.46153846153846,45.45454545454545,45.45454545454545,1.0,2,1,0,73.99475065616798,64,8,4,16,4,20,1,18,8,15,6,0,0,6,6,0,0,33,14,12,6,40,39,2,0,4,1143,0,0,0,4,28.99578770225537,56.11672278338945,51.515151515151516,52,10.090817356205852,23.529411764705884,100.0,57.142857142857146,2.0,2,1,15,73.99475065616798
S45G01N10,2024-2025,20241024,296,away,16,6,2,13,10,23,0,26,9,9,2,0,0,11,5,2,4,35,11,11,8,29,46,3,0,5,1143,0,0,0,5,-28.99578770225537,36.395582329317264,34.285714285714285,28,11.150758251561106,38.46153846153846,45.45454545454545,54.54545454545455,1.2,2,1,0,73.99475065616798,64,8,4,16,4,20,1,18,8,15,6,0,0,6,6,0,0,33,14,12,6,40,39,2,0,4,1143,0,0,0,4,28.99578770225537,56.11672278338945,51.515151515151516,52,10.090817356205852,23.529411764705884,100.0,57.142857142857146,2.0,2,1,15,73.99475065616798
S45G01N10,2024-2025,20241024,297,away,16,6,2,13,10,23,0,26,9,9,2,0,0,11,5,2,4,35,11,12,8,29,46,3,0,5,1156,0,0,0,5,-28.99578770225537,36.395582329317264,34.285714285714285,28,11.150758251561106,38.46153846153846,45.45454545454545,54.54545454545455,1.2,2,1,0,73.16262975778547,64,8,4,16,4,20,1,18,8,15,6,0,0,6,6,0,0,33,14,12,6,40,39,2,0,4,1156,0,0,0,4,28.99578770225537,56.11672278338945,51.515151515151516,52,10.090817356205852,23.529411764705884,100.0,57.142857142857146,2.0,2,1,15,73.16262975778547
S45G01N10,2024-2025,20241024,298,away,16,6,2,13,10,23,0,26,9,9,2,0,0,11,5,2,4,35,11,12,8,29,46,3,0,5,1156,0,0,0,5,-28.99578770225537,36.395582329317264,34.285714285714285,28,11.150758251561106,38.46153846153846,45.45454545454545,54.54545454545455,1.2,2,1,0,73.16262975778547,64,8,4,16,4,20,1,18,8,15,6,0,0,6,6,0,0,33,14,12,6,40,39,2,0,4,1156,0,0,0,4,28.99578770225537,56.11672278338945,51.515151515151516,52,10.090817356205852,23.529411764705884,100.0,57.142857142857146,2.0,2,1,15,73.16262975778547
S45G01N10,2024-2025,20241024,299,away,16,6,2,13,10,23,0,26,9,9,2,0,0,11,5,2,4,35,11,12,8,29,46,3,0,5,1156,0,0,0,5,-28.99578770225537,36.395582329317264,34.285714285714285,28,11.150758251561106,38.46153846153846,45.45454545454545,54.54545454545455,1.2,2,1,0,73.16262975778547,64,8,4,16,4,20,1,18,8,15,6,0,0,6,6,0,0,33,14,12,6,40,39,2,0,4,1156,0,0,0,4,28.99578770225537,56.11672278338945,51.515151515151516,52,10.090817356205852,23.529411764705884,100.0,57.142857142857146,2.0,2,1,15,73.16262975778547
S45G01N10,2024-2025,20241024,300,away,16,6,2,13,10,23,0,26,9,9,2,0,0,11,5,2,4,35,11,12,8,29,46,3,0,5,1156,0,0,0,5,-28.99578770225537,36.395582329317264,34.285714285714285,28,11.150758251561106,38.46153846153846,45.45454545454545,54.54545454545455,1.2,2,1,0,73.16262975778547,64,8,4,16,4,20,1,18,8,15,6,0,0,6,6,0,0,33,14,12,6,40,39,2,0,4,1156,0,0,0,4,28.99578770225537,56.11672278338945,51.515151515151516,52,10.090817356205852,23.529411764705884,100.0,57.142857142857146,2.0,2,1,15,73.16262975778547
S45G01N10,2024-2025,20241024,301,away,16,6,2,13,10,23,0,26,9,9,2,0,0,11,5,2,4,35,11,12,8,29,46,3,0,5,1156,0,0,0,5,-28.99578770225537,36.395582329317264,34.285714285714285,28,11.150758251561106,38.46153846153846,45.45454545454545,54.54545454545455,1.2,2,1,0,73.16262975778547,64,8,4,16,4,20,1,18,8,15,6,0,0,6,6,0,0,33,14,12,6,40,39,2,0,4,1156,0,0,0,4,28.99578770225537,56.11672278338945,51.515151515151516,52,10.090817356205852,23.529411764705884,100.0,57.142857142857146,2.0,2,1,15,73.16262975778547
S45G01N10,2024-2025,20241024,302,away,16,6,2,13,10,23,0,26,9,9,2,0,0,11,5,2,4,35,11,12,8,29,46,3,0,5,1156,0,0,0,5,-27.627087146562957,36.395582329317264,34.285714285714285,28,11.150758251561106,38.46153846153846,45.45454545454545,54.54545454545455,1.2,2,1,0,73.61937716262976,64,8,4,16,4,20,1,18,8,15,6,0,0,7,6,0,0,33,14,12,6,40,40,2,0,4,1156,0,0,0,4,27.627087146562957,55.43237250554324,51.515151515151516,51,9.980039920159681,23.529411764705884,85.71428571428571,57.142857142857146,2.0,2,1,15,73.61937716262976
S45G01N10,2024-2025,20241024,303,away,16,6,2,13,10,23,0,26,9,9,2,0,0,11,5,2,4,35,11,12,8,29,46,3,0,5,1156,0,0,0,5,-29.029592956944157,36.395582329317264,34.285714285714285,28,11.150758251561106,38.46153846153846,45.45454545454545,54.54545454545455,1.2,1,1,0,74.07612456747405,64,8,4,16,4,20,1,18,8,15,6,0,0,8,7,0,0,33,14,12,6,41,41,2,0,4,1156,0,0,0,4,29.029592956944157,56.13362541073384,51.515151515151516,52,9.871668311944719,23.529411764705884,87.5,57.142857142857146,2.0,1,1,15,74.07612456747405
S45G01N10,2024-2025,20241024,304,away,16,6,2,13,10,23,0,27,9,9,2,0,0,11,5,2,4,36,11,12,8,29,47,3,0,5,1177,0,0,0,5,-31.352072250039114,35.50440744368266,33.333333333333336,27,10.907504363001744,38.46153846153846,45.45454545454545,54.54545454545455,1.2,1,1,0,73.77400169923536,64,8,4,16,4,20,1,18,8,15,6,0,0,8,7,0,0,33,14,12,6,41,41,2,0,4,1177,0,0,0,4,31.352072250039114,56.13362541073384,51.515151515151516,52,9.871668311944719,23.529411764705884,87.5,57.142857142857146,2.0,1,1,15,73.77400169923536
S45G01N10,2024-2025,20241024,305,away,16,6,2,13,10,23,0,27,9,9,2,0,0,11,5,2,4,36,11,12,8,29,47,3,0,5,1178,0,0,0,5,-31.352072250039114,35.50440744368266,33.333333333333336,27,10.907504363001744,37.03703703703704,45.45454545454545,54.54545454545455,1.2,1,1,0,73.71137521222413,64,8,4,17,4,21,1,18,8,15,6,0,0,8,7,0,0,33,14,12,6,41,41,2,0,4,1178,0,0,0,4,31.352072250039114,56.13362541073384,51.515151515151516,53,9.871668311944719,23.529411764705884,87.5,57.142857142857146,2.0,1,1,15,73.71137521222413
S45G01N10,2024-2025,20241024,306,away,16,6,2,13,10,23,0,27,9,9,2,0,0,11,5,2,4,36,11,12,8,29,47,3,0,5,1198,0,0,0,5,-28.35987473347548,35.50440744368266,33.333333333333336,27,10.907504363001744,37.03703703703704,45.45454545454545,54.54545454545455,1.2,1,1,0,73.48247078464108,64,8,4,17,4,21,1,18,8,16,6,0,0,8,7,0,0,34,14,12,6,41,42,2,0,4,1198,0,0,0,4,28.35987473347548,54.637526652452024,50.0,52,9.633911368015413,23.529411764705884,87.5,57.142857142857146,2.0,1,1,15,73.48247078464108
S45G01N10,2024-2025,20241024,307,away,16,6,2,14,10,24,0,27,9,9,2,0,0,11,5,2,4,36,11,12,8,29,47,3,0,5,1199,0,0,0,5,-28.35987473347548,35.50440744368266,33.333333333333336,28,10.907504363001744,37.03703703703704,45.45454545454545,54.54545454545455,1.2,1,1,0,73.4211843202669,64,8,4,17,4,21,1,18,8,16,6,0,0,8,7,0,0,34,14,12,6,41,42,2,0,4,1199,0,0,0,4,28.35987473347548,54.637526652452024,50.0,52,9.633911368015413,22.22222222222222,87.5,57.142857142857146,2.0,1,1,15,73.4211843202669
S45G01N10,2024-2025,20241024,308,away,16,6,2,14,10,24,0,27,9,9,2,0,0,11,5,2,4,36,11,12,8,29,47,3,0,6,1199,0,0,0,6,-30.556269374393736,35.50440744368266,33.333333333333336,27,12.809564474807855,37.03703703703704,45.45454545454545,54.54545454545455,1.0,1,1,0,74.42201834862387,64,8,4,17,4,21,1,18,8,16,6,0,0,8,7,0,0,34,14,12,6,41,42,2,0,4,1199,0,0,0,4,30.556269374393736,54.637526652452024,50.0,52,9.633911368015413,22.22222222222222,87.5,57.142857142857146,2.0,1,1,15,74.42201834862387
S45G01N10,2024-2025,20241024,309,away,16,6,2,14,10,24,0,27,9,9,2,0,0,11,5,2,4,36,11,12,8,29,47,3,0,6,1199,0,0,0,6,-30.556269374393736,35.50440744368266,33.333333333333336,27,12.809564474807855,37.03703703703704,45.45454545454545,54.54545454545455,1.0,1,1,0,74.42201834862387,64,8,4,17,4,21,1,18,8,16,6,0,0,8,7,0,0,34,14,12,6,41,42,2,0,4,1199,0,0,0,4,30.556269374393736,54.637526652452024,50.0,52,9.633911368015413,22.22222222222222,87.5,57.142857142857146,2.0,1,1,15,74.42201834862387
S45G01N10,2024-2025,20241024,310,away,16,6,2,14,10,24,0,27,9,9,2,0,0,11,5,2,4,36,11,12,8,29,47,3,0,6,1200,0,0,0,6,-30.556269374393736,35.50440744368266,33.333333333333336,27,12.809564474807855,37.03703703703704,45.45454545454545,54.54545454545455,1.0,1,1,0,74.36000000000001,64,8,4,17,4,21,1,18,8,16,6,0,0,8,7,0,0,34,14,12,6,41,42,2,0,4,1200,0,0,0,4,30.556269374393736,54.637526652452024,50.0,52,9.633911368015413,22.22222222222222,87.5,57.142857142857146,2.0,1,1,15,74.36000000000001
S45G01N10,2024-2025,20241024,311,away,16,6,2,14,10,24,0,27,9,9,2,0,0,11,5,2,4,36,11,12,8,29,47,3,0,6,1200,0,0,0,6,-30.556269374393736,35.50440744368266,33.333333333333336,27,12.809564474807855,37.03703703703704,45.45454545454545,54.54545454545455,1.0,1,1,0,74.36000000000001,64,8,4,17,4,21,1,18,8,16,6,0,0,8,7,0,0,34,14,12,6,41,42,2,0,4,1200,0,0,0,4,30.556269374393736,54.637526652452024,50.0,52,9.633911368015413,22.22222222222222,87.5,57.142857142857146,2.0,1,1,15,74.36000000000001
S45G01N10,2024-2025,20241024,312,away,16,6,2,14,10,24,0,27,9,9,2,0,0,11,5,2,4,36,11,12,8,29,47,3,0,6,1200,0,0,0,6,-30.556269374393736,35.50440744368266,33.333333333333336,27,12.809564474807855,37.03703703703704,45.45454545454545,54.54545454545455,1.0,1,1,0,74.36000000000001,64,8,4,17,4,21,1,18,8,16,6,0,0,8,7,0,0,34,14,12,6,41,42,2,0,4,1200,0,0,0,4,30.556269374393736,54.637526652452024,50.0,52,9.633911368015413,22.22222222222222,87.5,57.142857142857146,2.0,1,1,15,74.36000000000001
S45G01N10,2024-2025,20241024,313,away,16,6,2,14,10,24,0,27,9,9,2,0,0,11,5,2,4,36,11,12,8,29,47,3,0,6,1200,0,0,0,6,-30.556269374393736,35.50440744368266,33.333333333333336,27,12.809564474807855,37.03703703703704,45.45454545454545,54.54545454545455,1.0,1,1,0,74.36000000000001,64,8,4,17,4,21,1,18,8,16,6,0,0,8,7,0,0,34,14,12,6,41,42,2,0,4,1200,0,0,0,4,30.556269374393736,54.637526652452024,50.0,52,9.633911368015413,22.22222222222222,87.5,57.142857142857146,2.0,1,1,15,74.36000000000001
S45G01N10,2024-2025,20241024,314,away,16,6,2,14,10,24,0,27,9,9,2,0,0,11,5,2,4,36,11,12,8,29,47,3,0,6,1200,0,0,0,6,-30.556269374393736,35.50440744368266,33.333333333333336,27,12.809564474807855,37.03703703703704,45.45454545454545,54.54545454545455,1.0,1,1,0,74.36000000000001,64,8,4,17,4,21,1,18,8,16,6,0,0,8,7,0,0,34,14,12,6,41,42,2,0,4,1200,0,0,0,4,30.556269374393736,54.637526652452024,50.0,52,9.633911368015413,22.22222222222222,87.5,57.142857142857146,2.0,1,1,15,74.36000000000001
S45G01N10,2024-2025,20241024,315,away,16,6,2,14,10,24,0,27,9,9,2,0,0,11,5,2,4,36,11,12,8,29,47,3,0,6,1200,0,0,0,6,-30.556269374393736,35.50440744368266,33.333333333333336,27,12.809564474807855,37.03703703703704,45.45454545454545,54.54545454545455,1.0,1,1,0,74.36000000000001,64,8,4,17,4,21,1,18,8,16,6,0,0,8,7,0,0,34,14,12,6,41,42,2,0,4,1200,0,0,0,4,30.556269374393736,54.637526652452024,50.0,52,9.633911368015413,22.22222222222222,87.5,57.142857142857146,2.0,1,1,15,74.36000000000001
S45G01N10,2024-2025,20241024,316,away,16,6,2,14,10,24,0,27,9,9,2,0,0,11,5,2,4,36,11,12,8,29,47,3,0,6,1200,0,0,0,6,-30.556269374393736,35.50440744368266,33.333333333333336,27,12.809564474807855,37.03703703703704,45.45454545454545,54.54545454545455,1.0,1,1,0,74.36000000000001,64,8,4,17,4,21,1,18,8,16,6,0,0,8,7,0,0,34,14,12,6,41,42,2,0,4,1200,0,0,0,4,30.556269374393736,54.637526652452024,50.0,52,9.633911368015413,22.22222222222222,87.5,57.142857142857146,2.0,1,1,15,74.36000000000001
S45G01N10,2024-2025,20241024,317,away,16,6,2,14,10,24,0,27,9,9,2,0,0,11,5,2,4,36,11,12,8,29,47,3,0,6,1200,0,0,0,6,-30.556269374393736,35.50440744368266,33.333333333333336,27,12.809564474807855,37.03703703703704,45.45454545454545,54.54545454545455,1.0,1,1,0,74.36000000000001,64,8,4,17,4,21,1,18,8,16,6,0,0,8,7,0,0,34,14,12,6,41,42,2,0,4,1200,0,0,0,4,30.556269374393736,54.637526652452024,50.0,52,9.633911368015413,22.22222222222222,87.5,57.142857142857146,2.0,1,1,15,74.36000000000001
S45G01N10,2024-2025,20241024,318,away,16,6,2,14,10,24,0,27,9,9,2,0,0,11,5,2,4,36,11,12,8,29,47,3,0,6,1200,0,0,0,6,-30.556269374393736,35.50440744368266,33.333333333333336,27,12.809564474807855,37.03703703703704,45.45454545454545,54.54545454545455,1.0,1,1,0,74.36000000000001,64,8,4,17,4,21,1,18,8,16,6,0,0,8,7,0,0,34,14,12,6,41,42,2,0,4,1200,0,0,0,4,30.556269374393736,54.637526652452024,50.0,52,9.633911368015413,22.22222222222222,87.5,57.142857142857146,2.0,1,1,15,74.36000000000001
S45G01N10,2024-2025,20241024,319,away,16,6,2,14,10,24,0,27,9,9,2,0,0,11,5,2,4,36,11,12,8,29,47,3,0,6,1200,0,0,0,6,-30.556269374393736,35.50440744368266,33.333333333333336,27,12.809564474807855,37.03703703703704,45.45454545454545,54.54545454545455,1.0,1,1,0,74.36000000000001,64,8,4,17,4,21,1,18,8,16,6,0,0,8,7,0,0,34,14,12,6,41,42,2,0,4,1200,0,0,0,4,30.556269374393736,54.637526652452024,50.0,52,9.633911368015413,22.22222222222222,87.5,57.142857142857146,2.0,1,1,15,74.36000000000001
S45G01N10,2024-2025,20241024,320,away,16,6,2,14,10,24,0,27,9,9,2,0,0,11,5,2,4,36,11,12,8,29,47,3,0,6,1200,0,0,0,6,-30.556269374393736,35.50440744368266,33.333333333333336,27,12.809564474807855,37.03703703703704,45.45454545454545,54.54545454545455,1.0,1,1,0,74.36000000000001,64,8,4,17,4,21,1,18,8,16,6,0,0,8,7,0,0,34,14,12,6,41,42,2,0,4,1200,0,0,0,4,30.556269374393736,54.637526652452024,50.0,52,9.633911368015413,22.22222222222222,87.5,57.142857142857146,2.0,1,1,15,74.36000000000001
S45G01N10,2024-2025,20241024,321,away,16,6,2,14,10,24,0,27,9,9,2,0,0,11,5,2,4,36,11,12,8,29,47,3,0,6,1200,0,0,0,6,-30.556269374393736,35.50440744368266,33.333333333333336,27,12.809564474807855,37.03703703703704,45.45454545454545,54.54545454545455,1.0,1,1,0,74.36000000000001,64,8,4,17,4,21,1,18,8,16,6,0,0,8,7,0,0,34,14,12,6,41,42,2,0,4,1200,0,0,0,4,30.556269374393736,54.637526652452024,50.0,52,9.633911368015413,22.22222222222222,87.5,57.142857142857146,2.0,1,1,15,74.36000000000001
S45G01N10,2024-2025,20241024,322,away,16,6,2,14,10,24,0,27,9,9,2,0,0,11,5,2,4,36,11,12,8,29,47,3,0,6,1200,0,0,0,6,-30.556269374393736,35.50440744368266,33.333333333333336,27,12.809564474807855,37.03703703703704,45.45454545454545,54.54545454545455,1.0,1,1,0,74.36000000000001,64,8,4,17,4,21,1,18,8,16,6,0,0,8,7,0,0,34,14,12,6,41,42,2,0,4,1200,0,0,0,4,30.556269374393736,54.637526652452024,50.0,52,9.633911368015413,22.22222222222222,87.5,57.142857142857146,2.0,1,1,15,74.36000000000001
S45G01N10,2024-2025,20241024,323,away,16,6,2,14,10,24,0,27,9,9,2,0,0,11,5,2,4,36,11,12,8,29,47,3,0,6,1200,0,0,0,6,-30.556269374393736,35.50440744368266,33.333333333333336,27,12.809564474807855,37.03703703703704,45.45454545454545,54.54545454545455,1.0,1,1,0,74.36000000000001,64,8,4,17,4,21,1,18,8,16,6,0,0,8,7,0,0,34,14,12,6,41,42,2,0,4,1200,0,0,0,4,30.556269374393736,54.637526652452024,50.0,52,9.633911368015413,22.22222222222222,87.5,57.142857142857146,2.0,1,1,15,74.36000000000001
S45G01N10,2024-2025,20241024,324,away,16,6,2,14,10,24,0,27,9,9,2,0,0,11,5,2,4,36,11,12,8,29,47,3,0,6,1200,0,0,0,6,-30.556269374393736,35.50440744368266,33.333333333333336,27,12.809564474807855,37.03703703703704,45.45454545454545,54.54545454545455,1.0,1,1,0,74.36000000000001,64,8,4,17,4,21,1,18,8,16,6,0,0,8,7,0,0,34,14,12,6,41,42,2,0,4,1200,0,0,0,4,30.556269374393736,54.637526652452024,50.0,52,9.633911368015413,22.22222222222222,87.5,57.142857142857146,2.0,1,1,15,74.36000000000001
S45G01N10,2024-2025,20241024,325,away,16,6,2,14,10,24,0,27,9,9,2,0,0,11,5,2,4,36,11,12,8,29,47,3,0,6,1200,0,0,0,6,-30.556269374393736,35.50440744368266,33.333333333333336,27,12.809564474807855,37.03703703703704,45.45454545454545,54.54545454545455,1.0,1,1,0,74.36000000000001,64,8,4,17,4,21,1,18,8,16,6,0,0,8,7,0,0,34,14,12,6,41,42,2,0,4,1200,0,0,0,4,30.556269374393736,54.637526652452024,50.0,52,9.633911368015413,22.22222222222222,87.5,57.142857142857146,2.0,1,1,15,74.36000000000001
S45G01N10,2024-2025,20241024,326,away,16,6,2,14,10,24,0,27,9,9,2,0,0,11,5,2,4,36,11,12,8,29,47,3,0,6,1200,0,0,0,6,-30.556269374393736,35.50440744368266,33.333333333333336,27,12.809564474807855,37.03703703703704,45.45454545454545,54.54545454545455,1.0,1,1,0,74.36000000000001,64,8,4,17,4,21,1,18,8,16,6,0,0,8,7,0,0,34,14,12,6,41,42,2,0,4,1200,0,0,0,4,30.556269374393736,54.637526652452024,50.0,52,9.633911368015413,22.22222222222222,87.5,57.142857142857146,2.0,1,1,15,74.36000000000001
S45G01N10,2024-2025,20241024,327,away,16,6,2,14,10,24,0,27,9,9,2,0,0,11,5,2,4,36,11,12,8,29,47,3,0,6,1200,0,0,0,6,-30.556269374393736,35.50440744368266,33.333333333333336,27,12.809564474807855,37.03703703703704,45.45454545454545,54.54545454545455,1.0,1,1,0,74.36000000000001,64,8,4,17,4,21,1,18,8,16,6,0,0,8,7,0,0,34,14,12,6,41,42,2,0,4,1200,0,0,0,4,30.556269374393736,54.637526652452024,50.0,52,9.633911368015413,22.22222222222222,87.5,57.142857142857146,2.0,1,1,15,74.36000000000001
S45G01N10,2024-2025,20241024,328,away,16,6,2,14,10,24,0,27,9,9,2,0,0,11,5,2,4,36,11,12,8,29,47,3,0,6,1200,0,0,0,6,-30.556269374393736,35.50440744368266,33.333333333333336,27,12.809564474807855,37.03703703703704,45.45454545454545,54.54545454545455,1.0,1,1,0,74.36000000000001,64,8,4,17,4,21,1,18,8,16,6,0,0,8,7,0,0,34,14,12,6,41,42,2,0,4,1200,0,0,0,4,30.556269374393736,54.637526652452024,50.0,52,9.633911368015413,22.22222222222222,87.5,57.142857142857146,2.0,1,1,15,74.36000000000001
S45G01N10,2024-2025,20241024,329,away,16,6,2,14,10,24,0,27,9,9,2,0,0,11,5,2,4,36,11,12,8,29,47,3,0,6,1200,0,0,0,6,-30.556269374393736,35.50440744368266,33.333333333333336,27,12.809564474807855,37.03703703703704,45.45454545454545,54.54545454545455,1.0,1,1,0,74.36000000000001,64,8,4,17,4,21,1,18,8,16,6,0,0,8,7,0,0,34,14,12,6,41,42,2,0,4,1200,0,0,0,4,30.556269374393736,54.637526652452024,50.0,52,9.633911368015413,22.22222222222222,87.5,57.142857142857146,2.0,1,1,15,74.36000000000001
S45G01N10,2024-2025,20241024,330,away,16,6,2,14,10,24,0,27,9,9,2,0,0,11,5,2,4,36,11,12,8,29,47,3,0,6,1200,0,0,0,6,-30.556269374393736,35.50440744368266,33.333333333333336,27,12.809564474807855,37.03703703703704,45.45454545454545,54.54545454545455,1.0,1,1,0,74.36000000000001,64,8,4,17,4,21,1,18,8,16,6,0,0,8,7,0,0,34,14,12,6,41,42,2,0,4,1200,0,0,0,4,30.556269374393736,54.637526652452024,50.0,52,9.633911368015413,22.22222222222222,87.5,57.142857142857146,2.0,1,1,15,74.36000000000001
S45G01N10,2024-2025,20241024,331,away,16,6,2,14,10,24,0,27,9,9,2,0,0,11,5,2,4,36,11,12,8,29,47,3,0,6,1200,0,0,0,6,-30.556269374393736,35.50440744368266,33.333333333333336,27,12.809564474807855,37.03703703703704,45.45454545454545,54.54545454545455,1.0,1,1,0,74.36000000000001,64,8,4,17,4,21,1,18,8,16,6,0,0,8,7,0,0,34,14,12,6,41,42,2,0,4,1200,0,0,0,4,30.556269374393736,54.637526652452024,50.0,52,9.633911368015413,22.22222222222222,87.5,57.142857142857146,2.0,1,1,15,74.36000000000001
S45G01N10,2024-2025,20241024,332,away,16,6,2,14,10,24,0,27,9,9,2,0,0,11,5,2,4,36,11,12,8,29,47,3,0,6,1200,0,0,0,6,-30.556269374393736,35.50440744368266,33.333333333333336,27,12.809564474807855,37.03703703703704,45.45454545454545,54.54545454545455,1.0,1,1,0,74.36000000000001,64,8,4,17,4,21,1,18,8,16,6,0,0,8,7,0,0,34,14,12,6,41,42,2,0,4,1200,0,0,0,4,30.556269374393736,54.637526652452024,50.0,52,9.633911368015413,22.22222222222222,87.5,57.142857142857146,2.0,1,1,15,74.36000000000001
S45G01N10,2024-2025,20241024,333,away,16,6,2,14,10,24,0,27,9,9,2,0,0,11,5,2,4,36,11,12,8,29,47,3,0,6,1200,0,0,0,6,-30.556269374393736,35.50440744368266,33.333333333333336,27,12.809564474807855,37.03703703703704,45.45454545454545,54.54545454545455,1.0,1,1,0,74.36000000000001,64,8,4,17,4,21,1,18,8,16,6,0,0,8,7,0,0,34,14,12,6,41,42,2,0,4,1200,0,0,0,4,30.556269374393736,54.637526652452024,50.0,52,9.633911368015413,22.22222222222222,87.5,57.142857142857146,2.0,1,1,15,74.36000000000001
S45G01N10,2024-2025,20241024,334,away,16,6,2,14,10,24,0,27,9,9,2,0,0,11,5,2,4,36,11,12,8,29,47,3,0,6,1200,0,0,0,6,-30.556269374393736,35.50440744368266,33.333333333333336,27,12.809564474807855,37.03703703703704,45.45454545454545,54.54545454545455,1.0,1,1,0,74.36000000000001,64,8,4,17,4,21,1,18,8,16,6,0,0,8,7,0,0,34,14,12,6,41,42,2,0,4,1200,0,0,0,4,30.556269374393736,54.637526652452024,50.0,52,9.633911368015413,22.22222222222222,87.5,57.142857142857146,2.0,1,1,15,74.36000000000001
S45G01N10,2024-2025,20241024,335,away,16,6,2,14,10,24,0,27,9,9,2,0,0,11,5,2,4,36,11,12,8,29,47,3,0,6,1216,0,0,0,6,-32.911537980185415,35.50440744368266,33.333333333333336,27,12.809564474807855,37.03703703703704,45.45454545454545,54.54545454545455,1.0,3,1,0,74.36842105263159,64,8,4,17,4,21,1,19,9,16,6,0,0,8,7,0,0,35,15,12,6,43,43,2,0,4,1216,0,0,0,4,32.911537980185415,55.815160955347864,51.42857142857143,54,9.40733772342427,22.22222222222222,87.5,53.333333333333336,2.0,3,1,15,74.36842105263159
S45G01N10,2024-2025,20241024,336,away,16,6,2,14,10,24,0,28,10,9,2,0,0,11,5,2,4,37,12,12,8,31,48,3,0,6,1229,0,0,0,6,-29.706431847270792,37.04588910133843,35.13513513513514,29,12.541806020066888,37.03703703703704,45.45454545454545,50.0,1.0,2,1,0,74.55817737998375,64,8,4,17,4,21,1,19,9,16,6,0,0,8,7,0,0,35,15,12,6,43,43,2,0,4,1229,0,0,0,4,29.706431847270792,55.815160955347864,51.42857142857143,54,9.40733772342427,22.22222222222222,87.5,53.333333333333336,2.0,2,1,15,74.55817737998375
S45G01N10,2024-2025,20241024,337,away,16,7,2,14,10,24,0,28,10,9,2,0,0,11,5,2,4,37,12,12,8,31,48,3,0,6,1229,0,0,0,6,-29.706431847270792,37.04588910133843,35.13513513513514,30,12.541806020066888,37.03703703703704,45.45454545454545,58.333333333333336,1.1666666666666667,2,1,0,74.55817737998375,64,8,4,17,4,21,1,19,9,16,6,0,0,8,7,0,0,35,15,12,6,43,43,2,0,4,1229,0,0,0,4,29.706431847270792,55.815160955347864,51.42857142857143,54,9.40733772342427,22.22222222222222,87.5,53.333333333333336,2.0,2,1,15,74.55817737998375
S45G01N10,2024-2025,20241024,338,away,16,7,2,14,10,24,0,28,10,9,2,0,0,11,5,2,4,37,12,12,8,31,48,3,0,6,1250,0,0,0,6,-31.942506697708666,37.04588910133843,35.13513513513514,30,12.541806020066888,37.03703703703704,45.45454545454545,58.333333333333336,1.1666666666666667,2,1,0,74.2656,64,8,4,17,4,21,1,20,10,16,6,0,0,8,7,0,0,36,16,12,6,45,44,2,0,4,1250,0,0,0,4,31.942506697708666,56.9331983805668,52.77777777777778,56,9.191176470588236,22.22222222222222,87.5,50.0,2.0,2,1,15,74.2656
S45G01N10,2024-2025,20241024,339,away,16,7,2,14,10,24,0,29,11,9,2,0,0,11,5,2,4,38,13,12,8,33,49,3,0,6,1259,0,0,0,6,-28.902442075242774,38.515406162464984,36.8421052631579,32,12.285012285012284,37.03703703703704,45.45454545454545,53.84615384615385,1.1666666666666667,2,1,0,74.6878474980143,64,8,4,17,4,21,1,20,10,16,6,0,0,8,7,0,0,36,16,12,6,45,44,2,0,4,1259,0,0,0,4,28.902442075242774,56.9331983805668,52.77777777777778,56,9.191176470588236,22.22222222222222,87.5,50.0,2.0,2,1,15,74.6878474980143
S45G01N10,2024-2025,20241024,340,away,16,8,2,14,10,24,0,29,11,9,2,0,0,11,5,2,4,38,13,12,8,33,49,3,0,6,1259,0,0,0,6,-28.902442075242774,38.515406162464984,36.8421052631579,33,12.285012285012284,37.03703703703704,45.45454545454545,61.53846153846154,1.3333333333333333,2,1,0,74.6878474980143,64,8,4,17,4,21,1,20,10,16,6,0,0,8,7,0,0,36,16,12,6,45,44,2,0,4,1259,0,0,0,4,28.902442075242774,56.9331983805668,52.77777777777778,56,9.191176470588236,22.22222222222222,87.5,50.0,2.0,2,1,15,74.6878474980143
S45G01N10,2024-2025,20241024,341,away,16,8,2,14,10,24,0,29,11,9,2,0,0,11,5,2,4,38,13,12,8,33,49,3,0,6,1259,0,0,0,6,-28.902442075242774,38.515406162464984,36.8421052631579,33,12.285012285012284,37.03703703703704,45.45454545454545,61.53846153846154,1.3333333333333333,2,1,0,74.6878474980143,64,8,4,17,4,21,1,20,10,16,6,0,0,8,7,0,0,36,16,13,6,45,44,2,0,4,1259,0,0,0,4,28.902442075242774,56.9331983805668,52.77777777777778,56,9.191176470588236,22.22222222222222,87.5,50.0,2.0,2,1,15,74.6878474980143
S45G01N10,2024-2025,20241024,342,away,16,8,2,14,10,24,0,29,11,9,2,0,0,11,5,2,4,38,13,12,8,33,49,3,0,6,1259,0,0,0,6,-28.902442075242774,38.515406162464984,36.8421052631579,33,12.285012285012284,37.03703703703704,45.45454545454545,61.53846153846154,1.3333333333333333,2,1,0,74.6878474980143,64,8,4,17,4,21,1,20,10,16,6,0,0,8,7,0,0,36,16,13,6,45,44,2,0,4,1259,0,0,0,4,28.902442075242774,56.9331983805668,52.77777777777778,56,9.191176470588236,22.22222222222222,87.5,50.0,2.0,2,1,15,74.6878474980143
S45G01N10,2024-2025,20241024,343,away,16,8,2,14,10,24,0,29,11,9,2,0,0,12,6,2,4,38,13,12,8,34,50,3,0,6,1259,0,0,0,6,-27.308351954616285,39.279112754158966,36.8421052631579,34,12.175324675324674,37.03703703703704,50.0,61.53846153846154,1.3333333333333333,3,1,0,75.1072279586974,64,8,4,17,4,21,1,20,10,16,6,0,0,8,7,0,0,36,16,13,6,45,44,2,0,4,1259,0,0,0,4,27.308351954616285,56.9331983805668,52.77777777777778,56,9.191176470588236,22.22222222222222,87.5,50.0,2.0,3,1,15,75.1072279586974
S45G01N10,2024-2025,20241024,344,away,16,8,2,14,10,24,0,29,11,9,2,0,0,12,6,2,4,38,13,12,8,34,50,3,0,6,1283,0,0,0,6,-24.498223702860756,39.279112754158966,36.8421052631579,34,12.175324675324674,37.03703703703704,50.0,61.53846153846154,1.3333333333333333,3,1,0,74.63756819953235,64,8,4,17,4,21,1,20,10,17,6,0,0,8,7,0,0,37,16,13,6,45,45,2,0,4,1283,0,0,0,4,24.498223702860756,55.528134254689036,51.351351351351354,55,8.98472596585804,22.22222222222222,87.5,50.0,2.0,3,1,15,74.63756819953235
S45G01N10,2024-2025,20241024,345,away,16,8,2,15,10,25,0,29,11,9,2,0,0,12,6,2,4,38,13,12,8,34,50,3,0,6,1284,0,0,0,6,-24.498223702860756,39.279112754158966,36.8421052631579,35,12.175324675324674,37.03703703703704,50.0,61.53846153846154,1.3333333333333333,3,1,0,74.57943925233646,64,8,4,17,4,21,1,20,10,17,6,0,0,8,7,0,0,37,16,13,6,45,45,2,0,4,1284,0,0,0,4,24.498223702860756,55.528134254689036,51.351351351351354,55,8.98472596585804,21.05263157894737,87.5,50.0,2.0,3,1,15,74.57943925233646
S45G01N10,2024-2025,20241024,346,away,16,8,2,15,10,25,0,30,11,9,2,0,0,12,6,2,4,39,13,12,8,34,51,3,0,6,1294,0,0,0,6,-26.647132461711735,38.392050587172534,35.8974358974359,34,11.933174224343675,37.03703703703704,50.0,61.53846153846154,1.3333333333333333,3,1,0,74.9304482225657,64,8,4,17,4,21,1,20,10,17,6,0,0,8,7,0,0,37,16,13,6,45,45,2,0,4,1294,0,0,0,4,26.647132461711735,55.528134254689036,51.351351351351354,55,8.98472596585804,21.05263157894737,87.5,50.0,2.0,3,1,15,74.9304482225657
S45G01N10,2024-2025,20241024,347,away,16,8,2,15,10,25,0,30,11,9,2,0,0,12,6,2,4,39,13,12,8,34,51,3,0,6,1296,0,0,0,6,-26.647132461711735,38.392050587172534,35.8974358974359,34,11.933174224343675,35.714285714285715,50.0,61.53846153846154,1.3333333333333333,3,1,0,74.81481481481482,64,8,4,18,4,22,1,20,10,17,6,0,0,8,7,0,0,37,16,13,6,45,45,2,0,4,1296,0,0,0,4,26.647132461711735,55.528134254689036,51.351351351351354,56,8.98472596585804,21.05263157894737,87.5,50.0,2.0,3,1,15,74.81481481481482
S45G01N10,2024-2025,20241024,348,away,16,8,2,15,10,25,0,30,11,9,2,0,0,12,6,2,4,39,13,12,8,34,51,3,0,6,1304,0,0,0,6,-31.197800368518628,38.392050587172534,35.8974358974359,34,11.933174224343675,35.714285714285715,50.0,61.53846153846154,1.3333333333333333,3,1,0,75.27607361963192,64,8,4,18,4,22,1,20,10,18,7,0,0,8,7,0,0,38,17,13,6,48,46,2,0,4,1304,0,0,0,4,31.197800368518628,57.80346820809248,53.94736842105263,59,8.787346221441124,21.05263157894737,87.5,47.05882352941177,2.0,3,1,15,75.27607361963192
S45G01N10,2024-2025,20241024,349,away,16,8,2,15,10,25,0,30,11,9,2,0,0,12,6,2,4,39,13,12,8,34,51,3,0,6,1304,0,0,0,6,-31.197800368518628,38.392050587172534,35.8974358974359,34,11.933174224343675,35.714285714285715,50.0,61.53846153846154,1.3333333333333333,3,1,0,75.27607361963192,64,9,4,18,4,22,1,20,10,18,7,0,0,8,7,0,0,38,17,13,6,48,46,2,0,4,1304,0,0,0,4,31.197800368518628,57.80346820809248,53.94736842105263,60,8.787346221441124,21.05263157894737,87.5,52.94117647058823,2.25,3,1,15,75.27607361963192
S45G01N10,2024-2025,20241024,350,away,16,8,2,15,10,25,0,30,11,9,2,0,0,12,6,2,4,39,13,12,8,34,51,3,0,6,1318,0,0,0,6,-31.197800368518628,38.392050587172534,35.8974358974359,34,11.933174224343675,35.714285714285715,50.0,61.53846153846154,1.3333333333333333,3,1,0,74.47647951441579,64,9,4,18,4,22,1,20,10,18,7,0,0,8,7,0,0,38,17,14,7,48,46,2,0,4,1318,0,0,0,4,31.197800368518628,57.80346820809248,53.94736842105263,60,8.787346221441124,21.05263157894737,87.5,52.94117647058823,2.25,3,1,15,74.47647951441579
S45G01N10,2024-2025,20241024,351,away,16,8,2,15,10,25,0,30,11,9,2,0,0,12,6,2,4,39,13,12,8,34,51,3,0,6,1318,0,0,0,6,-31.197800368518628,38.392050587172534,35.8974358974359,34,11.933174224343675,35.714285714285715,50.0,61.53846153846154,1.3333333333333333,3,1,0,74.47647951441579,64,9,4,18,4,22,1,20,10,18,7,0,0,8,7,0,0,38,17,14,7,48,46,2,0,4,1318,0,0,0,4,31.197800368518628,57.80346820809248,53.94736842105263,60,8.787346221441124,21.05263157894737,87.5,52.94117647058823,2.25,3,1,15,74.47647951441579
S45G01N10,2024-2025,20241024,352,away,16,8,2,15,10,25,0,30,11,9,2,0,0,12,6,2,4,39,13,12,8,34,51,3,0,6,1318,0,0,0,6,-31.197800368518628,38.392050587172534,35.8974358974359,34,11.933174224343675,35.714285714285715,50.0,61.53846153846154,1.3333333333333333,3,1,0,74.47647951441579,64,9,4,18,4,22,1,20,10,18,7,0,0,8,7,0,0,38,17,14,7,48,46,2,0,4,1318,0,0,0,4,31.197800368518628,57.80346820809248,53.94736842105263,60,8.787346221441124,21.05263157894737,87.5,52.94117647058823,2.25,3,1,15,74.47647951441579
S45G01N10,2024-2025,20241024,353,away,16,8,2,15,10,25,0,30,11,9,2,0,0,12,6,2,4,39,13,12,8,34,51,3,0,6,1318,0,0,0,6,-31.197800368518628,38.392050587172534,35.8974358974359,34,11.933174224343675,35.714285714285715,50.0,61.53846153846154,1.3333333333333333,3,1,0,74.47647951441579,64,9,4,18,4,22,1,20,10,18,7,0,0,8,7,0,0,38,17,14,7,48,46,2,0,4,1318,0,0,0,4,31.197800368518628,57.80346820809248,53.94736842105263,60,8.787346221441124,21.05263157894737,87.5,52.94117647058823,2.25,3,1,15,74.47647951441579
S45G01N10,2024-2025,20241024,354,away,16,8,2,15,10,25,0,30,11,9,2,0,0,12,6,2,4,39,13,12,8,34,51,3,0,6,1321,0,0,0,6,-31.197800368518628,38.392050587172534,35.8974358974359,34,11.933174224343675,35.714285714285715,50.0,61.53846153846154,1.3333333333333333,3,1,0,74.30734292202878,64,9,4,18,4,22,1,20,10,18,7,0,0,8,7,0,0,38,17,15,8,48,46,2,0,4,1321,0,0,0,4,31.197800368518628,57.80346820809248,53.94736842105263,60,8.787346221441124,21.05263157894737,87.5,52.94117647058823,2.25,3,1,15,74.30734292202878
S45G01N10,2024-2025,20241024,355,away,16,8,2,15,10,25,0,30,11,9,2,0,0,12,6,2,4,39,13,12,8,34,51,3,0,6,1321,0,0,0,6,-31.197800368518628,38.392050587172534,35.8974358974359,34,11.933174224343675,35.714285714285715,50.0,61.53846153846154,1.3333333333333333,3,1,0,74.30734292202878,64,9,4,18,4,22,1,20,10,18,7,0,0,8,7,0,0,38,17,15,8,48,46,2,0,4,1321,0,0,0,4,31.197800368518628,57.80346820809248,53.94736842105263,60,8.787346221441124,21.05263157894737,87.5,52.94117647058823,2.25,3,1,15,74.30734292202878
S45G01N10,2024-2025,20241024,356,away,16,8,2,15,10,25,0,31,11,9,2,0,0,12,6,2,4,40,13,12,8,34,52,3,0,6,1331,0,0,0,6,-33.242595330913645,37.54416961130742,35.0,33,11.700468018720748,35.714285714285715,50.0,61.53846153846154,1.3333333333333333,3,1,0,74.65063861758078,64,9,4,18,4,22,1,20,10,18,7,0,0,8,7,0,0,38,17,15,8,48,46,2,0,4,1331,0,0,0,4,33.242595330913645,57.80346820809248,53.94736842105263,60,8.787346221441124,21.05263157894737,87.5,52.94117647058823,2.25,3,1,15,74.65063861758078
S45G01N10,2024-2025,20241024,357,away,16,8,2,15,10,25,1,31,11,9,2,0,0,12,6,2,4,40,13,12,8,34,52,3,0,6,1333,0,0,0,6,-33.242595330913645,37.54416961130742,35.0,34,11.700468018720748,35.714285714285715,50.0,61.53846153846154,1.3333333333333333,3,1,0,74.53863465866468,64,9,4,18,4,22,1,20,10,18,7,0,0,8,7,0,0,38,17,15,8,48,46,2,0,4,1333,0,0,0,4,33.242595330913645,57.80346820809248,53.94736842105263,60,8.787346221441124,21.05263157894737,87.5,52.94117647058823,2.25,3,1,15,74.53863465866468
S45G01N10,2024-2025,20241024,358,away,16,8,2,15,10,25,1,32,11,9,2,0,0,12,6,2,4,41,13,12,8,34,53,3,0,6,1337,0,0,0,6,-35.19066394693236,36.732929991356954,34.146341463414636,33,11.476664116296863,35.714285714285715,50.0,61.53846153846154,1.3333333333333333,3,1,0,75.21316379955125,64,9,4,18,4,22,1,20,10,18,7,0,0,8,7,0,0,38,17,15,8,48,46,2,0,4,1337,0,0,0,4,35.19066394693236,57.80346820809248,53.94736842105263,60,8.787346221441124,21.05263157894737,87.5,52.94117647058823,2.25,3,1,15,75.21316379955125
S45G01N10,2024-2025,20241024,359,away,16,8,2,15,10,25,1,32,11,9,2,0,0,12,6,2,4,41,13,12,8,34,53,3,0,6,1338,0,0,0,6,-35.19066394693236,36.732929991356954,34.146341463414636,33,11.476664116296863,34.48275862068966,50.0,61.53846153846154,1.3333333333333333,3,1,0,75.15695067264575,64,9,4,19,4,23,1,20,10,18,7,0,0,8,7,0,0,38,17,15,8,48,46,2,0,4,1338,0,0,0,4,35.19066394693236,57.80346820809248,53.94736842105263,61,8.787346221441124,21.05263157894737,87.5,52.94117647058823,2.25,3,1,15,75.15695067264575
S45G01N10,2024-2025,20241024,360,away,16,8,2,15,10,25,1,32,11,9,2,0,0,12,6,2,4,41,13,12,8,34,53,3,0,6,1364,0,0,0,6,-32.471780211838635,36.732929991356954,34.146341463414636,33,11.476664116296863,34.48275862068966,50.0,61.53846153846154,1.3333333333333333,3,1,0,74.60410557184751,64,9,4,19,4,23,1,21,10,18,7,0,0,8,7,0,0,39,17,15,8,48,47,2,0,4,1364,0,0,0,4,32.471780211838635,56.44402634054562,52.56410256410256,60,8.598452278589853,21.05263157894737,87.5,52.94117647058823,2.25,3,1,15,74.60410557184751
S45G01N10,2024-2025,20241024,361,away,16,8,2,16,10,26,1,32,11,9,2,0,0,12,6,2,4,41,13,12,8,34,53,3,0,6,1365,0,0,0,6,-32.471780211838635,36.732929991356954,34.146341463414636,34,11.476664116296863,34.48275862068966,50.0,61.53846153846154,1.3333333333333333,3,1,0,74.54945054945055,64,9,4,19,4,23,1,21,10,18,7,0,0,8,7,0,0,39,17,15,8,48,47,2,0,4,1365,0,0,0,4,32.471780211838635,56.44402634054562,52.56410256410256,60,8.598452278589853,20.0,87.5,52.94117647058823,2.25,3,1,15,74.54945054945055
S45G01N10,2024-2025,20241024,362,away,16,8,2,16,10,26,1,33,12,9,2,0,0,12,6,2,4,42,14,12,8,36,54,3,0,6,1371,0,0,0,6,-29.708755084048732,38.07106598984772,35.714285714285715,36,11.26126126126126,34.48275862068966,50.0,57.142857142857146,1.3333333333333333,2,1,0,75.0984682713348,64,9,4,19,4,23,1,21,10,18,7,0,0,8,7,0,0,39,17,15,8,48,47,2,0,4,1371,0,0,0,4,29.708755084048732,56.44402634054562,52.56410256410256,60,8.598452278589853,20.0,87.5,52.94117647058823,2.25,2,1,15,75.0984682713348
S45G01N10,2024-2025,20241024,363,away,16,8,2,16,10,26,1,33,12,9,2,0,0,12,6,3,6,42,14,12,8,36,54,3,0,6,1372,0,0,0,6,-29.708755084048732,38.07106598984772,35.714285714285715,36,11.26126126126126,34.48275862068966,50.0,57.142857142857146,1.3333333333333333,2,1,0,75.04373177842567,64,9,4,19,4,23,1,21,10,18,7,0,0,8,7,0,0,39,17,15,8,48,47,2,0,4,1372,0,0,0,4,29.708755084048732,56.44402634054562,52.56410256410256,60,8.598452278589853,20.0,87.5,52.94117647058823,2.25,2,1,15,75.04373177842567
S45G01N10,2024-2025,20241024,364,away,16,8,2,16,10,26,1,33,12,9,2,0,0,12,6,3,6,42,14,12,8,36,54,3,0,6,1385,0,0,0,6,-27.114820050016306,38.07106598984772,35.714285714285715,36,11.26126126126126,34.48275862068966,50.0,57.142857142857146,1.3333333333333333,2,1,0,75.2057761732852,64,9,4,19,4,23,1,21,10,19,7,0,0,8,7,0,0,40,17,15,8,48,48,2,0,4,1385,0,0,0,4,27.114820050016306,55.147058823529406,51.25,59,8.417508417508417,20.0,87.5,52.94117647058823,2.25,2,1,15,75.2057761732852
S45G01N10,2024-2025,20241024,365,away,16,8,2,17,10,27,1,33,12,9,2,0,0,12,6,3,6,42,14,12,8,36,54,3,0,6,1386,0,0,0,6,-27.114820050016306,38.07106598984772,35.714285714285715,37,11.26126126126126,34.48275862068966,50.0,57.142857142857146,1.3333333333333333,2,1,0,75.15151515151516,64,9,4,19,4,23,1,21,10,19,7,0,0,8,7,0,0,40,17,15,8,48,48,2,0,4,1386,0,0,0,4,27.114820050016306,55.147058823529406,51.25,59,8.417508417508417,19.047619047619047,87.5,52.94117647058823,2.25,2,1,15,75.15151515151516
S45G01N10,2024-2025,20241024,366,away,16,8,2,17,10,27,1,33,12,9,2,0,0,12,6,3,6,42,14,12,8,36,54,3,0,6,1397,0,0,0,6,-27.114820050016306,38.07106598984772,35.714285714285715,37,11.26126126126126,34.48275862068966,50.0,57.142857142857146,1.3333333333333333,2,1,0,74.5597709377237,64,9,4,19,4,23,1,21,10,19,7,0,0,8,7,0,0,40,17,15,8,48,48,2,0,4,1397,0,0,0,4,27.114820050016306,55.147058823529406,51.25,59,8.417508417508417,19.047619047619047,87.5,52.94117647058823,2.25,2,1,15,74.5597709377237
S45G01N10,2024-2025,20241024,367,away,16,8,2,17,10,27,1,33,12,9,2,0,0,12,6,3,6,42,14,12,8,36,54,3,0,6,1397,0,0,0,6,-27.114820050016306,38.07106598984772,35.714285714285715,37,11.26126126126126,34.48275862068966,50.0,57.142857142857146,1.3333333333333333,2,1,0,74.5597709377237,64,9,4,19,4,23,1,21,10,19,7,0,0,8,7,0,0,40,17,15,8,48,48,2,0,4,1397,0,0,0,4,27.114820050016306,55.147058823529406,51.25,59,8.417508417508417,19.047619047619047,87.5,52.94117647058823,2.25,2,1,15,74.5597709377237
S45G01N10,2024-2025,20241024,368,away,16,8,2,17,10,27,1,34,12,9,2,0,0,12,6,3,6,43,14,12,8,36,55,3,0,6,1400,0,0,0,6,-28.993304638928734,37.28251864125932,34.883720930232556,36,11.05379513633014,34.48275862068966,50.0,57.142857142857146,1.3333333333333333,2,1,0,75.25714285714287,64,9,4,19,4,23,1,21,10,19,7,0,0,8,7,0,0,40,17,15,8,48,48,2,0,4,1400,0,0,0,4,28.993304638928734,55.147058823529406,51.25,59,8.417508417508417,19.047619047619047,87.5,52.94117647058823,2.25,2,1,15,75.25714285714287
S45G01N10,2024-2025,20241024,369,away,16,8,2,17,10,27,1,34,12,9,2,0,0,12,6,3,6,43,14,12,8,36,55,3,0,6,1401,0,0,0,6,-28.993304638928734,37.28251864125932,34.883720930232556,36,11.05379513633014,33.333333333333336,50.0,57.142857142857146,1.3333333333333333,2,1,0,75.20342612419701,64,9,4,20,4,24,1,21,10,19,7,0,0,8,7,0,0,40,17,15,8,48,48,2,0,4,1401,0,0,0,4,28.993304638928734,55.147058823529406,51.25,60,8.417508417508417,19.047619047619047,87.5,52.94117647058823,2.25,2,1,15,75.20342612419701
S45G01N10,2024-2025,20241024,370,away,16,8,2,17,10,27,1,34,12,9,2,0,0,12,6,3,6,43,14,12,8,36,55,3,0,6,1417,0,0,0,6,-31.008261565095438,37.28251864125932,34.883720930232556,36,11.05379513633014,33.333333333333336,50.0,57.142857142857146,1.3333333333333333,2,1,0,75.20112914608329,64,9,4,20,4,24,1,22,11,19,7,0,0,8,7,0,0,41,18,15,8,50,49,2,0,4,1417,0,0,0,4,31.008261565095438,56.15453728661276,52.4390243902439,62,8.244023083264633,19.047619047619047,87.5,50.0,2.25,2,1,15,75.20112914608329
S45G01N10,2024-2025,20241024,371,away,16,8,2,17,10,27,1,34,12,9,2,0,0,12,6,3,6,43,14,12,8,36,55,3,0,6,1417,0,0,0,6,-31.008261565095438,37.28251864125932,34.883720930232556,36,11.05379513633014,33.333333333333336,50.0,57.142857142857146,1.3333333333333333,2,1,0,75.20112914608329,64,10,4,20,4,24,1,22,11,19,7,0,0,8,7,0,0,41,18,15,8,50,49,2,0,4,1417,0,0,0,4,31.008261565095438,56.15453728661276,52.4390243902439,63,8.244023083264633,19.047619047619047,87.5,55.55555555555556,2.5,2,1,15,75.20112914608329
S45G01N10,2024-2025,20241024,372,away,16,8,2,17,10,27,1,34,12,9,2,0,0,12,6,3,6,43,14,12,8,36,55,3,0,7,1419,0,0,0,7,-32.80377421986863,37.28251864125932,34.883720930232556,35,12.662807525325615,33.333333333333336,50.0,57.142857142857146,1.1428571428571428,2,1,0,75.94080338266386,64,10,4,20,4,24,1,22,11,19,7,0,0,8,7,0,0,41,18,15,8,50,49,2,0,4,1419,0,0,0,4,32.80377421986863,56.15453728661276,52.4390243902439,63,8.244023083264633,19.047619047619047,87.5,55.55555555555556,2.5,2,1,15,75.94080338266386
S45G01N10,2024-2025,20241024,373,away,16,8,2,17,10,27,1,34,12,9,2,0,0,12,6,3,6,43,14,12,8,36,55,3,0,7,1437,0,0,0,7,-30.33652741465717,37.28251864125932,34.883720930232556,35,12.662807525325615,33.333333333333336,50.0,57.142857142857146,1.1428571428571428,2,1,0,75.82463465553236,64,10,4,20,4,24,1,22,11,20,7,0,0,8,7,0,0,42,18,15,8,50,50,2,0,4,1437,0,0,0,4,30.33652741465717,54.92091388400703,51.19047619047619,62,8.077544426494345,19.047619047619047,87.5,55.55555555555556,2.5,2,1,15,75.82463465553236
S45G01N10,2024-2025,20241024,374,away,16,8,2,18,10,28,1,34,12,9,2,0,0,12,6,3,6,43,14,12,8,36,55,3,0,7,1438,0,0,0,7,-30.33652741465717,37.28251864125932,34.883720930232556,36,12.662807525325615,33.333333333333336,50.0,57.142857142857146,1.1428571428571428,2,1,0,75.77190542420028,64,10,4,20,4,24,1,22,11,20,7,0,0,8,7,0,0,42,18,15,8,50,50,2,0,4,1438,0,0,0,4,30.33652741465717,54.92091388400703,51.19047619047619,62,8.077544426494345,18.181818181818183,87.5,55.55555555555556,2.5,2,1,15,75.77190542420028
S45G01N10,2024-2025,20241024,375,away,16,8,2,18,10,28,1,35,12,9,2,0,0,12,6,3,6,44,14,12,8,36,56,3,0,7,1442,0,0,0,7,-32.05444660984638,36.52597402597402,34.09090909090909,35,12.43781094527363,33.333333333333336,50.0,57.142857142857146,1.1428571428571428,2,1,0,76.39389736477116,64,10,4,20,4,24,1,22,11,20,7,0,0,8,7,0,0,42,18,15,8,50,50,2,0,4,1442,0,0,0,4,32.05444660984638,54.92091388400703,51.19047619047619,62,8.077544426494345,18.181818181818183,87.5,55.55555555555556,2.5,2,1,15,76.39389736477116
S45G01N10,2024-2025,20241024,376,away,16,8,2,18,10,28,1,35,12,9,2,0,0,12,6,3,6,44,14,12,8,36,56,3,0,7,1443,0,0,0,7,-32.05444660984638,36.52597402597402,34.09090909090909,35,12.43781094527363,32.25806451612903,50.0,57.142857142857146,1.1428571428571428,2,1,0,76.34095634095635,64,10,4,21,4,25,1,22,11,20,7,0,0,8,7,0,0,42,18,15,8,50,50,2,0,4,1443,0,0,0,4,32.05444660984638,54.92091388400703,51.19047619047619,63,8.077544426494345,18.181818181818183,87.5,55.55555555555556,2.5,2,1,15,76.34095634095635
S45G01N10,2024-2025,20241024,377,away,16,8,2,18,10,28,1,35,12,9,2,0,0,12,6,3,6,44,14,13,9,36,56,3,0,7,1446,0,0,0,7,-32.05444660984638,36.52597402597402,34.09090909090909,35,12.43781094527363,32.25806451612903,50.0,57.142857142857146,1.1428571428571428,2,1,0,76.1825726141079,64,10,4,21,4,25,1,22,11,20,7,0,0,8,7,0,0,42,18,15,8,50,50,2,0,4,1446,0,0,0,4,32.05444660984638,54.92091388400703,51.19047619047619,63,8.077544426494345,18.181818181818183,87.5,55.55555555555556,2.5,2,1,15,76.1825726141079
S45G01N10,2024-2025,20241024,378,away,16,8,2,18,10,28,1,35,12,9,2,0,0,12,6,3,6,44,14,13,9,36,56,3,0,7,1446,0,0,0,7,-32.05444660984638,36.52597402597402,34.09090909090909,35,12.43781094527363,32.25806451612903,50.0,57.142857142857146,1.1428571428571428,2,1,0,76.1825726141079,64,10,4,21,4,25,1,22,11,20,7,0,0,8,7,0,0,42,18,15,8,50,50,2,0,4,1446,0,0,0,4,32.05444660984638,54.92091388400703,51.19047619047619,63,8.077544426494345,18.181818181818183,87.5,55.55555555555556,2.5,2,1,15,76.1825726141079
S45G01N10,2024-2025,20241024,379,away,16,8,2,18,10,28,1,35,12,9,2,0,0,12,6,3,6,44,14,13,9,36,56,3,0,7,1446,0,0,0,7,-32.05444660984638,36.52597402597402,34.09090909090909,35,12.43781094527363,32.25806451612903,50.0,57.142857142857146,1.1428571428571428,2,1,0,76.1825726141079,64,10,4,21,4,25,1,22,11,20,7,0,0,8,7,0,0,42,18,15,8,50,50,2,0,4,1446,0,0,0,4,32.05444660984638,54.92091388400703,51.19047619047619,63,8.077544426494345,18.181818181818183,87.5,55.55555555555556,2.5,2,1,15,76.1825726141079
S45G01N10,2024-2025,20241024,380,away,16,8,2,18,10,28,1,35,12,9,2,0,0,12,6,3,6,44,14,13,9,36,56,3,0,7,1446,0,0,0,7,-32.05444660984638,36.52597402597402,34.09090909090909,35,12.43781094527363,32.25806451612903,50.0,57.142857142857146,1.1428571428571428,2,1,0,76.1825726141079,64,10,4,21,4,25,1,22,11,20,7,0,0,8,7,0,0,42,18,15,8,50,50,2,0,4,1446,0,0,0,4,32.05444660984638,54.92091388400703,51.19047619047619,63,8.077544426494345,18.181818181818183,87.5,55.55555555555556,2.5,2,1,15,76.1825726141079
S45G01N10,2024-2025,20241024,381,away,16,8,2,18,10,28,1,35,12,9,2,0,0,12,6,3,6,44,14,13,9,36,56,3,0,7,1446,0,0,0,7,-32.05444660984638,36.52597402597402,34.09090909090909,35,12.43781094527363,32.25806451612903,50.0,57.142857142857146,1.1428571428571428,2,1,0,76.1825726141079,64,10,4,21,4,25,1,22,11,20,7,0,0,8,7,0,0,42,18,15,8,50,50,2,0,4,1446,0,0,0,4,32.05444660984638,54.92091388400703,51.19047619047619,63,8.077544426494345,18.181818181818183,87.5,55.55555555555556,2.5,2,1,15,76.1825726141079
S45G01N10,2024-2025,20241024,382,away,16,8,2,18,10,28,1,35,12,9,2,0,0,12,6,3,6,44,14,13,9,36,56,3,0,7,1446,0,0,0,7,-32.05444660984638,36.52597402597402,34.09090909090909,35,12.43781094527363,32.25806451612903,50.0,57.142857142857146,1.1428571428571428,2,1,0,76.1825726141079,64,10,4,21,4,25,1,22,11,20,7,0,0,8,7,0,0,42,18,15,8,50,50,2,0,4,1446,0,0,0,4,32.05444660984638,54.92091388400703,51.19047619047619,63,8.077544426494345,18.181818181818183,87.5,55.55555555555556,2.5,2,1,15,76.1825726141079
S45G01N10,2024-2025,20241024,383,away,16,8,2,18,10,28,1,35,12,9,2,0,0,12,6,3,6,44,14,13,9,36,56,3,0,7,1454,0,0,0,7,-36.14211153314788,36.52597402597402,34.09090909090909,35,12.43781094527363,32.25806451612903,50.0,57.142857142857146,1.1428571428571428,5,1,0,76.58872077028887,64,10,4,21,4,25,1,22,11,21,8,0,0,8,7,0,0,43,19,15,8,53,51,2,0,4,1454,0,0,0,4,36.14211153314788,56.96474634565778,53.48837209302326,66,7.91765637371338,18.181818181818183,87.5,52.63157894736842,2.5,5,1,17,76.58872077028887
S45G01N10,2024-2025,20241024,384,away,16,8,2,18,10,28,1,36,12,9,2,0,0,12,6,3,6,45,14,13,9,36,57,3,0,7,1478,0,0,0,7,-37.787360711620124,35.79952267303103,33.333333333333336,34,12.220670391061452,32.25806451612903,50.0,57.142857142857146,1.1428571428571428,5,1,0,76.15696887686063,64,10,4,21,4,25,1,22,11,21,8,0,0,8,7,0,0,43,19,15,8,53,51,2,0,4,1478,0,0,0,4,37.787360711620124,56.96474634565778,53.48837209302326,66,7.91765637371338,18.181818181818183,87.5,52.63157894736842,2.5,5,1,17,76.15696887686063
S45G01N10,2024-2025,20241024,385,away,16,8,2,18,11,29,1,36,12,9,2,0,0,12,6,3,6,45,14,13,9,36,57,3,0,7,1479,0,0,0,7,-36.14211153314788,35.79952267303103,33.333333333333336,35,12.220670391061452,34.375,50.0,57.142857142857146,1.1428571428571428,5,1,0,75.29411764705883,64,10,4,21,4,25,1,22,11,21,8,0,0,8,7,0,0,43,19,15,8,53,51,2,0,4,1479,0,0,0,4,36.14211153314788,56.96474634565778,53.48837209302326,66,7.91765637371338,18.181818181818183,87.5,52.63157894736842,2.5,5,1,17,75.29411764705883
S45G01N10,2024-2025,20241024,386,away,16,8,2,18,11,29,1,36,12,10,2,0,0,12,6,3,6,46,14,13,9,36,58,3,0,7,1482,0,0,0,7,-37.787360711620124,35.101404056162245,32.608695652173914,34,12.010981468771448,34.375,50.0,57.142857142857146,1.1428571428571428,5,1,0,75.9514170040486,64,10,4,21,4,25,1,22,11,21,8,0,0,8,7,0,0,43,19,15,8,53,51,2,0,4,1482,0,0,0,4,37.787360711620124,56.96474634565778,53.48837209302326,66,7.91765637371338,18.181818181818183,87.5,52.63157894736842,2.5,5,1,17,75.9514170040486
S45G01N10,2024-2025,20241024,387,away,16,8,2,18,11,29,1,36,12,10,2,0,0,12,6,3,6,46,14,13,9,36,58,3,0,7,1482,0,0,0,7,-37.787360711620124,35.101404056162245,32.608695652173914,34,12.010981468771448,34.375,50.0,57.142857142857146,1.1428571428571428,5,1,0,75.9514170040486,64,10,4,21,4,25,2,22,11,21,8,0,0,8,7,0,0,43,19,15,8,53,51,2,0,4,1482,0,0,0,4,37.787360711620124,56.96474634565778,53.48837209302326,67,7.91765637371338,18.181818181818183,87.5,52.63157894736842,2.5,5,1,17,75.9514170040486
S45G01N10,2024-2025,20241024,388,away,16,8,2,18,11,29,1,36,12,10,2,0,0,12,6,3,6,46,14,13,9,36,58,3,0,7,1482,0,0,0,7,-37.787360711620124,35.101404056162245,32.608695652173914,34,12.010981468771448,34.375,50.0,57.142857142857146,1.1428571428571428,5,1,0,75.9514170040486,64,10,4,21,4,25,2,22,11,21,8,0,0,8,7,0,0,43,19,15,8,53,51,2,0,4,1482,0,0,0,4,37.787360711620124,56.96474634565778,53.48837209302326,67,7.91765637371338,18.181818181818183,87.5,52.63157894736842,2.5,5,1,17,75.9514170040486
S45G01N10,2024-2025,20241024,389,away,16,8,2,18,11,29,1,36,12,10,2,0,0,12,6,3,6,46,14,13,9,36,58,3,0,7,1482,0,0,0,7,-37.787360711620124,35.101404056162245,32.608695652173914,34,12.010981468771448,34.375,50.0,57.142857142857146,1.1428571428571428,5,1,0,75.9514170040486,64,10,4,21,4,25,2,22,11,21,8,0,0,8,7,0,0,43,19,15,8,53,51,2,0,4,1482,0,0,0,4,37.787360711620124,56.96474634565778,53.48837209302326,67,7.91765637371338,18.181818181818183,87.5,52.63157894736842,2.5,5,1,17,75.9514170040486
S45G01N10,2024-2025,20241024,390,away,16,8,2,18,11,29,1,36,12,10,2,0,0,12,6,3,6,46,14,13,9,36,58,3,0,7,1482,0,0,0,7,-37.787360711620124,35.101404056162245,32.608695652173914,34,12.010981468771448,34.375,50.0,57.142857142857146,1.1428571428571428,5,1,0,75.9514170040486,64,10,4,21,4,25,2,22,11,21,8,0,0,8,7,0,0,43,19,15,8,53,51,2,0,4,1482,0,0,0,4,37.787360711620124,56.96474634565778,53.48837209302326,67,7.91765637371338,18.181818181818183,87.5,52.63157894736842,2.5,5,1,17,75.9514170040486
S45G01N10,2024-2025,20241024,391,away,16,8,2,18,11,29,1,36,12,10,2,0,0,12,6,3,6,46,14,13,9,36,58,3,0,7,1482,0,0,0,7,-37.787360711620124,35.101404056162245,32.608695652173914,34,12.010981468771448,34.375,50.0,57.142857142857146,1.1428571428571428,5,1,0,75.9514170040486,64,10,4,21,4,25,2,22,11,21,8,0,0,8,7,0,0,43,19,15,8,53,51,2,0,4,1482,0,0,0,4,37.787360711620124,56.96474634565778,53.48837209302326,67,7.91765637371338,18.181818181818183,87.5,52.63157894736842,2.5,5,1,17,75.9514170040486
S45G01N10,2024-2025,20241024,392,away,16,8,2,18,11,29,1,36,12,10,2,0,0,12,6,3,6,46,14,13,9,36,58,3,0,7,1507,0,0,0,7,-35.389854552291084,35.101404056162245,32.608695652173914,34,12.010981468771448,34.375,50.0,57.142857142857146,1.1428571428571428,5,1,0,75.48772395487724,64,10,4,21,4,25,2,23,11,21,8,0,0,8,7,0,0,44,19,15,8,53,52,2,0,4,1507,0,0,0,4,35.389854552291084,55.76599326599326,52.27272727272727,66,7.763975155279502,18.181818181818183,87.5,52.63157894736842,2.5,5,1,17,75.48772395487724
S45G01N10,2024-2025,20241024,393,away,16,8,2,19,11,30,1,36,12,10,2,0,0,12,6,3,6,46,14,13,9,36,58,3,0,7,1509,0,0,0,7,-35.389854552291084,35.101404056162245,32.608695652173914,35,12.010981468771448,34.375,50.0,57.142857142857146,1.1428571428571428,5,1,0,75.38767395626243,64,10,4,21,4,25,2,23,11,21,8,0,0,8,7,0,0,44,19,15,8,53,52,2,0,4,1509,0,0,0,4,35.389854552291084,55.76599326599326,52.27272727272727,66,7.763975155279502,17.391304347826086,87.5,52.63157894736842,2.5,5,1,17,75.38767395626243
S45G01N10,2024-2025,20241024,394,away,16,8,2,19,11,30,1,37,13,10,2,0,0,12,6,3,6,47,15,13,9,38,59,3,0,7,1518,0,0,0,7,-32.82444717821684,36.342769701606734,34.04255319148936,37,11.808367071524966,34.375,50.0,53.333333333333336,1.1428571428571428,2,1,0,75.7312252964427,64,10,4,21,4,25,2,23,11,21,8,0,0,8,7,0,0,44,19,15,8,53,52,2,0,4,1518,0,0,0,4,32.82444717821684,55.76599326599326,52.27272727272727,66,7.763975155279502,17.391304347826086,87.5,52.63157894736842,2.5,2,1,17,75.7312252964427
S45G01N10,2024-2025,20241024,395,away,16,9,2,19,11,30,1,37,13,10,2,0,0,12,6,3,6,47,15,13,9,38,59,3,0,7,1518,0,0,0,7,-32.82444717821684,36.342769701606734,34.04255319148936,38,11.808367071524966,34.375,50.0,60.0,1.2857142857142858,2,1,0,75.7312252964427,64,10,4,21,4,25,2,23,11,21,8,0,0,8,7,0,0,44,19,15,8,53,52,2,0,4,1518,0,0,0,4,32.82444717821684,55.76599326599326,52.27272727272727,66,7.763975155279502,17.391304347826086,87.5,52.63157894736842,2.5,2,1,17,75.7312252964427
S45G01N10,2024-2025,20241024,396,away,16,9,2,19,11,30,1,37,13,10,2,0,0,12,6,3,6,47,15,13,9,38,59,3,0,7,1540,0,0,0,7,-34.647778041119025,36.342769701606734,34.04255319148936,38,11.808367071524966,34.375,50.0,60.0,1.2857142857142858,2,1,0,75.42857142857144,64,10,4,21,4,25,2,24,12,21,8,0,0,8,7,0,0,45,20,15,8,55,53,2,0,4,1540,0,0,0,4,34.647778041119025,56.67765869744435,53.333333333333336,68,7.616146230007615,17.391304347826086,87.5,50.0,2.5,2,1,17,75.42857142857144
S45G01N10,2024-2025,20241024,397,away,16,9,2,19,11,30,1,37,13,10,2,0,0,12,6,3,6,47,15,13,9,38,59,3,0,7,1540,0,0,0,7,-34.647778041119025,36.342769701606734,34.04255319148936,38,11.808367071524966,34.375,50.0,60.0,1.2857142857142858,2,1,0,75.42857142857144,64,11,4,21,4,25,2,24,12,21,8,0,0,8,7,0,0,45,20,15,8,55,53,2,0,4,1540,0,0,0,4,34.647778041119025,56.67765869744435,53.333333333333336,69,7.616146230007615,17.391304347826086,87.5,55.0,2.75,2,1,17,75.42857142857144
S45G01N10,2024-2025,20241024,398,away,16,9,2,19,11,30,1,37,13,11,3,0,0,12,6,3,6,48,16,13,9,41,60,3,0,7,1560,0,0,0,7,-30.15726544683676,38.47597597597598,36.458333333333336,41,11.61247511612475,34.375,50.0,56.25,1.2857142857142858,3,1,0,75.23076923076924,64,11,4,21,4,25,2,24,12,21,8,0,0,8,7,0,0,45,20,15,8,55,53,2,0,4,1560,0,0,0,4,30.15726544683676,56.67765869744435,53.333333333333336,69,7.616146230007615,17.391304347826086,87.5,55.0,2.75,3,1,17,75.23076923076924
S45G01N10,2024-2025,20241024,399,away,16,10,2,19,11,30,1,37,13,11,3,0,0,12,6,3,6,48,16,13,9,41,60,3,0,7,1560,0,0,0,7,-30.15726544683676,38.47597597597598,36.458333333333336,42,11.61247511612475,34.375,50.0,62.5,1.4285714285714286,3,1,0,75.23076923076924,64,11,4,21,4,25,2,24,12,21,8,0,0,8,7,0,0,45,20,15,8,55,53,2,0,4,1560,0,0,0,4,30.15726544683676,56.67765869744435,53.333333333333336,69,7.616146230007615,17.391304347826086,87.5,55.0,2.75,3,1,17,75.23076923076924
S45G01N10,2024-2025,20241024,400,away,16,10,2,19,11,30,1,37,13,11,3,0,0,12,6,3,6,48,16,13,9,41,60,3,0,7,1583,0,0,0,7,-27.8681839162453,38.47597597597598,36.458333333333336,42,11.61247511612475,34.375,50.0,62.5,1.4285714285714286,3,1,0,74.89576753000632,64,11,4,21,4,25,2,25,12,21,8,0,0,8,7,0,0,46,20,15,8,55,54,2,0,4,1583,0,0,0,4,27.8681839162453,55.53311793214862,52.17391304347826,68,7.473841554559043,17.391304347826086,87.5,55.0,2.75,3,1,17,74.89576753000632
S45G01N10,2024-2025,20241024,401,away,16,10,2,19,11,30,1,37,13,11,3,0,0,12,6,3,6,48,16,13,9,41,60,3,0,7,1585,0,0,0,7,-30.15726544683676,38.47597597597598,36.458333333333336,42,11.61247511612475,34.375,50.0,62.5,1.4285714285714286,3,1,0,74.0441640378549,64,11,4,21,5,26,2,25,12,21,8,0,0,8,7,0,0,46,20,15,8,55,54,2,0,4,1585,0,0,0,4,30.15726544683676,55.53311793214862,52.17391304347826,69,7.473841554559043,20.833333333333332,87.5,55.0,2.75,3,1,17,74.0441640378549
S45G01N10,2024-2025,20241024,402,away,16,10,2,19,11,30,1,37,13,11,3,0,0,12,6,3,6,48,16,13,9,41,60,3,0,7,1586,0,0,0,7,-27.8681839162453,38.47597597597598,36.458333333333336,42,11.61247511612475,34.375,50.0,62.5,1.4285714285714286,3,1,0,74.75409836065575,64,11,4,21,5,26,2,26,12,21,8,0,0,8,7,0,0,47,20,15,8,55,55,2,0,4,1586,0,0,0,4,27.8681839162453,54.43388756927949,51.06382978723404,68,7.336757153338224,20.833333333333332,87.5,55.0,2.75,3,1,17,74.75409836065575
S45G01N10,2024-2025,20241024,403,away,16,10,2,20,11,31,1,37,13,11,3,0,0,12,6,3,6,48,16,13,9,41,60,3,0,7,1587,0,0,0,7,-27.8681839162453,38.47597597597598,36.458333333333336,43,11.61247511612475,34.375,50.0,62.5,1.4285714285714286,3,1,0,74.7069943289225,64,11,4,21,5,26,2,26,12,21,8,0,0,8,7,0,0,47,20,15,8,55,55,2,0,4,1587,0,0,0,4,27.8681839162453,54.43388756927949,51.06382978723404,68,7.336757153338224,20.0,87.5,55.0,2.75,3,1,17,74.7069943289225
S45G01N10,2024-2025,20241024,404,away,16,10,2,20,11,31,1,37,13,11,3,0,0,12,6,3,6,48,16,13,9,41,60,3,0,7,1591,0,0,0,7,-27.8681839162453,38.47597597597598,36.458333333333336,43,11.61247511612475,34.375,50.0,62.5,1.4285714285714286,3,1,0,74.51917033312384,64,11,4,21,5,26,2,26,12,21,8,0,0,8,7,0,0,47,20,16,9,55,55,2,0,4,1591,0,0,0,4,27.8681839162453,54.43388756927949,51.06382978723404,68,7.336757153338224,20.0,87.5,55.0,2.75,3,1,17,74.51917033312384
S45G01N10,2024-2025,20241024,405,away,16,10,2,20,11,31,1,37,13,11,3,0,0,12,6,3,6,48,16,13,9,41,60,3,0,7,1591,0,0,0,7,-27.8681839162453,38.47597597597598,36.458333333333336,43,11.61247511612475,34.375,50.0,62.5,1.4285714285714286,3,1,0,74.51917033312384,64,11,4,21,5,26,2,26,12,21,8,0,0,8,7,0,0,47,20,16,9,55,55,2,0,4,1591,0,0,0,4,27.8681839162453,54.43388756927949,51.06382978723404,68,7.336757153338224,20.0,87.5,55.0,2.75,3,1,17,74.51917033312384
S45G01N10,2024-2025,20241024,406,away,16,10,2,20,11,31,1,37,13,11,3,0,0,12,6,3,6,48,16,13,9,41,60,3,0,7,1591,0,0,0,7,-27.8681839162453,38.47597597597598,36.458333333333336,43,11.61247511612475,34.375,50.0,62.5,1.4285714285714286,3,1,0,74.51917033312384,64,11,4,21,5,26,2,26,12,21,8,0,0,8,7,0,0,47,20,16,9,55,55,2,0,4,1591,0,0,0,4,27.8681839162453,54.43388756927949,51.06382978723404,68,7.336757153338224,20.0,87.5,55.0,2.75,3,1,17,74.51917033312384
S45G01N10,2024-2025,20241024,407,away,16,10,2,20,11,31,1,37,13,11,3,0,0,12,6,3,6,48,16,13,9,41,60,3,0,7,1591,0,0,0,7,-27.8681839162453,38.47597597597598,36.458333333333336,43,11.61247511612475,34.375,50.0,62.5,1.4285714285714286,3,1,0,74.51917033312384,64,11,4,21,5,26,2,26,12,21,8,0,0,8,7,0,0,47,20,16,9,55,55,2,0,4,1591,0,0,0,4,27.8681839162453,54.43388756927949,51.06382978723404,68,7.336757153338224,20.0,87.5,55.0,2.75,3,1,17,74.51917033312384
S45G01N10,2024-2025,20241024,408,away,16,10,2,20,11,31,1,37,13,11,3,0,0,12,6,3,6,48,16,13,9,41,60,3,0,7,1591,0,0,0,7,-27.8681839162453,38.47597597597598,36.458333333333336,43,11.61247511612475,34.375,50.0,62.5,1.4285714285714286,3,1,0,74.51917033312384,64,11,4,21,5,26,2,26,12,21,8,0,0,8,7,0,0,47,20,16,9,55,55,2,0,4,1591,0,0,0,4,27.8681839162453,54.43388756927949,51.06382978723404,68,7.336757153338224,20.0,87.5,55.0,2.75,3,1,17,74.51917033312384
S45G01N10,2024-2025,20241024,409,away,16,10,2,20,11,31,1,37,13,11,3,0,0,12,6,3,6,48,16,13,9,41,60,3,0,7,1591,0,0,0,7,-27.8681839162453,38.47597597597598,36.458333333333336,43,11.61247511612475,34.375,50.0,62.5,1.4285714285714286,3,1,0,74.51917033312384,64,11,4,21,5,26,2,26,12,21,8,0,0,8,7,0,0,47,20,16,9,55,55,2,0,4,1591,0,0,0,4,27.8681839162453,54.43388756927949,51.06382978723404,68,7.336757153338224,20.0,87.5,55.0,2.75,3,1,17,74.51917033312384
S45G01N10,2024-2025,20241024,410,away,16,10,2,20,11,31,1,37,13,11,3,0,0,12,6,3,6,48,16,13,9,41,60,3,0,7,1591,0,0,0,7,-27.8681839162453,38.47597597597598,36.458333333333336,43,11.61247511612475,34.375,50.0,62.5,1.4285714285714286,3,1,0,74.51917033312384,64,11,4,21,5,26,2,26,12,21,8,0,0,8,7,0,0,47,20,16,9,55,55,2,0,4,1591,0,0,0,4,27.8681839162453,54.43388756927949,51.06382978723404,68,7.336757153338224,20.0,87.5,55.0,2.75,3,1,17,74.51917033312384
S45G01N10,2024-2025,20241024,411,away,16,10,2,20,11,31,1,37,13,11,3,0,0,12,6,3,6,48,16,13,9,41,60,3,0,7,1591,0,0,0,7,-27.8681839162453,38.47597597597598,36.458333333333336,43,11.61247511612475,34.375,50.0,62.5,1.4285714285714286,3,1,0,74.51917033312384,64,11,4,21,5,26,2,26,12,21,8,0,0,8,7,0,0,47,20,16,9,55,55,2,0,4,1591,0,0,0,4,27.8681839162453,54.43388756927949,51.06382978723404,68,7.336757153338224,20.0,87.5,55.0,2.75,3,1,17,74.51917033312384
S45G01N10,2024-2025,20241024,412,away,16,10,2,20,11,31,1,37,13,11,3,0,0,12,6,3,6,48,16,13,9,41,60,3,0,7,1591,0,0,0,7,-27.8681839162453,38.47597597597598,36.458333333333336,43,11.61247511612475,34.375,50.0,62.5,1.4285714285714286,3,1,0,74.51917033312384,64,11,4,21,5,26,2,26,12,21,8,0,0,8,7,0,0,47,20,16,9,55,55,2,0,4,1591,0,0,0,4,27.8681839162453,54.43388756927949,51.06382978723404,68,7.336757153338224,20.0,87.5,55.0,2.75,3,1,17,74.51917033312384
S45G01N10,2024-2025,20241024,413,away,16,10,2,20,11,31,1,37,13,11,3,0,0,12,6,3,6,48,16,13,9,41,60,3,0,7,1591,0,0,0,7,-27.8681839162453,38.47597597597598,36.458333333333336,43,11.61247511612475,34.375,50.0,62.5,1.4285714285714286,3,1,0,74.51917033312384,64,11,4,21,5,26,2,26,12,21,8,0,0,8,7,0,0,47,20,16,9,55,55,2,0,4,1591,0,0,0,4,27.8681839162453,54.43388756927949,51.06382978723404,68,7.336757153338224,20.0,87.5,55.0,2.75,3,1,17,74.51917033312384
S45G01N10,2024-2025,20241024,414,away,16,10,2,20,11,31,1,37,13,12,3,0,0,12,6,3,6,49,16,13,9,41,61,3,0,7,1599,0,0,0,7,-29.52287866461546,37.76713338246131,35.714285714285715,42,11.422976501305483,34.375,50.0,62.5,1.4285714285714286,3,1,0,74.89681050656661,64,11,4,21,5,26,2,26,12,21,8,0,0,8,7,0,0,47,20,16,9,55,55,2,0,4,1599,0,0,0,4,29.52287866461546,54.43388756927949,51.06382978723404,68,7.336757153338224,20.0,87.5,55.0,2.75,3,1,17,74.89681050656661
S45G01N10,2024-2025,20241024,415,away,16,10,2,20,11,31,1,37,13,12,3,0,0,12,6,3,6,49,16,13,9,41,61,3,0,7,1600,0,0,0,7,-29.52287866461546,37.76713338246131,35.714285714285715,42,11.422976501305483,33.333333333333336,50.0,62.5,1.4285714285714286,3,1,0,74.85000000000001,64,11,4,22,5,27,2,26,12,21,8,0,0,8,7,0,0,47,20,16,9,55,55,2,0,4,1600,0,0,0,4,29.52287866461546,54.43388756927949,51.06382978723404,69,7.336757153338224,20.0,87.5,55.0,2.75,3,1,17,74.85000000000001
S45G01N10,2024-2025,20241024,416,away,16,10,2,20,11,31,1,37,13,12,3,0,0,12,6,3,6,49,16,14,10,41,61,3,0,7,1600,0,0,0,7,-29.52287866461546,37.76713338246131,35.714285714285715,42,11.422976501305483,33.333333333333336,50.0,62.5,1.4285714285714286,3,1,0,74.85000000000001,64,11,4,22,5,27,2,26,12,21,8,0,0,8,7,0,0,47,20,16,9,55,55,2,0,4,1600,0,0,0,4,29.52287866461546,54.43388756927949,51.06382978723404,69,7.336757153338224,20.0,87.5,55.0,2.75,3,1,17,74.85000000000001
S45G01N10,2024-2025,20241024,417,away,16,10,2,20,11,31,1,37,13,12,3,0,0,12,6,3,6,49,16,14,10,41,61,3,0,7,1600,0,0,0,7,-29.52287866461546,37.76713338246131,35.714285714285715,42,11.422976501305483,33.333333333333336,50.0,62.5,1.4285714285714286,3,1,0,74.85000000000001,64,11,4,22,5,27,2,26,12,21,8,0,0,8,7,0,0,47,20,16,9,55,55,2,0,4,1600,0,0,0,4,29.52287866461546,54.43388756927949,51.06382978723404,69,7.336757153338224,20.0,87.5,55.0,2.75,3,1,17,74.85000000000001
S45G01N10,2024-2025,20241024,418,away,16,10,2,20,11,31,1,37,13,12,3,0,0,12,6,3,6,49,16,14,10,41,61,3,0,7,1620,0,0,0,7,-27.324417938877204,37.76713338246131,35.714285714285715,42,11.422976501305483,33.333333333333336,50.0,62.5,1.4285714285714286,3,1,0,74.66666666666667,64,11,4,22,5,27,2,27,12,21,8,0,0,8,7,0,0,48,20,16,9,55,56,2,0,4,1620,0,0,0,4,27.324417938877204,53.37732919254658,50.0,68,7.204610951008645,20.0,87.5,55.0,2.75,3,1,17,74.66666666666667
S45G01N10,2024-2025,20241024,419,away,16,10,2,21,11,32,1,37,13,12,3,0,0,12,6,3,6,49,16,14,10,41,61,3,0,7,1622,0,0,0,7,-27.324417938877204,37.76713338246131,35.714285714285715,43,11.422976501305483,33.333333333333336,50.0,62.5,1.4285714285714286,3,1,0,74.57459926017263,64,11,4,22,5,27,2,27,12,21,8,0,0,8,7,0,0,48,20,16,9,55,56,2,0,4,1622,0,0,0,4,27.324417938877204,53.37732919254658,50.0,68,7.204610951008645,19.23076923076923,87.5,55.0,2.75,3,1,17,74.57459926017263
S45G01N10,2024-2025,20241024,420,away,16,10,2,21,11,32,1,37,13,13,4,0,0,12,6,3,6,50,17,14,10,44,62,3,0,7,1630,0,0,0,7,-23.0643430012735,39.79739507959479,38.0,46,11.23956326268465,33.333333333333336,50.0,58.8235294117647,1.4285714285714286,6,1,0,74.94478527607363,64,11,4,22,5,27,2,27,12,21,8,0,0,8,7,0,0,48,20,16,9,55,56,2,0,4,1630,0,0,0,4,23.0643430012735,53.37732919254658,50.0,68,7.204610951008645,19.23076923076923,87.5,55.0,2.75,6,1,17,74.94478527607363
S45G01N10,2024-2025,20241024,421,away,16,11,2,21,11,32,1,37,13,13,4,0,0,12,6,3,6,50,17,14,10,44,62,3,0,7,1630,0,0,0,7,-23.0643430012735,39.79739507959479,38.0,47,11.23956326268465,33.333333333333336,50.0,64.70588235294117,1.5714285714285714,6,1,0,74.94478527607363,64,11,4,22,5,27,2,27,12,21,8,0,0,8,7,0,0,48,20,16,9,55,56,2,0,4,1630,0,0,0,4,23.0643430012735,53.37732919254658,50.0,68,7.204610951008645,19.23076923076923,87.5,55.0,2.75,6,1,17,74.94478527607363
S45G01N10,2024-2025,20241024,422,away,16,11,2,21,11,32,1,37,13,13,4,0,0,12,6,3,6,50,17,14,10,44,62,3,0,7,1648,0,0,0,7,-26.77420761426731,39.79739507959479,38.0,47,11.23956326268465,33.333333333333336,50.0,64.70588235294117,1.5714285714285714,3,1,0,74.85436893203884,64,11,4,22,5,27,2,27,12,22,9,0,0,8,7,0,0,49,21,16,9,58,57,2,0,4,1648,0,0,0,4,26.77420761426731,55.21706016755521,52.04081632653061,71,7.077140835102618,19.23076923076923,87.5,52.38095238095238,2.75,3,1,17,74.85436893203884
S45G01N10,2024-2025,20241024,423,away,16,11,2,21,11,32,1,37,13,14,4,0,0,12,6,3,6,51,17,14,10,44,63,3,0,7,1675,0,0,0,7,-28.415436232042467,39.09026297085998,37.254901960784316,46,11.061946902654867,33.333333333333336,50.0,64.70588235294117,1.5714285714285714,3,1,0,74.36417910447761,64,11,4,22,5,27,2,27,12,22,9,0,0,8,7,0,0,49,21,16,9,58,57,2,0,4,1675,0,0,0,4,28.415436232042467,55.21706016755521,52.04081632653061,71,7.077140835102618,19.23076923076923,87.5,52.38095238095238,2.75,3,1,17,74.36417910447761
S45G01N10,2024-2025,20241024,424,away,16,11,2,21,11,32,1,37,13,14,4,0,0,12,6,3,6,51,17,14,10,44,63,3,0,7,1675,0,0,0,7,-28.415436232042467,39.09026297085998,37.254901960784316,46,11.061946902654867,33.333333333333336,50.0,64.70588235294117,1.5714285714285714,3,1,0,74.36417910447761,64,11,4,22,5,27,2,27,12,22,9,0,0,8,7,0,0,49,21,16,9,58,57,2,1,4,1675,0,0,0,5,28.415436232042467,55.21706016755521,52.04081632653061,70,7.077140835102618,19.23076923076923,87.5,52.38095238095238,2.75,3,1,17,74.36417910447761
S45G01N10,2024-2025,20241024,425,away,16,11,2,21,11,32,1,37,13,14,4,0,0,12,6,3,6,51,17,14,10,44,63,3,0,7,1699,0,0,0,7,-26.271916815600093,39.09026297085998,37.254901960784316,46,11.061946902654867,33.333333333333336,50.0,64.70588235294117,1.5714285714285714,3,1,0,74.02001177163038,64,11,4,22,5,27,2,27,12,23,9,0,0,8,7,0,0,50,21,16,9,58,58,2,1,4,1699,0,0,0,5,26.271916815600093,54.18535127055306,51.0,69,6.954102920723226,19.23076923076923,87.5,52.38095238095238,2.75,3,1,17,74.02001177163038
S45G01N10,2024-2025,20241024,426,away,16,11,2,22,11,33,1,37,13,14,4,0,0,12,6,3,6,51,17,14,10,44,63,3,0,7,1701,0,0,0,7,-26.271916815600093,39.09026297085998,37.254901960784316,47,11.061946902654867,33.333333333333336,50.0,64.70588235294117,1.5714285714285714,3,1,0,73.93298059964727,64,11,4,22,5,27,2,27,12,23,9,0,0,8,7,0,0,50,21,16,9,58,58,2,1,4,1701,0,0,0,5,26.271916815600093,54.18535127055306,51.0,69,6.954102920723226,18.51851851851852,87.5,52.38095238095238,2.75,3,1,17,73.93298059964727
S45G01N10,2024-2025,20241024,427,away,16,11,2,22,11,33,1,38,14,14,4,0,0,12,6,3,6,52,18,14,10,46,64,3,0,7,1703,0,0,0,7,-24.09778399877409,40.1536312849162,38.46153846153846,49,10.88985687616677,33.333333333333336,50.0,61.111111111111114,1.5714285714285714,2,1,0,74.55079271873166,64,11,4,22,5,27,2,27,12,23,9,0,0,8,7,0,0,50,21,16,9,58,58,2,1,4,1703,0,0,0,5,24.09778399877409,54.18535127055306,51.0,69,6.954102920723226,18.51851851851852,87.5,52.38095238095238,2.75,2,1,17,74.55079271873166
S45G01N10,2024-2025,20241024,428,away,16,11,2,22,11,33,1,38,14,14,4,0,0,12,6,4,8,52,18,14,10,46,64,3,0,7,1703,0,0,0,7,-24.09778399877409,40.1536312849162,38.46153846153846,49,10.88985687616677,33.333333333333336,50.0,61.111111111111114,1.5714285714285714,2,1,0,74.55079271873166,64,11,4,22,5,27,2,27,12,23,9,0,0,8,7,0,0,50,21,16,9,58,58,2,1,4,1703,0,0,0,5,24.09778399877409,54.18535127055306,51.0,69,6.954102920723226,18.51851851851852,87.5,52.38095238095238,2.75,2,1,17,74.55079271873166
S45G01N10,2024-2025,20241024,429,away,16,11,2,22,11,33,1,38,14,14,4,0,0,12,6,4,8,52,18,14,10,46,64,3,0,7,1703,0,0,0,7,-24.09778399877409,40.1536312849162,38.46153846153846,49,10.88985687616677,33.333333333333336,50.0,61.111111111111114,1.5714285714285714,2,1,0,74.55079271873166,64,11,4,22,5,27,2,27,12,23,9,0,0,8,7,0,0,50,21,17,9,58,58,2,1,4,1703,0,0,0,5,24.09778399877409,54.18535127055306,51.0,69,6.954102920723226,18.51851851851852,87.5,52.38095238095238,2.75,2,1,17,74.55079271873166
S45G01N10,2024-2025,20241024,430,away,16,11,2,22,11,33,1,38,14,14,4,0,0,12,6,4,8,52,18,14,10,46,64,3,0,7,1703,0,0,0,7,-24.09778399877409,40.1536312849162,38.46153846153846,49,10.88985687616677,33.333333333333336,50.0,61.111111111111114,1.5714285714285714,2,1,0,74.55079271873166,64,11,4,22,5,27,2,27,12,23,9,0,0,8,7,0,0,50,21,17,9,58,58,2,1,4,1703,0,0,0,5,24.09778399877409,54.18535127055306,51.0,69,6.954102920723226,18.51851851851852,87.5,52.38095238095238,2.75,2,1,17,74.55079271873166
S45G01N10,2024-2025,20241024,431,away,16,11,2,22,11,33,1,38,14,14,4,0,0,12,6,4,8,52,18,14,10,46,64,3,0,7,1703,0,0,0,7,-24.09778399877409,40.1536312849162,38.46153846153846,49,10.88985687616677,33.333333333333336,50.0,61.111111111111114,1.5714285714285714,2,1,0,74.55079271873166,64,11,4,22,5,27,2,27,12,23,9,0,0,8,7,0,0,50,21,17,9,58,58,2,1,4,1703,0,0,0,5,24.09778399877409,54.18535127055306,51.0,69,6.954102920723226,18.51851851851852,87.5,52.38095238095238,2.75,2,1,17,74.55079271873166
S45G01N10,2024-2025,20241024,432,away,16,11,2,22,11,33,1,38,14,14,4,0,0,12,6,4,8,52,18,14,10,46,64,3,0,7,1703,0,0,0,7,-24.09778399877409,40.1536312849162,38.46153846153846,49,10.88985687616677,33.333333333333336,50.0,61.111111111111114,1.5714285714285714,2,1,0,74.55079271873166,64,11,4,22,5,27,2,27,12,23,9,0,0,8,7,0,0,50,21,17,9,58,58,2,1,4,1703,0,0,0,5,24.09778399877409,54.18535127055306,51.0,69,6.954102920723226,18.51851851851852,87.5,52.38095238095238,2.75,2,1,17,74.55079271873166
S45G01N10,2024-2025,20241024,433,away,16,11,2,22,11,33,1,38,14,14,4,0,0,13,7,4,8,52,18,14,10,47,65,3,0,7,1703,0,0,0,7,-22.94342785558696,40.713790713790715,38.46153846153846,50,10.815822002472189,33.333333333333336,53.84615384615385,61.111111111111114,1.5714285714285714,3,1,0,74.8608338226659,64,11,4,22,5,27,2,27,12,23,9,0,0,8,7,0,0,50,21,17,9,58,58,2,1,4,1703,0,0,0,5,22.94342785558696,54.18535127055306,51.0,69,6.954102920723226,18.51851851851852,87.5,52.38095238095238,2.75,3,1,17,74.8608338226659
S45G01N10,2024-2025,20241024,434,away,16,11,2,22,11,33,1,38,14,14,4,0,0,13,7,4,8,52,18,14,10,47,65,3,0,7,1713,0,0,0,7,-26.48539122750195,40.713790713790715,38.46153846153846,50,10.815822002472189,33.333333333333336,53.84615384615385,61.111111111111114,1.5714285714285714,3,1,0,75.12434325744309,64,11,4,22,5,27,2,27,12,24,10,0,0,8,7,0,0,51,22,17,9,61,59,2,1,4,1713,0,0,0,5,26.48539122750195,55.94277329420396,52.94117647058823,72,6.835269993164729,18.51851851851852,87.5,50.0,2.75,3,1,17,75.12434325744309
S45G01N10,2024-2025,20241024,435,away,16,11,2,22,11,33,1,38,14,14,4,0,0,13,7,4,8,52,18,14,10,47,65,3,0,7,1713,0,0,0,7,-26.48539122750195,40.713790713790715,38.46153846153846,50,10.815822002472189,33.333333333333336,53.84615384615385,61.111111111111114,1.5714285714285714,3,1,0,75.12434325744309,64,12,4,22,5,27,2,27,12,24,10,0,0,8,7,0,0,51,22,17,9,61,59,2,1,4,1713,0,0,0,5,26.48539122750195,55.94277329420396,52.94117647058823,73,6.835269993164729,18.51851851851852,87.5,54.54545454545455,3.0,3,1,17,75.12434325744309
S45G01N10,2024-2025,20241024,436,away,16,11,2,22,11,33,1,39,14,14,4,0,0,13,7,4,8,53,18,14,10,47,66,3,0,7,1727,0,0,0,7,-28.084270841528337,40.020435967302454,37.735849056603776,49,10.651247717589776,33.333333333333336,53.84615384615385,61.111111111111114,1.5714285714285714,3,1,0,75.21019108280255,64,12,4,22,5,27,2,27,12,24,10,0,0,8,7,0,0,51,22,17,9,61,59,2,1,4,1727,0,0,0,5,28.084270841528337,55.94277329420396,52.94117647058823,73,6.835269993164729,18.51851851851852,87.5,54.54545454545455,3.0,3,1,17,75.21019108280255
S45G01N10,2024-2025,20241024,437,away,16,11,2,22,11,33,1,39,14,14,4,0,0,13,7,4,8,53,18,14,10,47,66,3,0,7,1728,0,0,0,7,-28.084270841528337,40.020435967302454,37.735849056603776,49,10.651247717589776,33.333333333333336,53.84615384615385,61.111111111111114,1.5714285714285714,3,1,0,75.16666666666667,64,12,4,22,5,27,3,27,12,24,10,0,0,8,7,0,0,51,22,17,9,61,59,2,1,4,1728,0,0,0,5,28.084270841528337,55.94277329420396,52.94117647058823,74,6.835269993164729,18.51851851851852,87.5,54.54545454545455,3.0,3,1,17,75.16666666666667
S45G01N10,2024-2025,20241024,438,away,16,11,2,22,11,33,1,39,14,14,4,0,0,13,7,4,8,53,18,14,10,47,66,3,0,7,1748,0,0,0,7,-29.66211229957996,40.020435967302454,37.735849056603776,49,10.651247717589776,33.333333333333336,53.84615384615385,61.111111111111114,1.5714285714285714,5,1,0,74.99313501144165,64,12,4,22,5,27,3,28,13,24,10,0,0,8,7,0,0,52,23,17,9,63,60,2,1,4,1748,0,0,0,5,29.66211229957996,56.73631123919308,53.84615384615385,76,6.720430107526881,18.51851851851852,87.5,52.17391304347826,3.0,5,1,17,74.99313501144165
S45G01N10,2024-2025,20241024,439,away,16,11,2,22,11,33,1,39,14,14,4,0,0,13,7,4,8,53,18,15,11,47,66,3,0,7,1748,0,0,0,7,-29.66211229957996,40.020435967302454,37.735849056603776,49,10.651247717589776,33.333333333333336,53.84615384615385,61.111111111111114,1.5714285714285714,5,1,0,74.99313501144165,64,12,4,22,5,27,3,28,13,24,10,0,0,8,7,0,0,52,23,17,9,63,60,2,1,4,1748,0,0,0,5,29.66211229957996,56.73631123919308,53.84615384615385,76,6.720430107526881,18.51851851851852,87.5,52.17391304347826,3.0,5,1,17,74.99313501144165
S45G01N10,2024-2025,20241024,440,away,16,11,2,22,11,33,1,39,14,14,4,0,0,13,7,4,8,53,18,15,11,47,66,3,0,7,1748,0,0,0,7,-29.66211229957996,40.020435967302454,37.735849056603776,49,10.651247717589776,33.333333333333336,53.84615384615385,61.111111111111114,1.5714285714285714,5,1,0,74.99313501144165,64,12,4,22,5,27,3,28,13,24,10,0,0,8,7,0,0,52,23,17,9,63,60,2,1,4,1748,0,0,0,5,29.66211229957996,56.73631123919308,53.84615384615385,76,6.720430107526881,18.51851851851852,87.5,52.17391304347826,3.0,5,1,17,74.99313501144165
S45G01N10,2024-2025,20241024,441,away,16,11,2,22,11,33,1,39,14,14,4,0,0,13,7,4,8,53,18,15,11,47,66,3,0,7,1758,0,0,0,7,-31.183115088393407,40.020435967302454,37.735849056603776,49,10.651247717589776,33.333333333333336,53.84615384615385,61.111111111111114,1.5714285714285714,7,1,0,75.2491467576792,64,12,4,22,5,27,3,29,14,24,10,0,0,8,7,0,0,53,24,17,9,65,61,2,1,4,1758,0,0,0,5,31.183115088393407,57.50176928520877,54.716981132075475,78,6.609385327164573,18.51851851851852,87.5,50.0,3.0,7,1,18,75.2491467576792
S45G01N10,2024-2025,20241024,442,away,16,11,2,22,11,33,1,39,14,14,4,0,0,13,7,4,8,53,18,15,11,47,66,3,0,7,1758,0,0,0,7,-31.183115088393407,40.020435967302454,37.735849056603776,49,10.651247717589776,33.333333333333336,53.84615384615385,61.111111111111114,1.5714285714285714,7,1,0,75.2491467576792,64,12,4,22,5,27,3,29,14,24,10,0,0,8,7,0,0,53,24,17,9,65,61,2,1,4,1758,0,0,0,5,31.183115088393407,57.50176928520877,54.716981132075475,78,6.609385327164573,18.51851851851852,87.5,50.0,3.0,7,1,18,75.2491467576792
S45G01N10,2024-2025,20241024,443,away,16,11,2,22,11,33,1,40,14,14,4,0,0,13,7,4,8,54,18,15,11,47,67,3,0,7,1777,0,0,0,7,-32.7246049101001,39.350301406563965,37.03703703703704,48,10.491606714628297,33.333333333333336,53.84615384615385,61.111111111111114,1.5714285714285714,7,1,0,75.11986494091165,64,12,4,22,5,27,3,29,14,24,10,0,0,8,7,0,0,53,24,17,9,65,61,2,1,4,1777,0,0,0,5,32.7246049101001,57.50176928520877,54.716981132075475,78,6.609385327164573,18.51851851851852,87.5,50.0,3.0,7,1,18,75.11986494091165
S45G01N10,2024-2025,20241024,444,away,16,11,2,22,11,33,1,40,14,14,4,0,0,13,7,4,8,54,18,15,11,47,67,3,0,7,1778,0,0,0,7,-32.7246049101001,39.350301406563965,37.03703703703704,48,10.491606714628297,32.35294117647059,53.84615384615385,61.111111111111114,1.5714285714285714,7,1,0,75.07761529808774,64,12,4,23,5,28,3,29,14,24,10,0,0,8,7,0,0,53,24,17,9,65,61,2,1,4,1778,0,0,0,5,32.7246049101001,57.50176928520877,54.716981132075475,79,6.609385327164573,18.51851851851852,87.5,50.0,3.0,7,1,18,75.07761529808774
S45G01N10,2024-2025,20241024,445,away,16,11,2,22,11,33,1,40,14,14,4,0,0,13,7,4,8,54,18,15,11,47,67,3,0,7,1785,0,0,0,7,-34.19178594417848,39.350301406563965,37.03703703703704,48,10.491606714628297,32.35294117647059,53.84615384615385,61.111111111111114,1.5714285714285714,9,1,0,75.45546218487397,64,12,4,23,5,28,3,30,15,24,10,0,0,8,7,0,0,54,25,17,9,67,62,2,1,4,1785,0,0,0,5,34.19178594417848,58.24061196105702,55.55555555555556,81,6.501950585175552,18.51851851851852,87.5,48.0,3.0,9,1,20,75.45546218487397
S45G01N10,2024-2025,20241024,446,away,16,11,2,22,11,33,1,40,14,14,4,0,0,13,7,4,8,54,18,15,11,47,67,3,0,7,1785,0,0,0,7,-34.19178594417848,39.350301406563965,37.03703703703704,48,10.491606714628297,32.35294117647059,53.84615384615385,61.111111111111114,1.5714285714285714,9,1,0,75.45546218487397,64,13,4,23,5,28,3,30,15,24,10,0,0,8,7,0,0,54,25,17,9,67,62,2,1,4,1785,0,0,0,5,34.19178594417848,58.24061196105702,55.55555555555556,82,6.501950585175552,18.51851851851852,87.5,52.0,3.25,9,1,20,75.45546218487397
S45G01N10,2024-2025,20241024,447,away,16,11,2,22,11,33,1,40,14,14,4,0,0,13,7,4,8,54,18,16,11,47,67,3,0,7,1785,0,0,0,7,-34.19178594417848,39.350301406563965,37.03703703703704,48,10.491606714628297,32.35294117647059,53.84615384615385,61.111111111111114,1.5714285714285714,9,1,0,75.45546218487397,64,13,4,23,5,28,3,30,15,24,10,0,0,8,7,0,0,54,25,17,9,67,62,2,1,4,1785,0,0,0,5,34.19178594417848,58.24061196105702,55.55555555555556,82,6.501950585175552,18.51851851851852,87.5,52.0,3.25,9,1,20,75.45546218487397
S45G01N10,2024-2025,20241024,448,away,16,11,2,22,11,33,1,40,14,14,4,0,0,13,7,4,8,54,18,16,11,47,67,3,0,7,1785,0,0,0,7,-34.19178594417848,39.350301406563965,37.03703703703704,48,10.491606714628297,32.35294117647059,53.84615384615385,61.111111111111114,1.5714285714285714,9,1,0,75.45546218487397,64,13,4,23,5,28,3,30,15,24,10,0,0,8,7,0,0,54,25,17,9,67,62,2,1,4,1785,0,0,0,5,34.19178594417848,58.24061196105702,55.55555555555556,82,6.501950585175552,18.51851851851852,87.5,52.0,3.25,9,1,20,75.45546218487397
S45G01N10,2024-2025,20241024,449,away,16,11,2,22,11,33,1,40,14,14,4,0,0,13,7,4,8,54,18,16,11,47,67,3,0,7,1785,0,0,0,7,-34.19178594417848,39.350301406563965,37.03703703703704,48,10.491606714628297,32.35294117647059,53.84615384615385,61.111111111111114,1.5714285714285714,9,1,0,75.45546218487397,64,13,4,23,5,28,3,30,15,24,10,0,0,8,7,0,0,54,25,17,9,67,62,2,1,4,1785,0,0,0,5,34.19178594417848,58.24061196105702,55.55555555555556,82,6.501950585175552,18.51851851851852,87.5,52.0,3.25,9,1,20,75.45546218487397
S45G01N10,2024-2025,20241024,450,away,16,11,2,22,11,33,1,40,14,14,4,0,0,13,7,4,8,54,18,16,11,47,67,3,0,7,1785,0,0,0,7,-34.19178594417848,39.350301406563965,37.03703703703704,48,10.491606714628297,32.35294117647059,53.84615384615385,61.111111111111114,1.5714285714285714,9,1,0,75.45546218487397,64,13,4,23,5,28,3,30,15,24,10,0,0,8,7,0,0,54,25,17,9,67,62,2,1,4,1785,0,0,0,5,34.19178594417848,58.24061196105702,55.55555555555556,82,6.501950585175552,18.51851851851852,87.5,52.0,3.25,9,1,20,75.45546218487397
S45G01N10,2024-2025,20241024,451,away,16,11,2,22,11,33,1,40,14,14,4,0,0,13,7,4,8,54,18,16,11,47,67,3,0,7,1785,0,0,0,7,-35.03169942811972,39.350301406563965,37.03703703703704,48,10.491606714628297,32.35294117647059,53.84615384615385,61.111111111111114,1.5714285714285714,10,1,0,75.7512605042017,64,13,4,23,5,28,3,30,15,24,10,0,0,9,8,0,0,54,25,17,9,68,63,2,1,4,1785,0,0,0,5,35.03169942811972,58.66114561766736,55.55555555555556,83,6.455777921239509,18.51851851851852,88.88888888888889,52.0,3.25,10,1,21,75.7512605042017
S45G01N10,2024-2025,20241024,452,away,16,11,2,22,11,33,1,40,14,14,4,0,0,13,7,4,8,54,18,16,11,47,67,3,0,7,1785,0,0,0,7,-35.03169942811972,39.350301406563965,37.03703703703704,48,10.491606714628297,32.35294117647059,53.84615384615385,61.111111111111114,1.5714285714285714,10,1,0,75.7512605042017,64,13,4,23,5,28,3,30,15,24,10,0,0,9,8,0,0,54,25,17,9,68,63,2,1,4,1785,0,0,0,5,35.03169942811972,58.66114561766736,55.55555555555556,83,6.455777921239509,18.51851851851852,88.88888888888889,52.0,3.25,10,1,21,75.7512605042017
S45G01N10,2024-2025,20241024,453,away,16,11,2,22,11,33,1,40,14,14,4,0,0,13,7,4,8,54,18,16,11,47,67,3,0,7,1785,0,0,0,7,-35.03169942811972,39.350301406563965,37.03703703703704,48,10.491606714628297,32.35294117647059,53.84615384615385,61.111111111111114,1.5714285714285714,10,1,0,75.7512605042017,64,13,4,23,5,28,3,30,15,24,10,0,0,9,8,0,0,54,25,17,9,68,63,2,1,4,1785,0,0,0,5,35.03169942811972,58.66114561766736,55.55555555555556,83,6.455777921239509,18.51851851851852,88.88888888888889,52.0,3.25,10,1,21,75.7512605042017
S45G01N10,2024-2025,20241024,454,away,16,11,2,22,11,33,1,40,14,14,4,0,0,13,7,4,8,54,18,16,11,47,67,3,0,7,1785,0,0,0,7,-35.03169942811972,39.350301406563965,37.03703703703704,48,10.491606714628297,32.35294117647059,53.84615384615385,61.111111111111114,1.5714285714285714,10,1,0,75.7512605042017,64,13,4,23,5,28,3,30,15,24,10,0,0,9,8,0,0,54,25,17,9,68,63,2,1,4,1785,0,0,0,5,35.03169942811972,58.66114561766736,55.55555555555556,83,6.455777921239509,18.51851851851852,88.88888888888889,52.0,3.25,10,1,21,75.7512605042017
S45G01N10,2024-2025,20241024,455,away,16,11,2,22,11,33,1,40,14,14,4,0,0,13,7,4,8,54,18,16,11,47,67,3,0,7,1785,0,0,0,7,-35.03169942811972,39.350301406563965,37.03703703703704,48,10.491606714628297,32.35294117647059,53.84615384615385,61.111111111111114,1.5714285714285714,10,1,0,75.7512605042017,64,13,4,23,5,28,3,30,15,24,10,0,0,9,8,0,0,54,25,17,9,68,63,2,1,4,1785,0,0,0,5,35.03169942811972,58.66114561766736,55.55555555555556,83,6.455777921239509,18.51851851851852,88.88888888888889,52.0,3.25,10,1,21,75.7512605042017
S45G01N10,2024-2025,20241024,456,away,16,11,2,22,11,33,1,40,14,14,4,0,0,13,7,4,8,54,18,16,11,47,67,3,0,8,1793,0,0,0,8,-36.518834883757776,39.350301406563965,37.03703703703704,47,11.813349084465447,32.35294117647059,53.84615384615385,61.111111111111114,1.375,10,1,0,76.08254322364752,64,13,4,23,5,28,3,30,15,24,10,0,0,9,8,0,0,54,25,17,9,68,63,2,1,4,1793,0,0,0,5,36.518834883757776,58.66114561766736,55.55555555555556,83,6.455777921239509,18.51851851851852,88.88888888888889,52.0,3.25,10,1,21,76.08254322364752
S45G01N10,2024-2025,20241024,457,away,16,11,2,22,11,33,1,40,14,14,4,0,0,13,7,4,8,54,18,16,11,47,67,3,0,8,1794,0,0,0,8,-36.518834883757776,39.350301406563965,37.03703703703704,47,11.813349084465447,32.35294117647059,53.84615384615385,61.111111111111114,1.375,10,1,0,76.04013377926422,64,13,4,23,5,28,3,30,15,24,10,0,0,9,8,0,0,54,25,17,9,68,63,3,1,4,1794,0,0,0,5,36.518834883757776,58.66114561766736,55.55555555555556,84,6.455777921239509,18.51851851851852,88.88888888888889,52.0,3.25,10,1,21,76.04013377926422
S45G01N10,2024-2025,20241024,458,away,16,11,2,22,11,33,1,40,14,14,4,0,0,13,7,4,8,54,18,16,11,47,67,3,0,8,1796,0,0,0,8,-37.90975927175106,39.350301406563965,37.03703703703704,47,11.813349084465447,32.35294117647059,53.84615384615385,61.111111111111114,1.375,12,1,0,76.62360801781738,64,13,4,23,5,28,3,31,16,24,10,0,0,9,8,0,0,55,26,17,9,70,64,3,1,4,1796,0,0,0,5,37.90975927175106,59.362279511533245,56.36363636363637,86,6.353240152477763,18.51851851851852,88.88888888888889,50.0,3.25,12,1,23,76.62360801781738
S45G01N10,2024-2025,20241024,459,away,16,11,2,22,11,33,1,40,14,14,4,0,0,13,7,4,8,54,18,16,11,47,67,3,0,8,1796,0,0,0,8,-37.90975927175106,39.350301406563965,37.03703703703704,47,11.813349084465447,32.35294117647059,53.84615384615385,61.111111111111114,1.375,12,1,0,76.62360801781738,64,14,4,23,5,28,3,31,16,24,10,0,0,9,8,0,0,55,26,17,9,70,64,3,1,4,1796,0,0,0,5,37.90975927175106,59.362279511533245,56.36363636363637,87,6.353240152477763,18.51851851851852,88.88888888888889,53.84615384615385,3.5,12,1,23,76.62360801781738
S45G01N10,2024-2025,20241024,460,away,16,11,2,22,11,33,1,40,14,14,4,0,0,13,7,4,8,54,18,16,11,47,67,3,0,8,1796,0,0,0,8,-37.90975927175106,39.350301406563965,37.03703703703704,47,11.813349084465447,32.35294117647059,53.84615384615385,61.111111111111114,1.375,12,1,0,76.62360801781738,64,14,4,23,5,28,3,31,16,24,10,0,0,9,8,1,2,55,26,17,9,70,64,3,1,4,1796,0,0,0,5,37.90975927175106,59.362279511533245,56.36363636363637,87,6.353240152477763,18.51851851851852,88.88888888888889,53.84615384615385,3.5,12,1,23,76.62360801781738
S45G01N10,2024-2025,20241024,461,away,16,11,2,22,11,33,1,40,14,14,4,0,0,13,7,4,8,54,18,16,11,47,67,3,0,9,1799,0,0,0,9,-39.345365432321955,39.350301406563965,37.03703703703704,46,13.09662398137369,32.35294117647059,53.84615384615385,61.111111111111114,1.2222222222222223,12,1,0,77.16286826014452,64,14,4,23,5,28,3,31,16,24,10,0,0,9,8,1,2,55,26,17,9,70,64,3,1,4,1799,0,0,0,5,39.345365432321955,59.362279511533245,56.36363636363637,87,6.353240152477763,18.51851851851852,88.88888888888889,53.84615384615385,3.5,12,1,23,77.16286826014452
S45G01N10,2024-2025,20241024,462,away,16,11,2,22,11,33,1,40,14,14,4,0,0,13,7,4,8,54,18,16,11,47,67,3,0,9,1799,0,0,0,9,-39.345365432321955,39.350301406563965,37.03703703703704,46,13.09662398137369,32.35294117647059,53.84615384615385,61.111111111111114,1.2222222222222223,12,1,0,77.16286826014452,64,14,4,23,5,28,3,31,16,24,10,0,0,9,8,1,2,55,26,17,9,70,64,4,1,4,1799,0,0,0,5,39.345365432321955,59.362279511533245,56.36363636363637,88,6.353240152477763,18.51851851851852,88.88888888888889,53.84615384615385,3.5,12,1,23,77.16286826014452
S45G01N10,2024-2025,20241024,463,away,16,11,2,22,11,33,1,40,14,14,4,0,0,13,7,4,8,54,18,16,11,47,67,3,0,9,1799,0,0,0,9,-39.345365432321955,39.350301406563965,37.03703703703704,46,13.09662398137369,32.35294117647059,53.84615384615385,61.111111111111114,1.2222222222222223,12,1,0,77.16286826014452,64,14,4,23,5,28,3,31,16,24,10,0,0,9,8,1,2,55,26,17,9,70,64,4,1,4,1799,0,0,0,5,39.345365432321955,59.362279511533245,56.36363636363637,88,6.353240152477763,18.51851851851852,88.88888888888889,53.84615384615385,3.5,12,1,23,77.16286826014452
S45G01N10,2024-2025,20241024,464,away,16,11,2,22,11,33,1,40,14,14,4,0,0,13,7,4,8,54,18,16,11,47,67,3,0,9,1800,0,0,0,9,-39.345365432321955,39.350301406563965,37.03703703703704,46,13.09662398137369,32.35294117647059,53.84615384615385,61.111111111111114,1.2222222222222223,12,1,0,77.12,64,14,4,23,5,28,3,31,16,24,10,0,0,9,8,1,2,55,26,17,9,70,64,4,1,4,1800,0,0,0,5,39.345365432321955,59.362279511533245,56.36363636363637,88,6.353240152477763,18.51851851851852,88.88888888888889,53.84615384615385,3.5,12,1,23,77.12
S45G01N10,2024-2025,20241024,465,away,16,11,2,22,11,33,1,40,14,14,4,0,0,13,7,4,8,54,18,16,11,47,67,3,0,9,1800,0,0,0,9,-39.345365432321955,39.350301406563965,37.03703703703704,46,13.09662398137369,32.35294117647059,53.84615384615385,61.111111111111114,1.2222222222222223,12,1,0,77.12,64,14,4,23,5,28,3,31,16,24,10,0,0,9,8,1,2,55,26,17,9,70,64,4,1,4,1800,0,0,0,5,39.345365432321955,59.362279511533245,56.36363636363637,88,6.353240152477763,18.51851851851852,88.88888888888889,53.84615384615385,3.5,12,1,23,77.12
S45G01N10,2024-2025,20241024,466,away,16,11,2,22,11,33,1,40,14,14,4,0,0,13,7,4,8,54,18,16,11,47,67,3,0,9,1800,0,0,0,9,-39.345365432321955,39.350301406563965,37.03703703703704,46,13.09662398137369,32.35294117647059,53.84615384615385,61.111111111111114,1.2222222222222223,12,1,0,77.12,64,14,4,23,5,28,3,31,16,24,10,0,0,9,8,1,2,55,26,17,9,70,64,4,1,4,1800,0,0,0,5,39.345365432321955,59.362279511533245,56.36363636363637,88,6.353240152477763,18.51851851851852,88.88888888888889,53.84615384615385,3.5,12,1,23,77.12
S45G01N10,2024-2025,20241024,467,away,16,11,2,22,11,33,1,40,14,14,4,0,0,13,7,4,8,54,18,16,11,47,67,3,0,9,1800,0,0,0,9,-39.345365432321955,39.350301406563965,37.03703703703704,46,13.09662398137369,32.35294117647059,53.84615384615385,61.111111111111114,1.2222222222222223,12,1,0,77.12,64,14,4,23,5,28,3,31,16,24,10,0,0,9,8,1,2,55,26,17,9,70,64,4,1,4,1800,0,0,0,5,39.345365432321955,59.362279511533245,56.36363636363637,88,6.353240152477763,18.51851851851852,88.88888888888889,53.84615384615385,3.5,12,1,23,77.12
S45G01N10,2024-2025,20241024,468,away,16,11,2,22,11,33,1,40,14,14,4,0,0,13,7,4,8,54,18,16,11,47,67,3,0,9,1800,0,0,0,9,-39.345365432321955,39.350301406563965,37.03703703703704,46,13.09662398137369,32.35294117647059,53.84615384615385,61.111111111111114,1.2222222222222223,12,1,0,77.12,64,14,4,23,5,28,3,31,16,24,10,0,0,9,8,1,2,55,26,17,9,70,64,4,1,4,1800,0,0,0,5,39.345365432321955,59.362279511533245,56.36363636363637,88,6.353240152477763,18.51851851851852,88.88888888888889,53.84615384615385,3.5,12,1,23,77.12
S45G01N10,2024-2025,20241024,469,away,16,11,2,22,11,33,1,40,14,14,4,0,0,13,7,4,8,54,18,16,11,47,67,3,0,9,1800,0,0,0,9,-39.345365432321955,39.350301406563965,37.03703703703704,46,13.09662398137369,32.35294117647059,53.84615384615385,61.111111111111114,1.2222222222222223,12,1,0,77.12,64,14,4,23,5,28,3,31,16,24,10,0,0,9,8,1,2,55,26,17,9,70,64,4,1,4,1800,0,0,0,5,39.345365432321955,59.362279511533245,56.36363636363637,88,6.353240152477763,18.51851851851852,88.88888888888889,53.84615384615385,3.5,12,1,23,77.12
S45G01N10,2024-2025,20241024,470,away,16,11,2,22,11,33,1,40,14,14,4,0,0,13,7,4,8,54,18,16,11,47,67,3,0,9,1800,0,0,0,9,-39.345365432321955,39.350301406563965,37.03703703703704,46,13.09662398137369,32.35294117647059,53.84615384615385,61.111111111111114,1.2222222222222223,12,1,0,77.12,64,14,4,23,5,28,3,31,16,24,10,0,0,9,8,1,2,55,26,17,9,70,64,4,1,4,1800,0,0,0,5,39.345365432321955,59.362279511533245,56.36363636363637,88,6.353240152477763,18.51851851851852,88.88888888888889,53.84615384615385,3.5,12,1,23,77.12
S45G01N10,2024-2025,20241024,471,away,16,11,2,22,11,33,1,40,14,14,4,0,0,13,7,4,8,54,18,16,11,47,67,3,0,9,1800,0,0,0,9,-39.345365432321955,39.350301406563965,37.03703703703704,46,13.09662398137369,32.35294117647059,53.84615384615385,61.111111111111114,1.2222222222222223,12,1,0,77.12,64,14,4,23,5,28,3,31,16,24,10,0,0,9,8,1,2,55,26,17,9,70,64,4,1,4,1800,0,0,0,5,39.345365432321955,59.362279511533245,56.36363636363637,88,6.353240152477763,18.51851851851852,88.88888888888889,53.84615384615385,3.5,12,1,23,77.12
S45G01N10,2024-2025,20241024,472,away,16,11,2,22,11,33,1,40,14,14,4,0,0,13,7,4,8,54,18,16,11,47,67,3,0,9,1800,0,0,0,9,-39.345365432321955,39.350301406563965,37.03703703703704,46,13.09662398137369,32.35294117647059,53.84615384615385,61.111111111111114,1.2222222222222223,12,1,0,77.12,64,14,4,23,5,28,3,31,16,24,10,0,0,9,8,1,2,55,26,17,9,70,64,4,1,4,1800,0,0,0,5,39.345365432321955,59.362279511533245,56.36363636363637,88,6.353240152477763,18.51851851851852,88.88888888888889,53.84615384615385,3.5,12,1,23,77.12
S45G01N10,2024-2025,20241024,473,away,16,11,2,22,11,33,1,40,14,14,4,0,0,13,7,4,8,54,18,16,11,47,67,3,0,9,1800,0,0,0,9,-39.345365432321955,39.350301406563965,37.03703703703704,46,13.09662398137369,32.35294117647059,53.84615384615385,61.111111111111114,1.2222222222222223,12,1,0,77.12,64,14,4,23,5,28,3,31,16,24,10,0,0,9,8,1,2,55,26,17,9,70,64,4,1,4,1800,0,0,0,5,39.345365432321955,59.362279511533245,56.36363636363637,88,6.353240152477763,18.51851851851852,88.88888888888889,53.84615384615385,3.5,12,1,23,77.12
S45G01N10,2024-2025,20241024,474,away,16,11,2,22,11,33,1,40,14,14,4,0,0,13,7,4,8,54,18,16,11,47,67,3,0,9,1800,0,0,0,9,-39.345365432321955,39.350301406563965,37.03703703703704,46,13.09662398137369,32.35294117647059,53.84615384615385,61.111111111111114,1.2222222222222223,12,1,0,77.12,64,14,4,23,5,28,3,31,16,24,10,0,0,9,8,1,2,55,26,17,9,70,64,4,1,4,1800,0,0,0,5,39.345365432321955,59.362279511533245,56.36363636363637,88,6.353240152477763,18.51851851851852,88.88888888888889,53.84615384615385,3.5,12,1,23,77.12
S45G01N10,2024-2025,20241024,475,away,16,11,2,22,11,33,1,40,14,14,4,0,0,13,7,4,8,54,18,16,11,47,67,3,0,9,1800,0,0,0,9,-39.345365432321955,39.350301406563965,37.03703703703704,46,13.09662398137369,32.35294117647059,53.84615384615385,61.111111111111114,1.2222222222222223,12,1,0,77.12,64,14,4,23,5,28,3,31,16,24,10,0,0,9,8,1,2,55,26,17,9,70,64,4,1,4,1800,0,0,0,5,39.345365432321955,59.362279511533245,56.36363636363637,88,6.353240152477763,18.51851851851852,88.88888888888889,53.84615384615385,3.5,12,1,23,77.12
S45G01N10,2024-2025,20241024,476,away,16,11,2,22,11,33,1,40,14,14,4,0,0,13,7,4,8,54,18,16,11,47,67,3,0,9,1800,0,0,0,9,-39.345365432321955,39.350301406563965,37.03703703703704,46,13.09662398137369,32.35294117647059,53.84615384615385,61.111111111111114,1.2222222222222223,12,1,0,77.12,64,14,4,23,5,28,3,31,16,24,10,0,0,9,8,1,2,55,26,17,9,70,64,4,1,4,1800,0,0,0,5,39.345365432321955,59.362279511533245,56.36363636363637,88,6.353240152477763,18.51851851851852,88.88888888888889,53.84615384615385,3.5,12,1,23,77.12
S45G01N10,2024-2025,20241024,477,away,16,11,2,22,11,33,1,40,14,14,4,0,0,13,7,4,8,54,18,16,11,47,67,3,0,9,1800,0,0,0,9,-39.345365432321955,39.350301406563965,37.03703703703704,46,13.09662398137369,32.35294117647059,53.84615384615385,61.111111111111114,1.2222222222222223,12,1,0,77.12,64,14,4,23,5,28,3,31,16,24,10,0,0,9,8,1,2,55,26,17,9,70,64,4,1,4,1800,0,0,0,5,39.345365432321955,59.362279511533245,56.36363636363637,88,6.353240152477763,18.51851851851852,88.88888888888889,53.84615384615385,3.5,12,1,23,77.12
S45G01N10,2024-2025,20241024,478,away,16,11,2,22,11,33,1,40,14,14,4,0,0,13,7,4,8,54,18,16,11,47,67,3,0,9,1800,0,0,0,9,-39.345365432321955,39.350301406563965,37.03703703703704,46,13.09662398137369,32.35294117647059,53.84615384615385,61.111111111111114,1.2222222222222223,12,1,0,77.12,64,14,4,23,5,28,3,31,16,24,10,0,0,9,8,1,2,55,26,17,9,70,64,4,1,4,1800,0,0,0,5,39.345365432321955,59.362279511533245,56.36363636363637,88,6.353240152477763,18.51851851851852,88.88888888888889,53.84615384615385,3.5,12,1,23,77.12
S45G01N10,2024-2025,20241024,479,away,16,11,2,22,11,33,1,40,14,14,4,0,0,13,7,4,8,54,18,16,11,47,67,3,0,9,1800,0,0,0,9,-39.345365432321955,39.350301406563965,37.03703703703704,46,13.09662398137369,32.35294117647059,53.84615384615385,61.111111111111114,1.2222222222222223,12,1,0,77.12,64,14,4,23,5,28,3,31,16,24,10,0,0,9,8,1,2,55,26,17,9,70,64,4,1,4,1800,0,0,0,5,39.345365432321955,59.362279511533245,56.36363636363637,88,6.353240152477763,18.51851851851852,88.88888888888889,53.84615384615385,3.5,12,1,23,77.12
S45G01N10,2024-2025,20241024,480,away,16,11,2,22,11,33,1,40,14,14,4,0,0,13,7,4,8,54,18,16,11,47,67,3,0,9,1800,0,0,0,9,-39.345365432321955,39.350301406563965,37.03703703703704,46,13.09662398137369,32.35294117647059,53.84615384615385,61.111111111111114,1.2222222222222223,12,1,0,77.12,64,14,4,23,5,28,3,31,16,24,10,0,0,9,8,1,2,55,26,17,9,70,64,4,1,4,1800,0,0,0,5,39.345365432321955,59.362279511533245,56.36363636363637,88,6.353240152477763,18.51851851851852,88.88888888888889,53.84615384615385,3.5,12,1,23,77.12
S45G01N10,2024-2025,20241024,481,away,16,11,2,22,11,33,1,40,14,14,4,0,0,13,7,4,8,54,18,16,11,47,67,3,0,9,1800,0,0,0,9,-39.345365432321955,39.350301406563965,37.03703703703704,46,13.09662398137369,32.35294117647059,53.84615384615385,61.111111111111114,1.2222222222222223,12,1,0,77.12,64,14,4,23,5,28,3,31,16,24,10,0,0,9,8,1,2,55,26,17,9,70,64,4,1,4,1800,0,0,0,5,39.345365432321955,59.362279511533245,56.36363636363637,88,6.353240152477763,18.51851851851852,88.88888888888889,53.84615384615385,3.5,12,1,23,77.12
S45G01N10,2024-2025,20241024,482,away,16,11,2,22,11,33,1,40,14,14,4,0,0,13,7,4,8,54,18,16,11,47,67,3,0,9,1800,0,0,0,9,-39.345365432321955,39.350301406563965,37.03703703703704,46,13.09662398137369,32.35294117647059,53.84615384615385,61.111111111111114,1.2222222222222223,12,1,0,77.12,64,14,4,23,5,28,3,31,16,24,10,0,0,9,8,1,2,55,26,17,9,70,64,4,1,4,1800,0,0,0,5,39.345365432321955,59.362279511533245,56.36363636363637,88,6.353240152477763,18.51851851851852,88.88888888888889,53.84615384615385,3.5,12,1,23,77.12
S45G01N10,2024-2025,20241024,483,away,16,11,2,22,11,33,1,40,14,14,4,0,0,13,7,4,8,54,18,16,11,47,67,3,0,9,1800,0,0,0,9,-39.345365432321955,39.350301406563965,37.03703703703704,46,13.09662398137369,32.35294117647059,53.84615384615385,61.111111111111114,1.2222222222222223,12,1,0,77.12,64,14,4,23,5,28,3,31,16,24,10,0,0,9,8,1,2,55,26,17,9,70,64,4,1,4,1800,0,0,0,5,39.345365432321955,59.362279511533245,56.36363636363637,88,6.353240152477763,18.51851851851852,88.88888888888889,53.84615384615385,3.5,12,1,23,77.12
S45G01N10,2024-2025,20241024,484,away,16,11,2,22,11,33,1,40,14,14,4,0,0,13,7,4,8,54,18,16,11,47,67,3,0,9,1800,0,0,0,9,-39.345365432321955,39.350301406563965,37.03703703703704,46,13.09662398137369,32.35294117647059,53.84615384615385,61.111111111111114,1.2222222222222223,12,1,0,77.12,64,14,4,23,5,28,3,31,16,24,10,0,0,9,8,1,2,55,26,17,9,70,64,4,1,4,1800,0,0,0,5,39.345365432321955,59.362279511533245,56.36363636363637,88,6.353240152477763,18.51851851851852,88.88888888888889,53.84615384615385,3.5,12,1,23,77.12
S45G01N10,2024-2025,20241024,485,away,16,11,2,22,11,33,1,40,14,14,4,0,0,13,7,4,8,54,18,16,11,47,67,3,0,9,1800,0,0,0,9,-39.345365432321955,39.350301406563965,37.03703703703704,46,13.09662398137369,32.35294117647059,53.84615384615385,61.111111111111114,1.2222222222222223,12,1,0,77.12,64,14,4,23,5,28,3,31,16,24,10,0,0,9,8,1,2,55,26,17,9,70,64,4,1,4,1800,0,0,0,5,39.345365432321955,59.362279511533245,56.36363636363637,88,6.353240152477763,18.51851851851852,88.88888888888889,53.84615384615385,3.5,12,1,23,77.12
S45G01N10,2024-2025,20241024,486,away,16,11,2,22,11,33,1,40,14,14,4,0,0,13,7,4,8,54,18,16,11,47,67,3,0,9,1800,0,0,0,9,-39.345365432321955,39.350301406563965,37.03703703703704,46,13.09662398137369,32.35294117647059,53.84615384615385,61.111111111111114,1.2222222222222223,12,1,0,77.12,64,14,4,23,5,28,3,31,16,24,10,0,0,9,8,1,2,55,26,17,9,70,64,4,1,4,1800,0,0,0,5,39.345365432321955,59.362279511533245,56.36363636363637,88,6.353240152477763,18.51851851851852,88.88888888888889,53.84615384615385,3.5,12,1,23,77.12
S45G01N10,2024-2025,20241024,487,away,16,11,2,22,11,33,1,40,14,14,4,0,0,13,7,4,8,54,18,16,11,47,67,3,0,9,1800,0,0,0,9,-39.345365432321955,39.350301406563965,37.03703703703704,46,13.09662398137369,32.35294117647059,53.84615384615385,61.111111111111114,1.2222222222222223,12,1,0,77.12,64,14,4,23,5,28,3,31,16,24,10,0,0,9,8,1,2,55,26,17,9,70,64,4,1,4,1800,0,0,0,5,39.345365432321955,59.362279511533245,56.36363636363637,88,6.353240152477763,18.51851851851852,88.88888888888889,53.84615384615385,3.5,12,1,23,77.12
S45G01N10,2024-2025,20241024,488,away,16,11,2,22,11,33,1,40,14,14,4,0,0,13,7,4,8,54,18,16,11,47,67,3,0,9,1800,0,0,0,9,-39.345365432321955,39.350301406563965,37.03703703703704,46,13.09662398137369,32.35294117647059,53.84615384615385,61.111111111111114,1.2222222222222223,12,1,0,77.12,64,14,4,23,5,28,3,31,16,24,10,0,0,9,8,1,2,55,26,17,9,70,64,4,1,4,1800,0,0,0,5,39.345365432321955,59.362279511533245,56.36363636363637,88,6.353240152477763,18.51851851851852,88.88888888888889,53.84615384615385,3.5,12,1,23,77.12
S45G01N10,2024-2025,20241024,489,away,16,11,2,22,11,33,1,40,14,14,4,0,0,13,7,4,8,54,18,16,11,47,67,3,0,9,1800,0,0,0,9,-39.345365432321955,39.350301406563965,37.03703703703704,46,13.09662398137369,32.35294117647059,53.84615384615385,61.111111111111114,1.2222222222222223,12,1,0,77.12,64,14,4,23,5,28,3,31,16,24,10,0,0,9,8,1,2,55,26,17,9,70,64,4,1,4,1800,0,0,0,5,39.345365432321955,59.362279511533245,56.36363636363637,88,6.353240152477763,18.51851851851852,88.88888888888889,53.84615384615385,3.5,12,1,23,77.12
S45G01N10,2024-2025,20241024,490,away,16,11,2,22,11,33,1,40,14,14,4,0,0,13,7,4,8,54,18,16,11,47,67,3,0,9,1800,0,0,0,9,-39.345365432321955,39.350301406563965,37.03703703703704,46,13.09662398137369,32.35294117647059,53.84615384615385,61.111111111111114,1.2222222222222223,12,1,0,77.12,64,14,4,23,5,28,3,31,16,24,10,0,0,9,8,1,2,55,26,17,9,70,64,4,1,4,1800,0,0,0,5,39.345365432321955,59.362279511533245,56.36363636363637,88,6.353240152477763,18.51851851851852,88.88888888888889,53.84615384615385,3.5,12,1,23,77.12
S45G01N10,2024-2025,20241024,491,away,16,11,2,22,11,33,1,40,14,14,4,0,0,13,7,4,8,54,18,16,11,47,67,3,0,9,1800,0,0,0,9,-39.345365432321955,39.350301406563965,37.03703703703704,46,13.09662398137369,32.35294117647059,53.84615384615385,61.111111111111114,1.2222222222222223,12,1,0,77.12,64,14,4,23,5,28,3,31,16,24,10,0,0,9,8,1,2,55,26,17,9,70,64,4,1,4,1800,0,0,0,5,39.345365432321955,59.362279511533245,56.36363636363637,88,6.353240152477763,18.51851851851852,88.88888888888889,53.84615384615385,3.5,12,1,23,77.12
S45G01N10,2024-2025,20241024,492,away,16,11,2,22,11,33,1,40,14,14,4,0,0,13,7,4,8,54,18,16,11,47,67,3,0,9,1800,0,0,0,9,-39.345365432321955,39.350301406563965,37.03703703703704,46,13.09662398137369,32.35294117647059,53.84615384615385,61.111111111111114,1.2222222222222223,12,1,0,77.12,64,14,4,23,5,28,3,31,16,24,10,0,0,9,8,1,2,55,26,17,9,70,64,4,1,4,1800,0,0,0,5,39.345365432321955,59.362279511533245,56.36363636363637,88,6.353240152477763,18.51851851851852,88.88888888888889,53.84615384615385,3.5,12,1,23,77.12
S45G01N10,2024-2025,20241024,493,away,16,11,2,22,11,33,1,40,14,14,4,0,0,13,7,4,8,54,18,16,11,47,67,3,0,9,1800,0,0,0,9,-39.345365432321955,39.350301406563965,37.03703703703704,46,13.09662398137369,32.35294117647059,53.84615384615385,61.111111111111114,1.2222222222222223,12,1,0,77.12,64,14,4,23,5,28,3,31,16,24,10,0,0,9,8,1,2,55,26,17,9,70,64,4,1,4,1800,0,0,0,5,39.345365432321955,59.362279511533245,56.36363636363637,88,6.353240152477763,18.51851851851852,88.88888888888889,53.84615384615385,3.5,12,1,23,77.12
S45G01N10,2024-2025,20241024,494,away,16,11,2,22,11,33,1,40,14,14,4,0,0,13,7,4,8,54,18,16,11,47,67,3,0,9,1800,0,0,0,9,-39.345365432321955,39.350301406563965,37.03703703703704,46,13.09662398137369,32.35294117647059,53.84615384615385,61.111111111111114,1.2222222222222223,12,1,0,77.12,64,14,4,23,5,28,3,31,16,24,10,0,0,9,8,1,2,55,26,17,9,70,64,4,1,4,1800,0,0,0,5,39.345365432321955,59.362279511533245,56.36363636363637,88,6.353240152477763,18.51851851851852,88.88888888888889,53.84615384615385,3.5,12,1,23,77.12
S45G01N10,2024-2025,20241024,495,away,16,11,2,22,11,33,1,41,14,14,4,0,0,13,7,4,8,55,18,16,11,47,68,3,0,9,1820,0,0,0,9,-40.73207492529848,38.70223978919631,36.36363636363637,45,12.908777969018933,32.35294117647059,53.84615384615385,61.111111111111114,1.2222222222222223,12,1,0,76.93186813186813,64,14,4,23,5,28,3,31,16,24,10,0,0,9,8,1,2,55,26,17,9,70,64,4,1,4,1820,0,0,0,5,40.73207492529848,59.362279511533245,56.36363636363637,88,6.353240152477763,18.51851851851852,88.88888888888889,53.84615384615385,3.5,12,1,23,76.93186813186813
S45G01N10,2024-2025,20241024,496,away,16,11,2,22,11,33,1,41,14,14,4,0,0,13,7,4,8,55,18,16,11,47,68,3,0,9,1821,0,0,0,9,-40.73207492529848,38.70223978919631,36.36363636363637,45,12.908777969018933,31.428571428571427,53.84615384615385,61.111111111111114,1.2222222222222223,12,1,0,76.88962108731467,64,14,4,24,5,29,3,31,16,24,10,0,0,9,8,1,2,55,26,17,9,70,64,4,1,4,1821,0,0,0,5,40.73207492529848,59.362279511533245,56.36363636363637,89,6.353240152477763,18.51851851851852,88.88888888888889,53.84615384615385,3.5,12,1,23,76.88962108731467
S45G01N10,2024-2025,20241024,497,away,16,11,2,22,11,33,1,41,14,14,4,0,0,13,7,4,8,55,18,17,12,47,68,3,0,9,1836,0,0,0,9,-40.73207492529848,38.70223978919631,36.36363636363637,45,12.908777969018933,31.428571428571427,53.84615384615385,61.111111111111114,1.2222222222222223,12,1,0,76.26143790849673,64,14,4,24,5,29,3,31,16,24,10,0,0,9,8,1,2,55,26,17,9,70,64,4,1,4,1836,0,0,0,5,40.73207492529848,59.362279511533245,56.36363636363637,89,6.353240152477763,18.51851851851852,88.88888888888889,53.84615384615385,3.5,12,1,23,76.26143790849673
S45G01N10,2024-2025,20241024,498,away,16,11,2,22,11,33,1,41,14,14,4,0,0,13,7,4,8,55,18,17,12,47,68,3,0,9,1836,0,0,0,9,-40.73207492529848,38.70223978919631,36.36363636363637,45,12.908777969018933,31.428571428571427,53.84615384615385,61.111111111111114,1.2222222222222223,12,1,0,76.26143790849673,64,14,4,24,5,29,3,31,16,24,10,0,0,9,8,1,2,55,26,17,9,70,64,4,1,4,1836,0,0,0,5,40.73207492529848,59.362279511533245,56.36363636363637,89,6.353240152477763,18.51851851851852,88.88888888888889,53.84615384615385,3.5,12,1,23,76.26143790849673
S45G01N10,2024-2025,20241024,499,away,16,11,2,22,11,33,1,41,14,14,4,0,0,13,7,4,8,55,18,17,12,47,68,3,0,9,1844,0,0,0,9,-38.68368708846158,38.70223978919631,36.36363636363637,45,12.908777969018933,31.428571428571427,53.84615384615385,61.111111111111114,1.2222222222222223,12,1,0,76.58134490238612,64,14,4,24,5,29,3,31,16,25,10,0,0,9,8,1,2,56,26,17,9,70,65,4,1,4,1844,0,0,0,5,38.68368708846158,58.37224816544363,55.357142857142854,88,6.253908692933083,18.51851851851852,88.88888888888889,53.84615384615385,3.5,12,1,23,76.58134490238612
S45G01N10,2024-2025,20241024,500,away,16,11,2,23,11,34,1,41,14,14,4,0,0,13,7,4,8,55,18,17,12,47,68,3,0,9,1846,0,0,0,9,-38.68368708846158,38.70223978919631,36.36363636363637,46,12.908777969018933,31.428571428571427,53.84615384615385,61.111111111111114,1.2222222222222223,12,1,0,76.49837486457206,64,14,4,24,5,29,3,31,16,25,10,0,0,9,8,1,2,56,26,17,9,70,65,4,1,4,1846,0,0,0,5,38.68368708846158,58.37224816544363,55.357142857142854,88,6.253908692933083,17.857142857142858,88.88888888888889,53.84615384615385,3.5,12,1,23,76.49837486457206
S45G01N10,2024-2025,20241024,501,away,16,11,2,23,11,34,1,41,14,14,4,0,0,13,7,4,8,55,18,17,12,47,68,3,0,10,1853,0,0,0,10,-40.02395620993856,38.70223978919631,36.36363636363637,45,14.14027149321267,31.428571428571427,53.84615384615385,61.111111111111114,1.1,12,1,0,76.85698866702644,64,14,4,24,5,29,3,31,16,25,10,0,0,9,8,1,2,56,26,17,9,70,65,4,1,4,1853,0,0,0,5,40.02395620993856,58.37224816544363,55.357142857142854,88,6.253908692933083,17.857142857142858,88.88888888888889,53.84615384615385,3.5,12,1,23,76.85698866702644
S45G01N10,2024-2025,20241024,502,away,16,11,2,23,11,34,1,41,14,14,4,0,0,13,7,4,8,55,18,17,12,47,68,3,0,10,1854,0,0,0,10,-40.02395620993856,38.70223978919631,36.36363636363637,45,14.14027149321267,31.428571428571427,53.84615384615385,61.111111111111114,1.1,12,1,0,76.81553398058253,64,14,4,24,5,29,3,31,16,25,10,0,0,9,8,1,2,56,26,17,9,70,65,5,1,4,1854,0,0,0,5,40.02395620993856,58.37224816544363,55.357142857142854,89,6.253908692933083,17.857142857142858,88.88888888888889,53.84615384615385,3.5,12,1,23,76.81553398058253
S45G01N10,2024-2025,20241024,503,away,16,11,2,23,11,34,1,41,14,14,4,0,0,13,7,4,8,55,18,17,12,47,68,3,0,10,1862,0,0,0,10,-38.043893517759315,38.70223978919631,36.36363636363637,45,14.14027149321267,31.428571428571427,53.84615384615385,61.111111111111114,1.1,12,1,0,77.12996777658432,64,14,4,24,5,29,3,32,16,25,10,0,0,9,8,1,2,57,26,17,9,70,66,5,1,4,1862,0,0,0,5,38.043893517759315,57.41469816272966,54.3859649122807,88,6.1576354679802945,17.857142857142858,88.88888888888889,53.84615384615385,3.5,12,1,23,77.12996777658432
S45G01N10,2024-2025,20241024,504,away,16,11,2,23,11,34,1,41,14,14,4,0,0,13,7,4,8,55,18,17,12,47,68,3,0,10,1863,0,0,0,10,-40.02395620993855,38.70223978919631,36.36363636363637,45,14.14027149321267,31.428571428571427,53.84615384615385,61.111111111111114,1.1,12,1,0,76.44444444444444,64,14,4,24,6,30,3,32,16,25,10,0,0,9,8,1,2,57,26,17,9,70,66,5,1,4,1863,0,0,0,5,40.02395620993855,57.41469816272966,54.3859649122807,89,6.1576354679802945,20.689655172413794,88.88888888888889,53.84615384615385,3.5,12,1,23,76.44444444444444
S45G01N10,2024-2025,20241024,505,away,16,11,2,23,11,34,1,41,14,14,4,0,0,13,7,4,8,55,18,17,12,47,68,3,0,10,1863,0,0,0,10,-41.37945055578466,38.70223978919631,36.36363636363637,45,14.14027149321267,31.428571428571427,53.84615384615385,61.111111111111114,1.1,14,1,0,77.08856682769726,64,14,4,24,6,30,3,33,17,25,10,0,0,9,8,1,2,58,27,17,9,72,67,5,1,4,1863,0,0,0,5,41.37945055578466,58.10200129115558,55.172413793103445,91,6.064281382656154,20.689655172413794,88.88888888888889,51.851851851851855,3.5,14,1,25,77.08856682769726
S45G01N10,2024-2025,20241024,506,away,16,11,2,23,11,34,1,41,14,14,4,0,0,13,7,4,8,55,18,17,12,47,68,3,0,10,1864,0,0,0,10,-41.37945055578466,38.70223978919631,36.36363636363637,45,14.14027149321267,31.428571428571427,53.84615384615385,61.111111111111114,1.1,14,1,0,77.04721030042919,64,14,4,24,6,30,3,33,17,25,10,0,0,9,8,2,4,58,27,17,9,72,67,5,1,4,1864,0,0,0,5,41.37945055578466,58.10200129115558,55.172413793103445,91,6.064281382656154,20.689655172413794,88.88888888888889,51.851851851851855,3.5,14,1,25,77.04721030042919
S45G01N10,2024-2025,20241024,507,away,16,11,2,23,11,34,1,41,14,15,4,0,0,13,7,4,8,56,18,17,12,47,69,3,0,10,1871,0,0,0,10,-42.67557379051996,38.0751782242385,35.714285714285715,44,13.943112102621305,31.428571428571427,53.84615384615385,61.111111111111114,1.1,14,1,0,77.40032068412613,64,14,4,24,6,30,3,33,17,25,10,0,0,9,8,2,4,58,27,17,9,72,67,5,1,4,1871,0,0,0,5,42.67557379051996,58.10200129115558,55.172413793103445,91,6.064281382656154,20.689655172413794,88.88888888888889,51.851851851851855,3.5,14,1,25,77.40032068412613
S45G01N10,2024-2025,20241024,508,away,16,11,2,23,11,34,1,41,14,15,4,0,0,13,7,4,8,56,18,17,12,47,69,3,0,10,1873,0,0,0,10,-42.67557379051996,38.0751782242385,35.714285714285715,44,13.943112102621305,30.555555555555557,53.84615384615385,61.111111111111114,1.1,14,1,0,77.31767218366258,64,14,4,25,6,31,3,33,17,25,10,0,0,9,8,2,4,58,27,17,9,72,67,5,1,4,1873,0,0,0,5,42.67557379051996,58.10200129115558,55.172413793103445,92,6.064281382656154,20.689655172413794,88.88888888888889,51.851851851851855,3.5,14,1,25,77.31767218366258
S45G01N10,2024-2025,20241024,509,away,16,11,2,23,11,34,1,41,14,15,4,0,0,13,7,4,8,56,18,17,12,47,69,3,0,10,1895,0,0,0,10,-43.98659653709292,38.0751782242385,35.714285714285715,44,13.943112102621305,30.555555555555557,53.84615384615385,61.111111111111114,1.1,16,1,0,77.0532981530343,64,14,4,25,6,31,3,34,18,25,10,0,0,9,8,2,4,59,28,17,9,74,68,5,1,4,1895,0,0,0,5,43.98659653709292,58.76747141041931,55.932203389830505,94,5.973715651135005,20.689655172413794,88.88888888888889,50.0,3.5,16,1,27,77.0532981530343
S45G01N10,2024-2025,20241024,510,away,16,11,2,23,11,34,1,41,14,15,4,0,0,13,7,4,8,56,18,17,12,47,69,3,0,10,1895,0,0,0,10,-43.98659653709292,38.0751782242385,35.714285714285715,44,13.943112102621305,30.555555555555557,53.84615384615385,61.111111111111114,1.1,16,1,0,77.0532981530343,64,15,4,25,6,31,3,34,18,25,10,0,0,9,8,2,4,59,28,17,9,74,68,5,1,4,1895,0,0,0,5,43.98659653709292,58.76747141041931,55.932203389830505,95,5.973715651135005,20.689655172413794,88.88888888888889,53.57142857142857,3.75,16,1,27,77.0532981530343
S45G01N10,2024-2025,20241024,511,away,16,11,2,23,11,34,1,41,14,15,4,0,0,13,7,4,8,56,18,17,12,47,69,3,0,10,1895,0,0,0,10,-43.98659653709292,38.0751782242385,35.714285714285715,44,13.943112102621305,30.555555555555557,53.84615384615385,61.111111111111114,1.1,16,1,0,77.0532981530343,64,15,4,25,6,31,3,34,18,25,10,0,0,9,8,2,4,59,28,17,9,74,68,5,1,4,1895,0,0,0,5,43.98659653709292,58.76747141041931,55.932203389830505,95,5.973715651135005,20.689655172413794,88.88888888888889,53.57142857142857,3.75,16,1,27,77.0532981530343
S45G01N10,2024-2025,20241024,512,away,16,11,2,23,11,34,1,41,14,15,4,0,0,13,7,4,8,56,18,17,12,47,69,3,0,10,1895,0,0,0,10,-43.98659653709292,38.0751782242385,35.714285714285715,44,13.943112102621305,30.555555555555557,53.84615384615385,61.111111111111114,1.1,16,1,0,77.0532981530343,64,15,4,25,6,31,3,34,18,25,10,0,0,9,8,2,4,59,28,17,9,74,68,5,1,4,1895,0,0,0,5,43.98659653709292,58.76747141041931,55.932203389830505,95,5.973715651135005,20.689655172413794,88.88888888888889,53.57142857142857,3.75,16,1,27,77.0532981530343
S45G01N10,2024-2025,20241024,513,away,16,11,2,23,11,34,1,41,14,15,4,0,0,13,7,4,8,56,18,17,12,47,69,3,0,10,1895,0,0,0,10,-43.98659653709292,38.0751782242385,35.714285714285715,44,13.943112102621305,30.555555555555557,53.84615384615385,61.111111111111114,1.1,16,1,0,77.0532981530343,64,15,4,25,6,31,3,34,18,25,10,0,0,9,8,2,4,59,28,17,9,74,68,5,1,4,1895,0,0,0,5,43.98659653709292,58.76747141041931,55.932203389830505,95,5.973715651135005,20.689655172413794,88.88888888888889,53.57142857142857,3.75,16,1,27,77.0532981530343
S45G01N10,2024-2025,20241024,514,away,16,11,2,23,11,34,1,41,14,15,4,0,0,13,7,4,8,56,18,17,12,47,69,3,0,11,1916,0,0,0,11,-45.24071966700855,38.0751782242385,35.714285714285715,43,15.126512651265127,30.555555555555557,53.84615384615385,61.111111111111114,1.0,16,1,0,76.83507306889354,64,15,4,25,6,31,3,34,18,25,10,0,0,9,8,2,4,59,28,17,9,74,68,5,1,4,1916,0,0,0,5,45.24071966700855,58.76747141041931,55.932203389830505,95,5.973715651135005,20.689655172413794,88.88888888888889,53.57142857142857,3.75,16,1,27,76.83507306889354
S45G01N10,2024-2025,20241024,515,away,16,11,2,23,11,34,1,41,14,15,4,0,0,13,7,4,8,56,18,17,12,47,69,3,0,11,1917,0,0,0,11,-45.24071966700855,38.0751782242385,35.714285714285715,43,15.126512651265127,30.555555555555557,53.84615384615385,61.111111111111114,1.0,16,1,0,76.79499217527388,64,15,4,25,6,31,3,34,18,25,10,0,0,9,8,2,4,59,28,17,9,74,68,6,1,4,1917,0,0,0,5,45.24071966700855,58.76747141041931,55.932203389830505,96,5.973715651135005,20.689655172413794,88.88888888888889,53.57142857142857,3.75,16,1,27,76.79499217527388
S45G01N10,2024-2025,20241024,516,away,16,11,2,23,11,34,1,41,14,15,4,0,0,13,7,4,8,56,18,17,12,47,69,3,0,11,1921,0,0,0,11,-46.509424055073666,38.0751782242385,35.714285714285715,43,15.126512651265127,30.555555555555557,53.84615384615385,61.111111111111114,1.0,18,1,0,77.2597605413847,64,15,4,25,6,31,3,35,19,25,10,1,1,9,8,2,4,60,29,17,9,76,69,6,1,4,1921,0,0,0,5,46.509424055073666,59.41213258286429,56.666666666666664,98,5.885815185403177,20.689655172413794,88.88888888888889,51.724137931034484,3.75,18,1,29,77.2597605413847
S45G01N10,2024-2025,20241024,517,away,16,11,2,23,11,34,1,41,14,15,4,0,0,13,7,4,8,56,18,17,12,47,69,3,0,11,1922,0,0,0,11,-46.509424055073666,38.0751782242385,35.714285714285715,43,15.126512651265127,30.555555555555557,53.84615384615385,61.111111111111114,1.0,18,1,0,77.21956295525494,64,15,4,25,6,31,3,35,19,25,10,1,1,9,8,3,6,60,29,17,9,76,69,6,1,4,1922,0,0,0,5,46.509424055073666,59.41213258286429,56.666666666666664,98,5.885815185403177,20.689655172413794,88.88888888888889,51.724137931034484,3.75,18,1,29,77.21956295525494
S45G01N10,2024-2025,20241024,518,away,16,11,2,23,11,34,1,42,14,15,4,0,0,13,7,4,8,57,18,17,12,47,70,3,0,11,1928,0,0,0,11,-47.723556013754745,37.46811224489796,35.08771929824562,42,14.921323928377646,30.555555555555557,53.84615384615385,61.111111111111114,1.0,18,1,0,77.60165975103735,64,15,4,25,6,31,3,35,19,25,10,1,1,9,8,3,6,60,29,17,9,76,69,6,1,4,1928,0,0,0,5,47.723556013754745,59.41213258286429,56.666666666666664,98,5.885815185403177,20.689655172413794,88.88888888888889,51.724137931034484,3.75,18,1,29,77.60165975103735
S45G01N10,2024-2025,20241024,519,away,16,11,2,23,11,34,1,42,14,15,4,0,0,13,7,4,8,57,18,17,12,47,70,3,0,11,1930,0,0,0,11,-47.723556013754745,37.46811224489796,35.08771929824562,42,14.921323928377646,29.72972972972973,53.84615384615385,61.111111111111114,1.0,18,1,0,77.52124352331606,64,15,4,26,6,32,3,35,19,25,10,1,1,9,8,3,6,60,29,17,9,76,69,6,1,4,1930,0,0,0,5,47.723556013754745,59.41213258286429,56.666666666666664,99,5.885815185403177,20.689655172413794,88.88888888888889,51.724137931034484,3.75,18,1,29,77.52124352331606
S45G01N10,2024-2025,20241024,520,away,16,11,2,23,11,34,1,42,14,15,4,0,0,13,7,4,8,57,18,17,12,47,70,3,0,11,1951,0,0,0,11,-50.54026852163993,37.46811224489796,35.08771929824562,42,14.921323928377646,29.72972972972973,53.84615384615385,61.111111111111114,1.0,21,1,0,77.30189646335212,64,15,4,26,6,32,3,35,19,26,11,1,1,9,8,3,6,61,30,17,9,79,70,6,1,4,1951,0,0,0,5,50.54026852163993,60.80665024630542,58.19672131147541,102,5.80046403712297,20.689655172413794,88.88888888888889,50.0,3.75,21,1,32,77.30189646335212
S45G01N10,2024-2025,20241024,521,away,16,11,2,23,11,34,1,42,14,15,4,0,0,13,7,4,8,57,18,17,12,47,70,3,0,11,1951,0,0,0,11,-50.54026852163993,37.46811224489796,35.08771929824562,42,14.921323928377646,29.72972972972973,53.84615384615385,61.111111111111114,1.0,21,1,0,77.30189646335212,64,16,4,26,6,32,3,35,19,26,11,1,1,9,8,3,6,61,30,17,9,79,70,6,1,4,1951,0,0,0,5,50.54026852163993,60.80665024630542,58.19672131147541,103,5.80046403712297,20.689655172413794,88.88888888888889,53.333333333333336,4.0,21,1,32,77.30189646335212
S45G01N10,2024-2025,20241024,522,away,16,11,2,23,11,34,1,43,15,15,4,0,0,13,7,4,8,58,19,17,12,49,71,3,0,11,1967,0,0,0,11,-48.57756018029963,38.44946641556811,36.206896551724135,44,14.721627408993577,29.72972972972973,53.84615384615385,57.89473684210526,1.0,2,1,0,77.28317234367056,64,16,4,26,6,32,3,35,19,26,11,1,1,9,8,3,6,61,30,17,9,79,70,6,1,4,1967,0,0,0,5,48.57756018029963,60.80665024630542,58.19672131147541,103,5.80046403712297,20.689655172413794,88.88888888888889,53.333333333333336,4.0,2,1,32,77.28317234367056
S45G01N10,2024-2025,20241024,523,away,16,12,2,23,11,34,1,43,15,15,4,0,0,13,7,4,8,58,19,17,12,49,71,3,0,11,1967,0,0,0,11,-48.57756018029963,38.44946641556811,36.206896551724135,45,14.721627408993577,29.72972972972973,53.84615384615385,63.1578947368421,1.0909090909090908,2,1,0,77.28317234367056,64,16,4,26,6,32,3,35,19,26,11,1,1,9,8,3,6,61,30,17,9,79,70,6,1,4,1967,0,0,0,5,48.57756018029963,60.80665024630542,58.19672131147541,103,5.80046403712297,20.689655172413794,88.88888888888889,53.333333333333336,4.0,2,1,32,77.28317234367056
S45G01N10,2024-2025,20241024,524,away,16,12,2,23,11,34,1,43,15,15,4,0,0,13,7,4,8,58,19,18,13,49,71,3,0,11,1980,0,0,0,11,-48.57756018029963,38.44946641556811,36.206896551724135,45,14.721627408993577,29.72972972972973,53.84615384615385,63.1578947368421,1.0909090909090908,2,1,0,76.77575757575757,64,16,4,26,6,32,3,35,19,26,11,1,1,9,8,3,6,61,30,17,9,79,70,6,1,4,1980,0,0,0,5,48.57756018029963,60.80665024630542,58.19672131147541,103,5.80046403712297,20.689655172413794,88.88888888888889,53.333333333333336,4.0,2,1,32,76.77575757575757
S45G01N10,2024-2025,20241024,525,away,16,12,2,23,11,34,1,43,15,15,4,0,0,13,7,4,8,58,19,18,13,49,71,3,0,11,1980,0,0,0,11,-48.57756018029963,38.44946641556811,36.206896551724135,45,14.721627408993577,29.72972972972973,53.84615384615385,63.1578947368421,1.0909090909090908,2,1,0,76.77575757575757,64,16,4,26,6,32,3,35,19,26,11,1,1,9,8,3,6,61,30,17,9,79,70,6,1,4,1980,0,0,0,5,48.57756018029963,60.80665024630542,58.19672131147541,103,5.80046403712297,20.689655172413794,88.88888888888889,53.333333333333336,4.0,2,1,32,76.77575757575757
S45G01N10,2024-2025,20241024,526,away,16,12,2,23,11,34,1,43,15,15,4,0,0,13,7,4,8,58,19,18,13,49,71,3,0,11,1980,0,0,0,11,-48.57756018029963,38.44946641556811,36.206896551724135,45,14.721627408993577,29.72972972972973,53.84615384615385,63.1578947368421,1.0909090909090908,2,1,0,76.77575757575757,64,16,4,26,6,32,3,35,19,26,11,1,1,9,8,3,6,61,30,17,9,79,70,6,1,4,1980,0,0,0,5,48.57756018029963,60.80665024630542,58.19672131147541,103,5.80046403712297,20.689655172413794,88.88888888888889,53.333333333333336,4.0,2,1,32,76.77575757575757
S45G01N10,2024-2025,20241024,527,away,16,12,2,23,11,34,1,43,15,15,4,0,0,13,7,4,8,58,19,18,13,49,71,3,0,11,1980,0,0,0,11,-48.57756018029963,38.44946641556811,36.206896551724135,45,14.721627408993577,29.72972972972973,53.84615384615385,63.1578947368421,1.0909090909090908,2,1,0,76.77575757575757,64,16,4,26,6,32,3,35,19,26,11,1,1,9,8,3,6,61,30,17,9,79,70,6,1,4,1980,0,0,0,5,48.57756018029963,60.80665024630542,58.19672131147541,103,5.80046403712297,20.689655172413794,88.88888888888889,53.333333333333336,4.0,2,1,32,76.77575757575757
S45G01N10,2024-2025,20241024,528,away,16,12,2,23,11,34,1,43,15,15,4,0,0,13,7,4,8,58,19,18,13,49,71,3,0,11,1980,0,0,0,11,-48.57756018029963,38.44946641556811,36.206896551724135,45,14.721627408993577,29.72972972972973,53.84615384615385,63.1578947368421,1.0909090909090908,2,1,0,76.77575757575757,64,16,4,26,6,32,3,35,19,26,11,1,1,9,8,3,6,61,30,17,9,79,70,6,1,4,1980,0,0,0,5,48.57756018029963,60.80665024630542,58.19672131147541,103,5.80046403712297,20.689655172413794,88.88888888888889,53.333333333333336,4.0,2,1,32,76.77575757575757
S45G01N10,2024-2025,20241024,529,away,16,12,2,23,11,34,1,43,15,15,4,0,0,13,7,4,8,58,19,18,13,49,71,3,0,11,1980,0,0,0,11,-48.57756018029963,38.44946641556811,36.206896551724135,45,14.721627408993577,29.72972972972973,53.84615384615385,63.1578947368421,1.0909090909090908,2,1,0,76.77575757575757,64,16,4,26,6,32,3,35,19,26,11,1,1,9,8,3,6,61,30,17,9,79,70,6,1,4,1980,0,0,0,5,48.57756018029963,60.80665024630542,58.19672131147541,103,5.80046403712297,20.689655172413794,88.88888888888889,53.333333333333336,4.0,2,1,32,76.77575757575757
S45G01N10,2024-2025,20241024,530,away,16,12,2,23,11,34,1,43,15,15,4,0,0,13,7,4,8,58,19,18,13,49,71,3,0,11,1987,0,0,0,11,-49.74271820075873,38.44946641556811,36.206896551724135,45,14.721627408993577,29.72972972972973,53.84615384615385,63.1578947368421,1.0909090909090908,2,1,0,77.10920986411675,64,16,4,26,6,32,3,36,20,26,11,1,1,9,8,3,6,62,31,17,9,81,71,6,1,4,1987,0,0,0,5,49.74271820075873,61.40084899939358,58.87096774193548,105,5.717552887364208,20.689655172413794,88.88888888888889,51.61290322580645,4.0,2,1,32,77.10920986411675
S45G01N10,2024-2025,20241024,531,away,16,12,2,23,11,34,1,43,15,15,4,0,0,13,7,4,8,58,19,19,13,49,71,3,0,11,1987,0,0,0,11,-49.74271820075873,38.44946641556811,36.206896551724135,45,14.721627408993577,29.72972972972973,53.84615384615385,63.1578947368421,1.0909090909090908,2,1,0,77.10920986411675,64,16,4,26,6,32,3,36,20,26,11,1,1,9,8,3,6,62,31,17,9,81,71,6,1,4,1987,0,0,0,5,49.74271820075873,61.40084899939358,58.87096774193548,105,5.717552887364208,20.689655172413794,88.88888888888889,51.61290322580645,4.0,2,1,32,77.10920986411675
S45G01N10,2024-2025,20241024,532,away,16,12,2,23,11,34,1,43,15,15,4,0,0,13,7,4,8,58,19,19,13,49,71,3,0,11,1987,0,0,0,11,-49.74271820075873,38.44946641556811,36.206896551724135,45,14.721627408993577,29.72972972972973,53.84615384615385,63.1578947368421,1.0909090909090908,2,1,0,77.10920986411675,64,16,4,26,6,32,3,36,20,26,11,1,1,9,8,3,6,62,31,17,9,81,71,6,1,4,1987,0,0,0,5,49.74271820075873,61.40084899939358,58.87096774193548,105,5.717552887364208,20.689655172413794,88.88888888888889,51.61290322580645,4.0,2,1,32,77.10920986411675
S45G01N10,2024-2025,20241024,533,away,16,12,2,23,11,34,1,43,15,15,4,0,0,13,7,4,8,58,19,19,13,49,71,3,0,11,1993,0,0,0,11,-48.87746468439171,38.44946641556811,36.206896551724135,45,14.721627408993577,29.72972972972973,53.84615384615385,63.1578947368421,1.0909090909090908,2,1,0,77.14199698946312,64,16,4,26,6,32,3,36,20,26,11,1,1,10,8,3,6,62,31,17,9,81,72,6,1,4,1993,0,0,0,5,48.87746468439171,60.993975903614455,58.87096774193548,104,5.681818181818182,20.689655172413794,80.0,51.61290322580645,4.0,2,1,32,77.14199698946312
S45G01N10,2024-2025,20241024,534,away,16,12,2,24,11,35,1,43,15,15,4,0,0,13,7,4,8,58,19,19,13,49,71,3,0,11,1994,0,0,0,11,-48.87746468439171,38.44946641556811,36.206896551724135,46,14.721627408993577,29.72972972972973,53.84615384615385,63.1578947368421,1.0909090909090908,2,1,0,77.10330992978938,64,16,4,26,6,32,3,36,20,26,11,1,1,10,8,3,6,62,31,17,9,81,72,6,1,4,1994,0,0,0,5,48.87746468439171,60.993975903614455,58.87096774193548,104,5.681818181818182,20.0,80.0,51.61290322580645,4.0,2,1,32,77.10330992978938
S45G01N10,2024-2025,20241024,535,away,16,12,2,24,11,35,1,44,15,15,4,0,0,13,7,4,8,59,19,19,13,49,72,3,0,11,1998,0,0,0,11,-50.06564349822261,37.85537700865266,35.59322033898305,45,14.527205493924987,29.72972972972973,53.84615384615385,63.1578947368421,1.0909090909090908,2,1,0,77.54954954954955,64,16,4,26,6,32,3,36,20,26,11,1,1,10,8,3,6,62,31,17,9,81,72,6,1,4,1998,0,0,0,5,50.06564349822261,60.993975903614455,58.87096774193548,104,5.681818181818182,20.0,80.0,51.61290322580645,4.0,2,1,32,77.54954954954955
S45G01N10,2024-2025,20241024,536,away,16,12,2,24,11,35,1,44,15,15,4,0,0,13,7,4,8,59,19,19,13,49,72,3,0,11,1999,0,0,0,11,-50.06564349822261,37.85537700865266,35.59322033898305,45,14.527205493924987,29.72972972972973,53.84615384615385,63.1578947368421,1.0909090909090908,2,1,0,77.51075537768885,64,16,5,26,6,32,3,36,20,26,11,1,1,10,8,3,6,62,31,17,9,81,72,6,1,4,1999,0,0,0,5,50.06564349822261,60.993975903614455,58.87096774193548,105,5.681818181818182,20.0,80.0,51.61290322580645,4.0,2,1,32,77.51075537768885
S45G01N10,2024-2025,20241024,537,away,16,12,2,24,11,35,1,44,15,15,4,0,0,13,7,4,8,59,19,19,13,49,72,3,0,11,2000,0,0,0,11,-50.06564349822261,37.85537700865266,35.59322033898305,45,14.527205493924987,28.94736842105263,53.84615384615385,63.1578947368421,1.0909090909090908,2,1,0,77.472,64,16,5,27,6,33,3,36,20,26,11,1,1,10,8,3,6,62,31,17,9,81,72,6,1,4,2000,0,0,0,5,50.06564349822261,60.993975903614455,58.87096774193548,106,5.681818181818182,20.0,80.0,51.61290322580645,4.0,2,1,32,77.472
S45G01N10,2024-2025,20241024,538,away,16,12,2,24,11,35,1,44,15,15,4,0,0,13,7,4,8,59,19,19,13,49,72,3,0,11,2015,0,0,0,11,-51.200560967404144,37.85537700865266,35.59322033898305,45,14.527205493924987,28.94736842105263,53.84615384615385,63.1578947368421,1.0909090909090908,4,1,0,77.49081885856079,64,16,5,27,6,33,3,37,21,26,11,1,1,10,8,3,6,63,32,17,9,83,73,6,1,4,2015,0,0,0,5,51.200560967404144,61.5727002967359,59.523809523809526,108,5.602240896358543,20.0,80.0,50.0,4.0,4,1,34,77.49081885856079
S45G01N10,2024-2025,20241024,539,away,16,12,2,24,11,35,1,44,15,15,4,0,0,13,7,4,8,59,19,19,13,49,72,3,0,11,2015,0,0,0,11,-51.200560967404144,37.85537700865266,35.59322033898305,45,14.527205493924987,28.94736842105263,53.84615384615385,63.1578947368421,1.0909090909090908,4,1,0,77.49081885856079,64,17,5,27,6,33,3,37,21,26,11,1,1,10,8,3,6,63,32,17,9,83,73,6,1,4,2015,0,0,0,5,51.200560967404144,61.5727002967359,59.523809523809526,109,5.602240896358543,20.0,80.0,53.125,4.25,4,1,34,77.49081885856079
S45G01N10,2024-2025,20241024,540,away,16,12,2,24,11,35,1,44,15,16,4,0,0,13,7,4,8,60,19,19,13,49,73,3,0,11,2030,0,0,0,11,-52.35258096158104,37.27936701156421,35.0,44,14.337851929092805,28.94736842105263,53.84615384615385,63.1578947368421,1.0909090909090908,4,1,0,77.50935960591134,64,17,5,27,6,33,3,37,21,26,11,1,1,10,8,3,6,63,32,17,9,83,73,6,1,4,2030,0,0,0,5,52.35258096158104,61.5727002967359,59.523809523809526,109,5.602240896358543,20.0,80.0,53.125,4.25,4,1,34,77.50935960591134
S45G01N10,2024-2025,20241024,541,away,16,12,2,24,11,35,1,44,15,16,4,0,0,13,7,4,8,60,19,19,13,49,73,3,0,11,2031,0,0,0,11,-52.35258096158104,37.27936701156421,35.0,44,14.337851929092805,28.205128205128204,53.84615384615385,63.1578947368421,1.0909090909090908,4,1,0,77.47119645494831,64,17,5,28,6,34,3,37,21,26,11,1,1,10,8,3,6,63,32,17,9,83,73,6,1,4,2031,0,0,0,5,52.35258096158104,61.5727002967359,59.523809523809526,110,5.602240896358543,20.0,80.0,53.125,4.25,4,1,34,77.47119645494831
S45G01N10,2024-2025,20241024,542,away,16,12,2,24,11,35,1,44,15,16,4,0,0,13,7,4,8,60,19,19,13,49,73,3,0,11,2047,0,0,0,11,-50.44126597687156,37.27936701156421,35.0,44,14.337851929092805,28.205128205128204,53.84615384615385,63.1578947368421,1.0909090909090908,4,1,0,77.45188080117245,64,17,5,28,6,34,3,38,21,26,11,1,1,10,8,3,6,64,32,17,9,83,74,6,1,4,2047,0,0,0,5,50.44126597687156,60.67251461988304,58.59375,109,5.524861878453038,20.0,80.0,53.125,4.25,4,1,34,77.45188080117245
S45G01N10,2024-2025,20241024,543,away,16,12,2,25,11,36,1,44,15,16,4,0,0,13,7,4,8,60,19,19,13,49,73,3,0,11,2048,0,0,0,11,-50.44126597687156,37.27936701156421,35.0,45,14.337851929092805,28.205128205128204,53.84615384615385,63.1578947368421,1.0909090909090908,4,1,0,77.4140625,64,17,5,28,6,34,3,38,21,26,11,1,1,10,8,3,6,64,32,17,9,83,74,6,1,4,2048,0,0,0,5,50.44126597687156,60.67251461988304,58.59375,109,5.524861878453038,19.35483870967742,80.0,53.125,4.25,4,1,34,77.4140625
S45G01N10,2024-2025,20241024,544,away,16,12,2,25,11,36,1,44,15,16,4,0,0,13,7,4,8,60,19,19,13,49,73,3,0,11,2049,0,0,0,11,-50.44126597687156,37.27936701156421,35.0,45,14.337851929092805,28.205128205128204,53.84615384615385,63.1578947368421,1.0909090909090908,4,1,0,77.37628111273793,64,17,5,28,6,34,3,38,21,26,11,1,1,10,8,3,6,64,32,18,10,83,74,6,1,4,2049,0,0,0,5,50.44126597687156,60.67251461988304,58.59375,109,5.524861878453038,19.35483870967742,80.0,53.125,4.25,4,1,34,77.37628111273793
S45G01N10,2024-2025,20241024,545,away,16,12,2,25,11,36,1,44,15,16,4,0,0,13,7,4,8,60,19,19,13,49,73,3,0,11,2049,0,0,0,11,-50.44126597687156,37.27936701156421,35.0,45,14.337851929092805,28.205128205128204,53.84615384615385,63.1578947368421,1.0909090909090908,4,1,0,77.37628111273793,64,17,5,28,6,34,3,38,21,26,11,1,1,10,8,3,6,64,32,18,10,83,74,6,1,4,2049,0,0,0,5,50.44126597687156,60.67251461988304,58.59375,109,5.524861878453038,19.35483870967742,80.0,53.125,4.25,4,1,34,77.37628111273793
S45G01N10,2024-2025,20241024,546,away,16,12,2,25,11,36,1,44,15,16,4,0,0,13,7,4,8,60,19,19,13,49,73,3,0,11,2049,0,0,0,11,-50.44126597687156,37.27936701156421,35.0,45,14.337851929092805,28.205128205128204,53.84615384615385,63.1578947368421,1.0909090909090908,4,1,0,77.37628111273793,64,17,5,28,6,34,3,38,21,26,11,1,1,10,8,3,6,64,32,18,10,83,74,6,1,4,2049,0,0,0,5,50.44126597687156,60.67251461988304,58.59375,109,5.524861878453038,19.35483870967742,80.0,53.125,4.25,4,1,34,77.37628111273793
S45G01N10,2024-2025,20241024,547,away,16,12,2,25,11,36,1,44,15,16,4,0,0,13,7,4,8,60,19,19,13,49,73,3,0,11,2049,0,0,0,11,-50.44126597687156,37.27936701156421,35.0,45,14.337851929092805,28.205128205128204,53.84615384615385,63.1578947368421,1.0909090909090908,4,1,0,77.37628111273793,64,17,5,28,6,34,3,38,21,26,11,1,1,10,8,3,6,64,32,18,10,83,74,6,1,4,2049,0,0,0,5,50.44126597687156,60.67251461988304,58.59375,109,5.524861878453038,19.35483870967742,80.0,53.125,4.25,4,1,34,77.37628111273793
S45G01N10,2024-2025,20241024,548,away,16,12,2,25,11,36,1,44,15,16,4,0,0,13,7,4,8,60,19,19,13,49,73,3,0,11,2049,0,0,0,11,-50.44126597687156,37.27936701156421,35.0,45,14.337851929092805,28.205128205128204,53.84615384615385,63.1578947368421,1.0909090909090908,4,1,0,77.37628111273793,64,17,5,28,6,34,3,38,21,26,11,1,1,10,8,3,6,64,32,18,10,83,74,6,1,4,2049,0,0,0,5,50.44126597687156,60.67251461988304,58.59375,109,5.524861878453038,19.35483870967742,80.0,53.125,4.25,4,1,34,77.37628111273793
S45G01N10,2024-2025,20241024,549,away,16,12,2,25,11,36,1,44,15,16,4,0,0,13,7,4,8,60,19,19,13,49,73,3,0,11,2049,0,0,0,11,-50.44126597687156,37.27936701156421,35.0,45,14.337851929092805,28.205128205128204,53.84615384615385,63.1578947368421,1.0909090909090908,4,1,0,77.37628111273793,64,17,5,28,6,34,3,38,21,26,11,1,1,10,8,3,6,64,32,18,10,83,74,6,1,4,2049,0,0,0,5,50.44126597687156,60.67251461988304,58.59375,109,5.524861878453038,19.35483870967742,80.0,53.125,4.25,4,1,34,77.37628111273793
S45G01N10,2024-2025,20241024,550,away,16,12,2,25,11,36,1,44,15,16,4,0,0,13,7,4,8,60,19,19,13,49,73,3,0,11,2049,0,0,0,11,-50.44126597687156,37.27936701156421,35.0,45,14.337851929092805,28.205128205128204,53.84615384615385,63.1578947368421,1.0909090909090908,4,1,0,77.37628111273793,64,17,5,28,6,34,3,38,21,26,11,1,1,10,8,3,6,64,32,18,10,83,74,6,1,4,2049,0,0,0,5,50.44126597687156,60.67251461988304,58.59375,109,5.524861878453038,19.35483870967742,80.0,53.125,4.25,4,1,34,77.37628111273793
S45G01N10,2024-2025,20241024,551,away,16,12,2,25,11,36,1,44,15,16,4,0,0,13,7,4,8,60,19,19,13,49,73,3,0,11,2049,0,0,0,11,-50.44126597687156,37.27936701156421,35.0,45,14.337851929092805,28.205128205128204,53.84615384615385,63.1578947368421,1.0909090909090908,4,1,0,77.37628111273793,64,17,5,28,6,34,3,38,21,26,11,1,1,10,8,3,6,64,32,18,10,83,74,6,1,4,2049,0,0,0,5,50.44126597687156,60.67251461988304,58.59375,109,5.524861878453038,19.35483870967742,80.0,53.125,4.25,4,1,34,77.37628111273793
S45G01N10,2024-2025,20241024,552,away,16,12,2,25,11,36,1,44,15,16,4,0,0,13,7,4,8,60,19,19,13,49,73,3,0,11,2049,0,0,0,11,-50.44126597687156,37.27936701156421,35.0,45,14.337851929092805,28.205128205128204,53.84615384615385,63.1578947368421,1.0909090909090908,4,1,0,77.37628111273793,64,17,5,28,6,34,3,38,21,26,11,1,1,10,8,3,6,64,32,18,10,83,74,6,1,4,2049,0,0,0,5,50.44126597687156,60.67251461988304,58.59375,109,5.524861878453038,19.35483870967742,80.0,53.125,4.25,4,1,34,77.37628111273793
S45G01N10,2024-2025,20241024,553,away,16,12,2,25,11,36,1,44,15,16,4,0,0,13,7,4,8,60,19,19,13,49,73,3,0,11,2049,0,0,0,11,-50.44126597687156,37.27936701156421,35.0,45,14.337851929092805,28.205128205128204,53.84615384615385,63.1578947368421,1.0909090909090908,4,1,0,77.37628111273793,64,17,5,28,6,34,3,38,21,26,11,1,1,10,8,3,6,64,32,18,10,83,74,6,1,4,2049,0,0,0,5,50.44126597687156,60.67251461988304,58.59375,109,5.524861878453038,19.35483870967742,80.0,53.125,4.25,4,1,34,77.37628111273793
S45G01N10,2024-2025,20241024,554,away,16,12,2,25,11,36,1,44,15,16,4,0,0,13,7,4,8,60,19,19,13,49,73,3,0,11,2049,0,0,0,11,-50.44126597687156,37.27936701156421,35.0,45,14.337851929092805,28.205128205128204,53.84615384615385,63.1578947368421,1.0909090909090908,4,1,0,77.37628111273793,64,17,5,28,6,34,3,38,21,26,11,1,1,10,8,3,6,64,32,18,10,83,74,6,1,4,2049,0,0,0,5,50.44126597687156,60.67251461988304,58.59375,109,5.524861878453038,19.35483870967742,80.0,53.125,4.25,4,1,34,77.37628111273793
S45G01N10,2024-2025,20241024,555,away,16,12,2,25,11,36,1,44,15,16,4,0,0,13,7,4,8,60,19,19,13,49,73,3,0,11,2049,0,0,0,11,-50.44126597687156,37.27936701156421,35.0,45,14.337851929092805,28.205128205128204,53.84615384615385,63.1578947368421,1.0909090909090908,4,1,0,77.37628111273793,64,17,5,28,6,34,3,38,21,26,11,1,1,10,8,3,6,64,32,18,10,83,74,6,1,4,2049,0,0,0,5,50.44126597687156,60.67251461988304,58.59375,109,5.524861878453038,19.35483870967742,80.0,53.125,4.25,4,1,34,77.37628111273793
S45G01N10,2024-2025,20241024,556,away,16,12,2,25,11,36,1,44,15,16,4,0,0,13,7,4,8,60,19,19,13,49,73,3,0,11,2049,0,0,0,11,-50.44126597687156,37.27936701156421,35.0,45,14.337851929092805,28.205128205128204,53.84615384615385,63.1578947368421,1.0909090909090908,4,1,0,77.37628111273793,64,17,5,28,6,34,3,38,21,26,11,1,1,10,8,3,6,64,32,18,10,83,74,6,1,4,2049,0,0,0,5,50.44126597687156,60.67251461988304,58.59375,109,5.524861878453038,19.35483870967742,80.0,53.125,4.25,4,1,34,77.37628111273793
S45G01N10,2024-2025,20241024,557,away,16,12,2,25,11,36,1,44,15,16,4,0,0,13,7,4,8,60,19,19,13,49,73,3,0,11,2049,0,0,0,11,-50.44126597687156,37.27936701156421,35.0,45,14.337851929092805,28.205128205128204,53.84615384615385,63.1578947368421,1.0909090909090908,4,1,0,77.37628111273793,64,17,5,28,6,34,3,38,21,26,11,1,1,10,8,3,6,64,32,18,10,83,74,6,1,4,2049,0,0,0,5,50.44126597687156,60.67251461988304,58.59375,109,5.524861878453038,19.35483870967742,80.0,53.125,4.25,4,1,34,77.37628111273793
S45G01N10,2024-2025,20241024,558,away,16,12,2,25,11,36,1,45,16,16,4,1,1,13,7,4,8,61,20,19,13,51,74,3,0,11,2061,0,0,0,11,-48.56115107913668,38.219424460431654,36.0655737704918,47,14.153371075656201,28.205128205128204,53.84615384615385,60.0,1.0909090909090908,2,1,0,77.5080058224163,64,17,5,28,6,34,3,38,21,26,11,1,1,10,8,3,6,64,32,18,10,83,74,6,1,4,2061,0,0,0,5,48.56115107913668,60.67251461988304,58.59375,109,5.524861878453038,19.35483870967742,80.0,53.125,4.25,2,1,34,77.5080058224163
S45G01N10,2024-2025,20241024,559,away,16,13,2,25,11,36,1,45,16,16,4,1,1,13,7,4,8,61,20,19,13,51,74,3,0,11,2061,0,0,0,11,-48.56115107913668,38.219424460431654,36.0655737704918,48,14.153371075656201,28.205128205128204,53.84615384615385,65.0,1.1818181818181819,2,1,0,77.5080058224163,64,17,5,28,6,34,3,38,21,26,11,1,1,10,8,3,6,64,32,18,10,83,74,6,1,4,2061,0,0,0,5,48.56115107913668,60.67251461988304,58.59375,109,5.524861878453038,19.35483870967742,80.0,53.125,4.25,2,1,34,77.5080058224163
S45G01N10,2024-2025,20241024,560,away,16,13,2,25,11,36,1,45,16,16,4,1,1,13,7,4,8,61,20,19,13,51,74,3,0,11,2078,0,0,0,11,-46.7065516726085,38.219424460431654,36.0655737704918,48,14.153371075656201,28.205128205128204,53.84615384615385,65.0,1.1818181818181819,2,1,0,77.45139557266603,64,17,5,28,6,34,3,38,21,26,11,1,1,10,8,3,6,64,32,18,10,83,74,6,1,5,2078,0,0,0,6,46.7065516726085,60.67251461988304,58.59375,108,6.8119891008174385,19.35483870967742,80.0,53.125,3.4,2,1,34,77.45139557266603
S45G01N10,2024-2025,20241024,561,away,16,13,2,25,11,36,1,45,16,17,4,1,1,13,7,4,8,62,20,19,13,51,75,3,0,11,2088,0,0,0,11,-47.83530018000458,37.65505020673361,35.483870967741936,47,13.973577235772359,28.205128205128204,53.84615384615385,65.0,1.1818181818181819,2,1,0,77.6551724137931,64,17,5,28,6,34,3,38,21,26,11,1,1,10,8,3,6,64,32,18,10,83,74,6,1,5,2088,0,0,0,6,47.83530018000458,60.67251461988304,58.59375,108,6.8119891008174385,19.35483870967742,80.0,53.125,3.4,2,1,34,77.6551724137931
S45G01N10,2024-2025,20241024,562,away,16,13,2,25,11,36,2,45,16,17,4,1,1,13,7,4,8,62,20,19,13,51,75,3,0,11,2089,0,0,0,11,-47.83530018000458,37.65505020673361,35.483870967741936,48,13.973577235772359,28.205128205128204,53.84615384615385,65.0,1.1818181818181819,2,1,0,77.61799904260413,64,17,5,28,6,34,3,38,21,26,11,1,1,10,8,3,6,64,32,18,10,83,74,6,1,5,2089,0,0,0,6,47.83530018000458,60.67251461988304,58.59375,108,6.8119891008174385,19.35483870967742,80.0,53.125,3.4,2,1,34,77.61799904260413
S45G01N10,2024-2025,20241024,563,away,16,13,2,25,11,36,2,46,17,17,4,1,1,13,7,4,8,63,21,19,13,53,76,3,0,11,2093,0,0,0,11,-46.02083714760451,38.56228172293365,36.507936507936506,50,13.798294029101857,28.205128205128204,53.84615384615385,61.904761904761905,1.1818181818181819,4,1,0,78.0430004777831,64,17,5,28,6,34,3,38,21,26,11,1,1,10,8,3,6,64,32,18,10,83,74,6,1,5,2093,0,0,0,6,46.02083714760451,60.67251461988304,58.59375,108,6.8119891008174385,19.35483870967742,80.0,53.125,3.4,4,1,34,78.0430004777831
S45G01N10,2024-2025,20241024,564,away,16,14,2,25,11,36,2,46,17,17,4,1,1,13,7,4,8,63,21,19,13,53,76,3,0,11,2093,0,0,0,11,-46.02083714760451,38.56228172293365,36.507936507936506,51,13.798294029101857,28.205128205128204,53.84615384615385,66.66666666666667,1.2727272727272727,4,1,0,78.0430004777831,64,17,5,28,6,34,3,38,21,26,11,1,1,10,8,3,6,64,32,18,10,83,74,6,1,5,2093,0,0,0,6,46.02083714760451,60.67251461988304,58.59375,108,6.8119891008174385,19.35483870967742,80.0,53.125,3.4,4,1,34,78.0430004777831
S45G01N10,2024-2025,20241024,565,away,16,14,2,25,11,36,2,46,17,17,4,1,1,13,7,4,8,63,21,19,13,53,76,3,0,11,2113,0,0,0,11,-44.22046579389878,38.56228172293365,36.507936507936506,51,13.798294029101857,28.205128205128204,53.84615384615385,66.66666666666667,1.2727272727272727,4,1,0,77.87221959299575,64,17,5,28,6,34,3,38,21,26,11,1,1,10,8,3,6,64,32,18,10,83,74,6,1,6,2113,0,0,0,7,44.22046579389878,60.67251461988304,58.59375,107,8.064516129032258,19.35483870967742,80.0,53.125,2.8333333333333335,4,1,34,77.87221959299575
S45G01N10,2024-2025,20241024,566,away,16,14,2,25,11,36,2,46,17,17,4,1,1,13,7,4,8,63,21,19,13,53,76,4,0,11,2114,0,0,0,11,-44.22046579389878,38.56228172293365,36.507936507936506,52,13.798294029101857,28.205128205128204,53.84615384615385,66.66666666666667,1.2727272727272727,4,1,0,77.83538315988648,64,17,5,28,6,34,3,38,21,26,11,1,1,10,8,3,6,64,32,18,10,83,74,6,1,6,2114,0,0,0,7,44.22046579389878,60.67251461988304,58.59375,107,8.064516129032258,19.35483870967742,80.0,53.125,2.8333333333333335,4,1,34,77.83538315988648
S45G01N10,2024-2025,20241024,567,away,16,14,2,25,11,36,2,46,17,17,4,1,1,13,7,4,8,63,21,20,14,53,76,4,0,11,2117,0,0,0,11,-44.22046579389878,38.56228172293365,36.507936507936506,52,13.798294029101857,28.205128205128204,53.84615384615385,66.66666666666667,1.2727272727272727,4,1,0,77.72508266414738,64,17,5,28,6,34,3,38,21,26,11,1,1,10,8,3,6,64,32,18,10,83,74,6,1,6,2117,0,0,0,7,44.22046579389878,60.67251461988304,58.59375,107,8.064516129032258,19.35483870967742,80.0,53.125,2.8333333333333335,4,1,34,77.72508266414738
S45G01N10,2024-2025,20241024,568,away,16,14,2,25,11,36,2,46,17,17,4,1,1,13,7,4,8,63,21,20,14,53,76,4,0,11,2117,0,0,0,11,-44.22046579389878,38.56228172293365,36.507936507936506,52,13.798294029101857,28.205128205128204,53.84615384615385,66.66666666666667,1.2727272727272727,4,1,0,77.72508266414738,64,17,5,28,6,34,3,38,21,26,11,1,1,10,8,3,6,64,32,18,10,83,74,6,1,6,2117,0,0,0,7,44.22046579389878,60.67251461988304,58.59375,107,8.064516129032258,19.35483870967742,80.0,53.125,2.8333333333333335,4,1,34,77.72508266414738
S45G01N10,2024-2025,20241024,569,away,16,14,2,25,11,36,2,46,17,17,4,1,1,13,7,4,8,63,21,20,14,53,76,4,0,12,2117,0,0,0,12,-45.32667008887681,38.56228172293365,36.507936507936506,51,14.866204162537166,28.205128205128204,53.84615384615385,66.66666666666667,1.1666666666666667,4,1,0,78.29192253188474,64,17,5,28,6,34,3,38,21,26,11,1,1,10,8,3,6,64,32,18,10,83,74,6,1,6,2117,0,0,0,7,45.32667008887681,60.67251461988304,58.59375,107,8.064516129032258,19.35483870967742,80.0,53.125,2.8333333333333335,4,1,34,78.29192253188474
S45G01N10,2024-2025,20241024,570,away,16,14,2,25,11,36,2,46,17,17,4,1,1,13,7,4,8,63,21,20,14,53,76,4,0,12,2117,0,0,0,12,-45.32667008887681,38.56228172293365,36.507936507936506,51,14.866204162537166,28.205128205128204,53.84615384615385,66.66666666666667,1.1666666666666667,4,1,0,78.29192253188474,64,17,5,28,6,34,3,38,21,26,11,1,1,10,8,3,6,64,32,18,10,83,74,6,1,6,2117,0,0,0,7,45.32667008887681,60.67251461988304,58.59375,107,8.064516129032258,19.35483870967742,80.0,53.125,2.8333333333333335,4,1,34,78.29192253188474
S45G01N10,2024-2025,20241024,571,away,16,14,2,25,11,36,2,46,17,17,4,1,1,13,7,4,8,63,21,20,14,53,76,4,0,12,2128,0,0,0,12,-47.90094920645943,38.56228172293365,36.507936507936506,51,14.866204162537166,28.205128205128204,53.84615384615385,66.66666666666667,1.1666666666666667,3,1,0,78.45112781954887,64,17,5,28,6,34,3,38,21,27,12,1,1,10,8,3,6,65,33,18,10,86,75,6,1,6,2128,0,0,0,7,47.90094920645943,61.95965417867435,60.0,110,7.957559681697612,19.35483870967742,80.0,51.515151515151516,2.8333333333333335,3,1,34,78.45112781954887
S45G01N10,2024-2025,20241024,572,away,16,14,2,25,11,36,2,46,17,17,4,1,1,13,7,4,8,63,21,20,14,53,76,4,0,13,2143,0,0,0,13,-48.97586944332154,38.56228172293365,36.507936507936506,50,15.907978463044543,28.205128205128204,53.84615384615385,66.66666666666667,1.0769230769230769,3,1,0,78.4619692020532,64,17,5,28,6,34,3,38,21,27,12,1,1,10,8,3,6,65,33,18,10,86,75,6,1,6,2143,0,0,0,7,48.97586944332154,61.95965417867435,60.0,110,7.957559681697612,19.35483870967742,80.0,51.515151515151516,2.8333333333333335,3,1,34,78.4619692020532
S45G01N10,2024-2025,20241024,573,away,16,14,2,25,11,36,2,46,17,17,4,1,1,13,7,4,8,63,21,20,14,53,76,4,0,13,2143,0,0,0,13,-48.97586944332154,38.56228172293365,36.507936507936506,50,15.907978463044543,28.205128205128204,53.84615384615385,66.66666666666667,1.0769230769230769,3,1,0,78.4619692020532,64,17,5,28,6,34,3,38,21,27,12,1,1,10,8,3,6,65,33,18,10,86,75,6,1,6,2143,0,0,0,7,48.97586944332154,61.95965417867435,60.0,110,7.957559681697612,19.35483870967742,80.0,51.515151515151516,2.8333333333333335,3,1,34,78.4619692020532
S45G01N10,2024-2025,20241024,574,away,16,14,2,25,11,36,2,46,17,17,4,1,1,13,7,4,8,63,21,20,14,53,76,4,0,13,2143,0,0,0,13,-48.97586944332154,38.56228172293365,36.507936507936506,50,15.907978463044543,28.205128205128204,53.84615384615385,66.66666666666667,1.0769230769230769,3,1,0,78.4619692020532,64,17,5,28,6,34,3,38,21,27,12,1,1,10,8,3,6,65,33,18,10,86,75,6,1,6,2143,0,0,0,7,48.97586944332154,61.95965417867435,60.0,110,7.957559681697612,19.35483870967742,80.0,51.515151515151516,2.8333333333333335,3,1,34,78.4619692020532
S45G01N10,2024-2025,20241024,575,away,16,14,2,25,11,36,2,46,17,17,4,1,1,13,7,4,8,63,21,20,14,53,76,4,0,13,2144,0,0,0,13,-47.21565199506374,38.56228172293365,36.507936507936506,50,15.907978463044543,28.205128205128204,53.84615384615385,66.66666666666667,1.0769230769230769,3,1,0,78.98507462686567,64,17,5,28,6,34,3,38,21,27,12,1,1,10,8,3,6,65,33,18,10,86,75,6,1,7,2144,0,0,0,8,47.21565199506374,61.95965417867435,60.0,109,9.162303664921465,19.35483870967742,80.0,51.515151515151516,2.4285714285714284,3,1,34,78.98507462686567
S45G01N10,2024-2025,20241024,576,away,16,14,2,25,11,36,2,47,17,17,4,1,1,13,7,4,8,64,21,20,14,53,77,4,0,13,2151,0,0,0,13,-48.260596765197974,38.009179575444634,35.9375,49,15.715667311411993,28.205128205128204,53.84615384615385,66.66666666666667,1.0769230769230769,3,1,0,79.28591352859135,64,17,5,28,6,34,3,38,21,27,12,1,1,10,8,3,6,65,33,18,10,86,75,6,1,7,2151,0,0,0,8,48.260596765197974,61.95965417867435,60.0,109,9.162303664921465,19.35483870967742,80.0,51.515151515151516,2.4285714285714284,3,1,34,79.28591352859135
S45G01N10,2024-2025,20241024,577,away,16,14,2,25,11,36,2,47,17,17,4,1,1,13,7,4,8,64,21,20,14,53,77,4,0,13,2153,0,0,0,13,-48.260596765197974,38.009179575444634,35.9375,49,15.715667311411993,27.5,53.84615384615385,66.66666666666667,1.0769230769230769,3,1,0,79.21226196005573,64,17,5,29,6,35,3,38,21,27,12,1,1,10,8,3,6,65,33,18,10,86,75,6,1,7,2153,0,0,0,8,48.260596765197974,61.95965417867435,60.0,110,9.162303664921465,19.35483870967742,80.0,51.515151515151516,2.4285714285714284,3,1,34,79.21226196005573
S45G01N10,2024-2025,20241024,578,away,16,14,2,25,11,36,2,47,17,17,4,1,1,13,7,4,8,64,21,20,14,53,77,4,0,13,2176,0,0,0,13,-46.54968512781575,38.009179575444634,35.9375,49,15.715667311411993,27.5,53.84615384615385,66.66666666666667,1.0769230769230769,3,1,0,78.9264705882353,64,17,5,29,6,35,3,39,21,27,12,1,1,10,8,3,6,66,33,18,10,86,76,6,1,7,2176,0,0,0,8,46.54968512781575,61.079545454545446,59.09090909090909,109,9.04392764857881,19.35483870967742,80.0,51.515151515151516,2.4285714285714284,3,1,34,78.9264705882353
S45G01N10,2024-2025,20241024,579,away,16,14,2,25,11,36,2,47,17,17,4,1,1,13,7,4,8,64,21,20,14,53,77,4,0,13,2177,0,0,0,13,-48.260596765197974,38.009179575444634,35.9375,49,15.715667311411993,27.5,53.84615384615385,66.66666666666667,1.0769230769230769,3,1,0,78.33899862195682,64,17,5,29,7,36,3,39,21,27,12,1,1,10,8,3,6,66,33,18,10,86,76,6,1,7,2177,0,0,0,8,48.260596765197974,61.079545454545446,59.09090909090909,110,9.04392764857881,21.875,80.0,51.515151515151516,2.4285714285714284,3,1,34,78.33899862195682
S45G01N10,2024-2025,20241024,580,away,16,14,2,25,11,36,2,47,17,17,4,1,1,13,7,4,8,64,21,20,14,53,77,4,0,13,2180,0,0,0,13,-46.54968512781575,38.009179575444634,35.9375,49,15.715667311411993,27.5,53.84615384615385,66.66666666666667,1.0769230769230769,3,1,0,78.7816513761468,64,17,5,29,7,36,3,40,21,27,12,1,1,10,8,3,6,67,33,18,10,86,77,6,1,7,2180,0,0,0,8,46.54968512781575,60.224089635854334,58.208955223880594,109,8.928571428571427,21.875,80.0,51.515151515151516,2.4285714285714284,3,1,34,78.7816513761468
S45G01N10,2024-2025,20241024,581,away,16,14,2,26,11,37,2,47,17,17,4,1,1,13,7,4,8,64,21,20,14,53,77,4,0,13,2182,0,0,0,13,-46.54968512781575,38.009179575444634,35.9375,50,15.715667311411993,27.5,53.84615384615385,66.66666666666667,1.0769230769230769,3,1,0,78.70944087992667,64,17,5,29,7,36,3,40,21,27,12,1,1,10,8,3,6,67,33,18,10,86,77,6,1,7,2182,0,0,0,8,46.54968512781575,60.224089635854334,58.208955223880594,109,8.928571428571427,21.21212121212121,80.0,51.515151515151516,2.4285714285714284,3,1,34,78.70944087992667
S45G01N10,2024-2025,20241024,582,away,16,14,2,26,11,37,2,47,17,18,4,1,1,13,7,4,8,65,21,20,14,53,78,4,0,13,2193,0,0,0,13,-47.56589104288578,37.47171945701358,35.38461538461539,49,15.527950310559007,27.5,53.84615384615385,66.66666666666667,1.0769230769230769,3,1,0,78.86183310533517,64,17,5,29,7,36,3,40,21,27,12,1,1,10,8,3,6,67,33,18,10,86,77,6,1,7,2193,0,0,0,8,47.56589104288578,60.224089635854334,58.208955223880594,109,8.928571428571427,21.21212121212121,80.0,51.515151515151516,2.4285714285714284,3,1,34,78.86183310533517
S45G01N10,2024-2025,20241024,583,away,16,14,2,26,11,37,2,47,17,18,4,1,1,13,7,4,8,65,21,20,14,53,78,4,0,13,2195,0,0,0,13,-47.56589104288578,37.47171945701358,35.38461538461539,49,15.527950310559007,26.829268292682926,53.84615384615385,66.66666666666667,1.0769230769230769,3,1,0,78.78997722095673,64,17,5,30,7,37,3,40,21,27,12,1,1,10,8,3,6,67,33,18,10,86,77,6,1,7,2195,0,0,0,8,47.56589104288578,60.224089635854334,58.208955223880594,110,8.928571428571427,21.21212121212121,80.0,51.515151515151516,2.4285714285714284,3,1,34,78.78997722095673
S45G01N10,2024-2025,20241024,584,away,16,14,2,26,11,37,2,47,17,18,4,1,1,13,7,4,8,65,21,20,14,53,78,4,0,13,2201,0,0,0,13,-48.66467309714396,37.47171945701358,35.38461538461539,49,15.527950310559007,26.829268292682926,53.84615384615385,66.66666666666667,1.0769230769230769,5,1,0,79.12039981826443,64,17,5,30,7,37,3,41,22,27,12,1,1,10,8,3,6,68,34,18,10,88,78,6,1,7,2201,0,0,0,8,48.66467309714396,60.773480662983424,58.8235294117647,112,8.816120906801007,21.21212121212121,80.0,50.0,2.4285714285714284,5,1,35,79.12039981826443
S45G01N10,2024-2025,20241024,585,away,16,14,2,26,11,37,2,47,17,18,4,1,1,13,7,4,8,65,21,20,14,53,78,4,0,13,2201,0,0,0,13,-48.66467309714396,37.47171945701358,35.38461538461539,49,15.527950310559007,26.829268292682926,53.84615384615385,66.66666666666667,1.0769230769230769,5,1,0,79.12039981826443,64,18,5,30,7,37,3,41,22,27,12,1,1,10,8,3,6,68,34,18,10,88,78,6,1,7,2201,0,0,0,8,48.66467309714396,60.773480662983424,58.8235294117647,113,8.816120906801007,21.21212121212121,80.0,52.94117647058823,2.5714285714285716,5,1,35,79.12039981826443
S45G01N10,2024-2025,20241024,586,away,16,14,2,26,11,37,2,47,17,18,4,1,1,13,7,4,8,65,21,20,14,53,78,4,0,13,2201,0,0,0,13,-48.66467309714396,37.47171945701358,35.38461538461539,49,15.527950310559007,26.829268292682926,53.84615384615385,66.66666666666667,1.0769230769230769,5,1,0,79.12039981826443,64,18,5,30,7,37,3,41,22,27,12,1,1,10,8,3,6,68,34,18,10,88,78,6,1,7,2201,0,0,0,8,48.66467309714396,60.773480662983424,58.8235294117647,113,8.816120906801007,21.21212121212121,80.0,52.94117647058823,2.5714285714285716,5,1,35,79.12039981826443
S45G01N10,2024-2025,20241024,587,away,16,14,2,26,11,37,2,48,18,18,4,1,1,13,7,4,8,66,22,20,14,55,79,4,0,13,2226,0,0,0,13,-46.94034168407862,38.34355828220859,36.36363636363637,51,15.34466477809254,26.829268292682926,53.84615384615385,63.63636363636363,1.0769230769230769,2,1,0,78.77088948787062,64,18,5,30,7,37,3,41,22,27,12,1,1,10,8,3,6,68,34,18,10,88,78,6,1,7,2226,0,0,0,8,46.94034168407862,60.773480662983424,58.8235294117647,113,8.816120906801007,21.21212121212121,80.0,52.94117647058823,2.5714285714285716,2,1,35,78.77088948787062
S45G01N10,2024-2025,20241024,588,away,16,14,2,26,11,37,2,48,18,18,4,1,1,13,7,4,8,66,22,20,14,55,79,4,0,13,2245,0,0,0,13,-45.28438853249868,38.34355828220859,36.36363636363637,51,15.34466477809254,26.829268292682926,53.84615384615385,63.63636363636363,1.0769230769230769,2,1,0,78.63875278396438,64,18,5,30,7,37,3,41,22,28,12,1,1,10,8,3,6,69,34,18,10,88,79,6,1,7,2245,0,0,0,8,45.28438853249868,59.945504087193456,57.971014492753625,112,8.706467661691542,21.21212121212121,80.0,52.94117647058823,2.5714285714285716,2,1,35,78.63875278396438
S45G01N10,2024-2025,20241024,589,away,16,14,2,26,11,37,2,48,18,18,4,1,1,13,7,4,8,66,22,20,14,55,79,4,0,13,2246,0,0,0,13,-46.94034168407862,38.34355828220859,36.36363636363637,51,15.34466477809254,26.829268292682926,53.84615384615385,63.63636363636363,1.0769230769230769,2,1,0,78.06945681211042,64,18,5,30,8,38,3,41,22,28,12,1,1,10,8,3,6,69,34,18,10,88,79,6,1,7,2246,0,0,0,8,46.94034168407862,59.945504087193456,57.971014492753625,113,8.706467661691542,23.529411764705884,80.0,52.94117647058823,2.5714285714285716,2,1,35,78.06945681211042
S45G01N10,2024-2025,20241024,590,away,16,14,2,26,11,37,2,48,18,18,4,1,1,13,7,4,8,66,22,21,14,55,79,4,0,13,2254,0,0,0,13,-46.94034168407862,38.34355828220859,36.36363636363637,51,15.34466477809254,26.829268292682926,53.84615384615385,63.63636363636363,1.0769230769230769,2,1,0,77.79236912156168,64,18,5,30,8,38,3,41,22,28,12,1,1,10,8,3,6,69,34,18,10,88,79,6,1,7,2254,0,0,0,8,46.94034168407862,59.945504087193456,57.971014492753625,113,8.706467661691542,23.529411764705884,80.0,52.94117647058823,2.5714285714285716,2,1,35,77.79236912156168
S45G01N10,2024-2025,20241024,591,away,16,14,2,26,11,37,2,48,18,18,4,1,1,13,7,4,8,66,22,21,14,55,79,4,0,13,2254,0,0,0,13,-46.94034168407862,38.34355828220859,36.36363636363637,51,15.34466477809254,26.829268292682926,53.84615384615385,63.63636363636363,1.0769230769230769,2,1,0,77.79236912156168,64,18,5,30,8,38,3,41,22,28,12,1,1,10,8,3,6,69,34,18,10,88,79,6,1,7,2254,0,0,0,8,46.94034168407862,59.945504087193456,57.971014492753625,113,8.706467661691542,23.529411764705884,80.0,52.94117647058823,2.5714285714285716,2,1,35,77.79236912156168
S45G01N10,2024-2025,20241024,592,away,16,14,2,26,11,37,2,48,18,18,4,1,1,13,7,4,8,66,22,21,14,55,79,4,0,13,2254,0,0,0,13,-47.57899265904531,38.34355828220859,36.36363636363637,51,15.34466477809254,26.829268292682926,53.84615384615385,63.63636363636363,1.0769230769230769,1,1,0,78.02661934338954,64,18,5,30,8,38,3,41,22,28,12,1,1,11,9,3,6,69,34,18,10,89,80,6,1,7,2254,0,0,0,8,47.57899265904531,60.26543878656555,57.971014492753625,114,8.659079663532903,23.529411764705884,81.81818181818181,52.94117647058823,2.5714285714285716,1,1,35,78.02661934338954
S45G01N10,2024-2025,20241024,593,away,16,14,2,26,11,37,2,48,18,18,4,1,1,13,7,4,8,66,22,21,14,55,79,4,0,13,2254,0,0,0,13,-46.84534542361395,38.34355828220859,36.36363636363637,51,15.34466477809254,26.829268292682926,53.84615384615385,63.63636363636363,1.0769230769230769,1,1,0,78.26086956521739,64,18,5,30,8,38,3,41,22,28,12,1,1,12,9,3,6,69,34,18,10,89,81,6,1,7,2254,0,0,0,8,46.84534542361395,59.90845449649973,57.971014492753625,113,8.612204724409448,23.529411764705884,75.0,52.94117647058823,2.5714285714285716,1,1,35,78.26086956521739
S45G01N10,2024-2025,20241024,594,away,16,14,2,26,11,37,2,48,18,18,4,1,1,13,7,4,8,66,22,21,14,55,79,4,0,13,2256,0,0,0,13,-48.52564377814497,38.34355828220859,36.36363636363637,51,15.34466477809254,26.829268292682926,53.84615384615385,63.63636363636363,1.0769230769230769,1,1,0,77.65957446808511,64,18,5,30,9,39,3,41,22,28,12,1,1,12,9,3,6,69,34,18,10,89,81,6,1,7,2256,0,0,0,8,48.52564377814497,59.90845449649973,57.971014492753625,114,8.612204724409448,25.714285714285715,75.0,52.94117647058823,2.5714285714285716,1,1,35,77.65957446808511
S45G01N10,2024-2025,20241024,595,away,16,14,2,26,11,37,2,48,18,18,4,1,1,13,7,4,8,66,22,21,14,55,79,4,0,13,2262,0,0,0,13,-46.84534542361395,38.34355828220859,36.36363636363637,51,15.34466477809254,26.829268292682926,53.84615384615385,63.63636363636363,1.0769230769230769,1,1,0,77.98408488063662,64,18,5,30,9,39,3,41,22,29,12,1,1,12,9,3,6,70,34,18,10,89,82,6,1,7,2262,0,0,0,8,46.84534542361395,59.11264612114771,57.142857142857146,113,8.50753524550316,25.714285714285715,75.0,52.94117647058823,2.5714285714285716,1,1,35,77.98408488063662
S45G01N10,2024-2025,20241024,596,away,16,14,2,27,11,38,2,48,18,18,4,1,1,13,7,4,8,66,22,21,14,55,79,4,0,13,2265,0,0,0,13,-46.84534542361395,38.34355828220859,36.36363636363637,52,15.34466477809254,26.829268292682926,53.84615384615385,63.63636363636363,1.0769230769230769,1,1,0,77.88079470198676,64,18,5,30,9,39,3,41,22,29,12,1,1,12,9,3,6,70,34,18,10,89,82,6,1,7,2265,0,0,0,8,46.84534542361395,59.11264612114771,57.142857142857146,113,8.50753524550316,25.0,75.0,52.94117647058823,2.5714285714285716,1,1,35,77.88079470198676
S45G01N10,2024-2025,20241024,597,away,16,14,2,27,11,38,2,49,19,18,4,1,1,13,7,4,8,67,23,21,14,57,80,4,0,13,2277,0,0,0,13,-45.16716849162637,39.19141914191419,37.3134328358209,54,15.16565562295847,26.829268292682926,53.84615384615385,60.869565217391305,1.0769230769230769,2,1,0,77.9973649538867,64,18,5,30,9,39,3,41,22,29,12,1,1,12,9,3,6,70,34,18,10,89,82,6,1,7,2277,0,0,0,8,45.16716849162637,59.11264612114771,57.142857142857146,113,8.50753524550316,25.0,75.0,52.94117647058823,2.5714285714285716,2,1,35,77.9973649538867
S45G01N10,2024-2025,20241024,598,away,16,14,2,27,11,38,2,49,19,18,4,1,1,13,7,4,8,67,23,21,14,57,80,4,0,13,2297,0,0,0,13,-43.53211241912365,39.19141914191419,37.3134328358209,54,15.16565562295847,26.829268292682926,53.84615384615385,60.869565217391305,1.0769230769230769,2,1,0,77.84066173269481,64,18,5,30,9,39,3,41,22,30,12,1,1,12,9,3,6,71,34,18,10,89,83,6,1,7,2297,0,0,0,8,43.53211241912365,58.33770319874148,56.33802816901409,112,8.40537944284342,25.0,75.0,52.94117647058823,2.5714285714285716,2,1,35,77.84066173269481
S45G01N10,2024-2025,20241024,599,away,16,14,2,27,11,38,2,49,19,18,4,1,1,13,7,4,8,67,23,21,14,57,80,4,0,13,2298,0,0,0,13,-45.16716849162637,39.19141914191419,37.3134328358209,54,15.16565562295847,26.829268292682926,53.84615384615385,60.869565217391305,1.0769230769230769,2,1,0,77.2845953002611,64,18,5,30,10,40,3,41,22,30,12,1,1,12,9,3,6,71,34,18,10,89,83,6,1,7,2298,0,0,0,8,45.16716849162637,58.33770319874148,56.33802816901409,113,8.40537944284342,27.027027027027028,75.0,52.94117647058823,2.5714285714285716,2,1,35,77.2845953002611
S45G01N10,2024-2025,20241024,600,away,16,14,2,27,11,38,2,49,19,18,4,1,1,13,7,4,8,67,23,21,14,57,80,4,0,13,2306,0,0,0,13,-47.57088463237082,39.19141914191419,37.3134328358209,54,15.16565562295847,26.829268292682926,53.84615384615385,60.869565217391305,1.0769230769230769,3,1,0,77.53686036426714,64,18,5,30,10,40,3,41,22,31,13,1,1,12,9,3,6,72,35,18,10,92,84,6,1,7,2306,0,0,0,8,47.57088463237082,59.523809523809526,57.638888888888886,116,8.305647840531561,27.027027027027028,75.0,51.42857142857143,2.5714285714285716,3,1,35,77.53686036426714
S45G01N10,2024-2025,20241024,601,away,16,14,2,27,11,38,2,49,19,18,4,1,1,13,7,4,8,67,23,21,14,57,80,4,0,13,2306,0,0,0,13,-47.57088463237082,39.19141914191419,37.3134328358209,54,15.16565562295847,26.829268292682926,53.84615384615385,60.869565217391305,1.0769230769230769,3,1,0,77.53686036426714,64,19,5,30,10,40,3,41,22,31,13,1,1,12,9,3,6,72,35,18,10,92,84,6,1,7,2306,0,0,0,8,47.57088463237082,59.523809523809526,57.638888888888886,117,8.305647840531561,27.027027027027028,75.0,54.285714285714285,2.7142857142857144,3,1,35,77.53686036426714
S45G01N10,2024-2025,20241024,602,away,16,14,2,27,11,38,2,49,19,18,4,1,1,13,7,4,8,67,23,21,14,57,80,4,0,13,2315,0,0,0,13,-47.57088463237082,39.19141914191419,37.3134328358209,54,15.16565562295847,26.829268292682926,53.84615384615385,60.869565217391305,1.0769230769230769,3,1,0,77.23542116630671,64,19,5,30,10,40,3,41,22,31,13,1,1,12,9,3,6,72,35,19,11,92,84,6,1,7,2315,0,0,0,8,47.57088463237082,59.523809523809526,57.638888888888886,117,8.305647840531561,27.027027027027028,75.0,54.285714285714285,2.7142857142857144,3,1,35,77.23542116630671
S45G01N10,2024-2025,20241024,603,away,16,14,2,27,11,38,2,49,19,18,4,1,1,13,7,4,8,67,23,21,14,57,80,4,0,13,2315,0,0,0,13,-47.57088463237082,39.19141914191419,37.3134328358209,54,15.16565562295847,26.829268292682926,53.84615384615385,60.869565217391305,1.0769230769230769,3,1,0,77.23542116630671,64,19,5,30,10,40,3,41,22,31,13,1,1,12,9,3,6,72,35,19,11,92,84,6,1,7,2315,0,0,0,8,47.57088463237082,59.523809523809526,57.638888888888886,117,8.305647840531561,27.027027027027028,75.0,54.285714285714285,2.7142857142857144,3,1,35,77.23542116630671
S45G01N10,2024-2025,20241024,604,away,16,14,2,27,11,38,2,49,19,18,4,1,1,13,7,4,8,67,23,21,14,57,80,4,0,13,2315,0,0,0,13,-47.57088463237082,39.19141914191419,37.3134328358209,54,15.16565562295847,26.829268292682926,53.84615384615385,60.869565217391305,1.0769230769230769,3,1,0,77.23542116630671,64,19,5,30,10,40,3,41,22,31,13,1,1,12,9,3,6,72,35,19,11,92,84,6,1,7,2315,0,0,0,8,47.57088463237082,59.523809523809526,57.638888888888886,117,8.305647840531561,27.027027027027028,75.0,54.285714285714285,2.7142857142857144,3,1,35,77.23542116630671
S45G01N10,2024-2025,20241024,605,away,16,14,2,27,11,38,2,49,19,18,4,1,1,13,7,4,8,67,23,21,14,57,80,4,0,13,2315,0,0,0,13,-47.57088463237082,39.19141914191419,37.3134328358209,54,15.16565562295847,26.829268292682926,53.84615384615385,60.869565217391305,1.0769230769230769,3,1,0,77.23542116630671,64,19,5,30,10,40,3,41,22,31,13,1,1,12,9,3,6,72,35,19,11,92,84,6,1,7,2315,0,0,0,8,47.57088463237082,59.523809523809526,57.638888888888886,117,8.305647840531561,27.027027027027028,75.0,54.285714285714285,2.7142857142857144,3,1,35,77.23542116630671
S45G01N10,2024-2025,20241024,606,away,16,14,2,27,11,38,2,49,19,19,4,1,1,13,7,4,8,68,23,21,14,57,81,4,0,13,2326,0,0,0,13,-48.578343646817146,38.65979381443299,36.76470588235294,53,14.990774907749078,26.829268292682926,53.84615384615385,60.869565217391305,1.0769230769230769,3,1,0,77.38607050730869,64,19,5,30,10,40,3,41,22,31,13,1,1,12,9,3,6,72,35,19,11,92,84,6,1,7,2326,0,0,0,8,48.578343646817146,59.523809523809526,57.638888888888886,117,8.305647840531561,27.027027027027028,75.0,54.285714285714285,2.7142857142857144,3,1,35,77.38607050730869
S45G01N10,2024-2025,20241024,607,away,16,14,2,27,12,39,2,49,19,19,4,1,1,13,7,4,8,68,23,21,14,57,81,4,0,13,2328,0,0,0,13,-47.57088463237082,38.65979381443299,36.76470588235294,54,14.990774907749078,28.571428571428573,53.84615384615385,60.869565217391305,1.0769230769230769,3,1,0,76.8041237113402,64,19,5,30,10,40,3,41,22,31,13,1,1,12,9,3,6,72,35,19,11,92,84,6,1,7,2328,0,0,0,8,47.57088463237082,59.523809523809526,57.638888888888886,117,8.305647840531561,27.027027027027028,75.0,54.285714285714285,2.7142857142857144,3,1,35,76.8041237113402
S45G01N10,2024-2025,20241024,608,away,16,14,2,27,12,39,2,49,19,20,5,1,1,13,7,4,8,69,24,21,14,60,82,4,0,13,2330,0,0,0,13,-44.61637851211033,40.149892933618844,38.405797101449274,57,14.819881440948473,28.571428571428573,53.84615384615385,58.333333333333336,1.0769230769230769,3,1,0,77.25321888412017,64,19,5,30,10,40,3,41,22,31,13,1,1,12,9,3,6,72,35,19,11,92,84,6,1,7,2330,0,0,0,8,44.61637851211033,59.523809523809526,57.638888888888886,117,8.305647840531561,27.027027027027028,75.0,54.285714285714285,2.7142857142857144,3,1,35,77.25321888412017
S45G01N10,2024-2025,20241024,609,away,16,14,2,27,12,39,2,49,19,20,5,1,1,13,7,4,8,69,24,21,14,60,82,4,0,13,2345,0,0,0,13,-44.61637851211033,40.149892933618844,38.405797101449274,57,14.819881440948473,28.571428571428573,53.84615384615385,58.333333333333336,1.0769230769230769,3,1,0,76.7590618336887,64,19,5,30,10,40,3,41,22,31,13,1,1,12,9,3,6,72,35,20,12,92,84,6,1,7,2345,0,0,0,8,44.61637851211033,59.523809523809526,57.638888888888886,117,8.305647840531561,27.027027027027028,75.0,54.285714285714285,2.7142857142857144,3,1,35,76.7590618336887
S45G01N10,2024-2025,20241024,610,away,16,14,2,27,12,39,2,49,19,20,5,1,1,13,7,4,8,69,24,21,14,60,82,4,0,13,2345,0,0,0,13,-44.61637851211033,40.149892933618844,38.405797101449274,57,14.819881440948473,28.571428571428573,53.84615384615385,58.333333333333336,1.0769230769230769,3,1,0,76.7590618336887,64,19,5,30,10,40,3,41,22,31,13,1,1,12,9,3,6,72,35,20,12,92,84,6,1,7,2345,0,0,0,8,44.61637851211033,59.523809523809526,57.638888888888886,117,8.305647840531561,27.027027027027028,75.0,54.285714285714285,2.7142857142857144,3,1,35,76.7590618336887
S45G01N10,2024-2025,20241024,611,away,16,14,2,27,12,39,2,49,19,20,5,1,1,13,7,4,8,69,24,21,14,60,82,4,0,13,2345,0,0,0,13,-42.971111758573585,40.149892933618844,38.405797101449274,57,14.819881440948473,28.571428571428573,53.84615384615385,58.333333333333336,1.0769230769230769,3,1,0,77.27078891257996,64,19,5,30,10,40,3,41,22,31,13,1,1,12,9,3,6,72,35,20,12,92,84,6,1,8,2345,0,0,0,9,42.971111758573585,59.523809523809526,57.638888888888886,116,9.380863039399625,27.027027027027028,75.0,54.285714285714285,2.375,3,1,35,77.27078891257996
S45G01N10,2024-2025,20241024,612,away,16,14,2,27,12,39,2,49,19,20,5,1,1,13,7,4,8,69,24,21,14,60,82,4,0,13,2345,0,0,0,13,-42.971111758573585,40.149892933618844,38.405797101449274,57,14.819881440948473,28.571428571428573,53.84615384615385,58.333333333333336,1.0769230769230769,3,1,0,77.27078891257996,64,19,5,30,10,40,3,41,22,31,13,1,1,12,9,3,6,72,35,20,12,92,84,6,1,8,2345,0,0,0,9,42.971111758573585,59.523809523809526,57.638888888888886,116,9.380863039399625,27.027027027027028,75.0,54.285714285714285,2.375,3,1,35,77.27078891257996
S45G01N10,2024-2025,20241024,613,away,16,14,2,27,12,39,2,50,20,20,5,1,1,13,7,4,8,70,25,21,14,62,83,4,0,13,2356,0,0,0,13,-41.397067216004984,40.94030639197042,39.285714285714285,59,14.652840396753833,28.571428571428573,53.84615384615385,56.0,1.0769230769230769,5,1,0,77.41935483870968,64,19,5,30,10,40,3,41,22,31,13,1,1,12,9,3,6,72,35,20,12,92,84,6,1,8,2356,0,0,0,9,41.397067216004984,59.523809523809526,57.638888888888886,116,9.380863039399625,27.027027027027028,75.0,54.285714285714285,2.375,5,1,35,77.41935483870968
S45G01N10,2024-2025,20241024,614,away,16,15,2,27,12,39,2,50,20,20,5,1,1,13,7,4,8,70,25,21,14,62,83,4,0,13,2356,0,0,0,13,-41.397067216004984,40.94030639197042,39.285714285714285,60,14.652840396753833,28.571428571428573,53.84615384615385,60.0,1.1538461538461537,5,1,0,77.41935483870968,64,19,5,30,10,40,3,41,22,31,13,1,1,12,9,3,6,72,35,20,12,92,84,6,1,8,2356,0,0,0,9,41.397067216004984,59.523809523809526,57.638888888888886,116,9.380863039399625,27.027027027027028,75.0,54.285714285714285,2.375,5,1,35,77.41935483870968
S45G01N10,2024-2025,20241024,615,away,16,15,2,27,12,39,2,50,20,20,5,1,1,13,7,4,8,70,25,21,14,62,83,4,0,13,2370,0,0,0,13,-39.794938028108945,40.94030639197042,39.285714285714285,60,14.652840396753833,28.571428571428573,53.84615384615385,60.0,1.1538461538461537,5,1,0,77.46835443037975,64,19,5,30,10,40,3,41,22,31,13,1,1,12,9,3,6,72,35,20,12,92,84,6,1,9,2370,0,0,0,10,39.794938028108945,59.523809523809526,57.638888888888886,115,10.43115438108484,27.027027027027028,75.0,54.285714285714285,2.111111111111111,5,1,35,77.46835443037975
S45G01N10,2024-2025,20241024,616,away,16,15,2,27,12,39,2,50,20,20,5,1,1,13,7,4,8,70,25,21,14,62,83,5,0,13,2371,0,0,0,13,-39.794938028108945,40.94030639197042,39.285714285714285,61,14.652840396753833,28.571428571428573,53.84615384615385,60.0,1.1538461538461537,5,1,0,77.43568114719527,64,19,5,30,10,40,3,41,22,31,13,1,1,12,9,3,6,72,35,20,12,92,84,6,1,9,2371,0,0,0,10,39.794938028108945,59.523809523809526,57.638888888888886,115,10.43115438108484,27.027027027027028,75.0,54.285714285714285,2.111111111111111,5,1,35,77.43568114719527
S45G01N10,2024-2025,20241024,617,away,16,15,2,27,12,39,2,51,20,20,5,1,1,13,7,4,8,71,25,21,14,62,84,5,0,13,2382,0,0,0,13,-40.83473920202434,40.40667361835245,38.732394366197184,60,14.489522960320999,28.571428571428573,53.84615384615385,60.0,1.1538461538461537,5,1,0,77.58186397984886,64,19,5,30,10,40,3,41,22,31,13,1,1,12,9,3,6,72,35,20,12,92,84,6,1,9,2382,0,0,0,10,40.83473920202434,59.523809523809526,57.638888888888886,115,10.43115438108484,27.027027027027028,75.0,54.285714285714285,2.111111111111111,5,1,35,77.58186397984886
S45G01N10,2024-2025,20241024,618,away,16,15,2,27,13,40,2,51,20,20,5,1,1,13,7,4,8,71,25,21,14,62,84,5,0,13,2383,0,0,0,13,-39.794938028108945,40.40667361835245,38.732394366197184,61,14.489522960320999,30.232558139534884,53.84615384615385,60.0,1.1538461538461537,5,1,0,77.04574066302979,64,19,5,30,10,40,3,41,22,31,13,1,1,12,9,3,6,72,35,20,12,92,84,6,1,9,2383,0,0,0,10,39.794938028108945,59.523809523809526,57.638888888888886,115,10.43115438108484,27.027027027027028,75.0,54.285714285714285,2.111111111111111,5,1,35,77.04574066302979
S45G01N10,2024-2025,20241024,619,away,16,15,2,27,13,40,2,51,20,21,5,1,1,13,7,4,8,72,25,21,14,62,85,5,0,13,2389,0,0,0,13,-40.83473920202434,39.88677303139475,38.19444444444444,60,14.329805996472663,30.232558139534884,53.84615384615385,60.0,1.1538461538461537,5,1,0,77.35454164922562,64,19,5,30,10,40,3,41,22,31,13,1,1,12,9,3,6,72,35,20,12,92,84,6,1,9,2389,0,0,0,10,40.83473920202434,59.523809523809526,57.638888888888886,115,10.43115438108484,27.027027027027028,75.0,54.285714285714285,2.111111111111111,5,1,35,77.35454164922562
S45G01N10,2024-2025,20241024,620,away,16,15,2,27,13,40,2,51,20,21,5,1,1,13,7,4,8,72,25,21,14,62,85,5,0,13,2390,0,0,0,13,-40.83473920202434,39.88677303139475,38.19444444444444,60,14.329805996472663,29.545454545454547,53.84615384615385,60.0,1.1538461538461537,5,1,0,77.32217573221757,64,19,5,31,10,41,3,41,22,31,13,1,1,12,9,3,6,72,35,20,12,92,84,6,1,9,2390,0,0,0,10,40.83473920202434,59.523809523809526,57.638888888888886,116,10.43115438108484,27.027027027027028,75.0,54.285714285714285,2.111111111111111,5,1,35,77.32217573221757
S45G01N10,2024-2025,20241024,621,away,16,15,2,27,13,40,2,51,20,21,5,1,1,13,7,4,8,72,25,21,14,62,85,5,0,13,2390,0,0,0,13,-40.83473920202434,39.88677303139475,38.19444444444444,60,14.329805996472663,29.545454545454547,53.84615384615385,60.0,1.1538461538461537,5,1,0,77.32217573221757,64,19,5,31,10,41,3,41,22,31,13,1,1,12,9,3,6,72,35,20,12,92,84,6,1,9,2390,0,0,0,10,40.83473920202434,59.523809523809526,57.638888888888886,116,10.43115438108484,27.027027027027028,75.0,54.285714285714285,2.111111111111111,5,1,35,77.32217573221757
S45G01N10,2024-2025,20241024,622,away,16,15,2,27,13,40,2,51,20,21,5,1,1,13,7,4,8,72,25,21,14,62,85,5,0,13,2400,0,0,0,13,-40.83473920202434,39.88677303139475,38.19444444444444,60,14.329805996472663,29.545454545454547,53.84615384615385,60.0,1.1538461538461537,5,1,0,77.0,64,19,5,31,10,41,3,41,22,31,13,1,1,12,9,3,6,72,35,20,12,92,84,6,1,9,2400,0,0,0,10,40.83473920202434,59.523809523809526,57.638888888888886,116,10.43115438108484,27.027027027027028,75.0,54.285714285714285,2.111111111111111,5,1,35,77.0
S45G01N10,2024-2025,20241024,623,away,16,15,2,27,13,40,2,51,20,21,5,1,1,13,7,4,8,72,25,21,14,62,85,5,0,13,2400,0,0,0,13,-40.83473920202434,39.88677303139475,38.19444444444444,60,14.329805996472663,29.545454545454547,53.84615384615385,60.0,1.1538461538461537,5,1,0,77.0,64,19,5,31,10,41,3,41,22,31,13,1,1,12,9,3,6,72,35,20,12,92,84,6,1,9,2400,0,0,0,10,40.83473920202434,59.523809523809526,57.638888888888886,116,10.43115438108484,27.027027027027028,75.0,54.285714285714285,2.111111111111111,5,1,35,77.0
S45G01N10,2024-2025,20241024,624,away,16,15,2,27,13,40,2,51,20,21,5,1,1,13,7,4,8,72,25,21,14,62,85,5,0,13,2400,0,0,0,13,-40.83473920202434,39.88677303139475,38.19444444444444,60,14.329805996472663,29.545454545454547,53.84615384615385,60.0,1.1538461538461537,5,1,0,77.0,64,19,5,31,10,41,3,41,22,31,13,1,1,12,9,3,6,72,35,20,12,92,84,6,1,9,2400,0,0,0,10,40.83473920202434,59.523809523809526,57.638888888888886,116,10.43115438108484,27.027027027027028,75.0,54.285714285714285,2.111111111111111,5,1,35,77.0
S45G01N10,2024-2025,20241024,625,away,16,15,2,27,13,40,2,51,20,21,5,1,1,13,7,4,8,72,25,21,14,62,85,5,0,13,2400,0,0,0,13,-40.83473920202434,39.88677303139475,38.19444444444444,60,14.329805996472663,29.545454545454547,53.84615384615385,60.0,1.1538461538461537,5,1,0,77.0,64,19,5,31,10,41,3,41,22,31,13,1,1,12,9,3,6,72,35,20,12,92,84,6,1,9,2400,0,0,0,10,40.83473920202434,59.523809523809526,57.638888888888886,116,10.43115438108484,27.027027027027028,75.0,54.285714285714285,2.111111111111111,5,1,35,77.0
S45G01N10,2024-2025,20241024,626,away,16,15,2,27,13,40,2,51,20,21,5,1,1,13,7,4,8,72,25,21,14,62,85,5,0,13,2400,0,0,0,13,-40.83473920202434,39.88677303139475,38.19444444444444,60,14.329805996472663,29.545454545454547,53.84615384615385,60.0,1.1538461538461537,5,1,0,77.0,64,19,5,31,10,41,3,41,22,31,13,1,1,12,9,3,6,72,35,20,12,92,84,6,1,9,2400,0,0,0,10,40.83473920202434,59.523809523809526,57.638888888888886,116,10.43115438108484,27.027027027027028,75.0,54.285714285714285,2.111111111111111,5,1,35,77.0
S45G01N10,2024-2025,20241024,627,away,16,15,2,27,13,40,2,51,20,21,5,1,1,13,7,4,8,72,25,21,14,62,85,5,0,13,2400,0,0,0,13,-40.83473920202434,39.88677303139475,38.19444444444444,60,14.329805996472663,29.545454545454547,53.84615384615385,60.0,1.1538461538461537,5,1,0,77.0,64,19,5,31,10,41,3,41,22,31,13,1,1,12,9,3,6,72,35,20,12,92,84,6,1,9,2400,0,0,0,10,40.83473920202434,59.523809523809526,57.638888888888886,116,10.43115438108484,27.027027027027028,75.0,54.285714285714285,2.111111111111111,5,1,35,77.0
S45G01N10,2024-2025,20241024,628,away,16,15,2,27,13,40,2,51,20,21,5,1,1,13,7,4,8,72,25,21,14,62,85,5,0,13,2400,0,0,0,13,-40.83473920202434,39.88677303139475,38.19444444444444,60,14.329805996472663,29.545454545454547,53.84615384615385,60.0,1.1538461538461537,5,1,0,77.0,64,19,5,31,10,41,3,41,22,31,13,1,1,12,9,3,6,72,35,20,12,92,84,6,1,9,2400,0,0,0,10,40.83473920202434,59.523809523809526,57.638888888888886,116,10.43115438108484,27.027027027027028,75.0,54.285714285714285,2.111111111111111,5,1,35,77.0
S45G01N10,2024-2025,20241024,629,away,16,15,2,27,13,40,2,51,20,21,5,1,1,13,7,4,8,72,25,21,14,62,85,5,0,13,2400,0,0,0,13,-40.83473920202434,39.88677303139475,38.19444444444444,60,14.329805996472663,29.545454545454547,53.84615384615385,60.0,1.1538461538461537,5,1,0,77.0,64,19,5,31,10,41,3,41,22,31,13,1,1,12,9,3,6,72,35,20,12,92,84,6,1,9,2400,0,0,0,10,40.83473920202434,59.523809523809526,57.638888888888886,116,10.43115438108484,27.027027027027028,75.0,54.285714285714285,2.111111111111111,5,1,35,77.0
S45G01N10,2024-2025,20241024,630,away,16,15,2,27,13,40,2,51,20,21,5,1,1,13,7,4,8,72,25,21,14,62,85,5,0,13,2400,0,0,0,13,-40.83473920202434,39.88677303139475,38.19444444444444,60,14.329805996472663,29.545454545454547,53.84615384615385,60.0,1.1538461538461537,5,1,0,77.0,64,19,5,31,10,41,3,41,22,31,13,1,1,12,9,3,6,72,35,20,12,92,84,6,1,9,2400,0,0,0,10,40.83473920202434,59.523809523809526,57.638888888888886,116,10.43115438108484,27.027027027027028,75.0,54.285714285714285,2.111111111111111,5,1,35,77.0
S45G01N10,2024-2025,20241024,631,away,16,15,2,27,13,40,2,51,20,21,5,1,1,13,7,4,8,72,25,21,14,62,85,5,0,13,2400,0,0,0,13,-40.83473920202434,39.88677303139475,38.19444444444444,60,14.329805996472663,29.545454545454547,53.84615384615385,60.0,1.1538461538461537,5,1,0,77.0,64,19,5,31,10,41,3,41,22,31,13,1,1,12,9,3,6,72,35,20,12,92,84,6,1,9,2400,0,0,0,10,40.83473920202434,59.523809523809526,57.638888888888886,116,10.43115438108484,27.027027027027028,75.0,54.285714285714285,2.111111111111111,5,1,35,77.0
