gameKey,seasonName,date,n,winner,H_TEAM,H_AST,H_BLK,H_DREB,H_OREB,H_PRB,H_TRB,H_2PA,H_2PM,H_3PA,H_3PM,H_DKA,H_DKM,H_FTA,H_FTM,H_SWA,H_SWM,H_FGA,H_FGM,H_TPF,H_PF,H_PP,H_PA,H_STL,H_TTO,H_PTO,H_MIN,H_UF,H_TF,H_EJ,H_TO,H_NR,H_TS%,H_eFG%,H_EFF,H_TOV%,H_OREB%,H_FT%,H_AST%,H_AST/TO%,H_CR,H_LC,H_LLP,H_PACE,A_TEAM,A_AST,A_BLK,A_DREB,A_OREB,A_PRB,A_TRB,A_2PA,A_2PM,A_3PA,A_3PM,A_DKA,A_DKM,A_FTA,A_FTM,A_SWA,A_SWM,A_FGA,A_FGM,A_TPF,A_PF,A_PP,A_PA,A_STL,A_TTO,A_PTO,A_MIN,A_UF,A_TF,A_EJ,A_TO,A_NR,A_TS%,A_eFG%,A_EFF,A_TOV%,A_OREB%,A_FT%,A_AST%,A_AST/TO%,A_CR,A_LC,A_LLP,A_PACE
S45G01N204,2024-2025,20250303,1,away,35,0,0,0,0,0,0,0,0,0,0,0,0,0,0,0,0,0,0,0,0,0,0,0,0,0,0,0,0,0,0,0.0,0.0,0.0,0,0.0,0.0,0.0,0.0,0.0,0,0,0,0.0,70,0,0,0,0,0,0,0,0,0,0,0,0,0,0,0,0,0,0,0,0,0,0,0,0,0,0,0,0,0,0,0.0,0.0,0.0,0,0.0,0.0,0.0,0.0,0.0,0,0,0,0.0
S45G01N204,2024-2025,20250303,2,away,35,0,0,0,0,0,0,0,0,0,0,0,0,0,0,0,0,0,0,0,0,0,0,0,0,0,0,0,0,0,0,0.0,0.0,0.0,0,0.0,0.0,0.0,0.0,0.0,0,0,0,0.0,70,0,0,0,0,0,0,0,0,0,0,0,0,0,0,0,0,0,0,0,0,0,0,0,0,0,0,0,0,0,0,0.0,0.0,0.0,0,0.0,0.0,0.0,0.0,0.0,0,0,0,0.0
S45G01N204,2024-2025,20250303,3,away,35,0,0,0,0,0,0,0,0,0,0,0,0,0,0,0,0,0,0,0,0,0,0,0,0,0,0,0,0,0,0,0.0,0.0,0.0,0,0.0,0.0,0.0,0.0,0.0,0,0,0,0.0,70,0,0,0,0,0,0,0,0,0,0,0,0,0,0,0,0,0,0,0,0,0,0,0,0,0,0,0,0,0,0,0.0,0.0,0.0,0,0.0,0.0,0.0,0.0,0.0,0,0,0,0.0
S45G01N204,2024-2025,20250303,4,away,35,0,0,0,0,0,0,0,0,0,0,0,0,0,0,0,0,0,0,0,0,0,0,0,0,0,0,0,0,0,0,0.0,0.0,0.0,0,0.0,0.0,0.0,0.0,0.0,0,0,0,0.0,70,0,0,0,0,0,0,0,0,0,0,0,0,0,0,0,0,0,0,0,0,0,0,0,0,0,0,0,0,0,0,0.0,0.0,0.0,0,0.0,0.0,0.0,0.0,0.0,0,0,0,0.0
S45G01N204,2024-2025,20250303,5,away,35,0,0,0,0,0,0,0,0,0,0,0,0,0,0,0,0,0,0,0,0,0,0,0,0,0,0,0,0,0,0,0.0,0.0,0.0,0,0.0,0.0,0.0,0.0,0.0,0,0,0,0.0,70,0,0,0,0,0,0,0,0,0,0,0,0,0,0,0,0,0,0,0,0,0,0,0,0,0,0,0,0,0,0,0.0,0.0,0.0,0,0.0,0.0,0.0,0.0,0.0,0,0,0,0.0
S45G01N204,2024-2025,20250303,6,away,35,0,0,0,0,0,0,0,0,0,0,0,0,0,0,0,0,0,0,0,0,0,0,0,0,0,0,0,0,0,0,0.0,0.0,0.0,0,0.0,0.0,0.0,0.0,0.0,0,0,0,0.0,70,0,0,0,0,0,0,0,0,0,0,0,0,0,0,0,0,0,0,0,0,0,0,0,0,0,0,0,0,0,0,0.0,0.0,0.0,0,0.0,0.0,0.0,0.0,0.0,0,0,0,0.0
S45G01N204,2024-2025,20250303,7,away,35,0,0,0,0,0,0,0,0,0,0,0,0,0,0,0,0,0,0,0,0,0,0,0,0,0,0,0,0,0,0,0.0,0.0,0.0,0,0.0,0.0,0.0,0.0,0.0,0,0,0,0.0,70,0,0,0,0,0,0,0,0,0,0,0,0,0,0,0,0,0,0,0,0,0,0,0,0,0,0,0,0,0,0,0.0,0.0,0.0,0,0.0,0.0,0.0,0.0,0.0,0,0,0,0.0
S45G01N204,2024-2025,20250303,8,away,35,0,0,0,0,0,0,0,0,0,0,0,0,0,0,0,0,0,0,0,0,0,0,0,0,0,0,0,0,0,0,0.0,0.0,0.0,0,0.0,0.0,0.0,0.0,0.0,0,0,0,0.0,70,0,0,0,0,0,0,0,0,0,0,0,0,0,0,0,0,0,0,0,0,0,0,0,0,0,0,0,0,0,0,0.0,0.0,0.0,0,0.0,0.0,0.0,0.0,0.0,0,0,0,0.0
S45G01N204,2024-2025,20250303,9,away,35,0,0,0,0,0,0,0,0,0,0,0,0,0,0,0,0,0,0,0,0,0,0,0,0,0,0,0,0,0,0,0.0,0.0,0.0,0,0.0,0.0,0.0,0.0,0.0,0,0,0,0.0,70,0,0,0,0,0,0,0,0,0,0,0,0,0,0,0,0,0,0,0,0,0,0,0,0,0,0,0,0,0,0,0.0,0.0,0.0,0,0.0,0.0,0.0,0.0,0.0,0,0,0,0.0
S45G01N204,2024-2025,20250303,10,away,35,0,0,0,0,0,0,0,0,0,0,0,0,0,0,0,0,0,0,0,0,0,0,0,0,0,0,0,0,0,0,0.0,0.0,0.0,0,0.0,0.0,0.0,0.0,0.0,0,0,0,0.0,70,0,0,0,0,0,0,0,0,0,0,0,0,0,0,0,0,0,0,0,0,0,0,0,0,0,0,0,0,0,0,0.0,0.0,0.0,0,0.0,0.0,0.0,0.0,0.0,0,0,0,0.0
S45G01N204,2024-2025,20250303,11,away,35,0,0,0,0,0,0,0,0,0,0,0,0,0,0,0,0,0,0,0,0,0,0,0,0,0,0,0,0,0,0,0.0,0.0,0.0,0,0.0,0.0,0.0,0.0,0.0,0,0,0,0.0,70,0,0,0,0,0,0,0,0,0,0,0,0,0,0,0,0,0,0,0,0,0,0,0,0,0,0,0,0,0,0,0.0,0.0,0.0,0,0.0,0.0,0.0,0.0,0.0,0,0,0,0.0
S45G01N204,2024-2025,20250303,12,away,35,0,0,0,0,0,0,0,0,0,0,0,0,0,0,0,0,0,0,0,0,0,0,0,0,0,24,0,0,0,0,-300.0,0.0,0.0,0,0.0,0.0,0.0,0.0,0.0,3,1,0,50.0,70,0,0,0,0,0,0,0,0,1,1,0,0,0,0,0,0,1,1,0,0,3,1,0,0,0,24,0,0,0,0,300.0,150.0,150.0,3,0.0,0.0,0.0,0.0,0.0,3,1,3,50.0
S45G01N204,2024-2025,20250303,13,away,35,0,0,0,0,0,0,0,0,1,0,0,0,0,0,0,0,1,0,0,0,0,1,0,0,0,41,0,0,0,0,-300.0,0.0,0.0,-1,0.0,0.0,0.0,0.0,0.0,3,1,0,58.53658536585366,70,0,0,0,0,0,0,0,0,1,1,0,0,0,0,0,0,1,1,0,0,3,1,0,0,0,41,0,0,0,0,300.0,150.0,150.0,3,0.0,0.0,0.0,0.0,0.0,3,1,3,58.53658536585366
S45G01N204,2024-2025,20250303,14,away,35,0,0,0,0,0,0,0,0,1,0,0,0,0,0,0,0,1,0,0,0,0,1,0,0,0,42,0,0,0,0,-300.0,0.0,0.0,-1,0.0,0.0,0.0,0.0,0.0,3,1,0,57.142857142857146,70,0,0,1,0,1,0,0,0,1,1,0,0,0,0,0,0,1,1,0,0,3,1,0,0,0,42,0,0,0,0,300.0,150.0,150.0,4,0.0,0.0,0.0,0.0,0.0,3,1,3,57.142857142857146
S45G01N204,2024-2025,20250303,15,away,35,0,0,0,0,0,0,0,0,1,0,0,0,0,0,0,0,1,0,0,0,0,1,0,0,0,48,0,0,0,0,-150.0,0.0,0.0,-1,0.0,0.0,0.0,0.0,0.0,3,1,0,75.0,70,0,0,1,0,1,0,1,0,1,1,0,0,0,0,0,0,2,1,0,0,3,2,0,0,0,48,0,0,0,0,150.0,75.0,75.0,3,0.0,0.0,0.0,0.0,0.0,3,1,3,75.0
S45G01N204,2024-2025,20250303,16,away,35,0,0,1,0,1,0,0,0,1,0,0,0,0,0,0,0,1,0,0,0,0,1,0,0,0,49,0,0,0,0,-150.0,0.0,0.0,0,0.0,0.0,0.0,0.0,0.0,3,1,0,73.46938775510203,70,0,0,1,0,1,0,1,0,1,1,0,0,0,0,0,0,2,1,0,0,3,2,0,0,0,49,0,0,0,0,150.0,75.0,75.0,3,0.0,0.0,0.0,0.0,0.0,3,1,3,73.46938775510203
S45G01N204,2024-2025,20250303,17,away,35,0,0,1,0,1,0,1,0,1,0,0,0,0,0,0,0,2,0,0,0,0,2,0,0,0,65,0,0,0,0,-150.0,0.0,0.0,-1,0.0,0.0,0.0,0.0,0.0,3,1,0,73.84615384615384,70,0,0,1,0,1,0,1,0,1,1,0,0,0,0,0,0,2,1,0,0,3,2,0,0,0,65,0,0,0,0,150.0,75.0,75.0,3,0.0,0.0,0.0,0.0,0.0,3,1,3,73.84615384615384
S45G01N204,2024-2025,20250303,18,away,35,0,0,1,1,2,0,1,0,1,0,0,0,0,0,0,0,2,0,0,0,0,2,0,0,0,66,0,0,0,0,-150.0,0.0,0.0,0,0.0,50.0,0.0,0.0,0.0,3,1,0,54.54545454545455,70,0,0,1,0,1,0,1,0,1,1,0,0,0,0,0,0,2,1,0,0,3,2,0,0,0,66,0,0,0,0,150.0,75.0,75.0,3,0.0,0.0,0.0,0.0,0.0,3,1,3,54.54545454545455
S45G01N204,2024-2025,20250303,19,away,35,0,0,1,1,2,0,1,0,2,1,0,0,0,0,0,0,3,1,0,0,3,3,0,0,0,73,0,0,0,0,0.0,50.0,50.0,3,0.0,50.0,0.0,0.0,0.0,3,1,0,65.75342465753425,70,0,0,1,0,1,0,1,0,1,1,0,0,0,0,0,0,2,1,0,0,3,2,0,0,0,73,0,0,0,0,0.0,75.0,75.0,3,0.0,0.0,0.0,0.0,0.0,3,1,3,65.75342465753425
S45G01N204,2024-2025,20250303,20,away,35,1,0,1,1,2,0,1,0,2,1,0,0,0,0,0,0,3,1,0,0,3,3,0,0,0,73,0,0,0,0,0.0,50.0,50.0,4,0.0,50.0,0.0,100.0,0.0,3,1,0,65.75342465753425,70,0,0,1,0,1,0,1,0,1,1,0,0,0,0,0,0,2,1,0,0,3,2,0,0,0,73,0,0,0,0,0.0,75.0,75.0,3,0.0,0.0,0.0,0.0,0.0,3,1,3,65.75342465753425
S45G01N204,2024-2025,20250303,21,away,35,1,0,1,1,2,0,1,0,2,1,0,0,0,0,0,0,3,1,0,0,3,3,0,0,0,87,0,0,0,0,50.0,50.0,50.0,4,0.0,50.0,0.0,100.0,0.0,3,1,0,68.9655172413793,70,0,0,1,0,1,0,1,0,1,1,0,0,0,0,0,0,2,1,0,0,3,2,0,0,1,87,0,0,0,1,-50.0,75.0,75.0,2,33.333333333333336,0.0,0.0,0.0,0.0,3,1,3,68.9655172413793
S45G01N204,2024-2025,20250303,22,away,35,1,0,1,1,2,0,1,0,2,1,0,0,0,0,0,0,3,1,0,0,3,3,1,0,0,88,0,0,0,0,50.0,50.0,50.0,5,0.0,50.0,0.0,100.0,0.0,3,1,0,68.18181818181819,70,0,0,1,0,1,0,1,0,1,1,0,0,0,0,0,0,2,1,0,0,3,2,0,0,1,88,0,0,0,1,-50.0,75.0,75.0,2,33.333333333333336,0.0,0.0,0.0,0.0,3,1,3,68.18181818181819
S45G01N204,2024-2025,20250303,23,away,35,1,0,1,1,2,0,2,0,2,1,0,0,0,0,0,0,4,1,0,0,3,4,1,0,0,92,0,0,0,0,0.0,37.5,37.5,4,0.0,50.0,0.0,100.0,0.0,3,1,0,78.26086956521739,70,0,0,1,0,1,0,1,0,1,1,0,0,0,0,0,0,2,1,0,0,3,2,0,0,1,92,0,0,0,1,0.0,75.0,75.0,2,33.333333333333336,0.0,0.0,0.0,0.0,3,1,3,78.26086956521739
S45G01N204,2024-2025,20250303,24,away,35,1,0,1,2,3,0,2,0,2,1,0,0,0,0,0,0,4,1,0,0,3,4,1,0,0,93,0,0,0,0,50.0,37.5,37.5,5,0.0,66.66666666666667,0.0,100.0,0.0,3,1,0,64.51612903225806,70,0,0,1,0,1,0,1,0,1,1,0,0,0,0,0,0,2,1,0,0,3,2,0,0,1,93,0,0,0,1,-50.0,75.0,75.0,2,33.333333333333336,0.0,0.0,0.0,0.0,3,1,3,64.51612903225806
S45G01N204,2024-2025,20250303,25,away,35,1,0,1,2,3,0,3,0,2,1,0,0,0,0,0,0,5,1,0,0,3,5,1,0,0,108,0,0,0,0,0.0,30.0,30.0,4,0.0,66.66666666666667,0.0,100.0,0.0,3,1,0,66.66666666666666,70,0,0,1,0,1,0,1,0,1,1,0,0,0,0,0,0,2,1,0,0,3,2,0,0,1,108,0,0,0,1,0.0,75.0,75.0,2,33.333333333333336,0.0,0.0,0.0,0.0,3,1,3,66.66666666666666
S45G01N204,2024-2025,20250303,26,away,35,1,0,1,2,3,0,3,0,2,1,0,0,0,0,0,0,5,1,0,0,3,5,1,0,0,109,0,0,0,0,0.0,30.0,30.0,4,0.0,50.0,0.0,100.0,0.0,3,1,0,66.05504587155963,70,0,0,2,0,2,0,1,0,1,1,0,0,0,0,0,0,2,1,0,0,3,2,0,0,1,109,0,0,0,1,0.0,75.0,75.0,3,33.333333333333336,0.0,0.0,0.0,0.0,3,1,3,66.05504587155963
S45G01N204,2024-2025,20250303,27,away,35,1,0,1,2,3,0,3,0,2,1,0,0,0,0,0,0,5,1,0,0,3,5,1,0,0,117,0,0,0,0,25.0,30.0,30.0,4,0.0,50.0,0.0,100.0,0.0,3,1,0,71.7948717948718,70,0,0,2,0,2,0,1,0,2,1,0,0,0,0,0,0,3,1,0,0,3,3,0,0,1,117,0,0,0,1,-25.0,50.0,50.0,2,25.0,0.0,0.0,0.0,0.0,3,1,3,71.7948717948718
S45G01N204,2024-2025,20250303,28,away,35,1,0,2,2,4,0,3,0,2,1,0,0,0,0,0,0,5,1,0,0,3,5,1,0,0,118,0,0,0,0,25.0,30.0,30.0,5,0.0,50.0,0.0,100.0,0.0,3,1,0,71.1864406779661,70,0,0,2,0,2,0,1,0,2,1,0,0,0,0,0,0,3,1,0,0,3,3,0,0,1,118,0,0,0,1,-25.0,50.0,50.0,2,25.0,0.0,0.0,0.0,0.0,3,1,3,71.1864406779661
S45G01N204,2024-2025,20250303,29,away,35,1,0,2,2,4,0,3,0,2,1,0,0,0,0,0,0,5,1,0,0,3,5,1,0,0,128,0,0,0,0,25.0,30.0,30.0,5,0.0,50.0,0.0,100.0,0.0,3,1,0,65.625,70,0,0,2,0,2,0,1,0,2,1,0,0,0,0,0,0,3,1,1,1,3,3,0,0,1,128,0,0,0,1,-25.0,50.0,50.0,2,25.0,0.0,0.0,0.0,0.0,3,1,3,65.625
S45G01N204,2024-2025,20250303,30,away,35,1,0,2,2,4,0,3,0,2,1,0,0,0,0,0,0,5,1,0,0,3,5,1,0,0,128,0,0,0,0,25.0,30.0,30.0,5,0.0,50.0,0.0,100.0,0.0,3,1,0,65.625,70,0,0,2,0,2,0,1,0,2,1,0,0,0,0,0,0,3,1,1,1,3,3,0,0,1,128,0,0,0,1,-25.0,50.0,50.0,2,25.0,0.0,0.0,0.0,0.0,3,1,3,65.625
S45G01N204,2024-2025,20250303,31,away,35,1,0,2,2,4,0,3,0,2,1,0,0,0,0,0,0,5,1,0,0,3,5,1,0,0,128,0,0,0,0,25.0,30.0,30.0,5,0.0,50.0,0.0,100.0,0.0,3,1,0,65.625,70,0,0,2,0,2,0,1,0,2,1,0,0,0,0,0,0,3,1,1,1,3,3,0,0,1,128,0,0,0,1,-25.0,50.0,50.0,2,25.0,0.0,0.0,0.0,0.0,3,1,3,65.625
S45G01N204,2024-2025,20250303,32,away,35,1,0,2,2,4,0,3,0,2,1,0,0,0,0,0,0,5,1,0,0,3,5,1,0,0,128,0,0,0,0,25.0,30.0,30.0,5,0.0,50.0,0.0,100.0,0.0,3,1,0,65.625,70,0,0,2,0,2,0,1,0,2,1,0,0,0,0,0,0,3,1,1,1,3,3,0,0,1,128,0,0,0,1,-25.0,50.0,50.0,2,25.0,0.0,0.0,0.0,0.0,3,1,3,65.625
S45G01N204,2024-2025,20250303,33,away,35,1,0,2,2,4,0,4,1,2,1,0,0,0,0,0,0,6,2,0,0,5,6,1,0,0,141,0,0,0,0,50.0,41.666666666666664,41.666666666666664,7,0.0,50.0,0.0,50.0,0.0,5,2,2,68.08510638297872,70,0,0,2,0,2,0,1,0,2,1,0,0,0,0,0,0,3,1,1,1,3,3,0,0,1,141,0,0,0,1,-50.0,50.0,50.0,2,25.0,0.0,0.0,0.0,0.0,5,2,3,68.08510638297872
S45G01N204,2024-2025,20250303,34,away,35,1,0,2,2,4,0,4,1,2,1,0,0,0,0,0,0,6,2,0,0,5,6,1,0,0,141,0,0,0,0,50.0,41.666666666666664,41.666666666666664,7,0.0,50.0,0.0,50.0,0.0,5,2,2,68.08510638297872,70,0,0,2,0,2,0,1,0,2,1,0,0,0,0,0,0,3,1,1,1,3,3,0,0,1,141,0,0,0,1,-50.0,50.0,50.0,2,25.0,0.0,0.0,0.0,0.0,5,2,3,68.08510638297872
S45G01N204,2024-2025,20250303,35,away,35,1,0,2,2,4,0,4,1,2,1,0,0,0,0,0,0,6,2,0,0,5,6,1,0,0,159,0,0,0,0,25.0,41.666666666666664,41.666666666666664,7,0.0,50.0,0.0,50.0,0.0,2,2,2,67.9245283018868,70,0,0,2,0,2,0,2,1,2,1,0,0,0,0,0,0,4,2,1,1,5,4,0,0,1,159,0,0,0,1,-25.0,62.5,62.5,4,20.0,0.0,0.0,0.0,0.0,2,2,3,67.9245283018868
S45G01N204,2024-2025,20250303,36,away,35,1,0,2,2,4,0,4,1,3,2,0,0,0,0,0,0,7,3,0,0,8,7,1,0,0,180,0,0,0,0,60.0,57.142857142857146,57.142857142857146,10,0.0,50.0,0.0,33.333333333333336,0.0,3,2,3,66.66666666666667,70,0,0,2,0,2,0,2,1,2,1,0,0,0,0,0,0,4,2,1,1,5,4,0,0,1,180,0,0,0,1,-60.0,62.5,62.5,4,20.0,0.0,0.0,0.0,0.0,3,2,3,66.66666666666667
S45G01N204,2024-2025,20250303,37,away,35,1,0,2,2,4,0,4,1,3,2,0,0,0,0,0,0,7,3,0,0,8,7,1,0,0,190,0,0,0,0,43.33333333333333,57.142857142857146,57.142857142857146,10,0.0,50.0,0.0,33.333333333333336,0.0,2,2,3,69.47368421052632,70,0,0,2,0,2,0,3,2,2,1,0,0,0,0,0,0,5,3,1,1,7,5,0,0,1,190,0,0,0,1,-43.33333333333333,70.0,70.0,6,16.666666666666668,0.0,0.0,0.0,0.0,2,2,3,69.47368421052632
S45G01N204,2024-2025,20250303,38,away,35,1,0,2,2,4,0,5,2,3,2,0,0,0,0,0,0,8,4,0,0,10,8,1,0,0,210,0,0,0,0,49.999999999999986,62.5,62.5,12,0.0,50.0,0.0,25.0,0.0,2,2,3,68.57142857142857,70,0,0,2,0,2,0,3,2,2,1,0,0,0,0,0,0,5,3,1,1,7,5,0,0,1,210,0,0,0,1,-49.999999999999986,70.0,70.0,6,16.666666666666668,0.0,0.0,0.0,0.0,2,2,3,68.57142857142857
S45G01N204,2024-2025,20250303,39,away,35,1,0,2,2,4,0,5,2,3,2,0,0,0,0,0,0,8,4,0,0,10,8,1,0,0,227,0,0,0,0,66.66666666666666,62.5,62.5,12,0.0,50.0,0.0,25.0,0.0,2,2,3,68.72246696035242,70,0,0,2,0,2,0,3,2,3,1,0,0,0,0,0,0,6,3,1,1,7,6,0,0,1,227,0,0,0,1,-66.66666666666666,58.333333333333336,58.333333333333336,5,14.285714285714286,0.0,0.0,0.0,0.0,2,2,3,68.72246696035242
S45G01N204,2024-2025,20250303,40,away,35,1,0,3,2,5,0,5,2,3,2,0,0,0,0,0,0,8,4,0,0,10,8,1,0,0,228,0,0,0,0,66.66666666666666,62.5,62.5,13,0.0,50.0,0.0,25.0,0.0,2,2,3,68.42105263157896,70,0,0,2,0,2,0,3,2,3,1,0,0,0,0,0,0,6,3,1,1,7,6,0,0,1,228,0,0,0,1,-66.66666666666666,58.333333333333336,58.333333333333336,5,14.285714285714286,0.0,0.0,0.0,0.0,2,2,3,68.42105263157896
S45G01N204,2024-2025,20250303,41,away,35,1,0,3,2,5,0,6,3,3,2,0,0,0,0,0,0,9,5,0,0,12,9,1,0,0,238,0,0,0,0,71.42857142857142,66.66666666666667,66.66666666666667,15,0.0,50.0,0.0,20.0,0.0,4,2,5,70.58823529411765,70,0,0,2,0,2,0,3,2,3,1,0,0,0,0,0,0,6,3,1,1,7,6,0,0,1,238,0,0,0,1,-71.42857142857142,58.333333333333336,58.333333333333336,5,14.285714285714286,0.0,0.0,0.0,0.0,4,2,3,70.58823529411765
S45G01N204,2024-2025,20250303,42,away,35,2,0,3,2,5,0,6,3,3,2,0,0,0,0,0,0,9,5,0,0,12,9,1,0,0,238,0,0,0,0,71.42857142857142,66.66666666666667,66.66666666666667,16,0.0,50.0,0.0,40.0,0.0,4,2,5,70.58823529411765,70,0,0,2,0,2,0,3,2,3,1,0,0,0,0,0,0,6,3,1,1,7,6,0,0,1,238,0,0,0,1,-71.42857142857142,58.333333333333336,58.333333333333336,5,14.285714285714286,0.0,0.0,0.0,0.0,4,2,3,70.58823529411765
S45G01N204,2024-2025,20250303,43,away,35,2,0,3,2,5,0,6,3,3,2,0,0,0,0,0,0,9,5,0,0,12,9,1,0,0,249,0,0,0,0,58.928571428571416,66.66666666666667,66.66666666666667,16,0.0,50.0,0.0,40.0,0.0,2,2,5,72.28915662650603,70,0,0,2,0,2,0,4,3,3,1,0,0,0,0,0,0,7,4,1,1,9,7,0,0,1,249,0,0,0,1,-58.928571428571416,64.28571428571429,64.28571428571429,7,12.5,0.0,0.0,0.0,0.0,2,2,3,72.28915662650603
S45G01N204,2024-2025,20250303,44,away,35,2,0,3,2,5,0,7,4,3,2,0,0,0,0,0,0,10,6,0,0,14,10,1,0,0,271,0,0,0,0,62.5,70.0,70.0,18,0.0,50.0,0.0,33.333333333333336,0.0,2,2,5,70.84870848708488,70,0,0,2,0,2,0,4,3,3,1,0,0,0,0,0,0,7,4,1,1,9,7,0,0,1,271,0,0,0,1,-62.5,64.28571428571429,64.28571428571429,7,12.5,0.0,0.0,0.0,0.0,2,2,3,70.84870848708488
S45G01N204,2024-2025,20250303,45,away,35,2,0,3,2,5,0,7,4,3,2,0,0,0,0,0,0,10,6,0,0,14,10,1,0,0,271,0,0,0,0,62.5,70.0,70.0,18,0.0,50.0,0.0,33.333333333333336,0.0,2,2,5,70.84870848708488,70,0,0,2,0,2,0,4,3,3,1,0,0,0,0,0,0,7,4,2,1,9,7,0,0,1,271,0,0,0,1,-62.5,64.28571428571429,64.28571428571429,7,12.5,0.0,0.0,0.0,0.0,2,2,3,70.84870848708488
S45G01N204,2024-2025,20250303,46,away,35,2,0,3,2,5,0,7,4,3,2,0,0,0,0,0,0,10,6,0,0,14,10,1,0,0,271,0,0,0,0,62.5,70.0,70.0,18,0.0,50.0,0.0,33.333333333333336,0.0,2,2,5,70.84870848708488,70,0,0,2,0,2,0,4,3,3,1,0,0,0,0,0,0,7,4,2,1,9,7,0,0,1,271,0,0,0,1,-62.5,64.28571428571429,64.28571428571429,7,12.5,0.0,0.0,0.0,0.0,2,2,3,70.84870848708488
S45G01N204,2024-2025,20250303,47,away,35,2,0,3,2,5,0,7,4,3,2,0,0,1,0,0,0,10,6,0,0,14,11,1,0,0,271,0,0,0,0,53.37677725118485,67.04980842911878,70.0,17,0.0,50.0,0.0,33.333333333333336,0.0,2,2,5,72.7970479704797,70,0,0,2,0,2,0,4,3,3,1,0,0,0,0,0,0,7,4,2,1,9,7,0,0,1,271,0,0,0,1,-53.37677725118485,64.28571428571429,64.28571428571429,7,12.5,0.0,0.0,0.0,0.0,2,2,3,72.7970479704797
S45G01N204,2024-2025,20250303,48,away,35,2,0,3,2,5,0,7,4,3,2,0,0,1,0,0,0,10,6,0,0,14,11,1,0,0,272,0,0,0,0,53.37677725118485,67.04980842911878,70.0,17,0.0,40.0,0.0,33.333333333333336,0.0,2,2,5,72.52941176470588,70,0,0,3,0,3,0,4,3,3,1,0,0,0,0,0,0,7,4,2,1,9,7,0,0,1,272,0,0,0,1,-53.37677725118485,64.28571428571429,64.28571428571429,8,12.5,0.0,0.0,0.0,0.0,2,2,3,72.52941176470588
S45G01N204,2024-2025,20250303,49,away,35,2,0,3,2,5,0,7,4,3,2,0,0,1,0,0,0,10,6,0,0,14,11,1,0,0,283,0,0,0,0,65.87677725118485,67.04980842911878,70.0,17,0.0,40.0,0.0,33.333333333333336,0.0,2,2,5,73.95053003533567,70,0,0,3,0,3,0,4,3,3,1,0,0,0,0,0,0,7,4,2,1,9,7,0,0,2,283,0,0,0,2,-65.87677725118485,64.28571428571429,64.28571428571429,7,22.22222222222222,0.0,0.0,0.0,0.0,2,2,3,73.95053003533567
S45G01N204,2024-2025,20250303,50,away,35,2,0,3,2,5,0,7,4,3,2,0,0,1,0,0,0,10,6,0,0,14,11,2,0,0,284,0,0,0,0,65.87677725118485,67.04980842911878,70.0,18,0.0,40.0,0.0,33.333333333333336,0.0,2,2,5,73.6901408450704,70,0,0,3,0,3,0,4,3,3,1,0,0,0,0,0,0,7,4,2,1,9,7,0,0,2,284,0,0,0,2,-65.87677725118485,64.28571428571429,64.28571428571429,7,22.22222222222222,0.0,0.0,0.0,0.0,2,2,3,73.6901408450704
S45G01N204,2024-2025,20250303,51,away,35,2,0,3,2,5,0,7,4,4,2,0,0,1,0,0,0,11,6,0,0,14,12,2,0,0,289,0,0,0,0,48.30508474576271,61.188811188811194,63.63636363636363,17,0.0,40.0,0.0,33.333333333333336,0.0,2,2,5,76.56747404844289,70,0,0,3,0,3,0,4,3,3,1,0,0,0,0,0,0,7,4,2,1,9,7,0,0,2,289,0,0,0,2,-48.30508474576271,64.28571428571429,64.28571428571429,7,22.22222222222222,0.0,0.0,0.0,0.0,2,2,3,76.56747404844289
S45G01N204,2024-2025,20250303,52,away,35,2,0,3,2,5,1,7,4,4,2,0,0,1,0,0,0,11,6,0,0,14,12,2,0,0,290,0,0,0,0,48.30508474576271,61.188811188811194,63.63636363636363,18,0.0,40.0,0.0,33.333333333333336,0.0,2,2,5,76.30344827586207,70,0,0,3,0,3,0,4,3,3,1,0,0,0,0,0,0,7,4,2,1,9,7,0,0,2,290,0,0,0,2,-48.30508474576271,64.28571428571429,64.28571428571429,7,22.22222222222222,0.0,0.0,0.0,0.0,2,2,3,76.30344827586207
S45G01N204,2024-2025,20250303,53,away,35,2,0,3,2,5,1,7,4,4,2,0,0,1,0,0,0,11,6,0,0,14,12,2,0,0,290,0,0,0,0,48.30508474576271,61.188811188811194,63.63636363636363,18,0.0,40.0,0.0,33.333333333333336,0.0,2,2,5,76.30344827586207,70,0,0,3,0,3,0,4,3,3,1,0,0,0,0,0,0,7,4,3,2,9,7,0,0,2,290,0,0,0,2,-48.30508474576271,64.28571428571429,64.28571428571429,7,22.22222222222222,0.0,0.0,0.0,0.0,2,2,3,76.30344827586207
S45G01N204,2024-2025,20250303,54,away,35,2,0,3,2,5,1,7,4,4,2,0,0,1,0,0,0,11,6,0,0,14,12,2,0,0,290,0,0,0,0,48.30508474576271,61.188811188811194,63.63636363636363,18,0.0,40.0,0.0,33.333333333333336,0.0,2,2,5,76.30344827586207,70,0,0,3,0,3,0,4,3,3,1,0,0,0,0,0,0,7,4,3,2,9,7,0,0,2,290,0,0,0,2,-48.30508474576271,64.28571428571429,64.28571428571429,7,22.22222222222222,0.0,0.0,0.0,0.0,2,2,3,76.30344827586207
S45G01N204,2024-2025,20250303,55,away,35,2,0,3,2,5,1,7,4,4,2,0,0,1,0,0,0,11,6,0,0,14,12,2,0,0,290,0,0,0,0,48.30508474576271,61.188811188811194,63.63636363636363,18,0.0,40.0,0.0,33.333333333333336,0.0,2,2,5,76.30344827586207,70,0,0,3,0,3,0,4,3,3,1,0,0,0,0,0,0,7,4,3,2,9,7,0,0,2,290,0,0,0,2,-48.30508474576271,64.28571428571429,64.28571428571429,7,22.22222222222222,0.0,0.0,0.0,0.0,2,2,3,76.30344827586207
S45G01N204,2024-2025,20250303,56,away,35,2,0,3,2,5,1,7,4,4,2,0,0,1,0,0,0,11,6,0,0,14,12,2,0,0,290,0,0,0,0,48.30508474576271,61.188811188811194,63.63636363636363,18,0.0,40.0,0.0,33.333333333333336,0.0,2,2,5,76.30344827586207,70,0,0,3,0,3,0,4,3,3,1,0,0,0,0,0,0,7,4,3,2,9,7,0,0,2,290,0,0,0,2,-48.30508474576271,64.28571428571429,64.28571428571429,7,22.22222222222222,0.0,0.0,0.0,0.0,2,2,3,76.30344827586207
S45G01N204,2024-2025,20250303,57,away,35,2,0,3,2,5,1,8,5,4,2,0,0,1,0,0,0,12,7,0,0,16,13,2,0,0,296,0,0,0,0,53.256704980842926,64.30868167202573,66.66666666666667,20,0.0,40.0,0.0,28.571428571428573,0.0,4,2,7,78.8108108108108,70,0,0,3,0,3,0,4,3,3,1,0,0,0,0,0,0,7,4,3,2,9,7,0,0,2,296,0,0,0,2,-53.256704980842926,64.28571428571429,64.28571428571429,7,22.22222222222222,0.0,0.0,0.0,0.0,4,2,3,78.8108108108108
S45G01N204,2024-2025,20250303,58,away,35,3,0,3,2,5,1,8,5,4,2,0,0,1,0,0,0,12,7,0,0,16,13,2,0,0,296,0,0,0,0,53.256704980842926,64.30868167202573,66.66666666666667,21,0.0,40.0,0.0,42.857142857142854,0.0,4,2,7,78.8108108108108,70,0,0,3,0,3,0,4,3,3,1,0,0,0,0,0,0,7,4,3,2,9,7,0,0,2,296,0,0,0,2,-53.256704980842926,64.28571428571429,64.28571428571429,7,22.22222222222222,0.0,0.0,0.0,0.0,4,2,3,78.8108108108108
S45G01N204,2024-2025,20250303,59,away,35,3,0,3,2,5,1,8,5,4,2,0,0,1,0,0,0,12,7,1,0,16,13,2,0,0,304,0,0,0,0,53.256704980842926,64.30868167202573,66.66666666666667,21,0.0,40.0,0.0,42.857142857142854,0.0,4,2,7,76.73684210526315,70,0,0,3,0,3,0,4,3,3,1,0,0,0,0,0,0,7,4,3,2,9,7,0,0,2,304,0,0,0,2,-53.256704980842926,64.28571428571429,64.28571428571429,7,22.22222222222222,0.0,0.0,0.0,0.0,4,2,3,76.73684210526315
S45G01N204,2024-2025,20250303,60,away,35,3,0,3,2,5,1,8,5,4,2,0,0,1,0,0,0,12,7,1,0,16,13,2,0,0,304,0,0,0,0,53.256704980842926,64.30868167202573,66.66666666666667,21,0.0,40.0,0.0,42.857142857142854,0.0,4,2,7,76.73684210526315,70,0,0,3,0,3,0,4,3,3,1,0,0,0,0,0,0,7,4,3,2,9,7,0,0,2,304,0,0,0,2,-53.256704980842926,64.28571428571429,64.28571428571429,7,22.22222222222222,0.0,0.0,0.0,0.0,4,2,3,76.73684210526315
S45G01N204,2024-2025,20250303,61,away,35,3,0,3,2,5,1,8,5,4,2,0,0,1,0,0,0,12,7,1,0,16,13,2,0,0,304,0,0,0,0,57.91772192999548,64.30868167202573,66.66666666666667,21,0.0,40.0,0.0,42.857142857142854,0.0,4,2,7,78.47368421052633,70,0,0,3,0,3,0,4,3,3,1,0,0,1,0,0,0,7,4,3,2,9,8,0,0,2,304,0,0,0,2,-57.91772192999548,60.48387096774193,64.28571428571429,6,21.1864406779661,0.0,0.0,0.0,0.0,4,2,3,78.47368421052633
S45G01N204,2024-2025,20250303,62,away,35,3,0,3,2,5,1,8,5,4,2,0,0,1,0,0,0,12,7,1,0,16,13,2,0,0,304,0,0,0,0,52.0421300820575,64.30868167202573,66.66666666666667,21,0.0,40.0,0.0,42.857142857142854,0.0,1,2,7,80.21052631578947,70,0,0,3,0,3,0,4,3,3,1,0,0,2,1,0,0,7,4,3,2,10,9,0,0,2,304,0,0,0,2,-52.0421300820575,63.45177664974619,64.28571428571429,7,20.24291497975709,0.0,50.0,0.0,0.0,1,2,3,80.21052631578947
S45G01N204,2024-2025,20250303,63,away,35,3,0,3,2,5,1,8,5,5,3,0,0,1,0,0,0,13,8,1,0,19,14,2,0,0,317,0,0,0,0,64.86934118513065,70.68452380952381,73.07692307692308,24,0.0,40.0,0.0,37.5,0.0,3,2,9,80.70662460567823,70,0,0,3,0,3,0,4,3,3,1,0,0,2,1,0,0,7,4,3,2,10,9,0,0,2,317,0,0,0,2,-64.86934118513065,63.45177664974619,64.28571428571429,7,20.24291497975709,0.0,50.0,0.0,0.0,3,2,3,80.70662460567823
S45G01N204,2024-2025,20250303,64,away,35,4,0,3,2,5,1,8,5,5,3,0,0,1,0,0,0,13,8,1,0,19,14,2,0,0,317,0,0,0,0,64.86934118513065,70.68452380952381,73.07692307692308,25,0.0,40.0,0.0,50.0,0.0,3,2,9,80.70662460567823,70,0,0,3,0,3,0,4,3,3,1,0,0,2,1,0,0,7,4,3,2,10,9,0,0,2,317,0,0,0,2,-64.86934118513065,63.45177664974619,64.28571428571429,7,20.24291497975709,0.0,50.0,0.0,0.0,3,2,3,80.70662460567823
S45G01N204,2024-2025,20250303,65,away,35,4,0,3,2,5,1,8,5,5,3,0,0,1,0,0,0,13,8,1,0,19,14,2,0,0,331,0,0,0,0,46.598621966269036,70.68452380952381,73.07692307692308,25,0.0,40.0,0.0,50.0,0.0,3,2,9,80.91842900302115,70,0,0,3,0,3,0,4,3,4,2,0,0,2,1,0,0,8,5,3,2,13,10,0,0,2,331,0,0,0,2,-46.598621966269036,73.1981981981982,75.0,10,18.38235294117647,0.0,50.0,0.0,0.0,3,2,3,80.91842900302115
S45G01N204,2024-2025,20250303,66,away,35,4,0,3,2,5,1,8,5,5,3,0,0,1,0,0,0,13,8,1,0,19,14,2,0,0,331,0,0,0,0,46.598621966269036,70.68452380952381,73.07692307692308,25,0.0,40.0,0.0,50.0,0.0,3,2,9,80.91842900302115,70,1,0,3,0,3,0,4,3,4,2,0,0,2,1,0,0,8,5,3,2,13,10,0,0,2,331,0,0,0,2,-46.598621966269036,73.1981981981982,75.0,11,18.38235294117647,0.0,50.0,20.0,0.5,3,2,3,80.91842900302115
S45G01N204,2024-2025,20250303,67,away,35,4,0,3,2,5,1,9,5,5,3,0,0,1,0,0,0,14,8,1,0,19,15,2,0,0,346,0,0,0,0,33.247824853414045,65.78947368421053,67.85714285714286,24,0.0,40.0,0.0,50.0,0.0,3,2,9,80.878612716763,70,1,0,3,0,3,0,4,3,4,2,0,0,2,1,0,0,8,5,3,2,13,10,0,0,2,346,0,0,0,2,-33.247824853414045,73.1981981981982,75.0,11,18.38235294117647,0.0,50.0,20.0,0.5,3,2,3,80.878612716763
S45G01N204,2024-2025,20250303,68,away,35,4,0,3,2,5,1,9,5,5,3,0,0,1,0,0,0,14,8,1,0,19,15,2,0,0,347,0,0,0,0,33.247824853414045,65.78947368421053,67.85714285714286,24,0.0,40.0,0.0,50.0,0.0,3,2,9,80.64553314121036,70,1,1,3,0,3,0,4,3,4,2,0,0,2,1,0,0,8,5,3,2,13,10,0,0,2,347,0,0,0,2,-33.247824853414045,73.1981981981982,75.0,12,18.38235294117647,0.0,50.0,20.0,0.5,3,2,3,80.64553314121036
S45G01N204,2024-2025,20250303,69,away,35,4,0,3,3,6,1,9,5,5,3,0,0,1,0,0,0,14,8,1,0,19,15,2,0,0,348,0,0,0,0,46.598621966269036,65.78947368421053,67.85714285714286,25,0.0,50.0,0.0,50.0,0.0,3,2,9,76.9655172413793,70,1,1,3,0,3,0,4,3,4,2,0,0,2,1,0,0,8,5,3,2,13,10,0,0,2,348,0,0,0,2,-46.598621966269036,73.1981981981982,75.0,12,18.38235294117647,0.0,50.0,20.0,0.5,3,2,3,76.9655172413793
S45G01N204,2024-2025,20250303,70,away,35,4,0,3,3,6,1,9,5,5,3,0,0,1,0,0,0,14,8,1,0,19,15,2,0,1,350,0,0,0,1,33.247824853414045,65.78947368421053,67.85714285714286,24,6.476683937823834,50.0,0.0,50.0,4.0,3,2,9,79.95428571428572,70,1,1,3,0,3,0,4,3,4,2,0,0,2,1,0,0,8,5,3,2,13,10,0,0,2,350,0,0,0,2,-33.247824853414045,73.1981981981982,75.0,12,18.38235294117647,0.0,50.0,20.0,0.5,3,2,3,79.95428571428572
S45G01N204,2024-2025,20250303,71,away,35,4,0,3,3,6,1,9,5,5,3,0,0,1,0,0,0,14,8,1,0,19,15,2,0,1,351,0,0,0,1,33.247824853414045,65.78947368421053,67.85714285714286,24,6.476683937823834,50.0,0.0,50.0,4.0,3,2,9,79.72649572649573,70,1,1,3,0,3,0,4,3,4,2,0,0,2,1,0,0,8,5,3,2,13,10,1,0,2,351,0,0,0,2,-33.247824853414045,73.1981981981982,75.0,13,18.38235294117647,0.0,50.0,20.0,0.5,3,2,3,79.72649572649573
S45G01N204,2024-2025,20250303,72,away,35,4,0,3,3,6,1,9,5,5,3,0,0,1,0,0,0,14,8,2,1,19,15,2,0,1,352,0,0,0,1,33.247824853414045,65.78947368421053,67.85714285714286,24,6.476683937823834,50.0,0.0,50.0,4.0,3,2,9,79.5,70,1,1,3,0,3,0,4,3,4,2,0,0,2,1,0,0,8,5,3,2,13,10,1,0,2,352,0,0,0,2,-33.247824853414045,73.1981981981982,75.0,13,18.38235294117647,0.0,50.0,20.0,0.5,3,2,3,79.5
S45G01N204,2024-2025,20250303,73,away,35,4,0,3,3,6,1,9,5,5,3,0,0,1,0,0,0,14,8,2,1,19,15,2,0,1,352,0,0,0,1,33.247824853414045,65.78947368421053,67.85714285714286,24,6.476683937823834,50.0,0.0,50.0,4.0,3,2,9,79.5,70,1,1,3,0,3,0,4,3,4,2,0,0,2,1,0,0,8,5,3,2,13,10,1,0,2,352,0,0,0,2,-33.247824853414045,73.1981981981982,75.0,13,18.38235294117647,0.0,50.0,20.0,0.5,3,2,3,79.5
S45G01N204,2024-2025,20250303,74,away,35,4,0,3,3,6,1,9,5,5,3,0,0,1,0,0,0,14,8,2,1,19,15,2,0,1,352,0,0,0,1,33.247824853414045,65.78947368421053,67.85714285714286,24,6.476683937823834,50.0,0.0,50.0,4.0,3,2,9,79.5,70,1,1,3,0,3,0,4,3,4,2,0,0,2,1,0,0,8,5,3,2,13,10,1,0,2,352,0,0,0,2,-33.247824853414045,73.1981981981982,75.0,13,18.38235294117647,0.0,50.0,20.0,0.5,3,2,3,79.5
S45G01N204,2024-2025,20250303,75,away,35,4,0,3,3,6,1,9,5,5,3,0,0,1,0,0,0,14,8,2,1,19,15,2,0,1,352,0,0,0,1,33.247824853414045,65.78947368421053,67.85714285714286,24,6.476683937823834,50.0,0.0,50.0,4.0,3,2,9,79.5,70,1,1,3,0,3,0,4,3,4,2,0,0,2,1,0,0,8,5,3,2,13,10,1,0,2,352,0,0,0,2,-33.247824853414045,73.1981981981982,75.0,13,18.38235294117647,0.0,50.0,20.0,0.5,3,2,3,79.5
S45G01N204,2024-2025,20250303,76,away,35,4,0,3,3,6,1,9,5,5,3,0,0,1,0,0,0,14,8,2,1,19,15,2,0,1,368,0,0,0,1,26.470492708434833,65.78947368421053,67.85714285714286,24,6.476683937823834,50.0,0.0,50.0,4.0,5,2,9,79.30434782608695,70,1,1,3,0,3,0,5,4,4,2,0,0,2,1,0,0,9,6,3,2,15,11,1,0,2,368,0,0,0,2,-26.470492708434833,75.91093117408906,77.77777777777777,15,16.835016835016834,0.0,50.0,16.666666666666668,0.5,5,2,3,79.30434782608695
S45G01N204,2024-2025,20250303,77,away,35,4,0,3,3,6,1,9,5,5,3,0,0,1,0,0,0,14,8,2,1,19,15,2,0,1,368,0,0,0,1,26.470492708434833,65.78947368421053,67.85714285714286,24,6.476683937823834,50.0,0.0,50.0,4.0,5,2,9,79.30434782608695,70,2,1,3,0,3,0,5,4,4,2,0,0,2,1,0,0,9,6,3,2,15,11,1,0,2,368,0,0,0,2,-26.470492708434833,75.91093117408906,77.77777777777777,16,16.835016835016834,0.0,50.0,33.333333333333336,1.0,5,2,3,79.30434782608695
S45G01N204,2024-2025,20250303,78,away,35,4,0,3,3,6,1,9,5,5,3,0,0,1,0,0,0,14,8,2,1,19,15,2,0,2,383,0,0,0,2,15.106421356421393,65.78947368421053,67.85714285714286,23,12.165450121654503,50.0,0.0,50.0,2.0,5,2,9,79.33159268929504,70,2,1,3,0,3,0,5,4,4,2,0,0,2,1,0,0,9,6,3,2,15,11,1,0,2,383,0,0,0,2,-15.106421356421393,75.91093117408906,77.77777777777777,16,16.835016835016834,0.0,50.0,33.333333333333336,1.0,5,2,3,79.33159268929504
S45G01N204,2024-2025,20250303,79,away,35,4,0,3,3,6,1,9,5,5,3,0,0,1,0,0,0,14,8,2,1,19,15,2,0,2,384,0,0,0,2,15.106421356421393,65.78947368421053,67.85714285714286,23,12.165450121654503,50.0,0.0,50.0,2.0,5,2,9,79.125,70,2,1,3,0,3,0,5,4,4,2,0,0,2,1,0,0,9,6,3,2,15,11,2,0,2,384,0,0,0,2,-15.106421356421393,75.91093117408906,77.77777777777777,17,16.835016835016834,0.0,50.0,33.333333333333336,1.0,5,2,3,79.125
S45G01N204,2024-2025,20250303,80,away,35,4,0,3,3,6,1,9,5,5,3,0,0,1,0,0,0,14,8,2,1,19,15,2,0,2,389,0,0,0,2,1.6174948240166032,65.78947368421053,67.85714285714286,23,12.165450121654503,50.0,0.0,50.0,2.0,8,2,9,81.19280205655527,70,2,1,3,0,3,0,5,4,5,3,0,0,2,1,0,0,10,7,3,2,18,12,2,0,2,389,0,0,0,2,-1.6174948240166032,82.72058823529412,85.0,20,15.527950310559005,0.0,50.0,28.571428571428573,1.0,8,2,3,81.19280205655527
S45G01N204,2024-2025,20250303,81,away,35,4,0,3,3,6,1,9,5,5,3,0,0,1,0,0,0,14,8,2,1,19,15,2,0,2,389,0,0,0,2,1.6174948240166032,65.78947368421053,67.85714285714286,23,12.165450121654503,50.0,0.0,50.0,2.0,8,2,9,81.19280205655527,70,3,1,3,0,3,0,5,4,5,3,0,0,2,1,0,0,10,7,3,2,18,12,2,0,2,389,0,0,0,2,-1.6174948240166032,82.72058823529412,85.0,21,15.527950310559005,0.0,50.0,42.857142857142854,1.5,8,2,3,81.19280205655527
S45G01N204,2024-2025,20250303,82,away,35,4,0,3,3,6,1,9,5,5,3,0,0,1,0,0,0,14,8,2,1,19,15,2,0,2,389,0,0,0,2,1.6174948240166032,65.78947368421053,67.85714285714286,23,12.165450121654503,50.0,0.0,50.0,2.0,8,2,9,81.19280205655527,70,3,1,3,0,3,0,5,4,5,3,0,0,2,1,1,3,10,7,3,2,18,12,2,0,2,389,0,0,0,2,-1.6174948240166032,82.72058823529412,85.0,21,15.527950310559005,0.0,50.0,42.857142857142854,1.5,8,2,3,81.19280205655527
S45G01N204,2024-2025,20250303,83,away,35,4,0,3,3,6,1,9,5,5,3,0,0,1,0,0,0,14,8,2,1,19,15,2,0,2,389,0,0,0,2,1.6174948240166032,65.78947368421053,67.85714285714286,23,12.165450121654503,50.0,0.0,50.0,2.0,8,2,9,81.19280205655527,70,3,1,3,0,3,0,5,4,5,3,0,0,2,1,1,3,10,7,3,2,18,12,2,0,2,389,0,0,0,2,-1.6174948240166032,82.72058823529412,85.0,21,15.527950310559005,0.0,50.0,42.857142857142854,1.5,8,2,3,81.19280205655527
S45G01N204,2024-2025,20250303,84,away,35,4,0,3,3,6,1,10,5,5,3,0,0,1,0,0,0,15,8,2,1,19,16,2,0,2,405,0,0,0,2,-8.172605426609977,61.52849740932643,63.333333333333336,22,11.467889908256883,50.0,0.0,50.0,2.0,8,2,9,80.94814814814815,70,3,1,3,0,3,0,5,4,5,3,0,0,2,1,1,3,10,7,3,2,18,12,2,0,2,405,0,0,0,2,8.172605426609977,82.72058823529412,85.0,21,15.527950310559005,0.0,50.0,42.857142857142854,1.5,8,2,3,80.94814814814815
S45G01N204,2024-2025,20250303,85,away,35,4,0,3,4,7,1,10,5,5,3,0,0,1,0,0,0,15,8,2,1,19,16,2,0,2,407,0,0,0,2,1.6174948240166032,61.52849740932643,63.333333333333336,23,11.467889908256883,57.142857142857146,0.0,50.0,2.0,8,2,9,77.6019656019656,70,3,1,3,0,3,0,5,4,5,3,0,0,2,1,1,3,10,7,3,2,18,12,2,0,2,407,0,0,0,2,-1.6174948240166032,82.72058823529412,85.0,21,15.527950310559005,0.0,50.0,42.857142857142854,1.5,8,2,3,77.6019656019656
S45G01N204,2024-2025,20250303,86,away,35,4,0,3,4,7,1,10,5,5,3,0,0,1,0,0,0,15,8,2,1,19,16,2,0,2,415,0,0,0,2,1.6174948240166032,61.52849740932643,63.333333333333336,23,11.467889908256883,57.142857142857146,0.0,50.0,2.0,8,2,9,76.10602409638554,70,3,1,3,0,3,0,5,4,5,3,0,0,2,1,1,3,10,7,4,3,18,12,2,0,2,415,0,0,0,2,-1.6174948240166032,82.72058823529412,85.0,21,15.527950310559005,0.0,50.0,42.857142857142854,1.5,8,2,3,76.10602409638554
S45G01N204,2024-2025,20250303,87,away,35,4,0,3,4,7,1,10,5,5,3,0,0,1,0,0,0,15,8,2,1,19,16,2,0,2,415,0,0,0,2,1.6174948240166032,61.52849740932643,63.333333333333336,23,11.467889908256883,57.142857142857146,0.0,50.0,2.0,8,2,9,76.10602409638554,70,3,1,3,0,3,0,5,4,5,3,0,0,2,1,1,3,10,7,4,3,18,12,2,0,2,415,0,0,0,2,-1.6174948240166032,82.72058823529412,85.0,21,15.527950310559005,0.0,50.0,42.857142857142854,1.5,8,2,3,76.10602409638554
S45G01N204,2024-2025,20250303,88,away,35,4,0,3,4,7,1,11,5,5,3,0,0,1,0,0,0,16,8,2,1,19,17,2,0,2,421,0,0,0,2,-8.172605426610005,57.78588807785888,59.375,22,10.845986984815617,57.142857142857146,0.0,50.0,2.0,8,2,9,77.87173396674585,70,3,1,3,0,3,0,5,4,5,3,0,0,2,1,1,3,10,7,4,3,18,12,2,0,2,421,0,0,0,2,8.172605426610005,82.72058823529412,85.0,21,15.527950310559005,0.0,50.0,42.857142857142854,1.5,8,2,3,77.87173396674585
S45G01N204,2024-2025,20250303,89,away,35,4,0,3,4,7,1,11,5,5,3,0,0,1,0,0,0,16,8,2,1,19,17,2,0,2,422,0,0,0,2,-8.172605426610005,57.78588807785888,59.375,22,10.845986984815617,57.142857142857146,0.0,50.0,2.0,8,2,9,77.6872037914692,70,3,2,3,0,3,0,5,4,5,3,0,0,2,1,1,3,10,7,4,3,18,12,2,0,2,422,0,0,0,2,8.172605426610005,82.72058823529412,85.0,22,15.527950310559005,0.0,50.0,42.857142857142854,1.5,8,2,3,77.6872037914692
S45G01N204,2024-2025,20250303,90,away,35,4,0,3,4,7,2,11,5,5,3,0,0,1,0,0,0,16,8,2,1,19,17,2,0,2,423,0,0,0,2,-8.172605426610005,57.78588807785888,59.375,23,10.845986984815617,57.142857142857146,0.0,50.0,2.0,8,2,9,77.50354609929079,70,3,2,3,0,3,0,5,4,5,3,0,0,2,1,1,3,10,7,4,3,18,12,2,0,2,423,0,0,0,2,8.172605426610005,82.72058823529412,85.0,22,15.527950310559005,0.0,50.0,42.857142857142854,1.5,8,2,3,77.50354609929079
S45G01N204,2024-2025,20250303,91,away,35,4,0,3,4,7,2,12,6,5,3,0,0,1,0,0,0,17,9,2,1,21,18,2,0,2,427,0,0,0,2,-3.7411901007305346,60.20642201834862,61.76470588235294,25,10.288065843621398,57.142857142857146,0.0,44.44444444444444,2.0,2,2,9,79.58782201405153,70,3,2,3,0,3,0,5,4,5,3,0,0,2,1,1,3,10,7,4,3,18,12,2,0,2,427,0,0,0,2,3.7411901007305346,82.72058823529412,85.0,22,15.527950310559005,0.0,50.0,42.857142857142854,1.5,2,2,3,79.58782201405153
S45G01N204,2024-2025,20250303,92,away,35,4,0,3,4,7,2,12,6,5,3,0,0,1,0,0,0,17,9,2,1,21,18,2,0,2,427,0,0,0,2,-3.7411901007305346,60.20642201834862,61.76470588235294,25,10.288065843621398,57.142857142857146,0.0,44.44444444444444,2.0,2,2,9,79.58782201405153,70,3,2,3,0,3,0,5,4,5,3,0,0,2,1,1,3,10,7,5,3,18,12,2,0,2,427,0,0,0,2,3.7411901007305346,82.72058823529412,85.0,22,15.527950310559005,0.0,50.0,42.857142857142854,1.5,2,2,3,79.58782201405153
S45G01N204,2024-2025,20250303,93,away,35,4,0,3,4,7,2,12,6,5,3,0,0,1,0,0,0,17,9,2,1,21,18,2,0,2,427,0,0,0,2,-3.7411901007305346,60.20642201834862,61.76470588235294,25,10.288065843621398,57.142857142857146,0.0,44.44444444444444,2.0,2,2,9,79.58782201405153,70,3,2,3,0,3,0,5,4,5,3,0,0,2,1,1,3,10,7,5,3,18,12,2,0,2,427,0,0,0,2,3.7411901007305346,82.72058823529412,85.0,22,15.527950310559005,0.0,50.0,42.857142857142854,1.5,2,2,3,79.58782201405153
S45G01N204,2024-2025,20250303,94,away,35,4,0,3,4,7,2,12,6,5,3,0,0,1,0,0,0,17,9,2,1,21,18,2,0,2,427,0,0,0,2,-3.7411901007305346,60.20642201834862,61.76470588235294,25,10.288065843621398,57.142857142857146,0.0,44.44444444444444,2.0,2,2,9,79.58782201405153,70,3,2,3,0,3,0,5,4,5,3,0,0,2,1,1,3,10,7,5,3,18,12,2,0,2,427,0,0,0,2,3.7411901007305346,82.72058823529412,85.0,22,15.527950310559005,0.0,50.0,42.857142857142854,1.5,2,2,3,79.58782201405153
S45G01N204,2024-2025,20250303,95,away,35,4,0,3,4,7,2,12,6,5,3,0,0,1,0,0,0,17,9,2,1,21,18,2,0,2,427,0,0,0,2,-3.7411901007305346,60.20642201834862,61.76470588235294,25,10.288065843621398,57.142857142857146,0.0,44.44444444444444,2.0,2,2,9,79.58782201405153,70,3,2,3,0,3,0,5,4,5,3,0,0,2,1,1,3,10,7,5,3,18,12,2,0,2,427,0,0,0,2,3.7411901007305346,82.72058823529412,85.0,22,15.527950310559005,0.0,50.0,42.857142857142854,1.5,2,2,3,79.58782201405153
S45G01N204,2024-2025,20250303,96,away,35,4,0,3,4,7,2,12,6,5,3,0,0,1,0,0,0,17,9,2,1,21,18,2,0,2,427,0,0,0,2,-3.7411901007305346,60.20642201834862,61.76470588235294,25,10.288065843621398,57.142857142857146,0.0,44.44444444444444,2.0,2,2,9,79.58782201405153,70,3,2,3,0,3,0,5,4,5,3,0,0,2,1,1,3,10,7,5,3,18,12,2,0,2,427,0,0,0,2,3.7411901007305346,82.72058823529412,85.0,22,15.527950310559005,0.0,50.0,42.857142857142854,1.5,2,2,3,79.58782201405153
S45G01N204,2024-2025,20250303,97,away,35,4,0,3,4,7,2,12,6,5,3,0,0,1,0,0,0,17,9,2,1,21,18,2,0,2,427,0,0,0,2,-3.7411901007305346,60.20642201834862,61.76470588235294,25,10.288065843621398,57.142857142857146,0.0,44.44444444444444,2.0,2,2,9,79.58782201405153,70,3,2,3,0,3,0,5,4,5,3,0,0,2,1,1,3,10,7,5,3,18,12,2,0,2,427,0,0,0,2,3.7411901007305346,82.72058823529412,85.0,22,15.527950310559005,0.0,50.0,42.857142857142854,1.5,2,2,3,79.58782201405153
S45G01N204,2024-2025,20250303,98,away,35,4,0,3,4,7,2,12,6,5,3,0,0,1,0,0,0,17,9,2,1,21,18,2,0,2,427,0,0,0,2,-3.7411901007305346,60.20642201834862,61.76470588235294,25,10.288065843621398,57.142857142857146,0.0,44.44444444444444,2.0,2,2,9,79.58782201405153,70,3,2,3,0,3,0,5,4,5,3,0,0,2,1,1,3,10,7,5,3,18,12,2,0,2,427,0,0,0,2,3.7411901007305346,82.72058823529412,85.0,22,15.527950310559005,0.0,50.0,42.857142857142854,1.5,2,2,3,79.58782201405153
S45G01N204,2024-2025,20250303,99,away,35,4,0,3,4,7,2,12,6,5,3,0,0,1,0,0,0,17,9,2,1,21,18,2,0,2,427,0,0,0,2,-3.7411901007305346,60.20642201834862,61.76470588235294,25,10.288065843621398,57.142857142857146,0.0,44.44444444444444,2.0,2,2,9,79.58782201405153,70,3,2,3,0,3,0,5,4,5,3,0,0,2,1,1,3,10,7,5,3,18,12,2,0,2,427,0,0,0,2,3.7411901007305346,82.72058823529412,85.0,22,15.527950310559005,0.0,50.0,42.857142857142854,1.5,2,2,3,79.58782201405153
S45G01N204,2024-2025,20250303,100,away,35,4,0,3,4,7,2,12,6,5,3,0,0,1,0,0,0,17,9,2,1,21,18,2,0,2,427,0,0,0,2,-3.7411901007305346,60.20642201834862,61.76470588235294,25,10.288065843621398,57.142857142857146,0.0,44.44444444444444,2.0,2,2,9,79.58782201405153,70,3,2,3,0,3,0,5,4,5,3,0,0,2,1,1,3,10,7,5,3,18,12,2,0,2,427,0,0,0,2,3.7411901007305346,82.72058823529412,85.0,22,15.527950310559005,0.0,50.0,42.857142857142854,1.5,2,2,3,79.58782201405153
S45G01N204,2024-2025,20250303,101,away,35,4,0,3,4,7,2,12,6,5,3,0,0,1,0,0,0,17,9,2,1,21,18,2,0,2,427,0,0,0,2,-3.7411901007305346,60.20642201834862,61.76470588235294,25,10.288065843621398,57.142857142857146,0.0,44.44444444444444,2.0,2,2,9,79.58782201405153,70,3,2,3,0,3,0,5,4,5,3,0,0,2,1,1,3,10,7,5,3,18,12,2,0,2,427,0,0,0,2,3.7411901007305346,82.72058823529412,85.0,22,15.527950310559005,0.0,50.0,42.857142857142854,1.5,2,2,3,79.58782201405153
S45G01N204,2024-2025,20250303,102,away,35,4,0,3,4,7,2,12,6,5,3,0,0,1,0,0,0,17,9,2,1,21,18,2,0,2,427,0,0,0,2,-3.7411901007305346,60.20642201834862,61.76470588235294,25,10.288065843621398,57.142857142857146,0.0,44.44444444444444,2.0,2,2,9,79.58782201405153,70,3,2,3,0,3,0,5,4,5,3,0,0,2,1,1,3,10,7,5,3,18,12,2,0,2,427,0,0,0,2,3.7411901007305346,82.72058823529412,85.0,22,15.527950310559005,0.0,50.0,42.857142857142854,1.5,2,2,3,79.58782201405153
S45G01N204,2024-2025,20250303,103,away,35,4,0,3,4,7,2,12,6,5,3,0,0,1,0,0,0,17,9,2,1,21,18,2,0,2,427,0,0,0,2,-3.7411901007305346,60.20642201834862,61.76470588235294,25,10.288065843621398,57.142857142857146,0.0,44.44444444444444,2.0,2,2,9,79.58782201405153,70,3,2,3,0,3,0,5,4,5,3,0,0,2,1,1,3,10,7,5,3,18,12,2,0,2,427,0,0,0,2,3.7411901007305346,82.72058823529412,85.0,22,15.527950310559005,0.0,50.0,42.857142857142854,1.5,2,2,3,79.58782201405153
S45G01N204,2024-2025,20250303,104,away,35,4,0,3,4,7,2,12,6,5,3,0,0,2,1,0,0,17,9,2,1,22,19,2,0,2,427,0,0,0,2,-1.2125099738723577,61.52125279642058,61.76470588235294,26,10.06036217303823,57.142857142857146,50.0,44.44444444444444,2.0,3,2,9,80.82435597189695,70,3,2,3,0,3,0,5,4,5,3,0,0,2,1,1,3,10,7,5,3,18,12,2,0,2,427,0,0,0,2,1.2125099738723577,82.72058823529412,85.0,22,15.527950310559005,0.0,50.0,42.857142857142854,1.5,3,2,3,80.82435597189695
S45G01N204,2024-2025,20250303,105,away,35,4,0,3,4,7,2,12,6,5,3,0,0,2,1,0,0,17,9,2,1,22,19,2,0,2,447,0,0,0,2,8.856045703003076,61.52125279642058,61.76470588235294,26,10.06036217303823,57.142857142857146,50.0,44.44444444444444,2.0,3,2,9,79.89261744966443,70,3,2,3,0,3,0,5,4,6,3,0,0,2,1,1,3,11,7,5,3,18,13,2,0,2,447,0,0,0,2,-8.856045703003076,75.75757575757575,77.27272727272727,21,14.40922190201729,0.0,50.0,42.857142857142854,1.5,3,2,3,79.89261744966443
S45G01N204,2024-2025,20250303,106,away,35,4,0,3,4,7,2,12,6,5,3,0,0,2,1,0,0,17,9,2,1,22,19,2,0,2,449,0,0,0,2,-1.2125099738723577,61.52125279642058,61.76470588235294,26,10.06036217303823,57.142857142857146,50.0,44.44444444444444,2.0,3,2,9,76.8641425389755,70,3,2,3,1,4,0,5,4,6,3,0,0,2,1,1,3,11,7,5,3,18,13,2,0,2,449,0,0,0,2,1.2125099738723577,75.75757575757575,77.27272727272727,22,14.40922190201729,25.0,50.0,42.857142857142854,1.5,3,2,3,76.8641425389755
S45G01N204,2024-2025,20250303,107,away,35,4,0,3,4,7,2,12,6,5,3,0,0,2,1,0,0,17,9,2,1,22,19,2,0,2,457,0,0,0,2,-5.553176199014217,61.52125279642058,61.76470588235294,26,10.06036217303823,57.142857142857146,50.0,44.44444444444444,2.0,2,2,9,78.14442013129101,70,3,2,3,1,4,0,6,5,6,3,0,0,2,1,1,3,12,8,5,3,20,14,2,0,2,457,0,0,0,2,5.553176199014217,77.63975155279503,79.16666666666667,24,13.440860215053762,25.0,50.0,37.5,1.5,2,2,3,78.14442013129101
S45G01N204,2024-2025,20250303,108,away,35,4,0,3,4,7,2,12,6,5,3,0,0,2,1,0,0,17,9,2,1,22,19,2,0,2,467,0,0,0,2,-5.553176199014217,61.52125279642058,61.76470588235294,26,10.06036217303823,57.142857142857146,50.0,44.44444444444444,2.0,2,2,9,76.47109207708779,70,3,2,3,1,4,0,6,5,6,3,0,0,2,1,1,3,12,8,6,3,20,14,2,0,2,467,0,0,0,2,5.553176199014217,77.63975155279503,79.16666666666667,24,13.440860215053762,25.0,50.0,37.5,1.5,2,2,3,76.47109207708779
S45G01N204,2024-2025,20250303,109,away,35,4,0,3,4,7,2,12,6,5,3,0,0,3,2,0,0,17,9,2,1,23,20,2,0,2,467,0,0,0,2,-3.1608464711532918,62.77292576419214,61.76470588235294,27,9.84251968503937,57.142857142857146,66.66666666666667,44.44444444444444,2.0,1,2,9,77.6017130620985,70,3,2,3,1,4,0,6,5,6,3,0,0,2,1,1,3,12,8,6,3,20,14,2,0,2,467,0,0,0,2,3.1608464711532918,77.63975155279503,79.16666666666667,24,13.440860215053762,25.0,50.0,37.5,1.5,1,2,3,77.6017130620985
S45G01N204,2024-2025,20250303,110,away,35,4,0,3,4,7,2,12,6,5,3,0,0,4,3,0,0,17,9,2,1,24,21,2,0,2,467,0,0,0,2,-0.8941283280488221,63.96588486140725,61.76470588235294,28,9.633911368015413,57.142857142857146,75.0,44.44444444444444,2.0,2,2,9,78.7323340471092,70,3,2,3,1,4,0,6,5,6,3,0,0,2,1,1,3,12,8,6,3,20,14,2,0,2,467,0,0,0,2,0.8941283280488221,77.63975155279503,79.16666666666667,24,13.440860215053762,25.0,50.0,37.5,1.5,2,2,3,78.7323340471092
S45G01N204,2024-2025,20250303,111,away,35,4,0,3,4,7,2,12,6,5,3,0,0,4,3,0,0,17,9,2,1,24,21,2,0,2,476,0,0,0,2,8.78948854158645,63.96588486140725,61.76470588235294,28,9.633911368015413,57.142857142857146,75.0,44.44444444444444,2.0,2,2,9,79.76470588235294,70,3,2,3,1,4,0,6,5,6,3,0,0,2,1,1,3,12,8,6,3,20,14,2,0,3,476,0,0,0,3,-8.78948854158645,77.63975155279503,79.16666666666667,23,18.89168765743073,25.0,50.0,37.5,1.0,2,2,3,79.76470588235294
S45G01N204,2024-2025,20250303,112,away,35,4,0,3,4,7,2,12,6,5,3,0,0,4,3,0,0,17,9,2,1,24,21,3,0,2,477,0,0,0,2,8.78948854158645,63.96588486140725,61.76470588235294,29,9.633911368015413,57.142857142857146,75.0,44.44444444444444,2.0,2,2,9,79.59748427672956,70,3,2,3,1,4,0,6,5,6,3,0,0,2,1,1,3,12,8,6,3,20,14,2,0,3,477,0,0,0,3,-8.78948854158645,77.63975155279503,79.16666666666667,23,18.89168765743073,25.0,50.0,37.5,1.0,2,2,3,79.59748427672956
S45G01N204,2024-2025,20250303,113,away,35,4,0,3,4,7,2,12,6,5,3,0,0,4,3,0,0,17,9,2,1,24,21,3,0,3,478,0,0,0,3,0.7265329845974975,63.96588486140725,61.76470588235294,28,13.786764705882351,57.142857142857146,75.0,44.44444444444444,1.3333333333333333,2,2,9,81.94142259414225,70,3,2,3,1,4,0,6,5,6,3,0,0,2,1,1,3,12,8,6,3,20,14,2,0,3,478,0,0,0,3,-0.7265329845974975,77.63975155279503,79.16666666666667,23,18.89168765743073,25.0,50.0,37.5,1.0,2,2,3,81.94142259414225
S45G01N204,2024-2025,20250303,114,away,35,4,0,3,4,7,2,12,6,5,3,0,0,4,3,0,0,17,9,2,1,24,21,3,0,3,493,0,0,0,3,0.7265329845974975,63.96588486140725,61.76470588235294,28,13.786764705882351,57.142857142857146,75.0,44.44444444444444,1.3333333333333333,2,2,9,79.44827586206897,70,3,2,3,1,4,0,6,5,6,3,0,0,2,1,1,3,12,8,6,3,20,14,2,1,3,493,0,0,0,4,-0.7265329845974975,77.63975155279503,79.16666666666667,22,18.89168765743073,25.0,50.0,37.5,1.0,2,2,3,79.44827586206897
S45G01N204,2024-2025,20250303,115,away,35,4,0,3,4,7,2,12,6,6,3,0,0,4,3,0,0,18,9,2,1,24,22,3,0,3,509,0,0,0,3,-6.476832427723139,60.72874493927125,58.333333333333336,27,13.181019332161686,57.142857142857146,75.0,44.44444444444444,1.3333333333333333,2,2,9,79.30844793713163,70,3,2,3,1,4,0,6,5,6,3,0,0,2,1,1,3,12,8,6,3,20,14,2,1,3,509,0,0,0,4,6.476832427723139,77.63975155279503,79.16666666666667,22,18.89168765743073,25.0,50.0,37.5,1.0,2,2,3,79.30844793713163
S45G01N204,2024-2025,20250303,116,away,35,4,0,3,4,7,2,12,6,6,3,0,0,4,3,0,0,18,9,2,1,24,22,3,0,3,510,0,0,0,3,-6.476832427723139,60.72874493927125,58.333333333333336,27,13.181019332161686,50.0,75.0,44.44444444444444,1.3333333333333333,2,2,9,79.15294117647059,70,3,2,4,1,5,0,6,5,6,3,0,0,2,1,1,3,12,8,6,3,20,14,2,1,3,510,0,0,0,4,6.476832427723139,77.63975155279503,79.16666666666667,23,18.89168765743073,25.0,50.0,37.5,1.0,2,2,3,79.15294117647059
S45G01N204,2024-2025,20250303,117,away,35,4,0,3,4,7,2,12,6,6,3,0,0,4,3,0,0,18,9,2,1,24,22,3,0,3,523,0,0,0,3,1.9871853399429824,60.72874493927125,58.333333333333336,27,13.181019332161686,50.0,75.0,44.44444444444444,1.3333333333333333,2,2,9,79.47992351816444,70,3,2,4,1,5,0,6,5,6,3,0,0,2,1,1,3,12,8,6,3,20,14,2,1,4,523,0,0,0,5,-1.9871853399429824,77.63975155279503,79.16666666666667,22,23.696682464454973,25.0,50.0,37.5,0.75,2,2,3,79.47992351816444
S45G01N204,2024-2025,20250303,118,away,35,4,0,3,4,7,2,13,6,6,3,0,0,4,3,0,0,19,9,2,1,24,23,3,0,3,535,0,0,0,3,-4.487094504329008,57.80346820809248,55.26315789473684,26,12.626262626262626,50.0,75.0,44.44444444444444,1.3333333333333333,2,2,9,79.94018691588785,70,3,2,4,1,5,0,6,5,6,3,0,0,2,1,1,3,12,8,6,3,20,14,2,1,4,535,0,0,0,5,4.487094504329008,77.63975155279503,79.16666666666667,22,23.696682464454973,25.0,50.0,37.5,0.75,2,2,3,79.94018691588785
S45G01N204,2024-2025,20250303,119,away,35,4,0,3,5,8,2,13,6,6,3,0,0,4,3,0,0,19,9,2,1,24,23,3,0,3,537,0,0,0,3,1.9871853399429824,57.80346820809248,55.26315789473684,27,12.626262626262626,55.55555555555556,75.0,44.44444444444444,1.3333333333333333,2,2,9,77.40782122905027,70,3,2,4,1,5,0,6,5,6,3,0,0,2,1,1,3,12,8,6,3,20,14,2,1,4,537,0,0,0,5,-1.9871853399429824,77.63975155279503,79.16666666666667,22,23.696682464454973,25.0,50.0,37.5,0.75,2,2,3,77.40782122905027
S45G01N204,2024-2025,20250303,120,away,35,4,0,3,5,8,2,14,7,6,3,0,0,4,3,0,0,20,10,2,1,26,24,3,0,3,543,0,0,0,3,5.634362985549529,59.74264705882352,57.5,29,12.116316639741518,55.55555555555556,75.0,40.0,1.3333333333333333,4,2,9,78.76243093922652,70,3,2,4,1,5,0,6,5,6,3,0,0,2,1,1,3,12,8,6,3,20,14,2,1,4,543,0,0,0,5,-5.634362985549529,77.63975155279503,79.16666666666667,22,23.696682464454973,25.0,50.0,37.5,0.75,4,2,3,78.76243093922652
S45G01N204,2024-2025,20250303,121,away,35,4,0,3,5,8,2,14,7,6,3,0,0,4,3,0,0,20,10,2,1,26,24,3,0,3,550,0,0,0,3,13.095535046146182,59.74264705882352,57.5,29,12.116316639741518,55.55555555555556,75.0,40.0,1.3333333333333333,4,2,9,79.94181818181818,70,3,2,4,1,5,0,6,5,7,3,0,0,2,1,1,3,13,8,6,3,20,15,2,1,4,550,0,0,0,5,-13.095535046146182,72.04610951008645,73.07692307692308,21,22.371364653243845,25.0,50.0,37.5,0.75,4,2,3,79.94181818181818
S45G01N204,2024-2025,20250303,122,away,35,4,0,4,5,9,2,14,7,6,3,0,0,4,3,0,0,20,10,2,1,26,24,3,0,3,551,0,0,0,3,13.095535046146182,59.74264705882352,57.5,30,12.116316639741518,55.55555555555556,75.0,40.0,1.3333333333333333,4,2,9,79.7967332123412,70,3,2,4,1,5,0,6,5,7,3,0,0,2,1,1,3,13,8,6,3,20,15,2,1,4,551,0,0,0,5,-13.095535046146182,72.04610951008645,73.07692307692308,21,22.371364653243845,20.0,50.0,37.5,0.75,4,2,3,79.7967332123412
S45G01N204,2024-2025,20250303,123,away,35,4,0,4,5,9,2,14,7,6,3,0,0,4,3,0,0,20,10,2,1,26,24,3,0,3,553,0,0,0,3,13.095535046146182,59.74264705882352,57.5,30,12.116316639741518,55.55555555555556,75.0,40.0,1.3333333333333333,4,2,9,79.50813743218806,70,3,2,4,1,5,0,6,5,7,3,0,0,2,1,1,3,13,8,7,3,20,15,2,1,4,553,0,0,0,5,-13.095535046146182,72.04610951008645,73.07692307692308,21,22.371364653243845,20.0,50.0,37.5,0.75,4,2,3,79.50813743218806
S45G01N204,2024-2025,20250303,124,away,35,4,0,4,5,9,2,14,7,6,3,0,0,4,3,0,0,20,10,2,1,26,24,3,0,3,553,0,0,0,3,13.095535046146182,59.74264705882352,57.5,30,12.116316639741518,55.55555555555556,75.0,40.0,1.3333333333333333,4,2,9,79.50813743218806,70,3,2,4,1,5,0,6,5,7,3,0,0,2,1,1,3,13,8,7,3,20,15,2,1,4,553,0,0,0,5,-13.095535046146182,72.04610951008645,73.07692307692308,21,22.371364653243845,20.0,50.0,37.5,0.75,4,2,3,79.50813743218806
S45G01N204,2024-2025,20250303,125,away,35,4,0,4,5,9,2,14,7,6,3,0,0,4,3,0,0,20,10,2,1,26,24,3,0,3,553,0,0,0,3,13.095535046146182,59.74264705882352,57.5,30,12.116316639741518,55.55555555555556,75.0,40.0,1.3333333333333333,4,2,9,79.50813743218806,70,3,2,4,1,5,0,6,5,7,3,0,0,2,1,1,3,13,8,7,3,20,15,2,1,4,553,0,0,0,5,-13.095535046146182,72.04610951008645,73.07692307692308,21,22.371364653243845,20.0,50.0,37.5,0.75,4,2,3,79.50813743218806
S45G01N204,2024-2025,20250303,126,away,35,4,0,4,5,9,2,14,7,6,3,0,0,4,3,0,0,20,10,2,1,26,24,3,0,3,553,0,0,0,3,13.095535046146182,59.74264705882352,57.5,30,12.116316639741518,55.55555555555556,75.0,40.0,1.3333333333333333,4,2,9,79.50813743218806,70,3,2,4,1,5,0,6,5,7,3,0,0,2,1,1,3,13,8,7,3,20,15,2,1,4,553,0,0,0,5,-13.095535046146182,72.04610951008645,73.07692307692308,21,22.371364653243845,20.0,50.0,37.5,0.75,4,2,3,79.50813743218806
S45G01N204,2024-2025,20250303,127,away,35,4,0,4,5,9,2,14,7,6,3,0,0,4,3,0,0,20,10,2,1,26,24,3,0,3,553,0,0,0,3,13.095535046146182,59.74264705882352,57.5,30,12.116316639741518,55.55555555555556,75.0,40.0,1.3333333333333333,4,2,9,79.50813743218806,70,3,2,4,1,5,0,6,5,7,3,0,0,2,1,1,3,13,8,7,3,20,15,2,1,4,553,0,0,0,5,-13.095535046146182,72.04610951008645,73.07692307692308,21,22.371364653243845,20.0,50.0,37.5,0.75,4,2,3,79.50813743218806
S45G01N204,2024-2025,20250303,128,away,35,4,0,4,5,9,2,14,7,6,3,0,0,4,3,0,0,20,10,2,1,26,24,3,0,3,553,0,0,0,3,13.095535046146182,59.74264705882352,57.5,30,12.116316639741518,55.55555555555556,75.0,40.0,1.3333333333333333,4,2,9,79.50813743218806,70,3,2,4,1,5,0,6,5,7,3,0,0,2,1,1,3,13,8,7,3,20,15,2,1,4,553,0,0,0,5,-13.095535046146182,72.04610951008645,73.07692307692308,21,22.371364653243845,20.0,50.0,37.5,0.75,4,2,3,79.50813743218806
S45G01N204,2024-2025,20250303,129,away,35,4,0,4,5,9,2,14,7,6,3,0,0,4,3,0,0,20,10,2,1,26,24,3,0,3,553,0,0,0,3,13.095535046146182,59.74264705882352,57.5,30,12.116316639741518,55.55555555555556,75.0,40.0,1.3333333333333333,4,2,9,79.50813743218806,70,3,2,4,1,5,0,6,5,7,3,0,0,2,1,1,3,13,8,7,3,20,15,2,1,4,553,0,0,0,5,-13.095535046146182,72.04610951008645,73.07692307692308,21,22.371364653243845,20.0,50.0,37.5,0.75,4,2,3,79.50813743218806
S45G01N204,2024-2025,20250303,130,away,35,4,0,4,5,9,2,14,7,6,3,0,0,5,4,0,0,20,10,2,1,27,25,3,0,3,553,0,0,0,3,15.179954014358799,60.810810810810814,57.5,31,11.904761904761905,55.55555555555556,80.0,40.0,1.3333333333333333,5,2,9,80.4629294755877,70,3,2,4,1,5,0,6,5,7,3,0,0,2,1,1,3,13,8,7,3,20,15,2,1,4,553,0,0,0,5,-15.179954014358799,72.04610951008645,73.07692307692308,21,22.371364653243845,20.0,50.0,37.5,0.75,5,2,3,80.4629294755877
S45G01N204,2024-2025,20250303,131,away,35,4,0,4,5,9,2,14,7,6,3,0,0,6,5,0,0,20,10,2,1,28,26,3,0,3,553,0,0,0,3,17.175502406407304,61.83745583038869,57.5,32,11.700468018720748,55.55555555555556,83.33333333333333,40.0,1.3333333333333333,6,2,9,81.41772151898735,70,3,2,4,1,5,0,6,5,7,3,0,0,2,1,1,3,13,8,7,3,20,15,2,1,4,553,0,0,0,5,-17.175502406407304,72.04610951008645,73.07692307692308,21,22.371364653243845,20.0,50.0,37.5,0.75,6,2,3,81.41772151898735
S45G01N204,2024-2025,20250303,132,away,35,4,0,4,5,9,2,14,7,6,3,0,0,6,5,0,0,20,10,2,1,28,26,3,0,3,577,0,0,0,3,23.80209146246294,61.83745583038869,57.5,32,11.700468018720748,55.55555555555556,83.33333333333333,40.0,1.3333333333333333,6,2,9,80.11091854419412,70,3,2,4,1,5,0,7,5,7,3,0,0,2,1,1,3,14,8,7,3,20,16,2,1,4,577,0,0,0,5,-23.80209146246294,67.20430107526882,67.85714285714286,20,21.1864406779661,20.0,50.0,37.5,0.75,6,2,3,80.11091854419412
S45G01N204,2024-2025,20250303,133,away,35,4,0,4,5,9,2,14,7,6,3,0,0,6,5,0,0,20,10,2,1,28,26,3,0,3,578,0,0,0,3,17.175502406407304,61.83745583038869,57.5,32,11.700468018720748,55.55555555555556,83.33333333333333,40.0,1.3333333333333333,6,2,9,77.8961937716263,70,3,2,4,2,6,0,7,5,7,3,0,0,2,1,1,3,14,8,7,3,20,16,2,1,4,578,0,0,0,5,-17.175502406407304,67.20430107526882,67.85714285714286,21,21.1864406779661,33.333333333333336,50.0,37.5,0.75,6,2,3,77.8961937716263
S45G01N204,2024-2025,20250303,134,away,35,4,0,4,5,9,2,14,7,6,3,0,0,6,5,0,0,20,10,2,1,28,26,3,0,3,579,0,0,0,3,12.61640913584101,61.83745583038869,57.5,32,11.700468018720748,55.55555555555556,83.33333333333333,40.0,1.3333333333333333,2,2,9,79.83419689119171,70,3,2,4,2,6,0,8,6,7,3,0,0,2,1,1,3,15,9,7,3,22,17,2,1,4,579,0,0,0,5,-12.61640913584101,69.26952141057934,70.0,23,20.120724346076457,33.333333333333336,50.0,33.333333333333336,0.75,2,2,3,79.83419689119171
S45G01N204,2024-2025,20250303,135,away,35,4,0,4,5,9,2,14,7,6,3,0,0,6,5,0,0,20,10,2,1,28,26,3,0,4,596,0,0,0,4,6.347512891447209,61.83745583038869,57.5,31,15.015015015015015,55.55555555555556,83.33333333333333,40.0,1.0,2,2,9,79.57046979865773,70,3,2,4,2,6,0,8,6,7,3,0,0,2,1,1,3,15,9,7,3,22,17,2,1,4,596,0,0,0,5,-6.347512891447209,69.26952141057934,70.0,23,20.120724346076457,33.333333333333336,50.0,33.333333333333336,0.75,2,2,3,79.57046979865773
S45G01N204,2024-2025,20250303,136,away,35,4,0,4,5,9,2,14,7,6,3,0,0,6,5,0,0,20,10,2,1,28,26,3,0,4,597,0,0,0,4,6.347512891447209,61.83745583038869,57.5,31,15.015015015015015,55.55555555555556,83.33333333333333,40.0,1.0,2,2,9,79.43718592964824,70,3,2,4,2,6,0,8,6,7,3,0,0,2,1,1,3,15,9,7,3,22,17,3,1,4,597,0,0,0,5,-6.347512891447209,69.26952141057934,70.0,24,20.120724346076457,33.333333333333336,50.0,33.333333333333336,0.75,2,2,3,79.43718592964824
S45G01N204,2024-2025,20250303,137,away,35,4,0,4,5,9,2,14,7,6,3,0,0,6,5,0,0,20,10,2,1,28,26,3,0,4,597,0,0,0,4,2.2713744164917387,61.83745583038869,57.5,31,15.015015015015015,55.55555555555556,83.33333333333333,40.0,1.0,4,2,9,81.44723618090451,70,3,2,4,2,6,0,9,7,7,3,0,0,2,1,1,3,16,10,7,3,24,18,3,1,4,597,0,0,0,5,-2.2713744164917387,71.09004739336493,71.875,26,19.157088122605366,33.333333333333336,50.0,30.0,0.75,4,2,3,81.44723618090451
S45G01N204,2024-2025,20250303,138,away,35,4,0,4,5,9,2,14,7,6,3,0,0,6,5,0,0,20,10,2,1,28,26,3,0,4,597,0,0,0,4,2.2713744164917387,61.83745583038869,57.5,31,15.015015015015015,55.55555555555556,83.33333333333333,40.0,1.0,4,2,9,81.44723618090451,70,3,2,4,2,6,0,9,7,7,3,0,0,2,1,2,5,16,10,7,3,24,18,3,1,4,597,0,0,0,5,-2.2713744164917387,71.09004739336493,71.875,26,19.157088122605366,33.333333333333336,50.0,30.0,0.75,4,2,3,81.44723618090451
S45G01N204,2024-2025,20250303,139,away,35,4,0,4,5,9,2,14,7,7,3,0,0,6,5,0,0,21,10,2,1,28,27,3,0,4,599,0,0,0,4,-3.4437324070192403,59.22165820642978,54.76190476190476,30,14.47178002894356,55.55555555555556,83.33333333333333,40.0,1.0,4,2,9,83.17863105175292,70,3,2,4,2,6,0,9,7,7,3,0,0,2,1,2,5,16,10,7,3,24,18,3,1,4,599,0,0,0,5,3.4437324070192403,71.09004739336493,71.875,26,19.157088122605366,33.333333333333336,50.0,30.0,0.75,4,2,3,83.17863105175292
S45G01N204,2024-2025,20250303,140,away,35,4,0,4,5,9,2,14,7,7,3,0,0,6,5,0,0,21,10,2,1,28,27,3,0,4,599,0,0,0,4,-3.4437324070192403,59.22165820642978,54.76190476190476,30,14.47178002894356,55.55555555555556,83.33333333333333,40.0,1.0,4,2,9,83.17863105175292,70,3,2,4,2,6,0,9,7,7,3,0,0,2,1,2,5,16,10,7,3,24,18,3,1,4,599,0,0,0,5,3.4437324070192403,71.09004739336493,71.875,26,19.157088122605366,33.333333333333336,50.0,30.0,0.75,4,2,3,83.17863105175292
S45G01N204,2024-2025,20250303,141,away,35,4,0,4,5,9,2,14,7,7,3,0,0,6,5,0,0,21,10,2,1,28,27,3,0,4,600,0,0,0,4,-3.4437324070192403,59.22165820642978,54.76190476190476,30,14.47178002894356,55.55555555555556,83.33333333333333,40.0,1.0,4,2,9,83.03999999999999,70,3,2,4,2,6,0,9,7,7,3,0,0,2,1,2,5,16,10,7,3,24,18,3,1,4,600,0,0,0,5,3.4437324070192403,71.09004739336493,71.875,26,19.157088122605366,33.333333333333336,50.0,30.0,0.75,4,2,3,83.03999999999999
S45G01N204,2024-2025,20250303,142,away,35,4,0,4,5,9,2,14,7,7,3,0,0,6,5,0,0,21,10,2,1,28,27,3,0,4,600,0,0,0,4,-3.4437324070192403,59.22165820642978,54.76190476190476,30,14.47178002894356,55.55555555555556,83.33333333333333,40.0,1.0,4,2,9,83.03999999999999,70,3,2,4,2,6,0,9,7,7,3,0,0,2,1,2,5,16,10,7,3,24,18,3,1,4,600,0,0,0,5,3.4437324070192403,71.09004739336493,71.875,26,19.157088122605366,33.333333333333336,50.0,30.0,0.75,4,2,3,83.03999999999999
S45G01N204,2024-2025,20250303,143,away,35,4,0,4,5,9,2,14,7,7,3,0,0,6,5,0,0,21,10,2,1,28,27,3,0,4,600,0,0,0,4,-3.4437324070192403,59.22165820642978,54.76190476190476,30,14.47178002894356,55.55555555555556,83.33333333333333,40.0,1.0,4,2,9,83.03999999999999,70,3,2,4,2,6,0,9,7,7,3,0,0,2,1,2,5,16,10,7,3,24,18,3,1,4,600,0,0,0,5,3.4437324070192403,71.09004739336493,71.875,26,19.157088122605366,33.333333333333336,50.0,30.0,0.75,4,2,3,83.03999999999999
S45G01N204,2024-2025,20250303,144,away,35,4,0,4,5,9,2,14,7,7,3,0,0,6,5,0,0,21,10,2,1,28,27,3,0,4,600,0,0,0,4,-3.4437324070192403,59.22165820642978,54.76190476190476,30,14.47178002894356,55.55555555555556,83.33333333333333,40.0,1.0,4,2,9,83.03999999999999,70,3,2,4,2,6,0,9,7,7,3,0,0,2,1,2,5,16,10,7,3,24,18,3,1,4,600,0,0,0,5,3.4437324070192403,71.09004739336493,71.875,26,19.157088122605366,33.333333333333336,50.0,30.0,0.75,4,2,3,83.03999999999999
S45G01N204,2024-2025,20250303,145,away,35,4,0,4,5,9,2,14,7,7,3,0,0,6,5,0,0,21,10,2,1,28,27,3,0,4,600,0,0,0,4,-3.4437324070192403,59.22165820642978,54.76190476190476,30,14.47178002894356,55.55555555555556,83.33333333333333,40.0,1.0,4,2,9,83.03999999999999,70,3,2,4,2,6,0,9,7,7,3,0,0,2,1,2,5,16,10,7,3,24,18,3,1,4,600,0,0,0,5,3.4437324070192403,71.09004739336493,71.875,26,19.157088122605366,33.333333333333336,50.0,30.0,0.75,4,2,3,83.03999999999999
S45G01N204,2024-2025,20250303,146,away,35,4,0,4,5,9,2,14,7,7,3,0,0,6,5,0,0,21,10,2,1,28,27,3,0,4,600,0,0,0,4,-3.4437324070192403,59.22165820642978,54.76190476190476,30,14.47178002894356,55.55555555555556,83.33333333333333,40.0,1.0,4,2,9,83.03999999999999,70,3,2,4,2,6,0,9,7,7,3,0,0,2,1,2,5,16,10,7,3,24,18,3,1,4,600,0,0,0,5,3.4437324070192403,71.09004739336493,71.875,26,19.157088122605366,33.333333333333336,50.0,30.0,0.75,4,2,3,83.03999999999999
S45G01N204,2024-2025,20250303,147,away,35,4,0,4,5,9,2,14,7,7,3,0,0,6,5,0,0,21,10,2,1,28,27,3,0,4,600,0,0,0,4,-3.4437324070192403,59.22165820642978,54.76190476190476,30,14.47178002894356,55.55555555555556,83.33333333333333,40.0,1.0,4,2,9,83.03999999999999,70,3,2,4,2,6,0,9,7,7,3,0,0,2,1,2,5,16,10,7,3,24,18,3,1,4,600,0,0,0,5,3.4437324070192403,71.09004739336493,71.875,26,19.157088122605366,33.333333333333336,50.0,30.0,0.75,4,2,3,83.03999999999999
S45G01N204,2024-2025,20250303,148,away,35,4,0,4,5,9,2,14,7,7,3,0,0,6,5,0,0,21,10,2,1,28,27,3,0,4,600,0,0,0,4,-3.4437324070192403,59.22165820642978,54.76190476190476,30,14.47178002894356,55.55555555555556,83.33333333333333,40.0,1.0,4,2,9,83.03999999999999,70,3,2,4,2,6,0,9,7,7,3,0,0,2,1,2,5,16,10,7,3,24,18,3,1,4,600,0,0,0,5,3.4437324070192403,71.09004739336493,71.875,26,19.157088122605366,33.333333333333336,50.0,30.0,0.75,4,2,3,83.03999999999999
S45G01N204,2024-2025,20250303,149,away,35,4,0,4,5,9,2,14,7,7,3,0,0,6,5,0,0,21,10,2,1,28,27,3,0,4,600,0,0,0,4,-3.4437324070192403,59.22165820642978,54.76190476190476,30,14.47178002894356,55.55555555555556,83.33333333333333,40.0,1.0,4,2,9,83.03999999999999,70,3,2,4,2,6,0,9,7,7,3,0,0,2,1,2,5,16,10,7,3,24,18,3,1,4,600,0,0,0,5,3.4437324070192403,71.09004739336493,71.875,26,19.157088122605366,33.333333333333336,50.0,30.0,0.75,4,2,3,83.03999999999999
S45G01N204,2024-2025,20250303,150,away,35,4,0,4,5,9,2,14,7,7,3,0,0,6,5,0,0,21,10,2,1,28,27,3,0,4,600,0,0,0,4,-3.4437324070192403,59.22165820642978,54.76190476190476,30,14.47178002894356,55.55555555555556,83.33333333333333,40.0,1.0,4,2,9,83.03999999999999,70,3,2,4,2,6,0,9,7,7,3,0,0,2,1,2,5,16,10,7,3,24,18,3,1,4,600,0,0,0,5,3.4437324070192403,71.09004739336493,71.875,26,19.157088122605366,33.333333333333336,50.0,30.0,0.75,4,2,3,83.03999999999999
S45G01N204,2024-2025,20250303,151,away,35,4,0,4,5,9,2,14,7,7,3,0,0,6,5,0,0,21,10,2,1,28,27,3,0,4,600,0,0,0,4,-3.4437324070192403,59.22165820642978,54.76190476190476,30,14.47178002894356,55.55555555555556,83.33333333333333,40.0,1.0,4,2,9,83.03999999999999,70,3,2,4,2,6,0,9,7,7,3,0,0,2,1,2,5,16,10,7,3,24,18,3,1,4,600,0,0,0,5,3.4437324070192403,71.09004739336493,71.875,26,19.157088122605366,33.333333333333336,50.0,30.0,0.75,4,2,3,83.03999999999999
S45G01N204,2024-2025,20250303,152,away,35,4,0,4,5,9,2,14,7,7,3,0,0,6,5,0,0,21,10,2,1,28,27,3,0,4,600,0,0,0,4,-3.4437324070192403,59.22165820642978,54.76190476190476,30,14.47178002894356,55.55555555555556,83.33333333333333,40.0,1.0,4,2,9,83.03999999999999,70,3,2,4,2,6,0,9,7,7,3,0,0,2,1,2,5,16,10,7,3,24,18,3,1,4,600,0,0,0,5,3.4437324070192403,71.09004739336493,71.875,26,19.157088122605366,33.333333333333336,50.0,30.0,0.75,4,2,3,83.03999999999999
S45G01N204,2024-2025,20250303,153,away,35,4,0,4,5,9,2,14,7,7,3,0,0,6,5,0,0,21,10,2,1,28,27,3,0,4,600,0,0,0,4,-3.4437324070192403,59.22165820642978,54.76190476190476,30,14.47178002894356,55.55555555555556,83.33333333333333,40.0,1.0,4,2,9,83.03999999999999,70,3,2,4,2,6,0,9,7,7,3,0,0,2,1,2,5,16,10,7,3,24,18,3,1,4,600,0,0,0,5,3.4437324070192403,71.09004739336493,71.875,26,19.157088122605366,33.333333333333336,50.0,30.0,0.75,4,2,3,83.03999999999999
S45G01N204,2024-2025,20250303,154,away,35,4,0,4,5,9,2,14,7,7,3,0,0,6,5,0,0,21,10,2,1,28,27,3,0,4,600,0,0,0,4,-3.4437324070192403,59.22165820642978,54.76190476190476,30,14.47178002894356,55.55555555555556,83.33333333333333,40.0,1.0,4,2,9,83.03999999999999,70,3,2,4,2,6,0,9,7,7,3,0,0,2,1,2,5,16,10,7,3,24,18,3,1,4,600,0,0,0,5,3.4437324070192403,71.09004739336493,71.875,26,19.157088122605366,33.333333333333336,50.0,30.0,0.75,4,2,3,83.03999999999999
S45G01N204,2024-2025,20250303,155,away,35,4,0,4,5,9,2,14,7,7,3,0,0,6,5,0,0,21,10,2,1,28,27,3,0,4,600,0,0,0,4,-3.4437324070192403,59.22165820642978,54.76190476190476,30,14.47178002894356,55.55555555555556,83.33333333333333,40.0,1.0,4,2,9,83.03999999999999,70,3,2,4,2,6,0,9,7,7,3,0,0,2,1,2,5,16,10,7,3,24,18,3,1,4,600,0,0,0,5,3.4437324070192403,71.09004739336493,71.875,26,19.157088122605366,33.333333333333336,50.0,30.0,0.75,4,2,3,83.03999999999999
S45G01N204,2024-2025,20250303,156,away,35,4,0,4,5,9,2,14,7,7,3,0,0,6,5,0,0,21,10,2,1,28,27,3,0,4,600,0,0,0,4,-3.4437324070192403,59.22165820642978,54.76190476190476,30,14.47178002894356,55.55555555555556,83.33333333333333,40.0,1.0,4,2,9,83.03999999999999,70,3,2,4,2,6,0,9,7,7,3,0,0,2,1,2,5,16,10,7,3,24,18,3,1,4,600,0,0,0,5,3.4437324070192403,71.09004739336493,71.875,26,19.157088122605366,33.333333333333336,50.0,30.0,0.75,4,2,3,83.03999999999999
S45G01N204,2024-2025,20250303,157,away,35,4,0,4,5,9,2,14,7,7,3,0,0,6,5,0,0,21,10,2,1,28,27,3,0,4,600,0,0,0,4,-3.4437324070192403,59.22165820642978,54.76190476190476,30,14.47178002894356,55.55555555555556,83.33333333333333,40.0,1.0,4,2,9,83.03999999999999,70,3,2,4,2,6,0,9,7,7,3,0,0,2,1,2,5,16,10,7,3,24,18,3,1,4,600,0,0,0,5,3.4437324070192403,71.09004739336493,71.875,26,19.157088122605366,33.333333333333336,50.0,30.0,0.75,4,2,3,83.03999999999999
S45G01N204,2024-2025,20250303,158,away,35,4,0,4,5,9,2,14,7,7,3,0,0,6,5,0,0,21,10,2,1,28,27,3,0,4,600,0,0,0,4,-3.4437324070192403,59.22165820642978,54.76190476190476,30,14.47178002894356,55.55555555555556,83.33333333333333,40.0,1.0,4,2,9,83.03999999999999,70,3,2,4,2,6,0,9,7,7,3,0,0,2,1,2,5,16,10,7,3,24,18,3,1,4,600,0,0,0,5,3.4437324070192403,71.09004739336493,71.875,26,19.157088122605366,33.333333333333336,50.0,30.0,0.75,4,2,3,83.03999999999999
S45G01N204,2024-2025,20250303,159,away,35,4,0,4,5,9,2,14,7,7,3,0,0,6,5,0,0,21,10,2,1,28,27,3,0,4,600,0,0,0,4,-3.4437324070192403,59.22165820642978,54.76190476190476,30,14.47178002894356,55.55555555555556,83.33333333333333,40.0,1.0,4,2,9,83.03999999999999,70,3,2,4,2,6,0,9,7,7,3,0,0,2,1,2,5,16,10,7,3,24,18,3,1,4,600,0,0,0,5,3.4437324070192403,71.09004739336493,71.875,26,19.157088122605366,33.333333333333336,50.0,30.0,0.75,4,2,3,83.03999999999999
S45G01N204,2024-2025,20250303,160,away,35,4,0,4,5,9,2,14,7,7,3,0,0,6,5,0,0,21,10,2,1,28,27,3,0,4,600,0,0,0,4,-3.4437324070192403,59.22165820642978,54.76190476190476,30,14.47178002894356,55.55555555555556,83.33333333333333,40.0,1.0,4,2,9,83.03999999999999,70,3,2,4,2,6,0,9,7,7,3,0,0,2,1,2,5,16,10,7,3,24,18,3,1,4,600,0,0,0,5,3.4437324070192403,71.09004739336493,71.875,26,19.157088122605366,33.333333333333336,50.0,30.0,0.75,4,2,3,83.03999999999999
S45G01N204,2024-2025,20250303,161,away,35,4,0,4,5,9,2,14,7,7,3,0,0,6,5,0,0,21,10,2,1,28,27,3,0,4,600,0,0,0,4,-3.4437324070192403,59.22165820642978,54.76190476190476,30,14.47178002894356,55.55555555555556,83.33333333333333,40.0,1.0,4,2,9,83.03999999999999,70,3,2,4,2,6,0,9,7,7,3,0,0,2,1,2,5,16,10,7,3,24,18,3,1,4,600,0,0,0,5,3.4437324070192403,71.09004739336493,71.875,26,19.157088122605366,33.333333333333336,50.0,30.0,0.75,4,2,3,83.03999999999999
S45G01N204,2024-2025,20250303,162,away,35,4,0,4,5,9,2,14,7,7,3,0,0,6,5,0,0,21,10,2,1,28,27,3,0,4,600,0,0,0,4,-3.4437324070192403,59.22165820642978,54.76190476190476,30,14.47178002894356,55.55555555555556,83.33333333333333,40.0,1.0,4,2,9,83.03999999999999,70,3,2,4,2,6,0,9,7,7,3,0,0,2,1,2,5,16,10,7,3,24,18,3,1,4,600,0,0,0,5,3.4437324070192403,71.09004739336493,71.875,26,19.157088122605366,33.333333333333336,50.0,30.0,0.75,4,2,3,83.03999999999999
S45G01N204,2024-2025,20250303,163,away,35,4,0,4,5,9,2,14,7,7,3,0,0,6,5,0,0,21,10,2,1,28,27,3,0,4,600,0,0,0,4,-3.4437324070192403,59.22165820642978,54.76190476190476,30,14.47178002894356,55.55555555555556,83.33333333333333,40.0,1.0,4,2,9,83.03999999999999,70,3,2,4,2,6,0,9,7,7,3,0,0,2,1,2,5,16,10,7,3,24,18,3,1,4,600,0,0,0,5,3.4437324070192403,71.09004739336493,71.875,26,19.157088122605366,33.333333333333336,50.0,30.0,0.75,4,2,3,83.03999999999999
S45G01N204,2024-2025,20250303,164,away,35,4,0,4,5,9,2,14,7,7,3,0,0,6,5,0,0,21,10,2,1,28,27,3,0,4,600,0,0,0,4,-3.4437324070192403,59.22165820642978,54.76190476190476,30,14.47178002894356,55.55555555555556,83.33333333333333,40.0,1.0,4,2,9,83.03999999999999,70,3,2,4,2,6,0,9,7,7,3,0,0,2,1,2,5,16,10,7,3,24,18,3,1,4,600,0,0,0,5,3.4437324070192403,71.09004739336493,71.875,26,19.157088122605366,33.333333333333336,50.0,30.0,0.75,4,2,3,83.03999999999999
S45G01N204,2024-2025,20250303,165,away,35,4,0,4,5,9,2,14,7,7,3,0,0,6,5,0,0,21,10,2,1,28,27,3,0,4,600,0,0,0,4,-3.4437324070192403,59.22165820642978,54.76190476190476,30,14.47178002894356,55.55555555555556,83.33333333333333,40.0,1.0,4,2,9,83.03999999999999,70,3,2,4,2,6,0,9,7,7,3,0,0,2,1,2,5,16,10,7,3,24,18,3,1,4,600,0,0,0,5,3.4437324070192403,71.09004739336493,71.875,26,19.157088122605366,33.333333333333336,50.0,30.0,0.75,4,2,3,83.03999999999999
S45G01N204,2024-2025,20250303,166,away,35,4,0,4,5,9,2,14,7,7,3,0,0,6,5,0,0,21,10,2,1,28,27,3,0,4,600,0,0,0,4,-3.4437324070192403,59.22165820642978,54.76190476190476,30,14.47178002894356,55.55555555555556,83.33333333333333,40.0,1.0,4,2,9,83.03999999999999,70,3,2,4,2,6,0,9,7,7,3,0,0,2,1,2,5,16,10,7,3,24,18,3,1,4,600,0,0,0,5,3.4437324070192403,71.09004739336493,71.875,26,19.157088122605366,33.333333333333336,50.0,30.0,0.75,4,2,3,83.03999999999999
S45G01N204,2024-2025,20250303,167,away,35,4,0,4,5,9,2,14,7,7,3,0,0,6,5,0,0,21,10,2,1,28,27,3,0,4,600,0,0,0,4,-3.4437324070192403,59.22165820642978,54.76190476190476,30,14.47178002894356,55.55555555555556,83.33333333333333,40.0,1.0,4,2,9,83.03999999999999,70,3,2,4,2,6,0,9,7,7,3,0,0,2,1,2,5,16,10,7,3,24,18,3,1,4,600,0,0,0,5,3.4437324070192403,71.09004739336493,71.875,26,19.157088122605366,33.333333333333336,50.0,30.0,0.75,4,2,3,83.03999999999999
S45G01N204,2024-2025,20250303,168,away,35,4,0,4,5,9,2,14,7,7,3,0,0,6,5,0,0,21,10,3,2,28,27,3,0,4,610,0,0,0,4,-3.4437324070192403,59.22165820642978,54.76190476190476,30,14.47178002894356,55.55555555555556,83.33333333333333,40.0,1.0,4,2,9,81.67868852459016,70,3,2,4,2,6,0,9,7,7,3,0,0,2,1,2,5,16,10,7,3,24,18,3,1,4,610,0,0,0,5,3.4437324070192403,71.09004739336493,71.875,26,19.157088122605366,33.333333333333336,50.0,30.0,0.75,4,2,3,81.67868852459016
S45G01N204,2024-2025,20250303,169,away,35,4,0,4,5,9,2,14,7,7,3,0,0,6,5,0,0,21,10,3,2,28,27,3,0,4,610,0,0,0,4,-3.4437324070192403,59.22165820642978,54.76190476190476,30,14.47178002894356,55.55555555555556,83.33333333333333,40.0,1.0,4,2,9,81.67868852459016,70,3,2,4,2,6,0,9,7,7,3,0,0,2,1,2,5,16,10,7,3,24,18,3,1,4,610,0,0,0,5,3.4437324070192403,71.09004739336493,71.875,26,19.157088122605366,33.333333333333336,50.0,30.0,0.75,4,2,3,81.67868852459016
S45G01N204,2024-2025,20250303,170,away,35,4,0,4,5,9,2,14,7,7,3,0,0,6,5,0,0,21,10,3,2,28,27,3,0,5,610,0,0,0,5,-8.675327654937064,59.22165820642978,54.76190476190476,29,17.45810055865922,55.55555555555556,83.33333333333333,40.0,0.8,4,2,9,83.64590163934426,70,3,2,4,2,6,0,9,7,7,3,0,0,2,1,2,5,16,10,7,3,24,18,3,1,4,610,0,0,0,5,8.675327654937064,71.09004739336493,71.875,26,19.157088122605366,33.333333333333336,50.0,30.0,0.75,4,2,3,83.64590163934426
S45G01N204,2024-2025,20250303,171,away,35,4,0,4,5,9,2,14,7,7,3,0,0,6,5,0,0,21,10,3,2,28,27,3,0,5,610,0,0,0,5,-8.675327654937064,59.22165820642978,54.76190476190476,29,17.45810055865922,55.55555555555556,83.33333333333333,40.0,0.8,4,2,9,83.64590163934426,70,3,2,4,2,6,0,9,7,7,3,0,0,2,1,2,5,16,10,7,3,24,18,3,1,4,610,0,0,0,5,8.675327654937064,71.09004739336493,71.875,26,19.157088122605366,33.333333333333336,50.0,30.0,0.75,4,2,3,83.64590163934426
S45G01N204,2024-2025,20250303,172,away,35,4,0,4,5,9,2,14,7,7,3,0,0,6,5,0,0,21,10,3,2,28,27,3,0,5,610,0,0,0,5,-8.675327654937064,59.22165820642978,54.76190476190476,29,17.45810055865922,55.55555555555556,83.33333333333333,40.0,0.8,4,2,9,83.64590163934426,70,3,2,4,2,6,0,9,7,7,3,0,0,2,1,2,5,16,10,7,3,24,18,3,1,4,610,0,0,0,5,8.675327654937064,71.09004739336493,71.875,26,19.157088122605366,33.333333333333336,50.0,30.0,0.75,4,2,3,83.64590163934426
S45G01N204,2024-2025,20250303,173,away,35,4,0,4,5,9,2,14,7,7,3,0,0,6,5,0,0,21,10,3,2,28,27,3,0,5,610,0,0,0,5,-8.675327654937064,59.22165820642978,54.76190476190476,29,17.45810055865922,55.55555555555556,83.33333333333333,40.0,0.8,4,2,9,83.64590163934426,70,3,2,4,2,6,0,9,7,7,3,0,0,2,1,2,5,16,10,7,3,24,18,3,1,4,610,0,0,0,5,8.675327654937064,71.09004739336493,71.875,26,19.157088122605366,33.333333333333336,50.0,30.0,0.75,4,2,3,83.64590163934426
S45G01N204,2024-2025,20250303,174,away,35,4,0,4,5,9,2,14,7,7,3,0,0,6,5,0,0,21,10,3,2,28,27,3,0,5,623,0,0,0,5,-2.281029663599199,59.22165820642978,54.76190476190476,29,17.45810055865922,55.55555555555556,83.33333333333333,40.0,0.8,4,2,9,83.82664526484751,70,3,2,4,2,6,0,10,7,7,3,0,0,2,1,2,5,17,10,7,3,24,19,3,1,4,623,0,0,0,5,2.281029663599199,67.11409395973155,67.6470588235294,25,18.281535648994517,33.333333333333336,50.0,30.0,0.75,4,2,3,83.82664526484751
S45G01N204,2024-2025,20250303,175,away,35,4,0,5,5,10,2,14,7,7,3,0,0,6,5,0,0,21,10,3,2,28,27,3,0,5,624,0,0,0,5,-2.281029663599199,59.22165820642978,54.76190476190476,30,17.45810055865922,55.55555555555556,83.33333333333333,40.0,0.8,4,2,9,83.6923076923077,70,3,2,4,2,6,0,10,7,7,3,0,0,2,1,2,5,17,10,7,3,24,19,3,1,4,624,0,0,0,5,2.281029663599199,67.11409395973155,67.6470588235294,25,18.281535648994517,28.571428571428573,50.0,30.0,0.75,4,2,3,83.6923076923077
S45G01N204,2024-2025,20250303,176,away,35,4,0,5,5,10,2,14,7,7,3,0,0,6,5,0,0,21,10,3,2,28,27,3,0,5,627,0,0,0,5,-2.281029663599199,59.22165820642978,54.76190476190476,30,17.45810055865922,55.55555555555556,83.33333333333333,40.0,0.8,4,2,9,83.29186602870813,70,3,2,4,2,6,0,10,7,7,3,0,0,2,1,2,5,17,10,8,4,24,19,3,1,4,627,0,0,0,5,2.281029663599199,67.11409395973155,67.6470588235294,25,18.281535648994517,28.571428571428573,50.0,30.0,0.75,4,2,3,83.29186602870813
S45G01N204,2024-2025,20250303,177,away,35,4,0,5,5,10,2,14,7,7,3,0,0,6,5,0,0,21,10,3,2,28,27,3,0,5,627,0,0,0,5,-2.281029663599199,59.22165820642978,54.76190476190476,30,17.45810055865922,55.55555555555556,83.33333333333333,40.0,0.8,4,2,9,83.29186602870813,70,3,2,4,2,6,0,10,7,7,3,0,0,2,1,2,5,17,10,8,4,24,19,3,1,4,627,0,0,0,5,2.281029663599199,67.11409395973155,67.6470588235294,25,18.281535648994517,28.571428571428573,50.0,30.0,0.75,4,2,3,83.29186602870813
S45G01N204,2024-2025,20250303,178,away,35,4,0,5,5,10,2,15,8,7,3,0,0,6,5,0,0,22,11,3,2,30,28,3,0,5,641,0,0,0,5,1.0289006767879982,60.87662337662338,56.81818181818182,32,16.869095816464238,55.55555555555556,83.33333333333333,36.36363636363637,0.8,2,2,9,83.34477379095163,70,3,2,4,2,6,0,10,7,7,3,0,0,2,1,2,5,17,10,8,4,24,19,3,1,4,641,0,0,0,5,-1.0289006767879982,67.11409395973155,67.6470588235294,25,18.281535648994517,28.571428571428573,50.0,30.0,0.75,2,2,3,83.34477379095163
S45G01N204,2024-2025,20250303,179,away,35,5,0,5,5,10,2,15,8,7,3,0,0,6,5,0,0,22,11,3,2,30,28,3,0,5,641,0,0,0,5,1.0289006767879982,60.87662337662338,56.81818181818182,33,16.869095816464238,55.55555555555556,83.33333333333333,45.45454545454545,1.0,2,2,9,83.34477379095163,70,3,2,4,2,6,0,10,7,7,3,0,0,2,1,2,5,17,10,8,4,24,19,3,1,4,641,0,0,0,5,-1.0289006767879982,67.11409395973155,67.6470588235294,25,18.281535648994517,28.571428571428573,50.0,30.0,0.75,2,2,3,83.34477379095163
S45G01N204,2024-2025,20250303,180,away,35,5,0,5,5,10,2,15,8,7,3,0,0,6,5,0,0,22,11,3,2,30,28,3,0,5,641,0,0,0,5,1.0289006767879982,60.87662337662338,56.81818181818182,33,16.869095816464238,55.55555555555556,83.33333333333333,45.45454545454545,1.0,2,2,9,83.34477379095163,70,3,2,4,2,6,0,10,7,7,3,0,0,2,1,2,5,17,10,9,4,24,19,3,1,4,641,0,0,0,5,-1.0289006767879982,67.11409395973155,67.6470588235294,25,18.281535648994517,28.571428571428573,50.0,30.0,0.75,2,2,3,83.34477379095163
S45G01N204,2024-2025,20250303,181,away,35,5,0,5,5,10,2,15,8,7,3,0,0,6,5,0,0,22,11,3,2,30,28,3,0,5,641,0,0,0,5,1.0289006767879982,60.87662337662338,56.81818181818182,33,16.869095816464238,55.55555555555556,83.33333333333333,45.45454545454545,1.0,2,2,9,83.34477379095163,70,3,2,4,2,6,0,10,7,7,3,0,0,2,1,2,5,17,10,9,4,24,19,3,1,4,641,0,0,0,5,-1.0289006767879982,67.11409395973155,67.6470588235294,25,18.281535648994517,28.571428571428573,50.0,30.0,0.75,2,2,3,83.34477379095163
S45G01N204,2024-2025,20250303,182,away,35,5,0,5,5,10,2,15,8,7,3,0,0,7,6,0,0,22,11,3,2,31,29,3,0,5,641,0,0,0,5,2.8801196332701124,61.802232854864435,56.81818181818182,34,16.622340425531917,55.55555555555556,85.71428571428571,45.45454545454545,1.0,3,2,9,84.16848673946957,70,3,2,4,2,6,0,10,7,7,3,0,0,2,1,2,5,17,10,9,4,24,19,3,1,4,641,0,0,0,5,-2.8801196332701124,67.11409395973155,67.6470588235294,25,18.281535648994517,28.571428571428573,50.0,30.0,0.75,3,2,3,84.16848673946957
S45G01N204,2024-2025,20250303,183,away,35,5,0,5,5,10,2,15,8,7,3,0,0,7,6,0,0,22,11,3,2,31,29,3,0,5,652,0,0,0,5,8.661936974096676,61.802232854864435,56.81818181818182,34,16.622340425531917,55.55555555555556,85.71428571428571,45.45454545454545,1.0,3,2,9,84.58895705521472,70,3,2,4,2,6,0,10,7,7,3,0,0,2,1,2,5,17,10,9,4,24,19,3,1,5,652,0,0,0,6,-8.661936974096676,67.11409395973155,67.6470588235294,24,21.853146853146853,28.571428571428573,50.0,30.0,0.6,3,2,3,84.58895705521472
S45G01N204,2024-2025,20250303,184,away,35,5,0,5,5,10,2,15,8,7,3,0,0,7,6,0,0,22,11,3,2,31,29,3,0,5,671,0,0,0,5,8.661936974096676,61.802232854864435,56.81818181818182,34,16.622340425531917,55.55555555555556,85.71428571428571,45.45454545454545,1.0,3,2,9,82.19374068554396,70,3,2,4,2,6,0,10,7,7,3,0,0,2,1,2,5,17,10,10,4,24,19,3,1,5,671,0,0,0,6,-8.661936974096676,67.11409395973155,67.6470588235294,24,21.853146853146853,28.571428571428573,50.0,30.0,0.6,3,2,3,82.19374068554396
S45G01N204,2024-2025,20250303,185,away,35,5,0,5,5,10,2,15,8,7,3,0,0,7,6,0,0,22,11,3,2,31,29,3,0,5,671,0,0,0,5,8.661936974096676,61.802232854864435,56.81818181818182,34,16.622340425531917,55.55555555555556,85.71428571428571,45.45454545454545,1.0,3,2,9,82.19374068554396,70,3,2,4,2,6,0,10,7,7,3,0,0,2,1,2,5,17,10,10,4,24,19,3,1,5,671,0,0,0,6,-8.661936974096676,67.11409395973155,67.6470588235294,24,21.853146853146853,28.571428571428573,50.0,30.0,0.6,3,2,3,82.19374068554396
S45G01N204,2024-2025,20250303,186,away,35,5,0,5,5,10,2,15,8,7,3,0,0,7,6,0,0,22,11,3,2,31,29,3,0,5,671,0,0,0,5,8.661936974096676,61.802232854864435,56.81818181818182,34,16.622340425531917,55.55555555555556,85.71428571428571,45.45454545454545,1.0,3,2,9,82.19374068554396,70,3,2,4,2,6,0,10,7,7,3,0,0,2,1,2,5,17,10,10,4,24,19,3,1,5,671,0,0,0,6,-8.661936974096676,67.11409395973155,67.6470588235294,24,21.853146853146853,28.571428571428573,50.0,30.0,0.6,3,2,3,82.19374068554396
S45G01N204,2024-2025,20250303,187,away,35,5,0,5,5,10,2,15,8,7,3,0,0,7,6,0,0,22,11,3,2,31,29,3,0,5,671,0,0,0,5,8.661936974096676,61.802232854864435,56.81818181818182,34,16.622340425531917,55.55555555555556,85.71428571428571,45.45454545454545,1.0,3,2,9,82.19374068554396,70,3,2,4,2,6,0,10,7,7,3,0,0,2,1,2,5,17,10,10,4,24,19,3,1,5,671,0,0,0,6,-8.661936974096676,67.11409395973155,67.6470588235294,24,21.853146853146853,28.571428571428573,50.0,30.0,0.6,3,2,3,82.19374068554396
S45G01N204,2024-2025,20250303,188,away,35,5,0,5,5,10,2,15,8,7,3,0,0,8,6,0,0,22,11,3,2,31,30,3,0,5,671,0,0,0,5,6.530825496342729,60.73667711598746,56.81818181818182,33,16.382699868938403,55.55555555555556,75.0,45.45454545454545,1.0,3,2,9,82.9806259314456,70,3,2,4,2,6,0,10,7,7,3,0,0,2,1,2,5,17,10,10,4,24,19,3,1,5,671,0,0,0,6,-6.530825496342729,67.11409395973155,67.6470588235294,24,21.853146853146853,28.571428571428573,50.0,30.0,0.6,3,2,3,82.9806259314456
S45G01N204,2024-2025,20250303,189,away,35,5,0,5,5,10,2,15,8,7,3,0,0,9,6,0,0,22,11,3,2,31,31,3,0,5,671,0,0,0,5,4.471955085631279,59.70724191063174,56.81818181818182,32,16.14987080103359,55.55555555555556,66.66666666666667,45.45454545454545,1.0,3,2,9,83.76751117734725,70,3,2,4,2,6,0,10,7,7,3,0,0,2,1,2,5,17,10,10,4,24,19,3,1,5,671,0,0,0,6,-4.471955085631279,67.11409395973155,67.6470588235294,24,21.853146853146853,28.571428571428573,50.0,30.0,0.6,3,2,3,83.76751117734725
S45G01N204,2024-2025,20250303,190,away,35,5,0,5,5,10,2,15,8,7,3,0,0,9,6,0,0,22,11,3,2,31,31,3,0,5,672,0,0,0,5,4.471955085631279,59.70724191063174,56.81818181818182,32,16.14987080103359,50.0,66.66666666666667,45.45454545454545,1.0,3,2,9,83.64285714285715,70,3,2,5,2,7,0,10,7,7,3,0,0,2,1,2,5,17,10,10,4,24,19,3,1,5,672,0,0,0,6,-4.471955085631279,67.11409395973155,67.6470588235294,25,21.853146853146853,28.571428571428573,50.0,30.0,0.6,3,2,3,83.64285714285715
S45G01N204,2024-2025,20250303,191,away,35,5,0,5,5,10,2,15,8,7,3,0,0,9,6,0,0,22,11,3,2,31,31,3,0,5,683,0,0,0,5,9.725269927296381,59.70724191063174,56.81818181818182,32,16.14987080103359,50.0,66.66666666666667,45.45454545454545,1.0,3,2,9,84.05270863836019,70,3,2,5,2,7,0,10,7,8,3,0,0,2,1,2,5,18,10,10,4,24,20,3,1,5,683,0,0,0,6,-9.725269927296381,63.55932203389831,63.888888888888886,24,20.938023450586265,28.571428571428573,50.0,30.0,0.6,3,2,3,84.05270863836019
S45G01N204,2024-2025,20250303,192,away,35,5,0,6,5,11,2,15,8,7,3,0,0,9,6,0,0,22,11,3,2,31,31,3,0,5,684,0,0,0,5,9.725269927296381,59.70724191063174,56.81818181818182,33,16.14987080103359,50.0,66.66666666666667,45.45454545454545,1.0,3,2,9,83.9298245614035,70,3,2,5,2,7,0,10,7,8,3,0,0,2,1,2,5,18,10,10,4,24,20,3,1,5,684,0,0,0,6,-9.725269927296381,63.55932203389831,63.888888888888886,24,20.938023450586265,25.0,50.0,30.0,0.6,3,2,3,83.9298245614035
S45G01N204,2024-2025,20250303,193,away,35,5,0,6,5,11,2,15,8,7,3,0,0,9,6,0,0,22,11,3,2,31,31,3,0,6,696,0,0,0,6,5.295949310780685,59.70724191063174,56.81818181818182,32,18.773466833541928,50.0,66.66666666666667,45.45454545454545,0.8333333333333334,3,2,9,84.20689655172414,70,3,2,5,2,7,0,10,7,8,3,0,0,2,1,2,5,18,10,10,4,24,20,3,1,5,696,0,0,0,6,-5.295949310780685,63.55932203389831,63.888888888888886,24,20.938023450586265,25.0,50.0,30.0,0.6,3,2,3,84.20689655172414
S45G01N204,2024-2025,20250303,194,away,35,5,0,6,5,11,2,15,8,7,3,0,0,9,6,0,0,22,11,3,2,31,31,3,0,6,697,0,0,0,6,5.295949310780685,59.70724191063174,56.81818181818182,32,18.773466833541928,50.0,66.66666666666667,45.45454545454545,0.8333333333333334,3,2,9,84.08608321377332,70,3,2,5,2,7,0,10,7,8,3,0,0,2,1,2,5,18,10,10,4,24,20,4,1,5,697,0,0,0,6,-5.295949310780685,63.55932203389831,63.888888888888886,25,20.938023450586265,25.0,50.0,30.0,0.6,3,2,3,84.08608321377332
S45G01N204,2024-2025,20250303,195,away,35,5,0,6,5,11,2,15,8,7,3,0,0,9,6,0,0,22,11,3,2,31,31,3,0,6,701,0,0,0,6,1.3487995683841376,59.70724191063174,56.81818181818182,32,18.773466833541928,50.0,66.66666666666667,45.45454545454545,0.8333333333333334,2,2,9,85.31811697574894,70,3,2,5,2,7,0,11,8,8,3,0,0,2,1,2,5,19,11,10,4,26,21,4,1,5,701,0,0,0,6,-1.3487995683841376,65.3923541247485,65.78947368421052,27,20.09646302250804,25.0,50.0,27.272727272727273,0.6,2,2,3,85.31811697574894
S45G01N204,2024-2025,20250303,196,away,35,5,0,6,5,11,2,15,8,7,3,0,0,9,6,0,0,22,11,3,2,31,31,3,0,6,701,0,0,0,6,1.3487995683841376,59.70724191063174,56.81818181818182,32,18.773466833541928,50.0,66.66666666666667,45.45454545454545,0.8333333333333334,2,2,9,85.31811697574894,70,4,2,5,2,7,0,11,8,8,3,0,0,2,1,2,5,19,11,10,4,26,21,4,1,5,701,0,0,0,6,-1.3487995683841376,65.3923541247485,65.78947368421052,28,20.09646302250804,25.0,50.0,36.36363636363637,0.8,2,2,3,85.31811697574894
S45G01N204,2024-2025,20250303,197,away,35,5,0,6,5,11,2,15,8,7,3,0,0,9,6,0,0,22,11,3,2,31,31,3,0,6,701,0,0,0,6,1.3487995683841376,59.70724191063174,56.81818181818182,32,18.773466833541928,50.0,66.66666666666667,45.45454545454545,0.8333333333333334,2,2,9,85.31811697574894,70,4,2,5,2,7,0,11,8,8,3,0,0,2,1,3,7,19,11,10,4,26,21,4,1,5,701,0,0,0,6,-1.3487995683841376,65.3923541247485,65.78947368421052,28,20.09646302250804,25.0,50.0,36.36363636363637,0.8,2,2,3,85.31811697574894
S45G01N204,2024-2025,20250303,198,away,35,5,0,6,5,11,2,15,8,8,3,0,0,9,6,0,0,23,11,3,2,31,32,3,0,6,720,0,0,0,6,-2.7636883860059953,57.49258160237389,54.34782608695652,31,18.203883495145632,50.0,66.66666666666667,45.45454545454545,0.8333333333333334,2,2,9,84.73333333333335,70,4,2,5,2,7,0,11,8,8,3,0,0,2,1,3,7,19,11,10,4,26,21,4,1,5,720,0,0,0,6,2.7636883860059953,65.3923541247485,65.78947368421052,28,20.09646302250804,25.0,50.0,36.36363636363637,0.8,2,2,3,84.73333333333335
S45G01N204,2024-2025,20250303,199,away,35,5,0,6,5,11,2,15,8,8,3,0,0,9,6,0,0,23,11,3,2,31,32,3,0,6,721,0,0,0,6,-2.7636883860059953,57.49258160237389,54.34782608695652,31,18.203883495145632,45.45454545454545,66.66666666666667,45.45454545454545,0.8333333333333334,2,2,9,84.61581137309292,70,4,2,6,2,8,0,11,8,8,3,0,0,2,1,3,7,19,11,10,4,26,21,4,1,5,721,0,0,0,6,2.7636883860059953,65.3923541247485,65.78947368421052,29,20.09646302250804,25.0,50.0,36.36363636363637,0.8,2,2,3,84.61581137309292
S45G01N204,2024-2025,20250303,200,away,35,5,0,6,5,11,2,15,8,8,3,0,0,9,6,0,0,23,11,3,2,31,32,3,0,6,739,0,0,0,6,-6.380256072925448,57.49258160237389,54.34782608695652,31,18.203883495145632,45.45454545454545,66.66666666666667,45.45454545454545,0.8333333333333334,4,2,9,84.17861975642761,70,4,2,6,2,8,0,12,9,8,3,0,0,2,1,3,7,20,12,10,4,28,22,4,1,5,739,0,0,0,6,6.380256072925448,67.04980842911878,67.5,31,19.319938176197837,25.0,50.0,33.333333333333336,0.8,4,2,3,84.17861975642761
S45G01N204,2024-2025,20250303,201,away,35,5,0,6,5,11,2,16,9,8,3,0,0,9,6,0,0,24,12,3,2,33,33,3,0,6,757,0,0,0,6,-3.3026550801891688,59.012875536480685,56.25,33,17.6678445229682,45.45454545454545,66.66666666666667,41.666666666666664,0.8333333333333334,2,2,9,83.76221928665787,70,4,2,6,2,8,0,12,9,8,3,0,0,2,1,3,7,20,12,10,4,28,22,4,1,5,757,0,0,0,6,3.3026550801891688,67.04980842911878,67.5,31,19.319938176197837,25.0,50.0,33.333333333333336,0.8,2,2,3,83.76221928665787
S45G01N204,2024-2025,20250303,202,away,35,6,0,6,5,11,2,16,9,8,3,0,0,9,6,0,0,24,12,3,2,33,33,3,0,6,757,0,0,0,6,-3.3026550801891688,59.012875536480685,56.25,34,17.6678445229682,45.45454545454545,66.66666666666667,50.0,1.0,2,2,9,83.76221928665787,70,4,2,6,2,8,0,12,9,8,3,0,0,2,1,3,7,20,12,10,4,28,22,4,1,5,757,0,0,0,6,3.3026550801891688,67.04980842911878,67.5,31,19.319938176197837,25.0,50.0,33.333333333333336,0.8,2,2,3,83.76221928665787
S45G01N204,2024-2025,20250303,203,away,35,6,0,6,5,11,2,16,9,8,3,0,0,9,6,0,0,24,12,3,2,33,33,3,0,6,777,0,0,0,6,-10.647794496455916,59.012875536480685,56.25,34,17.6678445229682,45.45454545454545,66.66666666666667,50.0,1.0,3,2,9,83.15057915057916,70,4,2,6,2,8,0,12,9,9,4,0,0,2,1,3,7,21,13,10,4,31,23,4,1,5,777,0,0,0,6,10.647794496455916,70.84095063985374,71.42857142857143,34,18.601190476190478,25.0,50.0,30.76923076923077,0.8,3,2,3,83.15057915057916
S45G01N204,2024-2025,20250303,204,away,35,6,0,6,5,11,2,16,9,8,3,0,0,9,6,0,0,24,12,3,2,33,33,3,0,6,777,0,0,0,6,-10.647794496455916,59.012875536480685,56.25,34,17.6678445229682,45.45454545454545,66.66666666666667,50.0,1.0,3,2,9,83.15057915057916,70,5,2,6,2,8,0,12,9,9,4,0,0,2,1,3,7,21,13,10,4,31,23,4,1,5,777,0,0,0,6,10.647794496455916,70.84095063985374,71.42857142857143,35,18.601190476190478,25.0,50.0,38.46153846153846,1.0,3,2,3,83.15057915057916
S45G01N204,2024-2025,20250303,205,away,35,6,0,6,5,11,2,16,9,9,4,0,0,9,6,0,0,25,13,3,2,36,34,3,0,6,798,0,0,0,6,-4.437857121392298,62.15469613259668,60.0,37,17.162471395881006,45.45454545454545,66.66666666666667,46.15384615384615,1.0,3,2,9,82.46616541353383,70,5,2,6,2,8,0,12,9,9,4,0,0,2,1,3,7,21,13,10,4,31,23,4,1,5,798,0,0,0,6,4.437857121392298,70.84095063985374,71.42857142857143,35,18.601190476190478,25.0,50.0,38.46153846153846,1.0,3,2,3,82.46616541353383
S45G01N204,2024-2025,20250303,206,away,35,7,0,6,5,11,2,16,9,9,4,0,0,9,6,0,0,25,13,3,2,36,34,3,0,6,798,0,0,0,6,-4.437857121392298,62.15469613259668,60.0,38,17.162471395881006,45.45454545454545,66.66666666666667,53.84615384615385,1.1666666666666667,3,2,9,82.46616541353383,70,5,2,6,2,8,0,12,9,9,4,0,0,2,1,3,7,21,13,10,4,31,23,4,1,5,798,0,0,0,6,4.437857121392298,70.84095063985374,71.42857142857143,35,18.601190476190478,25.0,50.0,38.46153846153846,1.0,3,2,3,82.46616541353383
S45G01N204,2024-2025,20250303,207,away,35,7,0,6,5,11,2,16,9,9,4,0,0,9,6,0,0,25,13,4,3,36,34,3,0,6,802,0,0,0,6,-4.437857121392298,62.15469613259668,60.0,38,17.162471395881006,45.45454545454545,66.66666666666667,53.84615384615385,1.1666666666666667,3,2,9,82.05486284289277,70,5,2,6,2,8,0,12,9,9,4,0,0,2,1,3,7,21,13,10,4,31,23,4,1,5,802,0,0,0,6,4.437857121392298,70.84095063985374,71.42857142857143,35,18.601190476190478,25.0,50.0,38.46153846153846,1.0,3,2,3,82.05486284289277
S45G01N204,2024-2025,20250303,208,away,35,7,0,6,5,11,2,16,9,9,4,0,0,9,6,0,0,25,13,4,3,36,34,3,0,6,802,0,0,0,6,-4.437857121392298,62.15469613259668,60.0,38,17.162471395881006,45.45454545454545,66.66666666666667,53.84615384615385,1.1666666666666667,3,2,9,82.05486284289277,70,5,2,6,2,8,0,12,9,9,4,0,0,2,1,3,7,21,13,10,4,31,23,4,1,5,802,0,0,0,6,4.437857121392298,70.84095063985374,71.42857142857143,35,18.601190476190478,25.0,50.0,38.46153846153846,1.0,3,2,3,82.05486284289277
S45G01N204,2024-2025,20250303,209,away,35,7,0,6,5,11,2,16,9,9,4,0,0,9,6,0,0,25,13,4,3,36,34,3,0,6,802,0,0,0,6,-4.437857121392298,62.15469613259668,60.0,38,17.162471395881006,45.45454545454545,66.66666666666667,53.84615384615385,1.1666666666666667,3,2,9,82.05486284289277,70,5,2,6,2,8,0,12,9,9,4,0,0,2,1,3,7,21,13,10,4,31,23,4,1,5,802,0,0,0,6,4.437857121392298,70.84095063985374,71.42857142857143,35,18.601190476190478,25.0,50.0,38.46153846153846,1.0,3,2,3,82.05486284289277
S45G01N204,2024-2025,20250303,210,away,35,7,0,6,5,11,2,16,9,9,4,0,0,9,6,0,0,25,13,4,3,36,34,3,0,6,802,0,0,0,6,-4.437857121392298,62.15469613259668,60.0,38,17.162471395881006,45.45454545454545,66.66666666666667,53.84615384615385,1.1666666666666667,3,2,9,82.05486284289277,70,5,2,6,2,8,0,12,9,9,4,0,0,2,1,3,7,21,13,10,4,31,23,4,1,5,802,0,0,0,6,4.437857121392298,70.84095063985374,71.42857142857143,35,18.601190476190478,25.0,50.0,38.46153846153846,1.0,3,2,3,82.05486284289277
S45G01N204,2024-2025,20250303,211,away,35,7,0,6,5,11,2,16,9,9,4,0,0,9,6,0,0,25,13,4,3,36,34,3,0,6,802,0,0,0,6,-4.437857121392298,62.15469613259668,60.0,38,17.162471395881006,45.45454545454545,66.66666666666667,53.84615384615385,1.1666666666666667,3,2,9,82.05486284289277,70,5,2,6,2,8,0,12,9,9,4,0,0,2,1,3,7,21,13,10,4,31,23,4,1,5,802,0,0,0,6,4.437857121392298,70.84095063985374,71.42857142857143,35,18.601190476190478,25.0,50.0,38.46153846153846,1.0,3,2,3,82.05486284289277
S45G01N204,2024-2025,20250303,212,away,35,7,0,6,5,11,2,16,9,9,4,0,0,9,6,0,0,25,13,4,3,36,34,3,0,6,811,0,0,0,6,0.3765969257309507,62.15469613259668,60.0,38,17.162471395881006,45.45454545454545,66.66666666666667,53.84615384615385,1.1666666666666667,3,2,9,82.62392108508016,70,5,2,6,2,8,0,12,9,10,4,0,0,2,1,3,7,22,13,10,4,31,24,4,1,5,811,0,0,0,6,-0.3765969257309507,67.74475524475525,68.18181818181819,34,17.93400286944046,25.0,50.0,38.46153846153846,1.0,3,2,3,82.62392108508016
S45G01N204,2024-2025,20250303,213,away,35,7,0,6,5,11,2,16,9,9,4,0,0,9,6,0,0,25,13,4,3,36,34,3,0,6,812,0,0,0,6,-4.437857121392298,62.15469613259668,60.0,38,17.162471395881006,45.45454545454545,66.66666666666667,53.84615384615385,1.1666666666666667,3,2,9,81.04433497536947,70,5,2,6,3,9,0,12,9,10,4,0,0,2,1,3,7,22,13,10,4,31,24,4,1,5,812,0,0,0,6,4.437857121392298,67.74475524475525,68.18181818181819,35,17.93400286944046,33.333333333333336,50.0,38.46153846153846,1.0,3,2,3,81.04433497536947
S45G01N204,2024-2025,20250303,214,away,35,7,0,6,5,11,2,16,9,9,4,0,0,9,6,0,0,25,13,4,3,36,34,3,0,6,819,0,0,0,6,0.3765969257309507,62.15469613259668,60.0,38,17.162471395881006,45.45454545454545,66.66666666666667,53.84615384615385,1.1666666666666667,3,2,9,81.81684981684981,70,5,2,6,3,9,0,13,9,10,4,0,0,2,1,3,7,23,13,10,4,31,25,4,1,5,819,0,0,0,6,-0.3765969257309507,64.90787269681742,65.21739130434783,34,17.31301939058172,33.333333333333336,50.0,38.46153846153846,1.0,3,2,3,81.81684981684981
S45G01N204,2024-2025,20250303,215,away,35,7,0,7,5,12,2,16,9,9,4,0,0,9,6,0,0,25,13,4,3,36,34,3,0,6,820,0,0,0,6,0.3765969257309507,62.15469613259668,60.0,39,17.162471395881006,45.45454545454545,66.66666666666667,53.84615384615385,1.1666666666666667,3,2,9,81.71707317073171,70,5,2,6,3,9,0,13,9,10,4,0,0,2,1,3,7,23,13,10,4,31,25,4,1,5,820,0,0,0,6,-0.3765969257309507,64.90787269681742,65.21739130434783,34,17.31301939058172,30.0,50.0,38.46153846153846,1.0,3,2,3,81.71707317073171
S45G01N204,2024-2025,20250303,216,away,35,7,0,7,5,12,2,16,9,9,4,0,0,9,6,0,0,25,13,4,3,36,34,3,0,7,835,0,0,0,7,-3.504546924984737,62.15469613259668,60.0,38,19.46607341490545,45.45454545454545,66.66666666666667,53.84615384615385,1.0,3,2,9,81.68622754491018,70,5,2,6,3,9,0,13,9,10,4,0,0,2,1,3,7,23,13,10,4,31,25,4,1,5,835,0,0,0,6,3.504546924984737,64.90787269681742,65.21739130434783,34,17.31301939058172,30.0,50.0,38.46153846153846,1.0,3,2,3,81.68622754491018
S45G01N204,2024-2025,20250303,217,away,35,7,0,7,5,12,2,16,9,9,4,0,0,9,6,0,0,25,13,4,3,36,34,3,0,7,836,0,0,0,7,-3.504546924984737,62.15469613259668,60.0,38,19.46607341490545,45.45454545454545,66.66666666666667,53.84615384615385,1.0,3,2,9,81.58851674641149,70,5,2,6,3,9,0,13,9,10,4,0,0,2,1,3,7,23,13,10,4,31,25,5,1,5,836,0,0,0,6,3.504546924984737,64.90787269681742,65.21739130434783,35,17.31301939058172,30.0,50.0,38.46153846153846,1.0,3,2,3,81.58851674641149
S45G01N204,2024-2025,20250303,218,away,35,7,0,7,5,12,2,16,9,9,4,0,0,9,6,0,0,25,13,4,3,36,34,3,0,7,838,0,0,0,7,-6.488787375415299,62.15469613259668,60.0,38,19.46607341490545,45.45454545454545,66.66666666666667,53.84615384615385,1.0,2,2,9,82.82577565632458,70,5,2,6,3,9,0,14,10,10,4,0,0,2,1,3,7,24,14,10,4,33,26,5,1,5,838,0,0,0,6,6.488787375415299,66.31832797427653,66.66666666666667,37,16.73360107095047,30.0,50.0,35.714285714285715,1.0,2,2,3,82.82577565632458
S45G01N204,2024-2025,20250303,219,away,35,7,0,7,5,12,2,16,9,9,4,0,0,9,6,0,0,25,13,4,3,36,34,3,0,7,838,0,0,0,7,-6.488787375415299,62.15469613259668,60.0,38,19.46607341490545,45.45454545454545,66.66666666666667,53.84615384615385,1.0,2,2,9,82.82577565632458,70,6,2,6,3,9,0,14,10,10,4,0,0,2,1,3,7,24,14,10,4,33,26,5,1,5,838,0,0,0,6,6.488787375415299,66.31832797427653,66.66666666666667,38,16.73360107095047,30.0,50.0,42.857142857142854,1.2,2,2,3,82.82577565632458
S45G01N204,2024-2025,20250303,220,away,35,7,0,7,5,12,2,16,9,9,4,0,0,9,6,0,0,25,13,4,3,36,34,3,0,7,838,0,0,0,7,-6.488787375415299,62.15469613259668,60.0,38,19.46607341490545,45.45454545454545,66.66666666666667,53.84615384615385,1.0,2,2,9,82.82577565632458,70,6,2,6,3,9,0,14,10,10,4,0,0,2,1,4,9,24,14,10,4,33,26,5,1,5,838,0,0,0,6,6.488787375415299,66.31832797427653,66.66666666666667,38,16.73360107095047,30.0,50.0,42.857142857142854,1.2,2,2,3,82.82577565632458
S45G01N204,2024-2025,20250303,221,away,35,7,0,7,5,12,2,16,9,10,4,0,0,9,6,0,0,26,13,4,3,36,35,3,0,7,857,0,0,0,7,-10.127056141605593,60.08010680907877,57.69230769230769,37,18.939393939393938,45.45454545454545,66.66666666666667,53.84615384615385,1.0,2,2,9,82.389731621937,70,6,2,6,3,9,0,14,10,10,4,0,0,2,1,4,9,24,14,10,4,33,26,5,1,5,857,0,0,0,6,10.127056141605593,66.31832797427653,66.66666666666667,38,16.73360107095047,30.0,50.0,42.857142857142854,1.2,2,2,3,82.389731621937
S45G01N204,2024-2025,20250303,222,away,35,7,0,7,5,12,2,16,9,10,4,0,0,9,6,0,0,26,13,4,3,36,35,3,0,7,858,0,0,0,7,-10.127056141605593,60.08010680907877,57.69230769230769,37,18.939393939393938,45.45454545454545,66.66666666666667,53.84615384615385,1.0,2,2,9,82.2937062937063,70,6,2,6,3,9,1,14,10,10,4,0,0,2,1,4,9,24,14,10,4,33,26,5,1,5,858,0,0,0,6,10.127056141605593,66.31832797427653,66.66666666666667,39,16.73360107095047,30.0,50.0,42.857142857142854,1.2,2,2,3,82.2937062937063
S45G01N204,2024-2025,20250303,223,away,35,7,0,7,5,12,2,16,9,10,4,0,0,9,6,0,0,26,13,5,4,36,35,3,0,7,858,0,0,0,7,-10.127056141605593,60.08010680907877,57.69230769230769,37,18.939393939393938,45.45454545454545,66.66666666666667,53.84615384615385,1.0,2,2,9,82.2937062937063,70,6,2,6,3,9,1,14,10,10,4,0,0,2,1,4,9,24,14,10,4,33,26,5,1,5,858,0,0,0,6,10.127056141605593,66.31832797427653,66.66666666666667,39,16.73360107095047,30.0,50.0,42.857142857142854,1.2,2,2,3,82.2937062937063
S45G01N204,2024-2025,20250303,224,away,35,7,0,7,5,12,2,16,9,10,4,0,0,9,6,0,0,26,13,5,4,36,35,3,0,7,858,0,0,0,7,-10.127056141605593,60.08010680907877,57.69230769230769,37,18.939393939393938,45.45454545454545,66.66666666666667,53.84615384615385,1.0,2,2,9,82.2937062937063,70,6,2,6,3,9,1,14,10,10,4,0,0,2,1,4,9,24,14,10,4,33,26,5,1,5,858,0,0,0,6,10.127056141605593,66.31832797427653,66.66666666666667,39,16.73360107095047,30.0,50.0,42.857142857142854,1.2,2,2,3,82.2937062937063
S45G01N204,2024-2025,20250303,225,away,35,7,0,7,5,12,2,16,9,10,4,0,0,9,6,0,0,26,13,6,4,36,35,3,0,7,872,0,0,0,7,-10.127056141605593,60.08010680907877,57.69230769230769,37,18.939393939393938,45.45454545454545,66.66666666666667,53.84615384615385,1.0,2,2,9,80.97247706422019,70,6,2,6,3,9,1,14,10,10,4,0,0,2,1,4,9,24,14,10,4,33,26,5,1,5,872,0,0,0,6,10.127056141605593,66.31832797427653,66.66666666666667,39,16.73360107095047,30.0,50.0,42.857142857142854,1.2,2,2,3,80.97247706422019
S45G01N204,2024-2025,20250303,226,away,35,7,0,7,5,12,2,16,9,10,4,0,0,9,6,0,0,26,13,6,4,36,35,3,0,7,872,0,0,0,7,-10.127056141605593,60.08010680907877,57.69230769230769,37,18.939393939393938,45.45454545454545,66.66666666666667,53.84615384615385,1.0,2,2,9,80.97247706422019,70,6,2,6,3,9,1,14,10,10,4,0,0,2,1,4,9,24,14,10,4,33,26,5,1,5,872,0,0,0,6,10.127056141605593,66.31832797427653,66.66666666666667,39,16.73360107095047,30.0,50.0,42.857142857142854,1.2,2,2,3,80.97247706422019
S45G01N204,2024-2025,20250303,227,away,35,7,0,7,5,12,2,16,9,10,4,0,0,9,6,0,0,26,13,6,4,36,35,3,0,7,872,0,0,0,7,-10.127056141605593,60.08010680907877,57.69230769230769,37,18.939393939393938,45.45454545454545,66.66666666666667,53.84615384615385,1.0,2,2,9,80.97247706422019,70,6,2,6,3,9,1,14,10,10,4,0,0,2,1,4,9,24,14,10,4,33,26,5,1,5,872,0,0,0,6,10.127056141605593,66.31832797427653,66.66666666666667,39,16.73360107095047,30.0,50.0,42.857142857142854,1.2,2,2,3,80.97247706422019
S45G01N204,2024-2025,20250303,228,away,35,7,0,7,5,12,2,16,9,10,4,0,0,9,6,0,0,26,13,6,4,36,35,3,0,7,872,0,0,0,7,-10.127056141605593,60.08010680907877,57.69230769230769,37,18.939393939393938,45.45454545454545,66.66666666666667,53.84615384615385,1.0,2,2,9,80.97247706422019,70,6,2,6,3,9,1,14,10,10,4,0,0,2,1,4,9,24,14,10,4,33,26,5,1,5,872,0,0,0,6,10.127056141605593,66.31832797427653,66.66666666666667,39,16.73360107095047,30.0,50.0,42.857142857142854,1.2,2,2,3,80.97247706422019
S45G01N204,2024-2025,20250303,229,away,35,7,0,7,5,12,2,16,9,10,4,0,0,9,6,0,0,26,13,6,4,36,35,3,0,7,872,0,0,0,7,-10.127056141605593,60.08010680907877,57.69230769230769,37,18.939393939393938,45.45454545454545,66.66666666666667,53.84615384615385,1.0,2,2,9,80.97247706422019,70,6,2,6,3,9,1,14,10,10,4,0,0,2,1,4,9,24,14,10,4,33,26,5,1,5,872,0,0,0,6,10.127056141605593,66.31832797427653,66.66666666666667,39,16.73360107095047,30.0,50.0,42.857142857142854,1.2,2,2,3,80.97247706422019
S45G01N204,2024-2025,20250303,230,away,35,7,0,7,5,12,2,16,9,10,4,0,0,9,6,0,0,26,13,6,4,36,35,3,0,7,872,0,0,0,7,-10.127056141605593,60.08010680907877,57.69230769230769,37,18.939393939393938,45.45454545454545,66.66666666666667,53.84615384615385,1.0,2,2,9,80.97247706422019,70,6,2,6,3,9,1,14,10,10,4,0,0,2,1,4,9,24,14,10,4,33,26,5,1,5,872,0,0,0,6,10.127056141605593,66.31832797427653,66.66666666666667,39,16.73360107095047,30.0,50.0,42.857142857142854,1.2,2,2,3,80.97247706422019
S45G01N204,2024-2025,20250303,231,away,35,7,0,7,5,12,2,16,9,10,4,0,0,9,6,0,0,26,13,6,4,36,35,3,0,7,872,0,0,0,7,-11.810150682496612,60.08010680907877,57.69230769230769,37,18.939393939393938,45.45454545454545,66.66666666666667,53.84615384615385,1.0,3,2,9,81.57798165137615,70,6,2,6,3,9,1,14,10,10,4,0,0,3,2,4,9,24,14,10,4,34,27,5,1,5,872,0,0,0,6,11.810150682496612,67.14060031595577,66.66666666666667,40,16.49076517150396,30.0,66.66666666666667,42.857142857142854,1.2,3,2,3,81.57798165137615
S45G01N204,2024-2025,20250303,232,away,35,7,0,7,5,12,2,16,9,10,4,0,0,9,6,0,0,26,13,6,4,36,35,3,0,7,872,0,0,0,7,-11.810150682496612,60.08010680907877,57.69230769230769,37,18.939393939393938,45.45454545454545,66.66666666666667,53.84615384615385,1.0,3,2,9,81.57798165137615,70,7,2,6,3,9,1,14,10,10,4,0,0,3,2,4,9,24,14,10,4,34,27,5,1,5,872,0,0,0,6,11.810150682496612,67.14060031595577,66.66666666666667,41,16.49076517150396,30.0,66.66666666666667,50.0,1.4,3,2,3,81.57798165137615
S45G01N204,2024-2025,20250303,233,away,35,7,0,7,5,12,2,16,9,10,4,0,0,9,6,0,0,26,13,6,4,36,35,3,0,7,872,0,0,0,7,-9.837585165895405,60.08010680907877,57.69230769230769,37,18.939393939393938,45.45454545454545,66.66666666666667,53.84615384615385,1.0,3,2,9,82.18348623853211,70,7,2,6,3,9,1,14,10,10,4,0,0,4,2,4,9,24,14,10,4,34,28,5,1,5,872,0,0,0,6,9.837585165895405,65.99378881987577,66.66666666666667,40,16.25487646293888,30.0,50.0,50.0,1.4,3,2,3,82.18348623853211
S45G01N204,2024-2025,20250303,234,away,35,7,0,8,5,13,2,16,9,10,4,0,0,9,6,0,0,26,13,6,4,36,35,3,0,7,873,0,0,0,7,-9.837585165895405,60.08010680907877,57.69230769230769,38,18.939393939393938,45.45454545454545,66.66666666666667,53.84615384615385,1.0,3,2,9,82.0893470790378,70,7,2,6,3,9,1,14,10,10,4,0,0,4,2,4,9,24,14,10,4,34,28,5,1,5,873,0,0,0,6,9.837585165895405,65.99378881987577,66.66666666666667,40,16.25487646293888,27.272727272727273,50.0,50.0,1.4,3,2,3,82.0893470790378
S45G01N204,2024-2025,20250303,235,away,35,7,0,8,5,13,2,16,9,11,4,0,0,9,6,0,0,27,13,6,4,36,36,3,0,7,890,0,0,0,7,-13.255085196273185,58.13953488372093,55.55555555555556,37,18.440463645943098,45.45454545454545,66.66666666666667,53.84615384615385,1.0,3,2,9,81.86966292134831,70,7,2,6,3,9,1,14,10,10,4,0,0,4,2,4,9,24,14,10,4,34,28,5,1,5,890,0,0,0,6,13.255085196273185,65.99378881987577,66.66666666666667,40,16.25487646293888,27.272727272727273,50.0,50.0,1.4,3,2,3,81.86966292134831
S45G01N204,2024-2025,20250303,236,away,35,7,0,8,6,14,2,16,9,11,4,0,0,9,6,0,0,27,13,6,4,36,36,3,0,7,891,0,0,0,7,-9.837585165895405,58.13953488372093,55.55555555555556,38,18.440463645943098,50.0,66.66666666666667,53.84615384615385,1.0,3,2,9,80.43097643097643,70,7,2,6,3,9,1,14,10,10,4,0,0,4,2,4,9,24,14,10,4,34,28,5,1,5,891,0,0,0,6,9.837585165895405,65.99378881987577,66.66666666666667,40,16.25487646293888,27.272727272727273,50.0,50.0,1.4,3,2,3,80.43097643097643
S45G01N204,2024-2025,20250303,237,away,35,7,0,8,6,14,2,16,9,12,4,0,0,9,6,0,0,28,13,6,4,36,37,3,0,7,895,0,0,0,7,-13.255085196273185,56.32040050062578,53.57142857142857,37,17.967145790554415,50.0,66.66666666666667,53.84615384615385,1.0,3,2,9,81.41229050279328,70,7,2,6,3,9,1,14,10,10,4,0,0,4,2,4,9,24,14,10,4,34,28,5,1,5,895,0,0,0,6,13.255085196273185,65.99378881987577,66.66666666666667,40,16.25487646293888,27.272727272727273,50.0,50.0,1.4,3,2,3,81.41229050279328
S45G01N204,2024-2025,20250303,238,away,35,7,0,8,7,15,2,16,9,12,4,0,0,9,6,0,0,28,13,6,4,36,37,3,0,7,896,0,0,0,7,-9.837585165895405,56.32040050062578,53.57142857142857,38,17.967145790554415,53.84615384615385,66.66666666666667,53.84615384615385,1.0,3,2,9,79.98214285714285,70,7,2,6,3,9,1,14,10,10,4,0,0,4,2,4,9,24,14,10,4,34,28,5,1,5,896,0,0,0,6,9.837585165895405,65.99378881987577,66.66666666666667,40,16.25487646293888,27.272727272727273,50.0,50.0,1.4,3,2,3,79.98214285714285
S45G01N204,2024-2025,20250303,239,away,35,7,0,8,7,15,2,16,9,12,4,0,0,9,6,0,0,28,13,6,4,36,37,3,0,8,897,0,0,0,8,-13.255085196273185,56.32040050062578,53.57142857142857,37,20.02002002002002,53.84615384615385,66.66666666666667,53.84615384615385,0.875,3,2,9,81.23076923076923,70,7,2,6,3,9,1,14,10,10,4,0,0,4,2,4,9,24,14,10,4,34,28,5,1,5,897,0,0,0,6,13.255085196273185,65.99378881987577,66.66666666666667,40,16.25487646293888,27.272727272727273,50.0,50.0,1.4,3,2,3,81.23076923076923
S45G01N204,2024-2025,20250303,240,away,35,7,0,8,7,15,2,16,9,12,4,0,0,9,6,0,0,28,13,6,4,36,37,3,0,8,898,0,0,0,8,-13.255085196273185,56.32040050062578,53.57142857142857,37,20.02002002002002,53.84615384615385,66.66666666666667,53.84615384615385,0.875,3,2,9,81.1403118040089,70,7,2,6,3,9,1,14,10,10,4,0,0,4,2,4,9,24,14,10,4,34,28,6,1,5,898,0,0,0,6,13.255085196273185,65.99378881987577,66.66666666666667,41,16.25487646293888,27.272727272727273,50.0,50.0,1.4,3,2,3,81.1403118040089
S45G01N204,2024-2025,20250303,241,away,35,7,0,8,7,15,2,16,9,12,4,0,0,9,6,0,0,28,13,6,4,36,37,3,0,8,900,0,0,0,8,-8.996448681421072,56.32040050062578,53.57142857142857,37,20.02002002002002,53.84615384615385,66.66666666666667,53.84615384615385,0.875,3,2,9,82.29333333333332,70,7,2,6,3,9,1,14,10,10,4,0,0,4,2,4,9,24,14,10,4,34,28,6,1,6,900,0,0,0,7,8.996448681421072,65.99378881987577,66.66666666666667,40,18.89168765743073,27.272727272727273,50.0,50.0,1.1666666666666667,3,2,3,82.29333333333332
S45G01N204,2024-2025,20250303,242,away,35,7,0,8,7,15,2,17,9,12,4,0,0,9,6,0,0,29,13,6,4,36,38,3,0,8,907,0,0,0,8,-12.212682514485664,54.61165048543689,51.724137931034484,36,19.53125,53.84615384615385,66.66666666666667,53.84615384615385,0.875,3,2,9,82.98125689084895,70,7,2,6,3,9,1,14,10,10,4,0,0,4,2,4,9,24,14,10,4,34,28,6,1,6,907,0,0,0,7,12.212682514485664,65.99378881987577,66.66666666666667,40,18.89168765743073,27.272727272727273,50.0,50.0,1.1666666666666667,3,2,3,82.98125689084895
S45G01N204,2024-2025,20250303,243,away,35,7,0,8,7,15,2,17,9,12,4,0,0,9,6,0,0,29,13,6,4,36,38,3,0,8,908,0,0,0,8,-12.212682514485664,54.61165048543689,51.724137931034484,36,19.53125,50.0,66.66666666666667,53.84615384615385,0.875,3,2,9,82.8898678414097,70,7,2,7,3,10,1,14,10,10,4,0,0,4,2,4,9,24,14,10,4,34,28,6,1,6,908,0,0,0,7,12.212682514485664,65.99378881987577,66.66666666666667,41,18.89168765743073,27.272727272727273,50.0,50.0,1.1666666666666667,3,2,3,82.8898678414097
S45G01N204,2024-2025,20250303,244,away,35,7,0,8,7,15,2,17,9,12,4,0,0,9,6,0,0,29,13,6,4,36,38,3,0,8,914,0,0,0,8,-18.320889851438096,54.61165048543689,51.724137931034484,36,19.53125,50.0,66.66666666666667,53.84615384615385,0.875,6,3,9,83.6586433260394,70,7,2,7,3,10,1,14,10,11,5,0,0,4,2,4,9,25,15,10,4,37,29,6,1,6,914,0,0,0,7,18.320889851438096,69.13303437967114,70.0,44,18.315018315018314,27.272727272727273,50.0,46.666666666666664,1.1666666666666667,6,3,3,83.6586433260394
S45G01N204,2024-2025,20250303,245,away,35,7,0,8,7,15,2,17,9,12,4,0,0,9,6,0,0,29,13,6,4,36,38,3,0,8,914,0,0,0,8,-18.320889851438096,54.61165048543689,51.724137931034484,36,19.53125,50.0,66.66666666666667,53.84615384615385,0.875,6,3,9,83.6586433260394,70,8,2,7,3,10,1,14,10,11,5,0,0,4,2,4,9,25,15,10,4,37,29,6,1,6,914,0,0,0,7,18.320889851438096,69.13303437967114,70.0,45,18.315018315018314,27.272727272727273,50.0,53.333333333333336,1.3333333333333333,6,3,3,83.6586433260394
S45G01N204,2024-2025,20250303,246,away,35,7,0,8,7,15,2,17,9,12,4,0,0,9,6,0,0,29,13,6,4,36,38,3,0,8,914,0,0,0,8,-18.320889851438096,54.61165048543689,51.724137931034484,36,19.53125,50.0,66.66666666666667,53.84615384615385,0.875,6,3,9,83.6586433260394,70,8,2,7,3,10,1,14,10,11,5,0,0,4,2,5,12,25,15,10,4,37,29,6,1,6,914,0,0,0,7,18.320889851438096,69.13303437967114,70.0,45,18.315018315018314,27.272727272727273,50.0,53.333333333333336,1.3333333333333333,6,3,3,83.6586433260394
S45G01N204,2024-2025,20250303,247,away,35,7,0,8,7,15,2,18,9,12,4,0,0,9,6,0,0,30,13,6,4,36,39,3,0,8,931,0,0,0,8,-21.353128613961246,53.003533568904594,50.0,35,19.065776930409914,50.0,66.66666666666667,53.84615384615385,0.875,6,3,9,83.41997851772288,70,8,2,7,3,10,1,14,10,11,5,0,0,4,2,5,12,25,15,10,4,37,29,6,1,6,931,0,0,0,7,21.353128613961246,69.13303437967114,70.0,45,18.315018315018314,27.272727272727273,50.0,53.333333333333336,1.3333333333333333,6,3,3,83.41997851772288
S45G01N204,2024-2025,20250303,248,away,35,7,0,8,7,15,2,18,9,12,4,0,0,9,6,0,0,30,13,6,4,36,39,3,0,8,933,0,0,0,8,-21.353128613961246,53.003533568904594,50.0,35,19.065776930409914,46.666666666666664,66.66666666666667,53.84615384615385,0.875,6,3,9,83.2411575562701,70,8,2,8,3,11,1,14,10,11,5,0,0,4,2,5,12,25,15,10,4,37,29,6,1,6,933,0,0,0,7,21.353128613961246,69.13303437967114,70.0,46,18.315018315018314,27.272727272727273,50.0,53.333333333333336,1.3333333333333333,6,3,3,83.2411575562701
S45G01N204,2024-2025,20250303,249,away,35,7,0,8,7,15,2,18,9,12,4,0,0,9,6,0,0,30,13,6,4,36,39,3,0,8,955,0,0,0,8,-17.311257450461667,53.003533568904594,50.0,35,19.065776930409914,46.666666666666664,66.66666666666667,53.84615384615385,0.875,6,3,9,82.58010471204189,70,8,2,8,3,11,1,15,10,11,5,0,0,4,2,5,12,26,15,10,4,37,30,6,1,6,955,0,0,0,7,17.311257450461667,66.64265129682997,67.3076923076923,45,17.772511848341228,27.272727272727273,50.0,53.333333333333336,1.3333333333333333,6,3,3,82.58010471204189
S45G01N204,2024-2025,20250303,250,away,35,7,0,8,7,15,2,18,9,12,4,0,0,9,6,0,0,30,13,6,4,36,39,3,0,8,958,0,0,0,8,-17.311257450461667,53.003533568904594,50.0,35,19.065776930409914,46.666666666666664,66.66666666666667,53.84615384615385,0.875,6,3,9,82.32150313152401,70,8,2,8,3,11,2,15,10,11,5,0,0,4,2,5,12,26,15,10,4,37,30,6,1,6,958,0,0,0,7,17.311257450461667,66.64265129682997,67.3076923076923,46,17.772511848341228,27.272727272727273,50.0,53.333333333333336,1.3333333333333333,6,3,3,82.32150313152401
S45G01N204,2024-2025,20250303,251,away,35,7,0,8,7,15,2,18,9,12,4,0,0,9,6,0,0,30,13,6,4,36,39,3,0,8,966,0,0,0,8,-13.52391217887012,53.003533568904594,50.0,35,19.065776930409914,46.666666666666664,66.66666666666667,53.84615384615385,0.875,6,3,9,82.88198757763975,70,8,2,8,3,11,2,15,10,11,5,0,0,4,2,5,12,26,15,10,4,37,30,6,1,7,966,0,0,0,8,13.52391217887012,66.64265129682997,67.3076923076923,45,20.13808975834292,27.272727272727273,50.0,53.333333333333336,1.1428571428571428,6,3,3,82.88198757763975
S45G01N204,2024-2025,20250303,252,away,35,7,0,8,7,15,2,19,10,12,4,0,0,9,6,0,0,31,14,6,4,38,40,3,0,8,982,0,0,0,8,-10.825770587526577,54.34782608695652,51.61290322580645,37,18.6219739292365,46.666666666666664,66.66666666666667,50.0,0.875,2,4,9,82.75356415478616,70,8,2,8,3,11,2,15,10,11,5,0,0,4,2,5,12,26,15,10,4,37,30,6,1,7,982,0,0,0,8,10.825770587526577,66.64265129682997,67.3076923076923,45,20.13808975834292,27.272727272727273,50.0,53.333333333333336,1.1428571428571428,2,4,3,82.75356415478616
S45G01N204,2024-2025,20250303,253,away,35,7,0,8,7,15,2,19,10,12,4,0,0,9,6,0,0,31,14,7,4,38,40,3,0,8,992,0,0,0,8,-10.825770587526577,54.34782608695652,51.61290322580645,37,18.6219739292365,46.666666666666664,66.66666666666667,50.0,0.875,2,4,9,81.91935483870968,70,8,2,8,3,11,2,15,10,11,5,0,0,4,2,5,12,26,15,10,4,37,30,6,1,7,992,0,0,0,8,10.825770587526577,66.64265129682997,67.3076923076923,45,20.13808975834292,27.272727272727273,50.0,53.333333333333336,1.1428571428571428,2,4,3,81.91935483870968
S45G01N204,2024-2025,20250303,254,away,35,7,0,8,7,15,2,19,10,12,4,0,0,9,6,0,0,31,14,7,4,38,40,3,0,8,992,0,0,0,8,-10.825770587526577,54.34782608695652,51.61290322580645,37,18.6219739292365,46.666666666666664,66.66666666666667,50.0,0.875,2,4,9,81.91935483870968,70,8,2,8,3,11,2,15,10,11,5,0,0,4,2,5,12,26,15,10,4,37,30,6,1,7,992,0,0,0,8,10.825770587526577,66.64265129682997,67.3076923076923,45,20.13808975834292,27.272727272727273,50.0,53.333333333333336,1.1428571428571428,2,4,3,81.91935483870968
S45G01N204,2024-2025,20250303,255,away,35,7,0,8,7,15,2,19,10,12,4,0,0,9,6,0,0,31,14,7,4,38,40,3,0,8,992,0,0,0,8,-10.825770587526577,54.34782608695652,51.61290322580645,37,18.6219739292365,46.666666666666664,66.66666666666667,50.0,0.875,2,4,9,81.91935483870968,70,8,2,8,3,11,2,15,10,11,5,0,0,4,2,5,12,26,15,10,4,37,30,6,1,7,992,0,0,0,8,10.825770587526577,66.64265129682997,67.3076923076923,45,20.13808975834292,27.272727272727273,50.0,53.333333333333336,1.1428571428571428,2,4,3,81.91935483870968
S45G01N204,2024-2025,20250303,256,away,35,7,0,8,7,15,2,19,10,12,4,0,0,9,6,0,0,31,14,7,4,38,40,3,0,8,992,0,0,0,8,-10.825770587526577,54.34782608695652,51.61290322580645,37,18.6219739292365,46.666666666666664,66.66666666666667,50.0,0.875,2,4,9,81.91935483870968,70,8,2,8,3,11,2,15,10,11,5,0,0,4,2,5,12,26,15,10,4,37,30,6,1,7,992,0,0,0,8,10.825770587526577,66.64265129682997,67.3076923076923,45,20.13808975834292,27.272727272727273,50.0,53.333333333333336,1.1428571428571428,2,4,3,81.91935483870968
S45G01N204,2024-2025,20250303,257,away,35,7,0,8,7,15,2,19,10,12,4,0,0,9,6,0,0,31,14,7,4,38,40,3,0,8,992,0,0,0,8,-12.339452393618856,54.34782608695652,51.61290322580645,37,18.6219739292365,46.666666666666664,66.66666666666667,50.0,0.875,1,4,9,82.45161290322581,70,8,2,8,3,11,2,15,10,11,5,0,0,5,3,5,12,26,15,10,4,38,31,6,1,7,992,0,0,0,8,12.339452393618856,67.37588652482269,67.3076923076923,46,19.886363636363633,27.272727272727273,60.0,53.333333333333336,1.1428571428571428,1,4,3,82.45161290322581
S45G01N204,2024-2025,20250303,258,away,35,7,0,8,7,15,2,19,10,12,4,0,0,9,6,0,0,31,14,7,4,38,40,3,0,8,992,0,0,0,8,-13.812324151017478,54.34782608695652,51.61290322580645,37,18.6219739292365,46.666666666666664,66.66666666666667,50.0,0.875,2,5,9,82.98387096774194,70,8,2,8,3,11,2,15,10,11,5,0,0,6,4,5,12,26,15,10,4,39,32,6,1,7,992,0,0,0,8,13.812324151017478,68.08659217877094,67.3076923076923,47,19.640852974186306,27.272727272727273,66.66666666666667,53.333333333333336,1.1428571428571428,2,5,3,82.98387096774194
S45G01N204,2024-2025,20250303,259,away,35,7,0,8,7,15,2,20,10,12,4,0,0,9,6,0,0,32,14,7,4,38,41,3,0,8,1015,0,0,0,8,-16.671441303794253,52.83648498331479,50.0,36,18.198362147406733,46.666666666666664,66.66666666666667,50.0,0.875,2,5,9,82.28571428571429,70,8,2,8,3,11,2,15,10,11,5,0,0,6,4,5,12,26,15,10,4,39,32,6,1,7,1015,0,0,0,8,16.671441303794253,68.08659217877094,67.3076923076923,47,19.640852974186306,27.272727272727273,66.66666666666667,53.333333333333336,1.1428571428571428,2,5,3,82.28571428571429
S45G01N204,2024-2025,20250303,260,away,35,7,0,8,7,15,2,20,10,12,4,0,0,9,6,0,0,32,14,7,4,38,41,3,0,8,1017,0,0,0,8,-16.671441303794253,52.83648498331479,50.0,36,18.198362147406733,46.666666666666664,66.66666666666667,50.0,0.875,2,5,9,82.12389380530972,70,8,2,8,3,11,3,15,10,11,5,0,0,6,4,5,12,26,15,10,4,39,32,6,1,7,1017,0,0,0,8,16.671441303794253,68.08659217877094,67.3076923076923,48,19.640852974186306,27.272727272727273,66.66666666666667,53.333333333333336,1.1428571428571428,2,5,3,82.12389380530972
S45G01N204,2024-2025,20250303,261,away,35,7,0,8,7,15,2,20,10,12,4,0,0,9,6,0,0,32,14,7,4,38,41,3,0,8,1029,0,0,0,8,-13.119559790189996,52.83648498331479,50.0,36,18.198362147406733,46.666666666666664,66.66666666666667,50.0,0.875,2,5,9,82.33236151603498,70,8,2,8,3,11,3,15,10,12,5,0,0,6,4,5,12,27,15,10,4,39,33,6,1,7,1029,0,0,0,8,13.119559790189996,65.78947368421052,64.81481481481481,47,19.104803493449783,27.272727272727273,66.66666666666667,53.333333333333336,1.1428571428571428,2,5,3,82.33236151603498
S45G01N204,2024-2025,20250303,262,away,35,7,0,9,7,16,2,20,10,12,4,0,0,9,6,0,0,32,14,7,4,38,41,3,0,8,1030,0,0,0,8,-13.119559790189996,52.83648498331479,50.0,37,18.198362147406733,46.666666666666664,66.66666666666667,50.0,0.875,2,5,9,82.252427184466,70,8,2,8,3,11,3,15,10,12,5,0,0,6,4,5,12,27,15,10,4,39,33,6,1,7,1030,0,0,0,8,13.119559790189996,65.78947368421052,64.81481481481481,47,19.104803493449783,25.0,66.66666666666667,53.333333333333336,1.1428571428571428,2,5,3,82.252427184466
S45G01N204,2024-2025,20250303,263,away,35,7,0,9,7,16,2,20,10,13,4,0,0,9,6,0,0,33,14,7,4,38,42,3,0,8,1044,0,0,0,8,-15.828038526065981,51.4069264069264,48.484848484848484,36,17.793594306049823,46.666666666666664,66.66666666666667,50.0,0.875,2,5,9,82.29885057471263,70,8,2,8,3,11,3,15,10,12,5,0,0,6,4,5,12,27,15,10,4,39,33,6,1,7,1044,0,0,0,8,15.828038526065981,65.78947368421052,64.81481481481481,47,19.104803493449783,25.0,66.66666666666667,53.333333333333336,1.1428571428571428,2,5,3,82.29885057471263
S45G01N204,2024-2025,20250303,264,away,35,7,0,9,7,16,2,20,10,13,4,0,0,9,6,0,0,33,14,7,4,38,42,3,0,8,1045,0,0,0,8,-15.828038526065981,51.4069264069264,48.484848484848484,36,17.793594306049823,46.666666666666664,66.66666666666667,50.0,0.875,2,5,9,82.2200956937799,70,8,3,8,3,11,3,15,10,12,5,0,0,6,4,5,12,27,15,10,4,39,33,6,1,7,1045,0,0,0,8,15.828038526065981,65.78947368421052,64.81481481481481,48,19.104803493449783,25.0,66.66666666666667,53.333333333333336,1.1428571428571428,2,5,3,82.2200956937799
S45G01N204,2024-2025,20250303,265,away,35,7,0,9,7,16,2,20,10,13,4,0,0,9,6,0,0,33,14,7,4,38,42,3,0,8,1046,0,0,0,8,-15.828038526065981,51.4069264069264,48.484848484848484,36,17.793594306049823,43.75,66.66666666666667,50.0,0.875,2,5,9,82.1414913957935,70,8,3,9,3,12,3,15,10,12,5,0,0,6,4,5,12,27,15,10,4,39,33,6,1,7,1046,0,0,0,8,15.828038526065981,65.78947368421052,64.81481481481481,49,19.104803493449783,25.0,66.66666666666667,53.333333333333336,1.1428571428571428,2,5,3,82.1414913957935
S45G01N204,2024-2025,20250303,266,away,35,7,0,9,7,16,2,20,10,13,4,0,0,9,6,0,0,33,14,7,4,38,42,3,0,8,1057,0,0,0,8,-12.481231002854585,51.4069264069264,48.484848484848484,36,17.793594306049823,43.75,66.66666666666667,50.0,0.875,2,5,9,82.42194891201513,70,8,3,9,3,12,3,16,10,12,5,0,0,6,4,5,12,28,15,10,4,39,34,6,1,7,1057,0,0,0,8,12.481231002854585,63.642297650130544,62.5,48,18.597236981934113,25.0,66.66666666666667,53.333333333333336,1.1428571428571428,2,5,3,82.42194891201513
S45G01N204,2024-2025,20250303,267,away,35,7,0,10,7,17,2,20,10,13,4,0,0,9,6,0,0,33,14,7,4,38,42,3,0,8,1058,0,0,0,8,-12.481231002854585,51.4069264069264,48.484848484848484,37,17.793594306049823,43.75,66.66666666666667,50.0,0.875,2,5,9,82.34404536862003,70,8,3,9,3,12,3,16,10,12,5,0,0,6,4,5,12,28,15,10,4,39,34,6,1,7,1058,0,0,0,8,12.481231002854585,63.642297650130544,62.5,48,18.597236981934113,23.076923076923077,66.66666666666667,53.333333333333336,1.1428571428571428,2,5,3,82.34404536862003
S45G01N204,2024-2025,20250303,268,away,35,7,0,10,7,17,2,20,10,14,5,0,0,9,6,0,0,34,15,7,4,41,43,3,0,8,1078,0,0,0,8,-7.350465450441263,54.00421496311907,51.470588235294116,40,17.40644038294169,43.75,66.66666666666667,46.666666666666664,0.875,3,6,9,81.92949907235622,70,8,3,9,3,12,3,16,10,12,5,0,0,6,4,5,12,28,15,10,4,39,34,6,1,7,1078,0,0,0,8,7.350465450441263,63.642297650130544,62.5,48,18.597236981934113,23.076923076923077,66.66666666666667,53.333333333333336,1.1428571428571428,3,6,3,81.92949907235622
S45G01N204,2024-2025,20250303,269,away,35,8,0,10,7,17,2,20,10,14,5,0,0,9,6,0,0,34,15,7,4,41,43,3,0,8,1078,0,0,0,8,-7.350465450441263,54.00421496311907,51.470588235294116,41,17.40644038294169,43.75,66.66666666666667,53.333333333333336,1.0,3,6,9,81.92949907235622,70,8,3,9,3,12,3,16,10,12,5,0,0,6,4,5,12,28,15,10,4,39,34,6,1,7,1078,0,0,0,8,7.350465450441263,63.642297650130544,62.5,48,18.597236981934113,23.076923076923077,66.66666666666667,53.333333333333336,1.1428571428571428,3,6,3,81.92949907235622
S45G01N204,2024-2025,20250303,270,away,35,8,0,10,7,17,2,20,10,14,5,0,0,9,6,0,0,34,15,7,4,41,43,3,0,8,1098,0,0,0,8,-12.6089782147277,54.00421496311907,51.470588235294116,41,17.40644038294169,43.75,66.66666666666667,53.333333333333336,1.0,3,7,9,81.53005464480874,70,8,3,9,3,12,3,16,10,13,6,0,0,6,4,5,12,29,16,10,4,42,35,6,1,7,1098,0,0,0,8,12.6089782147277,66.3716814159292,65.51724137931035,51,18.115942028985508,23.076923076923077,66.66666666666667,50.0,1.1428571428571428,3,7,3,81.53005464480874
S45G01N204,2024-2025,20250303,271,away,35,8,0,10,7,17,2,20,10,14,5,0,0,9,6,0,0,34,15,7,4,41,43,3,0,8,1098,0,0,0,8,-12.6089782147277,54.00421496311907,51.470588235294116,41,17.40644038294169,43.75,66.66666666666667,53.333333333333336,1.0,3,7,9,81.53005464480874,70,9,3,9,3,12,3,16,10,13,6,0,0,6,4,5,12,29,16,10,4,42,35,6,1,7,1098,0,0,0,8,12.6089782147277,66.3716814159292,65.51724137931035,52,18.115942028985508,23.076923076923077,66.66666666666667,56.25,1.2857142857142858,3,7,3,81.53005464480874
S45G01N204,2024-2025,20250303,272,away,35,8,0,10,7,17,2,20,10,15,6,0,0,9,6,0,0,35,16,7,4,44,44,3,0,8,1121,0,0,0,8,-7.735007735007727,56.46817248459959,54.285714285714285,44,17.035775127768314,43.75,66.66666666666667,50.0,1.0,3,8,9,80.92774308652989,70,9,3,9,3,12,3,16,10,13,6,0,0,6,4,5,12,29,16,10,4,42,35,6,1,7,1121,0,0,0,8,7.735007735007727,66.3716814159292,65.51724137931035,52,18.115942028985508,23.076923076923077,66.66666666666667,56.25,1.2857142857142858,3,8,3,80.92774308652989
S45G01N204,2024-2025,20250303,273,away,35,9,0,10,7,17,2,20,10,15,6,0,0,9,6,0,0,35,16,7,4,44,44,3,0,8,1121,0,0,0,8,-7.735007735007727,56.46817248459959,54.285714285714285,45,17.035775127768314,43.75,66.66666666666667,56.25,1.125,3,8,9,80.92774308652989,70,9,3,9,3,12,3,16,10,13,6,0,0,6,4,5,12,29,16,10,4,42,35,6,1,7,1121,0,0,0,8,7.735007735007727,66.3716814159292,65.51724137931035,52,18.115942028985508,23.076923076923077,66.66666666666667,56.25,1.2857142857142858,3,8,3,80.92774308652989
S45G01N204,2024-2025,20250303,274,away,35,9,0,10,7,17,2,20,10,15,6,0,0,9,6,0,0,35,16,7,4,44,44,3,0,8,1131,0,0,0,8,-4.518710850588576,56.46817248459959,54.285714285714285,45,17.035775127768314,43.75,66.66666666666667,56.25,1.125,3,8,9,81.27320954907162,70,9,3,9,3,12,3,16,10,14,6,0,0,6,4,5,12,30,16,10,4,42,36,6,1,7,1131,0,0,0,8,4.518710850588576,64.33823529411765,63.333333333333336,51,17.658930373360242,23.076923076923077,66.66666666666667,56.25,1.2857142857142858,3,8,3,81.27320954907162
S45G01N204,2024-2025,20250303,275,away,35,9,0,10,7,17,2,20,10,15,6,0,0,9,6,0,0,35,16,7,4,44,44,3,0,8,1132,0,0,0,8,-7.735007735007727,56.46817248459959,54.285714285714285,45,17.035775127768314,43.75,66.66666666666667,56.25,1.125,3,8,9,80.14134275618373,70,9,3,9,4,13,3,16,10,14,6,0,0,6,4,5,12,30,16,10,4,42,36,6,1,7,1132,0,0,0,8,7.735007735007727,64.33823529411765,63.333333333333336,52,17.658930373360242,28.571428571428573,66.66666666666667,56.25,1.2857142857142858,3,8,3,80.14134275618373
S45G01N204,2024-2025,20250303,276,away,35,9,0,10,7,17,2,20,10,15,6,0,0,9,6,0,0,35,16,7,4,44,44,3,0,8,1133,0,0,0,8,-9.977226134431376,56.46817248459959,54.285714285714285,45,17.035775127768314,43.75,66.66666666666667,56.25,1.125,2,8,9,81.1297440423654,70,9,3,9,4,13,3,17,11,14,6,0,0,6,4,5,12,31,17,10,4,44,37,6,1,7,1133,0,0,0,8,9.977226134431376,65.39833531510106,64.51612903225806,54,17.224409448818896,28.571428571428573,66.66666666666667,52.94117647058823,1.2857142857142858,2,8,3,81.1297440423654
S45G01N204,2024-2025,20250303,277,away,35,9,0,10,7,17,2,20,10,15,6,0,0,9,6,0,0,35,16,7,4,44,44,3,0,8,1133,0,0,0,8,-9.977226134431376,56.46817248459959,54.285714285714285,45,17.035775127768314,43.75,66.66666666666667,56.25,1.125,2,8,9,81.1297440423654,70,9,3,9,4,13,3,17,11,14,6,0,0,6,4,5,12,31,17,10,4,44,37,6,1,7,1133,0,0,0,8,9.977226134431376,65.39833531510106,64.51612903225806,54,17.224409448818896,28.571428571428573,66.66666666666667,52.94117647058823,1.2857142857142858,2,8,3,81.1297440423654
S45G01N204,2024-2025,20250303,278,away,35,9,0,10,7,17,2,20,10,15,6,0,0,9,6,0,0,35,16,7,4,44,44,3,0,8,1133,0,0,0,8,-9.977226134431376,56.46817248459959,54.285714285714285,45,17.035775127768314,43.75,66.66666666666667,56.25,1.125,2,8,9,81.1297440423654,70,9,3,9,4,13,3,17,11,14,6,0,0,6,4,5,12,31,17,10,4,44,37,6,1,7,1133,0,0,0,8,9.977226134431376,65.39833531510106,64.51612903225806,54,17.224409448818896,28.571428571428573,66.66666666666667,52.94117647058823,1.2857142857142858,2,8,3,81.1297440423654
S45G01N204,2024-2025,20250303,279,away,35,9,0,10,7,17,2,20,10,15,6,0,0,9,6,0,0,35,16,7,4,44,44,3,0,8,1133,0,0,0,8,-9.977226134431376,56.46817248459959,54.285714285714285,45,17.035775127768314,43.75,66.66666666666667,56.25,1.125,2,8,9,81.1297440423654,70,9,3,9,4,13,3,17,11,14,6,0,0,6,4,5,12,31,17,10,4,44,37,6,1,7,1133,0,0,0,8,9.977226134431376,65.39833531510106,64.51612903225806,54,17.224409448818896,28.571428571428573,66.66666666666667,52.94117647058823,1.2857142857142858,2,8,3,81.1297440423654
S45G01N204,2024-2025,20250303,280,away,35,9,0,10,7,17,2,20,10,15,6,0,0,9,6,0,0,35,16,7,4,44,44,3,0,8,1133,0,0,0,8,-9.977226134431376,56.46817248459959,54.285714285714285,45,17.035775127768314,43.75,66.66666666666667,56.25,1.125,2,8,9,81.1297440423654,70,9,3,9,4,13,3,17,11,14,6,0,0,6,4,5,12,31,17,10,4,44,37,6,1,7,1133,0,0,0,8,9.977226134431376,65.39833531510106,64.51612903225806,54,17.224409448818896,28.571428571428573,66.66666666666667,52.94117647058823,1.2857142857142858,2,8,3,81.1297440423654
S45G01N204,2024-2025,20250303,281,away,35,9,0,10,7,17,2,20,10,15,6,0,0,9,6,0,0,35,16,7,4,44,44,3,0,8,1133,0,0,0,8,-9.977226134431376,56.46817248459959,54.285714285714285,45,17.035775127768314,43.75,66.66666666666667,56.25,1.125,2,8,9,81.1297440423654,70,9,3,9,4,13,3,17,11,14,6,0,0,6,4,5,12,31,17,10,4,44,37,6,1,7,1133,0,0,0,8,9.977226134431376,65.39833531510106,64.51612903225806,54,17.224409448818896,28.571428571428573,66.66666666666667,52.94117647058823,1.2857142857142858,2,8,3,81.1297440423654
S45G01N204,2024-2025,20250303,282,away,35,9,0,10,7,17,2,21,10,15,6,0,0,9,6,0,0,36,16,7,4,44,45,3,0,8,1148,0,0,0,8,-12.66546124454149,55.05505505505506,52.77777777777778,44,16.680567139282736,43.75,66.66666666666667,56.25,1.125,2,8,9,81.11498257839722,70,9,3,9,4,13,3,17,11,14,6,0,0,6,4,5,12,31,17,10,4,44,37,6,1,7,1148,0,0,0,8,12.66546124454149,65.39833531510106,64.51612903225806,54,17.224409448818896,28.571428571428573,66.66666666666667,52.94117647058823,1.2857142857142858,2,8,3,81.11498257839722
S45G01N204,2024-2025,20250303,283,away,35,9,0,10,7,17,2,21,10,15,6,0,0,9,6,0,0,36,16,7,4,44,45,3,0,8,1149,0,0,0,8,-12.66546124454149,55.05505505505506,52.77777777777778,44,16.680567139282736,41.1764705882353,66.66666666666667,56.25,1.125,2,8,9,81.0443864229765,70,9,3,10,4,14,3,17,11,14,6,0,0,6,4,5,12,31,17,10,4,44,37,6,1,7,1149,0,0,0,8,12.66546124454149,65.39833531510106,64.51612903225806,55,17.224409448818896,28.571428571428573,66.66666666666667,52.94117647058823,1.2857142857142858,2,8,3,81.0443864229765
S45G01N204,2024-2025,20250303,284,away,35,9,0,10,7,17,2,21,10,15,6,0,0,9,6,0,0,36,16,7,4,44,45,3,0,8,1163,0,0,0,8,-14.788539452709884,55.05505505505506,52.77777777777778,44,16.680567139282736,41.1764705882353,66.66666666666667,56.25,1.125,4,9,9,81.1006018916595,70,9,3,10,4,14,3,18,12,14,6,0,0,6,4,5,12,32,18,10,4,46,38,6,1,7,1163,0,0,0,8,14.788539452709884,66.39722863741339,65.625,57,16.81075888568684,28.571428571428573,66.66666666666667,50.0,1.2857142857142858,4,9,3,81.1006018916595
S45G01N204,2024-2025,20250303,285,away,35,9,0,10,7,17,2,21,10,15,6,0,0,9,6,0,0,36,16,7,4,44,45,3,0,8,1163,0,0,0,8,-14.788539452709884,55.05505505505506,52.77777777777778,44,16.680567139282736,41.1764705882353,66.66666666666667,56.25,1.125,4,9,9,81.1006018916595,70,10,3,10,4,14,3,18,12,14,6,0,0,6,4,5,12,32,18,10,4,46,38,6,1,7,1163,0,0,0,8,14.788539452709884,66.39722863741339,65.625,58,16.81075888568684,28.571428571428573,66.66666666666667,55.55555555555556,1.4285714285714286,4,9,3,81.1006018916595
S45G01N204,2024-2025,20250303,286,away,35,9,0,10,7,17,2,21,10,16,7,0,0,9,6,0,0,37,17,7,4,47,46,3,0,8,1181,0,0,0,8,-10.198974986551647,57.373046875,55.4054054054054,47,16.33986928104575,41.1764705882353,66.66666666666667,52.94117647058823,1.125,3,10,9,80.88060965283657,70,10,3,10,4,14,3,18,12,14,6,0,0,6,4,5,12,32,18,10,4,46,38,6,1,7,1181,0,0,0,8,10.198974986551647,66.39722863741339,65.625,58,16.81075888568684,28.571428571428573,66.66666666666667,55.55555555555556,1.4285714285714286,3,10,3,80.88060965283657
S45G01N204,2024-2025,20250303,287,away,35,10,0,10,7,17,2,21,10,16,7,0,0,9,6,0,0,37,17,7,4,47,46,3,0,8,1181,0,0,0,8,-10.198974986551647,57.373046875,55.4054054054054,48,16.33986928104575,41.1764705882353,66.66666666666667,58.8235294117647,1.25,3,10,9,80.88060965283657,70,10,3,10,4,14,3,18,12,14,6,0,0,6,4,5,12,32,18,10,4,46,38,6,1,7,1181,0,0,0,8,10.198974986551647,66.39722863741339,65.625,58,16.81075888568684,28.571428571428573,66.66666666666667,55.55555555555556,1.4285714285714286,3,10,3,80.88060965283657
S45G01N204,2024-2025,20250303,288,away,35,10,0,10,7,17,2,21,10,16,7,0,0,9,6,0,0,37,17,7,4,47,46,3,0,8,1199,0,0,0,8,-7.036179581460814,57.373046875,55.4054054054054,48,16.33986928104575,41.1764705882353,66.66666666666667,58.8235294117647,1.25,3,10,9,80.6672226855713,70,10,3,10,4,14,3,18,12,15,6,0,0,6,4,5,12,33,18,10,4,46,39,6,1,7,1199,0,0,0,8,7.036179581460814,64.53423120089786,63.63636363636363,57,16.416510318949342,28.571428571428573,66.66666666666667,55.55555555555556,1.4285714285714286,3,10,3,80.6672226855713
S45G01N204,2024-2025,20250303,289,away,35,10,0,10,7,17,2,21,10,16,7,0,0,9,6,0,0,37,17,7,4,47,46,3,0,8,1199,0,0,0,8,-7.036179581460814,57.373046875,55.4054054054054,48,16.33986928104575,41.1764705882353,66.66666666666667,58.8235294117647,1.25,3,10,9,80.6672226855713,70,10,3,10,4,14,3,18,12,15,6,0,0,6,4,5,12,33,18,10,4,46,39,6,1,7,1199,0,0,0,8,7.036179581460814,64.53423120089786,63.63636363636363,57,16.416510318949342,28.571428571428573,66.66666666666667,55.55555555555556,1.4285714285714286,3,10,3,80.6672226855713
S45G01N204,2024-2025,20250303,290,away,35,10,0,10,7,17,2,21,10,16,7,0,0,9,6,0,0,37,17,7,4,47,46,3,0,8,1200,0,0,0,8,-7.036179581460814,57.373046875,55.4054054054054,48,16.33986928104575,41.1764705882353,66.66666666666667,58.8235294117647,1.25,3,10,9,80.6,70,10,3,10,4,14,3,18,12,15,6,0,0,6,4,5,12,33,18,10,4,46,39,6,1,7,1200,0,0,0,8,7.036179581460814,64.53423120089786,63.63636363636363,57,16.416510318949342,28.571428571428573,66.66666666666667,55.55555555555556,1.4285714285714286,3,10,3,80.6
S45G01N204,2024-2025,20250303,291,away,35,10,0,10,7,17,2,21,10,16,7,0,0,9,6,0,0,37,17,7,4,47,46,3,0,8,1200,0,0,0,8,-7.036179581460814,57.373046875,55.4054054054054,48,16.33986928104575,41.1764705882353,66.66666666666667,58.8235294117647,1.25,3,10,9,80.6,70,10,3,10,4,14,3,18,12,15,6,0,0,6,4,5,12,33,18,10,4,46,39,6,1,7,1200,0,0,0,8,7.036179581460814,64.53423120089786,63.63636363636363,57,16.416510318949342,28.571428571428573,66.66666666666667,55.55555555555556,1.4285714285714286,3,10,3,80.6
S45G01N204,2024-2025,20250303,292,away,35,10,0,10,7,17,2,21,10,16,7,0,0,9,6,0,0,37,17,7,4,47,46,3,0,8,1200,0,0,0,8,-7.036179581460814,57.373046875,55.4054054054054,48,16.33986928104575,41.1764705882353,66.66666666666667,58.8235294117647,1.25,3,10,9,80.6,70,10,3,10,4,14,3,18,12,15,6,0,0,6,4,5,12,33,18,10,4,46,39,6,1,7,1200,0,0,0,8,7.036179581460814,64.53423120089786,63.63636363636363,57,16.416510318949342,28.571428571428573,66.66666666666667,55.55555555555556,1.4285714285714286,3,10,3,80.6
S45G01N204,2024-2025,20250303,293,away,35,10,0,10,7,17,2,21,10,16,7,0,0,9,6,0,0,37,17,7,4,47,46,3,0,8,1200,0,0,0,8,-7.036179581460814,57.373046875,55.4054054054054,48,16.33986928104575,41.1764705882353,66.66666666666667,58.8235294117647,1.25,3,10,9,80.6,70,10,3,10,4,14,3,18,12,15,6,0,0,6,4,5,12,33,18,10,4,46,39,6,1,7,1200,0,0,0,8,7.036179581460814,64.53423120089786,63.63636363636363,57,16.416510318949342,28.571428571428573,66.66666666666667,55.55555555555556,1.4285714285714286,3,10,3,80.6
S45G01N204,2024-2025,20250303,294,away,35,10,0,10,7,17,2,21,10,16,7,0,0,9,6,0,0,37,17,7,4,47,46,3,0,8,1200,0,0,0,8,-7.036179581460814,57.373046875,55.4054054054054,48,16.33986928104575,41.1764705882353,66.66666666666667,58.8235294117647,1.25,3,10,9,80.6,70,10,3,10,4,14,3,18,12,15,6,0,0,6,4,5,12,33,18,10,4,46,39,6,1,7,1200,0,0,0,8,7.036179581460814,64.53423120089786,63.63636363636363,57,16.416510318949342,28.571428571428573,66.66666666666667,55.55555555555556,1.4285714285714286,3,10,3,80.6
S45G01N204,2024-2025,20250303,295,away,35,10,0,10,7,17,2,21,10,16,7,0,0,9,6,0,0,37,17,7,4,47,46,3,0,8,1200,0,0,0,8,-7.036179581460814,57.373046875,55.4054054054054,48,16.33986928104575,41.1764705882353,66.66666666666667,58.8235294117647,1.25,3,10,9,80.6,70,10,3,10,4,14,3,18,12,15,6,0,0,6,4,5,12,33,18,10,4,46,39,6,1,7,1200,0,0,0,8,7.036179581460814,64.53423120089786,63.63636363636363,57,16.416510318949342,28.571428571428573,66.66666666666667,55.55555555555556,1.4285714285714286,3,10,3,80.6
S45G01N204,2024-2025,20250303,296,away,35,10,0,10,7,17,2,21,10,16,7,0,0,9,6,0,0,37,17,7,4,47,46,3,0,8,1200,0,0,0,8,-7.036179581460814,57.373046875,55.4054054054054,48,16.33986928104575,41.1764705882353,66.66666666666667,58.8235294117647,1.25,3,10,9,80.6,70,10,3,10,4,14,3,18,12,15,6,0,0,6,4,5,12,33,18,10,4,46,39,6,1,7,1200,0,0,0,8,7.036179581460814,64.53423120089786,63.63636363636363,57,16.416510318949342,28.571428571428573,66.66666666666667,55.55555555555556,1.4285714285714286,3,10,3,80.6
S45G01N204,2024-2025,20250303,297,away,35,10,0,10,7,17,2,21,10,16,7,0,0,9,6,0,0,37,17,7,4,47,46,3,0,8,1200,0,0,0,8,-7.036179581460814,57.373046875,55.4054054054054,48,16.33986928104575,41.1764705882353,66.66666666666667,58.8235294117647,1.25,3,10,9,80.6,70,10,3,10,4,14,3,18,12,15,6,0,0,6,4,5,12,33,18,10,4,46,39,6,1,7,1200,0,0,0,8,7.036179581460814,64.53423120089786,63.63636363636363,57,16.416510318949342,28.571428571428573,66.66666666666667,55.55555555555556,1.4285714285714286,3,10,3,80.6
S45G01N204,2024-2025,20250303,298,away,35,10,0,10,7,17,2,21,10,16,7,0,0,9,6,0,0,37,17,7,4,47,46,3,0,8,1200,0,0,0,8,-7.036179581460814,57.373046875,55.4054054054054,48,16.33986928104575,41.1764705882353,66.66666666666667,58.8235294117647,1.25,3,10,9,80.6,70,10,3,10,4,14,3,18,12,15,6,0,0,6,4,5,12,33,18,10,4,46,39,6,1,7,1200,0,0,0,8,7.036179581460814,64.53423120089786,63.63636363636363,57,16.416510318949342,28.571428571428573,66.66666666666667,55.55555555555556,1.4285714285714286,3,10,3,80.6
S45G01N204,2024-2025,20250303,299,away,35,10,0,10,7,17,2,21,10,16,7,0,0,9,6,0,0,37,17,7,4,47,46,3,0,8,1200,0,0,0,8,-7.036179581460814,57.373046875,55.4054054054054,48,16.33986928104575,41.1764705882353,66.66666666666667,58.8235294117647,1.25,3,10,9,80.6,70,10,3,10,4,14,3,18,12,15,6,0,0,6,4,5,12,33,18,10,4,46,39,6,1,7,1200,0,0,0,8,7.036179581460814,64.53423120089786,63.63636363636363,57,16.416510318949342,28.571428571428573,66.66666666666667,55.55555555555556,1.4285714285714286,3,10,3,80.6
S45G01N204,2024-2025,20250303,300,away,35,10,0,10,7,17,2,21,10,16,7,0,0,9,6,0,0,37,17,7,4,47,46,3,0,8,1200,0,0,0,8,-7.036179581460814,57.373046875,55.4054054054054,48,16.33986928104575,41.1764705882353,66.66666666666667,58.8235294117647,1.25,3,10,9,80.6,70,10,3,10,4,14,3,18,12,15,6,0,0,6,4,5,12,33,18,10,4,46,39,6,1,7,1200,0,0,0,8,7.036179581460814,64.53423120089786,63.63636363636363,57,16.416510318949342,28.571428571428573,66.66666666666667,55.55555555555556,1.4285714285714286,3,10,3,80.6
S45G01N204,2024-2025,20250303,301,away,35,10,0,10,7,17,2,21,10,16,7,0,0,9,6,0,0,37,17,7,4,47,46,3,0,8,1200,0,0,0,8,-7.036179581460814,57.373046875,55.4054054054054,48,16.33986928104575,41.1764705882353,66.66666666666667,58.8235294117647,1.25,3,10,9,80.6,70,10,3,10,4,14,3,18,12,15,6,0,0,6,4,5,12,33,18,10,4,46,39,6,1,7,1200,0,0,0,8,7.036179581460814,64.53423120089786,63.63636363636363,57,16.416510318949342,28.571428571428573,66.66666666666667,55.55555555555556,1.4285714285714286,3,10,3,80.6
S45G01N204,2024-2025,20250303,302,away,35,10,0,10,7,17,2,21,10,16,7,0,0,9,6,0,0,37,17,7,4,47,46,3,0,8,1200,0,0,0,8,-7.036179581460814,57.373046875,55.4054054054054,48,16.33986928104575,41.1764705882353,66.66666666666667,58.8235294117647,1.25,3,10,9,80.6,70,10,3,10,4,14,3,18,12,15,6,0,0,6,4,5,12,33,18,10,4,46,39,6,1,7,1200,0,0,0,8,7.036179581460814,64.53423120089786,63.63636363636363,57,16.416510318949342,28.571428571428573,66.66666666666667,55.55555555555556,1.4285714285714286,3,10,3,80.6
S45G01N204,2024-2025,20250303,303,away,35,10,0,10,7,17,2,21,10,16,7,0,0,9,6,0,0,37,17,7,4,47,46,3,0,8,1200,0,0,0,8,-7.036179581460814,57.373046875,55.4054054054054,48,16.33986928104575,41.1764705882353,66.66666666666667,58.8235294117647,1.25,3,10,9,80.6,70,10,3,10,4,14,3,18,12,15,6,0,0,6,4,5,12,33,18,10,4,46,39,6,1,7,1200,0,0,0,8,7.036179581460814,64.53423120089786,63.63636363636363,57,16.416510318949342,28.571428571428573,66.66666666666667,55.55555555555556,1.4285714285714286,3,10,3,80.6
S45G01N204,2024-2025,20250303,304,away,35,10,0,10,7,17,2,21,10,16,7,0,0,9,6,0,0,37,17,7,4,47,46,3,0,8,1200,0,0,0,8,-7.036179581460814,57.373046875,55.4054054054054,48,16.33986928104575,41.1764705882353,66.66666666666667,58.8235294117647,1.25,3,10,9,80.6,70,10,3,10,4,14,3,18,12,15,6,0,0,6,4,5,12,33,18,10,4,46,39,6,1,7,1200,0,0,0,8,7.036179581460814,64.53423120089786,63.63636363636363,57,16.416510318949342,28.571428571428573,66.66666666666667,55.55555555555556,1.4285714285714286,3,10,3,80.6
S45G01N204,2024-2025,20250303,305,away,35,10,0,10,7,17,2,21,10,16,7,0,0,9,6,0,0,37,17,7,4,47,46,3,0,8,1200,0,0,0,8,-7.036179581460814,57.373046875,55.4054054054054,48,16.33986928104575,41.1764705882353,66.66666666666667,58.8235294117647,1.25,3,10,9,80.6,70,10,3,10,4,14,3,18,12,15,6,0,0,6,4,5,12,33,18,10,4,46,39,6,1,7,1200,0,0,0,8,7.036179581460814,64.53423120089786,63.63636363636363,57,16.416510318949342,28.571428571428573,66.66666666666667,55.55555555555556,1.4285714285714286,3,10,3,80.6
S45G01N204,2024-2025,20250303,306,away,35,10,0,10,7,17,2,21,10,16,7,0,0,9,6,0,0,37,17,7,4,47,46,3,0,8,1200,0,0,0,8,-7.036179581460814,57.373046875,55.4054054054054,48,16.33986928104575,41.1764705882353,66.66666666666667,58.8235294117647,1.25,3,10,9,80.6,70,10,3,10,4,14,3,18,12,15,6,0,0,6,4,5,12,33,18,10,4,46,39,6,1,7,1200,0,0,0,8,7.036179581460814,64.53423120089786,63.63636363636363,57,16.416510318949342,28.571428571428573,66.66666666666667,55.55555555555556,1.4285714285714286,3,10,3,80.6
S45G01N204,2024-2025,20250303,307,away,35,10,0,10,7,17,2,21,10,16,7,0,0,9,6,0,0,37,17,7,4,47,46,3,0,8,1200,0,0,0,8,-7.036179581460814,57.373046875,55.4054054054054,48,16.33986928104575,41.1764705882353,66.66666666666667,58.8235294117647,1.25,3,10,9,80.6,70,10,3,10,4,14,3,18,12,15,6,0,0,6,4,5,12,33,18,10,4,46,39,6,1,7,1200,0,0,0,8,7.036179581460814,64.53423120089786,63.63636363636363,57,16.416510318949342,28.571428571428573,66.66666666666667,55.55555555555556,1.4285714285714286,3,10,3,80.6
S45G01N204,2024-2025,20250303,308,away,35,10,0,10,7,17,2,21,10,16,7,0,0,9,6,0,0,37,17,7,4,47,46,3,0,8,1200,0,0,0,8,-7.036179581460814,57.373046875,55.4054054054054,48,16.33986928104575,41.1764705882353,66.66666666666667,58.8235294117647,1.25,3,10,9,80.6,70,10,3,10,4,14,3,18,12,15,6,0,0,6,4,5,12,33,18,10,4,46,39,6,1,7,1200,0,0,0,8,7.036179581460814,64.53423120089786,63.63636363636363,57,16.416510318949342,28.571428571428573,66.66666666666667,55.55555555555556,1.4285714285714286,3,10,3,80.6
S45G01N204,2024-2025,20250303,309,away,35,10,0,10,7,17,2,21,10,16,7,0,0,9,6,0,0,37,17,7,4,47,46,3,0,8,1200,0,0,0,8,-7.036179581460814,57.373046875,55.4054054054054,48,16.33986928104575,41.1764705882353,66.66666666666667,58.8235294117647,1.25,3,10,9,80.6,70,10,3,10,4,14,3,18,12,15,6,0,0,6,4,5,12,33,18,10,4,46,39,6,1,7,1200,0,0,0,8,7.036179581460814,64.53423120089786,63.63636363636363,57,16.416510318949342,28.571428571428573,66.66666666666667,55.55555555555556,1.4285714285714286,3,10,3,80.6
S45G01N204,2024-2025,20250303,310,away,35,10,0,10,7,17,2,21,10,16,7,0,0,9,6,0,0,37,17,7,4,47,46,3,0,8,1200,0,0,0,8,-7.036179581460814,57.373046875,55.4054054054054,48,16.33986928104575,41.1764705882353,66.66666666666667,58.8235294117647,1.25,3,10,9,80.6,70,10,3,10,4,14,3,18,12,15,6,0,0,6,4,5,12,33,18,10,4,46,39,6,1,7,1200,0,0,0,8,7.036179581460814,64.53423120089786,63.63636363636363,57,16.416510318949342,28.571428571428573,66.66666666666667,55.55555555555556,1.4285714285714286,3,10,3,80.6
S45G01N204,2024-2025,20250303,311,away,35,10,0,10,7,17,2,21,10,16,7,0,0,9,6,0,0,37,17,7,4,47,46,3,0,8,1200,0,0,0,8,-7.036179581460814,57.373046875,55.4054054054054,48,16.33986928104575,41.1764705882353,66.66666666666667,58.8235294117647,1.25,3,10,9,80.6,70,10,3,10,4,14,3,18,12,15,6,0,0,6,4,5,12,33,18,10,4,46,39,6,1,7,1200,0,0,0,8,7.036179581460814,64.53423120089786,63.63636363636363,57,16.416510318949342,28.571428571428573,66.66666666666667,55.55555555555556,1.4285714285714286,3,10,3,80.6
S45G01N204,2024-2025,20250303,312,away,35,10,0,10,7,17,2,21,10,16,7,0,0,9,6,0,0,37,17,7,4,47,46,3,0,8,1200,0,0,0,8,-7.036179581460814,57.373046875,55.4054054054054,48,16.33986928104575,41.1764705882353,66.66666666666667,58.8235294117647,1.25,3,10,9,80.6,70,10,3,10,4,14,3,18,12,15,6,0,0,6,4,5,12,33,18,10,4,46,39,6,1,7,1200,0,0,0,8,7.036179581460814,64.53423120089786,63.63636363636363,57,16.416510318949342,28.571428571428573,66.66666666666667,55.55555555555556,1.4285714285714286,3,10,3,80.6
S45G01N204,2024-2025,20250303,313,away,35,10,0,10,7,17,2,21,10,16,7,0,0,9,6,0,0,37,17,7,4,47,46,3,0,8,1200,0,0,0,8,-7.036179581460814,57.373046875,55.4054054054054,48,16.33986928104575,41.1764705882353,66.66666666666667,58.8235294117647,1.25,3,10,9,80.6,70,10,3,10,4,14,3,18,12,15,6,0,0,6,4,5,12,33,18,10,4,46,39,6,1,7,1200,0,0,0,8,7.036179581460814,64.53423120089786,63.63636363636363,57,16.416510318949342,28.571428571428573,66.66666666666667,55.55555555555556,1.4285714285714286,3,10,3,80.6
S45G01N204,2024-2025,20250303,314,away,35,10,0,10,7,17,2,21,10,16,7,0,0,9,6,0,0,37,17,7,4,47,46,3,0,8,1200,0,0,0,8,-7.036179581460814,57.373046875,55.4054054054054,48,16.33986928104575,41.1764705882353,66.66666666666667,58.8235294117647,1.25,3,10,9,80.6,70,10,3,10,4,14,3,18,12,15,6,0,0,6,4,5,12,33,18,10,4,46,39,6,1,7,1200,0,0,0,8,7.036179581460814,64.53423120089786,63.63636363636363,57,16.416510318949342,28.571428571428573,66.66666666666667,55.55555555555556,1.4285714285714286,3,10,3,80.6
S45G01N204,2024-2025,20250303,315,away,35,10,0,10,7,17,2,21,10,16,7,0,0,9,6,0,0,37,17,7,4,47,46,3,0,8,1200,0,0,0,8,-7.036179581460814,57.373046875,55.4054054054054,48,16.33986928104575,41.1764705882353,66.66666666666667,58.8235294117647,1.25,3,10,9,80.6,70,10,3,10,4,14,3,18,12,15,6,0,0,6,4,5,12,33,18,10,4,46,39,6,1,7,1200,0,0,0,8,7.036179581460814,64.53423120089786,63.63636363636363,57,16.416510318949342,28.571428571428573,66.66666666666667,55.55555555555556,1.4285714285714286,3,10,3,80.6
S45G01N204,2024-2025,20250303,316,away,35,10,0,10,7,17,2,21,10,16,7,0,0,9,6,0,0,37,17,7,4,47,46,3,0,8,1200,0,0,0,8,-7.036179581460814,57.373046875,55.4054054054054,48,16.33986928104575,41.1764705882353,66.66666666666667,58.8235294117647,1.25,3,10,9,80.6,70,10,3,10,4,14,3,18,12,15,6,0,0,6,4,5,12,33,18,10,4,46,39,6,1,7,1200,0,0,0,8,7.036179581460814,64.53423120089786,63.63636363636363,57,16.416510318949342,28.571428571428573,66.66666666666667,55.55555555555556,1.4285714285714286,3,10,3,80.6
S45G01N204,2024-2025,20250303,317,away,35,10,0,10,7,17,2,21,10,16,7,0,0,9,6,0,0,37,17,7,4,47,46,3,0,9,1209,0,0,0,9,-9.643522213354615,57.373046875,55.4054054054054,47,18.014411529223377,41.1764705882353,66.66666666666667,58.8235294117647,1.1111111111111112,3,10,9,80.9925558312655,70,10,3,10,4,14,3,18,12,15,6,0,0,6,4,5,12,33,18,10,4,46,39,6,1,7,1209,0,0,0,8,9.643522213354615,64.53423120089786,63.63636363636363,57,16.416510318949342,28.571428571428573,66.66666666666667,55.55555555555556,1.4285714285714286,3,10,3,80.9925558312655
S45G01N204,2024-2025,20250303,318,away,35,10,0,10,7,17,2,21,10,16,7,0,0,9,6,0,0,37,17,8,5,47,46,3,0,9,1222,0,0,0,9,-9.643522213354615,57.373046875,55.4054054054054,47,18.014411529223377,41.1764705882353,66.66666666666667,58.8235294117647,1.1111111111111112,3,10,9,80.13093289689034,70,10,3,10,4,14,3,18,12,15,6,0,0,6,4,5,12,33,18,10,4,46,39,6,1,7,1222,0,0,0,8,9.643522213354615,64.53423120089786,63.63636363636363,57,16.416510318949342,28.571428571428573,66.66666666666667,55.55555555555556,1.4285714285714286,3,10,3,80.13093289689034
S45G01N204,2024-2025,20250303,319,away,35,10,0,10,7,17,2,21,10,16,7,0,0,9,6,0,0,37,17,8,5,47,46,3,0,9,1222,0,0,0,9,-9.643522213354615,57.373046875,55.4054054054054,47,18.014411529223377,41.1764705882353,66.66666666666667,58.8235294117647,1.1111111111111112,3,10,9,80.13093289689034,70,10,3,10,4,14,3,18,12,15,6,0,0,6,4,5,12,33,18,10,4,46,39,6,1,7,1222,0,0,0,8,9.643522213354615,64.53423120089786,63.63636363636363,57,16.416510318949342,28.571428571428573,66.66666666666667,55.55555555555556,1.4285714285714286,3,10,3,80.13093289689034
S45G01N204,2024-2025,20250303,320,away,35,10,0,10,7,17,2,21,10,16,7,0,0,9,6,0,0,37,17,8,5,47,46,3,0,9,1230,0,0,0,9,-14.208415779257251,57.373046875,55.4054054054054,47,18.014411529223377,41.1764705882353,66.66666666666667,58.8235294117647,1.1111111111111112,3,11,9,80.58536585365853,70,10,3,10,4,14,3,18,12,16,7,0,0,6,4,5,12,34,19,10,4,49,40,6,1,7,1230,0,0,0,8,14.208415779257251,66.86681222707423,66.17647058823529,60,16.040329972502292,28.571428571428573,66.66666666666667,52.63157894736842,1.4285714285714286,3,11,3,80.58536585365853
S45G01N204,2024-2025,20250303,321,away,35,10,0,10,7,17,2,21,10,16,7,0,0,9,6,0,0,37,17,8,5,47,46,3,0,9,1230,0,0,0,9,-14.208415779257251,57.373046875,55.4054054054054,47,18.014411529223377,41.1764705882353,66.66666666666667,58.8235294117647,1.1111111111111112,3,11,9,80.58536585365853,70,11,3,10,4,14,3,18,12,16,7,0,0,6,4,5,12,34,19,10,4,49,40,6,1,7,1230,0,0,0,8,14.208415779257251,66.86681222707423,66.17647058823529,61,16.040329972502292,28.571428571428573,66.66666666666667,57.89473684210526,1.5714285714285714,3,11,3,80.58536585365853
S45G01N204,2024-2025,20250303,322,away,35,10,0,10,7,17,2,22,10,16,7,0,0,9,6,0,0,38,17,8,5,47,47,3,0,9,1254,0,0,0,9,-16.697134997507135,56.00571973307912,53.94736842105263,46,17.660910518053374,41.1764705882353,66.66666666666667,58.8235294117647,1.1111111111111112,3,11,9,80.0,70,11,3,10,4,14,3,18,12,16,7,0,0,6,4,5,12,34,19,10,4,49,40,6,1,7,1254,0,0,0,8,16.697134997507135,66.86681222707423,66.17647058823529,61,16.040329972502292,28.571428571428573,66.66666666666667,57.89473684210526,1.5714285714285714,3,11,3,80.0
S45G01N204,2024-2025,20250303,323,away,35,10,0,10,7,17,2,22,10,16,7,0,0,9,6,0,0,38,17,8,5,47,47,3,0,9,1255,0,0,0,9,-16.697134997507135,56.00571973307912,53.94736842105263,46,17.660910518053374,38.888888888888886,66.66666666666667,58.8235294117647,1.1111111111111112,3,11,9,79.93625498007968,70,11,3,11,4,15,3,18,12,16,7,0,0,6,4,5,12,34,19,10,4,49,40,6,1,7,1255,0,0,0,8,16.697134997507135,66.86681222707423,66.17647058823529,62,16.040329972502292,28.571428571428573,66.66666666666667,57.89473684210526,1.5714285714285714,3,11,3,79.93625498007968
S45G01N204,2024-2025,20250303,324,away,35,10,0,10,7,17,2,22,10,16,7,0,0,9,6,0,0,38,17,9,6,47,47,3,0,9,1256,0,0,0,9,-16.697134997507135,56.00571973307912,53.94736842105263,46,17.660910518053374,38.888888888888886,66.66666666666667,58.8235294117647,1.1111111111111112,3,11,9,79.87261146496814,70,11,3,11,4,15,3,18,12,16,7,0,0,6,4,5,12,34,19,10,4,49,40,6,1,7,1256,0,0,0,8,16.697134997507135,66.86681222707423,66.17647058823529,62,16.040329972502292,28.571428571428573,66.66666666666667,57.89473684210526,1.5714285714285714,3,11,3,79.87261146496814
S45G01N204,2024-2025,20250303,325,away,35,10,0,10,7,17,2,22,10,16,7,0,0,9,6,0,0,38,17,9,6,47,47,3,0,9,1256,0,0,0,9,-16.697134997507135,56.00571973307912,53.94736842105263,46,17.660910518053374,38.888888888888886,66.66666666666667,58.8235294117647,1.1111111111111112,3,11,9,79.87261146496814,70,11,3,11,4,15,3,18,12,16,7,0,0,6,4,5,12,34,19,10,4,49,40,6,1,7,1256,0,0,0,8,16.697134997507135,66.86681222707423,66.17647058823529,62,16.040329972502292,28.571428571428573,66.66666666666667,57.89473684210526,1.5714285714285714,3,11,3,79.87261146496814
S45G01N204,2024-2025,20250303,326,away,35,10,0,10,7,17,2,22,10,16,7,0,0,9,6,0,0,38,17,9,6,47,47,3,0,9,1263,0,0,0,9,-13.655488525717729,56.00571973307912,53.94736842105263,46,17.660910518053374,38.888888888888886,66.66666666666667,58.8235294117647,1.1111111111111112,3,11,9,80.38004750593824,70,11,3,11,4,15,3,18,12,16,7,0,0,6,4,5,12,34,19,10,4,49,40,6,1,8,1263,0,0,0,9,13.655488525717729,66.86681222707423,66.17647058823529,61,17.921146953405017,28.571428571428573,66.66666666666667,57.89473684210526,1.375,3,11,3,80.38004750593824
S45G01N204,2024-2025,20250303,327,away,35,10,0,10,7,17,2,22,10,16,7,0,0,9,6,0,0,38,17,9,6,47,47,4,0,9,1264,0,0,0,9,-13.655488525717729,56.00571973307912,53.94736842105263,47,17.660910518053374,38.888888888888886,66.66666666666667,58.8235294117647,1.1111111111111112,3,11,9,80.31645569620252,70,11,3,11,4,15,3,18,12,16,7,0,0,6,4,5,12,34,19,10,4,49,40,6,1,8,1264,0,0,0,9,13.655488525717729,66.86681222707423,66.17647058823529,61,17.921146953405017,28.571428571428573,66.66666666666667,57.89473684210526,1.375,3,11,3,80.31645569620252
S45G01N204,2024-2025,20250303,328,away,35,10,0,10,7,17,2,22,10,16,7,0,0,9,6,0,0,38,17,9,6,47,47,4,0,9,1265,0,0,0,9,-13.655488525717729,56.00571973307912,53.94736842105263,47,17.660910518053374,38.888888888888886,66.66666666666667,58.8235294117647,1.1111111111111112,3,11,9,80.25296442687747,70,11,3,11,4,15,3,18,12,16,7,0,0,6,4,5,12,34,19,11,5,49,40,6,1,8,1265,0,0,0,9,13.655488525717729,66.86681222707423,66.17647058823529,61,17.921146953405017,28.571428571428573,66.66666666666667,57.89473684210526,1.375,3,11,3,80.25296442687747
S45G01N204,2024-2025,20250303,329,away,35,10,0,10,7,17,2,22,10,16,7,0,0,9,6,0,0,38,17,9,6,47,47,4,0,9,1265,0,0,0,9,-13.655488525717729,56.00571973307912,53.94736842105263,47,17.660910518053374,38.888888888888886,66.66666666666667,58.8235294117647,1.1111111111111112,3,11,9,80.25296442687747,70,11,3,11,4,15,3,18,12,16,7,0,0,6,4,5,12,34,19,11,5,49,40,6,1,8,1265,0,0,0,9,13.655488525717729,66.86681222707423,66.17647058823529,61,17.921146953405017,28.571428571428573,66.66666666666667,57.89473684210526,1.375,3,11,3,80.25296442687747
S45G01N204,2024-2025,20250303,330,away,35,10,0,10,7,17,2,22,10,17,7,0,0,9,6,0,0,39,17,9,6,47,48,4,0,9,1281,0,0,0,9,-16.033499593689584,54.70204841713222,52.56410256410256,46,17.321016166281755,38.888888888888886,66.66666666666667,58.8235294117647,1.1111111111111112,3,11,9,80.18735362997658,70,11,3,11,4,15,3,18,12,16,7,0,0,6,4,5,12,34,19,11,5,49,40,6,1,8,1281,0,0,0,9,16.033499593689584,66.86681222707423,66.17647058823529,61,17.921146953405017,28.571428571428573,66.66666666666667,57.89473684210526,1.375,3,11,3,80.18735362997658
S45G01N204,2024-2025,20250303,331,away,35,10,0,10,7,17,2,22,10,17,7,0,0,9,6,0,0,39,17,9,6,47,48,4,0,9,1282,0,0,0,9,-16.033499593689584,54.70204841713222,52.56410256410256,46,17.321016166281755,36.8421052631579,66.66666666666667,58.8235294117647,1.1111111111111112,3,11,9,80.12480499219969,70,11,3,12,4,16,3,18,12,16,7,0,0,6,4,5,12,34,19,11,5,49,40,6,1,8,1282,0,0,0,9,16.033499593689584,66.86681222707423,66.17647058823529,62,17.921146953405017,28.571428571428573,66.66666666666667,57.89473684210526,1.375,3,11,3,80.12480499219969
S45G01N204,2024-2025,20250303,332,away,35,10,0,10,7,17,2,22,10,17,7,0,0,9,6,0,0,39,17,9,6,47,48,4,0,9,1296,0,0,0,9,-13.137945651765179,54.70204841713222,52.56410256410256,46,17.321016166281755,36.8421052631579,66.66666666666667,58.8235294117647,1.1111111111111112,3,11,9,80.18518518518518,70,11,3,12,4,16,3,18,12,17,7,0,0,6,4,5,12,35,19,11,5,49,41,6,1,8,1296,0,0,0,9,13.137945651765179,65.0903294367694,64.28571428571429,61,17.5284837861525,28.571428571428573,66.66666666666667,57.89473684210526,1.375,3,11,3,80.18518518518518
S45G01N204,2024-2025,20250303,333,away,35,10,0,10,7,17,2,22,10,17,7,0,0,9,6,0,0,39,17,9,6,47,48,4,0,9,1298,0,0,0,9,-16.033499593689584,54.70204841713222,52.56410256410256,46,17.321016166281755,36.8421052631579,66.66666666666667,58.8235294117647,1.1111111111111112,3,11,9,79.13713405238829,70,11,3,12,5,17,3,18,12,17,7,0,0,6,4,5,12,35,19,11,5,49,41,6,1,8,1298,0,0,0,9,16.033499593689584,65.0903294367694,64.28571428571429,62,17.5284837861525,33.333333333333336,66.66666666666667,57.89473684210526,1.375,3,11,3,79.13713405238829
S45G01N204,2024-2025,20250303,334,away,35,10,0,10,7,17,2,22,10,17,7,0,0,9,6,0,0,39,17,9,6,47,48,4,0,9,1312,0,0,0,9,-13.137945651765179,54.70204841713222,52.56410256410256,46,17.321016166281755,36.8421052631579,66.66666666666667,58.8235294117647,1.1111111111111112,3,11,9,79.20731707317073,70,11,3,12,5,17,3,18,12,18,7,0,0,6,4,5,12,36,19,11,5,49,42,6,1,8,1312,0,0,0,9,13.137945651765179,63.405797101449274,62.5,61,17.152658662092623,33.333333333333336,66.66666666666667,57.89473684210526,1.375,3,11,3,79.20731707317073
S45G01N204,2024-2025,20250303,335,away,35,10,0,10,7,17,3,22,10,17,7,0,0,9,6,0,0,39,17,9,6,47,48,4,0,9,1313,0,0,0,9,-13.137945651765179,54.70204841713222,52.56410256410256,47,17.321016166281755,36.8421052631579,66.66666666666667,58.8235294117647,1.1111111111111112,3,11,9,79.14699162223914,70,11,3,12,5,17,3,18,12,18,7,0,0,6,4,5,12,36,19,11,5,49,42,6,1,8,1313,0,0,0,9,13.137945651765179,63.405797101449274,62.5,61,17.152658662092623,33.333333333333336,66.66666666666667,57.89473684210526,1.375,3,11,3,79.14699162223914
S45G01N204,2024-2025,20250303,336,away,35,10,0,10,7,17,3,23,10,17,7,0,0,9,6,0,0,40,17,9,6,47,49,4,0,9,1328,0,0,0,9,-15.412474950025455,53.457688808007276,51.25,46,16.993957703927492,36.8421052631579,66.66666666666667,58.8235294117647,1.1111111111111112,3,11,9,79.1566265060241,70,11,3,12,5,17,3,18,12,18,7,0,0,6,4,5,12,36,19,11,5,49,42,6,1,8,1328,0,0,0,9,15.412474950025455,63.405797101449274,62.5,61,17.152658662092623,33.333333333333336,66.66666666666667,57.89473684210526,1.375,3,11,3,79.1566265060241
S45G01N204,2024-2025,20250303,337,away,35,10,0,10,7,17,3,23,10,17,7,0,0,9,6,0,0,40,17,9,6,47,49,4,0,9,1329,0,0,0,9,-15.412474950025455,53.457688808007276,51.25,46,16.993957703927492,35.0,66.66666666666667,58.8235294117647,1.1111111111111112,3,11,9,79.09706546275395,70,11,3,13,5,18,3,18,12,18,7,0,0,6,4,5,12,36,19,11,5,49,42,6,1,8,1329,0,0,0,9,15.412474950025455,63.405797101449274,62.5,62,17.152658662092623,33.333333333333336,66.66666666666667,57.89473684210526,1.375,3,11,3,79.09706546275395
S45G01N204,2024-2025,20250303,338,away,35,10,0,10,7,17,3,23,10,17,7,0,0,9,6,0,0,40,17,9,6,47,49,4,0,9,1347,0,0,0,9,-17.343166502562795,53.457688808007276,51.25,46,16.993957703927492,35.0,66.66666666666667,58.8235294117647,1.1111111111111112,5,11,9,78.93095768374165,70,11,3,13,5,18,3,19,13,18,7,0,0,6,4,5,12,37,20,11,5,51,43,6,1,8,1347,0,0,0,9,17.343166502562795,64.32896064581232,63.513513513513516,64,16.79261125104954,33.333333333333336,66.66666666666667,55.0,1.375,5,11,4,78.93095768374165
S45G01N204,2024-2025,20250303,339,away,35,10,0,10,7,17,3,24,11,17,7,0,0,9,6,0,0,41,18,9,6,49,50,4,0,9,1378,0,0,0,9,-15.261881094764306,54.49288256227758,52.4390243902439,48,16.679021497405486,35.0,66.66666666666667,55.55555555555556,1.1111111111111112,2,11,9,78.02612481857764,70,11,3,13,5,18,3,19,13,18,7,0,0,6,4,5,12,37,20,11,5,51,43,6,1,8,1378,0,0,0,9,15.261881094764306,64.32896064581232,63.513513513513516,64,16.79261125104954,33.333333333333336,66.66666666666667,55.0,1.375,2,11,4,78.02612481857764
S45G01N204,2024-2025,20250303,340,away,35,11,0,10,7,17,3,24,11,17,7,0,0,9,6,0,0,41,18,9,6,49,50,4,0,9,1378,0,0,0,9,-15.261881094764306,54.49288256227758,52.4390243902439,49,16.679021497405486,35.0,66.66666666666667,61.111111111111114,1.2222222222222223,2,11,9,78.02612481857764,70,11,3,13,5,18,3,19,13,18,7,0,0,6,4,5,12,37,20,11,5,51,43,6,1,8,1378,0,0,0,9,15.261881094764306,64.32896064581232,63.513513513513516,64,16.79261125104954,33.333333333333336,66.66666666666667,55.0,1.375,2,11,4,78.02612481857764
S45G01N204,2024-2025,20250303,341,away,35,11,0,10,7,17,3,24,11,17,7,0,0,9,6,0,0,41,18,9,6,49,50,4,0,9,1395,0,0,0,9,-12.521138570650066,54.49288256227758,52.4390243902439,49,16.679021497405486,35.0,66.66666666666667,61.111111111111114,1.2222222222222223,2,11,9,77.93548387096774,70,11,3,13,5,18,3,19,13,19,7,0,0,6,4,5,12,38,20,11,5,51,44,6,1,8,1395,0,0,0,9,12.521138570650066,62.746062992125985,61.8421052631579,63,16.44736842105263,33.333333333333336,66.66666666666667,55.0,1.375,2,11,4,77.93548387096774
S45G01N204,2024-2025,20250303,342,away,35,11,0,11,7,18,3,24,11,17,7,0,0,9,6,0,0,41,18,9,6,49,50,4,0,9,1396,0,0,0,9,-12.521138570650066,54.49288256227758,52.4390243902439,50,16.679021497405486,35.0,66.66666666666667,61.111111111111114,1.2222222222222223,2,11,9,77.87965616045844,70,11,3,13,5,18,3,19,13,19,7,0,0,6,4,5,12,38,20,11,5,51,44,6,1,8,1396,0,0,0,9,12.521138570650066,62.746062992125985,61.8421052631579,63,16.44736842105263,31.25,66.66666666666667,55.0,1.375,2,11,4,77.87965616045844
S45G01N204,2024-2025,20250303,343,away,35,11,0,11,7,18,3,24,11,17,7,0,0,9,6,0,0,41,18,9,6,49,50,4,0,9,1397,0,0,0,9,-12.521138570650066,54.49288256227758,52.4390243902439,50,16.679021497405486,35.0,66.66666666666667,61.111111111111114,1.2222222222222223,2,11,9,77.82390837508947,70,11,3,13,5,18,3,19,13,19,7,0,0,6,4,5,12,38,20,12,6,51,44,6,1,8,1397,0,0,0,9,12.521138570650066,62.746062992125985,61.8421052631579,63,16.44736842105263,31.25,66.66666666666667,55.0,1.375,2,11,4,77.82390837508947
S45G01N204,2024-2025,20250303,344,away,35,11,0,11,7,18,3,24,11,17,7,0,0,9,6,0,0,41,18,9,6,49,50,4,0,9,1397,0,0,0,9,-12.521138570650066,54.49288256227758,52.4390243902439,50,16.679021497405486,35.0,66.66666666666667,61.111111111111114,1.2222222222222223,2,11,9,77.82390837508947,70,11,3,13,5,18,3,19,13,19,7,0,0,6,4,5,12,38,20,12,6,51,44,6,1,8,1397,0,0,0,9,12.521138570650066,62.746062992125985,61.8421052631579,63,16.44736842105263,31.25,66.66666666666667,55.0,1.375,2,11,4,77.82390837508947
S45G01N204,2024-2025,20250303,345,away,35,11,0,11,7,18,3,24,11,18,8,0,0,9,6,0,0,42,19,9,6,52,51,4,0,9,1407,0,0,0,9,-8.441574822893202,56.570931244560484,54.76190476190476,53,16.375545851528383,35.0,66.66666666666667,57.89473684210526,1.2222222222222223,5,12,9,78.12366737739872,70,11,3,13,5,18,3,19,13,19,7,0,0,6,4,5,12,38,20,12,6,51,44,6,1,8,1407,0,0,0,9,8.441574822893202,62.746062992125985,61.8421052631579,63,16.44736842105263,31.25,66.66666666666667,55.0,1.375,5,12,4,78.12366737739872
S45G01N204,2024-2025,20250303,346,away,35,12,0,11,7,18,3,24,11,18,8,0,0,9,6,0,0,42,19,9,6,52,51,4,0,9,1407,0,0,0,9,-8.441574822893202,56.570931244560484,54.76190476190476,54,16.375545851528383,35.0,66.66666666666667,63.1578947368421,1.3333333333333333,5,12,9,78.12366737739872,70,11,3,13,5,18,3,19,13,19,7,0,0,6,4,5,12,38,20,12,6,51,44,6,1,8,1407,0,0,0,9,8.441574822893202,62.746062992125985,61.8421052631579,63,16.44736842105263,31.25,66.66666666666667,55.0,1.375,5,12,4,78.12366737739872
S45G01N204,2024-2025,20250303,347,away,35,12,0,11,7,18,3,24,11,18,8,0,0,9,6,0,0,42,19,9,6,52,51,4,0,9,1432,0,0,0,9,-5.823625422619216,56.570931244560484,54.76190476190476,54,16.375545851528383,35.0,66.66666666666667,63.1578947368421,1.3333333333333333,5,12,9,77.59776536312849,70,11,3,13,5,18,3,19,13,19,7,0,0,6,4,5,12,38,20,12,6,51,44,6,1,9,1432,0,0,0,10,5.823625422619216,62.746062992125985,61.8421052631579,62,18.13053988718775,31.25,66.66666666666667,55.0,1.2222222222222223,5,12,4,77.59776536312849
S45G01N204,2024-2025,20250303,348,away,35,12,0,11,7,18,3,24,11,18,8,0,0,9,6,0,0,42,19,9,6,52,51,5,0,9,1433,0,0,0,9,-5.823625422619216,56.570931244560484,54.76190476190476,55,16.375545851528383,35.0,66.66666666666667,63.1578947368421,1.3333333333333333,5,12,9,77.54361479413816,70,11,3,13,5,18,3,19,13,19,7,0,0,6,4,5,12,38,20,12,6,51,44,6,1,9,1433,0,0,0,10,5.823625422619216,62.746062992125985,61.8421052631579,62,18.13053988718775,31.25,66.66666666666667,55.0,1.2222222222222223,5,12,4,77.54361479413816
S45G01N204,2024-2025,20250303,349,away,35,12,0,11,7,18,3,25,12,18,8,0,0,9,6,0,0,43,20,9,6,54,52,5,0,9,1439,0,0,0,9,-3.9531941808981657,57.49574105621806,55.81395348837209,57,16.082916368834884,35.0,66.66666666666667,60.0,1.3333333333333333,7,12,9,78.0542043085476,70,11,3,13,5,18,3,19,13,19,7,0,0,6,4,5,12,38,20,12,6,51,44,6,1,9,1439,0,0,0,10,3.9531941808981657,62.746062992125985,61.8421052631579,62,18.13053988718775,31.25,66.66666666666667,55.0,1.2222222222222223,7,12,4,78.0542043085476
S45G01N204,2024-2025,20250303,350,away,35,12,0,11,7,18,3,25,12,18,8,0,0,9,6,1,2,43,20,9,6,54,52,5,0,9,1439,0,0,0,9,-3.9531941808981657,57.49574105621806,55.81395348837209,57,16.082916368834884,35.0,66.66666666666667,60.0,1.3333333333333333,7,12,9,78.0542043085476,70,11,3,13,5,18,3,19,13,19,7,0,0,6,4,5,12,38,20,12,6,51,44,6,1,9,1439,0,0,0,10,3.9531941808981657,62.746062992125985,61.8421052631579,62,18.13053988718775,31.25,66.66666666666667,55.0,1.2222222222222223,7,12,4,78.0542043085476
S45G01N204,2024-2025,20250303,351,away,35,12,0,11,7,18,3,25,12,18,8,0,0,9,6,1,2,43,20,9,6,54,52,5,0,9,1439,0,0,0,9,-3.9531941808981657,57.49574105621806,55.81395348837209,57,16.082916368834884,35.0,66.66666666666667,60.0,1.3333333333333333,7,12,9,78.0542043085476,70,11,3,13,5,18,3,19,13,19,7,0,0,6,4,5,12,38,20,12,6,51,44,6,1,9,1439,0,0,0,10,3.9531941808981657,62.746062992125985,61.8421052631579,62,18.13053988718775,31.25,66.66666666666667,55.0,1.2222222222222223,7,12,4,78.0542043085476
S45G01N204,2024-2025,20250303,352,away,35,12,0,11,7,18,3,25,12,18,8,0,0,9,6,1,2,43,20,9,6,54,52,5,0,9,1439,0,0,0,9,-3.9531941808981657,57.49574105621806,55.81395348837209,57,16.082916368834884,35.0,66.66666666666667,60.0,1.3333333333333333,7,12,9,78.0542043085476,70,11,3,13,5,18,3,19,13,19,7,0,0,6,4,5,12,38,20,12,6,51,44,6,1,9,1439,0,0,0,10,3.9531941808981657,62.746062992125985,61.8421052631579,62,18.13053988718775,31.25,66.66666666666667,55.0,1.2222222222222223,7,12,4,78.0542043085476
S45G01N204,2024-2025,20250303,353,away,35,12,0,11,7,18,3,25,12,18,8,0,0,9,6,1,2,43,20,9,6,54,52,5,0,9,1439,0,0,0,9,-3.9531941808981657,57.49574105621806,55.81395348837209,57,16.082916368834884,35.0,66.66666666666667,60.0,1.3333333333333333,7,12,9,78.0542043085476,70,11,3,13,5,18,3,19,13,19,7,0,0,6,4,5,12,38,20,12,6,51,44,6,1,9,1439,0,0,0,10,3.9531941808981657,62.746062992125985,61.8421052631579,62,18.13053988718775,31.25,66.66666666666667,55.0,1.2222222222222223,7,12,4,78.0542043085476
S45G01N204,2024-2025,20250303,354,away,35,12,0,11,7,18,3,25,12,18,8,0,0,9,6,1,2,43,20,9,6,54,52,5,0,9,1455,0,0,0,9,-8.023147909470538,57.49574105621806,55.81395348837209,57,16.082916368834884,35.0,66.66666666666667,60.0,1.3333333333333333,3,12,9,78.02061855670102,70,11,3,13,5,18,3,19,13,20,8,0,0,6,4,5,12,39,21,12,6,54,45,6,1,9,1455,0,0,0,10,8.023147909470538,64.8414985590778,64.1025641025641,65,17.77251184834123,31.25,66.66666666666667,52.38095238095238,1.2222222222222223,3,12,4,78.02061855670102
S45G01N204,2024-2025,20250303,355,away,35,12,0,11,7,18,3,25,12,18,8,0,0,9,6,1,2,43,20,9,6,54,52,5,0,9,1455,0,0,0,9,-8.023147909470538,57.49574105621806,55.81395348837209,57,16.082916368834884,35.0,66.66666666666667,60.0,1.3333333333333333,3,12,9,78.02061855670102,70,12,3,13,5,18,3,19,13,20,8,0,0,6,4,5,12,39,21,12,6,54,45,6,1,9,1455,0,0,0,10,8.023147909470538,64.8414985590778,64.1025641025641,66,17.77251184834123,31.25,66.66666666666667,57.142857142857146,1.3333333333333333,3,12,4,78.02061855670102
S45G01N204,2024-2025,20250303,356,away,35,12,0,11,7,18,3,26,12,18,8,0,0,9,6,1,2,44,20,9,6,54,53,5,0,9,1473,0,0,0,9,-10.230796381189094,56.29691409507923,54.54545454545455,56,15.800561797752808,35.0,66.66666666666667,60.0,1.3333333333333333,3,12,9,77.88187372708758,70,12,3,13,5,18,3,19,13,20,8,0,0,6,4,5,12,39,21,12,6,54,45,6,1,9,1473,0,0,0,10,10.230796381189094,64.8414985590778,64.1025641025641,66,17.77251184834123,31.25,66.66666666666667,57.142857142857146,1.3333333333333333,3,12,4,77.88187372708758
S45G01N204,2024-2025,20250303,357,away,35,12,0,11,7,18,3,26,12,18,8,0,0,9,6,1,2,44,20,9,6,54,53,5,0,9,1474,0,0,0,9,-10.230796381189094,56.29691409507923,54.54545454545455,56,15.800561797752808,33.333333333333336,66.66666666666667,60.0,1.3333333333333333,3,12,9,77.82903663500677,70,12,3,14,5,19,3,19,13,20,8,0,0,6,4,5,12,39,21,12,6,54,45,6,1,9,1474,0,0,0,10,10.230796381189094,64.8414985590778,64.1025641025641,67,17.77251184834123,31.25,66.66666666666667,57.142857142857146,1.3333333333333333,3,12,4,77.82903663500677
S45G01N204,2024-2025,20250303,358,away,35,12,0,11,7,18,3,26,12,18,8,0,0,9,6,1,2,44,20,10,7,54,53,5,0,9,1478,0,0,0,9,-10.230796381189094,56.29691409507923,54.54545454545455,56,15.800561797752808,33.333333333333336,66.66666666666667,60.0,1.3333333333333333,3,12,9,77.61840324763193,70,12,3,14,5,19,3,19,13,20,8,0,0,6,4,5,12,39,21,12,6,54,45,6,1,9,1478,0,0,0,10,10.230796381189094,64.8414985590778,64.1025641025641,67,17.77251184834123,31.25,66.66666666666667,57.142857142857146,1.3333333333333333,3,12,4,77.61840324763193
S45G01N204,2024-2025,20250303,359,away,35,12,0,11,7,18,3,26,12,18,8,0,0,9,6,1,2,44,20,10,7,54,53,5,0,9,1478,0,0,0,9,-10.230796381189094,56.29691409507923,54.54545454545455,56,15.800561797752808,33.333333333333336,66.66666666666667,60.0,1.3333333333333333,3,12,9,77.61840324763193,70,12,3,14,5,19,3,19,13,20,8,0,0,6,4,5,12,39,21,12,6,54,45,6,1,9,1478,0,0,0,10,10.230796381189094,64.8414985590778,64.1025641025641,67,17.77251184834123,31.25,66.66666666666667,57.142857142857146,1.3333333333333333,3,12,4,77.61840324763193
S45G01N204,2024-2025,20250303,360,away,35,12,0,11,7,18,3,26,12,18,8,0,0,9,6,1,2,44,20,11,8,54,53,5,0,9,1483,0,0,0,9,-10.230796381189094,56.29691409507923,54.54545454545455,56,15.800561797752808,33.333333333333336,66.66666666666667,60.0,1.3333333333333333,3,12,9,77.35670937289278,70,12,3,14,5,19,3,19,13,20,8,0,0,6,4,5,12,39,21,12,6,54,45,6,1,9,1483,0,0,0,10,10.230796381189094,64.8414985590778,64.1025641025641,67,17.77251184834123,31.25,66.66666666666667,57.142857142857146,1.3333333333333333,3,12,4,77.35670937289278
S45G01N204,2024-2025,20250303,361,away,35,12,0,11,7,18,3,26,12,18,8,0,0,9,6,1,2,44,20,11,8,54,53,5,0,9,1483,0,0,0,9,-10.230796381189094,56.29691409507923,54.54545454545455,56,15.800561797752808,33.333333333333336,66.66666666666667,60.0,1.3333333333333333,3,12,9,77.35670937289278,70,12,3,14,5,19,3,19,13,20,8,0,0,6,4,5,12,39,21,12,6,54,45,6,1,9,1483,0,0,0,10,10.230796381189094,64.8414985590778,64.1025641025641,67,17.77251184834123,31.25,66.66666666666667,57.142857142857146,1.3333333333333333,3,12,4,77.35670937289278
S45G01N204,2024-2025,20250303,362,away,35,12,0,11,7,18,3,26,12,18,8,0,0,9,6,1,2,44,20,11,8,54,53,5,0,9,1489,0,0,0,9,-7.693976793784941,56.29691409507923,54.54545454545455,56,15.800561797752808,33.333333333333336,66.66666666666667,60.0,1.3333333333333333,3,12,9,77.85090664875756,70,12,3,14,5,19,3,19,13,21,8,0,0,6,4,5,12,40,21,12,6,54,46,6,1,9,1489,0,0,0,10,7.693976793784941,63.32082551594747,62.5,66,17.428350116189,31.25,66.66666666666667,57.142857142857146,1.3333333333333333,3,12,4,77.85090664875756
S45G01N204,2024-2025,20250303,363,away,35,12,0,11,7,18,4,26,12,18,8,0,0,9,6,1,2,44,20,11,8,54,53,5,0,9,1490,0,0,0,9,-7.693976793784941,56.29691409507923,54.54545454545455,57,15.800561797752808,33.333333333333336,66.66666666666667,60.0,1.3333333333333333,3,12,9,77.7986577181208,70,12,3,14,5,19,3,19,13,21,8,0,0,6,4,5,12,40,21,12,6,54,46,6,1,9,1490,0,0,0,10,7.693976793784941,63.32082551594747,62.5,66,17.428350116189,31.25,66.66666666666667,57.142857142857146,1.3333333333333333,3,12,4,77.7986577181208
S45G01N204,2024-2025,20250303,364,away,35,12,0,11,7,18,4,26,12,18,8,0,0,9,6,1,2,44,20,11,8,54,53,5,0,9,1490,0,0,0,9,-7.693976793784941,56.29691409507923,54.54545454545455,57,15.800561797752808,33.333333333333336,66.66666666666667,60.0,1.3333333333333333,3,12,9,77.7986577181208,70,12,3,14,5,19,3,19,13,21,8,0,0,6,4,5,12,40,21,13,7,54,46,6,1,9,1490,0,0,0,10,7.693976793784941,63.32082551594747,62.5,66,17.428350116189,31.25,66.66666666666667,57.142857142857146,1.3333333333333333,3,12,4,77.7986577181208
S45G01N204,2024-2025,20250303,365,away,35,12,0,11,7,18,4,26,12,18,8,0,0,9,6,1,2,44,20,11,8,54,53,5,0,9,1490,0,0,0,9,-7.693976793784941,56.29691409507923,54.54545454545455,57,15.800561797752808,33.333333333333336,66.66666666666667,60.0,1.3333333333333333,3,12,9,77.7986577181208,70,12,3,14,5,19,3,19,13,21,8,0,0,6,4,5,12,40,21,13,7,54,46,6,1,9,1490,0,0,0,10,7.693976793784941,63.32082551594747,62.5,66,17.428350116189,31.25,66.66666666666667,57.142857142857146,1.3333333333333333,3,12,4,77.7986577181208
S45G01N204,2024-2025,20250303,366,away,35,12,0,11,7,18,4,27,12,18,8,0,0,9,6,1,2,45,20,11,8,54,54,5,0,9,1513,0,0,0,9,-9.81498286080496,55.14705882352941,53.333333333333336,56,15.527950310559007,33.333333333333336,66.66666666666667,60.0,1.3333333333333333,3,12,9,77.40912095175148,70,12,3,14,5,19,3,19,13,21,8,0,0,6,4,5,12,40,21,13,7,54,46,6,1,9,1513,0,0,0,10,9.81498286080496,63.32082551594747,62.5,66,17.428350116189,31.25,66.66666666666667,57.142857142857146,1.3333333333333333,3,12,4,77.40912095175148
S45G01N204,2024-2025,20250303,367,away,35,12,0,11,7,18,4,27,12,18,8,0,0,9,6,1,2,45,20,11,8,54,54,5,0,9,1514,0,0,0,9,-9.81498286080496,55.14705882352941,53.333333333333336,56,15.527950310559007,33.333333333333336,66.66666666666667,60.0,1.3333333333333333,3,12,9,77.35799207397622,70,12,4,14,5,19,3,19,13,21,8,0,0,6,4,5,12,40,21,13,7,54,46,6,1,9,1514,0,0,0,10,9.81498286080496,63.32082551594747,62.5,67,17.428350116189,31.25,66.66666666666667,57.142857142857146,1.3333333333333333,3,12,4,77.35799207397622
S45G01N204,2024-2025,20250303,368,away,35,12,0,11,7,18,4,27,12,18,8,0,0,9,6,1,2,45,20,11,8,54,54,5,0,9,1515,0,0,0,9,-9.81498286080496,55.14705882352941,53.333333333333336,56,15.527950310559007,31.818181818181817,66.66666666666667,60.0,1.3333333333333333,3,12,9,77.3069306930693,70,12,4,15,5,20,3,19,13,21,8,0,0,6,4,5,12,40,21,13,7,54,46,6,1,9,1515,0,0,0,10,9.81498286080496,63.32082551594747,62.5,68,17.428350116189,31.25,66.66666666666667,57.142857142857146,1.3333333333333333,3,12,4,77.3069306930693
S45G01N204,2024-2025,20250303,369,away,35,12,0,11,7,18,4,27,12,18,8,0,0,9,6,1,2,45,20,11,8,54,54,5,0,9,1521,0,0,0,9,-11.582815649026514,55.14705882352941,53.333333333333336,56,15.527950310559007,31.818181818181817,66.66666666666667,60.0,1.3333333333333333,5,13,9,77.79092702169625,70,12,4,15,5,20,3,20,14,21,8,0,0,6,4,5,12,41,22,13,7,56,47,6,1,9,1521,0,0,0,10,11.582815649026514,64.16131989000917,63.41463414634146,70,17.09726443768997,31.25,66.66666666666667,54.54545454545455,1.3333333333333333,5,13,4,77.79092702169625
S45G01N204,2024-2025,20250303,370,away,35,12,0,11,7,18,4,27,12,18,8,0,0,9,6,1,2,45,20,11,8,54,54,5,0,9,1521,0,0,0,9,-11.582815649026514,55.14705882352941,53.333333333333336,56,15.527950310559007,31.818181818181817,66.66666666666667,60.0,1.3333333333333333,5,13,9,77.79092702169625,70,13,4,15,5,20,3,20,14,21,8,0,0,6,4,5,12,41,22,13,7,56,47,6,1,9,1521,0,0,0,10,11.582815649026514,64.16131989000917,63.41463414634146,71,17.09726443768997,31.25,66.66666666666667,59.09090909090909,1.4444444444444444,5,13,4,77.79092702169625
S45G01N204,2024-2025,20250303,371,away,35,12,0,11,7,18,4,27,12,18,8,0,0,9,6,1,2,45,20,11,8,54,54,5,0,9,1521,0,0,0,9,-11.582815649026514,55.14705882352941,53.333333333333336,56,15.527950310559007,31.818181818181817,66.66666666666667,60.0,1.3333333333333333,5,13,9,77.79092702169625,70,13,4,15,5,20,3,20,14,21,8,0,0,6,4,5,12,41,22,13,7,56,47,6,1,9,1521,0,0,0,10,11.582815649026514,64.16131989000917,63.41463414634146,71,17.09726443768997,31.25,66.66666666666667,59.09090909090909,1.4444444444444444,5,13,4,77.79092702169625
S45G01N204,2024-2025,20250303,372,away,35,12,0,11,7,18,4,27,12,18,8,0,0,9,6,1,2,45,20,11,8,54,54,5,0,9,1521,0,0,0,9,-11.582815649026514,55.14705882352941,53.333333333333336,56,15.527950310559007,31.818181818181817,66.66666666666667,60.0,1.3333333333333333,5,13,9,77.79092702169625,70,13,4,15,5,20,3,20,14,21,8,0,0,6,4,5,12,41,22,13,7,56,47,6,1,9,1521,0,0,0,10,11.582815649026514,64.16131989000917,63.41463414634146,71,17.09726443768997,31.25,66.66666666666667,59.09090909090909,1.4444444444444444,5,13,4,77.79092702169625
S45G01N204,2024-2025,20250303,373,away,35,12,0,11,7,18,4,27,12,18,8,0,0,9,6,1,2,45,20,11,8,54,54,5,0,9,1521,0,0,0,9,-11.582815649026514,55.14705882352941,53.333333333333336,56,15.527950310559007,31.818181818181817,66.66666666666667,60.0,1.3333333333333333,5,13,9,77.79092702169625,70,13,4,15,5,20,3,20,14,21,8,0,0,6,4,5,12,41,22,13,7,56,47,6,1,9,1521,0,0,0,10,11.582815649026514,64.16131989000917,63.41463414634146,71,17.09726443768997,31.25,66.66666666666667,59.09090909090909,1.4444444444444444,5,13,4,77.79092702169625
S45G01N204,2024-2025,20250303,374,away,35,12,0,11,7,18,4,28,13,18,8,0,0,9,6,1,2,46,21,11,8,56,55,5,0,9,1533,0,0,0,9,-9.773067056038073,56.04483586869495,54.34782608695652,58,15.264586160108548,31.818181818181817,66.66666666666667,57.142857142857146,1.3333333333333333,2,13,9,77.96477495107631,70,13,4,15,5,20,3,20,14,21,8,0,0,6,4,5,12,41,22,13,7,56,47,6,1,9,1533,0,0,0,10,9.773067056038073,64.16131989000917,63.41463414634146,71,17.09726443768997,31.25,66.66666666666667,59.09090909090909,1.4444444444444444,2,13,4,77.96477495107631
S45G01N204,2024-2025,20250303,375,away,35,12,0,11,7,18,4,28,13,18,8,0,0,9,6,1,2,46,21,11,8,56,55,5,0,9,1557,0,0,0,9,-11.468209351322884,56.04483586869495,54.34782608695652,58,15.264586160108548,31.818181818181817,66.66666666666667,57.142857142857146,1.3333333333333333,2,13,9,77.53371868978805,70,13,4,15,5,20,3,21,15,21,8,0,0,6,4,5,12,42,23,13,7,58,48,6,1,9,1557,0,0,0,10,11.468209351322884,64.96415770609319,64.28571428571429,73,16.778523489932887,31.25,66.66666666666667,56.52173913043478,1.4444444444444444,2,13,4,77.53371868978805
S45G01N204,2024-2025,20250303,376,away,35,12,0,11,7,18,4,28,13,18,8,0,0,9,6,1,2,46,21,11,8,56,55,5,0,9,1557,0,0,0,9,-11.468209351322884,56.04483586869495,54.34782608695652,58,15.264586160108548,31.818181818181817,66.66666666666667,57.142857142857146,1.3333333333333333,2,13,9,77.53371868978805,70,14,4,15,5,20,3,21,15,21,8,0,0,6,4,5,12,42,23,13,7,58,48,6,1,9,1557,0,0,0,10,11.468209351322884,64.96415770609319,64.28571428571429,74,16.778523489932887,31.25,66.66666666666667,60.869565217391305,1.5555555555555556,2,13,4,77.53371868978805
S45G01N204,2024-2025,20250303,377,away,35,12,0,11,7,18,4,29,14,18,8,0,0,9,6,1,2,47,22,11,8,58,56,5,0,9,1579,0,0,0,9,-9.726804738432179,56.907378335949765,55.319148936170215,60,15.010006671114075,31.818181818181817,66.66666666666667,54.54545454545455,1.3333333333333333,2,13,9,77.21342621912603,70,14,4,15,5,20,3,21,15,21,8,0,0,6,4,5,12,42,23,13,7,58,48,6,1,9,1579,0,0,0,10,9.726804738432179,64.96415770609319,64.28571428571429,74,16.778523489932887,31.25,66.66666666666667,60.869565217391305,1.5555555555555556,2,13,4,77.21342621912603
S45G01N204,2024-2025,20250303,378,away,35,13,0,11,7,18,4,29,14,18,8,0,0,9,6,1,2,47,22,11,8,58,56,5,0,9,1579,0,0,0,9,-9.726804738432179,56.907378335949765,55.319148936170215,61,15.010006671114075,31.818181818181817,66.66666666666667,59.09090909090909,1.4444444444444444,2,13,9,77.21342621912603,70,14,4,15,5,20,3,21,15,21,8,0,0,6,4,5,12,42,23,13,7,58,48,6,1,9,1579,0,0,0,10,9.726804738432179,64.96415770609319,64.28571428571429,74,16.778523489932887,31.25,66.66666666666667,60.869565217391305,1.5555555555555556,2,13,4,77.21342621912603
S45G01N204,2024-2025,20250303,379,away,35,13,0,11,7,18,4,29,14,18,8,0,0,9,6,1,2,47,22,11,8,58,56,5,0,9,1596,0,0,0,9,-7.32464073656611,56.907378335949765,55.319148936170215,61,15.010006671114075,31.818181818181817,66.66666666666667,59.09090909090909,1.4444444444444444,2,13,9,77.14285714285714,70,14,4,15,5,20,3,22,15,21,8,0,0,6,4,5,12,43,23,13,7,58,49,6,1,9,1596,0,0,0,10,7.32464073656611,63.540753724802805,62.7906976744186,73,16.471449487554903,31.25,66.66666666666667,60.869565217391305,1.5555555555555556,2,13,4,77.14285714285714
S45G01N204,2024-2025,20250303,380,away,35,13,0,12,7,19,4,29,14,18,8,0,0,9,6,1,2,47,22,11,8,58,56,5,0,9,1598,0,0,0,9,-7.32464073656611,56.907378335949765,55.319148936170215,62,15.010006671114075,31.818181818181817,66.66666666666667,59.09090909090909,1.4444444444444444,2,13,9,77.04630788485606,70,14,4,15,5,20,3,22,15,21,8,0,0,6,4,5,12,43,23,13,7,58,49,6,1,9,1598,0,0,0,10,7.32464073656611,63.540753724802805,62.7906976744186,73,16.471449487554903,29.41176470588235,66.66666666666667,60.869565217391305,1.5555555555555556,2,13,4,77.04630788485606
S45G01N204,2024-2025,20250303,381,away,35,13,0,12,7,19,4,30,15,18,8,0,0,9,6,1,2,48,23,11,8,60,57,5,0,9,1612,0,0,0,9,-5.647780401395607,57.736720554272516,56.25,64,14.763779527559056,31.818181818181817,66.66666666666667,56.52173913043478,1.4444444444444444,4,14,9,77.12158808933002,70,14,4,15,5,20,3,22,15,21,8,0,0,6,4,5,12,43,23,13,7,58,49,6,1,9,1612,0,0,0,10,5.647780401395607,63.540753724802805,62.7906976744186,73,16.471449487554903,29.41176470588235,66.66666666666667,60.869565217391305,1.5555555555555556,4,14,4,77.12158808933002
S45G01N204,2024-2025,20250303,382,away,35,13,0,12,7,19,4,30,15,18,8,0,0,9,6,1,2,48,23,11,8,60,57,5,0,9,1625,0,0,0,9,-9.264659211609569,57.736720554272516,56.25,64,14.763779527559056,31.818181818181817,66.66666666666667,56.52173913043478,1.4444444444444444,3,15,9,77.24307692307693,70,14,4,15,5,20,3,22,15,22,9,0,0,6,4,5,12,44,24,13,7,61,50,6,1,9,1625,0,0,0,10,9.264659211609569,65.39451114922812,64.77272727272727,76,16.175413371675052,29.41176470588235,66.66666666666667,58.333333333333336,1.5555555555555556,3,15,4,77.24307692307693
S45G01N204,2024-2025,20250303,383,away,35,13,0,12,7,19,4,30,15,18,8,0,0,9,6,1,2,48,23,11,8,60,57,5,0,9,1625,0,0,0,9,-9.264659211609569,57.736720554272516,56.25,64,14.763779527559056,31.818181818181817,66.66666666666667,56.52173913043478,1.4444444444444444,3,15,9,77.24307692307693,70,15,4,15,5,20,3,22,15,22,9,0,0,6,4,5,12,44,24,13,7,61,50,6,1,9,1625,0,0,0,10,9.264659211609569,65.39451114922812,64.77272727272727,77,16.175413371675052,29.41176470588235,66.66666666666667,62.5,1.6666666666666667,3,15,4,77.24307692307693
S45G01N204,2024-2025,20250303,384,away,35,13,0,12,7,19,4,30,15,18,8,0,0,9,6,1,2,48,23,11,8,60,57,5,0,10,1647,0,0,0,10,-11.287830184123578,57.736720554272516,56.25,63,16.139444803098772,31.818181818181817,66.66666666666667,56.52173913043478,1.3,3,15,9,76.9398907103825,70,15,4,15,5,20,3,22,15,22,9,0,0,6,4,5,12,44,24,13,7,61,50,6,1,9,1647,0,0,0,10,11.287830184123578,65.39451114922812,64.77272727272727,77,16.175413371675052,29.41176470588235,66.66666666666667,62.5,1.6666666666666667,3,15,4,76.9398907103825
S45G01N204,2024-2025,20250303,385,away,35,13,0,12,7,19,4,30,15,18,8,0,0,9,6,1,2,48,23,11,8,60,57,5,0,10,1648,0,0,0,10,-11.287830184123578,57.736720554272516,56.25,63,16.139444803098772,31.818181818181817,66.66666666666667,56.52173913043478,1.3,3,15,9,76.89320388349515,70,15,4,15,5,20,3,22,15,22,9,0,0,6,4,5,12,44,24,13,7,61,50,7,1,9,1648,0,0,0,10,11.287830184123578,65.39451114922812,64.77272727272727,78,16.175413371675052,29.41176470588235,66.66666666666667,62.5,1.6666666666666667,3,15,4,76.89320388349515
S45G01N204,2024-2025,20250303,386,away,35,13,0,12,7,19,4,30,15,18,8,0,0,9,6,1,2,48,23,11,8,60,57,5,0,10,1652,0,0,0,10,-12.828145136467114,57.736720554272516,56.25,63,16.139444803098772,31.818181818181817,66.66666666666667,56.52173913043478,1.3,5,15,9,77.43341404358354,70,15,4,15,5,20,3,23,16,22,9,0,0,6,4,5,12,45,25,13,7,63,51,7,1,9,1652,0,0,0,10,12.828145136467114,66.12090680100755,65.55555555555556,80,15.889830508474576,29.41176470588235,66.66666666666667,60.0,1.6666666666666667,5,15,4,77.43341404358354
S45G01N204,2024-2025,20250303,387,away,35,13,0,12,7,19,4,30,15,18,8,0,0,9,6,1,2,48,23,11,8,60,57,5,0,10,1652,0,0,0,10,-12.828145136467114,57.736720554272516,56.25,63,16.139444803098772,31.818181818181817,66.66666666666667,56.52173913043478,1.3,5,15,9,77.43341404358354,70,16,4,15,5,20,3,23,16,22,9,0,0,6,4,5,12,45,25,13,7,63,51,7,1,9,1652,0,0,0,10,12.828145136467114,66.12090680100755,65.55555555555556,81,15.889830508474576,29.41176470588235,66.66666666666667,64.0,1.7777777777777777,5,15,4,77.43341404358354
S45G01N204,2024-2025,20250303,388,away,35,13,0,12,7,19,4,30,15,18,8,0,0,9,6,1,2,48,23,11,8,60,57,5,0,10,1652,0,0,0,10,-12.828145136467114,57.736720554272516,56.25,63,16.139444803098772,31.818181818181817,66.66666666666667,56.52173913043478,1.3,5,15,9,77.43341404358354,70,16,4,15,5,20,3,23,16,22,9,0,0,6,4,6,14,45,25,13,7,63,51,7,1,9,1652,0,0,0,10,12.828145136467114,66.12090680100755,65.55555555555556,81,15.889830508474576,29.41176470588235,66.66666666666667,64.0,1.7777777777777777,5,15,4,77.43341404358354
S45G01N204,2024-2025,20250303,389,away,35,13,0,12,7,19,4,31,15,18,8,0,0,9,6,1,2,49,23,11,8,60,58,5,0,10,1665,0,0,0,10,-14.779008354423794,56.646525679758305,55.10204081632653,62,15.883100381194408,31.818181818181817,66.66666666666667,56.52173913043478,1.3,5,15,9,77.54954954954954,70,16,4,15,5,20,3,23,16,22,9,0,0,6,4,6,14,45,25,13,7,63,51,7,1,9,1665,0,0,0,10,14.779008354423794,66.12090680100755,65.55555555555556,81,15.889830508474576,29.41176470588235,66.66666666666667,64.0,1.7777777777777777,5,15,4,77.54954954954954
S45G01N204,2024-2025,20250303,390,away,35,13,0,12,7,19,4,31,15,18,8,0,0,9,6,1,2,49,23,11,8,60,58,5,0,10,1666,0,0,0,10,-14.779008354423794,56.646525679758305,55.10204081632653,62,15.883100381194408,30.434782608695652,66.66666666666667,56.52173913043478,1.3,5,15,9,77.5030012004802,70,16,4,16,5,21,3,23,16,22,9,0,0,6,4,6,14,45,25,13,7,63,51,7,1,9,1666,0,0,0,10,14.779008354423794,66.12090680100755,65.55555555555556,82,15.889830508474576,29.41176470588235,66.66666666666667,64.0,1.7777777777777777,5,15,4,77.5030012004802
S45G01N204,2024-2025,20250303,391,away,35,13,0,12,7,19,4,31,15,18,8,0,0,9,6,1,2,49,23,11,8,60,58,5,0,10,1681,0,0,0,10,-16.260800702195013,56.646525679758305,55.10204081632653,62,15.883100381194408,30.434782608695652,66.66666666666667,56.52173913043478,1.3,7,15,9,77.52528256989888,70,16,4,16,5,21,3,24,17,22,9,0,0,6,4,6,14,46,26,13,7,65,52,7,1,9,1681,0,0,0,10,16.260800702195013,66.81743421052632,66.30434782608695,84,15.614156835530881,29.41176470588235,66.66666666666667,61.53846153846154,1.7777777777777777,7,15,5,77.52528256989888
S45G01N204,2024-2025,20250303,392,away,35,13,0,12,7,19,4,31,15,18,8,0,0,9,6,1,2,49,23,11,8,60,58,5,0,10,1681,0,0,0,10,-16.260800702195013,56.646525679758305,55.10204081632653,62,15.883100381194408,30.434782608695652,66.66666666666667,56.52173913043478,1.3,7,15,9,77.52528256989888,70,17,4,16,5,21,3,24,17,22,9,0,0,6,4,6,14,46,26,13,7,65,52,7,1,9,1681,0,0,0,10,16.260800702195013,66.81743421052632,66.30434782608695,85,15.614156835530881,29.41176470588235,66.66666666666667,65.38461538461539,1.8888888888888888,7,15,5,77.52528256989888
S45G01N204,2024-2025,20250303,393,away,35,13,0,12,7,19,4,31,15,18,8,0,0,9,6,1,2,49,23,11,8,60,58,5,0,11,1697,0,0,0,11,-18.143164509408834,56.646525679758305,55.10204081632653,61,17.19824890556598,30.434782608695652,66.66666666666667,56.52173913043478,1.1818181818181819,7,15,9,77.50147318797877,70,17,4,16,5,21,3,24,17,22,9,0,0,6,4,6,14,46,26,13,7,65,52,7,1,9,1697,0,0,0,10,18.143164509408834,66.81743421052632,66.30434782608695,85,15.614156835530881,29.41176470588235,66.66666666666667,65.38461538461539,1.8888888888888888,7,15,5,77.50147318797877
S45G01N204,2024-2025,20250303,394,away,35,13,0,12,7,19,4,31,15,18,8,0,0,9,6,1,2,49,23,11,8,60,58,5,0,11,1697,0,0,0,11,-18.143164509408834,56.646525679758305,55.10204081632653,61,17.19824890556598,30.434782608695652,66.66666666666667,56.52173913043478,1.1818181818181819,7,15,9,77.50147318797877,70,17,4,16,5,21,3,24,17,22,9,0,0,6,4,6,14,46,26,13,7,65,52,7,1,9,1697,0,0,0,10,18.143164509408834,66.81743421052632,66.30434782608695,85,15.614156835530881,29.41176470588235,66.66666666666667,65.38461538461539,1.8888888888888888,7,15,5,77.50147318797877
S45G01N204,2024-2025,20250303,395,away,35,13,0,12,7,19,4,31,15,18,8,0,0,9,6,1,2,49,23,11,8,60,58,5,0,11,1697,0,0,0,11,-18.143164509408834,56.646525679758305,55.10204081632653,61,17.19824890556598,30.434782608695652,66.66666666666667,56.52173913043478,1.1818181818181819,7,15,9,77.50147318797877,70,17,4,16,5,21,3,24,17,22,9,0,0,6,4,6,14,46,26,13,7,65,52,7,1,9,1697,0,0,0,10,18.143164509408834,66.81743421052632,66.30434782608695,85,15.614156835530881,29.41176470588235,66.66666666666667,65.38461538461539,1.8888888888888888,7,15,5,77.50147318797877
S45G01N204,2024-2025,20250303,396,away,35,13,0,12,7,19,4,31,15,18,8,0,0,9,6,1,2,49,23,11,8,60,58,5,0,11,1697,0,0,0,11,-18.143164509408834,56.646525679758305,55.10204081632653,61,17.19824890556598,30.434782608695652,66.66666666666667,56.52173913043478,1.1818181818181819,7,15,9,77.50147318797877,70,17,4,16,5,21,3,24,17,22,9,0,0,6,4,6,14,46,26,13,7,65,52,7,1,9,1697,0,0,0,10,18.143164509408834,66.81743421052632,66.30434782608695,85,15.614156835530881,29.41176470588235,66.66666666666667,65.38461538461539,1.8888888888888888,7,15,5,77.50147318797877
S45G01N204,2024-2025,20250303,397,away,35,13,0,12,7,19,4,31,15,18,8,0,0,9,6,1,2,49,23,11,8,60,58,5,0,11,1697,0,0,0,11,-18.143164509408834,56.646525679758305,55.10204081632653,61,17.19824890556598,30.434782608695652,66.66666666666667,56.52173913043478,1.1818181818181819,7,15,9,77.50147318797877,70,17,4,16,5,21,3,24,17,22,9,0,0,6,4,6,14,46,26,13,7,65,52,7,1,9,1697,0,0,0,10,18.143164509408834,66.81743421052632,66.30434782608695,85,15.614156835530881,29.41176470588235,66.66666666666667,65.38461538461539,1.8888888888888888,7,15,5,77.50147318797877
S45G01N204,2024-2025,20250303,398,away,35,13,0,12,7,19,4,31,15,18,8,0,0,9,6,1,2,49,23,11,8,60,58,5,0,11,1697,0,0,0,11,-18.143164509408834,56.646525679758305,55.10204081632653,61,17.19824890556598,30.434782608695652,66.66666666666667,56.52173913043478,1.1818181818181819,7,15,9,77.50147318797877,70,17,4,16,5,21,3,24,17,22,9,0,0,6,4,6,14,46,26,13,7,65,52,7,1,9,1697,0,0,0,10,18.143164509408834,66.81743421052632,66.30434782608695,85,15.614156835530881,29.41176470588235,66.66666666666667,65.38461538461539,1.8888888888888888,7,15,5,77.50147318797877
S45G01N204,2024-2025,20250303,399,away,35,13,0,12,7,19,4,31,15,18,8,0,0,9,6,1,2,49,23,11,8,60,58,5,0,11,1697,0,0,0,11,-18.143164509408834,56.646525679758305,55.10204081632653,61,17.19824890556598,30.434782608695652,66.66666666666667,56.52173913043478,1.1818181818181819,7,15,9,77.50147318797877,70,17,4,16,5,21,3,24,17,22,9,0,0,6,4,6,14,46,26,13,7,65,52,7,1,9,1697,0,0,0,10,18.143164509408834,66.81743421052632,66.30434782608695,85,15.614156835530881,29.41176470588235,66.66666666666667,65.38461538461539,1.8888888888888888,7,15,5,77.50147318797877
S45G01N204,2024-2025,20250303,400,away,35,13,0,12,7,19,4,31,15,18,8,0,0,9,6,1,2,49,23,11,8,60,58,5,0,11,1697,0,0,0,11,-18.143164509408834,56.646525679758305,55.10204081632653,61,17.19824890556598,30.434782608695652,66.66666666666667,56.52173913043478,1.1818181818181819,7,15,9,77.50147318797877,70,17,4,16,5,21,3,24,17,22,9,0,0,6,4,6,14,46,26,13,7,65,52,7,1,9,1697,0,0,0,10,18.143164509408834,66.81743421052632,66.30434782608695,85,15.614156835530881,29.41176470588235,66.66666666666667,65.38461538461539,1.8888888888888888,7,15,5,77.50147318797877
S45G01N204,2024-2025,20250303,401,away,35,13,0,12,7,19,4,31,15,18,8,0,0,9,6,1,2,49,23,11,8,60,58,5,0,11,1697,0,0,0,11,-18.143164509408834,56.646525679758305,55.10204081632653,61,17.19824890556598,30.434782608695652,66.66666666666667,56.52173913043478,1.1818181818181819,7,15,9,77.50147318797877,70,17,4,16,5,21,3,24,17,22,9,0,0,6,4,6,14,46,26,13,7,65,52,7,1,9,1697,0,0,0,10,18.143164509408834,66.81743421052632,66.30434782608695,85,15.614156835530881,29.41176470588235,66.66666666666667,65.38461538461539,1.8888888888888888,7,15,5,77.50147318797877
S45G01N204,2024-2025,20250303,402,away,35,13,0,12,7,19,4,31,15,18,8,0,0,9,6,1,2,49,23,11,8,60,58,5,0,11,1722,0,0,0,11,-15.841146553385457,56.646525679758305,55.10204081632653,61,17.19824890556598,30.434782608695652,66.66666666666667,56.52173913043478,1.1818181818181819,7,15,9,77.07317073170732,70,17,4,16,5,21,3,25,17,22,9,0,0,6,4,6,14,47,26,13,7,65,53,7,1,9,1722,0,0,0,10,15.841146553385457,65.47139403706689,64.8936170212766,84,15.347885402455661,29.41176470588235,66.66666666666667,65.38461538461539,1.8888888888888888,7,15,5,77.07317073170732
S45G01N204,2024-2025,20250303,403,away,35,13,0,13,7,20,4,31,15,18,8,0,0,9,6,1,2,49,23,11,8,60,58,5,0,11,1723,0,0,0,11,-15.841146553385457,56.646525679758305,55.10204081632653,62,17.19824890556598,30.434782608695652,66.66666666666667,56.52173913043478,1.1818181818181819,7,15,9,77.02843876958792,70,17,4,16,5,21,3,25,17,22,9,0,0,6,4,6,14,47,26,13,7,65,53,7,1,9,1723,0,0,0,10,15.841146553385457,65.47139403706689,64.8936170212766,84,15.347885402455661,27.77777777777778,66.66666666666667,65.38461538461539,1.8888888888888888,7,15,5,77.02843876958792
S45G01N204,2024-2025,20250303,404,away,35,13,0,13,7,20,4,31,15,18,8,0,0,9,6,1,2,49,23,11,8,60,58,5,0,11,1733,0,0,0,11,-15.841146553385457,56.646525679758305,55.10204081632653,62,17.19824890556598,30.434782608695652,66.66666666666667,56.52173913043478,1.1818181818181819,7,15,9,76.58395845354875,70,17,4,16,5,21,3,25,17,22,9,0,0,6,4,6,14,47,26,14,8,65,53,7,1,9,1733,0,0,0,10,15.841146553385457,65.47139403706689,64.8936170212766,84,15.347885402455661,27.77777777777778,66.66666666666667,65.38461538461539,1.8888888888888888,7,15,5,76.58395845354875
S45G01N204,2024-2025,20250303,405,away,35,13,0,13,7,20,4,31,15,18,8,0,0,9,6,1,2,49,23,11,8,60,58,5,0,11,1733,0,0,0,11,-15.841146553385457,56.646525679758305,55.10204081632653,62,17.19824890556598,30.434782608695652,66.66666666666667,56.52173913043478,1.1818181818181819,7,15,9,76.58395845354875,70,17,4,16,5,21,3,25,17,22,9,0,0,6,4,6,14,47,26,14,8,65,53,7,1,9,1733,0,0,0,10,15.841146553385457,65.47139403706689,64.8936170212766,84,15.347885402455661,27.77777777777778,66.66666666666667,65.38461538461539,1.8888888888888888,7,15,5,76.58395845354875
S45G01N204,2024-2025,20250303,406,away,35,13,0,13,7,20,4,31,15,18,8,0,0,9,6,1,2,49,23,11,8,60,58,5,0,11,1733,0,0,0,11,-15.841146553385457,56.646525679758305,55.10204081632653,62,17.19824890556598,30.434782608695652,66.66666666666667,56.52173913043478,1.1818181818181819,7,15,9,76.58395845354875,70,17,4,16,5,21,3,25,17,22,9,0,0,6,4,6,14,47,26,14,8,65,53,7,1,9,1733,0,0,0,10,15.841146553385457,65.47139403706689,64.8936170212766,84,15.347885402455661,27.77777777777778,66.66666666666667,65.38461538461539,1.8888888888888888,7,15,5,76.58395845354875
S45G01N204,2024-2025,20250303,407,away,35,13,0,13,7,20,4,31,15,18,8,0,0,9,6,1,2,49,23,11,8,60,58,5,0,11,1733,0,0,0,11,-15.841146553385457,56.646525679758305,55.10204081632653,62,17.19824890556598,30.434782608695652,66.66666666666667,56.52173913043478,1.1818181818181819,7,15,9,76.58395845354875,70,17,4,16,5,21,3,25,17,22,9,0,0,6,4,6,14,47,26,14,8,65,53,7,1,9,1733,0,0,0,10,15.841146553385457,65.47139403706689,64.8936170212766,84,15.347885402455661,27.77777777777778,66.66666666666667,65.38461538461539,1.8888888888888888,7,15,5,76.58395845354875
S45G01N204,2024-2025,20250303,408,away,35,13,0,13,7,20,4,31,15,18,8,0,0,9,6,1,2,49,23,11,8,60,58,5,0,11,1733,0,0,0,11,-15.841146553385457,56.646525679758305,55.10204081632653,62,17.19824890556598,30.434782608695652,66.66666666666667,56.52173913043478,1.1818181818181819,7,15,9,76.58395845354875,70,17,4,16,5,21,3,25,17,22,9,0,0,6,4,6,14,47,26,14,8,65,53,7,1,9,1733,0,0,0,10,15.841146553385457,65.47139403706689,64.8936170212766,84,15.347885402455661,27.77777777777778,66.66666666666667,65.38461538461539,1.8888888888888888,7,15,5,76.58395845354875
S45G01N204,2024-2025,20250303,409,away,35,13,0,13,7,20,4,31,15,18,8,0,0,9,6,1,2,49,23,11,8,60,58,5,0,11,1733,0,0,0,11,-15.841146553385457,56.646525679758305,55.10204081632653,62,17.19824890556598,30.434782608695652,66.66666666666667,56.52173913043478,1.1818181818181819,7,15,9,76.58395845354875,70,17,4,16,5,21,3,25,17,22,9,0,0,6,4,6,14,47,26,14,8,65,53,7,1,9,1733,0,0,0,10,15.841146553385457,65.47139403706689,64.8936170212766,84,15.347885402455661,27.77777777777778,66.66666666666667,65.38461538461539,1.8888888888888888,7,15,5,76.58395845354875
S45G01N204,2024-2025,20250303,410,away,35,13,0,13,7,20,4,32,15,18,8,0,0,9,6,1,2,50,23,11,8,60,59,5,0,11,1742,0,0,0,11,-17.658556468010815,55.59673832468495,54.0,61,16.93349753694581,30.434782608695652,66.66666666666667,56.52173913043478,1.1818181818181819,7,15,9,76.87715269804823,70,17,4,16,5,21,3,25,17,22,9,0,0,6,4,6,14,47,26,14,8,65,53,7,1,9,1742,0,0,0,10,17.658556468010815,65.47139403706689,64.8936170212766,84,15.347885402455661,27.77777777777778,66.66666666666667,65.38461538461539,1.8888888888888888,7,15,5,76.87715269804823
S45G01N204,2024-2025,20250303,411,away,35,13,0,13,7,20,4,32,15,18,8,0,0,9,6,1,2,50,23,11,8,60,59,5,0,11,1744,0,0,0,11,-17.658556468010815,55.59673832468495,54.0,61,16.93349753694581,29.166666666666668,66.66666666666667,56.52173913043478,1.1818181818181819,7,15,9,76.78899082568807,70,17,4,17,5,22,3,25,17,22,9,0,0,6,4,6,14,47,26,14,8,65,53,7,1,9,1744,0,0,0,10,17.658556468010815,65.47139403706689,64.8936170212766,85,15.347885402455661,27.77777777777778,66.66666666666667,65.38461538461539,1.8888888888888888,7,15,5,76.78899082568807
S45G01N204,2024-2025,20250303,412,away,35,13,0,13,7,20,4,32,15,18,8,0,0,9,6,1,2,50,23,11,8,60,59,5,0,11,1750,0,0,0,11,-20.931282946688142,55.59673832468495,54.0,61,16.93349753694581,29.166666666666668,66.66666666666667,56.52173913043478,1.1818181818181819,10,15,9,77.21142857142858,70,17,4,17,5,22,3,25,17,23,10,0,0,6,4,6,14,48,27,14,8,68,54,7,1,9,1750,0,0,0,10,20.931282946688142,67.14060031595577,66.66666666666667,88,15.090543259557345,27.77777777777778,66.66666666666667,62.96296296296296,1.8888888888888888,10,15,8,77.21142857142858
S45G01N204,2024-2025,20250303,413,away,35,13,0,13,7,20,4,32,15,18,8,0,0,9,6,1,2,50,23,11,8,60,59,5,0,11,1750,0,0,0,11,-20.931282946688142,55.59673832468495,54.0,61,16.93349753694581,29.166666666666668,66.66666666666667,56.52173913043478,1.1818181818181819,10,15,9,77.21142857142858,70,18,4,17,5,22,3,25,17,23,10,0,0,6,4,6,14,48,27,14,8,68,54,7,1,9,1750,0,0,0,10,20.931282946688142,67.14060031595577,66.66666666666667,89,15.090543259557345,27.77777777777778,66.66666666666667,66.66666666666667,2.0,10,15,8,77.21142857142858
S45G01N204,2024-2025,20250303,414,away,35,13,0,13,7,20,4,32,15,18,8,0,0,9,6,1,2,50,23,11,8,60,59,5,0,11,1750,0,0,0,11,-20.931282946688142,55.59673832468495,54.0,61,16.93349753694581,29.166666666666668,66.66666666666667,56.52173913043478,1.1818181818181819,10,15,9,77.21142857142858,70,18,4,17,5,22,3,25,17,23,10,0,0,6,4,7,17,48,27,14,8,68,54,7,1,9,1750,0,0,0,10,20.931282946688142,67.14060031595577,66.66666666666667,89,15.090543259557345,27.77777777777778,66.66666666666667,66.66666666666667,2.0,10,15,8,77.21142857142858
S45G01N204,2024-2025,20250303,415,away,35,13,0,13,7,20,4,33,15,18,8,0,0,9,6,1,2,51,23,11,8,60,60,5,0,11,1765,0,0,0,11,-22.6870439496912,54.585152838427945,52.94117647058823,60,16.676773802304425,29.166666666666668,66.66666666666667,56.52173913043478,1.1818181818181819,10,15,9,77.23512747875355,70,18,4,17,5,22,3,25,17,23,10,0,0,6,4,7,17,48,27,14,8,68,54,7,1,9,1765,0,0,0,10,22.6870439496912,67.14060031595577,66.66666666666667,89,15.090543259557345,27.77777777777778,66.66666666666667,66.66666666666667,2.0,10,15,8,77.23512747875355
S45G01N204,2024-2025,20250303,416,away,35,13,0,13,8,21,4,33,15,18,8,0,0,9,6,1,2,51,23,11,8,60,60,5,0,11,1766,0,0,0,11,-20.931282946688142,54.585152838427945,52.94117647058823,61,16.676773802304425,32.0,66.66666666666667,56.52173913043478,1.1818181818181819,10,15,9,76.5118912797282,70,18,4,17,5,22,3,25,17,23,10,0,0,6,4,7,17,48,27,14,8,68,54,7,1,9,1766,0,0,0,10,20.931282946688142,67.14060031595577,66.66666666666667,89,15.090543259557345,27.77777777777778,66.66666666666667,66.66666666666667,2.0,10,15,8,76.5118912797282
S45G01N204,2024-2025,20250303,417,away,35,13,0,13,8,21,4,33,15,18,8,0,0,9,6,1,2,51,23,11,8,60,60,5,0,12,1778,0,0,0,12,-22.6870439496912,54.585152838427945,52.94117647058823,60,17.921146953405017,32.0,66.66666666666667,56.52173913043478,1.0833333333333333,10,15,9,76.67041619797526,70,18,4,17,5,22,3,25,17,23,10,0,0,6,4,7,17,48,27,14,8,68,54,7,1,9,1778,0,0,0,10,22.6870439496912,67.14060031595577,66.66666666666667,89,15.090543259557345,27.77777777777778,66.66666666666667,66.66666666666667,2.0,10,15,8,76.67041619797526
S45G01N204,2024-2025,20250303,418,away,35,13,0,13,8,21,4,33,15,18,8,0,0,9,6,1,2,51,23,11,8,60,60,5,0,12,1779,0,0,0,12,-22.6870439496912,54.585152838427945,52.94117647058823,60,17.921146953405017,32.0,66.66666666666667,56.52173913043478,1.0833333333333333,10,15,9,76.62731871838112,70,18,4,17,5,22,3,25,17,23,10,0,0,6,4,7,17,48,27,14,8,68,54,8,1,9,1779,0,0,0,10,22.6870439496912,67.14060031595577,66.66666666666667,90,15.090543259557345,27.77777777777778,66.66666666666667,66.66666666666667,2.0,10,15,8,76.62731871838112
S45G01N204,2024-2025,20250303,419,away,35,13,0,13,8,21,4,33,15,18,8,0,0,9,6,1,2,51,23,11,8,60,60,5,0,12,1779,0,0,0,12,-22.6870439496912,54.585152838427945,52.94117647058823,60,17.921146953405017,32.0,66.66666666666667,56.52173913043478,1.0833333333333333,10,15,9,76.62731871838112,70,18,4,17,5,22,3,25,17,23,10,0,0,6,4,7,17,48,27,14,8,68,54,8,1,9,1779,0,0,0,10,22.6870439496912,67.14060031595577,66.66666666666667,90,15.090543259557345,27.77777777777778,66.66666666666667,66.66666666666667,2.0,10,15,8,76.62731871838112
S45G01N204,2024-2025,20250303,420,away,35,13,0,13,8,21,4,33,15,18,8,0,0,9,6,1,2,51,23,11,8,60,60,5,0,12,1800,0,0,0,12,-22.6870439496912,54.585152838427945,52.94117647058823,60,17.921146953405017,32.0,66.66666666666667,56.52173913043478,1.0833333333333333,10,15,9,75.73333333333333,70,18,4,17,5,22,3,25,17,23,10,0,0,6,4,7,17,48,27,14,8,68,54,8,1,9,1800,0,0,0,10,22.6870439496912,67.14060031595577,66.66666666666667,90,15.090543259557345,27.77777777777778,66.66666666666667,66.66666666666667,2.0,10,15,8,75.73333333333333
S45G01N204,2024-2025,20250303,421,away,35,13,0,13,8,21,4,33,15,18,8,0,0,9,6,1,2,51,23,11,8,60,60,5,0,12,1800,0,0,0,12,-22.6870439496912,54.585152838427945,52.94117647058823,60,17.921146953405017,32.0,66.66666666666667,56.52173913043478,1.0833333333333333,10,15,9,75.73333333333333,70,18,4,17,5,22,3,25,17,23,10,0,0,6,4,7,17,48,27,14,8,68,54,8,1,9,1800,0,0,0,10,22.6870439496912,67.14060031595577,66.66666666666667,90,15.090543259557345,27.77777777777778,66.66666666666667,66.66666666666667,2.0,10,15,8,75.73333333333333
S45G01N204,2024-2025,20250303,422,away,35,13,0,13,8,21,4,33,15,18,8,0,0,9,6,1,2,51,23,11,8,60,60,5,0,12,1800,0,0,0,12,-22.6870439496912,54.585152838427945,52.94117647058823,60,17.921146953405017,32.0,66.66666666666667,56.52173913043478,1.0833333333333333,10,15,9,75.73333333333333,70,18,4,17,5,22,3,25,17,23,10,0,0,6,4,7,17,48,27,14,8,68,54,8,1,9,1800,0,0,0,10,22.6870439496912,67.14060031595577,66.66666666666667,90,15.090543259557345,27.77777777777778,66.66666666666667,66.66666666666667,2.0,10,15,8,75.73333333333333
S45G01N204,2024-2025,20250303,423,away,35,13,0,13,8,21,4,33,15,18,8,0,0,9,6,1,2,51,23,11,8,60,60,5,0,12,1800,0,0,0,12,-22.6870439496912,54.585152838427945,52.94117647058823,60,17.921146953405017,32.0,66.66666666666667,56.52173913043478,1.0833333333333333,10,15,9,75.73333333333333,70,18,4,17,5,22,3,25,17,23,10,0,0,6,4,7,17,48,27,14,8,68,54,8,1,9,1800,0,0,0,10,22.6870439496912,67.14060031595577,66.66666666666667,90,15.090543259557345,27.77777777777778,66.66666666666667,66.66666666666667,2.0,10,15,8,75.73333333333333
S45G01N204,2024-2025,20250303,424,away,35,13,0,13,8,21,4,33,15,18,8,0,0,9,6,1,2,51,23,11,8,60,60,5,0,12,1800,0,0,0,12,-22.6870439496912,54.585152838427945,52.94117647058823,60,17.921146953405017,32.0,66.66666666666667,56.52173913043478,1.0833333333333333,10,15,9,75.73333333333333,70,18,4,17,5,22,3,25,17,23,10,0,0,6,4,7,17,48,27,14,8,68,54,8,1,9,1800,0,0,0,10,22.6870439496912,67.14060031595577,66.66666666666667,90,15.090543259557345,27.77777777777778,66.66666666666667,66.66666666666667,2.0,10,15,8,75.73333333333333
S45G01N204,2024-2025,20250303,425,away,35,13,0,13,8,21,4,33,15,18,8,0,0,9,6,1,2,51,23,11,8,60,60,5,0,12,1800,0,0,0,12,-22.6870439496912,54.585152838427945,52.94117647058823,60,17.921146953405017,32.0,66.66666666666667,56.52173913043478,1.0833333333333333,10,15,9,75.73333333333333,70,18,4,17,5,22,3,25,17,23,10,0,0,6,4,7,17,48,27,14,8,68,54,8,1,9,1800,0,0,0,10,22.6870439496912,67.14060031595577,66.66666666666667,90,15.090543259557345,27.77777777777778,66.66666666666667,66.66666666666667,2.0,10,15,8,75.73333333333333
S45G01N204,2024-2025,20250303,426,away,35,13,0,13,8,21,4,33,15,18,8,0,0,9,6,1,2,51,23,11,8,60,60,5,0,12,1800,0,0,0,12,-22.6870439496912,54.585152838427945,52.94117647058823,60,17.921146953405017,32.0,66.66666666666667,56.52173913043478,1.0833333333333333,10,15,9,75.73333333333333,70,18,4,17,5,22,3,25,17,23,10,0,0,6,4,7,17,48,27,14,8,68,54,8,1,9,1800,0,0,0,10,22.6870439496912,67.14060031595577,66.66666666666667,90,15.090543259557345,27.77777777777778,66.66666666666667,66.66666666666667,2.0,10,15,8,75.73333333333333
S45G01N204,2024-2025,20250303,427,away,35,13,0,13,8,21,4,33,15,18,8,0,0,9,6,1,2,51,23,11,8,60,60,5,0,12,1800,0,0,0,12,-22.6870439496912,54.585152838427945,52.94117647058823,60,17.921146953405017,32.0,66.66666666666667,56.52173913043478,1.0833333333333333,10,15,9,75.73333333333333,70,18,4,17,5,22,3,25,17,23,10,0,0,6,4,7,17,48,27,14,8,68,54,8,1,9,1800,0,0,0,10,22.6870439496912,67.14060031595577,66.66666666666667,90,15.090543259557345,27.77777777777778,66.66666666666667,66.66666666666667,2.0,10,15,8,75.73333333333333
S45G01N204,2024-2025,20250303,428,away,35,13,0,13,8,21,4,33,15,18,8,0,0,9,6,1,2,51,23,11,8,60,60,5,0,12,1800,0,0,0,12,-22.6870439496912,54.585152838427945,52.94117647058823,60,17.921146953405017,32.0,66.66666666666667,56.52173913043478,1.0833333333333333,10,15,9,75.73333333333333,70,18,4,17,5,22,3,25,17,23,10,0,0,6,4,7,17,48,27,14,8,68,54,8,1,9,1800,0,0,0,10,22.6870439496912,67.14060031595577,66.66666666666667,90,15.090543259557345,27.77777777777778,66.66666666666667,66.66666666666667,2.0,10,15,8,75.73333333333333
S45G01N204,2024-2025,20250303,429,away,35,13,0,13,8,21,4,33,15,18,8,0,0,9,6,1,2,51,23,11,8,60,60,5,0,12,1800,0,0,0,12,-22.6870439496912,54.585152838427945,52.94117647058823,60,17.921146953405017,32.0,66.66666666666667,56.52173913043478,1.0833333333333333,10,15,9,75.73333333333333,70,18,4,17,5,22,3,25,17,23,10,0,0,6,4,7,17,48,27,14,8,68,54,8,1,9,1800,0,0,0,10,22.6870439496912,67.14060031595577,66.66666666666667,90,15.090543259557345,27.77777777777778,66.66666666666667,66.66666666666667,2.0,10,15,8,75.73333333333333
S45G01N204,2024-2025,20250303,430,away,35,13,0,13,8,21,4,33,15,18,8,0,0,9,6,1,2,51,23,11,8,60,60,5,0,12,1800,0,0,0,12,-22.6870439496912,54.585152838427945,52.94117647058823,60,17.921146953405017,32.0,66.66666666666667,56.52173913043478,1.0833333333333333,10,15,9,75.73333333333333,70,18,4,17,5,22,3,25,17,23,10,0,0,6,4,7,17,48,27,14,8,68,54,8,1,9,1800,0,0,0,10,22.6870439496912,67.14060031595577,66.66666666666667,90,15.090543259557345,27.77777777777778,66.66666666666667,66.66666666666667,2.0,10,15,8,75.73333333333333
S45G01N204,2024-2025,20250303,431,away,35,13,0,13,8,21,4,33,15,18,8,0,0,9,6,1,2,51,23,11,8,60,60,5,0,12,1800,0,0,0,12,-22.6870439496912,54.585152838427945,52.94117647058823,60,17.921146953405017,32.0,66.66666666666667,56.52173913043478,1.0833333333333333,10,15,9,75.73333333333333,70,18,4,17,5,22,3,25,17,23,10,0,0,6,4,7,17,48,27,14,8,68,54,8,1,9,1800,0,0,0,10,22.6870439496912,67.14060031595577,66.66666666666667,90,15.090543259557345,27.77777777777778,66.66666666666667,66.66666666666667,2.0,10,15,8,75.73333333333333
S45G01N204,2024-2025,20250303,432,away,35,13,0,13,8,21,4,33,15,18,8,0,0,9,6,1,2,51,23,11,8,60,60,5,0,12,1800,0,0,0,12,-22.6870439496912,54.585152838427945,52.94117647058823,60,17.921146953405017,32.0,66.66666666666667,56.52173913043478,1.0833333333333333,10,15,9,75.73333333333333,70,18,4,17,5,22,3,25,17,23,10,0,0,6,4,7,17,48,27,14,8,68,54,8,1,9,1800,0,0,0,10,22.6870439496912,67.14060031595577,66.66666666666667,90,15.090543259557345,27.77777777777778,66.66666666666667,66.66666666666667,2.0,10,15,8,75.73333333333333
S45G01N204,2024-2025,20250303,433,away,35,13,0,13,8,21,4,33,15,18,8,0,0,9,6,1,2,51,23,11,8,60,60,5,0,12,1800,0,0,0,12,-22.6870439496912,54.585152838427945,52.94117647058823,60,17.921146953405017,32.0,66.66666666666667,56.52173913043478,1.0833333333333333,10,15,9,75.73333333333333,70,18,4,17,5,22,3,25,17,23,10,0,0,6,4,7,17,48,27,14,8,68,54,8,1,9,1800,0,0,0,10,22.6870439496912,67.14060031595577,66.66666666666667,90,15.090543259557345,27.77777777777778,66.66666666666667,66.66666666666667,2.0,10,15,8,75.73333333333333
S45G01N204,2024-2025,20250303,434,away,35,13,0,13,8,21,4,33,15,18,8,0,0,9,6,1,2,51,23,11,8,60,60,5,0,12,1800,0,0,0,12,-22.6870439496912,54.585152838427945,52.94117647058823,60,17.921146953405017,32.0,66.66666666666667,56.52173913043478,1.0833333333333333,10,15,9,75.73333333333333,70,18,4,17,5,22,3,25,17,23,10,0,0,6,4,7,17,48,27,14,8,68,54,8,1,9,1800,0,0,0,10,22.6870439496912,67.14060031595577,66.66666666666667,90,15.090543259557345,27.77777777777778,66.66666666666667,66.66666666666667,2.0,10,15,8,75.73333333333333
S45G01N204,2024-2025,20250303,435,away,35,13,0,13,8,21,4,33,15,18,8,0,0,9,6,1,2,51,23,11,8,60,60,5,0,12,1800,0,0,0,12,-22.6870439496912,54.585152838427945,52.94117647058823,60,17.921146953405017,32.0,66.66666666666667,56.52173913043478,1.0833333333333333,10,15,9,75.73333333333333,70,18,4,17,5,22,3,25,17,23,10,0,0,6,4,7,17,48,27,14,8,68,54,8,1,9,1800,0,0,0,10,22.6870439496912,67.14060031595577,66.66666666666667,90,15.090543259557345,27.77777777777778,66.66666666666667,66.66666666666667,2.0,10,15,8,75.73333333333333
S45G01N204,2024-2025,20250303,436,away,35,13,0,13,8,21,4,33,15,18,8,0,0,9,6,1,2,51,23,11,8,60,60,5,0,12,1800,0,0,0,12,-22.6870439496912,54.585152838427945,52.94117647058823,60,17.921146953405017,32.0,66.66666666666667,56.52173913043478,1.0833333333333333,10,15,9,75.73333333333333,70,18,4,17,5,22,3,25,17,23,10,0,0,6,4,7,17,48,27,14,8,68,54,8,1,9,1800,0,0,0,10,22.6870439496912,67.14060031595577,66.66666666666667,90,15.090543259557345,27.77777777777778,66.66666666666667,66.66666666666667,2.0,10,15,8,75.73333333333333
S45G01N204,2024-2025,20250303,437,away,35,13,0,13,8,21,4,33,15,18,8,0,0,9,6,1,2,51,23,11,8,60,60,5,0,12,1800,0,0,0,12,-22.6870439496912,54.585152838427945,52.94117647058823,60,17.921146953405017,32.0,66.66666666666667,56.52173913043478,1.0833333333333333,10,15,9,75.73333333333333,70,18,4,17,5,22,3,25,17,23,10,0,0,6,4,7,17,48,27,14,8,68,54,8,1,9,1800,0,0,0,10,22.6870439496912,67.14060031595577,66.66666666666667,90,15.090543259557345,27.77777777777778,66.66666666666667,66.66666666666667,2.0,10,15,8,75.73333333333333
S45G01N204,2024-2025,20250303,438,away,35,13,0,13,8,21,4,33,15,18,8,0,0,9,6,1,2,51,23,11,8,60,60,5,0,12,1800,0,0,0,12,-22.6870439496912,54.585152838427945,52.94117647058823,60,17.921146953405017,32.0,66.66666666666667,56.52173913043478,1.0833333333333333,10,15,9,75.73333333333333,70,18,4,17,5,22,3,25,17,23,10,0,0,6,4,7,17,48,27,14,8,68,54,8,1,9,1800,0,0,0,10,22.6870439496912,67.14060031595577,66.66666666666667,90,15.090543259557345,27.77777777777778,66.66666666666667,66.66666666666667,2.0,10,15,8,75.73333333333333
S45G01N204,2024-2025,20250303,439,away,35,13,0,13,8,21,4,33,15,18,8,0,0,9,6,1,2,51,23,11,8,60,60,5,0,12,1800,0,0,0,12,-22.6870439496912,54.585152838427945,52.94117647058823,60,17.921146953405017,32.0,66.66666666666667,56.52173913043478,1.0833333333333333,10,15,9,75.73333333333333,70,18,4,17,5,22,3,25,17,23,10,0,0,6,4,7,17,48,27,14,8,68,54,8,1,9,1800,0,0,0,10,22.6870439496912,67.14060031595577,66.66666666666667,90,15.090543259557345,27.77777777777778,66.66666666666667,66.66666666666667,2.0,10,15,8,75.73333333333333
S45G01N204,2024-2025,20250303,440,away,35,13,0,13,8,21,4,33,15,18,8,0,0,9,6,1,2,51,23,11,8,60,60,5,0,12,1800,0,0,0,12,-22.6870439496912,54.585152838427945,52.94117647058823,60,17.921146953405017,32.0,66.66666666666667,56.52173913043478,1.0833333333333333,10,15,9,75.73333333333333,70,18,4,17,5,22,3,25,17,23,10,0,0,6,4,7,17,48,27,14,8,68,54,8,1,9,1800,0,0,0,10,22.6870439496912,67.14060031595577,66.66666666666667,90,15.090543259557345,27.77777777777778,66.66666666666667,66.66666666666667,2.0,10,15,8,75.73333333333333
S45G01N204,2024-2025,20250303,441,away,35,13,0,13,8,21,4,33,15,18,8,0,0,9,6,1,2,51,23,11,8,60,60,5,0,12,1800,0,0,0,12,-22.6870439496912,54.585152838427945,52.94117647058823,60,17.921146953405017,32.0,66.66666666666667,56.52173913043478,1.0833333333333333,10,15,9,75.73333333333333,70,18,4,17,5,22,3,25,17,23,10,0,0,6,4,7,17,48,27,14,8,68,54,8,1,9,1800,0,0,0,10,22.6870439496912,67.14060031595577,66.66666666666667,90,15.090543259557345,27.77777777777778,66.66666666666667,66.66666666666667,2.0,10,15,8,75.73333333333333
S45G01N204,2024-2025,20250303,442,away,35,13,0,13,8,21,4,33,15,18,8,0,0,9,6,1,2,51,23,11,8,60,60,5,0,12,1800,0,0,0,12,-22.6870439496912,54.585152838427945,52.94117647058823,60,17.921146953405017,32.0,66.66666666666667,56.52173913043478,1.0833333333333333,10,15,9,75.73333333333333,70,18,4,17,5,22,3,25,17,23,10,0,0,6,4,7,17,48,27,14,8,68,54,8,1,9,1800,0,0,0,10,22.6870439496912,67.14060031595577,66.66666666666667,90,15.090543259557345,27.77777777777778,66.66666666666667,66.66666666666667,2.0,10,15,8,75.73333333333333
S45G01N204,2024-2025,20250303,443,away,35,13,0,13,8,21,4,33,15,18,8,0,0,9,6,1,2,51,23,11,8,60,60,5,0,12,1800,0,0,0,12,-22.6870439496912,54.585152838427945,52.94117647058823,60,17.921146953405017,32.0,66.66666666666667,56.52173913043478,1.0833333333333333,10,15,9,75.73333333333333,70,18,4,17,5,22,3,25,17,23,10,0,0,6,4,7,17,48,27,14,8,68,54,8,1,9,1800,0,0,0,10,22.6870439496912,67.14060031595577,66.66666666666667,90,15.090543259557345,27.77777777777778,66.66666666666667,66.66666666666667,2.0,10,15,8,75.73333333333333
S45G01N204,2024-2025,20250303,444,away,35,13,0,13,8,21,4,33,15,18,8,0,0,9,6,1,2,51,23,11,8,60,60,5,0,12,1800,0,0,0,12,-22.6870439496912,54.585152838427945,52.94117647058823,60,17.921146953405017,32.0,66.66666666666667,56.52173913043478,1.0833333333333333,10,15,9,75.73333333333333,70,18,4,17,5,22,3,25,17,23,10,0,0,6,4,7,17,48,27,14,8,68,54,8,1,9,1800,0,0,0,10,22.6870439496912,67.14060031595577,66.66666666666667,90,15.090543259557345,27.77777777777778,66.66666666666667,66.66666666666667,2.0,10,15,8,75.73333333333333
S45G01N204,2024-2025,20250303,445,away,35,13,0,13,8,21,4,33,15,18,8,0,0,9,6,1,2,51,23,11,8,60,60,5,0,12,1800,0,0,0,12,-22.6870439496912,54.585152838427945,52.94117647058823,60,17.921146953405017,32.0,66.66666666666667,56.52173913043478,1.0833333333333333,10,15,9,75.73333333333333,70,18,4,17,5,22,3,25,17,23,10,0,0,6,4,7,17,48,27,14,8,68,54,8,1,9,1800,0,0,0,10,22.6870439496912,67.14060031595577,66.66666666666667,90,15.090543259557345,27.77777777777778,66.66666666666667,66.66666666666667,2.0,10,15,8,75.73333333333333
S45G01N204,2024-2025,20250303,446,away,35,13,0,13,8,21,4,33,15,18,8,0,0,9,6,1,2,51,23,11,8,60,60,5,0,12,1800,0,0,0,12,-22.6870439496912,54.585152838427945,52.94117647058823,60,17.921146953405017,32.0,66.66666666666667,56.52173913043478,1.0833333333333333,10,15,9,75.73333333333333,70,18,4,17,5,22,3,25,17,23,10,0,0,6,4,7,17,48,27,14,8,68,54,8,1,9,1800,0,0,0,10,22.6870439496912,67.14060031595577,66.66666666666667,90,15.090543259557345,27.77777777777778,66.66666666666667,66.66666666666667,2.0,10,15,8,75.73333333333333
S45G01N204,2024-2025,20250303,447,away,35,13,0,13,8,21,4,33,15,18,8,0,0,9,6,1,2,51,23,11,8,60,60,5,0,12,1800,0,0,0,12,-22.6870439496912,54.585152838427945,52.94117647058823,60,17.921146953405017,32.0,66.66666666666667,56.52173913043478,1.0833333333333333,10,15,9,75.73333333333333,70,18,4,17,5,22,3,25,17,23,10,0,0,6,4,7,17,48,27,14,8,68,54,8,1,9,1800,0,0,0,10,22.6870439496912,67.14060031595577,66.66666666666667,90,15.090543259557345,27.77777777777778,66.66666666666667,66.66666666666667,2.0,10,15,8,75.73333333333333
S45G01N204,2024-2025,20250303,448,away,35,13,0,13,8,21,4,33,15,18,8,0,0,9,6,1,2,51,23,11,8,60,60,5,0,12,1800,0,0,0,12,-22.6870439496912,54.585152838427945,52.94117647058823,60,17.921146953405017,32.0,66.66666666666667,56.52173913043478,1.0833333333333333,10,15,9,75.73333333333333,70,18,4,17,5,22,3,25,17,23,10,0,0,6,4,7,17,48,27,14,8,68,54,8,1,9,1800,0,0,0,10,22.6870439496912,67.14060031595577,66.66666666666667,90,15.090543259557345,27.77777777777778,66.66666666666667,66.66666666666667,2.0,10,15,8,75.73333333333333
S45G01N204,2024-2025,20250303,449,away,35,13,0,13,8,21,4,33,15,18,8,0,0,9,6,1,2,51,23,12,8,60,60,5,0,12,1815,0,0,0,12,-22.6870439496912,54.585152838427945,52.94117647058823,60,17.921146953405017,32.0,66.66666666666667,56.52173913043478,1.0833333333333333,10,15,9,75.10743801652893,70,18,4,17,5,22,3,25,17,23,10,0,0,6,4,7,17,48,27,14,8,68,54,8,1,9,1815,0,0,0,10,22.6870439496912,67.14060031595577,66.66666666666667,90,15.090543259557345,27.77777777777778,66.66666666666667,66.66666666666667,2.0,10,15,8,75.10743801652893
S45G01N204,2024-2025,20250303,450,away,35,13,0,13,8,21,4,33,15,18,8,0,0,9,6,1,2,51,23,12,8,60,60,5,0,12,1815,0,0,0,12,-22.6870439496912,54.585152838427945,52.94117647058823,60,17.921146953405017,32.0,66.66666666666667,56.52173913043478,1.0833333333333333,10,15,9,75.10743801652893,70,18,4,17,5,22,3,25,17,23,10,0,0,6,4,7,17,48,27,14,8,68,54,8,1,9,1815,0,0,0,10,22.6870439496912,67.14060031595577,66.66666666666667,90,15.090543259557345,27.77777777777778,66.66666666666667,66.66666666666667,2.0,10,15,8,75.10743801652893
S45G01N204,2024-2025,20250303,451,away,35,13,0,13,8,21,4,33,15,18,8,0,0,9,6,1,2,51,23,12,8,60,60,5,0,12,1815,0,0,0,12,-21.692882389399827,54.585152838427945,52.94117647058823,60,17.921146953405017,32.0,66.66666666666667,56.52173913043478,1.0833333333333333,10,15,9,75.39834710743803,70,18,4,17,5,22,3,25,17,23,10,0,0,7,4,7,17,48,27,14,8,68,55,8,1,9,1815,0,0,0,10,21.692882389399827,66.56225528582615,66.66666666666667,89,14.980026631158456,27.77777777777778,57.142857142857146,66.66666666666667,2.0,10,15,8,75.39834710743803
S45G01N204,2024-2025,20250303,452,away,35,13,0,13,8,21,4,33,15,18,8,0,0,9,6,1,2,51,23,12,8,60,60,5,0,12,1815,0,0,0,12,-20.714478433089994,54.585152838427945,52.94117647058823,60,17.921146953405017,32.0,66.66666666666667,56.52173913043478,1.0833333333333333,10,15,9,75.68925619834712,70,18,4,17,5,22,3,25,17,23,10,0,0,8,4,7,17,48,27,14,8,68,56,8,1,9,1815,0,0,0,10,20.714478433089994,65.99378881987577,66.66666666666667,88,14.87111698612029,27.77777777777778,50.0,66.66666666666667,2.0,10,15,8,75.68925619834712
S45G01N204,2024-2025,20250303,453,away,35,13,0,14,8,22,4,33,15,18,8,0,0,9,6,1,2,51,23,12,8,60,60,5,0,12,1816,0,0,0,12,-20.714478433089994,54.585152838427945,52.94117647058823,61,17.921146953405017,32.0,66.66666666666667,56.52173913043478,1.0833333333333333,10,15,9,75.64757709251103,70,18,4,17,5,22,3,25,17,23,10,0,0,8,4,7,17,48,27,14,8,68,56,8,1,9,1816,0,0,0,10,20.714478433089994,65.99378881987577,66.66666666666667,88,14.87111698612029,26.31578947368421,50.0,66.66666666666667,2.0,10,15,8,75.64757709251103
S45G01N204,2024-2025,20250303,454,away,35,13,0,14,8,22,4,33,15,18,8,0,0,9,6,1,2,51,23,13,9,60,60,5,0,12,1827,0,0,0,12,-20.714478433089994,54.585152838427945,52.94117647058823,61,17.921146953405017,32.0,66.66666666666667,56.52173913043478,1.0833333333333333,10,15,9,75.192118226601,70,18,4,17,5,22,3,25,17,23,10,0,0,8,4,7,17,48,27,14,8,68,56,8,1,9,1827,0,0,0,10,20.714478433089994,65.99378881987577,66.66666666666667,88,14.87111698612029,26.31578947368421,50.0,66.66666666666667,2.0,10,15,8,75.192118226601
S45G01N204,2024-2025,20250303,455,away,35,13,0,14,8,22,4,33,15,18,8,0,0,9,6,1,2,51,23,13,9,60,60,5,0,12,1827,0,0,0,12,-20.714478433089994,54.585152838427945,52.94117647058823,61,17.921146953405017,32.0,66.66666666666667,56.52173913043478,1.0833333333333333,10,15,9,75.192118226601,70,18,4,17,5,22,3,25,17,23,10,0,0,8,4,7,17,48,27,14,8,68,56,8,1,9,1827,0,0,0,10,20.714478433089994,65.99378881987577,66.66666666666667,88,14.87111698612029,26.31578947368421,50.0,66.66666666666667,2.0,10,15,8,75.192118226601
S45G01N204,2024-2025,20250303,456,away,35,13,0,14,8,22,4,33,15,18,8,0,0,9,6,1,2,51,23,13,9,60,60,5,0,13,1827,0,0,0,13,-22.411675026386476,54.585152838427945,52.94117647058823,60,19.128899352560328,32.0,66.66666666666667,56.52173913043478,1.0,10,15,9,75.8489326765189,70,18,4,17,5,22,3,25,17,23,10,0,0,8,4,7,17,48,27,14,8,68,56,8,1,9,1827,0,0,0,10,22.411675026386476,65.99378881987577,66.66666666666667,88,14.87111698612029,26.31578947368421,50.0,66.66666666666667,2.0,10,15,8,75.8489326765189
S45G01N204,2024-2025,20250303,457,away,35,13,0,14,8,22,4,33,15,18,8,0,0,9,6,1,2,51,23,13,9,60,60,5,0,13,1827,0,0,0,13,-22.411675026386476,54.585152838427945,52.94117647058823,60,19.128899352560328,32.0,66.66666666666667,56.52173913043478,1.0,10,15,9,75.8489326765189,70,18,4,17,5,22,3,25,17,23,10,0,0,8,4,7,17,48,27,14,8,68,56,8,1,9,1827,0,0,0,10,22.411675026386476,65.99378881987577,66.66666666666667,88,14.87111698612029,26.31578947368421,50.0,66.66666666666667,2.0,10,15,8,75.8489326765189
S45G01N204,2024-2025,20250303,458,away,35,13,0,14,8,22,4,33,15,18,8,0,0,9,6,1,2,51,23,13,9,60,60,5,0,13,1848,0,0,0,13,-20.244683055984012,54.585152838427945,52.94117647058823,60,19.128899352560328,32.0,66.66666666666667,56.52173913043478,1.0,10,15,9,75.63636363636365,70,18,4,17,5,22,3,26,17,23,10,0,0,8,4,7,17,49,27,14,8,68,57,8,1,9,1848,0,0,0,10,20.244683055984012,64.73724295506473,65.3061224489796,87,14.629388816644992,26.31578947368421,50.0,66.66666666666667,2.0,10,15,8,75.63636363636365
S45G01N204,2024-2025,20250303,459,away,35,13,0,15,8,23,4,33,15,18,8,0,0,9,6,1,2,51,23,13,9,60,60,5,0,13,1851,0,0,0,13,-20.244683055984012,54.585152838427945,52.94117647058823,61,19.128899352560328,32.0,66.66666666666667,56.52173913043478,1.0,10,15,9,75.51377633711509,70,18,4,17,5,22,3,26,17,23,10,0,0,8,4,7,17,49,27,14,8,68,57,8,1,9,1851,0,0,0,10,20.244683055984012,64.73724295506473,65.3061224489796,87,14.629388816644992,25.0,50.0,66.66666666666667,2.0,10,15,8,75.51377633711509
S45G01N204,2024-2025,20250303,460,away,35,13,0,15,8,23,4,33,15,18,8,0,0,9,6,1,2,51,23,13,9,60,60,5,0,13,1851,0,0,0,13,-20.244683055984012,54.585152838427945,52.94117647058823,61,19.128899352560328,32.0,66.66666666666667,56.52173913043478,1.0,10,15,9,75.51377633711509,70,18,4,17,5,22,3,26,17,23,10,0,0,8,4,7,17,49,27,14,8,68,57,8,1,9,1851,0,0,0,10,20.244683055984012,64.73724295506473,65.3061224489796,87,14.629388816644992,25.0,50.0,66.66666666666667,2.0,10,15,8,75.51377633711509
S45G01N204,2024-2025,20250303,461,away,35,13,0,15,8,23,4,33,15,18,8,0,0,9,6,1,2,51,23,13,9,60,60,5,0,13,1851,0,0,0,13,-20.244683055984012,54.585152838427945,52.94117647058823,61,19.128899352560328,32.0,66.66666666666667,56.52173913043478,1.0,10,15,9,75.51377633711509,70,18,4,17,5,22,3,26,17,23,10,0,0,8,4,7,17,49,27,14,8,68,57,8,1,9,1851,0,0,0,10,20.244683055984012,64.73724295506473,65.3061224489796,87,14.629388816644992,25.0,50.0,66.66666666666667,2.0,10,15,8,75.51377633711509
S45G01N204,2024-2025,20250303,462,away,35,13,0,15,8,23,4,34,16,18,8,0,0,9,6,1,2,52,24,13,9,62,61,5,0,13,1867,0,0,0,13,-18.605357451337696,55.396711937097926,53.84615384615385,63,18.85150812064965,32.0,66.66666666666667,54.166666666666664,1.0,2,15,9,75.50937332619176,70,18,4,17,5,22,3,26,17,23,10,0,0,8,4,7,17,49,27,14,8,68,57,8,1,9,1867,0,0,0,10,18.605357451337696,64.73724295506473,65.3061224489796,87,14.629388816644992,25.0,50.0,66.66666666666667,2.0,2,15,8,75.50937332619176
S45G01N204,2024-2025,20250303,463,away,35,13,0,15,8,23,4,34,16,18,8,0,0,9,6,1,2,52,24,13,9,62,61,5,0,13,1885,0,0,0,13,-16.513712906888045,55.396711937097926,53.84615384615385,63,18.85150812064965,32.0,66.66666666666667,54.166666666666664,1.0,2,15,9,75.42493368700266,70,18,4,17,5,22,3,27,17,23,10,0,0,8,4,7,17,50,27,14,8,68,58,8,1,9,1885,0,0,0,10,16.513712906888045,63.52765321375186,64.0,86,14.39539347408829,25.0,50.0,66.66666666666667,2.0,2,15,8,75.42493368700266
S45G01N204,2024-2025,20250303,464,away,35,13,1,15,8,23,4,34,16,18,8,0,0,9,6,1,2,52,24,13,9,62,61,5,0,13,1886,0,0,0,13,-16.513712906888045,55.396711937097926,53.84615384615385,64,18.85150812064965,32.0,66.66666666666667,54.166666666666664,1.0,2,15,9,75.38494167550373,70,18,4,17,5,22,3,27,17,23,10,0,0,8,4,7,17,50,27,14,8,68,58,8,1,9,1886,0,0,0,10,16.513712906888045,63.52765321375186,64.0,86,14.39539347408829,25.0,50.0,66.66666666666667,2.0,2,15,8,75.38494167550373
S45G01N204,2024-2025,20250303,465,away,35,13,1,16,8,24,4,34,16,18,8,0,0,9,6,1,2,52,24,13,9,62,61,5,0,13,1887,0,0,0,13,-16.513712906888045,55.396711937097926,53.84615384615385,65,18.85150812064965,32.0,66.66666666666667,54.166666666666664,1.0,2,15,9,75.34499205087441,70,18,4,17,5,22,3,27,17,23,10,0,0,8,4,7,17,50,27,14,8,68,58,8,1,9,1887,0,0,0,10,16.513712906888045,63.52765321375186,64.0,86,14.39539347408829,23.80952380952381,50.0,66.66666666666667,2.0,2,15,8,75.34499205087441
S45G01N204,2024-2025,20250303,466,away,35,13,1,16,8,24,4,34,16,19,8,0,0,9,6,1,2,53,24,13,9,62,62,5,0,13,1894,0,0,0,13,-18.155191873082472,54.424157303370784,52.83018867924528,64,18.582046883933675,32.0,66.66666666666667,54.166666666666664,1.0,2,15,9,75.70010559662092,70,18,4,17,5,22,3,27,17,23,10,0,0,8,4,7,17,50,27,14,8,68,58,8,1,9,1894,0,0,0,10,18.155191873082472,63.52765321375186,64.0,86,14.39539347408829,23.80952380952381,50.0,66.66666666666667,2.0,2,15,8,75.70010559662092
S45G01N204,2024-2025,20250303,467,away,35,13,1,16,9,25,4,34,16,19,8,0,0,9,6,1,2,53,24,13,9,62,62,5,0,13,1896,0,0,0,13,-16.513712906888045,54.424157303370784,52.83018867924528,65,18.582046883933675,34.61538461538461,66.66666666666667,54.166666666666664,1.0,2,15,9,74.98734177215192,70,18,4,17,5,22,3,27,17,23,10,0,0,8,4,7,17,50,27,14,8,68,58,8,1,9,1896,0,0,0,10,16.513712906888045,63.52765321375186,64.0,86,14.39539347408829,23.80952380952381,50.0,66.66666666666667,2.0,2,15,8,74.98734177215192
S45G01N204,2024-2025,20250303,468,away,35,13,1,16,9,25,4,34,16,19,8,0,0,9,6,1,2,53,24,14,10,62,62,5,0,13,1901,0,0,0,13,-16.513712906888045,54.424157303370784,52.83018867924528,65,18.582046883933675,34.61538461538461,66.66666666666667,54.166666666666664,1.0,2,15,9,74.79011046817466,70,18,4,17,5,22,3,27,17,23,10,0,0,8,4,7,17,50,27,14,8,68,58,8,1,9,1901,0,0,0,10,16.513712906888045,63.52765321375186,64.0,86,14.39539347408829,23.80952380952381,50.0,66.66666666666667,2.0,2,15,8,74.79011046817466
S45G01N204,2024-2025,20250303,469,away,35,13,1,16,9,25,4,34,16,19,8,0,0,9,6,1,2,53,24,14,10,62,62,5,0,13,1901,0,0,0,13,-16.513712906888045,54.424157303370784,52.83018867924528,65,18.582046883933675,34.61538461538461,66.66666666666667,54.166666666666664,1.0,2,15,9,74.79011046817466,70,18,4,17,5,22,3,27,17,23,10,0,0,8,4,7,17,50,27,14,8,68,58,8,1,9,1901,0,0,0,10,16.513712906888045,63.52765321375186,64.0,86,14.39539347408829,23.80952380952381,50.0,66.66666666666667,2.0,2,15,8,74.79011046817466
S45G01N204,2024-2025,20250303,470,away,35,13,1,16,9,25,4,34,16,19,8,0,0,9,6,1,2,53,24,14,10,62,62,5,0,14,1901,0,0,0,14,-18.155191873082472,54.424157303370784,52.83018867924528,64,19.72942502818489,34.61538461538461,66.66666666666667,54.166666666666664,0.9285714285714286,2,15,9,75.42135718043137,70,18,4,17,5,22,3,27,17,23,10,0,0,8,4,7,17,50,27,14,8,68,58,8,1,9,1901,0,0,0,10,18.155191873082472,63.52765321375186,64.0,86,14.39539347408829,23.80952380952381,50.0,66.66666666666667,2.0,2,15,8,75.42135718043137
S45G01N204,2024-2025,20250303,471,away,35,13,1,16,9,25,4,34,16,19,8,0,0,9,6,1,2,53,24,14,10,62,62,5,0,14,1901,0,0,0,14,-18.155191873082472,54.424157303370784,52.83018867924528,64,19.72942502818489,34.61538461538461,66.66666666666667,54.166666666666664,0.9285714285714286,2,15,9,75.42135718043137,70,18,4,17,5,22,3,27,17,23,10,0,0,8,4,7,17,50,27,14,8,68,58,8,1,9,1901,0,0,0,10,18.155191873082472,63.52765321375186,64.0,86,14.39539347408829,23.80952380952381,50.0,66.66666666666667,2.0,2,15,8,75.42135718043137
S45G01N204,2024-2025,20250303,472,away,35,13,1,16,9,25,4,34,16,19,8,0,0,9,6,1,2,53,24,14,10,62,62,5,0,14,1901,0,0,0,14,-18.155191873082472,54.424157303370784,52.83018867924528,64,19.72942502818489,34.61538461538461,66.66666666666667,54.166666666666664,0.9285714285714286,2,15,9,75.42135718043137,70,18,4,17,5,22,3,27,17,23,10,0,0,8,4,7,17,50,27,14,8,68,58,8,1,9,1901,0,0,0,10,18.155191873082472,63.52765321375186,64.0,86,14.39539347408829,23.80952380952381,50.0,66.66666666666667,2.0,2,15,8,75.42135718043137
S45G01N204,2024-2025,20250303,473,away,35,13,1,16,9,25,4,34,16,19,8,0,0,9,6,1,2,53,24,14,10,62,62,5,0,14,1901,0,0,0,14,-18.155191873082472,54.424157303370784,52.83018867924528,64,19.72942502818489,34.61538461538461,66.66666666666667,54.166666666666664,0.9285714285714286,2,15,9,75.42135718043137,70,18,4,17,5,22,3,27,17,23,10,0,0,8,4,7,17,50,27,14,8,68,58,8,1,9,1901,0,0,0,10,18.155191873082472,63.52765321375186,64.0,86,14.39539347408829,23.80952380952381,50.0,66.66666666666667,2.0,2,15,8,75.42135718043137
S45G01N204,2024-2025,20250303,474,away,35,13,1,16,9,25,4,34,16,19,8,0,0,9,6,1,2,53,24,14,10,62,62,5,0,14,1901,0,0,0,14,-18.155191873082472,54.424157303370784,52.83018867924528,64,19.72942502818489,34.61538461538461,66.66666666666667,54.166666666666664,0.9285714285714286,2,15,9,75.42135718043137,70,18,4,17,5,22,3,27,17,23,10,0,0,8,4,7,17,50,27,14,8,68,58,8,1,9,1901,0,0,0,10,18.155191873082472,63.52765321375186,64.0,86,14.39539347408829,23.80952380952381,50.0,66.66666666666667,2.0,2,15,8,75.42135718043137
S45G01N204,2024-2025,20250303,475,away,35,13,1,16,9,25,4,34,16,19,8,0,0,9,6,1,2,53,24,14,10,62,62,5,0,14,1901,0,0,0,14,-18.155191873082472,54.424157303370784,52.83018867924528,64,19.72942502818489,34.61538461538461,66.66666666666667,54.166666666666664,0.9285714285714286,2,15,9,75.42135718043137,70,18,4,17,5,22,3,27,17,23,10,0,0,8,4,7,17,50,27,14,8,68,58,8,1,9,1901,0,0,0,10,18.155191873082472,63.52765321375186,64.0,86,14.39539347408829,23.80952380952381,50.0,66.66666666666667,2.0,2,15,8,75.42135718043137
S45G01N204,2024-2025,20250303,476,away,35,13,1,16,9,25,4,34,16,19,8,0,0,9,6,1,2,53,24,14,10,62,62,5,0,14,1901,0,0,0,14,-18.155191873082472,54.424157303370784,52.83018867924528,64,19.72942502818489,34.61538461538461,66.66666666666667,54.166666666666664,0.9285714285714286,2,15,9,75.42135718043137,70,18,4,17,5,22,3,27,17,23,10,0,0,8,4,7,17,50,27,14,8,68,58,8,1,9,1901,0,0,0,10,18.155191873082472,63.52765321375186,64.0,86,14.39539347408829,23.80952380952381,50.0,66.66666666666667,2.0,2,15,8,75.42135718043137
S45G01N204,2024-2025,20250303,477,away,35,13,1,16,9,25,4,34,16,19,8,0,0,9,6,1,2,53,24,14,10,62,62,5,0,14,1901,0,0,0,14,-18.155191873082472,54.424157303370784,52.83018867924528,64,19.72942502818489,34.61538461538461,66.66666666666667,54.166666666666664,0.9285714285714286,2,15,9,75.42135718043137,70,18,4,17,5,22,3,27,17,23,10,0,0,8,4,7,17,50,27,14,8,68,58,8,1,9,1901,0,0,0,10,18.155191873082472,63.52765321375186,64.0,86,14.39539347408829,23.80952380952381,50.0,66.66666666666667,2.0,2,15,8,75.42135718043137
S45G01N204,2024-2025,20250303,478,away,35,13,1,16,9,25,4,34,16,19,8,0,0,9,6,1,2,53,24,14,10,62,62,5,0,14,1917,0,0,0,14,-16.13503210458802,54.424157303370784,52.83018867924528,64,19.72942502818489,34.61538461538461,66.66666666666667,54.166666666666664,0.9285714285714286,2,15,9,75.41784037558688,70,18,4,17,5,22,3,28,17,23,10,0,0,8,4,7,17,51,27,14,8,68,59,8,1,9,1917,0,0,0,10,16.13503210458802,62.36243580337491,62.745098039215684,85,14.168765743073047,23.80952380952381,50.0,66.66666666666667,2.0,2,15,8,75.41784037558688
S45G01N204,2024-2025,20250303,479,away,35,13,1,17,9,26,4,34,16,19,8,0,0,9,6,1,2,53,24,14,10,62,62,5,0,14,1918,0,0,0,14,-16.13503210458802,54.424157303370784,52.83018867924528,65,19.72942502818489,34.61538461538461,66.66666666666667,54.166666666666664,0.9285714285714286,2,15,9,75.37851929092807,70,18,4,17,5,22,3,28,17,23,10,0,0,8,4,7,17,51,27,14,8,68,59,8,1,9,1918,0,0,0,10,16.13503210458802,62.36243580337491,62.745098039215684,85,14.168765743073047,22.727272727272727,50.0,66.66666666666667,2.0,2,15,8,75.37851929092807
S45G01N204,2024-2025,20250303,480,away,35,13,1,17,9,26,4,34,16,19,8,0,0,9,6,1,2,53,24,14,10,62,62,5,0,14,1933,0,0,0,14,-16.13503210458802,54.424157303370784,52.83018867924528,65,19.72942502818489,34.61538461538461,66.66666666666667,54.166666666666664,0.9285714285714286,2,15,9,74.79358510087947,70,18,4,17,5,22,3,28,17,23,10,0,0,8,4,7,17,51,27,15,9,68,59,8,1,9,1933,0,0,0,10,16.13503210458802,62.36243580337491,62.745098039215684,85,14.168765743073047,22.727272727272727,50.0,66.66666666666667,2.0,2,15,8,74.79358510087947
S45G01N204,2024-2025,20250303,481,away,35,13,1,17,9,26,4,34,16,19,8,0,0,9,6,1,2,53,24,14,10,62,62,5,0,14,1933,0,0,0,14,-16.13503210458802,54.424157303370784,52.83018867924528,65,19.72942502818489,34.61538461538461,66.66666666666667,54.166666666666664,0.9285714285714286,2,15,9,74.79358510087947,70,18,4,17,5,22,3,28,17,23,10,0,0,8,4,7,17,51,27,15,9,68,59,8,1,9,1933,0,0,0,10,16.13503210458802,62.36243580337491,62.745098039215684,85,14.168765743073047,22.727272727272727,50.0,66.66666666666667,2.0,2,15,8,74.79358510087947
S45G01N204,2024-2025,20250303,482,away,35,13,1,17,9,26,4,34,16,19,8,0,0,9,6,1,2,53,24,14,10,62,62,5,0,14,1933,0,0,0,14,-16.13503210458802,54.424157303370784,52.83018867924528,65,19.72942502818489,34.61538461538461,66.66666666666667,54.166666666666664,0.9285714285714286,2,15,9,74.79358510087947,70,18,4,17,5,22,3,28,17,23,10,0,0,8,4,7,17,51,27,15,9,68,59,8,1,9,1933,0,0,0,10,16.13503210458802,62.36243580337491,62.745098039215684,85,14.168765743073047,22.727272727272727,50.0,66.66666666666667,2.0,2,15,8,74.79358510087947
S45G01N204,2024-2025,20250303,483,away,35,13,1,17,9,26,4,34,16,19,8,0,0,9,6,1,2,53,24,14,10,62,62,5,0,14,1933,0,0,0,14,-16.13503210458802,54.424157303370784,52.83018867924528,65,19.72942502818489,34.61538461538461,66.66666666666667,54.166666666666664,0.9285714285714286,2,15,9,74.79358510087947,70,18,4,17,5,22,3,28,17,23,10,0,0,8,4,7,17,51,27,15,9,68,59,8,1,9,1933,0,0,0,10,16.13503210458802,62.36243580337491,62.745098039215684,85,14.168765743073047,22.727272727272727,50.0,66.66666666666667,2.0,2,15,8,74.79358510087947
S45G01N204,2024-2025,20250303,484,away,35,13,1,17,9,26,4,34,16,19,8,0,0,9,6,1,2,53,24,14,10,62,62,5,0,15,1944,0,0,0,15,-17.724367520395077,54.424157303370784,52.83018867924528,64,20.844913841022787,34.61538461538461,66.66666666666667,54.166666666666664,0.8666666666666667,2,15,9,74.98765432098766,70,18,4,17,5,22,3,28,17,23,10,0,0,8,4,7,17,51,27,15,9,68,59,8,1,9,1944,0,0,0,10,17.724367520395077,62.36243580337491,62.745098039215684,85,14.168765743073047,22.727272727272727,50.0,66.66666666666667,2.0,2,15,8,74.98765432098766
S45G01N204,2024-2025,20250303,485,away,35,13,1,17,9,26,4,34,16,19,8,0,0,9,6,1,2,53,24,14,10,62,62,5,0,15,1960,0,0,0,15,-15.772089464551641,54.424157303370784,52.83018867924528,64,20.844913841022787,34.61538461538461,66.66666666666667,54.166666666666664,0.8666666666666667,2,15,9,74.98775510204084,70,18,4,17,5,22,3,29,17,23,10,0,0,8,4,7,17,52,27,15,9,68,60,8,1,9,1960,0,0,0,10,15.772089464551641,61.23919308357348,61.53846153846154,84,13.949163050216985,22.727272727272727,50.0,66.66666666666667,2.0,2,15,8,74.98775510204084
S45G01N204,2024-2025,20250303,486,away,35,13,1,17,9,26,4,34,16,19,8,0,0,9,6,1,2,53,24,14,10,62,62,5,0,15,1962,0,0,0,15,-17.724367520395063,54.424157303370784,52.83018867924528,64,20.844913841022787,34.61538461538461,66.66666666666667,54.166666666666664,0.8666666666666667,2,15,9,74.29969418960245,70,18,4,17,6,23,3,29,17,23,10,0,0,8,4,7,17,52,27,15,9,68,60,8,1,9,1962,0,0,0,10,17.724367520395063,61.23919308357348,61.53846153846154,85,13.949163050216985,26.08695652173913,50.0,66.66666666666667,2.0,2,15,8,74.29969418960245
S45G01N204,2024-2025,20250303,487,away,35,13,1,17,9,26,4,34,16,19,8,0,0,9,6,1,2,53,24,14,10,62,62,5,0,15,1971,0,0,0,15,-19.13230451831508,54.424157303370784,52.83018867924528,64,20.844913841022787,34.61538461538461,66.66666666666667,54.166666666666664,0.8666666666666667,2,15,9,74.56925418569254,70,18,4,17,6,23,3,30,18,23,10,0,0,8,4,7,17,53,28,15,9,70,61,8,1,9,1971,0,0,0,10,19.13230451831508,61.92498230714791,62.264150943396224,87,13.736263736263734,26.08695652173913,50.0,64.28571428571429,2.0,2,15,8,74.56925418569254
S45G01N204,2024-2025,20250303,488,away,35,13,1,17,9,26,4,34,16,19,8,0,0,9,6,1,2,53,24,14,10,62,62,5,0,15,1971,0,0,0,15,-19.13230451831508,54.424157303370784,52.83018867924528,64,20.844913841022787,34.61538461538461,66.66666666666667,54.166666666666664,0.8666666666666667,2,15,9,74.56925418569254,70,19,4,17,6,23,3,30,18,23,10,0,0,8,4,7,17,53,28,15,9,70,61,8,1,9,1971,0,0,0,10,19.13230451831508,61.92498230714791,62.264150943396224,88,13.736263736263734,26.08695652173913,50.0,67.85714285714286,2.111111111111111,2,15,8,74.56925418569254
S45G01N204,2024-2025,20250303,489,away,35,13,1,17,9,26,4,34,16,19,8,0,0,9,6,1,2,53,24,14,10,62,62,5,0,15,1971,0,0,0,15,-19.13230451831508,54.424157303370784,52.83018867924528,64,20.844913841022787,34.61538461538461,66.66666666666667,54.166666666666664,0.8666666666666667,2,15,9,74.56925418569254,70,19,4,17,6,23,3,30,18,23,10,0,0,8,4,7,17,53,28,15,9,70,61,8,1,9,1971,0,0,0,10,19.13230451831508,61.92498230714791,62.264150943396224,88,13.736263736263734,26.08695652173913,50.0,67.85714285714286,2.111111111111111,2,15,8,74.56925418569254
S45G01N204,2024-2025,20250303,490,away,35,13,1,17,9,26,4,34,16,19,8,0,0,9,6,1,2,53,24,14,10,62,62,5,0,15,1993,0,0,0,15,-19.13230451831508,54.424157303370784,52.83018867924528,64,20.844913841022787,34.61538461538461,66.66666666666667,54.166666666666664,0.8666666666666667,2,15,9,73.74611138986454,70,19,4,17,6,23,3,30,18,23,10,0,0,8,4,7,17,53,28,16,9,70,61,8,1,9,1993,0,0,0,10,19.13230451831508,61.92498230714791,62.264150943396224,88,13.736263736263734,26.08695652173913,50.0,67.85714285714286,2.111111111111111,2,15,8,73.74611138986454
S45G01N204,2024-2025,20250303,491,away,35,13,1,17,9,26,4,34,16,19,8,0,0,9,6,1,2,53,24,14,10,62,62,5,0,15,1993,0,0,0,15,-19.13230451831508,54.424157303370784,52.83018867924528,64,20.844913841022787,34.61538461538461,66.66666666666667,54.166666666666664,0.8666666666666667,2,15,9,73.74611138986454,70,19,4,17,6,23,3,30,18,23,10,0,0,8,4,7,17,53,28,16,9,70,61,8,1,9,1993,0,0,0,10,19.13230451831508,61.92498230714791,62.264150943396224,88,13.736263736263734,26.08695652173913,50.0,67.85714285714286,2.111111111111111,2,15,8,73.74611138986454
S45G01N204,2024-2025,20250303,492,away,35,13,1,17,9,26,4,34,16,19,8,0,0,9,6,1,2,53,24,14,10,62,62,5,0,15,1993,0,0,0,15,-19.13230451831508,54.424157303370784,52.83018867924528,64,20.844913841022787,34.61538461538461,66.66666666666667,54.166666666666664,0.8666666666666667,2,15,9,73.74611138986454,70,19,4,17,6,23,3,30,18,23,10,0,0,8,4,7,17,53,28,16,9,70,61,8,1,9,1993,0,0,0,10,19.13230451831508,61.92498230714791,62.264150943396224,88,13.736263736263734,26.08695652173913,50.0,67.85714285714286,2.111111111111111,2,15,8,73.74611138986454
S45G01N204,2024-2025,20250303,493,away,35,13,1,17,9,26,4,34,16,19,8,0,0,9,6,1,2,53,24,14,10,62,62,5,0,15,1993,0,0,0,15,-19.13230451831508,54.424157303370784,52.83018867924528,64,20.844913841022787,34.61538461538461,66.66666666666667,54.166666666666664,0.8666666666666667,2,15,9,73.74611138986454,70,19,4,17,6,23,3,30,18,23,10,0,0,8,4,7,17,53,28,16,9,70,61,8,1,9,1993,0,0,0,10,19.13230451831508,61.92498230714791,62.264150943396224,88,13.736263736263734,26.08695652173913,50.0,67.85714285714286,2.111111111111111,2,15,8,73.74611138986454
S45G01N204,2024-2025,20250303,494,away,35,13,1,17,9,26,4,34,16,19,8,0,0,9,6,1,2,53,24,14,10,62,62,5,0,15,1993,0,0,0,15,-19.13230451831508,54.424157303370784,52.83018867924528,64,20.844913841022787,34.61538461538461,66.66666666666667,54.166666666666664,0.8666666666666667,2,15,9,73.74611138986454,70,19,4,17,6,23,3,30,18,23,10,0,0,8,4,7,17,53,28,16,9,70,61,8,1,9,1993,0,0,0,10,19.13230451831508,61.92498230714791,62.264150943396224,88,13.736263736263734,26.08695652173913,50.0,67.85714285714286,2.111111111111111,2,15,8,73.74611138986454
S45G01N204,2024-2025,20250303,495,away,35,13,1,17,9,26,4,34,16,19,8,0,0,9,6,1,2,53,24,14,10,62,62,5,0,15,1993,0,0,0,15,-19.13230451831508,54.424157303370784,52.83018867924528,64,20.844913841022787,34.61538461538461,66.66666666666667,54.166666666666664,0.8666666666666667,2,15,9,73.74611138986454,70,19,4,17,6,23,3,30,18,23,10,0,0,8,4,7,17,53,28,16,9,70,61,8,1,9,1993,0,0,0,10,19.13230451831508,61.92498230714791,62.264150943396224,88,13.736263736263734,26.08695652173913,50.0,67.85714285714286,2.111111111111111,2,15,8,73.74611138986454
S45G01N204,2024-2025,20250303,496,away,35,13,1,17,9,26,4,34,16,19,8,0,0,9,6,1,2,53,24,14,10,62,62,5,0,15,1993,0,0,0,15,-19.13230451831508,54.424157303370784,52.83018867924528,64,20.844913841022787,34.61538461538461,66.66666666666667,54.166666666666664,0.8666666666666667,2,15,9,73.74611138986454,70,19,4,17,6,23,3,30,18,23,10,0,0,8,4,7,17,53,28,16,9,70,61,8,1,9,1993,0,0,0,10,19.13230451831508,61.92498230714791,62.264150943396224,88,13.736263736263734,26.08695652173913,50.0,67.85714285714286,2.111111111111111,2,15,8,73.74611138986454
S45G01N204,2024-2025,20250303,497,away,35,13,1,17,9,26,4,34,16,19,8,0,0,9,6,1,2,53,24,14,10,62,62,5,0,15,1993,0,0,0,15,-19.13230451831508,54.424157303370784,52.83018867924528,64,20.844913841022787,34.61538461538461,66.66666666666667,54.166666666666664,0.8666666666666667,2,15,9,73.74611138986454,70,19,4,17,6,23,3,30,18,23,10,0,0,8,4,7,17,53,28,16,9,70,61,8,1,9,1993,0,0,0,10,19.13230451831508,61.92498230714791,62.264150943396224,88,13.736263736263734,26.08695652173913,50.0,67.85714285714286,2.111111111111111,2,15,8,73.74611138986454
S45G01N204,2024-2025,20250303,498,away,35,13,1,17,9,26,4,34,16,19,8,0,0,10,7,1,2,53,24,14,10,63,63,5,0,15,1993,0,0,0,15,-18.23844170821883,54.87804878048781,52.83018867924528,65,20.718232044198892,34.61538461538461,70.0,54.166666666666664,0.8666666666666667,1,15,9,74.0110386352233,70,19,4,17,6,23,3,30,18,23,10,0,0,8,4,7,17,53,28,16,9,70,61,8,1,9,1993,0,0,0,10,18.23844170821883,61.92498230714791,62.264150943396224,88,13.736263736263734,26.08695652173913,50.0,67.85714285714286,2.111111111111111,1,15,8,74.0110386352233
S45G01N204,2024-2025,20250303,499,away,35,14,1,17,9,26,4,34,16,19,8,0,0,10,7,1,2,53,24,14,10,63,63,5,0,15,1993,0,0,0,15,-18.23844170821883,54.87804878048781,52.83018867924528,66,20.718232044198892,34.61538461538461,70.0,58.333333333333336,0.9333333333333333,1,15,9,74.0110386352233,70,19,4,17,6,23,3,30,18,23,10,0,0,8,4,7,17,53,28,16,9,70,61,8,1,9,1993,0,0,0,10,18.23844170821883,61.92498230714791,62.264150943396224,88,13.736263736263734,26.08695652173913,50.0,67.85714285714286,2.111111111111111,1,15,8,74.0110386352233
S45G01N204,2024-2025,20250303,500,away,35,14,1,17,9,26,4,34,16,19,8,0,0,11,8,1,2,53,24,14,10,64,64,5,0,15,1993,0,0,0,15,-17.356900315304372,55.32503457814661,52.83018867924528,67,20.59308072487644,34.61538461538461,72.72727272727273,58.333333333333336,0.9333333333333333,2,15,9,74.27596588058205,70,19,4,17,6,23,3,30,18,23,10,0,0,8,4,7,17,53,28,16,9,70,61,8,1,9,1993,0,0,0,10,17.356900315304372,61.92498230714791,62.264150943396224,88,13.736263736263734,26.08695652173913,50.0,67.85714285714286,2.111111111111111,2,15,8,74.27596588058205
S45G01N204,2024-2025,20250303,501,away,35,14,1,17,9,26,4,34,16,19,8,0,0,11,8,1,2,53,24,14,10,64,64,5,0,15,2010,0,0,0,15,-18.718309322546276,55.32503457814661,52.83018867924528,67,20.59308072487644,34.61538461538461,72.72727272727273,58.333333333333336,0.9333333333333333,2,15,9,74.24477611940299,70,19,4,17,6,23,3,31,19,23,10,0,0,8,4,7,17,54,29,16,9,72,62,8,1,9,2010,0,0,0,10,18.718309322546276,62.58692628650903,62.96296296296296,90,13.52976548406494,26.08695652173913,50.0,65.51724137931035,2.111111111111111,2,15,8,74.24477611940299
S45G01N204,2024-2025,20250303,502,away,35,14,1,17,9,26,4,34,16,19,8,0,0,11,8,1,2,53,24,14,10,64,64,5,0,15,2010,0,0,0,15,-18.718309322546276,55.32503457814661,52.83018867924528,67,20.59308072487644,34.61538461538461,72.72727272727273,58.333333333333336,0.9333333333333333,2,15,9,74.24477611940299,70,20,4,17,6,23,3,31,19,23,10,0,0,8,4,7,17,54,29,16,9,72,62,8,1,9,2010,0,0,0,10,18.718309322546276,62.58692628650903,62.96296296296296,91,13.52976548406494,26.08695652173913,50.0,68.96551724137932,2.2222222222222223,2,15,8,74.24477611940299
S45G01N204,2024-2025,20250303,503,away,35,14,1,17,9,26,4,35,17,19,8,0,0,11,8,1,2,54,25,14,10,66,65,5,0,15,2021,0,0,0,15,-17.179916764964773,56.084296397008835,53.7037037037037,69,20.314192849404115,34.61538461538461,72.72727272727273,56.0,0.9333333333333333,2,15,9,74.43443839683326,70,20,4,17,6,23,3,31,19,23,10,0,0,8,4,7,17,54,29,16,9,72,62,8,1,9,2021,0,0,0,10,17.179916764964773,62.58692628650903,62.96296296296296,91,13.52976548406494,26.08695652173913,50.0,68.96551724137932,2.2222222222222223,2,15,8,74.43443839683326
S45G01N204,2024-2025,20250303,504,away,35,14,1,17,9,26,4,35,17,19,8,0,0,11,8,1,2,54,25,15,11,66,65,5,0,15,2035,0,0,0,15,-17.179916764964773,56.084296397008835,53.7037037037037,69,20.314192849404115,34.61538461538461,72.72727272727273,56.0,0.9333333333333333,2,15,9,73.92235872235872,70,20,4,17,6,23,3,31,19,23,10,0,0,8,4,7,17,54,29,16,9,72,62,8,1,9,2035,0,0,0,10,17.179916764964773,62.58692628650903,62.96296296296296,91,13.52976548406494,26.08695652173913,50.0,68.96551724137932,2.2222222222222223,2,15,8,73.92235872235872
S45G01N204,2024-2025,20250303,505,away,35,14,1,17,9,26,4,35,17,19,8,0,0,11,8,1,2,54,25,15,11,66,65,5,0,15,2035,0,0,0,15,-17.179916764964773,56.084296397008835,53.7037037037037,69,20.314192849404115,34.61538461538461,72.72727272727273,56.0,0.9333333333333333,2,15,9,73.92235872235872,70,20,4,17,6,23,3,31,19,23,10,0,0,8,4,7,17,54,29,16,9,72,62,8,1,9,2035,0,0,0,10,17.179916764964773,62.58692628650903,62.96296296296296,91,13.52976548406494,26.08695652173913,50.0,68.96551724137932,2.2222222222222223,2,15,8,73.92235872235872
S45G01N204,2024-2025,20250303,506,away,35,14,1,17,9,26,4,35,17,19,8,0,0,11,8,1,2,54,25,15,11,66,65,5,0,15,2042,0,0,0,15,-18.49706670175017,56.084296397008835,53.7037037037037,69,20.314192849404115,34.61538461538461,72.72727272727273,56.0,0.9333333333333333,2,15,9,74.25661116552399,70,20,4,17,6,23,3,32,20,23,10,0,0,8,4,7,17,55,30,16,9,74,63,8,1,9,2042,0,0,0,10,18.49706670175017,63.22624743677375,63.63636363636363,93,13.329383886255922,26.08695652173913,50.0,66.66666666666667,2.2222222222222223,2,15,8,74.25661116552399
S45G01N204,2024-2025,20250303,507,away,35,14,1,17,9,26,4,35,17,20,8,0,0,11,8,1,2,55,25,15,11,66,66,5,0,15,2067,0,0,0,15,-20.043072460012596,55.147058823529406,52.72727272727273,68,20.042757883484768,34.61538461538461,72.72727272727273,56.0,0.9333333333333333,2,15,9,73.93904208998549,70,20,4,17,6,23,3,32,20,23,10,0,0,8,4,7,17,55,30,16,9,74,63,8,1,9,2067,0,0,0,10,20.043072460012596,63.22624743677375,63.63636363636363,93,13.329383886255922,26.08695652173913,50.0,66.66666666666667,2.2222222222222223,2,15,8,73.93904208998549
S45G01N204,2024-2025,20250303,508,away,35,14,1,17,9,26,4,35,17,20,8,0,0,11,8,1,2,55,25,15,11,66,66,5,0,15,2068,0,0,0,15,-20.043072460012596,55.147058823529406,52.72727272727273,68,20.042757883484768,33.333333333333336,72.72727272727273,56.0,0.9333333333333333,2,15,9,73.90328820116055,70,20,4,18,6,24,3,32,20,23,10,0,0,8,4,7,17,55,30,16,9,74,63,8,1,9,2068,0,0,0,10,20.043072460012596,63.22624743677375,63.63636363636363,94,13.329383886255922,26.08695652173913,50.0,66.66666666666667,2.2222222222222223,2,15,8,73.90328820116055
S45G01N204,2024-2025,20250303,509,away,35,14,1,17,9,26,4,35,17,20,8,0,0,11,8,1,2,55,25,15,11,66,66,5,0,15,2073,0,0,0,15,-21.31808708212155,55.147058823529406,52.72727272727273,68,20.042757883484768,33.333333333333336,72.72727272727273,56.0,0.9333333333333333,4,15,9,74.30390738060782,70,20,4,18,6,24,3,33,21,23,10,0,0,8,4,7,17,56,31,16,9,76,64,8,1,9,2073,0,0,0,10,21.31808708212155,63.844086021505376,64.28571428571429,96,13.134851138353763,26.08695652173913,50.0,64.51612903225806,2.2222222222222223,4,15,10,74.30390738060782
S45G01N204,2024-2025,20250303,510,away,35,14,1,17,9,26,4,35,17,20,8,0,0,11,8,1,2,55,25,15,11,66,66,5,0,15,2073,0,0,0,15,-21.31808708212155,55.147058823529406,52.72727272727273,68,20.042757883484768,33.333333333333336,72.72727272727273,56.0,0.9333333333333333,4,15,9,74.30390738060782,70,21,4,18,6,24,3,33,21,23,10,0,0,8,4,7,17,56,31,16,9,76,64,8,1,9,2073,0,0,0,10,21.31808708212155,63.844086021505376,64.28571428571429,97,13.134851138353763,26.08695652173913,50.0,67.74193548387096,2.3333333333333335,4,15,10,74.30390738060782
S45G01N204,2024-2025,20250303,511,away,35,14,1,17,9,26,4,35,17,20,8,0,0,11,8,1,2,55,25,15,11,66,66,5,0,15,2073,0,0,0,15,-21.31808708212155,55.147058823529406,52.72727272727273,68,20.042757883484768,33.333333333333336,72.72727272727273,56.0,0.9333333333333333,4,15,9,74.30390738060782,70,21,4,18,6,24,3,33,21,23,10,0,0,8,4,8,19,56,31,16,9,76,64,8,1,9,2073,0,0,0,10,21.31808708212155,63.844086021505376,64.28571428571429,97,13.134851138353763,26.08695652173913,50.0,67.74193548387096,2.3333333333333335,4,15,10,74.30390738060782
S45G01N204,2024-2025,20250303,512,away,35,14,1,17,9,26,4,35,17,20,8,0,0,11,8,1,2,55,25,15,11,66,66,5,0,15,2073,0,0,0,15,-21.31808708212155,55.147058823529406,52.72727272727273,68,20.042757883484768,33.333333333333336,72.72727272727273,56.0,0.9333333333333333,4,15,9,74.30390738060782,70,21,4,18,6,24,3,33,21,23,10,0,0,8,4,8,19,56,31,16,9,76,64,8,1,9,2073,0,0,0,10,21.31808708212155,63.844086021505376,64.28571428571429,97,13.134851138353763,26.08695652173913,50.0,67.74193548387096,2.3333333333333335,4,15,10,74.30390738060782
S45G01N204,2024-2025,20250303,513,away,35,14,1,17,9,26,4,35,17,20,8,0,0,11,8,1,2,55,25,15,11,66,66,5,0,15,2073,0,0,0,15,-21.31808708212155,55.147058823529406,52.72727272727273,68,20.042757883484768,33.333333333333336,72.72727272727273,56.0,0.9333333333333333,4,15,9,74.30390738060782,70,21,4,18,6,24,3,33,21,23,10,0,0,8,4,8,19,56,31,16,9,76,64,8,1,9,2073,0,0,0,10,21.31808708212155,63.844086021505376,64.28571428571429,97,13.134851138353763,26.08695652173913,50.0,67.74193548387096,2.3333333333333335,4,15,10,74.30390738060782
S45G01N204,2024-2025,20250303,514,away,35,14,1,17,9,26,4,35,17,20,8,0,0,11,8,1,2,55,25,15,11,66,66,5,0,15,2073,0,0,0,15,-21.31808708212155,55.147058823529406,52.72727272727273,68,20.042757883484768,33.333333333333336,72.72727272727273,56.0,0.9333333333333333,4,15,9,74.30390738060782,70,21,4,18,6,24,3,33,21,23,10,0,0,8,4,8,19,56,31,16,9,76,64,8,1,9,2073,0,0,0,10,21.31808708212155,63.844086021505376,64.28571428571429,97,13.134851138353763,26.08695652173913,50.0,67.74193548387096,2.3333333333333335,4,15,10,74.30390738060782
S45G01N204,2024-2025,20250303,515,away,35,14,1,17,9,26,4,35,17,20,8,0,0,11,8,1,2,55,25,15,11,66,66,5,0,15,2073,0,0,0,15,-21.31808708212155,55.147058823529406,52.72727272727273,68,20.042757883484768,33.333333333333336,72.72727272727273,56.0,0.9333333333333333,4,15,9,74.30390738060782,70,21,4,18,6,24,3,33,21,23,10,0,0,8,4,8,19,56,31,16,9,76,64,8,1,9,2073,0,0,0,10,21.31808708212155,63.844086021505376,64.28571428571429,97,13.134851138353763,26.08695652173913,50.0,67.74193548387096,2.3333333333333335,4,15,10,74.30390738060782
S45G01N204,2024-2025,20250303,516,away,35,14,1,17,9,26,4,35,17,21,9,0,0,11,8,1,2,56,26,15,11,69,67,5,0,15,2088,0,0,0,15,-18.329502602255232,56.70611439842209,54.464285714285715,71,19.778481012658226,33.333333333333336,72.72727272727273,53.84615384615385,0.9333333333333333,3,15,9,74.3448275862069,70,21,4,18,6,24,3,33,21,23,10,0,0,8,4,8,19,56,31,16,9,76,64,8,1,9,2088,0,0,0,10,18.329502602255232,63.844086021505376,64.28571428571429,97,13.134851138353763,26.08695652173913,50.0,67.74193548387096,2.3333333333333335,3,15,10,74.3448275862069
S45G01N204,2024-2025,20250303,517,away,35,15,1,17,9,26,4,35,17,21,9,0,0,11,8,1,2,56,26,15,11,69,67,5,0,15,2088,0,0,0,15,-18.329502602255232,56.70611439842209,54.464285714285715,72,19.778481012658226,33.333333333333336,72.72727272727273,57.69230769230769,1.0,3,15,9,74.3448275862069,70,21,4,18,6,24,3,33,21,23,10,0,0,8,4,8,19,56,31,16,9,76,64,8,1,9,2088,0,0,0,10,18.329502602255232,63.844086021505376,64.28571428571429,97,13.134851138353763,26.08695652173913,50.0,67.74193548387096,2.3333333333333335,3,15,10,74.3448275862069
S45G01N204,2024-2025,20250303,518,away,35,15,1,17,9,26,4,35,17,21,9,0,0,11,8,1,2,56,26,15,11,69,67,5,0,15,2107,0,0,0,15,-19.564371927698303,56.70611439842209,54.464285714285715,72,19.778481012658226,33.333333333333336,72.72727272727273,57.69230769230769,1.0,2,15,9,74.24394874228761,70,21,4,18,6,24,3,34,22,23,10,0,0,8,4,8,19,57,32,16,9,78,65,8,1,9,2107,0,0,0,10,19.564371927698303,64.44150693985459,64.91228070175438,99,12.94591484464902,26.08695652173913,50.0,65.625,2.3333333333333335,2,15,10,74.24394874228761
S45G01N204,2024-2025,20250303,519,away,35,15,1,17,9,26,4,35,17,21,9,0,0,11,8,1,2,56,26,15,11,69,67,5,0,15,2107,0,0,0,15,-19.564371927698303,56.70611439842209,54.464285714285715,72,19.778481012658226,33.333333333333336,72.72727272727273,57.69230769230769,1.0,2,15,9,74.24394874228761,70,22,4,18,6,24,3,34,22,23,10,0,0,8,4,8,19,57,32,16,9,78,65,8,1,9,2107,0,0,0,10,19.564371927698303,64.44150693985459,64.91228070175438,100,12.94591484464902,26.08695652173913,50.0,68.75,2.4444444444444446,2,15,10,74.24394874228761
S45G01N204,2024-2025,20250303,520,away,35,15,1,17,9,26,4,36,17,21,9,0,0,11,8,1,2,57,26,15,11,69,68,5,0,15,2130,0,0,0,15,-21.086064112922372,55.78913324708926,53.50877192982456,71,19.52108276939094,33.333333333333336,72.72727272727273,57.69230769230769,1.0,2,15,9,74.00563380281692,70,22,4,18,6,24,3,34,22,23,10,0,0,8,4,8,19,57,32,16,9,78,65,8,1,9,2130,0,0,0,10,21.086064112922372,64.44150693985459,64.91228070175438,100,12.94591484464902,26.08695652173913,50.0,68.75,2.4444444444444446,2,15,10,74.00563380281692
S45G01N204,2024-2025,20250303,521,away,35,15,1,17,9,26,4,36,17,21,9,0,0,11,8,1,2,57,26,15,11,69,68,5,0,15,2131,0,0,0,15,-21.086064112922372,55.78913324708926,53.50877192982456,71,19.52108276939094,32.142857142857146,72.72727272727273,57.69230769230769,1.0,2,15,9,73.97090567808542,70,22,4,19,6,25,3,34,22,23,10,0,0,8,4,8,19,57,32,16,9,78,65,8,1,9,2131,0,0,0,10,21.086064112922372,64.44150693985459,64.91228070175438,101,12.94591484464902,26.08695652173913,50.0,68.75,2.4444444444444446,2,15,10,73.97090567808542
S45G01N204,2024-2025,20250303,522,away,35,15,1,17,9,26,4,36,17,21,9,0,0,11,8,1,2,57,26,15,11,69,68,5,0,15,2153,0,0,0,15,-23.8325617915755,55.78913324708926,53.50877192982456,71,19.52108276939094,32.142857142857146,72.72727272727273,57.69230769230769,1.0,5,15,9,73.7724105898746,70,22,4,19,6,25,3,34,22,24,11,0,0,8,4,8,19,58,33,16,9,81,66,8,1,9,2153,0,0,0,10,23.8325617915755,65.83224967490247,66.37931034482759,104,12.762336925694836,26.08695652173913,50.0,66.66666666666667,2.4444444444444446,5,15,12,73.7724105898746
S45G01N204,2024-2025,20250303,523,away,35,15,1,17,9,26,4,36,17,21,9,0,0,11,8,1,2,57,26,15,11,69,68,5,0,15,2153,0,0,0,15,-23.8325617915755,55.78913324708926,53.50877192982456,71,19.52108276939094,32.142857142857146,72.72727272727273,57.69230769230769,1.0,5,15,9,73.7724105898746,70,23,4,19,6,25,3,34,22,24,11,0,0,8,4,8,19,58,33,16,9,81,66,8,1,9,2153,0,0,0,10,23.8325617915755,65.83224967490247,66.37931034482759,105,12.762336925694836,26.08695652173913,50.0,69.6969696969697,2.5555555555555554,5,15,12,73.7724105898746
S45G01N204,2024-2025,20250303,524,away,35,15,1,17,9,26,4,36,17,21,9,0,0,11,8,1,2,57,26,15,11,69,68,5,0,15,2171,0,0,0,15,-23.8325617915755,55.78913324708926,53.50877192982456,71,19.52108276939094,32.142857142857146,72.72727272727273,57.69230769230769,1.0,5,15,9,73.16075541225243,70,23,4,19,6,25,3,34,22,24,11,0,0,8,4,8,19,58,33,17,10,81,66,8,1,9,2171,0,0,0,10,23.8325617915755,65.83224967490247,66.37931034482759,105,12.762336925694836,26.08695652173913,50.0,69.6969696969697,2.5555555555555554,5,15,12,73.16075541225243
S45G01N204,2024-2025,20250303,525,away,35,15,1,17,9,26,4,36,17,21,9,0,0,11,8,1,2,57,26,15,11,69,68,5,0,15,2171,0,0,0,15,-23.8325617915755,55.78913324708926,53.50877192982456,71,19.52108276939094,32.142857142857146,72.72727272727273,57.69230769230769,1.0,5,15,9,73.16075541225243,70,23,4,19,6,25,3,34,22,24,11,0,0,8,4,8,19,58,33,17,10,81,66,8,1,9,2171,0,0,0,10,23.8325617915755,65.83224967490247,66.37931034482759,105,12.762336925694836,26.08695652173913,50.0,69.6969696969697,2.5555555555555554,5,15,12,73.16075541225243
S45G01N204,2024-2025,20250303,526,away,35,15,1,17,9,26,4,36,17,22,9,0,0,11,8,1,2,58,26,15,11,69,69,5,0,15,2177,0,0,0,15,-25.310044442074883,54.901336728198594,52.58620689655172,70,19.270298047276462,32.142857142857146,72.72727272727273,57.69230769230769,1.0,5,15,9,73.51033532384015,70,23,4,19,6,25,3,34,22,24,11,0,0,8,4,8,19,58,33,17,10,81,66,8,1,9,2177,0,0,0,10,25.310044442074883,65.83224967490247,66.37931034482759,105,12.762336925694836,26.08695652173913,50.0,69.6969696969697,2.5555555555555554,5,15,12,73.51033532384015
S45G01N204,2024-2025,20250303,527,away,35,15,1,17,9,26,4,36,17,22,9,0,0,11,8,1,2,58,26,15,11,69,69,5,0,15,2178,0,0,0,15,-25.310044442074883,54.901336728198594,52.58620689655172,70,19.270298047276462,32.142857142857146,72.72727272727273,57.69230769230769,1.0,5,15,9,73.47658402203858,70,23,4,19,6,25,4,34,22,24,11,0,0,8,4,8,19,58,33,17,10,81,66,8,1,9,2178,0,0,0,10,25.310044442074883,65.83224967490247,66.37931034482759,106,12.762336925694836,26.08695652173913,50.0,69.6969696969697,2.5555555555555554,5,15,12,73.47658402203858
S45G01N204,2024-2025,20250303,528,away,35,15,1,17,9,26,4,36,17,22,9,0,0,11,8,1,2,58,26,15,11,69,69,5,0,15,2195,0,0,0,15,-23.39395061649563,54.901336728198594,52.58620689655172,70,19.270298047276462,32.142857142857146,72.72727272727273,57.69230769230769,1.0,5,15,9,73.45421412300684,70,23,4,19,6,25,4,34,22,25,11,0,0,8,4,8,19,59,33,17,10,81,67,8,1,9,2195,0,0,0,10,23.39395061649563,64.7792706333973,65.2542372881356,105,12.583892617449663,26.08695652173913,50.0,69.6969696969697,2.5555555555555554,5,15,12,73.45421412300684
S45G01N204,2024-2025,20250303,529,away,35,15,1,18,9,27,4,36,17,22,9,0,0,11,8,1,2,58,26,15,11,69,69,5,0,15,2197,0,0,0,15,-23.39395061649563,54.901336728198594,52.58620689655172,71,19.270298047276462,32.142857142857146,72.72727272727273,57.69230769230769,1.0,5,15,9,73.38734638142923,70,23,4,19,6,25,4,34,22,25,11,0,0,8,4,8,19,59,33,17,10,81,67,8,1,9,2197,0,0,0,10,23.39395061649563,64.7792706333973,65.2542372881356,105,12.583892617449663,25.0,50.0,69.6969696969697,2.5555555555555554,5,15,12,73.38734638142923
S45G01N204,2024-2025,20250303,530,away,35,15,1,18,9,27,4,37,18,22,9,0,0,11,8,1,2,59,27,15,11,71,70,5,0,15,2209,0,0,0,15,-21.965434336568336,55.60776942355889,53.389830508474574,73,19.025875190258752,32.142857142857146,72.72727272727273,55.55555555555556,1.0,2,15,9,73.53191489361703,70,23,4,19,6,25,4,34,22,25,11,0,0,8,4,8,19,59,33,17,10,81,67,8,1,9,2209,0,0,0,10,21.965434336568336,64.7792706333973,65.2542372881356,105,12.583892617449663,25.0,50.0,69.6969696969697,2.5555555555555554,2,15,12,73.53191489361703
S45G01N204,2024-2025,20250303,531,away,35,16,1,18,9,27,4,37,18,22,9,0,0,11,8,1,2,59,27,15,11,71,70,5,0,15,2209,0,0,0,15,-21.965434336568336,55.60776942355889,53.389830508474574,74,19.025875190258752,32.142857142857146,72.72727272727273,59.25925925925926,1.0666666666666667,2,15,9,73.53191489361703,70,23,4,19,6,25,4,34,22,25,11,0,0,8,4,8,19,59,33,17,10,81,67,8,1,9,2209,0,0,0,10,21.965434336568336,64.7792706333973,65.2542372881356,105,12.583892617449663,25.0,50.0,69.6969696969697,2.5555555555555554,2,15,12,73.53191489361703
S45G01N204,2024-2025,20250303,532,away,35,16,1,18,9,27,4,37,18,22,9,0,0,11,8,1,2,59,27,15,11,71,70,5,0,15,2231,0,0,0,15,-23.11356461879363,55.60776942355889,53.389830508474574,74,19.025875190258752,32.142857142857146,72.72727272727273,59.25925925925926,1.0666666666666667,2,15,9,73.34468848050203,70,23,4,19,6,25,4,35,23,25,11,0,0,8,4,8,19,60,34,17,10,83,68,8,1,9,2231,0,0,0,10,23.11356461879363,65.3337531486146,65.83333333333333,107,12.410369553226694,25.0,50.0,67.6470588235294,2.5555555555555554,2,15,12,73.34468848050203
S45G01N204,2024-2025,20250303,533,away,35,16,1,18,9,27,4,38,18,22,9,0,0,11,8,1,2,60,27,15,11,71,71,5,0,15,2237,0,0,0,15,-24.54864281317259,54.750154225786545,52.5,73,18.7875751503006,32.142857142857146,72.72727272727273,59.25925925925926,1.0666666666666667,2,15,9,73.68439874832366,70,23,4,19,6,25,4,35,23,25,11,0,0,8,4,8,19,60,34,17,10,83,68,8,1,9,2237,0,0,0,10,24.54864281317259,65.3337531486146,65.83333333333333,107,12.410369553226694,25.0,50.0,67.6470588235294,2.5555555555555554,2,15,12,73.68439874832366
S45G01N204,2024-2025,20250303,534,away,35,16,1,18,9,27,4,38,18,22,9,0,0,11,8,1,2,60,27,15,11,71,71,5,0,15,2238,0,0,0,15,-24.54864281317259,54.750154225786545,52.5,73,18.7875751503006,32.142857142857146,72.72727272727273,59.25925925925926,1.0666666666666667,2,15,9,73.65147453083111,70,23,5,19,6,25,4,35,23,25,11,0,0,8,4,8,19,60,34,17,10,83,68,8,1,9,2238,0,0,0,10,24.54864281317259,65.3337531486146,65.83333333333333,108,12.410369553226694,25.0,50.0,67.6470588235294,2.5555555555555554,2,15,12,73.65147453083111
S45G01N204,2024-2025,20250303,535,away,35,16,1,18,10,28,4,38,18,22,9,0,0,11,8,1,2,60,27,15,11,71,71,5,0,15,2239,0,0,0,15,-23.11356461879363,54.750154225786545,52.5,74,18.7875751503006,34.48275862068966,72.72727272727273,59.25925925925926,1.0666666666666667,2,15,9,73.0826261723984,70,23,5,19,6,25,4,35,23,25,11,0,0,8,4,8,19,60,34,17,10,83,68,8,1,9,2239,0,0,0,10,23.11356461879363,65.3337531486146,65.83333333333333,108,12.410369553226694,25.0,50.0,67.6470588235294,2.5555555555555554,2,15,12,73.0826261723984
S45G01N204,2024-2025,20250303,536,away,35,16,1,18,10,28,4,38,18,23,9,0,0,11,8,1,2,61,27,15,11,71,72,5,0,15,2253,0,0,0,15,-24.54864281317259,53.91859052247873,51.63934426229508,73,18.555170707570507,34.48275862068966,72.72727272727273,59.25925925925926,1.0666666666666667,2,15,9,73.16111850865514,70,23,5,19,6,25,4,35,23,25,11,0,0,8,4,8,19,60,34,17,10,83,68,8,1,9,2253,0,0,0,10,24.54864281317259,65.3337531486146,65.83333333333333,108,12.410369553226694,25.0,50.0,67.6470588235294,2.5555555555555554,2,15,12,73.16111850865514
S45G01N204,2024-2025,20250303,537,away,35,16,1,18,10,28,4,38,18,23,9,0,0,11,8,1,2,61,27,15,11,71,72,5,0,15,2255,0,0,0,15,-24.54864281317259,53.91859052247873,51.63934426229508,73,18.555170707570507,33.333333333333336,72.72727272727273,59.25925925925926,1.0666666666666667,2,15,9,73.09623059866962,70,23,5,20,6,26,4,35,23,25,11,0,0,8,4,8,19,60,34,17,10,83,68,8,1,9,2255,0,0,0,10,24.54864281317259,65.3337531486146,65.83333333333333,109,12.410369553226694,25.0,50.0,67.6470588235294,2.5555555555555554,2,15,12,73.09623059866962
S45G01N204,2024-2025,20250303,538,away,35,16,1,18,10,28,4,38,18,23,9,0,0,11,8,1,2,61,27,15,11,71,72,5,0,15,2276,0,0,0,15,-22.70067918893389,53.91859052247873,51.63934426229508,73,18.555170707570507,33.333333333333336,72.72727272727273,59.25925925925926,1.0666666666666667,2,15,9,72.94903339191565,70,23,5,20,6,26,4,35,23,26,11,0,0,8,4,8,19,61,34,17,10,83,69,8,1,9,2276,0,0,0,10,22.70067918893389,64.32114073155611,64.75409836065573,108,12.241566920565834,25.0,50.0,67.6470588235294,2.5555555555555554,2,15,12,72.94903339191565
S45G01N204,2024-2025,20250303,539,away,35,16,1,19,10,29,4,38,18,23,9,0,0,11,8,1,2,61,27,15,11,71,72,5,0,15,2277,0,0,0,15,-22.70067918893389,53.91859052247873,51.63934426229508,74,18.555170707570507,33.333333333333336,72.72727272727273,59.25925925925926,1.0666666666666667,2,15,9,72.91699604743084,70,23,5,20,6,26,4,35,23,26,11,0,0,8,4,8,19,61,34,17,10,83,69,8,1,9,2277,0,0,0,10,22.70067918893389,64.32114073155611,64.75409836065573,108,12.241566920565834,24.0,50.0,67.6470588235294,2.5555555555555554,2,15,12,72.91699604743084
S45G01N204,2024-2025,20250303,540,away,35,16,1,19,10,29,4,39,19,23,9,0,0,11,8,1,2,62,28,15,11,73,73,5,0,15,2289,0,0,0,15,-21.31184095251166,54.60801915020945,52.41935483870968,76,18.328445747800586,33.333333333333336,72.72727272727273,57.142857142857146,1.0666666666666667,2,15,9,73.05897771952819,70,23,5,20,6,26,4,35,23,26,11,0,0,8,4,8,19,61,34,17,10,83,69,8,1,9,2289,0,0,0,10,21.31184095251166,64.32114073155611,64.75409836065573,108,12.241566920565834,24.0,50.0,67.6470588235294,2.5555555555555554,2,15,12,73.05897771952819
S45G01N204,2024-2025,20250303,541,away,35,17,1,19,10,29,4,39,19,23,9,0,0,11,8,1,2,62,28,15,11,73,73,5,0,15,2289,0,0,0,15,-21.31184095251166,54.60801915020945,52.41935483870968,77,18.328445747800586,33.333333333333336,72.72727272727273,60.714285714285715,1.1333333333333333,2,15,9,73.05897771952819,70,23,5,20,6,26,4,35,23,26,11,0,0,8,4,8,19,61,34,17,10,83,69,8,1,9,2289,0,0,0,10,21.31184095251166,64.32114073155611,64.75409836065573,108,12.241566920565834,24.0,50.0,67.6470588235294,2.5555555555555554,2,15,12,73.05897771952819
S45G01N204,2024-2025,20250303,542,away,35,17,1,19,10,29,4,39,19,23,9,0,0,11,8,1,2,62,28,15,11,73,73,5,0,15,2299,0,0,0,15,-19.51781672185841,54.60801915020945,52.41935483870968,77,18.328445747800586,33.333333333333336,72.72727272727273,60.714285714285715,1.1333333333333333,2,15,9,73.26315789473685,70,23,5,20,6,26,4,36,23,26,11,0,0,8,4,8,19,62,34,17,10,83,70,8,1,9,2299,0,0,0,10,19.51781672185841,63.339438339438345,63.70967741935484,107,12.077294685990339,24.0,50.0,67.6470588235294,2.5555555555555554,2,15,12,73.26315789473685
S45G01N204,2024-2025,20250303,543,away,35,17,1,20,10,30,4,39,19,23,9,0,0,11,8,1,2,62,28,15,11,73,73,5,0,15,2300,0,0,0,15,-19.51781672185841,54.60801915020945,52.41935483870968,78,18.328445747800586,33.333333333333336,72.72727272727273,60.714285714285715,1.1333333333333333,2,15,9,73.2313043478261,70,23,5,20,6,26,4,36,23,26,11,0,0,8,4,8,19,62,34,17,10,83,70,8,1,9,2300,0,0,0,10,19.51781672185841,63.339438339438345,63.70967741935484,107,12.077294685990339,23.076923076923077,50.0,67.6470588235294,2.5555555555555554,2,15,12,73.2313043478261
S45G01N204,2024-2025,20250303,544,away,35,17,1,20,10,30,4,39,19,23,9,0,0,11,8,1,2,62,28,15,11,73,73,5,0,15,2300,0,0,0,15,-19.51781672185841,54.60801915020945,52.41935483870968,78,18.328445747800586,33.333333333333336,72.72727272727273,60.714285714285715,1.1333333333333333,2,15,9,73.2313043478261,70,23,5,20,6,26,4,36,23,26,11,0,0,8,4,8,19,62,34,18,11,83,70,8,1,9,2300,0,0,0,10,19.51781672185841,63.339438339438345,63.70967741935484,107,12.077294685990339,23.076923076923077,50.0,67.6470588235294,2.5555555555555554,2,15,12,73.2313043478261
S45G01N204,2024-2025,20250303,545,away,35,17,1,20,10,30,4,39,19,23,9,0,0,11,8,1,2,62,28,15,11,73,73,5,0,15,2300,0,0,0,15,-19.51781672185841,54.60801915020945,52.41935483870968,78,18.328445747800586,33.333333333333336,72.72727272727273,60.714285714285715,1.1333333333333333,2,15,9,73.2313043478261,70,23,5,20,6,26,4,36,23,26,11,0,0,8,4,8,19,62,34,18,11,83,70,8,1,9,2300,0,0,0,10,19.51781672185841,63.339438339438345,63.70967741935484,107,12.077294685990339,23.076923076923077,50.0,67.6470588235294,2.5555555555555554,2,15,12,73.2313043478261
S45G01N204,2024-2025,20250303,546,away,35,17,1,20,10,30,4,40,20,23,9,0,0,11,8,1,2,63,29,15,11,75,74,5,0,15,2309,0,0,0,15,-18.167112429324746,55.27712264150943,53.17460317460318,80,18.10719459198455,33.333333333333336,72.72727272727273,58.62068965517241,1.1333333333333333,4,15,9,73.46556951061066,70,23,5,20,6,26,4,36,23,26,11,0,0,8,4,8,19,62,34,18,11,83,70,8,1,9,2309,0,0,0,10,18.167112429324746,63.339438339438345,63.70967741935484,107,12.077294685990339,23.076923076923077,50.0,67.6470588235294,2.5555555555555554,4,15,12,73.46556951061066
S45G01N204,2024-2025,20250303,547,away,35,18,1,20,10,30,4,40,20,23,9,0,0,11,8,1,2,63,29,15,11,75,74,5,0,15,2309,0,0,0,15,-18.167112429324746,55.27712264150943,53.17460317460318,81,18.10719459198455,33.333333333333336,72.72727272727273,62.06896551724138,1.2,4,15,9,73.46556951061066,70,23,5,20,6,26,4,36,23,26,11,0,0,8,4,8,19,62,34,18,11,83,70,8,1,9,2309,0,0,0,10,18.167112429324746,63.339438339438345,63.70967741935484,107,12.077294685990339,23.076923076923077,50.0,67.6470588235294,2.5555555555555554,4,15,12,73.46556951061066
S45G01N204,2024-2025,20250303,548,away,35,18,1,20,10,30,4,40,20,23,9,0,0,11,8,1,2,63,29,15,11,75,74,5,0,15,2309,0,0,0,15,-18.167112429324746,55.27712264150943,53.17460317460318,81,18.10719459198455,33.333333333333336,72.72727272727273,62.06896551724138,1.2,4,15,9,73.46556951061066,70,23,5,20,6,26,4,36,23,26,11,0,0,8,4,8,19,62,34,18,11,83,70,8,1,9,2309,0,0,0,10,18.167112429324746,63.339438339438345,63.70967741935484,107,12.077294685990339,23.076923076923077,50.0,67.6470588235294,2.5555555555555554,4,15,12,73.46556951061066
S45G01N204,2024-2025,20250303,549,away,35,18,1,20,10,30,4,40,20,23,9,0,0,11,8,1,2,63,29,15,11,75,74,5,0,15,2309,0,0,0,15,-18.167112429324746,55.27712264150943,53.17460317460318,81,18.10719459198455,33.333333333333336,72.72727272727273,62.06896551724138,1.2,4,15,9,73.46556951061066,70,23,5,20,6,26,4,36,23,26,11,0,0,8,4,8,19,62,34,18,11,83,70,8,1,9,2309,0,0,0,10,18.167112429324746,63.339438339438345,63.70967741935484,107,12.077294685990339,23.076923076923077,50.0,67.6470588235294,2.5555555555555554,4,15,12,73.46556951061066
S45G01N204,2024-2025,20250303,550,away,35,18,1,20,10,30,4,40,20,23,9,0,0,11,8,1,2,63,29,15,11,75,74,5,0,15,2309,0,0,0,15,-18.167112429324746,55.27712264150943,53.17460317460318,81,18.10719459198455,33.333333333333336,72.72727272727273,62.06896551724138,1.2,4,15,9,73.46556951061066,70,23,5,20,6,26,4,36,23,26,11,0,0,8,4,8,19,62,34,18,11,83,70,8,1,9,2309,0,0,0,10,18.167112429324746,63.339438339438345,63.70967741935484,107,12.077294685990339,23.076923076923077,50.0,67.6470588235294,2.5555555555555554,4,15,12,73.46556951061066
S45G01N204,2024-2025,20250303,551,away,35,18,1,20,10,30,4,40,20,23,9,0,0,11,8,1,2,63,29,15,11,75,74,5,0,15,2309,0,0,0,15,-18.167112429324746,55.27712264150943,53.17460317460318,81,18.10719459198455,33.333333333333336,72.72727272727273,62.06896551724138,1.2,4,15,9,73.46556951061066,70,23,5,20,6,26,4,36,23,26,11,0,0,8,4,8,19,62,34,18,11,83,70,8,1,9,2309,0,0,0,10,18.167112429324746,63.339438339438345,63.70967741935484,107,12.077294685990339,23.076923076923077,50.0,67.6470588235294,2.5555555555555554,4,15,12,73.46556951061066
S45G01N204,2024-2025,20250303,552,away,35,18,1,20,10,30,4,40,20,23,9,0,0,11,8,1,2,63,29,15,11,75,74,5,0,15,2309,0,0,0,15,-18.167112429324746,55.27712264150943,53.17460317460318,81,18.10719459198455,33.333333333333336,72.72727272727273,62.06896551724138,1.2,4,15,9,73.46556951061066,70,23,5,20,6,26,4,36,23,26,11,0,0,8,4,8,19,62,34,18,11,83,70,8,1,9,2309,0,0,0,10,18.167112429324746,63.339438339438345,63.70967741935484,107,12.077294685990339,23.076923076923077,50.0,67.6470588235294,2.5555555555555554,4,15,12,73.46556951061066
S45G01N204,2024-2025,20250303,553,away,35,18,1,20,10,30,4,40,20,23,9,0,0,11,8,1,2,63,29,15,11,75,74,5,0,15,2330,0,0,0,15,-19.301569908414123,55.27712264150943,53.17460317460318,81,18.10719459198455,33.333333333333336,72.72727272727273,62.06896551724138,1.2,2,15,9,73.31845493562233,70,23,5,20,6,26,4,37,24,26,11,0,0,8,4,8,19,63,35,18,11,85,71,8,1,9,2330,0,0,0,10,19.301569908414123,63.89055923030668,64.28571428571429,109,11.917372881355933,23.076923076923077,50.0,65.71428571428571,2.5555555555555554,2,15,12,73.31845493562233
S45G01N204,2024-2025,20250303,554,away,35,18,1,20,10,30,4,40,20,24,9,0,0,11,8,1,2,64,29,15,11,75,75,5,0,15,2343,0,0,0,15,-20.696009285775745,54.474142940151076,52.34375,80,17.891221374045802,33.333333333333336,72.72727272727273,62.06896551724138,1.2,2,15,9,73.42381562099872,70,23,5,20,6,26,4,37,24,26,11,0,0,8,4,8,19,63,35,18,11,85,71,8,1,9,2343,0,0,0,10,20.696009285775745,63.89055923030668,64.28571428571429,109,11.917372881355933,23.076923076923077,50.0,65.71428571428571,2.5555555555555554,2,15,12,73.42381562099872
S45G01N204,2024-2025,20250303,555,away,35,18,1,20,10,30,4,40,20,24,9,0,0,11,8,1,2,64,29,15,11,75,75,5,0,15,2345,0,0,0,15,-20.696009285775745,54.474142940151076,52.34375,80,17.891221374045802,32.25806451612903,72.72727272727273,62.06896551724138,1.2,2,15,9,73.36119402985075,70,23,5,21,6,27,4,37,24,26,11,0,0,8,4,8,19,63,35,18,11,85,71,8,1,9,2345,0,0,0,10,20.696009285775745,63.89055923030668,64.28571428571429,110,11.917372881355933,23.076923076923077,50.0,65.71428571428571,2.5555555555555554,2,15,12,73.36119402985075
S45G01N204,2024-2025,20250303,556,away,35,18,1,20,10,30,4,40,20,24,9,0,0,11,8,1,2,64,29,15,11,75,75,5,0,15,2367,0,0,0,15,-21.798292701362854,54.474142940151076,52.34375,80,17.891221374045802,32.25806451612903,72.72727272727273,62.06896551724138,1.2,4,15,9,73.18631178707226,70,23,5,21,6,27,4,38,25,26,11,0,0,8,4,8,19,64,36,18,11,87,72,8,1,9,2367,0,0,0,10,21.798292701362854,64.42535545023696,64.84375,112,11.761630946157867,23.076923076923077,50.0,63.888888888888886,2.5555555555555554,4,15,12,73.18631178707226
S45G01N204,2024-2025,20250303,557,away,35,18,1,20,10,30,4,40,20,25,9,0,0,11,8,1,2,65,29,15,11,75,76,5,0,15,2382,0,0,0,15,-23.155467530959598,53.69415807560137,51.53846153846154,79,17.68033946251768,32.25806451612903,72.72727272727273,62.06896551724138,1.2,4,15,9,73.22921914357683,70,23,5,21,6,27,4,38,25,26,11,0,0,8,4,8,19,64,36,18,11,87,72,8,1,9,2382,0,0,0,10,23.155467530959598,64.42535545023696,64.84375,112,11.761630946157867,23.076923076923077,50.0,63.888888888888886,2.5555555555555554,4,15,12,73.22921914357683
S45G01N204,2024-2025,20250303,558,away,35,18,1,20,11,31,4,40,20,25,9,0,0,11,8,1,2,65,29,15,11,75,76,5,0,15,2383,0,0,0,15,-21.798292701362854,53.69415807560137,51.53846153846154,80,17.68033946251768,34.375,72.72727272727273,62.06896551724138,1.2,4,15,9,72.69492236676459,70,23,5,21,6,27,4,38,25,26,11,0,0,8,4,8,19,64,36,18,11,87,72,8,1,9,2383,0,0,0,10,21.798292701362854,64.42535545023696,64.84375,112,11.761630946157867,23.076923076923077,50.0,63.888888888888886,2.5555555555555554,4,15,12,72.69492236676459
S45G01N204,2024-2025,20250303,559,away,35,18,1,20,11,31,4,40,20,25,9,0,0,11,8,1,2,65,29,15,11,75,76,5,0,15,2383,0,0,0,15,-21.798292701362854,53.69415807560137,51.53846153846154,80,17.68033946251768,34.375,72.72727272727273,62.06896551724138,1.2,4,15,9,72.69492236676459,70,23,5,21,6,27,4,38,25,26,11,0,0,8,4,8,19,64,36,19,11,87,72,8,1,9,2383,0,0,0,10,21.798292701362854,64.42535545023696,64.84375,112,11.761630946157867,23.076923076923077,50.0,63.888888888888886,2.5555555555555554,4,15,12,72.69492236676459
S45G01N204,2024-2025,20250303,560,away,35,18,1,20,11,31,4,40,20,25,9,0,0,11,8,1,2,65,29,15,11,75,76,5,0,15,2383,0,0,0,15,-21.798292701362854,53.69415807560137,51.53846153846154,80,17.68033946251768,34.375,72.72727272727273,62.06896551724138,1.2,4,15,9,72.69492236676459,70,23,5,21,6,27,4,38,25,26,11,0,0,8,4,8,19,64,36,19,11,87,72,8,1,9,2383,0,0,0,10,21.798292701362854,64.42535545023696,64.84375,112,11.761630946157867,23.076923076923077,50.0,63.888888888888886,2.5555555555555554,4,15,12,72.69492236676459
S45G01N204,2024-2025,20250303,561,away,35,18,1,20,11,31,4,40,20,25,9,0,0,12,8,1,2,65,29,15,11,75,77,5,0,15,2383,0,0,0,15,-22.399951617204124,53.357996585088216,51.53846153846154,79,17.589118198874296,34.375,66.66666666666667,62.06896551724138,1.2,4,15,9,72.91649181703735,70,23,5,21,6,27,4,38,25,26,11,0,0,8,4,8,19,64,36,19,11,87,72,8,1,9,2383,0,0,0,10,22.399951617204124,64.42535545023696,64.84375,112,11.761630946157867,23.076923076923077,50.0,63.888888888888886,2.5555555555555554,4,15,12,72.91649181703735
S45G01N204,2024-2025,20250303,562,away,35,18,1,20,11,31,4,40,20,25,9,0,0,13,9,1,2,65,29,15,11,76,78,5,0,15,2383,0,0,0,15,-21.656194849882368,53.73303167420814,51.53846153846154,80,17.498833411105927,34.375,69.23076923076923,62.06896551724138,1.2,1,15,9,73.13806126731012,70,23,5,21,6,27,4,38,25,26,11,0,0,8,4,8,19,64,36,19,11,87,72,8,1,9,2383,0,0,0,10,21.656194849882368,64.42535545023696,64.84375,112,11.761630946157867,23.076923076923077,50.0,63.888888888888886,2.5555555555555554,1,15,12,73.13806126731012
S45G01N204,2024-2025,20250303,563,away,35,18,1,20,11,31,4,40,20,25,9,0,0,13,9,1,2,65,29,15,11,76,78,5,0,15,2383,0,0,0,15,-21.656194849882368,53.73303167420814,51.53846153846154,80,17.498833411105927,34.375,69.23076923076923,62.06896551724138,1.2,1,15,9,73.13806126731012,70,23,5,21,6,27,4,38,25,26,11,0,0,8,4,8,19,64,36,19,11,87,72,8,1,9,2383,0,0,0,10,21.656194849882368,64.42535545023696,64.84375,112,11.761630946157867,23.076923076923077,50.0,63.888888888888886,2.5555555555555554,1,15,12,73.13806126731012
S45G01N204,2024-2025,20250303,564,away,35,18,1,20,11,31,4,40,20,25,9,0,0,13,9,1,2,65,29,15,11,76,78,5,0,15,2383,0,0,0,15,-21.656194849882368,53.73303167420814,51.53846153846154,80,17.498833411105927,34.375,69.23076923076923,62.06896551724138,1.2,1,15,9,73.13806126731012,70,23,5,21,6,27,4,38,25,26,11,0,0,8,4,8,19,64,36,19,11,87,72,8,1,9,2383,0,0,0,10,21.656194849882368,64.42535545023696,64.84375,112,11.761630946157867,23.076923076923077,50.0,63.888888888888886,2.5555555555555554,1,15,12,73.13806126731012
S45G01N204,2024-2025,20250303,565,away,35,18,1,20,11,31,4,40,20,25,9,0,0,13,9,1,2,65,29,15,11,76,78,5,0,15,2390,0,0,0,15,-22.727653785167846,53.73303167420814,51.53846153846154,80,17.498833411105927,34.375,69.23076923076923,62.06896551724138,1.2,2,15,9,73.42594142259415,70,23,5,21,6,27,4,39,26,26,11,0,0,8,4,8,19,65,37,19,11,89,73,8,1,9,2390,0,0,0,10,22.727653785167846,64.94454173963807,65.38461538461539,114,11.609907120743035,23.076923076923077,50.0,62.16216216216216,2.5555555555555554,2,15,13,73.42594142259415
S45G01N204,2024-2025,20250303,566,away,35,18,1,20,11,31,4,40,20,25,9,0,0,13,9,1,2,65,29,15,11,76,78,5,0,15,2390,0,0,0,15,-22.727653785167846,53.73303167420814,51.53846153846154,80,17.498833411105927,34.375,69.23076923076923,62.06896551724138,1.2,2,15,9,73.42594142259415,70,24,5,21,6,27,4,39,26,26,11,0,0,8,4,8,19,65,37,19,11,89,73,8,1,9,2390,0,0,0,10,22.727653785167846,64.94454173963807,65.38461538461539,115,11.609907120743035,23.076923076923077,50.0,64.86486486486487,2.6666666666666665,2,15,13,73.42594142259415
S45G01N204,2024-2025,20250303,567,away,35,18,1,20,11,31,4,40,20,25,9,0,0,13,9,1,2,65,29,15,11,76,78,5,0,15,2390,0,0,0,15,-22.727653785167846,53.73303167420814,51.53846153846154,80,17.498833411105927,34.375,69.23076923076923,62.06896551724138,1.2,2,15,9,73.42594142259415,70,24,5,21,6,27,4,39,26,26,11,0,0,8,4,9,21,65,37,19,11,89,73,8,1,9,2390,0,0,0,10,22.727653785167846,64.94454173963807,65.38461538461539,115,11.609907120743035,23.076923076923077,50.0,64.86486486486487,2.6666666666666665,2,15,13,73.42594142259415
S45G01N204,2024-2025,20250303,568,away,35,18,1,20,11,31,4,40,20,25,9,0,0,13,9,1,2,65,29,15,11,76,78,5,0,16,2395,0,0,0,16,-24.07093247109627,53.73303167420814,51.53846153846154,79,18.45018450184502,34.375,69.23076923076923,62.06896551724138,1.125,2,15,9,73.77369519832986,70,24,5,21,6,27,4,39,26,26,11,0,0,8,4,9,21,65,37,19,11,89,73,8,1,9,2395,0,0,0,10,24.07093247109627,64.94454173963807,65.38461538461539,115,11.609907120743035,23.076923076923077,50.0,64.86486486486487,2.6666666666666665,2,15,13,73.77369519832986
S45G01N204,2024-2025,20250303,569,away,35,18,1,20,11,31,4,40,20,25,9,0,0,13,9,1,2,65,29,15,11,76,78,5,0,16,2396,0,0,0,16,-24.07093247109627,53.73303167420814,51.53846153846154,79,18.45018450184502,34.375,69.23076923076923,62.06896551724138,1.125,2,15,9,73.74290484140234,70,24,5,21,6,27,4,39,26,26,11,0,0,8,4,9,21,65,37,19,11,89,73,9,1,9,2396,0,0,0,10,24.07093247109627,64.94454173963807,65.38461538461539,116,11.609907120743035,23.076923076923077,50.0,64.86486486486487,2.6666666666666665,2,15,13,73.74290484140234
S45G01N204,2024-2025,20250303,570,away,35,18,1,20,11,31,4,40,20,25,9,0,0,13,9,1,2,65,29,15,11,76,78,5,0,16,2396,0,0,0,16,-24.07093247109627,53.73303167420814,51.53846153846154,79,18.45018450184502,34.375,69.23076923076923,62.06896551724138,1.125,2,15,9,73.74290484140234,70,24,5,21,6,27,4,39,26,26,11,0,0,8,4,9,21,65,37,19,11,89,73,9,1,9,2396,0,0,0,10,24.07093247109627,64.94454173963807,65.38461538461539,116,11.609907120743035,23.076923076923077,50.0,64.86486486486487,2.6666666666666665,2,15,13,73.74290484140234
S45G01N204,2024-2025,20250303,571,away,35,18,1,20,11,31,4,40,20,25,9,0,0,13,9,1,2,65,29,15,11,76,78,5,0,16,2400,0,0,0,16,-24.07093247109627,53.73303167420814,51.53846153846154,79,18.45018450184502,34.375,69.23076923076923,62.06896551724138,1.125,2,15,9,73.62,70,24,5,21,6,27,4,39,26,26,11,0,0,8,4,9,21,65,37,19,11,89,73,9,1,9,2400,0,0,0,10,24.07093247109627,64.94454173963807,65.38461538461539,116,11.609907120743035,23.076923076923077,50.0,64.86486486486487,2.6666666666666665,2,15,13,73.62
S45G01N204,2024-2025,20250303,572,away,35,18,1,20,11,31,4,40,20,25,9,0,0,13,9,1,2,65,29,15,11,76,78,5,0,16,2400,0,0,0,16,-24.07093247109627,53.73303167420814,51.53846153846154,79,18.45018450184502,34.375,69.23076923076923,62.06896551724138,1.125,2,15,9,73.62,70,24,5,21,6,27,4,39,26,26,11,0,0,8,4,9,21,65,37,19,11,89,73,9,1,9,2400,0,0,0,10,24.07093247109627,64.94454173963807,65.38461538461539,116,11.609907120743035,23.076923076923077,50.0,64.86486486486487,2.6666666666666665,2,15,13,73.62
S45G01N204,2024-2025,20250303,573,away,35,18,1,20,11,31,4,40,20,25,9,0,0,13,9,1,2,65,29,15,11,76,78,5,0,16,2400,0,0,0,16,-24.07093247109627,53.73303167420814,51.53846153846154,79,18.45018450184502,34.375,69.23076923076923,62.06896551724138,1.125,2,15,9,73.62,70,24,5,21,6,27,4,39,26,26,11,0,0,8,4,9,21,65,37,19,11,89,73,9,1,9,2400,0,0,0,10,24.07093247109627,64.94454173963807,65.38461538461539,116,11.609907120743035,23.076923076923077,50.0,64.86486486486487,2.6666666666666665,2,15,13,73.62
S45G01N204,2024-2025,20250303,574,away,35,18,1,20,11,31,4,40,20,25,9,0,0,13,9,1,2,65,29,15,11,76,78,5,0,16,2400,0,0,0,16,-24.07093247109627,53.73303167420814,51.53846153846154,79,18.45018450184502,34.375,69.23076923076923,62.06896551724138,1.125,2,15,9,73.62,70,24,5,21,6,27,4,39,26,26,11,0,0,8,4,9,21,65,37,19,11,89,73,9,1,9,2400,0,0,0,10,24.07093247109627,64.94454173963807,65.38461538461539,116,11.609907120743035,23.076923076923077,50.0,64.86486486486487,2.6666666666666665,2,15,13,73.62
S45G01N204,2024-2025,20250303,575,away,35,18,1,20,11,31,4,40,20,25,9,0,0,13,9,1,2,65,29,15,11,76,78,5,0,16,2400,0,0,0,16,-24.07093247109627,53.73303167420814,51.53846153846154,79,18.45018450184502,34.375,69.23076923076923,62.06896551724138,1.125,2,15,9,73.62,70,24,5,21,6,27,4,39,26,26,11,0,0,8,4,9,21,65,37,19,11,89,73,9,1,9,2400,0,0,0,10,24.07093247109627,64.94454173963807,65.38461538461539,116,11.609907120743035,23.076923076923077,50.0,64.86486486486487,2.6666666666666665,2,15,13,73.62
S45G01N204,2024-2025,20250303,576,away,35,18,1,20,11,31,4,40,20,25,9,0,0,13,9,1,2,65,29,15,11,76,78,5,0,16,2400,0,0,0,16,-24.07093247109627,53.73303167420814,51.53846153846154,79,18.45018450184502,34.375,69.23076923076923,62.06896551724138,1.125,2,15,9,73.62,70,24,5,21,6,27,4,39,26,26,11,0,0,8,4,9,21,65,37,19,11,89,73,9,1,9,2400,0,0,0,10,24.07093247109627,64.94454173963807,65.38461538461539,116,11.609907120743035,23.076923076923077,50.0,64.86486486486487,2.6666666666666665,2,15,13,73.62
S45G01N204,2024-2025,20250303,577,away,35,18,1,20,11,31,4,40,20,25,9,0,0,13,9,1,2,65,29,15,11,76,78,5,0,16,2400,0,0,0,16,-24.07093247109627,53.73303167420814,51.53846153846154,79,18.45018450184502,34.375,69.23076923076923,62.06896551724138,1.125,2,15,9,73.62,70,24,5,21,6,27,4,39,26,26,11,0,0,8,4,9,21,65,37,19,11,89,73,9,1,9,2400,0,0,0,10,24.07093247109627,64.94454173963807,65.38461538461539,116,11.609907120743035,23.076923076923077,50.0,64.86486486486487,2.6666666666666665,2,15,13,73.62
S45G01N204,2024-2025,20250303,578,away,35,18,1,20,11,31,4,40,20,25,9,0,0,13,9,1,2,65,29,15,11,76,78,5,0,16,2400,0,0,0,16,-24.07093247109627,53.73303167420814,51.53846153846154,79,18.45018450184502,34.375,69.23076923076923,62.06896551724138,1.125,2,15,9,73.62,70,24,5,21,6,27,4,39,26,26,11,0,0,8,4,9,21,65,37,19,11,89,73,9,1,9,2400,0,0,0,10,24.07093247109627,64.94454173963807,65.38461538461539,116,11.609907120743035,23.076923076923077,50.0,64.86486486486487,2.6666666666666665,2,15,13,73.62
S45G01N204,2024-2025,20250303,579,away,35,18,1,20,11,31,4,40,20,25,9,0,0,13,9,1,2,65,29,15,11,76,78,5,0,16,2400,0,0,0,16,-24.07093247109627,53.73303167420814,51.53846153846154,79,18.45018450184502,34.375,69.23076923076923,62.06896551724138,1.125,2,15,9,73.62,70,24,5,21,6,27,4,39,26,26,11,0,0,8,4,9,21,65,37,19,11,89,73,9,1,9,2400,0,0,0,10,24.07093247109627,64.94454173963807,65.38461538461539,116,11.609907120743035,23.076923076923077,50.0,64.86486486486487,2.6666666666666665,2,15,13,73.62
S45G01N204,2024-2025,20250303,580,away,35,18,1,20,11,31,4,40,20,25,9,0,0,13,9,1,2,65,29,15,11,76,78,5,0,16,2400,0,0,0,16,-24.07093247109627,53.73303167420814,51.53846153846154,79,18.45018450184502,34.375,69.23076923076923,62.06896551724138,1.125,2,15,9,73.62,70,24,5,21,6,27,4,39,26,26,11,0,0,8,4,9,21,65,37,19,11,89,73,9,1,9,2400,0,0,0,10,24.07093247109627,64.94454173963807,65.38461538461539,116,11.609907120743035,23.076923076923077,50.0,64.86486486486487,2.6666666666666665,2,15,13,73.62
