gameKey,seasonName,date,n,winner,H_TEAM,H_AST,H_BLK,H_DREB,H_OREB,H_PRB,H_TRB,H_2PA,H_2PM,H_3PA,H_3PM,H_DKA,H_DKM,H_FTA,H_FTM,H_SWA,H_SWM,H_FGA,H_FGM,H_TPF,H_PF,H_PP,H_PA,H_STL,H_TTO,H_PTO,H_MIN,H_UF,H_TF,H_EJ,H_TO,H_NR,H_TS%,H_eFG%,H_EFF,H_TOV%,H_OREB%,H_FT%,H_AST%,H_AST/TO%,H_CR,H_LC,H_LLP,H_PACE,A_TEAM,A_AST,A_BLK,A_DREB,A_OREB,A_PRB,A_TRB,A_2PA,A_2PM,A_3PA,A_3PM,A_DKA,A_DKM,A_FTA,A_FTM,A_SWA,A_SWM,A_FGA,A_FGM,A_TPF,A_PF,A_PP,A_PA,A_STL,A_TTO,A_PTO,A_MIN,A_UF,A_TF,A_EJ,A_TO,A_NR,A_TS%,A_eFG%,A_EFF,A_TOV%,A_OREB%,A_FT%,A_AST%,A_AST/TO%,A_CR,A_LC,A_LLP,A_PACE
S45G01N40,2024-2025,20241109,1,home,6,0,0,0,0,0,0,0,0,0,0,0,0,0,0,0,0,0,0,0,0,0,0,0,0,0,0,0,0,0,0,0.0,0.0,0.0,0,0.0,0.0,0.0,0.0,0.0,0,0,0,0.0,50,0,0,0,0,0,0,0,0,0,0,0,0,0,0,0,0,0,0,0,0,0,0,0,0,0,0,0,0,0,0,0.0,0.0,0.0,0,0.0,0.0,0.0,0.0,0.0,0,0,0,0.0
S45G01N40,2024-2025,20241109,2,home,6,0,0,0,0,0,0,0,0,0,0,0,0,0,0,0,0,0,0,0,0,0,0,0,0,0,0,0,0,0,0,0.0,0.0,0.0,0,0.0,0.0,0.0,0.0,0.0,0,0,0,0.0,50,0,0,0,0,0,0,0,0,0,0,0,0,0,0,0,0,0,0,0,0,0,0,0,0,0,0,0,0,0,0,0.0,0.0,0.0,0,0.0,0.0,0.0,0.0,0.0,0,0,0,0.0
S45G01N40,2024-2025,20241109,3,home,6,0,0,0,0,0,0,0,0,0,0,0,0,0,0,0,0,0,0,0,0,0,0,0,0,0,0,0,0,0,0,0.0,0.0,0.0,0,0.0,0.0,0.0,0.0,0.0,0,0,0,0.0,50,0,0,0,0,0,0,0,0,0,0,0,0,0,0,0,0,0,0,0,0,0,0,0,0,0,0,0,0,0,0,0.0,0.0,0.0,0,0.0,0.0,0.0,0.0,0.0,0,0,0,0.0
S45G01N40,2024-2025,20241109,4,home,6,0,0,0,0,0,0,0,0,0,0,0,0,0,0,0,0,0,0,0,0,0,0,0,0,0,0,0,0,0,0,0.0,0.0,0.0,0,0.0,0.0,0.0,0.0,0.0,0,0,0,0.0,50,0,0,0,0,0,0,0,0,0,0,0,0,0,0,0,0,0,0,0,0,0,0,0,0,0,0,0,0,0,0,0.0,0.0,0.0,0,0.0,0.0,0.0,0.0,0.0,0,0,0,0.0
S45G01N40,2024-2025,20241109,5,home,6,0,0,0,0,0,0,0,0,0,0,0,0,0,0,0,0,0,0,0,0,0,0,0,0,0,0,0,0,0,0,0.0,0.0,0.0,0,0.0,0.0,0.0,0.0,0.0,0,0,0,0.0,50,0,0,0,0,0,0,0,0,0,0,0,0,0,0,0,0,0,0,0,0,0,0,0,0,0,0,0,0,0,0,0.0,0.0,0.0,0,0.0,0.0,0.0,0.0,0.0,0,0,0,0.0
S45G01N40,2024-2025,20241109,6,home,6,0,0,0,0,0,0,0,0,0,0,0,0,0,0,0,0,0,0,0,0,0,0,0,0,0,0,0,0,0,0,0.0,0.0,0.0,0,0.0,0.0,0.0,0.0,0.0,0,0,0,0.0,50,0,0,0,0,0,0,0,0,0,0,0,0,0,0,0,0,0,0,0,0,0,0,0,0,0,0,0,0,0,0,0.0,0.0,0.0,0,0.0,0.0,0.0,0.0,0.0,0,0,0,0.0
S45G01N40,2024-2025,20241109,7,home,6,0,0,0,0,0,0,0,0,0,0,0,0,0,0,0,0,0,0,0,0,0,0,0,0,0,0,0,0,0,0,0.0,0.0,0.0,0,0.0,0.0,0.0,0.0,0.0,0,0,0,0.0,50,0,0,0,0,0,0,0,0,0,0,0,0,0,0,0,0,0,0,0,0,0,0,0,0,0,0,0,0,0,0,0.0,0.0,0.0,0,0.0,0.0,0.0,0.0,0.0,0,0,0,0.0
S45G01N40,2024-2025,20241109,8,home,6,0,0,0,0,0,0,0,0,0,0,0,0,0,0,0,0,0,0,0,0,0,0,0,0,0,0,0,0,0,0,0.0,0.0,0.0,0,0.0,0.0,0.0,0.0,0.0,0,0,0,0.0,50,0,0,0,0,0,0,0,0,0,0,0,0,0,0,0,0,0,0,0,0,0,0,0,0,0,0,0,0,0,0,0.0,0.0,0.0,0,0.0,0.0,0.0,0.0,0.0,0,0,0,0.0
S45G01N40,2024-2025,20241109,9,home,6,0,0,0,0,0,0,0,0,0,0,0,0,0,0,0,0,0,0,0,0,0,0,0,0,0,0,0,0,0,0,0.0,0.0,0.0,0,0.0,0.0,0.0,0.0,0.0,0,0,0,0.0,50,0,0,0,0,0,0,0,0,0,0,0,0,0,0,0,0,0,0,0,0,0,0,0,0,0,0,0,0,0,0,0.0,0.0,0.0,0,0.0,0.0,0.0,0.0,0.0,0,0,0,0.0
S45G01N40,2024-2025,20241109,10,home,6,0,0,0,0,0,0,0,0,0,0,0,0,0,0,0,0,0,0,0,0,0,0,0,0,0,0,0,0,0,0,0.0,0.0,0.0,0,0.0,0.0,0.0,0.0,0.0,0,0,0,0.0,50,0,0,0,0,0,0,0,0,0,0,0,0,0,0,0,0,0,0,0,0,0,0,0,0,0,0,0,0,0,0,0.0,0.0,0.0,0,0.0,0.0,0.0,0.0,0.0,0,0,0,0.0
S45G01N40,2024-2025,20241109,11,home,6,0,0,0,0,0,0,0,0,0,0,0,0,0,0,0,0,0,0,0,0,0,0,0,0,0,0,0,0,0,0,0.0,0.0,0.0,0,0.0,0.0,0.0,0.0,0.0,0,0,0,0.0,50,0,0,0,0,0,0,0,0,0,0,0,0,0,0,0,0,0,0,0,0,0,0,0,0,0,0,0,0,0,0,0.0,0.0,0.0,0,0.0,0.0,0.0,0.0,0.0,0,0,0,0.0
S45G01N40,2024-2025,20241109,12,home,6,0,0,0,0,0,0,1,0,0,0,0,0,0,0,0,0,1,0,0,0,0,1,0,0,0,14,0,0,0,0,0.0,0.0,0.0,-1,0.0,0.0,0.0,0.0,0.0,0,0,0,85.71428571428571,50,0,0,0,0,0,0,0,0,0,0,0,0,0,0,0,0,0,0,0,0,0,0,0,0,0,14,0,0,0,0,0.0,0.0,0.0,0,0.0,0.0,0.0,0.0,0.0,0,0,0,85.71428571428571
S45G01N40,2024-2025,20241109,13,home,6,0,0,0,0,0,0,1,0,0,0,0,0,0,0,0,0,1,0,0,0,0,1,0,0,0,16,0,0,0,0,0.0,0.0,0.0,-1,0.0,0.0,0.0,0.0,0.0,0,0,0,75.0,50,0,0,1,0,1,0,0,0,0,0,0,0,0,0,0,0,0,0,0,0,0,0,0,0,0,16,0,0,0,0,0.0,0.0,0.0,1,0.0,0.0,0.0,0.0,0.0,0,0,0,75.0
S45G01N40,2024-2025,20241109,14,home,6,0,0,0,0,0,0,1,0,0,0,0,0,0,0,0,0,1,0,0,0,0,1,0,0,0,35,0,0,0,0,0.0,0.0,0.0,-1,0.0,0.0,0.0,0.0,0.0,0,0,0,68.57142857142857,50,0,0,1,0,1,0,1,0,0,0,0,0,0,0,0,0,1,0,0,0,0,1,0,0,0,35,0,0,0,0,0.0,0.0,0.0,0,0.0,0.0,0.0,0.0,0.0,0,0,0,68.57142857142857
S45G01N40,2024-2025,20241109,15,home,6,0,0,0,0,0,0,1,0,0,0,0,0,0,0,0,0,1,0,0,0,0,1,0,0,0,37,0,0,0,0,0.0,0.0,0.0,-1,0.0,0.0,0.0,0.0,0.0,0,0,0,32.432432432432435,50,0,0,1,1,2,0,1,0,0,0,0,0,0,0,0,0,1,0,0,0,0,1,0,0,0,37,0,0,0,0,0.0,0.0,0.0,1,0.0,100.0,0.0,0.0,0.0,0,0,0,32.432432432432435
S45G01N40,2024-2025,20241109,16,home,6,0,0,0,0,0,0,1,0,0,0,0,0,0,0,0,0,1,0,1,0,0,1,0,0,0,49,0,0,0,0,0.0,0.0,0.0,-1,0.0,0.0,0.0,0.0,0.0,0,0,0,24.489795918367346,50,0,0,1,1,2,0,1,0,0,0,0,0,0,0,0,0,1,0,0,0,0,1,0,0,0,49,0,0,0,0,0.0,0.0,0.0,1,0.0,100.0,0.0,0.0,0.0,0,0,0,24.489795918367346
S45G01N40,2024-2025,20241109,17,home,6,0,0,0,0,0,0,1,0,0,0,0,0,0,0,0,0,1,0,1,0,0,1,0,0,0,49,0,0,0,0,0.0,0.0,0.0,-1,0.0,0.0,0.0,0.0,0.0,0,0,0,24.489795918367346,50,0,0,1,1,2,0,1,0,0,0,0,0,0,0,0,0,1,0,0,0,0,1,0,0,0,49,0,0,0,0,0.0,0.0,0.0,1,0.0,100.0,0.0,0.0,0.0,0,0,0,24.489795918367346
S45G01N40,2024-2025,20241109,18,home,6,0,0,0,0,0,0,1,0,0,0,0,0,0,0,0,0,1,0,1,0,0,1,0,0,0,49,0,0,0,0,-227.2727272727273,0.0,0.0,-1,0.0,0.0,0.0,0.0,0.0,1,1,0,35.265306122448976,50,0,0,1,1,2,0,1,0,0,0,0,0,1,1,0,0,1,0,0,0,1,2,0,0,0,49,0,0,0,0,227.2727272727273,34.72222222222222,0.0,2,0.0,100.0,100.0,0.0,0.0,1,1,1,35.265306122448976
S45G01N40,2024-2025,20241109,19,home,6,0,0,0,0,0,0,1,0,0,0,0,0,0,0,0,0,1,0,1,0,0,1,0,0,0,49,0,0,0,0,-227.2727272727273,0.0,0.0,-1,0.0,0.0,0.0,0.0,0.0,2,1,0,46.04081632653061,50,0,0,1,1,2,0,1,0,0,0,0,0,2,2,0,0,1,0,0,0,2,3,0,0,0,49,0,0,0,0,227.2727272727273,53.19148936170213,0.0,3,0.0,100.0,100.0,0.0,0.0,2,1,2,46.04081632653061
S45G01N40,2024-2025,20241109,20,home,6,0,0,0,0,0,0,2,0,0,0,0,0,0,0,0,0,2,0,1,0,0,2,0,0,0,64,0,0,0,0,-227.2727272727273,0.0,0.0,-2,0.0,0.0,0.0,0.0,0.0,2,1,0,54.0,50,0,0,1,1,2,0,1,0,0,0,0,0,2,2,0,0,1,0,0,0,2,3,0,0,0,64,0,0,0,0,227.2727272727273,53.19148936170213,0.0,3,0.0,100.0,100.0,0.0,0.0,2,1,2,54.0
S45G01N40,2024-2025,20241109,21,home,6,0,0,0,0,0,0,2,0,0,0,0,0,0,0,0,0,2,0,1,0,0,2,0,0,0,66,0,0,0,0,-227.2727272727273,0.0,0.0,-2,0.0,0.0,0.0,0.0,0.0,2,1,0,52.36363636363637,50,0,0,2,1,3,0,1,0,0,0,0,0,2,2,0,0,1,0,0,0,2,3,0,0,0,66,0,0,0,0,227.2727272727273,53.19148936170213,0.0,4,0.0,100.0,100.0,0.0,0.0,2,1,2,52.36363636363637
S45G01N40,2024-2025,20241109,22,home,6,0,0,0,0,0,0,2,0,0,0,0,0,0,0,0,0,2,0,1,0,0,2,0,0,0,83,0,0,0,0,-106.38297872340426,0.0,0.0,-2,0.0,0.0,0.0,0.0,0.0,2,1,0,56.096385542168676,50,0,0,2,1,3,0,2,0,0,0,0,0,2,2,0,0,2,0,0,0,2,4,0,0,0,83,0,0,0,0,106.38297872340426,34.72222222222222,0.0,3,0.0,100.0,100.0,0.0,0.0,2,1,2,56.096385542168676
S45G01N40,2024-2025,20241109,23,home,6,0,0,1,0,1,0,2,0,0,0,0,0,0,0,0,0,2,0,1,0,0,2,0,0,0,85,0,0,0,0,-106.38297872340426,0.0,0.0,-1,0.0,0.0,0.0,0.0,0.0,2,1,0,54.77647058823529,50,0,0,2,1,3,0,2,0,0,0,0,0,2,2,0,0,2,0,0,0,2,4,0,0,0,85,0,0,0,0,106.38297872340426,34.72222222222222,0.0,3,0.0,50.0,100.0,0.0,0.0,2,1,2,54.77647058823529
S45G01N40,2024-2025,20241109,24,home,6,0,0,1,0,1,0,3,0,0,0,0,0,0,0,0,0,3,0,1,0,0,3,0,0,0,90,0,0,0,0,-106.38297872340426,0.0,0.0,-2,0.0,0.0,0.0,0.0,0.0,2,1,0,65.06666666666666,50,0,0,2,1,3,0,2,0,0,0,0,0,2,2,0,0,2,0,0,0,2,4,0,0,0,90,0,0,0,0,106.38297872340426,34.72222222222222,0.0,3,0.0,50.0,100.0,0.0,0.0,2,1,2,65.06666666666666
S45G01N40,2024-2025,20241109,25,home,6,0,0,1,0,1,0,3,0,0,0,0,0,0,0,0,0,3,0,1,0,0,3,0,0,0,92,0,0,0,0,-106.38297872340426,0.0,0.0,-2,0.0,0.0,0.0,0.0,0.0,2,1,0,63.65217391304348,50,0,0,3,1,4,0,2,0,0,0,0,0,2,2,0,0,2,0,0,0,2,4,0,0,0,92,0,0,0,0,106.38297872340426,34.72222222222222,0.0,4,0.0,50.0,100.0,0.0,0.0,2,1,2,63.65217391304348
S45G01N40,2024-2025,20241109,26,home,6,0,0,1,0,1,0,3,0,0,0,0,0,0,0,0,0,3,0,1,0,0,3,0,0,0,99,0,0,0,0,-69.44444444444444,0.0,0.0,-2,0.0,0.0,0.0,0.0,0.0,2,1,0,71.27272727272727,50,0,0,3,1,4,0,2,0,1,0,0,0,2,2,0,0,3,0,0,0,2,5,0,0,0,99,0,0,0,0,69.44444444444444,25.77319587628866,0.0,3,0.0,50.0,100.0,0.0,0.0,2,1,2,71.27272727272727
S45G01N40,2024-2025,20241109,27,home,6,0,0,1,0,1,0,3,0,0,0,0,0,0,0,0,0,3,0,1,0,0,3,0,0,0,101,0,0,0,0,-106.38297872340426,0.0,0.0,-2,0.0,0.0,0.0,0.0,0.0,2,1,0,57.98019801980198,50,0,0,3,2,5,0,2,0,1,0,0,0,2,2,0,0,3,0,0,0,2,5,0,0,0,101,0,0,0,0,106.38297872340426,25.77319587628866,0.0,4,0.0,66.66666666666667,100.0,0.0,0.0,2,1,2,57.98019801980198
S45G01N40,2024-2025,20241109,28,home,6,0,0,1,0,1,0,3,0,0,0,0,0,0,0,0,0,3,0,1,0,0,3,0,0,0,105,0,0,0,0,-69.44444444444444,0.0,0.0,-2,0.0,0.0,0.0,0.0,0.0,2,1,0,67.2,50,0,0,3,2,5,0,2,0,2,0,0,0,2,2,0,0,4,0,0,0,2,6,0,0,0,105,0,0,0,0,69.44444444444444,20.491803278688526,0.0,3,0.0,66.66666666666667,100.0,0.0,0.0,2,1,2,67.2
S45G01N40,2024-2025,20241109,29,home,6,0,0,2,0,2,0,3,0,0,0,0,0,0,0,0,0,3,0,1,0,0,3,0,0,0,107,0,0,0,0,-69.44444444444444,0.0,0.0,-1,0.0,0.0,0.0,0.0,0.0,2,1,0,65.94392523364486,50,0,0,3,2,5,0,2,0,2,0,0,0,2,2,0,0,4,0,0,0,2,6,0,0,0,107,0,0,0,0,69.44444444444444,20.491803278688526,0.0,3,0.0,50.0,100.0,0.0,0.0,2,1,2,65.94392523364486
S45G01N40,2024-2025,20241109,30,home,6,0,0,2,0,2,0,4,0,0,0,0,0,0,0,0,0,4,0,1,0,0,4,0,0,0,122,0,0,0,0,-69.44444444444444,0.0,0.0,-2,0.0,0.0,0.0,0.0,0.0,2,1,0,67.67213114754098,50,0,0,3,2,5,0,2,0,2,0,0,0,2,2,0,0,4,0,0,0,2,6,0,0,0,122,0,0,0,0,69.44444444444444,20.491803278688526,0.0,3,0.0,50.0,100.0,0.0,0.0,2,1,2,67.67213114754098
S45G01N40,2024-2025,20241109,31,home,6,0,0,2,0,2,0,4,0,0,0,0,0,0,0,0,0,4,0,1,0,0,4,0,0,0,123,0,0,0,0,-69.44444444444444,0.0,0.0,-2,0.0,0.0,0.0,0.0,0.0,2,1,0,67.1219512195122,50,0,0,4,2,6,0,2,0,2,0,0,0,2,2,0,0,4,0,0,0,2,6,0,0,0,123,0,0,0,0,69.44444444444444,20.491803278688526,0.0,4,0.0,50.0,100.0,0.0,0.0,2,1,2,67.1219512195122
S45G01N40,2024-2025,20241109,32,home,6,0,0,2,0,2,0,4,0,0,0,0,0,0,0,0,0,4,0,1,0,0,4,0,0,0,147,0,0,0,0,-51.54639175257732,0.0,0.0,-2,0.0,0.0,0.0,0.0,0.0,2,1,0,64.3265306122449,50,0,0,4,2,6,0,2,0,3,0,0,0,2,2,0,0,5,0,0,0,2,7,0,0,0,147,0,0,0,0,51.54639175257732,17.006802721088437,0.0,3,0.0,50.0,100.0,0.0,0.0,2,1,2,64.3265306122449
S45G01N40,2024-2025,20241109,33,home,6,0,0,2,0,2,0,4,0,0,0,0,0,0,0,0,0,4,0,1,0,0,4,0,0,0,147,0,0,0,0,-51.54639175257732,0.0,0.0,-2,0.0,0.0,0.0,0.0,0.0,2,1,0,64.3265306122449,50,0,0,4,2,6,0,2,0,3,0,0,0,2,2,0,0,5,0,0,0,2,7,0,1,0,147,0,0,0,1,51.54639175257732,17.006802721088437,0.0,2,0.0,50.0,100.0,0.0,0.0,2,1,2,64.3265306122449
S45G01N40,2024-2025,20241109,34,home,6,0,0,2,0,2,0,4,0,1,0,0,0,0,0,0,0,5,0,1,0,0,5,0,0,0,164,0,0,0,0,-51.54639175257732,0.0,0.0,-3,0.0,0.0,0.0,0.0,0.0,2,1,0,64.97560975609755,50,0,0,4,2,6,0,2,0,3,0,0,0,2,2,0,0,5,0,0,0,2,7,0,1,0,164,0,0,0,1,51.54639175257732,17.006802721088437,0.0,2,0.0,50.0,100.0,0.0,0.0,2,1,2,64.97560975609755
S45G01N40,2024-2025,20241109,35,home,6,0,0,2,0,2,0,4,0,1,0,0,0,0,0,0,0,5,0,1,0,0,5,0,0,0,166,0,0,0,0,-51.54639175257732,0.0,0.0,-3,0.0,0.0,0.0,0.0,0.0,2,1,0,64.19277108433734,50,0,0,5,2,7,0,2,0,3,0,0,0,2,2,0,0,5,0,0,0,2,7,0,1,0,166,0,0,0,1,51.54639175257732,17.006802721088437,0.0,3,0.0,50.0,100.0,0.0,0.0,2,1,2,64.19277108433734
S45G01N40,2024-2025,20241109,36,home,6,0,0,2,0,2,0,4,0,1,0,0,0,0,0,0,0,5,0,1,0,0,5,0,0,0,172,0,0,0,0,-40.98360655737705,0.0,0.0,-3,0.0,0.0,0.0,0.0,0.0,2,1,0,68.93023255813952,50,0,0,5,2,7,0,3,0,3,0,0,0,2,2,0,0,6,0,0,0,2,8,0,1,0,172,0,0,0,1,40.98360655737705,14.534883720930234,0.0,2,0.0,50.0,100.0,0.0,0.0,2,1,2,68.93023255813952
S45G01N40,2024-2025,20241109,37,home,6,0,0,3,0,3,0,4,0,1,0,0,0,0,0,0,0,5,0,1,0,0,5,0,0,0,174,0,0,0,0,-40.98360655737705,0.0,0.0,-2,0.0,0.0,0.0,0.0,0.0,2,1,0,68.13793103448275,50,0,0,5,2,7,0,3,0,3,0,0,0,2,2,0,0,6,0,0,0,2,8,0,1,0,174,0,0,0,1,40.98360655737705,14.534883720930234,0.0,2,0.0,40.0,100.0,0.0,0.0,2,1,2,68.13793103448275
S45G01N40,2024-2025,20241109,38,home,6,0,0,3,0,3,0,4,0,1,0,0,0,0,0,0,0,5,0,1,0,0,5,0,0,1,188,0,0,0,1,-40.98360655737705,0.0,0.0,-3,16.666666666666668,0.0,0.0,0.0,0.0,2,1,0,69.44680851063829,50,0,0,5,2,7,0,3,0,3,0,0,0,2,2,0,0,6,0,0,0,2,8,0,1,0,188,0,0,0,1,40.98360655737705,14.534883720930234,0.0,2,0.0,40.0,100.0,0.0,0.0,2,1,2,69.44680851063829
S45G01N40,2024-2025,20241109,39,home,6,0,0,3,0,3,0,4,0,1,0,0,0,0,0,0,0,5,0,2,1,0,5,0,0,1,196,0,0,0,1,-40.98360655737705,0.0,0.0,-3,16.666666666666668,0.0,0.0,0.0,0.0,2,1,0,66.61224489795917,50,0,0,5,2,7,0,3,0,3,0,0,0,2,2,0,0,6,0,0,0,2,8,0,1,0,196,0,0,0,1,40.98360655737705,14.534883720930234,0.0,2,0.0,40.0,100.0,0.0,0.0,2,1,2,66.61224489795917
S45G01N40,2024-2025,20241109,40,home,6,0,0,3,0,3,0,4,0,1,0,0,0,0,0,0,0,5,0,2,1,0,5,0,0,1,196,0,0,0,1,-40.98360655737705,0.0,0.0,-3,16.666666666666668,0.0,0.0,0.0,0.0,2,1,0,66.61224489795917,50,0,0,5,2,7,0,3,0,3,0,0,0,2,2,0,0,6,0,0,0,2,8,0,1,0,196,0,0,0,1,40.98360655737705,14.534883720930234,0.0,2,0.0,40.0,100.0,0.0,0.0,2,1,2,66.61224489795917
S45G01N40,2024-2025,20241109,41,home,6,0,0,3,0,3,0,4,0,1,0,0,0,0,0,0,0,5,0,2,1,0,5,0,0,1,207,0,0,0,1,-34.013605442176875,0.0,0.0,-3,16.666666666666668,0.0,0.0,0.0,0.0,2,1,0,68.8695652173913,50,0,0,5,2,7,0,3,0,4,0,0,0,2,2,0,0,7,0,0,0,2,9,0,1,0,207,0,0,0,1,34.013605442176875,12.690355329949238,0.0,1,0.0,40.0,100.0,0.0,0.0,2,1,2,68.8695652173913
S45G01N40,2024-2025,20241109,42,home,6,0,0,4,0,4,0,4,0,1,0,0,0,0,0,0,0,5,0,2,1,0,5,0,0,1,209,0,0,0,1,-34.013605442176875,0.0,0.0,-2,16.666666666666668,0.0,0.0,0.0,0.0,2,1,0,68.21052631578947,50,0,0,5,2,7,0,3,0,4,0,0,0,2,2,0,0,7,0,0,0,2,9,0,1,0,209,0,0,0,1,34.013605442176875,12.690355329949238,0.0,1,0.0,33.333333333333336,100.0,0.0,0.0,2,1,2,68.21052631578947
S45G01N40,2024-2025,20241109,43,home,6,0,0,4,0,4,0,4,0,2,0,0,0,0,0,0,0,6,0,2,1,0,6,0,0,1,220,0,0,0,1,-34.013605442176875,0.0,0.0,-3,14.285714285714286,0.0,0.0,0.0,0.0,2,1,0,70.25454545454545,50,0,0,5,2,7,0,3,0,4,0,0,0,2,2,0,0,7,0,0,0,2,9,0,1,0,220,0,0,0,1,34.013605442176875,12.690355329949238,0.0,1,0.0,33.333333333333336,100.0,0.0,0.0,2,1,2,70.25454545454545
S45G01N40,2024-2025,20241109,44,home,6,0,0,4,0,4,0,4,0,2,0,0,0,0,0,0,0,6,0,2,1,0,6,0,0,1,222,0,0,0,1,-34.013605442176875,0.0,0.0,-3,14.285714285714286,0.0,0.0,0.0,0.0,2,1,0,69.62162162162161,50,0,0,6,2,8,0,3,0,4,0,0,0,2,2,0,0,7,0,0,0,2,9,0,1,0,222,0,0,0,1,34.013605442176875,12.690355329949238,0.0,2,0.0,33.333333333333336,100.0,0.0,0.0,2,1,2,69.62162162162161
S45G01N40,2024-2025,20241109,45,home,6,0,0,4,0,4,0,4,0,2,0,0,0,0,0,0,0,6,0,2,1,0,6,0,0,1,225,0,0,0,1,-29.06976744186047,0.0,0.0,-3,14.285714285714286,0.0,0.0,0.0,0.0,2,1,0,74.02666666666666,50,0,0,6,2,8,0,3,0,4,0,0,0,2,2,0,0,7,0,0,0,2,9,0,1,1,225,0,0,0,2,29.06976744186047,12.690355329949238,0.0,1,11.261261261261263,33.333333333333336,100.0,0.0,0.0,2,1,2,74.02666666666666
S45G01N40,2024-2025,20241109,46,home,6,0,0,4,0,4,0,4,0,3,1,0,0,0,0,0,0,7,1,2,1,3,7,0,0,1,248,0,0,0,1,8.43023255813953,21.428571428571427,21.428571428571427,0,12.5,0.0,0.0,0.0,0.0,3,2,1,72.0,50,0,0,6,2,8,0,3,0,4,0,0,0,2,2,0,0,7,0,0,0,2,9,0,1,1,248,0,0,0,2,-8.43023255813953,12.690355329949238,0.0,1,11.261261261261263,33.333333333333336,100.0,0.0,0.0,3,2,2,72.0
S45G01N40,2024-2025,20241109,47,home,6,1,0,4,0,4,0,4,0,3,1,0,0,0,0,0,0,7,1,2,1,3,7,0,0,1,248,0,0,0,1,8.43023255813953,21.428571428571427,21.428571428571427,1,12.5,0.0,0.0,100.0,1.0,3,2,1,72.0,50,0,0,6,2,8,0,3,0,4,0,0,0,2,2,0,0,7,0,0,0,2,9,0,1,1,248,0,0,0,2,-8.43023255813953,12.690355329949238,0.0,1,11.261261261261263,33.333333333333336,100.0,0.0,0.0,3,2,2,72.0
S45G01N40,2024-2025,20241109,48,home,6,1,0,4,0,4,0,4,0,3,1,0,0,0,0,0,0,7,1,3,1,3,7,0,0,1,274,0,0,0,1,8.43023255813953,21.428571428571427,21.428571428571427,1,12.5,0.0,0.0,100.0,1.0,3,2,1,65.16788321167883,50,0,0,6,2,8,0,3,0,4,0,0,0,2,2,0,0,7,0,0,0,2,9,0,1,1,274,0,0,0,2,-8.43023255813953,12.690355329949238,0.0,1,11.261261261261263,33.333333333333336,100.0,0.0,0.0,3,2,2,65.16788321167883
S45G01N40,2024-2025,20241109,49,home,6,1,0,4,0,4,0,4,0,3,1,0,0,0,0,0,0,7,1,3,1,3,7,0,0,1,274,0,0,0,1,8.43023255813953,21.428571428571427,21.428571428571427,1,12.5,0.0,0.0,100.0,1.0,3,2,1,65.16788321167883,50,0,0,6,2,8,0,3,0,4,0,0,0,2,2,0,0,7,0,0,0,2,9,0,1,1,274,0,0,0,2,-8.43023255813953,12.690355329949238,0.0,1,11.261261261261263,33.333333333333336,100.0,0.0,0.0,3,2,2,65.16788321167883
S45G01N40,2024-2025,20241109,50,home,6,1,0,4,0,4,0,4,0,3,1,0,0,0,0,0,0,7,1,3,1,3,7,0,0,1,274,0,0,0,1,-3.483606557377044,21.428571428571427,21.428571428571427,1,12.5,0.0,0.0,100.0,1.0,1,2,1,67.0948905109489,50,0,0,6,2,8,0,3,0,4,0,0,0,3,3,0,0,7,0,0,0,3,10,0,1,1,274,0,0,0,2,3.483606557377044,18.028846153846153,0.0,2,10.729613733905579,33.333333333333336,100.0,0.0,0.0,1,2,2,67.0948905109489
S45G01N40,2024-2025,20241109,51,home,6,1,0,4,0,4,0,4,0,3,1,0,0,0,0,0,0,7,1,3,1,3,7,0,0,1,274,0,0,0,1,-14.046391752577321,21.428571428571427,21.428571428571427,1,12.5,0.0,0.0,100.0,1.0,2,3,1,69.02189781021897,50,0,0,6,2,8,0,3,0,4,0,0,0,4,4,0,0,7,0,0,0,4,11,0,1,1,274,0,0,0,2,14.046391752577321,22.831050228310502,0.0,3,10.245901639344263,33.333333333333336,100.0,0.0,0.0,2,3,2,69.02189781021897
S45G01N40,2024-2025,20241109,52,home,6,1,0,4,0,4,0,4,0,4,1,0,0,0,0,0,0,8,1,3,1,3,8,0,0,1,295,0,0,0,1,-18.213058419243985,18.75,18.75,0,11.11111111111111,0.0,0.0,100.0,1.0,2,3,1,68.17627118644067,50,0,0,6,2,8,0,3,0,4,0,0,0,4,4,0,0,7,0,0,0,4,11,0,1,1,295,0,0,0,2,18.213058419243985,22.831050228310502,0.0,3,10.245901639344263,33.333333333333336,100.0,0.0,0.0,2,3,2,68.17627118644067
S45G01N40,2024-2025,20241109,53,home,6,1,0,4,0,4,0,4,0,4,1,0,0,0,0,0,0,8,1,3,1,3,8,0,0,1,296,0,0,0,1,-18.213058419243985,18.75,18.75,0,11.11111111111111,0.0,0.0,100.0,1.0,2,3,1,67.94594594594594,50,0,0,7,2,9,0,3,0,4,0,0,0,4,4,0,0,7,0,0,0,4,11,0,1,1,296,0,0,0,2,18.213058419243985,22.831050228310502,0.0,4,10.245901639344263,33.333333333333336,100.0,0.0,0.0,2,3,2,67.94594594594594
S45G01N40,2024-2025,20241109,54,home,6,1,0,4,0,4,0,4,0,4,1,0,0,0,0,0,0,8,1,4,2,3,8,0,0,1,302,0,0,0,1,-18.213058419243985,18.75,18.75,0,11.11111111111111,0.0,0.0,100.0,1.0,2,3,1,66.59602649006621,50,0,0,7,2,9,0,3,0,4,0,0,0,4,4,0,0,7,0,0,0,4,11,0,1,1,302,0,0,0,2,18.213058419243985,22.831050228310502,0.0,4,10.245901639344263,33.333333333333336,100.0,0.0,0.0,2,3,2,66.59602649006621
S45G01N40,2024-2025,20241109,55,home,6,1,0,4,0,4,0,4,0,4,1,0,0,0,0,0,0,8,1,4,2,3,8,0,0,1,302,0,0,0,1,-18.213058419243985,18.75,18.75,0,11.11111111111111,0.0,0.0,100.0,1.0,2,3,1,66.59602649006621,50,0,0,7,2,9,0,3,0,4,0,0,0,4,4,0,0,7,0,0,0,4,11,0,1,1,302,0,0,0,2,18.213058419243985,22.831050228310502,0.0,4,10.245901639344263,33.333333333333336,100.0,0.0,0.0,2,3,2,66.59602649006621
S45G01N40,2024-2025,20241109,56,home,6,1,0,4,0,4,0,4,0,4,1,0,0,0,0,0,0,8,1,4,2,3,8,0,0,1,312,0,0,0,1,-12.328767123287669,18.75,18.75,0,11.11111111111111,0.0,0.0,100.0,1.0,2,3,1,68.3076923076923,50,0,0,7,2,9,0,4,0,4,0,0,0,4,4,0,0,8,0,0,0,4,12,0,1,1,312,0,0,0,2,12.328767123287669,20.491803278688526,0.0,3,9.29368029739777,33.333333333333336,100.0,0.0,0.0,2,3,2,68.3076923076923
S45G01N40,2024-2025,20241109,57,home,6,1,0,5,0,5,0,4,0,4,1,0,0,0,0,0,0,8,1,4,2,3,8,0,0,1,314,0,0,0,1,-12.328767123287669,18.75,18.75,1,11.11111111111111,0.0,0.0,100.0,1.0,2,3,1,67.87261146496814,50,0,0,7,2,9,0,4,0,4,0,0,0,4,4,0,0,8,0,0,0,4,12,0,1,1,314,0,0,0,2,12.328767123287669,20.491803278688526,0.0,3,9.29368029739777,28.571428571428573,100.0,0.0,0.0,2,3,2,67.87261146496814
S45G01N40,2024-2025,20241109,58,home,6,1,0,5,0,5,0,4,0,5,1,0,0,0,0,0,0,9,1,4,2,3,9,0,0,1,320,0,0,0,1,-15.662100456621005,16.666666666666668,16.666666666666668,0,10.0,0.0,0.0,100.0,1.0,2,3,1,70.35,50,0,0,7,2,9,0,4,0,4,0,0,0,4,4,0,0,8,0,0,0,4,12,0,1,1,320,0,0,0,2,15.662100456621005,20.491803278688526,0.0,3,9.29368029739777,28.571428571428573,100.0,0.0,0.0,2,3,2,70.35
S45G01N40,2024-2025,20241109,59,home,6,1,0,5,0,5,0,4,0,5,1,0,0,0,0,0,0,9,1,4,2,3,9,0,0,1,321,0,0,0,1,-15.662100456621005,16.666666666666668,16.666666666666668,0,10.0,0.0,0.0,100.0,1.0,2,3,1,70.13084112149532,50,0,0,8,2,10,0,4,0,4,0,0,0,4,4,0,0,8,0,0,0,4,12,0,1,1,321,0,0,0,2,15.662100456621005,20.491803278688526,0.0,4,9.29368029739777,28.571428571428573,100.0,0.0,0.0,2,3,2,70.13084112149532
S45G01N40,2024-2025,20241109,60,home,6,1,0,5,0,5,0,4,0,5,1,0,0,0,0,0,0,9,1,4,2,3,9,0,0,1,333,0,0,0,1,-10.983606557377051,16.666666666666668,16.666666666666668,0,10.0,0.0,0.0,100.0,1.0,2,3,1,71.2072072072072,50,0,0,8,2,10,0,5,0,4,0,0,0,4,4,0,0,9,0,0,0,4,13,0,1,1,333,0,0,0,2,10.983606557377051,18.58736059479554,0.0,3,8.503401360544219,28.571428571428573,100.0,0.0,0.0,2,3,2,71.2072072072072
S45G01N40,2024-2025,20241109,61,home,6,1,0,6,0,6,0,4,0,5,1,0,0,0,0,0,0,9,1,4,2,3,9,0,0,1,335,0,0,0,1,-10.983606557377051,16.666666666666668,16.666666666666668,1,10.0,0.0,0.0,100.0,1.0,2,3,1,70.7820895522388,50,0,0,8,2,10,0,5,0,4,0,0,0,4,4,0,0,9,0,0,0,4,13,0,1,1,335,0,0,0,2,10.983606557377051,18.58736059479554,0.0,3,8.503401360544219,25.0,100.0,0.0,0.0,2,3,2,70.7820895522388
S45G01N40,2024-2025,20241109,62,home,6,1,0,6,0,6,0,4,0,6,1,0,0,0,0,0,0,10,1,4,2,3,10,0,0,1,342,0,0,0,1,-13.710879284649778,15.0,15.0,0,9.090909090909092,0.0,0.0,100.0,1.0,2,3,1,72.84210526315789,50,0,0,8,2,10,0,5,0,4,0,0,0,4,4,0,0,9,0,0,0,4,13,0,1,1,342,0,0,0,2,13.710879284649778,18.58736059479554,0.0,3,8.503401360544219,25.0,100.0,0.0,0.0,2,3,2,72.84210526315789
S45G01N40,2024-2025,20241109,63,home,6,1,0,6,0,6,0,4,0,6,1,0,0,0,0,0,0,10,1,4,2,3,10,0,0,1,345,0,0,0,1,-13.710879284649778,15.0,15.0,0,9.090909090909092,0.0,0.0,100.0,1.0,2,3,1,72.2086956521739,50,0,0,9,2,11,0,5,0,4,0,0,0,4,4,0,0,9,0,0,0,4,13,0,1,1,345,0,0,0,2,13.710879284649778,18.58736059479554,0.0,4,8.503401360544219,25.0,100.0,0.0,0.0,2,3,2,72.2086956521739
S45G01N40,2024-2025,20241109,64,home,6,1,0,6,0,6,0,4,0,6,1,0,0,0,0,0,0,10,1,4,2,3,10,0,0,1,359,0,0,0,1,-9.901993916863809,15.0,15.0,0,9.090909090909092,0.0,0.0,100.0,1.0,2,3,1,72.73537604456824,50,0,0,9,2,11,0,5,0,4,0,0,0,4,4,0,0,9,0,0,0,4,13,0,1,2,359,0,0,0,3,9.901993916863809,18.58736059479554,0.0,3,15.673981191222571,25.0,100.0,0.0,0.0,2,3,2,72.73537604456824
S45G01N40,2024-2025,20241109,65,home,6,1,0,6,0,6,0,4,0,6,1,0,0,0,0,0,0,10,1,4,2,3,10,0,0,1,359,0,0,0,1,-9.901993916863809,15.0,15.0,0,9.090909090909092,0.0,0.0,100.0,1.0,2,3,1,72.73537604456824,50,0,0,9,2,11,0,5,0,4,0,0,0,4,4,0,0,9,0,0,0,4,13,0,1,2,359,0,0,0,3,9.901993916863809,18.58736059479554,0.0,3,15.673981191222571,25.0,100.0,0.0,0.0,2,3,2,72.73537604456824
S45G01N40,2024-2025,20241109,66,home,6,1,0,6,0,6,0,4,0,6,1,0,0,0,0,0,0,10,1,4,2,3,10,0,0,1,359,0,0,0,1,-9.901993916863809,15.0,15.0,0,9.090909090909092,0.0,0.0,100.0,1.0,2,3,1,72.73537604456824,50,0,0,9,2,11,0,5,0,4,0,0,0,4,4,0,0,9,0,0,0,4,13,0,1,2,359,0,0,0,3,9.901993916863809,18.58736059479554,0.0,3,15.673981191222571,25.0,100.0,0.0,0.0,2,3,2,72.73537604456824
S45G01N40,2024-2025,20241109,67,home,6,1,0,6,0,6,0,4,0,6,1,0,0,0,0,0,0,10,1,4,2,3,10,0,0,1,374,0,0,0,1,-9.901993916863809,15.0,15.0,0,9.090909090909092,0.0,0.0,100.0,1.0,2,3,1,69.81818181818181,50,0,0,9,2,11,0,5,0,4,0,0,0,4,4,0,0,9,0,1,1,4,13,0,1,2,374,0,0,0,3,9.901993916863809,18.58736059479554,0.0,3,15.673981191222571,25.0,100.0,0.0,0.0,2,3,2,69.81818181818181
S45G01N40,2024-2025,20241109,68,home,6,1,0,6,0,6,0,4,0,6,1,0,0,0,0,0,0,10,1,4,2,3,10,0,0,1,374,0,0,0,1,-9.901993916863809,15.0,15.0,0,9.090909090909092,0.0,0.0,100.0,1.0,2,3,1,69.81818181818181,50,0,0,9,2,11,0,5,0,4,0,0,0,4,4,0,0,9,0,1,1,4,13,0,1,2,374,0,0,0,3,9.901993916863809,18.58736059479554,0.0,3,15.673981191222571,25.0,100.0,0.0,0.0,2,3,2,69.81818181818181
S45G01N40,2024-2025,20241109,69,home,6,1,0,6,0,6,0,5,0,6,1,0,0,0,0,0,0,11,1,4,2,3,11,0,0,1,382,0,0,0,1,-12.174721189591082,13.636363636363637,13.636363636363637,-1,8.333333333333334,0.0,0.0,100.0,1.0,2,3,1,71.49738219895288,50,0,0,9,2,11,0,5,0,4,0,0,0,4,4,0,0,9,0,1,1,4,13,0,1,2,382,0,0,0,3,12.174721189591082,18.58736059479554,0.0,3,15.673981191222571,25.0,100.0,0.0,0.0,2,3,2,71.49738219895288
S45G01N40,2024-2025,20241109,70,home,6,1,0,6,0,6,0,5,0,6,1,0,0,0,0,0,0,11,1,4,2,3,11,0,0,1,383,0,0,0,1,-12.174721189591082,13.636363636363637,13.636363636363637,-1,8.333333333333334,0.0,0.0,100.0,1.0,2,3,1,71.31070496083551,50,0,1,9,2,11,0,5,0,4,0,0,0,4,4,0,0,9,0,1,1,4,13,0,1,2,383,0,0,0,3,12.174721189591082,18.58736059479554,0.0,4,15.673981191222571,25.0,100.0,0.0,0.0,2,3,2,71.31070496083551
S45G01N40,2024-2025,20241109,71,home,6,1,0,6,0,6,0,5,0,6,1,0,0,0,0,0,0,11,1,4,2,3,11,0,0,1,383,0,0,0,1,-12.174721189591082,13.636363636363637,13.636363636363637,-1,8.333333333333334,0.0,0.0,100.0,1.0,2,3,1,71.31070496083551,50,0,1,10,2,12,0,5,0,4,0,0,0,4,4,0,0,9,0,1,1,4,13,0,1,2,383,0,0,0,3,12.174721189591082,18.58736059479554,0.0,5,15.673981191222571,25.0,100.0,0.0,0.0,2,3,2,71.31070496083551
S45G01N40,2024-2025,20241109,72,home,6,1,0,6,0,6,0,5,0,6,1,0,0,0,0,0,0,11,1,4,2,3,11,0,0,1,389,0,0,0,1,-9.013605442176875,13.636363636363637,13.636363636363637,-1,8.333333333333334,0.0,0.0,100.0,1.0,2,3,1,73.2956298200514,50,0,1,10,2,12,0,5,0,4,0,0,0,4,4,0,0,9,0,1,1,4,13,0,1,3,389,0,0,0,4,9.013605442176875,18.58736059479554,0.0,4,21.802325581395348,25.0,100.0,0.0,0.0,2,3,2,73.2956298200514
S45G01N40,2024-2025,20241109,73,home,6,1,0,6,0,6,0,5,0,6,1,0,0,0,0,0,0,11,1,4,2,3,11,1,0,1,390,0,0,0,1,-9.013605442176875,13.636363636363637,13.636363636363637,0,8.333333333333334,0.0,0.0,100.0,1.0,2,3,1,73.1076923076923,50,0,1,10,2,12,0,5,0,4,0,0,0,4,4,0,0,9,0,1,1,4,13,0,1,3,390,0,0,0,4,9.013605442176875,18.58736059479554,0.0,4,21.802325581395348,25.0,100.0,0.0,0.0,2,3,2,73.1076923076923
S45G01N40,2024-2025,20241109,74,home,6,1,0,6,0,6,0,5,0,7,2,0,0,0,0,0,0,12,2,4,2,6,12,1,0,1,398,0,0,0,1,12.140240711669279,25.0,25.0,3,7.6923076923076925,0.0,0.0,50.0,1.0,3,4,2,74.65326633165829,50,0,1,10,2,12,0,5,0,4,0,0,0,4,4,0,0,9,0,1,1,4,13,0,1,3,398,0,0,0,4,-12.140240711669279,18.58736059479554,0.0,4,21.802325581395348,25.0,100.0,0.0,0.0,3,4,2,74.65326633165829
S45G01N40,2024-2025,20241109,75,home,6,2,0,6,0,6,0,5,0,7,2,0,0,0,0,0,0,12,2,4,2,6,12,1,0,1,398,0,0,0,1,12.140240711669279,25.0,25.0,4,7.6923076923076925,0.0,0.0,100.0,2.0,3,4,2,74.65326633165829,50,0,1,10,2,12,0,5,0,4,0,0,0,4,4,0,0,9,0,1,1,4,13,0,1,3,398,0,0,0,4,-12.140240711669279,18.58736059479554,0.0,4,21.802325581395348,25.0,100.0,0.0,0.0,3,4,2,74.65326633165829
S45G01N40,2024-2025,20241109,76,home,6,2,0,6,0,6,0,5,0,7,2,0,0,0,0,1,3,12,2,4,2,6,12,1,0,1,398,0,0,0,1,12.140240711669279,25.0,25.0,4,7.6923076923076925,0.0,0.0,100.0,2.0,3,4,2,74.65326633165829,50,0,1,10,2,12,0,5,0,4,0,0,0,4,4,0,0,9,0,1,1,4,13,0,1,3,398,0,0,0,4,-12.140240711669279,18.58736059479554,0.0,4,21.802325581395348,25.0,100.0,0.0,0.0,3,4,2,74.65326633165829
S45G01N40,2024-2025,20241109,77,home,6,2,0,6,0,6,0,5,0,7,2,0,0,0,0,1,3,12,2,4,2,6,12,1,0,1,416,0,0,0,1,14.80588377140101,25.0,25.0,4,7.6923076923076925,0.0,0.0,100.0,2.0,3,4,2,74.3076923076923,50,0,1,10,2,12,0,5,0,5,0,0,0,4,4,0,0,10,0,1,1,4,14,0,1,3,416,0,0,0,4,-14.80588377140101,17.006802721088437,0.0,3,20.32520325203252,25.0,100.0,0.0,0.0,3,4,2,74.3076923076923
S45G01N40,2024-2025,20241109,78,home,6,2,0,6,0,6,0,5,0,7,2,0,0,0,0,1,3,12,2,4,2,6,12,1,0,1,419,0,0,0,1,12.140240711669279,25.0,25.0,4,7.6923076923076925,0.0,0.0,100.0,2.0,3,4,2,70.91169451073985,50,0,1,10,3,13,0,5,0,5,0,0,0,4,4,0,0,10,0,1,1,4,14,0,1,3,419,0,0,0,4,-12.140240711669279,17.006802721088437,0.0,4,20.32520325203252,33.333333333333336,100.0,0.0,0.0,3,4,2,70.91169451073985
S45G01N40,2024-2025,20241109,79,home,6,2,0,6,0,6,0,5,0,7,2,0,0,0,0,1,3,12,2,4,2,6,12,1,0,1,424,0,0,0,1,-0.8680974198215594,25.0,25.0,4,7.6923076923076925,0.0,0.0,100.0,2.0,2,4,2,72.90566037735849,50,0,1,10,3,13,0,6,1,5,0,0,0,4,4,0,0,11,1,1,1,6,15,0,1,3,424,0,0,0,4,0.8680974198215594,23.510971786833856,9.090909090909092,6,19.03553299492386,33.333333333333336,100.0,0.0,0.0,2,4,2,72.90566037735849
S45G01N40,2024-2025,20241109,80,home,6,2,0,6,0,6,0,5,0,8,3,0,0,0,0,1,3,13,3,4,2,9,13,1,0,1,444,0,0,0,1,17.26377071204658,34.61538461538461,34.61538461538461,7,7.142857142857143,0.0,0.0,66.66666666666667,2.0,3,4,3,72.32432432432432,50,0,1,10,3,13,0,6,1,5,0,0,0,4,4,0,0,11,1,1,1,6,15,0,1,3,444,0,0,0,4,-17.26377071204658,23.510971786833856,9.090909090909092,6,19.03553299492386,33.333333333333336,100.0,0.0,0.0,3,4,2,72.32432432432432
S45G01N40,2024-2025,20241109,81,home,6,3,0,6,0,6,0,5,0,8,3,0,0,0,0,1,3,13,3,4,2,9,13,1,0,1,444,0,0,0,1,17.26377071204658,34.61538461538461,34.61538461538461,8,7.142857142857143,0.0,0.0,100.0,3.0,3,4,3,72.32432432432432,50,0,1,10,3,13,0,6,1,5,0,0,0,4,4,0,0,11,1,1,1,6,15,0,1,3,444,0,0,0,4,-17.26377071204658,23.510971786833856,9.090909090909092,6,19.03553299492386,33.333333333333336,100.0,0.0,0.0,3,4,2,72.32432432432432
S45G01N40,2024-2025,20241109,82,home,6,3,0,6,0,6,0,5,0,8,3,0,0,0,0,1,3,13,3,4,2,9,13,1,0,1,463,0,0,0,1,17.26377071204658,34.61538461538461,34.61538461538461,8,7.142857142857143,0.0,0.0,100.0,3.0,3,4,3,69.35637149028078,50,0,1,10,3,13,0,6,1,5,0,0,0,4,4,0,0,11,1,1,1,6,15,0,1,3,463,0,0,0,4,-17.26377071204658,23.510971786833856,9.090909090909092,6,19.03553299492386,33.333333333333336,100.0,0.0,0.0,3,4,2,69.35637149028078
S45G01N40,2024-2025,20241109,83,home,6,3,0,6,0,6,0,5,0,8,3,0,0,0,0,1,3,13,3,4,2,9,13,1,0,1,463,0,0,0,1,17.26377071204658,34.61538461538461,34.61538461538461,8,7.142857142857143,0.0,0.0,100.0,3.0,3,4,3,69.35637149028078,50,0,1,10,3,13,0,6,1,5,0,0,0,4,4,0,0,11,1,1,1,6,15,0,1,3,463,0,0,0,4,-17.26377071204658,23.510971786833856,9.090909090909092,6,19.03553299492386,33.333333333333336,100.0,0.0,0.0,3,4,2,69.35637149028078
S45G01N40,2024-2025,20241109,84,home,6,3,0,6,0,6,0,5,0,8,3,0,0,0,0,1,3,13,3,4,2,9,13,1,0,1,463,0,0,0,1,17.26377071204658,34.61538461538461,34.61538461538461,8,7.142857142857143,0.0,0.0,100.0,3.0,3,4,3,69.35637149028078,50,0,1,10,3,13,0,6,1,5,0,0,0,4,4,0,0,11,1,1,1,6,15,0,1,3,463,0,0,0,4,-17.26377071204658,23.510971786833856,9.090909090909092,6,19.03553299492386,33.333333333333336,100.0,0.0,0.0,3,4,2,69.35637149028078
S45G01N40,2024-2025,20241109,85,home,6,3,0,6,0,6,0,5,0,8,3,0,0,0,0,1,3,13,3,4,2,9,13,1,0,1,463,0,0,0,1,17.26377071204658,34.61538461538461,34.61538461538461,8,7.142857142857143,0.0,0.0,100.0,3.0,3,4,3,69.35637149028078,50,0,1,10,3,13,0,6,1,5,0,0,0,4,4,0,0,11,1,1,1,6,15,0,1,3,463,0,0,0,4,-17.26377071204658,23.510971786833856,9.090909090909092,6,19.03553299492386,33.333333333333336,100.0,0.0,0.0,3,4,2,69.35637149028078
S45G01N40,2024-2025,20241109,86,home,6,3,0,6,0,6,0,5,0,8,3,0,0,0,0,1,3,13,3,5,2,9,13,1,0,1,463,0,0,0,1,17.26377071204658,34.61538461538461,34.61538461538461,8,7.142857142857143,0.0,0.0,100.0,3.0,3,4,3,69.35637149028078,50,0,1,10,3,13,0,6,1,5,0,0,0,4,4,0,0,11,1,1,1,6,15,0,1,3,463,0,0,0,4,-17.26377071204658,23.510971786833856,9.090909090909092,6,19.03553299492386,33.333333333333336,100.0,0.0,0.0,3,4,2,69.35637149028078
S45G01N40,2024-2025,20241109,87,home,6,3,0,6,0,6,0,5,0,8,3,0,0,0,0,1,3,13,3,5,2,9,13,1,0,1,463,0,0,0,1,17.26377071204658,34.61538461538461,34.61538461538461,8,7.142857142857143,0.0,0.0,100.0,3.0,3,4,3,69.35637149028078,50,0,1,10,3,13,0,6,1,5,0,0,0,4,4,0,0,11,1,1,1,6,15,0,1,3,463,0,0,0,4,-17.26377071204658,23.510971786833856,9.090909090909092,6,19.03553299492386,33.333333333333336,100.0,0.0,0.0,3,4,2,69.35637149028078
S45G01N40,2024-2025,20241109,88,home,6,3,0,6,0,6,0,5,0,8,3,0,0,0,0,1,3,13,3,5,2,9,13,1,0,1,463,0,0,0,1,11.25541125541126,34.61538461538461,34.61538461538461,8,7.142857142857143,0.0,0.0,100.0,3.0,1,4,3,70.49676025917927,50,0,1,10,3,13,0,6,1,5,0,0,0,5,5,0,0,11,1,1,1,7,16,0,1,3,463,0,0,0,4,-11.25541125541126,26.515151515151516,9.090909090909092,7,18.51851851851852,33.333333333333336,100.0,0.0,0.0,1,4,2,70.49676025917927
S45G01N40,2024-2025,20241109,89,home,6,3,0,6,0,6,0,5,0,8,3,0,0,0,0,1,3,13,3,5,2,9,13,1,0,1,463,0,0,0,1,5.634687892752417,34.61538461538461,34.61538461538461,8,7.142857142857143,0.0,0.0,100.0,3.0,2,4,3,71.63714902807776,50,0,1,10,3,13,0,6,1,5,0,0,0,6,6,0,0,11,1,1,1,8,17,0,1,3,463,0,0,0,4,-5.634687892752417,29.325513196480937,9.090909090909092,8,18.028846153846153,33.333333333333336,100.0,0.0,0.0,2,4,2,71.63714902807776
S45G01N40,2024-2025,20241109,90,home,6,3,0,6,0,6,0,5,0,8,3,0,0,0,0,1,3,13,3,5,2,9,13,1,0,1,463,0,0,0,1,5.634687892752417,34.61538461538461,34.61538461538461,8,7.142857142857143,0.0,0.0,100.0,3.0,2,4,3,71.63714902807776,50,0,1,10,3,13,0,6,1,5,0,0,0,6,6,0,0,11,1,1,1,8,17,0,1,3,463,0,0,0,4,-5.634687892752417,29.325513196480937,9.090909090909092,8,18.028846153846153,33.333333333333336,100.0,0.0,0.0,2,4,2,71.63714902807776
S45G01N40,2024-2025,20241109,91,home,6,3,0,6,0,6,0,5,0,8,3,0,0,0,0,1,3,13,3,5,2,9,13,1,0,1,463,0,0,0,1,5.634687892752417,34.61538461538461,34.61538461538461,8,7.142857142857143,0.0,0.0,100.0,3.0,2,4,3,71.63714902807776,50,0,1,10,3,13,0,6,1,5,0,0,0,6,6,0,0,11,1,1,1,8,17,0,1,3,463,0,0,0,4,-5.634687892752417,29.325513196480937,9.090909090909092,8,18.028846153846153,33.333333333333336,100.0,0.0,0.0,2,4,2,71.63714902807776
S45G01N40,2024-2025,20241109,92,home,6,3,0,6,0,6,0,6,0,8,3,0,0,0,0,1,3,14,3,5,2,9,14,1,0,1,487,0,0,0,1,1.3489736070381255,32.142857142857146,32.142857142857146,7,6.666666666666667,0.0,0.0,100.0,3.0,2,4,3,70.57084188911705,50,0,1,10,3,13,0,6,1,5,0,0,0,6,6,0,0,11,1,1,1,8,17,0,1,3,487,0,0,0,4,-1.3489736070381255,29.325513196480937,9.090909090909092,8,18.028846153846153,33.333333333333336,100.0,0.0,0.0,2,4,2,70.57084188911705
S45G01N40,2024-2025,20241109,93,home,6,3,0,6,0,6,0,6,0,8,3,0,0,0,0,1,3,14,3,5,2,9,14,1,0,1,489,0,0,0,1,1.3489736070381255,32.142857142857146,32.142857142857146,7,6.666666666666667,0.0,0.0,100.0,3.0,2,4,3,70.28220858895706,50,0,1,11,3,14,0,6,1,5,0,0,0,6,6,0,0,11,1,1,1,8,17,0,1,3,489,0,0,0,4,-1.3489736070381255,29.325513196480937,9.090909090909092,9,18.028846153846153,33.333333333333336,100.0,0.0,0.0,2,4,2,70.28220858895706
S45G01N40,2024-2025,20241109,94,home,6,3,0,6,0,6,0,6,0,8,3,0,0,0,0,1,3,14,3,5,2,9,14,1,0,1,494,0,0,0,1,5.355191256830601,32.142857142857146,32.142857142857146,7,6.666666666666667,0.0,0.0,100.0,3.0,2,4,3,72.0,50,0,1,11,3,14,0,6,1,6,0,0,0,6,6,0,0,12,1,1,1,8,18,0,1,3,494,0,0,0,4,-5.355191256830601,27.3224043715847,8.333333333333334,8,17.006802721088434,33.333333333333336,100.0,0.0,0.0,2,4,2,72.0
S45G01N40,2024-2025,20241109,95,home,6,3,0,7,0,7,0,6,0,8,3,0,0,0,0,1,3,14,3,5,2,9,14,1,0,1,496,0,0,0,1,5.355191256830601,32.142857142857146,32.142857142857146,8,6.666666666666667,0.0,0.0,100.0,3.0,2,4,3,71.70967741935485,50,0,1,11,3,14,0,6,1,6,0,0,0,6,6,0,0,12,1,1,1,8,18,0,1,3,496,0,0,0,4,-5.355191256830601,27.3224043715847,8.333333333333334,8,17.006802721088434,30.0,100.0,0.0,0.0,2,4,2,71.70967741935485
S45G01N40,2024-2025,20241109,96,home,6,3,0,7,0,7,0,6,0,8,3,0,0,0,0,1,3,14,3,5,2,9,14,1,0,1,507,0,0,0,1,5.355191256830601,32.142857142857146,32.142857142857146,8,6.666666666666667,0.0,0.0,100.0,3.0,2,4,3,70.15384615384616,50,0,1,11,3,14,0,6,1,6,0,0,0,6,6,0,0,12,1,2,2,8,18,0,1,3,507,0,0,0,4,-5.355191256830601,27.3224043715847,8.333333333333334,8,17.006802721088434,30.0,100.0,0.0,0.0,2,4,2,70.15384615384616
S45G01N40,2024-2025,20241109,97,home,6,3,0,7,0,7,0,6,0,8,3,0,0,0,0,1,3,14,3,5,2,9,14,1,0,1,507,0,0,0,1,5.355191256830601,32.142857142857146,32.142857142857146,8,6.666666666666667,0.0,0.0,100.0,3.0,2,4,3,70.15384615384616,50,0,1,11,3,14,0,6,1,6,0,0,0,6,6,0,0,12,1,2,2,8,18,0,1,3,507,0,0,0,4,-5.355191256830601,27.3224043715847,8.333333333333334,8,17.006802721088434,30.0,100.0,0.0,0.0,2,4,2,70.15384615384616
S45G01N40,2024-2025,20241109,98,home,6,3,0,7,0,7,0,6,0,8,3,0,0,0,0,1,3,14,3,5,2,9,14,1,0,1,507,0,0,0,1,5.355191256830601,32.142857142857146,32.142857142857146,8,6.666666666666667,0.0,0.0,100.0,3.0,2,4,3,70.15384615384616,50,0,1,11,3,14,0,6,1,6,0,0,0,6,6,0,0,12,1,2,2,8,18,0,1,3,507,0,0,0,4,-5.355191256830601,27.3224043715847,8.333333333333334,8,17.006802721088434,30.0,100.0,0.0,0.0,2,4,2,70.15384615384616
S45G01N40,2024-2025,20241109,99,home,6,3,0,7,0,7,0,6,0,8,3,0,0,0,0,1,3,14,3,5,2,9,14,1,0,1,507,0,0,0,1,5.355191256830601,32.142857142857146,32.142857142857146,8,6.666666666666667,0.0,0.0,100.0,3.0,2,4,3,70.15384615384616,50,0,1,11,3,14,0,6,1,6,0,0,0,6,6,0,0,12,1,2,2,8,18,0,1,3,507,0,0,0,4,-5.355191256830601,27.3224043715847,8.333333333333334,8,17.006802721088434,30.0,100.0,0.0,0.0,2,4,2,70.15384615384616
S45G01N40,2024-2025,20241109,100,home,6,3,0,7,0,7,0,6,0,8,3,0,0,0,0,1,3,14,3,5,2,9,14,1,0,1,517,0,0,0,1,5.355191256830601,32.142857142857146,32.142857142857146,8,6.666666666666667,0.0,0.0,100.0,3.0,2,4,3,68.79690522243713,50,0,1,11,3,14,0,6,1,6,0,0,0,6,6,0,0,12,1,3,3,8,18,0,1,3,517,0,0,0,4,-5.355191256830601,27.3224043715847,8.333333333333334,8,17.006802721088434,30.0,100.0,0.0,0.0,2,4,2,68.79690522243713
S45G01N40,2024-2025,20241109,101,home,6,3,0,7,0,7,0,6,0,8,3,0,0,0,0,1,3,14,3,5,2,9,14,1,0,1,517,0,0,0,1,5.355191256830601,32.142857142857146,32.142857142857146,8,6.666666666666667,0.0,0.0,100.0,3.0,2,4,3,68.79690522243713,50,0,1,11,3,14,0,6,1,6,0,0,0,6,6,0,0,12,1,3,3,8,18,0,1,3,517,0,0,0,4,-5.355191256830601,27.3224043715847,8.333333333333334,8,17.006802721088434,30.0,100.0,0.0,0.0,2,4,2,68.79690522243713
S45G01N40,2024-2025,20241109,102,home,6,3,0,7,0,7,0,6,0,9,4,0,0,0,0,1,3,15,4,5,2,12,15,1,0,1,521,0,0,0,1,20.3551912568306,40.0,40.0,11,6.25,0.0,0.0,75.0,3.0,3,4,4,70.57197696737045,50,0,1,11,3,14,0,6,1,6,0,0,0,6,6,0,0,12,1,3,3,8,18,0,1,3,521,0,0,0,4,-20.3551912568306,27.3224043715847,8.333333333333334,8,17.006802721088434,30.0,100.0,0.0,0.0,3,4,2,70.57197696737045
S45G01N40,2024-2025,20241109,103,home,6,4,0,7,0,7,0,6,0,9,4,0,0,0,0,1,3,15,4,5,2,12,15,1,0,1,521,0,0,0,1,20.3551912568306,40.0,40.0,12,6.25,0.0,0.0,100.0,4.0,3,4,4,70.57197696737045,50,0,1,11,3,14,0,6,1,6,0,0,0,6,6,0,0,12,1,3,3,8,18,0,1,3,521,0,0,0,4,-20.3551912568306,27.3224043715847,8.333333333333334,8,17.006802721088434,30.0,100.0,0.0,0.0,3,4,2,70.57197696737045
S45G01N40,2024-2025,20241109,104,home,6,4,0,7,0,7,0,6,0,9,4,0,0,0,0,1,3,15,4,5,2,12,15,1,0,1,538,0,0,0,1,11.0613810741688,40.0,40.0,12,6.25,0.0,0.0,100.0,4.0,2,4,4,70.57249070631971,50,0,1,11,3,14,0,7,2,6,0,0,0,6,6,0,0,13,2,3,3,10,19,0,1,3,538,0,0,0,4,-11.0613810741688,31.9693094629156,15.384615384615385,10,16.094420600858367,30.0,100.0,0.0,0.0,2,4,2,70.57249070631971
S45G01N40,2024-2025,20241109,105,home,6,4,0,7,0,7,0,6,0,9,4,0,0,0,0,1,3,15,4,5,2,12,15,1,0,1,538,0,0,0,1,11.0613810741688,40.0,40.0,12,6.25,0.0,0.0,100.0,4.0,2,4,4,70.57249070631971,50,1,1,11,3,14,0,7,2,6,0,0,0,6,6,0,0,13,2,3,3,10,19,0,1,3,538,0,0,0,4,-11.0613810741688,31.9693094629156,15.384615384615385,11,16.094420600858367,30.0,100.0,50.0,0.3333333333333333,2,4,2,70.57249070631971
S45G01N40,2024-2025,20241109,106,home,6,4,0,7,0,7,0,6,0,9,4,0,0,0,0,1,3,15,4,5,2,12,15,1,0,1,549,0,0,0,1,11.0613810741688,40.0,40.0,12,6.25,0.0,0.0,100.0,4.0,2,4,4,69.1584699453552,50,1,1,11,3,14,0,7,2,6,0,0,0,6,6,0,0,13,2,4,4,10,19,0,1,3,549,0,0,0,4,-11.0613810741688,31.9693094629156,15.384615384615385,11,16.094420600858367,30.0,100.0,50.0,0.3333333333333333,2,4,2,69.1584699453552
S45G01N40,2024-2025,20241109,107,home,6,4,0,7,0,7,0,6,0,9,4,0,0,0,0,1,3,15,4,5,2,12,15,1,0,1,549,0,0,0,1,11.0613810741688,40.0,40.0,12,6.25,0.0,0.0,100.0,4.0,2,4,4,69.1584699453552,50,1,1,11,3,14,0,7,2,6,0,0,0,6,6,0,0,13,2,4,4,10,19,0,1,3,549,0,0,0,4,-11.0613810741688,31.9693094629156,15.384615384615385,11,16.094420600858367,30.0,100.0,50.0,0.3333333333333333,2,4,2,69.1584699453552
S45G01N40,2024-2025,20241109,108,home,6,4,0,7,0,7,0,6,0,9,4,0,0,0,0,1,3,15,4,5,2,12,15,1,0,2,565,0,0,0,2,6.649616368286452,40.0,40.0,11,11.764705882352942,0.0,0.0,100.0,2.0,2,4,4,69.32389380530974,50,1,1,11,3,14,0,7,2,6,0,0,0,6,6,0,0,13,2,4,4,10,19,0,1,3,565,0,0,0,4,-6.649616368286452,31.9693094629156,15.384615384615385,11,16.094420600858367,30.0,100.0,50.0,0.3333333333333333,2,4,2,69.32389380530974
S45G01N40,2024-2025,20241109,109,home,6,4,0,7,0,7,0,6,0,9,4,0,0,0,0,1,3,15,4,5,2,12,15,1,0,2,582,0,0,0,2,-7.536764705882348,40.0,40.0,11,11.764705882352942,0.0,0.0,100.0,2.0,5,5,4,69.36082474226804,50,1,1,11,3,14,0,7,2,7,1,0,0,6,6,0,0,14,3,4,4,13,20,0,1,3,582,0,0,0,4,7.536764705882348,39.0625,25.0,14,15.274949083503055,30.0,100.0,33.333333333333336,0.3333333333333333,5,5,2,69.36082474226804
S45G01N40,2024-2025,20241109,110,home,6,4,0,7,0,7,0,6,0,9,4,0,0,0,0,1,3,15,4,5,2,12,15,1,0,2,582,0,0,0,2,-7.536764705882348,40.0,40.0,11,11.764705882352942,0.0,0.0,100.0,2.0,5,5,4,69.36082474226804,50,2,1,11,3,14,0,7,2,7,1,0,0,6,6,0,0,14,3,4,4,13,20,0,1,3,582,0,0,0,4,7.536764705882348,39.0625,25.0,15,15.274949083503055,30.0,100.0,66.66666666666667,0.6666666666666666,5,5,2,69.36082474226804
S45G01N40,2024-2025,20241109,111,home,6,4,0,7,0,7,0,7,0,9,4,0,0,0,0,1,3,16,4,5,2,12,16,1,0,2,596,0,0,0,2,-11.458333333333329,37.5,37.5,10,11.11111111111111,0.0,0.0,100.0,2.0,5,5,4,69.74496644295303,50,2,1,11,3,14,0,7,2,7,1,0,0,6,6,0,0,14,3,4,4,13,20,0,1,3,596,0,0,0,4,11.458333333333329,39.0625,25.0,15,15.274949083503055,30.0,100.0,66.66666666666667,0.6666666666666666,5,5,2,69.74496644295303
S45G01N40,2024-2025,20241109,112,home,6,4,0,7,0,7,0,7,0,9,4,0,0,0,0,1,3,16,4,5,2,12,16,1,0,2,598,0,0,0,2,-11.458333333333329,37.5,37.5,10,11.11111111111111,0.0,0.0,100.0,2.0,5,5,4,69.51170568561874,50,2,1,12,3,15,0,7,2,7,1,0,0,6,6,0,0,14,3,4,4,13,20,0,1,3,598,0,0,0,4,11.458333333333329,39.0625,25.0,16,15.274949083503055,30.0,100.0,66.66666666666667,0.6666666666666666,5,5,2,69.51170568561874
S45G01N40,2024-2025,20241109,113,home,6,4,0,7,0,7,0,7,0,9,4,0,0,0,0,1,3,16,4,5,2,12,16,1,0,2,599,0,0,0,2,-7.02947845804988,37.5,37.5,10,11.11111111111111,0.0,0.0,100.0,2.0,5,5,4,71.39899833055092,50,2,1,12,3,15,0,8,2,7,1,0,0,6,6,0,0,15,3,4,4,13,21,0,1,3,599,0,0,0,4,7.02947845804988,36.848072562358276,23.333333333333332,15,14.534883720930232,30.0,100.0,66.66666666666667,0.6666666666666666,5,5,2,71.39899833055092
S45G01N40,2024-2025,20241109,114,home,6,4,0,7,0,7,0,7,0,9,4,0,0,0,0,1,3,16,4,5,2,12,16,1,0,2,599,0,0,0,2,-7.02947845804988,37.5,37.5,10,11.11111111111111,0.0,0.0,100.0,2.0,5,5,4,71.39899833055092,50,2,1,12,3,15,0,8,2,7,1,0,0,6,6,0,0,15,3,4,4,13,21,0,1,3,599,0,0,0,4,7.02947845804988,36.848072562358276,23.333333333333332,15,14.534883720930232,30.0,100.0,66.66666666666667,0.6666666666666666,5,5,2,71.39899833055092
S45G01N40,2024-2025,20241109,115,home,6,4,0,7,0,7,0,7,0,9,4,0,0,0,0,1,3,16,4,5,2,12,16,1,0,2,600,0,0,0,2,-7.02947845804988,37.5,37.5,10,11.11111111111111,0.0,0.0,100.0,2.0,5,5,4,71.28,50,2,1,12,3,15,0,8,2,7,1,0,0,6,6,0,0,15,3,4,4,13,21,0,1,3,600,0,0,0,4,7.02947845804988,36.848072562358276,23.333333333333332,15,14.534883720930232,30.0,100.0,66.66666666666667,0.6666666666666666,5,5,2,71.28
S45G01N40,2024-2025,20241109,116,home,6,4,0,7,0,7,0,7,0,9,4,0,0,0,0,1,3,16,4,5,2,12,16,1,0,2,600,0,0,0,2,-7.02947845804988,37.5,37.5,10,11.11111111111111,0.0,0.0,100.0,2.0,5,5,4,71.28,50,2,1,12,3,15,0,8,2,7,1,0,0,6,6,0,0,15,3,4,4,13,21,0,1,3,600,0,0,0,4,7.02947845804988,36.848072562358276,23.333333333333332,15,14.534883720930232,30.0,100.0,66.66666666666667,0.6666666666666666,5,5,2,71.28
S45G01N40,2024-2025,20241109,117,home,6,4,0,7,0,7,0,7,0,9,4,0,0,0,0,1,3,16,4,5,2,12,16,1,0,2,600,0,0,0,2,-7.02947845804988,37.5,37.5,10,11.11111111111111,0.0,0.0,100.0,2.0,5,5,4,71.28,50,2,1,12,3,15,0,8,2,7,1,0,0,6,6,0,0,15,3,4,4,13,21,0,1,3,600,0,0,0,4,7.02947845804988,36.848072562358276,23.333333333333332,15,14.534883720930232,30.0,100.0,66.66666666666667,0.6666666666666666,5,5,2,71.28
S45G01N40,2024-2025,20241109,118,home,6,4,0,7,0,7,0,7,0,9,4,0,0,0,0,1,3,16,4,5,2,12,16,1,0,2,600,0,0,0,2,-7.02947845804988,37.5,37.5,10,11.11111111111111,0.0,0.0,100.0,2.0,5,5,4,71.28,50,2,1,12,3,15,0,8,2,7,1,0,0,6,6,0,0,15,3,4,4,13,21,0,1,3,600,0,0,0,4,7.02947845804988,36.848072562358276,23.333333333333332,15,14.534883720930232,30.0,100.0,66.66666666666667,0.6666666666666666,5,5,2,71.28
S45G01N40,2024-2025,20241109,119,home,6,4,0,7,0,7,0,7,0,9,4,0,0,0,0,1,3,16,4,5,2,12,16,1,0,2,600,0,0,0,2,-7.02947845804988,37.5,37.5,10,11.11111111111111,0.0,0.0,100.0,2.0,5,5,4,71.28,50,2,1,12,3,15,0,8,2,7,1,0,0,6,6,0,0,15,3,4,4,13,21,0,1,3,600,0,0,0,4,7.02947845804988,36.848072562358276,23.333333333333332,15,14.534883720930232,30.0,100.0,66.66666666666667,0.6666666666666666,5,5,2,71.28
S45G01N40,2024-2025,20241109,120,home,6,4,0,7,0,7,0,7,0,9,4,0,0,0,0,1,3,16,4,5,2,12,16,1,0,2,600,0,0,0,2,-7.02947845804988,37.5,37.5,10,11.11111111111111,0.0,0.0,100.0,2.0,5,5,4,71.28,50,2,1,12,3,15,0,8,2,7,1,0,0,6,6,0,0,15,3,4,4,13,21,0,1,3,600,0,0,0,4,7.02947845804988,36.848072562358276,23.333333333333332,15,14.534883720930232,30.0,100.0,66.66666666666667,0.6666666666666666,5,5,2,71.28
S45G01N40,2024-2025,20241109,121,home,6,4,0,7,0,7,0,7,0,9,4,0,0,0,0,1,3,16,4,5,2,12,16,1,0,2,600,0,0,0,2,-7.02947845804988,37.5,37.5,10,11.11111111111111,0.0,0.0,100.0,2.0,5,5,4,71.28,50,2,1,12,3,15,0,8,2,7,1,0,0,6,6,0,0,15,3,4,4,13,21,0,1,3,600,0,0,0,4,7.02947845804988,36.848072562358276,23.333333333333332,15,14.534883720930232,30.0,100.0,66.66666666666667,0.6666666666666666,5,5,2,71.28
S45G01N40,2024-2025,20241109,122,home,6,4,0,7,0,7,0,7,0,9,4,0,0,0,0,1,3,16,4,5,2,12,16,1,0,2,600,0,0,0,2,-7.02947845804988,37.5,37.5,10,11.11111111111111,0.0,0.0,100.0,2.0,5,5,4,71.28,50,2,1,12,3,15,0,8,2,7,1,0,0,6,6,0,0,15,3,4,4,13,21,0,1,3,600,0,0,0,4,7.02947845804988,36.848072562358276,23.333333333333332,15,14.534883720930232,30.0,100.0,66.66666666666667,0.6666666666666666,5,5,2,71.28
S45G01N40,2024-2025,20241109,123,home,6,4,0,7,0,7,0,7,0,9,4,0,0,0,0,1,3,16,4,5,2,12,16,1,0,2,600,0,0,0,2,-7.02947845804988,37.5,37.5,10,11.11111111111111,0.0,0.0,100.0,2.0,5,5,4,71.28,50,2,1,12,3,15,0,8,2,7,1,0,0,6,6,0,0,15,3,4,4,13,21,0,1,3,600,0,0,0,4,7.02947845804988,36.848072562358276,23.333333333333332,15,14.534883720930232,30.0,100.0,66.66666666666667,0.6666666666666666,5,5,2,71.28
S45G01N40,2024-2025,20241109,124,home,6,4,0,7,0,7,0,7,0,9,4,0,0,0,0,1,3,16,4,5,2,12,16,1,0,2,600,0,0,0,2,-7.02947845804988,37.5,37.5,10,11.11111111111111,0.0,0.0,100.0,2.0,5,5,4,71.28,50,2,1,12,3,15,0,8,2,7,1,0,0,6,6,0,0,15,3,4,4,13,21,0,1,3,600,0,0,0,4,7.02947845804988,36.848072562358276,23.333333333333332,15,14.534883720930232,30.0,100.0,66.66666666666667,0.6666666666666666,5,5,2,71.28
S45G01N40,2024-2025,20241109,125,home,6,4,0,7,0,7,0,7,0,9,4,0,0,0,0,1,3,16,4,5,2,12,16,1,0,2,600,0,0,0,2,-7.02947845804988,37.5,37.5,10,11.11111111111111,0.0,0.0,100.0,2.0,5,5,4,71.28,50,2,1,12,3,15,0,8,2,7,1,0,0,6,6,0,0,15,3,4,4,13,21,0,1,3,600,0,0,0,4,7.02947845804988,36.848072562358276,23.333333333333332,15,14.534883720930232,30.0,100.0,66.66666666666667,0.6666666666666666,5,5,2,71.28
S45G01N40,2024-2025,20241109,126,home,6,4,0,7,0,7,0,7,0,9,4,0,0,0,0,1,3,16,4,5,2,12,16,1,0,2,600,0,0,0,2,-7.02947845804988,37.5,37.5,10,11.11111111111111,0.0,0.0,100.0,2.0,5,5,4,71.28,50,2,1,12,3,15,0,8,2,7,1,0,0,6,6,0,0,15,3,4,4,13,21,0,1,3,600,0,0,0,4,7.02947845804988,36.848072562358276,23.333333333333332,15,14.534883720930232,30.0,100.0,66.66666666666667,0.6666666666666666,5,5,2,71.28
S45G01N40,2024-2025,20241109,127,home,6,4,0,7,0,7,0,7,0,9,4,0,0,0,0,1,3,16,4,5,2,12,16,1,0,2,600,0,0,0,2,-7.02947845804988,37.5,37.5,10,11.11111111111111,0.0,0.0,100.0,2.0,5,5,4,71.28,50,2,1,12,3,15,0,8,2,7,1,0,0,6,6,0,0,15,3,4,4,13,21,0,1,3,600,0,0,0,4,7.02947845804988,36.848072562358276,23.333333333333332,15,14.534883720930232,30.0,100.0,66.66666666666667,0.6666666666666666,5,5,2,71.28
S45G01N40,2024-2025,20241109,128,home,6,4,0,7,0,7,0,7,0,9,4,0,0,0,0,1,3,16,4,5,2,12,16,1,0,2,600,0,0,0,2,-7.02947845804988,37.5,37.5,10,11.11111111111111,0.0,0.0,100.0,2.0,5,5,4,71.28,50,2,1,12,3,15,0,8,2,7,1,0,0,6,6,0,0,15,3,4,4,13,21,0,1,3,600,0,0,0,4,7.02947845804988,36.848072562358276,23.333333333333332,15,14.534883720930232,30.0,100.0,66.66666666666667,0.6666666666666666,5,5,2,71.28
S45G01N40,2024-2025,20241109,129,home,6,4,0,7,0,7,0,7,0,9,4,0,0,0,0,1,3,16,4,5,2,12,16,1,0,2,600,0,0,0,2,-7.02947845804988,37.5,37.5,10,11.11111111111111,0.0,0.0,100.0,2.0,5,5,4,71.28,50,2,1,12,3,15,0,8,2,7,1,0,0,6,6,0,0,15,3,4,4,13,21,0,1,3,600,0,0,0,4,7.02947845804988,36.848072562358276,23.333333333333332,15,14.534883720930232,30.0,100.0,66.66666666666667,0.6666666666666666,5,5,2,71.28
S45G01N40,2024-2025,20241109,130,home,6,4,0,7,0,7,0,7,0,9,4,0,0,0,0,1,3,16,4,5,2,12,16,1,0,2,600,0,0,0,2,-7.02947845804988,37.5,37.5,10,11.11111111111111,0.0,0.0,100.0,2.0,5,5,4,71.28,50,2,1,12,3,15,0,8,2,7,1,0,0,6,6,0,0,15,3,4,4,13,21,0,1,3,600,0,0,0,4,7.02947845804988,36.848072562358276,23.333333333333332,15,14.534883720930232,30.0,100.0,66.66666666666667,0.6666666666666666,5,5,2,71.28
S45G01N40,2024-2025,20241109,131,home,6,4,0,7,0,7,0,7,0,9,4,0,0,0,0,1,3,16,4,5,2,12,16,1,0,2,600,0,0,0,2,-7.02947845804988,37.5,37.5,10,11.11111111111111,0.0,0.0,100.0,2.0,5,5,4,71.28,50,2,1,12,3,15,0,8,2,7,1,0,0,6,6,0,0,15,3,4,4,13,21,0,1,3,600,0,0,0,4,7.02947845804988,36.848072562358276,23.333333333333332,15,14.534883720930232,30.0,100.0,66.66666666666667,0.6666666666666666,5,5,2,71.28
S45G01N40,2024-2025,20241109,132,home,6,4,0,7,0,7,0,7,0,9,4,0,0,0,0,1,3,16,4,5,2,12,16,1,0,2,600,0,0,0,2,-7.02947845804988,37.5,37.5,10,11.11111111111111,0.0,0.0,100.0,2.0,5,5,4,71.28,50,2,1,12,3,15,0,8,2,7,1,0,0,6,6,0,0,15,3,4,4,13,21,0,1,3,600,0,0,0,4,7.02947845804988,36.848072562358276,23.333333333333332,15,14.534883720930232,30.0,100.0,66.66666666666667,0.6666666666666666,5,5,2,71.28
S45G01N40,2024-2025,20241109,133,home,6,4,0,7,0,7,0,7,0,9,4,0,0,0,0,1,3,16,4,5,2,12,16,1,0,2,600,0,0,0,2,-7.02947845804988,37.5,37.5,10,11.11111111111111,0.0,0.0,100.0,2.0,5,5,4,71.28,50,2,1,12,3,15,0,8,2,7,1,0,0,6,6,0,0,15,3,4,4,13,21,0,1,3,600,0,0,0,4,7.02947845804988,36.848072562358276,23.333333333333332,15,14.534883720930232,30.0,100.0,66.66666666666667,0.6666666666666666,5,5,2,71.28
S45G01N40,2024-2025,20241109,134,home,6,4,0,7,0,7,0,7,0,9,4,0,0,0,0,1,3,16,4,5,2,12,16,1,0,2,600,0,0,0,2,-7.02947845804988,37.5,37.5,10,11.11111111111111,0.0,0.0,100.0,2.0,5,5,4,71.28,50,2,1,12,3,15,0,8,2,7,1,0,0,6,6,0,0,15,3,4,4,13,21,0,1,3,600,0,0,0,4,7.02947845804988,36.848072562358276,23.333333333333332,15,14.534883720930232,30.0,100.0,66.66666666666667,0.6666666666666666,5,5,2,71.28
S45G01N40,2024-2025,20241109,135,home,6,4,0,7,0,7,0,7,0,9,4,0,0,0,0,1,3,16,4,5,2,12,16,1,0,2,600,0,0,0,2,-7.02947845804988,37.5,37.5,10,11.11111111111111,0.0,0.0,100.0,2.0,5,5,4,71.28,50,2,1,12,3,15,0,8,2,7,1,0,0,6,6,0,0,15,3,4,4,13,21,0,1,3,600,0,0,0,4,7.02947845804988,36.848072562358276,23.333333333333332,15,14.534883720930232,30.0,100.0,66.66666666666667,0.6666666666666666,5,5,2,71.28
S45G01N40,2024-2025,20241109,136,home,6,4,0,7,0,7,0,7,0,9,4,0,0,0,0,1,3,16,4,5,2,12,16,1,0,2,600,0,0,0,2,-7.02947845804988,37.5,37.5,10,11.11111111111111,0.0,0.0,100.0,2.0,5,5,4,71.28,50,2,1,12,3,15,0,8,2,7,1,0,0,6,6,0,0,15,3,4,4,13,21,0,1,3,600,0,0,0,4,7.02947845804988,36.848072562358276,23.333333333333332,15,14.534883720930232,30.0,100.0,66.66666666666667,0.6666666666666666,5,5,2,71.28
S45G01N40,2024-2025,20241109,137,home,6,4,0,7,0,7,0,7,0,9,4,0,0,0,0,1,3,16,4,5,2,12,16,1,0,2,600,0,0,0,2,-7.02947845804988,37.5,37.5,10,11.11111111111111,0.0,0.0,100.0,2.0,5,5,4,71.28,50,2,1,12,3,15,0,8,2,7,1,0,0,6,6,0,0,15,3,4,4,13,21,0,1,3,600,0,0,0,4,7.02947845804988,36.848072562358276,23.333333333333332,15,14.534883720930232,30.0,100.0,66.66666666666667,0.6666666666666666,5,5,2,71.28
S45G01N40,2024-2025,20241109,138,home,6,4,0,7,0,7,0,7,0,9,4,0,0,0,0,1,3,16,4,5,2,12,16,1,0,2,600,0,0,0,2,-7.02947845804988,37.5,37.5,10,11.11111111111111,0.0,0.0,100.0,2.0,5,5,4,71.28,50,2,1,12,3,15,0,8,2,7,1,0,0,6,6,0,0,15,3,4,4,13,21,0,1,3,600,0,0,0,4,7.02947845804988,36.848072562358276,23.333333333333332,15,14.534883720930232,30.0,100.0,66.66666666666667,0.6666666666666666,5,5,2,71.28
S45G01N40,2024-2025,20241109,139,home,6,4,0,7,0,7,0,7,0,9,4,0,0,0,0,1,3,16,4,5,2,12,16,1,0,2,600,0,0,0,2,-7.02947845804988,37.5,37.5,10,11.11111111111111,0.0,0.0,100.0,2.0,5,5,4,71.28,50,2,1,12,3,15,0,8,2,7,1,0,0,6,6,0,0,15,3,4,4,13,21,0,1,3,600,0,0,0,4,7.02947845804988,36.848072562358276,23.333333333333332,15,14.534883720930232,30.0,100.0,66.66666666666667,0.6666666666666666,5,5,2,71.28
S45G01N40,2024-2025,20241109,140,home,6,4,0,7,0,7,0,7,0,9,4,0,0,0,0,1,3,16,4,5,2,12,16,1,0,2,600,0,0,0,2,-7.02947845804988,37.5,37.5,10,11.11111111111111,0.0,0.0,100.0,2.0,5,5,4,71.28,50,2,1,12,3,15,0,8,2,7,1,0,0,6,6,0,0,15,3,4,4,13,21,0,1,3,600,0,0,0,4,7.02947845804988,36.848072562358276,23.333333333333332,15,14.534883720930232,30.0,100.0,66.66666666666667,0.6666666666666666,5,5,2,71.28
S45G01N40,2024-2025,20241109,141,home,6,4,0,7,0,7,0,7,0,9,4,0,0,0,0,1,3,16,4,5,2,12,16,1,0,2,600,0,0,0,2,-7.02947845804988,37.5,37.5,10,11.11111111111111,0.0,0.0,100.0,2.0,5,5,4,71.28,50,2,1,12,3,15,0,8,2,7,1,0,0,6,6,0,0,15,3,4,4,13,21,0,1,3,600,0,0,0,4,7.02947845804988,36.848072562358276,23.333333333333332,15,14.534883720930232,30.0,100.0,66.66666666666667,0.6666666666666666,5,5,2,71.28
S45G01N40,2024-2025,20241109,142,home,6,4,0,7,0,7,0,7,0,9,4,0,0,0,0,1,3,16,4,5,2,12,16,1,0,2,616,0,0,0,2,-13.805436337625167,37.5,37.5,10,11.11111111111111,0.0,0.0,100.0,2.0,7,5,4,71.37662337662337,50,2,1,12,3,15,0,9,3,7,1,0,0,6,6,0,0,16,4,4,4,15,22,0,1,3,616,0,0,0,4,13.805436337625167,40.23605150214592,28.125,17,13.863216266173753,30.0,100.0,50.0,0.6666666666666666,7,5,3,71.37662337662337
S45G01N40,2024-2025,20241109,143,home,6,4,0,7,0,7,0,7,0,9,4,0,0,0,0,1,3,16,4,5,2,12,16,1,0,2,616,0,0,0,2,-13.805436337625167,37.5,37.5,10,11.11111111111111,0.0,0.0,100.0,2.0,7,5,4,71.37662337662337,50,3,1,12,3,15,0,9,3,7,1,0,0,6,6,0,0,16,4,4,4,15,22,0,1,3,616,0,0,0,4,13.805436337625167,40.23605150214592,28.125,18,13.863216266173753,30.0,100.0,75.0,1.0,7,5,3,71.37662337662337
S45G01N40,2024-2025,20241109,144,home,6,4,0,7,0,7,0,8,1,9,4,0,0,0,0,1,3,17,5,5,2,14,17,1,0,2,636,0,0,0,2,-6.787892477976044,41.1764705882353,41.1764705882353,12,10.526315789473685,0.0,0.0,80.0,2.0,2,5,4,71.01886792452831,50,3,1,12,3,15,0,9,3,7,1,0,0,6,6,0,0,16,4,4,4,15,22,0,1,3,636,0,0,0,4,6.787892477976044,40.23605150214592,28.125,18,13.863216266173753,30.0,100.0,75.0,1.0,2,5,3,71.01886792452831
S45G01N40,2024-2025,20241109,145,home,6,4,0,7,0,7,0,8,1,9,4,0,0,0,0,1,3,17,5,5,2,14,17,1,0,2,651,0,0,0,2,-2.6905348911994764,41.1764705882353,41.1764705882353,12,10.526315789473685,0.0,0.0,80.0,2.0,2,5,4,71.22580645161291,50,3,1,12,3,15,0,10,3,7,1,0,0,6,6,0,0,17,4,4,4,15,23,0,1,3,651,0,0,0,4,2.6905348911994764,38.187372708757636,26.470588235294116,17,13.250883392226148,30.0,100.0,75.0,1.0,2,5,3,71.22580645161291
S45G01N40,2024-2025,20241109,146,home,6,4,0,8,0,8,0,8,1,9,4,0,0,0,0,1,3,17,5,5,2,14,17,1,0,2,653,0,0,0,2,-2.6905348911994764,41.1764705882353,41.1764705882353,13,10.526315789473685,0.0,0.0,80.0,2.0,2,5,4,71.00765696784075,50,3,1,12,3,15,0,10,3,7,1,0,0,6,6,0,0,17,4,4,4,15,23,0,1,3,653,0,0,0,4,2.6905348911994764,38.187372708757636,26.470588235294116,17,13.250883392226148,27.272727272727273,100.0,75.0,1.0,2,5,3,71.00765696784075
S45G01N40,2024-2025,20241109,147,home,6,4,0,8,0,8,0,9,2,9,4,1,1,0,0,1,3,18,6,5,2,16,18,1,0,2,661,0,0,0,2,3.625254582484729,44.44444444444444,44.44444444444444,15,10.0,0.0,0.0,66.66666666666667,2.0,4,6,4,71.96369137670197,50,3,1,12,3,15,0,10,3,7,1,0,0,6,6,0,0,17,4,4,4,15,23,0,1,3,661,0,0,0,4,-3.625254582484729,38.187372708757636,26.470588235294116,17,13.250883392226148,27.272727272727273,100.0,75.0,1.0,4,6,3,71.96369137670197
S45G01N40,2024-2025,20241109,148,home,6,4,0,8,0,8,0,9,2,9,4,1,1,0,0,1,3,18,6,5,2,16,18,1,0,2,661,0,0,0,2,3.625254582484729,44.44444444444444,44.44444444444444,15,10.0,0.0,0.0,66.66666666666667,2.0,4,6,4,71.96369137670197,50,3,1,12,3,15,0,10,3,7,1,0,0,6,6,0,0,17,4,5,4,15,23,0,1,3,661,0,0,0,4,-3.625254582484729,38.187372708757636,26.470588235294116,17,13.250883392226148,27.272727272727273,100.0,75.0,1.0,4,6,3,71.96369137670197
S45G01N40,2024-2025,20241109,149,home,6,4,0,8,0,8,0,9,2,9,4,1,1,0,0,1,3,18,6,5,2,16,18,1,0,2,661,0,0,0,2,3.625254582484729,44.44444444444444,44.44444444444444,15,10.0,0.0,0.0,66.66666666666667,2.0,4,6,4,71.96369137670197,50,3,1,12,3,15,0,10,3,7,1,0,0,6,6,0,0,17,4,5,4,15,23,0,1,3,661,0,0,0,4,-3.625254582484729,38.187372708757636,26.470588235294116,17,13.250883392226148,27.272727272727273,100.0,75.0,1.0,4,6,3,71.96369137670197
S45G01N40,2024-2025,20241109,150,home,6,4,0,8,0,8,0,9,2,9,4,1,1,1,0,1,3,18,6,5,2,16,19,1,0,2,661,0,0,0,2,1.9031410795493002,43.38394793926247,44.44444444444444,14,9.784735812133071,0.0,0.0,66.66666666666667,2.0,4,6,4,72.7624810892587,50,3,1,12,3,15,0,10,3,7,1,0,0,6,6,0,0,17,4,5,4,15,23,0,1,3,661,0,0,0,4,-1.9031410795493002,38.187372708757636,26.470588235294116,17,13.250883392226148,27.272727272727273,100.0,75.0,1.0,4,6,3,72.7624810892587
S45G01N40,2024-2025,20241109,151,home,6,4,0,8,0,8,0,9,2,9,4,1,1,1,0,1,3,18,6,5,2,16,19,1,0,2,663,0,0,0,2,1.9031410795493002,43.38394793926247,44.44444444444444,14,9.784735812133071,0.0,0.0,66.66666666666667,2.0,4,6,4,72.54298642533936,50,3,1,12,3,15,1,10,3,7,1,0,0,6,6,0,0,17,4,5,4,15,23,0,1,3,663,0,0,0,4,-1.9031410795493002,38.187372708757636,26.470588235294116,18,13.250883392226148,27.272727272727273,100.0,75.0,1.0,4,6,3,72.54298642533936
S45G01N40,2024-2025,20241109,152,home,6,4,0,8,0,8,0,9,2,9,4,1,1,1,0,1,3,18,6,5,2,16,19,1,0,2,679,0,0,0,2,5.603467892413406,43.38394793926247,44.44444444444444,14,9.784735812133071,0.0,0.0,66.66666666666667,2.0,4,6,4,72.60088365243004,50,3,1,12,3,15,1,10,3,8,1,0,0,6,6,0,0,18,4,5,4,15,24,0,1,3,679,0,0,0,4,-5.603467892413406,36.33720930232558,25.0,17,12.690355329949238,27.272727272727273,100.0,75.0,1.0,4,6,3,72.60088365243004
S45G01N40,2024-2025,20241109,153,home,6,4,0,9,0,9,0,9,2,9,4,1,1,1,0,1,3,18,6,5,2,16,19,1,0,2,682,0,0,0,2,5.603467892413406,43.38394793926247,44.44444444444444,15,9.784735812133071,0.0,0.0,66.66666666666667,2.0,4,6,4,72.28152492668622,50,3,1,12,3,15,1,10,3,8,1,0,0,6,6,0,0,18,4,5,4,15,24,0,1,3,682,0,0,0,4,-5.603467892413406,36.33720930232558,25.0,17,12.690355329949238,25.0,100.0,75.0,1.0,4,6,3,72.28152492668622
S45G01N40,2024-2025,20241109,154,home,6,4,0,9,0,9,0,9,2,9,4,1,1,1,0,1,3,18,6,5,2,16,19,1,0,2,687,0,0,0,2,5.603467892413406,43.38394793926247,44.44444444444444,15,9.784735812133071,0.0,0.0,66.66666666666667,2.0,4,6,4,71.75545851528385,50,3,1,12,3,15,1,10,3,8,1,0,0,6,6,0,0,18,4,6,4,15,24,0,1,3,687,0,0,0,4,-5.603467892413406,36.33720930232558,25.0,17,12.690355329949238,25.0,100.0,75.0,1.0,4,6,3,71.75545851528385
S45G01N40,2024-2025,20241109,155,home,6,4,0,9,0,9,0,9,2,9,4,1,1,1,0,1,3,18,6,5,2,16,19,1,0,2,687,0,0,0,2,5.603467892413406,43.38394793926247,44.44444444444444,15,9.784735812133071,0.0,0.0,66.66666666666667,2.0,4,6,4,71.75545851528385,50,3,1,12,3,15,1,10,3,8,1,0,0,6,6,0,0,18,4,6,4,15,24,0,1,3,687,0,0,0,4,-5.603467892413406,36.33720930232558,25.0,17,12.690355329949238,25.0,100.0,75.0,1.0,4,6,3,71.75545851528385
S45G01N40,2024-2025,20241109,156,home,6,4,0,9,0,9,0,9,2,9,4,1,1,1,0,1,3,18,6,5,2,16,19,1,0,2,687,0,0,0,2,5.603467892413406,43.38394793926247,44.44444444444444,15,9.784735812133071,0.0,0.0,66.66666666666667,2.0,4,6,4,71.75545851528385,50,3,1,12,3,15,1,10,3,8,1,0,0,6,6,0,0,18,4,6,4,15,24,0,1,3,687,0,0,0,4,-5.603467892413406,36.33720930232558,25.0,17,12.690355329949238,25.0,100.0,75.0,1.0,4,6,3,71.75545851528385
S45G01N40,2024-2025,20241109,157,home,6,4,0,9,0,9,0,9,2,9,4,1,1,1,0,1,3,18,6,5,2,16,19,1,0,2,687,0,0,0,2,5.603467892413406,43.38394793926247,44.44444444444444,15,9.784735812133071,0.0,0.0,66.66666666666667,2.0,4,6,4,71.75545851528385,50,3,1,12,3,15,1,10,3,8,1,0,0,6,6,0,0,18,4,6,4,15,24,0,1,3,687,0,0,0,4,-5.603467892413406,36.33720930232558,25.0,17,12.690355329949238,25.0,100.0,75.0,1.0,4,6,3,71.75545851528385
S45G01N40,2024-2025,20241109,158,home,6,4,0,9,0,9,0,9,2,9,4,1,1,2,1,1,3,18,6,5,2,17,20,1,0,2,687,0,0,0,2,8.74320591642163,45.021186440677965,44.44444444444444,16,9.578544061302683,0.0,50.0,66.66666666666667,2.0,5,6,4,72.52401746724891,50,3,1,12,3,15,1,10,3,8,1,0,0,6,6,0,0,18,4,6,4,15,24,0,1,3,687,0,0,0,4,-8.74320591642163,36.33720930232558,25.0,17,12.690355329949238,25.0,100.0,75.0,1.0,5,6,3,72.52401746724891
S45G01N40,2024-2025,20241109,159,home,6,4,0,9,0,9,0,9,2,9,4,1,1,3,1,1,3,18,6,5,2,17,21,1,0,2,687,0,0,0,2,7.062917230245645,43.99585921325052,44.44444444444444,15,9.380863039399625,0.0,33.333333333333336,66.66666666666667,2.0,5,6,4,73.29257641921397,50,3,1,12,3,15,1,10,3,8,1,0,0,6,6,0,0,18,4,6,4,15,24,0,1,3,687,0,0,0,4,-7.062917230245645,36.33720930232558,25.0,17,12.690355329949238,25.0,100.0,75.0,1.0,5,6,3,73.29257641921397
S45G01N40,2024-2025,20241109,160,home,6,4,0,9,0,9,0,9,2,9,4,1,1,3,1,1,3,18,6,5,2,17,21,1,0,2,690,0,0,0,2,7.062917230245645,43.99585921325052,44.44444444444444,15,9.380863039399625,0.0,33.333333333333336,66.66666666666667,2.0,5,6,4,72.97391304347826,50,3,1,13,3,16,1,10,3,8,1,0,0,6,6,0,0,18,4,6,4,15,24,0,1,3,690,0,0,0,4,-7.062917230245645,36.33720930232558,25.0,18,12.690355329949238,25.0,100.0,75.0,1.0,5,6,3,72.97391304347826
S45G01N40,2024-2025,20241109,161,home,6,4,0,9,0,9,0,9,2,9,4,1,1,3,1,1,3,18,6,5,2,17,21,1,0,2,706,0,0,0,2,-3.441961762145695,43.99585921325052,44.44444444444444,15,9.380863039399625,0.0,33.333333333333336,66.66666666666667,2.0,3,7,4,73.01983002832861,50,3,1,13,3,16,1,10,3,9,2,0,0,6,6,0,0,19,5,6,4,18,25,0,1,3,706,0,0,0,4,3.441961762145695,41.58964879852125,31.57894736842105,21,12.175324675324674,25.0,100.0,60.0,1.0,3,7,3,73.01983002832861
S45G01N40,2024-2025,20241109,162,home,6,4,0,9,0,9,0,9,2,9,4,1,1,3,1,1,3,18,6,5,2,17,21,1,0,2,706,0,0,0,2,-3.441961762145695,43.99585921325052,44.44444444444444,15,9.380863039399625,0.0,33.333333333333336,66.66666666666667,2.0,3,7,4,73.01983002832861,50,4,1,13,3,16,1,10,3,9,2,0,0,6,6,0,0,19,5,6,4,18,25,0,1,3,706,0,0,0,4,3.441961762145695,41.58964879852125,31.57894736842105,22,12.175324675324674,25.0,100.0,80.0,1.3333333333333333,3,7,3,73.01983002832861
S45G01N40,2024-2025,20241109,163,home,6,4,0,9,0,9,0,9,2,9,4,1,1,3,1,1,3,18,6,5,2,17,21,1,0,2,727,0,0,0,2,-3.441961762145695,43.99585921325052,44.44444444444444,15,9.380863039399625,0.0,33.333333333333336,66.66666666666667,2.0,3,7,4,70.91059147180192,50,4,1,13,3,16,1,10,3,9,2,0,0,6,6,0,0,19,5,7,5,18,25,0,1,3,727,0,0,0,4,3.441961762145695,41.58964879852125,31.57894736842105,22,12.175324675324674,25.0,100.0,80.0,1.3333333333333333,3,7,3,70.91059147180192
S45G01N40,2024-2025,20241109,164,home,6,4,0,9,0,9,0,9,2,9,4,1,1,3,1,1,3,18,6,5,2,17,21,1,0,2,727,0,0,0,2,-3.441961762145695,43.99585921325052,44.44444444444444,15,9.380863039399625,0.0,33.333333333333336,66.66666666666667,2.0,3,7,4,70.91059147180192,50,4,1,13,3,16,1,10,3,9,2,0,0,6,6,0,0,19,5,7,5,18,25,0,1,3,727,0,0,0,4,3.441961762145695,41.58964879852125,31.57894736842105,22,12.175324675324674,25.0,100.0,80.0,1.3333333333333333,3,7,3,70.91059147180192
S45G01N40,2024-2025,20241109,165,home,6,4,0,9,0,9,0,9,2,9,4,1,1,3,1,1,3,18,6,5,2,17,21,1,0,2,727,0,0,0,2,-3.441961762145695,43.99585921325052,44.44444444444444,15,9.380863039399625,0.0,33.333333333333336,66.66666666666667,2.0,3,7,4,70.91059147180192,50,4,1,13,3,16,1,10,3,9,2,0,0,6,6,0,0,19,5,7,5,18,25,0,1,3,727,0,0,0,4,3.441961762145695,41.58964879852125,31.57894736842105,22,12.175324675324674,25.0,100.0,80.0,1.3333333333333333,3,7,3,70.91059147180192
S45G01N40,2024-2025,20241109,166,home,6,4,0,9,0,9,0,9,2,9,4,1,1,3,1,1,3,18,6,5,2,17,21,1,0,2,727,0,0,0,2,-3.441961762145695,43.99585921325052,44.44444444444444,15,9.380863039399625,0.0,33.333333333333336,66.66666666666667,2.0,3,7,4,70.91059147180192,50,4,1,13,3,16,1,10,3,9,2,0,0,6,6,0,0,19,5,7,5,18,25,0,1,3,727,0,0,0,4,3.441961762145695,41.58964879852125,31.57894736842105,22,12.175324675324674,25.0,100.0,80.0,1.3333333333333333,3,7,3,70.91059147180192
S45G01N40,2024-2025,20241109,167,home,6,4,0,9,0,9,0,9,2,9,4,1,1,3,1,1,3,18,6,5,2,17,21,1,0,2,727,0,0,0,2,-3.441961762145695,43.99585921325052,44.44444444444444,15,9.380863039399625,0.0,33.333333333333336,66.66666666666667,2.0,3,7,4,70.91059147180192,50,4,1,13,3,16,1,10,3,9,2,0,0,6,6,0,0,19,5,7,5,18,25,0,1,3,727,0,0,0,4,3.441961762145695,41.58964879852125,31.57894736842105,22,12.175324675324674,25.0,100.0,80.0,1.3333333333333333,3,7,3,70.91059147180192
S45G01N40,2024-2025,20241109,168,home,6,4,0,9,0,9,0,9,2,9,4,1,1,3,1,1,3,18,6,5,2,17,21,1,0,2,727,0,0,0,2,-3.441961762145695,43.99585921325052,44.44444444444444,15,9.380863039399625,0.0,33.333333333333336,66.66666666666667,2.0,3,7,4,70.91059147180192,50,4,1,13,3,16,1,10,3,9,2,0,0,6,6,0,0,19,5,7,5,18,25,0,1,3,727,0,0,0,4,3.441961762145695,41.58964879852125,31.57894736842105,22,12.175324675324674,25.0,100.0,80.0,1.3333333333333333,3,7,3,70.91059147180192
S45G01N40,2024-2025,20241109,169,home,6,4,0,9,0,9,0,9,2,9,4,1,1,3,1,1,3,18,6,5,2,17,21,1,0,2,740,0,0,0,2,-3.441961762145695,43.99585921325052,44.44444444444444,15,9.380863039399625,0.0,33.333333333333336,66.66666666666667,2.0,3,7,4,69.66486486486487,50,4,1,13,3,16,1,10,3,9,2,0,0,6,6,0,0,19,5,7,5,18,25,0,1,3,740,0,0,0,4,3.441961762145695,41.58964879852125,31.57894736842105,22,12.175324675324674,25.0,100.0,80.0,1.3333333333333333,3,7,3,69.66486486486487
S45G01N40,2024-2025,20241109,170,home,6,4,0,9,0,9,0,10,3,9,4,1,1,3,1,1,3,19,7,5,2,19,22,1,0,2,744,0,0,0,2,1.9461504316313238,46.75196850393701,47.36842105263158,17,8.960573476702509,0.0,33.333333333333336,57.142857142857146,2.0,2,8,4,70.90322580645162,50,4,1,13,3,16,1,10,3,9,2,0,0,6,6,0,0,19,5,7,5,18,25,0,1,3,744,0,0,0,4,-1.9461504316313238,41.58964879852125,31.57894736842105,22,12.175324675324674,25.0,100.0,80.0,1.3333333333333333,2,8,3,70.90322580645162
S45G01N40,2024-2025,20241109,171,home,6,5,0,9,0,9,0,10,3,9,4,1,1,3,1,1,3,19,7,5,2,19,22,1,0,2,744,0,0,0,2,1.9461504316313238,46.75196850393701,47.36842105263158,18,8.960573476702509,0.0,33.333333333333336,71.42857142857143,2.5,2,8,4,70.90322580645162,50,4,1,13,3,16,1,10,3,9,2,0,0,6,6,0,0,19,5,7,5,18,25,0,1,3,744,0,0,0,4,-1.9461504316313238,41.58964879852125,31.57894736842105,22,12.175324675324674,25.0,100.0,80.0,1.3333333333333333,2,8,3,70.90322580645162
S45G01N40,2024-2025,20241109,172,home,6,5,0,9,0,9,0,10,3,9,4,1,1,3,1,1,3,19,7,5,2,19,22,1,0,2,760,0,0,0,2,5.620147675316943,46.75196850393701,47.36842105263158,18,8.960573476702509,0.0,33.333333333333336,71.42857142857143,2.5,2,8,4,70.98947368421052,50,4,1,13,3,16,1,10,3,10,2,0,0,6,6,0,0,20,5,7,5,18,26,0,1,3,760,0,0,0,4,-5.620147675316943,39.75265017667844,30.0,21,11.700468018720748,25.0,100.0,80.0,1.3333333333333333,2,8,3,70.98947368421052
S45G01N40,2024-2025,20241109,173,home,6,5,0,10,0,10,0,10,3,9,4,1,1,3,1,1,3,19,7,5,2,19,22,1,0,2,761,0,0,0,2,5.620147675316943,46.75196850393701,47.36842105263158,19,8.960573476702509,0.0,33.333333333333336,71.42857142857143,2.5,2,8,4,70.89618922470433,50,4,1,13,3,16,1,10,3,10,2,0,0,6,6,0,0,20,5,7,5,18,26,0,1,3,761,0,0,0,4,-5.620147675316943,39.75265017667844,30.0,21,11.700468018720748,23.076923076923077,100.0,80.0,1.3333333333333333,2,8,3,70.89618922470433
S45G01N40,2024-2025,20241109,174,home,6,5,0,10,0,10,0,11,4,9,4,1,1,3,1,1,3,20,8,5,2,21,23,1,0,2,775,0,0,0,2,10.546157622629394,49.24953095684803,50.0,21,8.576329331046312,0.0,33.333333333333336,62.5,2.5,4,8,4,71.16387096774193,50,4,1,13,3,16,1,10,3,10,2,0,0,6,6,0,0,20,5,7,5,18,26,0,1,3,775,0,0,0,4,-10.546157622629394,39.75265017667844,30.0,21,11.700468018720748,23.076923076923077,100.0,80.0,1.3333333333333333,4,8,3,71.16387096774193
S45G01N40,2024-2025,20241109,175,home,6,5,0,10,0,10,0,11,4,9,4,1,1,3,1,1,3,20,8,5,2,21,23,1,0,2,799,0,0,0,2,5.449089109658033,49.24953095684803,50.0,21,8.576329331046312,0.0,33.333333333333336,62.5,2.5,2,8,4,70.52816020025031,50,4,1,13,3,16,1,11,4,10,2,0,0,6,6,0,0,21,6,7,5,20,27,0,1,3,799,0,0,0,4,-5.449089109658033,42.301184433164124,33.333333333333336,23,11.26126126126126,23.076923076923077,100.0,66.66666666666667,1.3333333333333333,2,8,3,70.52816020025031
S45G01N40,2024-2025,20241109,176,home,6,5,0,10,0,10,0,11,4,9,4,1,1,3,1,1,3,20,8,5,2,21,23,1,0,2,799,0,0,0,2,5.449089109658033,49.24953095684803,50.0,21,8.576329331046312,0.0,33.333333333333336,62.5,2.5,2,8,4,70.52816020025031,50,5,1,13,3,16,1,11,4,10,2,0,0,6,6,0,0,21,6,7,5,20,27,0,1,3,799,0,0,0,4,-5.449089109658033,42.301184433164124,33.333333333333336,24,11.26126126126126,23.076923076923077,100.0,83.33333333333333,1.6666666666666667,2,8,3,70.52816020025031
S45G01N40,2024-2025,20241109,177,home,6,5,0,10,0,10,0,12,4,9,4,1,1,3,1,1,3,21,8,5,2,21,24,1,0,2,820,0,0,0,2,1.7463153441980666,47.04301075268817,47.61904761904762,20,8.223684210526315,0.0,33.333333333333336,62.5,2.5,2,8,4,70.18536585365854,50,5,1,13,3,16,1,11,4,10,2,0,0,6,6,0,0,21,6,7,5,20,27,0,1,3,820,0,0,0,4,-1.7463153441980666,42.301184433164124,33.333333333333336,24,11.26126126126126,23.076923076923077,100.0,83.33333333333333,1.6666666666666667,2,8,3,70.18536585365854
S45G01N40,2024-2025,20241109,178,home,6,5,0,10,0,10,0,12,4,9,4,1,1,3,1,1,3,21,8,5,2,21,24,1,0,2,822,0,0,0,2,1.7463153441980666,47.04301075268817,47.61904761904762,20,8.223684210526315,0.0,33.333333333333336,62.5,2.5,2,8,4,70.01459854014598,50,5,1,14,3,17,1,11,4,10,2,0,0,6,6,0,0,21,6,7,5,20,27,0,1,3,822,0,0,0,4,-1.7463153441980666,42.301184433164124,33.333333333333336,25,11.26126126126126,23.076923076923077,100.0,83.33333333333333,1.6666666666666667,2,8,3,70.01459854014598
S45G01N40,2024-2025,20241109,179,home,6,5,0,10,0,10,0,12,4,9,4,1,1,3,1,1,3,21,8,5,2,21,24,1,0,2,836,0,0,0,2,-2.9370300751879626,47.04301075268817,47.61904761904762,20,8.223684210526315,0.0,33.333333333333336,62.5,2.5,4,9,4,70.27751196172248,50,5,1,14,3,17,1,12,5,10,2,0,0,6,6,0,0,22,7,7,5,22,28,0,1,3,836,0,0,0,4,2.9370300751879626,44.64285714285714,36.36363636363637,27,10.85383502170767,23.076923076923077,100.0,71.42857142857143,1.6666666666666667,4,9,3,70.27751196172248
S45G01N40,2024-2025,20241109,180,home,6,5,0,10,0,10,0,12,4,10,4,1,1,3,1,1,3,22,8,5,2,21,25,1,0,2,853,0,0,0,2,-6.347325660121868,45.02572898799314,45.45454545454545,19,7.898894154818326,0.0,33.333333333333336,62.5,2.5,4,9,4,70.28370457209847,50,5,1,14,3,17,1,12,5,10,2,0,0,6,6,0,0,22,7,7,5,22,28,0,1,3,853,0,0,0,4,6.347325660121868,44.64285714285714,36.36363636363637,27,10.85383502170767,23.076923076923077,100.0,71.42857142857143,1.6666666666666667,4,9,3,70.28370457209847
S45G01N40,2024-2025,20241109,181,home,6,5,0,10,1,11,0,12,4,10,4,1,1,3,1,1,3,22,8,5,2,21,25,1,0,2,856,0,0,0,2,-2.9370300751879626,45.02572898799314,45.45454545454545,20,7.898894154818326,6.666666666666667,33.333333333333336,62.5,2.5,4,9,4,68.63551401869158,50,5,1,14,3,17,1,12,5,10,2,0,0,6,6,0,0,22,7,7,5,22,28,0,1,3,856,0,0,0,4,2.9370300751879626,44.64285714285714,36.36363636363637,27,10.85383502170767,23.076923076923077,100.0,71.42857142857143,1.6666666666666667,4,9,3,68.63551401869158
S45G01N40,2024-2025,20241109,182,home,6,5,0,10,1,11,0,12,4,11,4,1,1,3,1,1,3,23,8,5,2,21,26,1,0,2,860,0,0,0,2,-6.347325660121868,43.17434210526316,43.47826086956522,19,7.598784194528875,6.666666666666667,33.333333333333336,62.5,2.5,4,9,4,69.71162790697674,50,5,1,14,3,17,1,12,5,10,2,0,0,6,6,0,0,22,7,7,5,22,28,0,1,3,860,0,0,0,4,6.347325660121868,44.64285714285714,36.36363636363637,27,10.85383502170767,23.076923076923077,100.0,71.42857142857143,1.6666666666666667,4,9,3,69.71162790697674
S45G01N40,2024-2025,20241109,183,home,6,5,0,10,1,11,1,12,4,11,4,1,1,3,1,1,3,23,8,5,2,21,26,1,0,2,863,0,0,0,2,-6.347325660121868,43.17434210526316,43.47826086956522,20,7.598784194528875,6.666666666666667,33.333333333333336,62.5,2.5,4,9,4,69.46929316338354,50,5,1,14,3,17,1,12,5,10,2,0,0,6,6,0,0,22,7,7,5,22,28,0,1,3,863,0,0,0,4,6.347325660121868,44.64285714285714,36.36363636363637,27,10.85383502170767,23.076923076923077,100.0,71.42857142857143,1.6666666666666667,4,9,3,69.46929316338354
S45G01N40,2024-2025,20241109,184,home,6,5,0,10,1,11,1,12,4,11,4,1,1,3,1,1,3,23,8,5,2,21,26,1,0,2,863,0,0,0,2,-6.347325660121868,43.17434210526316,43.47826086956522,20,7.598784194528875,6.666666666666667,33.333333333333336,62.5,2.5,4,9,4,69.46929316338354,50,5,1,14,3,17,1,12,5,10,2,0,0,6,6,0,0,22,7,7,5,22,28,0,1,3,863,0,0,0,4,6.347325660121868,44.64285714285714,36.36363636363637,27,10.85383502170767,23.076923076923077,100.0,71.42857142857143,1.6666666666666667,4,9,3,69.46929316338354
S45G01N40,2024-2025,20241109,185,home,6,5,0,10,1,11,1,12,4,11,4,1,1,3,1,1,3,23,8,5,2,21,26,1,0,2,863,0,0,0,2,-6.347325660121868,43.17434210526316,43.47826086956522,20,7.598784194528875,6.666666666666667,33.333333333333336,62.5,2.5,4,9,4,69.46929316338354,50,5,1,14,3,17,1,12,5,10,2,0,0,6,6,0,0,22,7,7,5,22,28,0,1,3,863,0,0,0,4,6.347325660121868,44.64285714285714,36.36363636363637,27,10.85383502170767,23.076923076923077,100.0,71.42857142857143,1.6666666666666667,4,9,3,69.46929316338354
S45G01N40,2024-2025,20241109,186,home,6,5,0,10,1,11,1,12,4,11,4,1,1,3,1,1,3,23,8,5,2,21,26,1,0,2,863,0,0,0,2,-6.347325660121868,43.17434210526316,43.47826086956522,20,7.598784194528875,6.666666666666667,33.333333333333336,62.5,2.5,4,9,4,69.46929316338354,50,5,1,14,3,17,1,12,5,10,2,0,0,6,6,0,0,22,7,7,5,22,28,0,1,3,863,0,0,0,4,6.347325660121868,44.64285714285714,36.36363636363637,27,10.85383502170767,23.076923076923077,100.0,71.42857142857143,1.6666666666666667,4,9,3,69.46929316338354
S45G01N40,2024-2025,20241109,187,home,6,5,0,10,1,11,1,12,4,11,4,1,1,3,1,1,3,23,8,5,2,21,26,1,0,2,863,0,0,0,2,-6.347325660121868,43.17434210526316,43.47826086956522,20,7.598784194528875,6.666666666666667,33.333333333333336,62.5,2.5,4,9,4,69.46929316338354,50,5,1,14,3,17,1,12,5,10,2,0,0,6,6,0,0,22,7,7,5,22,28,0,1,3,863,0,0,0,4,6.347325660121868,44.64285714285714,36.36363636363637,27,10.85383502170767,23.076923076923077,100.0,71.42857142857143,1.6666666666666667,4,9,3,69.46929316338354
S45G01N40,2024-2025,20241109,188,home,6,5,0,10,1,11,1,13,5,11,4,1,1,3,1,1,3,24,9,5,2,23,27,1,0,2,873,0,0,0,2,-1.899696048632208,45.41864139020537,45.833333333333336,22,7.320644216691068,6.666666666666667,33.333333333333336,55.55555555555556,2.5,2,10,4,70.04810996563575,50,5,1,14,3,17,1,12,5,10,2,0,0,6,6,0,0,22,7,7,5,22,28,0,1,3,873,0,0,0,4,1.899696048632208,44.64285714285714,36.36363636363637,27,10.85383502170767,23.076923076923077,100.0,71.42857142857143,1.6666666666666667,2,10,3,70.04810996563575
S45G01N40,2024-2025,20241109,189,home,6,5,0,10,1,11,1,13,5,11,4,1,1,3,1,1,3,24,9,6,3,23,27,1,0,2,894,0,0,0,2,-1.899696048632208,45.41864139020537,45.833333333333336,22,7.320644216691068,6.666666666666667,33.333333333333336,55.55555555555556,2.5,2,10,4,68.4026845637584,50,5,1,14,3,17,1,12,5,10,2,0,0,6,6,0,0,22,7,7,5,22,28,0,1,3,894,0,0,0,4,1.899696048632208,44.64285714285714,36.36363636363637,27,10.85383502170767,23.076923076923077,100.0,71.42857142857143,1.6666666666666667,2,10,3,68.4026845637584
S45G01N40,2024-2025,20241109,190,home,6,5,0,10,1,11,1,13,5,11,4,1,1,3,1,1,3,24,9,6,3,23,27,1,0,2,894,0,0,0,2,-1.899696048632208,45.41864139020537,45.833333333333336,22,7.320644216691068,6.666666666666667,33.333333333333336,55.55555555555556,2.5,2,10,4,68.4026845637584,50,5,1,14,3,17,1,12,5,10,2,0,0,6,6,0,0,22,7,7,5,22,28,0,1,3,894,0,0,0,4,1.899696048632208,44.64285714285714,36.36363636363637,27,10.85383502170767,23.076923076923077,100.0,71.42857142857143,1.6666666666666667,2,10,3,68.4026845637584
S45G01N40,2024-2025,20241109,191,home,6,5,0,10,1,11,1,13,5,11,4,1,1,3,1,1,3,24,9,6,3,23,27,1,0,2,900,0,0,0,2,1.5825860997965862,45.41864139020537,45.833333333333336,22,7.320644216691068,6.666666666666667,33.333333333333336,55.55555555555556,2.5,2,10,4,69.28,50,5,1,14,3,17,1,13,5,10,2,0,0,6,6,0,0,23,7,7,5,22,29,0,1,3,900,0,0,0,4,-1.5825860997965862,42.90171606864274,34.78260869565217,26,10.474860335195531,23.076923076923077,100.0,71.42857142857143,1.6666666666666667,2,10,3,69.28
S45G01N40,2024-2025,20241109,192,home,6,5,0,10,1,11,1,13,5,11,4,1,1,3,1,1,3,24,9,6,3,23,27,1,0,2,901,0,0,0,2,-1.899696048632208,45.41864139020537,45.833333333333336,22,7.320644216691068,6.666666666666667,33.333333333333336,55.55555555555556,2.5,2,10,4,67.87125416204218,50,5,1,14,4,18,1,13,5,10,2,0,0,6,6,0,0,23,7,7,5,22,29,0,1,3,901,0,0,0,4,1.899696048632208,42.90171606864274,34.78260869565217,27,10.474860335195531,28.571428571428573,100.0,71.42857142857143,1.6666666666666667,2,10,3,67.87125416204218
S45G01N40,2024-2025,20241109,193,home,6,5,0,10,1,11,1,13,5,11,4,1,1,3,1,1,3,24,9,7,3,23,27,1,0,2,901,0,0,0,2,-1.899696048632208,45.41864139020537,45.833333333333336,22,7.320644216691068,6.666666666666667,33.333333333333336,55.55555555555556,2.5,2,10,4,67.87125416204218,50,5,1,14,4,18,1,13,5,10,2,0,0,6,6,0,0,23,7,7,5,22,29,0,1,3,901,0,0,0,4,1.899696048632208,42.90171606864274,34.78260869565217,27,10.474860335195531,28.571428571428573,100.0,71.42857142857143,1.6666666666666667,2,10,3,67.87125416204218
S45G01N40,2024-2025,20241109,194,home,6,5,0,10,1,11,1,13,5,11,4,1,1,3,1,1,3,24,9,7,3,23,27,1,0,2,901,0,0,0,2,-1.899696048632208,45.41864139020537,45.833333333333336,22,7.320644216691068,6.666666666666667,33.333333333333336,55.55555555555556,2.5,2,10,4,67.87125416204218,50,5,1,14,4,18,1,13,5,10,2,0,0,6,6,0,0,23,7,7,5,22,29,0,1,3,901,0,0,0,4,1.899696048632208,42.90171606864274,34.78260869565217,27,10.474860335195531,28.571428571428573,100.0,71.42857142857143,1.6666666666666667,2,10,3,67.87125416204218
S45G01N40,2024-2025,20241109,195,home,6,5,0,10,1,11,1,13,5,11,4,1,1,3,1,1,3,24,9,7,3,23,27,1,0,2,901,0,0,0,2,-4.320520837878064,45.41864139020537,45.833333333333336,22,7.320644216691068,6.666666666666667,33.333333333333336,55.55555555555556,2.5,1,10,4,68.45726970033296,50,5,1,14,4,18,1,13,5,10,2,0,0,7,7,0,0,23,7,7,5,23,30,0,1,3,901,0,0,0,4,4.320520837878064,44.09509202453988,34.78260869565217,28,10.316368638239341,28.571428571428573,100.0,71.42857142857143,1.6666666666666667,1,10,3,68.45726970033296
S45G01N40,2024-2025,20241109,196,home,6,5,0,10,1,11,1,13,5,11,4,1,1,3,1,1,3,24,9,7,3,23,27,1,0,2,901,0,0,0,2,-6.657868910253356,45.41864139020537,45.833333333333336,22,7.320644216691068,6.666666666666667,33.333333333333336,55.55555555555556,2.5,2,11,4,69.04328523862375,50,5,1,14,4,18,1,13,5,10,2,0,0,8,8,0,0,23,7,7,5,24,31,0,1,3,901,0,0,0,4,6.657868910253356,45.248868778280546,34.78260869565217,29,10.16260162601626,28.571428571428573,100.0,71.42857142857143,1.6666666666666667,2,11,3,69.04328523862375
S45G01N40,2024-2025,20241109,197,home,6,5,0,10,1,11,1,13,5,12,4,1,1,3,1,1,3,25,9,7,3,23,28,1,0,2,920,0,0,0,2,-9.85647865538813,43.693009118541035,44.0,21,7.062146892655367,6.666666666666667,33.333333333333336,55.55555555555556,2.5,2,11,4,68.92173913043479,50,5,1,14,4,18,1,13,5,10,2,0,0,8,8,0,0,23,7,7,5,24,31,0,1,3,920,0,0,0,4,9.85647865538813,45.248868778280546,34.78260869565217,29,10.16260162601626,28.571428571428573,100.0,71.42857142857143,1.6666666666666667,2,11,3,68.92173913043479
S45G01N40,2024-2025,20241109,198,home,6,5,0,10,2,12,1,13,5,12,4,1,1,3,1,1,3,25,9,7,3,23,28,1,0,2,922,0,0,0,2,-6.657868910253356,43.693009118541035,44.0,22,7.062146892655367,12.5,33.333333333333336,55.55555555555556,2.5,2,11,4,67.47071583514101,50,5,1,14,4,18,1,13,5,10,2,0,0,8,8,0,0,23,7,7,5,24,31,0,1,3,922,0,0,0,4,6.657868910253356,45.248868778280546,34.78260869565217,29,10.16260162601626,28.571428571428573,100.0,71.42857142857143,1.6666666666666667,2,11,3,67.47071583514101
S45G01N40,2024-2025,20241109,199,home,6,5,0,10,2,12,1,14,6,12,4,1,1,3,1,1,3,26,10,7,3,25,29,1,0,2,934,0,0,0,2,-2.5358344386970657,45.75402635431918,46.15384615384615,24,6.8212824010914055,12.5,33.333333333333336,50.0,2.5,2,12,4,67.88865096359743,50,5,1,14,4,18,1,13,5,10,2,0,0,8,8,0,0,23,7,7,5,24,31,0,1,3,934,0,0,0,4,2.5358344386970657,45.248868778280546,34.78260869565217,29,10.16260162601626,28.571428571428573,100.0,71.42857142857143,1.6666666666666667,2,12,3,67.88865096359743
S45G01N40,2024-2025,20241109,200,home,6,5,0,10,2,12,1,14,6,12,4,1,1,3,1,1,3,26,10,7,3,25,29,1,0,2,934,0,0,0,2,-2.5358344386970657,45.75402635431918,46.15384615384615,24,6.8212824010914055,12.5,33.333333333333336,50.0,2.5,2,12,4,67.88865096359743,50,5,1,14,4,18,1,13,5,10,2,0,0,8,8,0,0,23,7,7,5,24,31,0,1,3,934,0,0,0,4,2.5358344386970657,45.248868778280546,34.78260869565217,29,10.16260162601626,28.571428571428573,100.0,71.42857142857143,1.6666666666666667,2,12,3,67.88865096359743
S45G01N40,2024-2025,20241109,201,home,6,5,0,10,2,12,1,14,6,12,4,1,1,3,1,1,3,26,10,7,3,25,29,1,0,2,954,0,0,0,2,-6.531162977636157,45.75402635431918,46.15384615384615,24,6.8212824010914055,12.5,33.333333333333336,50.0,2.5,2,13,4,67.72327044025157,50,5,1,14,4,18,1,14,6,10,2,0,0,8,8,0,0,24,8,7,5,26,32,0,1,3,954,0,0,0,4,6.531162977636157,47.23837209302326,37.5,31,9.82961992136304,28.571428571428573,100.0,62.5,1.6666666666666667,2,13,3,67.72327044025157
S45G01N40,2024-2025,20241109,202,home,6,5,0,10,2,12,1,14,6,12,4,1,1,3,1,1,3,26,10,7,3,25,29,1,0,2,954,0,0,0,2,-6.531162977636157,45.75402635431918,46.15384615384615,24,6.8212824010914055,12.5,33.333333333333336,50.0,2.5,2,13,4,67.72327044025157,50,6,1,14,4,18,1,14,6,10,2,0,0,8,8,0,0,24,8,7,5,26,32,0,1,3,954,0,0,0,4,6.531162977636157,47.23837209302326,37.5,32,9.82961992136304,28.571428571428573,100.0,75.0,2.0,2,13,3,67.72327044025157
S45G01N40,2024-2025,20241109,203,home,6,5,0,10,2,12,1,14,6,13,4,1,1,3,1,1,3,27,10,7,3,25,30,1,0,2,972,0,0,0,2,-9.762379528082434,44.13841807909604,44.44444444444444,23,6.596306068601583,12.5,33.333333333333336,50.0,2.5,2,13,4,67.70370370370371,50,6,1,14,4,18,1,14,6,10,2,0,0,8,8,0,0,24,8,7,5,26,32,0,1,3,972,0,0,0,4,9.762379528082434,47.23837209302326,37.5,32,9.82961992136304,28.571428571428573,100.0,75.0,2.0,2,13,3,67.70370370370371
S45G01N40,2024-2025,20241109,204,home,6,5,0,10,3,13,1,14,6,13,4,1,1,3,1,1,3,27,10,7,3,25,30,1,0,2,975,0,0,0,2,-6.531162977636157,44.13841807909604,44.44444444444444,24,6.596306068601583,17.647058823529413,33.333333333333336,50.0,2.5,2,13,4,66.2646153846154,50,6,1,14,4,18,1,14,6,10,2,0,0,8,8,0,0,24,8,7,5,26,32,0,1,3,975,0,0,0,4,6.531162977636157,47.23837209302326,37.5,32,9.82961992136304,28.571428571428573,100.0,75.0,2.0,2,13,3,66.2646153846154
S45G01N40,2024-2025,20241109,205,home,6,5,0,10,3,13,1,14,6,13,4,1,1,3,1,1,3,27,10,7,3,25,30,1,0,3,975,0,0,0,3,-9.762379528082434,44.13841807909604,44.44444444444444,23,9.578544061302681,17.647058823529413,33.333333333333336,50.0,1.6666666666666667,2,13,4,67.49538461538462,50,6,1,14,4,18,1,14,6,10,2,0,0,8,8,0,0,24,8,7,5,26,32,0,1,3,975,0,0,0,4,9.762379528082434,47.23837209302326,37.5,32,9.82961992136304,28.571428571428573,100.0,75.0,2.0,2,13,3,67.49538461538462
S45G01N40,2024-2025,20241109,206,home,6,5,0,10,3,13,1,14,6,13,4,1,1,3,1,1,3,27,10,7,3,25,30,1,0,3,995,0,0,0,3,-6.199908027854434,44.13841807909604,44.44444444444444,23,9.578544061302681,17.647058823529413,33.333333333333336,50.0,1.6666666666666667,2,13,4,67.34472361809046,50,6,1,14,4,18,1,14,6,11,2,0,0,8,8,0,0,25,8,7,5,26,33,0,1,3,995,0,0,0,4,6.199908027854434,45.5820476858345,36.0,31,9.51776649746193,28.571428571428573,100.0,75.0,2.0,2,13,3,67.34472361809046
S45G01N40,2024-2025,20241109,207,home,6,5,0,11,3,14,1,14,6,13,4,1,1,3,1,1,3,27,10,7,3,25,30,1,0,3,997,0,0,0,3,-6.199908027854434,44.13841807909604,44.44444444444444,24,9.578544061302681,17.647058823529413,33.333333333333336,50.0,1.6666666666666667,2,13,4,67.20962888665998,50,6,1,14,4,18,1,14,6,11,2,0,0,8,8,0,0,25,8,7,5,26,33,0,1,3,997,0,0,0,4,6.199908027854434,45.5820476858345,36.0,31,9.51776649746193,26.666666666666668,100.0,75.0,2.0,2,13,3,67.20962888665998
S45G01N40,2024-2025,20241109,208,home,6,5,0,11,3,14,1,15,6,13,4,1,1,3,1,1,3,28,10,7,3,25,31,1,0,3,1011,0,0,0,3,-9.210714172403954,42.63301500682128,42.857142857142854,23,9.282178217821782,17.647058823529413,33.333333333333336,50.0,1.6666666666666667,2,13,4,67.46587537091987,50,6,1,14,4,18,1,14,6,11,2,0,0,8,8,0,0,25,8,7,5,26,33,0,1,3,1011,0,0,0,4,9.210714172403954,45.5820476858345,36.0,31,9.51776649746193,26.666666666666668,100.0,75.0,2.0,2,13,3,67.46587537091987
S45G01N40,2024-2025,20241109,209,home,6,5,0,11,3,14,1,15,6,13,4,1,1,3,1,1,3,28,10,7,3,25,31,1,0,3,1014,0,0,0,3,-9.210714172403954,42.63301500682128,42.857142857142854,23,9.282178217821782,16.666666666666668,33.333333333333336,50.0,1.6666666666666667,2,13,4,67.26627218934912,50,6,1,15,4,19,1,14,6,11,2,0,0,8,8,0,0,25,8,7,5,26,33,0,1,3,1014,0,0,0,4,9.210714172403954,45.5820476858345,36.0,32,9.51776649746193,26.666666666666668,100.0,75.0,2.0,2,13,3,67.26627218934912
S45G01N40,2024-2025,20241109,210,home,6,5,0,11,3,14,1,15,6,13,4,1,1,3,1,1,3,28,10,7,3,25,31,1,0,3,1033,0,0,0,3,-12.910688078924068,42.63301500682128,42.857142857142854,23,9.282178217821782,16.666666666666668,33.333333333333336,50.0,1.6666666666666667,4,13,4,67.19070667957405,50,6,1,15,4,19,1,15,7,11,2,0,0,8,8,0,0,26,9,7,5,28,34,0,1,3,1033,0,0,0,4,12.910688078924068,47.42547425474255,38.46153846153846,34,9.22509225092251,26.666666666666668,100.0,66.66666666666667,2.0,4,13,3,67.19070667957405
S45G01N40,2024-2025,20241109,211,home,6,5,0,11,3,14,1,15,6,13,4,1,1,3,1,1,3,28,10,7,3,25,31,1,0,4,1053,0,0,0,4,-15.722892235046842,42.63301500682128,42.857142857142854,22,12.004801920768307,16.666666666666668,33.333333333333336,50.0,1.25,4,13,4,67.05413105413105,50,6,1,15,4,19,1,15,7,11,2,0,0,8,8,0,0,26,9,7,5,28,34,0,1,3,1053,0,0,0,4,15.722892235046842,47.42547425474255,38.46153846153846,34,9.22509225092251,26.666666666666668,100.0,66.66666666666667,2.0,4,13,3,67.05413105413105
S45G01N40,2024-2025,20241109,212,home,6,5,0,11,3,14,1,15,6,13,4,1,1,3,1,1,3,28,10,7,3,25,31,1,0,4,1078,0,0,0,4,-12.397122651965319,42.63301500682128,42.857142857142854,22,12.004801920768307,16.666666666666668,33.333333333333336,50.0,1.25,4,13,4,66.61224489795919,50,6,1,15,4,19,1,15,7,12,2,0,0,8,8,0,0,27,9,7,5,28,35,0,1,3,1078,0,0,0,4,12.397122651965319,45.87155963302752,37.03703703703704,33,8.949880668257757,26.666666666666668,100.0,66.66666666666667,2.0,4,13,3,66.61224489795919
S45G01N40,2024-2025,20241109,213,home,6,5,0,11,3,14,2,15,6,13,4,1,1,3,1,1,3,28,10,7,3,25,31,1,0,4,1079,0,0,0,4,-12.397122651965319,42.63301500682128,42.857142857142854,23,12.004801920768307,16.666666666666668,33.333333333333336,50.0,1.25,4,13,4,66.55050973123262,50,6,1,15,4,19,1,15,7,12,2,0,0,8,8,0,0,27,9,7,5,28,35,0,1,3,1079,0,0,0,4,12.397122651965319,45.87155963302752,37.03703703703704,33,8.949880668257757,26.666666666666668,100.0,66.66666666666667,2.0,4,13,3,66.55050973123262
S45G01N40,2024-2025,20241109,214,home,6,5,0,11,3,14,2,15,6,13,4,1,1,3,1,1,3,28,10,7,3,25,31,1,0,4,1079,0,0,0,4,-12.397122651965319,42.63301500682128,42.857142857142854,23,12.004801920768307,16.666666666666668,33.333333333333336,50.0,1.25,4,13,4,66.55050973123262,50,6,1,15,4,19,1,15,7,12,2,0,0,8,8,0,0,27,9,7,5,28,35,0,1,3,1079,0,0,0,4,12.397122651965319,45.87155963302752,37.03703703703704,33,8.949880668257757,26.666666666666668,100.0,66.66666666666667,2.0,4,13,3,66.55050973123262
S45G01N40,2024-2025,20241109,215,home,6,5,0,11,3,14,2,15,6,13,4,1,1,3,1,1,3,28,10,7,3,25,31,1,0,4,1079,0,0,0,4,-12.397122651965319,42.63301500682128,42.857142857142854,23,12.004801920768307,16.666666666666668,33.333333333333336,50.0,1.25,4,13,4,66.55050973123262,50,6,1,15,4,19,1,15,7,12,2,0,0,8,8,0,0,27,9,7,5,28,35,0,1,3,1079,0,0,0,4,12.397122651965319,45.87155963302752,37.03703703703704,33,8.949880668257757,26.666666666666668,100.0,66.66666666666667,2.0,4,13,3,66.55050973123262
S45G01N40,2024-2025,20241109,216,home,6,5,0,11,3,14,2,15,6,13,4,1,1,3,1,1,3,28,10,7,3,25,31,1,0,5,1093,0,0,0,5,-15.029747998629418,42.63301500682128,42.857142857142854,22,14.56876456876457,16.666666666666668,33.333333333333336,50.0,1.0,4,13,4,66.79597438243367,50,6,1,15,4,19,1,15,7,12,2,0,0,8,8,0,0,27,9,7,5,28,35,0,1,3,1093,0,0,0,4,15.029747998629418,45.87155963302752,37.03703703703704,33,8.949880668257757,26.666666666666668,100.0,66.66666666666667,2.0,4,13,3,66.79597438243367
S45G01N40,2024-2025,20241109,217,home,6,5,0,11,3,14,2,15,6,13,4,1,1,3,1,1,3,28,10,7,3,25,31,1,0,5,1095,0,0,0,5,-15.029747998629418,42.63301500682128,42.857142857142854,22,14.56876456876457,16.666666666666668,33.333333333333336,50.0,1.0,4,13,4,66.67397260273972,50,6,1,15,4,19,1,15,7,12,2,0,0,8,8,0,0,27,9,7,5,28,35,1,1,3,1095,0,0,0,4,15.029747998629418,45.87155963302752,37.03703703703704,34,8.949880668257757,26.666666666666668,100.0,66.66666666666667,2.0,4,13,3,66.67397260273972
S45G01N40,2024-2025,20241109,218,home,6,5,0,11,3,14,2,15,6,13,4,1,1,3,1,1,3,28,10,7,3,25,31,1,0,5,1095,0,0,0,5,-18.474998702774727,42.63301500682128,42.857142857142854,22,14.56876456876457,16.666666666666668,33.333333333333336,50.0,1.0,6,13,4,67.76986301369863,50,6,1,15,4,19,1,16,8,12,2,0,0,8,8,0,0,28,10,7,5,30,36,1,1,3,1095,0,0,0,4,18.474998702774727,47.588832487309645,39.285714285714285,36,8.69061413673233,26.666666666666668,100.0,60.0,2.0,6,13,5,67.76986301369863
S45G01N40,2024-2025,20241109,219,home,6,5,0,11,3,14,2,15,6,13,4,1,1,3,1,1,3,28,10,7,3,25,31,1,0,5,1095,0,0,0,5,-18.474998702774727,42.63301500682128,42.857142857142854,22,14.56876456876457,16.666666666666668,33.333333333333336,50.0,1.0,6,13,4,67.76986301369863,50,6,1,15,4,19,1,16,8,12,2,0,0,8,8,1,2,28,10,7,5,30,36,1,1,3,1095,0,0,0,4,18.474998702774727,47.588832487309645,39.285714285714285,36,8.69061413673233,26.666666666666668,100.0,60.0,2.0,6,13,5,67.76986301369863
S45G01N40,2024-2025,20241109,220,home,6,5,0,11,3,14,2,15,6,14,4,1,1,3,1,1,3,29,10,7,3,25,32,1,0,5,1113,0,0,0,5,-20.944714065115562,41.226912928759894,41.37931034482759,21,14.156285390713476,16.666666666666668,33.333333333333336,50.0,1.0,6,13,4,67.75202156334231,50,6,1,15,4,19,1,16,8,12,2,0,0,8,8,1,2,28,10,7,5,30,36,1,1,3,1113,0,0,0,4,20.944714065115562,47.588832487309645,39.285714285714285,36,8.69061413673233,26.666666666666668,100.0,60.0,2.0,6,13,5,67.75202156334231
S45G01N40,2024-2025,20241109,221,home,6,5,0,11,3,14,2,15,6,14,4,1,1,3,1,1,3,29,10,7,3,25,32,1,0,5,1115,0,0,0,5,-20.944714065115562,41.226912928759894,41.37931034482759,21,14.156285390713476,15.789473684210526,33.333333333333336,50.0,1.0,6,13,4,67.6304932735426,50,6,1,16,4,20,1,16,8,12,2,0,0,8,8,1,2,28,10,7,5,30,36,1,1,3,1115,0,0,0,4,20.944714065115562,47.588832487309645,39.285714285714285,37,8.69061413673233,26.666666666666668,100.0,60.0,2.0,6,13,5,67.6304932735426
S45G01N40,2024-2025,20241109,222,home,6,5,0,11,3,14,2,15,6,14,4,1,1,3,1,1,3,29,10,8,3,25,32,1,0,5,1127,0,0,0,5,-20.944714065115562,41.226912928759894,41.37931034482759,21,14.156285390713476,15.789473684210526,33.333333333333336,50.0,1.0,6,13,4,66.91038154392191,50,6,1,16,4,20,1,16,8,12,2,0,0,8,8,1,2,28,10,7,5,30,36,1,1,3,1127,0,0,0,4,20.944714065115562,47.588832487309645,39.285714285714285,37,8.69061413673233,26.666666666666668,100.0,60.0,2.0,6,13,5,66.91038154392191
S45G01N40,2024-2025,20241109,223,home,6,5,0,11,3,14,2,15,6,14,4,1,1,3,1,1,3,29,10,8,3,25,32,1,0,5,1127,0,0,0,5,-20.944714065115562,41.226912928759894,41.37931034482759,21,14.156285390713476,15.789473684210526,33.333333333333336,50.0,1.0,6,13,4,66.91038154392191,50,6,1,16,4,20,1,16,8,12,2,0,0,8,8,1,2,28,10,7,5,30,36,1,1,3,1127,0,0,0,4,20.944714065115562,47.588832487309645,39.285714285714285,37,8.69061413673233,26.666666666666668,100.0,60.0,2.0,6,13,5,66.91038154392191
S45G01N40,2024-2025,20241109,224,home,6,5,0,11,3,14,2,15,6,14,4,1,1,3,1,1,3,29,10,8,3,25,32,1,0,5,1127,0,0,0,5,-22.777713817893414,41.226912928759894,41.37931034482759,21,14.156285390713476,15.789473684210526,33.333333333333336,50.0,1.0,7,13,4,67.37888198757764,50,6,1,16,4,20,1,16,8,12,2,0,0,9,9,1,2,28,10,7,5,31,37,1,1,3,1127,0,0,0,4,22.777713817893414,48.49812265331664,39.285714285714285,38,8.581235697940503,26.666666666666668,100.0,60.0,2.0,7,13,6,67.37888198757764
S45G01N40,2024-2025,20241109,225,home,6,5,0,11,3,14,2,15,6,14,4,1,1,3,1,1,3,29,10,8,3,25,32,1,0,5,1127,0,0,0,5,-24.55934287696286,41.226912928759894,41.37931034482759,21,14.156285390713476,15.789473684210526,33.333333333333336,50.0,1.0,8,13,4,67.84738243123337,50,6,1,16,4,20,1,16,8,12,2,0,0,10,10,1,2,28,10,7,5,32,38,1,1,3,1127,0,0,0,4,24.55934287696286,49.382716049382715,39.285714285714285,39,8.474576271186441,26.666666666666668,100.0,60.0,2.0,8,13,7,67.84738243123337
S45G01N40,2024-2025,20241109,226,home,6,5,0,11,3,14,2,15,6,14,4,1,1,3,1,1,3,29,10,8,3,25,32,1,0,5,1127,0,0,0,5,-24.55934287696286,41.226912928759894,41.37931034482759,21,14.156285390713476,15.789473684210526,33.333333333333336,50.0,1.0,8,13,4,67.84738243123337,50,6,1,16,4,20,1,16,8,12,2,0,0,10,10,1,2,28,10,7,5,32,38,1,1,3,1127,0,0,0,4,24.55934287696286,49.382716049382715,39.285714285714285,39,8.474576271186441,26.666666666666668,100.0,60.0,2.0,8,13,7,67.84738243123337
S45G01N40,2024-2025,20241109,227,home,6,5,0,11,3,14,2,15,6,14,4,1,1,3,1,1,3,29,10,8,3,25,32,1,0,5,1127,0,0,0,5,-24.55934287696286,41.226912928759894,41.37931034482759,21,14.156285390713476,15.789473684210526,33.333333333333336,50.0,1.0,8,13,4,67.84738243123337,50,6,1,16,4,20,1,16,8,12,2,0,0,10,10,1,2,28,10,7,5,32,38,1,1,3,1127,0,0,0,4,24.55934287696286,49.382716049382715,39.285714285714285,39,8.474576271186441,26.666666666666668,100.0,60.0,2.0,8,13,7,67.84738243123337
S45G01N40,2024-2025,20241109,228,home,6,5,0,11,3,14,2,15,6,14,4,1,1,3,1,1,3,29,10,8,3,25,32,1,0,5,1127,0,0,0,5,-24.55934287696286,41.226912928759894,41.37931034482759,21,14.156285390713476,15.789473684210526,33.333333333333336,50.0,1.0,8,13,4,67.84738243123337,50,6,1,16,4,20,1,16,8,12,2,0,0,10,10,1,2,28,10,7,5,32,38,1,1,3,1127,0,0,0,4,24.55934287696286,49.382716049382715,39.285714285714285,39,8.474576271186441,26.666666666666668,100.0,60.0,2.0,8,13,7,67.84738243123337
S45G01N40,2024-2025,20241109,229,home,6,5,0,11,3,14,2,15,6,14,4,1,1,3,1,1,3,29,10,8,3,25,32,1,0,5,1149,0,0,0,5,-24.55934287696286,41.226912928759894,41.37931034482759,21,14.156285390713476,15.789473684210526,33.333333333333336,50.0,1.0,8,13,4,66.54830287206266,50,6,1,16,4,20,1,16,8,12,2,0,0,10,10,1,2,28,10,8,6,32,38,1,1,3,1149,0,0,0,4,24.55934287696286,49.382716049382715,39.285714285714285,39,8.474576271186441,26.666666666666668,100.0,60.0,2.0,8,13,7,66.54830287206266
S45G01N40,2024-2025,20241109,230,home,6,5,0,11,3,14,2,15,6,14,4,1,1,3,1,1,3,29,10,8,3,25,32,1,0,5,1149,0,0,0,5,-24.55934287696286,41.226912928759894,41.37931034482759,21,14.156285390713476,15.789473684210526,33.333333333333336,50.0,1.0,8,13,4,66.54830287206266,50,6,1,16,4,20,1,16,8,12,2,0,0,10,10,1,2,28,10,8,6,32,38,1,1,3,1149,0,0,0,4,24.55934287696286,49.382716049382715,39.285714285714285,39,8.474576271186441,26.666666666666668,100.0,60.0,2.0,8,13,7,66.54830287206266
S45G01N40,2024-2025,20241109,231,home,6,5,0,11,3,14,2,15,6,14,4,1,1,3,1,1,3,29,10,9,3,25,32,1,0,5,1149,0,1,0,5,-24.55934287696286,41.226912928759894,41.37931034482759,21,14.156285390713476,15.789473684210526,33.333333333333336,50.0,1.0,8,13,4,66.54830287206266,50,6,1,16,4,20,1,16,8,12,2,0,0,10,10,1,2,28,10,8,6,32,38,1,1,3,1149,0,0,0,4,24.55934287696286,49.382716049382715,39.285714285714285,39,8.474576271186441,26.666666666666668,100.0,60.0,2.0,8,13,7,66.54830287206266
S45G01N40,2024-2025,20241109,232,home,6,5,0,11,3,14,2,15,6,14,4,1,1,3,1,1,3,29,10,9,3,25,32,1,1,5,1149,0,1,0,6,-24.55934287696286,41.226912928759894,41.37931034482759,20,14.156285390713476,15.789473684210526,33.333333333333336,50.0,1.0,8,13,4,66.54830287206266,50,6,1,16,4,20,1,16,8,12,2,0,0,10,10,1,2,28,10,8,6,32,38,1,1,3,1149,0,0,0,4,24.55934287696286,49.382716049382715,39.285714285714285,39,8.474576271186441,26.666666666666668,100.0,60.0,2.0,8,13,7,66.54830287206266
S45G01N40,2024-2025,20241109,233,home,6,5,0,11,3,14,2,15,6,14,4,1,1,3,1,1,3,29,10,9,3,25,32,1,1,5,1149,0,1,0,6,-26.291730931887145,41.226912928759894,41.37931034482759,20,14.156285390713476,15.789473684210526,33.333333333333336,50.0,1.0,9,13,4,67.00783289817232,50,6,1,16,4,20,1,16,8,12,2,0,0,11,11,1,2,28,10,8,6,33,39,1,1,3,1149,0,0,0,4,26.291730931887145,50.2436053593179,39.285714285714285,40,8.370535714285714,26.666666666666668,100.0,60.0,2.0,9,13,8,67.00783289817232
S45G01N40,2024-2025,20241109,234,home,6,5,0,11,3,14,2,15,6,15,4,1,1,3,1,1,3,30,10,9,3,25,33,1,1,5,1161,0,1,0,6,-28.61320407560008,39.910600255427845,40.0,19,13.766519823788546,15.789473684210526,33.333333333333336,50.0,1.0,9,13,4,67.34883720930232,50,6,1,16,4,20,1,16,8,12,2,0,0,11,11,1,2,28,10,8,6,33,39,1,1,3,1161,0,0,0,4,28.61320407560008,50.2436053593179,39.285714285714285,40,8.370535714285714,26.666666666666668,100.0,60.0,2.0,9,13,8,67.34883720930232
S45G01N40,2024-2025,20241109,235,home,6,5,0,11,3,14,2,15,6,15,4,1,1,3,1,1,3,30,10,9,3,25,33,1,1,5,1164,0,1,0,6,-28.61320407560008,39.910600255427845,40.0,19,13.766519823788546,15.0,33.333333333333336,50.0,1.0,9,13,4,67.17525773195875,50,6,1,17,4,21,1,16,8,12,2,0,0,11,11,1,2,28,10,8,6,33,39,1,1,3,1164,0,0,0,4,28.61320407560008,50.2436053593179,39.285714285714285,41,8.370535714285714,26.666666666666668,100.0,60.0,2.0,9,13,8,67.17525773195875
S45G01N40,2024-2025,20241109,236,home,6,5,0,11,3,14,2,15,6,15,4,1,1,3,1,1,3,30,10,10,4,25,33,1,1,5,1168,0,1,0,6,-28.61320407560008,39.910600255427845,40.0,19,13.766519823788546,15.0,33.333333333333336,50.0,1.0,9,13,4,66.94520547945206,50,6,1,17,4,21,1,16,8,12,2,0,0,11,11,1,2,28,10,8,6,33,39,1,1,3,1168,0,0,0,4,28.61320407560008,50.2436053593179,39.285714285714285,41,8.370535714285714,26.666666666666668,100.0,60.0,2.0,9,13,8,66.94520547945206
S45G01N40,2024-2025,20241109,237,home,6,5,0,11,3,14,2,15,6,15,4,1,1,3,1,1,3,30,10,10,4,25,33,1,1,5,1168,0,1,0,6,-28.61320407560008,39.910600255427845,40.0,19,13.766519823788546,15.0,33.333333333333336,50.0,1.0,9,13,4,66.94520547945206,50,6,1,17,4,21,1,16,8,12,2,0,0,11,11,1,2,28,10,8,6,33,39,1,1,3,1168,0,0,0,4,28.61320407560008,50.2436053593179,39.285714285714285,41,8.370535714285714,26.666666666666668,100.0,60.0,2.0,9,13,8,66.94520547945206
S45G01N40,2024-2025,20241109,238,home,6,5,0,11,3,14,2,15,6,15,4,1,1,3,1,1,3,30,10,10,4,25,33,1,1,5,1168,0,1,0,6,-28.61320407560008,39.910600255427845,40.0,19,13.766519823788546,15.0,33.333333333333336,50.0,1.0,9,13,4,66.94520547945206,50,6,1,17,4,21,1,16,8,12,2,0,0,11,11,1,2,28,10,8,6,33,39,1,1,3,1168,0,0,0,4,28.61320407560008,50.2436053593179,39.285714285714285,41,8.370535714285714,26.666666666666668,100.0,60.0,2.0,9,13,8,66.94520547945206
S45G01N40,2024-2025,20241109,239,home,6,5,0,11,3,14,2,15,6,15,4,1,1,3,1,1,3,30,10,10,4,25,33,1,1,5,1168,0,1,0,6,-28.61320407560008,39.910600255427845,40.0,19,13.766519823788546,15.0,33.333333333333336,50.0,1.0,9,13,4,66.94520547945206,50,6,1,17,4,21,1,16,8,12,2,0,0,11,11,1,2,28,10,8,6,33,39,1,1,3,1168,0,0,0,4,28.61320407560008,50.2436053593179,39.285714285714285,41,8.370535714285714,26.666666666666668,100.0,60.0,2.0,9,13,8,66.94520547945206
S45G01N40,2024-2025,20241109,240,home,6,5,0,11,3,14,2,15,6,15,4,1,1,3,1,1,3,30,10,10,4,25,33,1,1,5,1168,0,1,0,6,-28.61320407560008,39.910600255427845,40.0,19,13.766519823788546,15.0,33.333333333333336,50.0,1.0,9,13,4,66.94520547945206,50,6,1,17,4,21,1,16,8,12,2,0,0,11,11,1,2,28,10,8,6,33,39,1,1,3,1168,0,0,0,4,28.61320407560008,50.2436053593179,39.285714285714285,41,8.370535714285714,26.666666666666668,100.0,60.0,2.0,9,13,8,66.94520547945206
S45G01N40,2024-2025,20241109,241,home,6,5,0,11,3,14,2,15,6,15,4,1,1,3,1,1,3,30,10,10,4,25,33,1,1,5,1168,0,1,0,6,-28.61320407560008,39.910600255427845,40.0,19,13.766519823788546,15.0,33.333333333333336,50.0,1.0,9,13,4,66.94520547945206,50,6,1,17,4,21,1,16,8,12,2,0,0,11,11,1,2,28,10,8,6,33,39,1,1,3,1168,0,0,0,4,28.61320407560008,50.2436053593179,39.285714285714285,41,8.370535714285714,26.666666666666668,100.0,60.0,2.0,9,13,8,66.94520547945206
S45G01N40,2024-2025,20241109,242,home,6,5,0,11,3,14,2,15,6,15,4,1,1,3,1,1,3,30,10,10,4,25,33,1,1,5,1168,0,1,0,6,-28.61320407560008,39.910600255427845,40.0,19,13.766519823788546,15.0,33.333333333333336,50.0,1.0,9,13,4,66.94520547945206,50,6,1,17,4,21,1,16,8,12,2,0,0,11,11,1,2,28,10,8,6,33,39,1,1,3,1168,0,0,0,4,28.61320407560008,50.2436053593179,39.285714285714285,41,8.370535714285714,26.666666666666668,100.0,60.0,2.0,9,13,8,66.94520547945206
S45G01N40,2024-2025,20241109,243,home,6,5,0,11,3,14,2,15,6,15,4,1,1,3,1,1,3,30,10,10,4,25,33,1,1,5,1176,0,1,0,6,-31.54733269678151,39.910600255427845,40.0,19,13.766519823788546,15.0,33.333333333333336,50.0,1.0,11,13,4,67.51020408163265,50,6,1,17,4,21,1,17,9,12,2,0,0,11,11,1,2,29,11,8,6,35,40,1,1,3,1176,0,0,0,4,31.54733269678151,51.71394799054373,41.37931034482759,43,8.143322475570033,26.666666666666668,100.0,54.54545454545455,2.0,11,13,10,67.51020408163265
S45G01N40,2024-2025,20241109,244,home,6,5,0,11,3,14,2,15,6,15,4,1,1,3,1,1,3,30,10,10,4,25,33,1,1,5,1176,0,1,0,6,-31.54733269678151,39.910600255427845,40.0,19,13.766519823788546,15.0,33.333333333333336,50.0,1.0,11,13,4,67.51020408163265,50,7,1,17,4,21,1,17,9,12,2,0,0,11,11,1,2,29,11,8,6,35,40,1,1,3,1176,0,0,0,4,31.54733269678151,51.71394799054373,41.37931034482759,44,8.143322475570033,26.666666666666668,100.0,63.63636363636363,2.3333333333333335,11,13,10,67.51020408163265
S45G01N40,2024-2025,20241109,245,home,6,5,0,11,3,14,2,15,6,16,4,1,1,3,1,1,3,31,10,10,4,25,34,1,1,5,1199,0,1,0,6,-33.73352185776058,38.67574257425743,38.70967741935484,18,13.397642015005358,15.0,33.333333333333336,50.0,1.0,11,13,4,67.2160133444537,50,7,1,17,4,21,1,17,9,12,2,0,0,11,11,1,2,29,11,8,6,35,40,1,1,3,1199,0,0,0,4,33.73352185776058,51.71394799054373,41.37931034482759,44,8.143322475570033,26.666666666666668,100.0,63.63636363636363,2.3333333333333335,11,13,10,67.2160133444537
S45G01N40,2024-2025,20241109,246,home,6,5,0,11,3,14,2,15,6,16,4,1,1,3,1,1,3,31,10,10,4,25,34,1,1,5,1199,0,1,0,6,-33.73352185776058,38.67574257425743,38.70967741935484,18,13.397642015005358,14.285714285714286,33.333333333333336,50.0,1.0,11,13,4,67.2160133444537,50,7,1,18,4,22,1,17,9,12,2,0,0,11,11,1,2,29,11,8,6,35,40,1,1,3,1199,0,0,0,4,33.73352185776058,51.71394799054373,41.37931034482759,45,8.143322475570033,26.666666666666668,100.0,63.63636363636363,2.3333333333333335,11,13,10,67.2160133444537
S45G01N40,2024-2025,20241109,247,home,6,5,0,11,3,14,2,15,6,16,4,1,1,3,1,1,3,31,10,10,4,25,34,1,1,5,1199,0,1,0,6,-33.73352185776058,38.67574257425743,38.70967741935484,18,13.397642015005358,14.285714285714286,33.333333333333336,50.0,1.0,11,13,4,67.2160133444537,50,7,1,18,4,22,1,17,9,12,2,0,0,11,11,1,2,29,11,8,6,35,40,1,1,3,1199,0,0,0,4,33.73352185776058,51.71394799054373,41.37931034482759,45,8.143322475570033,26.666666666666668,100.0,63.63636363636363,2.3333333333333335,11,13,10,67.2160133444537
S45G01N40,2024-2025,20241109,248,home,6,5,0,11,3,14,2,15,6,16,4,1,1,3,1,1,3,31,10,10,4,25,34,1,1,5,1200,0,1,0,6,-33.73352185776058,38.67574257425743,38.70967741935484,18,13.397642015005358,14.285714285714286,33.333333333333336,50.0,1.0,11,13,4,67.16,50,7,1,18,4,22,1,17,9,12,2,0,0,11,11,1,2,29,11,8,6,35,40,1,1,3,1200,0,0,0,4,33.73352185776058,51.71394799054373,41.37931034482759,45,8.143322475570033,26.666666666666668,100.0,63.63636363636363,2.3333333333333335,11,13,10,67.16
S45G01N40,2024-2025,20241109,249,home,6,5,0,11,3,14,2,15,6,16,4,1,1,3,1,1,3,31,10,10,4,25,34,1,1,5,1200,0,1,0,6,-33.73352185776058,38.67574257425743,38.70967741935484,18,13.397642015005358,14.285714285714286,33.333333333333336,50.0,1.0,11,13,4,67.16,50,7,1,18,4,22,1,17,9,12,2,0,0,11,11,1,2,29,11,8,6,35,40,1,1,3,1200,0,0,0,4,33.73352185776058,51.71394799054373,41.37931034482759,45,8.143322475570033,26.666666666666668,100.0,63.63636363636363,2.3333333333333335,11,13,10,67.16
S45G01N40,2024-2025,20241109,250,home,6,5,0,11,3,14,2,15,6,16,4,1,1,3,1,1,3,31,10,10,4,25,34,1,1,5,1200,0,1,0,6,-33.73352185776058,38.67574257425743,38.70967741935484,18,13.397642015005358,14.285714285714286,33.333333333333336,50.0,1.0,11,13,4,67.16,50,7,1,18,4,22,1,17,9,12,2,0,0,11,11,1,2,29,11,8,6,35,40,1,1,3,1200,0,0,0,4,33.73352185776058,51.71394799054373,41.37931034482759,45,8.143322475570033,26.666666666666668,100.0,63.63636363636363,2.3333333333333335,11,13,10,67.16
S45G01N40,2024-2025,20241109,251,home,6,5,0,11,3,14,2,15,6,16,4,1,1,3,1,1,3,31,10,10,4,25,34,1,1,5,1200,0,1,0,6,-33.73352185776058,38.67574257425743,38.70967741935484,18,13.397642015005358,14.285714285714286,33.333333333333336,50.0,1.0,11,13,4,67.16,50,7,1,18,4,22,1,17,9,12,2,0,0,11,11,1,2,29,11,8,6,35,40,1,1,3,1200,0,0,0,4,33.73352185776058,51.71394799054373,41.37931034482759,45,8.143322475570033,26.666666666666668,100.0,63.63636363636363,2.3333333333333335,11,13,10,67.16
S45G01N40,2024-2025,20241109,252,home,6,5,0,11,3,14,2,15,6,16,4,1,1,3,1,1,3,31,10,10,4,25,34,1,1,5,1200,0,1,0,6,-33.73352185776058,38.67574257425743,38.70967741935484,18,13.397642015005358,14.285714285714286,33.333333333333336,50.0,1.0,11,13,4,67.16,50,7,1,18,4,22,1,17,9,12,2,0,0,11,11,1,2,29,11,8,6,35,40,1,1,3,1200,0,0,0,4,33.73352185776058,51.71394799054373,41.37931034482759,45,8.143322475570033,26.666666666666668,100.0,63.63636363636363,2.3333333333333335,11,13,10,67.16
S45G01N40,2024-2025,20241109,253,home,6,5,0,11,3,14,2,15,6,16,4,1,1,3,1,1,3,31,10,10,4,25,34,1,1,5,1200,0,1,0,6,-33.73352185776058,38.67574257425743,38.70967741935484,18,13.397642015005358,14.285714285714286,33.333333333333336,50.0,1.0,11,13,4,67.16,50,7,1,18,4,22,1,17,9,12,2,0,0,11,11,1,2,29,11,8,6,35,40,1,1,3,1200,0,0,0,4,33.73352185776058,51.71394799054373,41.37931034482759,45,8.143322475570033,26.666666666666668,100.0,63.63636363636363,2.3333333333333335,11,13,10,67.16
S45G01N40,2024-2025,20241109,254,home,6,5,0,11,3,14,2,15,6,16,4,1,1,3,1,1,3,31,10,10,4,25,34,1,1,5,1200,0,1,0,6,-33.73352185776058,38.67574257425743,38.70967741935484,18,13.397642015005358,14.285714285714286,33.333333333333336,50.0,1.0,11,13,4,67.16,50,7,1,18,4,22,1,17,9,12,2,0,0,11,11,1,2,29,11,8,6,35,40,1,1,3,1200,0,0,0,4,33.73352185776058,51.71394799054373,41.37931034482759,45,8.143322475570033,26.666666666666668,100.0,63.63636363636363,2.3333333333333335,11,13,10,67.16
S45G01N40,2024-2025,20241109,255,home,6,5,0,11,3,14,2,15,6,16,4,1,1,3,1,1,3,31,10,10,4,25,34,1,1,5,1200,0,1,0,6,-33.73352185776058,38.67574257425743,38.70967741935484,18,13.397642015005358,14.285714285714286,33.333333333333336,50.0,1.0,11,13,4,67.16,50,7,1,18,4,22,1,17,9,12,2,0,0,11,11,1,2,29,11,8,6,35,40,1,1,3,1200,0,0,0,4,33.73352185776058,51.71394799054373,41.37931034482759,45,8.143322475570033,26.666666666666668,100.0,63.63636363636363,2.3333333333333335,11,13,10,67.16
S45G01N40,2024-2025,20241109,256,home,6,5,0,11,3,14,2,15,6,16,4,1,1,3,1,1,3,31,10,10,4,25,34,1,1,5,1200,0,1,0,6,-33.73352185776058,38.67574257425743,38.70967741935484,18,13.397642015005358,14.285714285714286,33.333333333333336,50.0,1.0,11,13,4,67.16,50,7,1,18,4,22,1,17,9,12,2,0,0,11,11,1,2,29,11,8,6,35,40,1,1,3,1200,0,0,0,4,33.73352185776058,51.71394799054373,41.37931034482759,45,8.143322475570033,26.666666666666668,100.0,63.63636363636363,2.3333333333333335,11,13,10,67.16
S45G01N40,2024-2025,20241109,257,home,6,5,0,11,3,14,2,15,6,16,4,1,1,3,1,1,3,31,10,10,4,25,34,1,1,5,1200,0,1,0,6,-33.73352185776058,38.67574257425743,38.70967741935484,18,13.397642015005358,14.285714285714286,33.333333333333336,50.0,1.0,11,13,4,67.16,50,7,1,18,4,22,1,17,9,12,2,0,0,11,11,1,2,29,11,8,6,35,40,1,1,3,1200,0,0,0,4,33.73352185776058,51.71394799054373,41.37931034482759,45,8.143322475570033,26.666666666666668,100.0,63.63636363636363,2.3333333333333335,11,13,10,67.16
S45G01N40,2024-2025,20241109,258,home,6,5,0,11,3,14,2,15,6,16,4,1,1,3,1,1,3,31,10,10,4,25,34,1,1,5,1200,0,1,0,6,-33.73352185776058,38.67574257425743,38.70967741935484,18,13.397642015005358,14.285714285714286,33.333333333333336,50.0,1.0,11,13,4,67.16,50,7,1,18,4,22,1,17,9,12,2,0,0,11,11,1,2,29,11,8,6,35,40,1,1,3,1200,0,0,0,4,33.73352185776058,51.71394799054373,41.37931034482759,45,8.143322475570033,26.666666666666668,100.0,63.63636363636363,2.3333333333333335,11,13,10,67.16
S45G01N40,2024-2025,20241109,259,home,6,5,0,11,3,14,2,15,6,16,4,1,1,3,1,1,3,31,10,10,4,25,34,1,1,5,1200,0,1,0,6,-33.73352185776058,38.67574257425743,38.70967741935484,18,13.397642015005358,14.285714285714286,33.333333333333336,50.0,1.0,11,13,4,67.16,50,7,1,18,4,22,1,17,9,12,2,0,0,11,11,1,2,29,11,8,6,35,40,1,1,3,1200,0,0,0,4,33.73352185776058,51.71394799054373,41.37931034482759,45,8.143322475570033,26.666666666666668,100.0,63.63636363636363,2.3333333333333335,11,13,10,67.16
S45G01N40,2024-2025,20241109,260,home,6,5,0,11,3,14,2,15,6,16,4,1,1,3,1,1,3,31,10,10,4,25,34,1,1,5,1200,0,1,0,6,-33.73352185776058,38.67574257425743,38.70967741935484,18,13.397642015005358,14.285714285714286,33.333333333333336,50.0,1.0,11,13,4,67.16,50,7,1,18,4,22,1,17,9,12,2,0,0,11,11,1,2,29,11,8,6,35,40,1,1,3,1200,0,0,0,4,33.73352185776058,51.71394799054373,41.37931034482759,45,8.143322475570033,26.666666666666668,100.0,63.63636363636363,2.3333333333333335,11,13,10,67.16
S45G01N40,2024-2025,20241109,261,home,6,5,0,11,3,14,2,15,6,16,4,1,1,3,1,1,3,31,10,10,4,25,34,1,1,5,1200,0,1,0,6,-33.73352185776058,38.67574257425743,38.70967741935484,18,13.397642015005358,14.285714285714286,33.333333333333336,50.0,1.0,11,13,4,67.16,50,7,1,18,4,22,1,17,9,12,2,0,0,11,11,1,2,29,11,8,6,35,40,1,1,3,1200,0,0,0,4,33.73352185776058,51.71394799054373,41.37931034482759,45,8.143322475570033,26.666666666666668,100.0,63.63636363636363,2.3333333333333335,11,13,10,67.16
S45G01N40,2024-2025,20241109,262,home,6,5,0,11,3,14,2,15,6,16,4,1,1,3,1,1,3,31,10,10,4,25,34,1,1,5,1200,0,1,0,6,-33.73352185776058,38.67574257425743,38.70967741935484,18,13.397642015005358,14.285714285714286,33.333333333333336,50.0,1.0,11,13,4,67.16,50,7,1,18,4,22,1,17,9,12,2,0,0,11,11,1,2,29,11,8,6,35,40,1,1,3,1200,0,0,0,4,33.73352185776058,51.71394799054373,41.37931034482759,45,8.143322475570033,26.666666666666668,100.0,63.63636363636363,2.3333333333333335,11,13,10,67.16
S45G01N40,2024-2025,20241109,263,home,6,5,0,11,3,14,2,15,6,16,4,1,1,3,1,1,3,31,10,10,4,25,34,1,1,5,1200,0,1,0,6,-33.73352185776058,38.67574257425743,38.70967741935484,18,13.397642015005358,14.285714285714286,33.333333333333336,50.0,1.0,11,13,4,67.16,50,7,1,18,4,22,1,17,9,12,2,0,0,11,11,1,2,29,11,8,6,35,40,1,1,3,1200,0,0,0,4,33.73352185776058,51.71394799054373,41.37931034482759,45,8.143322475570033,26.666666666666668,100.0,63.63636363636363,2.3333333333333335,11,13,10,67.16
S45G01N40,2024-2025,20241109,264,home,6,5,0,11,3,14,2,15,6,16,4,1,1,3,1,1,3,31,10,10,4,25,34,1,1,5,1200,0,1,0,6,-33.73352185776058,38.67574257425743,38.70967741935484,18,13.397642015005358,14.285714285714286,33.333333333333336,50.0,1.0,11,13,4,67.16,50,7,1,18,4,22,1,17,9,12,2,0,0,11,11,1,2,29,11,8,6,35,40,1,1,3,1200,0,0,0,4,33.73352185776058,51.71394799054373,41.37931034482759,45,8.143322475570033,26.666666666666668,100.0,63.63636363636363,2.3333333333333335,11,13,10,67.16
S45G01N40,2024-2025,20241109,265,home,6,5,0,11,3,14,2,15,6,16,4,1,1,3,1,1,3,31,10,10,4,25,34,1,1,5,1200,0,1,0,6,-33.73352185776058,38.67574257425743,38.70967741935484,18,13.397642015005358,14.285714285714286,33.333333333333336,50.0,1.0,11,13,4,67.16,50,7,1,18,4,22,1,17,9,12,2,0,0,11,11,1,2,29,11,8,6,35,40,1,1,3,1200,0,0,0,4,33.73352185776058,51.71394799054373,41.37931034482759,45,8.143322475570033,26.666666666666668,100.0,63.63636363636363,2.3333333333333335,11,13,10,67.16
S45G01N40,2024-2025,20241109,266,home,6,5,0,11,3,14,2,15,6,16,4,1,1,3,1,1,3,31,10,10,4,25,34,1,1,5,1200,0,1,0,6,-33.73352185776058,38.67574257425743,38.70967741935484,18,13.397642015005358,14.285714285714286,33.333333333333336,50.0,1.0,11,13,4,67.16,50,7,1,18,4,22,1,17,9,12,2,0,0,11,11,1,2,29,11,8,6,35,40,1,1,3,1200,0,0,0,4,33.73352185776058,51.71394799054373,41.37931034482759,45,8.143322475570033,26.666666666666668,100.0,63.63636363636363,2.3333333333333335,11,13,10,67.16
S45G01N40,2024-2025,20241109,267,home,6,5,0,11,3,14,2,15,6,16,4,1,1,3,1,1,3,31,10,10,4,25,34,1,1,5,1200,0,1,0,6,-33.73352185776058,38.67574257425743,38.70967741935484,18,13.397642015005358,14.285714285714286,33.333333333333336,50.0,1.0,11,13,4,67.16,50,7,1,18,4,22,1,17,9,12,2,0,0,11,11,1,2,29,11,8,6,35,40,1,1,3,1200,0,0,0,4,33.73352185776058,51.71394799054373,41.37931034482759,45,8.143322475570033,26.666666666666668,100.0,63.63636363636363,2.3333333333333335,11,13,10,67.16
S45G01N40,2024-2025,20241109,268,home,6,5,0,11,3,14,2,15,6,16,4,1,1,3,1,1,3,31,10,10,4,25,34,1,1,5,1200,0,1,0,6,-33.73352185776058,38.67574257425743,38.70967741935484,18,13.397642015005358,14.285714285714286,33.333333333333336,50.0,1.0,11,13,4,67.16,50,7,1,18,4,22,1,17,9,12,2,0,0,11,11,1,2,29,11,8,6,35,40,1,1,3,1200,0,0,0,4,33.73352185776058,51.71394799054373,41.37931034482759,45,8.143322475570033,26.666666666666668,100.0,63.63636363636363,2.3333333333333335,11,13,10,67.16
S45G01N40,2024-2025,20241109,269,home,6,5,0,11,3,14,2,15,6,16,4,1,1,3,1,1,3,31,10,10,4,25,34,1,1,5,1200,0,1,0,6,-33.73352185776058,38.67574257425743,38.70967741935484,18,13.397642015005358,14.285714285714286,33.333333333333336,50.0,1.0,11,13,4,67.16,50,7,1,18,4,22,1,17,9,12,2,0,0,11,11,1,2,29,11,8,6,35,40,1,1,3,1200,0,0,0,4,33.73352185776058,51.71394799054373,41.37931034482759,45,8.143322475570033,26.666666666666668,100.0,63.63636363636363,2.3333333333333335,11,13,10,67.16
S45G01N40,2024-2025,20241109,270,home,6,5,0,11,3,14,2,15,6,16,4,1,1,3,1,1,3,31,10,10,4,25,34,1,1,5,1200,0,1,0,6,-33.73352185776058,38.67574257425743,38.70967741935484,18,13.397642015005358,14.285714285714286,33.333333333333336,50.0,1.0,11,13,4,67.16,50,7,1,18,4,22,1,17,9,12,2,0,0,11,11,1,2,29,11,8,6,35,40,1,1,3,1200,0,0,0,4,33.73352185776058,51.71394799054373,41.37931034482759,45,8.143322475570033,26.666666666666668,100.0,63.63636363636363,2.3333333333333335,11,13,10,67.16
S45G01N40,2024-2025,20241109,271,home,6,5,0,11,3,14,2,15,6,16,4,1,1,3,1,1,3,31,10,10,4,25,34,1,1,5,1200,0,1,0,6,-33.73352185776058,38.67574257425743,38.70967741935484,18,13.397642015005358,14.285714285714286,33.333333333333336,50.0,1.0,11,13,4,67.16,50,7,1,18,4,22,1,17,9,12,2,0,0,11,11,1,2,29,11,8,6,35,40,1,1,3,1200,0,0,0,4,33.73352185776058,51.71394799054373,41.37931034482759,45,8.143322475570033,26.666666666666668,100.0,63.63636363636363,2.3333333333333335,11,13,10,67.16
S45G01N40,2024-2025,20241109,272,home,6,5,0,11,3,14,2,15,6,16,4,1,1,3,1,1,3,31,10,10,4,25,34,1,1,5,1200,0,1,0,6,-33.73352185776058,38.67574257425743,38.70967741935484,18,13.397642015005358,14.285714285714286,33.333333333333336,50.0,1.0,11,13,4,67.16,50,7,1,18,4,22,1,17,9,12,2,0,0,11,11,1,2,29,11,8,6,35,40,1,1,3,1200,0,0,0,4,33.73352185776058,51.71394799054373,41.37931034482759,45,8.143322475570033,26.666666666666668,100.0,63.63636363636363,2.3333333333333335,11,13,10,67.16
S45G01N40,2024-2025,20241109,273,home,6,5,0,11,3,14,2,15,6,16,4,1,1,3,1,1,3,31,10,10,4,25,34,1,1,5,1200,0,1,0,6,-33.73352185776058,38.67574257425743,38.70967741935484,18,13.397642015005358,14.285714285714286,33.333333333333336,50.0,1.0,11,13,4,67.16,50,7,1,18,4,22,1,17,9,12,2,0,0,11,11,1,2,29,11,8,6,35,40,1,1,3,1200,0,0,0,4,33.73352185776058,51.71394799054373,41.37931034482759,45,8.143322475570033,26.666666666666668,100.0,63.63636363636363,2.3333333333333335,11,13,10,67.16
S45G01N40,2024-2025,20241109,274,home,6,5,0,11,3,14,2,15,6,16,4,1,1,3,1,1,3,31,10,10,4,25,34,1,1,5,1200,0,1,0,6,-33.73352185776058,38.67574257425743,38.70967741935484,18,13.397642015005358,14.285714285714286,33.333333333333336,50.0,1.0,11,13,4,67.16,50,7,1,18,4,22,1,17,9,12,2,0,0,11,11,1,2,29,11,8,6,35,40,1,1,3,1200,0,0,0,4,33.73352185776058,51.71394799054373,41.37931034482759,45,8.143322475570033,26.666666666666668,100.0,63.63636363636363,2.3333333333333335,11,13,10,67.16
S45G01N40,2024-2025,20241109,275,home,6,5,0,11,3,14,2,15,6,17,5,1,1,3,1,1,3,32,11,10,4,28,35,1,1,5,1216,0,1,0,6,-27.302146513587957,42.016806722689076,42.1875,21,13.048016701461378,14.285714285714286,33.333333333333336,45.45454545454545,1.0,3,13,4,67.26315789473684,50,7,1,18,4,22,1,17,9,12,2,0,0,11,11,1,2,29,11,8,6,35,40,1,1,3,1216,0,0,0,4,27.302146513587957,51.71394799054373,41.37931034482759,45,8.143322475570033,26.666666666666668,100.0,63.63636363636363,2.3333333333333335,3,13,10,67.26315789473684
S45G01N40,2024-2025,20241109,276,home,6,6,0,11,3,14,2,15,6,17,5,1,1,3,1,1,3,32,11,10,4,28,35,1,1,5,1216,0,1,0,6,-27.302146513587957,42.016806722689076,42.1875,22,13.048016701461378,14.285714285714286,33.333333333333336,54.54545454545455,1.2,3,13,4,67.26315789473684,50,7,1,18,4,22,1,17,9,12,2,0,0,11,11,1,2,29,11,8,6,35,40,1,1,3,1216,0,0,0,4,27.302146513587957,51.71394799054373,41.37931034482759,45,8.143322475570033,26.666666666666668,100.0,63.63636363636363,2.3333333333333335,3,13,10,67.26315789473684
S45G01N40,2024-2025,20241109,277,home,6,6,0,11,3,14,2,15,6,17,5,1,1,3,1,1,3,32,11,11,5,28,35,1,1,5,1233,0,1,0,6,-27.302146513587957,42.016806722689076,42.1875,22,13.048016701461378,14.285714285714286,33.333333333333336,54.54545454545455,1.2,3,13,4,66.33576642335767,50,7,1,18,4,22,1,17,9,12,2,0,0,11,11,1,2,29,11,8,6,35,40,1,1,3,1233,0,0,0,4,27.302146513587957,51.71394799054373,41.37931034482759,45,8.143322475570033,26.666666666666668,100.0,63.63636363636363,2.3333333333333335,3,13,10,66.33576642335767
S45G01N40,2024-2025,20241109,278,home,6,6,0,11,3,14,2,15,6,17,5,1,1,3,1,1,3,32,11,11,5,28,35,1,1,5,1233,0,1,0,6,-27.302146513587957,42.016806722689076,42.1875,22,13.048016701461378,14.285714285714286,33.333333333333336,54.54545454545455,1.2,3,13,4,66.33576642335767,50,7,1,18,4,22,1,17,9,12,2,0,0,11,11,1,2,29,11,8,6,35,40,1,1,3,1233,0,0,0,4,27.302146513587957,51.71394799054373,41.37931034482759,45,8.143322475570033,26.666666666666668,100.0,63.63636363636363,2.3333333333333335,3,13,10,66.33576642335767
S45G01N40,2024-2025,20241109,279,home,6,6,0,11,3,14,2,15,6,17,5,1,1,3,1,1,3,32,11,12,5,28,35,1,1,5,1245,0,1,0,6,-27.302146513587957,42.016806722689076,42.1875,22,13.048016701461378,14.285714285714286,33.333333333333336,54.54545454545455,1.2,3,13,4,65.69638554216867,50,7,1,18,4,22,1,17,9,12,2,0,0,11,11,1,2,29,11,8,6,35,40,1,1,3,1245,0,0,0,4,27.302146513587957,51.71394799054373,41.37931034482759,45,8.143322475570033,26.666666666666668,100.0,63.63636363636363,2.3333333333333335,3,13,10,65.69638554216867
S45G01N40,2024-2025,20241109,280,home,6,6,0,11,3,14,2,15,6,17,5,1,1,3,1,1,3,32,11,12,5,28,35,1,1,5,1245,0,1,0,6,-27.302146513587957,42.016806722689076,42.1875,22,13.048016701461378,14.285714285714286,33.333333333333336,54.54545454545455,1.2,3,13,4,65.69638554216867,50,7,1,18,4,22,1,17,9,12,2,0,0,11,11,1,2,29,11,8,6,35,40,1,1,3,1245,0,0,0,4,27.302146513587957,51.71394799054373,41.37931034482759,45,8.143322475570033,26.666666666666668,100.0,63.63636363636363,2.3333333333333335,3,13,10,65.69638554216867
S45G01N40,2024-2025,20241109,281,home,6,6,0,11,3,14,2,15,6,17,5,1,1,3,1,1,3,32,11,12,5,28,35,1,1,5,1245,0,1,0,6,-28.89787873508145,42.016806722689076,42.1875,22,13.048016701461378,14.285714285714286,33.333333333333336,54.54545454545455,1.2,1,13,4,66.12048192771084,50,7,1,18,4,22,1,17,9,12,2,0,0,12,12,1,2,29,11,8,6,36,41,1,1,3,1245,0,0,0,4,28.89787873508145,52.50875145857643,41.37931034482759,46,8.047210300429184,26.666666666666668,100.0,63.63636363636363,2.3333333333333335,1,13,10,66.12048192771084
S45G01N40,2024-2025,20241109,282,home,6,6,0,11,3,14,2,15,6,17,5,1,1,3,1,1,3,32,11,12,5,28,35,1,1,5,1245,0,1,0,6,-30.451966699311768,42.016806722689076,42.1875,22,13.048016701461378,14.285714285714286,33.333333333333336,54.54545454545455,1.2,2,13,4,66.544578313253,50,7,1,18,4,22,1,17,9,12,2,0,0,13,13,1,2,29,11,8,6,37,42,1,1,3,1245,0,0,0,4,30.451966699311768,53.28341013824885,41.37931034482759,47,7.953340402969247,26.666666666666668,100.0,63.63636363636363,2.3333333333333335,2,13,10,66.544578313253
S45G01N40,2024-2025,20241109,283,home,6,6,0,11,3,14,2,16,7,17,5,1,1,3,1,1,3,33,12,12,5,30,36,1,1,5,1261,0,1,0,6,-27.12804594457596,43.70629370629371,43.93939393939394,24,12.71617497456765,14.285714285714286,33.333333333333336,50.0,1.2,2,13,4,66.6518636003172,50,7,1,18,4,22,1,17,9,12,2,0,0,13,13,1,2,29,11,8,6,37,42,1,1,3,1261,0,0,0,4,27.12804594457596,53.28341013824885,41.37931034482759,47,7.953340402969247,26.666666666666668,100.0,63.63636363636363,2.3333333333333335,2,13,10,66.6518636003172
S45G01N40,2024-2025,20241109,284,home,6,6,0,11,3,14,2,16,7,17,5,1,1,3,1,1,3,33,12,12,5,30,36,2,1,5,1280,0,1,0,6,-27.12804594457596,43.70629370629371,43.93939393939394,25,12.71617497456765,14.285714285714286,33.333333333333336,50.0,1.2,2,13,4,65.6625,50,7,1,18,4,22,1,17,9,12,2,0,0,13,13,1,2,29,11,8,6,37,42,1,1,3,1280,0,0,0,4,27.12804594457596,53.28341013824885,41.37931034482759,47,7.953340402969247,26.666666666666668,100.0,63.63636363636363,2.3333333333333335,2,13,10,65.6625
S45G01N40,2024-2025,20241109,285,home,6,6,0,11,3,14,2,16,7,17,5,1,1,3,1,1,3,33,12,12,5,30,36,2,1,5,1279,0,1,0,6,-23.967701333766414,43.70629370629371,43.93939393939394,25,12.71617497456765,14.285714285714286,33.333333333333336,50.0,1.2,2,13,4,66.65207193119623,50,7,1,18,4,22,1,17,9,12,2,0,0,13,13,1,2,29,11,8,6,37,42,1,1,4,1279,0,0,0,5,23.967701333766414,53.28341013824885,41.37931034482759,46,10.330578512396695,26.666666666666668,100.0,63.63636363636363,1.75,2,13,10,66.65207193119623
S45G01N40,2024-2025,20241109,286,home,6,6,0,11,3,14,2,17,7,17,5,1,1,3,1,1,3,34,12,12,5,30,37,2,1,5,1283,0,1,0,6,-26.180968186465535,42.46885617214043,42.64705882352941,24,12.40079365079365,14.285714285714286,33.333333333333336,50.0,1.2,2,13,4,67.37957911145752,50,7,1,18,4,22,1,17,9,12,2,0,0,13,13,1,2,29,11,8,6,37,42,1,1,4,1283,0,0,0,5,26.180968186465535,53.28341013824885,41.37931034482759,46,10.330578512396695,26.666666666666668,100.0,63.63636363636363,1.75,2,13,10,67.37957911145752
S45G01N40,2024-2025,20241109,287,home,6,6,0,11,4,15,2,17,7,17,5,1,1,3,1,1,3,34,12,12,5,30,37,2,1,5,1284,0,1,0,6,-23.967701333766414,42.46885617214043,42.64705882352941,25,12.40079365079365,18.181818181818183,33.333333333333336,50.0,1.2,2,13,4,66.39252336448597,50,7,1,18,4,22,1,17,9,12,2,0,0,13,13,1,2,29,11,8,6,37,42,1,1,4,1284,0,0,0,5,23.967701333766414,53.28341013824885,41.37931034482759,46,10.330578512396695,26.666666666666668,100.0,63.63636363636363,1.75,2,13,10,66.39252336448597
S45G01N40,2024-2025,20241109,288,home,6,6,0,11,4,15,2,18,8,17,5,1,1,3,1,1,3,35,13,12,5,32,38,2,1,5,1286,0,1,0,6,-20.82191138046339,44.052863436123346,44.285714285714285,27,12.100677637947724,18.181818181818183,33.333333333333336,46.15384615384615,1.2,4,13,4,67.22239502332815,50,7,1,18,4,22,1,17,9,12,2,0,0,13,13,1,2,29,11,8,6,37,42,1,1,4,1286,0,0,0,5,20.82191138046339,53.28341013824885,41.37931034482759,46,10.330578512396695,26.666666666666668,100.0,63.63636363636363,1.75,4,13,10,67.22239502332815
S45G01N40,2024-2025,20241109,289,home,6,6,0,11,4,15,2,18,8,17,5,1,1,3,1,2,5,35,13,12,5,32,38,2,1,5,1286,0,1,0,6,-20.82191138046339,44.052863436123346,44.285714285714285,27,12.100677637947724,18.181818181818183,33.333333333333336,46.15384615384615,1.2,4,13,4,67.22239502332815,50,7,1,18,4,22,1,17,9,12,2,0,0,13,13,1,2,29,11,8,6,37,42,1,1,4,1286,0,0,0,5,20.82191138046339,53.28341013824885,41.37931034482759,46,10.330578512396695,26.666666666666668,100.0,63.63636363636363,1.75,4,13,10,67.22239502332815
S45G01N40,2024-2025,20241109,290,home,6,6,0,11,4,15,2,18,8,17,5,1,1,3,1,2,5,35,13,12,5,32,38,2,1,5,1303,0,1,0,6,-17.838517755701417,44.052863436123346,44.285714285714285,27,12.100677637947724,18.181818181818183,33.333333333333336,46.15384615384615,1.2,4,13,4,67.26630851880276,50,7,1,18,4,22,1,18,9,12,2,0,0,13,13,1,2,30,11,8,6,37,43,1,1,4,1303,0,0,0,5,17.838517755701417,51.79171332586786,40.0,45,10.070493454179255,26.666666666666668,100.0,63.63636363636363,1.75,4,13,10,67.26630851880276
S45G01N40,2024-2025,20241109,291,home,6,6,0,12,4,16,2,18,8,17,5,1,1,3,1,2,5,35,13,12,5,32,38,2,1,5,1306,0,1,0,6,-17.838517755701417,44.052863436123346,44.285714285714285,28,12.100677637947724,18.181818181818183,33.333333333333336,46.15384615384615,1.2,4,13,4,67.11179173047472,50,7,1,18,4,22,1,18,9,12,2,0,0,13,13,1,2,30,11,8,6,37,43,1,1,4,1306,0,0,0,5,17.838517755701417,51.79171332586786,40.0,45,10.070493454179255,25.0,100.0,63.63636363636363,1.75,4,13,10,67.11179173047472
S45G01N40,2024-2025,20241109,292,home,6,6,0,12,4,16,2,18,8,17,5,1,1,3,1,2,5,35,13,12,5,32,38,2,1,5,1309,0,1,0,6,-17.838517755701417,44.052863436123346,44.285714285714285,28,12.100677637947724,18.181818181818183,33.333333333333336,46.15384615384615,1.2,4,13,4,66.9579831932773,50,7,1,18,4,22,1,18,9,12,2,0,0,13,13,1,2,30,11,9,7,37,43,1,1,4,1309,0,0,0,5,17.838517755701417,51.79171332586786,40.0,45,10.070493454179255,25.0,100.0,63.63636363636363,1.75,4,13,10,66.9579831932773
S45G01N40,2024-2025,20241109,293,home,6,6,0,12,4,16,2,18,8,17,5,1,1,3,1,2,5,35,13,12,5,32,38,2,1,5,1309,0,1,0,6,-17.838517755701417,44.052863436123346,44.285714285714285,28,12.100677637947724,18.181818181818183,33.333333333333336,46.15384615384615,1.2,4,13,4,66.9579831932773,50,7,1,18,4,22,1,18,9,12,2,0,0,13,13,1,2,30,11,9,7,37,43,1,1,4,1309,0,0,0,5,17.838517755701417,51.79171332586786,40.0,45,10.070493454179255,25.0,100.0,63.63636363636363,1.75,4,13,10,66.9579831932773
S45G01N40,2024-2025,20241109,294,home,6,6,0,12,4,16,2,19,9,17,5,1,1,3,1,2,5,36,14,12,5,34,39,2,1,5,1324,0,1,0,6,-14.856913081798353,45.551982851018224,45.833333333333336,30,11.814744801512287,18.181818181818183,33.333333333333336,42.857142857142854,1.2,6,13,4,67.10574018126887,50,7,1,18,4,22,1,18,9,12,2,0,0,13,13,1,2,30,11,9,7,37,43,1,1,4,1324,0,0,0,5,14.856913081798353,51.79171332586786,40.0,45,10.070493454179255,25.0,100.0,63.63636363636363,1.75,6,13,10,67.10574018126887
S45G01N40,2024-2025,20241109,295,home,6,7,0,12,4,16,2,19,9,17,5,1,1,3,1,2,5,36,14,12,5,34,39,2,1,5,1324,0,1,0,6,-14.856913081798353,45.551982851018224,45.833333333333336,31,11.814744801512287,18.181818181818183,33.333333333333336,50.0,1.4,6,13,4,67.10574018126887,50,7,1,18,4,22,1,18,9,12,2,0,0,13,13,1,2,30,11,9,7,37,43,1,1,4,1324,0,0,0,5,14.856913081798353,51.79171332586786,40.0,45,10.070493454179255,25.0,100.0,63.63636363636363,1.75,6,13,10,67.10574018126887
S45G01N40,2024-2025,20241109,296,home,6,7,0,12,4,16,2,19,9,17,5,1,1,3,1,2,5,36,14,12,5,34,39,2,1,5,1344,0,1,0,6,-12.03601366317811,45.551982851018224,45.833333333333336,31,11.814744801512287,18.181818181818183,33.333333333333336,50.0,1.4,6,13,4,67.0,50,7,1,18,4,22,1,19,9,12,2,0,0,13,13,1,2,31,11,9,7,37,44,1,1,4,1344,0,0,0,5,12.03601366317811,50.38126361655774,38.70967741935484,44,9.82318271119843,25.0,100.0,63.63636363636363,1.75,6,13,10,67.0
S45G01N40,2024-2025,20241109,297,home,6,7,0,13,4,17,2,19,9,17,5,1,1,3,1,2,5,36,14,12,5,34,39,2,1,5,1346,0,1,0,6,-12.03601366317811,45.551982851018224,45.833333333333336,32,11.814744801512287,18.181818181818183,33.333333333333336,50.0,1.4,6,13,4,66.90044576523032,50,7,1,18,4,22,1,19,9,12,2,0,0,13,13,1,2,31,11,9,7,37,44,1,1,4,1346,0,0,0,5,12.03601366317811,50.38126361655774,38.70967741935484,44,9.82318271119843,23.529411764705884,100.0,63.63636363636363,1.75,6,13,10,66.90044576523032
S45G01N40,2024-2025,20241109,298,home,6,7,0,13,4,17,2,19,9,18,5,1,1,3,1,2,5,37,14,12,5,34,40,2,1,5,1355,0,1,0,6,-14.292537406055459,44.363256784968684,44.5945945945946,31,11.542012927054477,18.181818181818183,33.333333333333336,50.0,1.4,6,13,4,67.34169741697416,50,7,1,18,4,22,1,19,9,12,2,0,0,13,13,1,2,31,11,9,7,37,44,1,1,4,1355,0,0,0,5,14.292537406055459,50.38126361655774,38.70967741935484,44,9.82318271119843,23.529411764705884,100.0,63.63636363636363,1.75,6,13,10,67.34169741697416
S45G01N40,2024-2025,20241109,299,home,6,7,0,13,4,17,2,19,9,18,5,1,1,3,1,2,5,37,14,12,5,34,40,2,1,5,1356,0,1,0,6,-14.292537406055459,44.363256784968684,44.5945945945946,31,11.542012927054477,17.391304347826086,33.333333333333336,50.0,1.4,6,13,4,67.29203539823008,50,7,1,19,4,23,1,19,9,12,2,0,0,13,13,1,2,31,11,9,7,37,44,1,1,4,1356,0,0,0,5,14.292537406055459,50.38126361655774,38.70967741935484,45,9.82318271119843,23.529411764705884,100.0,63.63636363636363,1.75,6,13,10,67.29203539823008
S45G01N40,2024-2025,20241109,300,home,6,7,0,13,4,17,2,19,9,18,5,1,1,3,1,2,5,37,14,12,5,34,40,2,1,5,1366,0,1,0,6,-11.621208476227366,44.363256784968684,44.5945945945946,31,11.542012927054477,17.391304347826086,33.333333333333336,50.0,1.4,6,13,4,67.67789165446558,50,7,1,19,4,23,1,19,9,13,2,0,0,13,13,1,2,32,11,9,7,37,45,1,1,4,1366,0,0,0,5,11.621208476227366,49.04559915164369,37.5,44,9.587727708533079,23.529411764705884,100.0,63.63636363636363,1.75,6,13,10,67.67789165446558
S45G01N40,2024-2025,20241109,301,home,6,7,0,14,4,18,2,19,9,18,5,1,1,3,1,2,5,37,14,12,5,34,40,2,1,5,1369,0,1,0,6,-11.621208476227366,44.363256784968684,44.5945945945946,32,11.542012927054477,17.391304347826086,33.333333333333336,50.0,1.4,6,13,4,67.52958363769174,50,7,1,19,4,23,1,19,9,13,2,0,0,13,13,1,2,32,11,9,7,37,45,1,1,4,1369,0,0,0,5,11.621208476227366,49.04559915164369,37.5,44,9.587727708533079,22.22222222222222,100.0,63.63636363636363,1.75,6,13,10,67.52958363769174
S45G01N40,2024-2025,20241109,302,home,6,7,0,14,4,18,2,19,9,18,5,1,1,3,1,2,5,37,14,12,5,34,40,2,1,5,1375,0,1,0,6,-11.621208476227366,44.363256784968684,44.5945945945946,32,11.542012927054477,17.391304347826086,33.333333333333336,50.0,1.4,6,13,4,67.23490909090908,50,7,1,19,4,23,1,19,9,13,2,0,0,13,13,1,2,32,11,10,8,37,45,1,1,4,1375,0,0,0,5,11.621208476227366,49.04559915164369,37.5,44,9.587727708533079,22.22222222222222,100.0,63.63636363636363,1.75,6,13,10,67.23490909090908
S45G01N40,2024-2025,20241109,303,home,6,7,0,14,4,18,2,19,9,18,5,1,1,3,1,2,5,37,14,12,5,34,40,2,1,5,1375,0,1,0,6,-11.621208476227366,44.363256784968684,44.5945945945946,32,11.542012927054477,17.391304347826086,33.333333333333336,50.0,1.4,6,13,4,67.23490909090908,50,7,1,19,4,23,1,19,9,13,2,0,0,13,13,1,2,32,11,10,8,37,45,1,1,4,1375,0,0,0,5,11.621208476227366,49.04559915164369,37.5,44,9.587727708533079,22.22222222222222,100.0,63.63636363636363,1.75,6,13,10,67.23490909090908
S45G01N40,2024-2025,20241109,304,home,6,7,0,14,4,18,2,20,9,18,5,1,1,3,1,2,5,38,14,12,5,34,41,2,1,5,1384,0,1,0,6,-13.765801477890562,43.23499491353001,43.421052631578945,31,11.28158844765343,17.391304347826086,33.333333333333336,50.0,1.4,6,13,4,67.66473988439306,50,7,1,19,4,23,1,19,9,13,2,0,0,13,13,1,2,32,11,10,8,37,45,1,1,4,1384,0,0,0,5,13.765801477890562,49.04559915164369,37.5,44,9.587727708533079,22.22222222222222,100.0,63.63636363636363,1.75,6,13,10,67.66473988439306
S45G01N40,2024-2025,20241109,305,home,6,7,0,14,4,18,2,20,9,18,5,1,1,3,1,2,5,38,14,12,5,34,41,2,1,5,1386,0,1,0,6,-13.765801477890562,43.23499491353001,43.421052631578945,31,11.28158844765343,16.666666666666668,33.333333333333336,50.0,1.4,6,13,4,67.56709956709956,50,7,1,20,4,24,1,19,9,13,2,0,0,13,13,1,2,32,11,10,8,37,45,1,1,4,1386,0,0,0,5,13.765801477890562,49.04559915164369,37.5,45,9.587727708533079,22.22222222222222,100.0,63.63636363636363,1.75,6,13,10,67.56709956709956
S45G01N40,2024-2025,20241109,306,home,6,7,0,14,4,18,2,20,9,18,5,1,1,3,1,2,5,38,14,12,5,34,41,2,1,5,1406,0,1,0,6,-11.232454414272595,43.23499491353001,43.421052631578945,31,11.28158844765343,16.666666666666668,33.333333333333336,50.0,1.4,6,13,4,67.45945945945945,50,7,1,20,4,24,1,20,9,13,2,0,0,13,13,1,2,33,11,10,8,37,46,1,1,4,1406,0,0,0,5,11.232454414272595,47.77892561983471,36.36363636363637,44,9.363295880149813,22.22222222222222,100.0,63.63636363636363,1.75,6,13,10,67.45945945945945
S45G01N40,2024-2025,20241109,307,home,6,7,0,15,4,19,2,20,9,18,5,1,1,3,1,2,5,38,14,12,5,34,41,2,1,5,1408,0,1,0,6,-11.232454414272595,43.23499491353001,43.421052631578945,32,11.28158844765343,16.666666666666668,33.333333333333336,50.0,1.4,6,13,4,67.36363636363636,50,7,1,20,4,24,1,20,9,13,2,0,0,13,13,1,2,33,11,10,8,37,46,1,1,4,1408,0,0,0,5,11.232454414272595,47.77892561983471,36.36363636363637,44,9.363295880149813,21.05263157894737,100.0,63.63636363636363,1.75,6,13,10,67.36363636363636
S45G01N40,2024-2025,20241109,308,home,6,7,0,15,4,19,2,21,10,18,5,1,1,3,1,2,5,39,15,12,5,36,42,2,1,5,1413,0,1,0,6,-8.4329722464458,44.642857142857146,44.87179487179487,34,11.032656663724625,16.666666666666668,33.333333333333336,46.666666666666664,1.4,8,13,4,67.97452229299363,50,7,1,20,4,24,1,20,9,13,2,0,0,13,13,1,2,33,11,10,8,37,46,1,1,4,1413,0,0,0,5,8.4329722464458,47.77892561983471,36.36363636363637,44,9.363295880149813,21.05263157894737,100.0,63.63636363636363,1.75,8,13,10,67.97452229299363
S45G01N40,2024-2025,20241109,309,home,6,8,0,15,4,19,2,21,10,18,5,1,1,3,1,2,5,39,15,12,5,36,42,2,1,5,1413,0,1,0,6,-8.4329722464458,44.642857142857146,44.87179487179487,35,11.032656663724625,16.666666666666668,33.333333333333336,53.333333333333336,1.6,8,13,4,67.97452229299363,50,7,1,20,4,24,1,20,9,13,2,0,0,13,13,1,2,33,11,10,8,37,46,1,1,4,1413,0,0,0,5,8.4329722464458,47.77892561983471,36.36363636363637,44,9.363295880149813,21.05263157894737,100.0,63.63636363636363,1.75,8,13,10,67.97452229299363
S45G01N40,2024-2025,20241109,310,home,6,8,0,15,4,19,2,21,10,18,5,1,1,3,1,2,5,39,15,12,5,36,42,2,1,5,1413,0,1,0,6,-8.4329722464458,44.642857142857146,44.87179487179487,35,11.032656663724625,16.666666666666668,33.333333333333336,53.333333333333336,1.6,8,13,4,67.97452229299363,50,7,1,20,4,24,1,20,9,13,2,0,0,13,13,1,2,33,11,10,8,37,46,1,1,4,1413,0,0,0,5,8.4329722464458,47.77892561983471,36.36363636363637,44,9.363295880149813,21.05263157894737,100.0,63.63636363636363,1.75,8,13,10,67.97452229299363
S45G01N40,2024-2025,20241109,311,home,6,8,0,15,4,19,2,21,10,18,5,1,1,3,1,2,5,39,15,12,5,36,42,2,1,5,1435,0,1,0,6,-6.027185457934493,44.642857142857146,44.87179487179487,35,11.032656663724625,16.666666666666668,33.333333333333336,53.333333333333336,1.6,8,13,4,67.76864111498257,50,7,1,20,4,24,1,21,9,13,2,0,0,13,13,1,2,34,11,10,8,37,47,1,1,4,1435,0,0,0,5,6.027185457934493,46.576032225579056,35.294117647058826,43,9.149130832570906,21.05263157894737,100.0,63.63636363636363,1.75,8,13,10,67.76864111498257
S45G01N40,2024-2025,20241109,312,home,6,8,0,15,4,19,2,21,10,18,5,1,1,3,1,2,5,39,15,12,5,36,42,2,1,5,1437,0,1,0,6,-8.4329722464458,44.642857142857146,44.87179487179487,35,11.032656663724625,16.666666666666668,33.333333333333336,53.333333333333336,1.6,8,13,4,66.83924843423799,50,7,1,20,5,25,1,21,9,13,2,0,0,13,13,1,2,34,11,10,8,37,47,1,1,4,1437,0,0,0,5,8.4329722464458,46.576032225579056,35.294117647058826,44,9.149130832570906,25.0,100.0,63.63636363636363,1.75,8,13,10,66.83924843423799
S45G01N40,2024-2025,20241109,313,home,6,8,0,15,4,19,2,21,10,18,5,1,1,3,1,2,5,39,15,12,5,36,42,2,1,5,1439,0,1,0,6,-11.062432185024122,44.642857142857146,44.87179487179487,35,11.032656663724625,16.666666666666668,33.333333333333336,53.333333333333336,1.6,2,13,4,67.58026407227241,50,7,1,20,5,25,1,22,10,13,2,0,0,13,13,1,2,35,12,10,8,39,48,1,1,4,1439,0,0,0,5,11.062432185024122,47.88801571709234,37.142857142857146,46,8.94454382826476,25.0,100.0,58.333333333333336,1.75,2,13,10,67.58026407227241
S45G01N40,2024-2025,20241109,314,home,6,8,0,15,4,19,2,22,10,18,5,1,1,3,1,2,5,40,15,12,5,36,43,2,1,5,1453,0,1,0,6,-13.121148607359274,43.56243949661181,43.75,34,10.79447322970639,16.666666666666668,33.333333333333336,53.333333333333336,1.6,2,13,4,67.75498967653131,50,7,1,20,5,25,1,22,10,13,2,0,0,13,13,1,2,35,12,10,8,39,48,1,1,4,1453,0,0,0,5,13.121148607359274,47.88801571709234,37.142857142857146,46,8.94454382826476,25.0,100.0,58.333333333333336,1.75,2,13,10,67.75498967653131
S45G01N40,2024-2025,20241109,315,home,6,8,0,15,4,19,2,22,10,18,5,1,1,3,1,2,5,40,15,12,5,36,43,2,1,5,1455,0,1,0,6,-13.121148607359274,43.56243949661181,43.75,34,10.79447322970639,16.0,33.333333333333336,53.333333333333336,1.6,2,13,4,67.66185567010308,50,7,1,21,5,26,1,22,10,13,2,0,0,13,13,1,2,35,12,10,8,39,48,1,1,4,1455,0,0,0,5,13.121148607359274,47.88801571709234,37.142857142857146,47,8.94454382826476,25.0,100.0,58.333333333333336,1.75,2,13,10,67.66185567010308
S45G01N40,2024-2025,20241109,316,home,6,8,0,15,4,19,2,22,10,18,5,1,1,3,1,2,5,40,15,12,5,36,43,2,1,5,1465,0,1,0,6,-18.077255896695036,43.56243949661181,43.75,34,10.79447322970639,16.0,33.333333333333336,53.333333333333336,1.6,5,13,4,68.01911262798635,50,7,1,21,5,26,1,22,10,14,3,0,0,13,13,1,2,36,13,10,8,42,49,1,1,4,1465,0,0,0,5,18.077255896695036,50.33557046979866,40.27777777777778,50,8.748906386701663,25.0,100.0,53.84615384615385,1.75,5,13,10,68.01911262798635
S45G01N40,2024-2025,20241109,317,home,6,8,0,15,4,19,2,22,10,18,5,1,1,3,1,2,5,40,15,12,5,36,43,2,1,5,1465,0,1,0,6,-18.077255896695036,43.56243949661181,43.75,34,10.79447322970639,16.0,33.333333333333336,53.333333333333336,1.6,5,13,4,68.01911262798635,50,8,1,21,5,26,1,22,10,14,3,0,0,13,13,1,2,36,13,10,8,42,49,1,1,4,1465,0,0,0,5,18.077255896695036,50.33557046979866,40.27777777777778,51,8.748906386701663,25.0,100.0,61.53846153846154,2.0,5,13,10,68.01911262798635
S45G01N40,2024-2025,20241109,318,home,6,8,0,15,4,19,2,22,10,19,6,1,1,3,1,2,5,41,16,12,5,39,44,2,1,5,1487,0,1,0,6,-13.115717636558571,46.07750472589792,46.34146341463415,37,10.566356720202874,16.0,33.333333333333336,50.0,1.6,3,13,4,67.81977135171486,50,8,1,21,5,26,1,22,10,14,3,0,0,13,13,1,2,36,13,10,8,42,49,1,1,4,1487,0,0,0,5,13.115717636558571,50.33557046979866,40.27777777777778,51,8.748906386701663,25.0,100.0,61.53846153846154,2.0,3,13,10,67.81977135171486
S45G01N40,2024-2025,20241109,319,home,6,9,0,15,4,19,2,22,10,19,6,1,1,3,1,2,5,41,16,12,5,39,44,2,1,5,1487,0,1,0,6,-13.115717636558571,46.07750472589792,46.34146341463415,38,10.566356720202874,16.0,33.333333333333336,56.25,1.8,3,13,4,67.81977135171486,50,8,1,21,5,26,1,22,10,14,3,0,0,13,13,1,2,36,13,10,8,42,49,1,1,4,1487,0,0,0,5,13.115717636558571,50.33557046979866,40.27777777777778,51,8.748906386701663,25.0,100.0,61.53846153846154,2.0,3,13,10,67.81977135171486
S45G01N40,2024-2025,20241109,320,home,6,9,0,15,4,19,2,22,10,19,6,1,1,3,1,2,5,41,16,13,6,39,44,2,1,5,1496,0,1,0,6,-13.115717636558571,46.07750472589792,46.34146341463415,38,10.566356720202874,16.0,33.333333333333336,56.25,1.8,3,13,4,67.41176470588235,50,8,1,21,5,26,1,22,10,14,3,0,0,13,13,1,2,36,13,10,8,42,49,1,1,4,1496,0,0,0,5,13.115717636558571,50.33557046979866,40.27777777777778,51,8.748906386701663,25.0,100.0,61.53846153846154,2.0,3,13,10,67.41176470588235
S45G01N40,2024-2025,20241109,321,home,6,9,0,15,4,19,2,22,10,19,6,1,1,3,1,2,5,41,16,13,6,39,44,2,1,5,1496,0,1,0,6,-13.115717636558571,46.07750472589792,46.34146341463415,38,10.566356720202874,16.0,33.333333333333336,56.25,1.8,3,13,4,67.41176470588235,50,8,1,21,5,26,1,22,10,14,3,0,0,13,13,1,2,36,13,10,8,42,49,1,1,4,1496,0,0,0,5,13.115717636558571,50.33557046979866,40.27777777777778,51,8.748906386701663,25.0,100.0,61.53846153846154,2.0,3,13,10,67.41176470588235
S45G01N40,2024-2025,20241109,322,home,6,9,0,15,4,19,2,22,10,19,6,1,1,3,1,2,5,41,16,13,6,39,44,2,1,5,1507,0,1,0,6,-10.643440108572392,46.07750472589792,46.34146341463415,38,10.566356720202874,16.0,33.333333333333336,56.25,1.8,3,13,4,67.71599203715991,50,8,1,21,5,26,1,22,10,14,3,0,0,13,13,1,2,36,13,10,8,42,49,1,1,5,1507,0,0,0,6,10.643440108572392,50.33557046979866,40.27777777777778,50,10.702054794520548,25.0,100.0,61.53846153846154,1.6,3,13,10,67.71599203715991
S45G01N40,2024-2025,20241109,323,home,6,9,0,15,4,19,2,22,10,19,6,1,1,3,1,2,5,41,16,13,6,39,44,3,1,5,1510,0,1,0,6,-10.643440108572392,46.07750472589792,46.34146341463415,39,10.566356720202874,16.0,33.333333333333336,56.25,1.8,3,13,4,67.58145695364237,50,8,1,21,5,26,1,22,10,14,3,0,0,13,13,1,2,36,13,10,8,42,49,1,1,5,1510,0,0,0,6,10.643440108572392,50.33557046979866,40.27777777777778,50,10.702054794520548,25.0,100.0,61.53846153846154,1.6,3,13,10,67.58145695364237
S45G01N40,2024-2025,20241109,324,home,6,9,0,15,4,19,2,23,11,19,6,2,2,3,1,2,5,42,17,13,6,41,45,3,1,5,1512,0,1,0,6,-8.162115668839206,47.32225300092336,47.61904761904762,41,10.347682119205299,16.0,33.333333333333336,52.94117647058823,1.8,5,13,4,68.28571428571428,50,8,1,21,5,26,1,22,10,14,3,0,0,13,13,1,2,36,13,10,8,42,49,1,1,5,1512,0,0,0,6,8.162115668839206,50.33557046979866,40.27777777777778,50,10.702054794520548,25.0,100.0,61.53846153846154,1.6,5,13,10,68.28571428571428
S45G01N40,2024-2025,20241109,325,home,6,9,0,15,4,19,2,23,11,19,6,2,2,3,1,3,7,42,17,13,6,41,45,3,1,5,1512,0,1,0,6,-8.162115668839206,47.32225300092336,47.61904761904762,41,10.347682119205299,16.0,33.333333333333336,52.94117647058823,1.8,5,13,4,68.28571428571428,50,8,1,21,5,26,1,22,10,14,3,0,0,13,13,1,2,36,13,10,8,42,49,1,1,5,1512,0,0,0,6,8.162115668839206,50.33557046979866,40.27777777777778,50,10.702054794520548,25.0,100.0,61.53846153846154,1.6,5,13,10,68.28571428571428
S45G01N40,2024-2025,20241109,326,home,6,9,0,15,4,19,2,23,11,19,6,2,2,3,1,3,7,42,17,13,6,41,45,3,1,5,1539,0,1,0,6,-5.805581470814914,47.32225300092336,47.61904761904762,41,10.347682119205299,16.0,33.333333333333336,52.94117647058823,1.8,5,13,4,67.86744639376218,50,8,1,21,5,26,1,23,10,14,3,0,0,13,13,1,2,37,13,10,8,42,50,1,1,5,1539,0,0,0,6,5.805581470814914,49.157303370786515,39.189189189189186,49,10.477787091366304,25.0,100.0,61.53846153846154,1.6,5,13,10,67.86744639376218
S45G01N40,2024-2025,20241109,327,home,6,9,0,15,4,19,2,23,11,19,6,2,2,3,1,3,7,42,17,13,6,41,45,3,1,5,1541,0,1,0,6,-8.162115668839206,47.32225300092336,47.61904761904762,41,10.347682119205299,16.0,33.333333333333336,52.94117647058823,1.8,5,13,4,67.0006489292667,50,8,1,21,6,27,1,23,10,14,3,0,0,13,13,1,2,37,13,10,8,42,50,1,1,5,1541,0,0,0,6,8.162115668839206,49.157303370786515,39.189189189189186,50,10.477787091366304,28.571428571428573,100.0,61.53846153846154,1.6,5,13,10,67.0006489292667
S45G01N40,2024-2025,20241109,328,home,6,9,0,15,4,19,2,23,11,19,6,2,2,3,1,3,7,42,17,13,6,41,45,3,1,5,1543,0,1,0,6,-10.487229410889825,47.32225300092336,47.61904761904762,41,10.347682119205299,16.0,33.333333333333336,52.94117647058823,1.8,2,13,4,67.69151004536617,50,8,1,21,6,27,1,24,11,14,3,0,0,13,13,1,2,38,14,10,8,44,51,1,1,5,1543,0,0,0,6,10.487229410889825,50.32021957913998,40.78947368421053,52,10.262725779967159,28.571428571428573,100.0,57.142857142857146,1.6,2,13,10,67.69151004536617
S45G01N40,2024-2025,20241109,329,home,6,9,0,15,4,19,2,23,11,19,6,2,2,3,1,3,7,42,17,13,6,41,45,3,1,5,1556,0,1,0,6,-10.487229410889825,47.32225300092336,47.61904761904762,41,10.347682119205299,16.0,33.333333333333336,52.94117647058823,1.8,2,13,4,67.12596401028277,50,8,1,21,6,27,1,24,11,14,3,0,0,13,13,1,2,38,14,10,8,44,51,1,1,5,1556,0,0,0,6,10.487229410889825,50.32021957913998,40.78947368421053,52,10.262725779967159,28.571428571428573,100.0,57.142857142857146,1.6,2,13,10,67.12596401028277
S45G01N40,2024-2025,20241109,330,home,6,9,0,15,4,19,2,23,11,19,6,2,2,3,1,3,7,42,17,13,6,41,45,3,1,5,1556,0,1,0,6,-10.487229410889825,47.32225300092336,47.61904761904762,41,10.347682119205299,16.0,33.333333333333336,52.94117647058823,1.8,2,13,4,67.12596401028277,50,8,1,21,6,27,1,24,11,14,3,0,0,13,13,1,2,38,14,10,8,44,51,1,1,5,1556,0,0,0,6,10.487229410889825,50.32021957913998,40.78947368421053,52,10.262725779967159,28.571428571428573,100.0,57.142857142857146,1.6,2,13,10,67.12596401028277
S45G01N40,2024-2025,20241109,331,home,6,9,0,15,4,19,2,23,11,19,6,2,2,3,1,3,7,42,17,13,6,41,45,3,1,5,1556,0,1,0,6,-10.487229410889825,47.32225300092336,47.61904761904762,41,10.347682119205299,16.0,33.333333333333336,52.94117647058823,1.8,2,13,4,67.12596401028277,50,8,1,21,6,27,1,24,11,14,3,0,0,13,13,1,2,38,14,10,8,44,51,1,1,5,1556,0,0,0,6,10.487229410889825,50.32021957913998,40.78947368421053,52,10.262725779967159,28.571428571428573,100.0,57.142857142857146,1.6,2,13,10,67.12596401028277
S45G01N40,2024-2025,20241109,332,home,6,9,0,15,4,19,2,23,11,19,6,2,2,3,1,3,7,42,17,13,6,41,45,3,1,5,1556,0,1,0,6,-10.487229410889825,47.32225300092336,47.61904761904762,41,10.347682119205299,16.0,33.333333333333336,52.94117647058823,1.8,2,13,4,67.12596401028277,50,8,1,21,6,27,1,24,11,14,3,0,0,13,13,1,2,38,14,10,8,44,51,1,1,5,1556,0,0,0,6,10.487229410889825,50.32021957913998,40.78947368421053,52,10.262725779967159,28.571428571428573,100.0,57.142857142857146,1.6,2,13,10,67.12596401028277
S45G01N40,2024-2025,20241109,333,home,6,9,0,15,4,19,2,23,11,19,6,2,2,3,1,3,7,42,17,13,6,41,45,3,1,5,1556,0,1,0,6,-10.487229410889825,47.32225300092336,47.61904761904762,41,10.347682119205299,16.0,33.333333333333336,52.94117647058823,1.8,2,13,4,67.12596401028277,50,8,1,21,6,27,1,24,11,14,3,0,0,13,13,1,2,38,14,10,8,44,51,1,1,5,1556,0,0,0,6,10.487229410889825,50.32021957913998,40.78947368421053,52,10.262725779967159,28.571428571428573,100.0,57.142857142857146,1.6,2,13,10,67.12596401028277
S45G01N40,2024-2025,20241109,334,home,6,9,0,15,4,19,2,23,11,19,6,2,2,3,1,3,7,42,17,13,6,41,45,3,1,5,1556,0,1,0,6,-10.487229410889825,47.32225300092336,47.61904761904762,41,10.347682119205299,16.0,33.333333333333336,52.94117647058823,1.8,2,13,4,67.12596401028277,50,8,1,21,6,27,1,24,11,14,3,0,0,13,13,1,2,38,14,10,8,44,51,1,1,5,1556,0,0,0,6,10.487229410889825,50.32021957913998,40.78947368421053,52,10.262725779967159,28.571428571428573,100.0,57.142857142857146,1.6,2,13,10,67.12596401028277
S45G01N40,2024-2025,20241109,335,home,6,9,0,15,4,19,2,24,12,19,6,2,2,3,1,3,7,43,18,13,6,43,46,3,1,5,1567,0,1,0,6,-8.115407373616165,48.51083032490975,48.83720930232558,43,10.137875101378752,16.0,33.333333333333336,50.0,1.8,2,13,4,67.42054881940012,50,8,1,21,6,27,1,24,11,14,3,0,0,13,13,1,2,38,14,10,8,44,51,1,1,5,1567,0,0,0,6,8.115407373616165,50.32021957913998,40.78947368421053,52,10.262725779967159,28.571428571428573,100.0,57.142857142857146,1.6,2,13,10,67.42054881940012
S45G01N40,2024-2025,20241109,336,home,6,9,0,15,4,19,2,24,12,19,6,2,2,3,1,3,7,43,18,13,6,43,46,3,1,5,1578,0,1,0,6,-5.759591850248185,48.51083032490975,48.83720930232558,43,10.137875101378752,16.0,33.333333333333336,50.0,1.8,2,13,4,67.71102661596957,50,8,1,21,6,27,1,24,11,15,3,0,0,13,13,1,2,39,14,10,8,44,52,1,1,5,1578,0,0,0,6,5.759591850248185,49.19499105545617,39.743589743589745,51,10.05631536604988,28.571428571428573,100.0,57.142857142857146,1.6,2,13,10,67.71102661596957
S45G01N40,2024-2025,20241109,337,home,6,9,0,16,4,20,2,24,12,19,6,2,2,3,1,3,7,43,18,13,6,43,46,3,1,5,1579,0,1,0,6,-5.759591850248185,48.51083032490975,48.83720930232558,44,10.137875101378752,16.0,33.333333333333336,50.0,1.8,2,13,4,67.66814439518683,50,8,1,21,6,27,1,24,11,15,3,0,0,13,13,1,2,39,14,10,8,44,52,1,1,5,1579,0,0,0,6,5.759591850248185,49.19499105545617,39.743589743589745,51,10.05631536604988,27.272727272727273,100.0,57.142857142857146,1.6,2,13,10,67.66814439518683
S45G01N40,2024-2025,20241109,338,home,6,9,0,16,4,20,2,25,13,19,6,2,2,3,1,3,7,44,19,13,6,45,47,3,1,5,1588,0,1,0,6,-3.4901800909224505,49.64695498676081,50.0,46,9.936406995230525,16.0,33.333333333333336,47.36842105263158,1.8,4,14,4,68.04030226700252,50,8,1,21,6,27,1,24,11,15,3,0,0,13,13,1,2,39,14,10,8,44,52,1,1,5,1588,0,0,0,6,3.4901800909224505,49.19499105545617,39.743589743589745,51,10.05631536604988,27.272727272727273,100.0,57.142857142857146,1.6,4,14,10,68.04030226700252
S45G01N40,2024-2025,20241109,339,home,6,9,0,16,4,20,2,25,13,19,6,2,2,3,1,3,7,44,19,14,7,45,47,3,1,5,1599,0,1,0,6,-3.4901800909224505,49.64695498676081,50.0,46,9.936406995230525,16.0,33.333333333333336,47.36842105263158,1.8,4,14,4,67.57223264540336,50,8,1,21,6,27,1,24,11,15,3,0,0,13,13,1,2,39,14,10,8,44,52,1,1,5,1599,0,0,0,6,3.4901800909224505,49.19499105545617,39.743589743589745,51,10.05631536604988,27.272727272727273,100.0,57.142857142857146,1.6,4,14,10,67.57223264540336
S45G01N40,2024-2025,20241109,340,home,6,9,0,16,4,20,2,25,13,19,6,2,2,3,1,3,7,44,19,14,7,45,47,3,1,5,1599,0,1,0,6,-3.4901800909224505,49.64695498676081,50.0,46,9.936406995230525,16.0,33.333333333333336,47.36842105263158,1.8,4,14,4,67.57223264540336,50,8,1,21,6,27,1,24,11,15,3,0,0,13,13,1,2,39,14,10,8,44,52,1,1,5,1599,0,0,0,6,3.4901800909224505,49.19499105545617,39.743589743589745,51,10.05631536604988,27.272727272727273,100.0,57.142857142857146,1.6,4,14,10,67.57223264540336
S45G01N40,2024-2025,20241109,341,home,6,9,0,16,4,20,2,25,13,19,6,2,2,3,1,3,7,44,19,14,7,45,47,3,1,5,1610,0,1,0,6,-1.2397230435548323,49.64695498676081,50.0,46,9.936406995230525,16.0,33.333333333333336,47.36842105263158,1.8,4,14,4,67.855900621118,50,8,1,21,6,27,1,25,11,15,3,0,0,13,13,1,2,40,14,10,8,44,53,1,1,5,1610,0,0,0,6,1.2397230435548323,48.118985126859144,38.75,50,9.858044164037855,27.272727272727273,100.0,57.142857142857146,1.6,4,14,10,67.855900621118
S45G01N40,2024-2025,20241109,342,home,6,9,0,17,4,21,2,25,13,19,6,2,2,3,1,3,7,44,19,14,7,45,47,3,1,5,1611,0,1,0,6,-1.2397230435548323,49.64695498676081,50.0,47,9.936406995230525,16.0,33.333333333333336,47.36842105263158,1.8,4,14,4,67.81378026070763,50,8,1,21,6,27,1,25,11,15,3,0,0,13,13,1,2,40,14,10,8,44,53,1,1,5,1611,0,0,0,6,1.2397230435548323,48.118985126859144,38.75,50,9.858044164037855,26.08695652173913,100.0,57.142857142857146,1.6,4,14,10,67.81378026070763
S45G01N40,2024-2025,20241109,343,home,6,9,0,17,4,21,2,25,13,19,6,2,2,3,1,3,7,44,19,14,7,45,47,3,1,5,1615,0,1,0,6,-1.2397230435548323,49.64695498676081,50.0,47,9.936406995230525,16.0,33.333333333333336,47.36842105263158,1.8,4,14,4,67.64582043343653,50,8,1,21,6,27,1,25,11,15,3,0,0,13,13,1,2,40,14,11,9,44,53,1,1,5,1615,0,0,0,6,1.2397230435548323,48.118985126859144,38.75,50,9.858044164037855,26.08695652173913,100.0,57.142857142857146,1.6,4,14,10,67.64582043343653
S45G01N40,2024-2025,20241109,344,home,6,9,0,17,4,21,2,25,13,19,6,2,2,3,1,3,7,44,19,14,7,45,47,3,1,5,1615,0,1,0,6,-1.2397230435548323,49.64695498676081,50.0,47,9.936406995230525,16.0,33.333333333333336,47.36842105263158,1.8,4,14,4,67.64582043343653,50,8,1,21,6,27,1,25,11,15,3,0,0,13,13,1,2,40,14,11,9,44,53,1,1,5,1615,0,0,0,6,1.2397230435548323,48.118985126859144,38.75,50,9.858044164037855,26.08695652173913,100.0,57.142857142857146,1.6,4,14,10,67.64582043343653
S45G01N40,2024-2025,20241109,345,home,6,9,0,17,4,21,2,25,13,19,6,2,2,3,1,3,7,44,19,14,7,45,47,3,1,5,1615,0,1,0,6,-1.2397230435548323,49.64695498676081,50.0,47,9.936406995230525,16.0,33.333333333333336,47.36842105263158,1.8,4,14,4,67.64582043343653,50,8,1,21,6,27,1,25,11,15,3,0,0,13,13,1,2,40,14,11,9,44,53,1,1,5,1615,0,0,0,6,1.2397230435548323,48.118985126859144,38.75,50,9.858044164037855,26.08695652173913,100.0,57.142857142857146,1.6,4,14,10,67.64582043343653
S45G01N40,2024-2025,20241109,346,home,6,9,0,17,4,21,2,25,13,19,6,2,2,3,1,3,7,44,19,14,7,45,47,3,1,5,1615,0,1,0,6,-1.2397230435548323,49.64695498676081,50.0,47,9.936406995230525,16.0,33.333333333333336,47.36842105263158,1.8,4,14,4,67.64582043343653,50,8,1,21,6,27,1,25,11,15,3,0,0,13,13,1,2,40,14,11,9,44,53,1,1,5,1615,0,0,0,6,1.2397230435548323,48.118985126859144,38.75,50,9.858044164037855,26.08695652173913,100.0,57.142857142857146,1.6,4,14,10,67.64582043343653
S45G01N40,2024-2025,20241109,347,home,6,9,0,17,4,21,2,26,14,19,6,2,2,3,1,3,7,45,20,14,7,47,48,3,1,5,1620,0,1,0,6,0.9337710589946795,50.734024179620036,51.111111111111114,49,9.742790335151987,16.0,33.333333333333336,45.0,1.8,6,14,4,68.17777777777776,50,8,1,21,6,27,1,25,11,15,3,0,0,13,13,1,2,40,14,11,9,44,53,1,1,5,1620,0,0,0,6,-0.9337710589946795,48.118985126859144,38.75,50,9.858044164037855,26.08695652173913,100.0,57.142857142857146,1.6,6,14,10,68.17777777777776
S45G01N40,2024-2025,20241109,348,home,6,10,0,17,4,21,2,26,14,19,6,2,2,3,1,3,7,45,20,14,7,47,48,3,1,5,1620,0,1,0,6,0.9337710589946795,50.734024179620036,51.111111111111114,50,9.742790335151987,16.0,33.333333333333336,50.0,2.0,6,14,4,68.17777777777776,50,8,1,21,6,27,1,25,11,15,3,0,0,13,13,1,2,40,14,11,9,44,53,1,1,5,1620,0,0,0,6,-0.9337710589946795,48.118985126859144,38.75,50,9.858044164037855,26.08695652173913,100.0,57.142857142857146,1.6,6,14,10,68.17777777777776
S45G01N40,2024-2025,20241109,349,home,6,10,0,17,4,21,2,26,14,19,6,2,2,3,1,3,7,45,20,14,7,47,48,3,1,5,1637,0,1,0,6,3.085782916188734,50.734024179620036,51.111111111111114,50,9.742790335151987,16.0,33.333333333333336,50.0,2.0,6,14,4,68.2028100183262,50,8,1,21,6,27,1,25,11,16,3,0,0,13,13,1,2,41,14,11,9,44,54,1,1,5,1637,0,0,0,6,-3.085782916188734,47.089041095890416,37.80487804878049,49,9.667440061871616,26.08695652173913,100.0,57.142857142857146,1.6,6,14,10,68.2028100183262
S45G01N40,2024-2025,20241109,350,home,6,10,0,17,4,21,3,26,14,19,6,2,2,3,1,3,7,45,20,14,7,47,48,3,1,5,1639,0,1,0,6,3.085782916188734,50.734024179620036,51.111111111111114,51,9.742790335151987,16.0,33.333333333333336,50.0,2.0,6,14,4,68.11958511287371,50,8,1,21,6,27,1,25,11,16,3,0,0,13,13,1,2,41,14,11,9,44,54,1,1,5,1639,0,0,0,6,-3.085782916188734,47.089041095890416,37.80487804878049,49,9.667440061871616,26.08695652173913,100.0,57.142857142857146,1.6,6,14,10,68.11958511287371
S45G01N40,2024-2025,20241109,351,home,6,10,0,17,4,21,3,26,14,20,6,2,2,3,1,3,7,46,20,14,7,47,49,3,1,5,1653,0,1,0,6,1.0302416668115058,49.66187658495351,50.0,50,9.5565749235474,16.0,33.333333333333336,50.0,2.0,6,14,4,68.26860254083483,50,8,1,21,6,27,1,25,11,16,3,0,0,13,13,1,2,41,14,11,9,44,54,1,1,5,1653,0,0,0,6,-1.0302416668115058,47.089041095890416,37.80487804878049,49,9.667440061871616,26.08695652173913,100.0,57.142857142857146,1.6,6,14,10,68.26860254083483
S45G01N40,2024-2025,20241109,352,home,6,10,0,17,4,21,3,26,14,20,6,2,2,3,1,3,7,46,20,14,7,47,49,3,1,5,1655,0,1,0,6,1.0302416668115058,49.66187658495351,50.0,50,9.5565749235474,15.384615384615385,33.333333333333336,50.0,2.0,6,14,4,68.18610271903323,50,8,1,22,6,28,1,25,11,16,3,0,0,13,13,1,2,41,14,11,9,44,54,1,1,5,1655,0,0,0,6,-1.0302416668115058,47.089041095890416,37.80487804878049,50,9.667440061871616,26.08695652173913,100.0,57.142857142857146,1.6,6,14,10,68.18610271903323
S45G01N40,2024-2025,20241109,353,home,6,10,0,17,4,21,3,26,14,20,6,2,2,3,1,3,7,46,20,14,7,47,49,3,1,5,1659,0,1,0,6,-1.1906921890592486,49.66187658495351,50.0,50,9.5565749235474,15.384615384615385,33.333333333333336,50.0,2.0,2,14,4,68.74502712477396,50,8,1,22,6,28,1,26,12,16,3,0,0,13,13,1,2,42,15,11,9,46,55,1,1,5,1659,0,0,0,6,1.1906921890592486,48.197820620285,39.285714285714285,52,9.484066767830045,26.08695652173913,100.0,53.333333333333336,1.6,2,14,10,68.74502712477396
S45G01N40,2024-2025,20241109,354,home,6,10,0,17,4,21,3,26,14,20,6,2,2,3,1,3,7,46,20,14,7,47,49,3,1,5,1659,0,1,0,6,-1.1906921890592486,49.66187658495351,50.0,50,9.5565749235474,15.384615384615385,33.333333333333336,50.0,2.0,2,14,4,68.74502712477396,50,9,1,22,6,28,1,26,12,16,3,0,0,13,13,1,2,42,15,11,9,46,55,1,1,5,1659,0,0,0,6,1.1906921890592486,48.197820620285,39.285714285714285,53,9.484066767830045,26.08695652173913,100.0,60.0,1.8,2,14,10,68.74502712477396
S45G01N40,2024-2025,20241109,355,home,6,10,0,17,4,21,3,26,14,20,6,2,2,3,1,3,7,46,20,14,7,47,49,3,1,5,1659,0,1,0,6,-1.1906921890592486,49.66187658495351,50.0,50,9.5565749235474,15.384615384615385,33.333333333333336,50.0,2.0,2,14,4,68.74502712477396,50,9,1,22,6,28,1,26,12,16,3,0,0,13,13,2,4,42,15,11,9,46,55,1,1,5,1659,0,0,0,6,1.1906921890592486,48.197820620285,39.285714285714285,53,9.484066767830045,26.08695652173913,100.0,60.0,1.8,2,14,10,68.74502712477396
S45G01N40,2024-2025,20241109,356,home,6,10,0,17,4,21,3,26,14,20,6,2,2,3,1,3,7,46,20,14,7,47,49,3,1,5,1663,0,1,0,6,-1.1906921890592486,49.66187658495351,50.0,50,9.5565749235474,15.384615384615385,33.333333333333336,50.0,2.0,2,14,4,68.57967528562838,50,9,1,22,6,28,1,26,12,16,3,0,0,13,13,2,4,42,15,12,10,46,55,1,1,5,1663,0,0,0,6,1.1906921890592486,48.197820620285,39.285714285714285,53,9.484066767830045,26.08695652173913,100.0,60.0,1.8,2,14,10,68.57967528562838
S45G01N40,2024-2025,20241109,357,home,6,10,0,17,4,21,3,26,14,20,6,2,2,3,1,3,7,46,20,14,7,47,49,3,1,5,1663,0,1,0,6,-1.1906921890592486,49.66187658495351,50.0,50,9.5565749235474,15.384615384615385,33.333333333333336,50.0,2.0,2,14,4,68.57967528562838,50,9,1,22,6,28,1,26,12,16,3,0,0,13,13,2,4,42,15,12,10,46,55,1,1,5,1663,0,0,0,6,1.1906921890592486,48.197820620285,39.285714285714285,53,9.484066767830045,26.08695652173913,100.0,60.0,1.8,2,14,10,68.57967528562838
S45G01N40,2024-2025,20241109,358,home,6,10,0,17,4,21,3,26,14,20,6,2,2,3,1,3,7,46,20,14,7,47,49,3,1,5,1663,0,1,0,6,-1.1906921890592486,49.66187658495351,50.0,50,9.5565749235474,15.384615384615385,33.333333333333336,50.0,2.0,2,14,4,68.57967528562838,50,9,1,22,6,28,1,26,12,16,3,0,0,13,13,2,4,42,15,12,10,46,55,1,1,5,1663,0,0,0,6,1.1906921890592486,48.197820620285,39.285714285714285,53,9.484066767830045,26.08695652173913,100.0,60.0,1.8,2,14,10,68.57967528562838
S45G01N40,2024-2025,20241109,359,home,6,10,0,17,4,21,3,26,14,20,6,2,2,3,1,3,7,46,20,14,7,47,49,3,1,5,1663,0,1,0,6,-1.1906921890592486,49.66187658495351,50.0,50,9.5565749235474,15.384615384615385,33.333333333333336,50.0,2.0,2,14,4,68.57967528562838,50,9,1,22,6,28,1,26,12,16,3,0,0,13,13,2,4,42,15,12,10,46,55,1,1,5,1663,0,0,0,6,1.1906921890592486,48.197820620285,39.285714285714285,53,9.484066767830045,26.08695652173913,100.0,60.0,1.8,2,14,10,68.57967528562838
S45G01N40,2024-2025,20241109,360,home,6,10,0,17,4,21,3,26,14,21,6,2,2,3,1,3,7,47,20,14,7,47,50,3,1,5,1671,0,1,0,6,-3.1628781566287785,48.6341059602649,48.93617021276596,49,9.37734433608402,15.384615384615385,33.333333333333336,50.0,2.0,2,14,4,68.96947935368043,50,9,1,22,6,28,1,26,12,16,3,0,0,13,13,2,4,42,15,12,10,46,55,1,1,5,1671,0,0,0,6,3.1628781566287785,48.197820620285,39.285714285714285,53,9.484066767830045,26.08695652173913,100.0,60.0,1.8,2,14,10,68.96947935368043
S45G01N40,2024-2025,20241109,361,home,6,10,0,17,4,21,3,26,14,21,6,2,2,3,1,3,7,47,20,14,7,47,50,3,1,5,1674,0,1,0,6,-3.1628781566287785,48.6341059602649,48.93617021276596,49,9.37734433608402,14.814814814814815,33.333333333333336,50.0,2.0,2,14,4,68.84587813620071,50,9,1,23,6,29,1,26,12,16,3,0,0,13,13,2,4,42,15,12,10,46,55,1,1,5,1674,0,0,0,6,3.1628781566287785,48.197820620285,39.285714285714285,54,9.484066767830045,26.08695652173913,100.0,60.0,1.8,2,14,10,68.84587813620071
S45G01N40,2024-2025,20241109,362,home,6,10,0,17,4,21,3,26,14,21,6,2,2,3,1,3,7,47,20,15,7,47,50,3,1,5,1695,0,1,0,6,-3.1628781566287785,48.6341059602649,48.93617021276596,49,9.37734433608402,14.814814814814815,33.333333333333336,50.0,2.0,2,14,4,67.9929203539823,50,9,1,23,6,29,1,26,12,16,3,0,0,13,13,2,4,42,15,12,10,46,55,1,1,5,1695,0,0,0,6,3.1628781566287785,48.197820620285,39.285714285714285,54,9.484066767830045,26.08695652173913,100.0,60.0,1.8,2,14,10,67.9929203539823
S45G01N40,2024-2025,20241109,363,home,6,10,0,17,4,21,3,26,14,21,6,2,2,3,1,3,7,47,20,15,7,47,50,3,1,5,1695,0,1,0,6,-3.1628781566287785,48.6341059602649,48.93617021276596,49,9.37734433608402,14.814814814814815,33.333333333333336,50.0,2.0,2,14,4,67.9929203539823,50,9,1,23,6,29,1,26,12,16,3,0,0,13,13,2,4,42,15,12,10,46,55,1,1,5,1695,0,0,0,6,3.1628781566287785,48.197820620285,39.285714285714285,54,9.484066767830045,26.08695652173913,100.0,60.0,1.8,2,14,10,67.9929203539823
S45G01N40,2024-2025,20241109,364,home,6,10,0,17,4,21,3,26,14,21,6,2,2,3,1,3,7,47,20,15,7,47,50,3,1,5,1695,0,1,0,6,-4.364703478761541,48.6341059602649,48.93617021276596,49,9.37734433608402,14.814814814814815,33.333333333333336,50.0,2.0,3,14,4,68.30442477876106,50,9,1,23,6,29,1,26,12,16,3,0,0,14,14,2,4,42,15,12,10,47,56,1,1,5,1695,0,0,0,6,4.364703478761541,48.79568106312293,39.285714285714285,55,9.405568096313019,26.08695652173913,100.0,60.0,1.8,3,14,10,68.30442477876106
S45G01N40,2024-2025,20241109,365,home,6,10,0,17,4,21,3,26,14,21,6,2,2,3,1,3,7,47,20,15,7,47,50,3,1,5,1695,0,1,0,6,-4.364703478761541,48.6341059602649,48.93617021276596,49,9.37734433608402,14.814814814814815,33.333333333333336,50.0,2.0,3,14,4,68.30442477876106,50,10,1,23,6,29,1,26,12,16,3,0,0,14,14,2,4,42,15,12,10,47,56,1,1,5,1695,0,0,0,6,4.364703478761541,48.79568106312293,39.285714285714285,56,9.405568096313019,26.08695652173913,100.0,66.66666666666667,2.0,3,14,10,68.30442477876106
S45G01N40,2024-2025,20241109,366,home,6,10,0,17,4,21,3,26,14,21,6,2,2,3,1,3,7,47,20,15,7,47,50,3,1,5,1695,0,1,0,6,-5.544310181493515,48.6341059602649,48.93617021276596,49,9.37734433608402,14.814814814814815,33.333333333333336,50.0,2.0,4,15,4,68.61592920353982,50,10,1,23,6,29,1,26,12,16,3,0,0,15,15,2,4,42,15,12,10,48,57,1,1,5,1695,0,0,0,6,5.544310181493515,49.382716049382715,39.285714285714285,57,9.328358208955224,26.08695652173913,100.0,66.66666666666667,2.0,4,15,10,68.61592920353982
S45G01N40,2024-2025,20241109,367,home,6,10,0,17,4,21,3,27,14,21,6,2,2,3,1,3,7,48,20,15,7,47,51,3,1,5,1718,0,1,0,6,-7.438110379286854,47.64801297648013,47.916666666666664,48,9.204712812960235,14.814814814814815,33.333333333333336,50.0,2.0,4,15,4,68.39580908032596,50,10,1,23,6,29,1,26,12,16,3,0,0,15,15,2,4,42,15,12,10,48,57,1,1,5,1718,0,0,0,6,7.438110379286854,49.382716049382715,39.285714285714285,57,9.328358208955224,26.08695652173913,100.0,66.66666666666667,2.0,4,15,10,68.39580908032596
S45G01N40,2024-2025,20241109,368,home,6,10,0,17,4,21,3,27,14,21,6,2,2,3,1,3,7,48,20,15,7,47,51,3,1,5,1720,0,1,0,6,-7.438110379286854,47.64801297648013,47.916666666666664,48,9.204712812960235,14.814814814814815,33.333333333333336,50.0,2.0,4,15,4,68.31627906976745,50,10,2,23,6,29,1,26,12,16,3,0,0,15,15,2,4,42,15,12,10,48,57,1,1,5,1720,0,0,0,6,7.438110379286854,49.382716049382715,39.285714285714285,58,9.328358208955224,26.08695652173913,100.0,66.66666666666667,2.0,4,15,10,68.31627906976745
S45G01N40,2024-2025,20241109,369,home,6,10,0,17,5,22,3,27,14,21,6,2,2,3,1,3,7,48,20,15,7,47,51,3,1,5,1722,0,1,0,6,-5.544310181493515,47.64801297648013,47.916666666666664,49,9.204712812960235,17.857142857142858,33.333333333333336,50.0,2.0,4,15,4,67.54006968641116,50,10,2,23,6,29,1,26,12,16,3,0,0,15,15,2,4,42,15,12,10,48,57,1,1,5,1722,0,0,0,6,5.544310181493515,49.382716049382715,39.285714285714285,58,9.328358208955224,26.08695652173913,100.0,66.66666666666667,2.0,4,15,10,67.54006968641116
S45G01N40,2024-2025,20241109,370,home,6,10,0,17,5,22,3,28,14,21,6,2,2,3,1,3,7,49,20,15,7,47,52,3,1,5,1723,0,1,0,6,-7.438110379286854,46.70111287758346,46.93877551020408,48,9.038322487346349,17.857142857142858,33.333333333333336,50.0,2.0,4,15,4,68.19733023795706,50,10,2,23,6,29,1,26,12,16,3,0,0,15,15,2,4,42,15,12,10,48,57,1,1,5,1723,0,0,0,6,7.438110379286854,49.382716049382715,39.285714285714285,58,9.328358208955224,26.08695652173913,100.0,66.66666666666667,2.0,4,15,10,68.19733023795706
S45G01N40,2024-2025,20241109,371,home,6,10,0,17,6,23,3,28,14,21,6,2,2,3,1,3,7,49,20,15,7,47,52,3,1,5,1724,0,1,0,6,-5.544310181493515,46.70111287758346,46.93877551020408,49,9.038322487346349,20.689655172413794,33.333333333333336,50.0,2.0,4,15,4,67.46171693735499,50,10,2,23,6,29,1,26,12,16,3,0,0,15,15,2,4,42,15,12,10,48,57,1,1,5,1724,0,0,0,6,5.544310181493515,49.382716049382715,39.285714285714285,58,9.328358208955224,26.08695652173913,100.0,66.66666666666667,2.0,4,15,10,67.46171693735499
S45G01N40,2024-2025,20241109,372,home,6,10,0,17,6,23,3,29,15,21,6,2,2,3,1,3,7,50,21,15,7,49,53,3,1,5,1727,0,1,0,6,-3.463547581194632,47.73967264224474,48.0,51,8.877840909090908,20.689655172413794,33.333333333333336,47.61904761904762,2.0,2,16,4,68.03937463810075,50,10,2,23,6,29,1,26,12,16,3,0,0,15,15,2,4,42,15,12,10,48,57,1,1,5,1727,0,0,0,6,3.463547581194632,49.382716049382715,39.285714285714285,58,9.328358208955224,26.08695652173913,100.0,66.66666666666667,2.0,2,16,10,68.03937463810075
S45G01N40,2024-2025,20241109,373,home,6,11,0,17,6,23,3,29,15,21,6,2,2,3,1,3,7,50,21,15,7,49,53,3,1,5,1727,0,1,0,6,-3.463547581194632,47.73967264224474,48.0,52,8.877840909090908,20.689655172413794,33.333333333333336,52.38095238095238,2.2,2,16,4,68.03937463810075,50,10,2,23,6,29,1,26,12,16,3,0,0,15,15,2,4,42,15,12,10,48,57,1,1,5,1727,0,0,0,6,3.463547581194632,49.382716049382715,39.285714285714285,58,9.328358208955224,26.08695652173913,100.0,66.66666666666667,2.0,2,16,10,68.03937463810075
S45G01N40,2024-2025,20241109,374,home,6,11,0,17,6,23,3,29,15,21,6,2,2,3,1,3,7,50,21,15,7,49,53,3,1,5,1745,0,1,0,6,-1.3886435455062838,47.73967264224474,48.0,52,8.877840909090908,20.689655172413794,33.333333333333336,52.38095238095238,2.2,2,16,4,68.02521489971346,50,10,2,23,6,29,1,26,12,17,3,0,0,15,15,2,4,43,15,12,10,48,58,1,1,5,1745,0,0,0,6,1.3886435455062838,48.387096774193544,38.372093023255815,57,9.157509157509157,26.08695652173913,100.0,66.66666666666667,2.0,2,16,10,68.02521489971346
S45G01N40,2024-2025,20241109,375,home,6,11,0,18,6,24,3,29,15,21,6,2,2,3,1,3,7,50,21,15,7,49,53,3,1,5,1747,0,1,0,6,-1.3886435455062838,47.73967264224474,48.0,53,8.877840909090908,20.689655172413794,33.333333333333336,52.38095238095238,2.2,2,16,4,67.94733829421867,50,10,2,23,6,29,1,26,12,17,3,0,0,15,15,2,4,43,15,12,10,48,58,1,1,5,1747,0,0,0,6,1.3886435455062838,48.387096774193544,38.372093023255815,57,9.157509157509157,25.0,100.0,66.66666666666667,2.0,2,16,10,67.94733829421867
S45G01N40,2024-2025,20241109,376,home,6,11,0,18,6,24,3,29,15,21,6,2,2,3,1,3,7,50,21,15,7,49,53,3,1,5,1747,0,1,0,6,-1.3886435455062838,47.73967264224474,48.0,53,8.877840909090908,20.689655172413794,33.333333333333336,52.38095238095238,2.2,2,16,4,67.94733829421867,50,10,2,23,6,29,1,26,12,17,3,0,0,15,15,2,4,43,15,13,10,48,58,1,1,5,1747,0,0,0,6,1.3886435455062838,48.387096774193544,38.372093023255815,57,9.157509157509157,25.0,100.0,66.66666666666667,2.0,2,16,10,67.94733829421867
S45G01N40,2024-2025,20241109,377,home,6,11,0,18,6,24,3,29,15,21,6,2,2,3,1,3,7,50,21,15,7,49,53,3,1,5,1747,0,1,0,6,-1.3886435455062838,47.73967264224474,48.0,53,8.877840909090908,20.689655172413794,33.333333333333336,52.38095238095238,2.2,2,16,4,67.94733829421867,50,10,2,23,6,29,1,26,12,17,3,0,0,15,15,2,4,43,15,13,10,48,58,1,1,5,1747,0,0,0,6,1.3886435455062838,48.387096774193544,38.372093023255815,57,9.157509157509157,25.0,100.0,66.66666666666667,2.0,2,16,10,67.94733829421867
S45G01N40,2024-2025,20241109,378,home,6,11,0,18,6,24,3,29,15,21,6,2,2,3,1,3,7,50,21,15,7,49,53,3,1,5,1747,0,1,0,6,-1.3886435455062838,47.73967264224474,48.0,53,8.877840909090908,20.689655172413794,33.333333333333336,52.38095238095238,2.2,2,16,4,67.94733829421867,50,10,2,23,6,29,1,26,12,17,3,0,0,15,15,2,4,43,15,13,10,48,58,1,1,5,1747,0,0,0,6,1.3886435455062838,48.387096774193544,38.372093023255815,57,9.157509157509157,25.0,100.0,66.66666666666667,2.0,2,16,10,67.94733829421867
S45G01N40,2024-2025,20241109,379,home,6,11,0,18,6,24,3,29,15,21,6,2,2,3,1,3,7,50,21,15,7,49,53,3,1,5,1747,0,1,0,6,-1.3886435455062838,47.73967264224474,48.0,53,8.877840909090908,20.689655172413794,33.333333333333336,52.38095238095238,2.2,2,16,4,67.94733829421867,50,10,2,23,6,29,1,26,12,17,3,0,0,15,15,2,4,43,15,13,10,48,58,1,1,5,1747,0,0,0,6,1.3886435455062838,48.387096774193544,38.372093023255815,57,9.157509157509157,25.0,100.0,66.66666666666667,2.0,2,16,10,67.94733829421867
S45G01N40,2024-2025,20241109,380,home,6,11,0,18,6,24,3,29,15,21,6,2,2,3,1,3,7,50,21,15,7,49,53,3,1,5,1747,0,1,0,6,-1.3886435455062838,47.73967264224474,48.0,53,8.877840909090908,20.689655172413794,33.333333333333336,52.38095238095238,2.2,2,16,4,67.94733829421867,50,10,2,23,6,29,1,26,12,17,3,0,0,15,15,2,4,43,15,13,10,48,58,1,1,5,1747,0,0,0,6,1.3886435455062838,48.387096774193544,38.372093023255815,57,9.157509157509157,25.0,100.0,66.66666666666667,2.0,2,16,10,67.94733829421867
S45G01N40,2024-2025,20241109,381,home,6,11,0,18,6,24,3,29,15,21,6,2,2,3,1,3,7,50,21,15,7,49,53,3,1,5,1747,0,1,0,6,-1.3886435455062838,47.73967264224474,48.0,53,8.877840909090908,20.689655172413794,33.333333333333336,52.38095238095238,2.2,2,16,4,67.94733829421867,50,10,2,23,6,29,1,26,12,17,3,0,0,15,15,2,4,43,15,13,10,48,58,1,1,5,1747,0,0,0,6,1.3886435455062838,48.387096774193544,38.372093023255815,57,9.157509157509157,25.0,100.0,66.66666666666667,2.0,2,16,10,67.94733829421867
S45G01N40,2024-2025,20241109,382,home,6,11,0,18,6,24,3,29,15,21,6,2,2,4,1,3,7,50,21,15,7,49,54,3,1,5,1747,0,1,0,6,-2.2327291830837908,47.3338485316847,48.0,52,8.809020436927414,20.689655172413794,25.0,52.38095238095238,2.2,2,16,4,68.24957069261592,50,10,2,23,6,29,1,26,12,17,3,0,0,15,15,2,4,43,15,13,10,48,58,1,1,5,1747,0,0,0,6,2.2327291830837908,48.387096774193544,38.372093023255815,57,9.157509157509157,25.0,100.0,66.66666666666667,2.0,2,16,10,68.24957069261592
S45G01N40,2024-2025,20241109,383,home,6,11,0,18,6,24,3,29,15,21,6,2,2,5,2,3,7,50,21,15,7,50,55,3,1,5,1747,0,1,0,6,-1.1091820987654302,47.89272030651341,48.0,53,8.741258741258742,20.689655172413794,40.0,52.38095238095238,2.2,3,16,4,68.55180309101317,50,10,2,23,6,29,1,26,12,17,3,0,0,15,15,2,4,43,15,13,10,48,58,1,1,5,1747,0,0,0,6,1.1091820987654302,48.387096774193544,38.372093023255815,57,9.157509157509157,25.0,100.0,66.66666666666667,2.0,3,16,10,68.55180309101317
S45G01N40,2024-2025,20241109,384,home,6,11,0,18,6,24,3,29,15,21,6,2,2,5,2,3,7,50,21,15,7,50,55,3,1,5,1770,0,1,0,6,0.882056451612911,47.89272030651341,48.0,53,8.741258741258742,20.689655172413794,40.0,52.38095238095238,2.2,3,16,4,68.33898305084746,50,10,2,23,6,29,1,26,12,17,3,0,0,15,15,2,4,43,15,13,10,48,58,1,1,6,1770,0,0,0,7,-0.882056451612911,48.387096774193544,38.372093023255815,56,10.79136690647482,25.0,100.0,66.66666666666667,1.6666666666666667,3,16,10,68.33898305084746
S45G01N40,2024-2025,20241109,385,home,6,11,0,18,6,24,3,29,15,21,6,2,2,5,2,3,7,50,21,15,7,50,55,3,1,5,1770,0,1,0,6,0.882056451612911,47.89272030651341,48.0,53,8.741258741258742,20.689655172413794,40.0,52.38095238095238,2.2,3,16,4,68.33898305084746,50,10,2,23,6,29,1,26,12,17,3,0,0,15,15,2,4,43,15,13,10,48,58,1,1,6,1770,0,0,0,7,-0.882056451612911,48.387096774193544,38.372093023255815,56,10.79136690647482,25.0,100.0,66.66666666666667,1.6666666666666667,3,16,10,68.33898305084746
S45G01N40,2024-2025,20241109,386,home,6,11,0,18,6,24,3,29,15,21,6,2,2,5,2,3,7,50,21,15,7,50,55,3,1,5,1770,0,1,0,6,0.882056451612911,47.89272030651341,48.0,53,8.741258741258742,20.689655172413794,40.0,52.38095238095238,2.2,3,16,4,68.33898305084746,50,10,2,23,6,29,1,26,12,17,3,0,0,15,15,2,4,43,15,13,10,48,58,1,1,6,1770,0,0,0,7,-0.882056451612911,48.387096774193544,38.372093023255815,56,10.79136690647482,25.0,100.0,66.66666666666667,1.6666666666666667,3,16,10,68.33898305084746
S45G01N40,2024-2025,20241109,387,home,6,11,0,18,6,24,3,29,15,22,6,2,2,5,2,3,7,51,21,15,7,50,56,3,1,5,1792,0,1,0,6,-0.9887529353602673,46.992481203007515,47.05882352941177,52,8.59106529209622,20.689655172413794,40.0,52.38095238095238,2.2,3,16,4,68.16964285714286,50,10,2,23,6,29,1,26,12,17,3,0,0,15,15,2,4,43,15,13,10,48,58,1,1,6,1792,0,0,0,7,0.9887529353602673,48.387096774193544,38.372093023255815,56,10.79136690647482,25.0,100.0,66.66666666666667,1.6666666666666667,3,16,10,68.16964285714286
S45G01N40,2024-2025,20241109,388,home,6,11,0,18,6,24,4,29,15,22,6,2,2,5,2,3,7,51,21,15,7,50,56,3,1,5,1792,0,1,0,6,-0.9887529353602673,46.992481203007515,47.05882352941177,53,8.59106529209622,20.689655172413794,40.0,52.38095238095238,2.2,3,16,4,68.16964285714286,50,10,2,23,6,29,1,26,12,17,3,0,0,15,15,2,4,43,15,13,10,48,58,1,1,6,1792,0,0,0,7,0.9887529353602673,48.387096774193544,38.372093023255815,56,10.79136690647482,25.0,100.0,66.66666666666667,1.6666666666666667,3,16,10,68.16964285714286
S45G01N40,2024-2025,20241109,389,home,6,11,0,18,6,24,4,29,15,22,6,2,2,5,2,3,7,51,21,15,7,50,56,3,1,5,1792,0,1,0,6,-0.9887529353602673,46.992481203007515,47.05882352941177,53,8.59106529209622,20.689655172413794,40.0,52.38095238095238,2.2,3,16,4,68.16964285714286,50,10,2,23,6,29,1,26,12,17,3,0,0,15,15,2,4,43,15,13,10,48,58,1,1,6,1792,0,0,0,7,0.9887529353602673,48.387096774193544,38.372093023255815,56,10.79136690647482,25.0,100.0,66.66666666666667,1.6666666666666667,3,16,10,68.16964285714286
S45G01N40,2024-2025,20241109,390,home,6,11,0,18,6,24,4,29,15,22,6,2,2,5,2,3,7,51,21,15,7,50,56,3,1,5,1792,0,1,0,6,-0.9887529353602673,46.992481203007515,47.05882352941177,53,8.59106529209622,20.689655172413794,40.0,52.38095238095238,2.2,3,16,4,68.16964285714286,50,10,2,23,6,29,1,26,12,17,3,0,0,15,15,2,4,43,15,13,10,48,58,1,1,6,1792,0,0,0,7,0.9887529353602673,48.387096774193544,38.372093023255815,56,10.79136690647482,25.0,100.0,66.66666666666667,1.6666666666666667,3,16,10,68.16964285714286
S45G01N40,2024-2025,20241109,391,home,6,11,0,18,6,24,4,29,15,22,6,2,2,5,2,3,7,51,21,15,7,50,56,3,1,5,1797,0,1,0,6,-0.9887529353602673,46.992481203007515,47.05882352941177,53,8.59106529209622,20.689655172413794,40.0,52.38095238095238,2.2,3,16,4,67.97996661101837,50,10,2,23,6,29,1,26,12,17,3,0,0,15,15,2,4,43,15,14,10,48,58,1,1,6,1797,0,0,0,7,0.9887529353602673,48.387096774193544,38.372093023255815,56,10.79136690647482,25.0,100.0,66.66666666666667,1.6666666666666667,3,16,10,67.97996661101837
S45G01N40,2024-2025,20241109,392,home,6,11,0,18,6,24,4,29,15,22,6,2,2,6,3,3,7,51,21,15,7,51,57,3,1,5,1797,0,1,0,6,0.11030493185607781,47.53914988814318,47.05882352941177,54,8.526603001364256,20.689655172413794,50.0,52.38095238095238,2.2,4,16,4,68.2737896494157,50,10,2,23,6,29,1,26,12,17,3,0,0,15,15,2,4,43,15,14,10,48,58,1,1,6,1797,0,0,0,7,-0.11030493185607781,48.387096774193544,38.372093023255815,56,10.79136690647482,25.0,100.0,66.66666666666667,1.6666666666666667,4,16,10,68.2737896494157
S45G01N40,2024-2025,20241109,393,home,6,11,0,18,6,24,4,29,15,22,6,2,2,7,3,3,7,51,21,15,7,51,58,3,1,5,1797,0,1,0,6,-0.6928069621022388,47.15236686390533,47.05882352941177,53,8.463100880162491,20.689655172413794,42.857142857142854,52.38095238095238,2.2,4,16,4,68.56761268781302,50,10,2,23,6,29,1,26,12,17,3,0,0,15,15,2,4,43,15,14,10,48,58,1,1,6,1797,0,0,0,7,0.6928069621022388,48.387096774193544,38.372093023255815,56,10.79136690647482,25.0,100.0,66.66666666666667,1.6666666666666667,4,16,10,68.56761268781302
S45G01N40,2024-2025,20241109,394,home,6,11,0,18,6,24,4,29,15,22,6,2,2,7,3,3,7,51,21,15,7,51,58,3,1,5,1799,0,1,0,6,-0.6928069621022388,47.15236686390533,47.05882352941177,53,8.463100880162491,20.0,42.857142857142854,52.38095238095238,2.2,4,16,4,68.49138410227904,50,10,2,24,6,30,1,26,12,17,3,0,0,15,15,2,4,43,15,14,10,48,58,1,1,6,1799,0,0,0,7,0.6928069621022388,48.387096774193544,38.372093023255815,57,10.79136690647482,25.0,100.0,66.66666666666667,1.6666666666666667,4,16,10,68.49138410227904
S45G01N40,2024-2025,20241109,395,home,6,11,0,18,6,24,4,29,15,22,6,2,2,7,3,3,7,51,21,15,7,51,58,3,1,5,1799,0,1,0,6,-0.6928069621022388,47.15236686390533,47.05882352941177,53,8.463100880162491,20.0,42.857142857142854,52.38095238095238,2.2,4,16,4,68.49138410227904,50,10,2,24,6,30,1,26,12,17,3,0,0,15,15,2,4,43,15,14,10,48,58,1,1,6,1799,0,0,0,7,0.6928069621022388,48.387096774193544,38.372093023255815,57,10.79136690647482,25.0,100.0,66.66666666666667,1.6666666666666667,4,16,10,68.49138410227904
S45G01N40,2024-2025,20241109,396,home,6,11,0,18,6,24,4,29,15,22,6,2,2,7,3,3,7,51,21,15,7,51,58,3,1,5,1800,0,1,0,6,-0.6928069621022388,47.15236686390533,47.05882352941177,53,8.463100880162491,20.0,42.857142857142854,52.38095238095238,2.2,4,16,4,68.45333333333333,50,10,2,24,6,30,1,26,12,17,3,0,0,15,15,2,4,43,15,14,10,48,58,1,1,6,1800,0,0,0,7,0.6928069621022388,48.387096774193544,38.372093023255815,57,10.79136690647482,25.0,100.0,66.66666666666667,1.6666666666666667,4,16,10,68.45333333333333
S45G01N40,2024-2025,20241109,397,home,6,11,0,18,6,24,4,29,15,22,6,2,2,7,3,3,7,51,21,15,7,51,58,3,1,5,1800,0,1,0,6,-0.6928069621022388,47.15236686390533,47.05882352941177,53,8.463100880162491,20.0,42.857142857142854,52.38095238095238,2.2,4,16,4,68.45333333333333,50,10,2,24,6,30,1,26,12,17,3,0,0,15,15,2,4,43,15,14,10,48,58,1,1,6,1800,0,0,0,7,0.6928069621022388,48.387096774193544,38.372093023255815,57,10.79136690647482,25.0,100.0,66.66666666666667,1.6666666666666667,4,16,10,68.45333333333333
S45G01N40,2024-2025,20241109,398,home,6,11,0,18,6,24,4,29,15,22,6,2,2,7,3,3,7,51,21,15,7,51,58,3,1,5,1800,0,1,0,6,-0.6928069621022388,47.15236686390533,47.05882352941177,53,8.463100880162491,20.0,42.857142857142854,52.38095238095238,2.2,4,16,4,68.45333333333333,50,10,2,24,6,30,1,26,12,17,3,0,0,15,15,2,4,43,15,14,10,48,58,1,1,6,1800,0,0,0,7,0.6928069621022388,48.387096774193544,38.372093023255815,57,10.79136690647482,25.0,100.0,66.66666666666667,1.6666666666666667,4,16,10,68.45333333333333
S45G01N40,2024-2025,20241109,399,home,6,11,0,18,6,24,4,29,15,22,6,2,2,7,3,3,7,51,21,15,7,51,58,3,1,5,1800,0,1,0,6,-0.6928069621022388,47.15236686390533,47.05882352941177,53,8.463100880162491,20.0,42.857142857142854,52.38095238095238,2.2,4,16,4,68.45333333333333,50,10,2,24,6,30,1,26,12,17,3,0,0,15,15,2,4,43,15,14,10,48,58,1,1,6,1800,0,0,0,7,0.6928069621022388,48.387096774193544,38.372093023255815,57,10.79136690647482,25.0,100.0,66.66666666666667,1.6666666666666667,4,16,10,68.45333333333333
S45G01N40,2024-2025,20241109,400,home,6,11,0,18,6,24,4,29,15,22,6,2,2,7,3,3,7,51,21,15,7,51,58,3,1,5,1800,0,1,0,6,-0.6928069621022388,47.15236686390533,47.05882352941177,53,8.463100880162491,20.0,42.857142857142854,52.38095238095238,2.2,4,16,4,68.45333333333333,50,10,2,24,6,30,1,26,12,17,3,0,0,15,15,2,4,43,15,14,10,48,58,1,1,6,1800,0,0,0,7,0.6928069621022388,48.387096774193544,38.372093023255815,57,10.79136690647482,25.0,100.0,66.66666666666667,1.6666666666666667,4,16,10,68.45333333333333
S45G01N40,2024-2025,20241109,401,home,6,11,0,18,6,24,4,29,15,22,6,2,2,7,3,3,7,51,21,15,7,51,58,3,1,5,1800,0,1,0,6,-0.6928069621022388,47.15236686390533,47.05882352941177,53,8.463100880162491,20.0,42.857142857142854,52.38095238095238,2.2,4,16,4,68.45333333333333,50,10,2,24,6,30,1,26,12,17,3,0,0,15,15,2,4,43,15,14,10,48,58,1,1,6,1800,0,0,0,7,0.6928069621022388,48.387096774193544,38.372093023255815,57,10.79136690647482,25.0,100.0,66.66666666666667,1.6666666666666667,4,16,10,68.45333333333333
S45G01N40,2024-2025,20241109,402,home,6,11,0,18,6,24,4,29,15,22,6,2,2,7,3,3,7,51,21,15,7,51,58,3,1,5,1800,0,1,0,6,-0.6928069621022388,47.15236686390533,47.05882352941177,53,8.463100880162491,20.0,42.857142857142854,52.38095238095238,2.2,4,16,4,68.45333333333333,50,10,2,24,6,30,1,26,12,17,3,0,0,15,15,2,4,43,15,14,10,48,58,1,1,6,1800,0,0,0,7,0.6928069621022388,48.387096774193544,38.372093023255815,57,10.79136690647482,25.0,100.0,66.66666666666667,1.6666666666666667,4,16,10,68.45333333333333
S45G01N40,2024-2025,20241109,403,home,6,11,0,18,6,24,4,29,15,22,6,2,2,7,3,3,7,51,21,15,7,51,58,3,1,5,1800,0,1,0,6,-0.6928069621022388,47.15236686390533,47.05882352941177,53,8.463100880162491,20.0,42.857142857142854,52.38095238095238,2.2,4,16,4,68.45333333333333,50,10,2,24,6,30,1,26,12,17,3,0,0,15,15,2,4,43,15,14,10,48,58,1,1,6,1800,0,0,0,7,0.6928069621022388,48.387096774193544,38.372093023255815,57,10.79136690647482,25.0,100.0,66.66666666666667,1.6666666666666667,4,16,10,68.45333333333333
S45G01N40,2024-2025,20241109,404,home,6,11,0,18,6,24,4,29,15,22,6,2,2,7,3,3,7,51,21,15,7,51,58,3,1,5,1800,0,1,0,6,-0.6928069621022388,47.15236686390533,47.05882352941177,53,8.463100880162491,20.0,42.857142857142854,52.38095238095238,2.2,4,16,4,68.45333333333333,50,10,2,24,6,30,1,26,12,17,3,0,0,15,15,2,4,43,15,14,10,48,58,1,1,6,1800,0,0,0,7,0.6928069621022388,48.387096774193544,38.372093023255815,57,10.79136690647482,25.0,100.0,66.66666666666667,1.6666666666666667,4,16,10,68.45333333333333
S45G01N40,2024-2025,20241109,405,home,6,11,0,18,6,24,4,29,15,22,6,2,2,7,3,3,7,51,21,15,7,51,58,3,1,5,1800,0,1,0,6,-0.6928069621022388,47.15236686390533,47.05882352941177,53,8.463100880162491,20.0,42.857142857142854,52.38095238095238,2.2,4,16,4,68.45333333333333,50,10,2,24,6,30,1,26,12,17,3,0,0,15,15,2,4,43,15,14,10,48,58,1,1,6,1800,0,0,0,7,0.6928069621022388,48.387096774193544,38.372093023255815,57,10.79136690647482,25.0,100.0,66.66666666666667,1.6666666666666667,4,16,10,68.45333333333333
S45G01N40,2024-2025,20241109,406,home,6,11,0,18,6,24,4,29,15,22,6,2,2,7,3,3,7,51,21,15,7,51,58,3,1,5,1800,0,1,0,6,-0.6928069621022388,47.15236686390533,47.05882352941177,53,8.463100880162491,20.0,42.857142857142854,52.38095238095238,2.2,4,16,4,68.45333333333333,50,10,2,24,6,30,1,26,12,17,3,0,0,15,15,2,4,43,15,14,10,48,58,1,1,6,1800,0,0,0,7,0.6928069621022388,48.387096774193544,38.372093023255815,57,10.79136690647482,25.0,100.0,66.66666666666667,1.6666666666666667,4,16,10,68.45333333333333
S45G01N40,2024-2025,20241109,407,home,6,11,0,18,6,24,4,29,15,22,6,2,2,7,3,3,7,51,21,15,7,51,58,3,1,5,1800,0,1,0,6,-0.6928069621022388,47.15236686390533,47.05882352941177,53,8.463100880162491,20.0,42.857142857142854,52.38095238095238,2.2,4,16,4,68.45333333333333,50,10,2,24,6,30,1,26,12,17,3,0,0,15,15,2,4,43,15,14,10,48,58,1,1,6,1800,0,0,0,7,0.6928069621022388,48.387096774193544,38.372093023255815,57,10.79136690647482,25.0,100.0,66.66666666666667,1.6666666666666667,4,16,10,68.45333333333333
S45G01N40,2024-2025,20241109,408,home,6,11,0,18,6,24,4,29,15,22,6,2,2,7,3,3,7,51,21,15,7,51,58,3,1,5,1800,0,1,0,6,-0.6928069621022388,47.15236686390533,47.05882352941177,53,8.463100880162491,20.0,42.857142857142854,52.38095238095238,2.2,4,16,4,68.45333333333333,50,10,2,24,6,30,1,26,12,17,3,0,0,15,15,2,4,43,15,14,10,48,58,1,1,6,1800,0,0,0,7,0.6928069621022388,48.387096774193544,38.372093023255815,57,10.79136690647482,25.0,100.0,66.66666666666667,1.6666666666666667,4,16,10,68.45333333333333
S45G01N40,2024-2025,20241109,409,home,6,11,0,18,6,24,4,29,15,22,6,2,2,7,3,3,7,51,21,15,7,51,58,3,1,5,1800,0,1,0,6,-0.6928069621022388,47.15236686390533,47.05882352941177,53,8.463100880162491,20.0,42.857142857142854,52.38095238095238,2.2,4,16,4,68.45333333333333,50,10,2,24,6,30,1,26,12,17,3,0,0,15,15,2,4,43,15,14,10,48,58,1,1,6,1800,0,0,0,7,0.6928069621022388,48.387096774193544,38.372093023255815,57,10.79136690647482,25.0,100.0,66.66666666666667,1.6666666666666667,4,16,10,68.45333333333333
S45G01N40,2024-2025,20241109,410,home,6,11,0,18,6,24,4,29,15,22,6,2,2,7,3,3,7,51,21,15,7,51,58,3,1,5,1800,0,1,0,6,-0.6928069621022388,47.15236686390533,47.05882352941177,53,8.463100880162491,20.0,42.857142857142854,52.38095238095238,2.2,4,16,4,68.45333333333333,50,10,2,24,6,30,1,26,12,17,3,0,0,15,15,2,4,43,15,14,10,48,58,1,1,6,1800,0,0,0,7,0.6928069621022388,48.387096774193544,38.372093023255815,57,10.79136690647482,25.0,100.0,66.66666666666667,1.6666666666666667,4,16,10,68.45333333333333
S45G01N40,2024-2025,20241109,411,home,6,11,0,18,6,24,4,29,15,22,6,2,2,7,3,3,7,51,21,15,7,51,58,3,1,5,1800,0,1,0,6,-0.6928069621022388,47.15236686390533,47.05882352941177,53,8.463100880162491,20.0,42.857142857142854,52.38095238095238,2.2,4,16,4,68.45333333333333,50,10,2,24,6,30,1,26,12,17,3,0,0,15,15,2,4,43,15,14,10,48,58,1,1,6,1800,0,0,0,7,0.6928069621022388,48.387096774193544,38.372093023255815,57,10.79136690647482,25.0,100.0,66.66666666666667,1.6666666666666667,4,16,10,68.45333333333333
S45G01N40,2024-2025,20241109,412,home,6,11,0,18,6,24,4,29,15,22,6,2,2,7,3,3,7,51,21,15,7,51,58,3,1,5,1800,0,1,0,6,-0.6928069621022388,47.15236686390533,47.05882352941177,53,8.463100880162491,20.0,42.857142857142854,52.38095238095238,2.2,4,16,4,68.45333333333333,50,10,2,24,6,30,1,26,12,17,3,0,0,15,15,2,4,43,15,14,10,48,58,1,1,6,1800,0,0,0,7,0.6928069621022388,48.387096774193544,38.372093023255815,57,10.79136690647482,25.0,100.0,66.66666666666667,1.6666666666666667,4,16,10,68.45333333333333
S45G01N40,2024-2025,20241109,413,home,6,11,0,18,6,24,4,29,15,22,6,2,2,7,3,3,7,51,21,15,7,51,58,3,1,5,1800,0,1,0,6,-0.6928069621022388,47.15236686390533,47.05882352941177,53,8.463100880162491,20.0,42.857142857142854,52.38095238095238,2.2,4,16,4,68.45333333333333,50,10,2,24,6,30,1,26,12,17,3,0,0,15,15,2,4,43,15,14,10,48,58,1,1,6,1800,0,0,0,7,0.6928069621022388,48.387096774193544,38.372093023255815,57,10.79136690647482,25.0,100.0,66.66666666666667,1.6666666666666667,4,16,10,68.45333333333333
S45G01N40,2024-2025,20241109,414,home,6,11,0,18,6,24,4,29,15,22,6,2,2,7,3,3,7,51,21,15,7,51,58,3,1,5,1800,0,1,0,6,-0.6928069621022388,47.15236686390533,47.05882352941177,53,8.463100880162491,20.0,42.857142857142854,52.38095238095238,2.2,4,16,4,68.45333333333333,50,10,2,24,6,30,1,26,12,17,3,0,0,15,15,2,4,43,15,14,10,48,58,1,1,6,1800,0,0,0,7,0.6928069621022388,48.387096774193544,38.372093023255815,57,10.79136690647482,25.0,100.0,66.66666666666667,1.6666666666666667,4,16,10,68.45333333333333
S45G01N40,2024-2025,20241109,415,home,6,11,0,18,6,24,4,29,15,22,6,2,2,7,3,3,7,51,21,15,7,51,58,3,1,5,1800,0,1,0,6,-0.6928069621022388,47.15236686390533,47.05882352941177,53,8.463100880162491,20.0,42.857142857142854,52.38095238095238,2.2,4,16,4,68.45333333333333,50,10,2,24,6,30,1,26,12,17,3,0,0,15,15,2,4,43,15,14,10,48,58,1,1,6,1800,0,0,0,7,0.6928069621022388,48.387096774193544,38.372093023255815,57,10.79136690647482,25.0,100.0,66.66666666666667,1.6666666666666667,4,16,10,68.45333333333333
S45G01N40,2024-2025,20241109,416,home,6,11,0,18,6,24,4,29,15,22,6,2,2,7,3,3,7,51,21,15,7,51,58,3,1,5,1800,0,1,0,6,-0.6928069621022388,47.15236686390533,47.05882352941177,53,8.463100880162491,20.0,42.857142857142854,52.38095238095238,2.2,4,16,4,68.45333333333333,50,10,2,24,6,30,1,26,12,17,3,0,0,15,15,2,4,43,15,14,10,48,58,1,1,6,1800,0,0,0,7,0.6928069621022388,48.387096774193544,38.372093023255815,57,10.79136690647482,25.0,100.0,66.66666666666667,1.6666666666666667,4,16,10,68.45333333333333
S45G01N40,2024-2025,20241109,417,home,6,11,0,18,6,24,4,29,15,22,6,2,2,7,3,3,7,51,21,15,7,51,58,3,1,5,1800,0,1,0,6,-0.6928069621022388,47.15236686390533,47.05882352941177,53,8.463100880162491,20.0,42.857142857142854,52.38095238095238,2.2,4,16,4,68.45333333333333,50,10,2,24,6,30,1,26,12,17,3,0,0,15,15,2,4,43,15,14,10,48,58,1,1,6,1800,0,0,0,7,0.6928069621022388,48.387096774193544,38.372093023255815,57,10.79136690647482,25.0,100.0,66.66666666666667,1.6666666666666667,4,16,10,68.45333333333333
S45G01N40,2024-2025,20241109,418,home,6,11,0,18,6,24,4,29,15,22,6,2,2,7,3,3,7,51,21,15,7,51,58,3,1,5,1800,0,1,0,6,-0.6928069621022388,47.15236686390533,47.05882352941177,53,8.463100880162491,20.0,42.857142857142854,52.38095238095238,2.2,4,16,4,68.45333333333333,50,10,2,24,6,30,1,26,12,17,3,0,0,15,15,2,4,43,15,14,10,48,58,1,1,6,1800,0,0,0,7,0.6928069621022388,48.387096774193544,38.372093023255815,57,10.79136690647482,25.0,100.0,66.66666666666667,1.6666666666666667,4,16,10,68.45333333333333
S45G01N40,2024-2025,20241109,419,home,6,11,0,18,6,24,4,29,15,22,6,2,2,7,3,3,7,51,21,15,7,51,58,3,1,5,1800,0,1,0,6,-0.6928069621022388,47.15236686390533,47.05882352941177,53,8.463100880162491,20.0,42.857142857142854,52.38095238095238,2.2,4,16,4,68.45333333333333,50,10,2,24,6,30,1,26,12,17,3,0,0,15,15,2,4,43,15,14,10,48,58,1,1,6,1800,0,0,0,7,0.6928069621022388,48.387096774193544,38.372093023255815,57,10.79136690647482,25.0,100.0,66.66666666666667,1.6666666666666667,4,16,10,68.45333333333333
S45G01N40,2024-2025,20241109,420,home,6,11,0,18,6,24,4,29,15,22,6,2,2,7,3,3,7,51,21,15,7,51,58,3,1,5,1800,0,1,0,6,-0.6928069621022388,47.15236686390533,47.05882352941177,53,8.463100880162491,20.0,42.857142857142854,52.38095238095238,2.2,4,16,4,68.45333333333333,50,10,2,24,6,30,1,26,12,17,3,0,0,15,15,2,4,43,15,14,10,48,58,1,1,6,1800,0,0,0,7,0.6928069621022388,48.387096774193544,38.372093023255815,57,10.79136690647482,25.0,100.0,66.66666666666667,1.6666666666666667,4,16,10,68.45333333333333
S45G01N40,2024-2025,20241109,421,home,6,11,0,18,6,24,4,29,15,22,6,2,2,7,3,3,7,51,21,15,7,51,58,3,1,5,1800,0,1,0,6,-0.6928069621022388,47.15236686390533,47.05882352941177,53,8.463100880162491,20.0,42.857142857142854,52.38095238095238,2.2,4,16,4,68.45333333333333,50,10,2,24,6,30,1,26,12,17,3,0,0,15,15,2,4,43,15,14,10,48,58,1,1,6,1800,0,0,0,7,0.6928069621022388,48.387096774193544,38.372093023255815,57,10.79136690647482,25.0,100.0,66.66666666666667,1.6666666666666667,4,16,10,68.45333333333333
S45G01N40,2024-2025,20241109,422,home,6,11,0,18,6,24,4,29,15,22,6,2,2,7,3,3,7,51,21,15,7,51,58,3,1,5,1800,0,1,0,6,-0.6928069621022388,47.15236686390533,47.05882352941177,53,8.463100880162491,20.0,42.857142857142854,52.38095238095238,2.2,4,16,4,68.45333333333333,50,10,2,24,6,30,1,26,12,17,3,0,0,15,15,2,4,43,15,14,10,48,58,1,1,6,1800,0,0,0,7,0.6928069621022388,48.387096774193544,38.372093023255815,57,10.79136690647482,25.0,100.0,66.66666666666667,1.6666666666666667,4,16,10,68.45333333333333
S45G01N40,2024-2025,20241109,423,home,6,11,0,18,6,24,4,29,15,22,6,2,2,7,3,3,7,51,21,15,7,51,58,3,1,5,1800,0,1,0,6,-0.6928069621022388,47.15236686390533,47.05882352941177,53,8.463100880162491,20.0,42.857142857142854,52.38095238095238,2.2,4,16,4,68.45333333333333,50,10,2,24,6,30,1,26,12,17,3,0,0,15,15,2,4,43,15,14,10,48,58,1,1,6,1800,0,0,0,7,0.6928069621022388,48.387096774193544,38.372093023255815,57,10.79136690647482,25.0,100.0,66.66666666666667,1.6666666666666667,4,16,10,68.45333333333333
S45G01N40,2024-2025,20241109,424,home,6,11,0,18,6,24,4,29,15,22,6,2,2,7,3,3,7,51,21,15,7,51,58,3,1,5,1800,0,1,0,6,-0.6928069621022388,47.15236686390533,47.05882352941177,53,8.463100880162491,20.0,42.857142857142854,52.38095238095238,2.2,4,16,4,68.45333333333333,50,10,2,24,6,30,1,26,12,17,3,0,0,15,15,2,4,43,15,14,10,48,58,1,1,6,1800,0,0,0,7,0.6928069621022388,48.387096774193544,38.372093023255815,57,10.79136690647482,25.0,100.0,66.66666666666667,1.6666666666666667,4,16,10,68.45333333333333
S45G01N40,2024-2025,20241109,425,home,6,11,0,18,6,24,4,29,15,22,6,2,2,7,3,3,7,51,21,15,7,51,58,3,1,5,1814,0,1,0,6,-2.732842662727009,47.15236686390533,47.05882352941177,53,8.463100880162491,20.0,42.857142857142854,52.38095238095238,2.2,2,16,4,68.58654906284454,50,10,2,24,6,30,1,27,13,17,3,0,0,15,15,2,4,44,16,14,10,50,59,1,1,6,1814,0,0,0,7,2.732842662727009,49.40711462450593,39.77272727272727,59,10.600706713780918,25.0,100.0,62.5,1.6666666666666667,2,16,10,68.58654906284454
S45G01N40,2024-2025,20241109,426,home,6,11,0,18,6,24,4,29,15,22,6,2,2,7,3,3,7,51,21,15,7,51,58,3,1,5,1814,0,1,0,6,-2.732842662727009,47.15236686390533,47.05882352941177,53,8.463100880162491,20.0,42.857142857142854,52.38095238095238,2.2,2,16,4,68.58654906284454,50,11,2,24,6,30,1,27,13,17,3,0,0,15,15,2,4,44,16,14,10,50,59,1,1,6,1814,0,0,0,7,2.732842662727009,49.40711462450593,39.77272727272727,60,10.600706713780918,25.0,100.0,68.75,1.8333333333333333,2,16,10,68.58654906284454
S45G01N40,2024-2025,20241109,427,home,6,11,0,18,6,24,4,29,15,22,6,2,2,7,3,3,7,51,21,15,7,51,58,3,1,6,1831,0,1,0,7,-4.5094955212012025,47.15236686390533,47.05882352941177,52,9.986684420772304,20.0,42.857142857142854,52.38095238095238,1.8333333333333333,2,16,4,68.60513380666302,50,11,2,24,6,30,1,27,13,17,3,0,0,15,15,2,4,44,16,14,10,50,59,1,1,6,1831,0,0,0,7,4.5094955212012025,49.40711462450593,39.77272727272727,60,10.600706713780918,25.0,100.0,68.75,1.8333333333333333,2,16,10,68.60513380666302
S45G01N40,2024-2025,20241109,428,home,6,11,0,18,6,24,4,29,15,22,6,2,2,7,3,3,7,51,21,15,7,51,58,3,1,6,1832,0,1,0,7,-4.5094955212012025,47.15236686390533,47.05882352941177,52,9.986684420772304,20.0,42.857142857142854,52.38095238095238,1.8333333333333333,2,16,4,68.56768558951966,50,11,2,24,6,30,1,27,13,17,3,0,0,15,15,2,4,44,16,14,10,50,59,2,1,6,1832,0,0,0,7,4.5094955212012025,49.40711462450593,39.77272727272727,61,10.600706713780918,25.0,100.0,68.75,1.8333333333333333,2,16,10,68.56768558951966
S45G01N40,2024-2025,20241109,429,home,6,11,0,18,6,24,4,29,15,22,6,2,2,7,3,3,7,51,21,15,7,51,58,3,1,6,1844,0,1,0,7,-6.47046007063895,47.15236686390533,47.05882352941177,52,9.986684420772304,20.0,42.857142857142854,52.38095238095238,1.8333333333333333,4,17,4,68.77223427331887,50,11,2,24,6,30,1,28,14,17,3,0,0,15,15,2,4,45,17,14,10,52,60,2,1,6,1844,0,0,0,7,6.47046007063895,50.3875968992248,41.111111111111114,63,10.416666666666666,25.0,100.0,64.70588235294117,1.8333333333333333,4,17,10,68.77223427331887
S45G01N40,2024-2025,20241109,430,home,6,11,0,18,6,24,4,29,15,22,6,2,2,7,3,3,7,51,21,15,7,51,58,3,1,6,1844,0,1,0,7,-6.47046007063895,47.15236686390533,47.05882352941177,52,9.986684420772304,20.0,42.857142857142854,52.38095238095238,1.8333333333333333,4,17,4,68.77223427331887,50,12,2,24,6,30,1,28,14,17,3,0,0,15,15,2,4,45,17,14,10,52,60,2,1,6,1844,0,0,0,7,6.47046007063895,50.3875968992248,41.111111111111114,64,10.416666666666666,25.0,100.0,70.58823529411765,2.0,4,17,10,68.77223427331887
S45G01N40,2024-2025,20241109,431,home,6,11,0,18,6,24,4,29,15,22,6,2,2,7,3,3,7,51,21,15,7,51,58,3,1,7,1866,0,1,0,8,-8.182601205857011,47.15236686390533,47.05882352941177,51,11.4603798297315,20.0,42.857142857142854,52.38095238095238,1.5714285714285714,4,17,4,68.60450160771705,50,12,2,24,6,30,1,28,14,17,3,0,0,15,15,2,4,45,17,14,10,52,60,2,1,6,1866,0,0,0,7,8.182601205857011,50.3875968992248,41.111111111111114,64,10.416666666666666,25.0,100.0,70.58823529411765,2.0,4,17,10,68.60450160771705
S45G01N40,2024-2025,20241109,432,home,6,11,0,18,6,24,4,29,15,22,6,2,2,7,3,3,7,51,21,15,7,51,58,3,1,7,1868,0,1,0,8,-8.182601205857011,47.15236686390533,47.05882352941177,51,11.4603798297315,20.0,42.857142857142854,52.38095238095238,1.5714285714285714,4,17,4,68.53104925053533,50,12,2,24,6,30,1,28,14,17,3,0,0,15,15,2,4,45,17,14,10,52,60,3,1,6,1868,0,0,0,7,8.182601205857011,50.3875968992248,41.111111111111114,65,10.416666666666666,25.0,100.0,70.58823529411765,2.0,4,17,10,68.53104925053533
S45G01N40,2024-2025,20241109,433,home,6,11,0,18,6,24,4,29,15,22,6,2,2,7,3,3,7,51,21,16,7,51,58,3,1,7,1870,0,1,0,8,-8.182601205857011,47.15236686390533,47.05882352941177,51,11.4603798297315,20.0,42.857142857142854,52.38095238095238,1.5714285714285714,4,17,4,68.4577540106952,50,12,2,24,6,30,1,28,14,17,3,0,0,15,15,2,4,45,17,14,10,52,60,3,1,6,1870,0,0,0,7,8.182601205857011,50.3875968992248,41.111111111111114,65,10.416666666666666,25.0,100.0,70.58823529411765,2.0,4,17,10,68.4577540106952
S45G01N40,2024-2025,20241109,434,home,6,11,0,18,6,24,4,29,15,22,6,2,2,7,3,3,7,51,21,16,7,51,58,3,1,7,1870,0,1,0,8,-8.182601205857011,47.15236686390533,47.05882352941177,51,11.4603798297315,20.0,42.857142857142854,52.38095238095238,1.5714285714285714,4,17,4,68.4577540106952,50,12,2,24,6,30,1,28,14,17,3,0,0,15,15,2,4,45,17,14,10,52,60,3,1,6,1870,0,0,0,7,8.182601205857011,50.3875968992248,41.111111111111114,65,10.416666666666666,25.0,100.0,70.58823529411765,2.0,4,17,10,68.4577540106952
S45G01N40,2024-2025,20241109,435,home,6,11,0,18,6,24,4,29,15,22,6,2,2,7,3,3,7,51,21,16,7,51,58,3,1,7,1870,0,1,0,8,-8.182601205857011,47.15236686390533,47.05882352941177,51,11.4603798297315,20.0,42.857142857142854,52.38095238095238,1.5714285714285714,4,17,4,68.4577540106952,50,12,2,24,6,30,1,28,14,17,3,0,0,15,15,2,4,45,17,14,10,52,60,3,1,6,1870,0,0,0,7,8.182601205857011,50.3875968992248,41.111111111111114,65,10.416666666666666,25.0,100.0,70.58823529411765,2.0,4,17,10,68.4577540106952
S45G01N40,2024-2025,20241109,436,home,6,11,0,18,6,24,4,29,15,22,6,2,2,7,3,3,7,51,21,16,7,51,58,3,1,7,1870,0,1,0,8,-8.182601205857011,47.15236686390533,47.05882352941177,51,11.4603798297315,20.0,42.857142857142854,52.38095238095238,1.5714285714285714,4,17,4,68.4577540106952,50,12,2,24,6,30,1,28,14,17,3,0,0,15,15,2,4,45,17,14,10,52,60,3,1,6,1870,0,0,0,7,8.182601205857011,50.3875968992248,41.111111111111114,65,10.416666666666666,25.0,100.0,70.58823529411765,2.0,4,17,10,68.4577540106952
S45G01N40,2024-2025,20241109,437,home,6,11,0,18,6,24,4,29,15,22,6,2,2,7,3,3,7,51,21,16,7,51,58,3,1,7,1870,0,1,0,8,-9.252142226777124,47.15236686390533,47.05882352941177,51,11.4603798297315,20.0,42.857142857142854,52.38095238095238,1.5714285714285714,5,17,4,68.74010695187167,50,12,2,24,6,30,1,28,14,17,3,0,0,16,16,2,4,45,17,14,10,53,61,3,1,6,1870,0,0,0,7,9.252142226777124,50.92236740968486,41.111111111111114,66,10.337698139214336,25.0,100.0,70.58823529411765,2.0,5,17,10,68.74010695187167
S45G01N40,2024-2025,20241109,438,home,6,11,0,18,6,24,4,29,15,22,6,2,2,7,3,3,7,51,21,16,7,51,58,3,1,7,1870,0,1,0,8,-9.252142226777124,47.15236686390533,47.05882352941177,51,11.4603798297315,20.0,42.857142857142854,52.38095238095238,1.5714285714285714,5,17,4,68.74010695187167,50,13,2,24,6,30,1,28,14,17,3,0,0,16,16,2,4,45,17,14,10,53,61,3,1,6,1870,0,0,0,7,9.252142226777124,50.92236740968486,41.111111111111114,67,10.337698139214336,25.0,100.0,76.47058823529412,2.1666666666666665,5,17,10,68.74010695187167
S45G01N40,2024-2025,20241109,439,home,6,11,0,18,6,24,4,29,15,22,6,2,2,7,3,3,7,51,21,16,7,51,58,3,1,7,1870,0,1,0,8,-9.252142226777124,47.15236686390533,47.05882352941177,51,11.4603798297315,20.0,42.857142857142854,52.38095238095238,1.5714285714285714,5,17,4,68.74010695187167,50,13,2,24,6,30,1,28,14,17,3,0,0,16,16,3,5,45,17,14,10,53,61,3,1,6,1870,0,0,0,7,9.252142226777124,50.92236740968486,41.111111111111114,67,10.337698139214336,25.0,100.0,76.47058823529412,2.1666666666666665,5,17,10,68.74010695187167
S45G01N40,2024-2025,20241109,440,home,6,11,0,18,6,24,4,29,15,22,6,2,2,7,3,3,7,51,21,16,7,51,58,3,1,7,1870,0,1,0,8,-10.303748870822034,47.15236686390533,47.05882352941177,51,11.4603798297315,20.0,42.857142857142854,52.38095238095238,1.5714285714285714,6,17,4,69.02245989304814,50,13,2,24,6,30,1,28,14,17,3,0,0,17,17,3,6,45,17,14,10,54,62,3,1,6,1870,0,0,0,7,10.303748870822034,51.448170731707314,41.111111111111114,68,10.259917920656633,25.0,100.0,76.47058823529412,2.1666666666666665,6,17,10,69.02245989304814
S45G01N40,2024-2025,20241109,441,home,6,11,0,18,6,24,4,30,16,22,6,2,2,7,3,3,7,52,22,16,7,53,59,3,1,7,1891,0,1,0,8,-8.388495529035168,48.1118373275236,48.07692307692308,53,11.275773195876289,20.0,42.857142857142854,50.0,1.5714285714285714,2,17,4,68.89053410893708,50,13,2,24,6,30,1,28,14,17,3,0,0,17,17,3,6,45,17,14,10,54,62,3,1,6,1891,0,0,0,7,8.388495529035168,51.448170731707314,41.111111111111114,68,10.259917920656633,25.0,100.0,76.47058823529412,2.1666666666666665,2,17,10,68.89053410893708
S45G01N40,2024-2025,20241109,442,home,6,11,0,18,6,24,4,30,16,22,6,2,2,7,3,3,7,52,22,16,7,53,59,3,1,7,1913,0,1,0,8,-6.464480168836687,48.1118373275236,48.07692307692308,53,11.275773195876289,20.0,42.857142857142854,50.0,1.5714285714285714,2,17,4,68.72556194458966,50,13,2,24,6,30,1,29,14,17,3,0,0,17,17,3,6,46,17,14,10,54,63,3,1,6,1913,0,0,0,7,6.464480168836687,50.486163051608074,40.21739130434783,67,10.087424344317418,25.0,100.0,76.47058823529412,2.1666666666666665,2,17,10,68.72556194458966
S45G01N40,2024-2025,20241109,443,home,6,11,0,19,6,25,4,30,16,22,6,2,2,7,3,3,7,52,22,16,7,53,59,3,1,7,1915,0,1,0,8,-6.464480168836687,48.1118373275236,48.07692307692308,54,11.275773195876289,20.0,42.857142857142854,50.0,1.5714285714285714,2,17,4,68.65378590078329,50,13,2,24,6,30,1,29,14,17,3,0,0,17,17,3,6,46,17,14,10,54,63,3,1,6,1915,0,0,0,7,6.464480168836687,50.486163051608074,40.21739130434783,67,10.087424344317418,24.0,100.0,76.47058823529412,2.1666666666666665,2,17,10,68.65378590078329
S45G01N40,2024-2025,20241109,444,home,6,11,0,19,6,25,4,30,16,23,6,2,2,7,3,3,7,53,22,16,7,53,60,3,1,7,1923,0,1,0,8,-8.120188752129948,47.25392296718973,47.16981132075472,53,11.097019657577679,20.0,42.857142857142854,50.0,1.5714285714285714,2,17,4,68.99219968798752,50,13,2,24,6,30,1,29,14,17,3,0,0,17,17,3,6,46,17,14,10,54,63,3,1,6,1923,0,0,0,7,8.120188752129948,50.486163051608074,40.21739130434783,67,10.087424344317418,24.0,100.0,76.47058823529412,2.1666666666666665,2,17,10,68.99219968798752
S45G01N40,2024-2025,20241109,445,home,6,11,0,19,6,25,4,30,16,23,6,2,2,7,3,3,7,53,22,16,7,53,60,3,1,7,1924,0,1,0,8,-8.120188752129948,47.25392296718973,47.16981132075472,53,11.097019657577679,19.35483870967742,42.857142857142854,50.0,1.5714285714285714,2,17,4,68.95634095634097,50,13,2,25,6,31,1,29,14,17,3,0,0,17,17,3,6,46,17,14,10,54,63,3,1,6,1924,0,0,0,7,8.120188752129948,50.486163051608074,40.21739130434783,68,10.087424344317418,24.0,100.0,76.47058823529412,2.1666666666666665,2,17,10,68.95634095634097
S45G01N40,2024-2025,20241109,446,home,6,11,0,19,6,25,4,30,16,23,6,2,2,7,3,3,7,53,22,16,7,53,60,3,1,7,1947,0,1,0,8,-8.120188752129948,47.25392296718973,47.16981132075472,53,11.097019657577679,19.35483870967742,42.857142857142854,50.0,1.5714285714285714,2,17,4,68.14175654853621,50,13,2,25,6,31,1,29,14,17,3,0,0,17,17,3,6,46,17,14,10,54,63,3,2,6,1947,0,0,0,8,8.120188752129948,50.486163051608074,40.21739130434783,67,10.087424344317418,24.0,100.0,76.47058823529412,2.1666666666666665,2,17,10,68.14175654853621
S45G01N40,2024-2025,20241109,447,home,6,11,0,19,6,25,4,31,16,23,6,2,2,7,3,3,7,54,22,16,7,53,61,3,1,7,1962,0,1,0,8,-9.718882577045349,46.4260686755431,46.2962962962963,52,10.923845193508114,19.35483870967742,42.857142857142854,50.0,1.5714285714285714,2,17,4,68.23241590214067,50,13,2,25,6,31,1,29,14,17,3,0,0,17,17,3,6,46,17,14,10,54,63,3,2,6,1962,0,0,0,8,9.718882577045349,50.486163051608074,40.21739130434783,67,10.087424344317418,24.0,100.0,76.47058823529412,2.1666666666666665,2,17,10,68.23241590214067
S45G01N40,2024-2025,20241109,448,home,6,11,0,19,6,25,4,31,16,23,6,2,2,7,3,3,7,54,22,16,7,53,61,3,1,7,1963,0,1,0,8,-9.718882577045349,46.4260686755431,46.2962962962963,52,10.923845193508114,18.75,42.857142857142854,50.0,1.5714285714285714,2,17,4,68.19765664798777,50,13,2,26,6,32,1,29,14,17,3,0,0,17,17,3,6,46,17,14,10,54,63,3,2,6,1963,0,0,0,8,9.718882577045349,50.486163051608074,40.21739130434783,68,10.087424344317418,24.0,100.0,76.47058823529412,2.1666666666666665,2,17,10,68.19765664798777
S45G01N40,2024-2025,20241109,449,home,6,11,0,19,6,25,4,31,16,23,6,2,2,7,3,3,7,54,22,16,7,53,61,3,1,7,1974,0,1,0,8,-7.86549920510673,46.4260686755431,46.2962962962963,52,10.923845193508114,18.75,42.857142857142854,50.0,1.5714285714285714,2,17,4,68.42553191489361,50,13,2,26,6,32,1,29,14,17,3,0,0,17,17,3,6,46,17,14,10,54,63,3,2,7,1974,0,0,0,9,7.86549920510673,50.486163051608074,40.21739130434783,67,11.574074074074073,24.0,100.0,76.47058823529412,1.8571428571428572,2,17,10,68.42553191489361
S45G01N40,2024-2025,20241109,450,home,6,11,0,19,6,25,4,31,16,24,7,2,2,7,3,3,7,55,23,16,7,56,62,3,1,7,1993,0,1,0,8,-4.332212873457621,48.209366391184574,48.18181818181818,55,10.7559926244622,18.75,42.857142857142854,47.82608695652174,1.5714285714285714,5,18,4,68.37531359759157,50,13,2,26,6,32,1,29,14,17,3,0,0,17,17,3,6,46,17,14,10,54,63,3,2,7,1993,0,0,0,9,4.332212873457621,50.486163051608074,40.21739130434783,67,11.574074074074073,24.0,100.0,76.47058823529412,1.8571428571428572,5,18,10,68.37531359759157
S45G01N40,2024-2025,20241109,451,home,6,12,0,19,6,25,4,31,16,24,7,2,2,7,3,3,7,55,23,16,7,56,62,3,1,7,1993,0,1,0,8,-4.332212873457621,48.209366391184574,48.18181818181818,56,10.7559926244622,18.75,42.857142857142854,52.17391304347826,1.7142857142857142,5,18,4,68.37531359759157,50,13,2,26,6,32,1,29,14,17,3,0,0,17,17,3,6,46,17,14,10,54,63,3,2,7,1993,0,0,0,9,4.332212873457621,50.486163051608074,40.21739130434783,67,11.574074074074073,24.0,100.0,76.47058823529412,1.8571428571428572,5,18,10,68.37531359759157
S45G01N40,2024-2025,20241109,452,home,6,12,0,19,6,25,4,31,16,24,7,2,2,7,3,3,7,55,23,16,7,56,62,3,1,7,1994,0,1,0,8,-4.332212873457621,48.209366391184574,48.18181818181818,56,10.7559926244622,18.75,42.857142857142854,52.17391304347826,1.7142857142857142,5,18,4,68.34102306920762,50,13,2,26,6,32,1,29,14,17,3,0,0,17,17,3,6,46,17,14,10,54,63,3,2,7,1994,0,0,0,9,4.332212873457621,50.486163051608074,40.21739130434783,67,11.574074074074073,24.0,100.0,76.47058823529412,1.8571428571428572,5,18,10,68.34102306920762
S45G01N40,2024-2025,20241109,453,home,6,12,0,19,6,25,4,31,16,24,7,2,2,7,3,3,7,55,23,16,7,56,62,3,1,7,1994,0,1,0,8,-4.332212873457621,48.209366391184574,48.18181818181818,56,10.7559926244622,18.75,42.857142857142854,52.17391304347826,1.7142857142857142,5,18,4,68.34102306920762,50,13,2,26,6,32,1,29,14,17,3,0,0,17,17,3,6,46,17,14,10,54,63,3,2,7,1994,0,0,0,9,4.332212873457621,50.486163051608074,40.21739130434783,67,11.574074074074073,24.0,100.0,76.47058823529412,1.8571428571428572,5,18,10,68.34102306920762
S45G01N40,2024-2025,20241109,454,home,6,12,0,19,6,25,4,31,16,24,7,2,2,7,3,3,7,55,23,16,7,56,62,3,1,7,2019,0,1,0,8,-2.5456421681353874,48.209366391184574,48.18181818181818,56,10.7559926244622,18.75,42.857142857142854,52.17391304347826,1.7142857142857142,5,18,4,68.0891530460624,50,13,2,26,6,32,1,29,14,18,3,0,0,17,17,3,6,47,17,14,10,54,64,3,2,7,2019,0,0,0,9,2.5456421681353874,49.559471365638764,39.361702127659576,66,11.385816525699413,24.0,100.0,76.47058823529412,1.8571428571428572,5,18,10,68.0891530460624
S45G01N40,2024-2025,20241109,455,home,6,12,0,19,6,25,4,31,16,24,7,2,2,7,3,3,7,55,23,16,7,56,62,3,1,7,2022,0,1,0,8,-4.332212873457621,48.209366391184574,48.18181818181818,56,10.7559926244622,18.75,42.857142857142854,52.17391304347826,1.7142857142857142,5,18,4,67.3946587537092,50,13,2,26,7,33,1,29,14,18,3,0,0,17,17,3,6,47,17,14,10,54,64,3,2,7,2022,0,0,0,9,4.332212873457621,49.559471365638764,39.361702127659576,67,11.385816525699413,26.923076923076923,100.0,76.47058823529412,1.8571428571428572,5,18,10,67.3946587537092
S45G01N40,2024-2025,20241109,456,home,6,12,0,19,6,25,4,31,16,24,7,2,2,7,3,3,7,55,23,16,7,56,62,3,1,7,2029,0,1,0,8,-2.5456421681353874,48.209366391184574,48.18181818181818,56,10.7559926244622,18.75,42.857142857142854,52.17391304347826,1.7142857142857142,5,18,4,67.75357318876293,50,13,2,26,7,33,1,29,14,18,3,0,0,17,17,3,6,47,17,14,10,54,64,3,2,8,2029,0,0,0,10,2.5456421681353874,49.559471365638764,39.361702127659576,66,12.804097311139564,26.923076923076923,100.0,76.47058823529412,1.625,5,18,10,67.75357318876293
S45G01N40,2024-2025,20241109,457,home,6,12,0,19,6,25,4,31,16,24,7,2,2,7,3,3,7,55,23,16,7,56,62,3,1,7,2042,0,1,0,8,-2.5456421681353874,48.209366391184574,48.18181818181818,56,10.7559926244622,18.75,42.857142857142854,52.17391304347826,1.7142857142857142,5,18,4,67.32223310479921,50,13,2,26,7,33,1,29,14,18,3,0,0,17,17,3,6,47,17,15,11,54,64,3,2,8,2042,0,0,0,10,2.5456421681353874,49.559471365638764,39.361702127659576,66,12.804097311139564,26.923076923076923,100.0,76.47058823529412,1.625,5,18,10,67.32223310479921
S45G01N40,2024-2025,20241109,458,home,6,12,0,19,6,25,4,31,16,24,7,2,2,7,3,3,7,55,23,16,7,56,62,3,1,7,2042,0,1,0,8,-2.5456421681353874,48.209366391184574,48.18181818181818,56,10.7559926244622,18.75,42.857142857142854,52.17391304347826,1.7142857142857142,5,18,4,67.32223310479921,50,13,2,26,7,33,1,29,14,18,3,0,0,17,17,3,6,47,17,15,11,54,64,3,2,8,2042,0,0,0,10,2.5456421681353874,49.559471365638764,39.361702127659576,66,12.804097311139564,26.923076923076923,100.0,76.47058823529412,1.625,5,18,10,67.32223310479921
S45G01N40,2024-2025,20241109,459,home,6,12,0,19,6,25,4,32,16,24,7,2,2,7,3,3,7,56,23,16,7,56,63,3,1,7,2050,0,1,0,8,-4.123317432080455,47.39336492890995,47.32142857142857,55,10.593220338983052,18.75,42.857142857142854,52.17391304347826,1.7142857142857142,5,18,4,67.64487804878048,50,13,2,26,7,33,1,29,14,18,3,0,0,17,17,3,6,47,17,15,11,54,64,3,2,8,2050,0,0,0,10,4.123317432080455,49.559471365638764,39.361702127659576,66,12.804097311139564,26.923076923076923,100.0,76.47058823529412,1.625,5,18,10,67.64487804878048
S45G01N40,2024-2025,20241109,460,home,6,12,0,19,7,26,4,32,16,24,7,2,2,7,3,3,7,56,23,16,7,56,63,3,1,7,2053,0,1,0,8,-2.5456421681353874,47.39336492890995,47.32142857142857,56,10.593220338983052,21.21212121212121,42.857142857142854,52.17391304347826,1.7142857142857142,5,18,4,66.96151972722845,50,13,2,26,7,33,1,29,14,18,3,0,0,17,17,3,6,47,17,15,11,54,64,3,2,8,2053,0,0,0,10,2.5456421681353874,49.559471365638764,39.361702127659576,66,12.804097311139564,26.923076923076923,100.0,76.47058823529412,1.625,5,18,10,66.96151972722845
S45G01N40,2024-2025,20241109,461,home,6,12,0,19,7,26,4,33,16,24,7,2,2,7,3,3,7,57,23,16,7,56,64,3,1,7,2054,0,1,0,8,-4.123317432080455,46.60452729693742,46.49122807017544,55,10.435301132975551,21.21212121212121,42.857142857142854,52.17391304347826,1.7142857142857142,5,18,4,67.51314508276533,50,13,2,26,7,33,1,29,14,18,3,0,0,17,17,3,6,47,17,15,11,54,64,3,2,8,2054,0,0,0,10,4.123317432080455,49.559471365638764,39.361702127659576,66,12.804097311139564,26.923076923076923,100.0,76.47058823529412,1.625,5,18,10,67.51314508276533
S45G01N40,2024-2025,20241109,462,home,6,12,0,19,7,26,4,33,16,24,7,2,2,7,3,3,7,57,23,16,7,56,64,3,1,7,2056,0,1,0,8,-4.123317432080455,46.60452729693742,46.49122807017544,55,10.435301132975551,20.58823529411765,42.857142857142854,52.17391304347826,1.7142857142857142,5,18,4,67.44747081712063,50,13,2,27,7,34,1,29,14,18,3,0,0,17,17,3,6,47,17,15,11,54,64,3,2,8,2056,0,0,0,10,4.123317432080455,49.559471365638764,39.361702127659576,67,12.804097311139564,26.923076923076923,100.0,76.47058823529412,1.625,5,18,10,67.44747081712063
S45G01N40,2024-2025,20241109,463,home,6,12,0,19,7,26,4,33,16,24,7,2,2,7,3,3,7,57,23,16,7,56,64,3,1,7,2074,0,1,0,8,-5.941087049184645,46.60452729693742,46.49122807017544,55,10.435301132975551,20.58823529411765,42.857142857142854,52.17391304347826,1.7142857142857142,2,18,4,67.44069431051109,50,13,2,27,7,34,1,30,15,18,3,0,0,17,17,3,6,48,18,15,11,56,65,3,2,8,2074,0,0,0,10,5.941087049184645,50.46863734679163,40.625,69,12.602394454946438,26.923076923076923,100.0,72.22222222222223,1.625,2,18,10,67.44069431051109
S45G01N40,2024-2025,20241109,464,home,6,12,0,19,7,26,4,33,16,24,7,2,2,7,3,3,7,57,23,16,7,56,64,3,1,8,2078,0,1,0,9,-7.467103005207491,46.60452729693742,46.49122807017544,54,11.750881316098708,20.58823529411765,42.857142857142854,52.17391304347826,1.5,2,18,4,67.888354186718,50,13,2,27,7,34,1,30,15,18,3,0,0,17,17,3,6,48,18,15,11,56,65,3,2,8,2078,0,0,0,10,7.467103005207491,50.46863734679163,40.625,69,12.602394454946438,26.923076923076923,100.0,72.22222222222223,1.625,2,18,10,67.888354186718
S45G01N40,2024-2025,20241109,465,home,6,12,0,19,7,26,4,33,16,24,7,2,2,7,3,3,7,57,23,16,7,56,64,3,1,8,2078,0,1,0,9,-7.467103005207491,46.60452729693742,46.49122807017544,54,11.750881316098708,20.58823529411765,42.857142857142854,52.17391304347826,1.5,2,18,4,67.888354186718,50,13,2,27,7,34,1,30,15,18,3,0,0,17,17,3,6,48,18,15,11,56,65,3,2,8,2078,0,0,0,10,7.467103005207491,50.46863734679163,40.625,69,12.602394454946438,26.923076923076923,100.0,72.22222222222223,1.625,2,18,10,67.888354186718
S45G01N40,2024-2025,20241109,466,home,6,12,0,19,7,26,4,33,16,24,7,2,2,7,3,3,7,57,23,16,7,56,64,3,1,8,2078,0,1,0,9,-7.467103005207491,46.60452729693742,46.49122807017544,54,11.750881316098708,20.58823529411765,42.857142857142854,52.17391304347826,1.5,2,18,4,67.888354186718,50,13,2,27,7,34,1,30,15,18,3,0,0,17,17,3,6,48,18,15,11,56,65,3,2,8,2078,0,0,0,10,7.467103005207491,50.46863734679163,40.625,69,12.602394454946438,26.923076923076923,100.0,72.22222222222223,1.625,2,18,10,67.888354186718
S45G01N40,2024-2025,20241109,467,home,6,12,0,19,7,26,4,33,16,24,7,2,2,7,3,3,7,57,23,17,7,56,64,3,1,8,2100,0,1,0,9,-7.467103005207491,46.60452729693742,46.49122807017544,54,11.750881316098708,20.58823529411765,42.857142857142854,52.17391304347826,1.5,2,18,4,67.17714285714285,50,13,2,27,7,34,1,30,15,18,3,0,0,17,17,3,6,48,18,15,11,56,65,3,2,8,2100,0,0,0,10,7.467103005207491,50.46863734679163,40.625,69,12.602394454946438,26.923076923076923,100.0,72.22222222222223,1.625,2,18,10,67.17714285714285
S45G01N40,2024-2025,20241109,468,home,6,12,0,19,7,26,4,33,16,24,7,2,2,7,3,3,7,57,23,17,7,56,64,3,1,8,2100,0,1,0,9,-7.467103005207491,46.60452729693742,46.49122807017544,54,11.750881316098708,20.58823529411765,42.857142857142854,52.17391304347826,1.5,2,18,4,67.17714285714285,50,13,2,27,7,34,1,30,15,18,3,0,0,17,17,3,6,48,18,15,11,56,65,3,2,8,2100,0,0,0,10,7.467103005207491,50.46863734679163,40.625,69,12.602394454946438,26.923076923076923,100.0,72.22222222222223,1.625,2,18,10,67.17714285714285
S45G01N40,2024-2025,20241109,469,home,6,12,0,19,7,26,4,33,16,24,7,2,2,7,3,3,7,57,23,17,7,56,64,3,1,8,2100,0,1,0,9,-7.467103005207491,46.60452729693742,46.49122807017544,54,11.750881316098708,20.58823529411765,42.857142857142854,52.17391304347826,1.5,2,18,4,67.17714285714285,50,13,2,27,7,34,1,30,15,18,3,0,0,17,17,3,6,48,18,15,11,56,65,3,2,8,2100,0,0,0,10,7.467103005207491,50.46863734679163,40.625,69,12.602394454946438,26.923076923076923,100.0,72.22222222222223,1.625,2,18,10,67.17714285714285
S45G01N40,2024-2025,20241109,470,home,6,12,0,19,7,26,4,33,16,24,7,2,2,7,3,3,7,57,23,17,7,56,64,3,1,8,2100,0,1,0,9,-7.467103005207491,46.60452729693742,46.49122807017544,54,11.750881316098708,20.58823529411765,42.857142857142854,52.17391304347826,1.5,2,18,4,67.17714285714285,50,13,2,27,7,34,1,30,15,18,3,0,0,17,17,3,6,48,18,15,11,56,65,3,2,8,2100,0,0,0,10,7.467103005207491,50.46863734679163,40.625,69,12.602394454946438,26.923076923076923,100.0,72.22222222222223,1.625,2,18,10,67.17714285714285
S45G01N40,2024-2025,20241109,471,home,6,12,0,19,7,26,4,33,16,24,7,2,2,7,3,3,7,57,23,17,7,56,64,3,1,8,2100,0,1,0,9,-7.467103005207491,46.60452729693742,46.49122807017544,54,11.750881316098708,20.58823529411765,42.857142857142854,52.17391304347826,1.5,2,18,4,67.17714285714285,50,13,2,27,7,34,1,30,15,18,3,0,0,17,17,3,6,48,18,15,11,56,65,3,2,8,2100,0,0,0,10,7.467103005207491,50.46863734679163,40.625,69,12.602394454946438,26.923076923076923,100.0,72.22222222222223,1.625,2,18,10,67.17714285714285
S45G01N40,2024-2025,20241109,472,home,6,12,0,19,7,26,4,33,16,24,7,2,2,7,3,3,7,57,23,17,7,56,64,3,1,8,2100,0,1,0,9,-7.467103005207491,46.60452729693742,46.49122807017544,54,11.750881316098708,20.58823529411765,42.857142857142854,52.17391304347826,1.5,2,18,4,67.17714285714285,50,13,2,27,7,34,1,30,15,18,3,0,0,17,17,3,6,48,18,15,11,56,65,3,2,8,2100,0,0,0,10,7.467103005207491,50.46863734679163,40.625,69,12.602394454946438,26.923076923076923,100.0,72.22222222222223,1.625,2,18,10,67.17714285714285
S45G01N40,2024-2025,20241109,473,home,6,12,0,19,7,26,4,33,16,24,7,2,2,7,3,3,7,57,23,17,7,56,64,3,1,8,2100,0,1,0,9,-8.457509499885177,46.60452729693742,46.49122807017544,54,11.750881316098708,20.58823529411765,42.857142857142854,52.17391304347826,1.5,3,19,4,67.42857142857143,50,13,2,27,7,34,1,30,15,18,3,0,0,18,18,3,6,48,18,15,11,57,66,3,2,8,2100,0,0,0,10,8.457509499885177,50.9656652360515,40.625,70,12.515644555694617,26.923076923076923,100.0,72.22222222222223,1.625,3,19,10,67.42857142857143
S45G01N40,2024-2025,20241109,474,home,6,12,0,19,7,26,4,33,16,24,7,2,2,7,3,3,7,57,23,17,7,56,64,3,1,8,2100,0,1,0,9,-7.6893462993865,46.60452729693742,46.49122807017544,54,11.750881316098708,20.58823529411765,42.857142857142854,52.17391304347826,1.5,3,19,4,67.67999999999999,50,13,2,27,7,34,1,30,15,18,3,0,0,19,18,3,6,48,18,15,11,57,67,3,2,8,2100,0,0,0,10,7.6893462993865,50.567778566359124,40.625,69,12.430080795525171,26.923076923076923,94.73684210526316,72.22222222222223,1.625,3,19,10,67.67999999999999
S45G01N40,2024-2025,20241109,475,home,6,12,0,19,7,26,4,33,16,24,7,2,2,7,3,3,7,57,23,17,7,56,64,3,1,8,2102,0,1,0,9,-9.452518494866254,46.60452729693742,46.49122807017544,54,11.750881316098708,20.58823529411765,42.857142857142854,52.17391304347826,1.5,3,19,4,67.04471931493816,50,13,2,27,8,35,1,30,15,18,3,0,0,19,18,3,6,48,18,15,11,57,67,3,2,8,2102,0,0,0,10,9.452518494866254,50.567778566359124,40.625,70,12.430080795525171,29.62962962962963,94.73684210526316,72.22222222222223,1.625,3,19,10,67.04471931493816
S45G01N40,2024-2025,20241109,476,home,6,12,0,19,7,26,4,33,16,24,7,2,2,7,3,3,7,57,23,17,7,56,64,3,1,8,2107,0,1,0,9,-7.6893462993865,46.60452729693742,46.49122807017544,54,11.750881316098708,20.58823529411765,42.857142857142854,52.17391304347826,1.5,3,19,4,67.45514950166113,50,13,2,27,8,35,1,30,15,19,3,0,0,19,18,3,6,49,18,15,11,57,68,3,2,8,2107,0,0,0,10,7.6893462993865,49.68619246861925,39.795918367346935,69,12.239902080783354,29.62962962962963,94.73684210526316,72.22222222222223,1.625,3,19,10,67.45514950166113
S45G01N40,2024-2025,20241109,477,home,6,12,0,20,7,27,4,33,16,24,7,2,2,7,3,3,7,57,23,17,7,56,64,3,1,8,2108,0,1,0,9,-7.6893462993865,46.60452729693742,46.49122807017544,55,11.750881316098708,20.58823529411765,42.857142857142854,52.17391304347826,1.5,3,19,4,67.42314990512334,50,13,2,27,8,35,1,30,15,19,3,0,0,19,18,3,6,49,18,15,11,57,68,3,2,8,2108,0,0,0,10,7.6893462993865,49.68619246861925,39.795918367346935,69,12.239902080783354,28.571428571428573,94.73684210526316,72.22222222222223,1.625,3,19,10,67.42314990512334
S45G01N40,2024-2025,20241109,478,home,6,12,0,20,7,27,4,33,16,24,7,2,2,7,3,3,7,57,23,17,7,56,64,3,1,8,2125,0,1,0,9,-7.6893462993865,46.60452729693742,46.49122807017544,55,11.750881316098708,20.58823529411765,42.857142857142854,52.17391304347826,1.5,3,19,4,66.88376470588236,50,13,2,27,8,35,1,30,15,19,3,0,0,19,18,3,6,49,18,16,11,57,68,3,2,8,2125,0,0,0,10,7.6893462993865,49.68619246861925,39.795918367346935,69,12.239902080783354,28.571428571428573,94.73684210526316,72.22222222222223,1.625,3,19,10,66.88376470588236
S45G01N40,2024-2025,20241109,479,home,6,12,0,20,7,27,4,33,16,24,7,2,2,7,3,3,7,57,23,17,7,56,64,3,1,8,2125,0,1,0,9,-7.6893462993865,46.60452729693742,46.49122807017544,55,11.750881316098708,20.58823529411765,42.857142857142854,52.17391304347826,1.5,3,19,4,66.88376470588236,50,13,2,27,8,35,1,30,15,19,3,0,0,19,18,3,6,49,18,16,11,57,68,3,2,8,2125,0,0,0,10,7.6893462993865,49.68619246861925,39.795918367346935,69,12.239902080783354,28.571428571428573,94.73684210526316,72.22222222222223,1.625,3,19,10,66.88376470588236
S45G01N40,2024-2025,20241109,480,home,6,12,0,20,7,27,4,33,16,24,7,2,2,8,4,3,7,57,23,17,7,57,65,3,1,8,2125,0,1,0,9,-6.719589098486878,47.09187045604759,46.49122807017544,56,11.675423234092234,20.58823529411765,50.0,52.17391304347826,1.5,1,19,4,67.13223529411765,50,13,2,27,8,35,1,30,15,19,3,0,0,19,18,3,6,49,18,16,11,57,68,3,2,8,2125,0,0,0,10,6.719589098486878,49.68619246861925,39.795918367346935,69,12.239902080783354,28.571428571428573,94.73684210526316,72.22222222222223,1.625,1,19,10,67.13223529411765
S45G01N40,2024-2025,20241109,481,home,6,12,0,20,7,27,4,33,16,24,7,2,2,9,5,3,7,57,23,17,7,58,66,3,1,8,2125,0,1,0,9,-5.763605079265616,47.57217847769029,46.49122807017544,57,11.600928074245939,20.58823529411765,55.55555555555556,52.17391304347826,1.5,2,20,4,67.38070588235294,50,13,2,27,8,35,1,30,15,19,3,0,0,19,18,3,6,49,18,16,11,57,68,3,2,8,2125,0,0,0,10,5.763605079265616,49.68619246861925,39.795918367346935,69,12.239902080783354,28.571428571428573,94.73684210526316,72.22222222222223,1.625,2,20,10,67.38070588235294
S45G01N40,2024-2025,20241109,482,home,6,12,0,20,7,27,4,33,16,24,7,2,2,9,5,3,7,57,23,18,8,58,66,3,1,8,2133,0,1,0,9,-5.763605079265616,47.57217847769029,46.49122807017544,57,11.600928074245939,20.58823529411765,55.55555555555556,52.17391304347826,1.5,2,20,4,67.12798874824192,50,13,2,27,8,35,1,30,15,19,3,0,0,19,18,3,6,49,18,16,11,57,68,3,2,8,2133,0,0,0,10,5.763605079265616,49.68619246861925,39.795918367346935,69,12.239902080783354,28.571428571428573,94.73684210526316,72.22222222222223,1.625,2,20,10,67.12798874824192
S45G01N40,2024-2025,20241109,483,home,6,12,0,20,7,27,4,33,16,24,7,2,2,9,5,3,7,57,23,18,8,58,66,3,1,8,2133,0,1,0,9,-5.763605079265616,47.57217847769029,46.49122807017544,57,11.600928074245939,20.58823529411765,55.55555555555556,52.17391304347826,1.5,2,20,4,67.12798874824192,50,13,2,27,8,35,1,30,15,19,3,0,0,19,18,3,6,49,18,16,11,57,68,3,2,8,2133,0,0,0,10,5.763605079265616,49.68619246861925,39.795918367346935,69,12.239902080783354,28.571428571428573,94.73684210526316,72.22222222222223,1.625,2,20,10,67.12798874824192
S45G01N40,2024-2025,20241109,484,home,6,12,0,20,7,27,4,33,16,24,7,2,2,9,5,3,7,57,23,18,8,58,66,3,1,8,2143,0,1,0,9,-4.060856879518553,47.57217847769029,46.49122807017544,57,11.600928074245939,20.58823529411765,55.55555555555556,52.17391304347826,1.5,2,20,4,67.37470835277648,50,13,2,27,8,35,1,31,15,19,3,0,0,19,18,3,6,50,18,16,11,57,69,3,2,8,2143,0,0,0,10,4.060856879518553,48.834818368745715,39.0,68,12.055455093429778,28.571428571428573,94.73684210526316,72.22222222222223,1.625,2,20,10,67.37470835277648
S45G01N40,2024-2025,20241109,485,home,6,12,0,20,7,27,4,33,16,24,7,2,2,9,5,3,7,57,23,18,8,58,66,3,1,8,2149,0,1,0,9,-5.763605079265616,47.57217847769029,46.49122807017544,57,11.600928074245939,20.58823529411765,55.55555555555556,52.17391304347826,1.5,2,20,4,66.62819916240112,50,13,2,27,9,36,1,31,15,19,3,0,0,19,18,3,6,50,18,16,11,57,69,3,2,8,2149,0,0,0,10,5.763605079265616,48.834818368745715,39.0,69,12.055455093429778,31.03448275862069,94.73684210526316,72.22222222222223,1.625,2,20,10,66.62819916240112
S45G01N40,2024-2025,20241109,486,home,6,12,0,20,7,27,4,33,16,24,7,2,2,9,5,3,7,57,23,18,8,58,66,3,1,8,2149,0,1,0,9,-7.48786167732527,47.57217847769029,46.49122807017544,57,11.600928074245939,20.58823529411765,55.55555555555556,52.17391304347826,1.5,2,21,4,67.18659841786878,50,13,2,27,9,36,1,32,16,19,3,0,0,19,18,3,6,51,19,16,11,59,70,3,2,8,2149,0,0,0,10,7.48786167732527,49.69676549865229,40.19607843137255,71,11.876484560570072,31.03448275862069,94.73684210526316,68.42105263157895,1.625,2,21,10,67.18659841786878
S45G01N40,2024-2025,20241109,487,home,6,12,0,20,7,27,4,33,16,24,7,2,2,9,5,3,7,57,23,18,8,58,66,3,1,8,2149,0,1,0,9,-7.48786167732527,47.57217847769029,46.49122807017544,57,11.600928074245939,20.58823529411765,55.55555555555556,52.17391304347826,1.5,2,21,4,67.18659841786878,50,13,2,27,9,36,1,32,16,19,3,0,0,19,18,3,6,51,19,16,11,59,70,3,2,8,2149,0,0,0,10,7.48786167732527,49.69676549865229,40.19607843137255,71,11.876484560570072,31.03448275862069,94.73684210526316,68.42105263157895,1.625,2,21,10,67.18659841786878
S45G01N40,2024-2025,20241109,488,home,6,12,0,20,7,27,4,33,16,24,7,2,2,9,5,3,7,57,23,18,8,58,66,3,1,8,2149,0,1,0,9,-7.48786167732527,47.57217847769029,46.49122807017544,57,11.600928074245939,20.58823529411765,55.55555555555556,52.17391304347826,1.5,2,21,4,67.18659841786878,50,13,2,27,9,36,1,32,16,19,3,0,0,19,18,3,6,51,19,16,11,59,70,3,2,8,2149,0,0,0,10,7.48786167732527,49.69676549865229,40.19607843137255,71,11.876484560570072,31.03448275862069,94.73684210526316,68.42105263157895,1.625,2,21,10,67.18659841786878
S45G01N40,2024-2025,20241109,489,home,6,12,0,20,7,27,4,33,16,24,7,2,2,9,5,3,7,57,23,18,8,58,66,3,1,8,2149,0,1,0,9,-7.48786167732527,47.57217847769029,46.49122807017544,57,11.600928074245939,20.58823529411765,55.55555555555556,52.17391304347826,1.5,2,21,4,67.18659841786878,50,13,2,27,9,36,1,32,16,19,3,0,0,19,18,3,6,51,19,16,11,59,70,3,2,8,2149,0,0,0,10,7.48786167732527,49.69676549865229,40.19607843137255,71,11.876484560570072,31.03448275862069,94.73684210526316,68.42105263157895,1.625,2,21,10,67.18659841786878
S45G01N40,2024-2025,20241109,490,home,6,12,0,20,7,27,4,34,16,24,7,2,2,9,5,3,7,58,23,18,8,58,67,3,1,8,2169,0,1,0,9,-8.974659324370592,46.804389928986446,45.689655172413794,56,11.435105774728415,20.58823529411765,55.55555555555556,52.17391304347826,1.5,2,21,4,67.12033195020747,50,13,2,27,9,36,1,32,16,19,3,0,0,19,18,3,6,51,19,16,11,59,70,3,2,8,2169,0,0,0,10,8.974659324370592,49.69676549865229,40.19607843137255,71,11.876484560570072,31.03448275862069,94.73684210526316,68.42105263157895,1.625,2,21,10,67.12033195020747
S45G01N40,2024-2025,20241109,491,home,6,12,0,20,7,27,4,34,16,24,7,2,2,9,5,3,7,58,23,18,8,58,67,3,1,8,2172,0,1,0,9,-8.974659324370592,46.804389928986446,45.689655172413794,56,11.435105774728415,20.0,55.55555555555556,52.17391304347826,1.5,2,21,4,67.02762430939228,50,13,2,28,9,37,1,32,16,19,3,0,0,19,18,3,6,51,19,16,11,59,70,3,2,8,2172,0,0,0,10,8.974659324370592,49.69676549865229,40.19607843137255,72,11.876484560570072,31.03448275862069,94.73684210526316,68.42105263157895,1.625,2,21,10,67.02762430939228
S45G01N40,2024-2025,20241109,492,home,6,12,0,20,7,27,4,34,16,24,7,2,2,9,5,3,7,58,23,18,8,58,67,3,1,8,2187,0,1,0,9,-7.271548786377025,46.804389928986446,45.689655172413794,56,11.435105774728415,20.0,55.55555555555556,52.17391304347826,1.5,2,21,4,67.11659807956104,50,13,2,28,9,37,1,33,16,19,3,0,0,19,18,3,6,52,19,16,11,59,71,3,2,8,2187,0,0,0,10,7.271548786377025,48.873426110006626,39.42307692307692,71,11.702750146284377,31.03448275862069,94.73684210526316,68.42105263157895,1.625,2,21,10,67.11659807956104
S45G01N40,2024-2025,20241109,493,home,6,12,1,20,7,27,4,34,16,24,7,2,2,9,5,3,7,58,23,18,8,58,67,3,1,8,2188,0,1,0,9,-7.271548786377025,46.804389928986446,45.689655172413794,57,11.435105774728415,20.0,55.55555555555556,52.17391304347826,1.5,2,21,4,67.08592321755027,50,13,2,28,9,37,1,33,16,19,3,0,0,19,18,3,6,52,19,16,11,59,71,3,2,8,2188,0,0,0,10,7.271548786377025,48.873426110006626,39.42307692307692,71,11.702750146284377,31.03448275862069,94.73684210526316,68.42105263157895,1.625,2,21,10,67.08592321755027
S45G01N40,2024-2025,20241109,494,home,6,12,1,21,7,28,4,34,16,24,7,2,2,9,5,3,7,58,23,18,8,58,67,3,1,8,2191,0,1,0,9,-7.271548786377025,46.804389928986446,45.689655172413794,58,11.435105774728415,20.0,55.55555555555556,52.17391304347826,1.5,2,21,4,66.99406663623915,50,13,2,28,9,37,1,33,16,19,3,0,0,19,18,3,6,52,19,16,11,59,71,3,2,8,2191,0,0,0,10,7.271548786377025,48.873426110006626,39.42307692307692,71,11.702750146284377,30.0,94.73684210526316,68.42105263157895,1.625,2,21,10,66.99406663623915
S45G01N40,2024-2025,20241109,495,home,6,12,1,21,7,28,4,34,16,25,7,2,2,9,5,3,7,59,23,18,8,58,68,3,1,8,2204,0,1,0,9,-8.711854949774889,46.060991105463785,44.91525423728814,57,11.273957158962794,20.0,55.55555555555556,52.17391304347826,1.5,2,21,4,67.14337568058076,50,13,2,28,9,37,1,33,16,19,3,0,0,19,18,3,6,52,19,16,11,59,71,3,2,8,2204,0,0,0,10,8.711854949774889,48.873426110006626,39.42307692307692,71,11.702750146284377,30.0,94.73684210526316,68.42105263157895,1.625,2,21,10,67.14337568058076
S45G01N40,2024-2025,20241109,496,home,6,12,1,21,7,28,4,34,16,25,7,2,2,9,5,3,7,59,23,18,8,58,68,3,1,8,2205,0,1,0,9,-8.711854949774889,46.060991105463785,44.91525423728814,57,11.273957158962794,19.444444444444443,55.55555555555556,52.17391304347826,1.5,2,21,4,67.11292517006804,50,13,2,29,9,38,1,33,16,19,3,0,0,19,18,3,6,52,19,16,11,59,71,3,2,8,2205,0,0,0,10,8.711854949774889,48.873426110006626,39.42307692307692,72,11.702750146284377,30.0,94.73684210526316,68.42105263157895,1.625,2,21,10,67.11292517006804
S45G01N40,2024-2025,20241109,497,home,6,12,1,21,7,28,4,34,16,25,7,2,2,9,5,3,7,59,23,18,8,58,68,3,1,8,2226,0,1,0,9,-7.065176172483561,46.060991105463785,44.91525423728814,57,11.273957158962794,19.444444444444443,55.55555555555556,52.17391304347826,1.5,2,21,4,67.0188679245283,50,13,2,29,9,38,1,33,16,20,3,0,0,19,18,3,6,53,19,16,11,59,72,3,2,8,2226,0,0,0,10,7.065176172483561,48.07692307692308,38.679245283018865,71,11.534025374855824,30.0,94.73684210526316,68.42105263157895,1.625,2,21,10,67.0188679245283
S45G01N40,2024-2025,20241109,498,home,6,12,1,22,7,29,4,34,16,25,7,2,2,9,5,3,7,59,23,18,8,58,68,3,1,8,2228,0,1,0,9,-7.065176172483561,46.060991105463785,44.91525423728814,58,11.273957158962794,19.444444444444443,55.55555555555556,52.17391304347826,1.5,2,21,4,66.95870736086177,50,13,2,29,9,38,1,33,16,20,3,0,0,19,18,3,6,53,19,16,11,59,72,3,2,8,2228,0,0,0,10,7.065176172483561,48.07692307692308,38.679245283018865,71,11.534025374855824,29.032258064516128,94.73684210526316,68.42105263157895,1.625,2,21,10,66.95870736086177
S45G01N40,2024-2025,20241109,499,home,6,12,1,22,7,29,4,34,16,25,7,2,2,9,5,3,7,59,23,18,8,58,68,3,1,8,2244,0,1,0,9,-7.065176172483561,46.060991105463785,44.91525423728814,58,11.273957158962794,19.444444444444443,55.55555555555556,52.17391304347826,1.5,2,21,4,66.4812834224599,50,13,2,29,9,38,1,33,16,20,3,0,0,19,18,3,6,53,19,17,11,59,72,3,2,8,2244,0,0,0,10,7.065176172483561,48.07692307692308,38.679245283018865,71,11.534025374855824,29.032258064516128,94.73684210526316,68.42105263157895,1.625,2,21,10,66.4812834224599
S45G01N40,2024-2025,20241109,500,home,6,12,1,22,7,29,4,34,16,25,7,2,2,9,5,3,7,59,23,18,8,58,68,3,1,8,2244,0,1,0,9,-7.065176172483561,46.060991105463785,44.91525423728814,58,11.273957158962794,19.444444444444443,55.55555555555556,52.17391304347826,1.5,2,21,4,66.4812834224599,50,13,2,29,9,38,1,33,16,20,3,0,0,19,18,3,6,53,19,17,11,59,72,3,2,8,2244,0,0,0,10,7.065176172483561,48.07692307692308,38.679245283018865,71,11.534025374855824,29.032258064516128,94.73684210526316,68.42105263157895,1.625,2,21,10,66.4812834224599
S45G01N40,2024-2025,20241109,501,home,6,12,1,22,7,29,4,34,16,25,7,2,2,9,5,3,7,59,23,18,8,58,68,3,1,8,2244,0,1,0,9,-7.065176172483561,46.060991105463785,44.91525423728814,58,11.273957158962794,19.444444444444443,55.55555555555556,52.17391304347826,1.5,2,21,4,66.4812834224599,50,13,2,29,9,38,1,33,16,20,3,0,0,19,18,3,6,53,19,17,11,59,72,3,2,8,2244,0,0,0,10,7.065176172483561,48.07692307692308,38.679245283018865,71,11.534025374855824,29.032258064516128,94.73684210526316,68.42105263157895,1.625,2,21,10,66.4812834224599
S45G01N40,2024-2025,20241109,502,home,6,12,1,22,7,29,4,34,16,25,7,2,2,9,5,3,7,59,23,18,8,58,68,3,1,8,2244,0,1,0,9,-7.065176172483561,46.060991105463785,44.91525423728814,58,11.273957158962794,19.444444444444443,55.55555555555556,52.17391304347826,1.5,2,21,4,66.4812834224599,50,13,2,29,9,38,1,33,16,20,3,0,0,19,18,3,6,53,19,17,11,59,72,3,2,8,2244,0,0,0,10,7.065176172483561,48.07692307692308,38.679245283018865,71,11.534025374855824,29.032258064516128,94.73684210526316,68.42105263157895,1.625,2,21,10,66.4812834224599
S45G01N40,2024-2025,20241109,503,home,6,12,1,22,7,29,4,34,16,25,7,2,2,10,6,3,7,59,23,18,8,59,69,3,1,8,2244,0,1,0,9,-6.13194538771512,46.52996845425868,44.91525423728814,59,11.204481792717086,19.444444444444443,60.0,52.17391304347826,1.5,1,21,4,66.71657754010695,50,13,2,29,9,38,1,33,16,20,3,0,0,19,18,3,6,53,19,17,11,59,72,3,2,8,2244,0,0,0,10,6.13194538771512,48.07692307692308,38.679245283018865,71,11.534025374855824,29.032258064516128,94.73684210526316,68.42105263157895,1.625,1,21,10,66.71657754010695
S45G01N40,2024-2025,20241109,504,home,6,13,1,22,7,29,4,34,16,25,7,2,2,10,6,3,7,59,23,18,8,59,69,3,1,8,2244,0,1,0,9,-6.13194538771512,46.52996845425868,44.91525423728814,60,11.204481792717086,19.444444444444443,60.0,56.52173913043478,1.625,1,21,4,66.71657754010695,50,13,2,29,9,38,1,33,16,20,3,0,0,19,18,3,6,53,19,17,11,59,72,3,2,8,2244,0,0,0,10,6.13194538771512,48.07692307692308,38.679245283018865,71,11.534025374855824,29.032258064516128,94.73684210526316,68.42105263157895,1.625,1,21,10,66.71657754010695
S45G01N40,2024-2025,20241109,505,home,6,13,1,22,7,29,4,34,16,25,7,2,2,11,7,3,7,59,23,18,8,60,70,3,1,8,2244,0,1,0,9,-5.211380289106415,46.992481203007515,44.91525423728814,61,11.135857461024498,19.444444444444443,63.63636363636363,56.52173913043478,1.625,2,22,4,66.95187165775401,50,13,2,29,9,38,1,33,16,20,3,0,0,19,18,3,6,53,19,17,11,59,72,3,2,8,2244,0,0,0,10,5.211380289106415,48.07692307692308,38.679245283018865,71,11.534025374855824,29.032258064516128,94.73684210526316,68.42105263157895,1.625,2,22,10,66.95187165775401
S45G01N40,2024-2025,20241109,506,home,6,13,1,22,7,29,4,34,16,25,7,2,2,11,7,3,7,59,23,18,8,60,70,3,1,8,2244,0,1,0,9,-5.211380289106415,46.992481203007515,44.91525423728814,61,11.135857461024498,19.444444444444443,63.63636363636363,56.52173913043478,1.625,2,22,4,66.95187165775401,50,13,2,29,9,38,1,33,16,20,3,0,0,19,18,3,6,53,19,17,11,59,72,3,2,8,2244,0,0,0,10,5.211380289106415,48.07692307692308,38.679245283018865,71,11.534025374855824,29.032258064516128,94.73684210526316,68.42105263157895,1.625,2,22,10,66.95187165775401
S45G01N40,2024-2025,20241109,507,home,6,13,1,22,7,29,4,34,16,25,7,2,2,11,7,3,7,59,23,18,8,60,70,3,1,8,2244,0,1,0,9,-5.211380289106415,46.992481203007515,44.91525423728814,61,11.135857461024498,19.444444444444443,63.63636363636363,56.52173913043478,1.625,2,22,4,66.95187165775401,50,13,2,29,9,38,1,33,16,20,3,0,0,19,18,3,6,53,19,17,11,59,72,3,2,8,2244,0,0,0,10,5.211380289106415,48.07692307692308,38.679245283018865,71,11.534025374855824,29.032258064516128,94.73684210526316,68.42105263157895,1.625,2,22,10,66.95187165775401
S45G01N40,2024-2025,20241109,508,home,6,13,1,22,7,29,4,34,16,25,7,2,2,11,7,3,7,59,23,18,8,60,70,3,1,8,2261,0,1,0,9,-3.618374222939323,46.992481203007515,44.91525423728814,61,11.135857461024498,19.444444444444443,63.63636363636363,56.52173913043478,1.625,2,22,4,66.97921273772667,50,13,2,29,9,38,1,34,16,20,3,0,0,19,18,3,6,54,19,17,11,59,73,3,2,8,2261,0,0,0,10,3.618374222939323,47.305965362411804,37.96296296296296,70,11.370096645821489,29.032258064516128,94.73684210526316,68.42105263157895,1.625,2,22,10,66.97921273772667
S45G01N40,2024-2025,20241109,509,home,6,13,1,23,7,30,4,34,16,25,7,2,2,11,7,3,7,59,23,18,8,60,70,3,1,8,2263,0,1,0,9,-3.618374222939323,46.992481203007515,44.91525423728814,62,11.135857461024498,19.444444444444443,63.63636363636363,56.52173913043478,1.625,2,22,4,66.92001767565179,50,13,2,29,9,38,1,34,16,20,3,0,0,19,18,3,6,54,19,17,11,59,73,3,2,8,2263,0,0,0,10,3.618374222939323,47.305965362411804,37.96296296296296,70,11.370096645821489,28.125,94.73684210526316,68.42105263157895,1.625,2,22,10,66.92001767565179
S45G01N40,2024-2025,20241109,510,home,6,13,1,23,7,30,4,34,16,26,7,2,2,11,7,3,7,60,23,18,8,60,71,3,1,8,2286,0,1,0,9,-5.023834003177882,46.26773596545342,44.166666666666664,61,10.982976386600768,19.444444444444443,63.63636363636363,56.52173913043478,1.625,2,22,4,66.77165354330708,50,13,2,29,9,38,1,34,16,20,3,0,0,19,18,3,6,54,19,17,11,59,73,3,2,8,2286,0,0,0,10,5.023834003177882,47.305965362411804,37.96296296296296,70,11.370096645821489,28.125,94.73684210526316,68.42105263157895,1.625,2,22,10,66.77165354330708
S45G01N40,2024-2025,20241109,511,home,6,13,1,23,8,31,4,34,16,26,7,2,2,11,7,3,7,60,23,18,8,60,71,3,1,8,2287,0,1,0,9,-3.618374222939323,46.26773596545342,44.166666666666664,62,10.982976386600768,21.62162162162162,63.63636363636363,56.52173913043478,1.625,2,22,4,66.21775251421076,50,13,2,29,9,38,1,34,16,20,3,0,0,19,18,3,6,54,19,17,11,59,73,3,2,8,2287,0,0,0,10,3.618374222939323,47.305965362411804,37.96296296296296,70,11.370096645821489,28.125,94.73684210526316,68.42105263157895,1.625,2,22,10,66.21775251421076
S45G01N40,2024-2025,20241109,512,home,6,13,1,23,8,31,4,34,16,27,7,2,2,11,7,3,7,61,23,18,8,60,72,3,1,8,2299,0,1,0,9,-5.023834003177882,45.56500607533414,43.442622950819676,61,10.834236186348862,21.62162162162162,63.63636363636363,56.52173913043478,1.625,2,22,4,66.39408438451501,50,13,2,29,9,38,1,34,16,20,3,0,0,19,18,3,6,54,19,17,11,59,73,3,2,8,2299,0,0,0,10,5.023834003177882,47.305965362411804,37.96296296296296,70,11.370096645821489,28.125,94.73684210526316,68.42105263157895,1.625,2,22,10,66.39408438451501
S45G01N40,2024-2025,20241109,513,home,6,13,1,23,9,32,4,34,16,27,7,2,2,11,7,3,7,61,23,18,8,60,72,3,1,8,2301,0,1,0,9,-3.618374222939323,45.56500607533414,43.442622950819676,62,10.834236186348862,23.68421052631579,63.63636363636363,56.52173913043478,1.625,2,22,4,65.8148631029987,50,13,2,29,9,38,1,34,16,20,3,0,0,19,18,3,6,54,19,17,11,59,73,3,2,8,2301,0,0,0,10,3.618374222939323,47.305965362411804,37.96296296296296,70,11.370096645821489,28.125,94.73684210526316,68.42105263157895,1.625,2,22,10,65.8148631029987
S45G01N40,2024-2025,20241109,514,home,6,13,1,23,9,32,4,35,16,27,7,2,2,11,7,3,7,62,23,18,8,60,73,3,1,8,2308,0,1,0,9,-5.023834003177882,44.88330341113106,42.74193548387097,61,10.689470871191876,23.68421052631579,63.63636363636363,56.52173913043478,1.625,2,22,4,66.13518197573657,50,13,2,29,9,38,1,34,16,20,3,0,0,19,18,3,6,54,19,17,11,59,73,3,2,8,2308,0,0,0,10,5.023834003177882,47.305965362411804,37.96296296296296,70,11.370096645821489,28.125,94.73684210526316,68.42105263157895,1.625,2,22,10,66.13518197573657
S45G01N40,2024-2025,20241109,515,home,6,13,1,23,10,33,4,35,16,27,7,2,2,11,7,3,7,62,23,18,8,60,73,3,1,8,2310,0,1,0,9,-3.618374222939323,44.88330341113106,42.74193548387097,62,10.689470871191876,25.641025641025642,63.63636363636363,56.52173913043478,1.625,2,22,4,65.55844155844156,50,13,2,29,9,38,1,34,16,20,3,0,0,19,18,3,6,54,19,17,11,59,73,3,2,8,2310,0,0,0,10,3.618374222939323,47.305965362411804,37.96296296296296,70,11.370096645821489,28.125,94.73684210526316,68.42105263157895,1.625,2,22,10,65.55844155844156
S45G01N40,2024-2025,20241109,516,home,6,13,1,23,10,33,4,35,16,28,8,2,2,11,7,3,7,63,24,18,8,63,74,3,1,8,2313,0,1,0,9,-0.4673333956444594,46.43278301886792,44.44444444444444,65,10.548523206751055,25.641025641025642,63.63636363636363,54.166666666666664,1.625,5,22,4,65.99221789883269,50,13,2,29,9,38,1,34,16,20,3,0,0,19,18,3,6,54,19,17,11,59,73,3,2,8,2313,0,0,0,10,0.4673333956444594,47.305965362411804,37.96296296296296,70,11.370096645821489,28.125,94.73684210526316,68.42105263157895,1.625,5,22,10,65.99221789883269
S45G01N40,2024-2025,20241109,517,home,6,14,1,23,10,33,4,35,16,28,8,2,2,11,7,3,7,63,24,18,8,63,74,3,1,8,2313,0,1,0,9,-0.4673333956444594,46.43278301886792,44.44444444444444,66,10.548523206751055,25.641025641025642,63.63636363636363,58.333333333333336,1.75,5,22,4,65.99221789883269,50,13,2,29,9,38,1,34,16,20,3,0,0,19,18,3,6,54,19,17,11,59,73,3,2,8,2313,0,0,0,10,0.4673333956444594,47.305965362411804,37.96296296296296,70,11.370096645821489,28.125,94.73684210526316,68.42105263157895,1.625,5,22,10,65.99221789883269
S45G01N40,2024-2025,20241109,518,home,6,14,1,23,10,33,4,35,16,28,8,2,2,11,7,3,7,63,24,18,8,63,74,3,1,8,2313,0,1,0,9,-0.4673333956444594,46.43278301886792,44.44444444444444,66,10.548523206751055,25.641025641025642,63.63636363636363,58.333333333333336,1.75,5,22,4,65.99221789883269,50,13,2,29,9,38,1,34,16,20,3,0,0,19,18,3,6,54,19,17,11,59,73,3,2,8,2313,0,0,0,10,0.4673333956444594,47.305965362411804,37.96296296296296,70,11.370096645821489,28.125,94.73684210526316,68.42105263157895,1.625,5,22,10,65.99221789883269
S45G01N40,2024-2025,20241109,519,home,6,14,1,23,10,33,4,35,16,28,8,2,2,11,7,3,7,63,24,18,8,63,74,3,1,8,2329,0,1,0,9,-0.4673333956444594,46.43278301886792,44.44444444444444,66,10.548523206751055,25.641025641025642,63.63636363636363,58.333333333333336,1.75,5,22,4,65.538857878918,50,13,2,29,9,38,1,34,16,20,3,0,0,19,18,3,6,54,19,17,11,59,73,3,3,8,2329,0,0,0,11,0.4673333956444594,47.305965362411804,37.96296296296296,69,11.370096645821489,28.125,94.73684210526316,68.42105263157895,1.625,5,22,10,65.538857878918
S45G01N40,2024-2025,20241109,520,home,6,14,1,23,10,33,4,35,16,28,8,2,2,11,7,3,7,63,24,18,8,63,74,3,1,9,2347,0,1,0,10,-1.898908990470943,46.43278301886792,44.44444444444444,65,11.712649661634565,25.641025641025642,63.63636363636363,58.333333333333336,1.5555555555555556,5,22,4,65.54750745632722,50,13,2,29,9,38,1,34,16,20,3,0,0,19,18,3,6,54,19,17,11,59,73,3,3,8,2347,0,0,0,11,1.898908990470943,47.305965362411804,37.96296296296296,69,11.370096645821489,28.125,94.73684210526316,68.42105263157895,1.625,5,22,10,65.54750745632722
S45G01N40,2024-2025,20241109,521,home,6,14,1,23,10,33,4,35,16,28,8,2,2,11,7,3,7,63,24,18,8,63,74,3,1,9,2349,0,1,0,10,-1.898908990470943,46.43278301886792,44.44444444444444,65,11.712649661634565,25.641025641025642,63.63636363636363,58.333333333333336,1.5555555555555556,5,22,4,65.49169859514687,50,13,2,29,9,38,1,34,16,20,3,0,0,19,18,3,6,54,19,17,11,59,73,4,3,8,2349,0,0,0,11,1.898908990470943,47.305965362411804,37.96296296296296,70,11.370096645821489,28.125,94.73684210526316,68.42105263157895,1.625,5,22,10,65.49169859514687
S45G01N40,2024-2025,20241109,522,home,6,14,1,23,10,33,4,35,16,28,8,2,2,11,7,3,7,63,24,18,8,63,74,3,1,9,2356,0,1,0,10,-0.356993561448391,46.43278301886792,44.44444444444444,65,11.712649661634565,25.641025641025642,63.63636363636363,58.333333333333336,1.5555555555555556,5,22,4,65.80645161290323,50,13,2,29,9,38,1,34,16,21,3,0,0,19,18,3,6,55,19,17,11,59,74,4,3,8,2356,0,0,0,11,0.356993561448391,46.55934343434343,37.27272727272727,69,11.210762331838565,28.125,94.73684210526316,68.42105263157895,1.625,5,22,10,65.80645161290323
S45G01N40,2024-2025,20241109,523,home,6,14,1,24,10,34,4,35,16,28,8,2,2,11,7,3,7,63,24,18,8,63,74,3,1,9,2359,0,1,0,10,-0.356993561448391,46.43278301886792,44.44444444444444,66,11.712649661634565,25.641025641025642,63.63636363636363,58.333333333333336,1.5555555555555556,5,22,4,65.72276388300126,50,13,2,29,9,38,1,34,16,21,3,0,0,19,18,3,6,55,19,17,11,59,74,4,3,8,2359,0,0,0,11,0.356993561448391,46.55934343434343,37.27272727272727,69,11.210762331838565,27.272727272727273,94.73684210526316,68.42105263157895,1.625,5,22,10,65.72276388300126
S45G01N40,2024-2025,20241109,524,home,6,14,1,24,10,34,4,35,16,28,8,2,2,11,7,3,7,63,24,18,8,63,74,3,1,9,2371,0,1,0,10,-0.356993561448391,46.43278301886792,44.44444444444444,66,11.712649661634565,25.641025641025642,63.63636363636363,58.333333333333336,1.5555555555555556,5,22,4,65.39013074652044,50,13,2,29,9,38,1,34,16,21,3,0,0,19,18,3,6,55,19,18,12,59,74,4,3,8,2371,0,0,0,11,0.356993561448391,46.55934343434343,37.27272727272727,69,11.210762331838565,27.272727272727273,94.73684210526316,68.42105263157895,1.625,5,22,10,65.39013074652044
S45G01N40,2024-2025,20241109,525,home,6,14,1,24,10,34,4,35,16,28,8,2,2,11,7,3,7,63,24,18,8,63,74,3,1,9,2371,0,1,0,10,-0.356993561448391,46.43278301886792,44.44444444444444,66,11.712649661634565,25.641025641025642,63.63636363636363,58.333333333333336,1.5555555555555556,5,22,4,65.39013074652044,50,13,2,29,9,38,1,34,16,21,3,0,0,19,18,3,6,55,19,18,12,59,74,4,3,8,2371,0,0,0,11,0.356993561448391,46.55934343434343,37.27272727272727,69,11.210762331838565,27.272727272727273,94.73684210526316,68.42105263157895,1.625,5,22,10,65.39013074652044
S45G01N40,2024-2025,20241109,526,home,6,14,1,24,10,34,4,35,16,28,8,2,2,11,7,3,7,63,24,18,8,63,74,3,1,9,2371,0,1,0,10,-0.356993561448391,46.43278301886792,44.44444444444444,66,11.712649661634565,25.641025641025642,63.63636363636363,58.333333333333336,1.5555555555555556,5,22,4,65.39013074652044,50,13,2,29,9,38,1,34,16,21,3,0,0,19,18,3,6,55,19,18,12,59,74,4,3,8,2371,0,0,0,11,0.356993561448391,46.55934343434343,37.27272727272727,69,11.210762331838565,27.272727272727273,94.73684210526316,68.42105263157895,1.625,5,22,10,65.39013074652044
S45G01N40,2024-2025,20241109,527,home,6,14,1,24,10,34,4,35,16,28,8,2,2,11,7,3,7,63,24,18,8,63,74,3,1,9,2371,0,1,0,10,-0.356993561448391,46.43278301886792,44.44444444444444,66,11.712649661634565,25.641025641025642,63.63636363636363,58.333333333333336,1.5555555555555556,5,22,4,65.39013074652044,50,13,2,29,9,38,1,34,16,21,3,0,0,19,18,3,6,55,19,18,12,59,74,4,3,8,2371,0,0,0,11,0.356993561448391,46.55934343434343,37.27272727272727,69,11.210762331838565,27.272727272727273,94.73684210526316,68.42105263157895,1.625,5,22,10,65.39013074652044
S45G01N40,2024-2025,20241109,528,home,6,14,1,24,10,34,4,36,17,28,8,3,3,11,7,3,7,64,25,18,8,65,75,3,1,9,2377,0,1,0,10,1.2017485204594038,47.21092388146426,45.3125,68,11.562178828365878,25.641025641025642,63.63636363636363,56.0,1.5555555555555556,7,22,6,65.72991165334454,50,13,2,29,9,38,1,34,16,21,3,0,0,19,18,3,6,55,19,18,12,59,74,4,3,8,2377,0,0,0,11,-1.2017485204594038,46.55934343434343,37.27272727272727,69,11.210762331838565,27.272727272727273,94.73684210526316,68.42105263157895,1.625,7,22,10,65.72991165334454
S45G01N40,2024-2025,20241109,529,home,6,14,1,24,10,34,4,36,17,28,8,3,3,11,7,3,7,64,25,19,9,65,75,3,1,9,2384,0,1,0,10,1.2017485204594038,47.21092388146426,45.3125,68,11.562178828365878,25.641025641025642,63.63636363636363,56.0,1.5555555555555556,7,22,6,65.53691275167785,50,13,2,29,9,38,1,34,16,21,3,0,0,19,18,3,6,55,19,18,12,59,74,4,3,8,2384,0,0,0,11,-1.2017485204594038,46.55934343434343,37.27272727272727,69,11.210762331838565,27.272727272727273,94.73684210526316,68.42105263157895,1.625,7,22,10,65.53691275167785
S45G01N40,2024-2025,20241109,530,home,6,14,1,24,10,34,4,36,17,28,8,3,3,11,7,3,7,64,25,19,9,65,75,3,1,9,2384,0,1,0,10,1.2017485204594038,47.21092388146426,45.3125,68,11.562178828365878,25.641025641025642,63.63636363636363,56.0,1.5555555555555556,7,22,6,65.53691275167785,50,13,2,29,9,38,1,34,16,21,3,0,0,19,18,3,6,55,19,18,12,59,74,4,3,8,2384,0,0,0,11,-1.2017485204594038,46.55934343434343,37.27272727272727,69,11.210762331838565,27.272727272727273,94.73684210526316,68.42105263157895,1.625,7,22,10,65.53691275167785
S45G01N40,2024-2025,20241109,531,home,6,14,1,24,10,34,4,36,17,28,8,3,3,11,7,3,7,64,25,19,9,65,75,3,1,9,2390,0,1,0,10,2.694992376596147,47.21092388146426,45.3125,68,11.562178828365878,25.641025641025642,63.63636363636363,56.0,1.5555555555555556,7,22,6,65.8744769874477,50,13,2,29,9,38,1,34,16,22,3,0,0,19,18,3,6,56,19,18,12,59,75,4,3,8,2390,0,0,0,11,-2.694992376596147,45.83592293349907,36.607142857142854,68,11.055831951354339,27.272727272727273,94.73684210526316,68.42105263157895,1.625,7,22,10,65.8744769874477
S45G01N40,2024-2025,20241109,532,home,6,14,1,25,10,35,4,36,17,28,8,3,3,11,7,3,7,64,25,19,9,65,75,3,1,9,2392,0,1,0,10,2.694992376596147,47.21092388146426,45.3125,69,11.562178828365878,25.641025641025642,63.63636363636363,56.0,1.5555555555555556,7,22,6,65.81939799331103,50,13,2,29,9,38,1,34,16,22,3,0,0,19,18,3,6,56,19,18,12,59,75,4,3,8,2392,0,0,0,11,-2.694992376596147,45.83592293349907,36.607142857142854,68,11.055831951354339,26.470588235294116,94.73684210526316,68.42105263157895,1.625,7,22,10,65.81939799331103
S45G01N40,2024-2025,20241109,533,home,6,14,1,25,10,35,4,36,17,28,8,3,3,11,7,3,7,64,25,19,9,65,75,3,1,9,2392,0,1,0,10,2.694992376596147,47.21092388146426,45.3125,69,11.562178828365878,25.641025641025642,63.63636363636363,56.0,1.5555555555555556,7,22,6,65.81939799331103,50,13,2,29,9,38,1,34,16,22,3,0,0,19,18,3,6,56,19,18,12,59,75,4,3,8,2392,0,0,0,11,-2.694992376596147,45.83592293349907,36.607142857142854,68,11.055831951354339,26.470588235294116,94.73684210526316,68.42105263157895,1.625,7,22,10,65.81939799331103
S45G01N40,2024-2025,20241109,534,home,6,14,1,25,10,35,4,36,17,28,8,3,3,11,7,3,7,64,25,19,9,65,75,3,1,9,2400,0,1,0,10,2.694992376596147,47.21092388146426,45.3125,69,11.562178828365878,25.641025641025642,63.63636363636363,56.0,1.5555555555555556,7,22,6,65.6,50,13,2,29,9,38,1,34,16,22,3,0,0,19,18,3,6,56,19,18,12,59,75,4,3,8,2400,0,0,0,11,-2.694992376596147,45.83592293349907,36.607142857142854,68,11.055831951354339,26.470588235294116,94.73684210526316,68.42105263157895,1.625,7,22,10,65.6
S45G01N40,2024-2025,20241109,535,home,6,14,1,25,10,35,4,36,17,28,8,3,3,11,7,3,7,64,25,19,9,65,75,3,1,9,2400,0,1,0,10,2.694992376596147,47.21092388146426,45.3125,69,11.562178828365878,25.641025641025642,63.63636363636363,56.0,1.5555555555555556,7,22,6,65.6,50,13,2,29,9,38,1,34,16,22,3,0,0,19,18,3,6,56,19,18,12,59,75,4,3,8,2400,0,0,0,11,-2.694992376596147,45.83592293349907,36.607142857142854,68,11.055831951354339,26.470588235294116,94.73684210526316,68.42105263157895,1.625,7,22,10,65.6
S45G01N40,2024-2025,20241109,536,home,6,14,1,25,10,35,4,36,17,28,8,3,3,11,7,3,7,64,25,19,9,65,75,3,1,9,2400,0,1,0,10,2.694992376596147,47.21092388146426,45.3125,69,11.562178828365878,25.641025641025642,63.63636363636363,56.0,1.5555555555555556,7,22,6,65.6,50,13,2,29,9,38,1,34,16,22,3,0,0,19,18,3,6,56,19,18,12,59,75,4,3,8,2400,0,0,0,11,-2.694992376596147,45.83592293349907,36.607142857142854,68,11.055831951354339,26.470588235294116,94.73684210526316,68.42105263157895,1.625,7,22,10,65.6
S45G01N40,2024-2025,20241109,537,home,6,14,1,25,10,35,4,36,17,28,8,3,3,11,7,3,7,64,25,19,9,65,75,3,1,9,2400,0,1,0,10,2.694992376596147,47.21092388146426,45.3125,69,11.562178828365878,25.641025641025642,63.63636363636363,56.0,1.5555555555555556,7,22,6,65.6,50,13,2,29,9,38,1,34,16,22,3,0,0,19,18,3,6,56,19,18,12,59,75,4,3,8,2400,0,0,0,11,-2.694992376596147,45.83592293349907,36.607142857142854,68,11.055831951354339,26.470588235294116,94.73684210526316,68.42105263157895,1.625,7,22,10,65.6
S45G01N40,2024-2025,20241109,538,home,6,14,1,25,10,35,4,36,17,28,8,3,3,11,7,3,7,64,25,19,9,65,75,3,1,9,2400,0,1,0,10,2.694992376596147,47.21092388146426,45.3125,69,11.562178828365878,25.641025641025642,63.63636363636363,56.0,1.5555555555555556,7,22,6,65.6,50,13,2,29,9,38,1,34,16,22,3,0,0,19,18,3,6,56,19,18,12,59,75,4,3,8,2400,0,0,0,11,-2.694992376596147,45.83592293349907,36.607142857142854,68,11.055831951354339,26.470588235294116,94.73684210526316,68.42105263157895,1.625,7,22,10,65.6
S45G01N40,2024-2025,20241109,539,home,6,14,1,25,10,35,4,36,17,28,8,3,3,11,7,3,7,64,25,19,9,65,75,3,1,9,2400,0,1,0,10,2.694992376596147,47.21092388146426,45.3125,69,11.562178828365878,25.641025641025642,63.63636363636363,56.0,1.5555555555555556,7,22,6,65.6,50,13,2,29,9,38,1,34,16,22,3,0,0,19,18,3,6,56,19,18,12,59,75,4,3,8,2400,0,0,0,11,-2.694992376596147,45.83592293349907,36.607142857142854,68,11.055831951354339,26.470588235294116,94.73684210526316,68.42105263157895,1.625,7,22,10,65.6
S45G01N40,2024-2025,20241109,540,home,6,14,1,25,10,35,4,36,17,28,8,3,3,11,7,3,7,64,25,19,9,65,75,3,1,9,2400,0,1,0,10,2.694992376596147,47.21092388146426,45.3125,69,11.562178828365878,25.641025641025642,63.63636363636363,56.0,1.5555555555555556,7,22,6,65.6,50,13,2,29,9,38,1,34,16,22,3,0,0,19,18,3,6,56,19,18,12,59,75,4,3,8,2400,0,0,0,11,-2.694992376596147,45.83592293349907,36.607142857142854,68,11.055831951354339,26.470588235294116,94.73684210526316,68.42105263157895,1.625,7,22,10,65.6
S45G01N40,2024-2025,20241109,541,home,6,14,1,25,10,35,4,36,17,28,8,3,3,11,7,3,7,64,25,19,9,65,75,3,1,9,2400,0,1,0,10,2.694992376596147,47.21092388146426,45.3125,69,11.562178828365878,25.641025641025642,63.63636363636363,56.0,1.5555555555555556,7,22,6,65.6,50,13,2,29,9,38,1,34,16,22,3,0,0,19,18,3,6,56,19,18,12,59,75,4,3,8,2400,0,0,0,11,-2.694992376596147,45.83592293349907,36.607142857142854,68,11.055831951354339,26.470588235294116,94.73684210526316,68.42105263157895,1.625,7,22,10,65.6
S45G01N40,2024-2025,20241109,542,home,6,14,1,25,10,35,4,36,17,28,8,3,3,11,7,3,7,64,25,19,9,65,75,3,1,9,2400,0,1,0,10,2.694992376596147,47.21092388146426,45.3125,69,11.562178828365878,25.641025641025642,63.63636363636363,56.0,1.5555555555555556,7,22,6,65.6,50,13,2,29,9,38,1,34,16,22,3,0,0,19,18,3,6,56,19,18,12,59,75,4,3,8,2400,0,0,0,11,-2.694992376596147,45.83592293349907,36.607142857142854,68,11.055831951354339,26.470588235294116,94.73684210526316,68.42105263157895,1.625,7,22,10,65.6
S45G01N40,2024-2025,20241109,543,home,6,14,1,25,10,35,4,36,17,28,8,3,3,11,7,3,7,64,25,19,9,65,75,3,1,9,2400,0,1,0,10,2.694992376596147,47.21092388146426,45.3125,69,11.562178828365878,25.641025641025642,63.63636363636363,56.0,1.5555555555555556,7,22,6,65.6,50,13,2,29,9,38,1,34,16,22,3,0,0,19,18,3,6,56,19,18,12,59,75,4,3,8,2400,0,0,0,11,-2.694992376596147,45.83592293349907,36.607142857142854,68,11.055831951354339,26.470588235294116,94.73684210526316,68.42105263157895,1.625,7,22,10,65.6
