gameKey,seasonName,date,winner,H_TEAM,H_AST,H_BLK,H_DREB,H_OREB,H_PRB,H_TRB,H_2PA,H_2PM,H_3PA,H_3PM,H_DKA,H_DKM,H_FTA,H_FTM,H_SWA,H_SWM,H_FGA,H_FGM,H_TPF,H_PF,H_PP,H_PA,H_STL,H_TTO,H_PTO,H_MIN,H_UF,H_TF,H_EJ,H_TO,H_NR,H_TS%,H_eFG%,H_EFF,H_TOV%,H_OREB%,H_FT%,H_AST%,H_AST/TO%,H_CR,H_LC,H_LLP,H_PACE,A_TEAM,A_AST,A_BLK,A_DREB,A_OREB,A_PRB,A_TRB,A_2PA,A_2PM,A_3PA,A_3PM,A_DKA,A_DKM,A_FTA,A_FTM,A_SWA,A_SWM,A_FGA,A_FGM,A_TPF,A_PF,A_PP,A_PA,A_STL,A_TTO,A_PTO,A_MIN,A_UF,A_TF,A_EJ,A_TO,A_NR,A_TS%,A_eFG%,A_EFF,A_TOV%,A_OREB%,A_FT%,A_AST%,A_AST/TO%,A_CR,A_LC,A_LLP,A_PACE
S41G01N231,2022-2023,20230310,home,35,0,0,0,0,0,0,0,0,0,0,0,0,0,0,0,0,0,0,0,0,0,0,0,0,0,0,0,0,0,0,0.0,0.0,0.0,0,0.0,0.0,0.0,0.0,0.0,0,0,0,0.0,70,0,0,0,0,0,0,0,0,0,0,0,0,0,0,0,0,0,0,0,0,0,0,0,0,0,0,0,0,0,0,0.0,0.0,0.0,0,0.0,0.0,0.0,0.0,0.0,0,0,0,0.0
S41G01N231,2022-2023,20230310,home,35,0,0,0,0,0,0,0,0,0,0,0,0,0,0,0,0,0,0,0,0,0,0,0,0,0,0,0,0,0,0,0.0,0.0,0.0,0,0.0,0.0,0.0,0.0,0.0,0,0,0,0.0,70,0,0,0,0,0,0,0,0,0,0,0,0,0,0,0,0,0,0,0,0,0,0,0,0,0,0,0,0,0,0,0.0,0.0,0.0,0,0.0,0.0,0.0,0.0,0.0,0,0,0,0.0
S41G01N231,2022-2023,20230310,home,35,0,0,0,0,0,0,0,0,0,0,0,0,0,0,0,0,0,0,0,0,0,0,0,0,0,0,0,0,0,0,0.0,0.0,0.0,0,0.0,0.0,0.0,0.0,0.0,0,0,0,0.0,70,0,0,0,0,0,0,0,0,0,0,0,0,0,0,0,0,0,0,0,0,0,0,0,0,0,0,0,0,0,0,0.0,0.0,0.0,0,0.0,0.0,0.0,0.0,0.0,0,0,0,0.0
S41G01N231,2022-2023,20230310,home,35,0,0,0,0,0,0,0,0,0,0,0,0,0,0,0,0,0,0,0,0,0,0,0,0,0,0,0,0,0,0,0.0,0.0,0.0,0,0.0,0.0,0.0,0.0,0.0,0,0,0,0.0,70,0,0,0,0,0,0,0,0,0,0,0,0,0,0,0,0,0,0,0,0,0,0,0,0,0,0,0,0,0,0,0.0,0.0,0.0,0,0.0,0.0,0.0,0.0,0.0,0,0,0,0.0
S41G01N231,2022-2023,20230310,home,35,0,0,0,0,0,0,0,0,0,0,0,0,0,0,0,0,0,0,0,0,0,0,0,0,0,0,0,0,0,0,0.0,0.0,0.0,0,0.0,0.0,0.0,0.0,0.0,0,0,0,0.0,70,0,0,0,0,0,0,0,0,0,0,0,0,0,0,0,0,0,0,0,0,0,0,0,0,0,0,0,0,0,0,0.0,0.0,0.0,0,0.0,0.0,0.0,0.0,0.0,0,0,0,0.0
S41G01N231,2022-2023,20230310,home,35,0,0,0,0,0,0,0,0,0,0,0,0,0,0,0,0,0,0,0,0,0,0,0,0,0,0,0,0,0,0,0.0,0.0,0.0,0,0.0,0.0,0.0,0.0,0.0,0,0,0,0.0,70,0,0,0,0,0,0,0,0,0,0,0,0,0,0,0,0,0,0,0,0,0,0,0,0,0,0,0,0,0,0,0.0,0.0,0.0,0,0.0,0.0,0.0,0.0,0.0,0,0,0,0.0
S41G01N231,2022-2023,20230310,home,35,0,0,0,0,0,0,0,0,0,0,0,0,0,0,0,0,0,0,0,0,0,0,0,0,0,0,0,0,0,0,0.0,0.0,0.0,0,0.0,0.0,0.0,0.0,0.0,0,0,0,0.0,70,0,0,0,0,0,0,0,0,0,0,0,0,0,0,0,0,0,0,0,0,0,0,0,0,0,0,0,0,0,0,0.0,0.0,0.0,0,0.0,0.0,0.0,0.0,0.0,0,0,0,0.0
S41G01N231,2022-2023,20230310,home,35,0,0,0,0,0,0,0,0,0,0,0,0,0,0,0,0,0,0,0,0,0,0,0,0,0,0,0,0,0,0,0.0,0.0,0.0,0,0.0,0.0,0.0,0.0,0.0,0,0,0,0.0,70,0,0,0,0,0,0,0,0,0,0,0,0,0,0,0,0,0,0,0,0,0,0,0,0,0,0,0,0,0,0,0.0,0.0,0.0,0,0.0,0.0,0.0,0.0,0.0,0,0,0,0.0
S41G01N231,2022-2023,20230310,home,35,0,0,0,0,0,0,0,0,0,0,0,0,0,0,0,0,0,0,0,0,0,0,0,0,0,0,0,0,0,0,0.0,0.0,0.0,0,0.0,0.0,0.0,0.0,0.0,0,0,0,0.0,70,0,0,0,0,0,0,0,0,0,0,0,0,0,0,0,0,0,0,0,0,0,0,0,0,0,0,0,0,0,0,0.0,0.0,0.0,0,0.0,0.0,0.0,0.0,0.0,0,0,0,0.0
S41G01N231,2022-2023,20230310,home,35,0,0,0,0,0,0,0,0,0,0,0,0,0,0,0,0,0,0,0,0,0,0,0,0,0,0,0,0,0,0,0.0,0.0,0.0,0,0.0,0.0,0.0,0.0,0.0,0,0,0,0.0,70,0,0,0,0,0,0,0,0,0,0,0,0,0,0,0,0,0,0,0,0,0,0,0,0,0,0,0,0,0,0,0.0,0.0,0.0,0,0.0,0.0,0.0,0.0,0.0,0,0,0,0.0
S41G01N231,2022-2023,20230310,home,35,0,0,0,0,0,0,0,0,0,0,0,0,0,0,0,0,0,0,0,0,0,0,0,0,0,0,0,0,0,0,0.0,0.0,0.0,0,0.0,0.0,0.0,0.0,0.0,0,0,0,0.0,70,0,0,0,0,0,0,0,0,0,0,0,0,0,0,0,0,0,0,0,0,0,0,0,0,0,0,0,0,0,0,0.0,0.0,0.0,0,0.0,0.0,0.0,0.0,0.0,0,0,0,0.0
S41G01N231,2022-2023,20230310,home,35,0,0,0,0,0,0,0,0,0,0,0,0,0,0,0,0,0,0,0,0,0,0,0,0,0,6,0,0,0,0,-200.0,0.0,0.0,0,0.0,0.0,0.0,0.0,0.0,2,1,0,200.0,70,0,0,0,0,0,0,1,1,0,0,0,0,0,0,0,0,1,1,0,0,2,1,0,0,0,6,0,0,0,0,200.0,100.0,100.0,2,0.0,0.0,0.0,0.0,0.0,2,1,2,200.0
S41G01N231,2022-2023,20230310,home,35,0,0,0,0,0,0,0,0,0,0,0,0,0,0,0,0,0,0,0,0,0,0,0,0,1,13,0,0,0,1,-200.0,0.0,0.0,-1,100.0,0.0,0.0,0.0,0.0,2,1,0,184.6153846153846,70,0,0,0,0,0,0,1,1,0,0,0,0,0,0,0,0,1,1,0,0,2,1,0,0,0,13,0,0,0,0,200.0,100.0,100.0,2,0.0,0.0,0.0,0.0,0.0,2,1,2,184.6153846153846
S41G01N231,2022-2023,20230310,home,35,0,0,0,0,0,0,0,0,0,0,0,0,0,0,0,0,0,0,0,0,0,0,0,0,1,14,0,0,0,1,-200.0,0.0,0.0,-1,100.0,0.0,0.0,0.0,0.0,2,1,0,171.42857142857142,70,0,0,0,0,0,0,1,1,0,0,0,0,0,0,0,0,1,1,0,0,2,1,1,0,0,14,0,0,0,0,200.0,100.0,100.0,3,0.0,0.0,0.0,0.0,0.0,2,1,2,171.42857142857142
S41G01N231,2022-2023,20230310,home,35,0,0,0,0,0,0,0,0,0,0,0,0,0,0,0,0,0,0,0,0,0,0,0,0,1,18,0,0,0,1,-200.0,0.0,0.0,-1,100.0,0.0,0.0,0.0,0.0,4,1,0,200.0,70,0,0,0,0,0,0,2,2,0,0,0,0,0,0,0,0,2,2,0,0,4,2,1,0,0,18,0,0,0,0,200.0,100.0,100.0,5,0.0,0.0,0.0,0.0,0.0,4,1,4,200.0
S41G01N231,2022-2023,20230310,home,35,0,0,0,0,0,0,0,0,0,0,0,0,0,0,0,0,0,0,0,0,0,0,0,0,1,18,0,0,0,1,-200.0,0.0,0.0,-1,100.0,0.0,0.0,0.0,0.0,4,1,0,200.0,70,1,0,0,0,0,0,2,2,0,0,0,0,0,0,0,0,2,2,0,0,4,2,1,0,0,18,0,0,0,0,200.0,100.0,100.0,6,0.0,0.0,0.0,50.0,0.0,4,1,4,200.0
S41G01N231,2022-2023,20230310,home,35,0,0,0,0,0,0,0,0,0,0,0,0,0,0,0,0,0,0,0,0,0,0,0,0,1,18,0,0,0,1,-200.0,0.0,0.0,-1,100.0,0.0,0.0,0.0,0.0,4,1,0,200.0,70,1,0,0,0,0,0,2,2,0,0,0,0,0,0,1,2,2,2,0,0,4,2,1,0,0,18,0,0,0,0,200.0,100.0,100.0,6,0.0,0.0,0.0,50.0,0.0,4,1,4,200.0
S41G01N231,2022-2023,20230310,home,35,0,0,0,0,0,0,1,0,0,0,0,0,0,0,0,0,1,0,0,0,0,1,0,0,1,39,0,0,0,1,-200.0,0.0,0.0,-2,50.0,0.0,0.0,0.0,0.0,4,1,0,123.07692307692308,70,1,0,0,0,0,0,2,2,0,0,0,0,0,0,1,2,2,2,0,0,4,2,1,0,0,39,0,0,0,0,200.0,100.0,100.0,6,0.0,0.0,0.0,50.0,0.0,4,1,4,123.07692307692308
S41G01N231,2022-2023,20230310,home,35,0,0,0,1,1,0,1,0,0,0,0,0,0,0,0,0,1,0,0,0,0,1,0,0,1,43,0,0,0,1,-200.0,0.0,0.0,-1,50.0,100.0,0.0,0.0,0.0,4,1,0,83.72093023255815,70,1,0,0,0,0,0,2,2,0,0,0,0,0,0,1,2,2,2,0,0,4,2,1,0,0,43,0,0,0,0,200.0,100.0,100.0,6,0.0,0.0,0.0,50.0,0.0,4,1,4,83.72093023255815
S41G01N231,2022-2023,20230310,home,35,0,0,0,1,1,0,1,0,1,0,0,0,0,0,0,0,2,0,0,0,0,2,0,0,1,44,0,0,0,1,-200.0,0.0,0.0,-2,33.333333333333336,100.0,0.0,0.0,0.0,4,1,0,109.0909090909091,70,1,0,0,0,0,0,2,2,0,0,0,0,0,0,1,2,2,2,0,0,4,2,1,0,0,44,0,0,0,0,200.0,100.0,100.0,6,0.0,0.0,0.0,50.0,0.0,4,1,4,109.0909090909091
S41G01N231,2022-2023,20230310,home,35,0,0,0,1,1,0,1,0,1,0,0,0,0,0,0,0,2,0,0,0,0,2,0,0,1,44,0,0,0,1,-200.0,0.0,0.0,-2,33.333333333333336,100.0,0.0,0.0,0.0,4,1,0,109.0909090909091,70,1,1,0,0,0,0,2,2,0,0,0,0,0,0,1,2,2,2,0,0,4,2,1,0,0,44,0,0,0,0,200.0,100.0,100.0,7,0.0,0.0,0.0,50.0,0.0,4,1,4,109.0909090909091
S41G01N231,2022-2023,20230310,home,35,0,0,0,1,1,1,1,0,1,0,0,0,0,0,0,0,2,0,0,0,0,2,0,0,1,44,0,0,0,1,-200.0,0.0,0.0,-1,33.333333333333336,100.0,0.0,0.0,0.0,4,1,0,109.0909090909091,70,1,1,0,0,0,0,2,2,0,0,0,0,0,0,1,2,2,2,0,0,4,2,1,0,0,44,0,0,0,0,200.0,100.0,100.0,7,0.0,0.0,0.0,50.0,0.0,4,1,4,109.0909090909091
S41G01N231,2022-2023,20230310,home,35,0,0,0,1,1,1,2,0,1,0,0,0,0,0,0,0,3,0,0,0,0,3,0,0,1,58,0,0,0,1,-200.0,0.0,0.0,-2,25.0,100.0,0.0,0.0,0.0,4,1,0,103.44827586206897,70,1,1,0,0,0,0,2,2,0,0,0,0,0,0,1,2,2,2,0,0,4,2,1,0,0,58,0,0,0,0,200.0,100.0,100.0,7,0.0,0.0,0.0,50.0,0.0,4,1,4,103.44827586206897
S41G01N231,2022-2023,20230310,home,35,0,0,0,2,2,1,2,0,1,0,0,0,0,0,0,0,3,0,0,0,0,3,0,0,1,60,0,0,0,1,-200.0,0.0,0.0,-1,25.0,100.0,0.0,0.0,0.0,4,1,0,80.0,70,1,1,0,0,0,0,2,2,0,0,0,0,0,0,1,2,2,2,0,0,4,2,1,0,0,60,0,0,0,0,200.0,100.0,100.0,7,0.0,0.0,0.0,50.0,0.0,4,1,4,80.0
S41G01N231,2022-2023,20230310,home,35,0,0,0,2,2,1,3,1,1,0,0,0,0,0,0,0,4,1,0,0,2,4,0,0,1,61,0,0,0,1,-133.33333333333331,25.0,25.0,1,20.0,100.0,0.0,0.0,0.0,2,1,0,98.36065573770492,70,1,1,0,0,0,0,2,2,0,0,0,0,0,0,1,2,2,2,0,0,4,2,1,0,0,61,0,0,0,0,133.33333333333331,100.0,100.0,7,0.0,0.0,0.0,50.0,0.0,2,1,4,98.36065573770492
S41G01N231,2022-2023,20230310,home,35,0,0,0,2,2,1,3,1,1,0,0,0,0,0,0,0,4,1,0,0,2,4,0,0,1,66,0,0,0,1,-66.66666666666667,25.0,25.0,1,20.0,100.0,0.0,0.0,0.0,2,1,0,109.0909090909091,70,1,1,0,0,0,0,2,2,0,0,0,0,0,0,1,2,2,2,0,0,4,2,1,0,1,66,0,0,0,1,66.66666666666667,100.0,100.0,6,33.333333333333336,0.0,0.0,50.0,1.0,2,1,4,109.0909090909091
S41G01N231,2022-2023,20230310,home,35,0,0,0,2,2,1,4,1,1,0,0,0,0,0,0,0,5,1,0,0,2,5,0,0,1,89,0,0,0,1,-83.33333333333334,20.0,20.0,0,16.666666666666668,100.0,0.0,0.0,0.0,2,1,0,94.3820224719101,70,1,1,0,0,0,0,2,2,0,0,0,0,0,0,1,2,2,2,0,0,4,2,1,0,1,89,0,0,0,1,83.33333333333334,100.0,100.0,6,33.333333333333336,0.0,0.0,50.0,1.0,2,1,4,94.3820224719101
S41G01N231,2022-2023,20230310,home,35,0,0,0,2,2,1,4,1,1,0,0,0,0,0,0,0,5,1,0,0,2,5,0,0,1,91,0,0,0,1,-83.33333333333334,20.0,20.0,0,16.666666666666668,66.66666666666667,0.0,0.0,0.0,2,1,0,92.3076923076923,70,1,1,1,0,1,0,2,2,0,0,0,0,0,0,1,2,2,2,0,0,4,2,1,0,1,91,0,0,0,1,83.33333333333334,100.0,100.0,7,33.333333333333336,0.0,0.0,50.0,1.0,2,1,4,92.3076923076923
S41G01N231,2022-2023,20230310,home,35,0,0,0,2,2,1,4,1,1,0,0,0,0,0,0,0,5,1,0,0,2,5,0,0,1,101,0,0,0,1,-50.0,20.0,20.0,0,16.666666666666668,66.66666666666667,0.0,0.0,0.0,2,1,0,95.04950495049505,70,1,1,1,0,1,0,3,2,0,0,0,0,0,0,1,2,3,2,0,0,4,3,1,0,1,101,0,0,0,1,50.0,66.66666666666667,66.66666666666667,6,25.0,0.0,0.0,50.0,1.0,2,1,4,95.04950495049505
S41G01N231,2022-2023,20230310,home,35,0,0,0,2,2,1,4,1,1,0,0,0,0,0,0,0,5,1,0,0,2,5,0,0,1,101,0,0,0,1,-50.0,20.0,20.0,0,16.666666666666668,66.66666666666667,0.0,0.0,0.0,2,1,0,95.04950495049505,70,1,1,1,0,1,1,3,2,0,0,0,0,0,0,1,2,3,2,0,0,4,3,1,0,1,101,0,0,0,1,50.0,66.66666666666667,66.66666666666667,7,25.0,0.0,0.0,50.0,1.0,2,1,4,95.04950495049505
S41G01N231,2022-2023,20230310,home,35,0,0,0,2,2,1,4,1,1,0,0,0,0,0,0,0,5,1,0,0,2,5,0,0,1,108,0,0,0,1,-70.0,20.0,20.0,0,16.666666666666668,66.66666666666667,0.0,0.0,0.0,2,1,0,100.0,70,1,1,1,0,1,1,4,3,0,0,0,0,0,0,1,2,4,3,0,0,6,4,1,0,1,108,0,0,0,1,70.0,75.0,75.0,9,20.0,0.0,0.0,33.333333333333336,1.0,2,1,4,100.0
S41G01N231,2022-2023,20230310,home,35,0,0,0,2,2,1,4,1,2,0,0,0,0,0,0,0,6,1,0,0,2,6,0,0,1,125,0,0,0,1,-80.0,16.666666666666668,16.666666666666668,-1,14.285714285714286,66.66666666666667,0.0,0.0,0.0,2,1,0,96.0,70,1,1,1,0,1,1,4,3,0,0,0,0,0,0,1,2,4,3,0,0,6,4,1,0,1,125,0,0,0,1,80.0,75.0,75.0,9,20.0,0.0,0.0,33.333333333333336,1.0,2,1,4,96.0
S41G01N231,2022-2023,20230310,home,35,0,0,0,2,2,1,4,1,2,0,0,0,0,0,0,0,6,1,0,0,2,6,0,0,1,125,0,0,0,1,-80.0,16.666666666666668,16.666666666666668,-1,14.285714285714286,66.66666666666667,0.0,0.0,0.0,2,1,0,96.0,70,1,1,1,0,1,2,4,3,0,0,0,0,0,0,1,2,4,3,0,0,6,4,1,0,1,125,0,0,0,1,80.0,75.0,75.0,10,20.0,0.0,0.0,33.333333333333336,1.0,2,1,4,96.0
S41G01N231,2022-2023,20230310,home,35,0,0,0,2,2,1,4,1,2,0,0,0,0,0,0,0,6,1,0,0,2,6,0,0,1,137,0,0,0,1,-93.33333333333334,16.666666666666668,16.666666666666668,-1,14.285714285714286,66.66666666666667,0.0,0.0,0.0,4,1,0,96.35036496350365,70,1,1,1,0,1,2,5,4,0,0,1,1,0,0,1,2,5,4,0,0,8,5,1,0,1,137,0,0,0,1,93.33333333333334,80.0,80.0,12,16.666666666666668,0.0,0.0,25.0,1.0,4,1,6,96.35036496350365
S41G01N231,2022-2023,20230310,home,35,0,0,0,2,2,1,4,1,2,0,0,0,0,0,0,0,6,1,0,0,2,6,0,0,1,137,0,0,0,1,-93.33333333333334,16.666666666666668,16.666666666666668,-1,14.285714285714286,66.66666666666667,0.0,0.0,0.0,4,1,0,96.35036496350365,70,2,1,1,0,1,2,5,4,0,0,1,1,0,0,1,2,5,4,0,0,8,5,1,0,1,137,0,0,0,1,93.33333333333334,80.0,80.0,13,16.666666666666668,0.0,0.0,50.0,2.0,4,1,6,96.35036496350365
S41G01N231,2022-2023,20230310,home,35,0,0,0,2,2,1,4,1,2,0,0,0,0,0,0,0,6,1,1,0,2,6,0,0,1,137,0,0,0,1,-93.33333333333334,16.666666666666668,16.666666666666668,-1,14.285714285714286,66.66666666666667,0.0,0.0,0.0,4,1,0,96.35036496350365,70,2,1,1,0,1,2,5,4,0,0,1,1,0,0,1,2,5,4,0,0,8,5,1,0,1,137,0,0,0,1,93.33333333333334,80.0,80.0,13,16.666666666666668,0.0,0.0,50.0,2.0,4,1,6,96.35036496350365
S41G01N231,2022-2023,20230310,home,35,0,0,0,2,2,1,4,1,2,0,0,0,0,0,0,0,6,1,1,0,2,6,0,0,1,137,0,0,0,1,-93.33333333333334,16.666666666666668,16.666666666666668,-1,14.285714285714286,66.66666666666667,0.0,0.0,0.0,4,1,0,96.35036496350365,70,2,1,1,0,1,2,5,4,0,0,1,1,0,0,1,2,5,4,0,0,8,5,1,0,1,137,0,0,0,1,93.33333333333334,80.0,80.0,13,16.666666666666668,0.0,0.0,50.0,2.0,4,1,6,96.35036496350365
S41G01N231,2022-2023,20230310,home,35,0,0,0,2,2,1,4,1,2,0,0,0,0,0,0,0,6,1,1,0,2,6,0,0,1,137,0,0,0,1,-84.22360248447204,16.666666666666668,16.666666666666668,-1,14.285714285714286,66.66666666666667,0.0,0.0,0.0,4,1,0,100.20437956204381,70,2,1,1,0,1,2,5,4,0,0,1,1,1,0,1,2,5,4,0,0,8,6,1,0,1,137,0,0,0,1,84.22360248447204,73.52941176470588,80.0,12,15.527950310559005,0.0,0.0,50.0,2.0,4,1,6,100.20437956204381
S41G01N231,2022-2023,20230310,home,35,0,0,1,2,3,1,4,1,2,0,0,0,0,0,0,0,6,1,1,0,2,6,0,0,1,140,0,0,0,1,-84.22360248447204,16.666666666666668,16.666666666666668,0,14.285714285714286,66.66666666666667,0.0,0.0,0.0,4,1,0,98.05714285714286,70,2,1,1,0,1,2,5,4,0,0,1,1,1,0,1,2,5,4,0,0,8,6,1,0,1,140,0,0,0,1,84.22360248447204,73.52941176470588,80.0,12,15.527950310559005,0.0,0.0,50.0,2.0,4,1,6,98.05714285714286
S41G01N231,2022-2023,20230310,home,35,0,0,1,2,3,1,4,1,2,0,0,0,0,0,0,0,6,1,1,0,2,6,0,0,2,155,0,0,0,2,-90.89026915113871,16.666666666666668,16.666666666666668,-1,25.0,66.66666666666667,0.0,0.0,0.0,4,1,0,96.30967741935486,70,2,1,1,0,1,2,5,4,0,0,1,1,1,0,1,2,5,4,0,0,8,6,1,0,1,155,0,0,0,1,90.89026915113871,73.52941176470588,80.0,12,15.527950310559005,0.0,0.0,50.0,2.0,4,1,6,96.30967741935486
S41G01N231,2022-2023,20230310,home,35,0,0,1,2,3,1,4,1,2,0,0,0,0,0,0,0,6,1,1,0,2,6,0,0,2,156,0,0,0,2,-90.89026915113871,16.666666666666668,16.666666666666668,-1,25.0,66.66666666666667,0.0,0.0,0.0,4,1,0,95.69230769230771,70,2,1,1,0,1,2,5,4,0,0,1,1,1,0,1,2,5,4,0,0,8,6,2,0,1,156,0,0,0,1,90.89026915113871,73.52941176470588,80.0,13,15.527950310559005,0.0,0.0,50.0,2.0,4,1,6,95.69230769230771
S41G01N231,2022-2023,20230310,home,35,0,0,1,2,3,1,4,1,2,0,0,0,0,0,0,0,6,1,1,0,2,6,0,0,2,162,0,0,0,2,-74.19354838709677,16.666666666666668,16.666666666666668,-1,25.0,66.66666666666667,0.0,0.0,0.0,4,1,0,99.55555555555557,70,2,1,1,0,1,2,6,4,0,0,1,1,1,0,1,2,6,4,0,0,8,7,2,0,1,162,0,0,0,1,74.19354838709677,62.11180124223602,66.66666666666667,12,13.440860215053762,0.0,0.0,50.0,2.0,4,1,6,99.55555555555557
S41G01N231,2022-2023,20230310,home,35,0,1,1,2,3,1,4,1,2,0,0,0,0,0,0,0,6,1,1,0,2,6,0,0,2,163,0,0,0,2,-74.19354838709677,16.666666666666668,16.666666666666668,0,25.0,66.66666666666667,0.0,0.0,0.0,4,1,0,98.94478527607363,70,2,1,1,0,1,2,6,4,0,0,1,1,1,0,1,2,6,4,0,0,8,7,2,0,1,163,0,0,0,1,74.19354838709677,62.11180124223602,66.66666666666667,12,13.440860215053762,0.0,0.0,50.0,2.0,4,1,6,98.94478527607363
S41G01N231,2022-2023,20230310,home,35,0,1,2,2,4,1,4,1,2,0,0,0,0,0,0,0,6,1,1,0,2,6,0,0,2,163,0,0,0,2,-74.19354838709677,16.666666666666668,16.666666666666668,1,25.0,66.66666666666667,0.0,0.0,0.0,4,1,0,98.94478527607363,70,2,1,1,0,1,2,6,4,0,0,1,1,1,0,1,2,6,4,0,0,8,7,2,0,1,163,0,0,0,1,74.19354838709677,62.11180124223602,66.66666666666667,12,13.440860215053762,0.0,0.0,50.0,2.0,4,1,6,98.94478527607363
S41G01N231,2022-2023,20230310,home,35,0,1,2,2,4,1,4,1,2,0,0,0,0,0,0,0,6,1,1,0,2,6,0,0,2,163,0,0,0,2,-74.19354838709677,16.666666666666668,16.666666666666668,1,25.0,66.66666666666667,0.0,0.0,0.0,4,1,0,98.94478527607363,70,2,1,1,0,1,2,6,4,0,0,1,1,1,0,1,2,6,4,1,1,8,7,2,0,1,163,0,0,0,1,74.19354838709677,62.11180124223602,66.66666666666667,12,13.440860215053762,0.0,0.0,50.0,2.0,4,1,6,98.94478527607363
S41G01N231,2022-2023,20230310,home,35,0,1,2,2,4,1,4,1,2,0,0,0,0,0,0,0,6,1,1,0,2,6,0,0,2,163,0,0,0,2,-74.19354838709677,16.666666666666668,16.666666666666668,1,25.0,66.66666666666667,0.0,0.0,0.0,4,1,0,98.94478527607363,70,2,1,1,0,1,2,6,4,0,0,1,1,1,0,1,2,6,4,1,1,8,7,2,0,1,163,0,0,0,1,74.19354838709677,62.11180124223602,66.66666666666667,12,13.440860215053762,0.0,0.0,50.0,2.0,4,1,6,98.94478527607363
S41G01N231,2022-2023,20230310,home,35,0,1,2,2,4,1,5,2,2,0,0,0,0,0,0,0,7,2,1,0,4,7,0,0,2,181,0,0,0,2,-50.38402457757295,28.571428571428573,28.571428571428573,3,22.22222222222222,66.66666666666667,0.0,0.0,0.0,2,1,0,95.73480662983427,70,2,1,1,0,1,2,6,4,0,0,1,1,1,0,1,2,6,4,1,1,8,7,2,0,1,181,0,0,0,1,50.38402457757295,62.11180124223602,66.66666666666667,12,13.440860215053762,0.0,0.0,50.0,2.0,2,1,6,95.73480662983427
S41G01N231,2022-2023,20230310,home,35,1,1,2,2,4,1,5,2,2,0,0,0,0,0,0,0,7,2,1,0,4,7,0,0,2,181,0,0,0,2,-50.38402457757295,28.571428571428573,28.571428571428573,4,22.22222222222222,66.66666666666667,0.0,50.0,0.5,2,1,0,95.73480662983427,70,2,1,1,0,1,2,6,4,0,0,1,1,1,0,1,2,6,4,1,1,8,7,2,0,1,181,0,0,0,1,50.38402457757295,62.11180124223602,66.66666666666667,12,13.440860215053762,0.0,0.0,50.0,2.0,2,1,6,95.73480662983427
S41G01N231,2022-2023,20230310,home,35,1,1,2,2,4,1,5,2,2,0,0,0,0,0,0,0,7,2,1,0,4,7,0,0,2,197,0,0,0,2,-61.34055517941771,28.571428571428573,28.571428571428573,4,22.22222222222222,66.66666666666667,0.0,50.0,0.5,2,1,0,94.0507614213198,70,2,1,1,0,1,2,7,5,0,0,1,1,1,0,1,2,7,5,1,1,10,8,2,0,1,197,0,0,0,1,61.34055517941771,67.20430107526882,71.42857142857143,14,11.848341232227487,0.0,0.0,40.0,2.0,2,1,6,94.0507614213198
S41G01N231,2022-2023,20230310,home,35,1,1,2,2,4,1,6,2,2,0,0,0,0,0,0,0,8,2,1,0,4,8,0,0,2,218,0,0,0,2,-68.48341232227486,25.0,25.0,3,20.0,66.66666666666667,0.0,50.0,0.5,2,1,0,90.49541284403671,70,2,1,1,0,1,2,7,5,0,0,1,1,1,0,1,2,7,5,1,1,10,8,2,0,1,218,0,0,0,1,68.48341232227486,67.20430107526882,71.42857142857143,14,11.848341232227487,0.0,0.0,40.0,2.0,2,1,6,90.49541284403671
S41G01N231,2022-2023,20230310,home,35,1,1,2,2,4,1,6,2,2,0,0,0,0,0,0,0,8,2,1,0,4,8,0,0,2,221,0,0,0,2,-68.48341232227486,25.0,25.0,3,20.0,50.0,0.0,50.0,0.5,2,1,0,89.26696832579186,70,2,1,2,0,2,2,7,5,0,0,1,1,1,0,1,2,7,5,1,1,10,8,2,0,1,221,0,0,0,1,68.48341232227486,67.20430107526882,71.42857142857143,15,11.848341232227487,0.0,0.0,40.0,2.0,2,1,6,89.26696832579186
S41G01N231,2022-2023,20230310,home,35,1,1,2,2,4,1,6,2,2,0,0,0,0,0,0,0,8,2,1,0,4,8,0,0,2,231,0,0,0,2,-55.93220338983052,25.0,25.0,3,20.0,50.0,0.0,50.0,0.5,2,1,0,90.59740259740258,70,2,1,2,0,2,2,7,5,1,0,1,1,1,0,1,2,8,5,1,1,10,9,2,0,1,231,0,0,0,1,55.93220338983052,59.241706161137444,62.5,14,10.593220338983052,0.0,0.0,40.0,2.0,2,1,6,90.59740259740258
S41G01N231,2022-2023,20230310,home,35,1,1,3,2,5,1,6,2,2,0,0,0,0,0,0,0,8,2,1,0,4,8,0,0,2,233,0,0,0,2,-55.93220338983052,25.0,25.0,4,20.0,50.0,0.0,50.0,0.5,2,1,0,89.81974248927038,70,2,1,2,0,2,2,7,5,1,0,1,1,1,0,1,2,8,5,1,1,10,9,2,0,1,233,0,0,0,1,55.93220338983052,59.241706161137444,62.5,14,10.593220338983052,0.0,0.0,40.0,2.0,2,1,6,89.81974248927038
S41G01N231,2022-2023,20230310,home,35,1,1,3,2,5,1,7,2,2,0,0,0,0,0,0,0,9,2,1,0,4,9,0,0,2,255,0,0,0,2,-61.48775894538608,22.22222222222222,22.22222222222222,3,18.181818181818183,50.0,0.0,50.0,0.5,2,1,0,86.77647058823528,70,2,1,2,0,2,2,7,5,1,0,1,1,1,0,1,2,8,5,1,1,10,9,2,0,1,255,0,0,0,1,61.48775894538608,59.241706161137444,62.5,14,10.593220338983052,0.0,0.0,40.0,2.0,2,1,6,86.77647058823528
S41G01N231,2022-2023,20230310,home,35,1,1,3,2,5,1,7,2,2,0,0,0,0,0,0,0,9,2,1,0,4,9,0,0,2,257,0,0,0,2,-61.48775894538608,22.22222222222222,22.22222222222222,3,18.181818181818183,40.0,0.0,50.0,0.5,2,1,0,86.10116731517509,70,2,1,3,0,3,2,7,5,1,0,1,1,1,0,1,2,8,5,1,1,10,9,2,0,1,257,0,0,0,1,61.48775894538608,59.241706161137444,62.5,15,10.593220338983052,0.0,0.0,40.0,2.0,2,1,6,86.10116731517509
S41G01N231,2022-2023,20230310,home,35,1,1,3,2,5,1,7,2,2,0,0,0,0,0,0,0,9,2,1,0,4,9,0,0,2,261,0,0,0,2,-70.49808429118775,22.22222222222222,22.22222222222222,3,18.181818181818183,40.0,0.0,50.0,0.5,4,1,0,89.37931034482757,70,2,1,3,0,3,2,8,6,1,0,1,1,1,0,1,2,9,6,1,1,12,10,2,0,1,261,0,0,0,1,70.49808429118775,63.55932203389831,66.66666666666667,17,9.578544061302683,0.0,0.0,33.333333333333336,2.0,4,1,8,89.37931034482757
S41G01N231,2022-2023,20230310,home,35,1,1,3,2,5,1,7,2,2,0,0,0,0,0,0,0,9,2,1,0,4,9,0,0,2,261,0,0,0,2,-70.49808429118775,22.22222222222222,22.22222222222222,3,18.181818181818183,40.0,0.0,50.0,0.5,4,1,0,89.37931034482757,70,2,1,3,0,3,2,8,6,1,0,1,1,1,0,1,2,9,6,1,1,12,10,2,0,1,261,0,0,0,1,70.49808429118775,63.55932203389831,66.66666666666667,17,9.578544061302683,0.0,0.0,33.333333333333336,2.0,4,1,8,89.37931034482757
S41G01N231,2022-2023,20230310,home,35,1,1,3,2,5,1,7,2,2,0,0,0,0,0,0,0,9,2,1,0,4,9,0,0,2,261,0,0,0,2,-70.49808429118775,22.22222222222222,22.22222222222222,3,18.181818181818183,40.0,0.0,50.0,0.5,4,1,0,89.37931034482757,70,2,1,3,0,3,2,8,6,1,0,1,1,1,0,1,2,9,6,1,1,12,10,2,0,1,261,0,0,0,1,70.49808429118775,63.55932203389831,66.66666666666667,17,9.578544061302683,0.0,0.0,33.333333333333336,2.0,4,1,8,89.37931034482757
S41G01N231,2022-2023,20230310,home,35,1,1,3,2,5,1,7,2,2,0,0,0,0,0,0,0,9,2,1,0,4,9,0,0,2,261,0,0,0,2,-70.49808429118775,22.22222222222222,22.22222222222222,3,18.181818181818183,40.0,0.0,50.0,0.5,4,1,0,89.37931034482757,70,2,1,3,0,3,2,8,6,1,0,1,1,1,0,1,2,9,6,1,1,12,10,2,0,1,261,0,0,0,1,70.49808429118775,63.55932203389831,66.66666666666667,17,9.578544061302683,0.0,0.0,33.333333333333336,2.0,4,1,8,89.37931034482757
S41G01N231,2022-2023,20230310,home,35,1,1,3,2,5,1,7,2,2,0,0,0,0,0,0,0,9,2,1,0,4,9,0,0,3,279,0,0,0,3,-74.9425287356322,22.22222222222222,22.22222222222222,2,25.0,40.0,0.0,50.0,0.3333333333333333,4,1,0,87.91397849462363,70,2,1,3,0,3,2,8,6,1,0,1,1,1,0,1,2,9,6,1,1,12,10,2,0,1,279,0,0,0,1,74.9425287356322,63.55932203389831,66.66666666666667,17,9.578544061302683,0.0,0.0,33.333333333333336,2.0,4,1,8,87.91397849462363
S41G01N231,2022-2023,20230310,home,35,1,1,3,2,5,1,7,2,2,0,0,0,0,0,0,0,9,2,1,0,4,9,0,0,3,281,0,0,0,3,-74.9425287356322,22.22222222222222,22.22222222222222,2,25.0,40.0,0.0,50.0,0.3333333333333333,4,1,0,87.28825622775798,70,2,1,3,0,3,2,8,6,1,0,1,1,1,0,1,2,9,6,1,1,12,10,3,0,1,281,0,0,0,1,74.9425287356322,63.55932203389831,66.66666666666667,18,9.578544061302683,0.0,0.0,33.333333333333336,2.0,4,1,8,87.28825622775798
S41G01N231,2022-2023,20230310,home,35,1,1,3,2,5,1,7,2,2,0,0,0,0,0,0,0,9,2,1,0,4,9,0,0,3,281,0,0,0,3,-64.8951048951049,22.22222222222222,22.22222222222222,2,25.0,40.0,0.0,50.0,0.3333333333333333,4,1,0,91.55871886120994,70,2,1,3,0,3,2,8,6,1,0,1,1,1,0,1,2,9,6,1,1,12,10,3,0,2,281,0,0,0,2,64.8951048951049,63.55932203389831,66.66666666666667,17,17.482517482517483,0.0,0.0,33.333333333333336,1.0,4,1,8,91.55871886120994
S41G01N231,2022-2023,20230310,home,35,1,1,3,2,5,1,7,2,2,0,0,0,0,0,0,0,9,2,1,0,4,9,0,0,3,281,0,0,0,3,-64.8951048951049,22.22222222222222,22.22222222222222,2,25.0,40.0,0.0,50.0,0.3333333333333333,4,1,0,91.55871886120994,70,2,1,3,0,3,2,8,6,1,0,1,1,1,0,1,2,9,6,1,1,12,10,3,0,2,281,0,0,0,2,64.8951048951049,63.55932203389831,66.66666666666667,17,17.482517482517483,0.0,0.0,33.333333333333336,1.0,4,1,8,91.55871886120994
S41G01N231,2022-2023,20230310,home,35,1,1,3,2,5,1,7,2,2,0,0,0,0,0,0,0,9,2,1,0,4,9,0,0,3,281,0,0,0,3,-64.8951048951049,22.22222222222222,22.22222222222222,2,25.0,40.0,0.0,50.0,0.3333333333333333,4,1,0,91.55871886120994,70,2,1,3,0,3,2,8,6,1,0,1,1,1,0,1,2,9,6,1,1,12,10,3,0,2,281,0,0,0,2,64.8951048951049,63.55932203389831,66.66666666666667,17,17.482517482517483,0.0,0.0,33.333333333333336,1.0,4,1,8,91.55871886120994
S41G01N231,2022-2023,20230310,home,35,1,1,3,2,5,1,7,2,2,0,0,0,0,0,0,0,9,2,1,0,4,9,0,0,3,281,0,0,0,3,-64.8951048951049,22.22222222222222,22.22222222222222,2,25.0,40.0,0.0,50.0,0.3333333333333333,4,1,0,91.55871886120994,70,2,1,3,0,3,2,8,6,1,0,1,1,1,0,1,2,9,6,1,1,12,10,3,0,2,281,0,0,0,2,64.8951048951049,63.55932203389831,66.66666666666667,17,17.482517482517483,0.0,0.0,33.333333333333336,1.0,4,1,8,91.55871886120994
S41G01N231,2022-2023,20230310,home,35,1,1,3,2,5,1,7,2,2,0,0,0,0,0,0,0,9,2,1,0,4,9,0,0,3,281,0,0,0,3,-64.8951048951049,22.22222222222222,22.22222222222222,2,25.0,40.0,0.0,50.0,0.3333333333333333,4,1,0,91.55871886120994,70,2,1,3,0,3,2,8,6,1,0,1,1,1,0,1,2,9,6,1,1,12,10,3,0,2,281,0,0,0,2,64.8951048951049,63.55932203389831,66.66666666666667,17,17.482517482517483,0.0,0.0,33.333333333333336,1.0,4,1,8,91.55871886120994
S41G01N231,2022-2023,20230310,home,35,1,1,3,2,5,1,8,2,2,0,0,0,0,0,0,0,10,2,1,0,4,10,0,0,3,298,0,0,0,3,-68.53146853146853,20.0,20.0,1,23.076923076923077,40.0,0.0,50.0,0.3333333333333333,4,1,0,90.36241610738254,70,2,1,3,0,3,2,8,6,1,0,1,1,1,0,1,2,9,6,1,1,12,10,3,0,2,298,0,0,0,2,68.53146853146853,63.55932203389831,66.66666666666667,17,17.482517482517483,0.0,0.0,33.333333333333336,1.0,4,1,8,90.36241610738254
S41G01N231,2022-2023,20230310,home,35,1,1,3,2,5,1,8,2,2,0,0,0,0,0,0,0,10,2,1,0,4,10,0,0,3,299,0,0,0,3,-68.53146853146853,20.0,20.0,1,23.076923076923077,33.333333333333336,0.0,50.0,0.3333333333333333,4,1,0,90.06020066889631,70,2,1,4,0,4,2,8,6,1,0,1,1,1,0,1,2,9,6,1,1,12,10,3,0,2,299,0,0,0,2,68.53146853146853,63.55932203389831,66.66666666666667,18,17.482517482517483,0.0,0.0,33.333333333333336,1.0,4,1,8,90.06020066889631
S41G01N231,2022-2023,20230310,home,35,1,1,3,2,5,1,8,2,2,0,0,0,0,0,0,0,10,2,1,0,4,10,0,0,3,316,0,0,0,3,-60.099386144402224,20.0,20.0,1,23.076923076923077,33.333333333333336,0.0,50.0,0.3333333333333333,4,1,0,89.01265822784809,70,2,1,4,0,4,2,9,6,1,0,1,1,1,0,1,2,10,6,1,1,12,11,3,0,2,316,0,0,0,2,60.099386144402224,57.4712643678161,60.0,17,16.077170418006432,0.0,0.0,33.333333333333336,1.0,4,1,8,89.01265822784809
S41G01N231,2022-2023,20230310,home,35,1,1,3,2,5,1,8,2,2,0,0,0,0,0,0,0,10,2,1,0,4,10,0,0,3,318,0,0,0,3,-60.099386144402224,20.0,20.0,1,23.076923076923077,33.333333333333336,0.0,50.0,0.3333333333333333,4,1,0,88.45283018867924,70,2,1,4,0,4,3,9,6,1,0,1,1,1,0,1,2,10,6,1,1,12,11,3,0,2,318,0,0,0,2,60.099386144402224,57.4712643678161,60.0,18,16.077170418006432,0.0,0.0,33.333333333333336,1.0,4,1,8,88.45283018867924
S41G01N231,2022-2023,20230310,home,35,1,1,3,2,5,1,8,2,2,0,0,0,0,0,0,0,10,2,1,0,4,10,0,0,3,333,0,0,0,3,-52.922077922077925,20.0,20.0,1,23.076923076923077,33.333333333333336,0.0,50.0,0.3333333333333333,4,1,0,88.07207207207206,70,2,1,4,0,4,3,10,6,1,0,1,1,1,0,1,2,11,6,1,1,12,12,3,0,2,333,0,0,0,2,52.922077922077925,52.44755244755245,54.54545454545455,17,14.880952380952381,0.0,0.0,33.333333333333336,1.0,4,1,8,88.07207207207206
S41G01N231,2022-2023,20230310,home,35,1,1,3,2,5,1,8,2,2,0,0,0,0,0,0,0,10,2,1,0,4,10,0,0,3,334,0,0,0,3,-60.099386144402224,20.0,20.0,1,23.076923076923077,33.333333333333336,0.0,50.0,0.3333333333333333,4,1,0,84.21556886227543,70,2,1,4,1,5,3,10,6,1,0,1,1,1,0,1,2,11,6,1,1,12,12,3,0,2,334,0,0,0,2,60.099386144402224,52.44755244755245,54.54545454545455,18,14.880952380952381,25.0,0.0,33.333333333333336,1.0,4,1,8,84.21556886227543
S41G01N231,2022-2023,20230310,home,35,1,1,3,2,5,1,8,2,2,0,0,0,0,0,0,0,10,2,1,0,4,10,0,0,3,334,0,0,0,3,-60.099386144402224,20.0,20.0,1,23.076923076923077,33.333333333333336,0.0,50.0,0.3333333333333333,4,1,0,84.21556886227543,70,2,1,4,1,5,3,10,6,1,0,1,1,1,0,1,2,11,6,1,1,12,12,3,1,2,334,0,0,0,3,60.099386144402224,52.44755244755245,54.54545454545455,17,14.880952380952381,25.0,0.0,33.333333333333336,1.0,4,1,8,84.21556886227543
S41G01N231,2022-2023,20230310,home,35,1,1,3,2,5,1,9,2,2,0,0,0,0,0,0,0,11,2,1,0,4,11,0,0,3,349,0,0,0,3,-63.129689174705256,18.181818181818183,18.181818181818183,0,21.428571428571427,33.333333333333336,0.0,50.0,0.3333333333333333,4,1,0,84.03438395415472,70,2,1,4,1,5,3,10,6,1,0,1,1,1,0,1,2,11,6,1,1,12,12,3,1,2,349,0,0,0,3,63.129689174705256,52.44755244755245,54.54545454545455,17,14.880952380952381,25.0,0.0,33.333333333333336,1.0,4,1,8,84.03438395415472
S41G01N231,2022-2023,20230310,home,35,1,1,3,2,5,1,9,2,2,0,0,0,0,0,0,0,11,2,1,0,4,11,0,0,3,351,0,0,0,3,-63.129689174705256,18.181818181818183,18.181818181818183,0,21.428571428571427,28.571428571428573,0.0,50.0,0.3333333333333333,4,1,0,83.55555555555554,70,2,1,5,1,6,3,10,6,1,0,1,1,1,0,1,2,11,6,1,1,12,12,3,1,2,351,0,0,0,3,63.129689174705256,52.44755244755245,54.54545454545455,18,14.880952380952381,25.0,0.0,33.333333333333336,1.0,4,1,8,83.55555555555554
S41G01N231,2022-2023,20230310,home,35,1,1,3,2,5,1,9,2,2,0,0,0,0,0,0,0,11,2,1,0,4,11,0,0,3,358,0,0,0,3,-55.952380952380956,18.181818181818183,18.181818181818183,0,21.428571428571427,28.571428571428573,0.0,50.0,0.3333333333333333,4,1,0,85.27374301675977,70,2,1,5,1,6,3,10,6,1,0,1,1,1,0,1,2,11,6,1,1,12,12,3,1,3,358,0,0,0,4,55.952380952380956,52.44755244755245,54.54545454545455,17,20.775623268698062,25.0,0.0,33.333333333333336,0.6666666666666666,4,1,8,85.27374301675977
S41G01N231,2022-2023,20230310,home,35,1,1,3,2,5,1,9,2,2,0,0,0,0,0,0,0,11,2,1,0,4,11,1,0,3,359,0,0,0,3,-55.952380952380956,18.181818181818183,18.181818181818183,1,21.428571428571427,28.571428571428573,0.0,50.0,0.3333333333333333,4,1,0,85.03621169916434,70,2,1,5,1,6,3,10,6,1,0,1,1,1,0,1,2,11,6,1,1,12,12,3,1,3,359,0,0,0,4,55.952380952380956,52.44755244755245,54.54545454545455,17,20.775623268698062,25.0,0.0,33.333333333333336,0.6666666666666666,4,1,8,85.03621169916434
S41G01N231,2022-2023,20230310,home,35,1,1,3,2,5,1,10,2,2,0,0,0,0,0,0,0,12,2,1,0,4,12,1,0,3,368,0,0,0,3,-58.51648351648352,16.666666666666668,16.666666666666668,0,20.0,28.571428571428573,0.0,50.0,0.3333333333333333,4,1,0,86.21739130434781,70,2,1,5,1,6,3,10,6,1,0,1,1,1,0,1,2,11,6,1,1,12,12,3,1,3,368,0,0,0,4,58.51648351648352,52.44755244755245,54.54545454545455,17,20.775623268698062,25.0,0.0,33.333333333333336,0.6666666666666666,4,1,8,86.21739130434781
S41G01N231,2022-2023,20230310,home,35,1,1,3,3,6,1,10,2,2,0,0,0,0,0,0,0,12,2,1,0,4,12,1,0,3,368,0,0,0,3,-55.952380952380956,16.666666666666668,16.666666666666668,1,20.0,37.5,0.0,50.0,0.3333333333333333,4,1,0,82.95652173913042,70,2,1,5,1,6,3,10,6,1,0,1,1,1,0,1,2,11,6,1,1,12,12,3,1,3,368,0,0,0,4,55.952380952380956,52.44755244755245,54.54545454545455,17,20.775623268698062,25.0,0.0,33.333333333333336,0.6666666666666666,4,1,8,82.95652173913042
S41G01N231,2022-2023,20230310,home,35,1,1,3,3,6,1,10,2,2,0,0,0,0,0,0,0,12,2,1,0,4,12,1,0,3,368,0,0,0,3,-55.952380952380956,16.666666666666668,16.666666666666668,1,20.0,37.5,0.0,50.0,0.3333333333333333,4,1,0,82.95652173913042,70,2,1,5,1,6,3,10,6,1,0,1,1,1,0,1,2,11,6,2,1,12,12,3,1,3,368,0,0,0,4,55.952380952380956,52.44755244755245,54.54545454545455,17,20.775623268698062,25.0,0.0,33.333333333333336,0.6666666666666666,4,1,8,82.95652173913042
S41G01N231,2022-2023,20230310,home,35,1,1,3,3,6,1,10,2,2,0,0,0,0,0,0,0,12,2,1,0,4,12,1,0,3,368,0,0,0,3,-55.952380952380956,16.666666666666668,16.666666666666668,1,20.0,37.5,0.0,50.0,0.3333333333333333,4,1,0,82.95652173913042,70,2,1,5,1,6,3,10,6,1,0,1,1,1,0,1,2,11,6,2,1,12,12,3,1,3,368,0,0,0,4,55.952380952380956,52.44755244755245,54.54545454545455,17,20.775623268698062,25.0,0.0,33.333333333333336,0.6666666666666666,4,1,8,82.95652173913042
S41G01N231,2022-2023,20230310,home,35,1,1,3,3,6,1,10,2,2,0,0,0,1,0,0,0,12,2,1,0,4,13,1,0,3,368,0,0,0,3,-57.13137344970143,16.077170418006432,16.666666666666668,0,19.430051813471504,37.5,0.0,50.0,0.3333333333333333,4,1,0,84.39130434782608,70,2,1,5,1,6,3,10,6,1,0,1,1,1,0,1,2,11,6,2,1,12,12,3,1,3,368,0,0,0,4,57.13137344970143,52.44755244755245,54.54545454545455,17,20.775623268698062,25.0,0.0,33.333333333333336,0.6666666666666666,4,1,8,84.39130434782608
S41G01N231,2022-2023,20230310,home,35,1,1,3,3,6,1,10,2,2,0,0,0,2,1,0,0,12,2,1,0,5,14,1,0,3,368,0,0,0,3,-50.465838509316775,19.40993788819876,16.666666666666668,1,18.89168765743073,37.5,50.0,50.0,0.3333333333333333,1,1,0,85.82608695652173,70,2,1,5,1,6,3,10,6,1,0,1,1,1,0,1,2,11,6,2,1,12,12,3,1,3,368,0,0,0,4,50.465838509316775,52.44755244755245,54.54545454545455,17,20.775623268698062,25.0,0.0,33.333333333333336,0.6666666666666666,1,1,8,85.82608695652173
S41G01N231,2022-2023,20230310,home,35,1,1,3,3,6,1,10,2,2,0,0,0,2,1,0,0,12,2,1,0,5,14,1,0,3,392,0,0,0,3,-58.13303281086011,19.40993788819876,16.666666666666668,1,18.89168765743073,37.5,50.0,50.0,0.3333333333333333,2,1,0,83.63265306122449,70,2,1,5,1,6,3,11,7,1,0,1,1,1,0,1,2,12,7,2,1,14,13,3,1,3,392,0,0,0,4,58.13303281086011,56.27009646302251,58.333333333333336,19,19.430051813471504,25.0,0.0,28.571428571428573,0.6666666666666666,2,1,9,83.63265306122449
S41G01N231,2022-2023,20230310,home,35,1,1,3,3,6,1,11,3,2,0,0,0,2,1,0,0,13,3,1,0,7,15,1,0,3,408,0,0,0,3,-46.52063193019711,25.216138328530256,23.076923076923077,3,17.772511848341228,37.5,50.0,33.333333333333336,0.3333333333333333,2,1,0,83.29411764705883,70,2,1,5,1,6,3,11,7,1,0,1,1,1,0,1,2,12,7,2,1,14,13,3,1,3,408,0,0,0,4,46.52063193019711,56.27009646302251,58.333333333333336,19,19.430051813471504,25.0,0.0,28.571428571428573,0.6666666666666666,2,1,9,83.29411764705883
S41G01N231,2022-2023,20230310,home,35,1,1,3,3,6,1,11,3,2,0,0,0,2,1,0,0,13,3,2,1,7,15,1,0,3,425,0,0,0,3,-46.52063193019711,25.216138328530256,23.076923076923077,3,17.772511848341228,37.5,50.0,33.333333333333336,0.3333333333333333,2,1,0,79.96235294117648,70,2,1,5,1,6,3,11,7,1,0,1,1,1,0,1,2,12,7,2,1,14,13,3,1,3,425,0,0,0,4,46.52063193019711,56.27009646302251,58.333333333333336,19,19.430051813471504,25.0,0.0,28.571428571428573,0.6666666666666666,2,1,9,79.96235294117648
S41G01N231,2022-2023,20230310,home,35,1,1,3,3,6,1,11,3,2,0,0,0,2,1,0,0,13,3,2,1,7,15,1,0,3,425,0,0,0,3,-46.52063193019711,25.216138328530256,23.076923076923077,3,17.772511848341228,37.5,50.0,33.333333333333336,0.3333333333333333,2,1,0,79.96235294117648,70,2,1,5,1,6,3,11,7,1,0,1,1,1,0,1,2,12,7,2,1,14,13,3,1,3,425,0,0,0,4,46.52063193019711,56.27009646302251,58.333333333333336,19,19.430051813471504,25.0,0.0,28.571428571428573,0.6666666666666666,2,1,9,79.96235294117648
S41G01N231,2022-2023,20230310,home,35,1,1,3,3,6,1,11,3,2,0,0,0,2,1,0,0,13,3,2,1,7,15,1,0,3,433,0,0,0,3,-40.241298472473176,25.216138328530256,23.076923076923077,3,17.772511848341228,37.5,50.0,33.333333333333336,0.3333333333333333,2,1,0,81.25635103926098,70,2,1,5,1,6,3,11,7,2,0,1,1,1,0,1,2,13,7,2,1,14,14,3,1,3,433,0,0,0,4,40.241298472473176,52.083333333333336,53.84615384615385,18,18.248175182481756,25.0,0.0,28.571428571428573,0.6666666666666666,2,1,9,81.25635103926098
S41G01N231,2022-2023,20230310,home,35,1,1,4,3,7,1,11,3,2,0,0,0,2,1,0,0,13,3,2,1,7,15,1,0,3,435,0,0,0,3,-40.241298472473176,25.216138328530256,23.076923076923077,4,17.772511848341228,37.5,50.0,33.333333333333336,0.3333333333333333,2,1,0,80.88275862068966,70,2,1,5,1,6,3,11,7,2,0,1,1,1,0,1,2,13,7,2,1,14,14,3,1,3,435,0,0,0,4,40.241298472473176,52.083333333333336,53.84615384615385,18,18.248175182481756,20.0,0.0,28.571428571428573,0.6666666666666666,2,1,9,80.88275862068966
S41G01N231,2022-2023,20230310,home,35,1,1,4,3,7,1,12,4,2,0,0,0,2,1,0,0,14,4,2,1,9,16,1,0,3,454,0,0,0,3,-30.189704161791767,30.241935483870964,28.571428571428573,6,16.778523489932883,37.5,50.0,25.0,0.3333333333333333,4,1,0,80.1409691629956,70,2,1,5,1,6,3,11,7,2,0,1,1,1,0,1,2,13,7,2,1,14,14,3,1,3,454,0,0,0,4,30.189704161791767,52.083333333333336,53.84615384615385,18,18.248175182481756,20.0,0.0,28.571428571428573,0.6666666666666666,4,1,9,80.1409691629956
S41G01N231,2022-2023,20230310,home,35,2,1,4,3,7,1,12,4,2,0,0,0,2,1,0,0,14,4,2,1,9,16,1,0,3,454,0,0,0,3,-30.189704161791767,30.241935483870964,28.571428571428573,7,16.778523489932883,37.5,50.0,50.0,0.6666666666666666,4,1,0,80.1409691629956,70,2,1,5,1,6,3,11,7,2,0,1,1,1,0,1,2,13,7,2,1,14,14,3,1,3,454,0,0,0,4,30.189704161791767,52.083333333333336,53.84615384615385,18,18.248175182481756,20.0,0.0,28.571428571428573,0.6666666666666666,4,1,9,80.1409691629956
S41G01N231,2022-2023,20230310,home,35,2,1,4,3,7,1,12,4,2,0,0,0,2,1,0,0,14,4,3,2,9,16,1,0,3,465,0,0,0,3,-30.189704161791767,30.241935483870964,28.571428571428573,7,16.778523489932883,37.5,50.0,50.0,0.6666666666666666,4,1,0,78.24516129032259,70,2,1,5,1,6,3,11,7,2,0,1,1,1,0,1,2,13,7,2,1,14,14,3,1,3,465,0,0,0,4,30.189704161791767,52.083333333333336,53.84615384615385,18,18.248175182481756,20.0,0.0,28.571428571428573,0.6666666666666666,4,1,9,78.24516129032259
S41G01N231,2022-2023,20230310,home,35,2,1,4,3,7,1,12,4,2,0,0,0,2,1,0,0,14,4,3,2,9,16,1,0,3,465,0,0,0,3,-30.189704161791767,30.241935483870964,28.571428571428573,7,16.778523489932883,37.5,50.0,50.0,0.6666666666666666,4,1,0,78.24516129032259,70,2,1,5,1,6,3,11,7,2,0,1,1,1,0,1,2,13,7,2,1,14,14,3,1,3,465,0,0,0,4,30.189704161791767,52.083333333333336,53.84615384615385,18,18.248175182481756,20.0,0.0,28.571428571428573,0.6666666666666666,4,1,9,78.24516129032259
S41G01N231,2022-2023,20230310,home,35,2,1,4,3,7,1,12,4,2,0,0,0,2,1,0,0,14,4,3,2,9,16,1,0,3,469,0,0,0,3,-24.674279883839603,30.241935483870964,28.571428571428573,7,16.778523489932883,37.5,50.0,50.0,0.6666666666666666,4,1,0,80.13646055437101,70,2,1,5,1,6,3,11,7,3,0,1,1,1,0,1,2,14,7,2,1,14,15,3,1,3,469,0,0,0,4,24.674279883839603,48.47645429362881,50.0,17,17.201834862385322,20.0,0.0,28.571428571428573,0.6666666666666666,4,1,9,80.13646055437101
S41G01N231,2022-2023,20230310,home,35,2,1,5,3,8,1,12,4,2,0,0,0,2,1,0,0,14,4,3,2,9,16,1,0,3,471,0,0,0,3,-24.674279883839603,30.241935483870964,28.571428571428573,8,16.778523489932883,37.5,50.0,50.0,0.6666666666666666,4,1,0,79.79617834394904,70,2,1,5,1,6,3,11,7,3,0,1,1,1,0,1,2,14,7,2,1,14,15,3,1,3,471,0,0,0,4,24.674279883839603,48.47645429362881,50.0,17,17.201834862385322,16.666666666666668,0.0,28.571428571428573,0.6666666666666666,4,1,9,79.79617834394904
S41G01N231,2022-2023,20230310,home,35,2,1,5,3,8,1,13,5,2,0,0,0,2,1,0,0,15,5,3,2,11,17,1,0,3,488,0,0,0,3,-15.888629441002195,34.63476070528967,33.333333333333336,10,15.889830508474574,37.5,50.0,40.0,0.6666666666666666,6,1,0,79.47540983606558,70,2,1,5,1,6,3,11,7,3,0,1,1,1,0,1,2,14,7,2,1,14,15,3,1,3,488,0,0,0,4,15.888629441002195,48.47645429362881,50.0,17,17.201834862385322,16.666666666666668,0.0,28.571428571428573,0.6666666666666666,6,1,9,79.47540983606558
S41G01N231,2022-2023,20230310,home,35,3,1,5,3,8,1,13,5,2,0,0,0,2,1,0,0,15,5,3,2,11,17,1,0,3,488,0,0,0,3,-15.888629441002195,34.63476070528967,33.333333333333336,11,15.889830508474574,37.5,50.0,60.0,1.0,6,1,0,79.47540983606558,70,2,1,5,1,6,3,11,7,3,0,1,1,1,0,1,2,14,7,2,1,14,15,3,1,3,488,0,0,0,4,15.888629441002195,48.47645429362881,50.0,17,17.201834862385322,16.666666666666668,0.0,28.571428571428573,0.6666666666666666,6,1,9,79.47540983606558
S41G01N231,2022-2023,20230310,home,35,3,1,5,3,8,1,13,5,2,0,0,0,2,1,0,0,15,5,4,2,11,17,1,0,3,498,0,0,0,3,-15.888629441002195,34.63476070528967,33.333333333333336,11,15.889830508474574,37.5,50.0,60.0,1.0,6,1,0,77.87951807228916,70,2,1,5,1,6,3,11,7,3,0,1,1,1,0,1,2,14,7,2,1,14,15,3,1,3,498,0,0,0,4,15.888629441002195,48.47645429362881,50.0,17,17.201834862385322,16.666666666666668,0.0,28.571428571428573,0.6666666666666666,6,1,9,77.87951807228916
S41G01N231,2022-2023,20230310,home,35,3,1,5,3,8,1,13,5,2,0,0,0,2,1,0,0,15,5,4,2,11,17,1,0,3,498,0,0,0,3,-15.888629441002195,34.63476070528967,33.333333333333336,11,15.889830508474574,37.5,50.0,60.0,1.0,6,1,0,77.87951807228916,70,2,1,5,1,6,3,11,7,3,0,1,1,1,0,1,2,14,7,2,1,14,15,3,1,3,498,0,0,0,4,15.888629441002195,48.47645429362881,50.0,17,17.201834862385322,16.666666666666668,0.0,28.571428571428573,0.6666666666666666,6,1,9,77.87951807228916
S41G01N231,2022-2023,20230310,home,35,3,1,5,3,8,1,13,5,2,0,0,0,2,1,0,0,15,5,4,2,11,17,1,0,3,498,0,0,0,3,-15.888629441002195,34.63476070528967,33.333333333333336,11,15.889830508474574,37.5,50.0,60.0,1.0,6,1,0,77.87951807228916,70,2,1,5,1,6,3,11,7,3,0,1,1,1,0,1,2,14,7,2,1,14,15,3,1,3,498,0,0,0,4,15.888629441002195,48.47645429362881,50.0,17,17.201834862385322,16.666666666666668,0.0,28.571428571428573,0.6666666666666666,6,1,9,77.87951807228916
S41G01N231,2022-2023,20230310,home,35,3,1,5,3,8,1,13,5,2,0,0,0,2,1,0,0,15,5,4,2,11,17,1,0,3,498,0,0,0,3,-15.888629441002195,34.63476070528967,33.333333333333336,11,15.889830508474574,37.5,50.0,60.0,1.0,6,1,0,77.87951807228916,70,2,1,5,1,6,3,11,7,3,0,1,1,1,0,1,2,14,7,2,1,14,15,3,1,3,498,0,0,0,4,15.888629441002195,48.47645429362881,50.0,17,17.201834862385322,16.666666666666668,0.0,28.571428571428573,0.6666666666666666,6,1,9,77.87951807228916
S41G01N231,2022-2023,20230310,home,35,3,1,5,3,8,1,13,5,2,0,0,0,2,1,0,0,15,5,4,2,11,17,1,0,3,498,0,0,0,3,-19.59303783112682,34.63476070528967,33.333333333333336,11,15.889830508474574,37.5,50.0,60.0,1.0,1,1,0,78.9397590361446,70,2,1,5,1,6,3,11,7,3,0,1,1,2,1,1,2,14,7,2,1,15,16,3,1,3,498,0,0,0,4,19.59303783112682,50.40322580645161,50.0,18,16.778523489932883,16.666666666666668,50.0,28.571428571428573,0.6666666666666666,1,1,9,78.9397590361446
S41G01N231,2022-2023,20230310,home,35,3,1,5,3,8,1,13,5,2,0,0,0,2,1,0,0,15,5,4,2,11,17,1,0,3,498,0,0,0,3,-23.109231476256696,34.63476070528967,33.333333333333336,11,15.889830508474574,37.5,50.0,60.0,1.0,2,1,0,80.00000000000001,70,2,1,5,1,6,3,11,7,3,0,1,1,3,2,1,2,14,7,2,1,16,17,3,1,3,498,0,0,0,4,23.109231476256696,52.21932114882507,50.0,19,16.375545851528383,16.666666666666668,66.66666666666667,28.571428571428573,0.6666666666666666,2,1,9,80.00000000000001
S41G01N231,2022-2023,20230310,home,35,3,1,5,3,8,1,13,5,2,0,0,0,2,1,0,0,15,5,4,2,11,17,1,0,3,498,0,0,0,3,-23.109231476256696,34.63476070528967,33.333333333333336,11,15.889830508474574,37.5,50.0,60.0,1.0,2,1,0,80.00000000000001,70,2,1,5,1,6,3,11,7,3,0,1,1,3,2,1,2,14,7,2,1,16,17,3,1,3,498,0,0,0,4,23.109231476256696,52.21932114882507,50.0,19,16.375545851528383,16.666666666666668,66.66666666666667,28.571428571428573,0.6666666666666666,2,1,9,80.00000000000001
S41G01N231,2022-2023,20230310,home,35,3,1,5,3,8,1,13,5,2,0,0,0,2,1,0,0,15,5,4,2,11,17,1,0,3,498,0,0,0,3,-23.109231476256696,34.63476070528967,33.333333333333336,11,15.889830508474574,37.5,50.0,60.0,1.0,2,1,0,80.00000000000001,70,2,1,5,1,6,3,11,7,3,0,1,1,3,2,1,2,14,7,2,1,16,17,3,1,3,498,0,0,0,4,23.109231476256696,52.21932114882507,50.0,19,16.375545851528383,16.666666666666668,66.66666666666667,28.571428571428573,0.6666666666666666,2,1,9,80.00000000000001
S41G01N231,2022-2023,20230310,home,35,3,1,5,3,8,1,13,5,2,0,0,0,2,1,0,0,15,5,4,2,11,17,1,0,3,498,0,0,0,3,-23.109231476256696,34.63476070528967,33.333333333333336,11,15.889830508474574,37.5,50.0,60.0,1.0,2,1,0,80.00000000000001,70,2,1,5,1,6,3,11,7,3,0,1,1,3,2,1,2,14,7,2,1,16,17,3,1,3,498,0,0,0,4,23.109231476256696,52.21932114882507,50.0,19,16.375545851528383,16.666666666666668,66.66666666666667,28.571428571428573,0.6666666666666666,2,1,9,80.00000000000001
S41G01N231,2022-2023,20230310,home,35,3,1,5,3,8,1,13,5,2,0,0,0,2,1,0,0,15,5,4,2,11,17,1,0,3,498,0,0,0,3,-23.109231476256696,34.63476070528967,33.333333333333336,11,15.889830508474574,37.5,50.0,60.0,1.0,2,1,0,80.00000000000001,70,2,1,5,1,6,3,11,7,3,0,1,1,3,2,1,2,14,7,2,1,16,17,3,1,3,498,0,0,0,4,23.109231476256696,52.21932114882507,50.0,19,16.375545851528383,16.666666666666668,66.66666666666667,28.571428571428573,0.6666666666666666,2,1,9,80.00000000000001
S41G01N231,2022-2023,20230310,home,35,3,1,5,3,8,1,13,5,2,0,0,0,2,1,0,0,15,5,4,2,11,17,1,0,3,498,0,0,0,3,-23.109231476256696,34.63476070528967,33.333333333333336,11,15.889830508474574,37.5,50.0,60.0,1.0,2,1,0,80.00000000000001,70,2,1,5,1,6,3,11,7,3,0,1,1,3,2,1,2,14,7,2,1,16,17,3,1,3,498,0,0,0,4,23.109231476256696,52.21932114882507,50.0,19,16.375545851528383,16.666666666666668,66.66666666666667,28.571428571428573,0.6666666666666666,2,1,9,80.00000000000001
S41G01N231,2022-2023,20230310,home,35,3,1,5,3,8,1,13,5,2,0,0,0,2,1,0,0,15,5,4,2,11,17,1,0,3,498,0,0,0,3,-23.109231476256696,34.63476070528967,33.333333333333336,11,15.889830508474574,37.5,50.0,60.0,1.0,2,1,0,80.00000000000001,70,2,1,5,1,6,3,11,7,3,0,1,1,3,2,1,2,14,7,2,1,16,17,3,1,3,498,0,0,0,4,23.109231476256696,52.21932114882507,50.0,19,16.375545851528383,16.666666666666668,66.66666666666667,28.571428571428573,0.6666666666666666,2,1,9,80.00000000000001
S41G01N231,2022-2023,20230310,home,35,3,1,5,3,8,1,14,6,2,0,0,0,2,1,0,0,16,6,4,2,13,18,1,0,3,513,0,0,0,3,-15.364534877357343,38.50710900473934,37.5,13,15.090543259557345,37.5,50.0,50.0,1.0,2,1,0,80.0,70,2,1,5,1,6,3,11,7,3,0,1,1,3,2,1,2,14,7,2,1,16,17,3,1,3,513,0,0,0,4,15.364534877357343,52.21932114882507,50.0,19,16.375545851528383,16.666666666666668,66.66666666666667,28.571428571428573,0.6666666666666666,2,1,9,80.0
S41G01N231,2022-2023,20230310,home,35,3,1,5,3,8,1,14,6,2,0,0,0,2,1,0,0,16,6,5,2,13,18,1,0,3,534,0,0,0,3,-15.364534877357343,38.50710900473934,37.5,13,15.090543259557345,37.5,50.0,50.0,1.0,2,1,0,76.85393258426967,70,2,1,5,1,6,3,11,7,3,0,1,1,3,2,1,2,14,7,2,1,16,17,3,1,3,534,0,0,0,4,15.364534877357343,52.21932114882507,50.0,19,16.375545851528383,16.666666666666668,66.66666666666667,28.571428571428573,0.6666666666666666,2,1,9,76.85393258426967
S41G01N231,2022-2023,20230310,home,35,3,1,5,3,8,1,14,6,2,0,0,0,2,1,0,0,16,6,5,2,13,18,1,0,3,534,0,0,0,3,-15.364534877357343,38.50710900473934,37.5,13,15.090543259557345,37.5,50.0,50.0,1.0,2,1,0,76.85393258426967,70,2,1,5,1,6,3,11,7,3,0,1,1,3,2,1,2,14,7,2,1,16,17,3,1,3,534,0,0,0,4,15.364534877357343,52.21932114882507,50.0,19,16.375545851528383,16.666666666666668,66.66666666666667,28.571428571428573,0.6666666666666666,2,1,9,76.85393258426967
S41G01N231,2022-2023,20230310,home,35,3,1,5,3,8,1,14,6,2,0,0,0,2,1,0,0,16,6,5,2,13,18,1,0,3,534,0,0,0,3,-15.364534877357343,38.50710900473934,37.5,13,15.090543259557345,37.5,50.0,50.0,1.0,2,1,0,76.85393258426967,70,3,1,5,1,6,3,11,7,3,0,1,1,3,2,1,2,14,7,2,1,16,17,3,1,3,534,0,0,0,4,15.364534877357343,52.21932114882507,50.0,20,16.375545851528383,16.666666666666668,66.66666666666667,42.857142857142854,1.0,2,1,9,76.85393258426967
S41G01N231,2022-2023,20230310,home,35,3,1,5,3,8,1,14,6,2,0,0,0,2,1,0,0,16,6,5,2,13,18,1,0,3,534,0,0,0,3,-18.706502711242052,38.50710900473934,37.5,13,15.090543259557345,37.5,50.0,50.0,1.0,1,1,0,77.84269662921349,70,3,1,5,1,6,3,11,7,3,0,1,1,4,3,1,2,14,7,2,1,17,18,3,1,3,534,0,0,0,4,18.706502711242052,53.934010152284266,50.0,21,15.991471215351813,16.666666666666668,75.0,42.857142857142854,1.0,1,1,9,77.84269662921349
S41G01N231,2022-2023,20230310,home,35,3,1,5,3,8,1,14,6,2,0,0,0,2,1,0,0,16,6,5,2,13,18,1,0,3,534,0,0,0,3,-21.886880891620223,38.50710900473934,37.5,13,15.090543259557345,37.5,50.0,50.0,1.0,2,1,0,78.8314606741573,70,3,1,5,1,6,3,11,7,3,0,1,1,5,4,1,2,14,7,2,1,18,19,3,1,3,534,0,0,0,4,21.886880891620223,55.55555555555556,50.0,22,15.625,16.666666666666668,80.0,42.857142857142854,1.0,2,1,9,78.8314606741573
S41G01N231,2022-2023,20230310,home,35,3,1,5,3,8,1,14,6,2,0,0,0,2,1,0,0,16,6,5,2,13,18,1,0,3,534,0,0,0,3,-19.552305595671527,38.50710900473934,37.5,13,15.090543259557345,37.5,50.0,50.0,1.0,2,1,0,79.82022471910112,70,3,1,5,1,6,3,11,7,3,0,1,1,6,4,1,2,14,7,2,1,18,20,3,1,3,534,0,0,0,4,19.552305595671527,54.08653846153846,50.0,21,15.274949083503055,16.666666666666668,66.66666666666667,42.857142857142854,1.0,2,1,9,79.82022471910112
S41G01N231,2022-2023,20230310,home,35,3,1,6,3,9,1,14,6,2,0,0,0,2,1,0,0,16,6,5,2,13,18,1,0,3,536,0,0,0,3,-19.552305595671527,38.50710900473934,37.5,14,15.090543259557345,37.5,50.0,50.0,1.0,2,1,0,79.52238805970147,70,3,1,5,1,6,3,11,7,3,0,1,1,6,4,1,2,14,7,2,1,18,20,3,1,3,536,0,0,0,4,19.552305595671527,54.08653846153846,50.0,21,15.274949083503055,14.285714285714286,66.66666666666667,42.857142857142854,1.0,2,1,9,79.52238805970147
S41G01N231,2022-2023,20230310,home,35,3,1,6,3,9,1,14,6,3,1,0,0,2,1,0,0,17,7,5,2,16,19,1,0,3,551,0,0,0,3,-7.0810649921748166,44.742729306487696,44.11764705882353,17,14.367816091954024,37.5,50.0,42.857142857142854,1.0,3,1,0,79.535390199637,70,3,1,5,1,6,3,11,7,3,0,1,1,6,4,1,2,14,7,2,1,18,20,3,1,3,551,0,0,0,4,7.0810649921748166,54.08653846153846,50.0,21,15.274949083503055,14.285714285714286,66.66666666666667,42.857142857142854,1.0,3,1,9,79.535390199637
S41G01N231,2022-2023,20230310,home,35,4,1,6,3,9,1,14,6,3,1,0,0,2,1,0,0,17,7,5,2,16,19,1,0,3,551,0,0,0,3,-7.0810649921748166,44.742729306487696,44.11764705882353,18,14.367816091954024,37.5,50.0,57.142857142857146,1.3333333333333333,3,1,0,79.535390199637,70,3,1,5,1,6,3,11,7,3,0,1,1,6,4,1,2,14,7,2,1,18,20,3,1,3,551,0,0,0,4,7.0810649921748166,54.08653846153846,50.0,21,15.274949083503055,14.285714285714286,66.66666666666667,42.857142857142854,1.0,3,1,9,79.535390199637
S41G01N231,2022-2023,20230310,home,35,4,1,6,3,9,1,14,6,3,1,0,0,2,1,0,0,17,7,5,2,16,19,1,0,3,558,0,0,0,3,-2.1642358880429384,44.742729306487696,44.11764705882353,18,14.367816091954024,37.5,50.0,57.142857142857146,1.3333333333333333,3,1,0,80.68817204301074,70,3,1,5,1,6,3,12,7,3,0,1,1,6,4,1,2,15,7,2,1,18,21,3,1,3,558,0,0,0,4,2.1642358880429384,51.0204081632653,46.666666666666664,20,14.534883720930232,14.285714285714286,66.66666666666667,42.857142857142854,1.0,3,1,9,80.68817204301074
S41G01N231,2022-2023,20230310,home,35,4,1,7,3,10,1,14,6,3,1,0,0,2,1,0,0,17,7,5,2,16,19,1,0,3,559,0,0,0,3,-2.1642358880429384,44.742729306487696,44.11764705882353,19,14.367816091954024,37.5,50.0,57.142857142857146,1.3333333333333333,3,1,0,80.54382826475849,70,3,1,5,1,6,3,12,7,3,0,1,1,6,4,1,2,15,7,2,1,18,21,3,1,3,559,0,0,0,4,2.1642358880429384,51.0204081632653,46.666666666666664,20,14.534883720930232,12.5,66.66666666666667,42.857142857142854,1.0,3,1,9,80.54382826475849
S41G01N231,2022-2023,20230310,home,35,4,1,7,3,10,1,15,7,3,1,0,0,2,1,0,0,18,8,5,2,18,20,1,0,3,569,0,0,0,3,3.6892885498291292,47.66949152542373,47.22222222222222,21,13.711151736745887,37.5,50.0,50.0,1.3333333333333333,5,1,0,81.2372583479789,70,3,1,5,1,6,3,12,7,3,0,1,1,6,4,1,2,15,7,2,1,18,21,3,1,3,569,0,0,0,4,-3.6892885498291292,51.0204081632653,46.666666666666664,20,14.534883720930232,12.5,66.66666666666667,42.857142857142854,1.0,5,1,9,81.2372583479789
S41G01N231,2022-2023,20230310,home,35,4,1,7,3,10,1,15,7,3,1,0,0,2,1,0,0,18,8,5,2,18,20,1,0,3,585,0,0,0,3,-1.5602417553540846,47.66949152542373,47.22222222222222,21,13.711151736745887,37.5,50.0,50.0,1.3333333333333333,2,1,0,81.06666666666665,70,3,1,5,1,6,3,13,8,3,0,1,1,6,4,1,2,16,8,2,1,20,22,3,1,3,585,0,0,0,4,1.5602417553540846,53.648068669527895,50.0,22,13.863216266173753,12.5,66.66666666666667,37.5,1.0,2,1,9,81.06666666666665
S41G01N231,2022-2023,20230310,home,35,4,1,7,3,10,1,15,7,3,1,0,0,2,1,0,0,18,8,6,2,18,20,1,0,3,585,0,0,0,3,-1.5602417553540846,47.66949152542373,47.22222222222222,21,13.711151736745887,37.5,50.0,50.0,1.3333333333333333,2,1,0,81.06666666666665,70,3,1,5,1,6,3,13,8,3,0,1,1,6,4,1,2,16,8,2,1,20,22,3,1,3,585,0,0,0,4,1.5602417553540846,53.648068669527895,50.0,22,13.863216266173753,12.5,66.66666666666667,37.5,1.0,2,1,9,81.06666666666665
S41G01N231,2022-2023,20230310,home,35,4,1,7,3,10,1,15,7,3,1,0,0,2,1,0,0,18,8,6,2,18,20,1,0,3,585,0,0,0,3,-4.28151030778632,47.66949152542373,47.22222222222222,21,13.711151736745887,37.5,50.0,50.0,1.3333333333333333,3,1,0,81.96923076923075,70,3,1,5,1,6,3,13,8,3,0,1,1,7,5,1,2,16,8,2,1,21,23,3,1,3,585,0,0,0,4,4.28151030778632,55.03144654088051,50.0,23,13.58695652173913,12.5,71.42857142857143,37.5,1.0,3,1,9,81.96923076923075
S41G01N231,2022-2023,20230310,home,35,4,1,7,3,10,1,16,7,3,1,0,0,2,1,0,0,19,8,6,2,18,21,1,0,3,599,0,0,0,3,-9.077233801289708,45.271629778672036,44.73684210526316,20,13.111888111888112,37.5,50.0,50.0,1.3333333333333333,3,1,0,82.05676126878129,70,3,1,5,1,6,3,13,8,3,0,1,1,7,5,1,2,16,8,2,1,21,23,3,1,3,599,0,0,0,4,9.077233801289708,55.03144654088051,50.0,23,13.58695652173913,12.5,71.42857142857143,37.5,1.0,3,1,9,82.05676126878129
S41G01N231,2022-2023,20230310,home,35,4,1,7,3,10,1,16,7,3,1,0,0,2,1,0,0,19,8,6,2,18,21,1,0,3,599,0,0,0,3,-9.077233801289708,45.271629778672036,44.73684210526316,20,13.111888111888112,33.333333333333336,50.0,50.0,1.3333333333333333,3,1,0,82.05676126878129,70,3,1,6,1,7,3,13,8,3,0,1,1,7,5,1,2,16,8,2,1,21,23,3,1,3,599,0,0,0,4,9.077233801289708,55.03144654088051,50.0,24,13.58695652173913,12.5,71.42857142857143,37.5,1.0,3,1,9,82.05676126878129
S41G01N231,2022-2023,20230310,home,35,4,1,7,3,10,1,16,7,3,1,0,0,2,1,0,0,19,8,6,2,18,21,1,0,3,599,0,0,0,3,-9.077233801289708,45.271629778672036,44.73684210526316,20,13.111888111888112,33.333333333333336,50.0,50.0,1.3333333333333333,3,1,0,82.05676126878129,70,3,1,6,1,7,3,13,8,3,0,1,1,7,5,1,2,16,8,2,1,21,23,3,1,3,599,0,0,0,4,9.077233801289708,55.03144654088051,50.0,24,13.58695652173913,12.5,71.42857142857143,37.5,1.0,3,1,9,82.05676126878129
S41G01N231,2022-2023,20230310,home,35,4,1,7,3,10,1,16,7,3,1,0,0,2,1,0,0,19,8,6,2,18,21,1,0,3,600,0,0,0,3,-9.077233801289708,45.271629778672036,44.73684210526316,20,13.111888111888112,33.333333333333336,50.0,50.0,1.3333333333333333,3,1,0,81.91999999999999,70,3,1,6,1,7,3,13,8,3,0,1,1,7,5,1,2,16,8,2,1,21,23,3,1,3,600,0,0,0,4,9.077233801289708,55.03144654088051,50.0,24,13.58695652173913,12.5,71.42857142857143,37.5,1.0,3,1,9,81.91999999999999
S41G01N231,2022-2023,20230310,home,35,4,1,7,3,10,1,16,7,3,1,0,0,2,1,0,0,19,8,6,2,18,21,1,0,3,600,0,0,0,3,-9.077233801289708,45.271629778672036,44.73684210526316,20,13.111888111888112,33.333333333333336,50.0,50.0,1.3333333333333333,3,1,0,81.91999999999999,70,3,1,6,1,7,3,13,8,3,0,1,1,7,5,1,2,16,8,2,1,21,23,3,1,3,600,0,0,0,4,9.077233801289708,55.03144654088051,50.0,24,13.58695652173913,12.5,71.42857142857143,37.5,1.0,3,1,9,81.91999999999999
S41G01N231,2022-2023,20230310,home,35,4,1,7,3,10,1,16,7,3,1,0,0,2,1,0,0,19,8,6,2,18,21,1,0,3,600,0,0,0,3,-9.077233801289708,45.271629778672036,44.73684210526316,20,13.111888111888112,33.333333333333336,50.0,50.0,1.3333333333333333,3,1,0,81.91999999999999,70,3,1,6,1,7,3,13,8,3,0,1,1,7,5,1,2,16,8,2,1,21,23,3,1,3,600,0,0,0,4,9.077233801289708,55.03144654088051,50.0,24,13.58695652173913,12.5,71.42857142857143,37.5,1.0,3,1,9,81.91999999999999
S41G01N231,2022-2023,20230310,home,35,4,1,7,3,10,1,16,7,3,1,0,0,2,1,0,0,19,8,6,2,18,21,1,0,3,600,0,0,0,3,-9.077233801289708,45.271629778672036,44.73684210526316,20,13.111888111888112,33.333333333333336,50.0,50.0,1.3333333333333333,3,1,0,81.91999999999999,70,3,1,6,1,7,3,13,8,3,0,1,1,7,5,1,2,16,8,2,1,21,23,3,1,3,600,0,0,0,4,9.077233801289708,55.03144654088051,50.0,24,13.58695652173913,12.5,71.42857142857143,37.5,1.0,3,1,9,81.91999999999999
S41G01N231,2022-2023,20230310,home,35,4,1,7,3,10,1,16,7,3,1,0,0,2,1,0,0,19,8,6,2,18,21,1,0,3,600,0,0,0,3,-9.077233801289708,45.271629778672036,44.73684210526316,20,13.111888111888112,33.333333333333336,50.0,50.0,1.3333333333333333,3,1,0,81.91999999999999,70,3,1,6,1,7,3,13,8,3,0,1,1,7,5,1,2,16,8,2,1,21,23,3,1,3,600,0,0,0,4,9.077233801289708,55.03144654088051,50.0,24,13.58695652173913,12.5,71.42857142857143,37.5,1.0,3,1,9,81.91999999999999
S41G01N231,2022-2023,20230310,home,35,4,1,7,3,10,1,16,7,3,1,0,0,2,1,0,0,19,8,6,2,18,21,1,0,3,600,0,0,0,3,-9.077233801289708,45.271629778672036,44.73684210526316,20,13.111888111888112,33.333333333333336,50.0,50.0,1.3333333333333333,3,1,0,81.91999999999999,70,3,1,6,1,7,3,13,8,3,0,1,1,7,5,1,2,16,8,2,1,21,23,3,1,3,600,0,0,0,4,9.077233801289708,55.03144654088051,50.0,24,13.58695652173913,12.5,71.42857142857143,37.5,1.0,3,1,9,81.91999999999999
S41G01N231,2022-2023,20230310,home,35,4,1,7,3,10,1,16,7,3,1,0,0,2,1,0,0,19,8,6,2,18,21,1,0,3,600,0,0,0,3,-9.077233801289708,45.271629778672036,44.73684210526316,20,13.111888111888112,33.333333333333336,50.0,50.0,1.3333333333333333,3,1,0,81.91999999999999,70,3,1,6,1,7,3,13,8,3,0,1,1,7,5,1,2,16,8,2,1,21,23,3,1,3,600,0,0,0,4,9.077233801289708,55.03144654088051,50.0,24,13.58695652173913,12.5,71.42857142857143,37.5,1.0,3,1,9,81.91999999999999
S41G01N231,2022-2023,20230310,home,35,4,1,7,3,10,1,16,7,3,1,0,0,2,1,0,0,19,8,6,2,18,21,1,0,3,600,0,0,0,3,-9.077233801289708,45.271629778672036,44.73684210526316,20,13.111888111888112,33.333333333333336,50.0,50.0,1.3333333333333333,3,1,0,81.91999999999999,70,3,1,6,1,7,3,13,8,3,0,1,1,7,5,1,2,16,8,2,1,21,23,3,1,3,600,0,0,0,4,9.077233801289708,55.03144654088051,50.0,24,13.58695652173913,12.5,71.42857142857143,37.5,1.0,3,1,9,81.91999999999999
S41G01N231,2022-2023,20230310,home,35,4,1,7,3,10,1,16,7,3,1,0,0,2,1,0,0,19,8,6,2,18,21,1,0,3,600,0,0,0,3,-9.077233801289708,45.271629778672036,44.73684210526316,20,13.111888111888112,33.333333333333336,50.0,50.0,1.3333333333333333,3,1,0,81.91999999999999,70,3,1,6,1,7,3,13,8,3,0,1,1,7,5,1,2,16,8,2,1,21,23,3,1,3,600,0,0,0,4,9.077233801289708,55.03144654088051,50.0,24,13.58695652173913,12.5,71.42857142857143,37.5,1.0,3,1,9,81.91999999999999
S41G01N231,2022-2023,20230310,home,35,4,1,7,3,10,1,16,7,3,1,0,0,2,1,0,0,19,8,6,2,18,21,1,0,3,600,0,0,0,3,-9.077233801289708,45.271629778672036,44.73684210526316,20,13.111888111888112,33.333333333333336,50.0,50.0,1.3333333333333333,3,1,0,81.91999999999999,70,3,1,6,1,7,3,13,8,3,0,1,1,7,5,1,2,16,8,2,1,21,23,3,1,3,600,0,0,0,4,9.077233801289708,55.03144654088051,50.0,24,13.58695652173913,12.5,71.42857142857143,37.5,1.0,3,1,9,81.91999999999999
S41G01N231,2022-2023,20230310,home,35,4,1,7,3,10,1,16,7,3,1,0,0,2,1,0,0,19,8,6,2,18,21,1,0,3,600,0,0,0,3,-9.077233801289708,45.271629778672036,44.73684210526316,20,13.111888111888112,33.333333333333336,50.0,50.0,1.3333333333333333,3,1,0,81.91999999999999,70,3,1,6,1,7,3,13,8,3,0,1,1,7,5,1,2,16,8,2,1,21,23,3,1,3,600,0,0,0,4,9.077233801289708,55.03144654088051,50.0,24,13.58695652173913,12.5,71.42857142857143,37.5,1.0,3,1,9,81.91999999999999
S41G01N231,2022-2023,20230310,home,35,4,1,7,3,10,1,16,7,3,1,0,0,2,1,0,0,19,8,6,2,18,21,1,0,3,600,0,0,0,3,-9.077233801289708,45.271629778672036,44.73684210526316,20,13.111888111888112,33.333333333333336,50.0,50.0,1.3333333333333333,3,1,0,81.91999999999999,70,3,1,6,1,7,3,13,8,3,0,1,1,7,5,1,2,16,8,2,1,21,23,3,1,3,600,0,0,0,4,9.077233801289708,55.03144654088051,50.0,24,13.58695652173913,12.5,71.42857142857143,37.5,1.0,3,1,9,81.91999999999999
S41G01N231,2022-2023,20230310,home,35,4,1,7,3,10,1,16,7,3,1,0,0,2,1,0,0,19,8,6,2,18,21,1,0,3,600,0,0,0,3,-9.077233801289708,45.271629778672036,44.73684210526316,20,13.111888111888112,33.333333333333336,50.0,50.0,1.3333333333333333,3,1,0,81.91999999999999,70,3,1,6,1,7,3,13,8,3,0,1,1,7,5,1,2,16,8,2,1,21,23,3,1,3,600,0,0,0,4,9.077233801289708,55.03144654088051,50.0,24,13.58695652173913,12.5,71.42857142857143,37.5,1.0,3,1,9,81.91999999999999
S41G01N231,2022-2023,20230310,home,35,4,1,7,3,10,1,16,7,3,1,0,0,2,1,0,0,19,8,6,2,18,21,1,0,3,600,0,0,0,3,-9.077233801289708,45.271629778672036,44.73684210526316,20,13.111888111888112,33.333333333333336,50.0,50.0,1.3333333333333333,3,1,0,81.91999999999999,70,3,1,6,1,7,3,13,8,3,0,1,1,7,5,1,2,16,8,2,1,21,23,3,1,3,600,0,0,0,4,9.077233801289708,55.03144654088051,50.0,24,13.58695652173913,12.5,71.42857142857143,37.5,1.0,3,1,9,81.91999999999999
S41G01N231,2022-2023,20230310,home,35,4,1,7,3,10,1,16,7,3,1,0,0,2,1,0,0,19,8,6,2,18,21,1,0,3,600,0,0,0,3,-9.077233801289708,45.271629778672036,44.73684210526316,20,13.111888111888112,33.333333333333336,50.0,50.0,1.3333333333333333,3,1,0,81.91999999999999,70,3,1,6,1,7,3,13,8,3,0,1,1,7,5,1,2,16,8,2,1,21,23,3,1,3,600,0,0,0,4,9.077233801289708,55.03144654088051,50.0,24,13.58695652173913,12.5,71.42857142857143,37.5,1.0,3,1,9,81.91999999999999
S41G01N231,2022-2023,20230310,home,35,4,1,7,3,10,1,16,7,3,1,0,0,2,1,0,0,19,8,6,2,18,21,1,0,3,600,0,0,0,3,-9.077233801289708,45.271629778672036,44.73684210526316,20,13.111888111888112,33.333333333333336,50.0,50.0,1.3333333333333333,3,1,0,81.91999999999999,70,3,1,6,1,7,3,13,8,3,0,1,1,7,5,1,2,16,8,2,1,21,23,3,1,3,600,0,0,0,4,9.077233801289708,55.03144654088051,50.0,24,13.58695652173913,12.5,71.42857142857143,37.5,1.0,3,1,9,81.91999999999999
S41G01N231,2022-2023,20230310,home,35,4,1,7,3,10,1,16,7,3,1,0,0,2,1,0,0,19,8,6,2,18,21,1,0,3,600,0,0,0,3,-9.077233801289708,45.271629778672036,44.73684210526316,20,13.111888111888112,33.333333333333336,50.0,50.0,1.3333333333333333,3,1,0,81.91999999999999,70,3,1,6,1,7,3,13,8,3,0,1,1,7,5,1,2,16,8,2,1,21,23,3,1,3,600,0,0,0,4,9.077233801289708,55.03144654088051,50.0,24,13.58695652173913,12.5,71.42857142857143,37.5,1.0,3,1,9,81.91999999999999
S41G01N231,2022-2023,20230310,home,35,4,1,7,3,10,1,16,7,3,1,0,0,2,1,0,0,19,8,6,2,18,21,1,0,3,600,0,0,0,3,-9.077233801289708,45.271629778672036,44.73684210526316,20,13.111888111888112,33.333333333333336,50.0,50.0,1.3333333333333333,3,1,0,81.91999999999999,70,3,1,6,1,7,3,13,8,3,0,1,1,7,5,1,2,16,8,2,1,21,23,3,1,3,600,0,0,0,4,9.077233801289708,55.03144654088051,50.0,24,13.58695652173913,12.5,71.42857142857143,37.5,1.0,3,1,9,81.91999999999999
S41G01N231,2022-2023,20230310,home,35,4,1,7,3,10,1,16,7,3,1,0,0,2,1,0,0,19,8,6,2,18,21,1,0,3,600,0,0,0,3,-9.077233801289708,45.271629778672036,44.73684210526316,20,13.111888111888112,33.333333333333336,50.0,50.0,1.3333333333333333,3,1,0,81.91999999999999,70,3,1,6,1,7,3,13,8,3,0,1,1,7,5,1,2,16,8,2,1,21,23,3,1,3,600,0,0,0,4,9.077233801289708,55.03144654088051,50.0,24,13.58695652173913,12.5,71.42857142857143,37.5,1.0,3,1,9,81.91999999999999
S41G01N231,2022-2023,20230310,home,35,4,1,7,3,10,1,16,7,3,1,0,0,2,1,0,0,19,8,6,2,18,21,1,0,3,600,0,0,0,3,-9.077233801289708,45.271629778672036,44.73684210526316,20,13.111888111888112,33.333333333333336,50.0,50.0,1.3333333333333333,3,1,0,81.91999999999999,70,3,1,6,1,7,3,13,8,3,0,1,1,7,5,1,2,16,8,2,1,21,23,3,1,3,600,0,0,0,4,9.077233801289708,55.03144654088051,50.0,24,13.58695652173913,12.5,71.42857142857143,37.5,1.0,3,1,9,81.91999999999999
S41G01N231,2022-2023,20230310,home,35,4,1,7,3,10,1,16,7,3,1,0,0,2,1,0,0,19,8,6,2,18,21,1,0,3,600,0,0,0,3,-9.077233801289708,45.271629778672036,44.73684210526316,20,13.111888111888112,33.333333333333336,50.0,50.0,1.3333333333333333,3,1,0,81.91999999999999,70,3,1,6,1,7,3,13,8,3,0,1,1,7,5,1,2,16,8,2,1,21,23,3,1,3,600,0,0,0,4,9.077233801289708,55.03144654088051,50.0,24,13.58695652173913,12.5,71.42857142857143,37.5,1.0,3,1,9,81.91999999999999
S41G01N231,2022-2023,20230310,home,35,4,1,7,3,10,1,16,7,3,1,0,0,2,1,0,0,19,8,6,2,18,21,1,0,3,600,0,0,0,3,-9.077233801289708,45.271629778672036,44.73684210526316,20,13.111888111888112,33.333333333333336,50.0,50.0,1.3333333333333333,3,1,0,81.91999999999999,70,3,1,6,1,7,3,13,8,3,0,1,1,7,5,1,2,16,8,2,1,21,23,3,1,3,600,0,0,0,4,9.077233801289708,55.03144654088051,50.0,24,13.58695652173913,12.5,71.42857142857143,37.5,1.0,3,1,9,81.91999999999999
S41G01N231,2022-2023,20230310,home,35,4,1,7,3,10,1,16,7,3,1,0,0,2,1,0,0,19,8,6,2,18,21,1,0,3,600,0,0,0,3,-9.077233801289708,45.271629778672036,44.73684210526316,20,13.111888111888112,33.333333333333336,50.0,50.0,1.3333333333333333,3,1,0,81.91999999999999,70,3,1,6,1,7,3,13,8,3,0,1,1,7,5,1,2,16,8,2,1,21,23,3,1,3,600,0,0,0,4,9.077233801289708,55.03144654088051,50.0,24,13.58695652173913,12.5,71.42857142857143,37.5,1.0,3,1,9,81.91999999999999
S41G01N231,2022-2023,20230310,home,35,4,1,7,3,10,1,17,7,3,1,0,0,2,1,0,0,20,8,6,2,18,22,1,0,3,615,0,0,0,3,-13.413596806909638,43.10344827586207,42.5,19,12.56281407035176,33.333333333333336,50.0,50.0,1.3333333333333333,3,1,0,81.8731707317073,70,3,1,6,1,7,3,13,8,3,0,1,1,7,5,1,2,16,8,2,1,21,23,3,1,3,615,0,0,0,4,13.413596806909638,55.03144654088051,50.0,24,13.58695652173913,12.5,71.42857142857143,37.5,1.0,3,1,9,81.8731707317073
S41G01N231,2022-2023,20230310,home,35,4,1,7,3,10,1,17,7,3,1,0,0,2,1,0,0,20,8,6,2,18,22,1,0,3,617,0,0,0,3,-13.413596806909638,43.10344827586207,42.5,19,12.56281407035176,30.0,50.0,50.0,1.3333333333333333,3,1,0,81.60777957860614,70,3,1,7,1,8,3,13,8,3,0,1,1,7,5,1,2,16,8,2,1,21,23,3,1,3,617,0,0,0,4,13.413596806909638,55.03144654088051,50.0,25,13.58695652173913,12.5,71.42857142857143,37.5,1.0,3,1,9,81.60777957860614
S41G01N231,2022-2023,20230310,home,35,4,1,7,3,10,1,17,7,3,1,0,0,2,1,0,0,20,8,6,2,18,22,1,0,3,639,0,0,0,3,-8.901799100449779,43.10344827586207,42.5,19,12.56281407035176,30.0,50.0,50.0,1.3333333333333333,3,1,0,80.67605633802816,70,3,1,7,1,8,3,14,8,3,0,1,1,7,5,1,2,17,8,2,1,21,24,3,1,3,639,0,0,0,4,8.901799100449779,52.29083665338646,47.05882352941177,24,12.998266897746968,12.5,71.42857142857143,37.5,1.0,3,1,9,80.67605633802816
S41G01N231,2022-2023,20230310,home,35,4,1,7,3,10,1,17,7,3,1,0,0,2,1,0,0,20,8,6,2,18,22,1,0,3,639,0,0,0,3,-13.413596806909638,43.10344827586207,42.5,19,12.56281407035176,30.0,50.0,50.0,1.3333333333333333,3,1,0,78.79812206572768,70,3,1,7,2,9,3,14,8,3,0,1,1,7,5,1,2,17,8,2,1,21,24,3,1,3,639,0,0,0,4,13.413596806909638,52.29083665338646,47.05882352941177,25,12.998266897746968,22.22222222222222,71.42857142857143,37.5,1.0,3,1,9,78.79812206572768
S41G01N231,2022-2023,20230310,home,35,4,1,7,3,10,1,17,7,3,1,0,0,2,1,0,0,20,8,6,2,18,22,1,0,3,639,0,0,0,3,-17.95977011494253,43.10344827586207,42.5,19,12.56281407035176,30.0,50.0,50.0,1.3333333333333333,5,1,0,80.67605633802816,70,3,1,7,2,9,3,15,9,3,0,1,1,7,5,1,2,18,9,2,1,23,25,3,1,3,639,0,0,0,4,17.95977011494253,54.554079696394695,50.0,27,12.458471760797343,22.22222222222222,71.42857142857143,33.333333333333336,1.0,5,1,9,80.67605633802816
S41G01N231,2022-2023,20230310,home,35,4,1,7,3,10,1,17,7,3,1,0,0,2,1,0,0,20,8,7,2,18,22,1,0,3,639,0,0,0,3,-17.95977011494253,43.10344827586207,42.5,19,12.56281407035176,30.0,50.0,50.0,1.3333333333333333,5,1,0,80.67605633802816,70,3,1,7,2,9,3,15,9,3,0,1,1,7,5,1,2,18,9,2,1,23,25,3,1,3,639,0,0,0,4,17.95977011494253,54.554079696394695,50.0,27,12.458471760797343,22.22222222222222,71.42857142857143,33.333333333333336,1.0,5,1,9,80.67605633802816
S41G01N231,2022-2023,20230310,home,35,4,1,7,3,10,1,17,7,3,1,0,0,2,1,0,0,20,8,7,2,18,22,1,0,3,639,0,0,0,3,-17.95977011494253,43.10344827586207,42.5,19,12.56281407035176,30.0,50.0,50.0,1.3333333333333333,5,1,0,80.67605633802816,70,3,1,7,2,9,3,15,9,3,0,1,1,7,5,1,2,18,9,2,1,23,25,3,1,3,639,0,0,0,4,17.95977011494253,54.554079696394695,50.0,27,12.458471760797343,22.22222222222222,71.42857142857143,33.333333333333336,1.0,5,1,9,80.67605633802816
S41G01N231,2022-2023,20230310,home,35,4,1,7,3,10,1,17,7,3,1,0,0,2,1,0,0,20,8,7,2,18,22,1,0,3,639,0,0,0,3,-17.95977011494253,43.10344827586207,42.5,19,12.56281407035176,30.0,50.0,50.0,1.3333333333333333,5,1,0,80.67605633802816,70,3,1,7,2,9,3,15,9,3,0,1,1,7,5,1,2,18,9,2,1,23,25,3,1,3,639,0,0,0,4,17.95977011494253,54.554079696394695,50.0,27,12.458471760797343,22.22222222222222,71.42857142857143,33.333333333333336,1.0,5,1,9,80.67605633802816
S41G01N231,2022-2023,20230310,home,35,4,1,7,3,10,1,17,7,3,1,0,0,2,1,0,0,20,8,7,2,18,22,1,0,3,639,0,0,0,3,-17.95977011494253,43.10344827586207,42.5,19,12.56281407035176,30.0,50.0,50.0,1.3333333333333333,5,1,0,80.67605633802816,70,3,1,7,2,9,3,15,9,3,0,1,1,7,5,1,2,18,9,2,1,23,25,3,1,3,639,0,0,0,4,17.95977011494253,54.554079696394695,50.0,27,12.458471760797343,22.22222222222222,71.42857142857143,33.333333333333336,1.0,5,1,9,80.67605633802816
S41G01N231,2022-2023,20230310,home,35,4,1,7,3,10,1,17,7,3,1,0,0,2,1,0,0,20,8,7,2,18,22,1,0,3,639,0,0,0,3,-15.924542169412632,43.10344827586207,42.5,19,12.56281407035176,30.0,50.0,50.0,1.3333333333333333,5,1,0,81.50234741784037,70,3,1,7,2,9,3,15,9,3,0,1,1,8,5,1,2,18,9,2,1,23,26,3,1,3,639,0,0,0,4,15.924542169412632,53.438661710037174,50.0,26,12.234910277324634,22.22222222222222,62.5,33.333333333333336,1.0,5,1,9,81.50234741784037
S41G01N231,2022-2023,20230310,home,35,4,1,8,3,11,1,17,7,3,1,0,0,2,1,0,0,20,8,7,2,18,22,1,0,3,640,0,0,0,3,-15.924542169412632,43.10344827586207,42.5,20,12.56281407035176,30.0,50.0,50.0,1.3333333333333333,5,1,0,81.375,70,3,1,7,2,9,3,15,9,3,0,1,1,8,5,1,2,18,9,2,1,23,26,3,1,3,640,0,0,0,4,15.924542169412632,53.438661710037174,50.0,26,12.234910277324634,20.0,62.5,33.333333333333336,1.0,5,1,9,81.375
S41G01N231,2022-2023,20230310,home,35,4,1,8,3,11,1,17,7,3,1,0,0,2,1,0,0,20,8,7,2,18,22,1,0,3,649,0,0,0,3,-15.924542169412632,43.10344827586207,42.5,20,12.56281407035176,30.0,50.0,50.0,1.3333333333333333,5,1,0,80.24653312788905,70,3,1,7,2,9,3,15,9,3,0,1,1,8,5,1,2,18,9,3,2,23,26,3,1,3,649,0,0,0,4,15.924542169412632,53.438661710037174,50.0,26,12.234910277324634,20.0,62.5,33.333333333333336,1.0,5,1,9,80.24653312788905
S41G01N231,2022-2023,20230310,home,35,4,1,8,3,11,1,17,7,3,1,0,0,2,1,0,0,20,8,7,2,18,22,1,0,3,649,0,0,0,3,-15.924542169412632,43.10344827586207,42.5,20,12.56281407035176,30.0,50.0,50.0,1.3333333333333333,5,1,0,80.24653312788905,70,3,1,7,2,9,3,15,9,3,0,1,1,8,5,1,2,18,9,3,2,23,26,3,1,3,649,0,0,0,4,15.924542169412632,53.438661710037174,50.0,26,12.234910277324634,20.0,62.5,33.333333333333336,1.0,5,1,9,80.24653312788905
S41G01N231,2022-2023,20230310,home,35,4,1,8,3,11,1,18,8,3,1,0,0,2,1,0,0,21,9,7,2,20,23,1,0,3,662,0,0,0,3,-10.723760476164188,45.70383912248629,45.23809523809524,22,12.057877813504824,30.0,50.0,44.44444444444444,1.3333333333333333,2,1,0,80.4833836858006,70,3,1,7,2,9,3,15,9,3,0,1,1,8,5,1,2,18,9,3,2,23,26,3,1,3,662,0,0,0,4,10.723760476164188,53.438661710037174,50.0,26,12.234910277324634,20.0,62.5,33.333333333333336,1.0,2,1,9,80.4833836858006
S41G01N231,2022-2023,20230310,home,35,5,1,8,3,11,1,18,8,3,1,0,0,2,1,0,0,21,9,7,2,20,23,1,0,3,662,0,0,0,3,-10.723760476164188,45.70383912248629,45.23809523809524,23,12.057877813504824,30.0,50.0,55.55555555555556,1.6666666666666667,2,1,0,80.4833836858006,70,3,1,7,2,9,3,15,9,3,0,1,1,8,5,1,2,18,9,3,2,23,26,3,1,3,662,0,0,0,4,10.723760476164188,53.438661710037174,50.0,26,12.234910277324634,20.0,62.5,33.333333333333336,1.0,2,1,9,80.4833836858006
S41G01N231,2022-2023,20230310,home,35,5,1,8,3,11,1,18,8,3,1,0,0,2,1,0,0,21,9,7,2,20,23,1,0,3,669,0,0,0,3,-6.381437401285922,45.70383912248629,45.23809523809524,23,12.057877813504824,30.0,50.0,55.55555555555556,1.6666666666666667,2,1,0,81.43497757847534,70,3,1,7,2,9,3,15,9,3,0,1,1,8,5,1,2,18,9,3,2,23,26,3,1,4,669,0,0,0,5,6.381437401285922,53.438661710037174,50.0,25,15.673981191222571,20.0,62.5,33.333333333333336,0.75,2,1,9,81.43497757847534
S41G01N231,2022-2023,20230310,home,35,5,1,8,3,11,1,18,8,3,1,0,0,2,1,0,0,21,9,7,2,20,23,2,0,3,670,0,0,0,3,-6.381437401285922,45.70383912248629,45.23809523809524,24,12.057877813504824,30.0,50.0,55.55555555555556,1.6666666666666667,2,1,0,81.31343283582089,70,3,1,7,2,9,3,15,9,3,0,1,1,8,5,1,2,18,9,3,2,23,26,3,1,4,670,0,0,0,5,6.381437401285922,53.438661710037174,50.0,25,15.673981191222571,20.0,62.5,33.333333333333336,0.75,2,1,9,81.31343283582089
S41G01N231,2022-2023,20230310,home,35,5,1,8,3,11,1,18,8,3,1,0,0,2,1,0,0,21,9,7,2,20,23,2,0,3,671,0,0,0,3,-6.381437401285922,45.70383912248629,45.23809523809524,24,12.057877813504824,30.0,50.0,55.55555555555556,1.6666666666666667,2,1,0,81.19225037257824,70,3,1,7,2,9,3,15,9,3,0,1,1,8,5,1,2,18,9,4,3,23,26,3,1,4,671,0,0,0,5,6.381437401285922,53.438661710037174,50.0,25,15.673981191222571,20.0,62.5,33.333333333333336,0.75,2,1,9,81.19225037257824
S41G01N231,2022-2023,20230310,home,35,5,1,8,3,11,1,18,8,3,1,0,0,2,1,0,0,21,9,7,2,20,23,2,0,3,671,0,0,0,3,-6.381437401285922,45.70383912248629,45.23809523809524,24,12.057877813504824,30.0,50.0,55.55555555555556,1.6666666666666667,2,1,0,81.19225037257824,70,3,1,7,2,9,3,15,9,3,0,1,1,8,5,1,2,18,9,4,3,23,26,3,1,4,671,0,0,0,5,6.381437401285922,53.438661710037174,50.0,25,15.673981191222571,20.0,62.5,33.333333333333336,0.75,2,1,9,81.19225037257824
S41G01N231,2022-2023,20230310,home,35,5,1,8,3,11,1,19,9,3,1,0,0,2,1,0,0,22,10,7,2,22,24,2,0,3,680,0,0,0,3,-1.6352694924123483,48.07692307692308,47.72727272727273,26,11.591962905718702,30.0,50.0,50.0,1.6666666666666667,4,1,0,81.88235294117646,70,3,1,7,2,9,3,15,9,3,0,1,1,8,5,1,2,18,9,4,3,23,26,3,1,4,680,0,0,0,5,1.6352694924123483,53.438661710037174,50.0,25,15.673981191222571,20.0,62.5,33.333333333333336,0.75,4,1,9,81.88235294117646
S41G01N231,2022-2023,20230310,home,35,5,1,8,3,11,1,19,9,3,1,0,0,2,1,0,0,22,10,7,2,22,24,2,0,3,698,0,0,0,3,-5.8037394905257855,48.07692307692308,47.72727272727273,26,11.591962905718702,30.0,50.0,50.0,1.6666666666666667,2,1,0,81.48997134670486,70,3,1,7,2,9,3,16,10,3,0,1,1,8,5,1,2,19,10,4,3,25,27,3,1,4,698,0,0,0,5,5.8037394905257855,55.50621669626998,52.63157894736842,27,15.082956259426847,20.0,62.5,30.0,0.75,2,1,9,81.48997134670486
S41G01N231,2022-2023,20230310,home,35,5,1,8,3,11,1,19,9,3,1,0,0,2,1,0,0,22,10,7,2,22,24,2,0,3,698,0,0,0,3,-5.8037394905257855,48.07692307692308,47.72727272727273,26,11.591962905718702,30.0,50.0,50.0,1.6666666666666667,2,1,0,81.48997134670486,70,4,1,7,2,9,3,16,10,3,0,1,1,8,5,1,2,19,10,4,3,25,27,3,1,4,698,0,0,0,5,5.8037394905257855,55.50621669626998,52.63157894736842,28,15.082956259426847,20.0,62.5,40.0,1.0,2,1,9,81.48997134670486
S41G01N231,2022-2023,20230310,home,35,5,1,8,3,11,1,19,9,4,1,0,0,2,1,0,0,23,10,7,2,22,25,2,0,3,716,0,0,0,3,-9.830282461792379,46.06365159128978,45.65217391304348,25,11.160714285714286,30.0,50.0,50.0,1.6666666666666667,2,1,0,81.11731843575419,70,4,1,7,2,9,3,16,10,3,0,1,1,8,5,1,2,19,10,4,3,25,27,3,1,4,716,0,0,0,5,9.830282461792379,55.50621669626998,52.63157894736842,28,15.082956259426847,20.0,62.5,40.0,1.0,2,1,9,81.11731843575419
S41G01N231,2022-2023,20230310,home,35,5,1,8,4,12,1,19,9,4,1,0,0,2,1,0,0,23,10,7,2,22,25,2,0,3,718,0,0,0,3,-5.8037394905257855,46.06365159128978,45.65217391304348,26,11.160714285714286,36.36363636363637,50.0,50.0,1.6666666666666667,2,1,0,79.22005571030641,70,4,1,7,2,9,3,16,10,3,0,1,1,8,5,1,2,19,10,4,3,25,27,3,1,4,718,0,0,0,5,5.8037394905257855,55.50621669626998,52.63157894736842,28,15.082956259426847,20.0,62.5,40.0,1.0,2,1,9,79.22005571030641
S41G01N231,2022-2023,20230310,home,35,5,1,8,4,12,1,20,10,4,1,0,0,2,1,0,0,24,11,7,2,24,26,2,0,3,718,0,0,0,3,-1.4550730815578703,48.231511254019296,47.916666666666664,28,10.760401721664277,36.36363636363637,50.0,45.45454545454545,1.6666666666666667,2,1,0,80.89136490250696,70,4,1,7,2,9,3,16,10,3,0,1,1,8,5,1,2,19,10,4,3,25,27,3,1,4,718,0,0,0,5,1.4550730815578703,55.50621669626998,52.63157894736842,28,15.082956259426847,20.0,62.5,40.0,1.0,2,1,9,80.89136490250696
S41G01N231,2022-2023,20230310,home,35,5,1,8,4,12,1,20,10,4,1,0,0,2,1,0,0,24,11,7,2,24,26,2,0,3,718,0,0,0,3,-1.4550730815578703,48.231511254019296,47.916666666666664,28,10.760401721664277,36.36363636363637,50.0,45.45454545454545,1.6666666666666667,2,1,0,80.89136490250696,70,4,1,7,2,9,3,16,10,3,0,1,1,8,5,1,2,19,10,5,3,25,27,3,1,4,718,0,0,0,5,1.4550730815578703,55.50621669626998,52.63157894736842,28,15.082956259426847,20.0,62.5,40.0,1.0,2,1,9,80.89136490250696
S41G01N231,2022-2023,20230310,home,35,5,1,8,4,12,1,20,10,4,1,0,0,2,1,0,0,24,11,7,2,24,26,2,0,3,718,0,0,0,3,-1.4550730815578703,48.231511254019296,47.916666666666664,28,10.760401721664277,36.36363636363637,50.0,45.45454545454545,1.6666666666666667,2,1,0,80.89136490250696,70,4,1,7,2,9,3,16,10,3,0,1,1,8,5,1,2,19,10,5,3,25,27,3,1,4,718,0,0,0,5,1.4550730815578703,55.50621669626998,52.63157894736842,28,15.082956259426847,20.0,62.5,40.0,1.0,2,1,9,80.89136490250696
S41G01N231,2022-2023,20230310,home,35,5,1,8,4,12,1,20,10,4,1,0,0,3,2,0,0,24,11,7,2,25,27,2,0,3,718,0,0,0,3,0.8384669872069992,49.368088467614534,47.916666666666664,29,10.59322033898305,36.36363636363637,66.66666666666667,45.45454545454545,1.6666666666666667,3,1,0,81.62674094707522,70,4,1,7,2,9,3,16,10,3,0,1,1,8,5,1,2,19,10,5,3,25,27,3,1,4,718,0,0,0,5,-0.8384669872069992,55.50621669626998,52.63157894736842,28,15.082956259426847,20.0,62.5,40.0,1.0,3,1,9,81.62674094707522
S41G01N231,2022-2023,20230310,home,35,5,1,8,4,12,1,20,10,4,1,0,0,3,2,0,0,24,11,7,2,25,27,2,0,3,737,0,0,0,3,4.833670186437871,49.368088467614534,47.916666666666664,29,10.59322033898305,36.36363636363637,66.66666666666667,45.45454545454545,1.6666666666666667,3,1,0,81.15061058344641,70,4,1,7,2,9,3,17,10,3,0,1,1,8,5,1,2,20,10,5,3,25,28,3,1,4,737,0,0,0,5,-4.833670186437871,53.14625850340136,50.0,27,14.534883720930234,20.0,62.5,40.0,1.0,3,1,9,81.15061058344641
S41G01N231,2022-2023,20230310,home,35,5,1,9,4,13,1,20,10,4,1,0,0,3,2,0,0,24,11,7,2,25,27,2,0,3,738,0,0,0,3,4.833670186437871,49.368088467614534,47.916666666666664,30,10.59322033898305,36.36363636363637,66.66666666666667,45.45454545454545,1.6666666666666667,3,1,0,81.04065040650407,70,4,1,7,2,9,3,17,10,3,0,1,1,8,5,1,2,20,10,5,3,25,28,3,1,4,738,0,0,0,5,-4.833670186437871,53.14625850340136,50.0,27,14.534883720930234,18.181818181818183,62.5,40.0,1.0,3,1,9,81.04065040650407
S41G01N231,2022-2023,20230310,home,35,5,1,9,4,13,1,21,11,4,1,0,0,3,2,0,0,25,12,7,2,27,28,2,0,3,744,0,0,0,3,8.672688644906316,51.29179331306991,50.0,32,10.231923601637108,36.36363636363637,66.66666666666667,41.666666666666664,1.6666666666666667,5,2,2,82.0,70,4,1,7,2,9,3,17,10,3,0,1,1,8,5,1,2,20,10,5,3,25,28,3,1,4,744,0,0,0,5,-8.672688644906316,53.14625850340136,50.0,27,14.534883720930234,18.181818181818183,62.5,40.0,1.0,5,2,9,82.0
S41G01N231,2022-2023,20230310,home,35,6,1,9,4,13,1,21,11,4,1,0,0,3,2,0,0,25,12,7,2,27,28,2,0,3,744,0,0,0,3,8.672688644906316,51.29179331306991,50.0,33,10.231923601637108,36.36363636363637,66.66666666666667,50.0,2.0,5,2,2,82.0,70,4,1,7,2,9,3,17,10,3,0,1,1,8,5,1,2,20,10,5,3,25,28,3,1,4,744,0,0,0,5,-8.672688644906316,53.14625850340136,50.0,27,14.534883720930234,18.181818181818183,62.5,40.0,1.0,5,2,9,82.0
S41G01N231,2022-2023,20230310,home,35,6,1,9,4,13,1,21,11,4,1,0,0,3,2,0,0,25,12,7,2,27,28,2,0,3,744,0,0,0,3,8.672688644906316,51.29179331306991,50.0,33,10.231923601637108,36.36363636363637,66.66666666666667,50.0,2.0,5,2,2,82.0,70,4,1,7,2,9,3,17,10,3,0,1,1,8,5,1,2,20,10,5,3,25,28,3,1,4,744,0,0,0,5,-8.672688644906316,53.14625850340136,50.0,27,14.534883720930234,18.181818181818183,62.5,40.0,1.0,5,2,9,82.0
S41G01N231,2022-2023,20230310,home,35,6,1,9,4,13,1,21,11,4,1,0,0,3,2,0,0,25,12,7,2,27,28,2,0,3,744,0,0,0,3,8.672688644906316,51.29179331306991,50.0,33,10.231923601637108,36.36363636363637,66.66666666666667,50.0,2.0,5,2,2,82.0,70,4,1,7,2,9,3,17,10,3,0,1,1,8,5,1,2,20,10,5,3,25,28,3,1,4,744,0,0,0,5,-8.672688644906316,53.14625850340136,50.0,27,14.534883720930234,18.181818181818183,62.5,40.0,1.0,5,2,9,82.0
S41G01N231,2022-2023,20230310,home,35,6,1,9,4,13,1,21,11,4,1,0,0,3,2,0,0,25,12,7,2,27,28,2,0,3,744,0,0,0,3,8.672688644906316,51.29179331306991,50.0,33,10.231923601637108,36.36363636363637,66.66666666666667,50.0,2.0,5,2,2,82.0,70,4,1,7,2,9,3,17,10,3,0,1,1,8,5,1,2,20,10,5,3,25,28,3,1,4,744,0,0,0,5,-8.672688644906316,53.14625850340136,50.0,27,14.534883720930234,18.181818181818183,62.5,40.0,1.0,5,2,9,82.0
S41G01N231,2022-2023,20230310,home,35,6,1,9,4,13,1,21,11,4,1,0,0,3,2,0,0,25,12,7,2,27,28,2,0,3,744,0,0,0,3,8.672688644906316,51.29179331306991,50.0,33,10.231923601637108,36.36363636363637,66.66666666666667,50.0,2.0,5,2,2,82.0,70,4,1,7,2,9,3,17,10,3,0,1,1,8,5,1,2,20,10,5,3,25,28,3,1,4,744,0,0,0,5,-8.672688644906316,53.14625850340136,50.0,27,14.534883720930234,18.181818181818183,62.5,40.0,1.0,5,2,9,82.0
S41G01N231,2022-2023,20230310,home,35,6,1,9,4,13,1,21,11,4,1,0,0,3,2,0,0,25,12,7,2,27,28,2,0,3,744,0,0,0,3,8.672688644906316,51.29179331306991,50.0,33,10.231923601637108,36.36363636363637,66.66666666666667,50.0,2.0,5,2,2,82.0,70,4,1,7,2,9,3,17,10,3,0,1,1,8,5,1,2,20,10,5,3,25,28,3,1,4,744,0,0,0,5,-8.672688644906316,53.14625850340136,50.0,27,14.534883720930234,18.181818181818183,62.5,40.0,1.0,5,2,9,82.0
S41G01N231,2022-2023,20230310,home,35,6,1,9,4,13,1,21,11,4,1,0,0,3,2,0,0,25,12,7,2,27,28,2,0,3,744,0,0,0,3,8.672688644906316,51.29179331306991,50.0,33,10.231923601637108,36.36363636363637,66.66666666666667,50.0,2.0,5,2,2,82.0,70,4,1,7,2,9,3,17,10,3,0,1,1,8,5,1,2,20,10,5,3,25,28,3,1,4,744,0,0,0,5,-8.672688644906316,53.14625850340136,50.0,27,14.534883720930234,18.181818181818183,62.5,40.0,1.0,5,2,9,82.0
S41G01N231,2022-2023,20230310,home,35,6,1,9,4,13,1,21,11,4,1,0,0,3,2,0,0,25,12,7,2,27,28,2,0,3,744,0,0,0,3,8.672688644906316,51.29179331306991,50.0,33,10.231923601637108,36.36363636363637,66.66666666666667,50.0,2.0,5,2,2,82.0,70,4,1,7,2,9,3,17,10,3,0,1,1,8,5,1,2,20,10,5,3,25,28,3,1,4,744,0,0,0,5,-8.672688644906316,53.14625850340136,50.0,27,14.534883720930234,18.181818181818183,62.5,40.0,1.0,5,2,9,82.0
S41G01N231,2022-2023,20230310,home,35,6,1,9,4,13,1,21,11,4,1,0,0,3,2,0,0,25,12,8,3,27,28,2,0,3,753,0,0,0,3,8.672688644906316,51.29179331306991,50.0,33,10.231923601637108,36.36363636363637,66.66666666666667,50.0,2.0,5,2,2,81.0199203187251,70,4,1,7,2,9,3,17,10,3,0,1,1,8,5,1,2,20,10,5,3,25,28,3,1,4,753,0,0,0,5,-8.672688644906316,53.14625850340136,50.0,27,14.534883720930234,18.181818181818183,62.5,40.0,1.0,5,2,9,81.0199203187251
S41G01N231,2022-2023,20230310,home,35,6,1,9,4,13,1,21,11,4,1,0,0,3,2,0,0,25,12,8,3,27,28,2,0,3,753,0,0,0,3,8.672688644906316,51.29179331306991,50.0,33,10.231923601637108,36.36363636363637,66.66666666666667,50.0,2.0,5,2,2,81.0199203187251,70,4,1,7,2,9,3,17,10,3,0,1,1,8,5,1,2,20,10,5,3,25,28,3,1,4,753,0,0,0,5,-8.672688644906316,53.14625850340136,50.0,27,14.534883720930234,18.181818181818183,62.5,40.0,1.0,5,2,9,81.0199203187251
S41G01N231,2022-2023,20230310,home,35,6,1,9,4,13,1,21,11,4,1,0,0,3,2,0,0,25,12,9,4,27,28,2,0,3,759,0,0,0,3,8.672688644906316,51.29179331306991,50.0,33,10.231923601637108,36.36363636363637,66.66666666666667,50.0,2.0,5,2,2,80.3794466403162,70,4,1,7,2,9,3,17,10,3,0,1,1,8,5,1,2,20,10,5,3,25,28,3,1,4,759,0,0,0,5,-8.672688644906316,53.14625850340136,50.0,27,14.534883720930234,18.181818181818183,62.5,40.0,1.0,5,2,9,80.3794466403162
S41G01N231,2022-2023,20230310,home,35,6,1,9,4,13,1,21,11,4,1,0,0,3,2,0,0,25,12,9,4,27,28,2,0,3,759,0,0,0,3,8.672688644906316,51.29179331306991,50.0,33,10.231923601637108,36.36363636363637,66.66666666666667,50.0,2.0,5,2,2,80.3794466403162,70,4,1,7,2,9,3,17,10,3,0,1,1,8,5,1,2,20,10,5,3,25,28,3,1,4,759,0,0,0,5,-8.672688644906316,53.14625850340136,50.0,27,14.534883720930234,18.181818181818183,62.5,40.0,1.0,5,2,9,80.3794466403162
S41G01N231,2022-2023,20230310,home,35,6,1,9,4,13,1,21,11,4,1,0,0,3,2,0,0,25,12,9,4,27,28,2,0,3,772,0,0,0,3,12.366594468629586,51.29179331306991,50.0,33,10.231923601637108,36.36363636363637,66.66666666666667,50.0,2.0,5,2,2,80.58031088082902,70,4,1,7,2,9,3,18,10,3,0,1,1,8,5,1,2,21,10,5,3,25,29,3,1,4,772,0,0,0,5,-12.366594468629586,50.97879282218597,47.61904761904762,26,14.025245441795231,18.181818181818183,62.5,40.0,1.0,5,2,9,80.58031088082902
S41G01N231,2022-2023,20230310,home,35,6,1,10,4,14,1,21,11,4,1,0,0,3,2,0,0,25,12,9,4,27,28,2,0,3,773,0,0,0,3,12.366594468629586,51.29179331306991,50.0,34,10.231923601637108,36.36363636363637,66.66666666666667,50.0,2.0,5,2,2,80.47606727037517,70,4,1,7,2,9,3,18,10,3,0,1,1,8,5,1,2,21,10,5,3,25,29,3,1,4,773,0,0,0,5,-12.366594468629586,50.97879282218597,47.61904761904762,26,14.025245441795231,16.666666666666668,62.5,40.0,1.0,5,2,9,80.47606727037517
S41G01N231,2022-2023,20230310,home,35,6,1,10,4,14,1,21,11,4,1,0,0,3,2,0,0,25,12,9,4,27,28,2,0,3,773,0,0,0,3,12.366594468629586,51.29179331306991,50.0,34,10.231923601637108,36.36363636363637,66.66666666666667,50.0,2.0,5,2,2,80.47606727037517,70,4,1,7,2,9,3,18,10,3,0,1,1,8,5,1,2,21,10,6,4,25,29,3,1,4,773,0,0,0,5,-12.366594468629586,50.97879282218597,47.61904761904762,26,14.025245441795231,16.666666666666668,62.5,40.0,1.0,5,2,9,80.47606727037517
S41G01N231,2022-2023,20230310,home,35,6,1,10,4,14,1,21,11,4,1,0,0,3,2,0,0,25,12,9,4,27,28,2,0,3,773,0,0,0,3,12.366594468629586,51.29179331306991,50.0,34,10.231923601637108,36.36363636363637,66.66666666666667,50.0,2.0,5,2,2,80.47606727037517,70,4,1,7,2,9,3,18,10,3,0,1,1,8,5,1,2,21,10,6,4,25,29,3,1,4,773,0,0,0,5,-12.366594468629586,50.97879282218597,47.61904761904762,26,14.025245441795231,16.666666666666668,62.5,40.0,1.0,5,2,9,80.47606727037517
S41G01N231,2022-2023,20230310,home,35,6,1,10,4,14,1,21,11,4,1,0,0,3,2,0,0,25,12,9,4,27,28,2,0,3,773,0,0,0,3,12.366594468629586,51.29179331306991,50.0,34,10.231923601637108,36.36363636363637,66.66666666666667,50.0,2.0,5,2,2,80.47606727037517,70,4,1,7,2,9,3,18,10,3,0,1,1,8,5,1,2,21,10,6,4,25,29,3,1,4,773,0,0,0,5,-12.366594468629586,50.97879282218597,47.61904761904762,26,14.025245441795231,16.666666666666668,62.5,40.0,1.0,5,2,9,80.47606727037517
S41G01N231,2022-2023,20230310,home,35,6,1,10,4,14,1,21,11,4,1,0,0,3,2,0,0,25,12,9,4,27,28,2,0,3,773,0,0,0,3,12.366594468629586,51.29179331306991,50.0,34,10.231923601637108,36.36363636363637,66.66666666666667,50.0,2.0,5,2,2,80.47606727037517,70,4,1,7,2,9,3,18,10,3,0,1,1,8,5,1,2,21,10,6,4,25,29,3,1,4,773,0,0,0,5,-12.366594468629586,50.97879282218597,47.61904761904762,26,14.025245441795231,16.666666666666668,62.5,40.0,1.0,5,2,9,80.47606727037517
S41G01N231,2022-2023,20230310,home,35,6,1,10,4,14,1,21,11,4,1,0,0,3,2,0,0,25,12,9,4,27,28,2,0,3,773,0,0,0,3,12.366594468629586,51.29179331306991,50.0,34,10.231923601637108,36.36363636363637,66.66666666666667,50.0,2.0,5,2,2,80.47606727037517,70,4,1,7,2,9,3,18,10,3,0,1,1,8,5,1,2,21,10,6,4,25,29,3,1,4,773,0,0,0,5,-12.366594468629586,50.97879282218597,47.61904761904762,26,14.025245441795231,16.666666666666668,62.5,40.0,1.0,5,2,9,80.47606727037517
S41G01N231,2022-2023,20230310,home,35,6,1,10,4,14,1,21,11,4,1,0,0,3,2,0,0,25,12,9,4,27,28,2,0,3,773,0,0,0,3,12.366594468629586,51.29179331306991,50.0,34,10.231923601637108,36.36363636363637,66.66666666666667,50.0,2.0,5,2,2,80.47606727037517,70,4,1,7,2,9,3,18,10,3,0,1,1,8,5,1,2,21,10,6,4,25,29,3,1,4,773,0,0,0,5,-12.366594468629586,50.97879282218597,47.61904761904762,26,14.025245441795231,16.666666666666668,62.5,40.0,1.0,5,2,9,80.47606727037517
S41G01N231,2022-2023,20230310,home,35,6,1,10,4,14,1,22,12,4,1,0,0,3,2,0,0,26,13,9,4,29,29,2,0,3,785,0,0,0,3,15.91389419925089,53.07467057101025,51.92307692307692,36,9.894459102902374,36.36363636363637,66.66666666666667,46.15384615384615,2.0,7,2,4,80.77452229299364,70,4,1,7,2,9,3,18,10,3,0,1,1,8,5,1,2,21,10,6,4,25,29,3,1,4,785,0,0,0,5,-15.91389419925089,50.97879282218597,47.61904761904762,26,14.025245441795231,16.666666666666668,62.5,40.0,1.0,7,2,9,80.77452229299364
S41G01N231,2022-2023,20230310,home,35,6,1,10,4,14,1,22,12,4,1,0,0,3,2,0,0,26,13,9,4,29,29,2,0,3,797,0,0,0,3,19.339347564854734,53.07467057101025,51.92307692307692,36,9.894459102902374,36.36363636363637,66.66666666666667,46.15384615384615,2.0,7,2,4,81.06398996235885,70,4,1,7,2,9,3,19,10,3,0,1,1,8,5,1,2,22,10,6,4,25,30,3,1,4,797,0,0,0,5,-19.339347564854734,48.98119122257054,45.45454545454545,25,13.550135501355014,16.666666666666668,62.5,40.0,1.0,7,2,9,81.06398996235885
S41G01N231,2022-2023,20230310,home,35,6,1,11,4,15,1,22,12,4,1,0,0,3,2,0,0,26,13,9,4,29,29,2,0,3,800,0,0,0,3,19.339347564854734,53.07467057101025,51.92307692307692,37,9.894459102902374,36.36363636363637,66.66666666666667,46.15384615384615,2.0,7,2,4,80.76,70,4,1,7,2,9,3,19,10,3,0,1,1,8,5,1,2,22,10,6,4,25,30,3,1,4,800,0,0,0,5,-19.339347564854734,48.98119122257054,45.45454545454545,25,13.550135501355014,15.384615384615385,62.5,40.0,1.0,7,2,9,80.76
S41G01N231,2022-2023,20230310,home,35,6,1,11,4,15,1,23,12,4,1,0,0,3,2,0,0,27,13,9,4,29,30,2,0,3,816,0,0,0,3,15.306317886206543,51.20056497175141,50.0,36,9.578544061302681,36.36363636363637,66.66666666666667,46.15384615384615,2.0,7,2,4,80.64705882352942,70,4,1,7,2,9,3,19,10,3,0,1,1,8,5,1,2,22,10,6,4,25,30,3,1,4,816,0,0,0,5,-15.306317886206543,48.98119122257054,45.45454545454545,25,13.550135501355014,15.384615384615385,62.5,40.0,1.0,7,2,9,80.64705882352942
S41G01N231,2022-2023,20230310,home,35,6,1,11,5,16,1,23,12,4,1,0,0,3,2,0,0,27,13,9,4,29,30,2,0,3,818,0,0,0,3,19.339347564854734,51.20056497175141,50.0,37,9.578544061302681,41.666666666666664,66.66666666666667,46.15384615384615,2.0,7,2,4,78.98288508557458,70,4,1,7,2,9,3,19,10,3,0,1,1,8,5,1,2,22,10,6,4,25,30,3,1,4,818,0,0,0,5,-19.339347564854734,48.98119122257054,45.45454545454545,25,13.550135501355014,15.384615384615385,62.5,40.0,1.0,7,2,9,78.98288508557458
S41G01N231,2022-2023,20230310,home,35,6,1,11,5,16,1,24,13,4,1,0,0,3,2,0,0,28,14,9,4,31,31,2,0,3,828,0,0,0,3,22.626962102897608,52.86493860845839,51.785714285714285,39,9.282178217821782,41.666666666666664,66.66666666666667,42.857142857142854,2.0,9,2,6,79.47826086956522,70,4,1,7,2,9,3,19,10,3,0,1,1,8,5,1,2,22,10,6,4,25,30,3,1,4,828,0,0,0,5,-22.626962102897608,48.98119122257054,45.45454545454545,25,13.550135501355014,15.384615384615385,62.5,40.0,1.0,9,2,9,79.47826086956522
S41G01N231,2022-2023,20230310,home,35,7,1,11,5,16,1,24,13,4,1,0,0,3,2,0,0,28,14,9,4,31,31,2,0,3,828,0,0,0,3,22.626962102897608,52.86493860845839,51.785714285714285,40,9.282178217821782,41.666666666666664,66.66666666666667,50.0,2.3333333333333335,9,2,6,79.47826086956522,70,4,1,7,2,9,3,19,10,3,0,1,1,8,5,1,2,22,10,6,4,25,30,3,1,4,828,0,0,0,5,-22.626962102897608,48.98119122257054,45.45454545454545,25,13.550135501355014,15.384615384615385,62.5,40.0,1.0,9,2,9,79.47826086956522
S41G01N231,2022-2023,20230310,home,35,7,1,11,5,16,1,24,13,4,1,0,0,3,2,0,0,28,14,9,4,31,31,2,0,3,844,0,0,0,3,25.812201347491367,52.86493860845839,51.785714285714285,40,9.282178217821782,41.666666666666664,66.66666666666667,50.0,2.3333333333333335,9,2,6,79.39336492890996,70,4,1,7,2,9,3,20,10,3,0,1,1,8,5,1,2,23,10,6,4,25,31,3,1,4,844,0,0,0,5,-25.812201347491367,47.1342383107089,43.47826086956522,24,13.106159895150721,15.384615384615385,62.5,40.0,1.0,9,2,9,79.39336492890996
S41G01N231,2022-2023,20230310,home,35,7,1,11,5,16,1,24,13,4,1,0,0,3,2,0,0,28,14,9,4,31,31,2,0,3,846,0,0,0,3,22.626962102897608,52.86493860845839,51.785714285714285,40,9.282178217821782,41.666666666666664,66.66666666666667,50.0,2.3333333333333335,9,2,6,77.7872340425532,70,4,1,7,3,10,3,20,10,3,0,1,1,8,5,1,2,23,10,6,4,25,31,3,1,4,846,0,0,0,5,-22.626962102897608,47.1342383107089,43.47826086956522,25,13.106159895150721,21.428571428571427,62.5,40.0,1.0,9,2,9,77.7872340425532
S41G01N231,2022-2023,20230310,home,35,7,1,11,5,16,1,24,13,4,1,0,0,3,2,0,0,28,14,9,4,31,31,2,0,3,846,0,0,0,3,25.812201347491367,52.86493860845839,51.785714285714285,40,9.282178217821782,41.666666666666664,66.66666666666667,50.0,2.3333333333333335,9,2,6,79.20567375886526,70,4,1,7,3,10,3,21,10,3,0,1,1,8,5,1,2,24,10,6,4,25,32,3,1,4,846,0,0,0,5,-25.812201347491367,45.42151162790698,41.666666666666664,24,12.690355329949238,21.428571428571427,62.5,40.0,1.0,9,2,9,79.20567375886526
S41G01N231,2022-2023,20230310,home,35,7,1,11,5,16,1,24,13,4,1,0,0,3,2,0,0,28,14,9,4,31,31,2,0,3,848,0,0,0,3,22.626962102897608,52.86493860845839,51.785714285714285,40,9.282178217821782,41.666666666666664,66.66666666666667,50.0,2.3333333333333335,9,2,6,77.60377358490565,70,4,1,7,4,11,3,21,10,3,0,1,1,8,5,1,2,24,10,6,4,25,32,3,1,4,848,0,0,0,5,-22.626962102897608,45.42151162790698,41.666666666666664,25,12.690355329949238,26.666666666666668,62.5,40.0,1.0,9,2,9,77.60377358490565
S41G01N231,2022-2023,20230310,home,35,7,1,11,5,16,1,24,13,4,1,0,0,3,2,0,0,28,14,9,4,31,31,2,0,3,855,0,0,0,3,18.799578626593743,52.86493860845839,51.785714285714285,40,9.282178217821782,41.666666666666664,66.66666666666667,50.0,2.3333333333333335,2,2,6,78.37192982456139,70,4,1,7,4,11,3,22,11,3,0,1,1,8,5,1,2,25,11,6,4,27,33,3,1,4,855,0,0,0,5,-18.799578626593743,47.335203366058906,44.0,27,12.300123001230014,26.666666666666668,62.5,36.36363636363637,1.0,2,2,9,78.37192982456139
S41G01N231,2022-2023,20230310,home,35,7,1,11,5,16,1,24,13,4,1,0,0,3,2,0,0,28,14,9,4,31,31,2,0,3,855,0,0,0,3,18.799578626593743,52.86493860845839,51.785714285714285,40,9.282178217821782,41.666666666666664,66.66666666666667,50.0,2.3333333333333335,2,2,6,78.37192982456139,70,5,1,7,4,11,3,22,11,3,0,1,1,8,5,1,2,25,11,6,4,27,33,3,1,4,855,0,0,0,5,-18.799578626593743,47.335203366058906,44.0,28,12.300123001230014,26.666666666666668,62.5,45.45454545454545,1.25,2,2,9,78.37192982456139
S41G01N231,2022-2023,20230310,home,35,7,1,11,5,16,1,25,13,4,1,0,0,3,2,0,0,29,14,9,4,31,32,2,0,3,878,0,0,0,3,14.792870104040361,51.12137203166227,50.0,39,9.003601440576231,41.666666666666664,66.66666666666667,50.0,2.3333333333333335,2,2,6,77.68564920273347,70,5,1,7,4,11,3,22,11,3,0,1,1,8,5,1,2,25,11,6,4,27,33,3,1,4,878,0,0,0,5,-14.792870104040361,47.335203366058906,44.0,28,12.300123001230014,26.666666666666668,62.5,45.45454545454545,1.25,2,2,9,77.68564920273347
S41G01N231,2022-2023,20230310,home,35,7,1,11,6,17,1,25,13,4,1,0,0,3,2,0,0,29,14,9,4,31,32,2,0,3,880,0,0,0,3,18.799578626593743,51.12137203166227,50.0,40,9.003601440576231,46.15384615384615,66.66666666666667,50.0,2.3333333333333335,2,2,6,76.14545454545454,70,5,1,7,4,11,3,22,11,3,0,1,1,8,5,1,2,25,11,6,4,27,33,3,1,4,880,0,0,0,5,-18.799578626593743,47.335203366058906,44.0,28,12.300123001230014,26.666666666666668,62.5,45.45454545454545,1.25,2,2,9,76.14545454545454
S41G01N231,2022-2023,20230310,home,35,7,1,11,6,17,1,25,13,4,1,0,0,3,2,0,0,29,14,10,5,31,32,2,0,3,886,0,0,0,3,18.799578626593743,51.12137203166227,50.0,40,9.003601440576231,46.15384615384615,66.66666666666667,50.0,2.3333333333333335,2,2,6,75.62979683972912,70,5,1,7,4,11,3,22,11,3,0,1,1,8,5,1,2,25,11,6,4,27,33,3,1,4,886,0,0,0,5,-18.799578626593743,47.335203366058906,44.0,28,12.300123001230014,26.666666666666668,62.5,45.45454545454545,1.25,2,2,9,75.62979683972912
S41G01N231,2022-2023,20230310,home,35,7,1,11,6,17,1,25,13,4,1,0,0,3,2,0,0,29,14,10,5,31,32,2,0,3,886,0,0,0,3,18.799578626593743,51.12137203166227,50.0,40,9.003601440576231,46.15384615384615,66.66666666666667,50.0,2.3333333333333335,2,2,6,75.62979683972912,70,5,1,7,4,11,3,22,11,3,0,1,1,8,5,1,2,25,11,6,4,27,33,3,1,4,886,0,0,0,5,-18.799578626593743,47.335203366058906,44.0,28,12.300123001230014,26.666666666666668,62.5,45.45454545454545,1.25,2,2,9,75.62979683972912
S41G01N231,2022-2023,20230310,home,35,7,1,11,6,17,1,25,13,4,1,0,0,3,2,0,0,29,14,10,5,31,32,2,0,4,886,0,0,0,4,14.792870104040361,51.12137203166227,50.0,39,11.655011655011656,46.15384615384615,66.66666666666667,50.0,1.75,2,2,6,76.9841986455982,70,5,1,7,4,11,3,22,11,3,0,1,1,8,5,1,2,25,11,6,4,27,33,3,1,4,886,0,0,0,5,-14.792870104040361,47.335203366058906,44.0,28,12.300123001230014,26.666666666666668,62.5,45.45454545454545,1.25,2,2,9,76.9841986455982
S41G01N231,2022-2023,20230310,home,35,7,1,11,6,17,1,25,13,4,1,0,0,3,2,0,0,29,14,10,5,31,32,2,0,4,886,0,0,0,4,14.792870104040361,51.12137203166227,50.0,39,11.655011655011656,46.15384615384615,66.66666666666667,50.0,1.75,2,2,6,76.9841986455982,70,5,1,7,4,11,3,22,11,3,0,1,1,8,5,1,2,25,11,6,4,27,33,3,1,4,886,0,0,0,5,-14.792870104040361,47.335203366058906,44.0,28,12.300123001230014,26.666666666666668,62.5,45.45454545454545,1.25,2,2,9,76.9841986455982
S41G01N231,2022-2023,20230310,home,35,7,1,11,6,17,1,25,13,4,1,0,0,3,2,0,0,29,14,10,5,31,32,2,0,4,904,0,0,0,4,11.224794451334319,51.12137203166227,50.0,39,11.655011655011656,46.15384615384615,66.66666666666667,50.0,1.75,4,2,6,76.7787610619469,70,5,1,7,4,11,3,23,12,3,0,1,1,8,5,1,2,26,12,6,4,29,34,3,1,4,904,0,0,0,5,-11.224794451334319,49.11924119241193,46.15384615384615,30,11.933174224343677,26.666666666666668,62.5,41.666666666666664,1.25,4,2,9,76.7787610619469
S41G01N231,2022-2023,20230310,home,35,7,1,11,6,17,1,25,13,5,1,0,0,3,2,0,0,30,14,10,5,31,33,2,0,4,927,0,0,0,4,7.491394832092908,49.489144316730524,48.333333333333336,38,11.325028312570781,46.15384615384615,66.66666666666667,50.0,1.75,4,2,6,76.168284789644,70,5,1,7,4,11,3,23,12,3,0,1,1,8,5,1,2,26,12,6,4,29,34,3,1,4,927,0,0,0,5,-7.491394832092908,49.11924119241193,46.15384615384615,30,11.933174224343677,26.666666666666668,62.5,41.666666666666664,1.25,4,2,9,76.168284789644
S41G01N231,2022-2023,20230310,home,35,7,1,11,6,17,1,25,13,5,1,0,0,3,2,0,0,30,14,10,5,31,33,2,0,4,930,0,0,0,4,7.491394832092908,49.489144316730524,48.333333333333336,38,11.325028312570781,42.857142857142854,66.66666666666667,50.0,1.75,4,2,6,75.92258064516129,70,5,1,8,4,12,3,23,12,3,0,1,1,8,5,1,2,26,12,6,4,29,34,3,1,4,930,0,0,0,5,-7.491394832092908,49.11924119241193,46.15384615384615,31,11.933174224343677,26.666666666666668,62.5,41.666666666666664,1.25,4,2,9,75.92258064516129
S41G01N231,2022-2023,20230310,home,35,7,1,11,6,17,1,25,13,5,1,0,0,3,2,0,0,30,14,10,5,31,33,2,0,4,933,0,0,0,4,4.157138029498682,49.489144316730524,48.333333333333336,38,11.325028312570781,42.857142857142854,66.66666666666667,50.0,1.75,6,2,6,76.96463022508038,70,5,1,8,4,12,3,24,13,3,0,1,1,8,5,1,2,27,13,6,4,31,35,3,1,4,933,0,0,0,5,-4.157138029498682,50.78636959370905,48.148148148148145,33,11.587485515643106,26.666666666666668,62.5,38.46153846153846,1.25,6,2,9,76.96463022508038
S41G01N231,2022-2023,20230310,home,35,7,1,11,6,17,1,25,13,5,1,0,0,3,2,0,0,30,14,10,5,31,33,2,0,4,933,0,0,0,4,4.157138029498682,49.489144316730524,48.333333333333336,38,11.325028312570781,42.857142857142854,66.66666666666667,50.0,1.75,6,2,6,76.96463022508038,70,5,1,8,4,12,3,24,13,3,0,1,1,8,5,2,4,27,13,6,4,31,35,3,1,4,933,0,0,0,5,-4.157138029498682,50.78636959370905,48.148148148148145,33,11.587485515643106,26.666666666666668,62.5,38.46153846153846,1.25,6,2,9,76.96463022508038
S41G01N231,2022-2023,20230310,home,35,7,1,11,6,17,1,25,13,6,1,0,0,3,2,0,0,31,14,10,5,31,34,2,0,4,950,0,0,0,4,0.670004875906443,47.95792079207921,46.774193548387096,37,11.013215859030836,42.857142857142854,66.66666666666667,50.0,1.75,6,2,6,76.85052631578947,70,5,1,8,4,12,3,24,13,3,0,1,1,8,5,2,4,27,13,6,4,31,35,3,1,4,950,0,0,0,5,-0.670004875906443,50.78636959370905,48.148148148148145,33,11.587485515643106,26.666666666666668,62.5,38.46153846153846,1.25,6,2,9,76.85052631578947
S41G01N231,2022-2023,20230310,home,35,7,1,11,7,18,1,25,13,6,1,0,0,3,2,0,0,31,14,10,5,31,34,2,0,4,951,0,0,0,4,4.157138029498682,47.95792079207921,46.774193548387096,38,11.013215859030836,46.666666666666664,66.66666666666667,50.0,1.75,6,2,6,75.50788643533122,70,5,1,8,4,12,3,24,13,3,0,1,1,8,5,2,4,27,13,6,4,31,35,3,1,4,951,0,0,0,5,-4.157138029498682,50.78636959370905,48.148148148148145,33,11.587485515643106,26.666666666666668,62.5,38.46153846153846,1.25,6,2,9,75.50788643533122
S41G01N231,2022-2023,20230310,home,35,7,1,11,7,18,1,25,13,6,1,0,0,3,2,0,0,31,14,10,5,31,34,2,0,4,956,0,0,0,4,4.157138029498682,47.95792079207921,46.774193548387096,38,11.013215859030836,46.666666666666664,66.66666666666667,50.0,1.75,6,2,6,75.11297071129707,70,5,1,8,4,12,3,24,13,3,0,1,1,8,5,2,4,27,13,7,4,31,35,3,1,4,956,0,0,0,5,-4.157138029498682,50.78636959370905,48.148148148148145,33,11.587485515643106,26.666666666666668,62.5,38.46153846153846,1.25,6,2,9,75.11297071129707
S41G01N231,2022-2023,20230310,home,35,7,1,11,7,18,1,25,13,6,1,0,0,3,2,0,0,31,14,10,5,31,34,2,0,4,956,0,0,0,4,4.157138029498682,47.95792079207921,46.774193548387096,38,11.013215859030836,46.666666666666664,66.66666666666667,50.0,1.75,6,2,6,75.11297071129707,70,5,1,8,4,12,3,24,13,3,0,1,1,8,5,2,4,27,13,7,4,31,35,3,1,4,956,0,0,0,5,-4.157138029498682,50.78636959370905,48.148148148148145,33,11.587485515643106,26.666666666666668,62.5,38.46153846153846,1.25,6,2,9,75.11297071129707
S41G01N231,2022-2023,20230310,home,35,7,1,11,7,18,1,25,13,6,1,0,0,3,2,0,0,31,14,10,5,31,34,2,0,4,956,0,0,0,4,4.157138029498682,47.95792079207921,46.774193548387096,38,11.013215859030836,46.666666666666664,66.66666666666667,50.0,1.75,6,2,6,75.11297071129707,70,5,1,8,4,12,3,24,13,3,0,1,1,8,5,2,4,27,13,7,4,31,35,3,1,4,956,0,0,0,5,-4.157138029498682,50.78636959370905,48.148148148148145,33,11.587485515643106,26.666666666666668,62.5,38.46153846153846,1.25,6,2,9,75.11297071129707
S41G01N231,2022-2023,20230310,home,35,7,1,11,7,18,1,25,13,6,1,0,0,3,2,0,0,31,14,10,5,31,34,2,0,4,956,0,0,0,4,4.157138029498682,47.95792079207921,46.774193548387096,38,11.013215859030836,46.666666666666664,66.66666666666667,50.0,1.75,6,2,6,75.11297071129707,70,5,1,8,4,12,3,24,13,3,0,1,1,8,5,2,4,27,13,7,4,31,35,3,1,4,956,0,0,0,5,-4.157138029498682,50.78636959370905,48.148148148148145,33,11.587485515643106,26.666666666666668,62.5,38.46153846153846,1.25,6,2,9,75.11297071129707
S41G01N231,2022-2023,20230310,home,35,7,1,11,7,18,1,25,13,6,1,0,0,3,2,0,0,31,14,10,5,31,34,2,0,4,956,0,0,0,4,4.157138029498682,47.95792079207921,46.774193548387096,38,11.013215859030836,46.666666666666664,66.66666666666667,50.0,1.75,6,2,6,75.11297071129707,70,5,1,8,4,12,3,24,13,3,0,1,1,8,5,2,4,27,13,7,4,31,35,3,1,4,956,0,0,0,5,-4.157138029498682,50.78636959370905,48.148148148148145,33,11.587485515643106,26.666666666666668,62.5,38.46153846153846,1.25,6,2,9,75.11297071129707
S41G01N231,2022-2023,20230310,home,35,7,1,11,7,18,1,25,13,6,1,0,0,3,2,0,0,31,14,10,5,31,34,2,0,4,956,0,0,0,4,4.157138029498682,47.95792079207921,46.774193548387096,38,11.013215859030836,46.666666666666664,66.66666666666667,50.0,1.75,6,2,6,75.11297071129707,70,5,1,8,4,12,3,24,13,3,0,1,1,8,5,2,4,27,13,7,4,31,35,3,1,4,956,0,0,0,5,-4.157138029498682,50.78636959370905,48.148148148148145,33,11.587485515643106,26.666666666666668,62.5,38.46153846153846,1.25,6,2,9,75.11297071129707
S41G01N231,2022-2023,20230310,home,35,7,1,11,7,18,1,25,13,6,1,0,0,4,3,0,0,31,14,10,5,32,35,2,0,4,956,0,0,0,4,5.954142533012018,48.840048840048844,46.774193548387096,39,10.881392818280741,46.666666666666664,75.0,50.0,1.75,1,2,6,75.66527196652719,70,5,1,8,4,12,3,24,13,3,0,1,1,8,5,2,4,27,13,7,4,31,35,3,1,4,956,0,0,0,5,-5.954142533012018,50.78636959370905,48.148148148148145,33,11.587485515643106,26.666666666666668,62.5,38.46153846153846,1.25,1,2,9,75.66527196652719
S41G01N231,2022-2023,20230310,home,35,7,1,11,7,18,1,25,13,6,1,0,0,5,4,0,0,31,14,10,5,33,36,2,0,4,956,0,0,0,4,7.6987839913898455,49.69879518072289,46.774193548387096,40,10.75268817204301,46.666666666666664,80.0,50.0,1.75,2,2,6,76.21757322175732,70,5,1,8,4,12,3,24,13,3,0,1,1,8,5,2,4,27,13,7,4,31,35,3,1,4,956,0,0,0,5,-7.6987839913898455,50.78636959370905,48.148148148148145,33,11.587485515643106,26.666666666666668,62.5,38.46153846153846,1.25,2,2,9,76.21757322175732
S41G01N231,2022-2023,20230310,home,35,7,1,11,7,18,1,25,13,6,1,0,0,5,4,0,0,31,14,10,5,33,36,2,0,4,956,0,0,0,4,7.6987839913898455,49.69879518072289,46.774193548387096,40,10.75268817204301,46.666666666666664,80.0,50.0,1.75,2,2,6,76.21757322175732,70,5,1,8,4,12,3,24,13,3,0,1,1,8,5,2,4,27,13,7,4,31,35,3,1,4,956,0,0,0,5,-7.6987839913898455,50.78636959370905,48.148148148148145,33,11.587485515643106,26.666666666666668,62.5,38.46153846153846,1.25,2,2,9,76.21757322175732
S41G01N231,2022-2023,20230310,home,35,7,1,11,7,18,1,25,13,6,1,0,0,5,4,0,0,31,14,10,5,33,36,2,0,4,956,0,0,0,4,7.6987839913898455,49.69879518072289,46.774193548387096,40,10.75268817204301,46.666666666666664,80.0,50.0,1.75,2,2,6,76.21757322175732,70,5,1,8,4,12,3,24,13,3,0,1,1,8,5,2,4,27,13,7,4,31,35,3,1,4,956,0,0,0,5,-7.6987839913898455,50.78636959370905,48.148148148148145,33,11.587485515643106,26.666666666666668,62.5,38.46153846153846,1.25,2,2,9,76.21757322175732
S41G01N231,2022-2023,20230310,home,35,7,1,11,7,18,1,25,13,6,1,0,0,5,4,0,0,31,14,10,5,33,36,2,0,4,978,0,0,0,4,4.576091706726714,49.69879518072289,46.774193548387096,40,10.75268817204301,46.666666666666664,80.0,50.0,1.75,2,2,6,75.73006134969326,70,5,1,8,4,12,3,25,14,3,0,2,2,8,5,2,4,28,14,7,4,33,36,3,1,4,978,0,0,0,5,-4.576091706726714,52.34771573604061,50.0,35,11.261261261261263,26.666666666666668,62.5,35.714285714285715,1.25,2,2,9,75.73006134969326
S41G01N231,2022-2023,20230310,home,35,7,1,11,7,18,1,25,13,6,1,0,0,5,4,0,0,31,14,10,5,33,36,2,0,4,978,0,0,0,4,4.576091706726714,49.69879518072289,46.774193548387096,40,10.75268817204301,46.666666666666664,80.0,50.0,1.75,2,2,6,75.73006134969326,70,6,1,8,4,12,3,25,14,3,0,2,2,8,5,2,4,28,14,7,4,33,36,3,1,4,978,0,0,0,5,-4.576091706726714,52.34771573604061,50.0,36,11.261261261261263,26.666666666666668,62.5,42.857142857142854,1.5,2,2,9,75.73006134969326
S41G01N231,2022-2023,20230310,home,35,7,1,11,7,18,1,25,13,6,1,0,0,5,4,0,0,31,14,10,5,33,36,2,0,4,999,0,0,0,4,4.576091706726714,49.69879518072289,46.774193548387096,40,10.75268817204301,46.666666666666664,80.0,50.0,1.75,2,2,6,74.13813813813813,70,6,1,8,4,12,3,25,14,3,0,2,2,8,5,2,4,28,14,8,4,33,36,3,1,4,999,0,0,0,5,-4.576091706726714,52.34771573604061,50.0,36,11.261261261261263,26.666666666666668,62.5,42.857142857142854,1.5,2,2,9,74.13813813813813
S41G01N231,2022-2023,20230310,home,35,7,1,11,7,18,1,25,13,6,1,0,0,6,5,0,0,31,14,10,5,34,37,2,0,4,999,0,0,0,4,6.2706259691720305,50.535077288941736,46.774193548387096,41,10.626992561105206,46.666666666666664,83.33333333333333,50.0,1.75,1,2,6,74.66666666666666,70,6,1,8,4,12,3,25,14,3,0,2,2,8,5,2,4,28,14,8,4,33,36,3,1,4,999,0,0,0,5,-6.2706259691720305,52.34771573604061,50.0,36,11.261261261261263,26.666666666666668,62.5,42.857142857142854,1.5,1,2,9,74.66666666666666
S41G01N231,2022-2023,20230310,home,35,7,1,11,7,18,1,25,13,6,1,0,0,7,6,0,0,31,14,10,5,35,38,2,0,4,999,0,0,0,4,7.917181140531397,51.34976525821597,46.774193548387096,42,10.504201680672269,46.666666666666664,85.71428571428571,50.0,1.75,2,2,6,75.19519519519518,70,6,1,8,4,12,3,25,14,3,0,2,2,8,5,2,4,28,14,8,4,33,36,3,1,4,999,0,0,0,5,-7.917181140531397,52.34771573604061,50.0,36,11.261261261261263,26.666666666666668,62.5,42.857142857142854,1.5,2,2,9,75.19519519519518
S41G01N231,2022-2023,20230310,home,35,7,1,11,7,18,1,25,13,6,1,0,0,7,6,0,0,31,14,10,5,35,38,2,0,4,999,0,0,0,4,7.917181140531397,51.34976525821597,46.774193548387096,42,10.504201680672269,46.666666666666664,85.71428571428571,50.0,1.75,2,2,6,75.19519519519518,70,6,1,8,4,12,3,25,14,3,0,2,2,8,5,2,4,28,14,8,4,33,36,3,1,4,999,0,0,0,5,-7.917181140531397,52.34771573604061,50.0,36,11.261261261261263,26.666666666666668,62.5,42.857142857142854,1.5,2,2,9,75.19519519519518
S41G01N231,2022-2023,20230310,home,35,7,1,11,7,18,1,25,13,6,1,0,0,7,6,0,0,31,14,10,5,35,38,2,0,4,999,0,0,0,4,7.917181140531397,51.34976525821597,46.774193548387096,42,10.504201680672269,46.666666666666664,85.71428571428571,50.0,1.75,2,2,6,75.19519519519518,70,6,1,8,4,12,3,25,14,3,0,2,2,8,5,2,4,28,14,8,4,33,36,3,1,4,999,0,0,0,5,-7.917181140531397,52.34771573604061,50.0,36,11.261261261261263,26.666666666666668,62.5,42.857142857142854,1.5,2,2,9,75.19519519519518
S41G01N231,2022-2023,20230310,home,35,7,1,11,7,18,1,25,13,6,1,0,0,7,6,0,0,31,14,10,5,35,38,2,0,4,1015,0,0,0,4,11.13659785246503,51.34976525821597,46.774193548387096,42,10.504201680672269,46.666666666666664,85.71428571428571,50.0,1.75,2,2,6,75.192118226601,70,6,1,8,4,12,3,26,14,3,0,2,2,8,5,2,4,29,14,8,4,33,37,3,1,4,1015,0,0,0,5,-11.13659785246503,50.738007380073796,48.275862068965516,35,10.952902519167578,26.666666666666668,62.5,42.857142857142854,1.5,2,2,9,75.192118226601
S41G01N231,2022-2023,20230310,home,35,7,1,11,7,18,1,25,13,6,1,0,0,7,6,0,0,31,14,10,5,35,38,2,0,4,1017,0,0,0,4,7.917181140531412,51.34976525821597,46.774193548387096,42,10.504201680672269,46.666666666666664,85.71428571428571,50.0,1.75,2,2,6,73.86430678466077,70,6,1,8,5,13,3,26,14,3,0,2,2,8,5,2,4,29,14,8,4,33,37,3,1,4,1017,0,0,0,5,-7.917181140531412,50.738007380073796,48.275862068965516,36,10.952902519167578,31.25,62.5,42.857142857142854,1.5,2,2,9,73.86430678466077
S41G01N231,2022-2023,20230310,home,35,7,1,11,7,18,1,25,13,6,1,0,0,7,6,0,0,31,14,10,5,35,38,2,0,4,1027,0,0,0,4,4.98653635185002,51.34976525821597,46.774193548387096,42,10.504201680672269,46.666666666666664,85.71428571428571,50.0,1.75,2,2,6,74.31353456669912,70,6,1,8,5,13,3,27,15,3,0,2,2,8,5,2,4,30,15,8,4,35,38,3,1,4,1027,0,0,0,5,-4.98653635185002,52.207637231503575,50.0,38,10.660980810234541,31.25,62.5,40.0,1.5,2,2,9,74.31353456669912
S41G01N231,2022-2023,20230310,home,35,7,1,11,7,18,1,25,13,7,1,0,0,7,6,0,0,32,14,10,5,35,39,2,0,4,1037,0,0,0,4,1.4761681282648311,49.88597491448119,45.3125,41,10.235414534288639,46.666666666666664,85.71428571428571,50.0,1.75,2,2,6,74.75409836065572,70,6,1,8,5,13,3,27,15,3,0,2,2,8,5,2,4,30,15,8,4,35,38,3,1,4,1037,0,0,0,5,-1.4761681282648311,52.207637231503575,50.0,38,10.660980810234541,31.25,62.5,40.0,1.5,2,2,9,74.75409836065572
S41G01N231,2022-2023,20230310,home,35,7,1,11,7,18,1,25,13,7,1,0,0,7,6,0,0,32,14,10,5,35,39,2,0,4,1038,0,0,0,4,1.4761681282648311,49.88597491448119,45.3125,41,10.235414534288639,43.75,85.71428571428571,50.0,1.75,2,2,6,74.68208092485548,70,6,1,9,5,14,3,27,15,3,0,2,2,8,5,2,4,30,15,8,4,35,38,3,1,4,1038,0,0,0,5,-1.4761681282648311,52.207637231503575,50.0,39,10.660980810234541,31.25,62.5,40.0,1.5,2,2,9,74.68208092485548
S41G01N231,2022-2023,20230310,home,35,7,1,11,7,18,1,25,13,7,1,0,0,7,6,0,0,32,14,10,5,35,39,2,0,4,1040,0,0,0,4,-1.2796171861515546,49.88597491448119,45.3125,41,10.235414534288639,43.75,85.71428571428571,50.0,1.75,4,3,6,75.69230769230768,70,6,1,9,5,14,3,28,16,3,0,3,3,8,5,2,4,31,16,8,4,37,39,3,1,4,1040,0,0,0,5,1.2796171861515546,53.59212050984936,51.61290322580645,41,10.384215991692626,31.25,62.5,37.5,1.5,4,3,9,75.69230769230768
S41G01N231,2022-2023,20230310,home,35,7,1,11,7,18,1,25,13,7,1,0,0,7,6,0,0,32,14,10,5,35,39,2,0,4,1040,0,0,0,4,-1.2796171861515546,49.88597491448119,45.3125,41,10.235414534288639,43.75,85.71428571428571,50.0,1.75,4,3,6,75.69230769230768,70,7,1,9,5,14,3,28,16,3,0,3,3,8,5,2,4,31,16,8,4,37,39,3,1,4,1040,0,0,0,5,1.2796171861515546,53.59212050984936,51.61290322580645,42,10.384215991692626,31.25,62.5,43.75,1.75,4,3,9,75.69230769230768
S41G01N231,2022-2023,20230310,home,35,7,1,11,7,18,1,25,13,7,1,0,0,7,6,0,0,32,14,10,5,35,39,2,0,4,1040,0,0,0,4,-1.2796171861515546,49.88597491448119,45.3125,41,10.235414534288639,43.75,85.71428571428571,50.0,1.75,4,3,6,75.69230769230768,70,7,1,9,5,14,3,28,16,3,0,3,3,8,5,3,6,31,16,8,4,37,39,3,1,4,1040,0,0,0,5,1.2796171861515546,53.59212050984936,51.61290322580645,42,10.384215991692626,31.25,62.5,43.75,1.75,4,3,9,75.69230769230768
S41G01N231,2022-2023,20230310,home,35,7,1,11,7,18,1,25,13,7,1,0,0,7,6,0,0,32,14,10,5,35,39,2,0,4,1040,0,0,0,4,-1.2796171861515546,49.88597491448119,45.3125,41,10.235414534288639,43.75,85.71428571428571,50.0,1.75,4,3,6,75.69230769230768,70,7,1,9,5,14,3,28,16,3,0,3,3,8,5,3,6,31,16,8,4,37,39,3,1,4,1040,0,0,0,5,1.2796171861515546,53.59212050984936,51.61290322580645,42,10.384215991692626,31.25,62.5,43.75,1.75,4,3,9,75.69230769230768
S41G01N231,2022-2023,20230310,home,35,7,1,11,7,18,1,25,13,7,1,0,0,7,6,0,0,32,14,10,5,35,39,2,0,4,1040,0,0,0,4,-1.2796171861515546,49.88597491448119,45.3125,41,10.235414534288639,43.75,85.71428571428571,50.0,1.75,4,3,6,75.69230769230768,70,7,1,9,5,14,3,28,16,3,0,3,3,8,5,3,6,31,16,8,4,37,39,3,1,4,1040,0,0,0,5,1.2796171861515546,53.59212050984936,51.61290322580645,42,10.384215991692626,31.25,62.5,43.75,1.75,4,3,9,75.69230769230768
S41G01N231,2022-2023,20230310,home,35,7,1,11,7,18,1,25,13,7,1,0,0,7,6,0,0,32,14,10,5,35,39,2,0,4,1040,0,0,0,4,-1.2796171861515546,49.88597491448119,45.3125,41,10.235414534288639,43.75,85.71428571428571,50.0,1.75,4,3,6,75.69230769230768,70,7,1,9,5,14,3,28,16,3,0,3,3,8,5,3,6,31,16,8,4,37,39,3,1,4,1040,0,0,0,5,1.2796171861515546,53.59212050984936,51.61290322580645,42,10.384215991692626,31.25,62.5,43.75,1.75,4,3,9,75.69230769230768
S41G01N231,2022-2023,20230310,home,35,7,1,11,7,18,1,26,13,7,1,0,0,7,6,0,0,33,14,10,5,35,40,2,0,4,1063,0,0,0,4,-4.577750329713439,48.50332594235034,43.93939393939394,40,9.980039920159681,43.75,85.71428571428571,50.0,1.75,4,3,6,75.18344308560677,70,7,1,9,5,14,3,28,16,3,0,3,3,8,5,3,6,31,16,8,4,37,39,3,1,4,1063,0,0,0,5,4.577750329713439,53.59212050984936,51.61290322580645,42,10.384215991692626,31.25,62.5,43.75,1.75,4,3,9,75.18344308560677
S41G01N231,2022-2023,20230310,home,35,7,1,11,7,18,1,26,13,7,1,0,0,7,6,0,0,33,14,10,5,35,40,2,0,4,1063,0,0,0,4,-4.577750329713439,48.50332594235034,43.93939393939394,40,9.980039920159681,43.75,85.71428571428571,50.0,1.75,4,3,6,75.18344308560677,70,7,1,9,5,14,4,28,16,3,0,3,3,8,5,3,6,31,16,8,4,37,39,3,1,4,1063,0,0,0,5,4.577750329713439,53.59212050984936,51.61290322580645,43,10.384215991692626,31.25,62.5,43.75,1.75,4,3,9,75.18344308560677
S41G01N231,2022-2023,20230310,home,35,7,1,11,7,18,1,26,13,7,1,0,0,7,6,0,0,33,14,10,5,35,40,2,0,4,1063,0,0,0,4,-4.577750329713439,48.50332594235034,43.93939393939394,40,9.980039920159681,43.75,85.71428571428571,50.0,1.75,4,3,6,75.18344308560677,70,7,1,9,5,14,4,28,16,3,0,3,3,8,5,3,6,31,16,8,4,37,39,3,1,4,1063,0,0,0,5,4.577750329713439,53.59212050984936,51.61290322580645,43,10.384215991692626,31.25,62.5,43.75,1.75,4,3,9,75.18344308560677
S41G01N231,2022-2023,20230310,home,35,7,1,11,7,18,1,26,13,7,1,0,0,7,6,0,0,33,14,10,5,35,40,2,0,4,1063,0,0,0,4,-4.577750329713439,48.50332594235034,43.93939393939394,40,9.980039920159681,43.75,85.71428571428571,50.0,1.75,4,3,6,75.18344308560677,70,7,1,9,5,14,4,28,16,3,0,3,3,8,5,3,6,31,16,8,4,37,39,3,1,4,1063,0,0,0,5,4.577750329713439,53.59212050984936,51.61290322580645,43,10.384215991692626,31.25,62.5,43.75,1.75,4,3,9,75.18344308560677
S41G01N231,2022-2023,20230310,home,35,7,1,11,7,18,1,26,13,7,1,0,0,7,6,0,0,33,14,10,5,35,40,2,0,4,1085,0,0,0,4,-1.3801297742331684,48.50332594235034,43.93939393939394,40,9.980039920159681,43.75,85.71428571428571,50.0,1.75,4,3,6,74.76497695852535,70,7,1,9,5,14,4,29,16,3,0,3,3,8,5,3,6,32,16,8,4,37,40,3,1,4,1085,0,0,0,5,1.3801297742331684,52.08333333333333,50.0,42,10.121457489878543,31.25,62.5,43.75,1.75,4,3,9,74.76497695852535
S41G01N231,2022-2023,20230310,home,35,7,1,12,7,19,1,26,13,7,1,0,0,7,6,0,0,33,14,10,5,35,40,2,0,4,1085,0,0,0,4,-1.3801297742331684,48.50332594235034,43.93939393939394,41,9.980039920159681,43.75,85.71428571428571,50.0,1.75,4,3,6,74.76497695852535,70,7,1,9,5,14,4,29,16,3,0,3,3,8,5,3,6,32,16,8,4,37,40,3,1,4,1085,0,0,0,5,1.3801297742331684,52.08333333333333,50.0,42,10.121457489878543,29.41176470588235,62.5,43.75,1.75,4,3,9,74.76497695852535
S41G01N231,2022-2023,20230310,home,35,7,1,12,7,19,1,26,13,7,1,0,0,7,6,0,0,33,14,10,5,35,40,2,0,4,1085,0,0,0,4,-1.3801297742331684,48.50332594235034,43.93939393939394,41,9.980039920159681,43.75,85.71428571428571,50.0,1.75,4,3,6,74.76497695852535,70,7,1,9,5,14,4,29,16,3,0,3,3,8,5,3,6,32,16,9,4,37,40,3,1,4,1085,0,0,0,5,1.3801297742331684,52.08333333333333,50.0,42,10.121457489878543,29.41176470588235,62.5,43.75,1.75,4,3,9,74.76497695852535
S41G01N231,2022-2023,20230310,home,35,7,1,12,7,19,1,26,13,7,1,0,0,8,6,0,0,33,14,10,5,35,41,2,0,4,1085,0,0,0,4,-2.7689665566915664,47.91894852135815,43.93939393939394,40,9.871668311944719,43.75,75.0,50.0,1.75,4,3,6,75.25161290322582,70,7,1,9,5,14,4,29,16,3,0,3,3,8,5,3,6,32,16,9,4,37,40,3,1,4,1085,0,0,0,5,2.7689665566915664,52.08333333333333,50.0,42,10.121457489878543,29.41176470588235,62.5,43.75,1.75,4,3,9,75.25161290322582
S41G01N231,2022-2023,20230310,home,35,7,1,12,7,19,1,26,13,7,1,0,0,9,7,0,0,33,14,10,5,36,42,2,0,4,1085,0,0,0,4,-1.17717388188953,48.7012987012987,43.93939393939394,41,9.765625,43.75,77.77777777777777,50.0,1.75,1,3,6,75.73824884792627,70,7,1,9,5,14,4,29,16,3,0,3,3,8,5,3,6,32,16,9,4,37,40,3,1,4,1085,0,0,0,5,1.17717388188953,52.08333333333333,50.0,42,10.121457489878543,29.41176470588235,62.5,43.75,1.75,1,3,9,75.73824884792627
S41G01N231,2022-2023,20230310,home,35,7,1,12,7,19,1,26,13,7,1,0,0,9,7,0,0,33,14,10,5,36,42,2,0,4,1106,0,0,0,4,1.8404004711425301,48.7012987012987,43.93939393939394,41,9.765625,43.75,77.77777777777777,50.0,1.75,1,3,6,75.38517179023508,70,7,1,9,5,14,4,29,16,4,0,3,3,8,5,3,6,33,16,9,4,37,41,3,1,4,1106,0,0,0,5,-1.8404004711425301,50.65717415115005,48.484848484848484,41,9.871668311944719,29.41176470588235,62.5,43.75,1.75,1,3,9,75.38517179023508
S41G01N231,2022-2023,20230310,home,35,7,1,12,7,19,1,26,13,7,1,0,0,9,7,0,0,33,14,10,5,36,42,2,0,4,1107,0,0,0,4,-1.17717388188953,48.7012987012987,43.93939393939394,41,9.765625,43.75,77.77777777777777,50.0,1.75,1,3,6,74.2330623306233,70,7,1,9,6,15,4,29,16,4,0,3,3,8,5,3,6,33,16,9,4,37,41,3,1,4,1107,0,0,0,5,1.17717388188953,50.65717415115005,48.484848484848484,42,9.871668311944719,33.333333333333336,62.5,43.75,1.75,1,3,9,74.2330623306233
S41G01N231,2022-2023,20230310,home,35,7,1,12,7,19,1,26,13,7,1,0,0,9,7,0,0,33,14,10,5,36,42,2,0,4,1107,0,0,0,4,1.8404004711425301,48.7012987012987,43.93939393939394,41,9.765625,43.75,77.77777777777777,50.0,1.75,1,3,6,75.3170731707317,70,7,1,9,6,15,4,30,16,4,0,3,3,8,5,3,6,34,16,9,4,37,42,3,1,4,1107,0,0,0,5,-1.8404004711425301,49.30703624733475,47.05882352941177,41,9.633911368015413,33.333333333333336,62.5,43.75,1.75,1,3,9,75.3170731707317
S41G01N231,2022-2023,20230310,home,35,7,1,12,7,19,1,26,13,7,1,0,0,9,7,0,0,33,14,10,5,36,42,2,0,4,1107,0,0,0,4,-1.17717388188953,48.7012987012987,43.93939393939394,41,9.765625,43.75,77.77777777777777,50.0,1.75,1,3,6,74.2330623306233,70,7,1,9,7,16,4,30,16,4,0,3,3,8,5,3,6,34,16,9,4,37,42,3,1,4,1107,0,0,0,5,1.17717388188953,49.30703624733475,47.05882352941177,42,9.633911368015413,36.8421052631579,62.5,43.75,1.75,1,3,9,74.2330623306233
S41G01N231,2022-2023,20230310,home,35,7,1,12,7,19,1,26,13,7,1,0,0,9,7,0,0,33,14,10,5,36,42,2,0,4,1107,0,0,0,4,-3.790230159488104,48.7012987012987,43.93939393939394,41,9.765625,43.75,77.77777777777777,50.0,1.75,2,3,6,75.3170731707317,70,7,1,9,7,16,4,31,17,4,0,3,3,8,5,3,6,35,17,9,4,39,43,3,1,4,1107,0,0,0,5,3.790230159488104,50.62305295950156,48.57142857142857,44,9.40733772342427,36.8421052631579,62.5,41.1764705882353,1.75,2,3,9,75.3170731707317
S41G01N231,2022-2023,20230310,home,35,7,1,12,7,19,1,26,13,7,1,0,0,9,7,0,0,33,14,10,5,36,42,2,0,5,1130,0,0,0,5,-6.822468922011254,48.7012987012987,43.93939393939394,40,11.916110581506196,43.75,77.77777777777777,50.0,1.4,2,3,6,74.84601769911505,70,7,1,9,7,16,4,31,17,4,0,3,3,8,5,3,6,35,17,9,4,39,43,3,1,4,1130,0,0,0,5,6.822468922011254,50.62305295950156,48.57142857142857,44,9.40733772342427,36.8421052631579,62.5,41.1764705882353,1.75,2,3,9,74.84601769911505
S41G01N231,2022-2023,20230310,home,35,7,1,12,7,19,1,26,13,7,1,0,0,9,7,0,0,33,14,10,5,36,42,2,0,5,1130,0,0,0,5,-6.822468922011254,48.7012987012987,43.93939393939394,40,11.916110581506196,43.75,77.77777777777777,50.0,1.4,2,3,6,74.84601769911505,70,7,1,9,7,16,4,31,17,4,0,3,3,8,5,3,6,35,17,9,4,39,43,3,1,4,1130,0,0,0,5,6.822468922011254,50.62305295950156,48.57142857142857,44,9.40733772342427,36.8421052631579,62.5,41.1764705882353,1.75,2,3,9,74.84601769911505
S41G01N231,2022-2023,20230310,home,35,7,1,12,7,19,1,26,13,7,1,0,0,9,7,0,0,33,14,10,5,36,42,2,0,5,1144,0,0,0,5,-3.8159711865978494,48.7012987012987,43.93939393939394,40,11.916110581506196,43.75,77.77777777777777,50.0,1.4,2,3,6,74.97902097902099,70,7,1,9,7,16,4,31,17,4,0,3,3,8,5,3,6,35,17,9,4,39,43,3,1,5,1144,0,0,0,6,3.8159711865978494,50.62305295950156,48.57142857142857,43,11.488970588235293,36.8421052631579,62.5,41.1764705882353,1.4,2,3,9,74.97902097902099
S41G01N231,2022-2023,20230310,home,35,7,1,12,7,19,1,26,13,7,1,0,0,9,7,0,0,33,14,10,5,36,42,3,0,5,1145,0,0,0,5,-3.8159711865978494,48.7012987012987,43.93939393939394,41,11.916110581506196,43.75,77.77777777777777,50.0,1.4,2,3,6,74.91353711790393,70,7,1,9,7,16,4,31,17,4,0,3,3,8,5,3,6,35,17,9,4,39,43,3,1,5,1145,0,0,0,6,3.8159711865978494,50.62305295950156,48.57142857142857,43,11.488970588235293,36.8421052631579,62.5,41.1764705882353,1.4,2,3,9,74.91353711790393
S41G01N231,2022-2023,20230310,home,35,7,1,12,7,19,1,26,13,7,1,0,0,9,7,0,0,33,14,10,5,36,42,3,0,6,1146,0,0,0,6,-6.679564856655858,48.7012987012987,43.93939393939394,40,13.966480446927374,43.75,77.77777777777777,50.0,1.1666666666666667,2,3,6,75.89528795811519,70,7,1,9,7,16,4,31,17,4,0,3,3,8,5,3,6,35,17,9,4,39,43,3,1,5,1146,0,0,0,6,6.679564856655858,50.62305295950156,48.57142857142857,43,11.488970588235293,36.8421052631579,62.5,41.1764705882353,1.4,2,3,9,75.89528795811519
S41G01N231,2022-2023,20230310,home,35,7,1,12,7,19,1,26,13,7,1,0,0,9,7,0,0,33,14,10,5,36,42,3,0,6,1147,0,0,0,6,-6.679564856655858,48.7012987012987,43.93939393939394,40,13.966480446927374,43.75,77.77777777777777,50.0,1.1666666666666667,2,3,6,75.82911944202267,70,7,1,9,7,16,4,31,17,4,0,3,3,8,5,3,6,35,17,9,4,39,43,4,1,5,1147,0,0,0,6,6.679564856655858,50.62305295950156,48.57142857142857,44,11.488970588235293,36.8421052631579,62.5,41.1764705882353,1.4,2,3,9,75.82911944202267
S41G01N231,2022-2023,20230310,home,35,7,1,12,7,19,1,26,13,7,1,0,0,9,7,0,0,33,14,10,5,36,42,3,0,6,1151,0,0,0,6,-9.16381859967602,48.7012987012987,43.93939393939394,40,13.966480446927374,43.75,77.77777777777777,50.0,1.1666666666666667,4,3,6,76.6081668114683,70,7,1,9,7,16,4,32,18,4,0,3,3,8,5,3,6,36,18,9,4,41,44,4,1,5,1151,0,0,0,6,9.16381859967602,51.872469635627525,50.0,46,11.230907457322552,36.8421052631579,62.5,38.888888888888886,1.4,4,3,9,76.6081668114683
S41G01N231,2022-2023,20230310,home,35,7,1,12,7,19,1,26,13,7,1,0,0,9,7,0,0,33,14,10,5,36,42,3,0,7,1158,0,0,0,7,-11.872455902306655,48.7012987012987,43.93939393939394,39,15.92356687898089,43.75,77.77777777777777,50.0,1.0,4,3,6,77.18134715025907,70,7,1,9,7,16,4,32,18,4,0,3,3,8,5,3,6,36,18,9,4,41,44,4,1,5,1158,0,0,0,6,11.872455902306655,51.872469635627525,50.0,46,11.230907457322552,36.8421052631579,62.5,38.888888888888886,1.4,4,3,9,77.18134715025907
S41G01N231,2022-2023,20230310,home,35,7,1,12,7,19,1,26,13,7,1,0,0,9,7,0,0,33,14,10,5,36,42,3,0,7,1176,0,0,0,7,-14.227724508098333,48.7012987012987,43.93939393939394,39,15.92356687898089,43.75,77.77777777777777,50.0,1.0,6,3,6,77.02040816326532,70,7,1,9,7,16,4,33,19,4,0,3,3,8,5,3,6,37,19,9,4,43,45,4,1,5,1176,0,0,0,6,14.227724508098333,53.06021717670286,51.351351351351354,48,10.984182776801406,36.8421052631579,62.5,36.8421052631579,1.4,6,3,9,77.02040816326532
S41G01N231,2022-2023,20230310,home,35,7,1,12,7,19,1,27,13,7,1,0,0,9,7,0,0,34,14,10,5,36,43,3,0,7,1199,0,0,0,7,-16.79365173155979,47.41833508956797,42.64705882352941,38,15.569395017793594,43.75,77.77777777777777,50.0,1.0,6,3,6,76.54378648874062,70,7,1,9,7,16,4,33,19,4,0,3,3,8,5,3,6,37,19,9,4,43,45,4,1,5,1199,0,0,0,6,16.79365173155979,53.06021717670286,51.351351351351354,48,10.984182776801406,36.8421052631579,62.5,36.8421052631579,1.4,6,3,9,76.54378648874062
S41G01N231,2022-2023,20230310,home,35,7,1,12,8,20,1,27,13,7,1,0,0,9,7,0,0,34,14,10,5,36,43,3,0,7,1199,0,0,0,7,-14.227724508098333,47.41833508956797,42.64705882352941,39,15.569395017793594,47.05882352941177,77.77777777777777,50.0,1.0,6,3,6,75.54295246038366,70,7,1,9,7,16,4,33,19,4,0,3,3,8,5,3,6,37,19,9,4,43,45,4,1,5,1199,0,0,0,6,14.227724508098333,53.06021717670286,51.351351351351354,48,10.984182776801406,36.8421052631579,62.5,36.8421052631579,1.4,6,3,9,75.54295246038366
S41G01N231,2022-2023,20230310,home,35,7,1,12,8,20,1,27,13,8,1,0,0,9,7,0,0,35,14,10,5,36,44,3,0,7,1199,0,0,0,7,-16.79365173155979,46.20123203285421,41.42857142857143,38,15.230635335073977,47.05882352941177,77.77777777777777,50.0,1.0,6,3,6,76.54378648874062,70,7,1,9,7,16,4,33,19,4,0,3,3,8,5,3,6,37,19,9,4,43,45,4,1,5,1199,0,0,0,6,16.79365173155979,53.06021717670286,51.351351351351354,48,10.984182776801406,36.8421052631579,62.5,36.8421052631579,1.4,6,3,9,76.54378648874062
S41G01N231,2022-2023,20230310,home,35,7,1,12,8,20,1,27,13,8,1,0,0,9,7,0,0,35,14,10,5,36,44,3,0,7,1199,0,0,0,7,-16.79365173155979,46.20123203285421,41.42857142857143,38,15.230635335073977,47.05882352941177,77.77777777777777,50.0,1.0,6,3,6,76.54378648874062,70,7,1,9,7,16,4,33,19,4,0,3,3,8,5,3,6,37,19,9,4,43,45,4,1,5,1199,0,0,0,6,16.79365173155979,53.06021717670286,51.351351351351354,48,10.984182776801406,36.8421052631579,62.5,36.8421052631579,1.4,6,3,9,76.54378648874062
S41G01N231,2022-2023,20230310,home,35,7,1,12,8,20,1,27,13,8,1,0,0,9,7,0,0,35,14,10,5,36,44,3,0,7,1200,0,0,0,7,-16.79365173155979,46.20123203285421,41.42857142857143,38,15.230635335073977,47.05882352941177,77.77777777777777,50.0,1.0,6,3,6,76.48,70,7,1,9,7,16,4,33,19,4,0,3,3,8,5,3,6,37,19,9,4,43,45,4,1,5,1200,0,0,0,6,16.79365173155979,53.06021717670286,51.351351351351354,48,10.984182776801406,36.8421052631579,62.5,36.8421052631579,1.4,6,3,9,76.48
S41G01N231,2022-2023,20230310,home,35,7,1,12,8,20,1,27,13,8,1,0,0,9,7,0,0,35,14,10,5,36,44,3,0,7,1200,0,0,0,7,-16.79365173155979,46.20123203285421,41.42857142857143,38,15.230635335073977,47.05882352941177,77.77777777777777,50.0,1.0,6,3,6,76.48,70,7,1,9,7,16,4,33,19,4,0,3,3,8,5,3,6,37,19,9,4,43,45,4,1,5,1200,0,0,0,6,16.79365173155979,53.06021717670286,51.351351351351354,48,10.984182776801406,36.8421052631579,62.5,36.8421052631579,1.4,6,3,9,76.48
S41G01N231,2022-2023,20230310,home,35,7,1,12,8,20,1,27,13,8,1,0,0,9,7,0,0,35,14,10,5,36,44,3,0,7,1200,0,0,0,7,-16.79365173155979,46.20123203285421,41.42857142857143,38,15.230635335073977,47.05882352941177,77.77777777777777,50.0,1.0,6,3,6,76.48,70,7,1,9,7,16,4,33,19,4,0,3,3,8,5,3,6,37,19,9,4,43,45,4,1,5,1200,0,0,0,6,16.79365173155979,53.06021717670286,51.351351351351354,48,10.984182776801406,36.8421052631579,62.5,36.8421052631579,1.4,6,3,9,76.48
S41G01N231,2022-2023,20230310,home,35,7,1,12,8,20,1,27,13,8,1,0,0,9,7,0,0,35,14,10,5,36,44,3,0,7,1200,0,0,0,7,-16.79365173155979,46.20123203285421,41.42857142857143,38,15.230635335073977,47.05882352941177,77.77777777777777,50.0,1.0,6,3,6,76.48,70,7,1,9,7,16,4,33,19,4,0,3,3,8,5,3,6,37,19,9,4,43,45,4,1,5,1200,0,0,0,6,16.79365173155979,53.06021717670286,51.351351351351354,48,10.984182776801406,36.8421052631579,62.5,36.8421052631579,1.4,6,3,9,76.48
S41G01N231,2022-2023,20230310,home,35,7,1,12,8,20,1,27,13,8,1,0,0,9,7,0,0,35,14,10,5,36,44,3,0,7,1200,0,0,0,7,-16.79365173155979,46.20123203285421,41.42857142857143,38,15.230635335073977,47.05882352941177,77.77777777777777,50.0,1.0,6,3,6,76.48,70,7,1,9,7,16,4,33,19,4,0,3,3,8,5,3,6,37,19,9,4,43,45,4,1,5,1200,0,0,0,6,16.79365173155979,53.06021717670286,51.351351351351354,48,10.984182776801406,36.8421052631579,62.5,36.8421052631579,1.4,6,3,9,76.48
S41G01N231,2022-2023,20230310,home,35,7,1,12,8,20,1,27,13,8,1,0,0,9,7,0,0,35,14,10,5,36,44,3,0,7,1200,0,0,0,7,-16.79365173155979,46.20123203285421,41.42857142857143,38,15.230635335073977,47.05882352941177,77.77777777777777,50.0,1.0,6,3,6,76.48,70,7,1,9,7,16,4,33,19,4,0,3,3,8,5,3,6,37,19,9,4,43,45,4,1,5,1200,0,0,0,6,16.79365173155979,53.06021717670286,51.351351351351354,48,10.984182776801406,36.8421052631579,62.5,36.8421052631579,1.4,6,3,9,76.48
S41G01N231,2022-2023,20230310,home,35,7,1,12,8,20,1,27,13,8,1,0,0,9,7,0,0,35,14,10,5,36,44,3,0,7,1200,0,0,0,7,-16.79365173155979,46.20123203285421,41.42857142857143,38,15.230635335073977,47.05882352941177,77.77777777777777,50.0,1.0,6,3,6,76.48,70,7,1,9,7,16,4,33,19,4,0,3,3,8,5,3,6,37,19,9,4,43,45,4,1,5,1200,0,0,0,6,16.79365173155979,53.06021717670286,51.351351351351354,48,10.984182776801406,36.8421052631579,62.5,36.8421052631579,1.4,6,3,9,76.48
S41G01N231,2022-2023,20230310,home,35,7,1,12,8,20,1,27,13,8,1,0,0,9,7,0,0,35,14,10,5,36,44,3,0,7,1200,0,0,0,7,-16.79365173155979,46.20123203285421,41.42857142857143,38,15.230635335073977,47.05882352941177,77.77777777777777,50.0,1.0,6,3,6,76.48,70,7,1,9,7,16,4,33,19,4,0,3,3,8,5,3,6,37,19,9,4,43,45,4,1,5,1200,0,0,0,6,16.79365173155979,53.06021717670286,51.351351351351354,48,10.984182776801406,36.8421052631579,62.5,36.8421052631579,1.4,6,3,9,76.48
S41G01N231,2022-2023,20230310,home,35,7,1,12,8,20,1,27,13,8,1,0,0,9,7,0,0,35,14,10,5,36,44,3,0,7,1200,0,0,0,7,-16.79365173155979,46.20123203285421,41.42857142857143,38,15.230635335073977,47.05882352941177,77.77777777777777,50.0,1.0,6,3,6,76.48,70,7,1,9,7,16,4,33,19,4,0,3,3,8,5,3,6,37,19,9,4,43,45,4,1,5,1200,0,0,0,6,16.79365173155979,53.06021717670286,51.351351351351354,48,10.984182776801406,36.8421052631579,62.5,36.8421052631579,1.4,6,3,9,76.48
S41G01N231,2022-2023,20230310,home,35,7,1,12,8,20,1,27,13,8,1,0,0,9,7,0,0,35,14,10,5,36,44,3,0,7,1200,0,0,0,7,-16.79365173155979,46.20123203285421,41.42857142857143,38,15.230635335073977,47.05882352941177,77.77777777777777,50.0,1.0,6,3,6,76.48,70,7,1,9,7,16,4,33,19,4,0,3,3,8,5,3,6,37,19,9,4,43,45,4,1,5,1200,0,0,0,6,16.79365173155979,53.06021717670286,51.351351351351354,48,10.984182776801406,36.8421052631579,62.5,36.8421052631579,1.4,6,3,9,76.48
S41G01N231,2022-2023,20230310,home,35,7,1,12,8,20,1,27,13,8,1,0,0,9,7,0,0,35,14,10,5,36,44,3,0,7,1200,0,0,0,7,-16.79365173155979,46.20123203285421,41.42857142857143,38,15.230635335073977,47.05882352941177,77.77777777777777,50.0,1.0,6,3,6,76.48,70,7,1,9,7,16,4,33,19,4,0,3,3,8,5,3,6,37,19,9,4,43,45,4,1,5,1200,0,0,0,6,16.79365173155979,53.06021717670286,51.351351351351354,48,10.984182776801406,36.8421052631579,62.5,36.8421052631579,1.4,6,3,9,76.48
S41G01N231,2022-2023,20230310,home,35,7,1,12,8,20,1,27,13,8,1,0,0,9,7,0,0,35,14,10,5,36,44,3,0,7,1200,0,0,0,7,-16.79365173155979,46.20123203285421,41.42857142857143,38,15.230635335073977,47.05882352941177,77.77777777777777,50.0,1.0,6,3,6,76.48,70,7,1,9,7,16,4,33,19,4,0,3,3,8,5,3,6,37,19,9,4,43,45,4,1,5,1200,0,0,0,6,16.79365173155979,53.06021717670286,51.351351351351354,48,10.984182776801406,36.8421052631579,62.5,36.8421052631579,1.4,6,3,9,76.48
S41G01N231,2022-2023,20230310,home,35,7,1,12,8,20,1,27,13,8,1,0,0,9,7,0,0,35,14,10,5,36,44,3,0,7,1200,0,0,0,7,-16.79365173155979,46.20123203285421,41.42857142857143,38,15.230635335073977,47.05882352941177,77.77777777777777,50.0,1.0,6,3,6,76.48,70,7,1,9,7,16,4,33,19,4,0,3,3,8,5,3,6,37,19,9,4,43,45,4,1,5,1200,0,0,0,6,16.79365173155979,53.06021717670286,51.351351351351354,48,10.984182776801406,36.8421052631579,62.5,36.8421052631579,1.4,6,3,9,76.48
S41G01N231,2022-2023,20230310,home,35,7,1,12,8,20,1,27,13,8,1,0,0,9,7,0,0,35,14,10,5,36,44,3,0,7,1200,0,0,0,7,-16.79365173155979,46.20123203285421,41.42857142857143,38,15.230635335073977,47.05882352941177,77.77777777777777,50.0,1.0,6,3,6,76.48,70,7,1,9,7,16,4,33,19,4,0,3,3,8,5,3,6,37,19,9,4,43,45,4,1,5,1200,0,0,0,6,16.79365173155979,53.06021717670286,51.351351351351354,48,10.984182776801406,36.8421052631579,62.5,36.8421052631579,1.4,6,3,9,76.48
S41G01N231,2022-2023,20230310,home,35,7,1,12,8,20,1,27,13,8,1,0,0,9,7,0,0,35,14,10,5,36,44,3,0,7,1200,0,0,0,7,-16.79365173155979,46.20123203285421,41.42857142857143,38,15.230635335073977,47.05882352941177,77.77777777777777,50.0,1.0,6,3,6,76.48,70,7,1,9,7,16,4,33,19,4,0,3,3,8,5,3,6,37,19,9,4,43,45,4,1,5,1200,0,0,0,6,16.79365173155979,53.06021717670286,51.351351351351354,48,10.984182776801406,36.8421052631579,62.5,36.8421052631579,1.4,6,3,9,76.48
S41G01N231,2022-2023,20230310,home,35,7,1,12,8,20,1,27,13,8,1,0,0,9,7,0,0,35,14,10,5,36,44,3,0,7,1200,0,0,0,7,-16.79365173155979,46.20123203285421,41.42857142857143,38,15.230635335073977,47.05882352941177,77.77777777777777,50.0,1.0,6,3,6,76.48,70,7,1,9,7,16,4,33,19,4,0,3,3,8,5,3,6,37,19,9,4,43,45,4,1,5,1200,0,0,0,6,16.79365173155979,53.06021717670286,51.351351351351354,48,10.984182776801406,36.8421052631579,62.5,36.8421052631579,1.4,6,3,9,76.48
S41G01N231,2022-2023,20230310,home,35,7,1,12,8,20,1,27,13,8,1,0,0,9,7,0,0,35,14,10,5,36,44,3,0,7,1200,0,0,0,7,-16.79365173155979,46.20123203285421,41.42857142857143,38,15.230635335073977,47.05882352941177,77.77777777777777,50.0,1.0,6,3,6,76.48,70,7,1,9,7,16,4,33,19,4,0,3,3,8,5,3,6,37,19,9,4,43,45,4,1,5,1200,0,0,0,6,16.79365173155979,53.06021717670286,51.351351351351354,48,10.984182776801406,36.8421052631579,62.5,36.8421052631579,1.4,6,3,9,76.48
S41G01N231,2022-2023,20230310,home,35,7,1,12,8,20,1,27,13,8,1,0,0,9,7,0,0,35,14,10,5,36,44,3,0,7,1200,0,0,0,7,-16.79365173155979,46.20123203285421,41.42857142857143,38,15.230635335073977,47.05882352941177,77.77777777777777,50.0,1.0,6,3,6,76.48,70,7,1,9,7,16,4,33,19,4,0,3,3,8,5,3,6,37,19,9,4,43,45,4,1,5,1200,0,0,0,6,16.79365173155979,53.06021717670286,51.351351351351354,48,10.984182776801406,36.8421052631579,62.5,36.8421052631579,1.4,6,3,9,76.48
S41G01N231,2022-2023,20230310,home,35,7,1,12,8,20,1,27,13,8,1,0,0,9,7,0,0,35,14,10,5,36,44,3,0,7,1200,0,0,0,7,-16.79365173155979,46.20123203285421,41.42857142857143,38,15.230635335073977,47.05882352941177,77.77777777777777,50.0,1.0,6,3,6,76.48,70,7,1,9,7,16,4,33,19,4,0,3,3,8,5,3,6,37,19,9,4,43,45,4,1,5,1200,0,0,0,6,16.79365173155979,53.06021717670286,51.351351351351354,48,10.984182776801406,36.8421052631579,62.5,36.8421052631579,1.4,6,3,9,76.48
S41G01N231,2022-2023,20230310,home,35,7,1,12,8,20,1,27,13,8,1,0,0,9,7,0,0,35,14,10,5,36,44,3,0,7,1200,0,0,0,7,-16.79365173155979,46.20123203285421,41.42857142857143,38,15.230635335073977,47.05882352941177,77.77777777777777,50.0,1.0,6,3,6,76.48,70,7,1,9,7,16,4,33,19,4,0,3,3,8,5,3,6,37,19,9,4,43,45,4,1,5,1200,0,0,0,6,16.79365173155979,53.06021717670286,51.351351351351354,48,10.984182776801406,36.8421052631579,62.5,36.8421052631579,1.4,6,3,9,76.48
S41G01N231,2022-2023,20230310,home,35,7,1,12,8,20,1,27,13,8,1,0,0,9,7,0,0,35,14,10,5,36,44,3,0,7,1200,0,0,0,7,-16.79365173155979,46.20123203285421,41.42857142857143,38,15.230635335073977,47.05882352941177,77.77777777777777,50.0,1.0,6,3,6,76.48,70,7,1,9,7,16,4,33,19,4,0,3,3,8,5,3,6,37,19,9,4,43,45,4,1,5,1200,0,0,0,6,16.79365173155979,53.06021717670286,51.351351351351354,48,10.984182776801406,36.8421052631579,62.5,36.8421052631579,1.4,6,3,9,76.48
S41G01N231,2022-2023,20230310,home,35,7,1,12,8,20,1,27,13,8,1,0,0,9,7,0,0,35,14,10,5,36,44,3,0,7,1200,0,0,0,7,-16.79365173155979,46.20123203285421,41.42857142857143,38,15.230635335073977,47.05882352941177,77.77777777777777,50.0,1.0,6,3,6,76.48,70,7,1,9,7,16,4,33,19,4,0,3,3,8,5,3,6,37,19,9,4,43,45,4,1,5,1200,0,0,0,6,16.79365173155979,53.06021717670286,51.351351351351354,48,10.984182776801406,36.8421052631579,62.5,36.8421052631579,1.4,6,3,9,76.48
S41G01N231,2022-2023,20230310,home,35,7,1,12,8,20,1,27,13,8,1,0,0,9,7,0,0,35,14,10,5,36,44,3,0,7,1200,0,0,0,7,-16.79365173155979,46.20123203285421,41.42857142857143,38,15.230635335073977,47.05882352941177,77.77777777777777,50.0,1.0,6,3,6,76.48,70,7,1,9,7,16,4,33,19,4,0,3,3,8,5,3,6,37,19,9,4,43,45,4,1,5,1200,0,0,0,6,16.79365173155979,53.06021717670286,51.351351351351354,48,10.984182776801406,36.8421052631579,62.5,36.8421052631579,1.4,6,3,9,76.48
S41G01N231,2022-2023,20230310,home,35,7,1,12,8,20,1,27,13,8,1,0,0,9,7,0,0,35,14,10,5,36,44,3,0,7,1200,0,0,0,7,-16.79365173155979,46.20123203285421,41.42857142857143,38,15.230635335073977,47.05882352941177,77.77777777777777,50.0,1.0,6,3,6,76.48,70,7,1,9,7,16,4,33,19,4,0,3,3,8,5,3,6,37,19,9,4,43,45,4,1,5,1200,0,0,0,6,16.79365173155979,53.06021717670286,51.351351351351354,48,10.984182776801406,36.8421052631579,62.5,36.8421052631579,1.4,6,3,9,76.48
S41G01N231,2022-2023,20230310,home,35,7,1,12,8,20,1,27,13,8,1,0,0,9,7,0,0,35,14,10,5,36,44,3,0,7,1200,0,0,0,7,-16.79365173155979,46.20123203285421,41.42857142857143,38,15.230635335073977,47.05882352941177,77.77777777777777,50.0,1.0,6,3,6,76.48,70,7,1,9,7,16,4,33,19,4,0,3,3,8,5,3,6,37,19,9,4,43,45,4,1,5,1200,0,0,0,6,16.79365173155979,53.06021717670286,51.351351351351354,48,10.984182776801406,36.8421052631579,62.5,36.8421052631579,1.4,6,3,9,76.48
S41G01N231,2022-2023,20230310,home,35,7,1,12,8,20,1,27,13,8,1,0,0,9,7,0,0,35,14,10,5,36,44,3,0,7,1200,0,0,0,7,-16.79365173155979,46.20123203285421,41.42857142857143,38,15.230635335073977,47.05882352941177,77.77777777777777,50.0,1.0,6,3,6,76.48,70,7,1,9,7,16,4,33,19,4,0,3,3,8,5,3,6,37,19,9,4,43,45,4,1,5,1200,0,0,0,6,16.79365173155979,53.06021717670286,51.351351351351354,48,10.984182776801406,36.8421052631579,62.5,36.8421052631579,1.4,6,3,9,76.48
S41G01N231,2022-2023,20230310,home,35,7,1,12,8,20,1,27,13,8,1,0,0,9,7,0,0,35,14,10,5,36,44,3,0,7,1200,0,0,0,7,-16.79365173155979,46.20123203285421,41.42857142857143,38,15.230635335073977,47.05882352941177,77.77777777777777,50.0,1.0,6,3,6,76.48,70,7,1,9,7,16,4,33,19,4,0,3,3,8,5,3,6,37,19,9,4,43,45,4,1,5,1200,0,0,0,6,16.79365173155979,53.06021717670286,51.351351351351354,48,10.984182776801406,36.8421052631579,62.5,36.8421052631579,1.4,6,3,9,76.48
S41G01N231,2022-2023,20230310,home,35,7,1,12,8,20,1,27,13,8,1,0,0,9,7,0,0,35,14,10,5,36,44,3,0,7,1210,0,0,0,7,-19.029726581997664,46.20123203285421,41.42857142857143,38,15.230635335073977,47.05882352941177,77.77777777777777,50.0,1.0,8,3,6,76.83966942148761,70,7,1,9,7,16,4,34,20,4,0,4,4,8,5,3,6,38,20,9,4,45,46,4,1,5,1210,0,0,0,6,19.029726581997664,54.190751445086704,52.63157894736842,50,10.748065348237317,36.8421052631579,62.5,35.0,1.4,8,3,9,76.83966942148761
S41G01N231,2022-2023,20230310,home,35,7,1,12,8,20,1,27,13,8,1,0,0,9,7,0,0,35,14,10,5,36,44,3,0,7,1210,0,0,0,7,-19.029726581997664,46.20123203285421,41.42857142857143,38,15.230635335073977,47.05882352941177,77.77777777777777,50.0,1.0,8,3,6,76.83966942148761,70,8,1,9,7,16,4,34,20,4,0,4,4,8,5,3,6,38,20,9,4,45,46,4,1,5,1210,0,0,0,6,19.029726581997664,54.190751445086704,52.63157894736842,51,10.748065348237317,36.8421052631579,62.5,40.0,1.6,8,3,9,76.83966942148761
S41G01N231,2022-2023,20230310,home,35,7,1,12,8,20,1,28,14,8,1,0,0,9,7,0,0,36,15,10,5,38,45,3,0,7,1231,0,0,0,7,-16.3304624695525,47.547547547547545,43.05555555555556,40,14.906303236797275,47.05882352941177,77.77777777777777,46.666666666666664,1.0,2,3,6,76.50365556458165,70,8,1,9,7,16,4,34,20,4,0,4,4,8,5,3,6,38,20,9,4,45,46,4,1,5,1231,0,0,0,6,16.3304624695525,54.190751445086704,52.63157894736842,51,10.748065348237317,36.8421052631579,62.5,40.0,1.6,2,3,9,76.50365556458165
S41G01N231,2022-2023,20230310,home,35,7,1,12,8,20,1,28,14,8,1,0,0,9,7,0,0,36,15,10,5,38,45,3,0,7,1241,0,0,0,7,-16.3304624695525,47.547547547547545,43.05555555555556,40,14.906303236797275,47.05882352941177,77.77777777777777,46.666666666666664,1.0,2,3,6,75.88718775181306,70,8,1,9,7,16,4,34,20,4,0,4,4,8,5,3,6,38,20,10,5,45,46,4,1,5,1241,0,0,0,6,16.3304624695525,54.190751445086704,52.63157894736842,51,10.748065348237317,36.8421052631579,62.5,40.0,1.6,2,3,9,75.88718775181306
S41G01N231,2022-2023,20230310,home,35,7,1,12,8,20,1,28,14,8,1,0,0,9,7,0,0,36,15,10,5,38,45,3,0,7,1241,0,0,0,7,-16.3304624695525,47.547547547547545,43.05555555555556,40,14.906303236797275,47.05882352941177,77.77777777777777,46.666666666666664,1.0,2,3,6,75.88718775181306,70,8,1,9,7,16,4,34,20,4,0,4,4,8,5,3,6,38,20,10,5,45,46,4,1,5,1241,0,0,0,6,16.3304624695525,54.190751445086704,52.63157894736842,51,10.748065348237317,36.8421052631579,62.5,40.0,1.6,2,3,9,75.88718775181306
S41G01N231,2022-2023,20230310,home,35,7,1,12,8,20,1,28,14,8,1,0,0,9,7,0,0,36,15,10,5,38,45,3,0,7,1241,0,0,0,7,-13.520334217796972,47.547547547547545,43.05555555555556,40,14.906303236797275,47.05882352941177,77.77777777777777,46.666666666666664,1.0,2,3,6,76.85414987912974,70,8,1,9,7,16,4,34,20,4,0,4,4,8,5,3,6,38,20,10,5,45,46,4,1,6,1241,0,0,0,7,13.520334217796972,54.190751445086704,52.63157894736842,50,12.626262626262626,36.8421052631579,62.5,40.0,1.3333333333333333,2,3,9,76.85414987912974
S41G01N231,2022-2023,20230310,home,35,7,1,12,8,20,1,28,14,8,1,0,0,9,7,0,0,36,15,10,5,38,45,3,0,7,1241,0,0,0,7,-13.520334217796972,47.547547547547545,43.05555555555556,40,14.906303236797275,47.05882352941177,77.77777777777777,46.666666666666664,1.0,2,3,6,76.85414987912974,70,8,1,9,7,16,4,34,20,4,0,4,4,8,5,3,6,38,20,10,5,45,46,4,1,6,1241,0,0,0,7,13.520334217796972,54.190751445086704,52.63157894736842,50,12.626262626262626,36.8421052631579,62.5,40.0,1.3333333333333333,2,3,9,76.85414987912974
S41G01N231,2022-2023,20230310,home,35,7,1,12,8,20,1,28,14,8,1,0,0,9,7,0,0,36,15,10,5,38,45,3,0,8,1260,0,0,0,8,-15.961173414282982,47.547547547547545,43.05555555555556,39,16.680567139282736,47.05882352941177,77.77777777777777,46.666666666666664,0.875,2,3,6,76.64761904761905,70,8,1,9,7,16,4,34,20,4,0,4,4,8,5,3,6,38,20,10,5,45,46,4,1,6,1260,0,0,0,7,15.961173414282982,54.190751445086704,52.63157894736842,50,12.626262626262626,36.8421052631579,62.5,40.0,1.3333333333333333,2,3,9,76.64761904761905
S41G01N231,2022-2023,20230310,home,35,7,1,12,8,20,1,28,14,8,1,0,0,9,7,0,0,36,15,10,5,38,45,3,0,8,1261,0,0,0,8,-15.961173414282982,47.547547547547545,43.05555555555556,39,16.680567139282736,47.05882352941177,77.77777777777777,46.666666666666664,0.875,2,3,6,76.5868358445678,70,8,1,9,7,16,4,34,20,4,0,4,4,8,5,3,6,38,20,10,5,45,46,5,1,6,1261,0,0,0,7,15.961173414282982,54.190751445086704,52.63157894736842,51,12.626262626262626,36.8421052631579,62.5,40.0,1.3333333333333333,2,3,9,76.5868358445678
S41G01N231,2022-2023,20230310,home,35,7,1,12,8,20,1,28,14,8,1,0,0,9,7,0,0,36,15,10,5,38,45,3,0,8,1264,0,0,0,8,-13.286407795078318,47.547547547547545,43.05555555555556,39,16.680567139282736,47.05882352941177,77.77777777777777,46.666666666666664,0.875,2,3,6,77.35443037974683,70,8,1,9,7,16,4,34,20,4,0,4,4,8,5,3,6,38,20,10,5,45,46,5,1,7,1264,0,0,0,8,13.286407795078318,54.190751445086704,52.63157894736842,50,14.427040395713107,36.8421052631579,62.5,40.0,1.1428571428571428,2,3,9,77.35443037974683
S41G01N231,2022-2023,20230310,home,35,7,1,12,8,20,1,28,14,9,2,0,0,9,7,0,0,37,16,10,5,41,46,3,0,8,1289,0,0,0,8,-8.283846640173408,50.048828125,45.945945945945944,42,16.33986928104575,47.05882352941177,77.77777777777777,43.75,0.875,5,3,6,76.78510473235066,70,8,1,9,7,16,4,34,20,4,0,4,4,8,5,3,6,38,20,10,5,45,46,5,1,7,1289,0,0,0,8,8.283846640173408,54.190751445086704,52.63157894736842,50,14.427040395713107,36.8421052631579,62.5,40.0,1.1428571428571428,5,3,9,76.78510473235066
S41G01N231,2022-2023,20230310,home,35,8,1,12,8,20,1,28,14,9,2,0,0,9,7,0,0,37,16,10,5,41,46,3,0,8,1289,0,0,0,8,-8.283846640173408,50.048828125,45.945945945945944,43,16.33986928104575,47.05882352941177,77.77777777777777,50.0,1.0,5,3,6,76.78510473235066,70,8,1,9,7,16,4,34,20,4,0,4,4,8,5,3,6,38,20,10,5,45,46,5,1,7,1289,0,0,0,8,8.283846640173408,54.190751445086704,52.63157894736842,50,14.427040395713107,36.8421052631579,62.5,40.0,1.1428571428571428,5,3,9,76.78510473235066
S41G01N231,2022-2023,20230310,home,35,8,1,12,8,20,1,28,14,9,2,0,0,9,7,0,0,37,16,10,5,41,46,3,0,8,1298,0,0,0,8,-5.734893138523034,50.048828125,45.945945945945944,43,16.33986928104575,47.05882352941177,77.77777777777777,50.0,1.0,5,3,6,77.17719568567027,70,8,1,9,7,16,4,34,20,4,0,4,4,8,5,3,6,38,20,10,5,45,46,5,1,8,1298,0,0,0,9,5.734893138523034,54.190751445086704,52.63157894736842,49,16.15508885298869,36.8421052631579,62.5,40.0,1.0,5,3,9,77.17719568567027
S41G01N231,2022-2023,20230310,home,35,8,1,12,8,20,1,28,14,9,2,0,0,9,7,0,0,37,16,10,5,41,46,4,0,8,1300,0,0,0,8,-5.734893138523034,50.048828125,45.945945945945944,44,16.33986928104575,47.05882352941177,77.77777777777777,50.0,1.0,5,3,6,77.05846153846154,70,8,1,9,7,16,4,34,20,4,0,4,4,8,5,3,6,38,20,10,5,45,46,5,1,8,1300,0,0,0,9,5.734893138523034,54.190751445086704,52.63157894736842,49,16.15508885298869,36.8421052631579,62.5,40.0,1.0,5,3,9,77.05846153846154
S41G01N231,2022-2023,20230310,home,35,8,1,12,8,20,1,28,14,10,2,0,0,9,7,0,0,38,16,10,5,41,47,4,0,8,1307,0,0,0,8,-8.120442620172227,48.856053384175404,44.73684210526316,43,16.01281024819856,47.05882352941177,77.77777777777777,50.0,1.0,5,3,6,77.56388676358073,70,8,1,9,7,16,4,34,20,4,0,4,4,8,5,3,6,38,20,10,5,45,46,5,1,8,1307,0,0,0,9,8.120442620172227,54.190751445086704,52.63157894736842,49,16.15508885298869,36.8421052631579,62.5,40.0,1.0,5,3,9,77.56388676358073
S41G01N231,2022-2023,20230310,home,35,8,1,12,8,20,1,28,14,10,2,0,0,9,7,0,0,38,16,10,5,41,47,4,0,8,1308,0,0,0,8,-8.120442620172227,48.856053384175404,44.73684210526316,43,16.01281024819856,44.44444444444444,77.77777777777777,50.0,1.0,5,3,6,77.5045871559633,70,8,1,10,7,17,4,34,20,4,0,4,4,8,5,3,6,38,20,10,5,45,46,5,1,8,1308,0,0,0,9,8.120442620172227,54.190751445086704,52.63157894736842,50,16.15508885298869,36.8421052631579,62.5,40.0,1.0,5,3,9,77.5045871559633
S41G01N231,2022-2023,20230310,home,35,8,1,12,8,20,1,28,14,10,2,0,0,9,7,0,0,38,16,10,5,41,47,4,0,8,1325,0,0,0,8,-5.6886285257668305,48.856053384175404,44.73684210526316,43,16.01281024819856,44.44444444444444,77.77777777777777,50.0,1.0,5,3,6,77.41584905660378,70,8,1,10,7,17,4,35,20,4,0,4,4,8,5,3,6,39,20,10,5,45,47,5,1,8,1325,0,0,0,9,5.6886285257668305,52.91627469426152,51.282051282051285,49,15.83531274742676,36.8421052631579,62.5,40.0,1.0,5,3,9,77.41584905660378
S41G01N231,2022-2023,20230310,home,35,8,1,13,8,21,1,28,14,10,2,0,0,9,7,0,0,38,16,10,5,41,47,4,0,8,1326,0,0,0,8,-5.6886285257668305,48.856053384175404,44.73684210526316,44,16.01281024819856,44.44444444444444,77.77777777777777,50.0,1.0,5,3,6,77.35746606334843,70,8,1,10,7,17,4,35,20,4,0,4,4,8,5,3,6,39,20,10,5,45,47,5,1,8,1326,0,0,0,9,5.6886285257668305,52.91627469426152,51.282051282051285,49,15.83531274742676,35.0,62.5,40.0,1.0,5,3,9,77.35746606334843
S41G01N231,2022-2023,20230310,home,35,8,1,13,8,21,1,28,14,10,2,0,0,9,7,0,0,38,16,10,5,41,47,4,0,8,1333,0,0,0,8,-5.6886285257668305,48.856053384175404,44.73684210526316,44,16.01281024819856,44.44444444444444,77.77777777777777,50.0,1.0,5,3,6,76.95123780945237,70,8,1,10,7,17,4,35,20,4,0,4,4,8,5,3,6,39,20,11,6,45,47,5,1,8,1333,0,0,0,9,5.6886285257668305,52.91627469426152,51.282051282051285,49,15.83531274742676,35.0,62.5,40.0,1.0,5,3,9,76.95123780945237
S41G01N231,2022-2023,20230310,home,35,8,1,13,8,21,1,28,14,10,2,0,0,9,7,0,0,38,16,10,5,41,47,4,0,8,1333,0,0,0,8,-5.6886285257668305,48.856053384175404,44.73684210526316,44,16.01281024819856,44.44444444444444,77.77777777777777,50.0,1.0,5,3,6,76.95123780945237,70,8,1,10,7,17,4,35,20,4,0,4,4,8,5,3,6,39,20,11,6,45,47,5,1,8,1333,0,0,0,9,5.6886285257668305,52.91627469426152,51.282051282051285,49,15.83531274742676,35.0,62.5,40.0,1.0,5,3,9,76.95123780945237
S41G01N231,2022-2023,20230310,home,35,8,1,13,8,21,1,29,14,10,2,0,0,9,7,0,0,39,16,10,5,41,48,4,0,8,1347,0,0,0,8,-7.963118906780579,47.71880819366853,43.58974358974359,43,15.698587127158556,44.44444444444444,77.77777777777777,50.0,1.0,5,3,6,77.0423162583519,70,8,1,10,7,17,4,35,20,4,0,4,4,8,5,3,6,39,20,11,6,45,47,5,1,8,1347,0,0,0,9,7.963118906780579,52.91627469426152,51.282051282051285,49,15.83531274742676,35.0,62.5,40.0,1.0,5,3,9,77.0423162583519
S41G01N231,2022-2023,20230310,home,35,8,1,13,8,21,1,29,14,10,2,0,0,9,7,0,0,39,16,10,5,41,48,4,0,8,1348,0,0,0,8,-7.963118906780579,47.71880819366853,43.58974358974359,43,15.698587127158556,44.44444444444444,77.77777777777777,50.0,1.0,5,3,6,76.98516320474778,70,8,2,10,7,17,4,35,20,4,0,4,4,8,5,3,6,39,20,11,6,45,47,5,1,8,1348,0,0,0,9,7.963118906780579,52.91627469426152,51.282051282051285,50,15.83531274742676,35.0,62.5,40.0,1.0,5,3,9,76.98516320474778
S41G01N231,2022-2023,20230310,home,35,8,1,13,8,21,1,29,14,10,2,0,0,9,7,0,0,39,16,10,5,41,48,4,0,8,1349,0,0,0,8,-7.963118906780579,47.71880819366853,43.58974358974359,43,15.698587127158556,42.10526315789474,77.77777777777777,50.0,1.0,5,3,6,76.92809488510008,70,8,2,11,7,18,4,35,20,4,0,4,4,8,5,3,6,39,20,11,6,45,47,5,1,8,1349,0,0,0,9,7.963118906780579,52.91627469426152,51.282051282051285,51,15.83531274742676,35.0,62.5,40.0,1.0,5,3,9,76.92809488510008
S41G01N231,2022-2023,20230310,home,35,8,1,13,8,21,1,29,14,10,2,0,0,9,7,0,0,39,16,10,5,41,48,4,0,8,1355,0,0,0,8,-10.132913711494922,47.71880819366853,43.58974358974359,43,15.698587127158556,42.10526315789474,77.77777777777777,50.0,1.0,2,3,6,77.4730627306273,70,8,2,11,7,18,4,36,21,4,0,4,4,8,5,3,6,40,21,11,6,47,48,5,1,8,1355,0,0,0,9,10.132913711494922,53.99816176470588,52.5,53,15.527950310559005,35.0,62.5,38.095238095238095,1.0,2,3,9,77.4730627306273
S41G01N231,2022-2023,20230310,home,35,8,1,13,8,21,1,29,14,10,2,0,0,9,7,0,0,39,16,10,5,41,48,4,0,8,1355,0,0,0,8,-10.132913711494922,47.71880819366853,43.58974358974359,43,15.698587127158556,42.10526315789474,77.77777777777777,50.0,1.0,2,3,6,77.4730627306273,70,9,2,11,7,18,4,36,21,4,0,4,4,8,5,3,6,40,21,11,6,47,48,5,1,8,1355,0,0,0,9,10.132913711494922,53.99816176470588,52.5,54,15.527950310559005,35.0,62.5,42.857142857142854,1.125,2,3,9,77.4730627306273
S41G01N231,2022-2023,20230310,home,35,8,1,13,8,21,1,29,14,10,2,0,0,9,7,0,0,39,16,10,5,41,48,4,0,8,1355,0,0,0,8,-10.132913711494922,47.71880819366853,43.58974358974359,43,15.698587127158556,42.10526315789474,77.77777777777777,50.0,1.0,2,3,6,77.4730627306273,70,9,2,11,7,18,4,36,21,4,0,4,4,8,5,4,8,40,21,11,6,47,48,5,1,8,1355,0,0,0,9,10.132913711494922,53.99816176470588,52.5,54,15.527950310559005,35.0,62.5,42.857142857142854,1.125,2,3,9,77.4730627306273
S41G01N231,2022-2023,20230310,home,35,8,1,13,8,21,1,29,14,10,2,0,0,9,7,0,0,39,16,10,5,41,48,4,0,8,1375,0,0,0,8,-10.132913711494922,47.71880819366853,43.58974358974359,43,15.698587127158556,42.10526315789474,77.77777777777777,50.0,1.0,2,3,6,76.34618181818182,70,9,2,11,7,18,4,36,21,4,0,4,4,8,5,4,8,40,21,12,6,47,48,5,1,8,1375,0,0,0,9,10.132913711494922,53.99816176470588,52.5,54,15.527950310559005,35.0,62.5,42.857142857142854,1.125,2,3,9,76.34618181818182
S41G01N231,2022-2023,20230310,home,35,8,1,13,8,21,1,29,14,10,2,0,0,9,7,0,0,39,16,10,5,41,48,4,0,8,1375,0,0,0,8,-10.132913711494922,47.71880819366853,43.58974358974359,43,15.698587127158556,42.10526315789474,77.77777777777777,50.0,1.0,2,3,6,76.34618181818182,70,9,2,11,7,18,4,36,21,4,0,4,4,8,5,4,8,40,21,12,6,47,48,5,1,8,1375,0,0,0,9,10.132913711494922,53.99816176470588,52.5,54,15.527950310559005,35.0,62.5,42.857142857142854,1.125,2,3,9,76.34618181818182
S41G01N231,2022-2023,20230310,home,35,8,1,13,8,21,1,29,14,10,2,0,0,9,7,0,0,39,16,10,5,41,48,4,0,8,1375,0,0,0,8,-10.132913711494922,47.71880819366853,43.58974358974359,43,15.698587127158556,42.10526315789474,77.77777777777777,50.0,1.0,2,3,6,76.34618181818182,70,9,2,11,7,18,4,36,21,4,0,4,4,8,5,4,8,40,21,12,6,47,48,5,1,8,1375,0,0,0,9,10.132913711494922,53.99816176470588,52.5,54,15.527950310559005,35.0,62.5,42.857142857142854,1.125,2,3,9,76.34618181818182
S41G01N231,2022-2023,20230310,home,35,8,1,13,8,21,1,29,14,10,2,0,0,9,7,0,0,39,16,10,5,41,48,4,0,8,1375,0,0,0,8,-10.132913711494922,47.71880819366853,43.58974358974359,43,15.698587127158556,42.10526315789474,77.77777777777777,50.0,1.0,2,3,6,76.34618181818182,70,9,2,11,7,18,4,36,21,4,0,4,4,8,5,4,8,40,21,12,6,47,48,5,1,8,1375,0,0,0,9,10.132913711494922,53.99816176470588,52.5,54,15.527950310559005,35.0,62.5,42.857142857142854,1.125,2,3,9,76.34618181818182
S41G01N231,2022-2023,20230310,home,35,8,1,13,8,21,1,29,14,10,2,0,0,9,7,0,0,39,16,10,5,41,48,4,0,8,1375,0,0,0,8,-10.132913711494922,47.71880819366853,43.58974358974359,43,15.698587127158556,42.10526315789474,77.77777777777777,50.0,1.0,2,3,6,76.34618181818182,70,9,2,11,7,18,4,36,21,4,0,4,4,8,5,4,8,40,21,12,6,47,48,5,1,8,1375,0,0,0,9,10.132913711494922,53.99816176470588,52.5,54,15.527950310559005,35.0,62.5,42.857142857142854,1.125,2,3,9,76.34618181818182
S41G01N231,2022-2023,20230310,home,35,8,1,13,8,21,1,29,14,10,2,0,0,9,7,0,0,39,16,10,5,41,48,4,0,8,1375,0,0,0,8,-10.132913711494922,47.71880819366853,43.58974358974359,43,15.698587127158556,42.10526315789474,77.77777777777777,50.0,1.0,2,3,6,76.34618181818182,70,9,2,11,7,18,4,36,21,4,0,4,4,8,5,4,8,40,21,12,6,47,48,5,1,8,1375,0,0,0,9,10.132913711494922,53.99816176470588,52.5,54,15.527950310559005,35.0,62.5,42.857142857142854,1.125,2,3,9,76.34618181818182
S41G01N231,2022-2023,20230310,home,35,8,1,13,8,21,1,29,14,10,2,0,0,10,7,0,0,39,16,10,5,41,49,4,0,8,1375,0,0,0,8,-11.100484015882671,47.235023041474655,43.58974358974359,42,15.56420233463035,42.10526315789474,70.0,50.0,1.0,2,3,6,76.73018181818182,70,9,2,11,7,18,4,36,21,4,0,4,4,8,5,4,8,40,21,12,6,47,48,5,1,8,1375,0,0,0,9,11.100484015882671,53.99816176470588,52.5,54,15.527950310559005,35.0,62.5,42.857142857142854,1.125,2,3,9,76.73018181818182
S41G01N231,2022-2023,20230310,home,35,8,1,13,8,21,1,29,14,10,2,0,0,11,8,0,0,39,16,10,5,42,50,4,0,8,1375,0,0,0,8,-9.767610390802787,47.9014598540146,43.58974358974359,43,15.432098765432098,42.10526315789474,72.72727272727273,50.0,1.0,1,3,6,77.11418181818182,70,9,2,11,7,18,4,36,21,4,0,4,4,8,5,4,8,40,21,12,6,47,48,5,1,8,1375,0,0,0,9,9.767610390802787,53.99816176470588,52.5,54,15.527950310559005,35.0,62.5,42.857142857142854,1.125,1,3,9,77.11418181818182
S41G01N231,2022-2023,20230310,home,35,8,1,13,8,21,1,29,14,10,2,0,0,11,8,0,0,39,16,10,5,42,50,4,0,8,1392,0,0,0,8,-7.448398393904014,47.9014598540146,43.58974358974359,43,15.432098765432098,42.10526315789474,72.72727272727273,50.0,1.0,1,3,6,77.0344827586207,70,9,2,11,7,18,4,37,21,4,0,4,4,8,5,4,8,41,21,12,6,47,49,5,1,8,1392,0,0,0,9,7.448398393904014,52.78526504941599,51.21951219512195,53,15.23229246001523,35.0,62.5,42.857142857142854,1.125,1,3,9,77.0344827586207
S41G01N231,2022-2023,20230310,home,35,8,1,14,8,22,1,29,14,10,2,0,0,11,8,0,0,39,16,10,5,42,50,4,0,8,1393,0,0,0,8,-7.448398393904014,47.9014598540146,43.58974358974359,44,15.432098765432098,42.10526315789474,72.72727272727273,50.0,1.0,1,3,6,76.97918162239772,70,9,2,11,7,18,4,37,21,4,0,4,4,8,5,4,8,41,21,12,6,47,49,5,1,8,1393,0,0,0,9,7.448398393904014,52.78526504941599,51.21951219512195,53,15.23229246001523,33.333333333333336,62.5,42.857142857142854,1.125,1,3,9,76.97918162239772
S41G01N231,2022-2023,20230310,home,35,8,1,14,8,22,1,29,14,11,3,0,0,11,8,0,0,40,17,10,5,45,51,4,0,8,1404,0,0,0,8,-2.8944938378832603,50.178412132024974,46.25,47,15.140045420136259,42.10526315789474,72.72727272727273,47.05882352941177,1.0,4,3,6,77.23076923076924,70,9,2,11,7,18,4,37,21,4,0,4,4,8,5,4,8,41,21,12,6,47,49,5,1,8,1404,0,0,0,9,2.8944938378832603,52.78526504941599,51.21951219512195,53,15.23229246001523,33.333333333333336,62.5,42.857142857142854,1.125,4,3,9,77.23076923076924
S41G01N231,2022-2023,20230310,home,35,9,1,14,8,22,1,29,14,11,3,0,0,11,8,0,0,40,17,10,5,45,51,4,0,8,1404,0,0,0,8,-2.8944938378832603,50.178412132024974,46.25,48,15.140045420136259,42.10526315789474,72.72727272727273,52.94117647058823,1.125,4,3,6,77.23076923076924,70,9,2,11,7,18,4,37,21,4,0,4,4,8,5,4,8,41,21,12,6,47,49,5,1,8,1404,0,0,0,9,2.8944938378832603,52.78526504941599,51.21951219512195,53,15.23229246001523,33.333333333333336,62.5,42.857142857142854,1.125,4,3,9,77.23076923076924
S41G01N231,2022-2023,20230310,home,35,9,1,14,8,22,1,29,14,11,3,0,0,11,8,0,0,40,17,10,5,45,51,4,0,8,1404,0,0,0,8,-2.8944938378832603,50.178412132024974,46.25,48,15.140045420136259,42.10526315789474,72.72727272727273,52.94117647058823,1.125,4,3,6,77.23076923076924,70,9,2,11,7,18,4,37,21,4,0,4,4,8,5,4,8,41,21,12,6,47,49,5,1,8,1404,0,0,0,9,2.8944938378832603,52.78526504941599,51.21951219512195,53,15.23229246001523,33.333333333333336,62.5,42.857142857142854,1.125,4,3,9,77.23076923076924
S41G01N231,2022-2023,20230310,home,35,9,1,14,8,22,1,29,14,11,3,0,0,11,8,0,0,40,17,10,5,45,51,4,0,8,1421,0,0,0,8,-4.974216148675751,50.178412132024974,46.25,48,15.140045420136259,42.10526315789474,72.72727272727273,52.94117647058823,1.125,2,3,6,77.15130190007038,70,9,2,11,7,18,4,38,22,4,0,4,4,8,5,4,8,42,22,12,6,49,50,5,1,8,1421,0,0,0,9,4.974216148675751,53.82249560632689,52.38095238095238,55,14.947683109118087,33.333333333333336,62.5,40.90909090909091,1.125,2,3,9,77.15130190007038
S41G01N231,2022-2023,20230310,home,35,9,1,14,8,22,1,29,14,11,3,0,0,11,8,0,0,40,17,10,5,45,51,4,0,8,1435,0,0,0,8,-4.974216148675751,50.178412132024974,46.25,48,15.140045420136259,42.10526315789474,72.72727272727273,52.94117647058823,1.125,2,3,6,76.39860627177701,70,9,2,11,7,18,4,38,22,4,0,4,4,8,5,4,8,42,22,13,6,49,50,5,1,8,1435,0,0,0,9,4.974216148675751,53.82249560632689,52.38095238095238,55,14.947683109118087,33.333333333333336,62.5,40.90909090909091,1.125,2,3,9,76.39860627177701
S41G01N231,2022-2023,20230310,home,35,9,1,14,8,22,1,29,14,11,3,0,0,11,8,0,0,40,17,10,5,45,51,4,0,8,1435,0,0,0,8,-4.974216148675751,50.178412132024974,46.25,48,15.140045420136259,42.10526315789474,72.72727272727273,52.94117647058823,1.125,2,3,6,76.39860627177701,70,9,2,11,7,18,4,38,22,4,0,4,4,8,5,4,8,42,22,13,6,49,50,5,1,8,1435,0,0,0,9,4.974216148675751,53.82249560632689,52.38095238095238,55,14.947683109118087,33.333333333333336,62.5,40.90909090909091,1.125,2,3,9,76.39860627177701
S41G01N231,2022-2023,20230310,home,35,10,1,14,8,22,1,29,14,11,3,0,0,11,8,0,0,40,17,10,5,45,51,4,0,8,1435,0,0,0,8,-4.974216148675751,50.178412132024974,46.25,49,15.140045420136259,42.10526315789474,72.72727272727273,58.8235294117647,1.25,2,3,6,76.39860627177701,70,9,2,11,7,18,4,38,22,4,0,4,4,8,5,4,8,42,22,13,6,49,50,5,1,8,1435,0,0,0,9,4.974216148675751,53.82249560632689,52.38095238095238,55,14.947683109118087,33.333333333333336,62.5,40.90909090909091,1.125,2,3,9,76.39860627177701
S41G01N231,2022-2023,20230310,home,35,10,1,14,8,22,1,29,14,11,3,0,0,12,9,0,0,40,17,10,5,46,52,4,0,8,1435,0,0,0,8,-3.740934405658564,50.79505300353357,46.25,50,15.015015015015015,42.10526315789474,75.0,58.8235294117647,1.25,1,3,6,76.76655052264809,70,9,2,11,7,18,4,38,22,4,0,4,4,8,5,4,8,42,22,13,6,49,50,5,1,8,1435,0,0,0,9,3.740934405658564,53.82249560632689,52.38095238095238,55,14.947683109118087,33.333333333333336,62.5,40.90909090909091,1.125,1,3,9,76.76655052264809
S41G01N231,2022-2023,20230310,home,35,10,1,14,8,22,1,29,14,11,3,0,0,13,10,0,0,40,17,10,5,47,53,4,0,8,1435,0,0,0,8,-2.531390368981164,51.39982502187227,46.25,51,14.892032762472077,42.10526315789474,76.92307692307692,58.8235294117647,1.25,2,3,6,77.13449477351918,70,9,2,11,7,18,4,38,22,4,0,4,4,8,5,4,8,42,22,13,6,49,50,5,1,8,1435,0,0,0,9,2.531390368981164,53.82249560632689,52.38095238095238,55,14.947683109118087,33.333333333333336,62.5,40.90909090909091,1.125,2,3,9,77.13449477351918
S41G01N231,2022-2023,20230310,home,35,10,1,14,8,22,1,29,14,11,3,0,0,13,10,0,0,40,17,10,5,47,53,4,0,8,1457,0,0,0,8,-0.31482807073356867,51.39982502187227,46.25,51,14.892032762472077,42.10526315789474,76.92307692307692,58.8235294117647,1.25,2,3,6,76.79341111873714,70,9,2,11,7,18,4,39,22,4,0,4,4,8,5,4,8,43,22,13,6,49,51,5,1,8,1457,0,0,0,9,0.31482807073356867,52.66552020636285,51.16279069767442,54,14.673514306676449,33.333333333333336,62.5,40.90909090909091,1.125,2,3,9,76.79341111873714
S41G01N231,2022-2023,20230310,home,35,10,1,14,8,22,1,29,14,11,3,0,0,13,10,0,0,40,17,10,5,47,53,4,0,8,1458,0,0,0,8,-2.531390368981164,51.39982502187227,46.25,51,14.892032762472077,42.10526315789474,76.92307692307692,58.8235294117647,1.25,2,3,6,75.91769547325104,70,9,2,11,8,19,4,39,22,4,0,4,4,8,5,4,8,43,22,13,6,49,51,5,1,8,1458,0,0,0,9,2.531390368981164,52.66552020636285,51.16279069767442,55,14.673514306676449,36.36363636363637,62.5,40.90909090909091,1.125,2,3,9,75.91769547325104
S41G01N231,2022-2023,20230310,home,35,10,1,14,8,22,1,29,14,11,3,0,0,13,10,0,0,40,17,10,5,47,53,4,0,8,1460,0,0,0,8,-4.523582279487783,51.39982502187227,46.25,51,14.892032762472077,42.10526315789474,76.92307692307692,58.8235294117647,1.25,2,3,6,76.63561643835617,70,9,2,11,8,19,4,40,23,4,0,4,4,8,5,4,8,44,23,13,6,51,52,5,1,8,1460,0,0,0,9,4.523582279487783,53.66161616161616,52.27272727272727,57,14.40922190201729,36.36363636363637,62.5,39.130434782608695,1.125,2,3,9,76.63561643835617
S41G01N231,2022-2023,20230310,home,35,10,1,14,8,22,1,29,14,11,3,0,0,13,10,0,0,40,17,11,6,47,53,4,0,8,1474,0,0,0,8,-4.523582279487783,51.39982502187227,46.25,51,14.892032762472077,42.10526315789474,76.92307692307692,58.8235294117647,1.25,2,3,6,75.90773405698779,70,9,2,11,8,19,4,40,23,4,0,4,4,8,5,4,8,44,23,13,6,51,52,5,1,8,1474,0,0,0,9,4.523582279487783,53.66161616161616,52.27272727272727,57,14.40922190201729,36.36363636363637,62.5,39.130434782608695,1.125,2,3,9,75.90773405698779
S41G01N231,2022-2023,20230310,home,35,10,1,14,8,22,1,29,14,11,3,0,0,13,10,0,0,40,17,11,6,47,53,4,0,8,1474,0,0,0,8,-4.523582279487783,51.39982502187227,46.25,51,14.892032762472077,42.10526315789474,76.92307692307692,58.8235294117647,1.25,2,3,6,75.90773405698779,70,9,2,11,8,19,4,40,23,4,0,4,4,8,5,4,8,44,23,13,6,51,52,5,1,8,1474,0,0,0,9,4.523582279487783,53.66161616161616,52.27272727272727,57,14.40922190201729,36.36363636363637,62.5,39.130434782608695,1.125,2,3,9,75.90773405698779
S41G01N231,2022-2023,20230310,home,35,10,1,14,8,22,1,29,14,11,3,0,0,13,10,0,0,40,17,11,6,47,53,4,0,9,1474,0,0,0,9,-6.723917254739163,51.39982502187227,46.25,50,16.447368421052634,42.10526315789474,76.92307692307692,58.8235294117647,1.1111111111111112,2,3,6,76.72184531886025,70,9,2,11,8,19,4,40,23,4,0,4,4,8,5,4,8,44,23,13,6,51,52,5,1,8,1474,0,0,0,9,6.723917254739163,53.66161616161616,52.27272727272727,57,14.40922190201729,36.36363636363637,62.5,39.130434782608695,1.125,2,3,9,76.72184531886025
S41G01N231,2022-2023,20230310,home,35,10,1,14,8,22,1,29,14,11,3,0,0,13,10,0,0,40,17,11,6,47,53,4,0,9,1474,0,0,0,9,-6.723917254739163,51.39982502187227,46.25,50,16.447368421052634,42.10526315789474,76.92307692307692,58.8235294117647,1.1111111111111112,2,3,6,76.72184531886025,70,9,2,11,8,19,4,40,23,4,0,4,4,8,5,4,8,44,23,13,6,51,52,5,1,8,1474,0,0,0,9,6.723917254739163,53.66161616161616,52.27272727272727,57,14.40922190201729,36.36363636363637,62.5,39.130434782608695,1.125,2,3,9,76.72184531886025
S41G01N231,2022-2023,20230310,home,35,10,1,14,8,22,1,29,14,11,3,0,0,13,10,0,0,40,17,11,6,47,53,4,0,9,1474,0,0,0,9,-6.723917254739163,51.39982502187227,46.25,50,16.447368421052634,42.10526315789474,76.92307692307692,58.8235294117647,1.1111111111111112,2,3,6,76.72184531886025,70,9,2,11,8,19,4,40,23,4,0,4,4,8,5,4,8,44,23,13,6,51,52,5,1,8,1474,0,0,0,9,6.723917254739163,53.66161616161616,52.27272727272727,57,14.40922190201729,36.36363636363637,62.5,39.130434782608695,1.125,2,3,9,76.72184531886025
S41G01N231,2022-2023,20230310,home,35,10,1,14,8,22,1,29,14,11,3,0,0,13,10,0,0,40,17,11,6,47,53,4,0,9,1474,0,0,0,9,-6.723917254739163,51.39982502187227,46.25,50,16.447368421052634,42.10526315789474,76.92307692307692,58.8235294117647,1.1111111111111112,2,3,6,76.72184531886025,70,9,2,11,8,19,4,40,23,4,0,4,4,8,5,4,8,44,23,13,6,51,52,5,1,8,1474,0,0,0,9,6.723917254739163,53.66161616161616,52.27272727272727,57,14.40922190201729,36.36363636363637,62.5,39.130434782608695,1.125,2,3,9,76.72184531886025
S41G01N231,2022-2023,20230310,home,35,10,1,14,8,22,1,29,14,11,3,0,0,13,10,0,0,40,17,11,6,47,53,4,0,9,1487,0,0,0,9,-4.511979243130909,51.39982502187227,46.25,50,16.447368421052634,42.10526315789474,76.92307692307692,58.8235294117647,1.1111111111111112,2,3,6,76.85810356422328,70,9,2,11,8,19,4,40,23,4,0,4,4,8,5,4,8,44,23,13,6,51,52,5,1,9,1487,0,0,0,10,4.511979243130909,53.66161616161616,52.27272727272727,56,15.92356687898089,36.36363636363637,62.5,39.130434782608695,1.0,2,3,9,76.85810356422328
S41G01N231,2022-2023,20230310,home,35,10,1,14,8,22,1,29,14,11,3,0,0,13,10,0,0,40,17,11,6,47,53,5,0,9,1489,0,0,0,9,-4.511979243130909,51.39982502187227,46.25,51,16.447368421052634,42.10526315789474,76.92307692307692,58.8235294117647,1.1111111111111112,2,3,6,76.75486903962391,70,9,2,11,8,19,4,40,23,4,0,4,4,8,5,4,8,44,23,13,6,51,52,5,1,9,1489,0,0,0,10,4.511979243130909,53.66161616161616,52.27272727272727,56,15.92356687898089,36.36363636363637,62.5,39.130434782608695,1.0,2,3,9,76.75486903962391
S41G01N231,2022-2023,20230310,home,35,10,1,14,8,22,1,30,14,11,3,0,0,13,10,0,0,41,17,11,6,47,54,5,0,9,1502,0,0,0,9,-6.620095652780805,50.29965753424658,45.1219512195122,50,16.15218951902369,42.10526315789474,76.92307692307692,58.8235294117647,1.1111111111111112,2,3,6,76.88948069241012,70,9,2,11,8,19,4,40,23,4,0,4,4,8,5,4,8,44,23,13,6,51,52,5,1,9,1502,0,0,0,10,6.620095652780805,53.66161616161616,52.27272727272727,56,15.92356687898089,36.36363636363637,62.5,39.130434782608695,1.0,2,3,9,76.88948069241012
S41G01N231,2022-2023,20230310,home,35,10,1,14,8,22,1,30,14,11,3,0,0,13,10,0,0,41,17,11,6,47,54,5,0,9,1503,0,0,0,9,-6.620095652780805,50.29965753424658,45.1219512195122,50,16.15218951902369,40.0,76.92307692307692,58.8235294117647,1.1111111111111112,2,3,6,76.83832335329342,70,9,2,12,8,20,4,40,23,4,0,4,4,8,5,4,8,44,23,13,6,51,52,5,1,9,1503,0,0,0,10,6.620095652780805,53.66161616161616,52.27272727272727,57,15.92356687898089,36.36363636363637,62.5,39.130434782608695,1.0,2,3,9,76.83832335329342
S41G01N231,2022-2023,20230310,home,35,10,1,14,8,22,1,30,14,11,3,0,0,13,10,0,0,41,17,11,6,47,54,5,0,9,1517,0,0,0,9,-4.497492778959639,50.29965753424658,45.1219512195122,50,16.15218951902369,40.0,76.92307692307692,58.8235294117647,1.1111111111111112,2,3,6,76.92023731048121,70,9,2,12,8,20,4,41,23,4,0,4,4,8,5,4,8,45,23,13,6,51,53,5,1,9,1517,0,0,0,10,4.497492778959639,52.55564715581203,51.111111111111114,56,15.646731571627258,36.36363636363637,62.5,39.130434782608695,1.0,2,3,9,76.92023731048121
S41G01N231,2022-2023,20230310,home,35,10,1,15,8,23,1,30,14,11,3,0,0,13,10,0,0,41,17,11,6,47,54,5,0,9,1520,0,0,0,9,-4.497492778959639,50.29965753424658,45.1219512195122,51,16.15218951902369,40.0,76.92307692307692,58.8235294117647,1.1111111111111112,2,3,6,76.76842105263158,70,9,2,12,8,20,4,41,23,4,0,4,4,8,5,4,8,45,23,13,6,51,53,5,1,9,1520,0,0,0,10,4.497492778959639,52.55564715581203,51.111111111111114,56,15.646731571627258,34.78260869565217,62.5,39.130434782608695,1.0,2,3,9,76.76842105263158
S41G01N231,2022-2023,20230310,home,35,10,1,15,8,23,1,30,14,11,3,0,0,13,10,0,0,41,17,11,6,47,54,5,0,9,1522,0,0,0,9,-4.497492778959639,50.29965753424658,45.1219512195122,51,16.15218951902369,40.0,76.92307692307692,58.8235294117647,1.1111111111111112,2,3,6,76.66754270696453,70,9,2,12,8,20,4,41,23,4,0,4,4,8,5,4,8,45,23,13,6,51,53,5,1,9,1522,0,0,0,10,4.497492778959639,52.55564715581203,51.111111111111114,56,15.646731571627258,34.78260869565217,62.5,39.130434782608695,1.0,2,3,9,76.66754270696453
S41G01N231,2022-2023,20230310,home,35,10,1,15,8,23,1,30,14,11,3,0,0,13,10,0,0,41,17,11,6,47,54,5,0,9,1522,0,0,0,9,-4.497492778959639,50.29965753424658,45.1219512195122,51,16.15218951902369,40.0,76.92307692307692,58.8235294117647,1.1111111111111112,2,3,6,76.66754270696453,70,9,2,12,8,20,4,41,23,4,0,4,4,8,5,4,8,45,23,13,6,51,53,5,1,9,1522,0,0,0,10,4.497492778959639,52.55564715581203,51.111111111111114,56,15.646731571627258,34.78260869565217,62.5,39.130434782608695,1.0,2,3,9,76.66754270696453
S41G01N231,2022-2023,20230310,home,35,10,1,15,8,23,1,31,15,11,3,0,0,13,10,0,0,42,18,11,6,49,55,5,0,9,1531,0,0,0,9,-2.4139787941247306,51.34115674769489,46.42857142857143,53,15.867418899858956,40.0,76.92307692307692,55.55555555555556,1.1111111111111112,2,3,6,77.00065316786416,70,9,2,12,8,20,4,41,23,4,0,4,4,8,5,4,8,45,23,13,6,51,53,5,1,9,1531,0,0,0,10,2.4139787941247306,52.55564715581203,51.111111111111114,56,15.646731571627258,34.78260869565217,62.5,39.130434782608695,1.0,2,3,9,77.00065316786416
S41G01N231,2022-2023,20230310,home,35,10,1,15,8,23,1,31,15,11,3,0,0,13,10,0,0,42,18,11,6,49,55,5,0,9,1540,0,0,0,9,-4.334234308024122,51.34115674769489,46.42857142857143,53,15.867418899858956,40.0,76.92307692307692,55.55555555555556,1.1111111111111112,2,3,6,77.32987012987014,70,9,2,12,8,20,4,42,24,4,0,4,4,8,5,4,8,46,24,13,6,53,54,5,1,9,1540,0,0,0,10,4.334234308024122,53.513731825525035,52.17391304347826,58,15.379357484620641,34.78260869565217,62.5,37.5,1.0,2,3,9,77.32987012987014
S41G01N231,2022-2023,20230310,home,35,10,1,15,8,23,1,31,15,11,3,0,0,13,10,0,0,42,18,11,6,49,55,5,0,9,1540,0,0,0,9,-4.334234308024122,51.34115674769489,46.42857142857143,53,15.867418899858956,40.0,76.92307692307692,55.55555555555556,1.1111111111111112,2,3,6,77.32987012987014,70,10,2,12,8,20,4,42,24,4,0,4,4,8,5,4,8,46,24,13,6,53,54,5,1,9,1540,0,0,0,10,4.334234308024122,53.513731825525035,52.17391304347826,59,15.379357484620641,34.78260869565217,62.5,41.666666666666664,1.1111111111111112,2,3,9,77.32987012987014
S41G01N231,2022-2023,20230310,home,35,10,1,15,8,23,1,31,15,11,3,0,0,13,10,0,0,42,18,12,6,49,55,5,0,9,1540,0,0,0,9,-4.334234308024122,51.34115674769489,46.42857142857143,53,15.867418899858956,40.0,76.92307692307692,55.55555555555556,1.1111111111111112,2,3,6,77.32987012987014,70,10,2,12,8,20,4,42,24,4,0,4,4,8,5,4,8,46,24,13,6,53,54,5,1,9,1540,0,0,0,10,4.334234308024122,53.513731825525035,52.17391304347826,59,15.379357484620641,34.78260869565217,62.5,41.666666666666664,1.1111111111111112,2,3,9,77.32987012987014
S41G01N231,2022-2023,20230310,home,35,10,1,15,8,23,1,31,15,11,3,0,0,13,10,0,0,42,18,12,6,49,55,5,0,9,1540,0,0,0,9,-4.334234308024122,51.34115674769489,46.42857142857143,53,15.867418899858956,40.0,76.92307692307692,55.55555555555556,1.1111111111111112,2,3,6,77.32987012987014,70,10,2,12,8,20,4,42,24,4,0,4,4,8,5,4,8,46,24,13,6,53,54,5,1,9,1540,0,0,0,10,4.334234308024122,53.513731825525035,52.17391304347826,59,15.379357484620641,34.78260869565217,62.5,41.666666666666664,1.1111111111111112,2,3,9,77.32987012987014
S41G01N231,2022-2023,20230310,home,35,10,1,15,8,23,1,31,15,11,3,0,0,13,10,0,0,42,18,12,6,49,55,5,0,9,1540,0,0,0,9,-3.428427073747258,51.34115674769489,46.42857142857143,53,15.867418899858956,40.0,76.92307692307692,55.55555555555556,1.1111111111111112,2,3,6,77.67272727272729,70,10,2,12,8,20,4,42,24,4,0,4,4,9,5,4,8,46,24,13,6,53,55,5,1,9,1540,0,0,0,10,3.428427073747258,53.042433947157726,52.17391304347826,58,15.264586160108548,34.78260869565217,55.55555555555556,41.666666666666664,1.1111111111111112,2,3,9,77.67272727272729
S41G01N231,2022-2023,20230310,home,35,10,1,16,8,24,1,31,15,11,3,0,0,13,10,0,0,42,18,12,6,49,55,5,0,9,1542,0,0,0,9,-3.428427073747258,51.34115674769489,46.42857142857143,54,15.867418899858956,40.0,76.92307692307692,55.55555555555556,1.1111111111111112,2,3,6,77.57198443579767,70,10,2,12,8,20,4,42,24,4,0,4,4,9,5,4,8,46,24,13,6,53,55,5,1,9,1542,0,0,0,10,3.428427073747258,53.042433947157726,52.17391304347826,58,15.264586160108548,33.333333333333336,55.55555555555556,41.666666666666664,1.1111111111111112,2,3,9,77.57198443579767
S41G01N231,2022-2023,20230310,home,35,10,1,16,8,24,1,31,15,11,3,0,0,13,10,0,0,42,18,12,6,49,55,5,0,9,1553,0,0,0,9,-3.428427073747258,51.34115674769489,46.42857142857143,54,15.867418899858956,40.0,76.92307692307692,55.55555555555556,1.1111111111111112,2,3,6,77.02253702511268,70,10,2,12,8,20,4,42,24,4,0,4,4,9,5,4,8,46,24,14,6,53,55,5,1,9,1553,0,0,0,10,3.428427073747258,53.042433947157726,52.17391304347826,58,15.264586160108548,33.333333333333336,55.55555555555556,41.666666666666664,1.1111111111111112,2,3,9,77.02253702511268
S41G01N231,2022-2023,20230310,home,35,10,1,16,8,24,1,31,15,11,3,0,0,13,10,0,0,42,18,12,6,49,55,5,0,9,1553,0,0,0,9,-3.428427073747258,51.34115674769489,46.42857142857143,54,15.867418899858956,40.0,76.92307692307692,55.55555555555556,1.1111111111111112,2,3,6,77.02253702511268,70,10,2,12,8,20,4,42,24,4,0,4,4,9,5,4,8,46,24,14,6,53,55,5,1,9,1553,0,0,0,10,3.428427073747258,53.042433947157726,52.17391304347826,58,15.264586160108548,33.333333333333336,55.55555555555556,41.666666666666664,1.1111111111111112,2,3,9,77.02253702511268
S41G01N231,2022-2023,20230310,home,35,11,1,16,8,24,1,31,15,11,3,0,0,13,10,0,0,42,18,12,6,49,55,5,0,9,1553,0,0,0,9,-3.428427073747258,51.34115674769489,46.42857142857143,55,15.867418899858956,40.0,76.92307692307692,61.111111111111114,1.2222222222222223,2,3,6,77.02253702511268,70,10,2,12,8,20,4,42,24,4,0,4,4,9,5,4,8,46,24,14,6,53,55,5,1,9,1553,0,0,0,10,3.428427073747258,53.042433947157726,52.17391304347826,58,15.264586160108548,33.333333333333336,55.55555555555556,41.666666666666664,1.1111111111111112,2,3,9,77.02253702511268
S41G01N231,2022-2023,20230310,home,35,11,1,16,8,24,1,31,15,11,3,0,0,14,11,0,0,42,18,12,6,50,56,5,0,9,1553,0,0,0,9,-2.294433452169116,51.910299003322265,46.42857142857143,56,15.745276417074878,40.0,78.57142857142857,61.111111111111114,1.2222222222222223,1,3,6,77.36252414681262,70,10,2,12,8,20,4,42,24,4,0,4,4,9,5,4,8,46,24,14,6,53,55,5,1,9,1553,0,0,0,10,2.294433452169116,53.042433947157726,52.17391304347826,58,15.264586160108548,33.333333333333336,55.55555555555556,41.666666666666664,1.1111111111111112,1,3,9,77.36252414681262
S41G01N231,2022-2023,20230310,home,35,11,1,16,8,24,1,31,15,11,3,0,0,15,12,0,0,42,18,12,6,51,57,5,0,9,1553,0,0,0,9,-1.1805590722641455,52.46913580246913,46.42857142857143,57,15.625,40.0,80.0,61.111111111111114,1.2222222222222223,2,3,6,77.70251126851255,70,10,2,12,8,20,4,42,24,4,0,4,4,9,5,4,8,46,24,14,6,53,55,5,1,9,1553,0,0,0,10,1.1805590722641455,53.042433947157726,52.17391304347826,58,15.264586160108548,33.333333333333336,55.55555555555556,41.666666666666664,1.1111111111111112,2,3,9,77.70251126851255
S41G01N231,2022-2023,20230310,home,35,11,1,16,8,24,1,31,15,11,3,0,0,15,12,0,0,42,18,12,6,51,57,5,0,9,1570,0,0,0,9,0.8210409992798304,52.46913580246913,46.42857142857143,57,15.625,40.0,80.0,61.111111111111114,1.2222222222222223,2,3,6,77.62547770700638,70,10,2,12,8,20,4,43,24,4,0,4,4,9,5,4,8,47,24,14,6,53,56,5,1,9,1570,0,0,0,10,-0.8210409992798304,52.00156985871271,51.06382978723404,57,15.010006671114075,33.333333333333336,55.55555555555556,41.666666666666664,1.1111111111111112,2,3,9,77.62547770700638
S41G01N231,2022-2023,20230310,home,35,11,2,16,8,24,1,31,15,11,3,0,0,15,12,0,0,42,18,12,6,51,57,5,0,9,1570,0,0,0,9,0.8210409992798304,52.46913580246913,46.42857142857143,58,15.625,40.0,80.0,61.111111111111114,1.2222222222222223,2,3,6,77.62547770700638,70,10,2,12,8,20,4,43,24,4,0,4,4,9,5,4,8,47,24,14,6,53,56,5,1,9,1570,0,0,0,10,-0.8210409992798304,52.00156985871271,51.06382978723404,57,15.010006671114075,33.333333333333336,55.55555555555556,41.666666666666664,1.1111111111111112,2,3,9,77.62547770700638
S41G01N231,2022-2023,20230310,home,35,11,2,17,8,25,1,31,15,11,3,0,0,15,12,0,0,42,18,12,6,51,57,5,0,9,1572,0,0,0,9,0.8210409992798304,52.46913580246913,46.42857142857143,59,15.625,40.0,80.0,61.111111111111114,1.2222222222222223,2,3,6,77.52671755725191,70,10,2,12,8,20,4,43,24,4,0,4,4,9,5,4,8,47,24,14,6,53,56,5,1,9,1572,0,0,0,10,-0.8210409992798304,52.00156985871271,51.06382978723404,57,15.010006671114075,32.0,55.55555555555556,41.666666666666664,1.1111111111111112,2,3,9,77.52671755725191
S41G01N231,2022-2023,20230310,home,35,11,2,17,8,25,1,31,15,12,3,0,0,15,12,0,0,43,18,12,6,51,58,5,0,9,1580,0,0,0,9,-1.2110258118893569,51.41129032258064,45.348837209302324,58,15.358361774744028,40.0,80.0,61.111111111111114,1.2222222222222223,2,3,6,77.89367088607595,70,10,2,12,8,20,4,43,24,4,0,4,4,9,5,4,8,47,24,14,6,53,56,5,1,9,1580,0,0,0,10,1.2110258118893569,52.00156985871271,51.06382978723404,57,15.010006671114075,32.0,55.55555555555556,41.666666666666664,1.1111111111111112,2,3,9,77.89367088607595
S41G01N231,2022-2023,20230310,home,35,11,2,17,8,25,1,31,15,12,3,0,0,15,12,0,0,43,18,12,6,51,58,5,0,9,1580,0,0,0,9,-1.2110258118893569,51.41129032258064,45.348837209302324,58,15.358361774744028,40.0,80.0,61.111111111111114,1.2222222222222223,2,3,6,77.89367088607595,70,10,2,12,8,20,5,43,24,4,0,4,4,9,5,4,8,47,24,14,6,53,56,5,1,9,1580,0,0,0,10,1.2110258118893569,52.00156985871271,51.06382978723404,58,15.010006671114075,32.0,55.55555555555556,41.666666666666664,1.1111111111111112,2,3,9,77.89367088607595
S41G01N231,2022-2023,20230310,home,35,11,2,17,8,25,1,31,15,12,3,0,0,15,12,0,0,43,18,12,6,51,58,5,0,9,1593,0,0,0,9,0.7149851330857473,51.41129032258064,45.348837209302324,58,15.358361774744028,40.0,80.0,61.111111111111114,1.2222222222222223,2,3,6,78.01129943502825,70,10,2,12,8,20,5,43,24,5,0,4,4,9,5,4,8,48,24,14,6,53,57,5,1,9,1593,0,0,0,10,-0.7149851330857473,51.000769822940725,50.0,57,14.763779527559056,32.0,55.55555555555556,41.666666666666664,1.1111111111111112,2,3,9,78.01129943502825
S41G01N231,2022-2023,20230310,home,35,11,2,18,8,26,1,31,15,12,3,0,0,15,12,0,0,43,18,12,6,51,58,5,0,9,1595,0,0,0,9,0.7149851330857473,51.41129032258064,45.348837209302324,59,15.358361774744028,40.0,80.0,61.111111111111114,1.2222222222222223,2,3,6,77.91347962382446,70,10,2,12,8,20,5,43,24,5,0,4,4,9,5,4,8,48,24,14,6,53,57,5,1,9,1595,0,0,0,10,-0.7149851330857473,51.000769822940725,50.0,57,14.763779527559056,30.76923076923077,55.55555555555556,41.666666666666664,1.1111111111111112,2,3,9,77.91347962382446
S41G01N231,2022-2023,20230310,home,35,11,2,18,8,26,1,31,15,12,3,0,0,15,12,0,0,43,18,12,6,51,58,5,0,10,1597,0,0,0,10,-1.2383193985807708,51.41129032258064,45.348837209302324,58,16.778523489932887,40.0,80.0,61.111111111111114,1.1,2,3,6,78.56731371321227,70,10,2,12,8,20,5,43,24,5,0,4,4,9,5,4,8,48,24,14,6,53,57,5,1,9,1597,0,0,0,10,1.2383193985807708,51.000769822940725,50.0,57,14.763779527559056,30.76923076923077,55.55555555555556,41.666666666666664,1.1111111111111112,2,3,9,78.56731371321227
S41G01N231,2022-2023,20230310,home,35,11,2,18,8,26,1,31,15,12,3,0,0,15,12,0,0,43,18,12,6,51,58,5,0,10,1598,0,0,0,10,-1.2383193985807708,51.41129032258064,45.348837209302324,58,16.778523489932887,40.0,80.0,61.111111111111114,1.1,2,3,6,78.51814768460575,70,10,2,12,8,20,5,43,24,5,0,4,4,9,5,4,8,48,24,14,6,53,57,6,1,9,1598,0,0,0,10,1.2383193985807708,51.000769822940725,50.0,58,14.763779527559056,30.76923076923077,55.55555555555556,41.666666666666664,1.1111111111111112,2,3,9,78.51814768460575
S41G01N231,2022-2023,20230310,home,35,11,2,18,8,26,1,31,15,12,3,0,0,15,12,0,0,43,18,13,6,51,58,5,0,10,1599,0,0,0,10,-1.2383193985807708,51.41129032258064,45.348837209302324,58,16.778523489932887,40.0,80.0,61.111111111111114,1.1,2,3,6,78.46904315196998,70,10,2,12,8,20,5,43,24,5,0,4,4,9,5,4,8,48,24,14,6,53,57,6,1,9,1599,0,0,0,10,1.2383193985807708,51.000769822940725,50.0,58,14.763779527559056,30.76923076923077,55.55555555555556,41.666666666666664,1.1111111111111112,2,3,9,78.46904315196998
S41G01N231,2022-2023,20230310,home,35,11,2,18,8,26,1,31,15,12,3,0,0,15,12,0,0,43,18,13,6,51,58,5,0,10,1599,0,0,0,10,-1.2383193985807708,51.41129032258064,45.348837209302324,58,16.778523489932887,40.0,80.0,61.111111111111114,1.1,2,3,6,78.46904315196998,70,10,2,12,8,20,5,43,24,5,0,4,4,9,5,4,8,48,24,14,6,53,57,6,1,9,1599,0,0,0,10,1.2383193985807708,51.000769822940725,50.0,58,14.763779527559056,30.76923076923077,55.55555555555556,41.666666666666664,1.1111111111111112,2,3,9,78.46904315196998
S41G01N231,2022-2023,20230310,home,35,11,2,18,8,26,1,31,15,12,3,0,0,15,12,0,0,43,18,13,6,51,58,5,0,10,1599,0,0,0,10,-1.2383193985807708,51.41129032258064,45.348837209302324,58,16.778523489932887,40.0,80.0,61.111111111111114,1.1,2,3,6,78.46904315196998,70,11,2,12,8,20,5,43,24,5,0,4,4,9,5,4,8,48,24,14,6,53,57,6,1,9,1599,0,0,0,10,1.2383193985807708,51.000769822940725,50.0,59,14.763779527559056,30.76923076923077,55.55555555555556,45.833333333333336,1.2222222222222223,2,3,9,78.46904315196998
S41G01N231,2022-2023,20230310,home,35,11,2,18,8,26,1,31,15,12,3,0,0,15,12,0,0,43,18,13,6,51,58,5,0,10,1599,0,0,0,10,-1.2383193985807708,51.41129032258064,45.348837209302324,58,16.778523489932887,40.0,80.0,61.111111111111114,1.1,2,3,6,78.46904315196998,70,11,2,12,8,20,5,43,24,5,0,4,4,9,5,4,8,48,24,14,6,53,57,6,1,9,1599,0,0,0,10,1.2383193985807708,51.000769822940725,50.0,59,14.763779527559056,30.76923076923077,55.55555555555556,45.833333333333336,1.2222222222222223,2,3,9,78.46904315196998
S41G01N231,2022-2023,20230310,home,35,11,2,18,8,26,1,31,15,12,3,0,0,15,12,0,0,43,18,13,6,51,58,5,0,10,1599,0,0,0,10,-1.2383193985807708,51.41129032258064,45.348837209302324,58,16.778523489932887,40.0,80.0,61.111111111111114,1.1,2,3,6,78.46904315196998,70,11,2,12,8,20,5,43,24,5,0,4,4,9,5,4,8,48,24,14,6,53,57,6,1,9,1599,0,0,0,10,1.2383193985807708,51.000769822940725,50.0,59,14.763779527559056,30.76923076923077,55.55555555555556,45.833333333333336,1.2222222222222223,2,3,9,78.46904315196998
S41G01N231,2022-2023,20230310,home,35,11,2,18,8,26,1,31,15,12,3,0,0,15,12,0,0,43,18,13,6,51,58,5,0,10,1599,0,0,0,10,-1.2383193985807708,51.41129032258064,45.348837209302324,58,16.778523489932887,40.0,80.0,61.111111111111114,1.1,2,3,6,78.46904315196998,70,11,2,12,8,20,5,43,24,5,0,4,4,9,5,4,8,48,24,14,6,53,57,6,1,9,1599,0,0,0,10,1.2383193985807708,51.000769822940725,50.0,59,14.763779527559056,30.76923076923077,55.55555555555556,45.833333333333336,1.2222222222222223,2,3,9,78.46904315196998
S41G01N231,2022-2023,20230310,home,35,11,2,18,8,26,1,31,15,12,3,0,0,15,12,0,0,43,18,13,6,51,58,5,0,10,1599,0,0,0,10,-1.2383193985807708,51.41129032258064,45.348837209302324,58,16.778523489932887,40.0,80.0,61.111111111111114,1.1,2,3,6,78.46904315196998,70,11,2,12,8,20,5,43,24,5,0,4,4,9,5,4,8,48,24,14,6,53,57,6,1,9,1599,0,0,0,10,1.2383193985807708,51.000769822940725,50.0,59,14.763779527559056,30.76923076923077,55.55555555555556,45.833333333333336,1.2222222222222223,2,3,9,78.46904315196998
S41G01N231,2022-2023,20230310,home,35,11,2,18,8,26,1,31,15,12,3,0,0,15,12,0,0,43,18,13,6,51,58,5,0,10,1599,0,0,0,10,-1.2383193985807708,51.41129032258064,45.348837209302324,58,16.778523489932887,40.0,80.0,61.111111111111114,1.1,2,3,6,78.46904315196998,70,11,2,12,8,20,5,43,24,5,0,4,4,9,5,4,8,48,24,14,6,53,57,6,1,9,1599,0,0,0,10,1.2383193985807708,51.000769822940725,50.0,59,14.763779527559056,30.76923076923077,55.55555555555556,45.833333333333336,1.2222222222222223,2,3,9,78.46904315196998
S41G01N231,2022-2023,20230310,home,35,11,2,18,8,26,1,31,15,12,3,0,0,15,12,0,0,43,18,13,6,51,58,5,0,10,1599,0,0,0,10,-1.2383193985807708,51.41129032258064,45.348837209302324,58,16.778523489932887,40.0,80.0,61.111111111111114,1.1,2,3,6,78.46904315196998,70,11,2,12,8,20,5,43,24,5,0,4,4,9,5,4,8,48,24,14,6,53,57,6,1,9,1599,0,0,0,10,1.2383193985807708,51.000769822940725,50.0,59,14.763779527559056,30.76923076923077,55.55555555555556,45.833333333333336,1.2222222222222223,2,3,9,78.46904315196998
S41G01N231,2022-2023,20230310,home,35,11,2,18,8,26,1,31,15,12,3,0,0,15,12,0,0,43,18,13,6,51,58,5,0,10,1599,0,0,0,10,-2.286386203292409,51.41129032258064,45.348837209302324,58,16.778523489932887,40.0,80.0,61.111111111111114,1.1,1,3,6,78.79924953095684,70,11,2,12,8,20,5,43,24,5,0,4,4,10,6,4,8,48,24,14,6,54,58,6,1,9,1599,0,0,0,10,2.286386203292409,51.52671755725191,50.0,60,14.65798045602606,30.76923076923077,60.0,45.833333333333336,1.2222222222222223,1,3,9,78.79924953095684
S41G01N231,2022-2023,20230310,home,35,11,2,18,8,26,1,31,15,12,3,0,0,15,12,0,0,43,18,13,6,51,58,5,0,10,1599,0,0,0,10,-3.317322644182596,51.41129032258064,45.348837209302324,58,16.778523489932887,40.0,80.0,61.111111111111114,1.1,2,3,6,79.12945590994372,70,11,2,12,8,20,5,43,24,5,0,4,4,11,7,4,8,48,24,14,6,55,59,6,1,9,1599,0,0,0,10,3.317322644182596,52.043906131718394,50.0,61,14.553686934023284,30.76923076923077,63.63636363636363,45.833333333333336,1.2222222222222223,2,3,9,79.12945590994372
S41G01N231,2022-2023,20230310,home,35,11,2,18,8,26,1,32,16,12,3,0,0,15,12,0,0,44,19,13,6,53,59,5,0,10,1612,0,0,0,10,-1.3940756727439094,52.37154150197628,46.59090909090909,60,16.5016501650165,40.0,80.0,57.89473684210526,1.1,2,3,6,79.23573200992556,70,11,2,12,8,20,5,43,24,5,0,4,4,11,7,4,8,48,24,14,6,55,59,6,1,9,1612,0,0,0,10,1.3940756727439094,52.043906131718394,50.0,61,14.553686934023284,30.76923076923077,63.63636363636363,45.833333333333336,1.2222222222222223,2,3,9,79.23573200992556
S41G01N231,2022-2023,20230310,home,35,11,2,18,8,26,1,32,16,12,3,0,0,15,12,0,0,44,19,14,7,53,59,5,0,10,1622,0,0,0,10,-1.3940756727439094,52.37154150197628,46.59090909090909,60,16.5016501650165,40.0,80.0,57.89473684210526,1.1,2,3,6,78.74722564734896,70,11,2,12,8,20,5,43,24,5,0,4,4,11,7,4,8,48,24,14,6,55,59,6,1,9,1622,0,0,0,10,1.3940756727439094,52.043906131718394,50.0,61,14.553686934023284,30.76923076923077,63.63636363636363,45.833333333333336,1.2222222222222223,2,3,9,78.74722564734896
S41G01N231,2022-2023,20230310,home,35,11,2,18,8,26,1,32,16,12,3,0,0,15,12,0,0,44,19,14,7,53,59,5,0,10,1622,0,0,0,10,-1.3940756727439094,52.37154150197628,46.59090909090909,60,16.5016501650165,40.0,80.0,57.89473684210526,1.1,2,3,6,78.74722564734896,70,11,2,12,8,20,5,43,24,5,0,4,4,11,7,4,8,48,24,14,6,55,59,6,1,9,1622,0,0,0,10,1.3940756727439094,52.043906131718394,50.0,61,14.553686934023284,30.76923076923077,63.63636363636363,45.833333333333336,1.2222222222222223,2,3,9,78.74722564734896
S41G01N231,2022-2023,20230310,home,35,11,2,18,8,26,1,32,16,12,3,0,0,15,12,0,0,44,19,14,7,53,59,5,0,10,1628,0,0,0,10,0.4686984327722854,52.37154150197628,46.59090909090909,60,16.5016501650165,40.0,80.0,57.89473684210526,1.1,2,3,6,79.19410319410319,70,11,2,12,8,20,5,44,24,5,0,4,4,11,7,4,8,49,24,14,6,55,60,6,1,9,1628,0,0,0,10,-0.4686984327722854,51.077265973254086,48.97959183673469,60,14.322087842138764,30.76923076923077,63.63636363636363,45.833333333333336,1.2222222222222223,2,3,9,79.19410319410319
S41G01N231,2022-2023,20230310,home,35,11,2,18,8,26,1,32,16,12,3,0,0,15,12,0,0,44,19,14,7,53,59,5,0,10,1629,0,0,0,10,-1.3940756727439094,52.37154150197628,46.59090909090909,60,16.5016501650165,40.0,80.0,57.89473684210526,1.1,2,3,6,78.40883977900552,70,11,2,12,9,21,5,44,24,5,0,4,4,11,7,4,8,49,24,14,6,55,60,6,1,9,1629,0,0,0,10,1.3940756727439094,51.077265973254086,48.97959183673469,61,14.322087842138764,33.333333333333336,63.63636363636363,45.833333333333336,1.2222222222222223,2,3,9,78.40883977900552
S41G01N231,2022-2023,20230310,home,35,11,2,18,8,26,1,32,16,12,3,0,0,15,12,0,0,44,19,14,7,53,59,5,0,10,1630,0,0,0,10,0.4686984327722854,52.37154150197628,46.59090909090909,60,16.5016501650165,40.0,80.0,57.89473684210526,1.1,2,3,6,79.09693251533741,70,11,2,12,9,21,5,45,24,5,0,4,4,11,7,4,8,50,24,14,6,55,61,6,1,9,1630,0,0,0,10,-0.4686984327722854,50.14587892049599,48.0,60,14.097744360902254,33.333333333333336,63.63636363636363,45.833333333333336,1.2222222222222223,2,3,9,79.09693251533741
S41G01N231,2022-2023,20230310,home,35,11,2,18,8,26,1,32,16,12,3,0,0,15,12,0,0,44,19,14,7,53,59,5,0,10,1631,0,0,0,10,-1.3940756727439094,52.37154150197628,46.59090909090909,60,16.5016501650165,40.0,80.0,57.89473684210526,1.1,2,3,6,78.31269160024524,70,11,2,12,10,22,5,45,24,5,0,4,4,11,7,4,8,50,24,14,6,55,61,6,1,9,1631,0,0,0,10,1.3940756727439094,50.14587892049599,48.0,61,14.097744360902254,35.714285714285715,63.63636363636363,45.833333333333336,1.2222222222222223,2,3,9,78.31269160024524
S41G01N231,2022-2023,20230310,home,35,11,2,18,8,26,1,32,16,12,3,0,0,15,12,0,0,44,19,14,7,53,59,5,0,10,1634,0,0,0,10,0.4686984327722854,52.37154150197628,46.59090909090909,60,16.5016501650165,40.0,80.0,57.89473684210526,1.1,2,3,6,78.9033047735618,70,11,2,12,10,22,5,45,24,6,0,4,4,11,7,4,8,51,24,14,6,55,62,6,1,9,1634,0,0,0,10,-0.4686984327722854,49.247851002865325,47.05882352941177,60,13.880320789636027,35.714285714285715,63.63636363636363,45.833333333333336,1.2222222222222223,2,3,9,78.9033047735618
S41G01N231,2022-2023,20230310,home,35,11,2,18,8,26,1,32,16,12,3,0,0,15,12,0,0,44,19,14,7,53,59,5,0,10,1636,0,0,0,10,-1.3940756727439094,52.37154150197628,46.59090909090909,60,16.5016501650165,40.0,80.0,57.89473684210526,1.1,2,3,6,78.07334963325184,70,11,2,12,11,23,5,45,24,6,0,4,4,11,7,4,8,51,24,14,6,55,62,6,1,9,1636,0,0,0,10,1.3940756727439094,49.247851002865325,47.05882352941177,61,13.880320789636027,37.93103448275862,63.63636363636363,45.833333333333336,1.2222222222222223,2,3,9,78.07334963325184
S41G01N231,2022-2023,20230310,home,35,11,2,18,8,26,1,32,16,12,3,0,0,15,12,0,0,44,19,14,7,53,59,5,0,10,1638,0,0,0,10,0.4686984327722854,52.37154150197628,46.59090909090909,60,16.5016501650165,40.0,80.0,57.89473684210526,1.1,2,3,6,78.7106227106227,70,11,2,12,11,23,5,46,24,6,0,4,4,11,7,4,8,52,24,14,6,55,63,6,1,9,1638,0,0,0,10,-0.4686984327722854,48.381421534130894,46.15384615384615,60,13.669501822600242,37.93103448275862,63.63636363636363,45.833333333333336,1.2222222222222223,2,3,9,78.7106227106227
S41G01N231,2022-2023,20230310,home,35,11,2,19,8,27,1,32,16,12,3,0,0,15,12,0,0,44,19,14,7,53,59,5,0,10,1639,0,0,0,10,0.4686984327722854,52.37154150197628,46.59090909090909,61,16.5016501650165,40.0,80.0,57.89473684210526,1.1,2,3,6,78.66259914582062,70,11,2,12,11,23,5,46,24,6,0,4,4,11,7,4,8,52,24,14,6,55,63,6,1,9,1639,0,0,0,10,-0.4686984327722854,48.381421534130894,46.15384615384615,60,13.669501822600242,36.666666666666664,63.63636363636363,45.833333333333336,1.2222222222222223,2,3,9,78.66259914582062
S41G01N231,2022-2023,20230310,home,35,11,2,19,8,27,1,33,16,12,3,0,0,15,12,0,0,45,19,14,7,53,60,5,0,10,1661,0,0,0,10,-1.411160826066606,51.35658914728682,45.55555555555556,60,16.233766233766232,40.0,80.0,57.89473684210526,1.1,2,3,6,78.34316676700783,70,11,2,12,11,23,5,46,24,6,0,4,4,11,7,4,8,52,24,14,6,55,63,6,1,9,1661,0,0,0,10,1.411160826066606,48.381421534130894,46.15384615384615,60,13.669501822600242,36.666666666666664,63.63636363636363,45.833333333333336,1.2222222222222223,2,3,9,78.34316676700783
S41G01N231,2022-2023,20230310,home,35,11,2,19,8,27,1,33,16,12,3,0,0,15,12,0,0,45,19,14,7,53,60,5,0,10,1662,0,0,0,10,-1.411160826066606,51.35658914728682,45.55555555555556,60,16.233766233766232,40.0,80.0,57.89473684210526,1.1,2,3,6,78.29602888086643,70,11,3,12,11,23,5,46,24,6,0,4,4,11,7,4,8,52,24,14,6,55,63,6,1,9,1662,0,0,0,10,1.411160826066606,48.381421534130894,46.15384615384615,61,13.669501822600242,36.666666666666664,63.63636363636363,45.833333333333336,1.2222222222222223,2,3,9,78.29602888086643
S41G01N231,2022-2023,20230310,home,35,11,2,19,8,27,1,33,16,12,3,0,0,15,12,0,0,45,19,14,7,53,60,5,0,10,1664,0,0,0,10,-1.411160826066606,51.35658914728682,45.55555555555556,60,16.233766233766232,38.095238095238095,80.0,57.89473684210526,1.1,2,3,6,78.20192307692308,70,11,3,13,11,24,5,46,24,6,0,4,4,11,7,4,8,52,24,14,6,55,63,6,1,9,1664,0,0,0,10,1.411160826066606,48.381421534130894,46.15384615384615,62,13.669501822600242,36.666666666666664,63.63636363636363,45.833333333333336,1.2222222222222223,2,3,9,78.20192307692308
S41G01N231,2022-2023,20230310,home,35,11,2,19,8,27,1,33,16,12,3,0,0,15,12,0,0,45,19,14,7,53,60,5,0,10,1665,0,0,0,10,0.38489500919472164,51.35658914728682,45.55555555555556,60,16.233766233766232,38.095238095238095,80.0,57.89473684210526,1.1,2,3,6,78.87567567567567,70,11,3,13,11,24,5,46,24,6,0,4,4,11,7,4,8,52,24,14,6,55,63,6,1,10,1665,0,0,0,11,-0.38489500919472164,48.381421534130894,46.15384615384615,61,14.961101137043686,36.666666666666664,63.63636363636363,45.833333333333336,1.1,2,3,9,78.87567567567567
S41G01N231,2022-2023,20230310,home,35,11,2,19,8,27,1,33,16,12,3,0,0,15,12,0,0,45,19,14,7,53,60,5,0,10,1665,0,0,0,10,0.38489500919472164,51.35658914728682,45.55555555555556,60,16.233766233766232,38.095238095238095,80.0,57.89473684210526,1.1,2,3,6,78.87567567567567,70,11,3,13,11,24,5,46,24,6,0,4,4,11,7,4,8,52,24,14,6,55,63,6,1,10,1665,0,0,0,11,-0.38489500919472164,48.381421534130894,46.15384615384615,61,14.961101137043686,36.666666666666664,63.63636363636363,45.833333333333336,1.1,2,3,9,78.87567567567567
S41G01N231,2022-2023,20230310,home,35,11,2,19,8,27,1,33,16,12,3,0,0,15,12,0,0,45,19,14,7,53,60,5,0,10,1665,0,0,0,10,0.38489500919472164,51.35658914728682,45.55555555555556,60,16.233766233766232,38.095238095238095,80.0,57.89473684210526,1.1,2,3,6,78.87567567567567,70,11,3,13,11,24,5,46,24,6,0,4,4,11,7,4,8,52,24,14,6,55,63,6,1,10,1665,0,0,0,11,-0.38489500919472164,48.381421534130894,46.15384615384615,61,14.961101137043686,36.666666666666664,63.63636363636363,45.833333333333336,1.1,2,3,9,78.87567567567567
S41G01N231,2022-2023,20230310,home,35,11,2,19,8,27,1,33,16,12,3,0,0,15,12,0,0,45,19,14,7,53,60,5,0,10,1665,0,0,0,10,0.38489500919472164,51.35658914728682,45.55555555555556,60,16.233766233766232,38.095238095238095,80.0,57.89473684210526,1.1,2,3,6,78.87567567567567,70,11,3,13,11,24,5,46,24,6,0,4,4,11,7,4,8,52,24,14,6,55,63,6,1,10,1665,0,0,0,11,-0.38489500919472164,48.381421534130894,46.15384615384615,61,14.961101137043686,36.666666666666664,63.63636363636363,45.833333333333336,1.1,2,3,9,78.87567567567567
S41G01N231,2022-2023,20230310,home,35,11,2,19,8,27,1,33,16,12,3,0,0,15,12,0,0,45,19,14,7,53,60,5,0,10,1665,0,0,0,10,0.38489500919472164,51.35658914728682,45.55555555555556,60,16.233766233766232,38.095238095238095,80.0,57.89473684210526,1.1,2,3,6,78.87567567567567,70,11,3,13,11,24,5,46,24,6,0,4,4,11,7,4,8,52,24,14,6,55,63,6,1,10,1665,0,0,0,11,-0.38489500919472164,48.381421534130894,46.15384615384615,61,14.961101137043686,36.666666666666664,63.63636363636363,45.833333333333336,1.1,2,3,9,78.87567567567567
S41G01N231,2022-2023,20230310,home,35,11,2,19,8,27,1,33,16,12,3,0,0,15,12,0,0,45,19,14,7,53,60,5,0,10,1665,0,0,0,10,0.38489500919472164,51.35658914728682,45.55555555555556,60,16.233766233766232,38.095238095238095,80.0,57.89473684210526,1.1,2,3,6,78.87567567567567,70,11,3,13,11,24,5,46,24,6,0,4,4,11,7,4,8,52,24,14,6,55,63,6,1,10,1665,0,0,0,11,-0.38489500919472164,48.381421534130894,46.15384615384615,61,14.961101137043686,36.666666666666664,63.63636363636363,45.833333333333336,1.1,2,3,9,78.87567567567567
S41G01N231,2022-2023,20230310,home,35,11,2,19,8,27,1,33,16,12,3,0,0,15,12,0,0,45,19,14,7,53,60,5,0,10,1665,0,0,0,10,0.38489500919472164,51.35658914728682,45.55555555555556,60,16.233766233766232,38.095238095238095,80.0,57.89473684210526,1.1,2,3,6,78.87567567567567,70,11,3,13,11,24,5,46,24,6,0,4,4,11,7,4,8,52,24,14,6,55,63,6,1,10,1665,0,0,0,11,-0.38489500919472164,48.381421534130894,46.15384615384615,61,14.961101137043686,36.666666666666664,63.63636363636363,45.833333333333336,1.1,2,3,9,78.87567567567567
S41G01N231,2022-2023,20230310,home,35,11,2,19,8,27,1,33,16,12,3,0,0,15,12,0,0,45,19,14,7,53,60,5,0,10,1665,0,0,0,10,0.38489500919472164,51.35658914728682,45.55555555555556,60,16.233766233766232,38.095238095238095,80.0,57.89473684210526,1.1,2,3,6,78.87567567567567,70,11,3,13,11,24,5,46,24,6,0,4,4,11,7,4,8,52,24,14,6,55,63,6,1,10,1665,0,0,0,11,-0.38489500919472164,48.381421534130894,46.15384615384615,61,14.961101137043686,36.666666666666664,63.63636363636363,45.833333333333336,1.1,2,3,9,78.87567567567567
S41G01N231,2022-2023,20230310,home,35,11,2,19,8,27,1,33,16,12,3,0,0,15,12,0,0,45,19,14,7,53,60,5,0,10,1665,0,0,0,10,0.38489500919472164,51.35658914728682,45.55555555555556,60,16.233766233766232,38.095238095238095,80.0,57.89473684210526,1.1,2,3,6,78.87567567567567,70,11,3,13,11,24,5,46,24,6,0,4,4,11,7,4,8,52,24,14,6,55,63,6,1,10,1665,0,0,0,11,-0.38489500919472164,48.381421534130894,46.15384615384615,61,14.961101137043686,36.666666666666664,63.63636363636363,45.833333333333336,1.1,2,3,9,78.87567567567567
S41G01N231,2022-2023,20230310,home,35,11,2,19,8,27,1,33,16,12,3,0,0,15,12,0,0,45,19,14,7,53,60,5,0,10,1665,0,0,0,10,0.38489500919472164,51.35658914728682,45.55555555555556,60,16.233766233766232,38.095238095238095,80.0,57.89473684210526,1.1,2,3,6,78.87567567567567,70,11,3,13,11,24,5,46,24,6,0,4,4,11,7,4,8,52,24,14,6,55,63,6,1,10,1665,0,0,0,11,-0.38489500919472164,48.381421534130894,46.15384615384615,61,14.961101137043686,36.666666666666664,63.63636363636363,45.833333333333336,1.1,2,3,9,78.87567567567567
S41G01N231,2022-2023,20230310,home,35,11,2,19,8,27,1,34,17,12,3,0,0,15,12,0,0,46,20,14,7,55,61,5,0,10,1678,0,0,0,10,2.2368987268700806,52.28136882129277,46.73913043478261,62,15.974440894568689,38.095238095238095,80.0,55.0,1.1,4,3,6,78.9797377830751,70,11,3,13,11,24,5,46,24,6,0,4,4,11,7,4,8,52,24,14,6,55,63,6,1,10,1678,0,0,0,11,-2.2368987268700806,48.381421534130894,46.15384615384615,61,14.961101137043686,36.666666666666664,63.63636363636363,45.833333333333336,1.1,4,3,9,78.9797377830751
S41G01N231,2022-2023,20230310,home,35,12,2,19,8,27,1,34,17,12,3,0,0,15,12,0,0,46,20,14,7,55,61,5,0,10,1678,0,0,0,10,2.2368987268700806,52.28136882129277,46.73913043478261,63,15.974440894568689,38.095238095238095,80.0,60.0,1.2,4,3,6,78.9797377830751,70,11,3,13,11,24,5,46,24,6,0,4,4,11,7,4,8,52,24,14,6,55,63,6,1,10,1678,0,0,0,11,-2.2368987268700806,48.381421534130894,46.15384615384615,61,14.961101137043686,36.666666666666664,63.63636363636363,45.833333333333336,1.1,4,3,9,78.9797377830751
S41G01N231,2022-2023,20230310,home,35,12,2,19,8,27,1,34,17,12,3,0,0,15,12,0,0,46,20,14,7,55,61,5,0,10,1698,0,0,0,10,0.4511088254930655,52.28136882129277,46.73913043478261,63,15.974440894568689,38.095238095238095,80.0,60.0,1.2,2,3,6,78.75618374558304,70,11,3,13,11,24,5,47,25,6,0,4,4,11,7,4,8,53,25,14,6,57,64,6,1,10,1698,0,0,0,11,-0.4511088254930655,49.273858921161825,47.16981132075472,63,14.740566037735848,36.666666666666664,63.63636363636363,44.0,1.1,2,3,9,78.75618374558304
S41G01N231,2022-2023,20230310,home,35,12,2,19,8,27,1,34,17,12,3,0,0,15,12,0,0,46,20,14,7,55,61,5,0,11,1721,0,0,0,11,-1.3606285977551522,52.28136882129277,46.73913043478261,62,17.29559748427673,38.095238095238095,80.0,60.0,1.0909090909090908,2,3,6,78.40092969203951,70,11,3,13,11,24,5,47,25,6,0,4,4,11,7,4,8,53,25,14,6,57,64,6,1,10,1721,0,0,0,11,1.3606285977551522,49.273858921161825,47.16981132075472,63,14.740566037735848,36.666666666666664,63.63636363636363,44.0,1.1,2,3,9,78.40092969203951
S41G01N231,2022-2023,20230310,home,35,12,2,19,8,27,1,34,17,12,3,0,0,15,12,0,0,46,20,14,7,55,61,5,0,11,1722,0,0,0,11,-1.3606285977551522,52.28136882129277,46.73913043478261,62,17.29559748427673,38.095238095238095,80.0,60.0,1.0909090909090908,2,3,6,78.35540069686411,70,11,3,13,11,24,5,47,25,6,0,4,4,11,7,4,8,53,25,14,6,57,64,7,1,10,1722,0,0,0,11,1.3606285977551522,49.273858921161825,47.16981132075472,64,14.740566037735848,36.666666666666664,63.63636363636363,44.0,1.1,2,3,9,78.35540069686411
S41G01N231,2022-2023,20230310,home,35,12,2,19,8,27,1,34,17,12,3,0,0,15,12,0,0,46,20,14,7,55,61,5,0,11,1734,0,0,0,11,-3.0846691941053024,52.28136882129277,46.73913043478261,62,17.29559748427673,38.095238095238095,80.0,60.0,1.0909090909090908,4,3,6,78.50519031141867,70,11,3,13,11,24,5,48,26,6,0,4,4,11,7,4,8,54,26,14,6,59,65,7,1,10,1734,0,0,0,11,3.0846691941053024,50.13596193065941,48.148148148148145,66,14.526438117373619,36.666666666666664,63.63636363636363,42.30769230769231,1.1,4,3,9,78.50519031141867
S41G01N231,2022-2023,20230310,home,35,12,2,19,8,27,1,35,18,12,3,0,0,15,12,0,0,47,21,14,7,57,62,5,0,11,1745,0,0,0,11,-1.2988187225390817,53.17164179104478,47.87234042553192,64,17.027863777089784,38.095238095238095,80.0,57.142857142857146,1.0909090909090908,2,3,6,78.69799426934097,70,11,3,13,11,24,5,48,26,6,0,4,4,11,7,4,8,54,26,14,6,59,65,7,1,10,1745,0,0,0,11,1.2988187225390817,50.13596193065941,48.148148148148145,66,14.526438117373619,36.666666666666664,63.63636363636363,42.30769230769231,1.1,2,3,9,78.69799426934097
S41G01N231,2022-2023,20230310,home,35,13,2,19,8,27,1,35,18,12,3,0,0,15,12,0,0,47,21,14,7,57,62,5,0,11,1745,0,0,0,11,-1.2988187225390817,53.17164179104478,47.87234042553192,65,17.027863777089784,38.095238095238095,80.0,61.904761904761905,1.1818181818181819,2,3,6,78.69799426934097,70,11,3,13,11,24,5,48,26,6,0,4,4,11,7,4,8,54,26,14,6,59,65,7,1,10,1745,0,0,0,11,1.2988187225390817,50.13596193065941,48.148148148148145,66,14.526438117373619,36.666666666666664,63.63636363636363,42.30769230769231,1.1,2,3,9,78.69799426934097
S41G01N231,2022-2023,20230310,home,35,13,2,19,8,27,1,35,18,12,3,0,0,15,12,0,0,47,21,14,7,57,62,5,0,11,1758,0,0,0,11,0.43478991959990765,53.17164179104478,47.87234042553192,65,17.027863777089784,38.095238095238095,80.0,61.904761904761905,1.1818181818181819,2,3,6,78.79863481228669,70,11,3,13,11,24,5,49,26,6,0,4,4,11,7,4,8,55,26,14,6,59,66,7,1,10,1758,0,0,0,11,-0.43478991959990765,49.29812834224599,47.27272727272727,65,14.318442153493699,36.666666666666664,63.63636363636363,42.30769230769231,1.1,2,3,9,78.79863481228669
S41G01N231,2022-2023,20230310,home,35,13,2,20,8,28,1,35,18,12,3,0,0,15,12,0,0,47,21,14,7,57,62,5,0,11,1760,0,0,0,11,0.43478991959990765,53.17164179104478,47.87234042553192,66,17.027863777089784,38.095238095238095,80.0,61.904761904761905,1.1818181818181819,2,3,6,78.7090909090909,70,11,3,13,11,24,5,49,26,6,0,4,4,11,7,4,8,55,26,14,6,59,66,7,1,10,1760,0,0,0,11,-0.43478991959990765,49.29812834224599,47.27272727272727,65,14.318442153493699,35.483870967741936,63.63636363636363,42.30769230769231,1.1,2,3,9,78.7090909090909
S41G01N231,2022-2023,20230310,home,35,13,2,20,8,28,1,35,18,13,4,0,0,15,12,0,0,48,22,14,7,60,63,5,0,11,1766,0,0,0,11,3.894742805347846,54.94505494505494,50.0,69,16.76829268292683,38.095238095238095,80.0,59.09090909090909,1.1818181818181819,5,4,6,79.12117780294452,70,11,3,13,11,24,5,49,26,6,0,4,4,11,7,4,8,55,26,14,6,59,66,7,1,10,1766,0,0,0,11,-3.894742805347846,49.29812834224599,47.27272727272727,65,14.318442153493699,35.483870967741936,63.63636363636363,42.30769230769231,1.1,5,4,9,79.12117780294452
S41G01N231,2022-2023,20230310,home,35,14,2,20,8,28,1,35,18,13,4,0,0,15,12,0,0,48,22,14,7,60,63,5,0,11,1766,0,0,0,11,3.894742805347846,54.94505494505494,50.0,70,16.76829268292683,38.095238095238095,80.0,63.63636363636363,1.2727272727272727,5,4,6,79.12117780294452,70,11,3,13,11,24,5,49,26,6,0,4,4,11,7,4,8,55,26,14,6,59,66,7,1,10,1766,0,0,0,11,-3.894742805347846,49.29812834224599,47.27272727272727,65,14.318442153493699,35.483870967741936,63.63636363636363,42.30769230769231,1.1,5,4,9,79.12117780294452
S41G01N231,2022-2023,20230310,home,35,14,2,20,8,28,1,35,18,13,4,0,0,15,12,0,0,48,22,15,7,60,63,5,0,11,1774,0,0,0,11,3.894742805347846,54.94505494505494,50.0,70,16.76829268292683,38.095238095238095,80.0,63.63636363636363,1.2727272727272727,5,4,6,78.76437429537768,70,11,3,13,11,24,5,49,26,6,0,4,4,11,7,4,8,55,26,14,6,59,66,7,1,10,1774,0,0,0,11,-3.894742805347846,49.29812834224599,47.27272727272727,65,14.318442153493699,35.483870967741936,63.63636363636363,42.30769230769231,1.1,5,4,9,78.76437429537768
S41G01N231,2022-2023,20230310,home,35,14,2,20,8,28,1,35,18,13,4,0,0,15,12,0,0,48,22,15,7,60,63,5,0,11,1774,0,0,0,11,3.894742805347846,54.94505494505494,50.0,70,16.76829268292683,38.095238095238095,80.0,63.63636363636363,1.2727272727272727,5,4,6,78.76437429537768,70,11,3,13,11,24,5,49,26,6,0,4,4,11,7,4,8,55,26,14,6,59,66,7,1,10,1774,0,0,0,11,-3.894742805347846,49.29812834224599,47.27272727272727,65,14.318442153493699,35.483870967741936,63.63636363636363,42.30769230769231,1.1,5,4,9,78.76437429537768
S41G01N231,2022-2023,20230310,home,35,14,2,20,8,28,1,35,18,13,4,0,0,15,12,0,0,48,22,15,7,60,63,5,0,11,1774,0,0,0,11,3.894742805347846,54.94505494505494,50.0,70,16.76829268292683,38.095238095238095,80.0,63.63636363636363,1.2727272727272727,5,4,6,78.76437429537768,70,11,3,13,11,24,5,49,26,6,0,4,4,11,7,4,8,55,26,14,6,59,66,7,1,10,1774,0,0,0,11,-3.894742805347846,49.29812834224599,47.27272727272727,65,14.318442153493699,35.483870967741936,63.63636363636363,42.30769230769231,1.1,5,4,9,78.76437429537768
S41G01N231,2022-2023,20230310,home,35,14,2,20,8,28,1,35,18,13,4,0,0,15,12,0,0,48,22,15,7,60,63,5,0,11,1774,0,0,0,11,3.894742805347846,54.94505494505494,50.0,70,16.76829268292683,38.095238095238095,80.0,63.63636363636363,1.2727272727272727,5,4,6,78.76437429537768,70,11,3,13,11,24,5,49,26,6,0,4,4,11,7,4,8,55,26,14,6,59,66,7,1,10,1774,0,0,0,11,-3.894742805347846,49.29812834224599,47.27272727272727,65,14.318442153493699,35.483870967741936,63.63636363636363,42.30769230769231,1.1,5,4,9,78.76437429537768
S41G01N231,2022-2023,20230310,home,35,14,2,20,8,28,1,35,18,13,4,0,0,15,12,0,0,48,22,15,7,60,63,5,0,11,1774,0,0,0,11,3.894742805347846,54.94505494505494,50.0,70,16.76829268292683,38.095238095238095,80.0,63.63636363636363,1.2727272727272727,5,4,6,78.76437429537768,70,11,3,13,11,24,5,49,26,6,0,4,4,11,7,4,8,55,26,14,6,59,66,7,1,10,1774,0,0,0,11,-3.894742805347846,49.29812834224599,47.27272727272727,65,14.318442153493699,35.483870967741936,63.63636363636363,42.30769230769231,1.1,5,4,9,78.76437429537768
S41G01N231,2022-2023,20230310,home,35,14,2,20,8,28,1,35,18,13,4,0,0,15,12,0,0,48,22,15,7,60,63,5,0,11,1774,0,0,0,11,3.894742805347846,54.94505494505494,50.0,70,16.76829268292683,38.095238095238095,80.0,63.63636363636363,1.2727272727272727,5,4,6,78.76437429537768,70,11,3,13,11,24,5,49,26,6,0,4,4,11,7,4,8,55,26,14,6,59,66,7,1,10,1774,0,0,0,11,-3.894742805347846,49.29812834224599,47.27272727272727,65,14.318442153493699,35.483870967741936,63.63636363636363,42.30769230769231,1.1,5,4,9,78.76437429537768
S41G01N231,2022-2023,20230310,home,35,14,2,20,8,28,1,35,18,13,4,0,0,15,12,0,0,48,22,15,7,60,63,5,0,11,1774,0,0,0,11,2.9520917678812424,54.94505494505494,50.0,70,16.76829268292683,38.095238095238095,80.0,63.63636363636363,1.2727272727272727,1,4,6,79.06200676437429,70,11,3,13,11,24,5,49,26,6,0,4,4,12,8,4,8,55,26,14,6,60,67,7,1,10,1774,0,0,0,11,-2.9520917678812424,49.767750497677504,47.27272727272727,66,14.228799089356858,35.483870967741936,66.66666666666667,42.30769230769231,1.1,1,4,9,79.06200676437429
S41G01N231,2022-2023,20230310,home,35,14,2,20,8,28,1,35,18,13,4,0,0,15,12,0,0,48,22,15,7,60,63,5,0,11,1774,0,0,0,11,3.6978120116097415,54.94505494505494,50.0,70,16.76829268292683,38.095238095238095,80.0,63.63636363636363,1.2727272727272727,1,4,6,79.35963923337091,70,11,3,13,11,24,5,49,26,6,0,4,4,13,8,4,8,55,26,14,6,60,68,7,1,10,1774,0,0,0,11,-3.6978120116097415,49.40711462450593,47.27272727272727,65,14.14027149321267,35.483870967741936,61.53846153846154,42.30769230769231,1.1,1,4,9,79.35963923337091
S41G01N231,2022-2023,20230310,home,35,14,2,21,8,29,1,35,18,13,4,0,0,15,12,0,0,48,22,15,7,60,63,5,0,11,1775,0,0,0,11,3.6978120116097415,54.94505494505494,50.0,71,16.76829268292683,38.095238095238095,80.0,63.63636363636363,1.2727272727272727,1,4,6,79.31492957746478,70,11,3,13,11,24,5,49,26,6,0,4,4,13,8,4,8,55,26,14,6,60,68,7,1,10,1775,0,0,0,11,-3.6978120116097415,49.40711462450593,47.27272727272727,65,14.14027149321267,34.375,61.53846153846154,42.30769230769231,1.1,1,4,9,79.31492957746478
S41G01N231,2022-2023,20230310,home,35,14,2,21,8,29,1,35,18,14,5,0,0,15,12,0,0,49,23,15,7,63,64,5,0,11,1796,0,0,0,11,7.039677768151265,56.6546762589928,52.04081632653061,74,16.516516516516518,38.095238095238095,80.0,60.869565217391305,1.2727272727272727,3,4,6,79.05567928730513,70,11,3,13,11,24,5,49,26,6,0,4,4,13,8,4,8,55,26,14,6,60,68,7,1,10,1796,0,0,0,11,-7.039677768151265,49.40711462450593,47.27272727272727,65,14.14027149321267,34.375,61.53846153846154,42.30769230769231,1.1,3,4,9,79.05567928730513
S41G01N231,2022-2023,20230310,home,35,14,2,21,8,29,1,35,18,14,5,0,0,15,12,0,0,49,23,15,7,63,64,5,0,11,1799,0,0,0,11,8.694303174196335,56.6546762589928,52.04081632653061,74,16.516516516516518,38.095238095238095,80.0,60.869565217391305,1.2727272727272727,3,4,6,79.59088382434685,70,11,3,13,11,24,5,49,26,6,0,4,4,13,8,4,8,55,26,14,6,60,68,7,1,11,1799,0,0,0,12,-8.694303174196335,49.40711462450593,47.27272727272727,64,15.337423312883436,34.375,61.53846153846154,42.30769230769231,1.0,3,4,9,79.59088382434685
S41G01N231,2022-2023,20230310,home,35,14,2,21,8,29,1,35,18,14,5,0,0,15,12,0,0,49,23,15,7,63,64,6,0,11,1799,0,0,0,11,8.694303174196335,56.6546762589928,52.04081632653061,75,16.516516516516518,38.095238095238095,80.0,60.869565217391305,1.2727272727272727,3,4,6,79.59088382434685,70,11,3,13,11,24,5,49,26,6,0,4,4,13,8,4,8,55,26,14,6,60,68,7,1,11,1799,0,0,0,12,-8.694303174196335,49.40711462450593,47.27272727272727,64,15.337423312883436,34.375,61.53846153846154,42.30769230769231,1.0,3,4,9,79.59088382434685
S41G01N231,2022-2023,20230310,home,35,14,2,21,8,29,1,35,18,14,5,0,0,15,12,0,0,49,23,15,7,63,64,6,0,12,1799,0,0,0,12,6.890468737565328,56.6546762589928,52.04081632653061,74,17.75147928994083,38.095238095238095,80.0,60.869565217391305,1.1666666666666667,3,4,6,80.25792106725957,70,11,3,13,11,24,5,49,26,6,0,4,4,13,8,4,8,55,26,14,6,60,68,7,1,11,1799,0,0,0,12,-6.890468737565328,49.40711462450593,47.27272727272727,64,15.337423312883436,34.375,61.53846153846154,42.30769230769231,1.0,3,4,9,80.25792106725957
S41G01N231,2022-2023,20230310,home,35,14,2,21,8,29,1,35,18,14,5,0,0,15,12,0,0,49,23,15,7,63,64,6,0,12,1799,0,0,0,12,6.890468737565328,56.6546762589928,52.04081632653061,74,17.75147928994083,38.095238095238095,80.0,60.869565217391305,1.1666666666666667,3,4,6,80.25792106725957,70,11,3,13,11,24,5,49,26,6,0,4,4,13,8,4,8,55,26,14,6,60,68,7,1,11,1799,0,0,0,12,-6.890468737565328,49.40711462450593,47.27272727272727,64,15.337423312883436,34.375,61.53846153846154,42.30769230769231,1.0,3,4,9,80.25792106725957
S41G01N231,2022-2023,20230310,home,35,14,2,21,8,29,1,35,18,14,5,0,0,15,12,0,0,49,23,15,7,63,64,6,0,12,1800,0,0,0,12,6.890468737565328,56.6546762589928,52.04081632653061,74,17.75147928994083,38.095238095238095,80.0,60.869565217391305,1.1666666666666667,3,4,6,80.21333333333332,70,11,3,13,11,24,5,49,26,6,0,4,4,13,8,4,8,55,26,14,6,60,68,7,1,11,1800,0,0,0,12,-6.890468737565328,49.40711462450593,47.27272727272727,64,15.337423312883436,34.375,61.53846153846154,42.30769230769231,1.0,3,4,9,80.21333333333332
S41G01N231,2022-2023,20230310,home,35,14,2,21,8,29,1,35,18,14,5,0,0,15,12,0,0,49,23,15,7,63,64,6,0,12,1800,0,0,0,12,6.890468737565328,56.6546762589928,52.04081632653061,74,17.75147928994083,38.095238095238095,80.0,60.869565217391305,1.1666666666666667,3,4,6,80.21333333333332,70,11,3,13,11,24,5,49,26,6,0,4,4,13,8,4,8,55,26,14,6,60,68,7,1,11,1800,0,0,0,12,-6.890468737565328,49.40711462450593,47.27272727272727,64,15.337423312883436,34.375,61.53846153846154,42.30769230769231,1.0,3,4,9,80.21333333333332
S41G01N231,2022-2023,20230310,home,35,14,2,21,8,29,1,35,18,14,5,0,0,15,12,0,0,49,23,15,7,63,64,6,0,12,1800,0,0,0,12,6.890468737565328,56.6546762589928,52.04081632653061,74,17.75147928994083,38.095238095238095,80.0,60.869565217391305,1.1666666666666667,3,4,6,80.21333333333332,70,11,3,13,11,24,5,49,26,6,0,4,4,13,8,4,8,55,26,14,6,60,68,7,1,11,1800,0,0,0,12,-6.890468737565328,49.40711462450593,47.27272727272727,64,15.337423312883436,34.375,61.53846153846154,42.30769230769231,1.0,3,4,9,80.21333333333332
S41G01N231,2022-2023,20230310,home,35,14,2,21,8,29,1,35,18,14,5,0,0,15,12,0,0,49,23,15,7,63,64,6,0,12,1800,0,0,0,12,6.890468737565328,56.6546762589928,52.04081632653061,74,17.75147928994083,38.095238095238095,80.0,60.869565217391305,1.1666666666666667,3,4,6,80.21333333333332,70,11,3,13,11,24,5,49,26,6,0,4,4,13,8,4,8,55,26,14,6,60,68,7,1,11,1800,0,0,0,12,-6.890468737565328,49.40711462450593,47.27272727272727,64,15.337423312883436,34.375,61.53846153846154,42.30769230769231,1.0,3,4,9,80.21333333333332
S41G01N231,2022-2023,20230310,home,35,14,2,21,8,29,1,35,18,14,5,0,0,15,12,0,0,49,23,15,7,63,64,6,0,12,1800,0,0,0,12,6.890468737565328,56.6546762589928,52.04081632653061,74,17.75147928994083,38.095238095238095,80.0,60.869565217391305,1.1666666666666667,3,4,6,80.21333333333332,70,11,3,13,11,24,5,49,26,6,0,4,4,13,8,4,8,55,26,14,6,60,68,7,1,11,1800,0,0,0,12,-6.890468737565328,49.40711462450593,47.27272727272727,64,15.337423312883436,34.375,61.53846153846154,42.30769230769231,1.0,3,4,9,80.21333333333332
S41G01N231,2022-2023,20230310,home,35,14,2,21,8,29,1,35,18,14,5,0,0,15,12,0,0,49,23,15,7,63,64,6,0,12,1800,0,0,0,12,6.890468737565328,56.6546762589928,52.04081632653061,74,17.75147928994083,38.095238095238095,80.0,60.869565217391305,1.1666666666666667,3,4,6,80.21333333333332,70,11,3,13,11,24,5,49,26,6,0,4,4,13,8,4,8,55,26,14,6,60,68,7,1,11,1800,0,0,0,12,-6.890468737565328,49.40711462450593,47.27272727272727,64,15.337423312883436,34.375,61.53846153846154,42.30769230769231,1.0,3,4,9,80.21333333333332
S41G01N231,2022-2023,20230310,home,35,14,2,21,8,29,1,35,18,14,5,0,0,15,12,0,0,49,23,15,7,63,64,6,0,12,1800,0,0,0,12,6.890468737565328,56.6546762589928,52.04081632653061,74,17.75147928994083,38.095238095238095,80.0,60.869565217391305,1.1666666666666667,3,4,6,80.21333333333332,70,11,3,13,11,24,5,49,26,6,0,4,4,13,8,4,8,55,26,14,6,60,68,7,1,11,1800,0,0,0,12,-6.890468737565328,49.40711462450593,47.27272727272727,64,15.337423312883436,34.375,61.53846153846154,42.30769230769231,1.0,3,4,9,80.21333333333332
S41G01N231,2022-2023,20230310,home,35,14,2,21,8,29,1,35,18,14,5,0,0,15,12,0,0,49,23,15,7,63,64,6,0,12,1800,0,0,0,12,6.890468737565328,56.6546762589928,52.04081632653061,74,17.75147928994083,38.095238095238095,80.0,60.869565217391305,1.1666666666666667,3,4,6,80.21333333333332,70,11,3,13,11,24,5,49,26,6,0,4,4,13,8,4,8,55,26,14,6,60,68,7,1,11,1800,0,0,0,12,-6.890468737565328,49.40711462450593,47.27272727272727,64,15.337423312883436,34.375,61.53846153846154,42.30769230769231,1.0,3,4,9,80.21333333333332
S41G01N231,2022-2023,20230310,home,35,14,2,21,8,29,1,35,18,14,5,0,0,15,12,0,0,49,23,15,7,63,64,6,0,12,1800,0,0,0,12,6.890468737565328,56.6546762589928,52.04081632653061,74,17.75147928994083,38.095238095238095,80.0,60.869565217391305,1.1666666666666667,3,4,6,80.21333333333332,70,11,3,13,11,24,5,49,26,6,0,4,4,13,8,4,8,55,26,14,6,60,68,7,1,11,1800,0,0,0,12,-6.890468737565328,49.40711462450593,47.27272727272727,64,15.337423312883436,34.375,61.53846153846154,42.30769230769231,1.0,3,4,9,80.21333333333332
S41G01N231,2022-2023,20230310,home,35,14,2,21,8,29,1,35,18,14,5,0,0,15,12,0,0,49,23,15,7,63,64,6,0,12,1800,0,0,0,12,6.890468737565328,56.6546762589928,52.04081632653061,74,17.75147928994083,38.095238095238095,80.0,60.869565217391305,1.1666666666666667,3,4,6,80.21333333333332,70,11,3,13,11,24,5,49,26,6,0,4,4,13,8,4,8,55,26,14,6,60,68,7,1,11,1800,0,0,0,12,-6.890468737565328,49.40711462450593,47.27272727272727,64,15.337423312883436,34.375,61.53846153846154,42.30769230769231,1.0,3,4,9,80.21333333333332
S41G01N231,2022-2023,20230310,home,35,14,2,21,8,29,1,35,18,14,5,0,0,15,12,0,0,49,23,15,7,63,64,6,0,12,1800,0,0,0,12,6.890468737565328,56.6546762589928,52.04081632653061,74,17.75147928994083,38.095238095238095,80.0,60.869565217391305,1.1666666666666667,3,4,6,80.21333333333332,70,11,3,13,11,24,5,49,26,6,0,4,4,13,8,4,8,55,26,14,6,60,68,7,1,11,1800,0,0,0,12,-6.890468737565328,49.40711462450593,47.27272727272727,64,15.337423312883436,34.375,61.53846153846154,42.30769230769231,1.0,3,4,9,80.21333333333332
S41G01N231,2022-2023,20230310,home,35,14,2,21,8,29,1,35,18,14,5,0,0,15,12,0,0,49,23,15,7,63,64,6,0,12,1800,0,0,0,12,6.890468737565328,56.6546762589928,52.04081632653061,74,17.75147928994083,38.095238095238095,80.0,60.869565217391305,1.1666666666666667,3,4,6,80.21333333333332,70,11,3,13,11,24,5,49,26,6,0,4,4,13,8,4,8,55,26,14,6,60,68,7,1,11,1800,0,0,0,12,-6.890468737565328,49.40711462450593,47.27272727272727,64,15.337423312883436,34.375,61.53846153846154,42.30769230769231,1.0,3,4,9,80.21333333333332
S41G01N231,2022-2023,20230310,home,35,14,2,21,8,29,1,35,18,14,5,0,0,15,12,0,0,49,23,15,7,63,64,6,0,12,1800,0,0,0,12,6.890468737565328,56.6546762589928,52.04081632653061,74,17.75147928994083,38.095238095238095,80.0,60.869565217391305,1.1666666666666667,3,4,6,80.21333333333332,70,11,3,13,11,24,5,49,26,6,0,4,4,13,8,4,8,55,26,14,6,60,68,7,1,11,1800,0,0,0,12,-6.890468737565328,49.40711462450593,47.27272727272727,64,15.337423312883436,34.375,61.53846153846154,42.30769230769231,1.0,3,4,9,80.21333333333332
S41G01N231,2022-2023,20230310,home,35,14,2,21,8,29,1,35,18,14,5,0,0,15,12,0,0,49,23,15,7,63,64,6,0,12,1800,0,0,0,12,6.890468737565328,56.6546762589928,52.04081632653061,74,17.75147928994083,38.095238095238095,80.0,60.869565217391305,1.1666666666666667,3,4,6,80.21333333333332,70,11,3,13,11,24,5,49,26,6,0,4,4,13,8,4,8,55,26,14,6,60,68,7,1,11,1800,0,0,0,12,-6.890468737565328,49.40711462450593,47.27272727272727,64,15.337423312883436,34.375,61.53846153846154,42.30769230769231,1.0,3,4,9,80.21333333333332
S41G01N231,2022-2023,20230310,home,35,14,2,21,8,29,1,35,18,14,5,0,0,15,12,0,0,49,23,15,7,63,64,6,0,12,1800,0,0,0,12,6.890468737565328,56.6546762589928,52.04081632653061,74,17.75147928994083,38.095238095238095,80.0,60.869565217391305,1.1666666666666667,3,4,6,80.21333333333332,70,11,3,13,11,24,5,49,26,6,0,4,4,13,8,4,8,55,26,14,6,60,68,7,1,11,1800,0,0,0,12,-6.890468737565328,49.40711462450593,47.27272727272727,64,15.337423312883436,34.375,61.53846153846154,42.30769230769231,1.0,3,4,9,80.21333333333332
S41G01N231,2022-2023,20230310,home,35,14,2,21,8,29,1,35,18,14,5,0,0,15,12,0,0,49,23,15,7,63,64,6,0,12,1800,0,0,0,12,6.890468737565328,56.6546762589928,52.04081632653061,74,17.75147928994083,38.095238095238095,80.0,60.869565217391305,1.1666666666666667,3,4,6,80.21333333333332,70,11,3,13,11,24,5,49,26,6,0,4,4,13,8,4,8,55,26,14,6,60,68,7,1,11,1800,0,0,0,12,-6.890468737565328,49.40711462450593,47.27272727272727,64,15.337423312883436,34.375,61.53846153846154,42.30769230769231,1.0,3,4,9,80.21333333333332
S41G01N231,2022-2023,20230310,home,35,14,2,21,8,29,1,35,18,14,5,0,0,15,12,0,0,49,23,15,7,63,64,6,0,12,1800,0,0,0,12,6.890468737565328,56.6546762589928,52.04081632653061,74,17.75147928994083,38.095238095238095,80.0,60.869565217391305,1.1666666666666667,3,4,6,80.21333333333332,70,11,3,13,11,24,5,49,26,6,0,4,4,13,8,4,8,55,26,14,6,60,68,7,1,11,1800,0,0,0,12,-6.890468737565328,49.40711462450593,47.27272727272727,64,15.337423312883436,34.375,61.53846153846154,42.30769230769231,1.0,3,4,9,80.21333333333332
S41G01N231,2022-2023,20230310,home,35,14,2,21,8,29,1,35,18,14,5,0,0,15,12,0,0,49,23,15,7,63,64,6,0,12,1800,0,0,0,12,6.890468737565328,56.6546762589928,52.04081632653061,74,17.75147928994083,38.095238095238095,80.0,60.869565217391305,1.1666666666666667,3,4,6,80.21333333333332,70,11,3,13,11,24,5,49,26,6,0,4,4,13,8,4,8,55,26,14,6,60,68,7,1,11,1800,0,0,0,12,-6.890468737565328,49.40711462450593,47.27272727272727,64,15.337423312883436,34.375,61.53846153846154,42.30769230769231,1.0,3,4,9,80.21333333333332
S41G01N231,2022-2023,20230310,home,35,14,2,21,8,29,1,35,18,14,5,0,0,15,12,0,0,49,23,15,7,63,64,6,0,12,1800,0,0,0,12,6.890468737565328,56.6546762589928,52.04081632653061,74,17.75147928994083,38.095238095238095,80.0,60.869565217391305,1.1666666666666667,3,4,6,80.21333333333332,70,11,3,13,11,24,5,49,26,6,0,4,4,13,8,4,8,55,26,14,6,60,68,7,1,11,1800,0,0,0,12,-6.890468737565328,49.40711462450593,47.27272727272727,64,15.337423312883436,34.375,61.53846153846154,42.30769230769231,1.0,3,4,9,80.21333333333332
S41G01N231,2022-2023,20230310,home,35,14,2,21,8,29,1,35,18,14,5,0,0,15,12,0,0,49,23,15,7,63,64,6,0,12,1800,0,0,0,12,6.890468737565328,56.6546762589928,52.04081632653061,74,17.75147928994083,38.095238095238095,80.0,60.869565217391305,1.1666666666666667,3,4,6,80.21333333333332,70,11,3,13,11,24,5,49,26,6,0,4,4,13,8,4,8,55,26,14,6,60,68,7,1,11,1800,0,0,0,12,-6.890468737565328,49.40711462450593,47.27272727272727,64,15.337423312883436,34.375,61.53846153846154,42.30769230769231,1.0,3,4,9,80.21333333333332
S41G01N231,2022-2023,20230310,home,35,14,2,21,8,29,1,35,18,14,5,0,0,15,12,0,0,49,23,15,7,63,64,6,0,12,1800,0,0,0,12,6.890468737565328,56.6546762589928,52.04081632653061,74,17.75147928994083,38.095238095238095,80.0,60.869565217391305,1.1666666666666667,3,4,6,80.21333333333332,70,11,3,13,11,24,5,49,26,6,0,4,4,13,8,4,8,55,26,14,6,60,68,7,1,11,1800,0,0,0,12,-6.890468737565328,49.40711462450593,47.27272727272727,64,15.337423312883436,34.375,61.53846153846154,42.30769230769231,1.0,3,4,9,80.21333333333332
S41G01N231,2022-2023,20230310,home,35,14,2,21,8,29,1,35,18,14,5,0,0,15,12,0,0,49,23,15,7,63,64,6,0,12,1800,0,0,0,12,6.890468737565328,56.6546762589928,52.04081632653061,74,17.75147928994083,38.095238095238095,80.0,60.869565217391305,1.1666666666666667,3,4,6,80.21333333333332,70,11,3,13,11,24,5,49,26,6,0,4,4,13,8,4,8,55,26,14,6,60,68,7,1,11,1800,0,0,0,12,-6.890468737565328,49.40711462450593,47.27272727272727,64,15.337423312883436,34.375,61.53846153846154,42.30769230769231,1.0,3,4,9,80.21333333333332
S41G01N231,2022-2023,20230310,home,35,14,2,21,8,29,1,35,18,14,5,0,0,15,12,0,0,49,23,15,7,63,64,6,0,12,1800,0,0,0,12,6.890468737565328,56.6546762589928,52.04081632653061,74,17.75147928994083,38.095238095238095,80.0,60.869565217391305,1.1666666666666667,3,4,6,80.21333333333332,70,11,3,13,11,24,5,49,26,6,0,4,4,13,8,4,8,55,26,14,6,60,68,7,1,11,1800,0,0,0,12,-6.890468737565328,49.40711462450593,47.27272727272727,64,15.337423312883436,34.375,61.53846153846154,42.30769230769231,1.0,3,4,9,80.21333333333332
S41G01N231,2022-2023,20230310,home,35,14,2,21,8,29,1,36,18,14,5,0,0,15,12,0,0,50,23,15,7,63,65,6,0,12,1815,0,0,0,12,5.146166790592105,55.65371024734982,51.0,73,17.49271137026239,38.095238095238095,80.0,60.869565217391305,1.1666666666666667,3,4,6,80.21157024793388,70,11,3,13,11,24,5,49,26,6,0,4,4,13,8,4,8,55,26,14,6,60,68,7,1,11,1815,0,0,0,12,-5.146166790592105,49.40711462450593,47.27272727272727,64,15.337423312883436,34.375,61.53846153846154,42.30769230769231,1.0,3,4,9,80.21157024793388
S41G01N231,2022-2023,20230310,home,35,14,2,21,8,29,1,36,18,14,5,0,0,15,12,0,0,50,23,15,7,63,65,6,0,12,1816,0,0,0,12,5.146166790592105,55.65371024734982,51.0,73,17.49271137026239,38.095238095238095,80.0,60.869565217391305,1.1666666666666667,3,4,6,80.16740088105726,70,11,4,13,11,24,5,49,26,6,0,4,4,13,8,4,8,55,26,14,6,60,68,7,1,11,1816,0,0,0,12,-5.146166790592105,49.40711462450593,47.27272727272727,65,15.337423312883436,34.375,61.53846153846154,42.30769230769231,1.0,3,4,9,80.16740088105726
S41G01N231,2022-2023,20230310,home,35,14,2,21,9,30,1,36,18,14,5,0,0,15,12,0,0,50,23,15,7,63,65,6,0,12,1817,0,0,0,12,6.890468737565328,55.65371024734982,51.0,74,17.49271137026239,40.90909090909091,80.0,60.869565217391305,1.1666666666666667,3,4,6,79.46285085305448,70,11,4,13,11,24,5,49,26,6,0,4,4,13,8,4,8,55,26,14,6,60,68,7,1,11,1817,0,0,0,12,-6.890468737565328,49.40711462450593,47.27272727272727,65,15.337423312883436,34.375,61.53846153846154,42.30769230769231,1.0,3,4,9,79.46285085305448
S41G01N231,2022-2023,20230310,home,35,14,2,21,9,30,1,36,18,15,5,0,0,15,12,0,0,51,23,15,7,63,66,6,0,12,1817,0,0,0,12,5.146166790592105,54.6875,50.0,73,17.24137931034483,40.90909090909091,80.0,60.869565217391305,1.1666666666666667,3,4,6,80.12328013208585,70,11,4,13,11,24,5,49,26,6,0,4,4,13,8,4,8,55,26,14,6,60,68,7,1,11,1817,0,0,0,12,-5.146166790592105,49.40711462450593,47.27272727272727,65,15.337423312883436,34.375,61.53846153846154,42.30769230769231,1.0,3,4,9,80.12328013208585
S41G01N231,2022-2023,20230310,home,35,14,2,21,9,30,1,36,18,15,5,0,0,15,12,0,0,51,23,15,7,63,66,6,0,12,1817,0,0,0,12,5.146166790592105,54.6875,50.0,73,17.24137931034483,40.90909090909091,80.0,60.869565217391305,1.1666666666666667,3,4,6,80.12328013208585,70,11,5,13,11,24,5,49,26,6,0,4,4,13,8,4,8,55,26,14,6,60,68,7,1,11,1817,0,0,0,12,-5.146166790592105,49.40711462450593,47.27272727272727,66,15.337423312883436,34.375,61.53846153846154,42.30769230769231,1.0,3,4,9,80.12328013208585
S41G01N231,2022-2023,20230310,home,35,14,2,21,9,30,2,36,18,15,5,0,0,15,12,0,0,51,23,15,7,63,66,6,0,12,1817,0,0,0,12,5.146166790592105,54.6875,50.0,74,17.24137931034483,40.90909090909091,80.0,60.869565217391305,1.1666666666666667,3,4,6,80.12328013208585,70,11,5,13,11,24,5,49,26,6,0,4,4,13,8,4,8,55,26,14,6,60,68,7,1,11,1817,0,0,0,12,-5.146166790592105,49.40711462450593,47.27272727272727,66,15.337423312883436,34.375,61.53846153846154,42.30769230769231,1.0,3,4,9,80.12328013208585
S41G01N231,2022-2023,20230310,home,35,14,2,21,9,30,2,37,18,15,5,0,0,15,12,0,0,52,23,15,7,63,67,6,0,12,1825,0,0,0,12,3.4584980237154213,53.7542662116041,49.03846153846154,73,16.997167138810198,40.90909090909091,80.0,60.869565217391305,1.1666666666666667,3,4,6,80.42958904109588,70,11,5,13,11,24,5,49,26,6,0,4,4,13,8,4,8,55,26,14,6,60,68,7,1,11,1825,0,0,0,12,-3.4584980237154213,49.40711462450593,47.27272727272727,66,15.337423312883436,34.375,61.53846153846154,42.30769230769231,1.0,3,4,9,80.42958904109588
S41G01N231,2022-2023,20230310,home,35,14,2,21,10,31,2,37,18,15,5,0,0,15,12,0,0,52,23,15,7,63,67,6,0,12,1826,0,0,0,12,5.146166790592105,53.7542662116041,49.03846153846154,74,16.997167138810198,43.47826086956522,80.0,60.869565217391305,1.1666666666666667,3,4,6,79.72836801752463,70,11,5,13,11,24,5,49,26,6,0,4,4,13,8,4,8,55,26,14,6,60,68,7,1,11,1826,0,0,0,12,-5.146166790592105,49.40711462450593,47.27272727272727,66,15.337423312883436,34.375,61.53846153846154,42.30769230769231,1.0,3,4,9,79.72836801752463
S41G01N231,2022-2023,20230310,home,35,14,2,21,10,31,2,37,18,16,5,0,0,15,12,0,0,53,23,15,7,63,68,6,0,12,1831,0,0,0,12,3.4584980237154213,52.85234899328859,48.113207547169814,73,16.75977653631285,43.47826086956522,80.0,60.869565217391305,1.1666666666666667,3,4,6,80.16602949208082,70,11,5,13,11,24,5,49,26,6,0,4,4,13,8,4,8,55,26,14,6,60,68,7,1,11,1831,0,0,0,12,-3.4584980237154213,49.40711462450593,47.27272727272727,66,15.337423312883436,34.375,61.53846153846154,42.30769230769231,1.0,3,4,9,80.16602949208082
S41G01N231,2022-2023,20230310,home,35,14,2,21,11,32,2,37,18,16,5,0,0,15,12,0,0,53,23,15,7,63,68,6,0,12,1833,0,0,0,12,5.146166790592105,52.85234899328859,48.113207547169814,74,16.75977653631285,45.833333333333336,80.0,60.869565217391305,1.1666666666666667,3,4,6,79.42389525368249,70,11,5,13,11,24,5,49,26,6,0,4,4,13,8,4,8,55,26,14,6,60,68,7,1,11,1833,0,0,0,12,-5.146166790592105,49.40711462450593,47.27272727272727,66,15.337423312883436,34.375,61.53846153846154,42.30769230769231,1.0,3,4,9,79.42389525368249
S41G01N231,2022-2023,20230310,home,35,14,2,21,11,32,2,37,18,17,5,0,0,15,12,0,0,54,23,15,7,63,69,6,0,12,1840,0,0,0,12,3.4584980237154213,51.98019801980198,47.22222222222222,73,16.528925619834713,45.833333333333336,80.0,60.869565217391305,1.1666666666666667,3,4,6,79.77391304347826,70,11,5,13,11,24,5,49,26,6,0,4,4,13,8,4,8,55,26,14,6,60,68,7,1,11,1840,0,0,0,12,-3.4584980237154213,49.40711462450593,47.27272727272727,66,15.337423312883436,34.375,61.53846153846154,42.30769230769231,1.0,3,4,9,79.77391304347826
S41G01N231,2022-2023,20230310,home,35,14,2,21,11,32,2,37,18,17,5,0,0,15,12,0,0,54,23,15,7,63,69,6,0,12,1842,0,0,0,12,3.4584980237154213,51.98019801980198,47.22222222222222,73,16.528925619834713,44.0,80.0,60.869565217391305,1.1666666666666667,3,4,6,79.6872964169381,70,11,5,14,11,25,5,49,26,6,0,4,4,13,8,4,8,55,26,14,6,60,68,7,1,11,1842,0,0,0,12,-3.4584980237154213,49.40711462450593,47.27272727272727,67,15.337423312883436,34.375,61.53846153846154,42.30769230769231,1.0,3,4,9,79.6872964169381
S41G01N231,2022-2023,20230310,home,35,14,2,21,11,32,2,37,18,17,5,0,0,15,12,0,0,54,23,16,8,63,69,6,0,12,1851,0,0,0,12,3.4584980237154213,51.98019801980198,47.22222222222222,73,16.528925619834713,44.0,80.0,60.869565217391305,1.1666666666666667,3,4,6,79.2998379254457,70,11,5,14,11,25,5,49,26,6,0,4,4,13,8,4,8,55,26,14,6,60,68,7,1,11,1851,0,0,0,12,-3.4584980237154213,49.40711462450593,47.27272727272727,67,15.337423312883436,34.375,61.53846153846154,42.30769230769231,1.0,3,4,9,79.2998379254457
S41G01N231,2022-2023,20230310,home,35,14,2,21,11,32,2,37,18,17,5,0,0,15,12,0,0,54,23,16,8,63,69,6,0,12,1851,0,0,0,12,3.4584980237154213,51.98019801980198,47.22222222222222,73,16.528925619834713,44.0,80.0,60.869565217391305,1.1666666666666667,3,4,6,79.2998379254457,70,11,5,14,11,25,5,49,26,6,0,4,4,13,8,4,8,55,26,14,6,60,68,7,1,11,1851,0,0,0,12,-3.4584980237154213,49.40711462450593,47.27272727272727,67,15.337423312883436,34.375,61.53846153846154,42.30769230769231,1.0,3,4,9,79.2998379254457
S41G01N231,2022-2023,20230310,home,35,14,2,21,11,32,2,37,18,17,5,0,0,15,12,0,0,54,23,16,8,63,69,6,0,12,1858,0,0,0,12,1.8190655747363564,51.98019801980198,47.22222222222222,73,16.528925619834713,44.0,80.0,60.869565217391305,1.1666666666666667,2,4,6,79.64693218514532,70,11,5,14,11,25,5,50,27,6,0,4,4,13,8,4,8,56,27,14,6,62,69,7,1,11,1858,0,0,0,12,-1.8190655747363564,50.22683084899546,48.214285714285715,69,15.126512651265127,34.375,61.53846153846154,40.74074074074074,1.0,2,4,9,79.64693218514532
S41G01N231,2022-2023,20230310,home,35,14,2,21,11,32,2,37,18,17,5,0,0,15,12,0,0,54,23,17,8,63,69,6,0,12,1858,0,0,0,12,1.8190655747363564,51.98019801980198,47.22222222222222,73,16.528925619834713,44.0,80.0,60.869565217391305,1.1666666666666667,2,4,6,79.64693218514532,70,11,5,14,11,25,5,50,27,6,0,4,4,13,8,4,8,56,27,14,6,62,69,7,1,11,1858,0,0,0,12,-1.8190655747363564,50.22683084899546,48.214285714285715,69,15.126512651265127,34.375,61.53846153846154,40.74074074074074,1.0,2,4,9,79.64693218514532
S41G01N231,2022-2023,20230310,home,35,14,2,21,11,32,2,37,18,17,5,0,0,15,12,0,0,54,23,17,8,63,69,6,0,12,1858,0,0,0,12,1.8190655747363564,51.98019801980198,47.22222222222222,73,16.528925619834713,44.0,80.0,60.869565217391305,1.1666666666666667,2,4,6,79.64693218514532,70,11,5,14,11,25,5,50,27,6,0,4,4,13,8,4,8,56,27,14,6,62,69,7,1,11,1858,0,0,0,12,-1.8190655747363564,50.22683084899546,48.214285714285715,69,15.126512651265127,34.375,61.53846153846154,40.74074074074074,1.0,2,4,9,79.64693218514532
S41G01N231,2022-2023,20230310,home,35,14,2,21,11,32,2,37,18,17,5,0,0,15,12,0,0,54,23,17,8,63,69,6,0,12,1858,0,0,0,12,1.8190655747363564,51.98019801980198,47.22222222222222,73,16.528925619834713,44.0,80.0,60.869565217391305,1.1666666666666667,2,4,6,79.64693218514532,70,11,5,14,11,25,5,50,27,6,0,4,4,13,8,4,8,56,27,14,6,62,69,7,1,11,1858,0,0,0,12,-1.8190655747363564,50.22683084899546,48.214285714285715,69,15.126512651265127,34.375,61.53846153846154,40.74074074074074,1.0,2,4,9,79.64693218514532
S41G01N231,2022-2023,20230310,home,35,14,2,21,11,32,2,37,18,17,5,0,0,15,12,0,0,54,23,17,8,63,69,6,0,12,1858,0,0,0,12,1.8190655747363564,51.98019801980198,47.22222222222222,73,16.528925619834713,44.0,80.0,60.869565217391305,1.1666666666666667,2,4,6,79.64693218514532,70,11,5,14,11,25,5,50,27,6,0,4,4,13,8,4,8,56,27,14,6,62,69,7,1,11,1858,0,0,0,12,-1.8190655747363564,50.22683084899546,48.214285714285715,69,15.126512651265127,34.375,61.53846153846154,40.74074074074074,1.0,2,4,9,79.64693218514532
S41G01N231,2022-2023,20230310,home,35,14,2,21,11,32,2,37,18,17,5,0,0,15,12,0,0,54,23,17,8,63,69,6,0,12,1858,0,0,0,12,2.5301275301275297,51.98019801980198,47.22222222222222,73,16.528925619834713,44.0,80.0,60.869565217391305,1.1666666666666667,2,4,6,79.93110871905274,70,11,5,14,11,25,5,50,27,6,0,4,4,14,8,4,8,56,27,14,6,62,70,7,1,11,1858,0,0,0,12,-2.5301275301275297,49.871299871299875,48.214285714285715,68,15.035538545653363,34.375,57.142857142857146,40.74074074074074,1.0,2,4,9,79.93110871905274
S41G01N231,2022-2023,20230310,home,35,14,2,22,11,33,2,37,18,17,5,0,0,15,12,0,0,54,23,17,8,63,69,6,0,12,1861,0,0,0,12,2.5301275301275297,51.98019801980198,47.22222222222222,74,16.528925619834713,44.0,80.0,60.869565217391305,1.1666666666666667,2,4,6,79.80225685115528,70,11,5,14,11,25,5,50,27,6,0,4,4,14,8,4,8,56,27,14,6,62,70,7,1,11,1861,0,0,0,12,-2.5301275301275297,49.871299871299875,48.214285714285715,68,15.035538545653363,33.333333333333336,57.142857142857146,40.74074074074074,1.0,2,4,9,79.80225685115528
S41G01N231,2022-2023,20230310,home,35,14,2,22,11,33,2,37,18,18,6,0,0,15,12,0,0,55,24,17,8,66,70,6,0,12,1869,0,0,0,12,5.688710161553615,53.57142857142857,49.09090909090909,77,16.304347826086957,44.0,80.0,58.333333333333336,1.1666666666666667,3,4,6,80.10272873194221,70,11,5,14,11,25,5,50,27,6,0,4,4,14,8,4,8,56,27,14,6,62,70,7,1,11,1869,0,0,0,12,-5.688710161553615,49.871299871299875,48.214285714285715,68,15.035538545653363,33.333333333333336,57.142857142857146,40.74074074074074,1.0,3,4,9,80.10272873194221
S41G01N231,2022-2023,20230310,home,35,15,2,22,11,33,2,37,18,18,6,0,0,15,12,0,0,55,24,17,8,66,70,6,0,12,1869,0,0,0,12,5.688710161553615,53.57142857142857,49.09090909090909,78,16.304347826086957,44.0,80.0,62.5,1.25,3,4,6,80.10272873194221,70,11,5,14,11,25,5,50,27,6,0,4,4,14,8,4,8,56,27,14,6,62,70,7,1,11,1869,0,0,0,12,-5.688710161553615,49.871299871299875,48.214285714285715,68,15.035538545653363,33.333333333333336,57.142857142857146,40.74074074074074,1.0,3,4,9,80.10272873194221
S41G01N231,2022-2023,20230310,home,35,15,2,22,11,33,2,37,18,18,6,0,0,15,12,0,0,55,24,17,8,66,70,6,0,12,1891,0,0,0,12,7.267915350638475,53.57142857142857,49.09090909090909,78,16.304347826086957,44.0,80.0,62.5,1.25,3,4,6,79.80539397144368,70,11,5,14,11,25,5,51,27,6,0,4,4,14,8,4,8,57,27,14,6,62,71,7,1,11,1891,0,0,0,12,-7.267915350638475,49.081697276757446,47.36842105263158,67,14.832793959007551,33.333333333333336,57.142857142857146,40.74074074074074,1.0,3,4,9,79.80539397144368
S41G01N231,2022-2023,20230310,home,35,15,2,23,11,34,2,37,18,18,6,0,0,15,12,0,0,55,24,17,8,66,70,6,0,12,1893,0,0,0,12,7.267915350638475,53.57142857142857,49.09090909090909,79,16.304347826086957,44.0,80.0,62.5,1.25,3,4,6,79.72107765451663,70,11,5,14,11,25,5,51,27,6,0,4,4,14,8,4,8,57,27,14,6,62,71,7,1,11,1893,0,0,0,12,-7.267915350638475,49.081697276757446,47.36842105263158,67,14.832793959007551,32.35294117647059,57.142857142857146,40.74074074074074,1.0,3,4,9,79.72107765451663
S41G01N231,2022-2023,20230310,home,35,15,2,23,11,34,2,37,18,19,6,0,0,15,12,0,0,56,24,17,8,66,71,6,0,12,1915,0,0,0,12,5.610190352145494,52.715654952076676,48.214285714285715,78,16.0857908847185,44.0,80.0,62.5,1.25,3,4,6,79.43185378590078,70,11,5,14,11,25,5,51,27,6,0,4,4,14,8,4,8,57,27,14,6,62,71,7,1,11,1915,0,0,0,12,-5.610190352145494,49.081697276757446,47.36842105263158,67,14.832793959007551,32.35294117647059,57.142857142857146,40.74074074074074,1.0,3,4,9,79.43185378590078
S41G01N231,2022-2023,20230310,home,35,15,2,23,11,34,3,37,18,19,6,0,0,15,12,0,0,56,24,17,8,66,71,6,0,12,1916,0,0,0,12,5.610190352145494,52.715654952076676,48.214285714285715,79,16.0857908847185,44.0,80.0,62.5,1.25,3,4,6,79.39039665970772,70,11,5,14,11,25,5,51,27,6,0,4,4,14,8,4,8,57,27,14,6,62,71,7,1,11,1916,0,0,0,12,-5.610190352145494,49.081697276757446,47.36842105263158,67,14.832793959007551,32.35294117647059,57.142857142857146,40.74074074074074,1.0,3,4,9,79.39039665970772
S41G01N231,2022-2023,20230310,home,35,15,2,23,11,34,3,38,19,19,6,0,0,15,12,0,0,57,25,17,8,68,72,6,0,12,1917,0,0,0,12,7.0997633412219585,53.459119496855344,49.12280701754386,81,15.873015873015873,44.0,80.0,60.0,1.25,5,4,6,79.97496087636932,70,11,5,14,11,25,5,51,27,6,0,4,4,14,8,4,8,57,27,14,6,62,71,7,1,11,1917,0,0,0,12,-7.0997633412219585,49.081697276757446,47.36842105263158,67,14.832793959007551,32.35294117647059,57.142857142857146,40.74074074074074,1.0,5,4,9,79.97496087636932
S41G01N231,2022-2023,20230310,home,35,16,2,23,11,34,3,38,19,19,6,0,0,15,12,0,0,57,25,17,8,68,72,6,0,12,1917,0,0,0,12,7.0997633412219585,53.459119496855344,49.12280701754386,82,15.873015873015873,44.0,80.0,64.0,1.3333333333333333,5,4,6,79.97496087636932,70,11,5,14,11,25,5,51,27,6,0,4,4,14,8,4,8,57,27,14,6,62,71,7,1,11,1917,0,0,0,12,-7.0997633412219585,49.081697276757446,47.36842105263158,67,14.832793959007551,32.35294117647059,57.142857142857146,40.74074074074074,1.0,5,4,9,79.97496087636932
S41G01N231,2022-2023,20230310,home,35,16,2,23,11,34,3,38,19,19,6,0,0,15,12,0,0,57,25,17,8,68,72,6,0,12,1917,0,0,0,12,7.0997633412219585,53.459119496855344,49.12280701754386,82,15.873015873015873,44.0,80.0,64.0,1.3333333333333333,5,4,6,79.97496087636932,70,11,5,14,11,25,5,51,27,6,0,4,4,14,8,4,8,57,27,15,6,62,71,7,1,11,1917,0,0,0,12,-7.0997633412219585,49.081697276757446,47.36842105263158,67,14.832793959007551,32.35294117647059,57.142857142857146,40.74074074074074,1.0,5,4,9,79.97496087636932
S41G01N231,2022-2023,20230310,home,35,16,2,23,11,34,3,38,19,19,6,0,0,15,12,0,0,57,25,17,8,68,72,6,0,12,1917,0,0,0,12,7.0997633412219585,53.459119496855344,49.12280701754386,82,15.873015873015873,44.0,80.0,64.0,1.3333333333333333,5,4,6,79.97496087636932,70,11,5,14,11,25,5,51,27,6,0,4,4,14,8,4,8,57,27,15,6,62,71,7,1,11,1917,0,0,0,12,-7.0997633412219585,49.081697276757446,47.36842105263158,67,14.832793959007551,32.35294117647059,57.142857142857146,40.74074074074074,1.0,5,4,9,79.97496087636932
S41G01N231,2022-2023,20230310,home,35,16,2,23,11,34,3,38,19,19,6,0,0,16,13,0,0,57,25,17,8,69,73,6,0,12,1917,0,0,0,12,7.925166332093951,53.87257963772642,49.12280701754386,83,15.781167806417674,44.0,81.25,64.0,1.3333333333333333,6,4,7,80.25039123630673,70,11,5,14,11,25,5,51,27,6,0,4,4,14,8,4,8,57,27,15,6,62,71,7,1,11,1917,0,0,0,12,-7.925166332093951,49.081697276757446,47.36842105263158,67,14.832793959007551,32.35294117647059,57.142857142857146,40.74074074074074,1.0,6,4,9,80.25039123630673
S41G01N231,2022-2023,20230310,home,35,16,2,23,11,34,3,38,19,19,6,0,0,16,13,0,0,57,25,17,8,69,73,6,0,12,1943,0,0,0,12,6.337937444212329,53.87257963772642,49.12280701754386,83,15.781167806417674,44.0,81.25,64.0,1.3333333333333333,2,4,7,79.79413278435408,70,11,5,14,11,25,5,52,28,6,0,4,4,14,8,4,8,58,28,15,6,64,72,7,1,11,1943,0,0,0,12,-6.337937444212329,49.87531172069826,48.275862068965516,69,14.635444385311336,32.35294117647059,57.142857142857146,39.285714285714285,1.0,2,4,9,79.79413278435408
S41G01N231,2022-2023,20230310,home,35,16,2,23,11,34,3,38,19,19,6,0,0,16,13,0,0,57,25,17,8,69,73,6,0,12,1943,0,0,0,12,6.337937444212329,53.87257963772642,49.12280701754386,83,15.781167806417674,44.0,81.25,64.0,1.3333333333333333,2,4,7,79.79413278435408,70,12,5,14,11,25,5,52,28,6,0,4,4,14,8,4,8,58,28,15,6,64,72,7,1,11,1943,0,0,0,12,-6.337937444212329,49.87531172069826,48.275862068965516,70,14.635444385311336,32.35294117647059,57.142857142857146,42.857142857142854,1.0909090909090908,2,4,9,79.79413278435408
S41G01N231,2022-2023,20230310,home,35,16,2,23,11,34,3,39,20,19,6,0,0,16,13,0,0,58,26,17,8,71,74,6,0,12,1964,0,0,0,12,7.759976195187363,54.581795817958174,50.0,85,15.57632398753894,44.0,81.25,61.53846153846154,1.3333333333333333,2,4,7,79.55193482688391,70,12,5,14,11,25,5,52,28,6,0,4,4,14,8,4,8,58,28,15,6,64,72,7,1,11,1964,0,0,0,12,-7.759976195187363,49.87531172069826,48.275862068965516,70,14.635444385311336,32.35294117647059,57.142857142857146,42.857142857142854,1.0909090909090908,2,4,9,79.55193482688391
S41G01N231,2022-2023,20230310,home,35,17,2,23,11,34,3,39,20,19,6,0,0,16,13,0,0,58,26,17,8,71,74,6,0,12,1964,0,0,0,12,7.759976195187363,54.581795817958174,50.0,86,15.57632398753894,44.0,81.25,65.38461538461539,1.4166666666666667,2,4,7,79.55193482688391,70,12,5,14,11,25,5,52,28,6,0,4,4,14,8,4,8,58,28,15,6,64,72,7,1,11,1964,0,0,0,12,-7.759976195187363,49.87531172069826,48.275862068965516,70,14.635444385311336,32.35294117647059,57.142857142857146,42.857142857142854,1.0909090909090908,2,4,9,79.55193482688391
S41G01N231,2022-2023,20230310,home,35,17,2,23,11,34,3,39,20,19,6,0,0,16,13,0,0,58,26,18,9,71,74,6,0,12,1975,0,0,0,12,7.759976195187363,54.581795817958174,50.0,86,15.57632398753894,44.0,81.25,65.38461538461539,1.4166666666666667,2,4,7,79.10886075949367,70,12,5,14,11,25,5,52,28,6,0,4,4,14,8,4,8,58,28,15,6,64,72,7,1,11,1975,0,0,0,12,-7.759976195187363,49.87531172069826,48.275862068965516,70,14.635444385311336,32.35294117647059,57.142857142857146,42.857142857142854,1.0909090909090908,2,4,9,79.10886075949367
S41G01N231,2022-2023,20230310,home,35,17,2,23,11,34,3,39,20,19,6,0,0,16,13,0,0,58,26,18,9,71,74,6,0,12,1975,0,0,0,12,7.759976195187363,54.581795817958174,50.0,86,15.57632398753894,44.0,81.25,65.38461538461539,1.4166666666666667,2,4,7,79.10886075949367,70,12,5,14,11,25,5,52,28,6,0,4,4,14,8,4,8,58,28,15,6,64,72,7,1,11,1975,0,0,0,12,-7.759976195187363,49.87531172069826,48.275862068965516,70,14.635444385311336,32.35294117647059,57.142857142857146,42.857142857142854,1.0909090909090908,2,4,9,79.10886075949367
S41G01N231,2022-2023,20230310,home,35,17,2,23,11,34,3,39,20,19,6,0,0,16,13,0,0,58,26,18,9,71,74,6,0,12,1984,0,0,0,12,9.29083290852985,54.581795817958174,50.0,86,15.57632398753894,44.0,81.25,65.38461538461539,1.4166666666666667,2,4,7,79.35483870967741,70,12,5,14,11,25,5,52,28,7,0,4,4,14,8,4,8,59,28,15,6,64,73,7,1,11,1984,0,0,0,12,-9.29083290852985,49.10988336402701,47.45762711864407,69,14.44327731092437,32.35294117647059,57.142857142857146,42.857142857142854,1.0909090909090908,2,4,9,79.35483870967741
S41G01N231,2022-2023,20230310,home,35,17,2,23,11,34,3,39,20,19,6,0,0,16,13,0,0,58,26,18,9,71,74,6,0,12,1987,0,0,0,12,7.759976195187363,54.581795817958174,50.0,86,15.57632398753894,44.0,81.25,65.38461538461539,1.4166666666666667,2,4,7,78.63110216406642,70,12,5,14,12,26,5,52,28,7,0,4,4,14,8,4,8,59,28,15,6,64,73,7,1,11,1987,0,0,0,12,-7.759976195187363,49.10988336402701,47.45762711864407,70,14.44327731092437,34.285714285714285,57.142857142857146,42.857142857142854,1.0909090909090908,2,4,9,78.63110216406642
S41G01N231,2022-2023,20230310,home,35,17,2,23,11,34,3,39,20,19,6,0,0,16,13,0,0,58,26,18,9,71,74,6,0,12,1989,0,0,0,12,9.29083290852985,54.581795817958174,50.0,86,15.57632398753894,44.0,81.25,65.38461538461539,1.4166666666666667,2,4,7,79.15535444947209,70,12,5,14,12,26,5,53,28,7,0,4,4,14,8,4,8,60,28,15,6,64,74,7,1,11,1989,0,0,0,12,-9.29083290852985,48.36759371221282,46.666666666666664,69,14.256091238983931,34.285714285714285,57.142857142857146,42.857142857142854,1.0909090909090908,2,4,9,79.15535444947209
S41G01N231,2022-2023,20230310,home,35,17,2,23,11,34,3,39,20,19,6,0,0,16,13,0,0,58,26,18,9,71,74,6,0,12,1990,0,0,0,12,7.759976195187363,54.581795817958174,50.0,86,15.57632398753894,44.0,81.25,65.38461538461539,1.4166666666666667,2,4,7,78.51256281407034,70,12,5,14,13,27,5,53,28,7,0,4,4,14,8,4,8,60,28,15,6,64,74,7,1,11,1990,0,0,0,12,-7.759976195187363,48.36759371221282,46.666666666666664,70,14.256091238983931,36.111111111111114,57.142857142857146,42.857142857142854,1.0909090909090908,2,4,9,78.51256281407034
S41G01N231,2022-2023,20230310,home,35,17,2,23,11,34,3,39,20,19,6,0,0,16,13,0,0,58,26,18,9,71,74,6,0,12,1991,0,0,0,12,9.29083290852985,54.581795817958174,50.0,86,15.57632398753894,44.0,81.25,65.38461538461539,1.4166666666666667,2,4,7,79.07584128578604,70,12,5,14,13,27,5,54,28,7,0,4,4,14,8,4,8,61,28,15,6,64,75,7,1,11,1991,0,0,0,12,-9.29083290852985,47.64740917212627,45.90163934426229,69,14.07369498464688,36.111111111111114,57.142857142857146,42.857142857142854,1.0909090909090908,2,4,9,79.07584128578604
S41G01N231,2022-2023,20230310,home,35,17,2,23,11,34,3,39,20,19,6,0,0,16,13,0,0,58,26,18,9,71,74,6,0,12,1992,0,0,0,12,7.759976195187363,54.581795817958174,50.0,86,15.57632398753894,44.0,81.25,65.38461538461539,1.4166666666666667,2,4,7,78.43373493975903,70,12,5,14,14,28,5,54,28,7,0,4,4,14,8,4,8,61,28,15,6,64,75,7,1,11,1992,0,0,0,12,-7.759976195187363,47.64740917212627,45.90163934426229,70,14.07369498464688,37.83783783783784,57.142857142857146,42.857142857142854,1.0909090909090908,2,4,9,78.43373493975903
S41G01N231,2022-2023,20230310,home,35,17,2,23,11,34,3,39,20,19,6,0,0,16,13,0,0,58,26,18,9,71,74,6,0,12,1993,0,0,0,12,6.2214651982781675,54.581795817958174,50.0,86,15.57632398753894,44.0,81.25,65.38461538461539,1.4166666666666667,2,4,7,78.9964877069744,70,12,5,14,14,28,5,55,29,7,0,4,4,14,8,4,8,62,29,15,6,66,76,7,1,11,1993,0,0,0,12,-6.2214651982781675,48.41549295774648,46.774193548387096,72,13.89590702374937,37.83783783783784,57.142857142857146,41.37931034482759,1.0909090909090908,2,4,9,78.9964877069744
S41G01N231,2022-2023,20230310,home,35,17,2,23,11,34,3,39,20,19,6,0,0,16,13,0,0,58,26,18,9,71,74,6,0,12,2013,0,0,0,12,6.2214651982781675,54.581795817958174,50.0,86,15.57632398753894,44.0,81.25,65.38461538461539,1.4166666666666667,2,4,7,78.21162444113263,70,12,5,14,14,28,5,55,29,7,0,4,4,14,8,4,8,62,29,16,7,66,76,7,1,11,2013,0,0,0,12,-6.2214651982781675,48.41549295774648,46.774193548387096,72,13.89590702374937,37.83783783783784,57.142857142857146,41.37931034482759,1.0909090909090908,2,4,9,78.21162444113263
S41G01N231,2022-2023,20230310,home,35,17,2,23,11,34,3,39,20,19,6,0,0,16,13,0,0,58,26,18,9,71,74,6,0,12,2013,0,0,0,12,6.2214651982781675,54.581795817958174,50.0,86,15.57632398753894,44.0,81.25,65.38461538461539,1.4166666666666667,2,4,7,78.21162444113263,70,12,5,14,14,28,5,55,29,7,0,4,4,14,8,4,8,62,29,16,7,66,76,7,1,11,2013,0,0,0,12,-6.2214651982781675,48.41549295774648,46.774193548387096,72,13.89590702374937,37.83783783783784,57.142857142857146,41.37931034482759,1.0909090909090908,2,4,9,78.21162444113263
S41G01N231,2022-2023,20230310,home,35,17,2,23,11,34,3,39,20,19,6,0,0,16,13,0,0,58,26,18,9,71,74,6,0,12,2013,0,0,0,12,6.2214651982781675,54.581795817958174,50.0,86,15.57632398753894,44.0,81.25,65.38461538461539,1.4166666666666667,2,4,7,78.21162444113263,70,12,5,14,14,28,5,55,29,7,0,4,4,14,8,4,8,62,29,16,7,66,76,7,1,11,2013,0,0,0,12,-6.2214651982781675,48.41549295774648,46.774193548387096,72,13.89590702374937,37.83783783783784,57.142857142857146,41.37931034482759,1.0909090909090908,2,4,9,78.21162444113263
S41G01N231,2022-2023,20230310,home,35,17,2,23,11,34,3,39,20,19,6,0,0,16,13,0,0,58,26,18,9,71,74,6,0,12,2013,0,0,0,12,6.2214651982781675,54.581795817958174,50.0,86,15.57632398753894,44.0,81.25,65.38461538461539,1.4166666666666667,2,4,7,78.21162444113263,70,12,5,14,14,28,5,55,29,7,0,4,4,14,8,4,8,62,29,16,7,66,76,7,1,11,2013,0,0,0,12,-6.2214651982781675,48.41549295774648,46.774193548387096,72,13.89590702374937,37.83783783783784,57.142857142857146,41.37931034482759,1.0909090909090908,2,4,9,78.21162444113263
S41G01N231,2022-2023,20230310,home,35,17,2,23,11,34,3,39,20,19,6,0,0,16,13,0,0,58,26,18,9,71,74,6,0,12,2013,0,0,0,12,6.2214651982781675,54.581795817958174,50.0,86,15.57632398753894,44.0,81.25,65.38461538461539,1.4166666666666667,2,4,7,78.21162444113263,70,12,5,14,14,28,5,55,29,7,0,4,4,14,8,4,8,62,29,16,7,66,76,7,1,11,2013,0,0,0,12,-6.2214651982781675,48.41549295774648,46.774193548387096,72,13.89590702374937,37.83783783783784,57.142857142857146,41.37931034482759,1.0909090909090908,2,4,9,78.21162444113263
S41G01N231,2022-2023,20230310,home,35,17,2,23,11,34,3,39,20,19,6,0,0,16,13,0,0,58,26,18,9,71,74,6,0,12,2013,0,0,0,12,6.2214651982781675,54.581795817958174,50.0,86,15.57632398753894,44.0,81.25,65.38461538461539,1.4166666666666667,2,4,7,78.21162444113263,70,12,5,14,14,28,5,55,29,7,0,4,4,14,8,4,8,62,29,16,7,66,76,7,1,11,2013,0,0,0,12,-6.2214651982781675,48.41549295774648,46.774193548387096,72,13.89590702374937,37.83783783783784,57.142857142857146,41.37931034482759,1.0909090909090908,2,4,9,78.21162444113263
S41G01N231,2022-2023,20230310,home,35,17,2,23,11,34,3,40,20,19,6,0,0,16,13,0,0,59,26,18,9,71,75,6,0,12,2030,0,0,0,12,4.617786802744405,53.75529981829194,49.152542372881356,85,15.376729882111736,44.0,81.25,65.38461538461539,1.4166666666666667,2,4,7,78.14778325123153,70,12,5,14,14,28,5,55,29,7,0,4,4,14,8,4,8,62,29,16,7,66,76,7,1,11,2030,0,0,0,12,-4.617786802744405,48.41549295774648,46.774193548387096,72,13.89590702374937,37.83783783783784,57.142857142857146,41.37931034482759,1.0909090909090908,2,4,9,78.14778325123153
S41G01N231,2022-2023,20230310,home,35,17,2,23,11,34,3,40,20,19,6,0,0,16,13,0,0,59,26,18,9,71,75,6,1,12,2030,0,0,0,13,4.617786802744405,53.75529981829194,49.152542372881356,84,15.376729882111736,44.0,81.25,65.38461538461539,1.4166666666666667,2,4,7,78.14778325123153,70,12,5,14,14,28,5,55,29,7,0,4,4,14,8,4,8,62,29,16,7,66,76,7,1,11,2030,0,0,0,12,-4.617786802744405,48.41549295774648,46.774193548387096,72,13.89590702374937,37.83783783783784,57.142857142857146,41.37931034482759,1.0909090909090908,2,4,9,78.14778325123153
S41G01N231,2022-2023,20230310,home,35,17,2,23,11,34,3,40,20,19,6,0,0,16,13,0,0,59,26,18,9,71,75,6,1,12,2030,0,0,0,13,4.617786802744405,53.75529981829194,49.152542372881356,84,15.376729882111736,44.0,81.25,65.38461538461539,1.4166666666666667,2,4,7,78.14778325123153,70,12,5,14,14,28,6,55,29,7,0,4,4,14,8,4,8,62,29,16,7,66,76,7,1,11,2030,0,0,0,12,-4.617786802744405,48.41549295774648,46.774193548387096,73,13.89590702374937,37.83783783783784,57.142857142857146,41.37931034482759,1.0909090909090908,2,4,9,78.14778325123153
S41G01N231,2022-2023,20230310,home,35,17,2,23,11,34,3,40,20,19,6,0,0,16,13,0,0,59,26,18,9,71,75,6,1,12,2047,0,0,0,13,3.125784602597875,53.75529981829194,49.152542372881356,84,15.376729882111736,44.0,81.25,65.38461538461539,1.4166666666666667,4,4,7,78.08500244259892,70,12,5,14,14,28,6,56,30,7,0,4,4,14,8,4,8,63,30,16,7,68,77,7,1,11,2047,0,0,0,12,-3.125784602597875,49.16136495083864,47.61904761904762,75,13.72255489021956,37.83783783783784,57.142857142857146,40.0,1.0909090909090908,4,4,9,78.08500244259892
S41G01N231,2022-2023,20230310,home,35,17,2,23,11,34,3,40,20,19,6,0,0,16,13,0,0,59,26,18,9,71,75,6,1,12,2047,0,0,0,13,3.125784602597875,53.75529981829194,49.152542372881356,84,15.376729882111736,44.0,81.25,65.38461538461539,1.4166666666666667,4,4,7,78.08500244259892,70,13,5,14,14,28,6,56,30,7,0,4,4,14,8,4,8,63,30,16,7,68,77,7,1,11,2047,0,0,0,12,-3.125784602597875,49.16136495083864,47.61904761904762,76,13.72255489021956,37.83783783783784,57.142857142857146,43.333333333333336,1.1818181818181819,4,4,9,78.08500244259892
S41G01N231,2022-2023,20230310,home,35,17,2,23,11,34,3,40,20,19,6,0,0,16,13,0,0,59,26,18,9,71,75,6,1,12,2047,0,0,0,13,3.125784602597875,53.75529981829194,49.152542372881356,84,15.376729882111736,44.0,81.25,65.38461538461539,1.4166666666666667,4,4,7,78.08500244259892,70,13,5,14,14,28,6,56,30,7,0,4,4,14,8,4,8,63,30,16,7,68,77,7,1,11,2047,0,0,0,12,-3.125784602597875,49.16136495083864,47.61904761904762,76,13.72255489021956,37.83783783783784,57.142857142857146,43.333333333333336,1.1818181818181819,4,4,9,78.08500244259892
S41G01N231,2022-2023,20230310,home,35,17,2,23,11,34,3,41,20,19,6,0,0,16,13,0,0,60,26,18,9,71,76,6,1,12,2064,0,0,0,13,1.5692454897076544,52.95346062052506,48.333333333333336,83,15.182186234817813,44.0,81.25,65.38461538461539,1.4166666666666667,4,4,7,78.02325581395348,70,13,5,14,14,28,6,56,30,7,0,4,4,14,8,4,8,63,30,16,7,68,77,7,1,11,2064,0,0,0,12,-1.5692454897076544,49.16136495083864,47.61904761904762,76,13.72255489021956,37.83783783783784,57.142857142857146,43.333333333333336,1.1818181818181819,4,4,9,78.02325581395348
S41G01N231,2022-2023,20230310,home,35,17,2,23,11,34,3,41,20,19,6,0,0,16,13,0,0,60,26,18,9,71,76,6,1,12,2065,0,0,0,13,1.5692454897076544,52.95346062052506,48.333333333333336,83,15.182186234817813,42.30769230769231,81.25,65.38461538461539,1.4166666666666667,4,4,7,77.98547215496367,70,13,5,15,14,29,6,56,30,7,0,4,4,14,8,4,8,63,30,16,7,68,77,7,1,11,2065,0,0,0,12,-1.5692454897076544,49.16136495083864,47.61904761904762,77,13.72255489021956,37.83783783783784,57.142857142857146,43.333333333333336,1.1818181818181819,4,4,9,77.98547215496367
S41G01N231,2022-2023,20230310,home,35,17,2,23,11,34,3,41,20,19,6,0,0,16,13,0,0,60,26,18,9,71,76,6,1,12,2088,0,0,0,13,3.0996376373915666,52.95346062052506,48.333333333333336,83,15.182186234817813,42.30769230769231,81.25,65.38461538461539,1.4166666666666667,4,4,7,77.70114942528734,70,13,5,15,14,29,6,57,30,7,0,4,4,14,8,4,8,64,30,16,7,68,78,7,1,11,2088,0,0,0,12,-3.0996376373915666,48.460661345496014,46.875,76,13.553474618038443,37.83783783783784,57.142857142857146,43.333333333333336,1.1818181818181819,4,4,9,77.70114942528734
S41G01N231,2022-2023,20230310,home,35,17,2,23,11,34,3,41,20,19,6,0,0,16,13,0,0,60,26,18,9,71,76,6,1,12,2091,0,0,0,13,1.5692454897076544,52.95346062052506,48.333333333333336,83,15.182186234817813,42.30769230769231,81.25,65.38461538461539,1.4166666666666667,4,4,7,77.0157819225251,70,13,5,15,15,30,6,57,30,7,0,4,4,14,8,4,8,64,30,16,7,68,78,7,1,11,2091,0,0,0,12,-1.5692454897076544,48.460661345496014,46.875,77,13.553474618038443,39.473684210526315,57.142857142857146,43.333333333333336,1.1818181818181819,4,4,9,77.0157819225251
S41G01N231,2022-2023,20230310,home,35,17,2,23,11,34,3,41,20,19,6,0,0,16,13,0,0,60,26,19,9,71,76,6,1,12,2091,0,0,0,13,1.5692454897076544,52.95346062052506,48.333333333333336,83,15.182186234817813,42.30769230769231,81.25,65.38461538461539,1.4166666666666667,4,4,7,77.0157819225251,70,13,5,15,15,30,6,57,30,7,0,4,4,14,8,4,8,64,30,16,7,68,78,7,1,11,2091,0,0,0,12,-1.5692454897076544,48.460661345496014,46.875,77,13.553474618038443,39.473684210526315,57.142857142857146,43.333333333333336,1.1818181818181819,4,4,9,77.0157819225251
S41G01N231,2022-2023,20230310,home,35,17,2,23,11,34,3,41,20,19,6,0,0,16,13,0,0,60,26,19,9,71,76,6,1,12,2091,0,0,0,13,1.5692454897076544,52.95346062052506,48.333333333333336,83,15.182186234817813,42.30769230769231,81.25,65.38461538461539,1.4166666666666667,4,4,7,77.0157819225251,70,13,5,15,15,30,6,57,30,7,0,4,4,14,8,4,8,64,30,16,7,68,78,7,1,11,2091,0,0,0,12,-1.5692454897076544,48.460661345496014,46.875,77,13.553474618038443,39.473684210526315,57.142857142857146,43.333333333333336,1.1818181818181819,4,4,9,77.0157819225251
S41G01N231,2022-2023,20230310,home,35,17,2,23,11,34,3,41,20,19,6,0,0,16,13,0,0,60,26,19,9,71,76,6,1,12,2091,0,0,0,13,1.5692454897076544,52.95346062052506,48.333333333333336,83,15.182186234817813,42.30769230769231,81.25,65.38461538461539,1.4166666666666667,4,4,7,77.0157819225251,70,14,5,15,15,30,6,57,30,7,0,4,4,14,8,4,8,64,30,16,7,68,78,7,1,11,2091,0,0,0,12,-1.5692454897076544,48.460661345496014,46.875,78,13.553474618038443,39.473684210526315,57.142857142857146,46.666666666666664,1.2727272727272727,4,4,9,77.0157819225251
S41G01N231,2022-2023,20230310,home,35,17,2,23,11,34,3,41,20,19,6,0,0,16,13,0,0,60,26,19,9,71,76,6,1,12,2091,0,0,0,13,1.5692454897076544,52.95346062052506,48.333333333333336,83,15.182186234817813,42.30769230769231,81.25,65.38461538461539,1.4166666666666667,4,4,7,77.0157819225251,70,14,5,15,15,30,6,57,30,7,0,4,4,14,8,4,8,64,30,16,7,68,78,7,1,11,2091,0,0,0,12,-1.5692454897076544,48.460661345496014,46.875,78,13.553474618038443,39.473684210526315,57.142857142857146,46.666666666666664,1.2727272727272727,4,4,9,77.0157819225251
S41G01N231,2022-2023,20230310,home,35,17,2,23,11,34,3,41,20,19,6,0,0,16,13,0,0,60,26,19,9,71,76,6,1,12,2091,0,0,0,13,1.5692454897076544,52.95346062052506,48.333333333333336,83,15.182186234817813,42.30769230769231,81.25,65.38461538461539,1.4166666666666667,4,4,7,77.0157819225251,70,14,5,15,15,30,6,57,30,7,0,4,4,14,8,4,8,64,30,16,7,68,78,7,1,11,2091,0,0,0,12,-1.5692454897076544,48.460661345496014,46.875,78,13.553474618038443,39.473684210526315,57.142857142857146,46.666666666666664,1.2727272727272727,4,4,9,77.0157819225251
S41G01N231,2022-2023,20230310,home,35,17,2,23,11,34,3,41,20,19,6,0,0,16,13,0,0,60,26,19,9,71,76,6,1,12,2091,0,0,0,13,0.7467785245562766,52.95346062052506,48.333333333333336,83,15.182186234817813,42.30769230769231,81.25,65.38461538461539,1.4166666666666667,5,4,7,77.26829268292681,70,14,5,15,15,30,6,57,30,7,0,4,4,15,9,4,8,64,30,16,7,69,79,7,1,11,2091,0,0,0,12,-0.7467785245562766,48.86685552407933,46.875,79,13.480392156862745,39.473684210526315,60.0,46.666666666666664,1.2727272727272727,5,4,9,77.26829268292681
S41G01N231,2022-2023,20230310,home,35,17,2,23,11,34,3,41,20,19,6,0,0,16,13,0,0,60,26,19,9,71,76,6,1,12,2091,0,0,0,13,-0.06489233484725787,52.95346062052506,48.333333333333336,83,15.182186234817813,42.30769230769231,81.25,65.38461538461539,1.4166666666666667,6,4,7,77.52080344332856,70,14,5,15,15,30,6,57,30,7,0,4,4,16,10,4,8,64,30,16,7,70,80,7,1,11,2091,0,0,0,12,0.06489233484725787,49.26801801801801,46.875,80,13.408093612871768,39.473684210526315,62.5,46.666666666666664,1.2727272727272727,6,4,9,77.52080344332856
S41G01N231,2022-2023,20230310,home,35,17,2,23,11,34,3,41,20,19,6,0,0,16,13,0,0,60,26,19,9,71,76,6,1,12,2105,0,0,0,13,-0.06489233484725787,52.95346062052506,48.333333333333336,83,15.182186234817813,42.30769230769231,81.25,65.38461538461539,1.4166666666666667,6,4,7,77.00522565320667,70,14,5,15,15,30,6,57,30,7,0,4,4,16,10,4,8,64,30,17,8,70,80,7,1,11,2105,0,0,0,12,0.06489233484725787,49.26801801801801,46.875,80,13.408093612871768,39.473684210526315,62.5,46.666666666666664,1.2727272727272727,6,4,9,77.00522565320667
S41G01N231,2022-2023,20230310,home,35,17,2,23,11,34,3,41,20,19,6,0,0,16,13,0,0,60,26,19,9,71,76,6,1,12,2105,0,0,0,13,-0.06489233484725787,52.95346062052506,48.333333333333336,83,15.182186234817813,42.30769230769231,81.25,65.38461538461539,1.4166666666666667,6,4,7,77.00522565320667,70,14,5,15,15,30,6,57,30,7,0,4,4,16,10,4,8,64,30,17,8,70,80,7,1,11,2105,0,0,0,12,0.06489233484725787,49.26801801801801,46.875,80,13.408093612871768,39.473684210526315,62.5,46.666666666666664,1.2727272727272727,6,4,9,77.00522565320667
S41G01N231,2022-2023,20230310,home,35,17,2,23,11,34,3,42,21,19,6,0,0,16,13,0,0,61,27,19,9,73,77,6,1,12,2118,0,0,0,13,1.3205308672361724,53.64491475602586,49.18032786885246,85,14.992503748125936,42.30769230769231,81.25,62.96296296296296,1.4166666666666667,2,4,7,77.09915014164307,70,14,5,15,15,30,6,57,30,7,0,4,4,16,10,4,8,64,30,17,8,70,80,7,1,11,2118,0,0,0,12,-1.3205308672361724,49.26801801801801,46.875,80,13.408093612871768,39.473684210526315,62.5,46.666666666666664,1.2727272727272727,2,4,9,77.09915014164307
S41G01N231,2022-2023,20230310,home,35,17,2,23,11,34,3,42,21,19,6,0,0,16,13,0,0,61,27,19,9,73,77,6,1,12,2137,0,0,0,13,2.855146894029346,53.64491475602586,49.18032786885246,85,14.992503748125936,42.30769230769231,81.25,62.96296296296296,1.4166666666666667,2,4,7,76.97519887693028,70,14,5,15,15,30,6,57,30,8,0,4,4,16,10,4,8,65,30,17,8,70,81,7,1,11,2137,0,0,0,12,-2.855146894029346,48.584119933370346,46.15384615384615,79,13.246628131021193,39.473684210526315,62.5,46.666666666666664,1.2727272727272727,2,4,9,76.97519887693028
S41G01N231,2022-2023,20230310,home,35,17,2,23,11,34,3,42,21,19,6,0,0,16,13,0,0,61,27,19,9,73,77,6,1,12,2140,0,0,0,13,1.3205308672361724,53.64491475602586,49.18032786885246,85,14.992503748125936,42.30769230769231,81.25,62.96296296296296,1.4166666666666667,2,4,7,76.30654205607476,70,14,5,15,16,31,6,57,30,8,0,4,4,16,10,4,8,65,30,17,8,70,81,7,1,11,2140,0,0,0,12,-1.3205308672361724,48.584119933370346,46.15384615384615,80,13.246628131021193,41.02564102564103,62.5,46.666666666666664,1.2727272727272727,2,4,9,76.30654205607476
S41G01N231,2022-2023,20230310,home,35,17,2,23,11,34,3,42,21,19,6,0,0,16,13,0,0,61,27,19,9,73,77,6,1,12,2140,0,0,0,13,2.855146894029346,53.64491475602586,49.18032786885246,85,14.992503748125936,42.30769230769231,81.25,62.96296296296296,1.4166666666666667,2,4,7,76.86728971962617,70,14,5,15,16,31,6,58,30,8,0,4,4,16,10,4,8,66,30,17,8,70,82,7,1,11,2140,0,0,0,12,-2.855146894029346,47.91894852135815,45.45454545454545,79,13.089005235602093,41.02564102564103,62.5,46.666666666666664,1.2727272727272727,2,4,9,76.86728971962617
S41G01N231,2022-2023,20230310,home,35,17,3,23,11,34,3,42,21,19,6,0,0,16,13,0,0,61,27,19,9,73,77,6,1,12,2140,0,0,0,13,2.855146894029346,53.64491475602586,49.18032786885246,86,14.992503748125936,42.30769230769231,81.25,62.96296296296296,1.4166666666666667,2,4,7,76.86728971962617,70,14,5,15,16,31,6,58,30,8,0,4,4,16,10,4,8,66,30,17,8,70,82,7,1,11,2140,0,0,0,12,-2.855146894029346,47.91894852135815,45.45454545454545,79,13.089005235602093,41.02564102564103,62.5,46.666666666666664,1.2727272727272727,2,4,9,76.86728971962617
S41G01N231,2022-2023,20230310,home,35,17,3,23,11,34,3,42,21,19,6,0,0,16,13,0,0,61,27,19,9,73,77,6,1,12,2140,0,0,0,13,2.855146894029346,53.64491475602586,49.18032786885246,86,14.992503748125936,42.30769230769231,81.25,62.96296296296296,1.4166666666666667,2,4,7,76.86728971962617,70,14,5,15,16,31,7,58,30,8,0,4,4,16,10,4,8,66,30,17,8,70,82,7,1,11,2140,0,0,0,12,-2.855146894029346,47.91894852135815,45.45454545454545,80,13.089005235602093,41.02564102564103,62.5,46.666666666666664,1.2727272727272727,2,4,9,76.86728971962617
S41G01N231,2022-2023,20230310,home,35,17,3,23,11,34,3,42,21,19,6,0,0,16,13,0,0,61,27,19,9,73,77,6,1,12,2152,0,0,0,13,1.4484356894553798,53.64491475602586,49.18032786885246,86,14.992503748125936,42.30769230769231,81.25,62.96296296296296,1.4166666666666667,2,4,7,76.99628252788105,70,14,5,15,16,31,7,59,31,8,0,4,4,16,10,4,8,67,31,17,8,72,83,7,1,11,2152,0,0,0,12,-1.4484356894553798,48.6223662884927,46.26865671641791,82,12.935089369708372,41.02564102564103,62.5,45.16129032258065,1.2727272727272727,2,4,9,76.99628252788105
S41G01N231,2022-2023,20230310,home,35,17,3,23,11,34,3,42,21,19,6,0,0,16,13,0,0,61,27,19,9,73,77,6,1,13,2165,0,0,0,14,-0.06121315877767586,53.64491475602586,49.18032786885246,85,16.041461006910165,42.30769230769231,81.25,62.96296296296296,1.3076923076923077,2,4,7,77.08822170900693,70,14,5,15,16,31,7,59,31,8,0,4,4,16,10,4,8,67,31,17,8,72,83,7,1,11,2165,0,0,0,12,0.06121315877767586,48.6223662884927,46.26865671641791,82,12.935089369708372,41.02564102564103,62.5,45.16129032258065,1.2727272727272727,2,4,9,77.08822170900693
S41G01N231,2022-2023,20230310,home,35,17,3,23,11,34,3,42,21,19,6,0,0,16,13,0,0,61,27,19,9,73,77,6,1,13,2166,0,0,0,14,-0.06121315877767586,53.64491475602586,49.18032786885246,85,16.041461006910165,42.30769230769231,81.25,62.96296296296296,1.3076923076923077,2,4,7,77.05263157894738,70,14,5,15,16,31,7,59,31,8,0,4,4,16,10,4,8,67,31,17,8,72,83,8,1,11,2166,0,0,0,12,0.06121315877767586,48.6223662884927,46.26865671641791,83,12.935089369708372,41.02564102564103,62.5,45.16129032258065,1.2727272727272727,2,4,9,77.05263157894738
S41G01N231,2022-2023,20230310,home,35,17,3,23,11,34,3,42,21,19,6,0,0,16,13,0,0,61,27,19,9,73,77,6,1,13,2180,0,0,0,14,-1.4277555682467238,53.64491475602586,49.18032786885246,85,16.041461006910165,42.30769230769231,81.25,62.96296296296296,1.3076923076923077,4,5,7,77.10825688073396,70,14,5,15,16,31,7,60,32,8,0,4,4,16,10,4,8,68,32,17,8,74,84,8,1,11,2180,0,0,0,12,1.4277555682467238,49.30703624733475,47.05882352941177,85,12.784751278475127,41.02564102564103,62.5,43.75,1.2727272727272727,4,5,9,77.10825688073396
S41G01N231,2022-2023,20230310,home,35,17,3,23,11,34,3,43,22,19,6,0,0,16,13,0,0,62,28,19,9,75,78,6,1,13,2199,0,0,0,14,-0.07958772593268293,54.31633835457705,50.0,87,15.84592881521209,42.30769230769231,81.25,60.714285714285715,1.3076923076923077,2,6,7,76.98772169167805,70,14,5,15,16,31,7,60,32,8,0,4,4,16,10,4,8,68,32,17,8,74,84,8,1,11,2199,0,0,0,12,0.07958772593268293,49.30703624733475,47.05882352941177,85,12.784751278475127,41.02564102564103,62.5,43.75,1.2727272727272727,2,6,9,76.98772169167805
S41G01N231,2022-2023,20230310,home,35,18,3,23,11,34,3,43,22,19,6,0,0,16,13,0,0,62,28,19,9,75,78,6,1,13,2199,0,0,0,14,-0.07958772593268293,54.31633835457705,50.0,88,15.84592881521209,42.30769230769231,81.25,64.28571428571429,1.3846153846153846,2,6,7,76.98772169167805,70,14,5,15,16,31,7,60,32,8,0,4,4,16,10,4,8,68,32,17,8,74,84,8,1,11,2199,0,0,0,12,0.07958772593268293,49.30703624733475,47.05882352941177,85,12.784751278475127,41.02564102564103,62.5,43.75,1.2727272727272727,2,6,9,76.98772169167805
S41G01N231,2022-2023,20230310,home,35,18,3,23,11,34,3,43,22,19,6,0,0,16,13,0,0,62,28,19,9,75,78,6,1,13,2222,0,0,0,14,-1.4076576576576656,54.31633835457705,50.0,88,15.84592881521209,42.30769230769231,81.25,64.28571428571429,1.3846153846153846,2,7,7,76.73087308730874,70,14,5,15,16,31,7,61,33,8,0,4,4,16,10,4,8,69,33,17,8,76,85,8,1,11,2222,0,0,0,12,1.4076576576576656,49.973698053655966,47.82608695652174,87,12.637867647058822,41.02564102564103,62.5,42.42424242424242,1.2727272727272727,2,7,9,76.73087308730874
S41G01N231,2022-2023,20230310,home,35,18,3,23,11,34,3,43,22,19,6,0,0,16,13,0,0,62,28,19,9,75,78,6,1,13,2229,0,0,0,14,-1.4076576576576656,54.31633835457705,50.0,88,15.84592881521209,42.30769230769231,81.25,64.28571428571429,1.3846153846153846,2,7,7,76.4899057873486,70,14,5,15,16,31,7,61,33,8,0,4,4,16,10,4,8,69,33,18,8,76,85,8,1,11,2229,0,0,0,12,1.4076576576576656,49.973698053655966,47.82608695652174,87,12.637867647058822,41.02564102564103,62.5,42.42424242424242,1.2727272727272727,2,7,9,76.4899057873486
S41G01N231,2022-2023,20230310,home,35,18,3,23,11,34,3,43,22,19,6,0,0,16,13,0,0,62,28,19,9,75,78,6,1,13,2229,0,0,0,14,-1.4076576576576656,54.31633835457705,50.0,88,15.84592881521209,42.30769230769231,81.25,64.28571428571429,1.3846153846153846,2,7,7,76.4899057873486,70,14,5,15,16,31,7,61,33,8,0,4,4,16,10,4,8,69,33,18,8,76,85,8,1,11,2229,0,0,0,12,1.4076576576576656,49.973698053655966,47.82608695652174,87,12.637867647058822,41.02564102564103,62.5,42.42424242424242,1.2727272727272727,2,7,9,76.4899057873486
S41G01N231,2022-2023,20230310,home,35,18,3,23,11,34,3,43,22,19,6,0,0,17,14,0,0,62,28,19,9,76,79,6,1,13,2229,0,0,0,14,-0.6585348639069935,54.69199769717904,50.0,89,15.761396702230844,42.30769230769231,82.3529411764706,64.28571428571429,1.3846153846153846,1,7,7,76.72678331090177,70,14,5,15,16,31,7,61,33,8,0,4,4,16,10,4,8,69,33,18,8,76,85,8,1,11,2229,0,0,0,12,0.6585348639069935,49.973698053655966,47.82608695652174,87,12.637867647058822,41.02564102564103,62.5,42.42424242424242,1.2727272727272727,1,7,9,76.72678331090177
S41G01N231,2022-2023,20230310,home,35,18,3,23,11,34,3,43,22,19,6,0,0,18,15,0,0,62,28,19,9,77,80,6,1,13,2229,0,0,0,14,0.08142179999799737,55.06292906178489,50.0,90,15.67776169802219,42.30769230769231,83.33333333333333,64.28571428571429,1.3846153846153846,2,8,7,76.96366083445493,70,14,5,15,16,31,7,61,33,8,0,4,4,16,10,4,8,69,33,18,8,76,85,8,1,11,2229,0,0,0,12,-0.08142179999799737,49.973698053655966,47.82608695652174,87,12.637867647058822,41.02564102564103,62.5,42.42424242424242,1.2727272727272727,2,8,9,76.96366083445493
S41G01N231,2022-2023,20230310,home,35,18,3,23,11,34,3,43,22,19,6,0,0,18,15,0,0,62,28,19,9,77,80,6,1,13,2229,0,0,0,14,0.08142179999799737,55.06292906178489,50.0,90,15.67776169802219,42.30769230769231,83.33333333333333,64.28571428571429,1.3846153846153846,2,8,7,76.96366083445493,70,14,5,15,16,31,7,61,33,8,0,4,4,16,10,4,8,69,33,18,8,76,85,8,1,11,2229,0,0,0,12,-0.08142179999799737,49.973698053655966,47.82608695652174,87,12.637867647058822,41.02564102564103,62.5,42.42424242424242,1.2727272727272727,2,8,9,76.96366083445493
S41G01N231,2022-2023,20230310,home,35,18,3,23,11,34,3,43,22,19,6,0,0,18,15,0,0,62,28,19,9,77,80,6,1,13,2229,0,0,0,14,0.08142179999799737,55.06292906178489,50.0,90,15.67776169802219,42.30769230769231,83.33333333333333,64.28571428571429,1.3846153846153846,2,8,7,76.96366083445493,70,14,5,15,16,31,7,61,33,8,0,4,4,16,10,4,8,69,33,18,8,76,85,8,1,11,2229,0,0,0,12,-0.08142179999799737,49.973698053655966,47.82608695652174,87,12.637867647058822,41.02564102564103,62.5,42.42424242424242,1.2727272727272727,2,8,9,76.96366083445493
S41G01N231,2022-2023,20230310,home,35,18,3,23,11,34,3,43,22,19,6,0,0,18,15,0,0,62,28,19,9,77,80,6,1,13,2229,0,0,0,14,0.08142179999799737,55.06292906178489,50.0,90,15.67776169802219,42.30769230769231,83.33333333333333,64.28571428571429,1.3846153846153846,2,8,7,76.96366083445493,70,14,5,15,16,31,7,61,33,8,0,4,4,16,10,4,8,69,33,18,8,76,85,8,1,11,2229,0,0,0,12,-0.08142179999799737,49.973698053655966,47.82608695652174,87,12.637867647058822,41.02564102564103,62.5,42.42424242424242,1.2727272727272727,2,8,9,76.96366083445493
S41G01N231,2022-2023,20230310,home,35,18,3,23,11,34,3,43,22,19,6,0,0,18,15,0,0,62,28,19,9,77,80,6,1,13,2249,0,0,0,14,1.5664576409472204,55.06292906178489,50.0,90,15.67776169802219,42.30769230769231,83.33333333333333,64.28571428571429,1.3846153846153846,2,8,7,76.81280569141842,70,14,5,15,16,31,7,62,33,8,0,4,4,16,10,4,8,70,33,18,8,76,86,8,1,11,2249,0,0,0,12,-1.5664576409472204,49.325025960539975,47.142857142857146,86,12.494320763289412,41.02564102564103,62.5,42.42424242424242,1.2727272727272727,2,8,9,76.81280569141842
S41G01N231,2022-2023,20230310,home,35,18,3,24,11,35,3,43,22,19,6,0,0,18,15,0,0,62,28,19,9,77,80,6,1,13,2252,0,0,0,14,1.5664576409472204,55.06292906178489,50.0,91,15.67776169802219,42.30769230769231,83.33333333333333,64.28571428571429,1.3846153846153846,2,8,7,76.71047957371226,70,14,5,15,16,31,7,62,33,8,0,4,4,16,10,4,8,70,33,18,8,76,86,8,1,11,2252,0,0,0,12,-1.5664576409472204,49.325025960539975,47.142857142857146,86,12.494320763289412,40.0,62.5,42.42424242424242,1.2727272727272727,2,8,9,76.71047957371226
S41G01N231,2022-2023,20230310,home,35,18,3,24,11,35,3,43,22,20,6,0,0,18,15,0,0,63,28,19,9,77,81,6,1,13,2272,0,0,0,14,0.09822665106817396,54.28652002256063,49.20634920634921,90,15.490943755958055,42.30769230769231,83.33333333333333,64.28571428571429,1.3846153846153846,2,8,7,76.56338028169014,70,14,5,15,16,31,7,62,33,8,0,4,4,16,10,4,8,70,33,18,8,76,86,8,1,11,2272,0,0,0,12,-0.09822665106817396,49.325025960539975,47.142857142857146,86,12.494320763289412,40.0,62.5,42.42424242424242,1.2727272727272727,2,8,9,76.56338028169014
S41G01N231,2022-2023,20230310,home,35,18,3,24,11,35,3,43,22,20,6,0,0,18,15,0,0,63,28,19,9,77,81,6,1,13,2275,0,0,0,14,0.09822665106817396,54.28652002256063,49.20634920634921,90,15.490943755958055,40.74074074074074,83.33333333333333,64.28571428571429,1.3846153846153846,2,8,7,76.46241758241759,70,14,5,16,16,32,7,62,33,8,0,4,4,16,10,4,8,70,33,18,8,76,86,8,1,11,2275,0,0,0,12,-0.09822665106817396,49.325025960539975,47.142857142857146,87,12.494320763289412,40.0,62.5,42.42424242424242,1.2727272727272727,2,8,9,76.46241758241759
S41G01N231,2022-2023,20230310,home,35,18,3,24,11,35,3,43,22,20,6,0,0,18,15,0,0,63,28,19,9,77,81,6,1,13,2285,0,0,0,14,1.5425988600089227,54.28652002256063,49.20634920634921,90,15.490943755958055,40.74074074074074,83.33333333333333,64.28571428571429,1.3846153846153846,2,8,7,76.65295404814005,70,14,5,16,16,32,7,63,33,8,0,4,4,16,10,4,8,71,33,18,8,76,87,8,1,11,2285,0,0,0,12,-1.5425988600089227,48.6929779600205,46.478873239436616,86,12.353998203054806,40.0,62.5,42.42424242424242,1.2727272727272727,2,8,9,76.65295404814005
S41G01N231,2022-2023,20230310,home,35,18,3,25,11,36,3,43,22,20,6,0,0,18,15,0,0,63,28,19,9,77,81,6,1,13,2287,0,0,0,14,1.5425988600089227,54.28652002256063,49.20634920634921,91,15.490943755958055,40.74074074074074,83.33333333333333,64.28571428571429,1.3846153846153846,2,8,7,76.58592041976388,70,14,5,16,16,32,7,63,33,8,0,4,4,16,10,4,8,71,33,18,8,76,87,8,1,11,2287,0,0,0,12,-1.5425988600089227,48.6929779600205,46.478873239436616,86,12.353998203054806,39.02439024390244,62.5,42.42424242424242,1.2727272727272727,2,8,9,76.58592041976388
S41G01N231,2022-2023,20230310,home,35,18,3,25,11,36,3,44,23,20,6,0,0,18,15,0,0,64,29,19,9,79,82,6,1,13,2297,0,0,0,14,2.8197204402023743,54.92213570634038,50.0,93,15.308525671219972,40.74074074074074,83.33333333333333,62.06896551724138,1.3846153846153846,4,8,7,76.77492381367,70,14,5,16,16,32,7,63,33,8,0,4,4,16,10,4,8,71,33,18,8,76,87,8,1,11,2297,0,0,0,12,-2.8197204402023743,48.6929779600205,46.478873239436616,86,12.353998203054806,39.02439024390244,62.5,42.42424242424242,1.2727272727272727,4,8,9,76.77492381367
S41G01N231,2022-2023,20230310,home,35,19,3,25,11,36,3,44,23,20,6,0,0,18,15,0,0,64,29,19,9,79,82,6,1,13,2297,0,0,0,14,2.8197204402023743,54.92213570634038,50.0,94,15.308525671219972,40.74074074074074,83.33333333333333,65.51724137931035,1.4615384615384615,4,8,7,76.77492381367,70,14,5,16,16,32,7,63,33,8,0,4,4,16,10,4,8,71,33,18,8,76,87,8,1,11,2297,0,0,0,12,-2.8197204402023743,48.6929779600205,46.478873239436616,86,12.353998203054806,39.02439024390244,62.5,42.42424242424242,1.2727272727272727,4,8,9,76.77492381367
S41G01N231,2022-2023,20230310,home,35,19,3,25,11,36,3,44,23,20,6,0,0,18,15,0,0,64,29,19,9,79,82,6,1,13,2316,0,0,0,14,4.225076652143116,54.92213570634038,50.0,94,15.308525671219972,40.74074074074074,83.33333333333333,65.51724137931035,1.4615384615384615,4,8,7,76.66321243523316,70,14,5,16,16,32,7,64,33,8,0,4,4,16,10,4,8,72,33,18,8,76,88,8,1,11,2316,0,0,0,12,-4.225076652143116,48.07692307692307,45.833333333333336,85,12.216792536650377,39.02439024390244,62.5,42.42424242424242,1.2727272727272727,4,8,9,76.66321243523316
S41G01N231,2022-2023,20230310,home,35,19,3,25,11,36,3,44,23,20,6,0,0,18,15,0,0,64,29,19,9,79,82,6,1,13,2319,0,0,0,14,2.8197204402023743,54.92213570634038,50.0,94,15.308525671219972,40.74074074074074,83.33333333333333,65.51724137931035,1.4615384615384615,4,8,7,76.04657179818888,70,14,5,16,17,33,7,64,33,8,0,4,4,16,10,4,8,72,33,18,8,76,88,8,1,11,2319,0,0,0,12,-2.8197204402023743,48.07692307692307,45.833333333333336,86,12.216792536650377,40.476190476190474,62.5,42.42424242424242,1.2727272727272727,4,8,9,76.04657179818888
S41G01N231,2022-2023,20230310,home,35,19,3,25,11,36,3,44,23,20,6,0,0,18,15,0,0,64,29,19,9,79,82,6,1,13,2321,0,0,0,14,4.225076652143116,54.92213570634038,50.0,94,15.308525671219972,40.74074074074074,83.33333333333333,65.51724137931035,1.4615384615384615,4,8,7,76.49806118052564,70,14,5,16,17,33,7,65,33,8,0,4,4,16,10,4,8,73,33,18,8,76,89,8,1,11,2321,0,0,0,12,-4.225076652143116,47.47626186906546,45.205479452054796,85,12.082601054481545,40.476190476190474,62.5,42.42424242424242,1.2727272727272727,4,8,9,76.49806118052564
S41G01N231,2022-2023,20230310,home,35,19,3,25,11,36,3,44,23,20,6,0,0,18,15,0,0,64,29,19,9,79,82,6,1,13,2321,0,0,0,14,2.8197204402023743,54.92213570634038,50.0,94,15.308525671219972,40.74074074074074,83.33333333333333,65.51724137931035,1.4615384615384615,4,8,7,75.98104265402844,70,14,5,16,18,34,7,65,33,8,0,4,4,16,10,4,8,73,33,18,8,76,89,8,1,11,2321,0,0,0,12,-2.8197204402023743,47.47626186906546,45.205479452054796,86,12.082601054481545,41.86046511627907,62.5,42.42424242424242,1.2727272727272727,4,8,9,75.98104265402844
S41G01N231,2022-2023,20230310,home,35,19,3,25,11,36,3,44,23,20,6,0,0,18,15,0,0,64,29,19,9,79,82,6,1,13,2325,0,0,0,14,4.225076652143116,54.92213570634038,50.0,94,15.308525671219972,40.74074074074074,83.33333333333333,65.51724137931035,1.4615384615384615,4,8,7,76.36645161290323,70,14,5,16,18,34,7,65,33,9,0,4,4,16,10,4,8,74,33,18,8,76,90,8,1,11,2325,0,0,0,12,-4.225076652143116,46.89042448173741,44.5945945945946,85,11.951325510647544,41.86046511627907,62.5,42.42424242424242,1.2727272727272727,4,8,9,76.36645161290323
S41G01N231,2022-2023,20230310,home,35,19,3,26,11,37,3,44,23,20,6,0,0,18,15,0,0,64,29,19,9,79,82,6,1,13,2325,0,0,0,14,4.225076652143116,54.92213570634038,50.0,95,15.308525671219972,40.74074074074074,83.33333333333333,65.51724137931035,1.4615384615384615,4,8,7,76.36645161290323,70,14,5,16,18,34,7,65,33,9,0,4,4,16,10,4,8,74,33,18,8,76,90,8,1,11,2325,0,0,0,12,-4.225076652143116,46.89042448173741,44.5945945945946,85,11.951325510647544,40.90909090909091,62.5,42.42424242424242,1.2727272727272727,4,8,9,76.36645161290323
S41G01N231,2022-2023,20230310,home,35,19,3,26,11,37,3,44,23,20,6,0,0,18,15,0,0,64,29,19,9,79,82,6,1,13,2325,0,0,0,14,4.225076652143116,54.92213570634038,50.0,95,15.308525671219972,40.74074074074074,83.33333333333333,65.51724137931035,1.4615384615384615,4,8,7,76.36645161290323,70,14,5,16,18,34,7,65,33,9,0,4,4,16,10,4,8,74,33,19,8,76,90,8,1,11,2325,0,0,0,12,-4.225076652143116,46.89042448173741,44.5945945945946,85,11.951325510647544,40.90909090909091,62.5,42.42424242424242,1.2727272727272727,4,8,9,76.36645161290323
S41G01N231,2022-2023,20230310,home,35,19,3,26,11,37,3,44,23,20,6,0,0,18,15,0,0,64,29,19,9,79,82,6,1,13,2325,0,0,0,14,4.225076652143116,54.92213570634038,50.0,95,15.308525671219972,40.74074074074074,83.33333333333333,65.51724137931035,1.4615384615384615,4,8,7,76.36645161290323,70,14,5,16,18,34,7,65,33,9,0,4,4,16,10,4,8,74,33,19,8,76,90,8,1,11,2325,0,0,0,12,-4.225076652143116,46.89042448173741,44.5945945945946,85,11.951325510647544,40.90909090909091,62.5,42.42424242424242,1.2727272727272727,4,8,9,76.36645161290323
S41G01N231,2022-2023,20230310,home,35,19,3,26,11,37,3,44,23,20,6,0,0,18,15,0,0,64,29,19,9,79,82,6,1,13,2325,0,0,0,14,4.225076652143116,54.92213570634038,50.0,95,15.308525671219972,40.74074074074074,83.33333333333333,65.51724137931035,1.4615384615384615,4,8,7,76.36645161290323,70,14,5,16,18,34,7,65,33,9,0,4,4,16,10,4,8,74,33,19,8,76,90,8,1,11,2325,0,0,1,12,-4.225076652143116,46.89042448173741,44.5945945945946,85,11.951325510647544,40.90909090909091,62.5,42.42424242424242,1.2727272727272727,4,8,9,76.36645161290323
S41G01N231,2022-2023,20230310,home,35,19,3,26,11,37,3,44,23,20,6,0,0,18,15,0,0,64,29,19,9,79,82,6,1,13,2325,0,0,0,14,4.225076652143116,54.92213570634038,50.0,95,15.308525671219972,40.74074074074074,83.33333333333333,65.51724137931035,1.4615384615384615,4,8,7,76.36645161290323,70,14,5,16,18,34,7,65,33,9,0,4,4,16,10,4,8,74,33,19,8,76,90,8,1,11,2325,0,0,1,12,-4.225076652143116,46.89042448173741,44.5945945945946,85,11.951325510647544,40.90909090909091,62.5,42.42424242424242,1.2727272727272727,4,8,9,76.36645161290323
S41G01N231,2022-2023,20230310,home,35,19,3,26,11,37,3,44,23,20,6,0,0,19,15,0,0,64,29,19,9,79,83,6,1,13,2325,0,0,0,14,3.592696212070365,54.58817025981205,50.0,94,15.229615745079663,40.74074074074074,78.94736842105263,65.51724137931035,1.4615384615384615,4,8,7,76.59354838709677,70,14,5,16,18,34,7,65,33,9,0,4,4,16,10,4,8,74,33,19,8,76,90,8,1,11,2325,0,0,1,12,-3.592696212070365,46.89042448173741,44.5945945945946,85,11.951325510647544,40.90909090909091,62.5,42.42424242424242,1.2727272727272727,4,8,9,76.59354838709677
S41G01N231,2022-2023,20230310,home,35,19,3,26,11,37,3,44,23,20,6,0,0,20,16,0,0,64,29,19,9,80,84,6,1,13,2325,0,0,0,14,4.304653937602751,54.94505494505495,50.0,95,15.151515151515152,40.74074074074074,80.0,65.51724137931035,1.4615384615384615,5,8,7,76.82064516129032,70,14,5,16,18,34,7,65,33,9,0,4,4,16,10,4,8,74,33,19,8,76,90,8,1,11,2325,0,0,1,12,-4.304653937602751,46.89042448173741,44.5945945945946,85,11.951325510647544,40.90909090909091,62.5,42.42424242424242,1.2727272727272727,5,8,9,76.82064516129032
S41G01N231,2022-2023,20230310,home,35,19,3,26,11,37,3,44,23,20,6,0,0,20,16,0,0,64,29,19,9,80,84,6,1,13,2325,0,0,0,14,4.304653937602751,54.94505494505495,50.0,95,15.151515151515152,40.74074074074074,80.0,65.51724137931035,1.4615384615384615,5,8,7,76.82064516129032,70,14,5,16,18,34,7,65,33,9,0,4,4,16,10,4,8,74,33,19,8,76,90,8,1,11,2325,0,0,1,12,-4.304653937602751,46.89042448173741,44.5945945945946,85,11.951325510647544,40.90909090909091,62.5,42.42424242424242,1.2727272727272727,5,8,9,76.82064516129032
S41G01N231,2022-2023,20230310,home,35,19,3,26,11,37,3,44,23,20,6,0,0,20,16,0,0,64,29,19,9,80,84,6,1,13,2337,0,0,0,14,1.674686156687926,54.94505494505495,50.0,95,15.151515151515152,40.74074074074074,80.0,65.51724137931035,1.4615384615384615,3,8,7,76.93966623876764,70,14,5,16,18,34,7,65,33,10,1,4,4,16,10,4,8,75,34,19,8,79,91,8,1,11,2337,0,0,1,12,-1.674686156687926,48.14724524622135,46.0,88,11.822871883061048,40.90909090909091,62.5,41.1764705882353,1.2727272727272727,3,8,9,76.93966623876764
S41G01N231,2022-2023,20230310,home,35,19,3,26,11,37,3,44,23,20,6,0,0,20,16,0,0,64,29,19,9,80,84,6,1,13,2337,0,0,0,14,1.674686156687926,54.94505494505495,50.0,95,15.151515151515152,40.74074074074074,80.0,65.51724137931035,1.4615384615384615,3,8,7,76.93966623876764,70,15,5,16,18,34,7,65,33,10,1,4,4,16,10,4,8,75,34,19,8,79,91,8,1,11,2337,0,0,1,12,-1.674686156687926,48.14724524622135,46.0,89,11.822871883061048,40.90909090909091,62.5,44.11764705882353,1.3636363636363635,3,8,9,76.93966623876764
S41G01N231,2022-2023,20230310,home,35,19,3,26,11,37,3,44,23,20,6,0,0,20,16,0,0,64,29,19,9,80,84,6,1,13,2337,0,0,0,14,1.674686156687926,54.94505494505495,50.0,95,15.151515151515152,40.74074074074074,80.0,65.51724137931035,1.4615384615384615,3,8,7,76.93966623876764,70,15,5,16,18,34,7,65,33,10,1,4,4,16,10,4,8,75,34,19,8,79,91,8,1,11,2337,0,0,1,12,-1.674686156687926,48.14724524622135,46.0,89,11.822871883061048,40.90909090909091,62.5,44.11764705882353,1.3636363636363635,3,8,9,76.93966623876764
S41G01N231,2022-2023,20230310,home,35,19,3,26,11,37,3,44,23,20,6,0,0,20,16,0,0,64,29,19,9,80,84,6,1,13,2337,0,0,0,14,1.674686156687926,54.94505494505495,50.0,95,15.151515151515152,40.74074074074074,80.0,65.51724137931035,1.4615384615384615,3,8,7,76.93966623876764,70,15,5,16,18,34,7,65,33,10,1,4,4,16,10,4,8,75,34,19,8,79,91,8,1,11,2337,0,0,1,12,-1.674686156687926,48.14724524622135,46.0,89,11.822871883061048,40.90909090909091,62.5,44.11764705882353,1.3636363636363635,3,8,9,76.93966623876764
S41G01N231,2022-2023,20230310,home,35,19,3,26,11,37,3,44,23,20,6,0,0,20,16,0,0,64,29,19,9,80,84,6,1,13,2337,0,0,0,14,1.674686156687926,54.94505494505495,50.0,95,15.151515151515152,40.74074074074074,80.0,65.51724137931035,1.4615384615384615,3,8,7,76.93966623876764,70,15,5,16,18,34,7,65,33,10,1,4,4,16,10,4,8,75,34,19,8,79,91,8,1,11,2337,0,0,1,12,-1.674686156687926,48.14724524622135,46.0,89,11.822871883061048,40.90909090909091,62.5,44.11764705882353,1.3636363636363635,3,8,9,76.93966623876764
S41G01N231,2022-2023,20230310,home,35,19,3,26,11,37,3,44,23,20,6,0,0,20,16,0,0,64,29,20,10,80,84,6,1,13,2352,0,0,0,14,1.674686156687926,54.94505494505495,50.0,95,15.151515151515152,40.74074074074074,80.0,65.51724137931035,1.4615384615384615,3,8,7,76.44897959183673,70,15,5,16,18,34,7,65,33,10,1,4,4,16,10,4,8,75,34,19,8,79,91,8,1,11,2352,0,0,1,12,-1.674686156687926,48.14724524622135,46.0,89,11.822871883061048,40.90909090909091,62.5,44.11764705882353,1.3636363636363635,3,8,9,76.44897959183673
S41G01N231,2022-2023,20230310,home,35,19,3,26,11,37,3,44,23,20,6,0,0,20,16,0,0,64,29,20,10,80,84,6,1,13,2352,0,0,0,14,1.674686156687926,54.94505494505495,50.0,95,15.151515151515152,40.74074074074074,80.0,65.51724137931035,1.4615384615384615,3,8,7,76.44897959183673,70,15,5,16,18,34,7,65,33,10,1,4,4,16,10,4,8,75,34,19,8,79,91,8,1,11,2352,0,0,1,12,-1.674686156687926,48.14724524622135,46.0,89,11.822871883061048,40.90909090909091,62.5,44.11764705882353,1.3636363636363635,3,8,9,76.44897959183673
S41G01N231,2022-2023,20230310,home,35,19,3,26,11,37,3,44,23,20,6,0,0,20,16,0,0,64,29,20,10,80,84,6,1,14,2352,0,0,0,15,0.26371159655924714,54.94505494505495,50.0,94,16.129032258064516,40.74074074074074,80.0,65.51724137931035,1.3571428571428572,3,8,7,76.9591836734694,70,15,5,16,18,34,7,65,33,10,1,4,4,16,10,4,8,75,34,19,8,79,91,8,1,11,2352,0,0,1,12,-0.26371159655924714,48.14724524622135,46.0,89,11.822871883061048,40.90909090909091,62.5,44.11764705882353,1.3636363636363635,3,8,9,76.9591836734694
S41G01N231,2022-2023,20230310,home,35,19,3,26,11,37,3,44,23,20,6,0,0,20,16,0,0,64,29,20,10,80,84,6,1,14,2352,0,0,0,15,0.26371159655924714,54.94505494505495,50.0,94,16.129032258064516,40.74074074074074,80.0,65.51724137931035,1.3571428571428572,3,8,7,76.9591836734694,70,15,5,16,18,34,7,65,33,10,1,4,4,16,10,4,8,75,34,19,8,79,91,8,1,11,2352,0,0,1,12,-0.26371159655924714,48.14724524622135,46.0,89,11.822871883061048,40.90909090909091,62.5,44.11764705882353,1.3636363636363635,3,8,9,76.9591836734694
S41G01N231,2022-2023,20230310,home,35,19,3,26,11,37,3,44,23,20,6,0,0,20,16,0,0,64,29,20,10,80,84,6,1,14,2374,0,0,0,15,1.648209038708984,54.94505494505495,50.0,94,16.129032258064516,40.74074074074074,80.0,65.51724137931035,1.3571428571428572,3,8,7,76.7514743049705,70,15,5,16,18,34,7,66,33,10,1,4,4,16,10,4,8,76,34,19,8,79,92,8,1,11,2374,0,0,1,12,-1.648209038708984,47.567437379576106,45.39473684210526,88,11.697150148872819,40.90909090909091,62.5,44.11764705882353,1.3636363636363635,3,8,9,76.7514743049705
S41G01N231,2022-2023,20230310,home,35,19,3,27,11,38,3,44,23,20,6,0,0,20,16,0,0,64,29,20,10,80,84,6,1,14,2376,0,0,0,15,1.648209038708984,54.94505494505495,50.0,95,16.129032258064516,40.74074074074074,80.0,65.51724137931035,1.3571428571428572,3,8,7,76.68686868686869,70,15,5,16,18,34,7,66,33,10,1,4,4,16,10,4,8,76,34,19,8,79,92,8,1,11,2376,0,0,1,12,-1.648209038708984,47.567437379576106,45.39473684210526,88,11.697150148872819,40.0,62.5,44.11764705882353,1.3636363636363635,3,8,9,76.68686868686869
S41G01N231,2022-2023,20230310,home,35,19,3,27,11,38,3,44,23,20,6,0,0,20,16,0,0,64,29,20,10,80,84,6,1,14,2393,0,0,0,15,1.648209038708984,54.94505494505495,50.0,95,16.129032258064516,40.74074074074074,80.0,65.51724137931035,1.3571428571428572,3,8,7,76.14208106978688,70,15,5,16,18,34,7,66,33,10,1,4,4,16,10,4,8,76,34,20,8,79,92,8,1,11,2393,0,0,1,12,-1.648209038708984,47.567437379576106,45.39473684210526,88,11.697150148872819,40.0,62.5,44.11764705882353,1.3636363636363635,3,8,9,76.14208106978688
S41G01N231,2022-2023,20230310,home,35,19,3,27,11,38,3,44,23,20,6,0,0,21,17,0,0,64,29,20,10,81,85,6,1,14,2393,0,0,0,15,2.350753703937798,55.29765155652649,50.0,96,16.047684548372306,40.74074074074074,80.95238095238095,65.51724137931035,1.3571428571428572,1,8,7,76.36272461345591,70,15,5,16,18,34,7,66,33,10,1,4,4,16,10,4,8,76,34,20,8,79,92,8,1,11,2393,0,0,1,12,-2.350753703937798,47.567437379576106,45.39473684210526,88,11.697150148872819,40.0,62.5,44.11764705882353,1.3636363636363635,1,8,9,76.36272461345591
S41G01N231,2022-2023,20230310,home,35,19,3,27,11,38,3,44,23,20,6,0,0,22,18,0,0,64,29,20,10,82,86,6,1,14,2393,0,0,0,15,3.0452357804159362,55.64603691639522,50.0,97,15.967153284671532,40.74074074074074,81.81818181818181,65.51724137931035,1.3571428571428572,2,8,7,76.58336815712497,70,15,5,16,18,34,7,66,33,10,1,4,4,16,10,4,8,76,34,20,8,79,92,8,1,11,2393,0,0,1,12,-3.0452357804159362,47.567437379576106,45.39473684210526,88,11.697150148872819,40.0,62.5,44.11764705882353,1.3636363636363635,2,8,9,76.58336815712497
S41G01N231,2022-2023,20230310,home,35,19,3,27,11,38,3,44,23,20,6,0,0,22,18,0,0,64,29,20,10,82,86,6,1,14,2393,0,0,0,15,3.0452357804159362,55.64603691639522,50.0,97,15.967153284671532,40.74074074074074,81.81818181818181,65.51724137931035,1.3571428571428572,2,8,7,76.58336815712497,70,15,5,16,18,34,7,66,33,10,1,4,4,16,10,4,8,76,34,20,8,79,92,8,1,11,2393,0,0,1,12,-3.0452357804159362,47.567437379576106,45.39473684210526,88,11.697150148872819,40.0,62.5,44.11764705882353,1.3636363636363635,2,8,9,76.58336815712497
S41G01N231,2022-2023,20230310,home,35,19,3,27,11,38,3,44,23,20,6,0,0,22,18,0,0,64,29,20,10,82,86,6,1,14,2393,0,0,0,15,3.0452357804159362,55.64603691639522,50.0,97,15.967153284671532,40.74074074074074,81.81818181818181,65.51724137931035,1.3571428571428572,2,8,7,76.58336815712497,70,15,5,16,18,34,7,66,33,10,1,4,4,16,10,4,8,76,34,20,8,79,92,8,1,11,2393,0,0,1,12,-3.0452357804159362,47.567437379576106,45.39473684210526,88,11.697150148872819,40.0,62.5,44.11764705882353,1.3636363636363635,2,8,9,76.58336815712497
S41G01N231,2022-2023,20230310,home,35,19,3,27,11,38,3,44,23,20,6,0,0,22,18,0,0,64,29,20,10,82,86,6,1,14,2399,0,0,0,15,4.3937909213675965,55.64603691639522,50.0,97,15.967153284671532,40.74074074074074,81.81818181818181,65.51724137931035,1.3571428571428572,2,8,7,76.89203834931223,70,15,5,16,18,34,7,66,33,11,1,4,4,16,10,4,8,77,34,20,8,79,93,8,1,11,2399,0,0,1,12,-4.3937909213675965,47.00142789148025,44.8051948051948,87,11.574074074074073,40.0,62.5,44.11764705882353,1.3636363636363635,2,8,9,76.89203834931223
S41G01N231,2022-2023,20230310,home,35,19,3,27,11,38,3,44,23,20,6,0,0,22,18,0,0,64,29,20,10,82,86,6,1,14,2399,0,0,0,15,4.3937909213675965,55.64603691639522,50.0,97,15.967153284671532,40.74074074074074,81.81818181818181,65.51724137931035,1.3571428571428572,2,8,7,76.89203834931223,70,15,5,16,18,34,7,66,33,11,1,4,4,16,10,4,8,77,34,20,8,79,93,8,1,11,2399,0,0,1,12,-4.3937909213675965,47.00142789148025,44.8051948051948,87,11.574074074074073,40.0,62.5,44.11764705882353,1.3636363636363635,2,8,9,76.89203834931223
S41G01N231,2022-2023,20230310,home,35,19,3,27,11,38,3,44,23,20,6,0,0,22,18,0,0,64,29,20,10,82,86,6,1,14,2400,0,0,0,15,4.3937909213675965,55.64603691639522,50.0,97,15.967153284671532,40.74074074074074,81.81818181818181,65.51724137931035,1.3571428571428572,2,8,7,76.86000000000001,70,15,5,16,18,34,7,66,33,11,1,4,4,16,10,4,8,77,34,20,8,79,93,8,1,11,2400,0,0,1,12,-4.3937909213675965,47.00142789148025,44.8051948051948,87,11.574074074074073,40.0,62.5,44.11764705882353,1.3636363636363635,2,8,9,76.86000000000001
S41G01N231,2022-2023,20230310,home,35,19,3,27,11,38,3,44,23,20,6,0,0,22,18,0,0,64,29,20,10,82,86,6,1,14,2400,0,0,0,15,4.3937909213675965,55.64603691639522,50.0,97,15.967153284671532,40.74074074074074,81.81818181818181,65.51724137931035,1.3571428571428572,2,8,7,76.86000000000001,70,15,5,16,18,34,7,66,33,11,1,4,4,16,10,4,8,77,34,20,8,79,93,8,1,11,2400,0,0,1,12,-4.3937909213675965,47.00142789148025,44.8051948051948,87,11.574074074074073,40.0,62.5,44.11764705882353,1.3636363636363635,2,8,9,76.86000000000001
S41G01N231,2022-2023,20230310,home,35,19,3,27,11,38,3,44,23,20,6,0,0,22,18,0,0,64,29,20,10,82,86,6,1,14,2400,0,0,0,15,4.3937909213675965,55.64603691639522,50.0,97,15.967153284671532,40.74074074074074,81.81818181818181,65.51724137931035,1.3571428571428572,2,8,7,76.86000000000001,70,15,5,16,18,34,7,66,33,11,1,4,4,16,10,4,8,77,34,20,8,79,93,8,1,11,2400,0,0,1,12,-4.3937909213675965,47.00142789148025,44.8051948051948,87,11.574074074074073,40.0,62.5,44.11764705882353,1.3636363636363635,2,8,9,76.86000000000001
S41G01N231,2022-2023,20230310,home,35,19,3,27,11,38,3,44,23,20,6,0,0,22,18,0,0,64,29,20,10,82,86,6,1,14,2400,0,0,0,15,4.3937909213675965,55.64603691639522,50.0,97,15.967153284671532,40.74074074074074,81.81818181818181,65.51724137931035,1.3571428571428572,2,8,7,76.86000000000001,70,15,5,16,18,34,7,66,33,11,1,4,4,16,10,4,8,77,34,20,8,79,93,8,1,11,2400,0,0,1,12,-4.3937909213675965,47.00142789148025,44.8051948051948,87,11.574074074074073,40.0,62.5,44.11764705882353,1.3636363636363635,2,8,9,76.86000000000001
S41G01N231,2022-2023,20230310,home,35,19,3,27,11,38,3,44,23,20,6,0,0,22,18,0,0,64,29,20,10,82,86,6,1,14,2400,0,0,0,15,4.3937909213675965,55.64603691639522,50.0,97,15.967153284671532,40.74074074074074,81.81818181818181,65.51724137931035,1.3571428571428572,2,8,7,76.86000000000001,70,15,5,16,18,34,7,66,33,11,1,4,4,16,10,4,8,77,34,20,8,79,93,8,1,11,2400,0,0,1,12,-4.3937909213675965,47.00142789148025,44.8051948051948,87,11.574074074074073,40.0,62.5,44.11764705882353,1.3636363636363635,2,8,9,76.86000000000001
S41G01N231,2022-2023,20230310,home,35,19,3,27,11,38,3,44,23,20,6,0,0,22,18,0,0,64,29,20,10,82,86,6,1,14,2400,0,0,0,15,4.3937909213675965,55.64603691639522,50.0,97,15.967153284671532,40.74074074074074,81.81818181818181,65.51724137931035,1.3571428571428572,2,8,7,76.86000000000001,70,15,5,16,18,34,7,66,33,11,1,4,4,16,10,4,8,77,34,20,8,79,93,8,1,11,2400,0,0,1,12,-4.3937909213675965,47.00142789148025,44.8051948051948,87,11.574074074074073,40.0,62.5,44.11764705882353,1.3636363636363635,2,8,9,76.86000000000001
S41G01N231,2022-2023,20230310,home,35,19,3,27,11,38,3,44,23,20,6,0,0,22,18,0,0,64,29,20,10,82,86,6,1,14,2400,0,0,0,15,4.3937909213675965,55.64603691639522,50.0,97,15.967153284671532,40.74074074074074,81.81818181818181,65.51724137931035,1.3571428571428572,2,8,7,76.86000000000001,70,15,5,16,18,34,7,66,33,11,1,4,4,16,10,4,8,77,34,20,8,79,93,8,1,11,2400,0,0,1,12,-4.3937909213675965,47.00142789148025,44.8051948051948,87,11.574074074074073,40.0,62.5,44.11764705882353,1.3636363636363635,2,8,9,76.86000000000001
S41G01N231,2022-2023,20230310,home,35,19,3,27,11,38,3,44,23,20,6,0,0,22,18,0,0,64,29,20,10,82,86,6,1,14,2400,0,0,0,15,4.3937909213675965,55.64603691639522,50.0,97,15.967153284671532,40.74074074074074,81.81818181818181,65.51724137931035,1.3571428571428572,2,8,7,76.86000000000001,70,15,5,16,18,34,7,66,33,11,1,4,4,16,10,4,8,77,34,20,8,79,93,8,1,11,2400,0,0,1,12,-4.3937909213675965,47.00142789148025,44.8051948051948,87,11.574074074074073,40.0,62.5,44.11764705882353,1.3636363636363635,2,8,9,76.86000000000001
S41G01N231,2022-2023,20230310,home,35,19,3,27,11,38,3,44,23,20,6,0,0,22,18,0,0,64,29,20,10,82,86,6,1,14,2400,0,0,0,15,4.3937909213675965,55.64603691639522,50.0,97,15.967153284671532,40.74074074074074,81.81818181818181,65.51724137931035,1.3571428571428572,2,8,7,76.86000000000001,70,15,5,16,18,34,7,66,33,11,1,4,4,16,10,4,8,77,34,20,8,79,93,8,1,11,2400,0,0,1,12,-4.3937909213675965,47.00142789148025,44.8051948051948,87,11.574074074074073,40.0,62.5,44.11764705882353,1.3636363636363635,2,8,9,76.86000000000001
S41G01N231,2022-2023,20230310,home,35,19,3,27,11,38,3,44,23,20,6,0,0,22,18,0,0,64,29,20,10,82,86,6,1,14,2400,0,0,0,15,4.3937909213675965,55.64603691639522,50.0,97,15.967153284671532,40.74074074074074,81.81818181818181,65.51724137931035,1.3571428571428572,2,8,7,76.86000000000001,70,15,5,16,18,34,7,66,33,11,1,4,4,16,10,4,8,77,34,20,8,79,93,8,1,11,2400,0,0,1,12,-4.3937909213675965,47.00142789148025,44.8051948051948,87,11.574074074074073,40.0,62.5,44.11764705882353,1.3636363636363635,2,8,9,76.86000000000001
