gameKey,seasonName,date,n,winner,H_TEAM,H_AST,H_BLK,H_DREB,H_OREB,H_PRB,H_TRB,H_2PA,H_2PM,H_3PA,H_3PM,H_DKA,H_DKM,H_FTA,H_FTM,H_SWA,H_SWM,H_FGA,H_FGM,H_TPF,H_PF,H_PP,H_PA,H_STL,H_TTO,H_PTO,H_MIN,H_UF,H_TF,H_EJ,H_TO,H_NR,H_TS%,H_eFG%,H_EFF,H_TOV%,H_OREB%,H_FT%,H_AST%,H_AST/TO%,H_CR,H_LC,H_LLP,H_PACE,A_TEAM,A_AST,A_BLK,A_DREB,A_OREB,A_PRB,A_TRB,A_2PA,A_2PM,A_3PA,A_3PM,A_DKA,A_DKM,A_FTA,A_FTM,A_SWA,A_SWM,A_FGA,A_FGM,A_TPF,A_PF,A_PP,A_PA,A_STL,A_TTO,A_PTO,A_MIN,A_UF,A_TF,A_EJ,A_TO,A_NR,A_TS%,A_eFG%,A_EFF,A_TOV%,A_OREB%,A_FT%,A_AST%,A_AST/TO%,A_CR,A_LC,A_LLP,A_PACE
S41G01N195,2022-2023,20230210,1,home,50,0,0,0,0,0,0,0,0,0,0,0,0,0,0,0,0,0,0,0,0,0,0,0,0,0,0,0,0,0,0,0.0,0.0,0.0,0,0.0,0.0,0.0,0.0,0.0,0,0,0,0.0,35,0,0,0,0,0,0,0,0,0,0,0,0,0,0,0,0,0,0,0,0,0,0,0,0,0,0,0,0,0,0,0.0,0.0,0.0,0,0.0,0.0,0.0,0.0,0.0,0,0,0,0.0
S41G01N195,2022-2023,20230210,2,home,50,0,0,0,0,0,0,0,0,0,0,0,0,0,0,0,0,0,0,0,0,0,0,0,0,0,0,0,0,0,0,0.0,0.0,0.0,0,0.0,0.0,0.0,0.0,0.0,0,0,0,0.0,35,0,0,0,0,0,0,0,0,0,0,0,0,0,0,0,0,0,0,0,0,0,0,0,0,0,0,0,0,0,0,0.0,0.0,0.0,0,0.0,0.0,0.0,0.0,0.0,0,0,0,0.0
S41G01N195,2022-2023,20230210,3,home,50,0,0,0,0,0,0,0,0,0,0,0,0,0,0,0,0,0,0,0,0,0,0,0,0,0,0,0,0,0,0,0.0,0.0,0.0,0,0.0,0.0,0.0,0.0,0.0,0,0,0,0.0,35,0,0,0,0,0,0,0,0,0,0,0,0,0,0,0,0,0,0,0,0,0,0,0,0,0,0,0,0,0,0,0.0,0.0,0.0,0,0.0,0.0,0.0,0.0,0.0,0,0,0,0.0
S41G01N195,2022-2023,20230210,4,home,50,0,0,0,0,0,0,0,0,0,0,0,0,0,0,0,0,0,0,0,0,0,0,0,0,0,0,0,0,0,0,0.0,0.0,0.0,0,0.0,0.0,0.0,0.0,0.0,0,0,0,0.0,35,0,0,0,0,0,0,0,0,0,0,0,0,0,0,0,0,0,0,0,0,0,0,0,0,0,0,0,0,0,0,0.0,0.0,0.0,0,0.0,0.0,0.0,0.0,0.0,0,0,0,0.0
S41G01N195,2022-2023,20230210,5,home,50,0,0,0,0,0,0,0,0,0,0,0,0,0,0,0,0,0,0,0,0,0,0,0,0,0,0,0,0,0,0,0.0,0.0,0.0,0,0.0,0.0,0.0,0.0,0.0,0,0,0,0.0,35,0,0,0,0,0,0,0,0,0,0,0,0,0,0,0,0,0,0,0,0,0,0,0,0,0,0,0,0,0,0,0.0,0.0,0.0,0,0.0,0.0,0.0,0.0,0.0,0,0,0,0.0
S41G01N195,2022-2023,20230210,6,home,50,0,0,0,0,0,0,0,0,0,0,0,0,0,0,0,0,0,0,0,0,0,0,0,0,0,0,0,0,0,0,0.0,0.0,0.0,0,0.0,0.0,0.0,0.0,0.0,0,0,0,0.0,35,0,0,0,0,0,0,0,0,0,0,0,0,0,0,0,0,0,0,0,0,0,0,0,0,0,0,0,0,0,0,0.0,0.0,0.0,0,0.0,0.0,0.0,0.0,0.0,0,0,0,0.0
S41G01N195,2022-2023,20230210,7,home,50,0,0,0,0,0,0,0,0,0,0,0,0,0,0,0,0,0,0,0,0,0,0,0,0,0,0,0,0,0,0,0.0,0.0,0.0,0,0.0,0.0,0.0,0.0,0.0,0,0,0,0.0,35,0,0,0,0,0,0,0,0,0,0,0,0,0,0,0,0,0,0,0,0,0,0,0,0,0,0,0,0,0,0,0.0,0.0,0.0,0,0.0,0.0,0.0,0.0,0.0,0,0,0,0.0
S41G01N195,2022-2023,20230210,8,home,50,0,0,0,0,0,0,0,0,0,0,0,0,0,0,0,0,0,0,0,0,0,0,0,0,0,0,0,0,0,0,0.0,0.0,0.0,0,0.0,0.0,0.0,0.0,0.0,0,0,0,0.0,35,0,0,0,0,0,0,0,0,0,0,0,0,0,0,0,0,0,0,0,0,0,0,0,0,0,0,0,0,0,0,0.0,0.0,0.0,0,0.0,0.0,0.0,0.0,0.0,0,0,0,0.0
S41G01N195,2022-2023,20230210,9,home,50,0,0,0,0,0,0,0,0,0,0,0,0,0,0,0,0,0,0,0,0,0,0,0,0,0,0,0,0,0,0,0.0,0.0,0.0,0,0.0,0.0,0.0,0.0,0.0,0,0,0,0.0,35,0,0,0,0,0,0,0,0,0,0,0,0,0,0,0,0,0,0,0,0,0,0,0,0,0,0,0,0,0,0,0.0,0.0,0.0,0,0.0,0.0,0.0,0.0,0.0,0,0,0,0.0
S41G01N195,2022-2023,20230210,10,home,50,0,0,0,0,0,0,0,0,0,0,0,0,0,0,0,0,0,0,0,0,0,0,0,0,0,0,0,0,0,0,0.0,0.0,0.0,0,0.0,0.0,0.0,0.0,0.0,0,0,0,0.0,35,0,0,0,0,0,0,0,0,0,0,0,0,0,0,0,0,0,0,0,0,0,0,0,0,0,0,0,0,0,0,0.0,0.0,0.0,0,0.0,0.0,0.0,0.0,0.0,0,0,0,0.0
S41G01N195,2022-2023,20230210,11,home,50,0,0,0,0,0,0,0,0,0,0,0,0,0,0,0,0,0,0,0,0,0,0,0,0,0,0,0,0,0,0,0.0,0.0,0.0,0,0.0,0.0,0.0,0.0,0.0,0,0,0,0.0,35,0,0,0,0,0,0,0,0,0,0,0,0,0,0,0,0,0,0,0,0,0,0,0,0,0,0,0,0,0,0,0.0,0.0,0.0,0,0.0,0.0,0.0,0.0,0.0,0,0,0,0.0
S41G01N195,2022-2023,20230210,12,home,50,0,0,0,0,0,0,0,0,0,0,0,0,0,0,0,0,0,0,0,0,0,0,0,0,0,19,0,0,0,0,0.0,0.0,0.0,0,0.0,0.0,0.0,0.0,0.0,0,0,0,63.1578947368421,35,0,0,0,0,0,0,1,0,0,0,0,0,0,0,0,0,1,0,0,0,0,1,0,0,0,19,0,0,0,0,0.0,0.0,0.0,-1,0.0,0.0,0.0,0.0,0.0,0,0,0,63.1578947368421
S41G01N195,2022-2023,20230210,13,home,50,0,0,1,0,1,0,0,0,0,0,0,0,0,0,0,0,0,0,0,0,0,0,0,0,0,21,0,0,0,0,0.0,0.0,0.0,1,0.0,0.0,0.0,0.0,0.0,0,0,0,57.142857142857146,35,0,0,0,0,0,0,1,0,0,0,0,0,0,0,0,0,1,0,0,0,0,1,0,0,0,21,0,0,0,0,0.0,0.0,0.0,-1,0.0,0.0,0.0,0.0,0.0,0,0,0,57.142857142857146
S41G01N195,2022-2023,20230210,14,home,50,0,0,1,0,1,0,0,0,1,1,0,0,0,0,0,0,1,1,0,0,3,1,0,0,0,41,0,0,0,0,300.0,150.0,150.0,4,0.0,0.0,0.0,0.0,0.0,3,1,3,58.53658536585366,35,0,0,0,0,0,0,1,0,0,0,0,0,0,0,0,0,1,0,0,0,0,1,0,0,0,41,0,0,0,0,-300.0,0.0,0.0,-1,0.0,0.0,0.0,0.0,0.0,3,1,0,58.53658536585366
S41G01N195,2022-2023,20230210,15,home,50,0,0,1,0,1,0,0,0,1,1,0,0,0,0,0,0,1,1,0,0,3,1,0,0,0,58,0,0,0,0,300.0,150.0,150.0,4,0.0,0.0,0.0,0.0,0.0,3,1,3,62.06896551724138,35,0,0,0,0,0,0,1,0,0,0,0,0,0,0,0,0,1,0,0,0,0,1,0,0,1,58,0,0,0,1,-300.0,0.0,0.0,-2,50.0,0.0,0.0,0.0,0.0,3,1,0,62.06896551724138
S41G01N195,2022-2023,20230210,16,home,50,0,0,1,0,1,0,0,0,1,1,0,0,0,0,0,0,1,1,0,0,3,1,1,0,0,59,0,0,0,0,300.0,150.0,150.0,5,0.0,0.0,0.0,0.0,0.0,3,1,3,61.01694915254237,35,0,0,0,0,0,0,1,0,0,0,0,0,0,0,0,0,1,0,0,0,0,1,0,0,1,59,0,0,0,1,-300.0,0.0,0.0,-2,50.0,0.0,0.0,0.0,0.0,3,1,0,61.01694915254237
S41G01N195,2022-2023,20230210,17,home,50,0,0,1,0,1,0,0,0,2,1,0,0,0,0,0,0,2,1,0,0,3,2,1,0,0,63,0,0,0,0,150.0,75.0,75.0,4,0.0,0.0,0.0,0.0,0.0,3,1,3,76.19047619047619,35,0,0,0,0,0,0,1,0,0,0,0,0,0,0,0,0,1,0,0,0,0,1,0,0,1,63,0,0,0,1,-150.0,0.0,0.0,-2,50.0,0.0,0.0,0.0,0.0,3,1,0,76.19047619047619
S41G01N195,2022-2023,20230210,18,home,50,0,0,1,1,2,0,0,0,2,1,0,0,0,0,0,0,2,1,0,0,3,2,1,0,0,64,0,0,0,0,300.0,75.0,75.0,5,0.0,100.0,0.0,0.0,0.0,3,1,3,56.25,35,0,0,0,0,0,0,1,0,0,0,0,0,0,0,0,0,1,0,0,0,0,1,0,0,1,64,0,0,0,1,-300.0,0.0,0.0,-2,50.0,0.0,0.0,0.0,0.0,3,1,0,56.25
S41G01N195,2022-2023,20230210,19,home,50,0,0,1,1,2,0,0,0,3,1,0,0,0,0,0,0,3,1,0,0,3,3,1,0,0,74,0,0,0,0,150.0,50.0,50.0,4,0.0,100.0,0.0,0.0,0.0,3,1,3,64.86486486486487,35,0,0,0,0,0,0,1,0,0,0,0,0,0,0,0,0,1,0,0,0,0,1,0,0,1,74,0,0,0,1,-150.0,0.0,0.0,-2,50.0,0.0,0.0,0.0,0.0,3,1,0,64.86486486486487
S41G01N195,2022-2023,20230210,20,home,50,0,0,1,1,2,1,0,0,3,1,0,0,0,0,0,0,3,1,0,0,3,3,1,0,0,74,0,0,0,0,150.0,50.0,50.0,5,0.0,100.0,0.0,0.0,0.0,3,1,3,64.86486486486487,35,0,0,0,0,0,0,1,0,0,0,0,0,0,0,0,0,1,0,0,0,0,1,0,0,1,74,0,0,0,1,-150.0,0.0,0.0,-2,50.0,0.0,0.0,0.0,0.0,3,1,0,64.86486486486487
S41G01N195,2022-2023,20230210,21,home,50,0,0,1,1,2,1,0,0,3,1,0,0,0,0,0,0,3,1,0,0,3,3,1,0,0,74,0,0,0,0,150.0,50.0,50.0,5,0.0,100.0,0.0,0.0,0.0,3,1,3,64.86486486486487,35,0,0,0,0,0,0,1,0,0,0,0,0,0,0,0,0,1,0,1,1,0,1,0,0,1,74,0,0,0,1,-150.0,0.0,0.0,-2,50.0,0.0,0.0,0.0,0.0,3,1,0,64.86486486486487
S41G01N195,2022-2023,20230210,22,home,50,0,0,1,1,2,1,0,0,3,1,0,0,0,0,0,0,3,1,0,0,3,3,1,0,0,74,0,0,0,0,150.0,50.0,50.0,5,0.0,100.0,0.0,0.0,0.0,3,1,3,64.86486486486487,35,0,0,0,0,0,0,1,0,0,0,0,0,0,0,0,0,1,0,1,1,0,1,0,0,1,74,0,0,0,1,-150.0,0.0,0.0,-2,50.0,0.0,0.0,0.0,0.0,3,1,0,64.86486486486487
S41G01N195,2022-2023,20230210,23,home,50,0,0,1,1,2,1,0,0,4,1,0,0,0,0,0,0,4,1,0,0,3,4,1,0,0,81,0,0,0,0,100.0,37.5,37.5,4,0.0,100.0,0.0,0.0,0.0,3,1,3,74.07407407407408,35,0,0,0,0,0,0,1,0,0,0,0,0,0,0,0,0,1,0,1,1,0,1,0,0,1,81,0,0,0,1,-100.0,0.0,0.0,-2,50.0,0.0,0.0,0.0,0.0,3,1,0,74.07407407407408
S41G01N195,2022-2023,20230210,24,home,50,0,0,1,2,3,1,0,0,4,1,0,0,0,0,0,0,4,1,0,0,3,4,1,0,0,82,0,0,0,0,150.0,37.5,37.5,5,0.0,100.0,0.0,0.0,0.0,3,1,3,58.53658536585366,35,0,0,0,0,0,0,1,0,0,0,0,0,0,0,0,0,1,0,1,1,0,1,0,0,1,82,0,0,0,1,-150.0,0.0,0.0,-2,50.0,0.0,0.0,0.0,0.0,3,1,0,58.53658536585366
S41G01N195,2022-2023,20230210,25,home,50,0,0,1,2,3,1,1,0,4,1,0,0,0,0,0,0,5,1,0,0,3,5,1,0,0,86,0,0,0,0,100.0,30.0,30.0,4,0.0,100.0,0.0,0.0,0.0,3,1,3,69.76744186046511,35,0,0,0,0,0,0,1,0,0,0,0,0,0,0,0,0,1,0,1,1,0,1,0,0,1,86,0,0,0,1,-100.0,0.0,0.0,-2,50.0,0.0,0.0,0.0,0.0,3,1,0,69.76744186046511
S41G01N195,2022-2023,20230210,26,home,50,0,0,1,2,3,1,1,0,4,1,0,0,0,0,0,0,5,1,0,0,3,5,1,0,0,89,0,0,0,0,100.0,30.0,30.0,4,0.0,66.66666666666667,0.0,0.0,0.0,3,1,3,67.41573033707864,35,0,0,1,0,1,0,1,0,0,0,0,0,0,0,0,0,1,0,1,1,0,1,0,0,1,89,0,0,0,1,-100.0,0.0,0.0,-1,50.0,0.0,0.0,0.0,0.0,3,1,0,67.41573033707864
S41G01N195,2022-2023,20230210,27,home,50,0,0,1,2,3,1,1,0,4,1,0,0,0,0,0,0,5,1,0,0,3,5,1,0,0,103,0,0,0,0,100.0,30.0,30.0,4,0.0,66.66666666666667,0.0,0.0,0.0,3,1,3,69.90291262135922,35,0,0,1,0,1,0,2,0,0,0,0,0,0,0,0,0,2,0,1,1,0,2,0,0,1,103,0,0,0,1,-100.0,0.0,0.0,-2,33.333333333333336,0.0,0.0,0.0,0.0,3,1,0,69.90291262135922
S41G01N195,2022-2023,20230210,28,home,50,0,0,1,2,3,1,1,0,4,1,0,0,0,0,0,0,5,1,0,0,3,5,1,0,0,105,0,0,0,0,100.0,30.0,30.0,4,0.0,66.66666666666667,0.0,0.0,0.0,3,1,3,57.142857142857146,35,0,0,1,1,2,0,2,0,0,0,0,0,0,0,0,0,2,0,1,1,0,2,0,0,1,105,0,0,0,1,-100.0,0.0,0.0,-1,33.333333333333336,50.0,0.0,0.0,0.0,3,1,0,57.142857142857146
S41G01N195,2022-2023,20230210,29,home,50,0,0,1,2,3,1,1,0,4,1,0,0,0,0,0,0,5,1,0,0,3,5,1,0,0,107,0,0,0,0,33.33333333333333,30.0,30.0,4,0.0,66.66666666666667,0.0,0.0,0.0,2,1,3,67.28971962616822,35,0,0,1,1,2,0,3,1,0,0,0,0,0,0,0,0,3,1,1,1,2,3,0,0,1,107,0,0,0,1,-33.33333333333333,33.333333333333336,33.333333333333336,1,25.0,50.0,0.0,0.0,0.0,2,1,0,67.28971962616822
S41G01N195,2022-2023,20230210,30,home,50,0,0,1,2,3,1,2,0,4,1,0,0,0,0,0,0,6,1,0,0,3,6,1,0,0,127,0,0,0,0,8.333333333333329,25.0,25.0,3,0.0,66.66666666666667,0.0,0.0,0.0,2,1,3,66.14173228346456,35,0,0,1,1,2,0,3,1,0,0,0,0,0,0,0,0,3,1,1,1,2,3,0,0,1,127,0,0,0,1,-8.333333333333329,33.333333333333336,33.333333333333336,1,25.0,50.0,0.0,0.0,0.0,2,1,0,66.14173228346456
S41G01N195,2022-2023,20230210,31,home,50,0,0,1,2,3,1,2,0,4,1,0,0,0,0,0,0,6,1,0,0,3,6,1,0,0,129,0,0,0,0,8.333333333333329,25.0,25.0,3,0.0,50.0,0.0,0.0,0.0,2,1,3,65.11627906976744,35,0,0,2,1,3,0,3,1,0,0,0,0,0,0,0,0,3,1,1,1,2,3,0,0,1,129,0,0,0,1,-8.333333333333329,33.333333333333336,33.333333333333336,2,25.0,50.0,0.0,0.0,0.0,2,1,0,65.11627906976744
S41G01N195,2022-2023,20230210,32,home,50,0,0,1,2,3,1,2,0,4,1,0,0,0,0,0,0,6,1,0,0,3,6,1,0,0,135,0,0,0,0,25.0,25.0,25.0,3,0.0,50.0,0.0,0.0,0.0,2,1,3,71.11111111111111,35,0,0,2,1,3,0,3,1,1,0,0,0,0,0,0,0,4,1,1,1,2,4,0,0,1,135,0,0,0,1,-25.0,25.0,25.0,1,20.0,50.0,0.0,0.0,0.0,2,1,0,71.11111111111111
S41G01N195,2022-2023,20230210,33,home,50,0,0,1,2,3,1,2,0,4,1,0,0,0,0,0,0,6,1,0,0,3,6,1,0,0,137,0,0,0,0,8.333333333333329,25.0,25.0,3,0.0,50.0,0.0,0.0,0.0,2,1,3,61.31386861313869,35,0,0,2,2,4,0,3,1,1,0,0,0,0,0,0,0,4,1,1,1,2,4,0,0,1,137,0,0,0,1,-8.333333333333329,25.0,25.0,2,20.0,66.66666666666667,0.0,0.0,0.0,2,1,0,61.31386861313869
S41G01N195,2022-2023,20230210,34,home,50,0,0,1,2,3,1,2,0,4,1,0,0,0,0,0,0,6,1,1,1,3,6,1,0,0,137,0,0,0,0,8.333333333333329,25.0,25.0,3,0.0,50.0,0.0,0.0,0.0,2,1,3,61.31386861313869,35,0,0,2,2,4,0,3,1,1,0,0,0,0,0,0,0,4,1,1,1,2,4,0,0,1,137,0,0,0,1,-8.333333333333329,25.0,25.0,2,20.0,66.66666666666667,0.0,0.0,0.0,2,1,0,61.31386861313869
S41G01N195,2022-2023,20230210,35,home,50,0,0,1,2,3,1,2,0,4,1,0,0,0,0,0,0,6,1,1,1,3,6,1,0,0,137,0,0,0,0,8.333333333333329,25.0,25.0,3,0.0,50.0,0.0,0.0,0.0,2,1,3,61.31386861313869,35,0,0,2,2,4,0,3,1,1,0,0,0,0,0,0,0,4,1,1,1,2,4,0,0,1,137,0,0,0,1,-8.333333333333329,25.0,25.0,2,20.0,66.66666666666667,0.0,0.0,0.0,2,1,0,61.31386861313869
S41G01N195,2022-2023,20230210,36,home,50,0,0,1,2,3,1,2,0,4,1,0,0,0,0,0,0,6,1,1,1,3,6,1,0,0,143,0,0,0,0,25.0,25.0,25.0,3,0.0,50.0,0.0,0.0,0.0,2,1,3,67.13286713286713,35,0,0,2,2,4,0,4,1,1,0,0,0,0,0,0,0,5,1,1,1,2,5,0,0,1,143,0,0,0,1,-25.0,20.0,20.0,1,16.666666666666668,66.66666666666667,0.0,0.0,0.0,2,1,0,67.13286713286713
S41G01N195,2022-2023,20230210,37,home,50,0,0,2,2,4,1,2,0,4,1,0,0,0,0,0,0,6,1,1,1,3,6,1,0,0,145,0,0,0,0,25.0,25.0,25.0,4,0.0,50.0,0.0,0.0,0.0,2,1,3,66.20689655172414,35,0,0,2,2,4,0,4,1,1,0,0,0,0,0,0,0,5,1,1,1,2,5,0,0,1,145,0,0,0,1,-25.0,20.0,20.0,1,16.666666666666668,50.0,0.0,0.0,0.0,2,1,0,66.20689655172414
S41G01N195,2022-2023,20230210,38,home,50,0,0,2,2,4,1,3,1,4,1,0,0,0,0,0,0,7,2,1,1,5,7,1,0,0,157,0,0,0,0,50.0,35.714285714285715,35.714285714285715,6,0.0,50.0,0.0,0.0,0.0,2,1,3,68.78980891719745,35,0,0,2,2,4,0,4,1,1,0,0,0,0,0,0,0,5,1,1,1,2,5,0,0,1,157,0,0,0,1,-50.0,20.0,20.0,1,16.666666666666668,50.0,0.0,0.0,0.0,2,1,0,68.78980891719745
S41G01N195,2022-2023,20230210,39,home,50,0,0,2,2,4,1,3,1,4,1,0,0,0,0,0,0,7,2,1,1,5,7,1,0,0,175,0,0,0,0,60.0,35.714285714285715,35.714285714285715,6,0.0,50.0,0.0,0.0,0.0,2,1,3,68.57142857142857,35,0,0,2,2,4,0,5,1,1,0,0,0,0,0,0,0,6,1,1,1,2,6,0,0,1,175,0,0,0,1,-60.0,16.666666666666668,16.666666666666668,0,14.285714285714286,50.0,0.0,0.0,0.0,2,1,0,68.57142857142857
S41G01N195,2022-2023,20230210,40,home,50,0,0,2,2,4,1,3,1,4,1,0,0,0,0,0,0,7,2,1,1,5,7,1,0,0,177,0,0,0,0,50.0,35.714285714285715,35.714285714285715,6,0.0,50.0,0.0,0.0,0.0,2,1,3,61.01694915254237,35,0,0,2,3,5,0,5,1,1,0,0,0,0,0,0,0,6,1,1,1,2,6,0,0,1,177,0,0,0,1,-50.0,16.666666666666668,16.666666666666668,1,14.285714285714286,60.0,0.0,0.0,0.0,2,1,0,61.01694915254237
S41G01N195,2022-2023,20230210,41,home,50,0,0,2,2,4,1,3,1,4,1,0,0,0,0,0,0,7,2,1,1,5,7,1,0,0,181,0,0,0,0,20.0,35.714285714285715,35.714285714285715,6,0.0,50.0,0.0,0.0,0.0,2,1,3,66.29834254143647,35,0,0,2,3,5,0,6,2,1,0,0,0,0,0,0,0,7,2,1,1,4,7,0,0,1,181,0,0,0,1,-20.0,28.571428571428573,28.571428571428573,3,12.5,60.0,0.0,0.0,0.0,2,1,0,66.29834254143647
S41G01N195,2022-2023,20230210,42,home,50,0,0,2,2,4,1,4,2,4,1,0,0,0,0,0,0,8,3,1,1,7,8,1,0,0,197,0,0,0,0,36.66666666666667,43.75,43.75,8,0.0,50.0,0.0,0.0,0.0,2,1,3,67.00507614213197,35,0,0,2,3,5,0,6,2,1,0,0,0,0,0,0,0,7,2,1,1,4,7,0,0,1,197,0,0,0,1,-36.66666666666667,28.571428571428573,28.571428571428573,3,12.5,60.0,0.0,0.0,0.0,2,1,0,67.00507614213197
S41G01N195,2022-2023,20230210,43,home,50,0,0,2,2,4,1,4,2,4,1,0,0,0,0,0,0,8,3,1,1,7,8,1,0,0,197,0,0,0,0,36.66666666666667,43.75,43.75,8,0.0,50.0,0.0,0.0,0.0,2,1,3,67.00507614213197,35,0,0,2,3,5,0,6,2,1,0,0,0,0,0,0,0,7,2,2,1,4,7,0,0,1,197,0,0,0,1,-36.66666666666667,28.571428571428573,28.571428571428573,3,12.5,60.0,0.0,0.0,0.0,2,1,0,67.00507614213197
S41G01N195,2022-2023,20230210,44,home,50,0,0,2,2,4,1,4,2,4,1,0,0,0,0,0,0,8,3,1,1,7,8,1,0,0,197,0,0,0,0,36.66666666666667,43.75,43.75,8,0.0,50.0,0.0,0.0,0.0,2,1,3,67.00507614213197,35,0,0,2,3,5,0,6,2,1,0,0,0,0,0,0,0,7,2,2,1,4,7,0,0,1,197,0,0,0,1,-36.66666666666667,28.571428571428573,28.571428571428573,3,12.5,60.0,0.0,0.0,0.0,2,1,0,67.00507614213197
S41G01N195,2022-2023,20230210,45,home,50,0,0,2,2,4,1,4,2,4,1,0,0,1,0,0,0,8,3,1,1,7,9,1,0,0,197,0,0,0,0,28.695652173913047,41.46919431279621,43.75,7,0.0,50.0,0.0,0.0,0.0,2,1,3,69.68527918781726,35,0,0,2,3,5,0,6,2,1,0,0,0,0,0,0,0,7,2,2,1,4,7,0,0,1,197,0,0,0,1,-28.695652173913047,28.571428571428573,28.571428571428573,3,12.5,60.0,0.0,0.0,0.0,2,1,0,69.68527918781726
S41G01N195,2022-2023,20230210,46,home,50,0,0,2,2,4,1,4,2,4,1,0,0,1,0,0,0,8,3,1,1,7,9,1,0,0,200,0,0,0,0,28.695652173913047,41.46919431279621,43.75,7,0.0,40.0,0.0,0.0,0.0,2,1,3,68.64,35,0,0,3,3,6,0,6,2,1,0,0,0,0,0,0,0,7,2,2,1,4,7,0,0,1,200,0,0,0,1,-28.695652173913047,28.571428571428573,28.571428571428573,4,12.5,60.0,0.0,0.0,0.0,2,1,0,68.64
S41G01N195,2022-2023,20230210,47,home,50,0,0,2,2,4,1,4,2,4,1,0,0,1,0,0,0,8,3,1,1,7,9,1,0,0,217,0,0,0,0,8.695652173913047,41.46919431279621,43.75,7,0.0,40.0,0.0,0.0,0.0,2,1,3,68.79262672811059,35,0,0,3,3,6,0,7,3,1,0,1,1,0,0,0,0,8,3,2,1,6,8,0,0,1,217,0,0,0,1,-8.695652173913047,37.5,37.5,6,11.11111111111111,60.0,0.0,0.0,0.0,2,1,0,68.79262672811059
S41G01N195,2022-2023,20230210,48,home,50,0,0,2,2,4,1,4,2,4,1,0,0,1,0,0,0,8,3,1,1,7,9,1,0,0,217,0,0,0,0,8.695652173913047,41.46919431279621,43.75,7,0.0,40.0,0.0,0.0,0.0,2,1,3,68.79262672811059,35,1,0,3,3,6,0,7,3,1,0,1,1,0,0,0,0,8,3,2,1,6,8,0,0,1,217,0,0,0,1,-8.695652173913047,37.5,37.5,7,11.11111111111111,60.0,0.0,33.333333333333336,1.0,2,1,0,68.79262672811059
S41G01N195,2022-2023,20230210,49,home,50,0,0,2,2,4,1,5,2,4,1,0,0,1,0,0,0,9,3,1,1,7,10,1,0,0,240,0,0,0,0,-5.913978494623649,37.07627118644068,38.888888888888886,6,0.0,40.0,0.0,0.0,0.0,2,1,3,67.2,35,1,0,3,3,6,0,7,3,1,0,1,1,0,0,0,0,8,3,2,1,6,8,0,0,1,240,0,0,0,1,5.913978494623649,37.5,37.5,7,11.11111111111111,60.0,0.0,33.333333333333336,1.0,2,1,0,67.2
S41G01N195,2022-2023,20230210,50,home,50,0,0,2,3,5,1,5,2,4,1,0,0,1,0,0,0,9,3,1,1,7,10,1,0,0,242,0,0,0,0,8.695652173913047,37.07627118644068,38.888888888888886,7,0.0,50.0,0.0,0.0,0.0,2,1,3,61.68595041322314,35,1,0,3,3,6,0,7,3,1,0,1,1,0,0,0,0,8,3,2,1,6,8,0,0,1,242,0,0,0,1,-8.695652173913047,37.5,37.5,7,11.11111111111111,60.0,0.0,33.333333333333336,1.0,2,1,0,61.68595041322314
S41G01N195,2022-2023,20230210,51,home,50,0,0,2,3,5,1,6,3,4,1,0,0,1,0,0,0,10,4,1,1,9,11,1,0,0,246,0,0,0,0,20.967741935483886,43.10344827586207,45.0,9,0.0,50.0,0.0,0.0,0.0,2,1,3,65.5609756097561,35,1,0,3,3,6,0,7,3,1,0,1,1,0,0,0,0,8,3,2,1,6,8,0,0,1,246,0,0,0,1,-20.967741935483886,37.5,37.5,7,11.11111111111111,60.0,0.0,33.333333333333336,1.0,2,1,0,65.5609756097561
S41G01N195,2022-2023,20230210,52,home,50,0,0,2,3,5,1,6,3,4,1,0,0,1,0,0,0,10,4,1,1,9,11,1,0,0,260,0,0,0,0,35.25345622119818,43.10344827586207,45.0,9,0.0,50.0,0.0,0.0,0.0,2,1,3,66.64615384615384,35,1,0,3,3,6,0,7,3,2,0,1,1,0,0,0,0,9,3,2,1,6,9,0,0,1,260,0,0,0,1,-35.25345622119818,33.333333333333336,33.333333333333336,6,10.0,60.0,0.0,33.333333333333336,1.0,2,1,0,66.64615384615384
S41G01N195,2022-2023,20230210,53,home,50,0,0,2,3,5,1,6,3,4,1,0,0,1,0,0,0,10,4,1,1,9,11,1,0,0,262,0,0,0,0,20.967741935483886,43.10344827586207,45.0,9,0.0,50.0,0.0,0.0,0.0,2,1,3,61.55725190839694,35,1,0,3,4,7,0,7,3,2,0,1,1,0,0,0,0,9,3,2,1,6,9,0,0,1,262,0,0,0,1,-20.967741935483886,33.333333333333336,33.333333333333336,7,10.0,66.66666666666667,0.0,33.333333333333336,1.0,2,1,0,61.55725190839694
S41G01N195,2022-2023,20230210,54,home,50,0,0,2,3,5,1,6,3,4,1,0,0,1,0,0,0,10,4,1,1,9,11,1,0,0,271,0,0,0,0,6.682027649769594,43.10344827586207,45.0,9,0.0,50.0,0.0,0.0,0.0,2,1,3,63.9409594095941,35,1,0,3,4,7,0,8,4,2,0,2,2,0,0,0,0,10,4,2,1,8,10,0,0,1,271,0,0,0,1,-6.682027649769594,40.0,40.0,9,9.090909090909092,66.66666666666667,0.0,25.0,1.0,2,1,0,63.9409594095941
S41G01N195,2022-2023,20230210,55,home,50,0,0,2,3,5,1,6,3,4,1,0,0,1,0,0,0,10,4,1,1,9,11,1,0,0,271,0,0,0,0,6.682027649769594,43.10344827586207,45.0,9,0.0,50.0,0.0,0.0,0.0,2,1,3,63.9409594095941,35,2,0,3,4,7,0,8,4,2,0,2,2,0,0,0,0,10,4,2,1,8,10,0,0,1,271,0,0,0,1,-6.682027649769594,40.0,40.0,10,9.090909090909092,66.66666666666667,0.0,50.0,2.0,2,1,0,63.9409594095941
S41G01N195,2022-2023,20230210,56,home,50,0,0,2,3,5,1,6,3,4,1,0,0,1,0,0,0,10,4,1,1,9,11,1,0,0,277,0,0,0,0,6.682027649769594,43.10344827586207,45.0,9,0.0,50.0,0.0,0.0,0.0,2,1,3,62.55595667870036,35,2,0,3,4,7,0,8,4,2,0,2,2,0,0,0,0,10,4,3,2,8,10,0,0,1,277,0,0,0,1,-6.682027649769594,40.0,40.0,10,9.090909090909092,66.66666666666667,0.0,50.0,2.0,2,1,0,62.55595667870036
S41G01N195,2022-2023,20230210,57,home,50,0,0,2,3,5,1,6,3,4,1,0,0,1,0,0,0,10,4,1,1,9,11,1,0,0,277,0,0,0,0,6.682027649769594,43.10344827586207,45.0,9,0.0,50.0,0.0,0.0,0.0,2,1,3,62.55595667870036,35,2,0,3,4,7,0,8,4,2,0,2,2,0,0,0,0,10,4,3,2,8,10,0,0,1,277,0,0,0,1,-6.682027649769594,40.0,40.0,10,9.090909090909092,66.66666666666667,0.0,50.0,2.0,2,1,0,62.55595667870036
S41G01N195,2022-2023,20230210,58,home,50,0,0,2,3,5,1,6,3,4,1,0,0,1,0,0,0,10,4,1,1,9,11,1,0,0,280,0,0,0,0,6.682027649769594,43.10344827586207,45.0,9,0.0,50.0,0.0,0.0,0.0,2,1,3,61.88571428571428,35,2,0,3,4,7,0,8,4,2,0,2,2,0,0,0,0,10,4,4,3,8,10,0,0,1,280,0,0,0,1,-6.682027649769594,40.0,40.0,10,9.090909090909092,66.66666666666667,0.0,50.0,2.0,2,1,0,61.88571428571428
S41G01N195,2022-2023,20230210,59,home,50,0,0,2,3,5,1,6,3,4,1,0,0,1,0,0,0,10,4,1,1,9,11,1,0,0,280,0,0,0,0,6.682027649769594,43.10344827586207,45.0,9,0.0,50.0,0.0,0.0,0.0,2,1,3,61.88571428571428,35,2,0,3,4,7,0,8,4,2,0,2,2,0,0,0,0,10,4,4,3,8,10,0,0,1,280,0,0,0,1,-6.682027649769594,40.0,40.0,10,9.090909090909092,66.66666666666667,0.0,50.0,2.0,2,1,0,61.88571428571428
S41G01N195,2022-2023,20230210,60,home,50,0,0,2,3,5,1,7,3,4,1,0,0,1,0,0,0,11,4,1,1,9,12,1,0,0,287,0,0,0,0,-7.650643195666888,39.33566433566434,40.90909090909091,8,0.0,50.0,0.0,0.0,0.0,2,1,3,64.55749128919861,35,2,0,3,4,7,0,8,4,2,0,2,2,0,0,0,0,10,4,4,3,8,10,0,0,1,287,0,0,0,1,7.650643195666888,40.0,40.0,10,9.090909090909092,66.66666666666667,0.0,50.0,2.0,2,1,0,64.55749128919861
S41G01N195,2022-2023,20230210,61,home,50,0,0,2,3,5,1,7,3,4,1,0,0,1,0,0,0,11,4,1,1,9,12,1,0,0,289,0,0,0,0,-7.650643195666888,39.33566433566434,40.90909090909091,8,0.0,42.857142857142854,0.0,0.0,0.0,2,1,3,64.11072664359861,35,2,0,4,4,8,0,8,4,2,0,2,2,0,0,0,0,10,4,4,3,8,10,0,0,1,289,0,0,0,1,7.650643195666888,40.0,40.0,11,9.090909090909092,66.66666666666667,0.0,50.0,2.0,2,1,0,64.11072664359861
S41G01N195,2022-2023,20230210,62,home,50,0,0,2,3,5,1,7,3,4,1,0,0,1,0,0,0,11,4,2,1,9,12,1,0,0,289,0,0,0,0,-7.650643195666888,39.33566433566434,40.90909090909091,8,0.0,42.857142857142854,0.0,0.0,0.0,2,1,3,64.11072664359861,35,2,0,4,4,8,0,8,4,2,0,2,2,0,0,0,0,10,4,4,3,8,10,0,0,1,289,0,0,0,1,7.650643195666888,40.0,40.0,11,9.090909090909092,66.66666666666667,0.0,50.0,2.0,2,1,0,64.11072664359861
S41G01N195,2022-2023,20230210,63,home,50,0,0,2,3,5,1,7,3,4,1,0,0,1,0,0,0,11,4,2,1,9,12,1,0,0,289,0,0,0,0,-7.650643195666888,39.33566433566434,40.90909090909091,8,0.0,42.857142857142854,0.0,0.0,0.0,2,1,3,64.11072664359861,35,2,0,4,4,8,0,8,4,2,0,2,2,0,0,0,0,10,4,4,3,8,10,0,0,1,289,0,0,0,1,7.650643195666888,40.0,40.0,11,9.090909090909092,66.66666666666667,0.0,50.0,2.0,2,1,0,64.11072664359861
S41G01N195,2022-2023,20230210,64,home,50,0,0,2,3,5,1,7,3,4,1,0,0,1,0,0,0,11,4,2,1,9,12,1,0,0,289,0,0,0,0,-7.650643195666888,39.33566433566434,40.90909090909091,8,0.0,42.857142857142854,0.0,0.0,0.0,2,1,3,64.11072664359861,35,2,0,4,4,8,0,8,4,2,0,2,2,0,0,1,0,10,4,4,3,8,10,0,0,1,289,0,0,0,1,7.650643195666888,40.0,40.0,11,9.090909090909092,66.66666666666667,0.0,50.0,2.0,2,1,0,64.11072664359861
S41G01N195,2022-2023,20230210,65,home,50,0,0,2,3,5,1,7,3,4,1,0,0,1,0,0,0,11,4,2,1,9,12,1,0,0,289,0,0,0,0,-14.332670845436482,39.33566433566434,40.90909090909091,8,0.0,42.857142857142854,0.0,0.0,0.0,3,1,3,65.93771626297577,35,2,0,4,4,8,0,8,4,2,0,2,2,1,1,1,1,10,4,4,3,9,11,0,0,1,289,0,0,0,1,14.332670845436482,43.10344827586207,40.0,12,8.741258741258742,66.66666666666667,100.0,50.0,2.0,3,1,0,65.93771626297577
S41G01N195,2022-2023,20230210,66,home,50,0,0,2,3,5,1,7,3,4,1,0,0,1,0,0,0,11,4,2,1,9,12,1,0,0,289,0,0,0,0,-7.578126879495727,39.33566433566434,40.90909090909091,8,0.0,42.857142857142854,0.0,0.0,0.0,3,1,3,67.76470588235294,35,2,0,4,4,8,0,8,4,2,0,2,2,2,1,1,1,10,4,4,3,9,12,0,0,1,289,0,0,0,1,7.578126879495727,41.36029411764706,40.0,11,8.417508417508417,66.66666666666667,50.0,50.0,2.0,3,1,0,67.76470588235294
S41G01N195,2022-2023,20230210,67,home,50,0,0,3,3,6,1,7,3,4,1,0,0,1,0,0,0,11,4,2,1,9,12,1,0,0,290,0,0,0,0,-7.578126879495727,39.33566433566434,40.90909090909091,9,0.0,42.857142857142854,0.0,0.0,0.0,3,1,3,67.53103448275863,35,2,0,4,4,8,0,8,4,2,0,2,2,2,1,1,1,10,4,4,3,9,12,0,0,1,290,0,0,0,1,7.578126879495727,41.36029411764706,40.0,11,8.417508417508417,57.142857142857146,50.0,50.0,2.0,3,1,0,67.53103448275863
S41G01N195,2022-2023,20230210,68,home,50,0,0,3,3,6,1,7,3,5,1,0,0,1,0,0,0,12,4,2,1,9,13,1,0,0,306,0,0,0,0,-18.87421491869567,36.17363344051447,37.5,8,0.0,42.857142857142854,0.0,0.0,0.0,3,1,3,67.92156862745098,35,2,0,4,4,8,0,8,4,2,0,2,2,2,1,1,1,10,4,4,3,9,12,0,0,1,306,0,0,0,1,18.87421491869567,41.36029411764706,40.0,11,8.417508417508417,57.142857142857146,50.0,50.0,2.0,3,1,0,67.92156862745098
S41G01N195,2022-2023,20230210,69,home,50,0,0,3,4,7,1,7,3,5,1,0,0,1,0,0,0,12,4,2,1,9,13,1,0,0,307,0,0,0,0,-7.578126879495727,36.17363344051447,37.5,9,0.0,50.0,0.0,0.0,0.0,3,1,3,63.79153094462541,35,2,0,4,4,8,0,8,4,2,0,2,2,2,1,1,1,10,4,4,3,9,12,0,0,1,307,0,0,0,1,7.578126879495727,41.36029411764706,40.0,11,8.417508417508417,57.142857142857146,50.0,50.0,2.0,3,1,0,63.79153094462541
S41G01N195,2022-2023,20230210,70,home,50,0,0,3,4,7,1,7,3,6,1,0,0,1,0,0,0,13,4,2,1,9,14,1,0,0,312,0,0,0,0,-18.87421491869567,33.48214285714286,34.61538461538461,8,0.0,50.0,0.0,0.0,0.0,3,1,3,66.61538461538461,35,2,0,4,4,8,0,8,4,2,0,2,2,2,1,1,1,10,4,4,3,9,12,0,0,1,312,0,0,0,1,18.87421491869567,41.36029411764706,40.0,11,8.417508417508417,57.142857142857146,50.0,50.0,2.0,3,1,0,66.61538461538461
S41G01N195,2022-2023,20230210,71,home,50,0,0,3,4,7,1,7,3,6,1,0,0,1,0,0,0,13,4,2,1,9,14,1,0,0,315,0,0,0,0,-18.87421491869567,33.48214285714286,34.61538461538461,8,0.0,44.44444444444444,0.0,0.0,0.0,3,1,3,65.98095238095237,35,2,0,5,4,9,0,8,4,2,0,2,2,2,1,1,1,10,4,4,3,9,12,0,0,1,315,0,0,0,1,18.87421491869567,41.36029411764706,40.0,12,8.417508417508417,57.142857142857146,50.0,50.0,2.0,3,1,0,65.98095238095237
S41G01N195,2022-2023,20230210,72,home,50,0,0,3,4,7,1,7,3,6,1,0,0,1,0,0,0,13,4,3,1,9,14,1,0,0,322,0,0,0,0,-18.87421491869567,33.48214285714286,34.61538461538461,8,0.0,44.44444444444444,0.0,0.0,0.0,3,1,3,64.54658385093168,35,2,0,5,4,9,0,8,4,2,0,2,2,2,1,1,1,10,4,4,3,9,12,0,0,1,322,0,0,0,1,18.87421491869567,41.36029411764706,40.0,12,8.417508417508417,57.142857142857146,50.0,50.0,2.0,3,1,0,64.54658385093168
S41G01N195,2022-2023,20230210,73,home,50,0,0,3,4,7,1,7,3,6,1,0,0,1,0,0,0,13,4,3,1,9,14,1,0,0,322,0,0,0,0,-18.87421491869567,33.48214285714286,34.61538461538461,8,0.0,44.44444444444444,0.0,0.0,0.0,3,1,3,64.54658385093168,35,2,0,5,4,9,0,8,4,2,0,2,2,2,1,1,1,10,4,4,3,9,12,0,0,1,322,0,0,0,1,18.87421491869567,41.36029411764706,40.0,12,8.417508417508417,57.142857142857146,50.0,50.0,2.0,3,1,0,64.54658385093168
S41G01N195,2022-2023,20230210,74,home,50,0,0,3,4,7,1,7,3,6,1,0,0,1,0,0,0,13,4,3,1,9,14,1,0,0,322,0,0,0,0,-18.87421491869567,33.48214285714286,34.61538461538461,8,0.0,44.44444444444444,0.0,0.0,0.0,3,1,3,64.54658385093168,35,3,0,5,4,9,0,8,4,2,0,2,2,2,1,1,1,10,4,4,3,9,12,0,0,1,322,0,0,0,1,18.87421491869567,41.36029411764706,40.0,13,8.417508417508417,57.142857142857146,50.0,75.0,3.0,3,1,0,64.54658385093168
S41G01N195,2022-2023,20230210,75,home,50,0,0,3,4,7,1,7,3,6,1,0,0,1,0,0,0,13,4,3,1,9,14,1,0,0,322,0,0,0,0,-18.87421491869567,33.48214285714286,34.61538461538461,8,0.0,44.44444444444444,0.0,0.0,0.0,3,1,3,64.54658385093168,35,3,0,5,4,9,0,8,4,2,0,2,2,2,1,1,1,10,4,4,3,9,12,0,0,1,322,0,0,0,1,18.87421491869567,41.36029411764706,40.0,13,8.417508417508417,57.142857142857146,50.0,75.0,3.0,3,1,0,64.54658385093168
S41G01N195,2022-2023,20230210,76,home,50,0,0,3,4,7,1,7,3,6,1,0,0,1,0,0,0,13,4,3,1,9,14,1,0,0,322,0,0,0,0,-18.87421491869567,33.48214285714286,34.61538461538461,8,0.0,44.44444444444444,0.0,0.0,0.0,3,1,3,64.54658385093168,35,3,0,5,4,9,0,8,4,2,0,2,2,2,1,1,1,10,4,4,3,9,12,0,0,1,322,0,0,0,1,18.87421491869567,41.36029411764706,40.0,13,8.417508417508417,57.142857142857146,50.0,75.0,3.0,3,1,0,64.54658385093168
S41G01N195,2022-2023,20230210,77,home,50,0,0,3,4,7,1,7,3,6,1,0,0,1,0,0,0,13,4,3,1,9,14,1,0,0,322,0,0,0,0,-12.83409387222946,33.48214285714286,34.61538461538461,8,0.0,44.44444444444444,0.0,0.0,0.0,3,1,3,66.1863354037267,35,3,0,5,4,9,0,8,4,2,0,2,2,3,1,1,1,10,4,4,3,9,13,0,0,1,322,0,0,0,1,12.83409387222946,39.75265017667844,40.0,12,8.116883116883116,57.142857142857146,33.333333333333336,75.0,3.0,3,1,0,66.1863354037267
S41G01N195,2022-2023,20230210,78,home,50,0,0,3,4,7,1,7,3,6,1,0,0,1,0,0,0,13,4,3,1,9,14,1,0,0,322,0,0,0,0,-18.81626809070505,33.48214285714286,34.61538461538461,8,0.0,44.44444444444444,0.0,0.0,0.0,4,2,3,67.82608695652173,35,3,0,5,4,9,0,8,4,2,0,2,2,4,2,1,1,10,4,4,3,10,14,0,0,1,322,0,0,0,1,18.81626809070505,42.51700680272109,40.0,13,7.836990595611286,57.142857142857146,50.0,75.0,3.0,4,2,1,67.82608695652173
S41G01N195,2022-2023,20230210,79,home,50,0,0,3,4,7,1,7,3,6,1,0,0,1,0,0,0,13,4,3,1,9,14,1,0,0,322,0,0,0,0,-24.226234340456898,33.48214285714286,34.61538461538461,8,0.0,44.44444444444444,0.0,0.0,0.0,5,2,3,69.46583850931677,35,3,0,5,4,9,0,8,4,2,0,2,2,5,3,1,1,10,4,4,3,11,15,0,0,1,322,0,0,0,1,24.226234340456898,45.08196721311476,40.0,14,7.575757575757576,57.142857142857146,60.0,75.0,3.0,5,2,2,69.46583850931677
S41G01N195,2022-2023,20230210,80,home,50,0,0,3,4,7,1,8,3,6,1,0,0,1,0,0,0,14,4,3,1,9,15,1,0,0,332,0,0,0,0,-33.358320839580216,31.163434903047094,32.142857142857146,7,0.0,44.44444444444444,0.0,0.0,0.0,5,2,3,70.98795180722892,35,3,0,5,4,9,0,8,4,2,0,2,2,5,3,1,1,10,4,4,3,11,15,0,0,1,332,0,0,0,1,33.358320839580216,45.08196721311476,40.0,14,7.575757575757576,57.142857142857146,60.0,75.0,3.0,5,2,2,70.98795180722892
S41G01N195,2022-2023,20230210,81,home,50,0,0,3,4,7,1,8,3,6,1,0,0,1,0,0,0,14,4,3,1,9,15,1,0,0,334,0,0,0,0,-33.358320839580216,31.163434903047094,32.142857142857146,7,0.0,40.0,0.0,0.0,0.0,5,2,3,70.562874251497,35,3,0,6,4,10,0,8,4,2,0,2,2,5,3,1,1,10,4,4,3,11,15,0,0,1,334,0,0,0,1,33.358320839580216,45.08196721311476,40.0,15,7.575757575757576,57.142857142857146,60.0,75.0,3.0,5,2,2,70.562874251497
S41G01N195,2022-2023,20230210,82,home,50,0,0,3,4,7,1,8,3,6,1,0,0,1,0,0,0,14,4,3,1,9,15,1,0,0,351,0,0,0,0,-21.63624070317782,31.163434903047094,32.142857142857146,7,0.0,40.0,0.0,0.0,0.0,5,2,3,70.56410256410257,35,3,0,6,4,10,0,8,4,3,0,2,2,5,3,1,1,11,4,4,3,11,16,0,0,1,351,0,0,0,1,21.63624070317782,41.66666666666667,36.36363636363637,14,7.042253521126761,57.142857142857146,60.0,75.0,3.0,5,2,2,70.56410256410257
S41G01N195,2022-2023,20230210,83,home,50,0,0,4,4,8,1,8,3,6,1,0,0,1,0,0,0,14,4,3,1,9,15,1,0,0,353,0,0,0,0,-21.63624070317782,31.163434903047094,32.142857142857146,8,0.0,40.0,0.0,0.0,0.0,5,2,3,70.16430594900851,35,3,0,6,4,10,0,8,4,3,0,2,2,5,3,1,1,11,4,4,3,11,16,0,0,1,353,0,0,0,1,21.63624070317782,41.66666666666667,36.36363636363637,14,7.042253521126761,50.0,60.0,75.0,3.0,5,2,2,70.16430594900851
S41G01N195,2022-2023,20230210,84,home,50,0,0,4,4,8,1,8,3,7,2,0,0,1,0,0,0,15,5,3,1,12,16,1,0,0,372,0,0,0,0,-2.948032359797068,38.86010362694301,40.0,11,0.0,40.0,0.0,0.0,0.0,3,3,3,69.80645161290322,35,3,0,6,4,10,0,8,4,3,0,2,2,5,3,1,1,11,4,4,3,11,16,0,0,1,372,0,0,0,1,2.948032359797068,41.66666666666667,36.36363636363637,14,7.042253521126761,50.0,60.0,75.0,3.0,3,3,2,69.80645161290322
S41G01N195,2022-2023,20230210,85,home,50,1,0,4,4,8,1,8,3,7,2,0,0,1,0,0,0,15,5,3,1,12,16,1,0,0,372,0,0,0,0,-2.948032359797068,38.86010362694301,40.0,12,0.0,40.0,0.0,20.0,0.0,3,3,3,69.80645161290322,35,3,0,6,4,10,0,8,4,3,0,2,2,5,3,1,1,11,4,4,3,11,16,0,0,1,372,0,0,0,1,2.948032359797068,41.66666666666667,36.36363636363637,14,7.042253521126761,50.0,60.0,75.0,3.0,3,3,2,69.80645161290322
S41G01N195,2022-2023,20230210,86,home,50,1,0,4,4,8,1,8,3,7,2,0,0,1,0,0,0,15,5,3,1,12,16,1,0,0,392,0,0,0,0,-11.17632367632369,38.86010362694301,40.0,12,0.0,40.0,0.0,20.0,0.0,2,4,3,69.3061224489796,35,3,0,6,4,10,0,9,5,3,0,2,2,5,3,1,1,12,5,4,3,13,17,0,0,1,392,0,0,0,1,11.17632367632369,45.774647887323944,41.666666666666664,16,6.578947368421053,50.0,60.0,60.0,3.0,2,4,2,69.3061224489796
S41G01N195,2022-2023,20230210,87,home,50,1,0,4,4,8,1,8,3,7,2,0,0,1,0,0,0,15,5,4,1,12,16,1,0,0,392,0,0,0,0,-11.17632367632369,38.86010362694301,40.0,12,0.0,40.0,0.0,20.0,0.0,2,4,3,69.3061224489796,35,3,0,6,4,10,0,9,5,3,0,2,2,5,3,1,1,12,5,4,3,13,17,0,0,1,392,0,0,0,1,11.17632367632369,45.774647887323944,41.666666666666664,16,6.578947368421053,50.0,60.0,60.0,3.0,2,4,2,69.3061224489796
S41G01N195,2022-2023,20230210,88,home,50,1,0,4,4,8,1,8,3,7,2,0,0,1,0,0,0,15,5,4,1,12,16,1,0,0,392,0,0,0,0,-11.17632367632369,38.86010362694301,40.0,12,0.0,40.0,0.0,20.0,0.0,2,4,3,69.3061224489796,35,3,0,6,4,10,0,9,5,3,0,2,2,5,3,1,1,12,5,4,3,13,17,0,0,1,392,0,0,0,1,11.17632367632369,45.774647887323944,41.666666666666664,16,6.578947368421053,50.0,60.0,60.0,3.0,2,4,2,69.3061224489796
S41G01N195,2022-2023,20230210,89,home,50,1,0,4,4,8,1,8,3,7,2,0,0,1,0,0,0,15,5,4,1,12,16,1,0,0,392,0,0,0,0,-15.379809194242185,38.86010362694301,40.0,12,0.0,40.0,0.0,20.0,0.0,3,4,3,70.65306122448979,35,3,0,6,4,10,0,9,5,3,0,2,2,6,4,1,1,12,5,4,3,14,18,0,0,1,392,0,0,0,1,15.379809194242185,47.814207650273225,41.666666666666664,17,6.39386189258312,50.0,66.66666666666667,60.0,3.0,3,4,2,70.65306122448979
S41G01N195,2022-2023,20230210,90,home,50,1,0,4,4,8,1,9,4,7,2,0,0,1,0,0,0,16,6,4,1,14,17,1,0,0,407,0,0,0,0,-7.734721163302069,42.57907542579075,43.75,14,0.0,40.0,0.0,16.666666666666668,0.0,2,4,3,70.99754299754301,35,3,0,6,4,10,0,9,5,3,0,2,2,6,4,1,1,12,5,4,3,14,18,0,0,1,407,0,0,0,1,7.734721163302069,47.814207650273225,41.666666666666664,17,6.39386189258312,50.0,66.66666666666667,60.0,3.0,2,4,2,70.99754299754301
S41G01N195,2022-2023,20230210,91,home,50,1,0,4,4,8,1,9,4,7,2,0,0,1,0,0,0,16,6,4,1,14,17,1,0,0,407,0,0,0,0,-7.734721163302069,42.57907542579075,43.75,14,0.0,40.0,0.0,16.666666666666668,0.0,2,4,3,70.99754299754301,35,3,0,6,4,10,0,9,5,3,0,2,2,6,4,1,1,12,5,5,3,14,18,0,0,1,407,0,0,0,1,7.734721163302069,47.814207650273225,41.666666666666664,17,6.39386189258312,50.0,66.66666666666667,60.0,3.0,2,4,2,70.99754299754301
S41G01N195,2022-2023,20230210,92,home,50,1,0,4,4,8,1,9,4,7,2,0,0,1,0,0,0,16,6,4,1,14,17,1,0,0,407,0,0,0,0,-7.734721163302069,42.57907542579075,43.75,14,0.0,40.0,0.0,16.666666666666668,0.0,2,4,3,70.99754299754301,35,3,0,6,4,10,0,9,5,3,0,2,2,6,4,1,1,12,5,5,3,14,18,0,0,1,407,0,0,0,1,7.734721163302069,47.814207650273225,41.666666666666664,17,6.39386189258312,50.0,66.66666666666667,60.0,3.0,2,4,2,70.99754299754301
S41G01N195,2022-2023,20230210,93,home,50,1,0,4,4,8,1,9,4,7,2,0,0,2,1,0,0,16,6,4,1,15,18,1,0,0,407,0,0,0,0,-3.815286760154521,44.43127962085308,43.75,15,0.0,40.0,50.0,16.666666666666668,0.0,3,5,3,72.2948402948403,35,3,0,6,4,10,0,9,5,3,0,2,2,6,4,1,1,12,5,5,3,14,18,0,0,1,407,0,0,0,1,3.815286760154521,47.814207650273225,41.666666666666664,17,6.39386189258312,50.0,66.66666666666667,60.0,3.0,3,5,2,72.2948402948403
S41G01N195,2022-2023,20230210,94,home,50,1,0,4,4,8,1,9,4,7,2,0,0,2,1,0,0,16,6,4,1,15,18,1,0,0,429,0,0,0,0,5.700133658306484,44.43127962085308,43.75,15,0.0,40.0,50.0,16.666666666666668,0.0,3,5,3,71.38461538461539,35,3,0,6,4,10,0,10,5,3,0,2,2,6,4,1,1,13,5,5,3,14,19,0,0,1,429,0,0,0,1,-5.700133658306484,44.75703324808184,38.46153846153846,16,6.009615384615384,50.0,66.66666666666667,60.0,3.0,3,5,2,71.38461538461539
S41G01N195,2022-2023,20230210,95,home,50,1,0,5,4,9,1,9,4,7,2,0,0,2,1,0,0,16,6,4,1,15,18,1,0,0,431,0,0,0,0,5.700133658306484,44.43127962085308,43.75,16,0.0,40.0,50.0,16.666666666666668,0.0,3,5,3,71.05336426914154,35,3,0,6,4,10,0,10,5,3,0,2,2,6,4,1,1,13,5,5,3,14,19,0,0,1,431,0,0,0,1,-5.700133658306484,44.75703324808184,38.46153846153846,16,6.009615384615384,44.44444444444444,66.66666666666667,60.0,3.0,3,5,2,71.05336426914154
S41G01N195,2022-2023,20230210,96,home,50,1,0,5,4,9,1,10,5,7,2,0,0,2,1,0,0,17,7,4,1,17,19,1,0,0,443,0,0,0,0,11.718892496260906,47.53914988814318,47.05882352941177,18,0.0,40.0,50.0,14.285714285714286,0.0,5,5,3,71.83747178329571,35,3,0,6,4,10,0,10,5,3,0,2,2,6,4,1,1,13,5,5,3,14,19,0,0,1,443,0,0,0,1,-11.718892496260906,44.75703324808184,38.46153846153846,16,6.009615384615384,44.44444444444444,66.66666666666667,60.0,3.0,5,5,2,71.83747178329571
S41G01N195,2022-2023,20230210,97,home,50,1,0,5,4,9,1,10,5,7,2,0,0,2,1,0,0,17,7,4,1,17,19,1,0,0,462,0,0,0,0,19.839089979463694,47.53914988814318,47.05882352941177,18,0.0,40.0,50.0,14.285714285714286,0.0,5,5,3,71.48051948051948,35,3,0,6,4,10,0,10,5,3,0,2,2,6,4,1,1,13,5,5,3,14,19,0,0,2,462,0,0,0,2,-19.839089979463694,44.75703324808184,38.46153846153846,15,11.337868480725623,44.44444444444444,66.66666666666667,60.0,1.5,5,5,2,71.48051948051948
S41G01N195,2022-2023,20230210,98,home,50,1,0,5,4,9,1,10,5,7,2,0,0,2,1,0,0,17,7,4,1,17,19,2,0,0,463,0,0,0,0,19.839089979463694,47.53914988814318,47.05882352941177,19,0.0,40.0,50.0,14.285714285714286,0.0,5,5,3,71.32613390928726,35,3,0,6,4,10,0,10,5,3,0,2,2,6,4,1,1,13,5,5,3,14,19,0,0,2,463,0,0,0,2,-19.839089979463694,44.75703324808184,38.46153846153846,15,11.337868480725623,44.44444444444444,66.66666666666667,60.0,1.5,5,5,2,71.32613390928726
S41G01N195,2022-2023,20230210,99,home,50,1,0,5,4,9,1,11,6,7,2,0,0,2,1,0,0,18,8,4,1,19,20,2,0,0,466,0,0,0,0,25.04887585532748,50.317796610169495,50.0,21,0.0,40.0,50.0,12.5,0.0,7,5,5,73.44206008583691,35,3,0,6,4,10,0,10,5,3,0,2,2,6,4,1,1,13,5,5,3,14,19,0,0,2,466,0,0,0,2,-25.04887585532748,44.75703324808184,38.46153846153846,15,11.337868480725623,44.44444444444444,66.66666666666667,60.0,1.5,7,5,2,73.44206008583691
S41G01N195,2022-2023,20230210,100,home,50,2,0,5,4,9,1,11,6,7,2,0,0,2,1,0,0,18,8,4,1,19,20,2,0,0,466,0,0,0,0,25.04887585532748,50.317796610169495,50.0,22,0.0,40.0,50.0,25.0,0.0,7,5,5,73.44206008583691,35,3,0,6,4,10,0,10,5,3,0,2,2,6,4,1,1,13,5,5,3,14,19,0,0,2,466,0,0,0,2,-25.04887585532748,44.75703324808184,38.46153846153846,15,11.337868480725623,44.44444444444444,66.66666666666667,60.0,1.5,7,5,2,73.44206008583691
S41G01N195,2022-2023,20230210,101,home,50,2,0,5,4,9,1,11,6,7,2,0,0,2,1,1,2,18,8,4,1,19,20,2,0,0,466,0,0,0,0,25.04887585532748,50.317796610169495,50.0,22,0.0,40.0,50.0,25.0,0.0,7,5,5,73.44206008583691,35,3,0,6,4,10,0,10,5,3,0,2,2,6,4,1,1,13,5,5,3,14,19,0,0,2,466,0,0,0,2,-25.04887585532748,44.75703324808184,38.46153846153846,15,11.337868480725623,44.44444444444444,66.66666666666667,60.0,1.5,7,5,2,73.44206008583691
S41G01N195,2022-2023,20230210,102,home,50,2,0,5,4,9,1,11,6,7,2,0,0,2,1,1,2,18,8,4,1,19,20,2,0,0,466,0,0,0,0,25.04887585532748,50.317796610169495,50.0,22,0.0,40.0,50.0,25.0,0.0,7,5,5,73.44206008583691,35,3,0,6,4,10,0,10,5,3,0,2,2,6,4,1,1,13,5,5,3,14,19,0,0,2,466,0,0,0,2,-25.04887585532748,44.75703324808184,38.46153846153846,15,11.337868480725623,44.44444444444444,66.66666666666667,60.0,1.5,7,5,2,73.44206008583691
S41G01N195,2022-2023,20230210,103,home,50,2,0,5,4,9,1,11,6,7,2,0,0,2,1,1,2,18,8,4,1,19,20,2,0,0,479,0,0,0,0,18.398554556671968,50.317796610169495,50.0,22,0.0,40.0,50.0,25.0,0.0,2,5,5,73.95407098121085,35,3,0,6,4,10,0,11,6,3,0,2,2,6,4,1,1,14,6,5,3,16,20,0,0,2,479,0,0,0,2,-18.398554556671968,48.07692307692307,42.857142857142854,17,10.729613733905579,44.44444444444444,66.66666666666667,50.0,1.5,2,5,2,73.95407098121085
S41G01N195,2022-2023,20230210,104,home,50,2,0,5,4,9,1,12,7,7,2,0,0,2,1,1,2,19,9,4,1,21,21,2,0,0,497,0,0,0,0,22.95219611567633,52.816901408450704,52.63157894736842,24,0.0,40.0,50.0,22.22222222222222,0.0,2,5,5,73.69014084507042,35,3,0,6,4,10,0,11,6,3,0,2,2,6,4,1,1,14,6,5,3,16,20,0,0,2,497,0,0,0,2,-22.95219611567633,48.07692307692307,42.857142857142854,17,10.729613733905579,44.44444444444444,66.66666666666667,50.0,1.5,2,5,2,73.69014084507042
S41G01N195,2022-2023,20230210,105,home,50,2,0,5,4,9,1,12,7,7,2,0,0,2,1,1,2,19,9,4,1,21,21,2,0,0,512,0,0,0,0,17.152299535518964,52.816901408450704,52.63157894736842,24,0.0,40.0,50.0,22.22222222222222,0.0,2,5,5,73.875,35,3,0,6,4,10,0,12,7,3,0,2,2,6,4,1,1,15,7,5,3,18,21,0,0,2,512,0,0,0,2,-17.152299535518964,51.0204081632653,46.666666666666664,19,10.183299389002036,44.44444444444444,66.66666666666667,42.857142857142854,1.5,2,5,2,73.875
S41G01N195,2022-2023,20230210,106,home,50,2,0,5,4,9,1,12,7,7,2,0,0,2,1,1,2,19,9,4,1,21,21,2,0,0,512,0,0,0,0,17.152299535518964,52.816901408450704,52.63157894736842,24,0.0,40.0,50.0,22.22222222222222,0.0,2,5,5,73.875,35,4,0,6,4,10,0,12,7,3,0,2,2,6,4,1,1,15,7,5,3,18,21,0,0,2,512,0,0,0,2,-17.152299535518964,51.0204081632653,46.666666666666664,20,10.183299389002036,44.44444444444444,66.66666666666667,57.142857142857146,2.0,2,5,2,73.875
S41G01N195,2022-2023,20230210,107,home,50,2,0,5,4,9,1,12,7,7,2,0,0,2,1,1,2,19,9,4,1,21,21,2,0,1,522,0,0,0,1,9.318068871892464,52.816901408450704,52.63157894736842,23,4.789272030651341,40.0,50.0,22.22222222222222,2.0,2,5,5,74.75862068965516,35,4,0,6,4,10,0,12,7,3,0,2,2,6,4,1,1,15,7,5,3,18,21,0,0,2,522,0,0,0,2,-9.318068871892464,51.0204081632653,46.666666666666664,20,10.183299389002036,44.44444444444444,66.66666666666667,57.142857142857146,2.0,2,5,2,74.75862068965516
S41G01N195,2022-2023,20230210,108,home,50,2,0,5,4,9,1,12,7,7,2,0,0,2,1,1,2,19,9,4,1,21,21,2,0,1,525,0,0,0,1,9.318068871892464,52.816901408450704,52.63157894736842,23,4.789272030651341,40.0,50.0,22.22222222222222,2.0,2,5,5,74.33142857142856,35,4,0,6,4,10,0,12,7,3,0,2,2,6,4,1,1,15,7,5,3,18,21,1,0,2,525,0,0,0,2,-9.318068871892464,51.0204081632653,46.666666666666664,21,10.183299389002036,44.44444444444444,66.66666666666667,57.142857142857146,2.0,2,5,2,74.33142857142856
S41G01N195,2022-2023,20230210,109,home,50,2,0,5,4,9,1,12,7,7,2,0,0,2,1,1,2,19,9,4,1,21,21,2,0,1,543,0,0,0,1,16.23450601531171,52.816901408450704,52.63157894736842,23,4.789272030651341,40.0,50.0,22.22222222222222,2.0,2,5,5,74.07734806629834,35,4,0,6,4,10,0,12,7,3,0,2,2,6,4,1,1,15,7,5,3,18,21,1,0,3,543,0,0,0,3,-16.23450601531171,51.0204081632653,46.666666666666664,20,14.534883720930232,44.44444444444444,66.66666666666667,57.142857142857146,1.3333333333333333,2,5,2,74.07734806629834
S41G01N195,2022-2023,20230210,110,home,50,2,0,5,4,9,1,12,7,7,2,0,0,2,1,1,2,19,9,4,1,21,21,3,0,1,545,0,0,0,1,16.23450601531171,52.816901408450704,52.63157894736842,24,4.789272030651341,40.0,50.0,22.22222222222222,2.0,2,5,5,73.80550458715597,35,4,0,6,4,10,0,12,7,3,0,2,2,6,4,1,1,15,7,5,3,18,21,1,0,3,545,0,0,0,3,-16.23450601531171,51.0204081632653,46.666666666666664,20,14.534883720930232,44.44444444444444,66.66666666666667,57.142857142857146,1.3333333333333333,2,5,2,73.80550458715597
S41G01N195,2022-2023,20230210,111,home,50,2,0,5,4,9,1,13,8,7,2,0,0,2,1,1,2,20,10,4,1,23,22,3,0,1,550,0,0,0,1,20.46226983307521,55.076628352490424,55.0,26,4.570383912248629,40.0,50.0,20.0,2.0,2,5,5,75.31636363636362,35,4,0,6,4,10,0,12,7,3,0,2,2,6,4,1,1,15,7,5,3,18,21,1,0,3,550,0,0,0,3,-20.46226983307521,51.0204081632653,46.666666666666664,20,14.534883720930232,44.44444444444444,66.66666666666667,57.142857142857146,1.3333333333333333,2,5,2,75.31636363636362
S41G01N195,2022-2023,20230210,112,home,50,2,0,5,4,9,1,13,8,7,2,0,0,2,1,1,2,20,10,4,1,23,22,3,0,1,563,0,0,0,1,15.256661948895896,55.076628352490424,55.0,26,4.570383912248629,40.0,50.0,20.0,2.0,2,5,5,75.70870337477797,35,4,0,6,4,10,0,13,8,3,0,2,2,6,4,1,1,16,8,5,3,20,22,1,0,3,563,0,0,0,3,-15.256661948895896,53.648068669527895,50.0,22,13.863216266173753,44.44444444444444,66.66666666666667,50.0,1.3333333333333333,2,5,2,75.70870337477797
S41G01N195,2022-2023,20230210,113,home,50,2,0,5,4,9,1,13,8,7,2,0,0,2,1,1,2,20,10,4,1,23,22,3,0,1,563,0,0,0,1,15.256661948895896,55.076628352490424,55.0,26,4.570383912248629,40.0,50.0,20.0,2.0,2,5,5,75.70870337477797,35,5,0,6,4,10,0,13,8,3,0,2,2,6,4,1,1,16,8,5,3,20,22,1,0,3,563,0,0,0,3,-15.256661948895896,53.648068669527895,50.0,23,13.863216266173753,44.44444444444444,66.66666666666667,62.5,1.6666666666666667,2,5,2,75.70870337477797
S41G01N195,2022-2023,20230210,114,home,50,2,0,5,4,9,1,14,8,7,2,0,0,2,1,1,2,21,10,4,1,23,23,3,0,1,577,0,0,0,1,8.443349091048859,52.55941499085923,52.38095238095238,25,4.370629370629371,40.0,50.0,20.0,2.0,2,5,5,75.95147313691508,35,5,0,6,4,10,0,13,8,3,0,2,2,6,4,1,1,16,8,5,3,20,22,1,0,3,577,0,0,0,3,-8.443349091048859,53.648068669527895,50.0,23,13.863216266173753,44.44444444444444,66.66666666666667,62.5,1.6666666666666667,2,5,2,75.95147313691508
S41G01N195,2022-2023,20230210,115,home,50,2,0,5,4,9,1,14,8,7,2,0,0,2,1,1,2,21,10,4,1,23,23,3,0,1,579,0,0,0,1,8.443349091048859,52.55941499085923,52.38095238095238,25,4.370629370629371,36.36363636363637,50.0,20.0,2.0,2,5,5,75.68911917098444,35,5,0,7,4,11,0,13,8,3,0,2,2,6,4,1,1,16,8,5,3,20,22,1,0,3,579,0,0,0,3,-8.443349091048859,53.648068669527895,50.0,24,13.863216266173753,44.44444444444444,66.66666666666667,62.5,1.6666666666666667,2,5,2,75.68911917098444
S41G01N195,2022-2023,20230210,116,home,50,2,0,5,4,9,1,14,8,7,2,0,0,2,1,1,2,21,10,4,1,23,23,3,0,1,599,0,0,0,1,3.7962828253437237,52.55941499085923,52.38095238095238,25,4.370629370629371,36.36363636363637,50.0,20.0,2.0,4,5,5,75.1652754590985,35,5,0,7,4,11,0,14,9,3,0,2,2,6,4,1,1,17,9,5,3,22,23,1,0,3,599,0,0,0,3,-3.7962828253437237,56.0081466395112,52.94117647058823,26,13.250883392226148,44.44444444444444,66.66666666666667,55.55555555555556,1.6666666666666667,4,5,2,75.1652754590985
S41G01N195,2022-2023,20230210,117,home,50,2,0,5,4,9,1,14,8,7,2,0,0,2,1,1,2,21,10,4,1,23,23,3,0,1,599,0,0,0,1,3.7962828253437237,52.55941499085923,52.38095238095238,25,4.370629370629371,36.36363636363637,50.0,20.0,2.0,4,5,5,75.1652754590985,35,5,0,7,4,11,0,14,9,3,0,2,2,6,4,1,1,17,9,5,3,22,23,1,0,3,599,0,0,0,3,-3.7962828253437237,56.0081466395112,52.94117647058823,26,13.250883392226148,44.44444444444444,66.66666666666667,55.55555555555556,1.6666666666666667,4,5,2,75.1652754590985
S41G01N195,2022-2023,20230210,118,home,50,2,0,5,4,9,1,14,8,7,2,0,0,2,1,1,2,21,10,4,1,23,23,3,0,1,600,0,0,0,1,3.7962828253437237,52.55941499085923,52.38095238095238,25,4.370629370629371,36.36363636363637,50.0,20.0,2.0,4,5,5,75.03999999999999,35,5,0,7,4,11,0,14,9,3,0,2,2,6,4,1,1,17,9,5,3,22,23,1,0,3,600,0,0,0,3,-3.7962828253437237,56.0081466395112,52.94117647058823,26,13.250883392226148,44.44444444444444,66.66666666666667,55.55555555555556,1.6666666666666667,4,5,2,75.03999999999999
S41G01N195,2022-2023,20230210,119,home,50,2,0,5,4,9,1,14,8,7,2,0,0,2,1,1,2,21,10,4,1,23,23,3,0,1,600,0,0,0,1,3.7962828253437237,52.55941499085923,52.38095238095238,25,4.370629370629371,36.36363636363637,50.0,20.0,2.0,4,5,5,75.03999999999999,35,5,0,7,4,11,0,14,9,3,0,2,2,6,4,1,1,17,9,5,3,22,23,1,0,3,600,0,0,0,3,-3.7962828253437237,56.0081466395112,52.94117647058823,26,13.250883392226148,44.44444444444444,66.66666666666667,55.55555555555556,1.6666666666666667,4,5,2,75.03999999999999
S41G01N195,2022-2023,20230210,120,home,50,2,0,5,4,9,1,14,8,7,2,0,0,2,1,1,2,21,10,4,1,23,23,3,0,1,600,0,0,0,1,3.7962828253437237,52.55941499085923,52.38095238095238,25,4.370629370629371,36.36363636363637,50.0,20.0,2.0,4,5,5,75.03999999999999,35,5,0,7,4,11,0,14,9,3,0,2,2,6,4,1,1,17,9,5,3,22,23,1,0,3,600,0,0,0,3,-3.7962828253437237,56.0081466395112,52.94117647058823,26,13.250883392226148,44.44444444444444,66.66666666666667,55.55555555555556,1.6666666666666667,4,5,2,75.03999999999999
S41G01N195,2022-2023,20230210,121,home,50,2,0,5,4,9,1,14,8,7,2,0,0,2,1,1,2,21,10,4,1,23,23,3,0,1,600,0,0,0,1,3.7962828253437237,52.55941499085923,52.38095238095238,25,4.370629370629371,36.36363636363637,50.0,20.0,2.0,4,5,5,75.03999999999999,35,5,0,7,4,11,0,14,9,3,0,2,2,6,4,1,1,17,9,5,3,22,23,1,0,3,600,0,0,0,3,-3.7962828253437237,56.0081466395112,52.94117647058823,26,13.250883392226148,44.44444444444444,66.66666666666667,55.55555555555556,1.6666666666666667,4,5,2,75.03999999999999
S41G01N195,2022-2023,20230210,122,home,50,2,0,5,4,9,1,14,8,7,2,0,0,2,1,1,2,21,10,4,1,23,23,3,0,1,600,0,0,0,1,3.7962828253437237,52.55941499085923,52.38095238095238,25,4.370629370629371,36.36363636363637,50.0,20.0,2.0,4,5,5,75.03999999999999,35,5,0,7,4,11,0,14,9,3,0,2,2,6,4,1,1,17,9,5,3,22,23,1,0,3,600,0,0,0,3,-3.7962828253437237,56.0081466395112,52.94117647058823,26,13.250883392226148,44.44444444444444,66.66666666666667,55.55555555555556,1.6666666666666667,4,5,2,75.03999999999999
S41G01N195,2022-2023,20230210,123,home,50,2,0,5,4,9,1,14,8,7,2,0,0,2,1,1,2,21,10,4,1,23,23,3,0,1,600,0,0,0,1,3.7962828253437237,52.55941499085923,52.38095238095238,25,4.370629370629371,36.36363636363637,50.0,20.0,2.0,4,5,5,75.03999999999999,35,5,0,7,4,11,0,14,9,3,0,2,2,6,4,1,1,17,9,5,3,22,23,1,0,3,600,0,0,0,3,-3.7962828253437237,56.0081466395112,52.94117647058823,26,13.250883392226148,44.44444444444444,66.66666666666667,55.55555555555556,1.6666666666666667,4,5,2,75.03999999999999
S41G01N195,2022-2023,20230210,124,home,50,2,0,5,4,9,1,14,8,7,2,0,0,2,1,1,2,21,10,4,1,23,23,3,0,1,600,0,0,0,1,3.7962828253437237,52.55941499085923,52.38095238095238,25,4.370629370629371,36.36363636363637,50.0,20.0,2.0,4,5,5,75.03999999999999,35,5,0,7,4,11,0,14,9,3,0,2,2,6,4,1,1,17,9,5,3,22,23,1,0,3,600,0,0,0,3,-3.7962828253437237,56.0081466395112,52.94117647058823,26,13.250883392226148,44.44444444444444,66.66666666666667,55.55555555555556,1.6666666666666667,4,5,2,75.03999999999999
S41G01N195,2022-2023,20230210,125,home,50,2,0,5,4,9,1,14,8,7,2,0,0,2,1,1,2,21,10,4,1,23,23,3,0,1,600,0,0,0,1,3.7962828253437237,52.55941499085923,52.38095238095238,25,4.370629370629371,36.36363636363637,50.0,20.0,2.0,4,5,5,75.03999999999999,35,5,0,7,4,11,0,14,9,3,0,2,2,6,4,1,1,17,9,5,3,22,23,1,0,3,600,0,0,0,3,-3.7962828253437237,56.0081466395112,52.94117647058823,26,13.250883392226148,44.44444444444444,66.66666666666667,55.55555555555556,1.6666666666666667,4,5,2,75.03999999999999
S41G01N195,2022-2023,20230210,126,home,50,2,0,5,4,9,1,14,8,7,2,0,0,2,1,1,2,21,10,4,1,23,23,3,0,1,600,0,0,0,1,3.7962828253437237,52.55941499085923,52.38095238095238,25,4.370629370629371,36.36363636363637,50.0,20.0,2.0,4,5,5,75.03999999999999,35,5,0,7,4,11,0,14,9,3,0,2,2,6,4,1,1,17,9,5,3,22,23,1,0,3,600,0,0,0,3,-3.7962828253437237,56.0081466395112,52.94117647058823,26,13.250883392226148,44.44444444444444,66.66666666666667,55.55555555555556,1.6666666666666667,4,5,2,75.03999999999999
S41G01N195,2022-2023,20230210,127,home,50,2,0,5,4,9,1,14,8,7,2,0,0,2,1,1,2,21,10,4,1,23,23,3,0,1,600,0,0,0,1,3.7962828253437237,52.55941499085923,52.38095238095238,25,4.370629370629371,36.36363636363637,50.0,20.0,2.0,4,5,5,75.03999999999999,35,5,0,7,4,11,0,14,9,3,0,2,2,6,4,1,1,17,9,5,3,22,23,1,0,3,600,0,0,0,3,-3.7962828253437237,56.0081466395112,52.94117647058823,26,13.250883392226148,44.44444444444444,66.66666666666667,55.55555555555556,1.6666666666666667,4,5,2,75.03999999999999
S41G01N195,2022-2023,20230210,128,home,50,2,0,5,4,9,1,14,8,7,2,0,0,2,1,1,2,21,10,4,1,23,23,3,0,1,600,0,0,0,1,3.7962828253437237,52.55941499085923,52.38095238095238,25,4.370629370629371,36.36363636363637,50.0,20.0,2.0,4,5,5,75.03999999999999,35,5,0,7,4,11,0,14,9,3,0,2,2,6,4,1,1,17,9,5,3,22,23,1,0,3,600,0,0,0,3,-3.7962828253437237,56.0081466395112,52.94117647058823,26,13.250883392226148,44.44444444444444,66.66666666666667,55.55555555555556,1.6666666666666667,4,5,2,75.03999999999999
S41G01N195,2022-2023,20230210,129,home,50,2,0,5,4,9,1,14,8,7,2,0,0,2,1,1,2,21,10,4,1,23,23,3,0,1,600,0,0,0,1,3.7962828253437237,52.55941499085923,52.38095238095238,25,4.370629370629371,36.36363636363637,50.0,20.0,2.0,4,5,5,75.03999999999999,35,5,0,7,4,11,0,14,9,3,0,2,2,6,4,1,1,17,9,5,3,22,23,1,0,3,600,0,0,0,3,-3.7962828253437237,56.0081466395112,52.94117647058823,26,13.250883392226148,44.44444444444444,66.66666666666667,55.55555555555556,1.6666666666666667,4,5,2,75.03999999999999
S41G01N195,2022-2023,20230210,130,home,50,2,0,5,4,9,1,14,8,7,2,0,0,2,1,1,2,21,10,4,1,23,23,3,0,1,600,0,0,0,1,3.7962828253437237,52.55941499085923,52.38095238095238,25,4.370629370629371,36.36363636363637,50.0,20.0,2.0,4,5,5,75.03999999999999,35,5,0,7,4,11,0,14,9,3,0,2,2,6,4,1,1,17,9,5,3,22,23,1,0,3,600,0,0,0,3,-3.7962828253437237,56.0081466395112,52.94117647058823,26,13.250883392226148,44.44444444444444,66.66666666666667,55.55555555555556,1.6666666666666667,4,5,2,75.03999999999999
S41G01N195,2022-2023,20230210,131,home,50,2,0,5,4,9,1,14,8,7,2,0,0,2,1,1,2,21,10,4,1,23,23,3,0,1,600,0,0,0,1,3.7962828253437237,52.55941499085923,52.38095238095238,25,4.370629370629371,36.36363636363637,50.0,20.0,2.0,4,5,5,75.03999999999999,35,5,0,7,4,11,0,14,9,3,0,2,2,6,4,1,1,17,9,5,3,22,23,1,0,3,600,0,0,0,3,-3.7962828253437237,56.0081466395112,52.94117647058823,26,13.250883392226148,44.44444444444444,66.66666666666667,55.55555555555556,1.6666666666666667,4,5,2,75.03999999999999
S41G01N195,2022-2023,20230210,132,home,50,2,0,5,4,9,1,14,8,7,2,0,0,2,1,1,2,21,10,4,1,23,23,3,0,1,600,0,0,0,1,3.7962828253437237,52.55941499085923,52.38095238095238,25,4.370629370629371,36.36363636363637,50.0,20.0,2.0,4,5,5,75.03999999999999,35,5,0,7,4,11,0,14,9,3,0,2,2,6,4,1,1,17,9,5,3,22,23,1,0,3,600,0,0,0,3,-3.7962828253437237,56.0081466395112,52.94117647058823,26,13.250883392226148,44.44444444444444,66.66666666666667,55.55555555555556,1.6666666666666667,4,5,2,75.03999999999999
S41G01N195,2022-2023,20230210,133,home,50,2,0,5,4,9,1,14,8,7,2,0,0,2,1,1,2,21,10,4,1,23,23,3,0,1,600,0,0,0,1,3.7962828253437237,52.55941499085923,52.38095238095238,25,4.370629370629371,36.36363636363637,50.0,20.0,2.0,4,5,5,75.03999999999999,35,5,0,7,4,11,0,14,9,3,0,2,2,6,4,1,1,17,9,5,3,22,23,1,0,3,600,0,0,0,3,-3.7962828253437237,56.0081466395112,52.94117647058823,26,13.250883392226148,44.44444444444444,66.66666666666667,55.55555555555556,1.6666666666666667,4,5,2,75.03999999999999
S41G01N195,2022-2023,20230210,134,home,50,2,0,5,4,9,1,14,8,7,2,0,0,2,1,1,2,21,10,4,1,23,23,3,0,1,600,0,0,0,1,3.7962828253437237,52.55941499085923,52.38095238095238,25,4.370629370629371,36.36363636363637,50.0,20.0,2.0,4,5,5,75.03999999999999,35,5,0,7,4,11,0,14,9,3,0,2,2,6,4,1,1,17,9,5,3,22,23,1,0,3,600,0,0,0,3,-3.7962828253437237,56.0081466395112,52.94117647058823,26,13.250883392226148,44.44444444444444,66.66666666666667,55.55555555555556,1.6666666666666667,4,5,2,75.03999999999999
S41G01N195,2022-2023,20230210,135,home,50,2,0,5,4,9,1,14,8,7,2,0,0,2,1,1,2,21,10,4,1,23,23,3,0,1,600,0,0,0,1,3.7962828253437237,52.55941499085923,52.38095238095238,25,4.370629370629371,36.36363636363637,50.0,20.0,2.0,4,5,5,75.03999999999999,35,5,0,7,4,11,0,14,9,3,0,2,2,6,4,1,1,17,9,5,3,22,23,1,0,3,600,0,0,0,3,-3.7962828253437237,56.0081466395112,52.94117647058823,26,13.250883392226148,44.44444444444444,66.66666666666667,55.55555555555556,1.6666666666666667,4,5,2,75.03999999999999
S41G01N195,2022-2023,20230210,136,home,50,2,0,5,4,9,1,14,8,7,2,0,0,2,1,1,2,21,10,4,1,23,23,3,0,1,600,0,0,0,1,3.7962828253437237,52.55941499085923,52.38095238095238,25,4.370629370629371,36.36363636363637,50.0,20.0,2.0,4,5,5,75.03999999999999,35,5,0,7,4,11,0,14,9,3,0,2,2,6,4,1,1,17,9,5,3,22,23,1,0,3,600,0,0,0,3,-3.7962828253437237,56.0081466395112,52.94117647058823,26,13.250883392226148,44.44444444444444,66.66666666666667,55.55555555555556,1.6666666666666667,4,5,2,75.03999999999999
S41G01N195,2022-2023,20230210,137,home,50,2,0,5,4,9,1,14,8,7,2,0,0,2,1,1,2,21,10,4,1,23,23,3,0,1,600,0,0,0,1,3.7962828253437237,52.55941499085923,52.38095238095238,25,4.370629370629371,36.36363636363637,50.0,20.0,2.0,4,5,5,75.03999999999999,35,5,0,7,4,11,0,14,9,3,0,2,2,6,4,1,1,17,9,5,3,22,23,1,0,3,600,0,0,0,3,-3.7962828253437237,56.0081466395112,52.94117647058823,26,13.250883392226148,44.44444444444444,66.66666666666667,55.55555555555556,1.6666666666666667,4,5,2,75.03999999999999
S41G01N195,2022-2023,20230210,138,home,50,2,0,5,4,9,1,14,8,7,2,0,0,2,1,1,2,21,10,4,1,23,23,3,0,1,600,0,0,0,1,3.7962828253437237,52.55941499085923,52.38095238095238,25,4.370629370629371,36.36363636363637,50.0,20.0,2.0,4,5,5,75.03999999999999,35,5,0,7,4,11,0,14,9,3,0,2,2,6,4,1,1,17,9,5,3,22,23,1,0,3,600,0,0,0,3,-3.7962828253437237,56.0081466395112,52.94117647058823,26,13.250883392226148,44.44444444444444,66.66666666666667,55.55555555555556,1.6666666666666667,4,5,2,75.03999999999999
S41G01N195,2022-2023,20230210,139,home,50,2,0,5,4,9,1,14,8,7,2,0,0,2,1,1,2,21,10,4,1,23,23,3,0,1,600,0,0,0,1,3.7962828253437237,52.55941499085923,52.38095238095238,25,4.370629370629371,36.36363636363637,50.0,20.0,2.0,4,5,5,75.03999999999999,35,5,0,7,4,11,0,14,9,3,0,2,2,6,4,1,1,17,9,5,3,22,23,1,0,3,600,0,0,0,3,-3.7962828253437237,56.0081466395112,52.94117647058823,26,13.250883392226148,44.44444444444444,66.66666666666667,55.55555555555556,1.6666666666666667,4,5,2,75.03999999999999
S41G01N195,2022-2023,20230210,140,home,50,2,0,5,4,9,1,14,8,7,2,0,0,2,1,1,2,21,10,4,1,23,23,3,0,1,600,0,0,0,1,3.7962828253437237,52.55941499085923,52.38095238095238,25,4.370629370629371,36.36363636363637,50.0,20.0,2.0,4,5,5,75.03999999999999,35,5,0,7,4,11,0,14,9,3,0,2,2,6,4,1,1,17,9,5,3,22,23,1,0,3,600,0,0,0,3,-3.7962828253437237,56.0081466395112,52.94117647058823,26,13.250883392226148,44.44444444444444,66.66666666666667,55.55555555555556,1.6666666666666667,4,5,2,75.03999999999999
S41G01N195,2022-2023,20230210,141,home,50,2,0,5,4,9,1,14,8,7,2,0,0,2,1,1,2,21,10,4,1,23,23,3,0,1,600,0,0,0,1,3.7962828253437237,52.55941499085923,52.38095238095238,25,4.370629370629371,36.36363636363637,50.0,20.0,2.0,4,5,5,75.03999999999999,35,5,0,7,4,11,0,14,9,3,0,2,2,6,4,1,1,17,9,5,3,22,23,1,0,3,600,0,0,0,3,-3.7962828253437237,56.0081466395112,52.94117647058823,26,13.250883392226148,44.44444444444444,66.66666666666667,55.55555555555556,1.6666666666666667,4,5,2,75.03999999999999
S41G01N195,2022-2023,20230210,142,home,50,2,0,5,4,9,1,14,8,7,2,0,0,2,1,1,2,21,10,4,1,23,23,3,0,1,600,0,0,0,1,3.7962828253437237,52.55941499085923,52.38095238095238,25,4.370629370629371,36.36363636363637,50.0,20.0,2.0,4,5,5,75.03999999999999,35,5,0,7,4,11,0,14,9,3,0,2,2,6,4,1,1,17,9,5,3,22,23,1,0,3,600,0,0,0,3,-3.7962828253437237,56.0081466395112,52.94117647058823,26,13.250883392226148,44.44444444444444,66.66666666666667,55.55555555555556,1.6666666666666667,4,5,2,75.03999999999999
S41G01N195,2022-2023,20230210,143,home,50,2,0,5,4,9,1,15,9,7,2,0,0,2,1,1,2,22,11,4,1,25,24,3,0,1,619,0,0,0,1,7.72877609001651,54.63286713286713,54.54545454545455,27,4.1876046901172534,36.36363636363637,50.0,18.181818181818183,2.0,2,5,5,74.67528271405492,35,5,0,7,4,11,0,14,9,3,0,2,2,6,4,1,1,17,9,5,3,22,23,1,0,3,619,0,0,0,3,-7.72877609001651,56.0081466395112,52.94117647058823,26,13.250883392226148,44.44444444444444,66.66666666666667,55.55555555555556,1.6666666666666667,2,5,2,74.67528271405492
S41G01N195,2022-2023,20230210,144,home,50,2,0,5,4,9,1,15,9,7,2,0,0,2,1,1,2,22,11,4,1,25,24,3,0,1,629,0,0,0,1,13.738233883955473,54.63286713286713,54.54545454545455,27,4.1876046901172534,36.36363636363637,50.0,18.181818181818183,2.0,2,5,5,75.39586645468998,35,5,0,7,4,11,0,14,9,3,0,2,2,6,4,1,1,17,9,5,3,22,23,1,0,4,629,0,0,0,4,-13.738233883955473,56.0081466395112,52.94117647058823,25,16.920473773265652,44.44444444444444,66.66666666666667,55.55555555555556,1.25,2,5,2,75.39586645468998
S41G01N195,2022-2023,20230210,145,home,50,2,0,5,4,9,1,15,9,7,2,0,0,2,1,1,2,22,11,4,1,25,24,4,0,1,630,0,0,0,1,13.738233883955473,54.63286713286713,54.54545454545455,28,4.1876046901172534,36.36363636363637,50.0,18.181818181818183,2.0,2,5,5,75.27619047619046,35,5,0,7,4,11,0,14,9,3,0,2,2,6,4,1,1,17,9,5,3,22,23,1,0,4,630,0,0,0,4,-13.738233883955473,56.0081466395112,52.94117647058823,25,16.920473773265652,44.44444444444444,66.66666666666667,55.55555555555556,1.25,2,5,2,75.27619047619046
S41G01N195,2022-2023,20230210,146,home,50,2,0,5,4,9,1,16,10,7,2,0,0,2,1,1,2,23,12,4,1,27,25,4,0,1,635,0,0,0,1,17.294051548563814,56.53266331658292,56.52173913043478,30,4.019292604501608,36.36363636363637,50.0,16.666666666666668,2.0,4,5,5,76.57322834645669,35,5,0,7,4,11,0,14,9,3,0,2,2,6,4,1,1,17,9,5,3,22,23,1,0,4,635,0,0,0,4,-17.294051548563814,56.0081466395112,52.94117647058823,25,16.920473773265652,44.44444444444444,66.66666666666667,55.55555555555556,1.25,4,5,2,76.57322834645669
S41G01N195,2022-2023,20230210,147,home,50,3,0,5,4,9,1,16,10,7,2,0,0,2,1,1,2,23,12,4,1,27,25,4,0,1,635,0,0,0,1,17.294051548563814,56.53266331658292,56.52173913043478,31,4.019292604501608,36.36363636363637,50.0,25.0,3.0,4,5,5,76.57322834645669,35,5,0,7,4,11,0,14,9,3,0,2,2,6,4,1,1,17,9,5,3,22,23,1,0,4,635,0,0,0,4,-17.294051548563814,56.0081466395112,52.94117647058823,25,16.920473773265652,44.44444444444444,66.66666666666667,55.55555555555556,1.25,4,5,2,76.57322834645669
S41G01N195,2022-2023,20230210,148,home,50,3,0,5,4,9,1,16,10,7,2,0,0,2,1,2,4,23,12,4,1,27,25,4,0,1,636,0,0,0,1,17.294051548563814,56.53266331658292,56.52173913043478,31,4.019292604501608,36.36363636363637,50.0,25.0,3.0,4,5,5,76.45283018867924,35,5,0,7,4,11,0,14,9,3,0,2,2,6,4,1,1,17,9,5,3,22,23,1,0,4,636,0,0,0,4,-17.294051548563814,56.0081466395112,52.94117647058823,25,16.920473773265652,44.44444444444444,66.66666666666667,55.55555555555556,1.25,4,5,2,76.45283018867924
S41G01N195,2022-2023,20230210,149,home,50,3,0,5,4,9,1,16,10,7,2,0,0,2,1,2,4,23,12,4,1,27,25,4,0,1,636,0,0,0,1,17.294051548563814,56.53266331658292,56.52173913043478,31,4.019292604501608,36.36363636363637,50.0,25.0,3.0,4,5,5,76.45283018867924,35,5,0,7,4,11,0,14,9,3,0,2,2,6,4,1,1,17,9,5,3,22,23,1,0,4,636,0,0,0,4,-17.294051548563814,56.0081466395112,52.94117647058823,25,16.920473773265652,44.44444444444444,66.66666666666667,55.55555555555556,1.25,4,5,2,76.45283018867924
S41G01N195,2022-2023,20230210,150,home,50,3,0,5,4,9,1,16,10,7,2,0,0,2,1,2,4,23,12,4,1,27,25,4,0,1,636,0,0,0,1,17.294051548563814,56.53266331658292,56.52173913043478,31,4.019292604501608,36.36363636363637,50.0,25.0,3.0,4,5,5,76.45283018867924,35,5,0,7,4,11,0,14,9,3,0,2,2,6,4,1,1,17,9,5,3,22,23,1,0,4,636,0,0,0,4,-17.294051548563814,56.0081466395112,52.94117647058823,25,16.920473773265652,44.44444444444444,66.66666666666667,55.55555555555556,1.25,4,5,2,76.45283018867924
S41G01N195,2022-2023,20230210,151,home,50,3,0,5,4,9,1,16,10,7,2,0,0,2,1,2,4,23,12,5,1,27,25,4,0,1,649,0,0,0,1,17.294051548563814,56.53266331658292,56.52173913043478,31,4.019292604501608,36.36363636363637,50.0,25.0,3.0,4,5,5,74.92141756548536,35,5,0,7,4,11,0,14,9,3,0,2,2,6,4,1,1,17,9,5,3,22,23,1,0,4,649,0,0,0,4,-17.294051548563814,56.0081466395112,52.94117647058823,25,16.920473773265652,44.44444444444444,66.66666666666667,55.55555555555556,1.25,4,5,2,74.92141756548536
S41G01N195,2022-2023,20230210,152,home,50,3,0,5,4,9,1,16,10,7,2,0,0,2,1,2,4,23,12,5,1,27,25,4,0,1,649,0,0,0,1,17.294051548563814,56.53266331658292,56.52173913043478,31,4.019292604501608,36.36363636363637,50.0,25.0,3.0,4,5,5,74.92141756548536,35,5,0,7,4,11,0,14,9,3,0,2,2,6,4,1,1,17,9,5,3,22,23,1,0,4,649,0,0,0,4,-17.294051548563814,56.0081466395112,52.94117647058823,25,16.920473773265652,44.44444444444444,66.66666666666667,55.55555555555556,1.25,4,5,2,74.92141756548536
S41G01N195,2022-2023,20230210,153,home,50,3,0,5,4,9,1,16,10,7,2,0,0,2,1,2,4,23,12,5,1,27,25,4,0,1,649,0,0,0,1,14.768512158263505,56.53266331658292,56.52173913043478,31,4.019292604501608,36.36363636363637,50.0,25.0,3.0,1,5,5,75.73497688751925,35,5,0,7,4,11,0,14,9,3,0,2,2,7,5,1,1,17,9,5,3,23,24,1,0,4,649,0,0,0,4,-14.768512158263505,57.27091633466136,52.94117647058823,26,16.611295681063122,44.44444444444444,71.42857142857143,55.55555555555556,1.25,1,5,2,75.73497688751925
S41G01N195,2022-2023,20230210,154,home,50,3,0,5,4,9,1,16,10,7,2,0,0,2,1,2,4,23,12,5,1,27,25,4,0,1,649,0,0,0,1,12.351280500100842,56.53266331658292,56.52173913043478,31,4.019292604501608,36.36363636363637,50.0,25.0,3.0,2,5,5,76.54853620955316,35,5,0,7,4,11,0,14,9,3,0,2,2,8,6,1,1,17,9,5,3,24,25,1,0,4,649,0,0,0,4,-12.351280500100842,58.47953216374269,52.94117647058823,27,16.31321370309951,44.44444444444444,75.0,55.55555555555556,1.25,2,5,2,76.54853620955316
S41G01N195,2022-2023,20230210,155,home,50,3,0,5,4,9,1,16,10,8,3,0,0,2,1,2,4,24,13,5,1,30,26,4,0,1,665,0,0,0,1,20.152453039973494,60.28938906752412,60.416666666666664,34,3.8639876352395675,36.36363636363637,50.0,23.076923076923077,3.0,3,5,6,76.51127819548871,35,5,0,7,4,11,0,14,9,3,0,2,2,8,6,1,1,17,9,5,3,24,25,1,0,4,665,0,0,0,4,-20.152453039973494,58.47953216374269,52.94117647058823,27,16.31321370309951,44.44444444444444,75.0,55.55555555555556,1.25,3,5,2,76.51127819548871
S41G01N195,2022-2023,20230210,156,home,50,4,0,5,4,9,1,16,10,8,3,0,0,2,1,2,4,24,13,5,1,30,26,4,0,1,665,0,0,0,1,20.152453039973494,60.28938906752412,60.416666666666664,35,3.8639876352395675,36.36363636363637,50.0,30.76923076923077,4.0,3,5,6,76.51127819548871,35,5,0,7,4,11,0,14,9,3,0,2,2,8,6,1,1,17,9,5,3,24,25,1,0,4,665,0,0,0,4,-20.152453039973494,58.47953216374269,52.94117647058823,27,16.31321370309951,44.44444444444444,75.0,55.55555555555556,1.25,3,5,2,76.51127819548871
S41G01N195,2022-2023,20230210,157,home,50,4,0,5,4,9,1,16,10,8,3,0,0,2,1,2,4,24,13,5,1,30,26,4,0,1,690,0,0,0,1,25.58735379868564,60.28938906752412,60.416666666666664,35,3.8639876352395675,36.36363636363637,50.0,30.76923076923077,4.0,3,5,6,75.47826086956522,35,5,0,7,4,11,0,15,9,3,0,2,2,8,6,1,1,18,9,5,3,24,26,1,0,4,690,0,0,0,4,-25.58735379868564,55.762081784386616,50.0,26,15.673981191222571,44.44444444444444,75.0,55.55555555555556,1.25,3,5,2,75.47826086956522
S41G01N195,2022-2023,20230210,158,home,50,4,0,6,4,10,1,16,10,8,3,0,0,2,1,2,4,24,13,5,1,30,26,4,0,1,692,0,0,0,1,25.58735379868564,60.28938906752412,60.416666666666664,36,3.8639876352395675,36.36363636363637,50.0,30.76923076923077,4.0,3,5,6,75.26011560693641,35,5,0,7,4,11,0,15,9,3,0,2,2,8,6,1,1,18,9,5,3,24,26,1,0,4,692,0,0,0,4,-25.58735379868564,55.762081784386616,50.0,26,15.673981191222571,40.0,75.0,55.55555555555556,1.25,3,5,2,75.26011560693641
S41G01N195,2022-2023,20230210,159,home,50,4,0,6,4,10,1,16,10,9,3,0,0,2,1,2,4,25,13,5,1,30,27,4,0,1,705,0,0,0,1,19.594717550107887,57.95981452859351,58.0,35,3.7202380952380953,36.36363636363637,50.0,30.76923076923077,4.0,3,5,6,75.57446808510637,35,5,0,7,4,11,0,15,9,3,0,2,2,8,6,1,1,18,9,5,3,24,26,1,0,4,705,0,0,0,4,-19.594717550107887,55.762081784386616,50.0,26,15.673981191222571,40.0,75.0,55.55555555555556,1.25,3,5,2,75.57446808510637
S41G01N195,2022-2023,20230210,160,home,50,4,0,6,5,11,1,16,10,9,3,0,0,2,1,2,4,25,13,5,1,30,27,4,0,1,711,0,0,0,1,25.58735379868564,57.95981452859351,58.0,36,3.7202380952380953,41.666666666666664,50.0,30.76923076923077,4.0,3,5,6,73.24894514767932,35,5,0,7,4,11,0,15,9,3,0,2,2,8,6,1,1,18,9,5,3,24,26,1,0,4,711,0,0,0,4,-25.58735379868564,55.762081784386616,50.0,26,15.673981191222571,40.0,75.0,55.55555555555556,1.25,3,5,2,73.24894514767932
S41G01N195,2022-2023,20230210,161,home,50,4,0,6,5,11,1,16,10,9,3,0,0,2,1,2,4,25,13,5,1,30,27,4,0,2,712,0,0,0,2,19.594717550107887,57.95981452859351,58.0,35,7.173601147776184,41.666666666666664,50.0,30.76923076923077,2.0,3,5,6,74.8314606741573,35,5,0,7,4,11,0,15,9,3,0,2,2,8,6,1,1,18,9,5,3,24,26,1,0,4,712,0,0,0,4,-19.594717550107887,55.762081784386616,50.0,26,15.673981191222571,40.0,75.0,55.55555555555556,1.25,3,5,2,74.8314606741573
S41G01N195,2022-2023,20230210,162,home,50,4,0,6,5,11,1,16,10,9,3,0,0,2,1,2,4,25,13,5,1,30,27,4,0,2,714,0,0,0,2,19.594717550107887,57.95981452859351,58.0,35,7.173601147776184,41.666666666666664,50.0,30.76923076923077,2.0,3,5,6,74.6218487394958,35,5,0,7,4,11,0,15,9,3,0,2,2,8,6,1,1,18,9,5,3,24,26,2,0,4,714,0,0,0,4,-19.594717550107887,55.762081784386616,50.0,27,15.673981191222571,40.0,75.0,55.55555555555556,1.25,3,5,2,74.6218487394958
S41G01N195,2022-2023,20230210,163,home,50,4,0,6,5,11,1,16,10,9,3,0,0,2,1,2,4,25,13,6,2,30,27,4,0,2,718,0,0,0,2,19.594717550107887,57.95981452859351,58.0,35,7.173601147776184,41.666666666666664,50.0,30.76923076923077,2.0,3,5,6,74.20612813370474,35,5,0,7,4,11,0,15,9,3,0,2,2,8,6,1,1,18,9,5,3,24,26,2,0,4,718,0,0,0,4,-19.594717550107887,55.762081784386616,50.0,27,15.673981191222571,40.0,75.0,55.55555555555556,1.25,3,5,2,74.20612813370474
S41G01N195,2022-2023,20230210,164,home,50,4,0,6,5,11,1,16,10,9,3,0,0,2,1,2,4,25,13,6,2,30,27,4,0,2,718,0,0,0,2,19.594717550107887,57.95981452859351,58.0,35,7.173601147776184,41.666666666666664,50.0,30.76923076923077,2.0,3,5,6,74.20612813370474,35,5,0,7,4,11,0,15,9,3,0,2,2,8,6,1,1,18,9,5,3,24,26,2,0,4,718,0,0,0,4,-19.594717550107887,55.762081784386616,50.0,27,15.673981191222571,40.0,75.0,55.55555555555556,1.25,3,5,2,74.20612813370474
S41G01N195,2022-2023,20230210,165,home,50,4,0,6,5,11,1,16,10,9,3,0,0,2,1,2,4,25,13,6,2,30,27,4,0,2,718,0,0,0,2,19.594717550107887,57.95981452859351,58.0,35,7.173601147776184,41.666666666666664,50.0,30.76923076923077,2.0,3,5,6,74.20612813370474,35,5,0,7,4,11,0,15,9,3,0,2,2,8,6,1,1,18,9,5,3,24,26,2,0,4,718,0,0,0,4,-19.594717550107887,55.762081784386616,50.0,27,15.673981191222571,40.0,75.0,55.55555555555556,1.25,3,5,2,74.20612813370474
S41G01N195,2022-2023,20230210,166,home,50,4,0,6,5,11,1,16,10,9,3,0,0,2,1,2,4,25,13,6,2,30,27,4,0,2,718,0,0,0,2,19.594717550107887,57.95981452859351,58.0,35,7.173601147776184,41.666666666666664,50.0,30.76923076923077,2.0,3,5,6,74.20612813370474,35,5,0,7,4,11,0,15,9,3,0,2,2,8,6,1,1,18,9,5,3,24,26,2,0,4,718,0,0,0,4,-19.594717550107887,55.762081784386616,50.0,27,15.673981191222571,40.0,75.0,55.55555555555556,1.25,3,5,2,74.20612813370474
S41G01N195,2022-2023,20230210,167,home,50,4,0,6,5,11,1,16,10,9,3,0,0,2,1,2,4,25,13,6,2,30,27,4,0,2,718,0,0,0,2,19.594717550107887,57.95981452859351,58.0,35,7.173601147776184,41.666666666666664,50.0,30.76923076923077,2.0,3,5,6,74.20612813370474,35,5,0,7,4,11,0,15,9,3,0,2,2,8,6,1,1,18,9,5,3,24,26,2,0,4,718,0,0,0,4,-19.594717550107887,55.762081784386616,50.0,27,15.673981191222571,40.0,75.0,55.55555555555556,1.25,3,5,2,74.20612813370474
S41G01N195,2022-2023,20230210,168,home,50,4,0,6,5,11,1,16,10,9,3,0,0,2,1,2,4,25,13,6,2,30,27,4,0,2,718,0,0,0,2,19.594717550107887,57.95981452859351,58.0,35,7.173601147776184,41.666666666666664,50.0,30.76923076923077,2.0,3,5,6,74.20612813370474,35,5,0,7,4,11,0,15,9,3,0,2,2,8,6,1,1,18,9,5,3,24,26,2,0,4,718,0,0,0,4,-19.594717550107887,55.762081784386616,50.0,27,15.673981191222571,40.0,75.0,55.55555555555556,1.25,3,5,2,74.20612813370474
S41G01N195,2022-2023,20230210,169,home,50,4,0,6,5,11,1,16,10,9,3,0,0,2,1,2,4,25,13,6,2,30,27,4,0,2,718,0,0,0,2,19.594717550107887,57.95981452859351,58.0,35,7.173601147776184,41.666666666666664,50.0,30.76923076923077,2.0,3,5,6,74.20612813370474,35,5,0,7,4,11,0,15,9,3,0,2,2,8,6,1,1,18,9,5,3,24,26,2,0,4,718,0,0,0,4,-19.594717550107887,55.762081784386616,50.0,27,15.673981191222571,40.0,75.0,55.55555555555556,1.25,3,5,2,74.20612813370474
S41G01N195,2022-2023,20230210,170,home,50,4,0,6,5,11,1,16,10,9,3,0,0,2,1,2,4,25,13,6,2,30,27,4,0,2,718,0,0,0,2,19.594717550107887,57.95981452859351,58.0,35,7.173601147776184,41.666666666666664,50.0,30.76923076923077,2.0,3,5,6,74.20612813370474,35,5,0,7,4,11,0,15,9,3,0,2,2,8,6,1,1,18,9,5,3,24,26,2,0,4,718,0,0,0,4,-19.594717550107887,55.762081784386616,50.0,27,15.673981191222571,40.0,75.0,55.55555555555556,1.25,3,5,2,74.20612813370474
S41G01N195,2022-2023,20230210,171,home,50,4,0,6,5,11,1,16,10,9,3,0,0,2,1,2,4,25,13,6,2,30,27,4,0,2,718,0,0,0,2,19.594717550107887,57.95981452859351,58.0,35,7.173601147776184,41.666666666666664,50.0,30.76923076923077,2.0,3,5,6,74.20612813370474,35,5,0,7,4,11,0,15,9,3,0,2,2,8,6,1,1,18,9,5,3,24,26,2,0,4,718,0,0,0,4,-19.594717550107887,55.762081784386616,50.0,27,15.673981191222571,40.0,75.0,55.55555555555556,1.25,3,5,2,74.20612813370474
S41G01N195,2022-2023,20230210,172,home,50,4,0,6,5,11,1,16,10,9,3,0,0,2,1,2,4,25,13,6,2,30,27,4,0,2,718,0,0,0,2,19.594717550107887,57.95981452859351,58.0,35,7.173601147776184,41.666666666666664,50.0,30.76923076923077,2.0,3,5,6,74.20612813370474,35,5,0,7,4,11,0,15,9,3,0,2,2,8,6,1,1,18,9,5,3,24,26,2,0,4,718,0,0,0,4,-19.594717550107887,55.762081784386616,50.0,27,15.673981191222571,40.0,75.0,55.55555555555556,1.25,3,5,2,74.20612813370474
S41G01N195,2022-2023,20230210,173,home,50,4,0,6,5,11,1,16,10,9,3,0,0,2,1,2,4,25,13,6,2,30,27,4,0,2,718,0,0,0,2,19.594717550107887,57.95981452859351,58.0,35,7.173601147776184,41.666666666666664,50.0,30.76923076923077,2.0,3,5,6,74.20612813370474,35,5,0,7,4,11,0,15,9,3,0,2,2,8,6,1,1,18,9,5,3,24,26,2,0,4,718,0,0,0,4,-19.594717550107887,55.762081784386616,50.0,27,15.673981191222571,40.0,75.0,55.55555555555556,1.25,3,5,2,74.20612813370474
S41G01N195,2022-2023,20230210,174,home,50,4,0,6,5,11,1,16,10,9,3,0,0,2,1,2,4,25,13,6,2,30,27,4,0,2,718,0,0,0,2,19.594717550107887,57.95981452859351,58.0,35,7.173601147776184,41.666666666666664,50.0,30.76923076923077,2.0,3,5,6,74.20612813370474,35,5,0,7,4,11,0,15,9,3,0,2,2,8,6,1,1,18,9,5,3,24,26,2,0,4,718,0,0,0,4,-19.594717550107887,55.762081784386616,50.0,27,15.673981191222571,40.0,75.0,55.55555555555556,1.25,3,5,2,74.20612813370474
S41G01N195,2022-2023,20230210,175,home,50,4,0,6,5,11,1,16,10,9,3,0,0,2,1,2,4,25,13,6,2,30,27,4,0,2,728,0,0,0,2,24.546945062042752,57.95981452859351,58.0,35,7.173601147776184,41.666666666666664,50.0,30.76923076923077,2.0,3,5,6,74.83516483516483,35,5,0,7,4,11,0,16,9,3,0,2,2,8,6,1,1,19,9,5,3,24,27,2,0,4,728,0,0,0,4,-24.546945062042752,53.285968028419184,47.36842105263158,26,15.082956259426847,40.0,75.0,55.55555555555556,1.25,3,5,2,74.83516483516483
S41G01N195,2022-2023,20230210,176,home,50,4,0,6,5,11,1,16,10,9,3,0,0,2,1,2,4,25,13,6,2,30,27,4,0,2,730,0,0,0,2,19.594717550107887,57.95981452859351,58.0,35,7.173601147776184,41.666666666666664,50.0,30.76923076923077,2.0,3,5,6,72.98630136986301,35,5,0,7,5,12,0,16,9,3,0,2,2,8,6,1,1,19,9,5,3,24,27,2,0,4,730,0,0,0,4,-19.594717550107887,53.285968028419184,47.36842105263158,27,15.082956259426847,45.45454545454545,75.0,55.55555555555556,1.25,3,5,2,72.98630136986301
S41G01N195,2022-2023,20230210,177,home,50,4,0,6,5,11,1,16,10,9,3,0,0,2,1,2,4,25,13,6,2,30,27,4,0,2,735,0,0,0,2,15.665950390639551,57.95981452859351,58.0,35,7.173601147776184,41.666666666666664,50.0,30.76923076923077,2.0,2,5,6,74.12244897959184,35,5,0,7,5,12,0,17,10,3,0,2,2,8,6,1,1,20,10,5,3,26,28,2,0,4,735,0,0,0,4,-15.665950390639551,55.27210884353742,50.0,29,14.534883720930234,45.45454545454545,75.0,50.0,1.25,2,5,2,74.12244897959184
S41G01N195,2022-2023,20230210,178,home,50,4,0,6,5,11,1,16,10,9,3,0,0,2,1,2,4,25,13,6,2,30,27,4,0,3,747,0,0,0,3,10.175209975276019,57.95981452859351,58.0,34,10.387811634349031,41.666666666666664,50.0,30.76923076923077,1.3333333333333333,2,5,6,74.53815261044177,35,5,0,7,5,12,0,17,10,3,0,2,2,8,6,1,1,20,10,5,3,26,28,2,0,4,747,0,0,0,4,-10.175209975276019,55.27210884353742,50.0,29,14.534883720930234,45.45454545454545,75.0,50.0,1.25,2,5,2,74.53815261044177
S41G01N195,2022-2023,20230210,179,home,50,4,0,6,5,11,1,16,10,9,3,0,0,2,1,2,4,25,13,6,2,30,27,4,0,3,747,0,0,0,3,10.175209975276019,57.95981452859351,58.0,34,10.387811634349031,41.666666666666664,50.0,30.76923076923077,1.3333333333333333,2,5,6,74.53815261044177,35,5,0,7,5,12,0,17,10,3,0,2,2,8,6,1,1,20,10,5,3,26,28,3,0,4,747,0,0,0,4,-10.175209975276019,55.27210884353742,50.0,30,14.534883720930234,45.45454545454545,75.0,50.0,1.25,2,5,2,74.53815261044177
S41G01N195,2022-2023,20230210,180,home,50,4,0,6,5,11,1,16,10,9,3,0,0,2,1,2,4,25,13,7,3,30,27,4,0,3,747,0,0,0,3,10.175209975276019,57.95981452859351,58.0,34,10.387811634349031,41.666666666666664,50.0,30.76923076923077,1.3333333333333333,2,5,6,74.53815261044177,35,5,0,7,5,12,0,17,10,3,0,2,2,8,6,1,1,20,10,5,3,26,28,3,0,4,747,0,0,0,4,-10.175209975276019,55.27210884353742,50.0,30,14.534883720930234,45.45454545454545,75.0,50.0,1.25,2,5,2,74.53815261044177
S41G01N195,2022-2023,20230210,181,home,50,4,0,6,5,11,1,16,10,9,3,0,0,2,1,2,4,25,13,7,3,30,27,4,0,3,747,0,0,0,3,10.175209975276019,57.95981452859351,58.0,34,10.387811634349031,41.666666666666664,50.0,30.76923076923077,1.3333333333333333,2,5,6,74.53815261044177,35,5,0,7,5,12,0,17,10,3,0,2,2,8,6,1,1,20,10,5,3,26,28,3,0,4,747,0,0,0,4,-10.175209975276019,55.27210884353742,50.0,30,14.534883720930234,45.45454545454545,75.0,50.0,1.25,2,5,2,74.53815261044177
S41G01N195,2022-2023,20230210,182,home,50,4,0,6,5,11,1,16,10,9,3,0,0,2,1,2,4,25,13,7,3,30,27,4,0,3,747,0,0,0,3,10.175209975276019,57.95981452859351,58.0,34,10.387811634349031,41.666666666666664,50.0,30.76923076923077,1.3333333333333333,2,5,6,74.53815261044177,35,5,0,7,5,12,0,17,10,3,0,2,2,8,6,1,1,20,10,5,3,26,28,3,0,4,747,0,0,0,4,-10.175209975276019,55.27210884353742,50.0,30,14.534883720930234,45.45454545454545,75.0,50.0,1.25,2,5,2,74.53815261044177
S41G01N195,2022-2023,20230210,183,home,50,4,0,6,5,11,1,16,10,9,3,0,0,2,1,2,4,25,13,7,3,30,27,4,0,3,747,0,0,0,3,10.175209975276019,57.95981452859351,58.0,34,10.387811634349031,41.666666666666664,50.0,30.76923076923077,1.3333333333333333,2,5,6,74.53815261044177,35,5,0,7,5,12,0,17,10,3,0,2,2,8,6,1,1,20,10,5,3,26,28,3,0,4,747,0,0,0,4,-10.175209975276019,55.27210884353742,50.0,30,14.534883720930234,45.45454545454545,75.0,50.0,1.25,2,5,2,74.53815261044177
S41G01N195,2022-2023,20230210,184,home,50,4,0,6,5,11,1,16,10,9,3,0,0,2,1,2,4,25,13,7,3,30,27,4,0,3,747,0,0,0,3,10.175209975276019,57.95981452859351,58.0,34,10.387811634349031,41.666666666666664,50.0,30.76923076923077,1.3333333333333333,2,5,6,74.53815261044177,35,5,0,7,5,12,0,17,10,3,0,2,2,8,6,1,1,20,10,5,3,26,28,3,0,4,747,0,0,0,4,-10.175209975276019,55.27210884353742,50.0,30,14.534883720930234,45.45454545454545,75.0,50.0,1.25,2,5,2,74.53815261044177
S41G01N195,2022-2023,20230210,185,home,50,4,0,6,5,11,1,16,10,9,3,0,0,2,1,2,4,25,13,7,3,30,27,4,0,3,768,0,0,0,3,15.083923016442753,57.95981452859351,58.0,34,10.387811634349031,41.666666666666664,50.0,30.76923076923077,1.3333333333333333,2,5,6,74.0625,35,5,0,7,5,12,0,17,10,4,0,2,2,8,6,1,1,21,10,5,3,26,29,3,0,4,768,0,0,0,4,-15.083923016442753,53.01794453507341,47.61904761904762,29,14.025245441795231,45.45454545454545,75.0,50.0,1.25,2,5,2,74.0625
S41G01N195,2022-2023,20230210,186,home,50,4,0,7,5,12,1,16,10,9,3,0,0,2,1,2,4,25,13,7,3,30,27,4,0,3,771,0,0,0,3,15.083923016442753,57.95981452859351,58.0,35,10.387811634349031,41.666666666666664,50.0,30.76923076923077,1.3333333333333333,2,5,6,73.77431906614785,35,5,0,7,5,12,0,17,10,4,0,2,2,8,6,1,1,21,10,5,3,26,29,3,0,4,771,0,0,0,4,-15.083923016442753,53.01794453507341,47.61904761904762,29,14.025245441795231,41.666666666666664,75.0,50.0,1.25,2,5,2,73.77431906614785
S41G01N195,2022-2023,20230210,187,home,50,4,0,7,5,12,1,17,11,9,3,0,0,2,1,2,4,26,14,7,3,32,28,4,0,3,777,0,0,0,3,18.07314565697662,59.523809523809526,59.61538461538461,37,10.040160642570282,41.666666666666664,50.0,28.571428571428573,1.3333333333333333,2,5,6,74.74903474903475,35,5,0,7,5,12,0,17,10,4,0,2,2,8,6,1,1,21,10,5,3,26,29,3,0,4,777,0,0,0,4,-18.07314565697662,53.01794453507341,47.61904761904762,29,14.025245441795231,41.666666666666664,75.0,50.0,1.25,2,5,2,74.74903474903475
S41G01N195,2022-2023,20230210,188,home,50,5,0,7,5,12,1,17,11,9,3,0,0,2,1,2,4,26,14,7,3,32,28,4,0,3,777,0,0,0,3,18.07314565697662,59.523809523809526,59.61538461538461,38,10.040160642570282,41.666666666666664,50.0,35.714285714285715,1.6666666666666667,2,5,6,74.74903474903475,35,5,0,7,5,12,0,17,10,4,0,2,2,8,6,1,1,21,10,5,3,26,29,3,0,4,777,0,0,0,4,-18.07314565697662,53.01794453507341,47.61904761904762,29,14.025245441795231,41.666666666666664,75.0,50.0,1.25,2,5,2,74.74903474903475
S41G01N195,2022-2023,20230210,189,home,50,5,0,7,5,12,1,17,11,9,3,0,0,2,1,3,6,26,14,7,3,32,28,4,0,3,777,0,0,0,3,18.07314565697662,59.523809523809526,59.61538461538461,38,10.040160642570282,41.666666666666664,50.0,35.714285714285715,1.6666666666666667,2,5,6,74.74903474903475,35,5,0,7,5,12,0,17,10,4,0,2,2,8,6,1,1,21,10,5,3,26,29,3,0,4,777,0,0,0,4,-18.07314565697662,53.01794453507341,47.61904761904762,29,14.025245441795231,41.666666666666664,75.0,50.0,1.25,2,5,2,74.74903474903475
S41G01N195,2022-2023,20230210,190,home,50,5,0,7,5,12,1,17,11,9,3,0,0,2,1,3,6,26,14,7,3,32,28,4,0,3,796,0,0,0,3,22.581474273904632,59.523809523809526,59.61538461538461,38,10.040160642570282,41.666666666666664,50.0,35.714285714285715,1.6666666666666667,2,5,6,74.47236180904522,35,5,0,7,5,12,0,17,10,5,0,2,2,8,6,1,1,22,10,5,3,26,30,3,0,4,796,0,0,0,4,-22.581474273904632,50.940438871473354,45.45454545454545,28,13.550135501355014,41.666666666666664,75.0,50.0,1.25,2,5,2,74.47236180904522
S41G01N195,2022-2023,20230210,191,home,50,5,0,8,5,13,1,17,11,9,3,0,0,2,1,3,6,26,14,7,3,32,28,4,0,3,796,0,0,0,3,22.581474273904632,59.523809523809526,59.61538461538461,39,10.040160642570282,41.666666666666664,50.0,35.714285714285715,1.6666666666666667,2,5,6,74.47236180904522,35,5,0,7,5,12,0,17,10,5,0,2,2,8,6,1,1,22,10,5,3,26,30,3,0,4,796,0,0,0,4,-22.581474273904632,50.940438871473354,45.45454545454545,28,13.550135501355014,38.46153846153846,75.0,50.0,1.25,2,5,2,74.47236180904522
S41G01N195,2022-2023,20230210,192,home,50,5,0,8,5,13,1,17,11,9,3,0,0,2,1,3,6,26,14,7,3,32,28,4,0,3,796,0,0,0,3,22.581474273904632,59.523809523809526,59.61538461538461,39,10.040160642570282,41.666666666666664,50.0,35.714285714285715,1.6666666666666667,2,5,6,74.47236180904522,35,5,0,7,5,12,0,17,10,5,0,2,2,8,6,1,1,22,10,6,4,26,30,3,0,4,796,0,0,0,4,-22.581474273904632,50.940438871473354,45.45454545454545,28,13.550135501355014,38.46153846153846,75.0,50.0,1.25,2,5,2,74.47236180904522
S41G01N195,2022-2023,20230210,193,home,50,5,0,8,5,13,1,17,11,9,3,0,0,2,1,3,6,26,14,7,3,32,28,4,0,3,796,0,0,0,3,22.581474273904632,59.523809523809526,59.61538461538461,39,10.040160642570282,41.666666666666664,50.0,35.714285714285715,1.6666666666666667,2,5,6,74.47236180904522,35,5,0,7,5,12,0,17,10,5,0,2,2,8,6,1,1,22,10,6,4,26,30,3,0,4,796,0,0,0,4,-22.581474273904632,50.940438871473354,45.45454545454545,28,13.550135501355014,38.46153846153846,75.0,50.0,1.25,2,5,2,74.47236180904522
S41G01N195,2022-2023,20230210,194,home,50,5,0,8,5,13,1,17,11,9,3,0,0,2,1,3,6,26,14,7,3,32,28,4,0,3,809,0,0,0,3,22.581474273904632,59.523809523809526,59.61538461538461,39,10.040160642570282,41.666666666666664,50.0,35.714285714285715,1.6666666666666667,2,5,6,73.27564894932014,35,5,0,7,5,12,0,17,10,5,0,2,2,8,6,1,1,22,10,7,5,26,30,3,0,4,809,0,0,0,4,-22.581474273904632,50.940438871473354,45.45454545454545,28,13.550135501355014,38.46153846153846,75.0,50.0,1.25,2,5,2,73.27564894932014
S41G01N195,2022-2023,20230210,195,home,50,5,0,8,5,13,1,17,11,9,3,0,0,2,1,3,6,26,14,7,3,32,28,4,0,3,809,0,0,0,3,22.581474273904632,59.523809523809526,59.61538461538461,39,10.040160642570282,41.666666666666664,50.0,35.714285714285715,1.6666666666666667,2,5,6,73.27564894932014,35,5,0,7,5,12,0,17,10,5,0,2,2,8,6,1,1,22,10,7,5,26,30,3,0,4,809,0,0,0,4,-22.581474273904632,50.940438871473354,45.45454545454545,28,13.550135501355014,38.46153846153846,75.0,50.0,1.25,2,5,2,73.27564894932014
S41G01N195,2022-2023,20230210,196,home,50,5,0,8,5,13,1,17,11,9,3,0,0,2,1,3,6,26,14,7,3,32,28,4,0,3,809,0,0,0,3,22.581474273904632,59.523809523809526,59.61538461538461,39,10.040160642570282,41.666666666666664,50.0,35.714285714285715,1.6666666666666667,2,5,6,73.27564894932014,35,5,0,7,5,12,0,17,10,5,0,2,2,8,6,1,1,22,10,7,5,26,30,3,0,4,809,0,0,0,4,-22.581474273904632,50.940438871473354,45.45454545454545,28,13.550135501355014,38.46153846153846,75.0,50.0,1.25,2,5,2,73.27564894932014
S41G01N195,2022-2023,20230210,197,home,50,5,0,8,5,13,1,17,11,9,3,0,0,2,1,3,6,26,14,7,3,32,28,4,0,3,809,0,0,0,3,22.581474273904632,59.523809523809526,59.61538461538461,39,10.040160642570282,41.666666666666664,50.0,35.714285714285715,1.6666666666666667,2,5,6,73.27564894932014,35,5,0,7,5,12,0,17,10,5,0,2,2,8,6,1,1,22,10,7,5,26,30,3,0,4,809,0,0,0,4,-22.581474273904632,50.940438871473354,45.45454545454545,28,13.550135501355014,38.46153846153846,75.0,50.0,1.25,2,5,2,73.27564894932014
S41G01N195,2022-2023,20230210,198,home,50,5,0,8,5,13,1,18,12,9,3,0,0,2,1,3,6,27,15,7,3,34,29,4,0,3,814,0,0,0,3,25.33969052799847,60.97560975609756,61.111111111111114,41,9.715025906735752,41.666666666666664,50.0,33.333333333333336,1.6666666666666667,4,5,8,74.2997542997543,35,5,0,7,5,12,0,17,10,5,0,2,2,8,6,1,1,22,10,7,5,26,30,3,0,4,814,0,0,0,4,-25.33969052799847,50.940438871473354,45.45454545454545,28,13.550135501355014,38.46153846153846,75.0,50.0,1.25,4,5,2,74.2997542997543
S41G01N195,2022-2023,20230210,199,home,50,6,0,8,5,13,1,18,12,9,3,0,0,2,1,3,6,27,15,7,3,34,29,4,0,3,814,0,0,0,3,25.33969052799847,60.97560975609756,61.111111111111114,42,9.715025906735752,41.666666666666664,50.0,40.0,2.0,4,5,8,74.2997542997543,35,5,0,7,5,12,0,17,10,5,0,2,2,8,6,1,1,22,10,7,5,26,30,3,0,4,814,0,0,0,4,-25.33969052799847,50.940438871473354,45.45454545454545,28,13.550135501355014,38.46153846153846,75.0,50.0,1.25,4,5,2,74.2997542997543
S41G01N195,2022-2023,20230210,200,home,50,6,0,8,5,13,1,18,12,9,3,0,0,2,1,3,6,27,15,7,3,34,29,4,0,3,824,0,0,0,3,21.657711259587302,60.97560975609756,61.111111111111114,42,9.715025906735752,41.666666666666664,50.0,40.0,2.0,2,5,8,74.85436893203884,35,5,0,7,5,12,0,18,11,5,0,2,2,8,6,1,1,23,11,7,5,28,31,3,0,4,824,0,0,0,4,-21.657711259587302,52.79034690799397,47.82608695652174,30,13.106159895150721,38.46153846153846,75.0,45.45454545454545,1.25,2,5,2,74.85436893203884
S41G01N195,2022-2023,20230210,201,home,50,6,0,8,5,13,1,18,12,9,3,0,0,2,1,3,6,27,15,7,3,34,29,4,0,3,824,0,0,0,3,21.657711259587302,60.97560975609756,61.111111111111114,42,9.715025906735752,41.666666666666664,50.0,40.0,2.0,2,5,8,74.85436893203884,35,6,0,7,5,12,0,18,11,5,0,2,2,8,6,1,1,23,11,7,5,28,31,3,0,4,824,0,0,0,4,-21.657711259587302,52.79034690799397,47.82608695652174,31,13.106159895150721,38.46153846153846,75.0,54.54545454545455,1.5,2,5,2,74.85436893203884
S41G01N195,2022-2023,20230210,202,home,50,6,0,8,5,13,1,18,12,9,3,0,0,2,1,3,6,27,15,8,3,34,29,4,0,3,824,0,0,0,3,21.657711259587302,60.97560975609756,61.111111111111114,42,9.715025906735752,41.666666666666664,50.0,40.0,2.0,2,5,8,74.85436893203884,35,6,0,7,5,12,0,18,11,5,0,2,2,8,6,1,1,23,11,7,5,28,31,3,0,4,824,0,0,0,4,-21.657711259587302,52.79034690799397,47.82608695652174,31,13.106159895150721,38.46153846153846,75.0,54.54545454545455,1.5,2,5,2,74.85436893203884
S41G01N195,2022-2023,20230210,203,home,50,6,0,8,5,13,1,18,12,9,3,0,0,2,1,3,6,27,15,8,3,34,29,4,0,3,824,0,0,0,3,21.657711259587302,60.97560975609756,61.111111111111114,42,9.715025906735752,41.666666666666664,50.0,40.0,2.0,2,5,8,74.85436893203884,35,6,0,7,5,12,0,18,11,5,0,2,2,8,6,1,1,23,11,7,5,28,31,3,0,4,824,0,0,0,4,-21.657711259587302,52.79034690799397,47.82608695652174,31,13.106159895150721,38.46153846153846,75.0,54.54545454545455,1.5,2,5,2,74.85436893203884
S41G01N195,2022-2023,20230210,204,home,50,6,0,8,5,13,1,18,12,9,3,0,0,2,1,3,6,27,15,8,3,34,29,4,0,3,824,0,0,0,3,19.66525602341494,60.97560975609756,61.111111111111114,42,9.715025906735752,41.666666666666664,50.0,40.0,2.0,3,5,8,75.49514563106797,35,6,0,7,5,12,0,18,11,5,0,2,2,9,7,1,1,23,11,7,5,29,32,3,0,4,824,0,0,0,4,-19.66525602341494,53.78338278931751,47.82608695652174,32,12.919896640826874,38.46153846153846,77.77777777777777,54.54545454545455,1.5,3,5,2,75.49514563106797
S41G01N195,2022-2023,20230210,205,home,50,6,0,8,5,13,1,18,12,9,3,0,0,2,1,3,6,27,15,8,3,34,29,4,0,4,837,0,0,0,4,14.777771663364888,60.97560975609756,61.111111111111114,41,12.547051442910917,41.666666666666664,50.0,40.0,1.5,3,5,8,75.75627240143369,35,6,0,7,5,12,0,18,11,5,0,2,2,9,7,1,1,23,11,7,5,29,32,3,0,4,837,0,0,0,4,-14.777771663364888,53.78338278931751,47.82608695652174,32,12.919896640826874,38.46153846153846,77.77777777777777,54.54545454545455,1.5,3,5,2,75.75627240143369
S41G01N195,2022-2023,20230210,206,home,50,6,0,8,5,13,1,18,12,9,3,0,0,2,1,3,6,27,15,8,3,34,29,4,0,4,846,0,0,0,4,18.921329659460227,60.97560975609756,61.111111111111114,41,12.547051442910917,41.666666666666664,50.0,40.0,1.5,3,5,8,76.36879432624114,35,6,0,7,5,12,0,18,11,6,0,2,2,9,7,1,1,24,11,7,5,29,33,3,0,4,846,0,0,0,4,-18.921329659460227,51.85979971387697,45.833333333333336,31,12.515644555694617,38.46153846153846,77.77777777777777,54.54545454545455,1.5,3,5,2,76.36879432624114
S41G01N195,2022-2023,20230210,207,home,50,6,0,9,5,14,1,18,12,9,3,0,0,2,1,3,6,27,15,8,3,34,29,4,0,4,848,0,0,0,4,18.921329659460227,60.97560975609756,61.111111111111114,42,12.547051442910917,41.666666666666664,50.0,40.0,1.5,3,5,8,76.18867924528301,35,6,0,7,5,12,0,18,11,6,0,2,2,9,7,1,1,24,11,7,5,29,33,3,0,4,848,0,0,0,4,-18.921329659460227,51.85979971387697,45.833333333333336,31,12.515644555694617,35.714285714285715,77.77777777777777,54.54545454545455,1.5,3,5,2,76.18867924528301
S41G01N195,2022-2023,20230210,208,home,50,6,0,9,5,14,1,19,13,9,3,0,0,2,1,3,6,28,16,8,3,36,30,4,0,4,854,0,0,0,4,21.55805508133632,62.32686980609419,62.5,44,12.165450121654503,41.666666666666664,50.0,37.5,1.5,2,5,8,77.05854800936768,35,6,0,7,5,12,0,18,11,6,0,2,2,9,7,1,1,24,11,7,5,29,33,3,0,4,854,0,0,0,4,-21.55805508133632,51.85979971387697,45.833333333333336,31,12.515644555694617,35.714285714285715,77.77777777777777,54.54545454545455,1.5,2,5,2,77.05854800936768
S41G01N195,2022-2023,20230210,209,home,50,7,0,9,5,14,1,19,13,9,3,0,0,2,1,3,6,28,16,8,3,36,30,4,0,4,854,0,0,0,4,21.55805508133632,62.32686980609419,62.5,45,12.165450121654503,41.666666666666664,50.0,43.75,1.75,2,5,8,77.05854800936768,35,6,0,7,5,12,0,18,11,6,0,2,2,9,7,1,1,24,11,7,5,29,33,3,0,4,854,0,0,0,4,-21.55805508133632,51.85979971387697,45.833333333333336,31,12.515644555694617,35.714285714285715,77.77777777777777,54.54545454545455,1.5,2,5,2,77.05854800936768
S41G01N195,2022-2023,20230210,210,home,50,7,0,9,5,14,1,19,13,9,3,0,0,2,1,4,8,28,16,8,3,36,30,4,0,4,856,0,0,0,4,21.55805508133632,62.32686980609419,62.5,45,12.165450121654503,41.666666666666664,50.0,43.75,1.75,2,5,8,76.8785046728972,35,6,0,7,5,12,0,18,11,6,0,2,2,9,7,1,1,24,11,7,5,29,33,3,0,4,856,0,0,0,4,-21.55805508133632,51.85979971387697,45.833333333333336,31,12.515644555694617,35.714285714285715,77.77777777777777,54.54545454545455,1.5,2,5,2,76.8785046728972
S41G01N195,2022-2023,20230210,211,home,50,7,0,9,5,14,1,19,13,9,3,0,0,2,1,4,8,28,16,8,3,36,30,4,0,4,868,0,0,0,4,25.4052212322174,62.32686980609419,62.5,45,12.165450121654503,41.666666666666664,50.0,43.75,1.75,2,5,8,77.19815668202764,35,6,0,7,5,12,0,19,11,6,0,2,2,9,7,1,1,25,11,7,5,29,34,3,0,4,868,0,0,0,4,-25.4052212322174,50.069060773480665,44.0,30,12.135922330097086,35.714285714285715,77.77777777777777,54.54545454545455,1.5,2,5,2,77.19815668202764
S41G01N195,2022-2023,20230210,212,home,50,7,0,10,5,15,1,19,13,9,3,0,0,2,1,4,8,28,16,8,3,36,30,4,0,4,869,0,0,0,4,25.4052212322174,62.32686980609419,62.5,46,12.165450121654503,41.666666666666664,50.0,43.75,1.75,2,5,8,77.10932105868814,35,6,0,7,5,12,0,19,11,6,0,2,2,9,7,1,1,25,11,7,5,29,34,3,0,4,869,0,0,0,4,-25.4052212322174,50.069060773480665,44.0,30,12.135922330097086,33.333333333333336,77.77777777777777,54.54545454545455,1.5,2,5,2,77.10932105868814
S41G01N195,2022-2023,20230210,213,home,50,7,0,10,5,15,1,19,13,9,3,0,0,2,1,4,8,28,16,8,3,36,30,4,0,4,872,0,0,0,4,25.4052212322174,62.32686980609419,62.5,46,12.165450121654503,41.666666666666664,50.0,43.75,1.75,2,5,8,76.8440366972477,35,6,0,7,5,12,0,19,11,6,0,2,2,9,7,1,1,25,11,8,5,29,34,3,0,4,872,0,0,0,4,-25.4052212322174,50.069060773480665,44.0,30,12.135922330097086,33.333333333333336,77.77777777777777,54.54545454545455,1.5,2,5,2,76.8440366972477
S41G01N195,2022-2023,20230210,214,home,50,7,0,10,5,15,1,19,13,9,3,0,0,2,1,4,8,28,16,8,3,36,30,4,0,4,872,0,0,0,4,25.4052212322174,62.32686980609419,62.5,46,12.165450121654503,41.666666666666664,50.0,43.75,1.75,2,5,8,76.8440366972477,35,6,0,7,5,12,0,19,11,6,0,2,2,9,7,1,1,25,11,8,5,29,34,3,0,4,872,0,0,0,4,-25.4052212322174,50.069060773480665,44.0,30,12.135922330097086,33.333333333333336,77.77777777777777,54.54545454545455,1.5,2,5,2,76.8440366972477
S41G01N195,2022-2023,20230210,215,home,50,7,0,10,5,15,1,19,13,9,3,0,0,2,1,5,8,28,16,8,3,36,30,4,0,4,872,0,0,0,4,25.4052212322174,62.32686980609419,62.5,46,12.165450121654503,41.666666666666664,50.0,43.75,1.75,2,5,8,76.8440366972477,35,6,0,7,5,12,0,19,11,6,0,2,2,9,7,1,1,25,11,8,5,29,34,3,0,4,872,0,0,0,4,-25.4052212322174,50.069060773480665,44.0,30,12.135922330097086,33.333333333333336,77.77777777777777,54.54545454545455,1.5,2,5,2,76.8440366972477
S41G01N195,2022-2023,20230210,216,home,50,7,0,10,5,15,1,19,13,9,3,0,0,2,1,5,8,28,16,8,3,36,30,4,0,4,872,0,0,0,4,25.4052212322174,62.32686980609419,62.5,46,12.165450121654503,41.666666666666664,50.0,43.75,1.75,2,5,8,76.8440366972477,35,6,0,7,5,12,0,19,11,6,0,2,2,9,7,1,1,25,11,8,5,29,34,3,0,4,872,0,0,0,4,-25.4052212322174,50.069060773480665,44.0,30,12.135922330097086,33.333333333333336,77.77777777777777,54.54545454545455,1.5,2,5,2,76.8440366972477
S41G01N195,2022-2023,20230210,217,home,50,7,0,10,5,15,1,19,13,9,3,0,0,2,1,5,8,28,16,8,3,36,30,4,0,4,872,0,0,0,4,25.4052212322174,62.32686980609419,62.5,46,12.165450121654503,41.666666666666664,50.0,43.75,1.75,2,5,8,76.8440366972477,35,6,0,7,5,12,0,19,11,6,0,2,2,9,7,1,1,25,11,8,5,29,34,3,0,4,872,0,0,0,4,-25.4052212322174,50.069060773480665,44.0,30,12.135922330097086,33.333333333333336,77.77777777777777,54.54545454545455,1.5,2,5,2,76.8440366972477
S41G01N195,2022-2023,20230210,218,home,50,7,0,10,5,15,1,19,13,9,3,0,0,2,1,5,8,28,16,8,3,36,30,4,0,4,872,0,0,0,4,25.4052212322174,62.32686980609419,62.5,46,12.165450121654503,41.666666666666664,50.0,43.75,1.75,2,5,8,76.8440366972477,35,6,0,7,5,12,0,19,11,6,0,2,2,9,7,1,1,25,11,8,5,29,34,3,0,4,872,0,0,0,4,-25.4052212322174,50.069060773480665,44.0,30,12.135922330097086,33.333333333333336,77.77777777777777,54.54545454545455,1.5,2,5,2,76.8440366972477
S41G01N195,2022-2023,20230210,219,home,50,7,0,10,5,15,1,19,13,9,3,0,0,3,2,5,8,28,16,8,3,37,31,4,0,4,872,0,0,0,4,26.930118086370356,63.096862210095495,62.5,47,12.004801920768307,41.666666666666664,66.66666666666667,43.75,1.75,3,5,8,77.44954128440367,35,6,0,7,5,12,0,19,11,6,0,2,2,9,7,1,1,25,11,8,5,29,34,3,0,4,872,0,0,0,4,-26.930118086370356,50.069060773480665,44.0,30,12.135922330097086,33.333333333333336,77.77777777777777,54.54545454545455,1.5,3,5,2,77.44954128440367
S41G01N195,2022-2023,20230210,220,home,50,7,0,10,5,15,1,19,13,9,3,0,0,4,2,5,8,28,16,8,3,37,32,4,0,4,872,0,0,0,4,24.93130460562574,62.163978494623656,62.5,46,11.848341232227487,41.666666666666664,50.0,43.75,1.75,3,5,8,78.05504587155964,35,6,0,7,5,12,0,19,11,6,0,2,2,9,7,1,1,25,11,8,5,29,34,3,0,4,872,0,0,0,4,-24.93130460562574,50.069060773480665,44.0,30,12.135922330097086,33.333333333333336,77.77777777777777,54.54545454545455,1.5,3,5,2,78.05504587155964
S41G01N195,2022-2023,20230210,221,home,50,7,0,10,5,15,1,19,13,9,3,0,0,4,2,5,8,28,16,8,3,37,32,4,0,4,874,0,0,0,4,24.93130460562574,62.163978494623656,62.5,46,11.848341232227487,38.46153846153846,50.0,43.75,1.75,3,5,8,77.87643020594966,35,6,0,8,5,13,0,19,11,6,0,2,2,9,7,1,1,25,11,8,5,29,34,3,0,4,874,0,0,0,4,-24.93130460562574,50.069060773480665,44.0,31,12.135922330097086,33.333333333333336,77.77777777777777,54.54545454545455,1.5,3,5,2,77.87643020594966
S41G01N195,2022-2023,20230210,222,home,50,7,0,10,5,15,1,19,13,9,3,0,0,4,2,5,8,28,16,8,3,37,32,4,0,4,893,0,0,0,4,28.512782486418345,62.163978494623656,62.5,46,11.848341232227487,38.46153846153846,50.0,43.75,1.75,3,5,8,77.56326987681972,35,6,0,8,5,13,0,20,11,6,0,2,2,9,7,1,1,26,11,8,5,29,35,3,0,4,893,0,0,0,4,-28.512782486418345,48.39786381842457,42.30769230769231,30,11.778563015312132,33.333333333333336,77.77777777777777,54.54545454545455,1.5,3,5,2,77.56326987681972
S41G01N195,2022-2023,20230210,223,home,50,7,0,11,5,16,1,19,13,9,3,0,0,4,2,5,8,28,16,8,3,37,32,4,0,4,895,0,0,0,4,28.512782486418345,62.163978494623656,62.5,47,11.848341232227487,38.46153846153846,50.0,43.75,1.75,3,5,8,77.38994413407822,35,6,0,8,5,13,0,20,11,6,0,2,2,9,7,1,1,26,11,8,5,29,35,3,0,4,895,0,0,0,4,-28.512782486418345,48.39786381842457,42.30769230769231,30,11.778563015312132,31.25,77.77777777777777,54.54545454545455,1.5,3,5,2,77.38994413407822
S41G01N195,2022-2023,20230210,224,home,50,7,0,11,5,16,1,19,13,10,3,0,0,4,2,5,8,29,16,8,3,37,33,4,0,4,902,0,0,0,4,24.189835442285954,60.14304291287386,60.3448275862069,46,11.50747986191024,38.46153846153846,50.0,43.75,1.75,3,5,8,78.11973392461198,35,6,0,8,5,13,0,20,11,6,0,2,2,9,7,1,1,26,11,8,5,29,35,3,0,4,902,0,0,0,4,-24.189835442285954,48.39786381842457,42.30769230769231,30,11.778563015312132,31.25,77.77777777777777,54.54545454545455,1.5,3,5,2,78.11973392461198
S41G01N195,2022-2023,20230210,225,home,50,7,0,11,6,17,1,19,13,10,3,0,0,4,2,5,8,29,16,8,3,37,33,4,0,4,902,0,0,0,4,28.512782486418345,60.14304291287386,60.3448275862069,47,11.50747986191024,42.857142857142854,50.0,43.75,1.75,3,5,8,76.78935698447894,35,6,0,8,5,13,0,20,11,6,0,2,2,9,7,1,1,26,11,8,5,29,35,3,0,4,902,0,0,0,4,-28.512782486418345,48.39786381842457,42.30769230769231,30,11.778563015312132,31.25,77.77777777777777,54.54545454545455,1.5,3,5,2,76.78935698447894
S41G01N195,2022-2023,20230210,226,home,50,7,0,11,6,17,1,19,13,10,3,0,0,4,2,5,8,29,16,8,3,37,33,4,0,4,902,0,0,0,4,28.512782486418345,60.14304291287386,60.3448275862069,47,11.50747986191024,42.857142857142854,50.0,43.75,1.75,3,5,8,76.78935698447894,35,6,0,8,5,13,0,20,11,6,0,2,2,9,7,1,1,26,11,9,6,29,35,3,0,4,902,0,0,0,4,-28.512782486418345,48.39786381842457,42.30769230769231,30,11.778563015312132,31.25,77.77777777777777,54.54545454545455,1.5,3,5,2,76.78935698447894
S41G01N195,2022-2023,20230210,227,home,50,7,0,11,6,17,1,19,13,10,3,0,0,4,2,5,8,29,16,8,3,37,33,4,0,4,902,0,0,0,4,28.512782486418345,60.14304291287386,60.3448275862069,47,11.50747986191024,42.857142857142854,50.0,43.75,1.75,3,5,8,76.78935698447894,35,6,0,8,5,13,0,20,11,6,0,2,2,9,7,1,1,26,11,9,6,29,35,3,0,4,902,0,0,0,4,-28.512782486418345,48.39786381842457,42.30769230769231,30,11.778563015312132,31.25,77.77777777777777,54.54545454545455,1.5,3,5,2,76.78935698447894
S41G01N195,2022-2023,20230210,228,home,50,7,0,11,6,17,1,19,13,10,3,0,0,4,2,5,8,29,16,8,3,37,33,4,0,4,902,0,0,0,4,28.512782486418345,60.14304291287386,60.3448275862069,47,11.50747986191024,42.857142857142854,50.0,43.75,1.75,3,5,8,76.78935698447894,35,6,0,8,5,13,0,20,11,6,0,2,2,9,7,1,1,26,11,9,6,29,35,3,0,4,902,0,0,0,4,-28.512782486418345,48.39786381842457,42.30769230769231,30,11.778563015312132,31.25,77.77777777777777,54.54545454545455,1.5,3,5,2,76.78935698447894
S41G01N195,2022-2023,20230210,229,home,50,7,0,11,6,17,1,19,13,10,3,0,0,4,2,5,8,29,16,8,3,37,33,4,0,4,902,0,0,0,4,28.512782486418345,60.14304291287386,60.3448275862069,47,11.50747986191024,42.857142857142854,50.0,43.75,1.75,3,5,8,76.78935698447894,35,6,0,8,5,13,0,20,11,6,0,2,2,9,7,1,1,26,11,9,6,29,35,3,0,4,902,0,0,0,4,-28.512782486418345,48.39786381842457,42.30769230769231,30,11.778563015312132,31.25,77.77777777777777,54.54545454545455,1.5,3,5,2,76.78935698447894
S41G01N195,2022-2023,20230210,230,home,50,7,0,11,6,17,1,19,13,10,3,0,0,4,2,5,8,29,16,8,3,37,33,4,0,4,902,0,0,0,4,28.512782486418345,60.14304291287386,60.3448275862069,47,11.50747986191024,42.857142857142854,50.0,43.75,1.75,3,5,8,76.78935698447894,35,6,0,8,5,13,0,20,11,6,0,2,2,9,7,1,1,26,11,9,6,29,35,3,0,4,902,0,0,0,4,-28.512782486418345,48.39786381842457,42.30769230769231,30,11.778563015312132,31.25,77.77777777777777,54.54545454545455,1.5,3,5,2,76.78935698447894
S41G01N195,2022-2023,20230210,231,home,50,7,0,11,6,17,1,19,13,10,3,0,0,4,2,5,8,29,16,8,3,37,33,4,0,4,902,0,0,0,4,28.512782486418345,60.14304291287386,60.3448275862069,47,11.50747986191024,42.857142857142854,50.0,43.75,1.75,3,5,8,76.78935698447894,35,6,0,8,5,13,0,20,11,6,0,2,2,9,7,1,1,26,11,9,6,29,35,3,0,4,902,0,0,0,4,-28.512782486418345,48.39786381842457,42.30769230769231,30,11.778563015312132,31.25,77.77777777777777,54.54545454545455,1.5,3,5,2,76.78935698447894
S41G01N195,2022-2023,20230210,232,home,50,7,0,11,6,17,1,20,13,10,3,0,0,4,2,5,8,30,16,8,3,37,34,4,0,4,913,0,0,0,4,24.189835442285954,58.249370277078086,58.333333333333336,46,11.185682326621922,42.857142857142854,50.0,43.75,1.75,3,5,8,77.17853231106244,35,6,0,8,5,13,0,20,11,6,0,2,2,9,7,1,1,26,11,9,6,29,35,3,0,4,913,0,0,0,4,-24.189835442285954,48.39786381842457,42.30769230769231,30,11.778563015312132,31.25,77.77777777777777,54.54545454545455,1.5,3,5,2,77.17853231106244
S41G01N195,2022-2023,20230210,233,home,50,7,0,11,6,17,1,20,13,10,3,0,0,4,2,5,8,30,16,8,3,37,34,4,0,4,915,0,0,0,4,24.189835442285954,58.249370277078086,58.333333333333336,46,11.185682326621922,40.0,50.0,43.75,1.75,3,5,8,77.00983606557378,35,6,0,9,5,14,0,20,11,6,0,2,2,9,7,1,1,26,11,9,6,29,35,3,0,4,915,0,0,0,4,-24.189835442285954,48.39786381842457,42.30769230769231,31,11.778563015312132,31.25,77.77777777777777,54.54545454545455,1.5,3,5,2,77.00983606557378
S41G01N195,2022-2023,20230210,234,home,50,7,0,11,6,17,1,20,13,10,3,0,0,4,2,5,8,30,16,8,3,37,34,4,0,4,925,0,0,0,4,27.532229352398147,58.249370277078086,58.333333333333336,46,11.185682326621922,40.0,50.0,43.75,1.75,3,5,8,77.4745945945946,35,6,0,9,5,14,0,20,11,7,0,2,2,9,7,1,1,27,11,9,6,29,36,3,0,4,925,0,0,0,4,-27.532229352398147,46.83462532299742,40.74074074074074,30,11.441647597254004,31.25,77.77777777777777,54.54545454545455,1.5,3,5,2,77.4745945945946
S41G01N195,2022-2023,20230210,235,home,50,7,0,11,6,17,2,20,13,10,3,0,0,4,2,5,8,30,16,8,3,37,34,4,0,4,926,0,0,0,4,27.532229352398147,58.249370277078086,58.333333333333336,47,11.185682326621922,40.0,50.0,43.75,1.75,3,5,8,77.39092872570195,35,6,0,9,5,14,0,20,11,7,0,2,2,9,7,1,1,27,11,9,6,29,36,3,0,4,926,0,0,0,4,-27.532229352398147,46.83462532299742,40.74074074074074,30,11.441647597254004,31.25,77.77777777777777,54.54545454545455,1.5,3,5,2,77.39092872570195
S41G01N195,2022-2023,20230210,236,home,50,7,0,11,6,17,2,20,13,10,3,0,0,4,2,5,8,30,16,8,3,37,34,4,0,4,926,0,0,0,4,27.532229352398147,58.249370277078086,58.333333333333336,47,11.185682326621922,40.0,50.0,43.75,1.75,3,5,8,77.39092872570195,35,6,0,9,5,14,0,20,11,7,0,2,2,9,7,1,1,27,11,10,6,29,36,3,0,4,926,0,0,0,4,-27.532229352398147,46.83462532299742,40.74074074074074,30,11.441647597254004,31.25,77.77777777777777,54.54545454545455,1.5,3,5,2,77.39092872570195
S41G01N195,2022-2023,20230210,237,home,50,7,0,11,6,17,2,20,13,10,3,0,0,4,2,5,8,30,16,8,3,37,34,4,0,4,926,0,0,0,4,27.532229352398147,58.249370277078086,58.333333333333336,47,11.185682326621922,40.0,50.0,43.75,1.75,3,5,8,77.39092872570195,35,6,0,9,5,14,0,20,11,7,0,2,2,9,7,1,1,27,11,10,6,29,36,3,0,4,926,0,0,0,4,-27.532229352398147,46.83462532299742,40.74074074074074,30,11.441647597254004,31.25,77.77777777777777,54.54545454545455,1.5,3,5,2,77.39092872570195
S41G01N195,2022-2023,20230210,238,home,50,7,0,11,6,17,2,20,13,10,3,0,0,5,3,5,8,30,16,8,3,38,35,4,0,4,926,0,0,0,4,29.032086932687278,59.00621118012422,58.333333333333336,48,11.049723756906076,40.0,60.0,43.75,1.75,4,5,9,77.96112311015119,35,6,0,9,5,14,0,20,11,7,0,2,2,9,7,1,1,27,11,10,6,29,36,3,0,4,926,0,0,0,4,-29.032086932687278,46.83462532299742,40.74074074074074,30,11.441647597254004,31.25,77.77777777777777,54.54545454545455,1.5,4,5,2,77.96112311015119
S41G01N195,2022-2023,20230210,239,home,50,7,0,11,6,17,2,20,13,10,3,0,0,6,4,5,8,30,16,8,3,39,36,4,0,4,926,0,0,0,4,30.488867663411952,59.74264705882353,58.333333333333336,49,10.91703056768559,40.0,66.66666666666667,43.75,1.75,5,5,10,78.53131749460044,35,6,0,9,5,14,0,20,11,7,0,2,2,9,7,1,1,27,11,10,6,29,36,3,0,4,926,0,0,0,4,-30.488867663411952,46.83462532299742,40.74074074074074,30,11.441647597254004,31.25,77.77777777777777,54.54545454545455,1.5,5,5,2,78.53131749460044
S41G01N195,2022-2023,20230210,240,home,50,7,0,11,6,17,2,20,13,10,3,0,0,6,4,5,8,30,16,9,3,39,36,4,0,4,947,0,0,0,4,30.488867663411952,59.74264705882353,58.333333333333336,49,10.91703056768559,40.0,66.66666666666667,43.75,1.75,5,5,10,76.78986272439282,35,6,0,9,5,14,0,20,11,7,0,2,2,9,7,1,1,27,11,10,6,29,36,3,0,4,947,0,0,0,4,-30.488867663411952,46.83462532299742,40.74074074074074,30,11.441647597254004,31.25,77.77777777777777,54.54545454545455,1.5,5,5,2,76.78986272439282
S41G01N195,2022-2023,20230210,241,home,50,7,0,11,6,17,2,20,13,10,3,0,0,6,4,5,8,30,16,9,3,39,36,4,0,4,947,0,0,0,4,30.488867663411952,59.74264705882353,58.333333333333336,49,10.91703056768559,40.0,66.66666666666667,43.75,1.75,5,5,10,76.78986272439282,35,6,0,9,5,14,0,20,11,7,0,2,2,9,7,1,1,27,11,10,6,29,36,3,0,4,947,0,0,0,4,-30.488867663411952,46.83462532299742,40.74074074074074,30,11.441647597254004,31.25,77.77777777777777,54.54545454545455,1.5,5,5,2,76.78986272439282
S41G01N195,2022-2023,20230210,242,home,50,7,0,11,6,17,2,20,13,10,3,0,0,6,4,5,8,30,16,9,3,39,36,4,0,4,947,0,0,0,4,30.488867663411952,59.74264705882353,58.333333333333336,49,10.91703056768559,40.0,66.66666666666667,43.75,1.75,5,5,10,76.78986272439282,35,7,0,9,5,14,0,20,11,7,0,2,2,9,7,1,1,27,11,10,6,29,36,3,0,4,947,0,0,0,4,-30.488867663411952,46.83462532299742,40.74074074074074,31,11.441647597254004,31.25,77.77777777777777,63.63636363636363,1.75,5,5,2,76.78986272439282
S41G01N195,2022-2023,20230210,243,home,50,7,0,11,6,17,2,20,13,10,3,0,0,6,4,5,8,30,16,9,3,39,36,4,0,4,947,0,0,0,4,28.600384773945294,59.74264705882353,58.333333333333336,49,10.91703056768559,40.0,66.66666666666667,43.75,1.75,1,5,10,77.34741288278775,35,7,0,9,5,14,0,20,11,7,0,2,2,10,8,1,1,27,11,10,6,30,37,3,0,4,947,0,0,0,4,-28.600384773945294,47.77070063694268,40.74074074074074,32,11.299435028248588,31.25,80.0,63.63636363636363,1.75,1,5,2,77.34741288278775
S41G01N195,2022-2023,20230210,244,home,50,7,0,11,6,17,2,20,13,10,3,0,0,6,4,5,8,30,16,9,3,39,36,4,0,4,947,0,0,0,4,26.765788555773426,59.74264705882353,58.333333333333336,49,10.91703056768559,40.0,66.66666666666667,43.75,1.75,2,5,10,77.90496304118268,35,7,0,9,5,14,0,20,11,7,0,2,2,11,9,1,1,27,11,10,6,31,38,3,0,4,947,0,0,0,4,-26.765788555773426,48.68090452261306,40.74074074074074,33,11.160714285714285,31.25,81.81818181818181,63.63636363636363,1.75,2,5,2,77.90496304118268
S41G01N195,2022-2023,20230210,245,home,50,7,0,11,6,17,2,20,13,10,3,0,0,6,4,5,8,30,16,9,3,39,36,4,0,4,960,0,0,0,4,26.765788555773426,59.74264705882353,58.333333333333336,49,10.91703056768559,40.0,66.66666666666667,43.75,1.75,2,5,10,76.85000000000001,35,7,0,9,5,14,0,20,11,7,0,2,2,11,9,1,1,27,11,11,6,31,38,3,0,4,960,0,0,0,4,-26.765788555773426,48.68090452261306,40.74074074074074,33,11.160714285714285,31.25,81.81818181818181,63.63636363636363,1.75,2,5,2,76.85000000000001
S41G01N195,2022-2023,20230210,246,home,50,7,0,11,6,17,2,20,13,10,3,0,0,6,4,5,8,30,16,9,3,39,36,4,0,4,960,0,0,0,4,26.765788555773426,59.74264705882353,58.333333333333336,49,10.91703056768559,40.0,66.66666666666667,43.75,1.75,2,5,10,76.85000000000001,35,7,0,9,5,14,0,20,11,7,0,2,2,11,9,1,1,27,11,11,6,31,38,3,0,4,960,0,0,0,4,-26.765788555773426,48.68090452261306,40.74074074074074,33,11.160714285714285,31.25,81.81818181818181,63.63636363636363,1.75,2,5,2,76.85000000000001
S41G01N195,2022-2023,20230210,247,home,50,7,0,11,6,17,2,20,13,10,3,0,0,6,4,5,8,30,16,9,3,39,36,4,0,4,960,0,0,0,4,26.765788555773426,59.74264705882353,58.333333333333336,49,10.91703056768559,40.0,66.66666666666667,43.75,1.75,2,5,10,76.85000000000001,35,7,0,9,5,14,0,20,11,7,0,2,2,11,9,1,1,27,11,11,6,31,38,3,0,4,960,0,0,0,4,-26.765788555773426,48.68090452261306,40.74074074074074,33,11.160714285714285,31.25,81.81818181818181,63.63636363636363,1.75,2,5,2,76.85000000000001
S41G01N195,2022-2023,20230210,248,home,50,7,0,11,6,17,2,20,13,10,3,0,0,7,4,5,8,30,16,9,3,39,37,4,0,4,960,0,0,0,4,24.96381873813783,58.948004836759374,58.333333333333336,48,10.787486515641856,40.0,57.142857142857146,43.75,1.75,2,5,10,77.4,35,7,0,9,5,14,0,20,11,7,0,2,2,11,9,1,1,27,11,11,6,31,38,3,0,4,960,0,0,0,4,-24.96381873813783,48.68090452261306,40.74074074074074,33,11.160714285714285,31.25,81.81818181818181,63.63636363636363,1.75,2,5,2,77.4
S41G01N195,2022-2023,20230210,249,home,50,7,0,11,6,17,2,20,13,10,3,0,0,8,5,5,8,30,16,9,3,40,38,4,0,4,960,0,0,0,4,26.38474655500471,59.665871121718375,58.333333333333336,49,10.660980810234541,40.0,62.5,43.75,1.75,1,5,10,77.95,35,7,0,9,5,14,0,20,11,7,0,2,2,11,9,1,1,27,11,11,6,31,38,3,0,4,960,0,0,0,4,-26.38474655500471,48.68090452261306,40.74074074074074,33,11.160714285714285,31.25,81.81818181818181,63.63636363636363,1.75,1,5,2,77.95
S41G01N195,2022-2023,20230210,250,home,50,7,0,11,6,17,2,20,13,10,3,0,0,8,5,5,8,30,16,9,3,40,38,4,0,4,978,0,0,0,4,29.54174425426625,59.665871121718375,58.333333333333336,49,10.660980810234541,40.0,62.5,43.75,1.75,1,5,10,77.74233128834356,35,7,0,9,5,14,0,20,11,7,0,2,2,11,9,1,1,27,11,11,6,31,38,3,0,5,978,0,0,0,5,-29.54174425426625,48.68090452261306,40.74074074074074,32,13.572204125950053,31.25,81.81818181818181,63.63636363636363,1.4,1,5,2,77.74233128834356
S41G01N195,2022-2023,20230210,251,home,50,7,0,11,6,17,2,20,13,10,3,0,0,8,5,5,8,30,16,9,3,40,38,5,0,4,980,0,0,0,4,29.54174425426625,59.665871121718375,58.333333333333336,50,10.660980810234541,40.0,62.5,43.75,1.75,1,5,10,77.58367346938776,35,7,0,9,5,14,0,20,11,7,0,2,2,11,9,1,1,27,11,11,6,31,38,3,0,5,980,0,0,0,5,-29.54174425426625,48.68090452261306,40.74074074074074,32,13.572204125950053,31.25,81.81818181818181,63.63636363636363,1.4,1,5,2,77.58367346938776
S41G01N195,2022-2023,20230210,252,home,50,7,0,11,6,17,2,21,14,10,3,0,0,8,5,5,8,31,17,9,3,42,39,5,0,4,982,0,0,0,4,31.789482467688998,60.8342989571263,59.67741935483871,52,10.384215991692626,40.0,62.5,41.1764705882353,1.75,3,5,11,78.64765784114056,35,7,0,9,5,14,0,20,11,7,0,2,2,11,9,1,1,27,11,11,6,31,38,3,0,5,982,0,0,0,5,-31.789482467688998,48.68090452261306,40.74074074074074,32,13.572204125950053,31.25,81.81818181818181,63.63636363636363,1.4,3,5,2,78.64765784114056
S41G01N195,2022-2023,20230210,253,home,50,7,0,11,6,17,2,21,14,10,3,0,0,8,5,6,10,31,17,9,3,42,39,5,0,4,984,0,0,0,4,31.789482467688998,60.8342989571263,59.67741935483871,52,10.384215991692626,40.0,62.5,41.1764705882353,1.75,3,5,11,78.48780487804879,35,7,0,9,5,14,0,20,11,7,0,2,2,11,9,1,1,27,11,11,6,31,38,3,0,5,984,0,0,0,5,-31.789482467688998,48.68090452261306,40.74074074074074,32,13.572204125950053,31.25,81.81818181818181,63.63636363636363,1.4,3,5,2,78.48780487804879
S41G01N195,2022-2023,20230210,254,home,50,7,0,11,6,17,2,21,14,10,3,0,0,8,5,6,10,31,17,9,3,42,39,5,0,4,996,0,0,0,4,34.75421477722695,60.8342989571263,59.67741935483871,52,10.384215991692626,40.0,62.5,41.1764705882353,1.75,3,5,11,78.74698795180726,35,7,0,9,5,14,0,20,11,7,0,2,2,11,9,1,1,27,11,11,6,31,38,3,0,6,996,0,0,0,6,-34.75421477722695,48.68090452261306,40.74074074074074,31,15.856236786469344,31.25,81.81818181818181,63.63636363636363,1.1666666666666667,3,5,2,78.74698795180726
S41G01N195,2022-2023,20230210,255,home,50,7,0,11,6,17,2,21,14,10,3,0,0,8,5,6,10,31,17,9,3,42,39,6,0,4,998,0,0,0,4,34.75421477722695,60.8342989571263,59.67741935483871,53,10.384215991692626,40.0,62.5,41.1764705882353,1.75,3,5,11,78.58917835671345,35,7,0,9,5,14,0,20,11,7,0,2,2,11,9,1,1,27,11,11,6,31,38,3,0,6,998,0,0,0,6,-34.75421477722695,48.68090452261306,40.74074074074074,31,15.856236786469344,31.25,81.81818181818181,63.63636363636363,1.1666666666666667,3,5,2,78.58917835671345
S41G01N195,2022-2023,20230210,256,home,50,7,0,11,6,17,2,21,14,10,3,0,0,8,5,6,10,31,17,9,3,42,39,6,0,5,998,0,0,0,5,30.901252619920413,60.8342989571263,59.67741935483871,52,12.651821862348177,40.0,62.5,41.1764705882353,1.4,3,5,11,79.79158316633269,35,7,0,9,5,14,0,20,11,7,0,2,2,11,9,1,1,27,11,11,6,31,38,3,0,6,998,0,0,0,6,-30.901252619920413,48.68090452261306,40.74074074074074,31,15.856236786469344,31.25,81.81818181818181,63.63636363636363,1.1666666666666667,3,5,2,79.79158316633269
S41G01N195,2022-2023,20230210,257,home,50,7,0,11,6,17,2,21,14,10,3,0,0,8,5,6,10,31,17,9,3,42,39,6,0,5,998,0,0,0,5,30.901252619920413,60.8342989571263,59.67741935483871,52,12.651821862348177,40.0,62.5,41.1764705882353,1.4,3,5,11,79.79158316633269,35,7,0,9,5,14,0,20,11,7,0,2,2,11,9,1,1,27,11,11,6,31,38,3,0,6,998,0,0,0,6,-30.901252619920413,48.68090452261306,40.74074074074074,31,15.856236786469344,31.25,81.81818181818181,63.63636363636363,1.1666666666666667,3,5,2,79.79158316633269
S41G01N195,2022-2023,20230210,258,home,50,7,0,11,6,17,2,21,14,10,3,0,0,8,5,6,10,31,17,9,3,42,39,6,0,5,998,0,0,0,5,30.901252619920413,60.8342989571263,59.67741935483871,52,12.651821862348177,40.0,62.5,41.1764705882353,1.4,3,5,11,79.79158316633269,35,7,0,9,5,14,0,20,11,7,0,2,2,11,9,1,1,27,11,11,6,31,38,3,0,6,998,0,0,0,6,-30.901252619920413,48.68090452261306,40.74074074074074,31,15.856236786469344,31.25,81.81818181818181,63.63636363636363,1.1666666666666667,3,5,2,79.79158316633269
S41G01N195,2022-2023,20230210,259,home,50,7,0,11,6,17,2,21,14,10,3,0,0,8,5,6,10,31,17,9,3,42,39,6,0,5,1020,0,0,0,5,33.69076434378826,60.8342989571263,59.67741935483871,52,12.651821862348177,40.0,62.5,41.1764705882353,1.4,3,5,11,79.24705882352943,35,7,0,9,5,14,0,20,11,7,0,2,2,11,9,1,1,27,11,11,6,31,38,3,0,7,1020,0,0,0,7,-33.69076434378826,48.68090452261306,40.74074074074074,30,18.022657054582904,31.25,81.81818181818181,63.63636363636363,1.0,3,5,2,79.24705882352943
S41G01N195,2022-2023,20230210,260,home,50,7,0,11,6,17,2,21,14,10,3,0,0,8,5,6,10,31,17,9,3,42,39,7,0,5,1022,0,0,0,5,33.69076434378826,60.8342989571263,59.67741935483871,53,12.651821862348177,40.0,62.5,41.1764705882353,1.4,3,5,11,79.09197651663406,35,7,0,9,5,14,0,20,11,7,0,2,2,11,9,1,1,27,11,11,6,31,38,3,0,7,1022,0,0,0,7,-33.69076434378826,48.68090452261306,40.74074074074074,30,18.022657054582904,31.25,81.81818181818181,63.63636363636363,1.0,3,5,2,79.09197651663406
S41G01N195,2022-2023,20230210,261,home,50,7,0,11,6,17,2,21,14,10,3,0,0,8,5,6,10,31,17,9,3,42,39,7,0,6,1022,0,0,0,6,30.061032902432274,60.8342989571263,59.67741935483871,52,14.807502467917077,40.0,62.5,41.1764705882353,1.1666666666666667,3,5,11,80.26614481409003,35,7,0,9,5,14,0,20,11,7,0,2,2,11,9,1,1,27,11,11,6,31,38,3,0,7,1022,0,0,0,7,-30.061032902432274,48.68090452261306,40.74074074074074,30,18.022657054582904,31.25,81.81818181818181,63.63636363636363,1.0,3,5,2,80.26614481409003
S41G01N195,2022-2023,20230210,262,home,50,7,0,11,6,17,2,21,14,10,3,0,0,8,5,6,10,31,17,9,3,42,39,7,0,6,1022,0,0,0,6,30.061032902432274,60.8342989571263,59.67741935483871,52,14.807502467917077,40.0,62.5,41.1764705882353,1.1666666666666667,3,5,11,80.26614481409003,35,7,0,9,5,14,0,20,11,7,0,2,2,11,9,1,1,27,11,11,6,31,38,3,0,7,1022,0,0,0,7,-30.061032902432274,48.68090452261306,40.74074074074074,30,18.022657054582904,31.25,81.81818181818181,63.63636363636363,1.0,3,5,2,80.26614481409003
S41G01N195,2022-2023,20230210,263,home,50,7,0,11,6,17,2,21,14,10,3,0,0,8,5,6,10,31,17,9,3,42,39,7,0,6,1022,0,0,0,6,30.061032902432274,60.8342989571263,59.67741935483871,52,14.807502467917077,40.0,62.5,41.1764705882353,1.1666666666666667,3,5,11,80.26614481409003,35,7,0,9,5,14,0,20,11,7,0,2,2,11,9,1,1,27,11,11,6,31,38,3,0,7,1022,0,0,0,7,-30.061032902432274,48.68090452261306,40.74074074074074,30,18.022657054582904,31.25,81.81818181818181,63.63636363636363,1.0,3,5,2,80.26614481409003
S41G01N195,2022-2023,20230210,264,home,50,7,0,11,6,17,2,21,14,10,3,0,0,8,5,6,10,31,17,9,3,42,39,7,0,6,1022,0,0,0,6,30.061032902432274,60.8342989571263,59.67741935483871,52,14.807502467917077,40.0,62.5,41.1764705882353,1.1666666666666667,3,5,11,80.26614481409003,35,7,0,9,5,14,0,20,11,7,0,2,2,11,9,1,1,27,11,11,6,31,38,3,0,7,1022,0,0,0,7,-30.061032902432274,48.68090452261306,40.74074074074074,30,18.022657054582904,31.25,81.81818181818181,63.63636363636363,1.0,3,5,2,80.26614481409003
S41G01N195,2022-2023,20230210,265,home,50,7,0,11,6,17,2,21,14,10,3,0,0,8,5,6,10,31,17,10,3,42,39,7,0,6,1039,0,0,0,6,30.061032902432274,60.8342989571263,59.67741935483871,52,14.807502467917077,40.0,62.5,41.1764705882353,1.1666666666666667,3,5,11,78.95283926852744,35,7,0,9,5,14,0,20,11,7,0,2,2,11,9,1,1,27,11,11,6,31,38,3,0,7,1039,0,0,0,7,-30.061032902432274,48.68090452261306,40.74074074074074,30,18.022657054582904,31.25,81.81818181818181,63.63636363636363,1.0,3,5,2,78.95283926852744
S41G01N195,2022-2023,20230210,266,home,50,7,0,11,6,17,2,21,14,10,3,0,0,8,5,6,10,31,17,10,3,42,39,7,0,6,1039,0,0,0,6,31.236859291148747,60.8342989571263,59.67741935483871,52,14.807502467917077,40.0,62.5,41.1764705882353,1.1666666666666667,3,5,11,79.46102021174207,35,7,0,9,5,14,0,20,11,7,0,2,2,12,9,1,1,27,11,11,6,31,39,3,0,7,1039,0,0,0,7,-31.236859291148747,48.01734820322181,40.74074074074074,29,17.820773930753564,31.25,75.0,63.63636363636363,1.0,3,5,2,79.46102021174207
S41G01N195,2022-2023,20230210,267,home,50,7,0,11,6,17,2,21,14,10,3,0,0,8,5,6,10,31,17,10,3,42,39,7,0,6,1039,0,0,0,6,32.38288362853831,60.8342989571263,59.67741935483871,52,14.807502467917077,40.0,62.5,41.1764705882353,1.1666666666666667,3,5,11,79.96920115495669,35,7,0,9,5,14,0,20,11,7,0,2,2,13,9,1,1,27,11,11,6,31,40,3,0,7,1039,0,0,0,7,-32.38288362853831,47.37163814180929,40.74074074074074,28,17.623363544813696,31.25,69.23076923076923,63.63636363636363,1.0,3,5,2,79.96920115495669
S41G01N195,2022-2023,20230210,268,home,50,7,0,12,6,18,2,21,14,10,3,0,0,8,5,6,10,31,17,10,3,42,39,7,0,6,1041,0,0,0,6,32.38288362853831,60.8342989571263,59.67741935483871,53,14.807502467917077,40.0,62.5,41.1764705882353,1.1666666666666667,3,5,11,79.81556195965419,35,7,0,9,5,14,0,20,11,7,0,2,2,13,9,1,1,27,11,11,6,31,40,3,0,7,1041,0,0,0,7,-32.38288362853831,47.37163814180929,40.74074074074074,28,17.623363544813696,29.41176470588235,69.23076923076923,63.63636363636363,1.0,3,5,2,79.81556195965419
S41G01N195,2022-2023,20230210,269,home,50,7,0,12,6,18,2,21,14,11,4,0,0,8,5,6,10,32,18,10,3,45,40,7,0,6,1058,0,0,0,6,37.40347490347489,63.34459459459459,62.5,56,14.45086705202312,40.0,62.5,38.888888888888886,1.1666666666666667,6,5,14,79.66729678638941,35,7,0,9,5,14,0,20,11,7,0,2,2,13,9,1,1,27,11,11,6,31,40,3,0,7,1058,0,0,0,7,-37.40347490347489,47.37163814180929,40.74074074074074,28,17.623363544813696,29.41176470588235,69.23076923076923,63.63636363636363,1.0,6,5,2,79.66729678638941
S41G01N195,2022-2023,20230210,270,home,50,8,0,12,6,18,2,21,14,11,4,0,0,8,5,6,10,32,18,10,3,45,40,7,0,6,1058,0,0,0,6,37.40347490347489,63.34459459459459,62.5,57,14.45086705202312,40.0,62.5,44.44444444444444,1.3333333333333333,6,5,14,79.66729678638941,35,7,0,9,5,14,0,20,11,7,0,2,2,13,9,1,1,27,11,11,6,31,40,3,0,7,1058,0,0,0,7,-37.40347490347489,47.37163814180929,40.74074074074074,28,17.623363544813696,29.41176470588235,69.23076923076923,63.63636363636363,1.0,6,5,2,79.66729678638941
S41G01N195,2022-2023,20230210,271,home,50,8,0,12,6,18,2,21,14,11,4,0,0,8,5,6,10,32,18,10,3,45,40,7,0,6,1072,0,0,0,6,39.90307496746465,63.34459459459459,62.5,57,14.45086705202312,40.0,62.5,44.44444444444444,1.3333333333333333,6,5,14,79.74626865671642,35,7,0,9,5,14,0,21,11,7,0,2,2,13,9,1,1,28,11,11,6,31,41,3,0,7,1072,0,0,0,7,-39.90307496746465,45.96678529062871,39.285714285714285,27,17.19056974459725,29.41176470588235,69.23076923076923,63.63636363636363,1.0,6,5,2,79.74626865671642
S41G01N195,2022-2023,20230210,272,home,50,8,0,13,6,19,2,21,14,11,4,0,0,8,5,6,10,32,18,10,3,45,40,7,0,6,1074,0,0,0,6,39.90307496746465,63.34459459459459,62.5,58,14.45086705202312,40.0,62.5,44.44444444444444,1.3333333333333333,6,5,14,79.5977653631285,35,7,0,9,5,14,0,21,11,7,0,2,2,13,9,1,1,28,11,11,6,31,41,3,0,7,1074,0,0,0,7,-39.90307496746465,45.96678529062871,39.285714285714285,27,17.19056974459725,27.77777777777778,69.23076923076923,63.63636363636363,1.0,6,5,2,79.5977653631285
S41G01N195,2022-2023,20230210,273,home,50,8,0,13,6,19,2,22,15,11,4,0,0,8,5,6,10,33,19,10,3,47,41,7,0,6,1080,0,0,0,6,41.910490378494515,64.34830230010952,63.63636363636363,60,14.111006585136405,40.0,62.5,42.10526315789474,1.3333333333333333,8,5,16,80.26666666666668,35,7,0,9,5,14,0,21,11,7,0,2,2,13,9,1,1,28,11,11,6,31,41,3,0,7,1080,0,0,0,7,-41.910490378494515,45.96678529062871,39.285714285714285,27,17.19056974459725,27.77777777777778,69.23076923076923,63.63636363636363,1.0,8,5,2,80.26666666666668
S41G01N195,2022-2023,20230210,274,home,50,8,0,13,6,19,2,22,15,11,4,0,0,8,5,6,10,33,19,10,3,47,41,7,0,6,1096,0,0,0,6,44.273946648149334,64.34830230010952,63.63636363636363,60,14.111006585136405,40.0,62.5,42.10526315789474,1.3333333333333333,8,5,16,80.18978102189782,35,7,0,9,5,14,0,22,11,7,0,2,2,13,9,1,1,29,11,11,6,31,42,3,0,7,1096,0,0,0,7,-44.273946648149334,44.642857142857146,37.93103448275862,26,16.778523489932887,27.77777777777778,69.23076923076923,63.63636363636363,1.0,8,5,2,80.18978102189782
S41G01N195,2022-2023,20230210,275,home,50,8,1,13,6,19,2,22,15,11,4,0,0,8,5,6,10,33,19,10,3,47,41,7,0,6,1098,0,0,0,6,44.273946648149334,64.34830230010952,63.63636363636363,61,14.111006585136405,40.0,62.5,42.10526315789474,1.3333333333333333,8,5,16,80.04371584699456,35,7,0,9,5,14,0,22,11,7,0,2,2,13,9,1,1,29,11,11,6,31,42,3,0,7,1098,0,0,0,7,-44.273946648149334,44.642857142857146,37.93103448275862,26,16.778523489932887,27.77777777777778,69.23076923076923,63.63636363636363,1.0,8,5,2,80.04371584699456
S41G01N195,2022-2023,20230210,276,home,50,8,1,14,6,20,2,22,15,11,4,0,0,8,5,6,10,33,19,10,3,47,41,7,0,6,1099,0,0,0,6,44.273946648149334,64.34830230010952,63.63636363636363,62,14.111006585136405,40.0,62.5,42.10526315789474,1.3333333333333333,8,5,16,79.97088262056415,35,7,0,9,5,14,0,22,11,7,0,2,2,13,9,1,1,29,11,11,6,31,42,3,0,7,1099,0,0,0,7,-44.273946648149334,44.642857142857146,37.93103448275862,26,16.778523489932887,26.31578947368421,69.23076923076923,63.63636363636363,1.0,8,5,2,79.97088262056415
S41G01N195,2022-2023,20230210,277,home,50,8,1,14,6,20,2,23,16,11,4,0,0,8,5,6,10,34,20,10,3,49,42,7,0,6,1100,0,0,0,6,46.174356973303404,65.29850746268656,64.70588235294117,64,13.786764705882351,40.0,62.5,40.0,1.3333333333333333,10,5,18,80.98909090909092,35,7,0,9,5,14,0,22,11,7,0,2,2,13,9,1,1,29,11,11,6,31,42,3,0,7,1100,0,0,0,7,-46.174356973303404,44.642857142857146,37.93103448275862,26,16.778523489932887,26.31578947368421,69.23076923076923,63.63636363636363,1.0,10,5,2,80.98909090909092
S41G01N195,2022-2023,20230210,278,home,50,9,1,14,6,20,2,23,16,11,4,0,0,8,5,6,10,34,20,10,3,49,42,7,0,6,1100,0,0,0,6,46.174356973303404,65.29850746268656,64.70588235294117,65,13.786764705882351,40.0,62.5,45.0,1.5,10,5,18,80.98909090909092,35,7,0,9,5,14,0,22,11,7,0,2,2,13,9,1,1,29,11,11,6,31,42,3,0,7,1100,0,0,0,7,-46.174356973303404,44.642857142857146,37.93103448275862,26,16.778523489932887,26.31578947368421,69.23076923076923,63.63636363636363,1.0,10,5,2,80.98909090909092
S41G01N195,2022-2023,20230210,279,home,50,9,1,14,6,20,2,23,16,11,4,0,0,8,5,7,12,34,20,10,3,49,42,7,0,6,1102,0,0,0,6,46.174356973303404,65.29850746268656,64.70588235294117,65,13.786764705882351,40.0,62.5,45.0,1.5,10,5,18,80.8421052631579,35,7,0,9,5,14,0,22,11,7,0,2,2,13,9,1,1,29,11,11,6,31,42,3,0,7,1102,0,0,0,7,-46.174356973303404,44.642857142857146,37.93103448275862,26,16.778523489932887,26.31578947368421,69.23076923076923,63.63636363636363,1.0,10,5,2,80.8421052631579
S41G01N195,2022-2023,20230210,280,home,50,9,1,14,6,20,2,23,16,11,4,0,0,8,5,7,12,34,20,10,3,49,42,7,0,6,1115,0,0,0,6,43.11027049271139,65.29850746268656,64.70588235294117,65,13.786764705882351,40.0,62.5,45.0,1.5,2,5,18,80.97578475336324,35,7,0,9,5,14,0,23,12,7,0,3,3,13,9,1,1,30,12,11,6,33,43,3,0,7,1115,0,0,0,7,-43.11027049271139,46.192609182530795,40.0,28,16.38576779026217,26.31578947368421,69.23076923076923,58.333333333333336,1.0,2,5,2,80.97578475336324
S41G01N195,2022-2023,20230210,281,home,50,9,1,14,6,20,2,23,16,11,4,0,0,8,5,7,12,34,20,10,3,49,42,7,0,6,1115,0,0,0,6,43.11027049271139,65.29850746268656,64.70588235294117,65,13.786764705882351,40.0,62.5,45.0,1.5,2,5,18,80.97578475336324,35,8,0,9,5,14,0,23,12,7,0,3,3,13,9,1,1,30,12,11,6,33,43,3,0,7,1115,0,0,0,7,-43.11027049271139,46.192609182530795,40.0,29,16.38576779026217,26.31578947368421,69.23076923076923,66.66666666666667,1.1428571428571428,2,5,2,80.97578475336324
S41G01N195,2022-2023,20230210,282,home,50,9,1,14,6,20,2,23,16,12,5,0,0,8,5,7,12,35,21,10,3,52,43,7,0,6,1134,0,0,0,6,47.50806345934241,67.49740394600207,67.14285714285714,68,13.477088948787062,40.0,62.5,42.857142857142854,1.5,3,5,19,80.67724867724868,35,8,0,9,5,14,0,23,12,7,0,3,3,13,9,1,1,30,12,11,6,33,43,3,0,7,1134,0,0,0,7,-47.50806345934241,46.192609182530795,40.0,29,16.38576779026217,26.31578947368421,69.23076923076923,66.66666666666667,1.1428571428571428,3,5,2,80.67724867724868
S41G01N195,2022-2023,20230210,283,home,50,10,1,14,6,20,2,23,16,12,5,0,0,8,5,7,12,35,21,10,3,52,43,7,0,6,1134,0,0,0,6,47.50806345934241,67.49740394600207,67.14285714285714,69,13.477088948787062,40.0,62.5,47.61904761904762,1.6666666666666667,3,5,19,80.67724867724868,35,8,0,9,5,14,0,23,12,7,0,3,3,13,9,1,1,30,12,11,6,33,43,3,0,7,1134,0,0,0,7,-47.50806345934241,46.192609182530795,40.0,29,16.38576779026217,26.31578947368421,69.23076923076923,66.66666666666667,1.1428571428571428,3,5,2,80.67724867724868
S41G01N195,2022-2023,20230210,284,home,50,10,1,14,6,20,2,23,16,12,5,0,0,8,5,7,12,35,21,10,3,52,43,7,0,6,1149,0,0,0,6,49.7675351647314,67.49740394600207,67.14285714285714,69,13.477088948787062,40.0,62.5,47.61904761904762,1.6666666666666667,3,5,19,80.66840731070498,35,8,0,9,5,14,0,23,12,8,0,3,3,13,9,1,1,31,12,11,6,33,44,3,0,7,1149,0,0,0,7,-49.7675351647314,44.93464052287582,38.70967741935484,28,16.010978956999086,26.31578947368421,69.23076923076923,66.66666666666667,1.1428571428571428,3,5,2,80.66840731070498
S41G01N195,2022-2023,20230210,285,home,50,10,1,14,6,20,2,23,16,12,5,0,0,8,5,7,12,35,21,10,3,52,43,7,0,6,1150,0,0,0,6,47.50806345934241,67.49740394600207,67.14285714285714,69,13.477088948787062,40.0,62.5,47.61904761904762,1.6666666666666667,3,5,19,79.55478260869566,35,8,0,9,6,15,0,23,12,8,0,3,3,13,9,1,1,31,12,11,6,33,44,3,0,7,1150,0,0,0,7,-47.50806345934241,44.93464052287582,38.70967741935484,29,16.010978956999086,30.0,69.23076923076923,66.66666666666667,1.1428571428571428,3,5,2,79.55478260869566
S41G01N195,2022-2023,20230210,286,home,50,10,1,14,6,20,2,23,16,12,5,0,0,8,5,7,12,35,21,11,3,52,43,7,0,6,1150,0,0,0,6,47.50806345934241,67.49740394600207,67.14285714285714,69,13.477088948787062,40.0,62.5,47.61904761904762,1.6666666666666667,3,5,19,79.55478260869566,35,8,0,9,6,15,0,23,12,8,0,3,3,13,9,1,1,31,12,11,6,33,44,3,0,7,1150,0,0,0,7,-47.50806345934241,44.93464052287582,38.70967741935484,29,16.010978956999086,30.0,69.23076923076923,66.66666666666667,1.1428571428571428,3,5,2,79.55478260869566
S41G01N195,2022-2023,20230210,287,home,50,10,1,14,6,20,2,23,16,12,5,0,0,8,5,7,12,35,21,11,3,52,43,7,0,6,1150,0,0,0,6,47.50806345934241,67.49740394600207,67.14285714285714,69,13.477088948787062,40.0,62.5,47.61904761904762,1.6666666666666667,3,5,19,79.55478260869566,35,8,0,9,6,15,0,23,12,8,0,3,3,13,9,1,1,31,12,11,6,33,44,3,0,7,1150,0,0,0,7,-47.50806345934241,44.93464052287582,38.70967741935484,29,16.010978956999086,30.0,69.23076923076923,66.66666666666667,1.1428571428571428,3,5,2,79.55478260869566
S41G01N195,2022-2023,20230210,288,home,50,10,1,14,6,20,2,23,16,12,5,0,0,8,5,7,12,35,21,11,3,52,43,7,0,6,1150,0,0,0,6,47.50806345934241,67.49740394600207,67.14285714285714,69,13.477088948787062,40.0,62.5,47.61904761904762,1.6666666666666667,3,5,19,79.55478260869566,35,8,0,9,6,15,0,23,12,8,0,3,3,13,9,1,1,31,12,11,6,33,44,3,0,7,1150,0,0,0,7,-47.50806345934241,44.93464052287582,38.70967741935484,29,16.010978956999086,30.0,69.23076923076923,66.66666666666667,1.1428571428571428,3,5,2,79.55478260869566
S41G01N195,2022-2023,20230210,289,home,50,10,1,14,6,20,2,23,16,12,5,0,0,8,5,7,12,35,21,11,3,52,43,7,0,6,1150,0,0,0,6,47.50806345934241,67.49740394600207,67.14285714285714,69,13.477088948787062,40.0,62.5,47.61904761904762,1.6666666666666667,3,5,19,79.55478260869566,35,8,0,9,6,15,0,23,12,8,0,3,3,13,9,1,1,31,12,11,6,33,44,3,0,7,1150,0,0,0,7,-47.50806345934241,44.93464052287582,38.70967741935484,29,16.010978956999086,30.0,69.23076923076923,66.66666666666667,1.1428571428571428,3,5,2,79.55478260869566
S41G01N195,2022-2023,20230210,290,home,50,10,1,14,6,20,2,23,16,12,5,0,0,8,5,7,12,35,21,11,3,52,43,7,0,6,1150,0,0,0,6,47.50806345934241,67.49740394600207,67.14285714285714,69,13.477088948787062,40.0,62.5,47.61904761904762,1.6666666666666667,3,5,19,79.55478260869566,35,8,0,9,6,15,0,23,12,8,0,3,3,13,9,1,1,31,12,11,6,33,44,3,0,7,1150,0,0,0,7,-47.50806345934241,44.93464052287582,38.70967741935484,29,16.010978956999086,30.0,69.23076923076923,66.66666666666667,1.1428571428571428,3,5,2,79.55478260869566
S41G01N195,2022-2023,20230210,291,home,50,10,1,14,6,20,2,23,16,12,5,0,0,8,5,7,12,35,21,11,3,52,43,7,0,6,1150,0,0,0,6,45.89627539724522,67.49740394600207,67.14285714285714,69,13.477088948787062,40.0,62.5,47.61904761904762,1.6666666666666667,1,5,19,80.01391304347827,35,8,0,9,6,15,0,23,12,8,0,3,3,14,10,1,1,31,12,11,6,34,45,3,0,7,1150,0,0,0,7,-45.89627539724522,45.7481162540366,38.70967741935484,30,15.85144927536232,30.0,71.42857142857143,66.66666666666667,1.1428571428571428,1,5,2,80.01391304347827
S41G01N195,2022-2023,20230210,292,home,50,10,1,14,6,20,2,23,16,12,5,0,0,8,5,7,12,35,21,11,3,52,43,7,0,6,1150,0,0,0,6,44.32123276247046,67.49740394600207,67.14285714285714,69,13.477088948787062,40.0,62.5,47.61904761904762,1.6666666666666667,2,5,19,80.47304347826088,35,8,0,9,6,15,0,23,12,8,0,3,3,15,11,1,1,31,12,11,6,35,46,3,0,7,1150,0,0,0,7,-44.32123276247046,46.54255319148936,38.70967741935484,31,15.695067264573991,30.0,73.33333333333333,66.66666666666667,1.1428571428571428,2,5,2,80.47304347826088
S41G01N195,2022-2023,20230210,293,home,50,10,1,14,6,20,2,23,16,12,5,0,0,8,5,7,12,35,21,11,3,52,43,7,0,6,1150,0,0,0,6,44.32123276247046,67.49740394600207,67.14285714285714,69,13.477088948787062,40.0,62.5,47.61904761904762,1.6666666666666667,2,5,19,80.47304347826088,35,8,0,9,6,15,0,23,12,8,0,3,3,15,11,1,1,31,12,11,6,35,46,3,0,7,1150,0,0,0,7,-44.32123276247046,46.54255319148936,38.70967741935484,31,15.695067264573991,30.0,73.33333333333333,66.66666666666667,1.1428571428571428,2,5,2,80.47304347826088
S41G01N195,2022-2023,20230210,294,home,50,10,1,14,6,20,2,23,16,12,5,0,0,8,5,7,12,35,21,11,3,52,43,7,0,6,1150,0,0,0,6,44.32123276247046,67.49740394600207,67.14285714285714,69,13.477088948787062,40.0,62.5,47.61904761904762,1.6666666666666667,2,5,19,80.47304347826088,35,8,0,9,6,15,0,23,12,8,0,3,3,15,11,1,1,31,12,11,6,35,46,3,0,7,1150,0,0,0,7,-44.32123276247046,46.54255319148936,38.70967741935484,31,15.695067264573991,30.0,73.33333333333333,66.66666666666667,1.1428571428571428,2,5,2,80.47304347826088
S41G01N195,2022-2023,20230210,295,home,50,10,1,14,6,20,2,23,16,12,5,0,0,8,5,7,12,35,21,11,3,52,43,7,0,7,1166,0,0,0,7,40.90537223888737,67.49740394600207,67.14285714285714,68,15.377855887521967,40.0,62.5,47.61904761904762,1.4285714285714286,2,5,19,80.39794168096056,35,8,0,9,6,15,0,23,12,8,0,3,3,15,11,1,1,31,12,11,6,35,46,3,0,7,1166,0,0,0,7,-40.90537223888737,46.54255319148936,38.70967741935484,31,15.695067264573991,30.0,73.33333333333333,66.66666666666667,1.1428571428571428,2,5,2,80.39794168096056
S41G01N195,2022-2023,20230210,296,home,50,10,1,14,6,20,2,23,16,12,5,0,0,8,5,7,12,35,21,11,3,52,43,7,0,7,1166,0,0,0,7,40.90537223888737,67.49740394600207,67.14285714285714,68,15.377855887521967,40.0,62.5,47.61904761904762,1.4285714285714286,2,5,19,80.39794168096056,35,8,0,9,6,15,0,23,12,8,0,3,3,15,11,1,1,31,12,11,6,35,46,4,0,7,1166,0,0,0,7,-40.90537223888737,46.54255319148936,38.70967741935484,32,15.695067264573991,30.0,73.33333333333333,66.66666666666667,1.1428571428571428,2,5,2,80.39794168096056
S41G01N195,2022-2023,20230210,297,home,50,10,1,14,6,20,2,23,16,12,5,0,0,8,5,7,12,35,21,11,3,52,43,7,0,7,1166,0,0,0,7,38.14460393407761,67.49740394600207,67.14285714285714,68,15.377855887521967,40.0,62.5,47.61904761904762,1.4285714285714286,4,5,19,81.42710120068611,35,8,0,9,6,15,0,24,13,8,0,3,3,15,11,1,1,32,13,11,6,37,47,4,0,7,1166,0,0,0,7,-38.14460393407761,47.92746113989637,40.625,34,15.350877192982455,30.0,73.33333333333333,61.53846153846154,1.1428571428571428,4,5,2,81.42710120068611
S41G01N195,2022-2023,20230210,298,home,50,10,1,14,6,20,2,23,16,12,5,0,0,8,5,7,12,35,21,11,3,52,43,7,0,7,1168,0,0,0,7,38.14460393407761,67.49740394600207,67.14285714285714,68,15.377855887521967,40.0,62.5,47.61904761904762,1.4285714285714286,4,5,19,81.28767123287673,35,8,0,9,6,15,0,24,13,8,0,3,3,15,11,2,3,32,13,11,6,37,47,4,0,7,1168,0,0,0,7,-38.14460393407761,47.92746113989637,40.625,34,15.350877192982455,30.0,73.33333333333333,61.53846153846154,1.1428571428571428,4,5,2,81.28767123287673
S41G01N195,2022-2023,20230210,299,home,50,10,1,14,6,20,2,23,16,12,5,0,0,8,5,7,12,35,21,11,3,52,43,7,0,7,1173,0,0,0,7,38.14460393407761,67.49740394600207,67.14285714285714,68,15.377855887521967,40.0,62.5,47.61904761904762,1.4285714285714286,4,5,19,80.94117647058825,35,8,0,9,6,15,0,24,13,8,0,3,3,15,11,2,3,32,13,12,6,37,47,4,0,7,1173,0,0,0,7,-38.14460393407761,47.92746113989637,40.625,34,15.350877192982455,30.0,73.33333333333333,61.53846153846154,1.1428571428571428,4,5,2,80.94117647058825
S41G01N195,2022-2023,20230210,300,home,50,10,1,14,6,20,2,23,16,12,5,0,0,9,6,7,12,35,21,11,3,53,44,7,0,7,1173,0,0,0,7,39.1982891982892,68.01848049281314,67.14285714285714,69,15.230635335073977,40.0,66.66666666666667,47.61904761904762,1.4285714285714286,1,5,19,81.3913043478261,35,8,0,9,6,15,0,24,13,8,0,3,3,15,11,2,3,32,13,12,6,37,47,4,0,7,1173,0,0,0,7,-39.1982891982892,47.92746113989637,40.625,34,15.350877192982455,30.0,73.33333333333333,61.53846153846154,1.1428571428571428,1,5,2,81.3913043478261
S41G01N195,2022-2023,20230210,301,home,50,10,1,14,6,20,2,23,16,12,5,0,0,10,6,7,12,35,21,11,3,53,45,7,0,7,1173,0,0,0,7,37.753775377537764,67.25888324873097,67.14285714285714,68,15.086206896551724,40.0,60.0,47.61904761904762,1.4285714285714286,1,5,19,81.84143222506394,35,8,0,9,6,15,0,24,13,8,0,3,3,15,11,2,3,32,13,12,6,37,47,4,0,7,1173,0,0,0,7,-37.753775377537764,47.92746113989637,40.625,34,15.350877192982455,30.0,73.33333333333333,61.53846153846154,1.1428571428571428,1,5,2,81.84143222506394
S41G01N195,2022-2023,20230210,302,home,50,10,1,14,6,20,2,23,16,12,5,0,0,10,6,7,12,35,21,11,3,53,45,7,0,7,1175,0,0,0,7,37.753775377537764,67.25888324873097,67.14285714285714,68,15.086206896551724,37.5,60.0,47.61904761904762,1.4285714285714286,1,5,19,81.70212765957446,35,8,0,10,6,16,0,24,13,8,0,3,3,15,11,2,3,32,13,12,6,37,47,4,0,7,1175,0,0,0,7,-37.753775377537764,47.92746113989637,40.625,35,15.350877192982455,30.0,73.33333333333333,61.53846153846154,1.1428571428571428,1,5,2,81.70212765957446
S41G01N195,2022-2023,20230210,303,home,50,10,1,14,6,20,2,23,16,12,5,0,0,10,6,7,12,35,21,11,3,53,45,7,0,7,1195,0,0,0,7,40.055113885772826,67.25888324873097,67.14285714285714,68,15.086206896551724,37.5,60.0,47.61904761904762,1.4285714285714286,1,5,19,81.33891213389121,35,8,0,10,6,16,0,25,13,8,0,3,3,15,11,2,3,33,13,12,6,37,48,4,0,7,1195,0,0,0,7,-40.055113885772826,46.717171717171716,39.39393939393939,34,15.02145922746781,30.0,73.33333333333333,61.53846153846154,1.1428571428571428,1,5,2,81.33891213389121
S41G01N195,2022-2023,20230210,304,home,50,10,1,15,6,21,2,23,16,12,5,0,0,10,6,7,12,35,21,11,3,53,45,7,0,7,1195,0,0,0,7,40.055113885772826,67.25888324873097,67.14285714285714,69,15.086206896551724,37.5,60.0,47.61904761904762,1.4285714285714286,1,5,19,81.33891213389121,35,8,0,10,6,16,0,25,13,8,0,3,3,15,11,2,3,33,13,12,6,37,48,4,0,7,1195,0,0,0,7,-40.055113885772826,46.717171717171716,39.39393939393939,34,15.02145922746781,28.571428571428573,73.33333333333333,61.53846153846154,1.1428571428571428,1,5,2,81.33891213389121
S41G01N195,2022-2023,20230210,305,home,50,10,1,15,6,21,2,23,16,12,5,0,0,10,6,7,12,35,21,11,3,53,45,7,0,7,1195,0,0,0,7,40.055113885772826,67.25888324873097,67.14285714285714,69,15.086206896551724,37.5,60.0,47.61904761904762,1.4285714285714286,1,5,19,81.33891213389121,35,8,0,10,6,16,0,25,13,8,0,3,3,15,11,2,3,33,13,13,6,37,48,4,0,7,1195,0,0,0,7,-40.055113885772826,46.717171717171716,39.39393939393939,34,15.02145922746781,28.571428571428573,73.33333333333333,61.53846153846154,1.1428571428571428,1,5,2,81.33891213389121
S41G01N195,2022-2023,20230210,306,home,50,10,1,15,6,21,2,23,16,12,5,0,0,11,7,7,12,35,21,11,3,54,46,7,0,7,1195,0,0,0,7,41.09030555381325,67.7710843373494,67.14285714285714,70,14.94449188727583,37.5,63.63636363636363,47.61904761904762,1.4285714285714286,2,5,19,81.78075313807531,35,8,0,10,6,16,0,25,13,8,0,3,3,15,11,2,3,33,13,13,6,37,48,4,0,7,1195,0,0,0,7,-41.09030555381325,46.717171717171716,39.39393939393939,34,15.02145922746781,28.571428571428573,73.33333333333333,61.53846153846154,1.1428571428571428,2,5,2,81.78075313807531
S41G01N195,2022-2023,20230210,307,home,50,10,1,15,6,21,2,23,16,12,5,0,0,12,8,7,12,35,21,11,3,55,47,7,0,7,1195,0,0,0,7,42.103429182418765,68.2720953326713,67.14285714285714,71,14.805414551607445,37.5,66.66666666666667,47.61904761904762,1.4285714285714286,3,5,19,82.22259414225941,35,8,0,10,6,16,0,25,13,8,0,3,3,15,11,2,3,33,13,13,6,37,48,4,0,7,1195,0,0,0,7,-42.103429182418765,46.717171717171716,39.39393939393939,34,15.02145922746781,28.571428571428573,73.33333333333333,61.53846153846154,1.1428571428571428,3,5,2,82.22259414225941
S41G01N195,2022-2023,20230210,308,home,50,10,1,15,6,21,2,23,16,12,5,0,0,12,8,7,12,35,21,11,3,55,47,7,0,7,1195,0,0,0,7,42.103429182418765,68.2720953326713,67.14285714285714,71,14.805414551607445,37.5,66.66666666666667,47.61904761904762,1.4285714285714286,3,5,19,82.22259414225941,35,8,0,10,6,16,0,25,13,8,0,3,3,15,11,2,3,33,13,13,6,37,48,4,0,7,1195,0,0,0,7,-42.103429182418765,46.717171717171716,39.39393939393939,34,15.02145922746781,28.571428571428573,73.33333333333333,61.53846153846154,1.1428571428571428,3,5,2,82.22259414225941
S41G01N195,2022-2023,20230210,309,home,50,10,1,15,6,21,2,23,16,12,5,0,0,12,8,7,12,35,21,11,3,55,47,7,0,7,1195,0,0,0,7,42.103429182418765,68.2720953326713,67.14285714285714,71,14.805414551607445,37.5,66.66666666666667,47.61904761904762,1.4285714285714286,3,5,19,82.22259414225941,35,8,0,10,6,16,0,25,13,8,0,3,3,15,11,2,3,33,13,13,6,37,48,4,0,7,1195,0,0,0,7,-42.103429182418765,46.717171717171716,39.39393939393939,34,15.02145922746781,28.571428571428573,73.33333333333333,61.53846153846154,1.1428571428571428,3,5,2,82.22259414225941
S41G01N195,2022-2023,20230210,310,home,50,10,1,15,6,21,2,23,16,12,5,0,0,12,8,7,12,35,21,11,3,55,47,7,0,7,1195,0,0,0,7,42.103429182418765,68.2720953326713,67.14285714285714,71,14.805414551607445,37.5,66.66666666666667,47.61904761904762,1.4285714285714286,3,5,19,82.22259414225941,35,8,0,10,6,16,0,25,13,8,0,3,3,15,11,2,3,33,13,13,6,37,48,4,0,7,1195,0,0,0,7,-42.103429182418765,46.717171717171716,39.39393939393939,34,15.02145922746781,28.571428571428573,73.33333333333333,61.53846153846154,1.1428571428571428,3,5,2,82.22259414225941
S41G01N195,2022-2023,20230210,311,home,50,10,1,15,6,21,2,23,16,12,5,0,0,12,8,7,12,35,21,11,3,55,47,7,0,7,1195,0,0,0,7,42.103429182418765,68.2720953326713,67.14285714285714,71,14.805414551607445,37.5,66.66666666666667,47.61904761904762,1.4285714285714286,3,5,19,82.22259414225941,35,8,0,10,6,16,0,25,13,8,0,3,3,15,11,2,3,33,13,13,6,37,48,4,0,7,1195,0,0,0,7,-42.103429182418765,46.717171717171716,39.39393939393939,34,15.02145922746781,28.571428571428573,73.33333333333333,61.53846153846154,1.1428571428571428,3,5,2,82.22259414225941
S41G01N195,2022-2023,20230210,312,home,50,10,1,15,6,21,2,23,16,12,5,0,0,12,8,7,12,35,21,11,3,55,47,7,0,7,1195,0,0,0,7,42.103429182418765,68.2720953326713,67.14285714285714,71,14.805414551607445,37.5,66.66666666666667,47.61904761904762,1.4285714285714286,3,5,19,82.22259414225941,35,8,0,10,6,16,0,25,13,8,0,3,3,15,11,2,3,33,13,13,6,37,48,4,0,7,1195,0,0,0,7,-42.103429182418765,46.717171717171716,39.39393939393939,34,15.02145922746781,28.571428571428573,73.33333333333333,61.53846153846154,1.1428571428571428,3,5,2,82.22259414225941
S41G01N195,2022-2023,20230210,313,home,50,10,1,15,6,21,2,23,16,12,5,0,0,12,8,7,12,35,21,11,3,55,47,7,0,7,1200,0,0,0,7,42.103429182418765,68.2720953326713,67.14285714285714,71,14.805414551607445,37.5,66.66666666666667,47.61904761904762,1.4285714285714286,3,5,19,81.88,35,8,0,10,6,16,0,25,13,8,0,3,3,15,11,2,3,33,13,13,6,37,48,4,0,7,1200,0,0,0,7,-42.103429182418765,46.717171717171716,39.39393939393939,34,15.02145922746781,28.571428571428573,73.33333333333333,61.53846153846154,1.1428571428571428,3,5,2,81.88
S41G01N195,2022-2023,20230210,314,home,50,10,1,15,6,21,2,23,16,12,5,0,0,12,8,7,12,35,21,11,3,55,47,7,0,7,1200,0,0,0,7,42.103429182418765,68.2720953326713,67.14285714285714,71,14.805414551607445,37.5,66.66666666666667,47.61904761904762,1.4285714285714286,3,5,19,81.88,35,8,0,10,6,16,0,25,13,8,0,3,3,15,11,2,3,33,13,13,6,37,48,4,0,7,1200,0,0,0,7,-42.103429182418765,46.717171717171716,39.39393939393939,34,15.02145922746781,28.571428571428573,73.33333333333333,61.53846153846154,1.1428571428571428,3,5,2,81.88
S41G01N195,2022-2023,20230210,315,home,50,10,1,15,6,21,2,23,16,12,5,0,0,12,8,7,12,35,21,11,3,55,47,7,0,7,1200,0,0,0,7,42.103429182418765,68.2720953326713,67.14285714285714,71,14.805414551607445,37.5,66.66666666666667,47.61904761904762,1.4285714285714286,3,5,19,81.88,35,8,0,10,6,16,0,25,13,8,0,3,3,15,11,2,3,33,13,13,6,37,48,4,0,7,1200,0,0,0,7,-42.103429182418765,46.717171717171716,39.39393939393939,34,15.02145922746781,28.571428571428573,73.33333333333333,61.53846153846154,1.1428571428571428,3,5,2,81.88
S41G01N195,2022-2023,20230210,316,home,50,10,1,15,6,21,2,23,16,12,5,0,0,12,8,7,12,35,21,11,3,55,47,7,0,7,1200,0,0,0,7,42.103429182418765,68.2720953326713,67.14285714285714,71,14.805414551607445,37.5,66.66666666666667,47.61904761904762,1.4285714285714286,3,5,19,81.88,35,8,0,10,6,16,0,25,13,8,0,3,3,15,11,2,3,33,13,13,6,37,48,4,0,7,1200,0,0,0,7,-42.103429182418765,46.717171717171716,39.39393939393939,34,15.02145922746781,28.571428571428573,73.33333333333333,61.53846153846154,1.1428571428571428,3,5,2,81.88
S41G01N195,2022-2023,20230210,317,home,50,10,1,15,6,21,2,23,16,12,5,0,0,12,8,7,12,35,21,11,3,55,47,7,0,7,1200,0,0,0,7,42.103429182418765,68.2720953326713,67.14285714285714,71,14.805414551607445,37.5,66.66666666666667,47.61904761904762,1.4285714285714286,3,5,19,81.88,35,8,0,10,6,16,0,25,13,8,0,3,3,15,11,2,3,33,13,13,6,37,48,4,0,7,1200,0,0,0,7,-42.103429182418765,46.717171717171716,39.39393939393939,34,15.02145922746781,28.571428571428573,73.33333333333333,61.53846153846154,1.1428571428571428,3,5,2,81.88
S41G01N195,2022-2023,20230210,318,home,50,10,1,15,6,21,2,23,16,12,5,0,0,12,8,7,12,35,21,11,3,55,47,7,0,7,1200,0,0,0,7,42.103429182418765,68.2720953326713,67.14285714285714,71,14.805414551607445,37.5,66.66666666666667,47.61904761904762,1.4285714285714286,3,5,19,81.88,35,8,0,10,6,16,0,25,13,8,0,3,3,15,11,2,3,33,13,13,6,37,48,4,0,7,1200,0,0,0,7,-42.103429182418765,46.717171717171716,39.39393939393939,34,15.02145922746781,28.571428571428573,73.33333333333333,61.53846153846154,1.1428571428571428,3,5,2,81.88
S41G01N195,2022-2023,20230210,319,home,50,10,1,15,6,21,2,23,16,12,5,0,0,12,8,7,12,35,21,11,3,55,47,7,0,7,1200,0,0,0,7,42.103429182418765,68.2720953326713,67.14285714285714,71,14.805414551607445,37.5,66.66666666666667,47.61904761904762,1.4285714285714286,3,5,19,81.88,35,8,0,10,6,16,0,25,13,8,0,3,3,15,11,2,3,33,13,13,6,37,48,4,0,7,1200,0,0,0,7,-42.103429182418765,46.717171717171716,39.39393939393939,34,15.02145922746781,28.571428571428573,73.33333333333333,61.53846153846154,1.1428571428571428,3,5,2,81.88
S41G01N195,2022-2023,20230210,320,home,50,10,1,15,6,21,2,23,16,12,5,0,0,12,8,7,12,35,21,11,3,55,47,7,0,7,1200,0,0,0,7,42.103429182418765,68.2720953326713,67.14285714285714,71,14.805414551607445,37.5,66.66666666666667,47.61904761904762,1.4285714285714286,3,5,19,81.88,35,8,0,10,6,16,0,25,13,8,0,3,3,15,11,2,3,33,13,13,6,37,48,4,0,7,1200,0,0,0,7,-42.103429182418765,46.717171717171716,39.39393939393939,34,15.02145922746781,28.571428571428573,73.33333333333333,61.53846153846154,1.1428571428571428,3,5,2,81.88
S41G01N195,2022-2023,20230210,321,home,50,10,1,15,6,21,2,23,16,12,5,0,0,12,8,7,12,35,21,11,3,55,47,7,0,7,1200,0,0,0,7,42.103429182418765,68.2720953326713,67.14285714285714,71,14.805414551607445,37.5,66.66666666666667,47.61904761904762,1.4285714285714286,3,5,19,81.88,35,8,0,10,6,16,0,25,13,8,0,3,3,15,11,2,3,33,13,13,6,37,48,4,0,7,1200,0,0,0,7,-42.103429182418765,46.717171717171716,39.39393939393939,34,15.02145922746781,28.571428571428573,73.33333333333333,61.53846153846154,1.1428571428571428,3,5,2,81.88
S41G01N195,2022-2023,20230210,322,home,50,10,1,15,6,21,2,23,16,12,5,0,0,12,8,7,12,35,21,11,3,55,47,7,0,7,1200,0,0,0,7,42.103429182418765,68.2720953326713,67.14285714285714,71,14.805414551607445,37.5,66.66666666666667,47.61904761904762,1.4285714285714286,3,5,19,81.88,35,8,0,10,6,16,0,25,13,8,0,3,3,15,11,2,3,33,13,13,6,37,48,4,0,7,1200,0,0,0,7,-42.103429182418765,46.717171717171716,39.39393939393939,34,15.02145922746781,28.571428571428573,73.33333333333333,61.53846153846154,1.1428571428571428,3,5,2,81.88
S41G01N195,2022-2023,20230210,323,home,50,10,1,15,6,21,2,23,16,12,5,0,0,12,8,7,12,35,21,11,3,55,47,7,0,7,1200,0,0,0,7,42.103429182418765,68.2720953326713,67.14285714285714,71,14.805414551607445,37.5,66.66666666666667,47.61904761904762,1.4285714285714286,3,5,19,81.88,35,8,0,10,6,16,0,25,13,8,0,3,3,15,11,2,3,33,13,13,6,37,48,4,0,7,1200,0,0,0,7,-42.103429182418765,46.717171717171716,39.39393939393939,34,15.02145922746781,28.571428571428573,73.33333333333333,61.53846153846154,1.1428571428571428,3,5,2,81.88
S41G01N195,2022-2023,20230210,324,home,50,10,1,15,6,21,2,23,16,12,5,0,0,12,8,7,12,35,21,11,3,55,47,7,0,7,1200,0,0,0,7,42.103429182418765,68.2720953326713,67.14285714285714,71,14.805414551607445,37.5,66.66666666666667,47.61904761904762,1.4285714285714286,3,5,19,81.88,35,8,0,10,6,16,0,25,13,8,0,3,3,15,11,2,3,33,13,13,6,37,48,4,0,7,1200,0,0,0,7,-42.103429182418765,46.717171717171716,39.39393939393939,34,15.02145922746781,28.571428571428573,73.33333333333333,61.53846153846154,1.1428571428571428,3,5,2,81.88
S41G01N195,2022-2023,20230210,325,home,50,10,1,15,6,21,2,23,16,12,5,0,0,12,8,7,12,35,21,11,3,55,47,7,0,7,1200,0,0,0,7,42.103429182418765,68.2720953326713,67.14285714285714,71,14.805414551607445,37.5,66.66666666666667,47.61904761904762,1.4285714285714286,3,5,19,81.88,35,8,0,10,6,16,0,25,13,8,0,3,3,15,11,2,3,33,13,13,6,37,48,4,0,7,1200,0,0,0,7,-42.103429182418765,46.717171717171716,39.39393939393939,34,15.02145922746781,28.571428571428573,73.33333333333333,61.53846153846154,1.1428571428571428,3,5,2,81.88
S41G01N195,2022-2023,20230210,326,home,50,10,1,15,6,21,2,23,16,12,5,0,0,12,8,7,12,35,21,11,3,55,47,7,0,7,1200,0,0,0,7,42.103429182418765,68.2720953326713,67.14285714285714,71,14.805414551607445,37.5,66.66666666666667,47.61904761904762,1.4285714285714286,3,5,19,81.88,35,8,0,10,6,16,0,25,13,8,0,3,3,15,11,2,3,33,13,13,6,37,48,4,0,7,1200,0,0,0,7,-42.103429182418765,46.717171717171716,39.39393939393939,34,15.02145922746781,28.571428571428573,73.33333333333333,61.53846153846154,1.1428571428571428,3,5,2,81.88
S41G01N195,2022-2023,20230210,327,home,50,10,1,15,6,21,2,23,16,12,5,0,0,12,8,7,12,35,21,11,3,55,47,7,0,7,1200,0,0,0,7,42.103429182418765,68.2720953326713,67.14285714285714,71,14.805414551607445,37.5,66.66666666666667,47.61904761904762,1.4285714285714286,3,5,19,81.88,35,8,0,10,6,16,0,25,13,8,0,3,3,15,11,2,3,33,13,13,6,37,48,4,0,7,1200,0,0,0,7,-42.103429182418765,46.717171717171716,39.39393939393939,34,15.02145922746781,28.571428571428573,73.33333333333333,61.53846153846154,1.1428571428571428,3,5,2,81.88
S41G01N195,2022-2023,20230210,328,home,50,10,1,15,6,21,2,23,16,12,5,0,0,12,8,7,12,35,21,11,3,55,47,7,0,7,1200,0,0,0,7,42.103429182418765,68.2720953326713,67.14285714285714,71,14.805414551607445,37.5,66.66666666666667,47.61904761904762,1.4285714285714286,3,5,19,81.88,35,8,0,10,6,16,0,25,13,8,0,3,3,15,11,2,3,33,13,13,6,37,48,4,0,7,1200,0,0,0,7,-42.103429182418765,46.717171717171716,39.39393939393939,34,15.02145922746781,28.571428571428573,73.33333333333333,61.53846153846154,1.1428571428571428,3,5,2,81.88
S41G01N195,2022-2023,20230210,329,home,50,10,1,15,6,21,2,23,16,12,5,0,0,12,8,7,12,35,21,11,3,55,47,7,0,7,1200,0,0,0,7,42.103429182418765,68.2720953326713,67.14285714285714,71,14.805414551607445,37.5,66.66666666666667,47.61904761904762,1.4285714285714286,3,5,19,81.88,35,8,0,10,6,16,0,25,13,8,0,3,3,15,11,2,3,33,13,13,6,37,48,4,0,7,1200,0,0,0,7,-42.103429182418765,46.717171717171716,39.39393939393939,34,15.02145922746781,28.571428571428573,73.33333333333333,61.53846153846154,1.1428571428571428,3,5,2,81.88
S41G01N195,2022-2023,20230210,330,home,50,10,1,15,6,21,2,23,16,12,5,0,0,12,8,7,12,35,21,11,3,55,47,7,0,7,1200,0,0,0,7,42.103429182418765,68.2720953326713,67.14285714285714,71,14.805414551607445,37.5,66.66666666666667,47.61904761904762,1.4285714285714286,3,5,19,81.88,35,8,0,10,6,16,0,25,13,8,0,3,3,15,11,2,3,33,13,13,6,37,48,4,0,7,1200,0,0,0,7,-42.103429182418765,46.717171717171716,39.39393939393939,34,15.02145922746781,28.571428571428573,73.33333333333333,61.53846153846154,1.1428571428571428,3,5,2,81.88
S41G01N195,2022-2023,20230210,331,home,50,10,1,15,6,21,2,23,16,12,5,0,0,12,8,7,12,35,21,11,3,55,47,7,0,7,1200,0,0,0,7,42.103429182418765,68.2720953326713,67.14285714285714,71,14.805414551607445,37.5,66.66666666666667,47.61904761904762,1.4285714285714286,3,5,19,81.88,35,8,0,10,6,16,0,25,13,8,0,3,3,15,11,2,3,33,13,13,6,37,48,4,0,7,1200,0,0,0,7,-42.103429182418765,46.717171717171716,39.39393939393939,34,15.02145922746781,28.571428571428573,73.33333333333333,61.53846153846154,1.1428571428571428,3,5,2,81.88
S41G01N195,2022-2023,20230210,332,home,50,10,1,15,6,21,2,23,16,12,5,0,0,12,8,7,12,35,21,11,3,55,47,7,0,7,1200,0,0,0,7,42.103429182418765,68.2720953326713,67.14285714285714,71,14.805414551607445,37.5,66.66666666666667,47.61904761904762,1.4285714285714286,3,5,19,81.88,35,8,0,10,6,16,0,25,13,8,0,3,3,15,11,2,3,33,13,13,6,37,48,4,0,7,1200,0,0,0,7,-42.103429182418765,46.717171717171716,39.39393939393939,34,15.02145922746781,28.571428571428573,73.33333333333333,61.53846153846154,1.1428571428571428,3,5,2,81.88
S41G01N195,2022-2023,20230210,333,home,50,10,1,15,6,21,2,23,16,12,5,0,0,12,8,7,12,35,21,11,3,55,47,7,0,7,1200,0,0,0,7,42.103429182418765,68.2720953326713,67.14285714285714,71,14.805414551607445,37.5,66.66666666666667,47.61904761904762,1.4285714285714286,3,5,19,81.88,35,8,0,10,6,16,0,25,13,8,0,3,3,15,11,2,3,33,13,13,6,37,48,4,0,7,1200,0,0,0,7,-42.103429182418765,46.717171717171716,39.39393939393939,34,15.02145922746781,28.571428571428573,73.33333333333333,61.53846153846154,1.1428571428571428,3,5,2,81.88
S41G01N195,2022-2023,20230210,334,home,50,10,1,15,6,21,2,23,16,12,5,0,0,12,8,7,12,35,21,11,3,55,47,7,0,7,1200,0,0,0,7,42.103429182418765,68.2720953326713,67.14285714285714,71,14.805414551607445,37.5,66.66666666666667,47.61904761904762,1.4285714285714286,3,5,19,81.88,35,8,0,10,6,16,0,25,13,8,0,3,3,15,11,2,3,33,13,13,6,37,48,4,0,7,1200,0,0,0,7,-42.103429182418765,46.717171717171716,39.39393939393939,34,15.02145922746781,28.571428571428573,73.33333333333333,61.53846153846154,1.1428571428571428,3,5,2,81.88
S41G01N195,2022-2023,20230210,335,home,50,10,1,15,6,21,2,23,16,12,5,0,0,12,8,7,12,35,21,11,3,55,47,7,0,7,1200,0,0,0,7,42.103429182418765,68.2720953326713,67.14285714285714,71,14.805414551607445,37.5,66.66666666666667,47.61904761904762,1.4285714285714286,3,5,19,81.88,35,8,0,10,6,16,0,25,13,8,0,3,3,15,11,2,3,33,13,13,6,37,48,4,0,7,1200,0,0,0,7,-42.103429182418765,46.717171717171716,39.39393939393939,34,15.02145922746781,28.571428571428573,73.33333333333333,61.53846153846154,1.1428571428571428,3,5,2,81.88
S41G01N195,2022-2023,20230210,336,home,50,10,1,15,6,21,2,23,16,12,5,0,0,12,8,7,12,35,21,11,3,55,47,7,0,7,1200,0,0,0,7,42.103429182418765,68.2720953326713,67.14285714285714,71,14.805414551607445,37.5,66.66666666666667,47.61904761904762,1.4285714285714286,3,5,19,81.88,35,8,0,10,6,16,0,25,13,8,0,3,3,15,11,2,3,33,13,13,6,37,48,4,0,7,1200,0,0,0,7,-42.103429182418765,46.717171717171716,39.39393939393939,34,15.02145922746781,28.571428571428573,73.33333333333333,61.53846153846154,1.1428571428571428,3,5,2,81.88
S41G01N195,2022-2023,20230210,337,home,50,10,1,15,6,21,2,23,16,12,5,0,0,12,8,7,12,35,21,11,3,55,47,7,0,7,1200,0,0,0,7,42.103429182418765,68.2720953326713,67.14285714285714,71,14.805414551607445,37.5,66.66666666666667,47.61904761904762,1.4285714285714286,3,5,19,81.88,35,8,0,10,6,16,0,25,13,8,0,3,3,15,11,2,3,33,13,13,6,37,48,4,0,7,1200,0,0,0,7,-42.103429182418765,46.717171717171716,39.39393939393939,34,15.02145922746781,28.571428571428573,73.33333333333333,61.53846153846154,1.1428571428571428,3,5,2,81.88
S41G01N195,2022-2023,20230210,338,home,50,10,1,15,6,21,2,23,16,12,5,0,0,12,8,7,12,35,21,11,3,55,47,7,0,7,1200,0,0,0,7,42.103429182418765,68.2720953326713,67.14285714285714,71,14.805414551607445,37.5,66.66666666666667,47.61904761904762,1.4285714285714286,3,5,19,81.88,35,8,0,10,6,16,0,25,13,8,0,3,3,15,11,2,3,33,13,13,6,37,48,4,0,7,1200,0,0,0,7,-42.103429182418765,46.717171717171716,39.39393939393939,34,15.02145922746781,28.571428571428573,73.33333333333333,61.53846153846154,1.1428571428571428,3,5,2,81.88
S41G01N195,2022-2023,20230210,339,home,50,10,1,15,6,21,2,23,16,12,5,0,0,12,8,7,12,35,21,11,3,55,47,7,0,7,1200,0,0,0,7,42.103429182418765,68.2720953326713,67.14285714285714,71,14.805414551607445,37.5,66.66666666666667,47.61904761904762,1.4285714285714286,3,5,19,81.88,35,8,0,10,6,16,0,25,13,8,0,3,3,15,11,2,3,33,13,13,6,37,48,4,0,7,1200,0,0,0,7,-42.103429182418765,46.717171717171716,39.39393939393939,34,15.02145922746781,28.571428571428573,73.33333333333333,61.53846153846154,1.1428571428571428,3,5,2,81.88
S41G01N195,2022-2023,20230210,340,home,50,10,1,15,6,21,2,23,16,12,5,0,0,12,8,7,12,35,21,11,3,55,47,7,0,7,1200,0,0,0,7,42.103429182418765,68.2720953326713,67.14285714285714,71,14.805414551607445,37.5,66.66666666666667,47.61904761904762,1.4285714285714286,3,5,19,81.88,35,8,0,10,6,16,0,25,13,8,0,3,3,15,11,2,3,33,13,13,6,37,48,4,0,7,1200,0,0,0,7,-42.103429182418765,46.717171717171716,39.39393939393939,34,15.02145922746781,28.571428571428573,73.33333333333333,61.53846153846154,1.1428571428571428,3,5,2,81.88
S41G01N195,2022-2023,20230210,341,home,50,10,1,15,6,21,2,23,16,12,5,0,0,12,8,7,12,35,21,11,3,55,47,7,0,7,1200,0,0,0,7,42.103429182418765,68.2720953326713,67.14285714285714,71,14.805414551607445,37.5,66.66666666666667,47.61904761904762,1.4285714285714286,3,5,19,81.88,35,8,0,10,6,16,0,25,13,8,0,3,3,15,11,2,3,33,13,13,6,37,48,4,0,7,1200,0,0,0,7,-42.103429182418765,46.717171717171716,39.39393939393939,34,15.02145922746781,28.571428571428573,73.33333333333333,61.53846153846154,1.1428571428571428,3,5,2,81.88
S41G01N195,2022-2023,20230210,342,home,50,10,1,15,6,21,2,23,16,12,5,0,0,12,8,7,12,35,21,11,3,55,47,7,0,7,1220,0,0,0,7,44.29412641621944,68.2720953326713,67.14285714285714,71,14.805414551607445,37.5,66.66666666666667,47.61904761904762,1.4285714285714286,3,5,19,81.52131147540983,35,8,0,10,6,16,0,26,13,8,0,3,3,15,11,2,3,34,13,13,6,37,49,4,0,7,1220,0,0,0,7,-44.29412641621944,45.566502463054185,38.23529411764706,33,14.705882352941176,28.571428571428573,73.33333333333333,61.53846153846154,1.1428571428571428,3,5,2,81.52131147540983
S41G01N195,2022-2023,20230210,343,home,50,10,1,16,6,22,2,23,16,12,5,0,0,12,8,7,12,35,21,11,3,55,47,7,0,7,1221,0,0,0,7,44.29412641621944,68.2720953326713,67.14285714285714,72,14.805414551607445,37.5,66.66666666666667,47.61904761904762,1.4285714285714286,3,5,19,81.45454545454545,35,8,0,10,6,16,0,26,13,8,0,3,3,15,11,2,3,34,13,13,6,37,49,4,0,7,1221,0,0,0,7,-44.29412641621944,45.566502463054185,38.23529411764706,33,14.705882352941176,27.272727272727273,73.33333333333333,61.53846153846154,1.1428571428571428,3,5,2,81.45454545454545
S41G01N195,2022-2023,20230210,344,home,50,10,1,16,6,22,2,23,16,12,5,0,0,12,8,7,12,35,21,11,3,55,47,7,0,7,1222,0,0,0,7,44.29412641621944,68.2720953326713,67.14285714285714,72,14.805414551607445,37.5,66.66666666666667,47.61904761904762,1.4285714285714286,3,5,19,81.38788870703765,35,8,0,10,6,16,0,26,13,8,0,3,3,15,11,2,3,34,13,14,7,37,49,4,0,7,1222,0,0,0,7,-44.29412641621944,45.566502463054185,38.23529411764706,33,14.705882352941176,27.272727272727273,73.33333333333333,61.53846153846154,1.1428571428571428,3,5,2,81.38788870703765
S41G01N195,2022-2023,20230210,345,home,50,10,1,16,6,22,2,23,16,12,5,0,0,12,8,7,12,35,21,11,3,55,47,7,0,7,1222,0,0,0,7,44.29412641621944,68.2720953326713,67.14285714285714,72,14.805414551607445,37.5,66.66666666666667,47.61904761904762,1.4285714285714286,3,5,19,81.38788870703765,35,8,0,10,6,16,0,26,13,8,0,3,3,15,11,2,3,34,13,14,7,37,49,4,0,7,1222,0,0,0,7,-44.29412641621944,45.566502463054185,38.23529411764706,33,14.705882352941176,27.272727272727273,73.33333333333333,61.53846153846154,1.1428571428571428,3,5,2,81.38788870703765
S41G01N195,2022-2023,20230210,346,home,50,10,1,16,6,22,2,24,17,12,5,0,0,12,8,7,12,36,22,11,3,57,48,7,0,7,1234,0,0,0,7,45.87320791790991,69.04069767441861,68.05555555555556,74,14.498757249378624,37.5,66.66666666666667,45.45454545454545,1.4285714285714286,5,5,20,81.56888168557536,35,8,0,10,6,16,0,26,13,8,0,3,3,15,11,2,3,34,13,14,7,37,49,4,0,7,1234,0,0,0,7,-45.87320791790991,45.566502463054185,38.23529411764706,33,14.705882352941176,27.272727272727273,73.33333333333333,61.53846153846154,1.1428571428571428,5,5,2,81.56888168557536
S41G01N195,2022-2023,20230210,347,home,50,10,1,16,6,22,2,24,17,12,5,0,0,12,8,7,12,36,22,11,3,57,48,7,0,7,1254,0,0,0,7,47.9610555163209,69.04069767441861,68.05555555555556,74,14.498757249378624,37.5,66.66666666666667,45.45454545454545,1.4285714285714286,5,5,20,81.22488038277511,35,8,0,10,6,16,0,27,13,8,0,3,3,15,11,2,3,35,13,14,7,37,50,4,0,7,1254,0,0,0,7,-47.9610555163209,44.47115384615385,37.142857142857146,32,14.403292181069958,27.272727272727273,73.33333333333333,61.53846153846154,1.1428571428571428,5,5,2,81.22488038277511
S41G01N195,2022-2023,20230210,348,home,50,10,1,16,6,22,2,24,17,12,5,0,0,12,8,7,12,36,22,11,3,57,48,7,0,7,1255,0,0,0,7,45.87320791790991,69.04069767441861,68.05555555555556,74,14.498757249378624,37.5,66.66666666666667,45.45454545454545,1.4285714285714286,5,5,20,80.20398406374503,35,8,0,10,7,17,0,27,13,8,0,3,3,15,11,2,3,35,13,14,7,37,50,4,0,7,1255,0,0,0,7,-45.87320791790991,44.47115384615385,37.142857142857146,33,14.403292181069958,30.434782608695652,73.33333333333333,61.53846153846154,1.1428571428571428,5,5,2,80.20398406374503
S41G01N195,2022-2023,20230210,349,home,50,10,1,16,6,22,2,24,17,12,5,0,0,12,8,7,12,36,22,11,3,57,48,7,0,7,1256,0,0,0,7,47.9610555163209,69.04069767441861,68.05555555555556,74,14.498757249378624,37.5,66.66666666666667,45.45454545454545,1.4285714285714286,5,5,20,81.09554140127388,35,8,0,10,7,17,0,28,13,8,0,3,3,15,11,2,3,36,13,14,7,37,51,4,0,7,1256,0,0,0,7,-47.9610555163209,43.42723004694835,36.111111111111114,32,14.112903225806452,30.434782608695652,73.33333333333333,61.53846153846154,1.1428571428571428,5,5,2,81.09554140127388
S41G01N195,2022-2023,20230210,350,home,50,10,1,16,6,22,2,24,17,12,5,0,0,12,8,7,12,36,22,11,3,57,48,7,0,7,1259,0,0,0,7,47.9610555163209,69.04069767441861,68.05555555555556,74,14.498757249378624,37.5,66.66666666666667,45.45454545454545,1.4285714285714286,5,5,20,80.90230341540905,35,8,0,10,7,17,1,28,13,8,0,3,3,15,11,2,3,36,13,14,7,37,51,4,0,7,1259,0,0,0,7,-47.9610555163209,43.42723004694835,36.111111111111114,33,14.112903225806452,30.434782608695652,73.33333333333333,61.53846153846154,1.1428571428571428,5,5,2,80.90230341540905
S41G01N195,2022-2023,20230210,351,home,50,10,1,16,6,22,2,24,17,12,5,0,0,12,8,7,12,36,22,11,3,57,48,7,0,7,1265,0,0,0,7,49.953130289116686,69.04069767441861,68.05555555555556,74,14.498757249378624,37.5,66.66666666666667,45.45454545454545,1.4285714285714286,5,5,20,81.46719367588932,35,8,0,10,7,17,1,29,13,8,0,3,3,15,11,2,3,37,13,14,7,37,52,4,0,7,1265,0,0,0,7,-49.953130289116686,42.43119266055046,35.13513513513514,32,13.83399209486166,30.434782608695652,73.33333333333333,61.53846153846154,1.1428571428571428,5,5,2,81.46719367588932
S41G01N195,2022-2023,20230210,352,home,50,10,1,16,6,22,2,24,17,12,5,0,0,12,8,7,12,36,22,11,3,57,48,7,0,7,1267,0,0,0,7,47.9610555163209,69.04069767441861,68.05555555555556,74,14.498757249378624,37.5,66.66666666666667,45.45454545454545,1.4285714285714286,5,5,20,80.39147592738753,35,8,0,10,8,18,1,29,13,8,0,3,3,15,11,2,3,37,13,14,7,37,52,4,0,7,1267,0,0,0,7,-47.9610555163209,42.43119266055046,35.13513513513514,33,13.83399209486166,33.333333333333336,73.33333333333333,61.53846153846154,1.1428571428571428,5,5,2,80.39147592738753
S41G01N195,2022-2023,20230210,353,home,50,10,1,16,6,22,2,24,17,12,5,0,0,12,8,7,12,36,22,11,3,57,48,7,0,7,1268,0,0,0,7,47.9610555163209,69.04069767441861,68.05555555555556,74,14.498757249378624,37.5,66.66666666666667,45.45454545454545,1.4285714285714286,5,5,20,80.32807570977917,35,8,0,10,8,18,1,29,13,8,0,3,3,15,11,2,3,37,13,14,7,37,52,4,1,7,1268,0,0,0,8,-47.9610555163209,42.43119266055046,35.13513513513514,32,13.83399209486166,33.333333333333336,73.33333333333333,61.53846153846154,1.1428571428571428,5,5,2,80.32807570977917
S41G01N195,2022-2023,20230210,354,home,50,10,1,16,6,22,2,24,17,13,5,0,0,12,8,7,12,37,22,11,3,57,49,7,0,7,1281,0,0,0,7,44.84609443475395,67.4077578051088,66.21621621621621,73,14.204545454545455,37.5,66.66666666666667,45.45454545454545,1.4285714285714286,5,5,20,80.4496487119438,35,8,0,10,8,18,1,29,13,8,0,3,3,15,11,2,3,37,13,14,7,37,52,4,1,7,1281,0,0,0,8,-44.84609443475395,42.43119266055046,35.13513513513514,32,13.83399209486166,33.333333333333336,73.33333333333333,61.53846153846154,1.1428571428571428,5,5,2,80.4496487119438
S41G01N195,2022-2023,20230210,355,home,50,10,1,16,6,22,2,24,17,13,5,0,0,12,8,7,12,37,22,11,3,57,49,7,0,7,1283,0,0,0,7,44.84609443475395,67.4077578051088,66.21621621621621,73,14.204545454545455,35.294117647058826,66.66666666666667,45.45454545454545,1.4285714285714286,5,5,20,80.32424006235385,35,8,0,11,8,19,1,29,13,8,0,3,3,15,11,2,3,37,13,14,7,37,52,4,1,7,1283,0,0,0,8,-44.84609443475395,42.43119266055046,35.13513513513514,33,13.83399209486166,33.333333333333336,73.33333333333333,61.53846153846154,1.1428571428571428,5,5,2,80.32424006235385
S41G01N195,2022-2023,20230210,356,home,50,10,1,16,6,22,2,24,17,13,5,0,0,12,8,7,12,37,22,11,3,57,49,7,0,7,1290,0,0,0,7,46.83816920754974,67.4077578051088,66.21621621621621,73,14.204545454545455,35.294117647058826,66.66666666666667,45.45454545454545,1.4285714285714286,5,5,20,80.81860465116279,35,8,0,11,8,19,1,30,13,8,0,3,3,15,11,2,3,38,13,14,7,37,53,4,1,7,1290,0,0,0,8,-46.83816920754974,41.47982062780269,34.21052631578947,32,13.565891472868216,33.333333333333336,73.33333333333333,61.53846153846154,1.1428571428571428,5,5,2,80.81860465116279
S41G01N195,2022-2023,20230210,357,home,50,10,2,16,6,22,2,24,17,13,5,0,0,12,8,7,12,37,22,11,3,57,49,7,0,7,1290,0,0,0,7,46.83816920754974,67.4077578051088,66.21621621621621,74,14.204545454545455,35.294117647058826,66.66666666666667,45.45454545454545,1.4285714285714286,5,5,20,80.81860465116279,35,8,0,11,8,19,1,30,13,8,0,3,3,15,11,2,3,38,13,14,7,37,53,4,1,7,1290,0,0,0,8,-46.83816920754974,41.47982062780269,34.21052631578947,32,13.565891472868216,33.333333333333336,73.33333333333333,61.53846153846154,1.1428571428571428,5,5,2,80.81860465116279
S41G01N195,2022-2023,20230210,358,home,50,10,2,16,6,22,3,24,17,13,5,0,0,12,8,7,12,37,22,11,3,57,49,7,0,7,1290,0,0,0,7,46.83816920754974,67.4077578051088,66.21621621621621,75,14.204545454545455,35.294117647058826,66.66666666666667,45.45454545454545,1.4285714285714286,5,5,20,80.81860465116279,35,8,0,11,8,19,1,30,13,8,0,3,3,15,11,2,3,38,13,14,7,37,53,4,1,7,1290,0,0,0,8,-46.83816920754974,41.47982062780269,34.21052631578947,32,13.565891472868216,33.333333333333336,73.33333333333333,61.53846153846154,1.1428571428571428,5,5,2,80.81860465116279
S41G01N195,2022-2023,20230210,359,home,50,10,2,16,6,22,3,25,17,13,5,0,0,12,8,7,12,38,22,11,3,57,50,7,0,7,1307,0,0,0,7,43.863901941771715,65.85027726432533,64.47368421052632,74,13.92203659506762,35.294117647058826,66.66666666666667,45.45454545454545,1.4285714285714286,5,5,20,80.68553940321345,35,8,0,11,8,19,1,30,13,8,0,3,3,15,11,2,3,38,13,14,7,37,53,4,1,7,1307,0,0,0,8,-43.863901941771715,41.47982062780269,34.21052631578947,32,13.565891472868216,33.333333333333336,73.33333333333333,61.53846153846154,1.1428571428571428,5,5,2,80.68553940321345
S41G01N195,2022-2023,20230210,360,home,50,10,2,16,7,23,3,25,17,13,5,0,0,12,8,7,12,38,22,11,3,57,50,7,0,7,1308,0,0,0,7,46.83816920754974,65.85027726432533,64.47368421052632,75,13.92203659506762,38.888888888888886,66.66666666666667,45.45454545454545,1.4285714285714286,5,5,20,79.70642201834862,35,8,0,11,8,19,1,30,13,8,0,3,3,15,11,2,3,38,13,14,7,37,53,4,1,7,1308,0,0,0,8,-46.83816920754974,41.47982062780269,34.21052631578947,32,13.565891472868216,33.333333333333336,73.33333333333333,61.53846153846154,1.1428571428571428,5,5,2,79.70642201834862
S41G01N195,2022-2023,20230210,361,home,50,10,2,16,7,23,3,26,18,13,5,0,0,12,8,7,12,39,23,11,3,59,51,7,0,7,1311,0,0,0,7,48.38061377555671,66.62149954832881,65.38461538461539,77,13.650546021840873,38.888888888888886,66.66666666666667,43.47826086956522,1.4285714285714286,7,5,22,80.43935926773456,35,8,0,11,8,19,1,30,13,8,0,3,3,15,11,2,3,38,13,14,7,37,53,4,1,7,1311,0,0,0,8,-48.38061377555671,41.47982062780269,34.21052631578947,32,13.565891472868216,33.333333333333336,73.33333333333333,61.53846153846154,1.1428571428571428,7,5,2,80.43935926773456
S41G01N195,2022-2023,20230210,362,home,50,10,2,16,7,23,3,26,18,13,5,0,0,12,8,7,12,39,23,11,3,59,51,7,0,7,1324,0,0,0,7,50.28335784105225,66.62149954832881,65.38461538461539,77,13.650546021840873,38.888888888888886,66.66666666666667,43.47826086956522,1.4285714285714286,7,5,22,80.5558912386707,35,8,0,11,8,19,1,30,13,8,0,3,3,15,11,2,3,38,13,14,7,37,53,4,1,8,1324,0,0,0,9,-50.28335784105225,41.47982062780269,34.21052631578947,31,15.209125475285171,33.333333333333336,73.33333333333333,61.53846153846154,1.0,7,5,2,80.5558912386707
S41G01N195,2022-2023,20230210,363,home,50,10,2,16,7,23,3,26,18,13,5,0,0,12,8,7,12,39,23,11,3,59,51,8,0,7,1326,0,0,0,7,50.28335784105225,66.62149954832881,65.38461538461539,78,13.650546021840873,38.888888888888886,66.66666666666667,43.47826086956522,1.4285714285714286,7,5,22,80.43438914027149,35,8,0,11,8,19,1,30,13,8,0,3,3,15,11,2,3,38,13,14,7,37,53,4,1,8,1326,0,0,0,9,-50.28335784105225,41.47982062780269,34.21052631578947,31,15.209125475285171,33.333333333333336,73.33333333333333,61.53846153846154,1.0,7,5,2,80.43438914027149
S41G01N195,2022-2023,20230210,364,home,50,10,2,16,7,23,3,27,19,13,5,0,0,12,8,7,12,40,24,11,3,61,52,8,0,7,1326,0,0,0,7,51.75767323202713,67.35865724381625,66.25,80,13.389441469013006,38.888888888888886,66.66666666666667,41.666666666666664,1.4285714285714286,9,5,24,81.3393665158371,35,8,0,11,8,19,1,30,13,8,0,3,3,15,11,2,3,38,13,14,7,37,53,4,1,8,1326,0,0,0,9,-51.75767323202713,41.47982062780269,34.21052631578947,31,15.209125475285171,33.333333333333336,73.33333333333333,61.53846153846154,1.0,9,5,2,81.3393665158371
S41G01N195,2022-2023,20230210,365,home,50,11,2,16,7,23,3,27,19,13,5,0,0,12,8,7,12,40,24,11,3,61,52,8,0,7,1326,0,0,0,7,51.75767323202713,67.35865724381625,66.25,81,13.389441469013006,38.888888888888886,66.66666666666667,45.833333333333336,1.5714285714285714,9,5,24,81.3393665158371,35,8,0,11,8,19,1,30,13,8,0,3,3,15,11,2,3,38,13,14,7,37,53,4,1,8,1326,0,0,0,9,-51.75767323202713,41.47982062780269,34.21052631578947,31,15.209125475285171,33.333333333333336,73.33333333333333,61.53846153846154,1.0,9,5,2,81.3393665158371
S41G01N195,2022-2023,20230210,366,home,50,11,2,16,7,23,3,27,19,13,5,0,0,12,8,8,14,40,24,11,3,61,52,8,0,7,1326,0,0,0,7,51.75767323202713,67.35865724381625,66.25,81,13.389441469013006,38.888888888888886,66.66666666666667,45.833333333333336,1.5714285714285714,9,5,24,81.3393665158371,35,8,0,11,8,19,1,30,13,8,0,3,3,15,11,2,3,38,13,14,7,37,53,4,1,8,1326,0,0,0,9,-51.75767323202713,41.47982062780269,34.21052631578947,31,15.209125475285171,33.333333333333336,73.33333333333333,61.53846153846154,1.0,9,5,2,81.3393665158371
S41G01N195,2022-2023,20230210,367,home,50,11,2,16,7,23,3,27,19,13,5,0,0,12,8,8,14,40,24,11,3,61,52,8,0,7,1326,0,0,0,7,51.75767323202713,67.35865724381625,66.25,81,13.389441469013006,38.888888888888886,66.66666666666667,45.833333333333336,1.5714285714285714,9,5,24,81.3393665158371,35,8,0,11,8,19,1,30,13,8,0,3,3,15,11,2,3,38,13,14,7,37,53,4,1,8,1326,0,0,0,9,-51.75767323202713,41.47982062780269,34.21052631578947,31,15.209125475285171,33.333333333333336,73.33333333333333,61.53846153846154,1.0,9,5,2,81.3393665158371
S41G01N195,2022-2023,20230210,368,home,50,11,2,16,7,23,3,27,19,13,5,0,0,12,8,8,14,40,24,11,3,61,52,8,0,7,1326,0,0,0,7,51.75767323202713,67.35865724381625,66.25,81,13.389441469013006,38.888888888888886,66.66666666666667,45.833333333333336,1.5714285714285714,9,5,24,81.3393665158371,35,8,0,11,8,19,1,30,13,8,0,3,3,15,11,2,3,38,13,14,7,37,53,4,1,8,1326,0,0,0,9,-51.75767323202713,41.47982062780269,34.21052631578947,31,15.209125475285171,33.333333333333336,73.33333333333333,61.53846153846154,1.0,9,5,2,81.3393665158371
S41G01N195,2022-2023,20230210,369,home,50,11,2,16,7,23,3,27,19,13,5,0,0,12,8,8,14,40,24,11,3,61,52,8,0,7,1326,0,0,0,7,51.75767323202713,67.35865724381625,66.25,81,13.389441469013006,38.888888888888886,66.66666666666667,45.833333333333336,1.5714285714285714,9,5,24,81.3393665158371,35,8,0,11,8,19,1,30,13,8,0,3,3,15,11,2,3,38,13,14,7,37,53,4,1,8,1326,0,0,0,9,-51.75767323202713,41.47982062780269,34.21052631578947,31,15.209125475285171,33.333333333333336,73.33333333333333,61.53846153846154,1.0,9,5,2,81.3393665158371
S41G01N195,2022-2023,20230210,370,home,50,11,2,16,7,23,3,27,19,13,5,0,0,12,8,8,14,40,24,11,3,61,52,8,0,7,1326,0,0,0,7,51.75767323202713,67.35865724381625,66.25,81,13.389441469013006,38.888888888888886,66.66666666666667,45.833333333333336,1.5714285714285714,9,5,24,81.3393665158371,35,8,0,11,8,19,1,30,13,8,0,3,3,15,11,2,3,38,13,14,7,37,53,4,1,8,1326,0,0,0,9,-51.75767323202713,41.47982062780269,34.21052631578947,31,15.209125475285171,33.333333333333336,73.33333333333333,61.53846153846154,1.0,9,5,2,81.3393665158371
S41G01N195,2022-2023,20230210,371,home,50,11,2,16,7,23,3,27,19,13,5,0,0,12,8,8,14,40,24,11,3,61,52,8,0,7,1326,0,0,0,7,51.75767323202713,67.35865724381625,66.25,81,13.389441469013006,38.888888888888886,66.66666666666667,45.833333333333336,1.5714285714285714,9,5,24,81.3393665158371,35,8,0,11,8,19,1,30,13,8,0,3,3,15,11,2,3,38,13,14,7,37,53,4,1,8,1326,0,0,0,9,-51.75767323202713,41.47982062780269,34.21052631578947,31,15.209125475285171,33.333333333333336,73.33333333333333,61.53846153846154,1.0,9,5,2,81.3393665158371
S41G01N195,2022-2023,20230210,372,home,50,11,2,16,7,23,3,27,19,13,5,0,0,12,8,8,14,40,24,11,3,61,52,8,0,7,1343,0,0,0,7,49.19099869815882,67.35865724381625,66.25,81,13.389441469013006,38.888888888888886,66.66666666666667,45.833333333333336,1.5714285714285714,2,5,24,81.20327624720774,35,8,0,11,8,19,1,31,14,8,0,3,3,15,11,2,3,39,14,14,7,39,54,4,1,8,1343,0,0,0,9,-49.19099869815882,42.76315789473684,35.8974358974359,33,14.925373134328359,33.333333333333336,73.33333333333333,57.142857142857146,1.0,2,5,2,81.20327624720774
S41G01N195,2022-2023,20230210,373,home,50,11,2,16,7,23,3,27,19,13,5,0,0,12,8,8,14,40,24,11,3,61,52,8,0,7,1343,0,0,0,7,49.19099869815882,67.35865724381625,66.25,81,13.389441469013006,38.888888888888886,66.66666666666667,45.833333333333336,1.5714285714285714,2,5,24,81.20327624720774,35,9,0,11,8,19,1,31,14,8,0,3,3,15,11,2,3,39,14,14,7,39,54,4,1,8,1343,0,0,0,9,-49.19099869815882,42.76315789473684,35.8974358974359,34,14.925373134328359,33.333333333333336,73.33333333333333,64.28571428571429,1.125,2,5,2,81.20327624720774
S41G01N195,2022-2023,20230210,374,home,50,11,2,16,7,23,3,27,19,14,5,0,0,12,8,8,14,41,24,11,3,61,53,8,0,7,1360,0,0,0,7,46.280080061865974,65.90319792566983,64.63414634146342,80,13.138138138138137,38.888888888888886,66.66666666666667,45.833333333333336,1.5714285714285714,2,5,24,81.07058823529411,35,9,0,11,8,19,1,31,14,8,0,3,3,15,11,2,3,39,14,14,7,39,54,4,1,8,1360,0,0,0,9,-46.280080061865974,42.76315789473684,35.8974358974359,34,14.925373134328359,33.333333333333336,73.33333333333333,64.28571428571429,1.125,2,5,2,81.07058823529411
S41G01N195,2022-2023,20230210,375,home,50,11,2,16,8,24,3,27,19,14,5,0,0,12,8,8,14,41,24,11,3,61,53,8,0,7,1365,0,0,0,7,49.19099869815882,65.90319792566983,64.63414634146342,81,13.138138138138137,42.10526315789474,66.66666666666667,45.833333333333336,1.5714285714285714,2,5,24,79.8945054945055,35,9,0,11,8,19,1,31,14,8,0,3,3,15,11,2,3,39,14,14,7,39,54,4,1,8,1365,0,0,0,9,-49.19099869815882,42.76315789473684,35.8974358974359,34,14.925373134328359,33.333333333333336,73.33333333333333,64.28571428571429,1.125,2,5,2,79.8945054945055
S41G01N195,2022-2023,20230210,376,home,50,11,2,16,8,24,3,28,19,14,5,0,0,12,8,8,14,42,24,11,3,61,54,8,0,7,1367,0,0,0,7,46.280080061865974,64.5093062605753,63.095238095238095,80,12.896094325718497,42.10526315789474,66.66666666666667,45.833333333333336,1.5714285714285714,2,5,24,80.65544989027066,35,9,0,11,8,19,1,31,14,8,0,3,3,15,11,2,3,39,14,14,7,39,54,4,1,8,1367,0,0,0,9,-46.280080061865974,42.76315789473684,35.8974358974359,34,14.925373134328359,33.333333333333336,73.33333333333333,64.28571428571429,1.125,2,5,2,80.65544989027066
S41G01N195,2022-2023,20230210,377,home,50,11,2,16,8,24,3,28,19,14,5,0,0,12,8,8,14,42,24,11,3,61,54,8,0,7,1367,0,0,0,7,46.280080061865974,64.5093062605753,63.095238095238095,80,12.896094325718497,40.0,66.66666666666667,45.833333333333336,1.5714285714285714,2,5,24,80.65544989027066,35,9,0,12,8,20,1,31,14,8,0,3,3,15,11,2,3,39,14,14,7,39,54,4,1,8,1367,0,0,0,9,-46.280080061865974,42.76315789473684,35.8974358974359,35,14.925373134328359,33.333333333333336,73.33333333333333,64.28571428571429,1.125,2,5,2,80.65544989027066
S41G01N195,2022-2023,20230210,378,home,50,11,2,16,8,24,3,28,19,14,5,0,0,12,8,8,14,42,24,12,4,61,54,8,0,7,1367,0,0,0,7,46.280080061865974,64.5093062605753,63.095238095238095,80,12.896094325718497,40.0,66.66666666666667,45.833333333333336,1.5714285714285714,2,5,24,80.65544989027066,35,9,0,12,8,20,1,31,14,8,0,3,3,15,11,2,3,39,14,14,7,39,54,4,1,8,1367,0,0,0,9,-46.280080061865974,42.76315789473684,35.8974358974359,35,14.925373134328359,33.333333333333336,73.33333333333333,64.28571428571429,1.125,2,5,2,80.65544989027066
S41G01N195,2022-2023,20230210,379,home,50,11,2,16,8,24,3,28,19,14,5,0,0,12,8,8,14,42,24,12,4,61,54,8,0,7,1367,0,0,0,7,46.280080061865974,64.5093062605753,63.095238095238095,80,12.896094325718497,40.0,66.66666666666667,45.833333333333336,1.5714285714285714,2,5,24,80.65544989027066,35,9,0,12,8,20,1,31,14,8,0,3,3,15,11,2,3,39,14,14,7,39,54,4,1,8,1367,0,0,0,9,-46.280080061865974,42.76315789473684,35.8974358974359,35,14.925373134328359,33.333333333333336,73.33333333333333,64.28571428571429,1.125,2,5,2,80.65544989027066
S41G01N195,2022-2023,20230210,380,home,50,11,2,16,8,24,3,28,19,14,5,0,0,12,8,8,14,42,24,12,4,61,54,8,0,7,1385,0,0,0,7,48.11540872687614,64.5093062605753,63.095238095238095,80,12.896094325718497,40.0,66.66666666666667,45.833333333333336,1.5714285714285714,2,5,24,80.47364620938627,35,9,0,12,8,20,1,31,14,9,0,3,3,15,11,2,3,40,14,14,7,39,55,4,1,8,1385,0,0,0,9,-48.11540872687614,41.84549356223176,35.0,34,14.652014652014651,33.333333333333336,73.33333333333333,64.28571428571429,1.125,2,5,2,80.47364620938627
S41G01N195,2022-2023,20230210,381,home,50,11,2,17,8,25,3,28,19,14,5,0,0,12,8,8,14,42,24,12,4,61,54,8,0,7,1387,0,0,0,7,48.11540872687614,64.5093062605753,63.095238095238095,81,12.896094325718497,40.0,66.66666666666667,45.833333333333336,1.5714285714285714,2,5,24,80.35760634462869,35,9,0,12,8,20,1,31,14,9,0,3,3,15,11,2,3,40,14,14,7,39,55,4,1,8,1387,0,0,0,9,-48.11540872687614,41.84549356223176,35.0,34,14.652014652014651,32.0,73.33333333333333,64.28571428571429,1.125,2,5,2,80.35760634462869
S41G01N195,2022-2023,20230210,382,home,50,11,2,17,8,25,3,28,19,14,5,0,0,12,8,8,14,42,24,12,4,61,54,8,0,7,1397,0,0,0,7,48.11540872687614,64.5093062605753,63.095238095238095,81,12.896094325718497,40.0,66.66666666666667,45.833333333333336,1.5714285714285714,2,5,24,79.78239083750894,35,9,0,12,8,20,1,31,14,9,0,3,3,15,11,2,3,40,14,15,7,39,55,4,1,8,1397,0,0,0,9,-48.11540872687614,41.84549356223176,35.0,34,14.652014652014651,32.0,73.33333333333333,64.28571428571429,1.125,2,5,2,79.78239083750894
S41G01N195,2022-2023,20230210,383,home,50,11,2,17,8,25,3,28,19,14,5,0,0,12,8,8,14,42,24,12,4,61,54,8,0,7,1397,0,0,0,7,48.11540872687614,64.5093062605753,63.095238095238095,81,12.896094325718497,40.0,66.66666666666667,45.833333333333336,1.5714285714285714,2,5,24,79.78239083750894,35,9,0,12,8,20,1,31,14,9,0,3,3,15,11,2,3,40,14,15,7,39,55,4,1,8,1397,0,0,0,9,-48.11540872687614,41.84549356223176,35.0,34,14.652014652014651,32.0,73.33333333333333,64.28571428571429,1.125,2,5,2,79.78239083750894
S41G01N195,2022-2023,20230210,384,home,50,11,2,17,8,25,3,28,19,14,5,0,0,13,9,8,14,42,24,12,4,62,55,8,0,7,1397,0,0,0,7,49.01449232759127,64.96227996647109,63.095238095238095,82,12.792397660818713,40.0,69.23076923076923,45.833333333333336,1.5714285714285714,1,5,24,80.16034359341445,35,9,0,12,8,20,1,31,14,9,0,3,3,15,11,2,3,40,14,15,7,39,55,4,1,8,1397,0,0,0,9,-49.01449232759127,41.84549356223176,35.0,34,14.652014652014651,32.0,73.33333333333333,64.28571428571429,1.125,1,5,2,80.16034359341445
S41G01N195,2022-2023,20230210,385,home,50,11,2,17,8,25,3,28,19,14,5,0,0,14,10,8,14,42,24,12,4,63,56,8,0,7,1397,0,0,0,7,49.89679913507847,65.40697674418605,63.095238095238095,83,12.69035532994924,40.0,71.42857142857143,45.833333333333336,1.5714285714285714,2,5,24,80.53829634931996,35,9,0,12,8,20,1,31,14,9,0,3,3,15,11,2,3,40,14,15,7,39,55,4,1,8,1397,0,0,0,9,-49.89679913507847,41.84549356223176,35.0,34,14.652014652014651,32.0,73.33333333333333,64.28571428571429,1.125,2,5,2,80.53829634931996
S41G01N195,2022-2023,20230210,386,home,50,11,2,17,8,25,3,28,19,14,5,0,0,14,10,8,14,42,24,13,5,63,56,8,0,7,1415,0,0,0,7,49.89679913507847,65.40697674418605,63.095238095238095,83,12.69035532994924,40.0,71.42857142857143,45.833333333333336,1.5714285714285714,2,5,24,79.51378091872792,35,9,0,12,8,20,1,31,14,9,0,3,3,15,11,2,3,40,14,15,7,39,55,4,1,8,1415,0,0,0,9,-49.89679913507847,41.84549356223176,35.0,34,14.652014652014651,32.0,73.33333333333333,64.28571428571429,1.125,2,5,2,79.51378091872792
S41G01N195,2022-2023,20230210,387,home,50,11,2,17,8,25,3,28,19,14,5,0,0,14,10,8,14,42,24,13,5,63,56,8,0,7,1415,0,0,0,7,49.89679913507847,65.40697674418605,63.095238095238095,83,12.69035532994924,40.0,71.42857142857143,45.833333333333336,1.5714285714285714,2,5,24,79.51378091872792,35,9,0,12,8,20,1,31,14,9,0,3,3,15,11,2,3,40,14,15,7,39,55,4,1,8,1415,0,0,0,9,-49.89679913507847,41.84549356223176,35.0,34,14.652014652014651,32.0,73.33333333333333,64.28571428571429,1.125,2,5,2,79.51378091872792
S41G01N195,2022-2023,20230210,388,home,50,11,2,17,8,25,3,28,19,14,5,0,0,14,10,8,14,42,24,13,5,63,56,8,0,7,1427,0,0,0,7,45.35249214189493,65.40697674418605,63.095238095238095,83,12.69035532994924,40.0,71.42857142857143,45.833333333333336,1.5714285714285714,3,5,24,79.68605466012613,35,9,0,12,8,20,1,31,14,10,1,3,3,15,11,2,3,41,15,15,7,42,56,4,1,8,1427,0,0,0,9,-45.35249214189493,44.11764705882353,37.80487804878049,37,14.388489208633093,32.0,73.33333333333333,60.0,1.125,3,5,2,79.68605466012613
S41G01N195,2022-2023,20230210,389,home,50,11,2,17,8,25,3,28,19,14,5,0,0,14,10,8,14,42,24,13,5,63,56,8,0,7,1427,0,0,0,7,45.35249214189493,65.40697674418605,63.095238095238095,83,12.69035532994924,40.0,71.42857142857143,45.833333333333336,1.5714285714285714,3,5,24,79.68605466012613,35,10,0,12,8,20,1,31,14,10,1,3,3,15,11,2,3,41,15,15,7,42,56,4,1,8,1427,0,0,0,9,-45.35249214189493,44.11764705882353,37.80487804878049,38,14.388489208633093,32.0,73.33333333333333,66.66666666666667,1.25,3,5,2,79.68605466012613
S41G01N195,2022-2023,20230210,390,home,50,11,2,17,8,25,3,29,20,14,5,0,0,14,10,8,14,43,25,13,5,65,57,8,0,7,1441,0,0,0,7,46.73148329099082,66.11065907241661,63.95348837209303,85,12.464387464387466,40.0,71.42857142857143,44.0,1.5714285714285714,2,5,24,79.74462179042331,35,10,0,12,8,20,1,31,14,10,1,3,3,15,11,2,3,41,15,15,7,42,56,4,1,8,1441,0,0,0,9,-46.73148329099082,44.11764705882353,37.80487804878049,38,14.388489208633093,32.0,73.33333333333333,66.66666666666667,1.25,2,5,2,79.74462179042331
S41G01N195,2022-2023,20230210,391,home,50,11,2,17,8,25,3,29,20,14,5,0,0,14,10,8,14,43,25,13,5,65,57,8,0,7,1454,0,0,0,7,48.547024322218135,66.11065907241661,63.95348837209303,85,12.464387464387466,40.0,71.42857142857143,44.0,1.5714285714285714,2,5,24,79.85694635488308,35,10,0,12,8,20,1,32,14,10,1,3,3,15,11,2,3,42,15,15,7,42,57,4,1,8,1454,0,0,0,9,-48.547024322218135,43.20987654320987,36.904761904761905,37,14.134275618374557,32.0,73.33333333333333,66.66666666666667,1.25,2,5,2,79.85694635488308
S41G01N195,2022-2023,20230210,392,home,50,11,2,17,8,25,3,29,20,14,5,0,0,14,10,8,14,43,25,13,5,65,57,8,0,7,1454,0,0,0,7,46.73148329099082,66.11065907241661,63.95348837209303,85,12.464387464387466,40.0,71.42857142857143,44.0,1.5714285714285714,2,5,24,79.03163686382393,35,10,0,12,9,21,1,32,14,10,1,3,3,15,11,2,3,42,15,15,7,42,57,4,1,8,1454,0,0,0,9,-46.73148329099082,43.20987654320987,36.904761904761905,38,14.134275618374557,34.61538461538461,73.33333333333333,66.66666666666667,1.25,2,5,2,79.03163686382393
S41G01N195,2022-2023,20230210,393,home,50,11,2,17,8,25,3,29,20,14,5,0,0,14,10,8,14,43,25,13,5,65,57,8,0,7,1454,0,0,0,7,44.431797984769574,66.11065907241661,63.95348837209303,85,12.464387464387466,40.0,71.42857142857143,44.0,1.5714285714285714,2,5,24,79.85694635488308,35,10,0,12,9,21,1,33,15,10,1,3,3,15,11,2,3,43,16,15,7,44,58,4,1,8,1454,0,0,0,9,-44.431797984769574,44.354838709677416,38.372093023255815,40,13.88888888888889,34.61538461538461,73.33333333333333,62.5,1.25,2,5,2,79.85694635488308
S41G01N195,2022-2023,20230210,394,home,50,11,2,17,8,25,3,29,20,14,5,0,0,14,10,8,14,43,25,14,5,65,57,8,0,7,1454,0,0,0,7,44.431797984769574,66.11065907241661,63.95348837209303,85,12.464387464387466,40.0,71.42857142857143,44.0,1.5714285714285714,2,5,24,79.85694635488308,35,10,0,12,9,21,1,33,15,10,1,3,3,15,11,2,3,43,16,15,7,44,58,4,1,8,1454,0,0,0,9,-44.431797984769574,44.354838709677416,38.372093023255815,40,13.88888888888889,34.61538461538461,73.33333333333333,62.5,1.25,2,5,2,79.85694635488308
S41G01N195,2022-2023,20230210,395,home,50,11,2,17,8,25,3,29,20,14,5,0,0,14,10,8,14,43,25,14,5,65,57,8,0,7,1454,0,0,0,7,44.431797984769574,66.11065907241661,63.95348837209303,85,12.464387464387466,40.0,71.42857142857143,44.0,1.5714285714285714,2,5,24,79.85694635488308,35,10,0,12,9,21,1,33,15,10,1,3,3,15,11,2,3,43,16,15,7,44,58,4,1,8,1454,0,0,0,9,-44.431797984769574,44.354838709677416,38.372093023255815,40,13.88888888888889,34.61538461538461,73.33333333333333,62.5,1.25,2,5,2,79.85694635488308
S41G01N195,2022-2023,20230210,396,home,50,11,2,17,8,25,3,29,20,14,5,0,0,14,10,8,14,43,25,14,5,65,57,8,0,7,1454,0,0,0,7,43.204950328703134,66.11065907241661,63.95348837209303,85,12.464387464387466,40.0,71.42857142857143,44.0,1.5714285714285714,3,5,24,80.2200825309491,35,10,0,12,9,21,1,33,15,10,1,3,3,16,12,2,3,43,16,15,7,45,59,4,1,8,1454,0,0,0,9,-43.204950328703134,44.96402877697842,38.372093023255815,41,13.783597518952448,34.61538461538461,75.0,62.5,1.25,3,5,2,80.2200825309491
S41G01N195,2022-2023,20230210,397,home,50,11,2,17,8,25,3,29,20,15,5,0,0,14,10,8,14,44,25,14,5,65,58,8,0,7,1465,0,0,0,7,40.45949106489847,64.79266347687401,62.5,84,12.24632610216935,40.0,71.42857142857143,44.0,1.5714285714285714,3,5,24,80.43686006825938,35,10,0,12,9,21,1,33,15,10,1,3,3,16,12,2,3,43,16,15,7,45,59,4,1,8,1465,0,0,0,9,-40.45949106489847,44.96402877697842,38.372093023255815,41,13.783597518952448,34.61538461538461,75.0,62.5,1.25,3,5,2,80.43686006825938
S41G01N195,2022-2023,20230210,398,home,50,11,2,17,8,25,3,29,20,15,5,0,0,14,10,8,14,44,25,14,5,65,58,8,0,7,1467,0,0,0,7,40.45949106489847,64.79266347687401,62.5,84,12.24632610216935,38.095238095238095,71.42857142857143,44.0,1.5714285714285714,3,5,24,80.32719836400817,35,10,0,13,9,22,1,33,15,10,1,3,3,16,12,2,3,43,16,15,7,45,59,4,1,8,1467,0,0,0,9,-40.45949106489847,44.96402877697842,38.372093023255815,42,13.783597518952448,34.61538461538461,75.0,62.5,1.25,3,5,2,80.32719836400817
S41G01N195,2022-2023,20230210,399,home,50,11,2,17,8,25,3,29,20,15,5,0,0,14,10,8,14,44,25,14,5,65,58,8,0,7,1483,0,0,0,7,36.29805675394593,64.79266347687401,62.5,84,12.24632610216935,38.095238095238095,71.42857142857143,44.0,1.5714285714285714,6,5,24,80.26972353337828,35,10,0,13,9,22,1,33,15,11,2,3,3,16,12,2,3,44,17,15,7,48,60,4,1,8,1483,0,0,0,9,-36.29805675394593,47.02194357366771,40.90909090909091,45,13.550135501355014,34.61538461538461,75.0,58.8235294117647,1.25,6,5,2,80.26972353337828
S41G01N195,2022-2023,20230210,400,home,50,11,2,17,8,25,3,29,20,15,5,0,0,14,10,8,14,44,25,14,5,65,58,8,0,7,1483,0,0,0,7,36.29805675394593,64.79266347687401,62.5,84,12.24632610216935,38.095238095238095,71.42857142857143,44.0,1.5714285714285714,6,5,24,80.26972353337828,35,11,0,13,9,22,1,33,15,11,2,3,3,16,12,2,3,44,17,15,7,48,60,4,1,8,1483,0,0,0,9,-36.29805675394593,47.02194357366771,40.90909090909091,46,13.550135501355014,34.61538461538461,75.0,64.70588235294117,1.375,6,5,2,80.26972353337828
S41G01N195,2022-2023,20230210,401,home,50,11,2,17,8,25,3,29,20,15,5,0,0,14,10,8,14,44,25,14,5,65,58,8,0,7,1483,0,0,0,7,36.29805675394593,64.79266347687401,62.5,84,12.24632610216935,38.095238095238095,71.42857142857143,44.0,1.5714285714285714,6,5,24,80.26972353337828,35,11,0,13,9,22,1,33,15,11,2,3,3,16,12,2,3,44,17,15,7,48,60,4,1,8,1483,0,0,0,9,-36.29805675394593,47.02194357366771,40.90909090909091,46,13.550135501355014,34.61538461538461,75.0,64.70588235294117,1.375,6,5,2,80.26972353337828
S41G01N195,2022-2023,20230210,402,home,50,11,2,17,8,25,3,29,20,15,5,0,0,14,10,8,14,44,25,14,5,65,58,8,0,7,1483,0,0,0,7,36.29805675394593,64.79266347687401,62.5,84,12.24632610216935,38.095238095238095,71.42857142857143,44.0,1.5714285714285714,6,5,24,80.26972353337828,35,11,0,13,9,22,1,33,15,11,2,3,3,16,12,2,3,44,17,15,7,48,60,4,1,8,1483,0,0,0,9,-36.29805675394593,47.02194357366771,40.90909090909091,46,13.550135501355014,34.61538461538461,75.0,64.70588235294117,1.375,6,5,2,80.26972353337828
S41G01N195,2022-2023,20230210,403,home,50,11,2,17,8,25,3,29,20,15,5,0,0,14,10,8,14,44,25,14,5,65,58,8,0,7,1483,0,0,0,7,36.29805675394593,64.79266347687401,62.5,84,12.24632610216935,38.095238095238095,71.42857142857143,44.0,1.5714285714285714,6,5,24,80.26972353337828,35,11,0,13,9,22,1,33,15,11,2,3,3,16,12,2,3,44,17,15,7,48,60,4,1,8,1483,0,0,0,9,-36.29805675394593,47.02194357366771,40.90909090909091,46,13.550135501355014,34.61538461538461,75.0,64.70588235294117,1.375,6,5,2,80.26972353337828
S41G01N195,2022-2023,20230210,404,home,50,11,2,17,8,25,3,29,20,15,5,0,0,14,10,8,14,44,25,14,5,65,58,8,0,7,1483,0,0,0,7,36.29805675394593,64.79266347687401,62.5,84,12.24632610216935,38.095238095238095,71.42857142857143,44.0,1.5714285714285714,6,5,24,80.26972353337828,35,11,0,13,9,22,1,33,15,11,2,3,3,16,12,2,3,44,17,15,7,48,60,4,1,8,1483,0,0,0,9,-36.29805675394593,47.02194357366771,40.90909090909091,46,13.550135501355014,34.61538461538461,75.0,64.70588235294117,1.375,6,5,2,80.26972353337828
S41G01N195,2022-2023,20230210,405,home,50,11,2,17,8,25,3,29,20,15,5,0,0,14,10,8,14,44,25,14,5,65,58,8,0,7,1483,0,0,0,7,36.29805675394593,64.79266347687401,62.5,84,12.24632610216935,38.095238095238095,71.42857142857143,44.0,1.5714285714285714,6,5,24,80.26972353337828,35,11,0,13,9,22,1,33,15,11,2,3,3,16,12,2,3,44,17,15,7,48,60,4,1,8,1483,0,0,0,9,-36.29805675394593,47.02194357366771,40.90909090909091,46,13.550135501355014,34.61538461538461,75.0,64.70588235294117,1.375,6,5,2,80.26972353337828
S41G01N195,2022-2023,20230210,406,home,50,11,2,17,8,25,3,29,20,15,5,0,0,14,10,8,14,44,25,14,5,65,58,8,0,7,1483,0,0,0,7,36.29805675394593,64.79266347687401,62.5,84,12.24632610216935,38.095238095238095,71.42857142857143,44.0,1.5714285714285714,6,5,24,80.26972353337828,35,11,0,13,9,22,1,33,15,11,2,3,3,16,12,2,3,44,17,15,7,48,60,4,1,8,1483,0,0,0,9,-36.29805675394593,47.02194357366771,40.90909090909091,46,13.550135501355014,34.61538461538461,75.0,64.70588235294117,1.375,6,5,2,80.26972353337828
S41G01N195,2022-2023,20230210,407,home,50,11,2,17,8,25,3,29,20,15,5,0,0,14,10,8,14,44,25,14,5,65,58,8,0,7,1483,0,0,0,7,36.29805675394593,64.79266347687401,62.5,84,12.24632610216935,38.095238095238095,71.42857142857143,44.0,1.5714285714285714,6,5,24,80.26972353337828,35,11,0,13,9,22,1,33,15,11,2,3,3,16,12,2,3,44,17,15,7,48,60,4,1,8,1483,0,0,0,9,-36.29805675394593,47.02194357366771,40.90909090909091,46,13.550135501355014,34.61538461538461,75.0,64.70588235294117,1.375,6,5,2,80.26972353337828
S41G01N195,2022-2023,20230210,408,home,50,11,2,17,8,25,3,29,20,15,5,0,0,14,10,8,14,44,25,14,5,65,58,8,0,7,1483,0,0,0,7,36.29805675394593,64.79266347687401,62.5,84,12.24632610216935,38.095238095238095,71.42857142857143,44.0,1.5714285714285714,6,5,24,80.26972353337828,35,11,0,13,9,22,1,33,15,11,2,3,3,16,12,2,3,44,17,15,7,48,60,4,1,8,1483,0,0,0,9,-36.29805675394593,47.02194357366771,40.90909090909091,46,13.550135501355014,34.61538461538461,75.0,64.70588235294117,1.375,6,5,2,80.26972353337828
S41G01N195,2022-2023,20230210,409,home,50,11,2,17,8,25,3,29,20,15,5,0,0,14,10,8,14,44,25,14,5,65,58,8,0,7,1483,0,0,0,7,36.29805675394593,64.79266347687401,62.5,84,12.24632610216935,38.095238095238095,71.42857142857143,44.0,1.5714285714285714,6,5,24,80.26972353337828,35,11,0,13,9,22,1,33,15,11,2,3,3,16,12,2,3,44,17,15,7,48,60,4,1,8,1483,0,0,0,9,-36.29805675394593,47.02194357366771,40.90909090909091,46,13.550135501355014,34.61538461538461,75.0,64.70588235294117,1.375,6,5,2,80.26972353337828
S41G01N195,2022-2023,20230210,410,home,50,11,2,17,8,25,3,30,20,15,5,0,0,14,10,8,14,45,25,14,5,65,59,8,0,7,1499,0,0,0,7,33.66206556286073,63.52619233776388,61.111111111111114,83,12.03576341127923,38.095238095238095,71.42857142857143,44.0,1.5714285714285714,6,5,24,80.21347565043361,35,11,0,13,9,22,1,33,15,11,2,3,3,16,12,2,3,44,17,15,7,48,60,4,1,8,1499,0,0,0,9,-33.66206556286073,47.02194357366771,40.90909090909091,46,13.550135501355014,34.61538461538461,75.0,64.70588235294117,1.375,6,5,2,80.21347565043361
S41G01N195,2022-2023,20230210,411,home,50,11,2,17,8,25,3,30,20,15,5,0,0,14,10,8,14,45,25,14,5,65,59,8,0,7,1501,0,0,0,7,33.66206556286073,63.52619233776388,61.111111111111114,83,12.03576341127923,36.36363636363637,71.42857142857143,44.0,1.5714285714285714,6,5,24,80.10659560293138,35,11,0,14,9,23,1,33,15,11,2,3,3,16,12,2,3,44,17,15,7,48,60,4,1,8,1501,0,0,0,9,-33.66206556286073,47.02194357366771,40.90909090909091,47,13.550135501355014,34.61538461538461,75.0,64.70588235294117,1.375,6,5,2,80.10659560293138
S41G01N195,2022-2023,20230210,412,home,50,11,2,17,8,25,3,30,20,15,5,0,0,14,10,8,14,45,25,14,5,65,59,8,0,7,1515,0,0,0,7,31.62294450860695,63.52619233776388,61.111111111111114,83,12.03576341127923,36.36363636363637,71.42857142857143,44.0,1.5714285714285714,8,5,24,80.15841584158416,35,11,0,14,9,23,1,34,16,11,2,3,3,16,12,2,3,45,18,15,7,50,61,4,1,8,1515,0,0,0,9,-31.62294450860695,48.03996925441968,42.22222222222222,49,13.324450366422385,34.61538461538461,75.0,61.111111111111114,1.375,8,5,2,80.15841584158416
S41G01N195,2022-2023,20230210,413,home,50,11,2,17,8,25,3,30,20,15,5,0,0,14,10,8,14,45,25,14,5,65,59,8,0,7,1515,0,0,0,7,31.62294450860695,63.52619233776388,61.111111111111114,83,12.03576341127923,36.36363636363637,71.42857142857143,44.0,1.5714285714285714,8,5,24,80.15841584158416,35,12,0,14,9,23,1,34,16,11,2,3,3,16,12,2,3,45,18,15,7,50,61,4,1,8,1515,0,0,0,9,-31.62294450860695,48.03996925441968,42.22222222222222,50,13.324450366422385,34.61538461538461,75.0,66.66666666666667,1.5,8,5,2,80.15841584158416
S41G01N195,2022-2023,20230210,414,home,50,11,2,17,8,25,3,31,21,15,5,0,0,14,10,8,14,46,26,14,5,67,60,8,0,7,1529,0,0,0,7,32.99930637424909,64.22546012269939,61.95652173913044,85,11.832319134550373,36.36363636363637,71.42857142857143,42.30769230769231,1.5714285714285714,2,5,24,80.20928711576192,35,12,0,14,9,23,1,34,16,11,2,3,3,16,12,2,3,45,18,15,7,50,61,4,1,8,1529,0,0,0,9,-32.99930637424909,48.03996925441968,42.22222222222222,50,13.324450366422385,34.61538461538461,75.0,66.66666666666667,1.5,2,5,2,80.20928711576192
S41G01N195,2022-2023,20230210,415,home,50,12,2,17,8,25,3,31,21,15,5,0,0,14,10,8,14,46,26,14,5,67,60,8,0,7,1529,0,0,0,7,32.99930637424909,64.22546012269939,61.95652173913044,86,11.832319134550373,36.36363636363637,71.42857142857143,46.15384615384615,1.7142857142857142,2,5,24,80.20928711576192,35,12,0,14,9,23,1,34,16,11,2,3,3,16,12,2,3,45,18,15,7,50,61,4,1,8,1529,0,0,0,9,-32.99930637424909,48.03996925441968,42.22222222222222,50,13.324450366422385,34.61538461538461,75.0,66.66666666666667,1.5,2,5,2,80.20928711576192
S41G01N195,2022-2023,20230210,416,home,50,12,2,17,8,25,3,31,21,15,5,0,0,14,10,8,14,46,26,14,5,67,60,8,0,7,1544,0,0,0,7,34.8817503105508,64.22546012269939,61.95652173913044,86,11.832319134550373,36.36363636363637,71.42857142857143,46.15384615384615,1.7142857142857142,2,5,24,80.20725388601035,35,12,0,14,9,23,1,34,16,12,2,3,3,16,12,2,3,46,18,15,7,50,62,4,1,8,1544,0,0,0,9,-34.8817503105508,47.1342383107089,41.30434782608695,49,13.106159895150721,34.61538461538461,75.0,66.66666666666667,1.5,2,5,2,80.20725388601035
S41G01N195,2022-2023,20230210,417,home,50,12,2,18,8,26,3,31,21,15,5,0,0,14,10,8,14,46,26,14,5,67,60,8,0,7,1546,0,0,0,7,34.8817503105508,64.22546012269939,61.95652173913044,87,11.832319134550373,36.36363636363637,71.42857142857143,46.15384615384615,1.7142857142857142,2,5,24,80.10349288486415,35,12,0,14,9,23,1,34,16,12,2,3,3,16,12,2,3,46,18,15,7,50,62,4,1,8,1546,0,0,0,9,-34.8817503105508,47.1342383107089,41.30434782608695,49,13.106159895150721,33.333333333333336,75.0,66.66666666666667,1.5,2,5,2,80.10349288486415
S41G01N195,2022-2023,20230210,418,home,50,12,2,18,8,26,3,31,21,15,5,0,0,14,10,8,14,46,26,14,5,67,60,8,0,8,1548,0,0,0,8,32.370981736559415,64.22546012269939,61.95652173913044,86,13.297872340425533,36.36363636363637,71.42857142857143,46.15384615384615,1.5,2,5,24,80.7751937984496,35,12,0,14,9,23,1,34,16,12,2,3,3,16,12,2,3,46,18,15,7,50,62,4,1,8,1548,0,0,0,9,-32.370981736559415,47.1342383107089,41.30434782608695,49,13.106159895150721,33.333333333333336,75.0,66.66666666666667,1.5,2,5,2,80.7751937984496
S41G01N195,2022-2023,20230210,419,home,50,12,2,18,8,26,3,31,21,15,5,0,0,14,10,8,14,46,26,14,5,67,60,8,0,8,1562,0,0,0,8,34.18244362398097,64.22546012269939,61.95652173913044,86,13.297872340425533,36.36363636363637,71.42857142857143,46.15384615384615,1.5,2,5,24,80.81946222791292,35,12,0,14,9,23,1,35,16,12,2,3,3,16,12,2,3,47,18,15,7,50,63,4,1,8,1562,0,0,0,9,-34.18244362398097,46.2620281273131,40.42553191489362,48,12.894906511927788,33.333333333333336,75.0,66.66666666666667,1.5,2,5,2,80.81946222791292
S41G01N195,2022-2023,20230210,420,home,50,12,2,19,8,27,3,31,21,15,5,0,0,14,10,8,14,46,26,14,5,67,60,8,0,8,1562,0,0,0,8,34.18244362398097,64.22546012269939,61.95652173913044,87,13.297872340425533,36.36363636363637,71.42857142857143,46.15384615384615,1.5,2,5,24,80.81946222791292,35,12,0,14,9,23,1,35,16,12,2,3,3,16,12,2,3,47,18,15,7,50,63,4,1,8,1562,0,0,0,9,-34.18244362398097,46.2620281273131,40.42553191489362,48,12.894906511927788,32.142857142857146,75.0,66.66666666666667,1.5,2,5,2,80.81946222791292
S41G01N195,2022-2023,20230210,421,home,50,12,2,19,8,27,3,31,21,15,5,0,0,14,10,8,14,46,26,14,5,67,60,8,0,8,1562,0,0,0,8,34.18244362398097,64.22546012269939,61.95652173913044,87,13.297872340425533,36.36363636363637,71.42857142857143,46.15384615384615,1.5,2,5,24,80.81946222791292,35,12,0,14,9,23,1,35,16,12,2,3,3,16,12,2,3,47,18,16,8,50,63,4,1,8,1562,0,0,0,9,-34.18244362398097,46.2620281273131,40.42553191489362,48,12.894906511927788,32.142857142857146,75.0,66.66666666666667,1.5,2,5,2,80.81946222791292
S41G01N195,2022-2023,20230210,422,home,50,12,2,19,8,27,3,31,21,15,5,0,0,14,10,8,14,46,26,14,5,67,60,8,0,8,1562,0,0,0,8,34.18244362398097,64.22546012269939,61.95652173913044,87,13.297872340425533,36.36363636363637,71.42857142857143,46.15384615384615,1.5,2,5,24,80.81946222791292,35,12,0,14,9,23,1,35,16,12,2,3,3,16,12,2,3,47,18,16,8,50,63,4,1,8,1562,0,0,0,9,-34.18244362398097,46.2620281273131,40.42553191489362,48,12.894906511927788,32.142857142857146,75.0,66.66666666666667,1.5,2,5,2,80.81946222791292
S41G01N195,2022-2023,20230210,423,home,50,12,2,19,8,27,3,32,21,15,5,0,0,14,10,8,14,47,26,14,5,67,61,8,0,8,1575,0,0,0,8,31.766135869176637,63.01730624529722,60.638297872340424,86,13.080444735120995,36.36363636363637,71.42857142857143,46.15384615384615,1.5,2,5,24,80.9142857142857,35,12,0,14,9,23,1,35,16,12,2,3,3,16,12,2,3,47,18,16,8,50,63,4,1,8,1575,0,0,0,9,-31.766135869176637,46.2620281273131,40.42553191489362,48,12.894906511927788,32.142857142857146,75.0,66.66666666666667,1.5,2,5,2,80.9142857142857
S41G01N195,2022-2023,20230210,424,home,50,12,2,19,9,28,3,32,21,15,5,0,0,14,10,8,14,47,26,14,5,67,61,8,0,8,1578,0,0,0,8,34.18244362398097,63.01730624529722,60.638297872340424,87,13.080444735120995,39.130434782608695,71.42857142857143,46.15384615384615,1.5,2,5,24,79.99999999999999,35,12,0,14,9,23,1,35,16,12,2,3,3,16,12,2,3,47,18,16,8,50,63,4,1,8,1578,0,0,0,9,-34.18244362398097,46.2620281273131,40.42553191489362,48,12.894906511927788,32.142857142857146,75.0,66.66666666666667,1.5,2,5,2,79.99999999999999
S41G01N195,2022-2023,20230210,425,home,50,12,2,19,9,28,3,33,21,15,5,0,0,14,10,8,14,48,26,14,5,67,62,8,0,8,1579,0,0,0,8,31.766135869176637,61.85376661742984,59.375,86,12.870012870012872,39.130434782608695,71.42857142857143,46.15384615384615,1.5,2,5,24,80.709309689677,35,12,0,14,9,23,1,35,16,12,2,3,3,16,12,2,3,47,18,16,8,50,63,4,1,8,1579,0,0,0,9,-31.766135869176637,46.2620281273131,40.42553191489362,48,12.894906511927788,32.142857142857146,75.0,66.66666666666667,1.5,2,5,2,80.709309689677
S41G01N195,2022-2023,20230210,426,home,50,12,2,19,9,28,3,33,21,15,5,0,0,14,10,8,14,48,26,14,5,67,62,8,0,8,1581,0,0,0,8,31.766135869176637,61.85376661742984,59.375,86,12.870012870012872,37.5,71.42857142857143,46.15384615384615,1.5,2,5,24,80.60721062618595,35,12,0,15,9,24,1,35,16,12,2,3,3,16,12,2,3,47,18,16,8,50,63,4,1,8,1581,0,0,0,9,-31.766135869176637,46.2620281273131,40.42553191489362,49,12.894906511927788,32.142857142857146,75.0,66.66666666666667,1.5,2,5,2,80.60721062618595
S41G01N195,2022-2023,20230210,427,home,50,12,2,19,9,28,3,33,21,15,5,0,0,14,10,8,14,48,26,15,6,67,62,8,0,8,1588,0,0,0,8,31.766135869176637,61.85376661742984,59.375,86,12.870012870012872,37.5,71.42857142857143,46.15384615384615,1.5,2,5,24,80.25188916876573,35,12,0,15,9,24,1,35,16,12,2,3,3,16,12,2,3,47,18,16,8,50,63,4,1,8,1588,0,0,0,9,-31.766135869176637,46.2620281273131,40.42553191489362,49,12.894906511927788,32.142857142857146,75.0,66.66666666666667,1.5,2,5,2,80.25188916876573
S41G01N195,2022-2023,20230210,428,home,50,12,2,19,9,28,3,33,21,15,5,0,0,14,10,8,14,48,26,15,6,67,62,8,0,8,1588,0,0,0,8,31.766135869176637,61.85376661742984,59.375,86,12.870012870012872,37.5,71.42857142857143,46.15384615384615,1.5,2,5,24,80.25188916876573,35,12,0,15,9,24,1,35,16,12,2,3,3,16,12,2,3,47,18,16,8,50,63,4,1,8,1588,0,0,0,9,-31.766135869176637,46.2620281273131,40.42553191489362,49,12.894906511927788,32.142857142857146,75.0,66.66666666666667,1.5,2,5,2,80.25188916876573
S41G01N195,2022-2023,20230210,429,home,50,12,2,19,9,28,3,33,21,15,5,0,0,14,10,8,14,48,26,15,6,67,62,8,0,8,1596,0,0,0,8,29.809593985783195,61.85376661742984,59.375,86,12.870012870012872,37.5,71.42857142857143,46.15384615384615,1.5,2,5,24,80.60150375939848,35,12,0,15,9,24,1,36,17,12,2,3,3,16,12,2,3,48,19,16,8,52,64,4,1,8,1596,0,0,0,9,-29.809593985783195,47.23837209302326,41.666666666666664,51,12.690355329949238,32.142857142857146,75.0,63.1578947368421,1.5,2,5,2,80.60150375939848
S41G01N195,2022-2023,20230210,430,home,50,12,2,19,9,28,3,33,21,15,5,0,0,14,10,8,14,48,26,15,6,67,62,8,0,8,1596,0,0,0,8,29.809593985783195,61.85376661742984,59.375,86,12.870012870012872,37.5,71.42857142857143,46.15384615384615,1.5,2,5,24,80.60150375939848,35,13,0,15,9,24,1,36,17,12,2,3,3,16,12,2,3,48,19,16,8,52,64,4,1,8,1596,0,0,0,9,-29.809593985783195,47.23837209302326,41.666666666666664,52,12.690355329949238,32.142857142857146,75.0,68.42105263157895,1.625,2,5,2,80.60150375939848
S41G01N195,2022-2023,20230210,431,home,50,12,2,19,9,28,3,33,21,15,5,0,0,14,10,8,14,48,26,15,6,67,62,8,0,9,1611,0,0,0,9,27.482514730048436,61.85376661742984,59.375,85,14.249525015832806,37.5,71.42857142857143,46.15384615384615,1.3333333333333333,2,5,24,80.59590316573556,35,13,0,15,9,24,1,36,17,12,2,3,3,16,12,2,3,48,19,16,8,52,64,4,1,8,1611,0,0,0,9,-27.482514730048436,47.23837209302326,41.666666666666664,52,12.690355329949238,32.142857142857146,75.0,68.42105263157895,1.625,2,5,2,80.59590316573556
S41G01N195,2022-2023,20230210,432,home,50,12,2,19,9,28,3,33,21,15,5,0,0,14,10,8,14,48,26,15,6,67,62,8,0,9,1613,0,0,0,9,27.482514730048436,61.85376661742984,59.375,85,14.249525015832806,37.5,71.42857142857143,46.15384615384615,1.3333333333333333,2,5,24,80.49597024178549,35,13,0,15,9,24,1,36,17,12,2,3,3,16,12,2,3,48,19,16,8,52,64,5,1,8,1613,0,0,0,9,-27.482514730048436,47.23837209302326,41.666666666666664,53,12.690355329949238,32.142857142857146,75.0,68.42105263157895,1.625,2,5,2,80.49597024178549
S41G01N195,2022-2023,20230210,433,home,50,12,2,19,9,28,3,33,21,15,5,0,0,14,10,8,14,48,26,16,6,67,62,8,0,9,1615,0,0,0,9,27.482514730048436,61.85376661742984,59.375,85,14.249525015832806,37.5,71.42857142857143,46.15384615384615,1.3333333333333333,2,5,24,80.39628482972135,35,13,0,15,9,24,1,36,17,12,2,3,3,16,12,2,3,48,19,16,8,52,64,5,1,8,1615,0,0,0,9,-27.482514730048436,47.23837209302326,41.666666666666664,53,12.690355329949238,32.142857142857146,75.0,68.42105263157895,1.625,2,5,2,80.39628482972135
S41G01N195,2022-2023,20230210,434,home,50,12,2,19,9,28,3,33,21,15,5,0,0,14,10,8,14,48,26,16,6,67,62,8,0,9,1615,0,0,0,9,27.482514730048436,61.85376661742984,59.375,85,14.249525015832806,37.5,71.42857142857143,46.15384615384615,1.3333333333333333,2,5,24,80.39628482972135,35,13,0,15,9,24,1,36,17,12,2,3,3,16,12,2,3,48,19,16,8,52,64,5,1,8,1615,0,0,0,9,-27.482514730048436,47.23837209302326,41.666666666666664,53,12.690355329949238,32.142857142857146,75.0,68.42105263157895,1.625,2,5,2,80.39628482972135
S41G01N195,2022-2023,20230210,435,home,50,12,2,19,9,28,3,33,21,15,5,0,0,14,10,8,14,48,26,16,6,67,62,8,0,9,1615,0,0,0,9,27.482514730048436,61.85376661742984,59.375,85,14.249525015832806,37.5,71.42857142857143,46.15384615384615,1.3333333333333333,2,5,24,80.39628482972135,35,14,0,15,9,24,1,36,17,12,2,3,3,16,12,2,3,48,19,16,8,52,64,5,1,8,1615,0,0,0,9,-27.482514730048436,47.23837209302326,41.666666666666664,54,12.690355329949238,32.142857142857146,75.0,73.6842105263158,1.75,2,5,2,80.39628482972135
S41G01N195,2022-2023,20230210,436,home,50,12,2,19,9,28,3,33,21,15,5,0,0,14,10,8,14,48,26,16,6,67,62,8,0,9,1615,0,0,0,9,27.482514730048436,61.85376661742984,59.375,85,14.249525015832806,37.5,71.42857142857143,46.15384615384615,1.3333333333333333,2,5,24,80.39628482972135,35,14,0,15,9,24,1,36,17,12,2,3,3,16,12,3,3,48,19,16,8,52,64,5,1,8,1615,0,0,0,9,-27.482514730048436,47.23837209302326,41.666666666666664,54,12.690355329949238,32.142857142857146,75.0,73.6842105263158,1.75,2,5,2,80.39628482972135
S41G01N195,2022-2023,20230210,437,home,50,12,2,19,9,28,3,33,21,15,5,0,0,14,10,8,14,48,26,16,6,67,62,8,0,9,1615,0,0,0,9,26.424126480087295,61.85376661742984,59.375,85,14.249525015832806,37.5,71.42857142857143,46.15384615384615,1.3333333333333333,3,5,24,80.72321981424149,35,14,0,15,9,24,1,36,17,12,2,3,3,17,13,3,4,48,19,16,8,53,65,5,1,8,1615,0,0,0,9,-26.424126480087295,47.76496034607065,41.666666666666664,55,12.602394454946438,32.142857142857146,76.47058823529412,73.6842105263158,1.75,3,5,2,80.72321981424149
S41G01N195,2022-2023,20230210,438,home,50,12,2,19,9,28,3,33,21,15,5,0,0,14,10,8,14,48,26,16,6,67,62,8,0,9,1615,0,0,0,9,25.38269710958656,61.85376661742984,59.375,85,14.249525015832806,37.5,71.42857142857143,46.15384615384615,1.3333333333333333,4,5,24,81.05015479876161,35,14,0,15,9,24,1,36,17,12,2,3,3,18,14,3,5,48,19,16,8,54,66,5,1,8,1615,0,0,0,9,-25.38269710958656,48.283261802575105,41.666666666666664,56,12.515644555694617,32.142857142857146,77.77777777777777,73.6842105263158,1.75,4,5,2,81.05015479876161
S41G01N195,2022-2023,20230210,439,home,50,12,2,19,9,28,3,34,21,15,5,0,0,14,10,8,14,49,26,16,6,67,63,8,0,9,1637,0,0,0,9,23.13999346138388,60.7324147933285,58.16326530612245,84,14.027431421446385,37.5,71.42857142857143,46.15384615384615,1.3333333333333333,4,5,24,80.69395235186316,35,14,0,15,9,24,1,36,17,12,2,3,3,18,14,3,5,48,19,16,8,54,66,5,1,8,1637,0,0,0,9,-23.13999346138388,48.283261802575105,41.666666666666664,56,12.515644555694617,32.142857142857146,77.77777777777777,73.6842105263158,1.75,4,5,2,80.69395235186316
S41G01N195,2022-2023,20230210,440,home,50,12,2,19,9,28,3,34,21,15,5,0,0,14,10,8,14,49,26,16,6,67,63,8,0,9,1640,0,0,0,9,23.13999346138388,60.7324147933285,58.16326530612245,84,14.027431421446385,36.0,71.42857142857143,46.15384615384615,1.3333333333333333,4,5,24,80.54634146341463,35,14,0,16,9,25,1,36,17,12,2,3,3,18,14,3,5,48,19,16,8,54,66,5,1,8,1640,0,0,0,9,-23.13999346138388,48.283261802575105,41.666666666666664,57,12.515644555694617,32.142857142857146,77.77777777777777,73.6842105263158,1.75,4,5,2,80.54634146341463
S41G01N195,2022-2023,20230210,441,home,50,12,2,19,9,28,3,34,21,15,5,0,0,14,10,8,14,49,26,16,6,67,63,8,0,9,1661,0,0,0,9,24.898305981506795,60.7324147933285,58.16326530612245,84,14.027431421446385,36.0,71.42857142857143,46.15384615384615,1.3333333333333333,4,5,24,80.25045153521974,35,14,0,16,9,25,1,36,17,12,2,3,3,18,14,3,5,48,19,16,8,54,66,5,1,9,1661,0,0,0,10,-24.898305981506795,48.283261802575105,41.666666666666664,56,13.863216266173753,32.142857142857146,77.77777777777777,73.6842105263158,1.5555555555555556,4,5,2,80.25045153521974
S41G01N195,2022-2023,20230210,442,home,50,12,2,19,9,28,3,34,21,15,5,0,0,14,10,8,14,49,26,16,6,67,63,9,0,9,1663,0,0,0,9,24.898305981506795,60.7324147933285,58.16326530612245,85,14.027431421446385,36.0,71.42857142857143,46.15384615384615,1.3333333333333333,4,5,24,80.15393866506314,35,14,0,16,9,25,1,36,17,12,2,3,3,18,14,3,5,48,19,16,8,54,66,5,1,9,1663,0,0,0,10,-24.898305981506795,48.283261802575105,41.666666666666664,56,13.863216266173753,32.142857142857146,77.77777777777777,73.6842105263158,1.5555555555555556,4,5,2,80.15393866506314
S41G01N195,2022-2023,20230210,443,home,50,12,2,19,9,28,3,34,21,15,5,0,0,14,10,8,14,49,26,16,6,67,63,9,0,9,1667,0,0,0,9,24.898305981506795,60.7324147933285,58.16326530612245,85,14.027431421446385,36.0,71.42857142857143,46.15384615384615,1.3333333333333333,4,5,24,79.9616076784643,35,14,0,16,9,25,1,36,17,12,2,3,3,18,14,3,5,48,19,17,8,54,66,5,1,9,1667,0,0,0,10,-24.898305981506795,48.283261802575105,41.666666666666664,56,13.863216266173753,32.142857142857146,77.77777777777777,73.6842105263158,1.5555555555555556,4,5,2,79.9616076784643
S41G01N195,2022-2023,20230210,444,home,50,12,2,19,9,28,3,34,21,15,5,0,0,14,10,8,14,49,26,16,6,67,63,9,0,9,1667,0,0,0,9,24.898305981506795,60.7324147933285,58.16326530612245,85,14.027431421446385,36.0,71.42857142857143,46.15384615384615,1.3333333333333333,4,5,24,79.9616076784643,35,14,0,16,9,25,1,36,17,12,2,3,3,18,14,3,5,48,19,17,8,54,66,5,1,9,1667,0,0,0,10,-24.898305981506795,48.283261802575105,41.666666666666664,56,13.863216266173753,32.142857142857146,77.77777777777777,73.6842105263158,1.5555555555555556,4,5,2,79.9616076784643
S41G01N195,2022-2023,20230210,445,home,50,13,2,19,9,28,3,34,21,15,5,0,0,14,10,8,14,49,26,16,6,67,63,9,0,9,1667,0,0,0,9,24.898305981506795,60.7324147933285,58.16326530612245,86,14.027431421446385,36.0,71.42857142857143,50.0,1.4444444444444444,4,5,24,79.9616076784643,35,14,0,16,9,25,1,36,17,12,2,3,3,18,14,3,5,48,19,17,8,54,66,5,1,9,1667,0,0,0,10,-24.898305981506795,48.283261802575105,41.666666666666664,56,13.863216266173753,32.142857142857146,77.77777777777777,73.6842105263158,1.5555555555555556,4,5,2,79.9616076784643
S41G01N195,2022-2023,20230210,446,home,50,13,2,19,9,28,3,34,21,15,5,0,0,14,10,8,14,49,26,16,6,67,63,9,0,9,1667,0,0,0,9,24.898305981506795,60.7324147933285,58.16326530612245,86,14.027431421446385,36.0,71.42857142857143,50.0,1.4444444444444444,4,5,24,79.9616076784643,35,14,0,16,9,25,1,36,17,12,2,3,3,18,14,3,5,48,19,17,8,54,66,5,1,9,1667,0,0,0,10,-24.898305981506795,48.283261802575105,41.666666666666664,56,13.863216266173753,32.142857142857146,77.77777777777777,73.6842105263158,1.5555555555555556,4,5,2,79.9616076784643
S41G01N195,2022-2023,20230210,447,home,50,13,2,19,9,28,3,34,21,15,5,0,0,14,10,8,14,49,26,16,6,67,63,9,0,9,1667,0,0,0,9,24.898305981506795,60.7324147933285,58.16326530612245,86,14.027431421446385,36.0,71.42857142857143,50.0,1.4444444444444444,4,5,24,79.9616076784643,35,14,0,16,9,25,1,36,17,12,2,3,3,18,14,3,5,48,19,17,8,54,66,5,1,9,1667,0,0,0,10,-24.898305981506795,48.283261802575105,41.666666666666664,56,13.863216266173753,32.142857142857146,77.77777777777777,73.6842105263158,1.5555555555555556,4,5,2,79.9616076784643
S41G01N195,2022-2023,20230210,448,home,50,13,2,19,9,28,3,34,21,15,5,0,0,15,11,8,14,49,26,16,6,68,64,9,0,9,1667,0,0,0,9,25.7356346682311,61.15107913669065,58.16326530612245,87,13.931888544891642,36.0,73.33333333333333,50.0,1.4444444444444444,1,5,24,80.27834433113377,35,14,0,16,9,25,1,36,17,12,2,3,3,18,14,3,5,48,19,17,8,54,66,5,1,9,1667,0,0,0,10,-25.7356346682311,48.283261802575105,41.666666666666664,56,13.863216266173753,32.142857142857146,77.77777777777777,73.6842105263158,1.5555555555555556,1,5,2,80.27834433113377
S41G01N195,2022-2023,20230210,449,home,50,13,2,19,9,28,3,34,21,15,5,0,0,16,11,8,14,49,26,16,6,68,65,9,0,9,1667,0,0,0,9,24.775375038675648,60.67094932191292,58.16326530612245,86,13.837638376383765,36.0,68.75,50.0,1.4444444444444444,1,5,24,80.59508098380323,35,14,0,16,9,25,1,36,17,12,2,3,3,18,14,3,5,48,19,17,8,54,66,5,1,9,1667,0,0,0,10,-24.775375038675648,48.283261802575105,41.666666666666664,56,13.863216266173753,32.142857142857146,77.77777777777777,73.6842105263158,1.5555555555555556,1,5,2,80.59508098380323
S41G01N195,2022-2023,20230210,450,home,50,13,2,19,9,28,3,34,21,15,5,0,0,16,11,8,14,49,26,16,6,68,65,9,0,9,1670,0,0,0,9,24.775375038675648,60.67094932191292,58.16326530612245,86,13.837638376383765,34.61538461538461,68.75,50.0,1.4444444444444444,1,5,24,80.4502994011976,35,14,0,17,9,26,1,36,17,12,2,3,3,18,14,3,5,48,19,17,8,54,66,5,1,9,1670,0,0,0,10,-24.775375038675648,48.283261802575105,41.666666666666664,57,13.863216266173753,32.142857142857146,77.77777777777777,73.6842105263158,1.5555555555555556,1,5,2,80.4502994011976
S41G01N195,2022-2023,20230210,451,home,50,13,2,19,9,28,3,34,21,15,5,0,0,16,11,8,14,49,26,16,6,68,65,9,0,9,1682,0,0,0,9,22.95820222780337,60.67094932191292,58.16326530612245,86,13.837638376383765,34.61538461538461,68.75,50.0,1.4444444444444444,2,5,24,80.589774078478,35,14,0,17,9,26,1,37,18,12,2,3,3,18,14,3,5,49,20,17,8,56,67,5,1,9,1682,0,0,0,10,-22.95820222780337,49.191848208011244,42.857142857142854,59,13.652912621359222,32.142857142857146,77.77777777777777,70.0,1.5555555555555556,2,5,2,80.589774078478
S41G01N195,2022-2023,20230210,452,home,50,13,2,19,9,28,3,34,21,15,5,0,0,16,11,8,14,49,26,16,6,68,65,9,0,10,1691,0,0,0,10,20.830889839237003,60.67094932191292,58.16326530612245,85,15.142337976983647,34.61538461538461,68.75,50.0,1.3,2,5,24,80.87049083382614,35,14,0,17,9,26,1,37,18,12,2,3,3,18,14,3,5,49,20,17,8,56,67,5,1,9,1691,0,0,0,10,-20.830889839237003,49.191848208011244,42.857142857142854,59,13.652912621359222,32.142857142857146,77.77777777777777,70.0,1.5555555555555556,2,5,2,80.87049083382614
S41G01N195,2022-2023,20230210,453,home,50,13,2,19,9,28,3,34,21,15,5,0,0,16,11,8,14,49,26,16,6,68,65,9,0,10,1691,0,0,0,10,20.830889839237003,60.67094932191292,58.16326530612245,85,15.142337976983647,34.61538461538461,68.75,50.0,1.3,2,5,24,80.87049083382614,35,14,0,17,9,26,1,37,18,12,2,3,3,18,14,3,5,49,20,17,8,56,67,5,1,9,1691,0,0,0,10,-20.830889839237003,49.191848208011244,42.857142857142854,59,13.652912621359222,32.142857142857146,77.77777777777777,70.0,1.5555555555555556,2,5,2,80.87049083382614
S41G01N195,2022-2023,20230210,454,home,50,13,2,19,9,28,3,34,21,15,5,0,0,16,11,8,14,49,26,16,6,68,65,9,0,10,1691,0,0,0,10,20.830889839237003,60.67094932191292,58.16326530612245,85,15.142337976983647,34.61538461538461,68.75,50.0,1.3,2,5,24,80.87049083382614,35,14,0,17,9,26,1,37,18,12,2,3,3,18,14,3,5,49,20,17,8,56,67,5,1,9,1691,0,0,0,10,-20.830889839237003,49.191848208011244,42.857142857142854,59,13.652912621359222,32.142857142857146,77.77777777777777,70.0,1.5555555555555556,2,5,2,80.87049083382614
S41G01N195,2022-2023,20230210,455,home,50,13,2,19,9,28,3,34,21,15,5,0,0,16,11,8,14,49,26,16,6,68,65,9,0,10,1691,0,0,0,10,20.830889839237003,60.67094932191292,58.16326530612245,85,15.142337976983647,34.61538461538461,68.75,50.0,1.3,2,5,24,80.87049083382614,35,14,0,17,9,26,1,37,18,12,2,3,3,18,14,3,5,49,20,17,8,56,67,5,1,9,1691,0,0,0,10,-20.830889839237003,49.191848208011244,42.857142857142854,59,13.652912621359222,32.142857142857146,77.77777777777777,70.0,1.5555555555555556,2,5,2,80.87049083382614
S41G01N195,2022-2023,20230210,456,home,50,13,2,19,9,28,3,34,21,15,5,0,0,16,11,8,14,49,26,16,6,68,65,9,0,10,1691,0,0,0,10,20.830889839237003,60.67094932191292,58.16326530612245,85,15.142337976983647,34.61538461538461,68.75,50.0,1.3,2,5,24,80.87049083382614,35,14,0,17,9,26,1,37,18,12,2,3,3,18,14,3,5,49,20,17,8,56,67,5,1,9,1691,0,0,0,10,-20.830889839237003,49.191848208011244,42.857142857142854,59,13.652912621359222,32.142857142857146,77.77777777777777,70.0,1.5555555555555556,2,5,2,80.87049083382614
S41G01N195,2022-2023,20230210,457,home,50,13,2,19,9,28,3,34,21,15,5,0,0,16,11,8,14,49,26,16,6,68,65,9,0,10,1707,0,0,0,10,22.529503382331313,60.67094932191292,58.16326530612245,85,15.142337976983647,34.61538461538461,68.75,50.0,1.3,2,5,24,80.81546572934974,35,14,0,17,9,26,1,37,18,12,2,3,3,18,14,3,5,49,20,17,8,56,67,5,1,10,1707,0,0,0,11,-22.529503382331313,49.191848208011244,42.857142857142854,58,14.943215780035864,32.142857142857146,77.77777777777777,70.0,1.4,2,5,2,80.81546572934974
S41G01N195,2022-2023,20230210,458,home,50,13,2,19,9,28,3,34,21,15,5,0,0,16,11,8,14,49,26,16,6,68,65,10,0,10,1709,0,0,0,10,22.529503382331313,60.67094932191292,58.16326530612245,86,15.142337976983647,34.61538461538461,68.75,50.0,1.3,2,5,24,80.72088940901111,35,14,0,17,9,26,1,37,18,12,2,3,3,18,14,3,5,49,20,17,8,56,67,5,1,10,1709,0,0,0,11,-22.529503382331313,49.191848208011244,42.857142857142854,58,14.943215780035864,32.142857142857146,77.77777777777777,70.0,1.4,2,5,2,80.72088940901111
S41G01N195,2022-2023,20230210,459,home,50,13,2,19,9,28,3,35,22,15,5,0,0,16,11,8,14,50,27,16,6,70,66,10,0,10,1713,0,0,0,10,23.921395417905742,61.36044880785414,59.0,88,14.916467780429596,34.61538461538461,68.75,48.148148148148145,1.3,2,5,24,81.23292469352013,35,14,0,17,9,26,1,37,18,12,2,3,3,18,14,3,5,49,20,17,8,56,67,5,1,10,1713,0,0,0,11,-23.921395417905742,49.191848208011244,42.857142857142854,58,14.943215780035864,32.142857142857146,77.77777777777777,70.0,1.4,2,5,2,81.23292469352013
S41G01N195,2022-2023,20230210,460,home,50,13,2,19,9,28,3,35,22,15,5,0,0,16,11,8,14,50,27,17,6,70,66,10,0,10,1722,0,0,0,10,23.921395417905742,61.36044880785414,59.0,88,14.916467780429596,34.61538461538461,68.75,48.148148148148145,1.3,2,5,24,80.80836236933798,35,14,0,17,9,26,1,37,18,12,2,3,3,18,14,3,5,49,20,17,8,56,67,5,1,10,1722,0,0,0,11,-23.921395417905742,49.191848208011244,42.857142857142854,58,14.943215780035864,32.142857142857146,77.77777777777777,70.0,1.4,2,5,2,80.80836236933798
S41G01N195,2022-2023,20230210,461,home,50,13,2,19,9,28,3,35,22,15,5,0,0,16,11,8,14,50,27,17,6,70,66,10,0,10,1722,0,0,0,10,23.921395417905742,61.36044880785414,59.0,88,14.916467780429596,34.61538461538461,68.75,48.148148148148145,1.3,2,5,24,80.80836236933798,35,14,0,17,9,26,1,37,18,12,2,3,3,18,14,3,5,49,20,17,8,56,67,5,1,10,1722,0,0,0,11,-23.921395417905742,49.191848208011244,42.857142857142854,58,14.943215780035864,32.142857142857146,77.77777777777777,70.0,1.4,2,5,2,80.80836236933798
S41G01N195,2022-2023,20230210,462,home,50,13,2,19,9,28,3,35,22,15,5,0,0,16,11,8,14,50,27,17,6,70,66,10,0,10,1722,0,0,0,10,23.921395417905742,61.36044880785414,59.0,88,14.916467780429596,34.61538461538461,68.75,48.148148148148145,1.3,2,5,24,80.80836236933798,35,14,0,17,9,26,1,37,18,12,2,3,3,18,14,3,5,49,20,17,8,56,67,5,1,10,1722,0,0,0,11,-23.921395417905742,49.191848208011244,42.857142857142854,58,14.943215780035864,32.142857142857146,77.77777777777777,70.0,1.4,2,5,2,80.80836236933798
S41G01N195,2022-2023,20230210,463,home,50,13,2,19,9,28,3,35,22,15,5,0,0,16,11,8,14,50,27,17,6,70,66,10,0,10,1722,0,0,0,10,22.93684155334249,61.36044880785414,59.0,88,14.916467780429596,34.61538461538461,68.75,48.148148148148145,1.3,1,5,24,81.11498257839722,35,14,0,17,9,26,1,37,18,12,2,3,3,19,15,3,5,49,20,17,8,57,68,5,1,10,1722,0,0,0,11,-22.93684155334249,49.68619246861925,42.857142857142854,59,14.84560570071259,32.142857142857146,78.94736842105263,70.0,1.4,1,5,2,81.11498257839722
S41G01N195,2022-2023,20230210,464,home,50,13,2,19,9,28,3,35,22,15,5,0,0,16,11,8,14,50,27,17,6,70,66,10,0,10,1722,0,0,0,10,21.967022508520984,61.36044880785414,59.0,88,14.916467780429596,34.61538461538461,68.75,48.148148148148145,1.3,2,5,24,81.42160278745645,35,14,0,17,9,26,1,37,18,12,2,3,3,20,16,3,5,49,20,17,8,58,69,5,1,10,1722,0,0,0,11,-21.967022508520984,50.17301038062284,42.857142857142854,60,14.749262536873157,32.142857142857146,80.0,70.0,1.4,2,5,2,81.42160278745645
S41G01N195,2022-2023,20230210,465,home,50,13,2,19,9,28,3,35,22,15,5,0,0,16,11,8,14,50,27,17,6,70,66,10,0,10,1722,0,0,0,10,21.967022508520984,61.36044880785414,59.0,88,14.916467780429596,34.61538461538461,68.75,48.148148148148145,1.3,2,5,24,81.42160278745645,35,14,0,17,9,26,1,37,18,12,2,3,3,20,16,3,5,49,20,17,8,58,69,5,1,10,1722,0,0,0,11,-21.967022508520984,50.17301038062284,42.857142857142854,60,14.749262536873157,32.142857142857146,80.0,70.0,1.4,2,5,2,81.42160278745645
S41G01N195,2022-2023,20230210,466,home,50,13,2,19,9,28,3,35,22,15,5,0,0,16,11,8,14,50,27,17,6,70,66,10,0,10,1722,0,0,0,10,21.967022508520984,61.36044880785414,59.0,88,14.916467780429596,34.61538461538461,68.75,48.148148148148145,1.3,2,5,24,81.42160278745645,35,14,0,17,9,26,1,37,18,12,2,3,3,20,16,3,5,49,20,17,8,58,69,5,1,10,1722,0,0,0,11,-21.967022508520984,50.17301038062284,42.857142857142854,60,14.749262536873157,32.142857142857146,80.0,70.0,1.4,2,5,2,81.42160278745645
S41G01N195,2022-2023,20230210,467,home,50,13,2,19,9,28,3,35,22,15,5,0,0,16,11,8,14,50,27,17,6,70,66,10,0,10,1722,0,0,0,10,21.967022508520984,61.36044880785414,59.0,88,14.916467780429596,34.61538461538461,68.75,48.148148148148145,1.3,2,5,24,81.42160278745645,35,14,0,17,9,26,1,37,18,12,2,3,3,20,16,3,5,49,20,17,8,58,69,5,1,10,1722,0,0,0,11,-21.967022508520984,50.17301038062284,42.857142857142854,60,14.749262536873157,32.142857142857146,80.0,70.0,1.4,2,5,2,81.42160278745645
S41G01N195,2022-2023,20230210,468,home,50,13,2,19,9,28,3,35,22,15,5,0,0,16,11,8,14,50,27,17,6,70,66,10,0,10,1722,0,0,0,10,21.967022508520984,61.36044880785414,59.0,88,14.916467780429596,34.61538461538461,68.75,48.148148148148145,1.3,2,5,24,81.42160278745645,35,14,0,17,9,26,1,37,18,12,2,3,3,20,16,3,5,49,20,17,8,58,69,5,1,10,1722,0,0,0,11,-21.967022508520984,50.17301038062284,42.857142857142854,60,14.749262536873157,32.142857142857146,80.0,70.0,1.4,2,5,2,81.42160278745645
S41G01N195,2022-2023,20230210,469,home,50,13,2,19,9,28,3,35,22,15,5,0,0,16,11,8,14,50,27,17,6,70,66,10,0,10,1722,0,0,0,10,21.967022508520984,61.36044880785414,59.0,88,14.916467780429596,34.61538461538461,68.75,48.148148148148145,1.3,2,5,24,81.42160278745645,35,14,0,17,9,26,1,37,18,12,2,3,3,20,16,3,5,49,20,17,8,58,69,5,1,10,1722,0,0,0,11,-21.967022508520984,50.17301038062284,42.857142857142854,60,14.749262536873157,32.142857142857146,80.0,70.0,1.4,2,5,2,81.42160278745645
S41G01N195,2022-2023,20230210,470,home,50,13,2,19,9,28,3,35,22,15,5,0,0,16,11,8,14,50,27,17,6,70,66,10,0,10,1722,0,0,0,10,21.967022508520984,61.36044880785414,59.0,88,14.916467780429596,34.61538461538461,68.75,48.148148148148145,1.3,2,5,24,81.42160278745645,35,14,0,17,9,26,1,37,18,12,2,3,3,20,16,3,5,49,20,17,8,58,69,5,1,10,1722,0,0,0,11,-21.967022508520984,50.17301038062284,42.857142857142854,60,14.749262536873157,32.142857142857146,80.0,70.0,1.4,2,5,2,81.42160278745645
S41G01N195,2022-2023,20230210,471,home,50,13,2,19,9,28,3,35,22,15,5,0,0,16,11,8,14,50,27,17,6,70,66,10,0,10,1722,0,0,0,10,21.967022508520984,61.36044880785414,59.0,88,14.916467780429596,34.61538461538461,68.75,48.148148148148145,1.3,2,5,24,81.42160278745645,35,14,0,17,9,26,1,37,18,12,2,3,3,20,16,3,5,49,20,17,8,58,69,5,1,10,1722,0,0,0,11,-21.967022508520984,50.17301038062284,42.857142857142854,60,14.749262536873157,32.142857142857146,80.0,70.0,1.4,2,5,2,81.42160278745645
S41G01N195,2022-2023,20230210,472,home,50,13,2,19,9,28,3,35,22,15,5,0,0,16,11,8,14,50,27,17,6,70,66,10,0,10,1722,0,0,0,10,21.967022508520984,61.36044880785414,59.0,88,14.916467780429596,34.61538461538461,68.75,48.148148148148145,1.3,2,5,24,81.42160278745645,35,14,0,17,9,26,1,37,18,12,2,3,3,20,16,3,5,49,20,17,8,58,69,5,1,10,1722,0,0,0,11,-21.967022508520984,50.17301038062284,42.857142857142854,60,14.749262536873157,32.142857142857146,80.0,70.0,1.4,2,5,2,81.42160278745645
S41G01N195,2022-2023,20230210,473,home,50,13,2,19,9,28,3,35,22,15,5,0,0,16,11,8,14,50,27,17,6,70,66,10,0,10,1732,0,0,0,10,21.967022508520984,61.36044880785414,59.0,88,14.916467780429596,34.61538461538461,68.75,48.148148148148145,1.3,2,5,24,80.9515011547344,35,14,0,17,9,26,1,37,18,12,2,3,3,20,16,3,5,49,20,18,8,58,69,5,1,10,1732,0,0,0,11,-21.967022508520984,50.17301038062284,42.857142857142854,60,14.749262536873157,32.142857142857146,80.0,70.0,1.4,2,5,2,80.9515011547344
S41G01N195,2022-2023,20230210,474,home,50,13,2,19,9,28,3,35,22,15,5,0,0,16,11,8,14,50,27,17,6,70,66,10,0,10,1732,0,0,0,10,21.967022508520984,61.36044880785414,59.0,88,14.916467780429596,34.61538461538461,68.75,48.148148148148145,1.3,2,5,24,80.9515011547344,35,14,0,17,9,26,1,37,18,12,2,3,3,20,16,3,5,49,20,18,8,58,69,5,1,10,1732,0,0,0,11,-21.967022508520984,50.17301038062284,42.857142857142854,60,14.749262536873157,32.142857142857146,80.0,70.0,1.4,2,5,2,80.9515011547344
S41G01N195,2022-2023,20230210,475,home,50,13,2,19,9,28,3,35,22,15,5,0,0,17,12,8,14,50,27,17,6,71,67,10,0,10,1732,0,0,0,10,22.769572945457227,61.76061238691718,59.0,89,14.819205690574984,34.61538461538461,70.58823529411765,48.148148148148145,1.3,1,5,24,81.25635103926098,35,14,0,17,9,26,1,37,18,12,2,3,3,20,16,3,5,49,20,18,8,58,69,5,1,10,1732,0,0,0,11,-22.769572945457227,50.17301038062284,42.857142857142854,60,14.749262536873157,32.142857142857146,80.0,70.0,1.4,1,5,2,81.25635103926098
S41G01N195,2022-2023,20230210,476,home,50,13,2,19,9,28,3,35,22,15,5,0,0,18,12,8,14,50,27,17,6,71,68,10,0,10,1732,0,0,0,10,21.862920320877834,61.2914364640884,59.0,88,14.723203769140165,34.61538461538461,66.66666666666667,48.148148148148145,1.3,1,5,24,81.56120092378752,35,14,0,17,9,26,1,37,18,12,2,3,3,20,16,3,5,49,20,18,8,58,69,5,1,10,1732,0,0,0,11,-21.862920320877834,50.17301038062284,42.857142857142854,60,14.749262536873157,32.142857142857146,80.0,70.0,1.4,1,5,2,81.56120092378752
S41G01N195,2022-2023,20230210,477,home,50,13,2,19,9,28,3,35,22,15,5,0,0,18,12,8,14,50,27,17,6,71,68,10,0,10,1734,0,0,0,10,21.862920320877834,61.2914364640884,59.0,88,14.723203769140165,33.333333333333336,66.66666666666667,48.148148148148145,1.3,1,5,24,81.46712802768165,35,14,0,18,9,27,1,37,18,12,2,3,3,20,16,3,5,49,20,18,8,58,69,5,1,10,1734,0,0,0,11,-21.862920320877834,50.17301038062284,42.857142857142854,61,14.749262536873157,32.142857142857146,80.0,70.0,1.4,1,5,2,81.46712802768165
S41G01N195,2022-2023,20230210,478,home,50,13,2,19,9,28,3,35,22,15,5,0,0,18,12,8,14,50,27,17,6,71,68,10,0,10,1750,0,0,0,10,23.512409548006815,61.2914364640884,59.0,88,14.723203769140165,33.333333333333336,66.66666666666667,48.148148148148145,1.3,1,5,24,81.408,35,14,0,18,9,27,1,37,18,12,2,3,3,20,16,3,5,49,20,18,8,58,69,5,1,11,1750,0,0,0,12,-23.512409548006815,50.17301038062284,42.857142857142854,60,15.988372093023257,32.142857142857146,80.0,70.0,1.2727272727272727,1,5,2,81.408
S41G01N195,2022-2023,20230210,479,home,50,13,2,19,9,28,3,35,22,15,5,0,0,18,12,8,14,50,27,17,6,71,68,11,0,10,1751,0,0,0,10,23.512409548006815,61.2914364640884,59.0,89,14.723203769140165,33.333333333333336,66.66666666666667,48.148148148148145,1.3,1,5,24,81.36150770988006,35,14,0,18,9,27,1,37,18,12,2,3,3,20,16,3,5,49,20,18,8,58,69,5,1,11,1751,0,0,0,12,-23.512409548006815,50.17301038062284,42.857142857142854,60,15.988372093023257,32.142857142857146,80.0,70.0,1.2727272727272727,1,5,2,81.36150770988006
S41G01N195,2022-2023,20230210,480,home,50,13,2,19,9,28,3,36,23,15,5,0,0,18,12,8,14,51,28,17,6,73,69,11,0,10,1760,0,0,0,10,24.83913891878133,61.94840461642905,59.80392156862745,91,14.509576320371444,33.333333333333336,66.66666666666667,46.42857142857143,1.3,3,5,24,81.62727272727273,35,14,0,18,9,27,1,37,18,12,2,3,3,20,16,3,5,49,20,18,8,58,69,5,1,11,1760,0,0,0,12,-24.83913891878133,50.17301038062284,42.857142857142854,60,15.988372093023257,32.142857142857146,80.0,70.0,1.2727272727272727,3,5,2,81.62727272727273
S41G01N195,2022-2023,20230210,481,home,50,14,2,19,9,28,3,36,23,15,5,0,0,18,12,8,14,51,28,17,6,73,69,11,0,10,1760,0,0,0,10,24.83913891878133,61.94840461642905,59.80392156862745,92,14.509576320371444,33.333333333333336,66.66666666666667,50.0,1.4,3,5,24,81.62727272727273,35,14,0,18,9,27,1,37,18,12,2,3,3,20,16,3,5,49,20,18,8,58,69,5,1,11,1760,0,0,0,12,-24.83913891878133,50.17301038062284,42.857142857142854,60,15.988372093023257,32.142857142857146,80.0,70.0,1.2727272727272727,3,5,2,81.62727272727273
S41G01N195,2022-2023,20230210,482,home,50,14,2,19,9,28,3,36,23,15,5,0,0,18,12,8,14,51,28,18,6,73,69,11,0,10,1772,0,0,0,10,24.83913891878133,61.94840461642905,59.80392156862745,92,14.509576320371444,33.333333333333336,66.66666666666667,50.0,1.4,3,5,24,81.0744920993228,35,14,0,18,9,27,1,37,18,12,2,3,3,20,16,3,5,49,20,18,8,58,69,5,1,11,1772,0,0,0,12,-24.83913891878133,50.17301038062284,42.857142857142854,60,15.988372093023257,32.142857142857146,80.0,70.0,1.2727272727272727,3,5,2,81.0744920993228
S41G01N195,2022-2023,20230210,483,home,50,14,2,19,9,28,3,36,23,15,5,0,0,18,12,8,14,51,28,18,6,73,69,11,0,10,1772,0,0,0,10,23.887538408892254,61.94840461642905,59.80392156862745,92,14.509576320371444,33.333333333333336,66.66666666666667,50.0,1.4,1,5,24,81.37246049661401,35,14,0,18,9,27,1,37,18,12,2,3,3,21,17,3,5,49,20,18,8,59,70,5,1,11,1772,0,0,0,12,-23.887538408892254,50.652472527472526,42.857142857142854,61,15.886770652801847,32.142857142857146,80.95238095238095,70.0,1.2727272727272727,1,5,2,81.37246049661401
S41G01N195,2022-2023,20230210,484,home,50,14,2,19,9,28,3,36,23,15,5,0,0,18,12,8,14,51,28,18,6,73,69,11,0,10,1772,0,0,0,10,22.949738301915204,61.94840461642905,59.80392156862745,92,14.509576320371444,33.333333333333336,66.66666666666667,50.0,1.4,2,5,24,81.6704288939052,35,14,0,18,9,27,1,37,18,12,2,3,3,22,18,3,5,49,20,18,8,60,71,5,1,11,1772,0,0,0,12,-22.949738301915204,51.124744376278116,42.857142857142854,62,15.78645235361653,32.142857142857146,81.81818181818181,70.0,1.2727272727272727,2,5,2,81.6704288939052
S41G01N195,2022-2023,20230210,485,home,50,14,2,19,9,28,3,37,23,15,5,0,0,18,12,8,14,52,28,18,6,73,70,11,0,10,1795,0,0,0,10,20.949917135238167,60.91455273698264,58.65384615384615,91,14.302059496567505,33.333333333333336,66.66666666666667,50.0,1.4,2,5,24,81.2924791086351,35,14,0,18,9,27,1,37,18,12,2,3,3,22,18,3,5,49,20,18,8,60,71,5,1,11,1795,0,0,0,12,-20.949917135238167,51.124744376278116,42.857142857142854,62,15.78645235361653,32.142857142857146,81.81818181818181,70.0,1.2727272727272727,2,5,2,81.2924791086351
S41G01N195,2022-2023,20230210,486,home,50,14,2,19,9,28,3,37,23,15,5,0,0,18,12,8,14,52,28,18,6,73,70,11,0,10,1798,0,0,0,10,20.949917135238167,60.91455273698264,58.65384615384615,91,14.302059496567505,32.142857142857146,66.66666666666667,50.0,1.4,2,5,24,81.15684093437153,35,14,0,19,9,28,1,37,18,12,2,3,3,22,18,3,5,49,20,18,8,60,71,5,1,11,1798,0,0,0,12,-20.949917135238167,51.124744376278116,42.857142857142854,63,15.78645235361653,32.142857142857146,81.81818181818181,70.0,1.2727272727272727,2,5,2,81.15684093437153
S41G01N195,2022-2023,20230210,487,home,50,14,2,19,9,28,3,37,23,15,5,0,0,18,12,8,14,52,28,18,6,73,70,11,0,10,1799,0,0,0,10,19.310477562800585,60.91455273698264,58.65384615384615,91,14.302059496567505,32.142857142857146,66.66666666666667,50.0,1.4,4,5,24,81.77876598110062,35,14,0,19,9,28,1,38,19,12,2,3,3,22,18,3,5,50,21,18,8,62,72,5,1,11,1799,0,0,0,12,-19.310477562800585,51.943699731903486,44.0,65,15.563101301641199,32.142857142857146,81.81818181818181,66.66666666666667,1.2727272727272727,4,5,2,81.77876598110062
S41G01N195,2022-2023,20230210,488,home,50,14,2,19,9,28,3,37,23,15,5,0,0,18,12,8,14,52,28,18,6,73,70,11,0,10,1799,0,0,0,10,19.310477562800585,60.91455273698264,58.65384615384615,91,14.302059496567505,32.142857142857146,66.66666666666667,50.0,1.4,4,5,24,81.77876598110062,35,14,0,19,9,28,1,38,19,12,2,3,3,22,18,3,5,50,21,18,8,62,72,5,1,11,1799,0,0,0,12,-19.310477562800585,51.943699731903486,44.0,65,15.563101301641199,32.142857142857146,81.81818181818181,66.66666666666667,1.2727272727272727,4,5,2,81.77876598110062
S41G01N195,2022-2023,20230210,489,home,50,14,2,19,9,28,3,37,23,15,5,0,0,18,12,8,14,52,28,18,6,73,70,11,0,10,1800,0,0,0,10,19.310477562800585,60.91455273698264,58.65384615384615,91,14.302059496567505,32.142857142857146,66.66666666666667,50.0,1.4,4,5,24,81.73333333333333,35,14,0,19,9,28,1,38,19,12,2,3,3,22,18,3,5,50,21,18,8,62,72,5,1,11,1800,0,0,0,12,-19.310477562800585,51.943699731903486,44.0,65,15.563101301641199,32.142857142857146,81.81818181818181,66.66666666666667,1.2727272727272727,4,5,2,81.73333333333333
S41G01N195,2022-2023,20230210,490,home,50,14,2,19,9,28,3,37,23,15,5,0,0,18,12,8,14,52,28,18,6,73,70,11,0,10,1800,0,0,0,10,19.310477562800585,60.91455273698264,58.65384615384615,91,14.302059496567505,32.142857142857146,66.66666666666667,50.0,1.4,4,5,24,81.73333333333333,35,14,0,19,9,28,1,38,19,12,2,3,3,22,18,3,5,50,21,18,8,62,72,5,1,11,1800,0,0,0,12,-19.310477562800585,51.943699731903486,44.0,65,15.563101301641199,32.142857142857146,81.81818181818181,66.66666666666667,1.2727272727272727,4,5,2,81.73333333333333
S41G01N195,2022-2023,20230210,491,home,50,14,2,19,9,28,3,37,23,15,5,0,0,18,12,8,14,52,28,18,6,73,70,11,0,10,1800,0,0,0,10,19.310477562800585,60.91455273698264,58.65384615384615,91,14.302059496567505,32.142857142857146,66.66666666666667,50.0,1.4,4,5,24,81.73333333333333,35,14,0,19,9,28,1,38,19,12,2,3,3,22,18,3,5,50,21,18,8,62,72,5,1,11,1800,0,0,0,12,-19.310477562800585,51.943699731903486,44.0,65,15.563101301641199,32.142857142857146,81.81818181818181,66.66666666666667,1.2727272727272727,4,5,2,81.73333333333333
S41G01N195,2022-2023,20230210,492,home,50,14,2,19,9,28,3,37,23,15,5,0,0,18,12,8,14,52,28,18,6,73,70,11,0,10,1800,0,0,0,10,19.310477562800585,60.91455273698264,58.65384615384615,91,14.302059496567505,32.142857142857146,66.66666666666667,50.0,1.4,4,5,24,81.73333333333333,35,14,0,19,9,28,1,38,19,12,2,3,3,22,18,3,5,50,21,18,8,62,72,5,1,11,1800,0,0,0,12,-19.310477562800585,51.943699731903486,44.0,65,15.563101301641199,32.142857142857146,81.81818181818181,66.66666666666667,1.2727272727272727,4,5,2,81.73333333333333
S41G01N195,2022-2023,20230210,493,home,50,14,2,19,9,28,3,37,23,15,5,0,0,18,12,8,14,52,28,18,6,73,70,11,0,10,1800,0,0,0,10,19.310477562800585,60.91455273698264,58.65384615384615,91,14.302059496567505,32.142857142857146,66.66666666666667,50.0,1.4,4,5,24,81.73333333333333,35,14,0,19,9,28,1,38,19,12,2,3,3,22,18,3,5,50,21,18,8,62,72,5,1,11,1800,0,0,0,12,-19.310477562800585,51.943699731903486,44.0,65,15.563101301641199,32.142857142857146,81.81818181818181,66.66666666666667,1.2727272727272727,4,5,2,81.73333333333333
S41G01N195,2022-2023,20230210,494,home,50,14,2,19,9,28,3,37,23,15,5,0,0,18,12,8,14,52,28,18,6,73,70,11,0,10,1800,0,0,0,10,19.310477562800585,60.91455273698264,58.65384615384615,91,14.302059496567505,32.142857142857146,66.66666666666667,50.0,1.4,4,5,24,81.73333333333333,35,14,0,19,9,28,1,38,19,12,2,3,3,22,18,3,5,50,21,18,8,62,72,5,1,11,1800,0,0,0,12,-19.310477562800585,51.943699731903486,44.0,65,15.563101301641199,32.142857142857146,81.81818181818181,66.66666666666667,1.2727272727272727,4,5,2,81.73333333333333
S41G01N195,2022-2023,20230210,495,home,50,14,2,19,9,28,3,37,23,15,5,0,0,18,12,8,14,52,28,18,6,73,70,11,0,10,1800,0,0,0,10,19.310477562800585,60.91455273698264,58.65384615384615,91,14.302059496567505,32.142857142857146,66.66666666666667,50.0,1.4,4,5,24,81.73333333333333,35,14,0,19,9,28,1,38,19,12,2,3,3,22,18,3,5,50,21,18,8,62,72,5,1,11,1800,0,0,0,12,-19.310477562800585,51.943699731903486,44.0,65,15.563101301641199,32.142857142857146,81.81818181818181,66.66666666666667,1.2727272727272727,4,5,2,81.73333333333333
S41G01N195,2022-2023,20230210,496,home,50,14,2,19,9,28,3,37,23,15,5,0,0,18,12,8,14,52,28,18,6,73,70,11,0,10,1800,0,0,0,10,19.310477562800585,60.91455273698264,58.65384615384615,91,14.302059496567505,32.142857142857146,66.66666666666667,50.0,1.4,4,5,24,81.73333333333333,35,14,0,19,9,28,1,38,19,12,2,3,3,22,18,3,5,50,21,18,8,62,72,5,1,11,1800,0,0,0,12,-19.310477562800585,51.943699731903486,44.0,65,15.563101301641199,32.142857142857146,81.81818181818181,66.66666666666667,1.2727272727272727,4,5,2,81.73333333333333
S41G01N195,2022-2023,20230210,497,home,50,14,2,19,9,28,3,37,23,15,5,0,0,18,12,8,14,52,28,18,6,73,70,11,0,10,1800,0,0,0,10,19.310477562800585,60.91455273698264,58.65384615384615,91,14.302059496567505,32.142857142857146,66.66666666666667,50.0,1.4,4,5,24,81.73333333333333,35,14,0,19,9,28,1,38,19,12,2,3,3,22,18,3,5,50,21,18,8,62,72,5,1,11,1800,0,0,0,12,-19.310477562800585,51.943699731903486,44.0,65,15.563101301641199,32.142857142857146,81.81818181818181,66.66666666666667,1.2727272727272727,4,5,2,81.73333333333333
S41G01N195,2022-2023,20230210,498,home,50,14,2,19,9,28,3,37,23,15,5,0,0,18,12,8,14,52,28,18,6,73,70,11,0,10,1800,0,0,0,10,19.310477562800585,60.91455273698264,58.65384615384615,91,14.302059496567505,32.142857142857146,66.66666666666667,50.0,1.4,4,5,24,81.73333333333333,35,14,0,19,9,28,1,38,19,12,2,3,3,22,18,3,5,50,21,18,8,62,72,5,1,11,1800,0,0,0,12,-19.310477562800585,51.943699731903486,44.0,65,15.563101301641199,32.142857142857146,81.81818181818181,66.66666666666667,1.2727272727272727,4,5,2,81.73333333333333
S41G01N195,2022-2023,20230210,499,home,50,14,2,19,9,28,3,37,23,15,5,0,0,18,12,8,14,52,28,18,6,73,70,11,0,10,1800,0,0,0,10,19.310477562800585,60.91455273698264,58.65384615384615,91,14.302059496567505,32.142857142857146,66.66666666666667,50.0,1.4,4,5,24,81.73333333333333,35,14,0,19,9,28,1,38,19,12,2,3,3,22,18,3,5,50,21,18,8,62,72,5,1,11,1800,0,0,0,12,-19.310477562800585,51.943699731903486,44.0,65,15.563101301641199,32.142857142857146,81.81818181818181,66.66666666666667,1.2727272727272727,4,5,2,81.73333333333333
S41G01N195,2022-2023,20230210,500,home,50,14,2,19,9,28,3,37,23,15,5,0,0,18,12,8,14,52,28,18,6,73,70,11,0,10,1800,0,0,0,10,19.310477562800585,60.91455273698264,58.65384615384615,91,14.302059496567505,32.142857142857146,66.66666666666667,50.0,1.4,4,5,24,81.73333333333333,35,14,0,19,9,28,1,38,19,12,2,3,3,22,18,3,5,50,21,18,8,62,72,5,1,11,1800,0,0,0,12,-19.310477562800585,51.943699731903486,44.0,65,15.563101301641199,32.142857142857146,81.81818181818181,66.66666666666667,1.2727272727272727,4,5,2,81.73333333333333
S41G01N195,2022-2023,20230210,501,home,50,14,2,19,9,28,3,37,23,15,5,0,0,18,12,8,14,52,28,18,6,73,70,11,0,10,1800,0,0,0,10,19.310477562800585,60.91455273698264,58.65384615384615,91,14.302059496567505,32.142857142857146,66.66666666666667,50.0,1.4,4,5,24,81.73333333333333,35,14,0,19,9,28,1,38,19,12,2,3,3,22,18,3,5,50,21,18,8,62,72,5,1,11,1800,0,0,0,12,-19.310477562800585,51.943699731903486,44.0,65,15.563101301641199,32.142857142857146,81.81818181818181,66.66666666666667,1.2727272727272727,4,5,2,81.73333333333333
S41G01N195,2022-2023,20230210,502,home,50,14,2,19,9,28,3,37,23,15,5,0,0,18,12,8,14,52,28,18,6,73,70,11,0,10,1800,0,0,0,10,19.310477562800585,60.91455273698264,58.65384615384615,91,14.302059496567505,32.142857142857146,66.66666666666667,50.0,1.4,4,5,24,81.73333333333333,35,14,0,19,9,28,1,38,19,12,2,3,3,22,18,3,5,50,21,18,8,62,72,5,1,11,1800,0,0,0,12,-19.310477562800585,51.943699731903486,44.0,65,15.563101301641199,32.142857142857146,81.81818181818181,66.66666666666667,1.2727272727272727,4,5,2,81.73333333333333
S41G01N195,2022-2023,20230210,503,home,50,14,2,19,9,28,3,37,23,15,5,0,0,18,12,8,14,52,28,18,6,73,70,11,0,10,1800,0,0,0,10,19.310477562800585,60.91455273698264,58.65384615384615,91,14.302059496567505,32.142857142857146,66.66666666666667,50.0,1.4,4,5,24,81.73333333333333,35,14,0,19,9,28,1,38,19,12,2,3,3,22,18,3,5,50,21,18,8,62,72,5,1,11,1800,0,0,0,12,-19.310477562800585,51.943699731903486,44.0,65,15.563101301641199,32.142857142857146,81.81818181818181,66.66666666666667,1.2727272727272727,4,5,2,81.73333333333333
S41G01N195,2022-2023,20230210,504,home,50,14,2,19,9,28,3,37,23,15,5,0,0,18,12,8,14,52,28,18,6,73,70,11,0,10,1800,0,0,0,10,19.310477562800585,60.91455273698264,58.65384615384615,91,14.302059496567505,32.142857142857146,66.66666666666667,50.0,1.4,4,5,24,81.73333333333333,35,14,0,19,9,28,1,38,19,12,2,3,3,22,18,3,5,50,21,18,8,62,72,5,1,11,1800,0,0,0,12,-19.310477562800585,51.943699731903486,44.0,65,15.563101301641199,32.142857142857146,81.81818181818181,66.66666666666667,1.2727272727272727,4,5,2,81.73333333333333
S41G01N195,2022-2023,20230210,505,home,50,14,2,19,9,28,3,37,23,15,5,0,0,18,12,8,14,52,28,18,6,73,70,11,0,10,1800,0,0,0,10,19.310477562800585,60.91455273698264,58.65384615384615,91,14.302059496567505,32.142857142857146,66.66666666666667,50.0,1.4,4,5,24,81.73333333333333,35,14,0,19,9,28,1,38,19,12,2,3,3,22,18,3,5,50,21,18,8,62,72,5,1,11,1800,0,0,0,12,-19.310477562800585,51.943699731903486,44.0,65,15.563101301641199,32.142857142857146,81.81818181818181,66.66666666666667,1.2727272727272727,4,5,2,81.73333333333333
S41G01N195,2022-2023,20230210,506,home,50,14,2,19,9,28,3,37,23,15,5,0,0,18,12,8,14,52,28,18,6,73,70,11,0,10,1800,0,0,0,10,19.310477562800585,60.91455273698264,58.65384615384615,91,14.302059496567505,32.142857142857146,66.66666666666667,50.0,1.4,4,5,24,81.73333333333333,35,14,0,19,9,28,1,38,19,12,2,3,3,22,18,3,5,50,21,18,8,62,72,5,1,11,1800,0,0,0,12,-19.310477562800585,51.943699731903486,44.0,65,15.563101301641199,32.142857142857146,81.81818181818181,66.66666666666667,1.2727272727272727,4,5,2,81.73333333333333
S41G01N195,2022-2023,20230210,507,home,50,14,2,19,9,28,3,37,23,15,5,0,0,18,12,8,14,52,28,18,6,73,70,11,0,10,1800,0,0,0,10,19.310477562800585,60.91455273698264,58.65384615384615,91,14.302059496567505,32.142857142857146,66.66666666666667,50.0,1.4,4,5,24,81.73333333333333,35,14,0,19,9,28,1,38,19,12,2,3,3,22,18,3,5,50,21,18,8,62,72,5,1,11,1800,0,0,0,12,-19.310477562800585,51.943699731903486,44.0,65,15.563101301641199,32.142857142857146,81.81818181818181,66.66666666666667,1.2727272727272727,4,5,2,81.73333333333333
S41G01N195,2022-2023,20230210,508,home,50,14,2,19,9,28,3,37,23,15,5,0,0,18,12,8,14,52,28,18,6,73,70,11,0,10,1800,0,0,0,10,19.310477562800585,60.91455273698264,58.65384615384615,91,14.302059496567505,32.142857142857146,66.66666666666667,50.0,1.4,4,5,24,81.73333333333333,35,14,0,19,9,28,1,38,19,12,2,3,3,22,18,3,5,50,21,18,8,62,72,5,1,11,1800,0,0,0,12,-19.310477562800585,51.943699731903486,44.0,65,15.563101301641199,32.142857142857146,81.81818181818181,66.66666666666667,1.2727272727272727,4,5,2,81.73333333333333
S41G01N195,2022-2023,20230210,509,home,50,14,2,19,9,28,3,37,23,15,5,0,0,18,12,8,14,52,28,18,6,73,70,11,0,10,1800,0,0,0,10,19.310477562800585,60.91455273698264,58.65384615384615,91,14.302059496567505,32.142857142857146,66.66666666666667,50.0,1.4,4,5,24,81.73333333333333,35,14,0,19,9,28,1,38,19,12,2,3,3,22,18,3,5,50,21,18,8,62,72,5,1,11,1800,0,0,0,12,-19.310477562800585,51.943699731903486,44.0,65,15.563101301641199,32.142857142857146,81.81818181818181,66.66666666666667,1.2727272727272727,4,5,2,81.73333333333333
S41G01N195,2022-2023,20230210,510,home,50,14,2,19,9,28,3,37,23,15,5,0,0,18,12,8,14,52,28,18,6,73,70,11,0,10,1800,0,0,0,10,19.310477562800585,60.91455273698264,58.65384615384615,91,14.302059496567505,32.142857142857146,66.66666666666667,50.0,1.4,4,5,24,81.73333333333333,35,14,0,19,9,28,1,38,19,12,2,3,3,22,18,3,5,50,21,18,8,62,72,5,1,11,1800,0,0,0,12,-19.310477562800585,51.943699731903486,44.0,65,15.563101301641199,32.142857142857146,81.81818181818181,66.66666666666667,1.2727272727272727,4,5,2,81.73333333333333
S41G01N195,2022-2023,20230210,511,home,50,14,2,19,9,28,3,37,23,15,5,0,0,18,12,8,14,52,28,18,6,73,70,11,0,10,1800,0,0,0,10,19.310477562800585,60.91455273698264,58.65384615384615,91,14.302059496567505,32.142857142857146,66.66666666666667,50.0,1.4,4,5,24,81.73333333333333,35,14,0,19,9,28,1,38,19,12,2,3,3,22,18,3,5,50,21,18,8,62,72,5,1,11,1800,0,0,0,12,-19.310477562800585,51.943699731903486,44.0,65,15.563101301641199,32.142857142857146,81.81818181818181,66.66666666666667,1.2727272727272727,4,5,2,81.73333333333333
S41G01N195,2022-2023,20230210,512,home,50,14,2,19,9,28,3,37,23,15,5,0,0,18,12,8,14,52,28,18,6,73,70,11,0,10,1806,0,0,0,10,19.310477562800585,60.91455273698264,58.65384615384615,91,14.302059496567505,32.142857142857146,66.66666666666667,50.0,1.4,4,5,24,81.46179401993356,35,14,0,19,9,28,1,38,19,12,2,3,3,22,18,3,5,50,21,19,9,62,72,5,1,11,1806,0,0,0,12,-19.310477562800585,51.943699731903486,44.0,65,15.563101301641199,32.142857142857146,81.81818181818181,66.66666666666667,1.2727272727272727,4,5,2,81.46179401993356
S41G01N195,2022-2023,20230210,513,home,50,14,2,19,9,28,3,37,23,15,5,0,0,18,12,8,14,52,28,18,6,73,70,11,0,10,1806,0,0,0,10,19.310477562800585,60.91455273698264,58.65384615384615,91,14.302059496567505,32.142857142857146,66.66666666666667,50.0,1.4,4,5,24,81.46179401993356,35,14,0,19,9,28,1,38,19,12,2,3,3,22,18,3,5,50,21,19,9,62,72,5,1,11,1806,0,0,0,12,-19.310477562800585,51.943699731903486,44.0,65,15.563101301641199,32.142857142857146,81.81818181818181,66.66666666666667,1.2727272727272727,4,5,2,81.46179401993356
S41G01N195,2022-2023,20230210,514,home,50,14,2,19,9,28,3,38,23,15,5,0,0,18,12,8,14,53,28,18,6,73,71,11,0,10,1816,0,0,0,10,17.375250103057553,59.914642153644124,57.54716981132076,90,14.10039481105471,32.142857142857146,66.66666666666667,50.0,1.4,4,5,24,81.6740088105727,35,14,0,19,9,28,1,38,19,12,2,3,3,22,18,3,5,50,21,19,9,62,72,5,1,11,1816,0,0,0,12,-17.375250103057553,51.943699731903486,44.0,65,15.563101301641199,32.142857142857146,81.81818181818181,66.66666666666667,1.2727272727272727,4,5,2,81.6740088105727
S41G01N195,2022-2023,20230210,515,home,50,14,2,19,9,28,3,38,23,15,5,0,0,18,12,8,14,53,28,18,6,73,71,11,0,10,1819,0,0,0,10,17.375250103057553,59.914642153644124,57.54716981132076,90,14.10039481105471,31.03448275862069,66.66666666666667,50.0,1.4,4,5,24,81.53930731170973,35,14,0,20,9,29,1,38,19,12,2,3,3,22,18,3,5,50,21,19,9,62,72,5,1,11,1819,0,0,0,12,-17.375250103057553,51.943699731903486,44.0,66,15.563101301641199,32.142857142857146,81.81818181818181,66.66666666666667,1.2727272727272727,4,5,2,81.53930731170973
S41G01N195,2022-2023,20230210,516,home,50,14,2,19,9,28,3,38,23,15,5,0,0,18,12,8,14,53,28,18,6,73,71,11,0,10,1829,0,0,0,10,18.97893240593706,59.914642153644124,57.54716981132076,90,14.10039481105471,31.03448275862069,66.66666666666667,50.0,1.4,4,5,24,81.74958993985784,35,14,0,20,9,29,1,38,19,13,2,3,3,22,18,3,5,51,21,19,9,62,73,5,1,11,1829,0,0,0,12,-18.97893240593706,51.087673038892554,43.13725490196079,65,15.34598214285714,32.142857142857146,81.81818181818181,66.66666666666667,1.2727272727272727,4,5,2,81.74958993985784
S41G01N195,2022-2023,20230210,517,home,50,14,2,20,9,29,3,38,23,15,5,0,0,18,12,8,14,53,28,18,6,73,71,11,0,10,1830,0,0,0,10,18.97893240593706,59.914642153644124,57.54716981132076,91,14.10039481105471,31.03448275862069,66.66666666666667,50.0,1.4,4,5,24,81.70491803278688,35,14,0,20,9,29,1,38,19,13,2,3,3,22,18,3,5,51,21,19,9,62,73,5,1,11,1830,0,0,0,12,-18.97893240593706,51.087673038892554,43.13725490196079,65,15.34598214285714,31.03448275862069,81.81818181818181,66.66666666666667,1.2727272727272727,4,5,2,81.70491803278688
S41G01N195,2022-2023,20230210,518,home,50,14,2,20,9,29,3,39,24,15,5,0,0,18,12,8,14,54,29,18,6,75,72,11,0,10,1837,0,0,0,10,20.283858393738313,60.56201550387597,58.333333333333336,93,13.904338153503893,31.03448275862069,66.66666666666667,48.275862068965516,1.4,2,5,24,82.04681545998912,35,14,0,20,9,29,1,38,19,13,2,3,3,22,18,3,5,51,21,19,9,62,73,5,1,11,1837,0,0,0,12,-20.283858393738313,51.087673038892554,43.13725490196079,65,15.34598214285714,31.03448275862069,81.81818181818181,66.66666666666667,1.2727272727272727,2,5,2,82.04681545998912
S41G01N195,2022-2023,20230210,519,home,50,14,2,20,9,29,3,39,24,15,5,0,0,18,12,8,14,54,29,19,7,75,72,11,0,10,1852,0,0,0,10,20.283858393738313,60.56201550387597,58.333333333333336,93,13.904338153503893,31.03448275862069,66.66666666666667,48.275862068965516,1.4,2,5,24,81.38228941684666,35,14,0,20,9,29,1,38,19,13,2,3,3,22,18,3,5,51,21,19,9,62,73,5,1,11,1852,0,0,0,12,-20.283858393738313,51.087673038892554,43.13725490196079,65,15.34598214285714,31.03448275862069,81.81818181818181,66.66666666666667,1.2727272727272727,2,5,2,81.38228941684666
S41G01N195,2022-2023,20230210,520,home,50,14,2,20,9,29,3,39,24,15,5,0,0,18,12,8,14,54,29,19,7,75,72,11,0,10,1852,0,0,0,10,20.283858393738313,60.56201550387597,58.333333333333336,93,13.904338153503893,31.03448275862069,66.66666666666667,48.275862068965516,1.4,2,5,24,81.38228941684666,35,14,0,20,9,29,1,38,19,13,2,3,3,22,18,3,5,51,21,19,9,62,73,5,1,11,1852,0,0,0,12,-20.283858393738313,51.087673038892554,43.13725490196079,65,15.34598214285714,31.03448275862069,81.81818181818181,66.66666666666667,1.2727272727272727,2,5,2,81.38228941684666
S41G01N195,2022-2023,20230210,521,home,50,14,2,20,9,29,3,39,24,15,5,0,0,18,12,8,14,54,29,19,7,75,72,11,0,10,1852,0,0,0,10,20.283858393738313,60.56201550387597,58.333333333333336,93,13.904338153503893,31.03448275862069,66.66666666666667,48.275862068965516,1.4,2,5,24,81.38228941684666,35,14,0,20,9,29,1,38,19,13,2,3,3,22,18,3,5,51,21,19,9,62,73,5,1,11,1852,0,0,0,12,-20.283858393738313,51.087673038892554,43.13725490196079,65,15.34598214285714,31.03448275862069,81.81818181818181,66.66666666666667,1.2727272727272727,2,5,2,81.38228941684666
S41G01N195,2022-2023,20230210,522,home,50,14,2,20,9,29,3,39,24,15,5,0,0,18,12,8,14,54,29,19,7,75,72,11,0,10,1852,0,0,0,10,20.283858393738313,60.56201550387597,58.333333333333336,93,13.904338153503893,31.03448275862069,66.66666666666667,48.275862068965516,1.4,2,5,24,81.38228941684666,35,14,0,20,9,29,1,38,19,13,2,3,3,22,18,3,5,51,21,19,9,62,73,5,1,11,1852,0,0,0,12,-20.283858393738313,51.087673038892554,43.13725490196079,65,15.34598214285714,31.03448275862069,81.81818181818181,66.66666666666667,1.2727272727272727,2,5,2,81.38228941684666
S41G01N195,2022-2023,20230210,523,home,50,14,2,20,9,29,3,39,24,15,5,0,0,18,12,8,14,54,29,19,7,75,72,11,0,10,1858,0,0,0,10,21.837173790120346,60.56201550387597,58.333333333333336,93,13.904338153503893,31.03448275862069,66.66666666666667,48.275862068965516,1.4,2,5,24,81.76533907427343,35,14,0,20,9,29,1,38,19,14,2,3,3,22,18,3,5,52,21,19,9,62,74,5,1,11,1858,0,0,0,12,-21.837173790120346,50.25940337224384,42.30769230769231,64,15.134837644468904,31.03448275862069,81.81818181818181,66.66666666666667,1.2727272727272727,2,5,2,81.76533907427343
S41G01N195,2022-2023,20230210,524,home,50,14,2,21,9,30,3,39,24,15,5,0,0,18,12,8,14,54,29,19,7,75,72,11,0,10,1860,0,0,0,10,21.837173790120346,60.56201550387597,58.333333333333336,94,13.904338153503893,31.03448275862069,66.66666666666667,48.275862068965516,1.4,2,5,24,81.67741935483872,35,14,0,20,9,29,1,38,19,14,2,3,3,22,18,3,5,52,21,19,9,62,74,5,1,11,1860,0,0,0,12,-21.837173790120346,50.25940337224384,42.30769230769231,64,15.134837644468904,30.0,81.81818181818181,66.66666666666667,1.2727272727272727,2,5,2,81.67741935483872
S41G01N195,2022-2023,20230210,525,home,50,14,2,21,9,30,3,39,24,15,5,0,0,18,12,8,14,54,29,19,7,75,72,11,0,10,1868,0,0,0,10,21.837173790120346,60.56201550387597,58.333333333333336,94,13.904338153503893,31.03448275862069,66.66666666666667,48.275862068965516,1.4,2,5,24,81.32762312633832,35,14,0,20,9,29,1,38,19,14,2,3,3,22,18,3,5,52,21,20,10,62,74,5,1,11,1868,0,0,0,12,-21.837173790120346,50.25940337224384,42.30769230769231,64,15.134837644468904,30.0,81.81818181818181,66.66666666666667,1.2727272727272727,2,5,2,81.32762312633832
S41G01N195,2022-2023,20230210,526,home,50,14,2,21,9,30,3,39,24,15,5,0,0,18,12,8,14,54,29,19,7,75,72,11,0,10,1868,0,0,0,10,21.837173790120346,60.56201550387597,58.333333333333336,94,13.904338153503893,31.03448275862069,66.66666666666667,48.275862068965516,1.4,2,5,24,81.32762312633832,35,14,0,20,9,29,1,38,19,14,2,3,3,22,18,3,5,52,21,20,10,62,74,5,1,11,1868,0,0,0,12,-21.837173790120346,50.25940337224384,42.30769230769231,64,15.134837644468904,30.0,81.81818181818181,66.66666666666667,1.2727272727272727,2,5,2,81.32762312633832
S41G01N195,2022-2023,20230210,527,home,50,14,2,21,9,30,3,40,24,15,5,0,0,18,12,8,14,55,29,19,7,75,73,11,0,10,1871,0,0,0,10,19.97235866441092,59.599491417673235,57.27272727272727,93,13.713658804168952,31.03448275862069,66.66666666666667,48.275862068965516,1.4,2,5,24,81.83858898984501,35,14,0,20,9,29,1,38,19,14,2,3,3,22,18,3,5,52,21,20,10,62,74,5,1,11,1871,0,0,0,12,-19.97235866441092,50.25940337224384,42.30769230769231,64,15.134837644468904,30.0,81.81818181818181,66.66666666666667,1.2727272727272727,2,5,2,81.83858898984501
S41G01N195,2022-2023,20230210,528,home,50,14,2,21,9,30,3,40,24,15,5,0,0,18,12,8,14,55,29,19,7,75,73,11,0,10,1875,0,0,0,10,19.97235866441092,59.599491417673235,57.27272727272727,93,13.713658804168952,30.0,66.66666666666667,48.275862068965516,1.4,2,5,24,81.664,35,14,0,21,9,30,1,38,19,14,2,3,3,22,18,3,5,52,21,20,10,62,74,5,1,11,1875,0,0,0,12,-19.97235866441092,50.25940337224384,42.30769230769231,65,15.134837644468904,30.0,81.81818181818181,66.66666666666667,1.2727272727272727,2,5,2,81.664
S41G01N195,2022-2023,20230210,529,home,50,14,2,21,9,30,3,40,24,15,5,0,0,18,12,8,14,55,29,19,7,75,73,11,0,10,1890,0,0,0,10,21.477643281684053,59.599491417673235,57.27272727272727,93,13.713658804168952,30.0,66.66666666666667,48.275862068965516,1.4,2,5,24,81.65079365079366,35,14,0,21,9,30,1,38,19,15,2,3,3,22,18,3,5,53,21,20,10,62,75,5,1,11,1890,0,0,0,12,-21.477643281684053,49.457562220804085,41.509433962264154,64,14.929424538545058,30.0,81.81818181818181,66.66666666666667,1.2727272727272727,2,5,2,81.65079365079366
S41G01N195,2022-2023,20230210,530,home,50,14,2,22,9,31,3,40,24,15,5,0,0,18,12,8,14,55,29,19,7,75,73,11,0,10,1892,0,0,0,10,21.477643281684053,59.599491417673235,57.27272727272727,94,13.713658804168952,30.0,66.66666666666667,48.275862068965516,1.4,2,5,24,81.56448202959832,35,14,0,21,9,30,1,38,19,15,2,3,3,22,18,3,5,53,21,20,10,62,75,5,1,11,1892,0,0,0,12,-21.477643281684053,49.457562220804085,41.509433962264154,64,14.929424538545058,29.032258064516128,81.81818181818181,66.66666666666667,1.2727272727272727,2,5,2,81.56448202959832
S41G01N195,2022-2023,20230210,531,home,50,14,2,22,9,31,3,41,25,15,5,0,0,18,12,8,14,56,30,19,7,77,74,11,0,10,1904,0,0,0,10,22.750992515977998,60.23153942428035,58.035714285714285,96,13.528138528138529,30.0,66.66666666666667,46.666666666666664,1.4,4,5,24,81.68067226890757,35,14,0,21,9,30,1,38,19,15,2,3,3,22,18,3,5,53,21,20,10,62,75,5,1,11,1904,0,0,0,12,-22.750992515977998,49.457562220804085,41.509433962264154,64,14.929424538545058,29.032258064516128,81.81818181818181,66.66666666666667,1.2727272727272727,4,5,2,81.68067226890757
S41G01N195,2022-2023,20230210,532,home,50,14,2,22,9,31,3,41,25,15,5,0,0,18,12,8,14,56,30,19,7,77,74,11,0,10,1921,0,0,0,10,24.210440208242815,60.23153942428035,58.035714285714285,96,13.528138528138529,30.0,66.66666666666667,46.666666666666664,1.4,4,5,24,81.58250910983864,35,14,0,21,9,30,1,39,19,15,2,3,3,22,18,3,5,54,21,20,10,62,76,5,1,11,1921,0,0,0,12,-24.210440208242815,48.68090452261306,40.74074074074074,63,14.729512587038027,29.032258064516128,81.81818181818181,66.66666666666667,1.2727272727272727,4,5,2,81.58250910983864
S41G01N195,2022-2023,20230210,533,home,50,14,2,22,9,31,3,41,25,15,5,0,0,18,12,8,14,56,30,19,7,77,74,11,0,10,1924,0,0,0,10,22.750992515977998,60.23153942428035,58.035714285714285,96,13.528138528138529,30.0,66.66666666666667,46.666666666666664,1.4,4,5,24,80.83160083160085,35,14,0,21,10,31,1,39,19,15,2,3,3,22,18,3,5,54,21,20,10,62,76,5,1,11,1924,0,0,0,12,-22.750992515977998,48.68090452261306,40.74074074074074,64,14.729512587038027,31.25,81.81818181818181,66.66666666666667,1.2727272727272727,4,5,2,80.83160083160085
S41G01N195,2022-2023,20230210,534,home,50,14,2,22,9,31,3,41,25,15,5,0,0,18,12,8,14,56,30,19,7,77,74,11,0,10,1927,0,0,0,10,21.165373216768998,60.23153942428035,58.035714285714285,96,13.528138528138529,30.0,66.66666666666667,46.666666666666664,1.4,2,5,24,81.3284898806435,35,14,0,21,10,31,1,40,20,15,2,3,3,22,18,3,5,55,22,20,10,64,77,5,1,11,1927,0,0,0,12,-21.165373216768998,49.4743351886209,41.81818181818182,66,14.534883720930232,31.25,81.81818181818181,63.63636363636363,1.2727272727272727,2,5,2,81.3284898806435
S41G01N195,2022-2023,20230210,535,home,50,14,2,22,9,31,3,42,26,15,5,0,0,18,12,8,14,57,31,19,7,79,75,11,0,10,1942,0,0,0,10,22.400089282546745,60.84411583487369,58.771929824561404,98,13.347570742124933,30.0,66.66666666666667,45.16129032258065,1.4,2,5,24,81.31822863027809,35,14,0,21,10,31,1,40,20,15,2,3,3,22,18,3,5,55,22,20,10,64,77,5,1,11,1942,0,0,0,12,-22.400089282546745,49.4743351886209,41.81818181818182,66,14.534883720930232,31.25,81.81818181818181,63.63636363636363,1.2727272727272727,2,5,2,81.31822863027809
S41G01N195,2022-2023,20230210,536,home,50,15,2,22,9,31,3,42,26,15,5,0,0,18,12,8,14,57,31,19,7,79,75,11,0,10,1942,0,0,0,10,22.400089282546745,60.84411583487369,58.771929824561404,99,13.347570742124933,30.0,66.66666666666667,48.38709677419355,1.5,2,5,24,81.31822863027809,35,14,0,21,10,31,1,40,20,15,2,3,3,22,18,3,5,55,22,20,10,64,77,5,1,11,1942,0,0,0,12,-22.400089282546745,49.4743351886209,41.81818181818182,66,14.534883720930232,31.25,81.81818181818181,63.63636363636363,1.2727272727272727,2,5,2,81.31822863027809
S41G01N195,2022-2023,20230210,537,home,50,15,2,22,9,31,3,42,26,15,5,0,0,18,12,8,14,57,31,19,7,79,75,11,0,10,1965,0,0,0,10,20.86202905050058,60.84411583487369,58.771929824561404,99,13.347570742124933,30.0,66.66666666666667,48.38709677419355,1.5,2,5,24,80.97709923664124,35,14,0,21,10,31,1,41,21,15,2,3,3,22,18,3,5,56,23,20,10,66,78,5,1,11,1965,0,0,0,12,-20.86202905050058,50.2436053593179,42.857142857142854,68,14.345331246739697,31.25,81.81818181818181,60.869565217391305,1.2727272727272727,2,5,2,80.97709923664124
S41G01N195,2022-2023,20230210,538,home,50,15,2,22,9,31,3,42,26,15,5,0,0,18,12,8,14,57,31,19,7,79,75,11,0,10,1965,0,0,0,10,20.86202905050058,60.84411583487369,58.771929824561404,99,13.347570742124933,30.0,66.66666666666667,48.38709677419355,1.5,2,5,24,80.97709923664124,35,15,0,21,10,31,1,41,21,15,2,3,3,22,18,3,5,56,23,20,10,66,78,5,1,11,1965,0,0,0,12,-20.86202905050058,50.2436053593179,42.857142857142854,69,14.345331246739697,31.25,81.81818181818181,65.21739130434783,1.3636363636363635,2,5,2,80.97709923664124
S41G01N195,2022-2023,20230210,539,home,50,15,2,22,9,31,3,42,26,16,6,0,0,18,12,8,14,58,32,19,7,82,76,11,0,10,1979,0,0,0,10,23.554165437085928,62.19660194174757,60.3448275862069,102,13.171759747102213,30.0,66.66666666666667,46.875,1.5,3,5,24,81.01061141990905,35,15,0,21,10,31,1,41,21,15,2,3,3,22,18,3,5,56,23,20,10,66,78,5,1,11,1979,0,0,0,12,-23.554165437085928,50.2436053593179,42.857142857142854,69,14.345331246739697,31.25,81.81818181818181,65.21739130434783,1.3636363636363635,3,5,2,81.01061141990905
S41G01N195,2022-2023,20230210,540,home,50,16,2,22,9,31,3,42,26,16,6,0,0,18,12,8,14,58,32,19,7,82,76,11,0,10,1979,0,0,0,10,23.554165437085928,62.19660194174757,60.3448275862069,103,13.171759747102213,30.0,66.66666666666667,50.0,1.6,3,5,24,81.01061141990905,35,15,0,21,10,31,1,41,21,15,2,3,3,22,18,3,5,56,23,20,10,66,78,5,1,11,1979,0,0,0,12,-23.554165437085928,50.2436053593179,42.857142857142854,69,14.345331246739697,31.25,81.81818181818181,65.21739130434783,1.3636363636363635,3,5,2,81.01061141990905
S41G01N195,2022-2023,20230210,541,home,50,16,2,22,9,31,3,42,26,16,6,0,0,18,12,8,14,58,32,19,7,82,76,11,0,10,1979,0,0,0,10,23.554165437085928,62.19660194174757,60.3448275862069,103,13.171759747102213,30.0,66.66666666666667,50.0,1.6,3,5,24,81.01061141990905,35,15,0,21,10,31,1,41,21,15,2,3,3,22,18,3,5,56,23,20,10,66,78,5,1,11,1979,0,0,0,12,-23.554165437085928,50.2436053593179,42.857142857142854,69,14.345331246739697,31.25,81.81818181818181,65.21739130434783,1.3636363636363635,3,5,2,81.01061141990905
S41G01N195,2022-2023,20230210,542,home,50,16,2,22,9,31,3,42,26,16,6,0,0,18,12,8,14,58,32,19,7,82,76,11,0,10,1979,0,0,0,10,23.554165437085928,62.19660194174757,60.3448275862069,103,13.171759747102213,30.0,66.66666666666667,50.0,1.6,3,5,24,81.01061141990905,35,15,0,21,10,31,1,41,21,15,2,3,3,22,18,3,5,56,23,20,10,66,78,5,1,11,1979,0,0,0,12,-23.554165437085928,50.2436053593179,42.857142857142854,69,14.345331246739697,31.25,81.81818181818181,65.21739130434783,1.3636363636363635,3,5,2,81.01061141990905
S41G01N195,2022-2023,20230210,543,home,50,16,2,22,9,31,3,42,26,16,6,0,0,18,12,8,14,58,32,19,7,82,76,11,0,10,1979,0,0,0,10,23.554165437085928,62.19660194174757,60.3448275862069,103,13.171759747102213,30.0,66.66666666666667,50.0,1.6,3,5,24,81.01061141990905,35,15,0,21,10,31,1,41,21,15,2,3,3,22,18,3,5,56,23,20,10,66,78,5,1,11,1979,0,0,0,12,-23.554165437085928,50.2436053593179,42.857142857142854,69,14.345331246739697,31.25,81.81818181818181,65.21739130434783,1.3636363636363635,3,5,2,81.01061141990905
S41G01N195,2022-2023,20230210,544,home,50,16,2,22,9,31,3,42,26,16,6,0,0,18,12,8,14,58,32,19,7,82,76,11,0,10,1999,0,0,0,10,25.01663889984019,62.19660194174757,60.3448275862069,103,13.171759747102213,30.0,66.66666666666667,50.0,1.6,3,5,24,80.80040020010007,35,15,0,21,10,31,1,42,21,15,2,3,3,22,18,3,5,57,23,20,10,66,79,5,1,11,1999,0,0,0,12,-25.01663889984019,49.49010197960408,42.10526315789474,68,14.160659114315138,31.25,81.81818181818181,65.21739130434783,1.3636363636363635,3,5,2,80.80040020010007
S41G01N195,2022-2023,20230210,545,home,50,16,2,23,9,32,3,42,26,16,6,0,0,18,12,8,14,58,32,19,7,82,76,11,0,10,2001,0,0,0,10,25.01663889984019,62.19660194174757,60.3448275862069,104,13.171759747102213,30.0,66.66666666666667,50.0,1.6,3,5,24,80.71964017991006,35,15,0,21,10,31,1,42,21,15,2,3,3,22,18,3,5,57,23,20,10,66,79,5,1,11,2001,0,0,0,12,-25.01663889984019,49.49010197960408,42.10526315789474,68,14.160659114315138,30.303030303030305,81.81818181818181,65.21739130434783,1.3636363636363635,3,5,2,80.71964017991006
S41G01N195,2022-2023,20230210,546,home,50,16,2,23,9,32,3,43,26,16,6,0,0,18,12,8,14,59,32,19,7,82,77,11,0,10,2011,0,0,0,10,23.21254041049545,61.26718469814704,59.32203389830509,103,13.000520020800831,30.0,66.66666666666667,50.0,1.6,3,5,24,80.91496767777227,35,15,0,21,10,31,1,42,21,15,2,3,3,22,18,3,5,57,23,20,10,66,79,5,1,11,2011,0,0,0,12,-23.21254041049545,49.49010197960408,42.10526315789474,68,14.160659114315138,30.303030303030305,81.81818181818181,65.21739130434783,1.3636363636363635,3,5,2,80.91496767777227
S41G01N195,2022-2023,20230210,547,home,50,16,2,23,10,33,3,43,26,16,6,0,0,18,12,8,14,59,32,19,7,82,77,11,0,10,2014,0,0,0,10,25.01663889984019,61.26718469814704,59.32203389830509,104,13.000520020800831,32.25806451612903,66.66666666666667,50.0,1.6,3,5,24,80.19860973187687,35,15,0,21,10,31,1,42,21,15,2,3,3,22,18,3,5,57,23,20,10,66,79,5,1,11,2014,0,0,0,12,-25.01663889984019,49.49010197960408,42.10526315789474,68,14.160659114315138,30.303030303030305,81.81818181818181,65.21739130434783,1.3636363636363635,3,5,2,80.19860973187687
S41G01N195,2022-2023,20230210,548,home,50,16,2,23,10,33,3,43,26,16,6,0,0,18,12,8,14,59,32,19,7,82,77,11,0,11,2017,0,0,0,11,23.21254041049545,61.26718469814704,59.32203389830509,103,14.117043121149898,32.25806451612903,66.66666666666667,50.0,1.4545454545454546,3,5,24,80.67426871591474,35,15,0,21,10,31,1,42,21,15,2,3,3,22,18,3,5,57,23,20,10,66,79,5,1,11,2017,0,0,0,12,-23.21254041049545,49.49010197960408,42.10526315789474,68,14.160659114315138,30.303030303030305,81.81818181818181,65.21739130434783,1.3636363636363635,3,5,2,80.67426871591474
S41G01N195,2022-2023,20230210,549,home,50,16,2,23,10,33,3,43,26,16,6,0,0,18,12,8,14,59,32,19,7,82,77,11,0,11,2019,0,0,0,11,23.21254041049545,61.26718469814704,59.32203389830509,103,14.117043121149898,32.25806451612903,66.66666666666667,50.0,1.4545454545454546,3,5,24,80.59435364041606,35,15,0,21,10,31,1,42,21,15,2,3,3,22,18,3,5,57,23,20,10,66,79,6,1,11,2019,0,0,0,12,-23.21254041049545,49.49010197960408,42.10526315789474,69,14.160659114315138,30.303030303030305,81.81818181818181,65.21739130434783,1.3636363636363635,3,5,2,80.59435364041606
S41G01N195,2022-2023,20230210,550,home,50,16,2,23,10,33,3,43,26,16,6,0,0,18,12,8,14,59,32,19,7,82,77,11,0,11,2034,0,0,0,11,24.632425828323846,61.26718469814704,59.32203389830509,103,14.117043121149898,32.25806451612903,66.66666666666667,50.0,1.4545454545454546,3,5,24,80.58997050147494,35,15,0,21,10,31,1,42,21,15,2,3,3,22,18,3,5,57,23,20,10,66,79,6,1,12,2034,0,0,0,13,-24.632425828323846,49.49010197960408,42.10526315789474,68,15.251652262328417,30.303030303030305,81.81818181818181,65.21739130434783,1.25,3,5,2,80.58997050147494
S41G01N195,2022-2023,20230210,551,home,50,16,2,23,10,33,3,43,26,16,6,0,0,18,12,8,14,59,32,19,7,82,77,11,0,11,2034,0,0,0,11,24.632425828323846,61.26718469814704,59.32203389830509,103,14.117043121149898,32.25806451612903,66.66666666666667,50.0,1.4545454545454546,3,5,24,80.58997050147494,35,15,0,21,10,31,1,42,21,15,2,3,3,22,18,3,5,57,23,20,10,66,79,6,1,12,2034,0,0,0,13,-24.632425828323846,49.49010197960408,42.10526315789474,68,15.251652262328417,30.303030303030305,81.81818181818181,65.21739130434783,1.25,3,5,2,80.58997050147494
S41G01N195,2022-2023,20230210,552,home,50,16,2,23,10,33,3,43,26,16,6,0,0,18,12,8,14,59,32,19,7,82,77,11,0,11,2034,0,0,0,11,24.632425828323846,61.26718469814704,59.32203389830509,103,14.117043121149898,32.25806451612903,66.66666666666667,50.0,1.4545454545454546,3,5,24,80.58997050147494,35,15,0,21,10,31,1,42,21,15,2,3,3,22,18,3,5,57,23,20,10,66,79,6,1,12,2034,0,0,0,13,-24.632425828323846,49.49010197960408,42.10526315789474,68,15.251652262328417,30.303030303030305,81.81818181818181,65.21739130434783,1.25,3,5,2,80.58997050147494
S41G01N195,2022-2023,20230210,553,home,50,16,2,23,10,33,3,44,27,16,6,0,0,18,12,8,14,60,33,19,7,84,78,11,0,11,2049,0,0,0,11,25.782596012494636,61.83745583038869,60.0,105,13.93816523061328,32.25806451612903,66.66666666666667,48.484848484848484,1.4545454545454546,5,5,24,80.5856515373353,35,15,0,21,10,31,1,42,21,15,2,3,3,22,18,3,5,57,23,20,10,66,79,6,1,12,2049,0,0,0,13,-25.782596012494636,49.49010197960408,42.10526315789474,68,15.251652262328417,30.303030303030305,81.81818181818181,65.21739130434783,1.25,5,5,2,80.5856515373353
S41G01N195,2022-2023,20230210,554,home,50,16,2,23,10,33,3,44,27,16,6,0,0,18,12,8,14,60,33,19,7,84,78,11,0,11,2049,0,0,0,11,25.782596012494636,61.83745583038869,60.0,105,13.93816523061328,32.25806451612903,66.66666666666667,48.484848484848484,1.4545454545454546,5,5,24,80.5856515373353,35,15,0,21,10,31,1,42,21,15,2,3,3,22,18,3,5,57,23,21,10,66,79,6,1,12,2049,0,0,0,13,-25.782596012494636,49.49010197960408,42.10526315789474,68,15.251652262328417,30.303030303030305,81.81818181818181,65.21739130434783,1.25,5,5,2,80.5856515373353
S41G01N195,2022-2023,20230210,555,home,50,16,2,23,10,33,3,44,27,16,6,0,0,18,12,8,14,60,33,19,7,84,78,11,0,11,2049,0,0,0,11,25.782596012494636,61.83745583038869,60.0,105,13.93816523061328,32.25806451612903,66.66666666666667,48.484848484848484,1.4545454545454546,5,5,24,80.5856515373353,35,15,0,21,10,31,1,42,21,15,2,3,3,22,18,3,5,57,23,21,10,66,79,6,1,12,2049,0,0,0,13,-25.782596012494636,49.49010197960408,42.10526315789474,68,15.251652262328417,30.303030303030305,81.81818181818181,65.21739130434783,1.25,5,5,2,80.5856515373353
S41G01N195,2022-2023,20230210,556,home,50,16,2,23,10,33,3,44,27,16,6,0,0,19,12,8,14,60,33,19,7,84,79,11,0,11,2049,0,0,0,11,25.009421357360665,61.439438267992976,60.0,104,13.860887096774194,32.25806451612903,63.1578947368421,48.484848484848484,1.4545454545454546,5,5,24,80.84333821376282,35,15,0,21,10,31,1,42,21,15,2,3,3,22,18,3,5,57,23,21,10,66,79,6,1,12,2049,0,0,0,13,-25.009421357360665,49.49010197960408,42.10526315789474,68,15.251652262328417,30.303030303030305,81.81818181818181,65.21739130434783,1.25,5,5,2,80.84333821376282
S41G01N195,2022-2023,20230210,557,home,50,16,2,23,10,33,3,44,27,16,6,0,0,19,12,8,14,60,33,19,7,84,79,11,0,11,2052,0,0,0,11,25.009421357360665,61.439438267992976,60.0,104,13.860887096774194,31.25,63.1578947368421,48.484848484848484,1.4545454545454546,5,5,24,80.72514619883042,35,15,0,22,10,32,1,42,21,15,2,3,3,22,18,3,5,57,23,21,10,66,79,6,1,12,2052,0,0,0,13,-25.009421357360665,49.49010197960408,42.10526315789474,69,15.251652262328417,30.303030303030305,81.81818181818181,65.21739130434783,1.25,5,5,2,80.72514619883042
S41G01N195,2022-2023,20230210,558,home,50,16,2,23,10,33,3,44,27,16,6,0,0,19,12,8,14,60,33,20,8,84,79,11,0,11,2068,0,0,0,11,25.009421357360665,61.439438267992976,60.0,104,13.860887096774194,31.25,63.1578947368421,48.484848484848484,1.4545454545454546,5,5,24,80.10058027079305,35,15,0,22,10,32,1,42,21,15,2,3,3,22,18,3,5,57,23,21,10,66,79,6,1,12,2068,0,0,0,13,-25.009421357360665,49.49010197960408,42.10526315789474,69,15.251652262328417,30.303030303030305,81.81818181818181,65.21739130434783,1.25,5,5,2,80.10058027079305
S41G01N195,2022-2023,20230210,559,home,50,16,2,23,10,33,3,44,27,16,6,0,0,19,12,8,14,60,33,20,8,84,79,11,0,11,2068,0,0,0,11,25.009421357360665,61.439438267992976,60.0,104,13.860887096774194,31.25,63.1578947368421,48.484848484848484,1.4545454545454546,5,5,24,80.10058027079305,35,15,0,22,10,32,1,42,21,15,2,3,3,22,18,3,5,57,23,21,10,66,79,6,1,12,2068,0,0,0,13,-25.009421357360665,49.49010197960408,42.10526315789474,69,15.251652262328417,30.303030303030305,81.81818181818181,65.21739130434783,1.25,5,5,2,80.10058027079305
S41G01N195,2022-2023,20230210,560,home,50,16,2,23,10,33,3,44,27,16,6,0,0,19,12,8,14,60,33,20,8,84,79,11,0,11,2074,0,0,0,11,22.08315621784611,61.439438267992976,60.0,104,13.860887096774194,31.25,63.1578947368421,48.484848484848484,1.4545454545454546,3,5,24,80.44744455159113,35,15,0,22,10,32,1,42,21,16,3,3,3,22,18,3,5,58,24,21,10,69,80,6,1,12,2074,0,0,0,13,-22.08315621784611,50.97517730496453,43.96551724137931,72,15.06024096385542,30.303030303030305,81.81818181818181,62.5,1.25,3,5,2,80.44744455159113
S41G01N195,2022-2023,20230210,561,home,50,16,2,23,10,33,3,44,27,16,6,0,0,19,12,8,14,60,33,20,8,84,79,11,0,11,2074,0,0,0,11,22.08315621784611,61.439438267992976,60.0,104,13.860887096774194,31.25,63.1578947368421,48.484848484848484,1.4545454545454546,3,5,24,80.44744455159113,35,16,0,22,10,32,1,42,21,16,3,3,3,22,18,3,5,58,24,21,10,69,80,6,1,12,2074,0,0,0,13,-22.08315621784611,50.97517730496453,43.96551724137931,73,15.06024096385542,30.303030303030305,81.81818181818181,66.66666666666667,1.3333333333333333,3,5,2,80.44744455159113
S41G01N195,2022-2023,20230210,562,home,50,16,2,23,10,33,3,45,27,16,6,0,0,19,12,8,14,61,33,20,8,84,80,11,0,11,2086,0,0,0,11,20.361904562985586,60.55363321799308,59.01639344262295,103,13.68840219014435,31.25,63.1578947368421,48.484848484848484,1.4545454545454546,3,5,24,80.55992329817835,35,16,0,22,10,32,1,42,21,16,3,3,3,22,18,3,5,58,24,21,10,69,80,6,1,12,2086,0,0,0,13,-20.361904562985586,50.97517730496453,43.96551724137931,73,15.06024096385542,30.303030303030305,81.81818181818181,66.66666666666667,1.3333333333333333,3,5,2,80.55992329817835
S41G01N195,2022-2023,20230210,563,home,50,16,2,23,11,34,3,45,27,16,6,0,0,19,12,8,14,61,33,20,8,84,80,11,0,11,2088,0,0,0,11,22.08315621784611,60.55363321799308,59.01639344262295,104,13.68840219014435,33.333333333333336,63.1578947368421,48.484848484848484,1.4545454545454546,3,5,24,79.9080459770115,35,16,0,22,10,32,1,42,21,16,3,3,3,22,18,3,5,58,24,21,10,69,80,6,1,12,2088,0,0,0,13,-22.08315621784611,50.97517730496453,43.96551724137931,73,15.06024096385542,30.303030303030305,81.81818181818181,66.66666666666667,1.3333333333333333,3,5,2,79.9080459770115
S41G01N195,2022-2023,20230210,564,home,50,16,2,23,11,34,3,45,27,17,6,0,0,19,12,8,14,62,33,20,8,84,81,11,0,11,2093,0,0,0,11,20.361904562985586,59.69300739056282,58.064516129032256,103,13.52015732546706,33.333333333333336,63.1578947368421,48.484848484848484,1.4545454545454546,3,5,24,80.29049211657909,35,16,0,22,10,32,1,42,21,16,3,3,3,22,18,3,5,58,24,21,10,69,80,6,1,12,2093,0,0,0,13,-20.361904562985586,50.97517730496453,43.96551724137931,73,15.06024096385542,30.303030303030305,81.81818181818181,66.66666666666667,1.3333333333333333,3,5,2,80.29049211657909
S41G01N195,2022-2023,20230210,565,home,50,16,2,23,11,34,3,45,27,17,6,0,0,19,12,8,14,62,33,20,8,84,81,11,0,11,2095,0,0,0,11,20.361904562985586,59.69300739056282,58.064516129032256,103,13.52015732546706,32.35294117647059,63.1578947368421,48.484848484848484,1.4545454545454546,3,5,24,80.21384248210025,35,16,0,23,10,33,1,42,21,16,3,3,3,22,18,3,5,58,24,21,10,69,80,6,1,12,2095,0,0,0,13,-20.361904562985586,50.97517730496453,43.96551724137931,74,15.06024096385542,30.303030303030305,81.81818181818181,66.66666666666667,1.3333333333333333,3,5,2,80.21384248210025
S41G01N195,2022-2023,20230210,566,home,50,16,2,23,11,34,3,45,27,17,6,0,0,19,12,8,14,62,33,20,8,84,81,11,0,11,2103,0,0,0,11,18.93327001598699,59.69300739056282,58.064516129032256,103,13.52015732546706,32.35294117647059,63.1578947368421,48.484848484848484,1.4545454545454546,5,5,24,80.47931526390872,35,16,0,23,10,33,1,43,22,16,3,4,4,22,18,3,5,59,25,21,10,71,81,6,1,12,2103,0,0,0,13,-18.93327001598699,51.68899242865462,44.91525423728814,76,14.873574615765987,30.303030303030305,81.81818181818181,64.0,1.3333333333333333,5,5,2,80.47931526390872
S41G01N195,2022-2023,20230210,567,home,50,16,2,23,11,34,3,45,27,17,6,0,0,19,12,8,14,62,33,20,8,84,81,11,0,11,2103,0,0,0,11,18.93327001598699,59.69300739056282,58.064516129032256,103,13.52015732546706,32.35294117647059,63.1578947368421,48.484848484848484,1.4545454545454546,5,5,24,80.47931526390872,35,17,0,23,10,33,1,43,22,16,3,4,4,22,18,3,5,59,25,21,10,71,81,6,1,12,2103,0,0,0,13,-18.93327001598699,51.68899242865462,44.91525423728814,77,14.873574615765987,30.303030303030305,81.81818181818181,68.0,1.4166666666666667,5,5,2,80.47931526390872
S41G01N195,2022-2023,20230210,568,home,50,16,2,23,11,34,3,45,27,17,6,0,0,19,12,8,14,62,33,20,8,84,81,11,0,11,2103,0,0,0,11,18.93327001598699,59.69300739056282,58.064516129032256,103,13.52015732546706,32.35294117647059,63.1578947368421,48.484848484848484,1.4545454545454546,5,5,24,80.47931526390872,35,17,0,23,10,33,1,43,22,16,3,4,4,22,18,3,5,59,25,21,10,71,81,6,1,12,2103,0,0,0,13,-18.93327001598699,51.68899242865462,44.91525423728814,77,14.873574615765987,30.303030303030305,81.81818181818181,68.0,1.4166666666666667,5,5,2,80.47931526390872
S41G01N195,2022-2023,20230210,569,home,50,16,2,23,11,34,3,45,27,17,6,0,0,19,12,8,14,62,33,20,8,84,81,11,0,11,2114,0,0,0,11,18.93327001598699,59.69300739056282,58.064516129032256,103,13.52015732546706,32.35294117647059,63.1578947368421,48.484848484848484,1.4545454545454546,5,5,24,80.06054872280039,35,17,0,23,10,33,1,43,22,16,3,4,4,22,18,3,5,59,25,22,10,71,81,6,1,12,2114,0,0,0,13,-18.93327001598699,51.68899242865462,44.91525423728814,77,14.873574615765987,30.303030303030305,81.81818181818181,68.0,1.4166666666666667,5,5,2,80.06054872280039
S41G01N195,2022-2023,20230210,570,home,50,16,2,23,11,34,3,45,27,17,6,0,0,19,12,8,14,62,33,20,8,84,81,11,0,11,2114,0,0,0,11,18.93327001598699,59.69300739056282,58.064516129032256,103,13.52015732546706,32.35294117647059,63.1578947368421,48.484848484848484,1.4545454545454546,5,5,24,80.06054872280039,35,17,0,23,10,33,1,43,22,16,3,4,4,22,18,3,5,59,25,22,10,71,81,6,1,12,2114,0,0,0,13,-18.93327001598699,51.68899242865462,44.91525423728814,77,14.873574615765987,30.303030303030305,81.81818181818181,68.0,1.4166666666666667,5,5,2,80.06054872280039
S41G01N195,2022-2023,20230210,571,home,50,17,2,23,11,34,3,45,27,17,6,0,0,19,12,8,14,62,33,20,8,84,81,11,0,11,2114,0,0,0,11,18.93327001598699,59.69300739056282,58.064516129032256,104,13.52015732546706,32.35294117647059,63.1578947368421,51.515151515151516,1.5454545454545454,5,5,24,80.06054872280039,35,17,0,23,10,33,1,43,22,16,3,4,4,22,18,3,5,59,25,22,10,71,81,6,1,12,2114,0,0,0,13,-18.93327001598699,51.68899242865462,44.91525423728814,77,14.873574615765987,30.303030303030305,81.81818181818181,68.0,1.4166666666666667,5,5,2,80.06054872280039
S41G01N195,2022-2023,20230210,572,home,50,17,2,23,11,34,3,45,27,17,6,0,0,19,12,8,14,62,33,20,8,84,81,11,0,11,2114,0,0,0,11,18.93327001598699,59.69300739056282,58.064516129032256,104,13.52015732546706,32.35294117647059,63.1578947368421,51.515151515151516,1.5454545454545454,5,5,24,80.06054872280039,35,17,0,23,10,33,1,43,22,16,3,4,4,22,18,3,5,59,25,22,10,71,81,6,1,12,2114,0,0,1,13,-18.93327001598699,51.68899242865462,44.91525423728814,77,14.873574615765987,30.303030303030305,81.81818181818181,68.0,1.4166666666666667,5,5,2,80.06054872280039
S41G01N195,2022-2023,20230210,573,home,50,17,2,23,11,34,3,45,27,17,6,0,0,19,12,8,14,62,33,20,8,84,81,11,0,11,2114,0,0,0,11,18.93327001598699,59.69300739056282,58.064516129032256,104,13.52015732546706,32.35294117647059,63.1578947368421,51.515151515151516,1.5454545454545454,5,5,24,80.06054872280039,35,17,0,23,10,33,1,43,22,16,3,4,4,22,18,3,5,59,25,22,10,71,81,6,1,12,2114,0,0,1,13,-18.93327001598699,51.68899242865462,44.91525423728814,77,14.873574615765987,30.303030303030305,81.81818181818181,68.0,1.4166666666666667,5,5,2,80.06054872280039
S41G01N195,2022-2023,20230210,574,home,50,17,2,23,11,34,3,45,27,17,6,0,0,20,12,8,14,62,33,20,8,84,82,11,0,11,2114,0,0,0,11,18.191323031471526,59.32203389830509,58.064516129032256,103,13.447432762836186,32.35294117647059,60.0,51.515151515151516,1.5454545454545454,5,5,24,80.31031220435194,35,17,0,23,10,33,1,43,22,16,3,4,4,22,18,3,5,59,25,22,10,71,81,6,1,12,2114,0,0,1,13,-18.191323031471526,51.68899242865462,44.91525423728814,77,14.873574615765987,30.303030303030305,81.81818181818181,68.0,1.4166666666666667,5,5,2,80.31031220435194
S41G01N195,2022-2023,20230210,575,home,50,17,2,23,11,34,3,45,27,17,6,0,0,21,13,8,14,62,33,20,8,85,83,11,0,11,2114,0,0,0,11,18.862246812626665,59.657495788882656,58.064516129032256,104,13.375486381322958,32.35294117647059,61.904761904761905,51.515151515151516,1.5454545454545454,1,5,24,80.5600756859035,35,17,0,23,10,33,1,43,22,16,3,4,4,22,18,3,5,59,25,22,10,71,81,6,1,12,2114,0,0,1,13,-18.862246812626665,51.68899242865462,44.91525423728814,77,14.873574615765987,30.303030303030305,81.81818181818181,68.0,1.4166666666666667,1,5,2,80.5600756859035
S41G01N195,2022-2023,20230210,576,home,50,17,2,23,11,34,3,45,27,17,6,0,0,21,13,8,14,62,33,20,8,85,83,11,0,11,2127,0,0,0,11,20.263652292051034,59.657495788882656,58.064516129032256,104,13.375486381322958,32.35294117647059,61.904761904761905,51.515151515151516,1.5454545454545454,1,5,24,80.63187588152329,35,17,0,23,10,33,1,44,22,16,3,4,4,22,18,3,5,60,25,22,10,71,82,6,1,12,2127,0,0,1,13,-20.263652292051034,50.947187141216986,44.166666666666664,76,14.691478942213514,30.303030303030305,81.81818181818181,68.0,1.4166666666666667,1,5,2,80.63187588152329
S41G01N195,2022-2023,20230210,577,home,50,17,2,24,11,35,3,45,27,17,6,0,0,21,13,8,14,62,33,20,8,85,83,11,0,11,2129,0,0,0,11,20.263652292051034,59.657495788882656,58.064516129032256,105,13.375486381322958,32.35294117647059,61.904761904761905,51.515151515151516,1.5454545454545454,1,5,24,80.55612963832787,35,17,0,23,10,33,1,44,22,16,3,4,4,22,18,3,5,60,25,22,10,71,82,6,1,12,2129,0,0,1,13,-20.263652292051034,50.947187141216986,44.166666666666664,76,14.691478942213514,29.41176470588235,81.81818181818181,68.0,1.4166666666666667,1,5,2,80.55612963832787
S41G01N195,2022-2023,20230210,578,home,50,17,2,24,11,35,3,46,28,17,6,0,0,21,13,8,14,63,34,20,8,87,84,11,0,11,2149,0,0,0,11,21.38055440199338,60.21594684385383,58.73015873015873,107,13.214800576645844,32.35294117647059,61.904761904761905,50.0,1.5454545454545454,3,5,24,80.36482084690554,35,17,0,23,10,33,1,44,22,16,3,4,4,22,18,3,5,60,25,22,10,71,82,6,1,12,2149,0,0,1,13,-21.38055440199338,50.947187141216986,44.166666666666664,76,14.691478942213514,29.41176470588235,81.81818181818181,68.0,1.4166666666666667,3,5,2,80.36482084690554
S41G01N195,2022-2023,20230210,579,home,50,17,2,24,11,35,3,46,28,17,6,0,0,21,13,8,14,63,34,21,8,87,84,11,0,11,2155,0,0,0,11,21.38055440199338,60.21594684385383,58.73015873015873,107,13.214800576645844,32.35294117647059,61.904761904761905,50.0,1.5454545454545454,3,5,24,80.14106728538283,35,17,0,23,10,33,1,44,22,16,3,4,4,22,18,3,5,60,25,22,10,71,82,6,1,12,2155,0,0,1,13,-21.38055440199338,50.947187141216986,44.166666666666664,76,14.691478942213514,29.41176470588235,81.81818181818181,68.0,1.4166666666666667,3,5,2,80.14106728538283
S41G01N195,2022-2023,20230210,580,home,50,17,2,24,11,35,3,46,28,17,6,0,0,21,13,8,14,63,34,21,8,87,84,11,0,11,2155,0,0,0,11,21.38055440199338,60.21594684385383,58.73015873015873,107,13.214800576645844,32.35294117647059,61.904761904761905,50.0,1.5454545454545454,3,5,24,80.14106728538283,35,17,0,23,10,33,1,44,22,16,3,4,4,22,18,3,5,60,25,22,10,71,82,6,1,12,2155,0,0,1,13,-21.38055440199338,50.947187141216986,44.166666666666664,76,14.691478942213514,29.41176470588235,81.81818181818181,68.0,1.4166666666666667,3,5,2,80.14106728538283
S41G01N195,2022-2023,20230210,581,home,50,17,2,24,11,35,3,46,28,17,6,0,0,21,13,8,14,63,34,21,8,87,84,11,0,11,2155,0,0,0,11,21.38055440199338,60.21594684385383,58.73015873015873,107,13.214800576645844,32.35294117647059,61.904761904761905,50.0,1.5454545454545454,3,5,24,80.14106728538283,35,18,0,23,10,33,1,44,22,16,3,4,4,22,18,3,5,60,25,22,10,71,82,6,1,12,2155,0,0,1,13,-21.38055440199338,50.947187141216986,44.166666666666664,77,14.691478942213514,29.41176470588235,81.81818181818181,72.0,1.5,3,5,2,80.14106728538283
S41G01N195,2022-2023,20230210,582,home,50,17,2,24,11,35,3,46,28,17,6,0,0,21,13,8,14,63,34,21,8,87,84,11,0,11,2155,0,0,0,11,21.38055440199338,60.21594684385383,58.73015873015873,107,13.214800576645844,32.35294117647059,61.904761904761905,50.0,1.5454545454545454,3,5,24,80.14106728538283,35,18,0,23,10,33,1,44,22,16,3,4,4,22,18,3,5,60,25,22,10,71,82,6,1,12,2155,0,0,1,13,-21.38055440199338,50.947187141216986,44.166666666666664,77,14.691478942213514,29.41176470588235,81.81818181818181,72.0,1.5,3,5,2,80.14106728538283
S41G01N195,2022-2023,20230210,583,home,50,17,2,24,11,35,3,46,28,17,6,0,0,21,13,8,14,63,34,21,8,87,84,11,0,11,2155,0,0,0,11,21.38055440199338,60.21594684385383,58.73015873015873,107,13.214800576645844,32.35294117647059,61.904761904761905,50.0,1.5454545454545454,3,5,24,80.14106728538283,35,18,0,23,10,33,1,44,22,16,3,4,4,22,18,3,5,60,25,22,10,71,82,6,1,12,2155,0,0,1,13,-21.38055440199338,50.947187141216986,44.166666666666664,77,14.691478942213514,29.41176470588235,81.81818181818181,72.0,1.5,3,5,2,80.14106728538283
S41G01N195,2022-2023,20230210,584,home,50,17,2,24,11,35,3,46,28,17,6,0,0,21,13,8,14,63,34,21,8,87,84,11,0,11,2155,0,0,0,11,20.59828303878919,60.21594684385383,58.73015873015873,107,13.214800576645844,32.35294117647059,61.904761904761905,50.0,1.5454545454545454,1,5,24,80.38607888631091,35,18,0,23,10,33,1,44,22,16,3,4,4,23,19,3,5,60,25,22,10,72,83,6,1,12,2155,0,0,1,13,-20.59828303878919,51.3405590416429,44.166666666666664,78,14.612761811982464,29.41176470588235,82.6086956521739,72.0,1.5,1,5,2,80.38607888631091
S41G01N195,2022-2023,20230210,585,home,50,17,2,24,11,35,3,46,28,17,6,0,0,21,13,8,14,63,34,21,8,87,84,11,0,11,2155,0,0,0,11,19.825498979879654,60.21594684385383,58.73015873015873,107,13.214800576645844,32.35294117647059,61.904761904761905,50.0,1.5454545454545454,2,5,24,80.63109048723898,35,18,0,23,10,33,1,44,22,16,3,4,4,24,20,3,5,60,25,22,10,73,84,6,1,12,2155,0,0,1,13,-19.825498979879654,51.729024943310655,44.166666666666664,79,14.534883720930232,29.41176470588235,83.33333333333333,72.0,1.5,2,5,2,80.63109048723898
S41G01N195,2022-2023,20230210,586,home,50,17,2,24,11,35,3,46,28,17,6,0,0,21,13,8,14,63,34,21,8,87,84,11,0,11,2155,0,0,0,11,19.062030674009023,60.21594684385383,58.73015873015873,107,13.214800576645844,32.35294117647059,61.904761904761905,50.0,1.5454545454545454,3,5,24,80.87610208816706,35,18,0,23,10,33,1,44,22,16,3,4,4,25,21,3,5,60,25,22,10,74,85,6,1,12,2155,0,0,1,13,-19.062030674009023,52.11267605633803,44.166666666666664,80,14.457831325301205,29.41176470588235,84.0,72.0,1.5,3,5,2,80.87610208816706
S41G01N195,2022-2023,20230210,587,home,50,17,2,24,11,35,3,47,29,17,6,0,0,21,13,8,14,64,35,21,8,89,85,11,0,11,2171,0,0,0,11,20.148432999408968,60.7591480065538,59.375,109,13.057929724596391,32.35294117647059,61.904761904761905,48.57142857142857,1.5454545454545454,2,5,24,80.83279594656841,35,18,0,23,10,33,1,44,22,16,3,4,4,25,21,3,5,60,25,22,10,74,85,6,1,12,2171,0,0,1,13,-20.148432999408968,52.11267605633803,44.166666666666664,80,14.457831325301205,29.41176470588235,84.0,72.0,1.5,2,5,2,80.83279594656841
S41G01N195,2022-2023,20230210,588,home,50,17,2,24,11,35,3,47,29,17,6,0,0,21,13,8,14,64,35,21,8,89,85,11,0,11,2194,0,0,0,11,21.5182960131076,60.7591480065538,59.375,109,13.057929724596391,32.35294117647059,61.904761904761905,48.57142857142857,1.5454545454545454,2,5,24,80.5323609845032,35,18,0,23,10,33,1,44,22,17,3,4,4,25,21,3,5,61,25,22,10,74,86,6,1,12,2194,0,0,1,13,-21.5182960131076,51.388888888888886,43.442622950819676,79,14.285714285714286,29.41176470588235,84.0,72.0,1.5,2,5,2,80.5323609845032
S41G01N195,2022-2023,20230210,589,home,50,17,2,25,11,36,3,47,29,17,6,0,0,21,13,8,14,64,35,21,8,89,85,11,0,11,2196,0,0,0,11,21.5182960131076,60.7591480065538,59.375,110,13.057929724596391,32.35294117647059,61.904761904761905,48.57142857142857,1.5454545454545454,2,5,24,80.45901639344264,35,18,0,23,10,33,1,44,22,17,3,4,4,25,21,3,5,61,25,22,10,74,86,6,1,12,2196,0,0,1,13,-21.5182960131076,51.388888888888886,43.442622950819676,79,14.285714285714286,28.571428571428573,84.0,72.0,1.5,2,5,2,80.45901639344264
S41G01N195,2022-2023,20230210,590,home,50,17,2,25,11,36,3,48,30,17,6,0,0,21,13,8,14,65,36,21,8,91,86,11,0,11,2213,0,0,0,11,22.57543103448276,61.28771551724138,60.0,112,12.904739558892539,32.35294117647059,61.904761904761905,47.22222222222222,1.5454545454545454,4,5,24,80.3831902394939,35,18,0,23,10,33,1,44,22,17,3,4,4,25,21,3,5,61,25,22,10,74,86,6,1,12,2213,0,0,1,13,-22.57543103448276,51.388888888888886,43.442622950819676,79,14.285714285714286,28.571428571428573,84.0,72.0,1.5,4,5,2,80.3831902394939
S41G01N195,2022-2023,20230210,591,home,50,18,2,25,11,36,3,48,30,17,6,0,0,21,13,8,14,65,36,21,8,91,86,11,0,11,2213,0,0,0,11,22.57543103448276,61.28771551724138,60.0,113,12.904739558892539,32.35294117647059,61.904761904761905,50.0,1.6363636363636365,4,5,24,80.3831902394939,35,18,0,23,10,33,1,44,22,17,3,4,4,25,21,3,5,61,25,22,10,74,86,6,1,12,2213,0,0,1,13,-22.57543103448276,51.388888888888886,43.442622950819676,79,14.285714285714286,28.571428571428573,84.0,72.0,1.5,4,5,2,80.3831902394939
S41G01N195,2022-2023,20230210,592,home,50,18,2,25,11,36,3,48,30,17,6,0,0,21,13,8,14,65,36,21,8,91,86,11,0,11,2213,0,0,0,11,22.57543103448276,61.28771551724138,60.0,113,12.904739558892539,32.35294117647059,61.904761904761905,50.0,1.6363636363636365,4,5,24,80.3831902394939,35,18,0,23,10,33,1,44,22,17,3,4,4,25,21,3,5,61,25,22,10,74,86,6,1,12,2213,0,0,1,13,-22.57543103448276,51.388888888888886,43.442622950819676,79,14.285714285714286,28.571428571428573,84.0,72.0,1.5,4,5,2,80.3831902394939
S41G01N195,2022-2023,20230210,593,home,50,18,2,25,11,36,3,48,30,17,6,0,0,21,13,8,14,65,36,21,8,91,86,11,0,11,2213,0,0,0,11,22.57543103448276,61.28771551724138,60.0,113,12.904739558892539,32.35294117647059,61.904761904761905,50.0,1.6363636363636365,4,5,24,80.3831902394939,35,18,0,23,10,33,1,44,22,17,3,4,4,25,21,3,5,61,25,22,10,74,86,6,1,12,2213,0,0,1,13,-22.57543103448276,51.388888888888886,43.442622950819676,79,14.285714285714286,28.571428571428573,84.0,72.0,1.5,4,5,2,80.3831902394939
S41G01N195,2022-2023,20230210,594,home,50,18,2,25,11,36,3,48,30,17,6,0,0,21,13,8,14,65,36,21,8,91,86,11,0,11,2213,0,0,0,11,22.57543103448276,61.28771551724138,60.0,113,12.904739558892539,32.35294117647059,61.904761904761905,50.0,1.6363636363636365,4,5,24,80.3831902394939,35,18,0,23,10,33,1,44,22,17,3,4,4,25,21,3,5,61,25,22,10,74,86,6,1,12,2213,0,0,1,13,-22.57543103448276,51.388888888888886,43.442622950819676,79,14.285714285714286,28.571428571428573,84.0,72.0,1.5,4,5,2,80.3831902394939
S41G01N195,2022-2023,20230210,595,home,50,18,2,25,11,36,3,48,30,17,6,0,0,21,13,8,14,65,36,21,8,91,86,11,0,11,2213,0,0,0,11,22.57543103448276,61.28771551724138,60.0,113,12.904739558892539,32.35294117647059,61.904761904761905,50.0,1.6363636363636365,4,5,24,80.3831902394939,35,18,0,23,10,33,1,44,22,17,3,4,4,25,21,3,5,61,25,22,10,74,86,6,1,12,2213,0,0,1,13,-22.57543103448276,51.388888888888886,43.442622950819676,79,14.285714285714286,28.571428571428573,84.0,72.0,1.5,4,5,2,80.3831902394939
S41G01N195,2022-2023,20230210,596,home,50,18,2,25,11,36,3,48,30,17,6,0,0,21,13,8,14,65,36,21,8,91,86,11,0,11,2213,0,0,0,11,22.57543103448276,61.28771551724138,60.0,113,12.904739558892539,32.35294117647059,61.904761904761905,50.0,1.6363636363636365,4,5,24,80.3831902394939,35,18,0,23,10,33,1,44,22,17,3,4,4,25,21,3,5,61,25,22,10,74,86,6,1,12,2213,0,0,1,13,-22.57543103448276,51.388888888888886,43.442622950819676,79,14.285714285714286,28.571428571428573,84.0,72.0,1.5,4,5,2,80.3831902394939
S41G01N195,2022-2023,20230210,597,home,50,18,2,25,11,36,3,48,30,17,6,0,0,21,13,8,14,65,36,21,8,91,86,11,0,11,2213,0,0,0,11,22.57543103448276,61.28771551724138,60.0,113,12.904739558892539,32.35294117647059,61.904761904761905,50.0,1.6363636363636365,4,5,24,80.3831902394939,35,18,0,23,10,33,1,44,22,17,3,4,4,25,21,3,5,61,25,22,10,74,86,6,1,12,2213,0,0,1,13,-22.57543103448276,51.388888888888886,43.442622950819676,79,14.285714285714286,28.571428571428573,84.0,72.0,1.5,4,5,2,80.3831902394939
S41G01N195,2022-2023,20230210,598,home,50,18,2,25,11,36,3,48,30,17,6,0,0,21,13,8,14,65,36,21,8,91,86,11,0,11,2213,0,0,0,11,22.57543103448276,61.28771551724138,60.0,113,12.904739558892539,32.35294117647059,61.904761904761905,50.0,1.6363636363636365,4,5,24,80.3831902394939,35,18,0,23,10,33,1,44,22,17,3,4,4,25,21,3,5,61,25,22,10,74,86,6,1,12,2213,0,0,1,13,-22.57543103448276,51.388888888888886,43.442622950819676,79,14.285714285714286,28.571428571428573,84.0,72.0,1.5,4,5,2,80.3831902394939
S41G01N195,2022-2023,20230210,599,home,50,18,2,25,11,36,3,48,30,17,6,0,0,21,13,8,14,65,36,21,8,91,86,11,0,11,2213,0,0,0,11,22.57543103448276,61.28771551724138,60.0,113,12.904739558892539,32.35294117647059,61.904761904761905,50.0,1.6363636363636365,4,5,24,80.3831902394939,35,18,0,23,10,33,1,44,22,17,3,4,4,25,21,3,5,61,25,22,10,74,86,6,1,12,2213,0,0,1,13,-22.57543103448276,51.388888888888886,43.442622950819676,79,14.285714285714286,28.571428571428573,84.0,72.0,1.5,4,5,2,80.3831902394939
S41G01N195,2022-2023,20230210,600,home,50,18,2,25,11,36,3,48,30,17,6,0,0,21,13,8,14,65,36,21,8,91,86,11,0,11,2213,0,0,0,11,22.57543103448276,61.28771551724138,60.0,113,12.904739558892539,32.35294117647059,61.904761904761905,50.0,1.6363636363636365,4,5,24,80.3831902394939,35,18,0,23,10,33,1,44,22,17,3,4,4,25,21,3,5,61,25,22,10,74,86,6,1,12,2213,0,0,1,13,-22.57543103448276,51.388888888888886,43.442622950819676,79,14.285714285714286,28.571428571428573,84.0,72.0,1.5,4,5,2,80.3831902394939
S41G01N195,2022-2023,20230210,601,home,50,18,2,25,11,36,3,48,30,17,6,0,0,21,13,8,14,65,36,21,8,91,86,11,0,11,2213,0,0,0,11,22.57543103448276,61.28771551724138,60.0,113,12.904739558892539,32.35294117647059,61.904761904761905,50.0,1.6363636363636365,4,5,24,80.3831902394939,35,18,0,23,10,33,1,44,22,17,3,4,4,25,21,3,5,61,25,22,10,74,86,6,1,12,2213,0,0,1,13,-22.57543103448276,51.388888888888886,43.442622950819676,79,14.285714285714286,28.571428571428573,84.0,72.0,1.5,4,5,2,80.3831902394939
S41G01N195,2022-2023,20230210,602,home,50,18,2,25,11,36,3,48,30,17,6,0,0,21,13,8,14,65,36,21,8,91,86,11,0,11,2213,0,0,0,11,22.57543103448276,61.28771551724138,60.0,113,12.904739558892539,32.35294117647059,61.904761904761905,50.0,1.6363636363636365,4,5,24,80.3831902394939,35,18,0,23,10,33,1,44,22,17,3,4,4,25,21,3,5,61,25,22,10,74,86,6,1,12,2213,0,0,1,13,-22.57543103448276,51.388888888888886,43.442622950819676,79,14.285714285714286,28.571428571428573,84.0,72.0,1.5,4,5,2,80.3831902394939
S41G01N195,2022-2023,20230210,603,home,50,18,2,25,11,36,3,48,30,17,6,0,0,21,13,8,14,65,36,21,8,91,86,11,0,11,2213,0,0,0,11,22.57543103448276,61.28771551724138,60.0,113,12.904739558892539,32.35294117647059,61.904761904761905,50.0,1.6363636363636365,4,5,24,80.3831902394939,35,18,0,23,10,33,1,44,22,17,3,4,4,25,21,3,5,61,25,22,10,74,86,6,1,12,2213,0,0,1,13,-22.57543103448276,51.388888888888886,43.442622950819676,79,14.285714285714286,28.571428571428573,84.0,72.0,1.5,4,5,2,80.3831902394939
S41G01N195,2022-2023,20230210,604,home,50,18,2,25,11,36,3,48,30,17,6,0,0,21,13,8,14,65,36,21,8,91,86,11,0,11,2213,0,0,0,11,22.57543103448276,61.28771551724138,60.0,113,12.904739558892539,32.35294117647059,61.904761904761905,50.0,1.6363636363636365,4,5,24,80.3831902394939,35,18,0,23,10,33,1,44,22,17,3,4,4,25,21,3,5,61,25,22,10,74,86,6,1,12,2213,0,0,1,13,-22.57543103448276,51.388888888888886,43.442622950819676,79,14.285714285714286,28.571428571428573,84.0,72.0,1.5,4,5,2,80.3831902394939
S41G01N195,2022-2023,20230210,605,home,50,18,2,25,11,36,3,48,30,17,6,0,0,21,13,8,14,65,36,21,8,91,86,11,0,11,2226,0,0,0,11,23.90876436781609,61.28771551724138,60.0,113,12.904739558892539,32.35294117647059,61.904761904761905,50.0,1.6363636363636365,4,5,24,80.45283018867924,35,18,0,23,10,33,1,44,22,17,3,4,4,25,21,3,5,61,25,22,10,74,86,6,1,13,2226,0,0,1,14,-23.90876436781609,51.388888888888886,43.442622950819676,78,15.294117647058824,28.571428571428573,84.0,72.0,1.3846153846153846,4,5,2,80.45283018867924
S41G01N195,2022-2023,20230210,606,home,50,18,2,25,11,36,3,48,30,17,6,0,0,21,13,8,14,65,36,21,8,91,86,11,0,11,2226,0,0,0,11,23.90876436781609,61.28771551724138,60.0,113,12.904739558892539,32.35294117647059,61.904761904761905,50.0,1.6363636363636365,4,5,24,80.45283018867924,35,18,0,23,10,33,1,44,22,17,3,4,4,25,21,3,5,61,25,22,10,74,86,6,1,13,2226,0,0,1,14,-23.90876436781609,51.388888888888886,43.442622950819676,78,15.294117647058824,28.571428571428573,84.0,72.0,1.3846153846153846,4,5,2,80.45283018867924
S41G01N195,2022-2023,20230210,607,home,50,18,2,25,11,36,3,48,30,17,6,0,0,21,13,8,14,65,36,21,8,91,86,11,0,11,2226,0,0,0,11,23.90876436781609,61.28771551724138,60.0,113,12.904739558892539,32.35294117647059,61.904761904761905,50.0,1.6363636363636365,4,5,24,80.45283018867924,35,18,0,23,10,33,1,44,22,17,3,4,4,25,21,3,5,61,25,22,10,74,86,6,1,13,2226,0,0,1,14,-23.90876436781609,51.388888888888886,43.442622950819676,78,15.294117647058824,28.571428571428573,84.0,72.0,1.3846153846153846,4,5,2,80.45283018867924
S41G01N195,2022-2023,20230210,608,home,50,18,2,25,11,36,3,49,31,17,6,0,0,21,13,8,14,66,37,21,8,93,87,11,0,11,2237,0,0,0,11,24.9377990430622,61.802232854864435,60.60606060606061,115,12.755102040816327,32.35294117647059,61.904761904761905,48.648648648648646,1.6363636363636365,6,5,24,80.59365221278499,35,18,0,23,10,33,1,44,22,17,3,4,4,25,21,3,5,61,25,22,10,74,86,6,1,13,2237,0,0,1,14,-24.9377990430622,51.388888888888886,43.442622950819676,78,15.294117647058824,28.571428571428573,84.0,72.0,1.3846153846153846,6,5,2,80.59365221278499
S41G01N195,2022-2023,20230210,609,home,50,18,2,25,11,36,3,49,31,17,6,0,0,21,13,8,14,66,37,21,8,93,87,11,0,11,2256,0,0,0,11,26.236044657097295,61.802232854864435,60.60606060606061,115,12.755102040816327,32.35294117647059,61.904761904761905,48.648648648648646,1.6363636363636365,6,5,24,80.4468085106383,35,18,0,23,10,33,1,45,22,17,3,4,4,25,21,3,5,62,25,22,10,74,87,6,1,13,2256,0,0,1,14,-26.236044657097295,50.68493150684932,42.74193548387097,77,15.116279069767442,28.571428571428573,84.0,72.0,1.3846153846153846,6,5,2,80.4468085106383
S41G01N195,2022-2023,20230210,610,home,50,18,2,25,11,36,3,49,31,17,6,0,0,21,13,8,14,66,37,21,8,93,87,11,0,11,2258,0,0,0,11,24.9377990430622,61.802232854864435,60.60606060606061,115,12.755102040816327,32.35294117647059,61.904761904761905,48.648648648648646,1.6363636363636365,6,5,24,79.84410983170947,35,18,0,23,11,34,1,45,22,17,3,4,4,25,21,3,5,62,25,22,10,74,87,6,1,13,2258,0,0,1,14,-24.9377990430622,50.68493150684932,42.74193548387097,78,15.116279069767442,30.555555555555557,84.0,72.0,1.3846153846153846,6,5,2,79.84410983170947
S41G01N195,2022-2023,20230210,611,home,50,18,2,25,11,36,3,49,31,17,6,0,0,21,13,8,14,66,37,21,8,93,87,11,0,11,2264,0,0,0,11,23.60446570972887,61.802232854864435,60.60606060606061,115,12.755102040816327,32.35294117647059,61.904761904761905,48.648648648648646,1.6363636363636365,2,5,24,80.16254416961131,35,18,0,23,11,34,1,46,23,17,3,4,4,25,21,3,5,63,26,22,10,76,88,6,1,13,2264,0,0,1,14,-23.60446570972887,51.351351351351354,43.65079365079365,80,14.942528735632184,30.555555555555557,84.0,69.23076923076923,1.3846153846153846,2,5,2,80.16254416961131
S41G01N195,2022-2023,20230210,612,home,50,18,2,25,11,36,3,49,31,17,6,0,0,21,13,8,14,66,37,22,9,93,87,11,0,11,2280,0,0,0,11,23.60446570972887,61.802232854864435,60.60606060606061,115,12.755102040816327,32.35294117647059,61.904761904761905,48.648648648648646,1.6363636363636365,2,5,24,79.6,35,18,0,23,11,34,1,46,23,17,3,4,4,25,21,3,5,63,26,22,10,76,88,6,1,13,2280,0,0,1,14,-23.60446570972887,51.351351351351354,43.65079365079365,80,14.942528735632184,30.555555555555557,84.0,69.23076923076923,1.3846153846153846,2,5,2,79.6
S41G01N195,2022-2023,20230210,613,home,50,18,2,25,11,36,3,49,31,17,6,0,0,21,13,8,14,66,37,22,9,93,87,11,0,11,2280,0,0,0,11,23.60446570972887,61.802232854864435,60.60606060606061,115,12.755102040816327,32.35294117647059,61.904761904761905,48.648648648648646,1.6363636363636365,2,5,24,79.6,35,18,0,23,11,34,1,46,23,17,3,4,4,25,21,3,5,63,26,22,10,76,88,6,1,13,2280,0,0,1,14,-23.60446570972887,51.351351351351354,43.65079365079365,80,14.942528735632184,30.555555555555557,84.0,69.23076923076923,1.3846153846153846,2,5,2,79.6
S41G01N195,2022-2023,20230210,614,home,50,18,2,25,11,36,3,49,31,17,6,0,0,21,13,8,14,66,37,22,9,93,87,11,0,12,2280,0,0,0,12,21.983210912906614,61.802232854864435,60.60606060606061,114,13.75515818431912,32.35294117647059,61.904761904761905,48.648648648648646,1.5,2,5,24,80.12631578947368,35,18,0,23,11,34,1,46,23,17,3,4,4,25,21,3,5,63,26,22,10,76,88,6,1,13,2280,0,0,1,14,-21.983210912906614,51.351351351351354,43.65079365079365,80,14.942528735632184,30.555555555555557,84.0,69.23076923076923,1.3846153846153846,2,5,2,80.12631578947368
S41G01N195,2022-2023,20230210,615,home,50,18,2,25,11,36,3,49,31,17,6,0,0,21,13,8,14,66,37,22,9,93,87,11,0,12,2280,0,0,0,12,21.983210912906614,61.802232854864435,60.60606060606061,114,13.75515818431912,32.35294117647059,61.904761904761905,48.648648648648646,1.5,2,5,24,80.12631578947368,35,18,0,23,11,34,1,46,23,17,3,4,4,25,21,3,5,63,26,22,10,76,88,6,1,13,2280,0,0,1,14,-21.983210912906614,51.351351351351354,43.65079365079365,80,14.942528735632184,30.555555555555557,84.0,69.23076923076923,1.3846153846153846,2,5,2,80.12631578947368
S41G01N195,2022-2023,20230210,616,home,50,18,2,25,11,36,3,49,31,17,6,0,0,21,13,8,14,66,37,22,9,93,87,11,0,12,2304,0,0,0,12,23.281912211607917,61.802232854864435,60.60606060606061,114,13.75515818431912,32.35294117647059,61.904761904761905,48.648648648648646,1.5,2,5,24,79.81250000000001,35,18,0,23,11,34,1,46,23,17,3,4,4,25,21,3,5,63,26,22,10,76,88,6,1,14,2304,0,0,1,15,-23.281912211607917,51.351351351351354,43.65079365079365,79,15.909090909090908,30.555555555555557,84.0,69.23076923076923,1.2857142857142858,2,5,2,79.81250000000001
S41G01N195,2022-2023,20230210,617,home,50,18,2,25,11,36,3,49,31,17,6,0,0,21,13,8,14,66,37,22,9,93,87,11,0,12,2304,0,0,0,12,23.281912211607917,61.802232854864435,60.60606060606061,114,13.75515818431912,32.35294117647059,61.904761904761905,48.648648648648646,1.5,2,5,24,79.81250000000001,35,18,0,23,11,34,1,46,23,17,3,4,4,25,21,3,5,63,26,22,10,76,88,6,1,14,2304,0,0,1,15,-23.281912211607917,51.351351351351354,43.65079365079365,79,15.909090909090908,30.555555555555557,84.0,69.23076923076923,1.2857142857142858,2,5,2,79.81250000000001
S41G01N195,2022-2023,20230210,618,home,50,18,2,25,11,36,3,49,31,17,6,0,0,21,13,8,14,66,37,22,9,93,87,11,0,12,2304,0,0,0,12,23.281912211607917,61.802232854864435,60.60606060606061,114,13.75515818431912,32.35294117647059,61.904761904761905,48.648648648648646,1.5,2,5,24,79.81250000000001,35,18,0,23,11,34,1,46,23,17,3,4,4,25,21,3,5,63,26,22,10,76,88,6,1,14,2304,0,0,1,15,-23.281912211607917,51.351351351351354,43.65079365079365,79,15.909090909090908,30.555555555555557,84.0,69.23076923076923,1.2857142857142858,2,5,2,79.81250000000001
S41G01N195,2022-2023,20230210,619,home,50,18,2,25,11,36,3,50,31,17,6,0,0,21,13,8,14,67,37,22,9,93,88,11,0,12,2320,0,0,0,12,21.702637083268897,60.99160545645331,59.701492537313435,113,13.59927470534905,32.35294117647059,61.904761904761905,48.648648648648646,1.5,2,5,24,79.77931034482759,35,18,0,23,11,34,1,46,23,17,3,4,4,25,21,3,5,63,26,22,10,76,88,6,1,14,2320,0,0,1,15,-21.702637083268897,51.351351351351354,43.65079365079365,79,15.909090909090908,30.555555555555557,84.0,69.23076923076923,1.2857142857142858,2,5,2,79.77931034482759
S41G01N195,2022-2023,20230210,620,home,50,18,2,25,11,36,3,50,31,17,6,0,0,21,13,8,14,67,37,22,9,93,88,11,0,12,2322,0,0,0,12,21.702637083268897,60.99160545645331,59.701492537313435,113,13.59927470534905,31.428571428571427,61.904761904761905,48.648648648648646,1.5,2,5,24,79.71059431524547,35,18,0,24,11,35,1,46,23,17,3,4,4,25,21,3,5,63,26,22,10,76,88,6,1,14,2322,0,0,1,15,-21.702637083268897,51.351351351351354,43.65079365079365,80,15.909090909090908,30.555555555555557,84.0,69.23076923076923,1.2857142857142858,2,5,2,79.71059431524547
S41G01N195,2022-2023,20230210,621,home,50,18,2,25,11,36,3,50,31,17,6,0,0,21,13,8,14,67,37,22,9,93,88,11,0,12,2334,0,0,0,12,22.968038348670163,60.99160545645331,59.701492537313435,113,13.59927470534905,31.428571428571427,61.904761904761905,48.648648648648646,1.5,2,5,24,79.81491002570694,35,18,0,24,11,35,1,47,23,17,3,4,4,25,21,3,5,64,26,22,10,76,89,6,1,14,2334,0,0,1,15,-22.968038348670163,50.666666666666664,42.96875,79,15.730337078651685,30.555555555555557,84.0,69.23076923076923,1.2857142857142858,2,5,2,79.81491002570694
S41G01N195,2022-2023,20230210,622,home,50,18,2,25,11,36,3,50,31,17,6,0,0,21,13,8,14,67,37,22,9,93,88,11,0,12,2335,0,0,0,12,21.702637083268897,60.99160545645331,59.701492537313435,113,13.59927470534905,31.428571428571427,61.904761904761905,48.648648648648646,1.5,2,5,24,79.26680942184154,35,18,0,24,12,36,1,47,23,17,3,4,4,25,21,3,5,64,26,22,10,76,89,6,1,14,2335,0,0,1,15,-21.702637083268897,50.666666666666664,42.96875,80,15.730337078651685,32.432432432432435,84.0,69.23076923076923,1.2857142857142858,2,5,2,79.26680942184154
S41G01N195,2022-2023,20230210,623,home,50,18,2,25,11,36,3,50,31,17,6,0,0,21,13,8,14,67,37,22,9,93,88,11,0,12,2338,0,0,0,12,20.403935784567594,60.99160545645331,59.701492537313435,113,13.59927470534905,31.428571428571427,61.904761904761905,48.648648648648646,1.5,4,5,24,79.67835757057314,35,18,0,24,12,36,1,48,24,17,3,4,4,25,21,3,5,65,27,22,10,78,90,6,1,14,2338,0,0,1,15,-20.403935784567594,51.31578947368421,43.84615384615385,82,15.555555555555555,32.432432432432435,84.0,66.66666666666667,1.2857142857142858,4,5,2,79.67835757057314
S41G01N195,2022-2023,20230210,624,home,50,18,2,25,11,36,3,50,31,18,7,0,0,21,13,8,14,68,38,22,9,96,89,11,0,12,2355,0,0,0,12,22.699386503067487,62.14396685655102,61.029411764705884,116,13.44688480502017,31.428571428571427,61.904761904761905,47.36842105263158,1.5,3,5,24,79.61273885350319,35,18,0,24,12,36,1,48,24,17,3,4,4,25,21,3,5,65,27,22,10,78,90,6,1,14,2355,0,0,1,15,-22.699386503067487,51.31578947368421,43.84615384615385,82,15.555555555555555,32.432432432432435,84.0,66.66666666666667,1.2857142857142858,3,5,2,79.61273885350319
S41G01N195,2022-2023,20230210,625,home,50,19,2,25,11,36,3,50,31,18,7,0,0,21,13,8,14,68,38,22,9,96,89,11,0,12,2355,0,0,0,12,22.699386503067487,62.14396685655102,61.029411764705884,117,13.44688480502017,31.428571428571427,61.904761904761905,50.0,1.5833333333333333,3,5,24,79.61273885350319,35,18,0,24,12,36,1,48,24,17,3,4,4,25,21,3,5,65,27,22,10,78,90,6,1,14,2355,0,0,1,15,-22.699386503067487,51.31578947368421,43.84615384615385,82,15.555555555555555,32.432432432432435,84.0,66.66666666666667,1.2857142857142858,3,5,2,79.61273885350319
S41G01N195,2022-2023,20230210,626,home,50,19,2,25,11,36,3,50,31,18,7,0,0,21,13,8,14,68,38,22,9,96,89,11,0,12,2373,0,0,0,12,23.965209287877613,62.14396685655102,61.029411764705884,117,13.44688480502017,31.428571428571427,61.904761904761905,50.0,1.5833333333333333,3,5,24,79.51453855878634,35,18,0,24,12,36,1,48,24,18,3,4,4,25,21,3,5,66,27,22,10,78,91,6,1,14,2373,0,0,1,15,-23.965209287877613,50.64935064935065,43.18181818181818,81,15.384615384615385,32.432432432432435,84.0,66.66666666666667,1.2857142857142858,3,5,2,79.51453855878634
S41G01N195,2022-2023,20230210,627,home,50,19,2,26,11,37,3,50,31,18,7,0,0,21,13,8,14,68,38,22,9,96,89,11,0,12,2377,0,0,0,12,23.965209287877613,62.14396685655102,61.029411764705884,118,13.44688480502017,31.428571428571427,61.904761904761905,50.0,1.5833333333333333,3,5,24,79.38073201514514,35,18,0,24,12,36,1,48,24,18,3,4,4,25,21,3,5,66,27,22,10,78,91,6,1,14,2377,0,0,1,15,-23.965209287877613,50.64935064935065,43.18181818181818,81,15.384615384615385,31.57894736842105,84.0,66.66666666666667,1.2857142857142858,3,5,2,79.38073201514514
S41G01N195,2022-2023,20230210,628,home,50,19,2,26,11,37,3,50,31,18,7,0,0,21,13,8,14,68,38,22,9,96,89,11,0,13,2397,0,0,0,13,22.416756656592057,62.14396685655102,61.029411764705884,117,14.406028368794328,31.428571428571427,61.904761904761905,50.0,1.4615384615384615,3,5,24,79.21902377972467,35,18,0,24,12,36,1,48,24,18,3,4,4,25,21,3,5,66,27,22,10,78,91,6,1,14,2397,0,0,1,15,-22.416756656592057,50.64935064935065,43.18181818181818,81,15.384615384615385,31.57894736842105,84.0,66.66666666666667,1.2857142857142858,3,5,2,79.21902377972467
S41G01N195,2022-2023,20230210,629,home,50,19,2,26,11,37,3,50,31,18,7,0,0,21,13,8,14,68,38,22,9,96,89,11,0,13,2398,0,0,0,13,22.416756656592057,62.14396685655102,61.029411764705884,117,14.406028368794328,31.428571428571427,61.904761904761905,50.0,1.4615384615384615,3,5,24,79.185988323603,35,18,0,24,12,36,1,48,24,18,3,4,4,25,21,3,5,66,27,22,10,78,91,7,1,14,2398,0,0,1,15,-22.416756656592057,50.64935064935065,43.18181818181818,82,15.384615384615385,31.57894736842105,84.0,66.66666666666667,1.2857142857142858,3,5,2,79.185988323603
S41G01N195,2022-2023,20230210,630,home,50,19,2,26,11,37,3,50,31,18,7,0,0,21,13,8,14,68,38,22,9,96,89,11,0,13,2398,0,0,0,13,22.416756656592057,62.14396685655102,61.029411764705884,117,14.406028368794328,31.428571428571427,61.904761904761905,50.0,1.4615384615384615,3,5,24,79.185988323603,35,18,0,24,12,36,1,48,24,18,3,4,4,25,21,3,5,66,27,22,10,78,91,7,1,14,2398,0,0,1,15,-22.416756656592057,50.64935064935065,43.18181818181818,82,15.384615384615385,31.57894736842105,84.0,66.66666666666667,1.2857142857142858,3,5,2,79.185988323603
S41G01N195,2022-2023,20230210,631,home,50,19,2,26,11,37,3,50,31,18,7,0,0,21,13,8,14,68,38,22,9,96,89,11,0,13,2400,0,0,0,13,22.416756656592057,62.14396685655102,61.029411764705884,117,14.406028368794328,31.428571428571427,61.904761904761905,50.0,1.4615384615384615,3,5,24,79.12,35,18,0,24,12,36,1,48,24,18,3,4,4,25,21,3,5,66,27,22,10,78,91,7,1,14,2400,0,0,1,15,-22.416756656592057,50.64935064935065,43.18181818181818,82,15.384615384615385,31.57894736842105,84.0,66.66666666666667,1.2857142857142858,3,5,2,79.12
S41G01N195,2022-2023,20230210,632,home,50,19,2,26,11,37,3,50,31,18,7,0,0,21,13,8,14,68,38,22,9,96,89,11,0,13,2400,0,0,0,13,22.416756656592057,62.14396685655102,61.029411764705884,117,14.406028368794328,31.428571428571427,61.904761904761905,50.0,1.4615384615384615,3,5,24,79.12,35,18,0,24,12,36,1,48,24,18,3,4,4,25,21,3,5,66,27,22,10,78,91,7,1,14,2400,0,0,1,15,-22.416756656592057,50.64935064935065,43.18181818181818,82,15.384615384615385,31.57894736842105,84.0,66.66666666666667,1.2857142857142858,3,5,2,79.12
S41G01N195,2022-2023,20230210,633,home,50,19,2,26,11,37,3,50,31,18,7,0,0,21,13,8,14,68,38,22,9,96,89,11,0,13,2400,0,0,0,13,22.416756656592057,62.14396685655102,61.029411764705884,117,14.406028368794328,31.428571428571427,61.904761904761905,50.0,1.4615384615384615,3,5,24,79.12,35,18,0,24,12,36,1,48,24,18,3,4,4,25,21,3,5,66,27,22,10,78,91,7,1,14,2400,0,0,1,15,-22.416756656592057,50.64935064935065,43.18181818181818,82,15.384615384615385,31.57894736842105,84.0,66.66666666666667,1.2857142857142858,3,5,2,79.12
S41G01N195,2022-2023,20230210,634,home,50,19,2,26,11,37,3,50,31,18,7,0,0,21,13,8,14,68,38,22,9,96,89,11,0,13,2400,0,0,0,13,22.416756656592057,62.14396685655102,61.029411764705884,117,14.406028368794328,31.428571428571427,61.904761904761905,50.0,1.4615384615384615,3,5,24,79.12,35,18,0,24,12,36,1,48,24,18,3,4,4,25,21,3,5,66,27,22,10,78,91,7,1,14,2400,0,0,1,15,-22.416756656592057,50.64935064935065,43.18181818181818,82,15.384615384615385,31.57894736842105,84.0,66.66666666666667,1.2857142857142858,3,5,2,79.12
S41G01N195,2022-2023,20230210,635,home,50,19,2,26,11,37,3,50,31,18,7,0,0,21,13,8,14,68,38,22,9,96,89,11,0,13,2400,0,0,0,13,22.416756656592057,62.14396685655102,61.029411764705884,117,14.406028368794328,31.428571428571427,61.904761904761905,50.0,1.4615384615384615,3,5,24,79.12,35,18,0,24,12,36,1,48,24,18,3,4,4,25,21,3,5,66,27,22,10,78,91,7,1,14,2400,0,0,1,15,-22.416756656592057,50.64935064935065,43.18181818181818,82,15.384615384615385,31.57894736842105,84.0,66.66666666666667,1.2857142857142858,3,5,2,79.12
S41G01N195,2022-2023,20230210,636,home,50,19,2,26,11,37,3,50,31,18,7,0,0,21,13,8,14,68,38,22,9,96,89,11,0,13,2400,0,0,0,13,22.416756656592057,62.14396685655102,61.029411764705884,117,14.406028368794328,31.428571428571427,61.904761904761905,50.0,1.4615384615384615,3,5,24,79.12,35,18,0,24,12,36,1,48,24,18,3,4,4,25,21,3,5,66,27,22,10,78,91,7,1,14,2400,0,0,1,15,-22.416756656592057,50.64935064935065,43.18181818181818,82,15.384615384615385,31.57894736842105,84.0,66.66666666666667,1.2857142857142858,3,5,2,79.12
S41G01N195,2022-2023,20230210,637,home,50,19,2,26,11,37,3,50,31,18,7,0,0,21,13,8,14,68,38,22,9,96,89,11,0,13,2400,0,0,0,13,22.416756656592057,62.14396685655102,61.029411764705884,117,14.406028368794328,31.428571428571427,61.904761904761905,50.0,1.4615384615384615,3,5,24,79.12,35,18,0,24,12,36,1,48,24,18,3,4,4,25,21,3,5,66,27,22,10,78,91,7,1,14,2400,0,0,1,15,-22.416756656592057,50.64935064935065,43.18181818181818,82,15.384615384615385,31.57894736842105,84.0,66.66666666666667,1.2857142857142858,3,5,2,79.12
S41G01N195,2022-2023,20230210,638,home,50,19,2,26,11,37,3,50,31,18,7,0,0,21,13,8,14,68,38,22,9,96,89,11,0,13,2400,0,0,0,13,22.416756656592057,62.14396685655102,61.029411764705884,117,14.406028368794328,31.428571428571427,61.904761904761905,50.0,1.4615384615384615,3,5,24,79.12,35,18,0,24,12,36,1,48,24,18,3,4,4,25,21,3,5,66,27,22,10,78,91,7,1,14,2400,0,0,1,15,-22.416756656592057,50.64935064935065,43.18181818181818,82,15.384615384615385,31.57894736842105,84.0,66.66666666666667,1.2857142857142858,3,5,2,79.12
S41G01N195,2022-2023,20230210,639,home,50,19,2,26,11,37,3,50,31,18,7,0,0,21,13,8,14,68,38,22,9,96,89,11,0,13,2400,0,0,0,13,22.416756656592057,62.14396685655102,61.029411764705884,117,14.406028368794328,31.428571428571427,61.904761904761905,50.0,1.4615384615384615,3,5,24,79.12,35,18,0,24,12,36,1,48,24,18,3,4,4,25,21,3,5,66,27,22,10,78,91,7,1,14,2400,0,0,1,15,-22.416756656592057,50.64935064935065,43.18181818181818,82,15.384615384615385,31.57894736842105,84.0,66.66666666666667,1.2857142857142858,3,5,2,79.12
S41G01N195,2022-2023,20230210,640,home,50,19,2,26,11,37,3,50,31,18,7,0,0,21,13,8,14,68,38,22,9,96,89,11,0,13,2400,0,0,0,13,22.416756656592057,62.14396685655102,61.029411764705884,117,14.406028368794328,31.428571428571427,61.904761904761905,50.0,1.4615384615384615,3,5,24,79.12,35,18,0,24,12,36,1,48,24,18,3,4,4,25,21,3,5,66,27,22,10,78,91,7,1,14,2400,0,0,1,15,-22.416756656592057,50.64935064935065,43.18181818181818,82,15.384615384615385,31.57894736842105,84.0,66.66666666666667,1.2857142857142858,3,5,2,79.12
