gameKey,seasonName,date,n,winner,H_TEAM,H_AST,H_BLK,H_DREB,H_OREB,H_PRB,H_TRB,H_2PA,H_2PM,H_3PA,H_3PM,H_DKA,H_DKM,H_FTA,H_FTM,H_SWA,H_SWM,H_FGA,H_FGM,H_TPF,H_PF,H_PP,H_PA,H_STL,H_TTO,H_PTO,H_MIN,H_UF,H_TF,H_EJ,H_TO,H_NR,H_TS%,H_eFG%,H_EFF,H_TOV%,H_OREB%,H_FT%,H_AST%,H_AST/TO%,H_CR,H_LC,H_LLP,H_PACE,A_TEAM,A_AST,A_BLK,A_DREB,A_OREB,A_PRB,A_TRB,A_2PA,A_2PM,A_3PA,A_3PM,A_DKA,A_DKM,A_FTA,A_FTM,A_SWA,A_SWM,A_FGA,A_FGM,A_TPF,A_PF,A_PP,A_PA,A_STL,A_TTO,A_PTO,A_MIN,A_UF,A_TF,A_EJ,A_TO,A_NR,A_TS%,A_eFG%,A_EFF,A_TOV%,A_OREB%,A_FT%,A_AST%,A_AST/TO%,A_CR,A_LC,A_LLP,A_PACE
S41G01N259,2022-2023,20230325,1,away,35,0,0,0,0,0,0,0,0,0,0,0,0,0,0,0,0,0,0,0,0,0,0,0,0,0,0,0,0,0,0,0.0,0.0,0.0,0,0.0,0.0,0.0,0.0,0.0,0,0,0,0.0,73,0,0,0,0,0,0,0,0,0,0,0,0,0,0,0,0,0,0,0,0,0,0,0,0,0,0,0,0,0,0,0.0,0.0,0.0,0,0.0,0.0,0.0,0.0,0.0,0,0,0,0.0
S41G01N259,2022-2023,20230325,2,away,35,0,0,0,0,0,0,0,0,0,0,0,0,0,0,0,0,0,0,0,0,0,0,0,0,0,0,0,0,0,0,0.0,0.0,0.0,0,0.0,0.0,0.0,0.0,0.0,0,0,0,0.0,73,0,0,0,0,0,0,0,0,0,0,0,0,0,0,0,0,0,0,0,0,0,0,0,0,0,0,0,0,0,0,0.0,0.0,0.0,0,0.0,0.0,0.0,0.0,0.0,0,0,0,0.0
S41G01N259,2022-2023,20230325,3,away,35,0,0,0,0,0,0,0,0,0,0,0,0,0,0,0,0,0,0,0,0,0,0,0,0,0,0,0,0,0,0,0.0,0.0,0.0,0,0.0,0.0,0.0,0.0,0.0,0,0,0,0.0,73,0,0,0,0,0,0,0,0,0,0,0,0,0,0,0,0,0,0,0,0,0,0,0,0,0,0,0,0,0,0,0.0,0.0,0.0,0,0.0,0.0,0.0,0.0,0.0,0,0,0,0.0
S41G01N259,2022-2023,20230325,4,away,35,0,0,0,0,0,0,0,0,0,0,0,0,0,0,0,0,0,0,0,0,0,0,0,0,0,0,0,0,0,0,0.0,0.0,0.0,0,0.0,0.0,0.0,0.0,0.0,0,0,0,0.0,73,0,0,0,0,0,0,0,0,0,0,0,0,0,0,0,0,0,0,0,0,0,0,0,0,0,0,0,0,0,0,0.0,0.0,0.0,0,0.0,0.0,0.0,0.0,0.0,0,0,0,0.0
S41G01N259,2022-2023,20230325,5,away,35,0,0,0,0,0,0,0,0,0,0,0,0,0,0,0,0,0,0,0,0,0,0,0,0,0,0,0,0,0,0,0.0,0.0,0.0,0,0.0,0.0,0.0,0.0,0.0,0,0,0,0.0,73,0,0,0,0,0,0,0,0,0,0,0,0,0,0,0,0,0,0,0,0,0,0,0,0,0,0,0,0,0,0,0.0,0.0,0.0,0,0.0,0.0,0.0,0.0,0.0,0,0,0,0.0
S41G01N259,2022-2023,20230325,6,away,35,0,0,0,0,0,0,0,0,0,0,0,0,0,0,0,0,0,0,0,0,0,0,0,0,0,0,0,0,0,0,0.0,0.0,0.0,0,0.0,0.0,0.0,0.0,0.0,0,0,0,0.0,73,0,0,0,0,0,0,0,0,0,0,0,0,0,0,0,0,0,0,0,0,0,0,0,0,0,0,0,0,0,0,0.0,0.0,0.0,0,0.0,0.0,0.0,0.0,0.0,0,0,0,0.0
S41G01N259,2022-2023,20230325,7,away,35,0,0,0,0,0,0,0,0,0,0,0,0,0,0,0,0,0,0,0,0,0,0,0,0,0,0,0,0,0,0,0.0,0.0,0.0,0,0.0,0.0,0.0,0.0,0.0,0,0,0,0.0,73,0,0,0,0,0,0,0,0,0,0,0,0,0,0,0,0,0,0,0,0,0,0,0,0,0,0,0,0,0,0,0.0,0.0,0.0,0,0.0,0.0,0.0,0.0,0.0,0,0,0,0.0
S41G01N259,2022-2023,20230325,8,away,35,0,0,0,0,0,0,0,0,0,0,0,0,0,0,0,0,0,0,0,0,0,0,0,0,0,0,0,0,0,0,0.0,0.0,0.0,0,0.0,0.0,0.0,0.0,0.0,0,0,0,0.0,73,0,0,0,0,0,0,0,0,0,0,0,0,0,0,0,0,0,0,0,0,0,0,0,0,0,0,0,0,0,0,0.0,0.0,0.0,0,0.0,0.0,0.0,0.0,0.0,0,0,0,0.0
S41G01N259,2022-2023,20230325,9,away,35,0,0,0,0,0,0,0,0,0,0,0,0,0,0,0,0,0,0,0,0,0,0,0,0,0,0,0,0,0,0,0.0,0.0,0.0,0,0.0,0.0,0.0,0.0,0.0,0,0,0,0.0,73,0,0,0,0,0,0,0,0,0,0,0,0,0,0,0,0,0,0,0,0,0,0,0,0,0,0,0,0,0,0,0.0,0.0,0.0,0,0.0,0.0,0.0,0.0,0.0,0,0,0,0.0
S41G01N259,2022-2023,20230325,10,away,35,0,0,0,0,0,0,0,0,0,0,0,0,0,0,0,0,0,0,0,0,0,0,0,0,0,0,0,0,0,0,0.0,0.0,0.0,0,0.0,0.0,0.0,0.0,0.0,0,0,0,0.0,73,0,0,0,0,0,0,0,0,0,0,0,0,0,0,0,0,0,0,0,0,0,0,0,0,0,0,0,0,0,0,0.0,0.0,0.0,0,0.0,0.0,0.0,0.0,0.0,0,0,0,0.0
S41G01N259,2022-2023,20230325,11,away,35,0,0,0,0,0,0,0,0,0,0,0,0,0,0,0,0,0,0,0,0,0,0,0,0,0,0,0,0,0,0,0.0,0.0,0.0,0,0.0,0.0,0.0,0.0,0.0,0,0,0,0.0,73,0,0,0,0,0,0,0,0,0,0,0,0,0,0,0,0,0,0,0,0,0,0,0,0,0,0,0,0,0,0,0.0,0.0,0.0,0,0.0,0.0,0.0,0.0,0.0,0,0,0,0.0
S41G01N259,2022-2023,20230325,12,away,35,0,0,0,0,0,0,0,0,0,0,0,0,0,0,0,0,0,0,0,0,0,0,0,0,0,10,0,0,0,0,0.0,0.0,0.0,0,0.0,0.0,0.0,0.0,0.0,0,0,0,0.0,73,0,0,0,0,0,0,0,0,0,0,0,0,0,0,0,0,0,0,1,1,0,0,0,0,0,10,0,0,0,0,0.0,0.0,0.0,0,0.0,0.0,0.0,0.0,0.0,0,0,0,0.0
S41G01N259,2022-2023,20230325,13,away,35,0,0,0,0,0,0,0,0,0,0,0,0,0,0,0,0,0,0,0,0,0,0,0,0,0,10,0,0,0,0,0.0,0.0,0.0,0,0.0,0.0,0.0,0.0,0.0,0,0,0,0.0,73,0,0,0,0,0,0,0,0,0,0,0,0,0,0,0,0,0,0,1,1,0,0,0,0,0,10,0,0,0,0,0.0,0.0,0.0,0,0.0,0.0,0.0,0.0,0.0,0,0,0,0.0
S41G01N259,2022-2023,20230325,14,away,35,0,0,0,0,0,0,1,1,0,0,0,0,0,0,0,0,1,1,0,0,2,1,0,0,0,23,0,0,0,0,200.0,100.0,100.0,2,0.0,0.0,0.0,0.0,0.0,2,1,2,52.17391304347826,73,0,0,0,0,0,0,0,0,0,0,0,0,0,0,0,0,0,0,1,1,0,0,0,0,0,23,0,0,0,0,-200.0,0.0,0.0,0,0.0,0.0,0.0,0.0,0.0,2,1,0,52.17391304347826
S41G01N259,2022-2023,20230325,15,away,35,1,0,0,0,0,0,1,1,0,0,0,0,0,0,0,0,1,1,0,0,2,1,0,0,0,23,0,0,0,0,200.0,100.0,100.0,3,0.0,0.0,0.0,100.0,0.0,2,1,2,52.17391304347826,73,0,0,0,0,0,0,0,0,0,0,0,0,0,0,0,0,0,0,1,1,0,0,0,0,0,23,0,0,0,0,-200.0,0.0,0.0,0,0.0,0.0,0.0,0.0,0.0,2,1,0,52.17391304347826
S41G01N259,2022-2023,20230325,16,away,35,1,0,0,0,0,0,1,1,0,0,0,0,0,0,0,0,1,1,0,0,2,1,0,0,0,45,0,0,0,0,200.0,100.0,100.0,3,0.0,0.0,0.0,100.0,0.0,2,1,2,53.333333333333336,73,0,0,0,0,0,0,1,0,0,0,0,0,0,0,0,0,1,0,1,1,0,1,0,0,0,45,0,0,0,0,-200.0,0.0,0.0,-1,0.0,0.0,0.0,0.0,0.0,2,1,0,53.333333333333336
S41G01N259,2022-2023,20230325,17,away,35,1,0,0,0,0,0,1,1,0,0,0,0,0,0,0,0,1,1,0,0,2,1,0,0,0,46,0,0,0,0,200.0,100.0,100.0,3,0.0,0.0,0.0,100.0,0.0,2,1,2,52.17391304347826,73,0,0,0,0,0,1,1,0,0,0,0,0,0,0,0,0,1,0,1,1,0,1,0,0,0,46,0,0,0,0,-200.0,0.0,0.0,0,0.0,0.0,0.0,0.0,0.0,2,1,0,52.17391304347826
S41G01N259,2022-2023,20230325,18,away,35,1,0,0,0,0,0,1,1,0,0,0,0,0,0,0,0,1,1,0,0,2,1,0,0,0,55,0,0,0,0,200.0,100.0,100.0,3,0.0,0.0,0.0,100.0,0.0,2,1,2,65.45454545454545,73,0,0,0,0,0,1,1,0,0,0,0,0,0,0,0,0,1,0,1,1,0,1,0,0,1,55,0,0,0,1,-200.0,0.0,0.0,-1,50.0,0.0,0.0,0.0,0.0,2,1,0,65.45454545454545
S41G01N259,2022-2023,20230325,19,away,35,1,0,0,0,0,0,1,1,0,0,0,0,0,0,0,0,1,1,0,0,2,1,1,0,0,56,0,0,0,0,200.0,100.0,100.0,4,0.0,0.0,0.0,100.0,0.0,2,1,2,64.28571428571428,73,0,0,0,0,0,1,1,0,0,0,0,0,0,0,0,0,1,0,1,1,0,1,0,0,1,56,0,0,0,1,-200.0,0.0,0.0,-1,50.0,0.0,0.0,0.0,0.0,2,1,0,64.28571428571428
S41G01N259,2022-2023,20230325,20,away,35,1,0,0,0,0,0,2,1,0,0,0,0,0,0,0,0,2,1,0,0,2,2,1,0,0,66,0,0,0,0,100.0,50.0,50.0,3,0.0,0.0,0.0,100.0,0.0,2,1,2,72.72727272727273,73,0,0,0,0,0,1,1,0,0,0,0,0,0,0,0,0,1,0,1,1,0,1,0,0,1,66,0,0,0,1,-100.0,0.0,0.0,-1,50.0,0.0,0.0,0.0,0.0,2,1,0,72.72727272727273
S41G01N259,2022-2023,20230325,21,away,35,1,0,0,0,0,0,2,1,0,0,0,0,0,0,0,0,2,1,0,0,2,2,1,0,0,68,0,0,0,0,100.0,50.0,50.0,3,0.0,0.0,0.0,100.0,0.0,2,1,2,70.58823529411765,73,0,0,1,0,1,1,1,0,0,0,0,0,0,0,0,0,1,0,1,1,0,1,0,0,1,68,0,0,0,1,-100.0,0.0,0.0,0,50.0,0.0,0.0,0.0,0.0,2,1,0,70.58823529411765
S41G01N259,2022-2023,20230325,22,away,35,1,0,0,0,0,0,2,1,0,0,0,0,0,0,0,0,2,1,0,0,2,2,1,0,0,91,0,0,0,0,100.0,50.0,50.0,3,0.0,0.0,0.0,100.0,0.0,2,1,2,65.93406593406593,73,0,0,1,0,1,1,2,0,0,0,0,0,0,0,0,0,2,0,1,1,0,2,0,0,1,91,0,0,0,1,-100.0,0.0,0.0,-1,33.333333333333336,0.0,0.0,0.0,0.0,2,1,0,65.93406593406593
S41G01N259,2022-2023,20230325,23,away,35,1,0,1,0,1,0,2,1,0,0,0,0,0,0,0,0,2,1,0,0,2,2,1,0,0,92,0,0,0,0,100.0,50.0,50.0,4,0.0,0.0,0.0,100.0,0.0,2,1,2,65.21739130434783,73,0,0,1,0,1,1,2,0,0,0,0,0,0,0,0,0,2,0,1,1,0,2,0,0,1,92,0,0,0,1,-100.0,0.0,0.0,-1,33.333333333333336,0.0,0.0,0.0,0.0,2,1,0,65.21739130434783
S41G01N259,2022-2023,20230325,24,away,35,1,0,1,0,1,0,3,2,0,0,0,0,0,0,0,0,3,2,0,0,4,3,1,0,0,115,0,0,0,0,133.33333333333334,66.66666666666667,66.66666666666667,6,0.0,0.0,0.0,50.0,0.0,4,1,4,62.608695652173914,73,0,0,1,0,1,1,2,0,0,0,0,0,0,0,0,0,2,0,1,1,0,2,0,0,1,115,0,0,0,1,-133.33333333333334,0.0,0.0,-1,33.333333333333336,0.0,0.0,0.0,0.0,4,1,0,62.608695652173914
S41G01N259,2022-2023,20230325,25,away,35,1,0,1,0,1,0,3,2,0,0,0,0,0,0,0,0,3,2,0,0,4,3,1,0,0,140,0,0,0,0,133.33333333333334,66.66666666666667,66.66666666666667,6,0.0,0.0,0.0,50.0,0.0,4,1,4,60.0,73,0,0,1,0,1,1,3,0,0,0,0,0,0,0,0,0,3,0,1,1,0,3,0,0,1,140,0,0,0,1,-133.33333333333334,0.0,0.0,-2,25.0,0.0,0.0,0.0,0.0,4,1,0,60.0
S41G01N259,2022-2023,20230325,26,away,35,1,0,2,0,2,0,3,2,0,0,0,0,0,0,0,0,3,2,0,0,4,3,1,0,0,141,0,0,0,0,133.33333333333334,66.66666666666667,66.66666666666667,7,0.0,0.0,0.0,50.0,0.0,4,1,4,59.57446808510638,73,0,0,1,0,1,1,3,0,0,0,0,0,0,0,0,0,3,0,1,1,0,3,0,0,1,141,0,0,0,1,-133.33333333333334,0.0,0.0,-2,25.0,0.0,0.0,0.0,0.0,4,1,0,59.57446808510638
S41G01N259,2022-2023,20230325,27,away,35,1,0,2,0,2,0,3,2,1,0,0,0,0,0,0,0,4,2,0,0,4,4,1,0,0,152,0,0,0,0,100.0,50.0,50.0,6,0.0,0.0,0.0,50.0,0.0,4,1,4,63.1578947368421,73,0,0,1,0,1,1,3,0,0,0,0,0,0,0,0,0,3,0,1,1,0,3,0,0,1,152,0,0,0,1,-100.0,0.0,0.0,-2,25.0,0.0,0.0,0.0,0.0,4,1,0,63.1578947368421
S41G01N259,2022-2023,20230325,28,away,35,1,0,2,0,2,0,3,2,1,0,0,0,0,0,0,0,4,2,0,0,4,4,1,0,0,153,0,0,0,0,100.0,50.0,50.0,6,0.0,0.0,0.0,50.0,0.0,4,1,4,62.745098039215684,73,0,0,1,0,1,2,3,0,0,0,0,0,0,0,0,0,3,0,1,1,0,3,0,0,1,153,0,0,0,1,-100.0,0.0,0.0,-1,25.0,0.0,0.0,0.0,0.0,4,1,0,62.745098039215684
S41G01N259,2022-2023,20230325,29,away,35,1,0,2,0,2,0,3,2,1,0,0,0,0,0,0,0,4,2,1,1,4,4,1,0,0,153,0,0,0,0,100.0,50.0,50.0,6,0.0,0.0,0.0,50.0,0.0,4,1,4,62.745098039215684,73,0,0,1,0,1,2,3,0,0,0,0,0,0,0,0,0,3,0,1,1,0,3,0,0,1,153,0,0,0,1,-100.0,0.0,0.0,-1,25.0,0.0,0.0,0.0,0.0,4,1,0,62.745098039215684
S41G01N259,2022-2023,20230325,30,away,35,1,0,2,0,2,0,3,2,1,0,0,0,0,0,0,0,4,2,1,1,4,4,1,0,0,153,0,0,0,0,100.0,50.0,50.0,6,0.0,0.0,0.0,50.0,0.0,4,1,4,62.745098039215684,73,0,0,1,0,1,2,3,0,0,0,0,0,0,0,0,0,3,0,1,1,0,3,0,0,1,153,0,0,0,1,-100.0,0.0,0.0,-1,25.0,0.0,0.0,0.0,0.0,4,1,0,62.745098039215684
S41G01N259,2022-2023,20230325,31,away,35,1,0,2,0,2,0,3,2,1,0,0,0,0,0,0,0,4,2,1,1,4,4,1,0,0,153,0,0,0,0,100.0,50.0,50.0,6,0.0,0.0,0.0,50.0,0.0,4,1,4,62.745098039215684,73,0,0,1,0,1,2,3,0,0,0,0,0,0,0,0,0,3,0,1,1,0,3,0,0,1,153,0,0,0,1,-100.0,0.0,0.0,-1,25.0,0.0,0.0,0.0,0.0,4,1,0,62.745098039215684
S41G01N259,2022-2023,20230325,32,away,35,1,0,2,0,2,0,3,2,1,0,0,0,0,0,0,0,4,2,1,1,4,4,1,0,0,153,0,0,0,0,100.0,50.0,50.0,6,0.0,0.0,0.0,50.0,0.0,4,1,4,62.745098039215684,73,0,0,1,0,1,2,3,0,0,0,0,0,0,0,0,0,3,0,1,1,0,3,0,0,1,153,0,0,0,1,-100.0,0.0,0.0,-1,25.0,0.0,0.0,0.0,0.0,4,1,0,62.745098039215684
S41G01N259,2022-2023,20230325,33,away,35,1,0,2,0,2,0,3,2,1,0,0,0,0,0,0,0,4,2,1,1,4,4,1,0,0,168,0,0,0,0,100.0,50.0,50.0,6,0.0,0.0,0.0,50.0,0.0,4,1,4,64.28571428571429,73,0,0,1,0,1,2,3,0,1,0,0,0,0,0,0,0,4,0,1,1,0,4,0,0,1,168,0,0,0,1,-100.0,0.0,0.0,-2,20.0,0.0,0.0,0.0,0.0,4,1,0,64.28571428571429
S41G01N259,2022-2023,20230325,34,away,35,1,0,3,0,3,0,3,2,1,0,0,0,0,0,0,0,4,2,1,1,4,4,1,0,0,169,0,0,0,0,100.0,50.0,50.0,7,0.0,0.0,0.0,50.0,0.0,4,1,4,63.90532544378698,73,0,0,1,0,1,2,3,0,1,0,0,0,0,0,0,0,4,0,1,1,0,4,0,0,1,169,0,0,0,1,-100.0,0.0,0.0,-2,20.0,0.0,0.0,0.0,0.0,4,1,0,63.90532544378698
S41G01N259,2022-2023,20230325,35,away,35,1,0,3,0,3,0,4,3,1,0,0,0,0,0,0,0,5,3,1,1,6,5,1,0,0,183,0,0,0,0,120.0,60.0,60.0,9,0.0,0.0,0.0,33.333333333333336,0.0,6,1,6,65.57377049180329,73,0,0,1,0,1,2,3,0,1,0,0,0,0,0,0,0,4,0,1,1,0,4,0,0,1,183,0,0,0,1,-120.0,0.0,0.0,-2,20.0,0.0,0.0,0.0,0.0,6,1,0,65.57377049180329
S41G01N259,2022-2023,20230325,36,away,35,1,0,3,0,3,0,4,3,1,0,0,0,0,0,0,0,5,3,2,1,6,5,1,0,0,197,0,0,0,0,120.0,60.0,60.0,9,0.0,0.0,0.0,33.333333333333336,0.0,6,1,6,60.91370558375634,73,0,0,1,0,1,2,3,0,1,0,0,0,0,0,0,0,4,0,1,1,0,4,0,0,1,197,0,0,0,1,-120.0,0.0,0.0,-2,20.0,0.0,0.0,0.0,0.0,6,1,0,60.91370558375634
S41G01N259,2022-2023,20230325,37,away,35,1,0,3,0,3,0,4,3,1,0,0,0,0,0,0,0,5,3,2,1,6,5,1,0,0,197,0,0,0,0,120.0,60.0,60.0,9,0.0,0.0,0.0,33.333333333333336,0.0,6,1,6,60.91370558375634,73,0,0,1,0,1,2,3,0,1,0,0,0,0,0,0,0,4,0,1,1,0,4,0,0,1,197,0,0,0,1,-120.0,0.0,0.0,-2,20.0,0.0,0.0,0.0,0.0,6,1,0,60.91370558375634
S41G01N259,2022-2023,20230325,38,away,35,1,0,3,0,3,0,4,3,1,0,0,0,0,0,0,0,5,3,2,1,6,5,1,0,0,197,0,0,0,0,101.61764705882354,60.0,60.0,9,0.0,0.0,0.0,33.333333333333336,0.0,1,1,6,63.59390862944163,73,0,0,1,0,1,2,3,0,1,0,0,0,1,1,0,0,4,0,1,1,1,5,0,0,1,197,0,0,0,1,-101.61764705882354,11.26126126126126,0.0,-1,18.38235294117647,0.0,100.0,0.0,0.0,1,1,0,63.59390862944163
S41G01N259,2022-2023,20230325,39,away,35,1,0,3,0,3,0,4,3,1,0,0,0,0,0,0,0,5,3,2,1,6,5,1,0,0,197,0,0,0,0,85.98639455782313,60.0,60.0,9,0.0,0.0,0.0,33.333333333333336,0.0,2,1,6,66.27411167512689,73,0,0,1,0,1,2,3,0,1,0,0,0,2,2,0,0,4,0,1,1,2,6,0,0,1,197,0,0,0,1,-85.98639455782313,20.491803278688526,0.0,0,17.006802721088437,0.0,100.0,0.0,0.0,2,1,0,66.27411167512689
S41G01N259,2022-2023,20230325,40,away,35,1,0,3,0,3,0,4,3,1,0,0,0,0,0,0,0,5,3,2,1,6,5,1,0,1,209,0,0,0,1,65.98639455782313,60.0,60.0,8,16.666666666666668,0.0,0.0,33.333333333333336,1.0,2,1,6,68.21052631578947,73,0,0,1,0,1,2,3,0,1,0,0,0,2,2,0,0,4,0,1,1,2,6,0,0,1,209,0,0,0,1,-65.98639455782313,20.491803278688526,0.0,0,17.006802721088437,0.0,100.0,0.0,0.0,2,1,0,68.21052631578947
S41G01N259,2022-2023,20230325,41,away,35,1,0,3,0,3,0,4,3,1,0,0,0,0,0,0,0,5,3,2,1,6,5,1,0,1,221,0,0,0,1,41.860465116279066,60.0,60.0,8,16.666666666666668,0.0,0.0,33.333333333333336,1.0,4,1,6,69.9366515837104,73,0,0,1,0,1,2,4,1,1,0,0,0,2,2,0,0,5,1,1,1,4,7,0,0,1,221,0,0,0,1,-41.860465116279066,34.013605442176875,20.0,2,14.534883720930234,0.0,100.0,0.0,0.0,4,1,0,69.9366515837104
S41G01N259,2022-2023,20230325,42,away,35,1,0,3,0,3,0,5,3,1,0,0,0,0,0,0,0,6,3,2,1,6,6,1,0,1,239,0,0,0,1,27.574750830564774,50.0,50.0,7,14.285714285714286,0.0,0.0,33.333333333333336,1.0,4,1,6,69.69037656903765,73,0,0,1,0,1,2,4,1,1,0,0,0,2,2,0,0,5,1,1,1,4,7,0,0,1,239,0,0,0,1,-27.574750830564774,34.013605442176875,20.0,2,14.534883720930234,0.0,100.0,0.0,0.0,4,1,0,69.69037656903765
S41G01N259,2022-2023,20230325,43,away,35,1,0,3,0,3,0,5,3,1,0,0,0,0,0,0,0,6,3,2,1,6,6,1,0,1,240,0,0,0,1,27.574750830564774,50.0,50.0,7,14.285714285714286,0.0,0.0,33.333333333333336,1.0,4,1,6,69.39999999999999,73,0,0,1,0,1,3,4,1,1,0,0,0,2,2,0,0,5,1,1,1,4,7,0,0,1,240,0,0,0,1,-27.574750830564774,34.013605442176875,20.0,3,14.534883720930234,0.0,100.0,0.0,0.0,4,1,0,69.39999999999999
S41G01N259,2022-2023,20230325,44,away,35,1,0,3,0,3,0,5,3,1,0,0,0,0,0,0,0,6,3,2,1,6,6,1,0,1,240,0,0,0,1,27.574750830564774,50.0,50.0,7,14.285714285714286,0.0,0.0,33.333333333333336,1.0,4,1,6,69.39999999999999,73,0,0,1,0,1,3,4,1,1,0,0,0,2,2,0,0,5,1,1,1,4,7,0,0,1,240,0,0,0,1,-27.574750830564774,34.013605442176875,20.0,3,14.534883720930234,0.0,100.0,0.0,0.0,4,1,0,69.39999999999999
S41G01N259,2022-2023,20230325,45,away,35,1,0,3,0,3,0,5,3,1,0,0,0,0,0,0,0,6,3,2,1,6,6,1,0,1,240,0,0,0,1,27.574750830564774,50.0,50.0,7,14.285714285714286,0.0,0.0,33.333333333333336,1.0,4,1,6,69.39999999999999,73,0,0,1,0,1,3,4,1,1,0,0,0,2,2,0,0,5,1,1,1,4,7,0,0,1,240,0,0,0,1,-27.574750830564774,34.013605442176875,20.0,3,14.534883720930234,0.0,100.0,0.0,0.0,4,1,0,69.39999999999999
S41G01N259,2022-2023,20230325,46,away,35,1,0,3,0,3,0,5,3,1,0,0,0,0,0,0,0,6,3,2,1,6,6,1,0,1,253,0,0,0,1,9.572153734590273,50.0,50.0,7,14.285714285714286,0.0,0.0,33.333333333333336,1.0,6,1,6,70.57707509881422,73,0,0,1,0,1,3,5,2,1,0,0,0,2,2,0,0,6,2,1,1,6,8,0,0,1,253,0,0,0,1,-9.572153734590273,43.604651162790695,33.333333333333336,5,12.690355329949238,0.0,100.0,0.0,0.0,6,1,0,70.57707509881422
S41G01N259,2022-2023,20230325,47,away,35,1,0,3,0,3,0,6,3,1,0,0,0,0,0,0,0,7,3,2,1,6,7,1,0,1,270,0,0,0,1,-1.142131979695435,42.857142857142854,42.857142857142854,6,12.5,0.0,0.0,33.333333333333336,1.0,6,1,6,70.57777777777778,73,0,0,1,0,1,3,5,2,1,0,0,0,2,2,0,0,6,2,1,1,6,8,0,0,1,270,0,0,0,1,1.142131979695435,43.604651162790695,33.333333333333336,5,12.690355329949238,0.0,100.0,0.0,0.0,6,1,0,70.57777777777778
S41G01N259,2022-2023,20230325,48,away,35,1,0,3,0,3,0,6,3,1,0,0,0,0,0,0,0,7,3,2,1,6,7,1,0,1,271,0,0,0,1,-1.142131979695435,42.857142857142854,42.857142857142854,6,12.5,0.0,0.0,33.333333333333336,1.0,6,1,6,70.31734317343174,73,0,0,2,0,2,3,5,2,1,0,0,0,2,2,0,0,6,2,1,1,6,8,0,0,1,271,0,0,0,1,1.142131979695435,43.604651162790695,33.333333333333336,6,12.690355329949238,0.0,100.0,0.0,0.0,6,1,0,70.31734317343174
S41G01N259,2022-2023,20230325,49,away,35,1,0,3,0,3,0,6,3,1,0,0,0,0,0,0,0,7,3,3,2,6,7,1,0,1,274,0,0,0,1,-1.142131979695435,42.857142857142854,42.857142857142854,6,12.5,0.0,0.0,33.333333333333336,1.0,6,1,6,69.54744525547444,73,0,0,2,0,2,3,5,2,1,0,0,0,2,2,0,0,6,2,1,1,6,8,0,0,1,274,0,0,0,1,1.142131979695435,43.604651162790695,33.333333333333336,6,12.690355329949238,0.0,100.0,0.0,0.0,6,1,0,69.54744525547444
S41G01N259,2022-2023,20230325,50,away,35,1,0,3,0,3,0,6,3,1,0,0,0,0,0,0,0,7,3,3,2,6,7,1,0,1,274,0,0,0,1,-1.142131979695435,42.857142857142854,42.857142857142854,6,12.5,0.0,0.0,33.333333333333336,1.0,6,1,6,69.54744525547444,73,0,0,2,0,2,3,5,2,1,0,0,0,2,2,0,0,6,2,1,1,6,8,0,0,1,274,0,0,0,1,1.142131979695435,43.604651162790695,33.333333333333336,6,12.690355329949238,0.0,100.0,0.0,0.0,6,1,0,69.54744525547444
S41G01N259,2022-2023,20230325,51,away,35,1,0,3,0,3,0,6,3,1,0,0,0,0,0,0,0,7,3,4,2,6,7,1,0,1,280,0,0,0,1,-1.142131979695435,42.857142857142854,42.857142857142854,6,12.5,0.0,0.0,33.333333333333336,1.0,6,1,6,68.05714285714285,73,0,0,2,0,2,3,5,2,1,0,0,0,2,2,0,0,6,2,1,1,6,8,0,0,1,280,0,0,0,1,1.142131979695435,43.604651162790695,33.333333333333336,6,12.690355329949238,0.0,100.0,0.0,0.0,6,1,0,68.05714285714285
S41G01N259,2022-2023,20230325,52,away,35,1,0,3,0,3,0,6,3,1,0,0,0,0,0,0,0,7,3,4,2,6,7,1,0,1,280,0,0,0,1,-1.142131979695435,42.857142857142854,42.857142857142854,6,12.5,0.0,0.0,33.333333333333336,1.0,6,1,6,68.05714285714285,73,0,0,2,0,2,3,5,2,1,0,0,0,2,2,0,0,6,2,1,1,6,8,0,0,1,280,0,0,0,1,1.142131979695435,43.604651162790695,33.333333333333336,6,12.690355329949238,0.0,100.0,0.0,0.0,6,1,0,68.05714285714285
S41G01N259,2022-2023,20230325,53,away,35,1,0,3,0,3,0,6,3,1,0,0,0,0,0,0,0,7,3,4,2,6,7,1,0,1,280,0,0,0,1,2.884615384615387,42.857142857142854,42.857142857142854,6,12.5,0.0,0.0,33.333333333333336,1.0,6,1,6,69.94285714285714,73,0,0,2,0,2,3,5,2,1,0,0,0,3,2,0,0,6,2,1,1,6,9,0,0,1,280,0,0,0,1,-2.884615384615387,40.983606557377044,33.333333333333336,5,12.019230769230768,0.0,66.66666666666667,0.0,0.0,6,1,0,69.94285714285714
S41G01N259,2022-2023,20230325,54,away,35,1,0,3,0,3,0,6,3,1,0,0,0,0,0,0,0,7,3,4,2,6,7,1,0,1,280,0,0,0,1,-4.908675799086765,42.857142857142854,42.857142857142854,6,12.5,0.0,0.0,33.333333333333336,1.0,7,2,6,71.82857142857142,73,0,0,2,0,2,3,5,2,1,0,0,0,4,3,0,0,6,2,1,1,7,10,0,0,1,280,0,0,0,1,4.908675799086765,45.103092783505154,33.333333333333336,6,11.415525114155251,0.0,75.0,0.0,0.0,7,2,1,71.82857142857142
S41G01N259,2022-2023,20230325,55,away,35,1,0,3,0,3,0,6,3,1,0,0,0,0,0,0,0,7,3,4,2,6,7,1,0,2,296,0,0,0,2,-13.242009132420094,42.857142857142854,42.857142857142854,5,22.22222222222222,0.0,0.0,33.333333333333336,0.5,7,2,6,72.0,73,0,0,2,0,2,3,5,2,1,0,0,0,4,3,0,0,6,2,1,1,7,10,0,0,1,296,0,0,0,1,13.242009132420094,45.103092783505154,33.333333333333336,6,11.415525114155251,0.0,75.0,0.0,0.0,7,2,1,72.0
S41G01N259,2022-2023,20230325,56,away,35,1,0,3,0,3,0,6,3,1,0,0,0,0,0,0,0,7,3,4,2,6,7,1,0,2,297,0,0,0,2,-13.242009132420094,42.857142857142854,42.857142857142854,5,22.22222222222222,0.0,0.0,33.333333333333336,0.5,7,2,6,71.75757575757575,73,0,0,2,0,2,3,5,2,1,0,0,0,4,3,0,0,6,2,1,1,7,10,1,0,1,297,0,0,0,1,13.242009132420094,45.103092783505154,33.333333333333336,7,11.415525114155251,0.0,75.0,0.0,0.0,7,2,1,71.75757575757575
S41G01N259,2022-2023,20230325,57,away,35,1,0,3,0,3,0,6,3,1,0,0,0,0,0,0,0,7,3,4,2,6,7,1,0,2,302,0,0,0,2,-25.546448087431685,42.857142857142854,42.857142857142854,5,22.22222222222222,0.0,0.0,33.333333333333336,0.5,9,2,6,74.54304635761588,73,0,0,2,0,2,3,6,3,1,0,0,0,4,3,0,0,7,3,1,1,9,11,1,0,1,302,0,0,0,1,25.546448087431685,51.369863013698634,42.857142857142854,9,10.245901639344263,0.0,75.0,0.0,0.0,9,2,3,74.54304635761588
S41G01N259,2022-2023,20230325,58,away,35,1,0,3,0,3,0,6,3,1,0,0,0,0,0,0,0,7,3,4,2,6,7,1,0,2,302,0,0,0,2,-25.546448087431685,42.857142857142854,42.857142857142854,5,22.22222222222222,0.0,0.0,33.333333333333336,0.5,9,2,6,74.54304635761588,73,1,0,2,0,2,3,6,3,1,0,0,0,4,3,0,0,7,3,1,1,9,11,1,0,1,302,0,0,0,1,25.546448087431685,51.369863013698634,42.857142857142854,10,10.245901639344263,0.0,75.0,33.333333333333336,1.0,9,2,3,74.54304635761588
S41G01N259,2022-2023,20230325,59,away,35,1,0,3,0,3,0,6,3,1,0,0,0,0,0,0,0,7,3,4,2,6,7,1,0,2,302,0,0,0,2,-25.546448087431685,42.857142857142854,42.857142857142854,5,22.22222222222222,0.0,0.0,33.333333333333336,0.5,9,2,6,74.54304635761588,73,1,0,2,0,2,3,6,3,1,0,0,0,4,3,1,2,7,3,1,1,9,11,1,0,1,302,0,0,0,1,25.546448087431685,51.369863013698634,42.857142857142854,10,10.245901639344263,0.0,75.0,33.333333333333336,1.0,9,2,3,74.54304635761588
S41G01N259,2022-2023,20230325,60,away,35,1,0,3,0,3,0,6,3,2,0,0,0,0,0,0,0,8,3,4,2,6,8,1,0,2,321,0,0,0,2,-32.213114754098356,37.5,37.5,4,20.0,0.0,0.0,33.333333333333336,0.5,9,2,6,73.86915887850466,73,1,0,2,0,2,3,6,3,1,0,0,0,4,3,1,2,7,3,1,1,9,11,1,0,1,321,0,0,0,1,32.213114754098356,51.369863013698634,42.857142857142854,10,10.245901639344263,0.0,75.0,33.333333333333336,1.0,9,2,3,73.86915887850466
S41G01N259,2022-2023,20230325,61,away,35,1,0,3,0,3,0,6,3,2,0,0,0,0,0,0,0,8,3,4,2,6,8,1,0,2,322,0,0,0,2,-32.213114754098356,37.5,37.5,4,20.0,0.0,0.0,33.333333333333336,0.5,9,2,6,73.63975155279502,73,1,0,3,0,3,3,6,3,1,0,0,0,4,3,1,2,7,3,1,1,9,11,1,0,1,322,0,0,0,1,32.213114754098356,51.369863013698634,42.857142857142854,11,10.245901639344263,0.0,75.0,33.333333333333336,1.0,9,2,3,73.63975155279502
S41G01N259,2022-2023,20230325,62,away,35,1,0,3,0,3,0,6,3,2,0,0,0,0,0,0,0,8,3,4,2,6,8,1,0,2,326,0,0,0,2,-23.64312267657992,37.5,37.5,4,20.0,0.0,0.0,33.333333333333336,0.5,9,2,6,76.41717791411043,73,1,0,3,0,3,3,6,3,1,0,0,0,4,3,1,2,7,3,1,1,9,11,1,0,2,326,0,0,0,2,23.64312267657992,51.369863013698634,42.857142857142854,10,18.58736059479554,0.0,75.0,33.333333333333336,0.5,9,2,3,76.41717791411043
S41G01N259,2022-2023,20230325,63,away,35,1,0,3,0,3,0,6,3,2,0,0,0,0,0,0,0,8,3,4,2,6,8,2,0,2,327,0,0,0,2,-23.64312267657992,37.5,37.5,5,20.0,0.0,0.0,33.333333333333336,0.5,9,2,6,76.18348623853211,73,1,0,3,0,3,3,6,3,1,0,0,0,4,3,1,2,7,3,1,1,9,11,1,0,2,327,0,0,0,2,23.64312267657992,51.369863013698634,42.857142857142854,10,18.58736059479554,0.0,75.0,33.333333333333336,0.5,9,2,3,76.18348623853211
S41G01N259,2022-2023,20230325,64,away,35,1,0,3,0,3,0,6,3,2,0,0,0,0,0,0,0,8,3,4,2,6,8,2,0,3,328,0,0,0,3,-29.097668131125374,37.5,37.5,4,27.272727272727273,0.0,0.0,33.333333333333336,0.3333333333333333,9,2,6,79.60975609756098,73,1,0,3,0,3,3,6,3,1,0,0,0,4,3,1,2,7,3,1,1,9,11,1,0,2,328,0,0,0,2,29.097668131125374,51.369863013698634,42.857142857142854,10,18.58736059479554,0.0,75.0,33.333333333333336,0.5,9,2,3,79.60975609756098
S41G01N259,2022-2023,20230325,65,away,35,1,0,3,0,3,0,6,3,2,0,0,0,0,0,0,0,8,3,4,2,6,8,2,0,3,329,0,0,0,3,-29.097668131125374,37.5,37.5,4,27.272727272727273,0.0,0.0,33.333333333333336,0.3333333333333333,9,2,6,79.3677811550152,73,1,0,3,0,3,3,6,3,1,0,0,0,4,3,1,2,7,3,1,1,9,11,2,0,2,329,0,0,0,2,29.097668131125374,51.369863013698634,42.857142857142854,11,18.58736059479554,0.0,75.0,33.333333333333336,0.5,9,2,3,79.3677811550152
S41G01N259,2022-2023,20230325,66,away,35,1,0,3,0,3,0,6,3,2,0,0,0,0,0,0,0,8,3,4,2,6,8,2,0,3,343,0,0,0,3,-38.99196042053185,37.5,37.5,4,27.272727272727273,0.0,0.0,33.333333333333336,0.3333333333333333,11,2,6,79.62682215743439,73,1,0,3,0,3,3,7,4,1,0,0,0,4,3,1,2,8,4,1,1,11,12,2,0,2,343,0,0,0,2,38.99196042053185,56.352459016393446,50.0,13,17.006802721088437,0.0,75.0,25.0,0.5,11,2,5,79.62682215743439
S41G01N259,2022-2023,20230325,67,away,35,1,0,3,0,3,0,6,3,2,0,0,0,0,0,0,0,8,3,4,2,6,8,2,0,3,343,0,0,0,3,-38.99196042053185,37.5,37.5,4,27.272727272727273,0.0,0.0,33.333333333333336,0.3333333333333333,11,2,6,79.62682215743439,73,2,0,3,0,3,3,7,4,1,0,0,0,4,3,1,2,8,4,1,1,11,12,2,0,2,343,0,0,0,2,38.99196042053185,56.352459016393446,50.0,14,17.006802721088437,0.0,75.0,50.0,1.0,11,2,5,79.62682215743439
S41G01N259,2022-2023,20230325,68,away,35,1,0,3,0,3,0,6,3,3,1,0,0,0,0,0,0,9,4,4,2,9,9,2,0,3,363,0,0,0,3,-18.5374149659864,50.0,50.0,7,25.0,0.0,0.0,25.0,0.3333333333333333,3,2,6,78.54545454545455,73,2,0,3,0,3,3,7,4,1,0,0,0,4,3,1,2,8,4,1,1,11,12,2,0,2,363,0,0,0,2,18.5374149659864,56.352459016393446,50.0,14,17.006802721088437,0.0,75.0,50.0,1.0,3,2,5,78.54545454545455
S41G01N259,2022-2023,20230325,69,away,35,2,0,3,0,3,0,6,3,3,1,0,0,0,0,0,0,9,4,4,2,9,9,2,0,3,363,0,0,0,3,-18.5374149659864,50.0,50.0,8,25.0,0.0,0.0,50.0,0.6666666666666666,3,2,6,78.54545454545455,73,2,0,3,0,3,3,7,4,1,0,0,0,4,3,1,2,8,4,1,1,11,12,2,0,2,363,0,0,0,2,18.5374149659864,56.352459016393446,50.0,14,17.006802721088437,0.0,75.0,50.0,1.0,3,2,5,78.54545454545455
S41G01N259,2022-2023,20230325,70,away,35,2,0,3,0,3,0,6,3,3,1,0,0,0,0,0,0,9,4,4,2,9,9,2,0,3,375,0,0,0,3,-34.71786833855799,50.0,50.0,8,25.0,0.0,0.0,50.0,0.6666666666666666,3,2,6,79.232,73,2,0,3,0,3,3,7,4,2,1,0,0,4,3,1,2,9,5,1,1,14,13,2,0,2,375,0,0,0,2,34.71786833855799,65.0557620817844,61.111111111111114,17,15.673981191222571,0.0,75.0,40.0,1.0,3,2,5,79.232
S41G01N259,2022-2023,20230325,71,away,35,2,0,3,0,3,0,6,3,4,1,0,0,0,0,0,0,10,4,4,2,9,10,2,0,3,394,0,0,0,3,-40.487099107788765,45.0,45.0,7,23.076923076923077,0.0,0.0,50.0,0.6666666666666666,3,2,6,78.45685279187816,73,2,0,3,0,3,3,7,4,2,1,0,0,4,3,1,2,9,5,1,1,14,13,2,0,2,394,0,0,0,2,40.487099107788765,65.0557620817844,61.111111111111114,17,15.673981191222571,0.0,75.0,40.0,1.0,3,2,5,78.45685279187816
S41G01N259,2022-2023,20230325,72,away,35,2,0,3,1,4,0,6,3,4,1,0,0,0,0,0,0,10,4,4,2,9,10,2,0,3,396,0,0,0,3,-34.71786833855799,45.0,45.0,8,23.076923076923077,25.0,0.0,50.0,0.6666666666666666,3,2,6,75.03030303030302,73,2,0,3,0,3,3,7,4,2,1,0,0,4,3,1,2,9,5,1,1,14,13,2,0,2,396,0,0,0,2,34.71786833855799,65.0557620817844,61.111111111111114,17,15.673981191222571,0.0,75.0,40.0,1.0,3,2,5,75.03030303030302
S41G01N259,2022-2023,20230325,73,away,35,2,0,3,1,4,0,7,3,4,1,0,0,0,0,0,0,11,4,4,2,9,11,2,0,3,399,0,0,0,3,-40.487099107788765,40.90909090909091,40.90909090909091,7,21.428571428571427,25.0,0.0,50.0,0.6666666666666666,3,2,6,77.4736842105263,73,2,0,3,0,3,3,7,4,2,1,0,0,4,3,1,2,9,5,1,1,14,13,2,0,2,399,0,0,0,2,40.487099107788765,65.0557620817844,61.111111111111114,17,15.673981191222571,0.0,75.0,40.0,1.0,3,2,5,77.4736842105263
S41G01N259,2022-2023,20230325,74,away,35,2,0,3,1,4,0,7,3,4,1,0,0,0,0,0,0,11,4,4,2,9,11,2,0,3,400,0,0,0,3,-40.487099107788765,40.90909090909091,40.90909090909091,7,21.428571428571427,20.0,0.0,50.0,0.6666666666666666,3,2,6,77.28,73,2,0,4,0,4,3,7,4,2,1,0,0,4,3,1,2,9,5,1,1,14,13,2,0,2,400,0,0,0,2,40.487099107788765,65.0557620817844,61.111111111111114,18,15.673981191222571,0.0,75.0,40.0,1.0,3,2,5,77.28
S41G01N259,2022-2023,20230325,75,away,35,2,0,3,1,4,0,7,3,4,1,0,0,0,0,0,0,11,4,5,2,9,11,2,0,3,401,0,0,0,3,-40.487099107788765,40.90909090909091,40.90909090909091,7,21.428571428571427,20.0,0.0,50.0,0.6666666666666666,3,2,6,77.08728179551122,73,2,0,4,0,4,3,7,4,2,1,0,0,4,3,1,2,9,5,1,1,14,13,2,0,2,401,0,0,0,2,40.487099107788765,65.0557620817844,61.111111111111114,18,15.673981191222571,0.0,75.0,40.0,1.0,3,2,5,77.08728179551122
S41G01N259,2022-2023,20230325,76,away,35,2,0,3,1,4,0,7,3,4,1,0,0,0,0,0,0,11,4,5,2,9,11,2,0,3,401,0,0,0,3,-40.487099107788765,40.90909090909091,40.90909090909091,7,21.428571428571427,20.0,0.0,50.0,0.6666666666666666,3,2,6,77.08728179551122,73,2,0,4,0,4,3,7,4,2,1,0,0,4,3,1,2,9,5,1,1,14,13,2,0,2,401,0,0,0,2,40.487099107788765,65.0557620817844,61.111111111111114,18,15.673981191222571,0.0,75.0,40.0,1.0,3,2,5,77.08728179551122
S41G01N259,2022-2023,20230325,77,away,35,2,0,3,1,4,0,7,3,4,1,0,0,0,0,0,0,11,4,5,2,9,11,2,0,3,401,0,0,0,3,-36.829836829836836,40.90909090909091,40.90909090909091,7,21.428571428571427,20.0,0.0,50.0,0.6666666666666666,3,2,6,78.40399002493766,73,2,0,4,0,4,3,7,4,2,1,0,0,5,3,1,2,9,5,1,1,14,14,2,0,2,401,0,0,0,2,36.829836829836836,62.50000000000001,61.111111111111114,17,15.151515151515152,0.0,60.0,40.0,1.0,3,2,5,78.40399002493766
S41G01N259,2022-2023,20230325,78,away,35,2,0,3,1,4,0,7,3,4,1,0,0,0,0,0,0,11,4,5,2,9,11,2,0,3,401,0,0,0,3,-40.73990525603429,40.90909090909091,40.90909090909091,7,21.428571428571427,20.0,0.0,50.0,0.6666666666666666,4,2,6,79.7206982543641,73,2,0,4,0,4,3,7,4,2,1,0,0,6,4,1,2,9,5,1,1,15,15,2,0,2,401,0,0,0,2,40.73990525603429,64.43298969072164,61.111111111111114,18,14.662756598240469,0.0,66.66666666666667,40.0,1.0,4,2,6,79.7206982543641
S41G01N259,2022-2023,20230325,79,away,35,2,0,3,1,4,0,7,3,5,1,0,0,0,0,0,0,12,4,5,2,9,12,2,0,3,417,0,0,0,3,-45.684960201089226,37.5,37.5,6,20.0,20.0,0.0,50.0,0.6666666666666666,4,2,6,79.53956834532374,73,2,0,4,0,4,3,7,4,2,1,0,0,6,4,1,2,9,5,1,1,15,15,2,0,2,417,0,0,0,2,45.684960201089226,64.43298969072164,61.111111111111114,18,14.662756598240469,0.0,66.66666666666667,40.0,1.0,4,2,6,79.53956834532374
S41G01N259,2022-2023,20230325,80,away,35,2,0,3,1,4,0,7,3,5,1,0,0,0,0,0,0,12,4,5,2,9,12,2,0,3,418,0,0,0,3,-45.684960201089226,37.5,37.5,6,20.0,16.666666666666668,0.0,50.0,0.6666666666666666,4,2,6,79.34928229665071,73,2,0,5,0,5,3,7,4,2,1,0,0,6,4,1,2,9,5,1,1,15,15,2,0,2,418,0,0,0,2,45.684960201089226,64.43298969072164,61.111111111111114,19,14.662756598240469,0.0,66.66666666666667,40.0,1.0,4,2,6,79.34928229665071
S41G01N259,2022-2023,20230325,81,away,35,2,0,3,1,4,0,7,3,5,1,0,0,0,0,0,0,12,4,5,2,9,12,2,0,3,430,0,0,0,3,-58.665105386416855,37.5,37.5,6,20.0,16.666666666666668,0.0,50.0,0.6666666666666666,7,2,6,79.92558139534884,73,2,0,5,0,5,3,7,4,3,2,0,0,6,4,1,2,10,6,1,1,18,16,2,0,2,430,0,0,0,2,58.665105386416855,71.20253164556962,70.0,22,13.66120218579235,0.0,66.66666666666667,33.333333333333336,1.0,7,2,9,79.92558139534884
S41G01N259,2022-2023,20230325,82,away,35,2,0,3,1,4,0,7,3,5,1,0,0,0,0,0,0,12,4,5,2,9,12,2,0,3,430,0,0,0,3,-58.665105386416855,37.5,37.5,6,20.0,16.666666666666668,0.0,50.0,0.6666666666666666,7,2,6,79.92558139534884,73,3,0,5,0,5,3,7,4,3,2,0,0,6,4,1,2,10,6,1,1,18,16,2,0,2,430,0,0,0,2,58.665105386416855,71.20253164556962,70.0,23,13.66120218579235,0.0,66.66666666666667,50.0,1.5,7,2,9,79.92558139534884
S41G01N259,2022-2023,20230325,83,away,35,2,0,3,1,4,0,7,3,6,2,0,0,0,0,0,0,13,5,5,2,12,13,2,0,3,456,0,0,0,3,-42.950819672131146,46.15384615384615,46.15384615384615,9,18.75,16.666666666666668,0.0,40.0,0.6666666666666666,3,2,6,78.0,73,3,0,5,0,5,3,7,4,3,2,0,0,6,4,1,2,10,6,1,1,18,16,2,0,2,456,0,0,0,2,42.950819672131146,71.20253164556962,70.0,23,13.66120218579235,0.0,66.66666666666667,50.0,1.5,3,2,9,78.0
S41G01N259,2022-2023,20230325,84,away,35,3,0,3,1,4,0,7,3,6,2,0,0,0,0,0,0,13,5,5,2,12,13,2,0,3,456,0,0,0,3,-42.950819672131146,46.15384615384615,46.15384615384615,10,18.75,16.666666666666668,0.0,60.0,1.0,3,2,6,78.0,73,3,0,5,0,5,3,7,4,3,2,0,0,6,4,1,2,10,6,1,1,18,16,2,0,2,456,0,0,0,2,42.950819672131146,71.20253164556962,70.0,23,13.66120218579235,0.0,66.66666666666667,50.0,1.5,3,2,9,78.0
S41G01N259,2022-2023,20230325,85,away,35,3,0,3,1,4,0,7,3,6,2,0,0,0,0,0,0,13,5,5,2,12,13,2,0,3,473,0,0,0,3,-47.8772378516624,46.15384615384615,46.15384615384615,10,18.75,16.666666666666668,0.0,60.0,1.0,2,2,6,77.73361522198731,73,3,0,5,0,5,3,8,5,3,2,0,0,6,4,1,2,11,7,1,1,20,17,2,0,2,473,0,0,0,2,47.8772378516624,73.31378299120234,72.72727272727273,25,12.78772378516624,0.0,66.66666666666667,42.857142857142854,1.5,2,2,9,77.73361522198731
S41G01N259,2022-2023,20230325,86,away,35,3,0,3,1,4,0,7,3,6,2,0,0,0,0,0,0,13,5,5,2,12,13,2,0,3,485,0,0,0,3,-47.8772378516624,46.15384615384615,46.15384615384615,10,18.75,16.666666666666668,0.0,60.0,1.0,2,2,6,75.81030927835052,73,3,0,5,0,5,3,8,5,3,2,0,0,6,4,1,2,11,7,2,2,20,17,2,0,2,485,0,0,0,2,47.8772378516624,73.31378299120234,72.72727272727273,25,12.78772378516624,0.0,66.66666666666667,42.857142857142854,1.5,2,2,9,75.81030927835052
S41G01N259,2022-2023,20230325,87,away,35,3,0,3,1,4,0,7,3,6,2,0,0,0,0,0,0,13,5,5,2,12,13,2,0,3,485,0,0,0,3,-47.8772378516624,46.15384615384615,46.15384615384615,10,18.75,16.666666666666668,0.0,60.0,1.0,2,2,6,75.81030927835052,73,3,0,5,0,5,3,8,5,3,2,0,0,6,4,1,2,11,7,2,2,20,17,2,0,2,485,0,0,0,2,47.8772378516624,73.31378299120234,72.72727272727273,25,12.78772378516624,0.0,66.66666666666667,42.857142857142854,1.5,2,2,9,75.81030927835052
S41G01N259,2022-2023,20230325,88,away,35,3,0,3,1,4,0,7,3,7,2,0,0,0,0,0,0,14,5,5,2,12,14,2,0,3,498,0,0,0,3,-52.8772378516624,42.857142857142854,42.857142857142854,9,17.647058823529413,16.666666666666668,0.0,60.0,1.0,2,2,6,76.2409638554217,73,3,0,5,0,5,3,8,5,3,2,0,0,6,4,1,2,11,7,2,2,20,17,2,0,2,498,0,0,0,2,52.8772378516624,73.31378299120234,72.72727272727273,25,12.78772378516624,0.0,66.66666666666667,42.857142857142854,1.5,2,2,9,76.2409638554217
S41G01N259,2022-2023,20230325,89,away,35,3,0,3,1,4,0,7,3,7,2,0,0,0,0,0,0,14,5,5,2,12,14,2,0,3,499,0,0,0,3,-52.8772378516624,42.857142857142854,42.857142857142854,9,17.647058823529413,14.285714285714286,0.0,60.0,1.0,2,2,6,76.08817635270542,73,3,0,6,0,6,3,8,5,3,2,0,0,6,4,1,2,11,7,2,2,20,17,2,0,2,499,0,0,0,2,52.8772378516624,73.31378299120234,72.72727272727273,26,12.78772378516624,0.0,66.66666666666667,42.857142857142854,1.5,2,2,9,76.08817635270542
S41G01N259,2022-2023,20230325,90,away,35,3,0,3,1,4,0,7,3,7,2,0,0,0,0,0,0,14,5,6,2,12,14,2,0,3,515,0,0,0,3,-52.8772378516624,42.857142857142854,42.857142857142854,9,17.647058823529413,14.285714285714286,0.0,60.0,1.0,2,2,6,73.7242718446602,73,3,0,6,0,6,3,8,5,3,2,0,0,6,4,1,2,11,7,2,2,20,17,2,0,2,515,0,0,0,2,52.8772378516624,73.31378299120234,72.72727272727273,26,12.78772378516624,0.0,66.66666666666667,42.857142857142854,1.5,2,2,9,73.7242718446602
S41G01N259,2022-2023,20230325,91,away,35,3,0,3,1,4,0,7,3,7,2,0,0,0,0,0,0,14,5,6,2,12,14,2,0,3,515,0,0,0,3,-52.8772378516624,42.857142857142854,42.857142857142854,9,17.647058823529413,14.285714285714286,0.0,60.0,1.0,2,2,6,73.7242718446602,73,3,0,6,0,6,3,8,5,3,2,0,0,6,4,1,2,11,7,2,2,20,17,2,0,2,515,0,0,0,2,52.8772378516624,73.31378299120234,72.72727272727273,26,12.78772378516624,0.0,66.66666666666667,42.857142857142854,1.5,2,2,9,73.7242718446602
S41G01N259,2022-2023,20230325,92,away,35,3,0,3,1,4,0,7,3,7,2,0,0,0,0,0,0,14,5,6,2,12,14,2,0,3,515,0,0,0,3,-52.8772378516624,42.857142857142854,42.857142857142854,9,17.647058823529413,14.285714285714286,0.0,60.0,1.0,2,2,6,73.7242718446602,73,3,0,6,0,6,3,8,5,3,2,0,0,6,4,1,2,11,7,2,2,20,17,2,0,2,515,0,0,0,2,52.8772378516624,73.31378299120234,72.72727272727273,26,12.78772378516624,0.0,66.66666666666667,42.857142857142854,1.5,2,2,9,73.7242718446602
S41G01N259,2022-2023,20230325,93,away,35,3,0,3,1,4,0,7,3,7,2,0,0,0,0,0,0,14,5,6,2,12,14,2,0,3,515,0,0,0,3,-52.8772378516624,42.857142857142854,42.857142857142854,9,17.647058823529413,14.285714285714286,0.0,60.0,1.0,2,2,6,73.7242718446602,73,3,0,6,0,6,3,8,5,3,2,0,0,6,4,1,2,11,7,2,2,20,17,2,0,2,515,0,0,0,2,52.8772378516624,73.31378299120234,72.72727272727273,26,12.78772378516624,0.0,66.66666666666667,42.857142857142854,1.5,2,2,9,73.7242718446602
S41G01N259,2022-2023,20230325,94,away,35,3,0,3,1,4,0,7,3,7,2,0,0,0,0,0,0,14,5,6,2,12,14,2,0,3,515,0,0,0,3,-52.8772378516624,42.857142857142854,42.857142857142854,9,17.647058823529413,14.285714285714286,0.0,60.0,1.0,2,2,6,73.7242718446602,73,3,0,6,0,6,3,8,5,3,2,0,0,6,4,1,2,11,7,2,2,20,17,2,0,2,515,0,0,0,2,52.8772378516624,73.31378299120234,72.72727272727273,26,12.78772378516624,0.0,66.66666666666667,42.857142857142854,1.5,2,2,9,73.7242718446602
S41G01N259,2022-2023,20230325,95,away,35,3,0,3,1,4,0,7,3,7,2,0,0,0,0,0,0,14,5,6,2,12,14,2,0,3,515,0,0,0,3,-55.597014925373145,42.857142857142854,42.857142857142854,9,17.647058823529413,14.285714285714286,0.0,60.0,1.0,3,2,6,74.74951456310679,73,3,0,6,0,6,3,8,5,3,2,0,0,7,5,1,2,11,7,2,2,21,18,2,0,2,515,0,0,0,2,55.597014925373145,74.57386363636364,72.72727272727273,27,12.437810945273633,0.0,71.42857142857143,42.857142857142854,1.5,3,2,9,74.74951456310679
S41G01N259,2022-2023,20230325,96,away,35,3,0,3,1,4,0,7,3,7,2,0,0,0,0,0,0,14,5,6,2,12,14,2,0,3,515,0,0,0,3,-52.11864406779661,42.857142857142854,42.857142857142854,9,17.647058823529413,14.285714285714286,0.0,60.0,1.0,3,2,6,75.77475728155338,73,3,0,6,0,6,3,8,5,3,2,0,0,8,5,1,2,11,7,2,2,21,19,2,0,2,515,0,0,0,2,52.11864406779661,72.31404958677686,72.72727272727273,26,12.106537530266344,0.0,62.5,42.857142857142854,1.5,3,2,9,75.77475728155338
S41G01N259,2022-2023,20230325,97,away,35,3,0,4,1,5,0,7,3,7,2,0,0,0,0,0,0,14,5,6,2,12,14,2,0,3,516,0,0,0,3,-52.11864406779661,42.857142857142854,42.857142857142854,10,17.647058823529413,14.285714285714286,0.0,60.0,1.0,3,2,6,75.62790697674419,73,3,0,6,0,6,3,8,5,3,2,0,0,8,5,1,2,11,7,2,2,21,19,2,0,2,516,0,0,0,2,52.11864406779661,72.31404958677686,72.72727272727273,26,12.106537530266344,0.0,62.5,42.857142857142854,1.5,3,2,9,75.62790697674419
S41G01N259,2022-2023,20230325,98,away,35,3,0,4,1,5,0,8,3,7,2,0,0,0,0,0,0,15,5,6,2,12,15,2,0,3,536,0,0,0,3,-56.53040877367896,40.0,40.0,9,16.666666666666668,14.285714285714286,0.0,60.0,1.0,3,2,6,75.04477611940297,73,3,0,6,0,6,3,8,5,3,2,0,0,8,5,1,2,11,7,2,2,21,19,2,0,2,536,0,0,0,2,56.53040877367896,72.31404958677686,72.72727272727273,26,12.106537530266344,0.0,62.5,42.857142857142854,1.5,3,2,9,75.04477611940297
S41G01N259,2022-2023,20230325,99,away,35,3,0,4,1,5,0,8,3,7,2,0,0,0,0,0,0,15,5,6,2,12,15,2,0,3,537,0,0,0,3,-56.53040877367896,40.0,40.0,9,16.666666666666668,12.5,0.0,60.0,1.0,3,2,6,74.90502793296088,73,3,0,7,0,7,3,8,5,3,2,0,0,8,5,1,2,11,7,2,2,21,19,2,0,2,537,0,0,0,2,56.53040877367896,72.31404958677686,72.72727272727273,27,12.106537530266344,0.0,62.5,42.857142857142854,1.5,3,2,9,74.90502793296088
S41G01N259,2022-2023,20230325,100,away,35,3,0,4,1,5,0,8,3,7,2,0,0,0,0,0,0,15,5,6,2,12,15,2,0,3,548,0,0,0,3,-60.69030351866775,40.0,40.0,9,16.666666666666668,12.5,0.0,60.0,1.0,5,2,6,75.5912408759124,73,3,0,7,0,7,3,9,6,3,2,0,0,8,5,1,2,12,8,2,2,23,20,2,0,2,548,0,0,0,2,60.69030351866775,74.0979381443299,75.0,29,11.415525114155251,0.0,62.5,37.5,1.5,5,2,11,75.5912408759124
S41G01N259,2022-2023,20230325,101,away,35,3,0,4,1,5,0,8,3,8,2,0,0,0,0,0,0,16,5,6,2,12,16,2,0,3,558,0,0,0,3,-64.61187214611873,37.5,37.5,8,15.789473684210526,12.5,0.0,60.0,1.0,5,2,6,76.38709677419354,73,3,0,7,0,7,3,9,6,3,2,0,0,8,5,1,2,12,8,2,2,23,20,2,0,2,558,0,0,0,2,64.61187214611873,74.0979381443299,75.0,29,11.415525114155251,0.0,62.5,37.5,1.5,5,2,11,76.38709677419354
S41G01N259,2022-2023,20230325,102,away,35,3,0,4,1,5,0,8,3,8,2,0,0,0,0,0,0,16,5,6,2,12,16,2,0,3,560,0,0,0,3,-64.61187214611873,37.5,37.5,8,15.789473684210526,11.11111111111111,0.0,60.0,1.0,5,2,6,76.1142857142857,73,3,0,8,0,8,3,9,6,3,2,0,0,8,5,1,2,12,8,2,2,23,20,2,0,2,560,0,0,0,2,64.61187214611873,74.0979381443299,75.0,30,11.415525114155251,0.0,62.5,37.5,1.5,5,2,11,76.1142857142857
S41G01N259,2022-2023,20230325,103,away,35,3,0,4,1,5,0,8,3,8,2,0,0,0,0,0,0,16,5,7,2,12,16,2,0,3,565,0,0,0,3,-64.61187214611873,37.5,37.5,8,15.789473684210526,11.11111111111111,0.0,60.0,1.0,5,2,6,75.44070796460177,73,3,0,8,0,8,3,9,6,3,2,0,0,8,5,1,2,12,8,2,2,23,20,2,0,2,565,0,0,0,2,64.61187214611873,74.0979381443299,75.0,30,11.415525114155251,0.0,62.5,37.5,1.5,5,2,11,75.44070796460177
S41G01N259,2022-2023,20230325,104,away,35,3,0,4,1,5,0,8,3,8,2,0,0,0,0,0,0,16,5,7,2,12,16,2,0,3,565,0,0,0,3,-66.9636228656273,37.5,37.5,8,15.789473684210526,11.11111111111111,0.0,60.0,1.0,6,2,6,76.37522123893807,73,3,0,8,0,8,3,9,6,3,2,0,0,9,6,1,2,12,8,2,2,24,21,2,0,2,565,0,0,0,2,66.9636228656273,75.18796992481202,75.0,31,11.135857461024498,0.0,66.66666666666667,37.5,1.5,6,2,12,76.37522123893807
S41G01N259,2022-2023,20230325,105,away,35,3,0,4,1,5,0,8,3,8,2,0,0,0,0,0,0,16,5,7,2,12,16,2,0,3,565,0,0,0,3,-69.20289855072464,37.5,37.5,8,15.789473684210526,11.11111111111111,0.0,60.0,1.0,7,2,6,77.30973451327434,73,3,0,8,0,8,3,9,6,3,2,0,0,10,7,1,2,12,8,2,2,25,22,2,0,2,565,0,0,0,2,69.20289855072464,76.21951219512196,75.0,32,10.869565217391305,0.0,70.0,37.5,1.5,7,2,13,77.30973451327434
S41G01N259,2022-2023,20230325,106,away,35,3,0,4,1,5,0,8,3,8,2,0,0,0,0,0,0,16,5,7,2,12,16,2,0,3,565,0,0,0,3,-69.20289855072464,37.5,37.5,8,15.789473684210526,11.11111111111111,0.0,60.0,1.0,7,2,6,77.30973451327434,73,3,0,8,0,8,3,9,6,3,2,0,0,10,7,1,2,12,8,2,2,25,22,2,0,2,565,0,0,0,2,69.20289855072464,76.21951219512196,75.0,32,10.869565217391305,0.0,70.0,37.5,1.5,7,2,13,77.30973451327434
S41G01N259,2022-2023,20230325,107,away,35,3,0,4,1,5,0,8,3,8,2,0,0,0,0,0,0,16,5,7,2,12,16,2,0,3,565,0,0,0,3,-69.20289855072464,37.5,37.5,8,15.789473684210526,11.11111111111111,0.0,60.0,1.0,7,2,6,77.30973451327434,73,3,0,8,0,8,3,9,6,3,2,0,0,10,7,1,2,12,8,2,2,25,22,2,0,2,565,0,0,0,2,69.20289855072464,76.21951219512196,75.0,32,10.869565217391305,0.0,70.0,37.5,1.5,7,2,13,77.30973451327434
S41G01N259,2022-2023,20230325,108,away,35,3,0,4,1,5,0,9,3,8,2,0,0,0,0,0,0,17,5,7,2,12,17,2,0,3,587,0,0,0,3,-72.7116704805492,35.294117647058826,35.294117647058826,7,15.0,11.11111111111111,0.0,60.0,1.0,7,2,6,76.45655877342418,73,3,0,8,0,8,3,9,6,3,2,0,0,10,7,1,2,12,8,2,2,25,22,2,0,2,587,0,0,0,2,72.7116704805492,76.21951219512196,75.0,32,10.869565217391305,0.0,70.0,37.5,1.5,7,2,13,76.45655877342418
S41G01N259,2022-2023,20230325,109,away,35,3,0,4,1,5,0,9,3,8,2,0,0,0,0,0,0,17,5,7,2,12,17,2,0,3,588,0,0,0,3,-72.7116704805492,35.294117647058826,35.294117647058826,7,15.0,11.11111111111111,0.0,60.0,1.0,7,2,6,76.3265306122449,73,3,0,8,0,8,4,9,6,3,2,0,0,10,7,1,2,12,8,2,2,25,22,2,0,2,588,0,0,0,2,72.7116704805492,76.21951219512196,75.0,33,10.869565217391305,0.0,70.0,37.5,1.5,7,2,13,76.3265306122449
S41G01N259,2022-2023,20230325,110,away,35,3,0,4,1,5,0,9,3,8,2,0,0,0,0,0,0,17,5,7,2,12,17,2,0,3,598,0,0,0,3,-65.7080846446012,35.294117647058826,35.294117647058826,7,15.0,11.11111111111111,0.0,60.0,1.0,7,2,6,77.05685618729096,73,3,0,8,0,8,4,10,6,3,2,0,0,10,7,1,2,13,8,2,2,25,23,2,0,2,598,0,0,0,2,65.7080846446012,71.83908045977012,69.23076923076923,32,10.309278350515465,0.0,70.0,37.5,1.5,7,2,13,77.05685618729096
S41G01N259,2022-2023,20230325,111,away,35,3,0,5,1,6,0,9,3,8,2,0,0,0,0,0,0,17,5,7,2,12,17,2,0,3,599,0,0,0,3,-65.7080846446012,35.294117647058826,35.294117647058826,8,15.0,11.11111111111111,0.0,60.0,1.0,7,2,6,76.92821368948246,73,3,0,8,0,8,4,10,6,3,2,0,0,10,7,1,2,13,8,2,2,25,23,2,0,2,599,0,0,0,2,65.7080846446012,71.83908045977012,69.23076923076923,32,10.309278350515465,0.0,70.0,37.5,1.5,7,2,13,76.92821368948246
S41G01N259,2022-2023,20230325,112,away,35,3,0,5,1,6,0,9,3,8,2,0,0,0,0,0,0,17,5,7,2,12,17,2,0,3,599,0,0,0,3,-65.7080846446012,35.294117647058826,35.294117647058826,8,15.0,11.11111111111111,0.0,60.0,1.0,7,2,6,76.92821368948246,73,3,0,8,0,8,4,10,6,3,2,0,0,10,7,1,2,13,8,2,2,25,23,2,0,2,599,0,0,0,2,65.7080846446012,71.83908045977012,69.23076923076923,32,10.309278350515465,0.0,70.0,37.5,1.5,7,2,13,76.92821368948246
S41G01N259,2022-2023,20230325,113,away,35,3,0,5,1,6,0,9,3,8,2,0,0,0,0,0,0,17,5,7,2,12,17,2,0,3,600,0,0,0,3,-65.7080846446012,35.294117647058826,35.294117647058826,8,15.0,11.11111111111111,0.0,60.0,1.0,7,2,6,76.8,73,3,0,8,0,8,4,10,6,3,2,0,0,10,7,1,2,13,8,2,2,25,23,2,0,2,600,0,0,0,2,65.7080846446012,71.83908045977012,69.23076923076923,32,10.309278350515465,0.0,70.0,37.5,1.5,7,2,13,76.8
S41G01N259,2022-2023,20230325,114,away,35,3,0,5,1,6,0,9,3,8,2,0,0,0,0,0,0,17,5,7,2,12,17,2,0,3,600,0,0,0,3,-65.7080846446012,35.294117647058826,35.294117647058826,8,15.0,11.11111111111111,0.0,60.0,1.0,7,2,6,76.8,73,3,0,8,0,8,4,10,6,3,2,0,0,10,7,1,2,13,8,2,2,25,23,2,0,2,600,0,0,0,2,65.7080846446012,71.83908045977012,69.23076923076923,32,10.309278350515465,0.0,70.0,37.5,1.5,7,2,13,76.8
S41G01N259,2022-2023,20230325,115,away,35,3,0,5,1,6,0,9,3,8,2,0,0,0,0,0,0,17,5,7,2,12,17,2,0,3,600,0,0,0,3,-65.7080846446012,35.294117647058826,35.294117647058826,8,15.0,11.11111111111111,0.0,60.0,1.0,7,2,6,76.8,73,3,0,8,0,8,4,10,6,3,2,0,0,10,7,1,2,13,8,2,2,25,23,2,0,2,600,0,0,0,2,65.7080846446012,71.83908045977012,69.23076923076923,32,10.309278350515465,0.0,70.0,37.5,1.5,7,2,13,76.8
S41G01N259,2022-2023,20230325,116,away,35,3,0,5,1,6,0,9,3,8,2,0,0,0,0,0,0,17,5,7,2,12,17,2,0,3,600,0,0,0,3,-65.7080846446012,35.294117647058826,35.294117647058826,8,15.0,11.11111111111111,0.0,60.0,1.0,7,2,6,76.8,73,3,0,8,0,8,4,10,6,3,2,0,0,10,7,1,2,13,8,2,2,25,23,2,0,2,600,0,0,0,2,65.7080846446012,71.83908045977012,69.23076923076923,32,10.309278350515465,0.0,70.0,37.5,1.5,7,2,13,76.8
S41G01N259,2022-2023,20230325,117,away,35,3,0,5,1,6,0,9,3,8,2,0,0,0,0,0,0,17,5,7,2,12,17,2,0,3,600,0,0,0,3,-65.7080846446012,35.294117647058826,35.294117647058826,8,15.0,11.11111111111111,0.0,60.0,1.0,7,2,6,76.8,73,3,0,8,0,8,4,10,6,3,2,0,0,10,7,1,2,13,8,2,2,25,23,2,0,2,600,0,0,0,2,65.7080846446012,71.83908045977012,69.23076923076923,32,10.309278350515465,0.0,70.0,37.5,1.5,7,2,13,76.8
S41G01N259,2022-2023,20230325,118,away,35,3,0,5,1,6,0,9,3,8,2,0,0,0,0,0,0,17,5,7,2,12,17,2,0,3,600,0,0,0,3,-65.7080846446012,35.294117647058826,35.294117647058826,8,15.0,11.11111111111111,0.0,60.0,1.0,7,2,6,76.8,73,3,0,8,0,8,4,10,6,3,2,0,0,10,7,1,2,13,8,2,2,25,23,2,0,2,600,0,0,0,2,65.7080846446012,71.83908045977012,69.23076923076923,32,10.309278350515465,0.0,70.0,37.5,1.5,7,2,13,76.8
S41G01N259,2022-2023,20230325,119,away,35,3,0,5,1,6,0,9,3,8,2,0,0,0,0,0,0,17,5,7,2,12,17,2,0,3,600,0,0,0,3,-65.7080846446012,35.294117647058826,35.294117647058826,8,15.0,11.11111111111111,0.0,60.0,1.0,7,2,6,76.8,73,3,0,8,0,8,4,10,6,3,2,0,0,10,7,1,2,13,8,2,2,25,23,2,0,2,600,0,0,0,2,65.7080846446012,71.83908045977012,69.23076923076923,32,10.309278350515465,0.0,70.0,37.5,1.5,7,2,13,76.8
S41G01N259,2022-2023,20230325,120,away,35,3,0,5,1,6,0,9,3,8,2,0,0,0,0,0,0,17,5,7,2,12,17,2,0,3,600,0,0,0,3,-65.7080846446012,35.294117647058826,35.294117647058826,8,15.0,11.11111111111111,0.0,60.0,1.0,7,2,6,76.8,73,3,0,8,0,8,4,10,6,3,2,0,0,10,7,1,2,13,8,2,2,25,23,2,0,2,600,0,0,0,2,65.7080846446012,71.83908045977012,69.23076923076923,32,10.309278350515465,0.0,70.0,37.5,1.5,7,2,13,76.8
S41G01N259,2022-2023,20230325,121,away,35,3,0,5,1,6,0,9,3,8,2,0,0,0,0,0,0,17,5,7,2,12,17,2,0,3,600,0,0,0,3,-65.7080846446012,35.294117647058826,35.294117647058826,8,15.0,11.11111111111111,0.0,60.0,1.0,7,2,6,76.8,73,3,0,8,0,8,4,10,6,3,2,0,0,10,7,1,2,13,8,2,2,25,23,2,0,2,600,0,0,0,2,65.7080846446012,71.83908045977012,69.23076923076923,32,10.309278350515465,0.0,70.0,37.5,1.5,7,2,13,76.8
S41G01N259,2022-2023,20230325,122,away,35,3,0,5,1,6,0,9,3,8,2,0,0,0,0,0,0,17,5,7,2,12,17,2,0,3,600,0,0,0,3,-65.7080846446012,35.294117647058826,35.294117647058826,8,15.0,11.11111111111111,0.0,60.0,1.0,7,2,6,76.8,73,3,0,8,0,8,4,10,6,3,2,0,0,10,7,1,2,13,8,2,2,25,23,2,0,2,600,0,0,0,2,65.7080846446012,71.83908045977012,69.23076923076923,32,10.309278350515465,0.0,70.0,37.5,1.5,7,2,13,76.8
S41G01N259,2022-2023,20230325,123,away,35,3,0,5,1,6,0,9,3,8,2,0,0,0,0,0,0,17,5,7,2,12,17,2,0,3,600,0,0,0,3,-65.7080846446012,35.294117647058826,35.294117647058826,8,15.0,11.11111111111111,0.0,60.0,1.0,7,2,6,76.8,73,3,0,8,0,8,4,10,6,3,2,0,0,10,7,1,2,13,8,2,2,25,23,2,0,2,600,0,0,0,2,65.7080846446012,71.83908045977012,69.23076923076923,32,10.309278350515465,0.0,70.0,37.5,1.5,7,2,13,76.8
S41G01N259,2022-2023,20230325,124,away,35,3,0,5,1,6,0,9,3,8,2,0,0,0,0,0,0,17,5,7,2,12,17,2,0,3,600,0,0,0,3,-65.7080846446012,35.294117647058826,35.294117647058826,8,15.0,11.11111111111111,0.0,60.0,1.0,7,2,6,76.8,73,3,0,8,0,8,4,10,6,3,2,0,0,10,7,1,2,13,8,2,2,25,23,2,0,2,600,0,0,0,2,65.7080846446012,71.83908045977012,69.23076923076923,32,10.309278350515465,0.0,70.0,37.5,1.5,7,2,13,76.8
S41G01N259,2022-2023,20230325,125,away,35,3,0,5,1,6,0,9,3,8,2,0,0,0,0,0,0,17,5,7,2,12,17,2,0,3,600,0,0,0,3,-65.7080846446012,35.294117647058826,35.294117647058826,8,15.0,11.11111111111111,0.0,60.0,1.0,7,2,6,76.8,73,3,0,8,0,8,4,10,6,3,2,0,0,10,7,1,2,13,8,2,2,25,23,2,0,2,600,0,0,0,2,65.7080846446012,71.83908045977012,69.23076923076923,32,10.309278350515465,0.0,70.0,37.5,1.5,7,2,13,76.8
S41G01N259,2022-2023,20230325,126,away,35,3,0,5,1,6,0,9,3,8,2,0,0,0,0,0,0,17,5,7,2,12,17,2,0,3,600,0,0,0,3,-65.7080846446012,35.294117647058826,35.294117647058826,8,15.0,11.11111111111111,0.0,60.0,1.0,7,2,6,76.8,73,3,0,8,0,8,4,10,6,3,2,0,0,10,7,1,2,13,8,2,2,25,23,2,0,2,600,0,0,0,2,65.7080846446012,71.83908045977012,69.23076923076923,32,10.309278350515465,0.0,70.0,37.5,1.5,7,2,13,76.8
S41G01N259,2022-2023,20230325,127,away,35,3,0,5,1,6,0,9,3,8,2,0,0,0,0,0,0,17,5,7,2,12,17,2,0,3,600,0,0,0,3,-65.7080846446012,35.294117647058826,35.294117647058826,8,15.0,11.11111111111111,0.0,60.0,1.0,7,2,6,76.8,73,3,0,8,0,8,4,10,6,3,2,0,0,10,7,1,2,13,8,2,2,25,23,2,0,2,600,0,0,0,2,65.7080846446012,71.83908045977012,69.23076923076923,32,10.309278350515465,0.0,70.0,37.5,1.5,7,2,13,76.8
S41G01N259,2022-2023,20230325,128,away,35,3,0,5,1,6,0,9,3,8,2,0,0,0,0,0,0,17,5,7,2,12,17,2,0,3,600,0,0,0,3,-65.7080846446012,35.294117647058826,35.294117647058826,8,15.0,11.11111111111111,0.0,60.0,1.0,7,2,6,76.8,73,3,0,8,0,8,4,10,6,3,2,0,0,10,7,1,2,13,8,2,2,25,23,2,0,2,600,0,0,0,2,65.7080846446012,71.83908045977012,69.23076923076923,32,10.309278350515465,0.0,70.0,37.5,1.5,7,2,13,76.8
S41G01N259,2022-2023,20230325,129,away,35,3,0,5,1,6,0,9,3,8,2,0,0,0,0,0,0,17,5,7,2,12,17,2,0,3,600,0,0,0,3,-65.7080846446012,35.294117647058826,35.294117647058826,8,15.0,11.11111111111111,0.0,60.0,1.0,7,2,6,76.8,73,3,0,8,0,8,4,10,6,3,2,0,0,10,7,1,2,13,8,2,2,25,23,2,0,2,600,0,0,0,2,65.7080846446012,71.83908045977012,69.23076923076923,32,10.309278350515465,0.0,70.0,37.5,1.5,7,2,13,76.8
S41G01N259,2022-2023,20230325,130,away,35,3,0,5,1,6,0,9,3,8,2,0,0,0,0,0,0,17,5,7,2,12,17,2,0,3,600,0,0,0,3,-65.7080846446012,35.294117647058826,35.294117647058826,8,15.0,11.11111111111111,0.0,60.0,1.0,7,2,6,76.8,73,3,0,8,0,8,4,10,6,3,2,0,0,10,7,1,2,13,8,2,2,25,23,2,0,2,600,0,0,0,2,65.7080846446012,71.83908045977012,69.23076923076923,32,10.309278350515465,0.0,70.0,37.5,1.5,7,2,13,76.8
S41G01N259,2022-2023,20230325,131,away,35,3,0,5,1,6,0,9,3,8,2,0,0,0,0,0,0,17,5,7,2,12,17,2,0,3,600,0,0,0,3,-65.7080846446012,35.294117647058826,35.294117647058826,8,15.0,11.11111111111111,0.0,60.0,1.0,7,2,6,76.8,73,3,0,8,0,8,4,10,6,3,2,0,0,10,7,1,2,13,8,2,2,25,23,2,0,2,600,0,0,0,2,65.7080846446012,71.83908045977012,69.23076923076923,32,10.309278350515465,0.0,70.0,37.5,1.5,7,2,13,76.8
S41G01N259,2022-2023,20230325,132,away,35,3,0,5,1,6,0,9,3,8,2,0,0,0,0,0,0,17,5,7,2,12,17,2,0,3,600,0,0,0,3,-65.7080846446012,35.294117647058826,35.294117647058826,8,15.0,11.11111111111111,0.0,60.0,1.0,7,2,6,76.8,73,3,0,8,0,8,4,10,6,3,2,0,0,10,7,1,2,13,8,2,2,25,23,2,0,2,600,0,0,0,2,65.7080846446012,71.83908045977012,69.23076923076923,32,10.309278350515465,0.0,70.0,37.5,1.5,7,2,13,76.8
S41G01N259,2022-2023,20230325,133,away,35,3,0,5,1,6,0,9,3,8,2,0,0,0,0,0,0,17,5,7,2,12,17,2,0,3,600,0,0,0,3,-65.7080846446012,35.294117647058826,35.294117647058826,8,15.0,11.11111111111111,0.0,60.0,1.0,7,2,6,76.8,73,3,0,8,0,8,4,10,6,3,2,0,0,10,7,1,2,13,8,2,2,25,23,2,0,2,600,0,0,0,2,65.7080846446012,71.83908045977012,69.23076923076923,32,10.309278350515465,0.0,70.0,37.5,1.5,7,2,13,76.8
S41G01N259,2022-2023,20230325,134,away,35,3,0,5,1,6,0,9,3,8,2,0,0,0,0,0,0,17,5,7,2,12,17,2,0,3,600,0,0,0,3,-65.7080846446012,35.294117647058826,35.294117647058826,8,15.0,11.11111111111111,0.0,60.0,1.0,7,2,6,76.8,73,3,0,8,0,8,4,10,6,3,2,0,0,10,7,1,2,13,8,2,2,25,23,2,0,2,600,0,0,0,2,65.7080846446012,71.83908045977012,69.23076923076923,32,10.309278350515465,0.0,70.0,37.5,1.5,7,2,13,76.8
S41G01N259,2022-2023,20230325,135,away,35,3,0,5,1,6,0,9,3,8,2,0,0,0,0,0,0,17,5,7,2,12,17,2,0,3,600,0,0,0,3,-65.7080846446012,35.294117647058826,35.294117647058826,8,15.0,11.11111111111111,0.0,60.0,1.0,7,2,6,76.8,73,3,0,8,0,8,4,10,6,3,2,0,0,10,7,1,2,13,8,2,2,25,23,2,0,2,600,0,0,0,2,65.7080846446012,71.83908045977012,69.23076923076923,32,10.309278350515465,0.0,70.0,37.5,1.5,7,2,13,76.8
S41G01N259,2022-2023,20230325,136,away,35,3,0,5,1,6,0,9,3,8,2,0,0,0,0,0,0,17,5,7,2,12,17,2,0,3,600,0,0,0,3,-65.7080846446012,35.294117647058826,35.294117647058826,8,15.0,11.11111111111111,0.0,60.0,1.0,7,2,6,76.8,73,3,0,8,0,8,4,10,6,3,2,0,0,10,7,1,2,13,8,2,2,25,23,2,0,2,600,0,0,0,2,65.7080846446012,71.83908045977012,69.23076923076923,32,10.309278350515465,0.0,70.0,37.5,1.5,7,2,13,76.8
S41G01N259,2022-2023,20230325,137,away,35,3,0,5,1,6,0,9,3,8,2,0,0,0,0,0,0,17,5,7,2,12,17,2,0,3,600,0,0,0,3,-65.7080846446012,35.294117647058826,35.294117647058826,8,15.0,11.11111111111111,0.0,60.0,1.0,7,2,6,76.8,73,3,0,8,0,8,4,10,6,3,2,0,0,10,7,1,2,13,8,2,2,25,23,2,0,2,600,0,0,0,2,65.7080846446012,71.83908045977012,69.23076923076923,32,10.309278350515465,0.0,70.0,37.5,1.5,7,2,13,76.8
S41G01N259,2022-2023,20230325,138,away,35,3,0,5,1,6,0,9,3,8,2,0,0,0,0,0,0,17,5,7,2,12,17,2,0,3,609,0,0,0,3,-59.39112487100105,35.294117647058826,35.294117647058826,8,15.0,11.11111111111111,0.0,60.0,1.0,7,2,6,77.63546798029556,73,3,0,8,0,8,4,10,6,4,2,0,0,10,7,1,2,14,8,2,2,25,24,2,0,2,609,0,0,0,2,59.39112487100105,67.93478260869566,64.28571428571429,31,9.803921568627452,0.0,70.0,37.5,1.5,7,2,13,77.63546798029556
S41G01N259,2022-2023,20230325,139,away,35,3,0,6,1,7,0,9,3,8,2,0,0,0,0,0,0,17,5,7,2,12,17,2,0,3,610,0,0,0,3,-59.39112487100105,35.294117647058826,35.294117647058826,9,15.0,11.11111111111111,0.0,60.0,1.0,7,2,6,77.50819672131148,73,3,0,8,0,8,4,10,6,4,2,0,0,10,7,1,2,14,8,2,2,25,24,2,0,2,610,0,0,0,2,59.39112487100105,67.93478260869566,64.28571428571429,31,9.803921568627452,0.0,70.0,37.5,1.5,7,2,13,77.50819672131148
S41G01N259,2022-2023,20230325,140,away,35,3,0,6,1,7,0,10,4,8,2,0,0,0,0,0,0,18,6,7,2,14,18,2,0,3,624,0,0,0,3,-52.54901960784315,38.888888888888886,38.888888888888886,11,14.285714285714286,11.11111111111111,0.0,50.0,1.0,2,2,6,77.6923076923077,73,3,0,8,0,8,4,10,6,4,2,0,0,10,7,1,2,14,8,2,2,25,24,2,0,2,624,0,0,0,2,52.54901960784315,67.93478260869566,64.28571428571429,31,9.803921568627452,0.0,70.0,37.5,1.5,2,2,13,77.6923076923077
S41G01N259,2022-2023,20230325,141,away,35,3,0,6,1,7,0,10,4,8,2,0,0,0,0,0,0,18,6,7,2,14,18,2,0,3,646,0,0,0,3,-56.16822429906543,38.888888888888886,38.888888888888886,11,14.285714285714286,11.11111111111111,0.0,50.0,1.0,2,2,6,76.90402476780186,73,3,0,8,0,8,4,11,7,4,2,0,0,10,7,1,2,15,9,2,2,27,25,2,0,2,646,0,0,0,2,56.16822429906543,69.58762886597938,66.66666666666667,33,9.345794392523365,0.0,70.0,33.333333333333336,1.5,2,2,13,76.90402476780186
S41G01N259,2022-2023,20230325,142,away,35,3,0,6,1,7,0,10,4,9,3,0,0,0,0,0,0,19,7,7,2,17,19,2,0,3,667,0,0,0,3,-45.21584334668448,44.73684210526316,44.73684210526316,14,13.636363636363637,11.11111111111111,0.0,42.857142857142854,1.0,3,2,6,76.28185907046476,73,3,0,8,0,8,4,11,7,4,2,0,0,10,7,1,2,15,9,2,2,27,25,2,0,2,667,0,0,0,2,45.21584334668448,69.58762886597938,66.66666666666667,33,9.345794392523365,0.0,70.0,33.333333333333336,1.5,3,2,13,76.28185907046476
S41G01N259,2022-2023,20230325,143,away,35,4,0,6,1,7,0,10,4,9,3,0,0,0,0,0,0,19,7,7,2,17,19,2,0,3,667,0,0,0,3,-45.21584334668448,44.73684210526316,44.73684210526316,15,13.636363636363637,11.11111111111111,0.0,57.142857142857146,1.3333333333333333,3,2,6,76.28185907046476,73,3,0,8,0,8,4,11,7,4,2,0,0,10,7,1,2,15,9,2,2,27,25,2,0,2,667,0,0,0,2,45.21584334668448,69.58762886597938,66.66666666666667,33,9.345794392523365,0.0,70.0,33.333333333333336,1.5,3,2,13,76.28185907046476
S41G01N259,2022-2023,20230325,144,away,35,4,0,6,1,7,0,10,4,9,3,0,0,0,0,0,0,19,7,8,3,17,19,2,0,3,682,0,0,0,3,-45.21584334668448,44.73684210526316,44.73684210526316,15,13.636363636363637,11.11111111111111,0.0,57.142857142857146,1.3333333333333333,3,2,6,74.6041055718475,73,3,0,8,0,8,4,11,7,4,2,0,0,10,7,1,2,15,9,2,2,27,25,2,0,2,682,0,0,0,2,45.21584334668448,69.58762886597938,66.66666666666667,33,9.345794392523365,0.0,70.0,33.333333333333336,1.5,3,2,13,74.6041055718475
S41G01N259,2022-2023,20230325,145,away,35,4,0,6,1,7,0,10,4,9,3,0,0,0,0,0,0,19,7,8,3,17,19,2,0,3,682,0,0,0,3,-45.21584334668448,44.73684210526316,44.73684210526316,15,13.636363636363637,11.11111111111111,0.0,57.142857142857146,1.3333333333333333,3,2,6,74.6041055718475,73,3,0,8,0,8,4,11,7,4,2,0,0,10,7,1,2,15,9,2,2,27,25,2,0,2,682,0,0,0,2,45.21584334668448,69.58762886597938,66.66666666666667,33,9.345794392523365,0.0,70.0,33.333333333333336,1.5,3,2,13,74.6041055718475
S41G01N259,2022-2023,20230325,146,away,35,4,0,6,1,7,0,10,4,9,3,0,0,0,0,0,0,19,7,8,3,17,19,2,0,3,686,0,0,0,3,-52.976190476190496,44.73684210526316,44.73684210526316,15,13.636363636363637,11.11111111111111,0.0,57.142857142857146,1.3333333333333333,3,2,6,75.91836734693877,73,3,0,8,0,8,4,11,7,5,3,0,0,10,7,1,2,16,10,2,2,30,26,2,0,2,686,0,0,0,2,52.976190476190496,73.52941176470588,71.875,36,8.928571428571429,0.0,70.0,30.0,1.5,3,2,13,75.91836734693877
S41G01N259,2022-2023,20230325,147,away,35,4,0,6,1,7,0,10,4,9,3,0,0,0,0,0,0,19,7,8,3,17,19,2,0,3,686,0,0,0,3,-52.976190476190496,44.73684210526316,44.73684210526316,15,13.636363636363637,11.11111111111111,0.0,57.142857142857146,1.3333333333333333,3,2,6,75.91836734693877,73,4,0,8,0,8,4,11,7,5,3,0,0,10,7,1,2,16,10,2,2,30,26,2,0,2,686,0,0,0,2,52.976190476190496,73.52941176470588,71.875,37,8.928571428571429,0.0,70.0,40.0,2.0,3,2,13,75.91836734693877
S41G01N259,2022-2023,20230325,148,away,35,4,0,6,1,7,0,11,4,9,3,0,0,0,0,0,0,20,7,8,3,17,20,2,0,3,700,0,0,0,3,-56.65584415584418,42.5,42.5,14,13.043478260869565,11.11111111111111,0.0,57.142857142857146,1.3333333333333333,3,2,6,76.11428571428571,73,4,0,8,0,8,4,11,7,5,3,0,0,10,7,1,2,16,10,2,2,30,26,2,0,2,700,0,0,0,2,56.65584415584418,73.52941176470588,71.875,37,8.928571428571429,0.0,70.0,40.0,2.0,3,2,13,76.11428571428571
S41G01N259,2022-2023,20230325,149,away,35,4,0,6,2,8,0,11,4,9,3,0,0,0,0,0,0,20,7,8,3,17,20,2,0,3,702,0,0,0,3,-52.976190476190496,42.5,42.5,15,13.043478260869565,20.0,0.0,57.142857142857146,1.3333333333333333,3,2,6,74.18803418803418,73,4,0,8,0,8,4,11,7,5,3,0,0,10,7,1,2,16,10,2,2,30,26,2,0,2,702,0,0,0,2,52.976190476190496,73.52941176470588,71.875,37,8.928571428571429,0.0,70.0,40.0,2.0,3,2,13,74.18803418803418
S41G01N259,2022-2023,20230325,150,away,35,4,0,6,2,8,0,12,4,9,3,0,0,0,0,0,0,21,7,8,3,17,21,2,0,3,703,0,0,0,3,-56.65584415584418,40.476190476190474,40.476190476190474,14,12.5,20.0,0.0,57.142857142857146,1.3333333333333333,3,2,6,75.78947368421052,73,4,0,8,0,8,4,11,7,5,3,0,0,10,7,1,2,16,10,2,2,30,26,2,0,2,703,0,0,0,2,56.65584415584418,73.52941176470588,71.875,37,8.928571428571429,0.0,70.0,40.0,2.0,3,2,13,75.78947368421052
S41G01N259,2022-2023,20230325,151,away,35,4,0,6,2,8,0,12,4,9,3,0,0,0,0,0,0,21,7,8,3,17,21,2,0,3,704,0,0,0,3,-56.65584415584418,40.476190476190474,40.476190476190474,14,12.5,20.0,0.0,57.142857142857146,1.3333333333333333,3,2,6,75.68181818181819,73,4,1,8,0,8,4,11,7,5,3,0,0,10,7,1,2,16,10,2,2,30,26,2,0,2,704,0,0,0,2,56.65584415584418,73.52941176470588,71.875,38,8.928571428571429,0.0,70.0,40.0,2.0,3,2,13,75.68181818181819
S41G01N259,2022-2023,20230325,152,away,35,4,0,6,2,8,1,12,4,9,3,0,0,0,0,0,0,21,7,8,3,17,21,2,0,3,705,0,0,0,3,-56.65584415584418,40.476190476190474,40.476190476190474,15,12.5,20.0,0.0,57.142857142857146,1.3333333333333333,3,2,6,75.57446808510637,73,4,1,8,0,8,4,11,7,5,3,0,0,10,7,1,2,16,10,2,2,30,26,2,0,2,705,0,0,0,2,56.65584415584418,73.52941176470588,71.875,38,8.928571428571429,0.0,70.0,40.0,2.0,3,2,13,75.57446808510637
S41G01N259,2022-2023,20230325,153,away,35,4,0,6,2,8,1,12,4,9,3,0,0,0,0,0,0,21,7,8,3,17,21,2,0,3,711,0,0,0,3,-56.65584415584418,40.476190476190474,40.476190476190474,15,12.5,20.0,0.0,57.142857142857146,1.3333333333333333,3,2,6,74.9367088607595,73,4,1,8,0,8,4,11,7,5,3,0,0,10,7,1,2,16,10,3,2,30,26,2,0,2,711,0,0,0,2,56.65584415584418,73.52941176470588,71.875,38,8.928571428571429,0.0,70.0,40.0,2.0,3,2,13,74.9367088607595
S41G01N259,2022-2023,20230325,154,away,35,4,0,6,2,8,1,12,4,9,3,0,0,0,0,0,0,21,7,8,3,17,21,2,0,3,711,0,0,0,3,-56.65584415584418,40.476190476190474,40.476190476190474,15,12.5,20.0,0.0,57.142857142857146,1.3333333333333333,3,2,6,74.9367088607595,73,4,1,8,0,8,4,11,7,5,3,0,0,10,7,1,2,16,10,3,2,30,26,2,0,2,711,0,0,0,2,56.65584415584418,73.52941176470588,71.875,38,8.928571428571429,0.0,70.0,40.0,2.0,3,2,13,74.9367088607595
S41G01N259,2022-2023,20230325,155,away,35,4,0,6,2,8,1,12,4,9,3,0,0,1,0,0,0,21,7,8,3,17,22,2,0,3,711,0,0,0,3,-58.170995670995694,39.645522388059696,40.476190476190474,14,12.27495908346972,20.0,0.0,57.142857142857146,1.3333333333333333,3,2,6,75.67932489451478,73,4,1,8,0,8,4,11,7,5,3,0,0,10,7,1,2,16,10,3,2,30,26,2,0,2,711,0,0,0,2,58.170995670995694,73.52941176470588,71.875,38,8.928571428571429,0.0,70.0,40.0,2.0,3,2,13,75.67932489451478
S41G01N259,2022-2023,20230325,156,away,35,4,0,6,2,8,1,12,4,9,3,0,0,2,1,0,0,21,7,8,3,18,23,2,0,3,711,0,0,0,3,-55.257242757242764,41.13345521023766,40.476190476190474,15,12.057877813504824,20.0,50.0,57.142857142857146,1.3333333333333333,1,2,6,76.42194092827005,73,4,1,8,0,8,4,11,7,5,3,0,0,10,7,1,2,16,10,3,2,30,26,2,0,2,711,0,0,0,2,55.257242757242764,73.52941176470588,71.875,38,8.928571428571429,0.0,70.0,40.0,2.0,1,2,13,76.42194092827005
S41G01N259,2022-2023,20230325,157,away,35,4,0,6,2,8,1,12,4,9,3,0,0,2,1,0,0,21,7,8,3,18,23,2,0,3,711,0,0,0,3,-55.257242757242764,41.13345521023766,40.476190476190474,15,12.057877813504824,20.0,50.0,57.142857142857146,1.3333333333333333,1,2,6,76.42194092827005,73,4,1,8,0,8,4,11,7,5,3,0,0,10,7,1,2,16,10,3,2,30,26,2,0,2,711,0,0,0,2,55.257242757242764,73.52941176470588,71.875,38,8.928571428571429,0.0,70.0,40.0,2.0,1,2,13,76.42194092827005
S41G01N259,2022-2023,20230325,158,away,35,4,0,6,2,8,1,12,4,9,3,0,0,2,1,0,0,21,7,8,3,18,23,2,0,3,711,0,0,0,3,-55.257242757242764,41.13345521023766,40.476190476190474,15,12.057877813504824,20.0,50.0,57.142857142857146,1.3333333333333333,1,2,6,76.42194092827005,73,4,1,8,0,8,4,11,7,5,3,0,0,10,7,1,2,16,10,3,2,30,26,2,0,2,711,0,0,0,2,55.257242757242764,73.52941176470588,71.875,38,8.928571428571429,0.0,70.0,40.0,2.0,1,2,13,76.42194092827005
S41G01N259,2022-2023,20230325,159,away,35,4,0,6,2,8,1,12,4,9,3,0,0,2,1,0,0,21,7,8,3,18,23,2,0,3,732,0,0,0,3,-49.533799533799524,41.13345521023766,40.476190476190474,15,12.057877813504824,20.0,50.0,57.142857142857146,1.3333333333333333,1,2,6,75.8688524590164,73,4,1,8,0,8,4,11,7,6,3,0,0,10,7,1,2,17,10,3,2,30,27,2,0,2,732,0,0,0,2,49.533799533799524,70.09345794392524,67.6470588235294,37,8.547008547008547,0.0,70.0,40.0,2.0,1,2,13,75.8688524590164
S41G01N259,2022-2023,20230325,160,away,35,4,0,7,2,9,1,12,4,9,3,0,0,2,1,0,0,21,7,8,3,18,23,2,0,3,733,0,0,0,3,-49.533799533799524,41.13345521023766,40.476190476190474,16,12.057877813504824,20.0,50.0,57.142857142857146,1.3333333333333333,1,2,6,75.76534788540246,73,4,1,8,0,8,4,11,7,6,3,0,0,10,7,1,2,17,10,3,2,30,27,2,0,2,733,0,0,0,2,49.533799533799524,70.09345794392524,67.6470588235294,37,8.547008547008547,0.0,70.0,40.0,2.0,1,2,13,75.76534788540246
S41G01N259,2022-2023,20230325,161,away,35,4,0,7,2,9,1,12,4,9,3,0,0,2,1,0,0,21,7,8,3,18,23,2,0,3,744,0,0,0,3,-49.533799533799524,41.13345521023766,40.476190476190474,16,12.057877813504824,20.0,50.0,57.142857142857146,1.3333333333333333,1,2,6,74.64516129032258,73,4,1,8,0,8,4,11,7,6,3,0,0,10,7,1,2,17,10,4,2,30,27,2,0,2,744,0,0,0,2,49.533799533799524,70.09345794392524,67.6470588235294,37,8.547008547008547,0.0,70.0,40.0,2.0,1,2,13,74.64516129032258
S41G01N259,2022-2023,20230325,162,away,35,4,0,7,2,9,1,12,4,9,3,0,0,2,1,0,0,21,7,8,3,18,23,2,0,3,744,0,0,0,3,-49.533799533799524,41.13345521023766,40.476190476190474,16,12.057877813504824,20.0,50.0,57.142857142857146,1.3333333333333333,1,2,6,74.64516129032258,73,4,1,8,0,8,4,11,7,6,3,0,0,10,7,1,2,17,10,4,2,30,27,2,0,2,744,0,0,0,2,49.533799533799524,70.09345794392524,67.6470588235294,37,8.547008547008547,0.0,70.0,40.0,2.0,1,2,13,74.64516129032258
S41G01N259,2022-2023,20230325,163,away,35,4,0,7,2,9,1,12,4,9,3,0,0,3,1,0,0,21,7,8,3,18,24,2,0,3,744,0,0,0,3,-51.0181642257114,40.32258064516129,40.476190476190474,15,11.848341232227488,20.0,33.333333333333336,57.142857142857146,1.3333333333333333,1,2,6,75.35483870967741,73,4,1,8,0,8,4,11,7,6,3,0,0,10,7,1,2,17,10,4,2,30,27,2,0,2,744,0,0,0,2,51.0181642257114,70.09345794392524,67.6470588235294,37,8.547008547008547,0.0,70.0,40.0,2.0,1,2,13,75.35483870967741
S41G01N259,2022-2023,20230325,164,away,35,4,0,7,2,9,1,12,4,9,3,0,0,4,1,0,0,21,7,8,3,18,25,2,0,3,744,0,0,0,3,-52.447552447552454,39.54305799648506,40.476190476190474,14,11.645962732919253,20.0,25.0,57.142857142857146,1.3333333333333333,1,2,6,76.06451612903224,73,4,1,8,0,8,4,11,7,6,3,0,0,10,7,1,2,17,10,4,2,30,27,2,0,2,744,0,0,0,2,52.447552447552454,70.09345794392524,67.6470588235294,37,8.547008547008547,0.0,70.0,40.0,2.0,1,2,13,76.06451612903224
S41G01N259,2022-2023,20230325,165,away,35,4,0,7,2,9,1,12,4,9,3,0,0,4,1,0,0,21,7,8,3,18,25,2,0,3,745,0,0,0,3,-52.447552447552454,39.54305799648506,40.476190476190474,14,11.645962732919253,18.181818181818183,25.0,57.142857142857146,1.3333333333333333,1,2,6,75.96241610738254,73,4,1,9,0,9,4,11,7,6,3,0,0,10,7,1,2,17,10,4,2,30,27,2,0,2,745,0,0,0,2,52.447552447552454,70.09345794392524,67.6470588235294,38,8.547008547008547,0.0,70.0,40.0,2.0,1,2,13,75.96241610738254
S41G01N259,2022-2023,20230325,166,away,35,4,0,7,2,9,1,12,4,9,3,0,0,4,1,0,0,21,7,8,3,18,25,2,0,3,760,0,0,0,3,-47.19324391455541,39.54305799648506,40.476190476190474,14,11.645962732919253,18.181818181818183,25.0,57.142857142857146,1.3333333333333333,1,2,6,76.0421052631579,73,4,1,9,0,9,4,11,7,7,3,0,0,10,7,1,2,18,10,4,2,30,28,2,0,2,760,0,0,0,2,47.19324391455541,66.96428571428572,63.888888888888886,37,8.196721311475411,0.0,70.0,40.0,2.0,1,2,13,76.0421052631579
S41G01N259,2022-2023,20230325,167,away,35,4,0,8,2,10,1,12,4,9,3,0,0,4,1,0,0,21,7,8,3,18,25,2,0,3,761,0,0,0,3,-47.19324391455541,39.54305799648506,40.476190476190474,15,11.645962732919253,18.181818181818183,25.0,57.142857142857146,1.3333333333333333,1,2,6,75.94218134034165,73,4,1,9,0,9,4,11,7,7,3,0,0,10,7,1,2,18,10,4,2,30,28,2,0,2,761,0,0,0,2,47.19324391455541,66.96428571428572,63.888888888888886,37,8.196721311475411,0.0,70.0,40.0,2.0,1,2,13,75.94218134034165
S41G01N259,2022-2023,20230325,168,away,35,4,0,8,2,10,1,12,4,9,3,0,0,4,1,0,0,21,7,8,3,18,25,2,0,3,774,0,0,0,3,-47.19324391455541,39.54305799648506,40.476190476190474,15,11.645962732919253,18.181818181818183,25.0,57.142857142857146,1.3333333333333333,1,2,6,74.66666666666667,73,4,1,9,0,9,4,11,7,7,3,0,0,10,7,1,2,18,10,5,3,30,28,2,0,2,774,0,0,0,2,47.19324391455541,66.96428571428572,63.888888888888886,37,8.196721311475411,0.0,70.0,40.0,2.0,1,2,13,74.66666666666667
S41G01N259,2022-2023,20230325,169,away,35,4,0,8,2,10,1,12,4,9,3,0,0,4,1,0,0,21,7,8,3,18,25,2,0,3,774,0,0,0,3,-47.19324391455541,39.54305799648506,40.476190476190474,15,11.645962732919253,18.181818181818183,25.0,57.142857142857146,1.3333333333333333,1,2,6,74.66666666666667,73,4,1,9,0,9,4,11,7,7,3,0,0,10,7,1,2,18,10,5,3,30,28,2,0,2,774,0,0,0,2,47.19324391455541,66.96428571428572,63.888888888888886,37,8.196721311475411,0.0,70.0,40.0,2.0,1,2,13,74.66666666666667
S41G01N259,2022-2023,20230325,170,away,35,4,0,8,2,10,1,12,4,9,3,0,0,4,1,0,0,21,7,8,3,18,25,2,0,4,786,0,0,0,4,-50.25291983368206,39.54305799648506,40.476190476190474,14,14.947683109118087,18.181818181818183,25.0,57.142857142857146,1.0,1,2,6,75.05343511450381,73,4,1,9,0,9,4,11,7,7,3,0,0,10,7,1,2,18,10,5,3,30,28,2,0,2,786,0,0,0,2,50.25291983368206,66.96428571428572,63.888888888888886,37,8.196721311475411,0.0,70.0,40.0,2.0,1,2,13,75.05343511450381
S41G01N259,2022-2023,20230325,171,away,35,4,0,8,2,10,1,12,4,9,3,0,0,4,1,0,0,21,7,8,3,18,25,2,0,4,787,0,0,0,4,-50.25291983368206,39.54305799648506,40.476190476190474,14,14.947683109118087,18.181818181818183,25.0,57.142857142857146,1.0,1,2,6,74.95806861499364,73,4,1,9,0,9,4,11,7,7,3,0,0,10,7,1,2,18,10,5,3,30,28,3,0,2,787,0,0,0,2,50.25291983368206,66.96428571428572,63.888888888888886,38,8.196721311475411,0.0,70.0,40.0,2.0,1,2,13,74.95806861499364
S41G01N259,2022-2023,20230325,172,away,35,4,0,8,2,10,1,12,4,9,3,0,0,4,1,0,0,21,7,8,3,18,25,2,0,4,795,0,0,0,4,-45.41233638202334,39.54305799648506,40.476190476190474,14,14.947683109118087,18.181818181818183,25.0,57.142857142857146,1.0,1,2,6,75.71320754716982,73,4,1,9,0,9,4,11,7,7,3,0,0,10,7,1,2,18,10,5,3,30,28,3,0,3,795,0,0,0,3,45.41233638202334,66.96428571428572,63.888888888888886,37,11.811023622047244,0.0,70.0,40.0,1.3333333333333333,1,2,13,75.71320754716982
S41G01N259,2022-2023,20230325,173,away,35,4,0,8,2,10,1,12,4,9,3,0,0,4,1,0,0,21,7,8,3,18,25,2,0,4,795,0,0,0,4,-45.41233638202334,39.54305799648506,40.476190476190474,14,14.947683109118087,18.181818181818183,25.0,57.142857142857146,1.0,1,2,6,75.71320754716982,73,4,1,9,0,9,4,11,7,7,3,0,0,10,7,1,2,18,10,5,3,30,28,3,0,3,795,0,0,0,3,45.41233638202334,66.96428571428572,63.888888888888886,37,11.811023622047244,0.0,70.0,40.0,1.3333333333333333,1,2,13,75.71320754716982
S41G01N259,2022-2023,20230325,174,away,35,4,0,8,2,10,1,12,4,9,3,0,0,4,1,0,0,21,7,8,3,18,25,2,0,4,795,0,0,0,4,-45.41233638202334,39.54305799648506,40.476190476190474,14,14.947683109118087,18.181818181818183,25.0,57.142857142857146,1.0,1,2,6,75.71320754716982,73,4,1,9,0,9,4,11,7,7,3,0,0,10,7,1,2,18,10,5,3,30,28,3,0,3,795,0,0,0,3,45.41233638202334,66.96428571428572,63.888888888888886,37,11.811023622047244,0.0,70.0,40.0,1.3333333333333333,1,2,13,75.71320754716982
S41G01N259,2022-2023,20230325,175,away,35,4,0,8,2,10,1,12,4,9,3,0,0,4,1,0,0,21,7,8,3,18,25,2,0,4,795,0,0,0,4,-45.41233638202334,39.54305799648506,40.476190476190474,14,14.947683109118087,18.181818181818183,25.0,57.142857142857146,1.0,1,2,6,75.71320754716982,73,4,1,9,0,9,4,11,7,7,3,0,0,10,7,1,2,18,10,5,3,30,28,3,0,3,795,0,0,0,3,45.41233638202334,66.96428571428572,63.888888888888886,37,11.811023622047244,0.0,70.0,40.0,1.3333333333333333,1,2,13,75.71320754716982
S41G01N259,2022-2023,20230325,176,away,35,4,0,8,2,10,1,12,4,9,3,0,0,4,1,0,0,21,7,8,3,18,25,2,0,4,795,0,0,0,4,-45.41233638202334,39.54305799648506,40.476190476190474,14,14.947683109118087,18.181818181818183,25.0,57.142857142857146,1.0,1,2,6,75.71320754716982,73,4,1,9,0,9,4,11,7,7,3,0,0,10,7,1,2,18,10,5,3,30,28,3,0,3,795,0,0,0,3,45.41233638202334,66.96428571428572,63.888888888888886,37,11.811023622047244,0.0,70.0,40.0,1.3333333333333333,1,2,13,75.71320754716982
S41G01N259,2022-2023,20230325,177,away,35,4,0,8,2,10,1,12,4,9,3,0,0,4,1,0,0,21,7,8,3,18,25,2,0,4,795,0,0,0,4,-45.41233638202334,39.54305799648506,40.476190476190474,14,14.947683109118087,18.181818181818183,25.0,57.142857142857146,1.0,1,2,6,75.71320754716982,73,4,1,9,0,9,4,11,7,7,3,0,0,10,7,1,2,18,10,5,3,30,28,3,0,3,795,0,0,0,3,45.41233638202334,66.96428571428572,63.888888888888886,37,11.811023622047244,0.0,70.0,40.0,1.3333333333333333,1,2,13,75.71320754716982
S41G01N259,2022-2023,20230325,178,away,35,4,0,8,2,10,1,13,5,9,3,0,0,4,1,0,0,22,8,8,3,20,26,2,0,4,815,0,0,0,4,-40.47048466767741,42.08754208754208,43.18181818181818,16,14.40922190201729,18.181818181818183,25.0,50.0,1.0,3,2,6,75.32760736196319,73,4,1,9,0,9,4,11,7,7,3,0,0,10,7,1,2,18,10,5,3,30,28,3,0,3,815,0,0,0,3,40.47048466767741,66.96428571428572,63.888888888888886,37,11.811023622047244,0.0,70.0,40.0,1.3333333333333333,3,2,13,75.32760736196319
S41G01N259,2022-2023,20230325,179,away,35,4,0,8,2,10,1,13,5,9,3,0,0,4,1,0,0,22,8,8,3,20,26,2,0,4,830,0,0,0,4,-35.99661208356861,42.08754208754208,43.18181818181818,16,14.40922190201729,18.181818181818183,25.0,50.0,1.0,3,2,6,75.41204819277108,73,4,1,9,0,9,4,11,7,8,3,0,0,10,7,1,2,19,10,5,3,30,29,3,0,3,830,0,0,0,3,35.99661208356861,64.1025641025641,60.526315789473685,36,11.363636363636365,0.0,70.0,40.0,1.3333333333333333,3,2,13,75.41204819277108
S41G01N259,2022-2023,20230325,180,away,35,4,0,9,2,11,1,13,5,9,3,0,0,4,1,0,0,22,8,8,3,20,26,2,0,4,831,0,0,0,4,-35.99661208356861,42.08754208754208,43.18181818181818,17,14.40922190201729,18.181818181818183,25.0,50.0,1.0,3,2,6,75.32129963898917,73,4,1,9,0,9,4,11,7,8,3,0,0,10,7,1,2,19,10,5,3,30,29,3,0,3,831,0,0,0,3,35.99661208356861,64.1025641025641,60.526315789473685,36,11.363636363636365,0.0,70.0,40.0,1.3333333333333333,3,2,13,75.32129963898917
S41G01N259,2022-2023,20230325,181,away,35,4,0,9,2,11,1,13,5,9,3,0,0,4,1,0,0,22,8,8,3,20,26,2,0,4,835,0,0,0,4,-35.99661208356861,42.08754208754208,43.18181818181818,17,14.40922190201729,18.181818181818183,25.0,50.0,1.0,3,2,6,74.96047904191616,73,4,1,9,0,9,4,11,7,8,3,0,0,10,7,1,2,19,10,6,3,30,29,3,0,3,835,1,0,0,3,35.99661208356861,64.1025641025641,60.526315789473685,36,11.363636363636365,0.0,70.0,40.0,1.3333333333333333,3,2,13,74.96047904191616
S41G01N259,2022-2023,20230325,182,away,35,4,0,9,2,11,1,13,5,9,3,0,0,4,1,0,0,22,8,8,3,20,26,2,0,4,835,0,0,0,4,-35.99661208356861,42.08754208754208,43.18181818181818,17,14.40922190201729,18.181818181818183,25.0,50.0,1.0,3,2,6,74.96047904191616,73,4,1,9,0,9,4,11,7,8,3,0,0,10,7,1,2,19,10,6,3,30,29,3,0,3,835,1,0,0,3,35.99661208356861,64.1025641025641,60.526315789473685,36,11.363636363636365,0.0,70.0,40.0,1.3333333333333333,3,2,13,74.96047904191616
S41G01N259,2022-2023,20230325,183,away,35,4,0,9,2,11,1,13,5,9,3,0,0,4,1,1,0,22,8,8,3,20,26,2,0,4,835,0,0,0,4,-35.99661208356861,42.08754208754208,43.18181818181818,17,14.40922190201729,18.181818181818183,25.0,50.0,1.0,3,2,6,74.96047904191616,73,4,1,9,0,9,4,11,7,8,3,0,0,10,7,1,2,19,10,6,3,30,29,3,0,3,835,1,0,0,3,35.99661208356861,64.1025641025641,60.526315789473685,36,11.363636363636365,0.0,70.0,40.0,1.3333333333333333,3,2,13,74.96047904191616
S41G01N259,2022-2023,20230325,184,away,35,4,0,9,2,11,1,13,5,9,3,0,0,4,1,1,0,22,8,8,3,20,26,2,0,4,835,0,0,0,4,-35.99661208356861,42.08754208754208,43.18181818181818,17,14.40922190201729,18.181818181818183,25.0,50.0,1.0,3,2,6,74.96047904191616,73,4,1,9,0,9,4,11,7,8,3,0,0,10,7,1,2,19,10,6,3,30,29,3,0,3,835,1,0,0,3,35.99661208356861,64.1025641025641,60.526315789473685,36,11.363636363636365,0.0,70.0,40.0,1.3333333333333333,3,2,13,74.96047904191616
S41G01N259,2022-2023,20230325,185,away,35,4,0,9,2,11,1,13,5,9,3,0,0,4,1,1,0,22,8,8,3,20,26,2,0,4,835,0,0,0,4,-35.99661208356861,42.08754208754208,43.18181818181818,17,14.40922190201729,18.181818181818183,25.0,50.0,1.0,3,2,6,74.96047904191616,73,4,1,9,0,9,4,11,7,8,3,0,0,10,7,1,2,19,10,6,3,30,29,3,0,3,835,1,0,0,3,35.99661208356861,64.1025641025641,60.526315789473685,36,11.363636363636365,0.0,70.0,40.0,1.3333333333333333,3,2,13,74.96047904191616
S41G01N259,2022-2023,20230325,186,away,35,4,0,9,2,11,1,13,5,9,3,0,0,5,2,1,0,22,8,8,3,21,27,2,0,4,835,0,0,0,4,-33.483691880638446,43.388429752066116,43.18181818181818,18,14.184397163120568,18.181818181818183,40.0,50.0,1.0,4,2,6,75.59281437125748,73,4,1,9,0,9,4,11,7,8,3,0,0,10,7,1,2,19,10,6,3,30,29,3,0,3,835,1,0,0,3,33.483691880638446,64.1025641025641,60.526315789473685,36,11.363636363636365,0.0,70.0,40.0,1.3333333333333333,4,2,13,75.59281437125748
S41G01N259,2022-2023,20230325,187,away,35,4,0,9,2,11,1,13,5,9,3,0,0,6,3,1,0,22,8,8,3,22,28,2,0,4,835,0,0,0,4,-31.053781053781066,44.64285714285714,43.18181818181818,19,13.966480446927374,18.181818181818183,50.0,50.0,1.0,5,2,6,76.2251497005988,73,4,1,9,0,9,4,11,7,8,3,0,0,10,7,1,2,19,10,6,3,30,29,3,0,3,835,1,0,0,3,31.053781053781066,64.1025641025641,60.526315789473685,36,11.363636363636365,0.0,70.0,40.0,1.3333333333333333,5,2,13,76.2251497005988
S41G01N259,2022-2023,20230325,188,away,35,4,0,9,2,11,1,14,5,9,3,0,0,6,3,1,0,23,8,8,3,22,29,2,0,4,848,0,0,0,4,-34.041573477174055,42.90171606864274,41.30434782608695,18,13.49527665317139,18.181818181818183,50.0,50.0,1.0,5,2,6,76.47169811320754,73,4,1,9,0,9,4,11,7,8,3,0,0,10,7,1,2,19,10,6,3,30,29,3,0,3,848,1,0,0,3,34.041573477174055,64.1025641025641,60.526315789473685,36,11.363636363636365,0.0,70.0,40.0,1.3333333333333333,5,2,13,76.47169811320754
S41G01N259,2022-2023,20230325,189,away,35,4,0,9,3,12,1,14,5,9,3,0,0,6,3,1,0,23,8,8,3,22,29,2,0,4,849,0,0,0,4,-31.053781053781066,42.90171606864274,41.30434782608695,19,13.49527665317139,25.0,50.0,50.0,1.0,5,2,6,74.96819787985866,73,4,1,9,0,9,4,11,7,8,3,0,0,10,7,1,2,19,10,6,3,30,29,3,0,3,849,1,0,0,3,31.053781053781066,64.1025641025641,60.526315789473685,36,11.363636363636365,0.0,70.0,40.0,1.3333333333333333,5,2,13,74.96819787985866
S41G01N259,2022-2023,20230325,190,away,35,4,0,9,3,12,1,15,6,9,3,0,0,6,3,1,0,24,9,8,3,24,30,2,0,4,853,0,0,0,4,-26.805683462702277,45.04504504504504,43.75,21,13.054830287206267,25.0,50.0,44.44444444444444,1.0,7,2,6,76.0234466588511,73,4,1,9,0,9,4,11,7,8,3,0,0,10,7,1,2,19,10,6,3,30,29,3,0,3,853,1,0,0,3,26.805683462702277,64.1025641025641,60.526315789473685,36,11.363636363636365,0.0,70.0,40.0,1.3333333333333333,7,2,13,76.0234466588511
S41G01N259,2022-2023,20230325,191,away,35,4,0,9,3,12,1,15,6,9,3,0,0,6,3,1,0,24,9,8,3,24,30,2,0,4,874,0,0,0,4,-22.65837092122915,45.04504504504504,43.75,21,13.054830287206267,25.0,50.0,44.44444444444444,1.0,7,2,6,75.56979405034325,73,4,1,9,0,9,4,11,7,9,3,0,0,10,7,1,2,20,10,6,3,30,30,3,0,3,874,1,0,0,3,22.65837092122915,61.47540983606558,57.5,35,10.948905109489052,0.0,70.0,40.0,1.3333333333333333,7,2,13,75.56979405034325
S41G01N259,2022-2023,20230325,192,away,35,4,0,10,3,13,1,15,6,9,3,0,0,6,3,1,0,24,9,8,3,24,30,2,0,4,875,0,0,0,4,-22.65837092122915,45.04504504504504,43.75,22,13.054830287206267,25.0,50.0,44.44444444444444,1.0,7,2,6,75.48342857142858,73,4,1,9,0,9,4,11,7,9,3,0,0,10,7,1,2,20,10,6,3,30,30,3,0,3,875,1,0,0,3,22.65837092122915,61.47540983606558,57.5,35,10.948905109489052,0.0,70.0,40.0,1.3333333333333333,7,2,13,75.48342857142858
S41G01N259,2022-2023,20230325,193,away,35,4,0,10,3,13,1,16,7,9,3,0,0,6,3,1,0,25,10,8,3,26,31,2,0,4,890,0,0,0,4,-18.70692818986258,47.03328509406657,46.0,24,12.642225031605562,25.0,50.0,40.0,1.0,9,2,6,75.55955056179775,73,4,1,9,0,9,4,11,7,9,3,0,0,10,7,1,2,20,10,6,3,30,30,3,0,3,890,1,0,0,3,18.70692818986258,61.47540983606558,57.5,35,10.948905109489052,0.0,70.0,40.0,1.3333333333333333,9,2,13,75.55955056179775
S41G01N259,2022-2023,20230325,194,away,35,5,0,10,3,13,1,16,7,9,3,0,0,6,3,1,0,25,10,8,3,26,31,2,0,4,890,0,0,0,4,-18.70692818986258,47.03328509406657,46.0,25,12.642225031605562,25.0,50.0,50.0,1.25,9,2,6,75.55955056179775,73,4,1,9,0,9,4,11,7,9,3,0,0,10,7,1,2,20,10,6,3,30,30,3,0,3,890,1,0,0,3,18.70692818986258,61.47540983606558,57.5,35,10.948905109489052,0.0,70.0,40.0,1.3333333333333333,9,2,13,75.55955056179775
S41G01N259,2022-2023,20230325,195,away,35,5,0,10,3,13,1,16,7,9,3,0,0,6,3,1,0,25,10,8,3,26,31,2,0,4,906,0,0,0,4,-14.851679911873475,47.03328509406657,46.0,25,12.642225031605562,25.0,50.0,50.0,1.25,9,2,6,75.54966887417218,73,4,1,9,0,9,4,12,7,9,3,0,0,10,7,1,2,21,10,6,3,30,31,3,0,3,906,1,0,0,3,14.851679911873475,59.05511811023622,54.76190476190476,34,10.563380281690142,0.0,70.0,40.0,1.3333333333333333,9,2,13,75.54966887417218
S41G01N259,2022-2023,20230325,196,away,35,5,0,10,3,13,1,16,7,9,3,0,0,6,3,1,0,25,10,8,3,26,31,2,0,4,908,0,0,0,4,-18.70692818986258,47.03328509406657,46.0,25,12.642225031605562,25.0,50.0,50.0,1.25,9,2,6,74.06167400881057,73,4,1,9,1,10,4,12,7,9,3,0,0,10,7,1,2,21,10,6,3,30,31,3,0,3,908,1,0,0,3,18.70692818986258,59.05511811023622,54.76190476190476,35,10.563380281690142,9.090909090909092,70.0,40.0,1.3333333333333333,9,2,13,74.06167400881057
S41G01N259,2022-2023,20230325,197,away,35,5,0,10,3,13,1,16,7,9,3,0,0,6,3,1,0,25,10,8,3,26,31,2,0,4,912,0,0,0,4,-25.41506019356362,47.03328509406657,46.0,25,12.642225031605562,25.0,50.0,50.0,1.25,3,2,6,75.05263157894737,73,4,1,9,1,10,4,12,7,10,4,0,0,10,7,1,2,22,11,6,3,33,32,3,0,3,912,1,0,0,3,25.41506019356362,62.5,59.09090909090909,38,10.204081632653061,9.090909090909092,70.0,36.36363636363637,1.3333333333333333,3,2,13,75.05263157894737
S41G01N259,2022-2023,20230325,198,away,35,5,0,10,3,13,1,16,7,9,3,0,0,6,3,1,0,25,10,8,3,26,31,2,0,4,912,0,0,0,4,-25.41506019356362,47.03328509406657,46.0,25,12.642225031605562,25.0,50.0,50.0,1.25,3,2,6,75.05263157894737,73,5,1,9,1,10,4,12,7,10,4,0,0,10,7,1,2,22,11,6,3,33,32,3,0,3,912,1,0,0,3,25.41506019356362,62.5,59.09090909090909,39,10.204081632653061,9.090909090909092,70.0,45.45454545454545,1.6666666666666667,3,2,13,75.05263157894737
S41G01N259,2022-2023,20230325,199,away,35,5,0,10,3,13,1,16,7,9,3,0,0,6,3,1,0,25,10,8,3,26,31,2,0,4,928,0,0,0,4,-25.41506019356362,47.03328509406657,46.0,25,12.642225031605562,25.0,50.0,50.0,1.25,3,2,6,73.75862068965517,73,5,1,9,1,10,4,12,7,10,4,0,0,10,7,1,2,22,11,7,3,33,32,3,0,3,928,1,0,0,3,25.41506019356362,62.5,59.09090909090909,39,10.204081632653061,9.090909090909092,70.0,45.45454545454545,1.6666666666666667,3,2,13,73.75862068965517
S41G01N259,2022-2023,20230325,200,away,35,5,0,10,3,13,1,16,7,9,3,0,0,6,3,1,0,25,10,8,3,26,31,2,0,4,928,0,0,0,4,-25.41506019356362,47.03328509406657,46.0,25,12.642225031605562,25.0,50.0,50.0,1.25,3,2,6,73.75862068965517,73,5,1,9,1,10,4,12,7,10,4,0,0,10,7,1,2,22,11,7,3,33,32,3,0,3,928,1,0,0,3,25.41506019356362,62.5,59.09090909090909,39,10.204081632653061,9.090909090909092,70.0,45.45454545454545,1.6666666666666667,3,2,13,73.75862068965517
S41G01N259,2022-2023,20230325,201,away,35,6,0,10,3,13,1,16,7,9,3,0,0,6,3,1,0,25,10,8,3,26,31,2,0,4,928,0,0,0,4,-25.41506019356362,47.03328509406657,46.0,26,12.642225031605562,25.0,50.0,60.0,1.5,3,2,6,73.75862068965517,73,5,1,9,1,10,4,12,7,10,4,0,0,10,7,1,2,22,11,7,3,33,32,3,0,3,928,1,0,0,3,25.41506019356362,62.5,59.09090909090909,39,10.204081632653061,9.090909090909092,70.0,45.45454545454545,1.6666666666666667,3,2,13,73.75862068965517
S41G01N259,2022-2023,20230325,202,away,35,6,0,10,3,13,1,16,7,9,3,0,0,6,3,1,0,25,10,8,3,26,31,2,0,4,928,0,0,0,4,-25.41506019356362,47.03328509406657,46.0,26,12.642225031605562,25.0,50.0,60.0,1.5,3,2,6,73.75862068965517,73,5,1,9,1,10,4,12,7,10,4,0,0,10,7,1,2,22,11,7,3,33,32,3,0,3,928,1,0,0,3,25.41506019356362,62.5,59.09090909090909,39,10.204081632653061,9.090909090909092,70.0,45.45454545454545,1.6666666666666667,3,2,13,73.75862068965517
S41G01N259,2022-2023,20230325,203,away,35,6,0,10,3,13,1,16,7,9,3,0,0,6,3,1,0,25,10,8,3,26,31,2,0,4,928,0,0,0,4,-25.41506019356362,47.03328509406657,46.0,26,12.642225031605562,25.0,50.0,60.0,1.5,3,2,6,73.75862068965517,73,5,1,9,1,10,4,12,7,10,4,0,0,10,7,1,2,22,11,7,3,33,32,3,0,3,928,1,0,0,3,25.41506019356362,62.5,59.09090909090909,39,10.204081632653061,9.090909090909092,70.0,45.45454545454545,1.6666666666666667,3,2,13,73.75862068965517
S41G01N259,2022-2023,20230325,204,away,35,6,0,10,3,13,1,16,7,9,3,0,0,6,3,1,0,25,10,8,3,26,31,2,0,4,928,0,0,0,4,-25.41506019356362,47.03328509406657,46.0,26,12.642225031605562,25.0,50.0,60.0,1.5,3,2,6,73.75862068965517,73,5,1,9,1,10,4,12,7,10,4,0,0,10,7,1,2,22,11,7,3,33,32,3,0,3,928,1,0,0,3,25.41506019356362,62.5,59.09090909090909,39,10.204081632653061,9.090909090909092,70.0,45.45454545454545,1.6666666666666667,3,2,13,73.75862068965517
S41G01N259,2022-2023,20230325,205,away,35,6,0,10,3,13,1,16,7,9,3,0,0,6,3,1,0,25,10,8,3,26,31,2,0,4,928,0,0,0,4,-25.41506019356362,47.03328509406657,46.0,26,12.642225031605562,25.0,50.0,60.0,1.5,3,2,6,73.75862068965517,73,5,1,9,1,10,4,12,7,10,4,0,0,10,7,1,2,22,11,7,3,33,32,3,0,3,928,1,0,0,3,25.41506019356362,62.5,59.09090909090909,39,10.204081632653061,9.090909090909092,70.0,45.45454545454545,1.6666666666666667,3,2,13,73.75862068965517
S41G01N259,2022-2023,20230325,206,away,35,6,0,10,3,13,1,16,7,9,3,0,0,6,3,1,0,25,10,8,3,26,31,2,0,4,928,0,0,0,4,-25.41506019356362,47.03328509406657,46.0,26,12.642225031605562,25.0,50.0,60.0,1.5,3,2,6,73.75862068965517,73,5,1,9,1,10,4,12,7,10,4,0,0,10,7,1,2,22,11,7,3,33,32,3,0,3,928,1,0,0,3,25.41506019356362,62.5,59.09090909090909,39,10.204081632653061,9.090909090909092,70.0,45.45454545454545,1.6666666666666667,3,2,13,73.75862068965517
S41G01N259,2022-2023,20230325,207,away,35,6,0,10,3,13,1,16,7,9,3,0,0,6,3,1,0,25,10,8,3,26,31,2,0,4,928,0,0,0,4,-25.41506019356362,47.03328509406657,46.0,26,12.642225031605562,25.0,50.0,60.0,1.5,3,2,6,73.75862068965517,73,5,1,9,1,10,4,12,7,10,4,0,0,10,7,1,2,22,11,7,3,33,32,3,0,3,928,1,0,0,3,25.41506019356362,62.5,59.09090909090909,39,10.204081632653061,9.090909090909092,70.0,45.45454545454545,1.6666666666666667,3,2,13,73.75862068965517
S41G01N259,2022-2023,20230325,208,away,35,6,0,10,3,13,1,16,7,9,3,0,0,7,3,1,0,25,10,8,3,26,32,2,0,4,928,0,0,0,4,-26.788654900517272,46.2962962962963,46.0,25,12.468827930174564,25.0,42.857142857142854,60.0,1.5,3,2,6,74.32758620689656,73,5,1,9,1,10,4,12,7,10,4,0,0,10,7,1,2,22,11,7,3,33,32,3,0,3,928,1,0,0,3,26.788654900517272,62.5,59.09090909090909,39,10.204081632653061,9.090909090909092,70.0,45.45454545454545,1.6666666666666667,3,2,13,74.32758620689656
S41G01N259,2022-2023,20230325,209,away,35,6,0,10,3,13,1,16,7,9,3,0,0,8,4,1,0,25,10,8,3,27,33,2,0,4,928,0,0,0,4,-24.73376846444519,47.335203366058906,46.0,26,12.300123001230014,25.0,50.0,60.0,1.5,1,2,6,74.89655172413792,73,5,1,9,1,10,4,12,7,10,4,0,0,10,7,1,2,22,11,7,3,33,32,3,0,3,928,1,0,0,3,24.73376846444519,62.5,59.09090909090909,39,10.204081632653061,9.090909090909092,70.0,45.45454545454545,1.6666666666666667,1,2,13,74.89655172413792
S41G01N259,2022-2023,20230325,210,away,35,6,0,10,3,13,1,16,7,9,3,0,0,8,4,1,0,25,10,8,3,27,33,2,0,4,928,0,0,0,4,-24.73376846444519,47.335203366058906,46.0,26,12.300123001230014,25.0,50.0,60.0,1.5,1,2,6,74.89655172413792,73,5,1,9,1,10,4,12,7,10,4,0,0,10,7,1,2,22,11,7,3,33,32,3,0,3,928,1,0,0,3,24.73376846444519,62.5,59.09090909090909,39,10.204081632653061,9.090909090909092,70.0,45.45454545454545,1.6666666666666667,1,2,13,74.89655172413792
S41G01N259,2022-2023,20230325,211,away,35,6,0,10,3,13,1,16,7,9,3,0,0,8,4,1,0,25,10,8,3,27,33,2,0,4,928,0,0,0,4,-24.73376846444519,47.335203366058906,46.0,26,12.300123001230014,25.0,50.0,60.0,1.5,1,2,6,74.89655172413792,73,5,1,9,1,10,4,12,7,10,4,0,0,10,7,1,2,22,11,7,3,33,32,3,0,3,928,1,0,0,3,24.73376846444519,62.5,59.09090909090909,39,10.204081632653061,9.090909090909092,70.0,45.45454545454545,1.6666666666666667,1,2,13,74.89655172413792
S41G01N259,2022-2023,20230325,212,away,35,6,0,10,3,13,1,16,7,9,3,0,0,8,4,1,0,25,10,8,3,27,33,2,0,4,928,0,0,0,4,-24.73376846444519,47.335203366058906,46.0,26,12.300123001230014,25.0,50.0,60.0,1.5,1,2,6,74.89655172413792,73,5,1,9,1,10,4,12,7,10,4,0,0,10,7,1,2,22,11,7,3,33,32,3,0,3,928,1,0,0,3,24.73376846444519,62.5,59.09090909090909,39,10.204081632653061,9.090909090909092,70.0,45.45454545454545,1.6666666666666667,1,2,13,74.89655172413792
S41G01N259,2022-2023,20230325,213,away,35,6,0,10,3,13,1,16,7,9,3,0,0,8,4,1,0,25,10,8,3,27,33,2,0,4,928,0,0,0,4,-24.73376846444519,47.335203366058906,46.0,26,12.300123001230014,25.0,50.0,60.0,1.5,1,2,6,74.89655172413792,73,5,1,9,1,10,4,12,7,10,4,0,0,10,7,1,2,22,11,7,3,33,32,3,0,3,928,1,0,0,3,24.73376846444519,62.5,59.09090909090909,39,10.204081632653061,9.090909090909092,70.0,45.45454545454545,1.6666666666666667,1,2,13,74.89655172413792
S41G01N259,2022-2023,20230325,214,away,35,6,0,10,3,13,1,16,7,9,3,0,0,8,4,1,0,25,10,8,3,27,33,2,0,4,947,0,0,0,4,-20.781483325037314,47.335203366058906,46.0,26,12.300123001230014,25.0,50.0,60.0,1.5,1,2,6,74.66103484688489,73,5,1,9,1,10,4,12,7,11,4,0,0,10,7,1,2,23,11,7,3,33,33,3,0,3,947,1,0,0,3,20.781483325037314,60.21897810218979,56.52173913043478,38,9.868421052631579,9.090909090909092,70.0,45.45454545454545,1.6666666666666667,1,2,13,74.66103484688489
S41G01N259,2022-2023,20230325,215,away,35,6,0,10,3,13,2,16,7,9,3,0,0,8,4,1,0,25,10,8,3,27,33,2,0,4,949,0,0,0,4,-20.781483325037314,47.335203366058906,46.0,27,12.300123001230014,25.0,50.0,60.0,1.5,1,2,6,74.50368809272919,73,5,1,9,1,10,4,12,7,11,4,0,0,10,7,1,2,23,11,7,3,33,33,3,0,3,949,1,0,0,3,20.781483325037314,60.21897810218979,56.52173913043478,38,9.868421052631579,9.090909090909092,70.0,45.45454545454545,1.6666666666666667,1,2,13,74.50368809272919
S41G01N259,2022-2023,20230325,216,away,35,6,0,10,3,13,2,16,7,9,3,0,0,8,4,1,0,25,10,8,3,27,33,2,0,5,965,0,0,0,5,-23.77831866691629,47.335203366058906,46.0,26,14.916467780429596,25.0,50.0,60.0,1.2,1,2,6,74.5119170984456,73,5,1,9,1,10,4,12,7,11,4,0,0,10,7,1,2,23,11,7,3,33,33,3,0,3,965,1,0,0,3,23.77831866691629,60.21897810218979,56.52173913043478,38,9.868421052631579,9.090909090909092,70.0,45.45454545454545,1.6666666666666667,1,2,13,74.5119170984456
S41G01N259,2022-2023,20230325,217,away,35,6,0,10,3,13,2,16,7,9,3,0,0,8,4,1,0,25,10,8,3,27,33,2,0,5,966,0,0,0,5,-23.77831866691629,47.335203366058906,46.0,26,14.916467780429596,25.0,50.0,60.0,1.2,1,2,6,74.43478260869564,73,5,1,9,1,10,4,12,7,11,4,0,0,10,7,1,2,23,11,7,3,33,33,4,0,3,966,1,0,0,3,23.77831866691629,60.21897810218979,56.52173913043478,39,9.868421052631579,9.090909090909092,70.0,45.45454545454545,1.6666666666666667,1,2,13,74.43478260869564
S41G01N259,2022-2023,20230325,218,away,35,6,0,10,3,13,2,16,7,9,3,0,0,8,4,1,0,25,10,9,3,27,33,2,0,5,972,0,0,0,5,-23.77831866691629,47.335203366058906,46.0,26,14.916467780429596,25.0,50.0,60.0,1.2,1,2,6,73.9753086419753,73,5,1,9,1,10,4,12,7,11,4,0,0,10,7,1,2,23,11,7,3,33,33,4,0,3,972,1,0,0,3,23.77831866691629,60.21897810218979,56.52173913043478,39,9.868421052631579,9.090909090909092,70.0,45.45454545454545,1.6666666666666667,1,2,13,73.9753086419753
S41G01N259,2022-2023,20230325,219,away,35,6,0,10,3,13,2,16,7,9,3,0,0,8,4,1,0,25,10,9,3,27,33,2,0,5,972,0,0,0,5,-23.77831866691629,47.335203366058906,46.0,26,14.916467780429596,25.0,50.0,60.0,1.2,1,2,6,73.9753086419753,73,5,1,9,1,10,4,12,7,11,4,0,0,10,7,1,2,23,11,7,3,33,33,4,0,3,972,1,0,0,3,23.77831866691629,60.21897810218979,56.52173913043478,39,9.868421052631579,9.090909090909092,70.0,45.45454545454545,1.6666666666666667,1,2,13,73.9753086419753
S41G01N259,2022-2023,20230325,220,away,35,6,0,10,3,13,2,16,7,9,3,0,0,8,4,1,0,25,10,9,3,27,33,2,0,5,972,0,0,0,5,-25.474439474488648,47.335203366058906,46.0,26,14.916467780429596,25.0,50.0,60.0,1.2,1,2,6,74.51851851851852,73,5,1,9,1,10,4,12,7,11,4,0,0,11,8,1,2,23,11,7,3,34,34,4,0,3,972,1,0,0,3,25.474439474488648,61.0632183908046,56.52173913043478,40,9.727626459143968,9.090909090909092,72.72727272727273,45.45454545454545,1.6666666666666667,1,2,13,74.51851851851852
S41G01N259,2022-2023,20230325,221,away,35,6,0,10,3,13,2,16,7,9,3,0,0,8,4,1,0,25,10,9,3,27,33,2,0,5,972,0,0,0,5,-27.1212674712729,47.335203366058906,46.0,26,14.916467780429596,25.0,50.0,60.0,1.2,2,2,6,75.06172839506172,73,5,1,9,1,10,4,12,7,11,4,0,0,12,9,1,2,23,11,7,3,35,35,4,0,3,972,1,0,0,3,27.1212674712729,61.88118811881188,56.52173913043478,41,9.59079283887468,9.090909090909092,75.0,45.45454545454545,1.6666666666666667,2,2,13,75.06172839506172
S41G01N259,2022-2023,20230325,222,away,35,6,0,10,3,13,2,16,7,10,3,0,0,8,4,1,0,26,10,9,3,27,34,2,0,5,994,0,0,0,5,-29.927948286382914,45.73170731707317,44.23076923076923,25,14.484356894553883,25.0,50.0,60.0,1.2,2,2,6,74.6076458752515,73,5,1,9,1,10,4,12,7,11,4,0,0,12,9,1,2,23,11,7,3,35,35,4,0,3,994,1,0,0,3,29.927948286382914,61.88118811881188,56.52173913043478,41,9.59079283887468,9.090909090909092,75.0,45.45454545454545,1.6666666666666667,2,2,13,74.6076458752515
S41G01N259,2022-2023,20230325,223,away,35,6,0,10,4,14,2,16,7,10,3,0,0,8,4,1,0,26,10,9,3,27,34,2,0,5,996,0,0,0,5,-27.1212674712729,45.73170731707317,44.23076923076923,26,14.484356894553883,30.76923076923077,50.0,60.0,1.2,2,2,6,73.25301204819277,73,5,1,9,1,10,4,12,7,11,4,0,0,12,9,1,2,23,11,7,3,35,35,4,0,3,996,1,0,0,3,27.1212674712729,61.88118811881188,56.52173913043478,41,9.59079283887468,9.090909090909092,75.0,45.45454545454545,1.6666666666666667,2,2,13,73.25301204819277
S41G01N259,2022-2023,20230325,224,away,35,6,0,10,4,14,2,16,7,10,3,0,0,8,4,1,0,26,10,9,3,27,34,2,0,6,1001,0,0,0,6,-29.927948286382914,45.73170731707317,44.23076923076923,25,16.891891891891895,30.76923076923077,50.0,60.0,1.0,2,2,6,74.08591408591408,73,5,1,9,1,10,4,12,7,11,4,0,0,12,9,1,2,23,11,7,3,35,35,4,0,3,1001,1,0,0,3,29.927948286382914,61.88118811881188,56.52173913043478,41,9.59079283887468,9.090909090909092,75.0,45.45454545454545,1.6666666666666667,2,2,13,74.08591408591408
S41G01N259,2022-2023,20230325,225,away,35,6,0,10,4,14,2,16,7,10,3,0,0,8,4,1,0,26,10,9,3,27,34,2,0,6,1002,0,0,0,6,-29.927948286382914,45.73170731707317,44.23076923076923,25,16.891891891891895,30.76923076923077,50.0,60.0,1.0,2,2,6,74.01197604790418,73,5,1,9,1,10,4,12,7,11,4,0,0,12,9,1,2,23,11,7,3,35,35,5,0,3,1002,1,0,0,3,29.927948286382914,61.88118811881188,56.52173913043478,42,9.59079283887468,9.090909090909092,75.0,45.45454545454545,1.6666666666666667,2,2,13,74.01197604790418
S41G01N259,2022-2023,20230325,226,away,35,6,0,10,4,14,2,16,7,10,3,0,0,8,4,1,0,26,10,9,3,27,34,2,0,6,1016,0,0,0,6,-26.232684643047236,45.73170731707317,44.23076923076923,25,16.891891891891895,30.76923076923077,50.0,60.0,1.0,2,2,6,74.17322834645668,73,5,1,9,1,10,4,13,7,11,4,0,0,12,9,1,2,24,11,7,3,35,36,5,0,3,1016,1,0,0,3,26.232684643047236,59.767759562841526,54.166666666666664,41,9.293680297397769,9.090909090909092,75.0,45.45454545454545,1.6666666666666667,2,2,13,74.17322834645668
S41G01N259,2022-2023,20230325,227,away,35,6,0,11,4,15,2,16,7,10,3,0,0,8,4,1,0,26,10,9,3,27,34,2,0,6,1017,0,0,0,6,-26.232684643047236,45.73170731707317,44.23076923076923,26,16.891891891891895,30.76923076923077,50.0,60.0,1.0,2,2,6,74.10029498525073,73,5,1,9,1,10,4,13,7,11,4,0,0,12,9,1,2,24,11,7,3,35,36,5,0,3,1017,1,0,0,3,26.232684643047236,59.767759562841526,54.166666666666664,41,9.293680297397769,8.333333333333334,75.0,45.45454545454545,1.6666666666666667,2,2,13,74.10029498525073
S41G01N259,2022-2023,20230325,228,away,35,6,0,11,4,15,2,17,8,10,3,0,0,8,4,1,0,27,11,9,3,29,35,2,0,6,1028,0,0,0,6,-22.716691361287005,47.50982961992136,46.2962962962963,28,16.42935377875137,30.76923076923077,50.0,54.54545454545455,1.0,2,2,6,74.47470817120623,73,5,1,9,1,10,4,13,7,11,4,0,0,12,9,1,2,24,11,7,3,35,36,5,0,3,1028,1,0,0,3,22.716691361287005,59.767759562841526,54.166666666666664,41,9.293680297397769,8.333333333333334,75.0,45.45454545454545,1.6666666666666667,2,2,13,74.47470817120623
S41G01N259,2022-2023,20230325,229,away,35,7,0,11,4,15,2,17,8,10,3,0,0,8,4,1,0,27,11,9,3,29,35,2,0,6,1028,0,0,0,6,-22.716691361287005,47.50982961992136,46.2962962962963,29,16.42935377875137,30.76923076923077,50.0,63.63636363636363,1.1666666666666667,2,2,6,74.47470817120623,73,5,1,9,1,10,4,13,7,11,4,0,0,12,9,1,2,24,11,7,3,35,36,5,0,3,1028,1,0,0,3,22.716691361287005,59.767759562841526,54.166666666666664,41,9.293680297397769,8.333333333333334,75.0,45.45454545454545,1.6666666666666667,2,2,13,74.47470817120623
S41G01N259,2022-2023,20230325,230,away,35,7,0,11,4,15,2,17,8,10,3,0,0,8,4,1,0,27,11,9,3,29,35,2,0,6,1053,0,0,0,6,-25.446165242321555,47.50982961992136,46.2962962962963,29,16.42935377875137,30.76923076923077,50.0,63.63636363636363,1.1666666666666667,2,2,6,73.84615384615384,73,5,1,9,1,10,4,14,8,11,4,0,0,12,9,1,2,25,12,7,3,37,37,5,0,3,1053,1,0,0,3,25.446165242321555,61.09643328929987,56.0,43,9.014423076923077,8.333333333333334,75.0,41.666666666666664,1.6666666666666667,2,2,13,73.84615384615384
S41G01N259,2022-2023,20230325,231,away,35,7,0,11,4,15,2,17,8,11,3,0,0,8,4,1,0,28,11,9,3,29,36,2,0,6,1070,0,0,0,6,-28.1065438747475,46.00253807106599,44.642857142857146,28,15.991471215351813,30.76923076923077,50.0,63.63636363636363,1.1666666666666667,2,2,6,73.79439252336448,73,5,1,9,1,10,4,14,8,11,4,0,0,12,9,1,2,25,12,7,3,37,37,5,0,3,1070,1,0,0,3,28.1065438747475,61.09643328929987,56.0,43,9.014423076923077,8.333333333333334,75.0,41.666666666666664,1.6666666666666667,2,2,13,73.79439252336448
S41G01N259,2022-2023,20230325,232,away,35,7,0,11,4,15,2,17,8,11,3,0,0,8,4,1,0,28,11,9,3,29,36,2,0,6,1071,0,0,0,6,-28.1065438747475,46.00253807106599,44.642857142857146,28,15.991471215351813,30.76923076923077,50.0,63.63636363636363,1.1666666666666667,2,2,6,73.72549019607843,73,5,1,9,1,10,5,14,8,11,4,0,0,12,9,1,2,25,12,7,3,37,37,5,0,3,1071,1,0,0,3,28.1065438747475,61.09643328929987,56.0,44,9.014423076923077,8.333333333333334,75.0,41.666666666666664,1.6666666666666667,2,2,13,73.72549019607843
S41G01N259,2022-2023,20230325,233,away,35,7,0,11,4,15,2,17,8,11,3,0,0,8,4,1,0,28,11,9,3,29,36,2,0,6,1071,0,0,0,6,-28.1065438747475,46.00253807106599,44.642857142857146,28,15.991471215351813,30.76923076923077,50.0,63.63636363636363,1.1666666666666667,2,2,6,73.72549019607843,73,5,1,9,1,10,5,14,8,11,4,0,0,12,9,1,2,25,12,7,3,37,37,5,0,3,1071,1,0,0,3,28.1065438747475,61.09643328929987,56.0,44,9.014423076923077,8.333333333333334,75.0,41.666666666666664,1.6666666666666667,2,2,13,73.72549019607843
S41G01N259,2022-2023,20230325,234,away,35,7,0,11,4,15,2,17,8,11,3,0,0,8,4,1,0,28,11,9,3,29,36,2,0,6,1071,0,0,0,6,-28.1065438747475,46.00253807106599,44.642857142857146,28,15.991471215351813,30.76923076923077,50.0,63.63636363636363,1.1666666666666667,2,2,6,73.72549019607843,73,5,1,9,1,10,5,14,8,11,4,0,0,12,9,1,2,25,12,7,3,37,37,5,0,3,1071,1,0,0,3,28.1065438747475,61.09643328929987,56.0,44,9.014423076923077,8.333333333333334,75.0,41.666666666666664,1.6666666666666667,2,2,13,73.72549019607843
S41G01N259,2022-2023,20230325,235,away,35,7,0,11,4,15,2,17,8,11,3,0,0,8,4,1,0,28,11,9,3,29,36,2,0,6,1071,0,0,0,6,-28.1065438747475,46.00253807106599,44.642857142857146,28,15.991471215351813,30.76923076923077,50.0,63.63636363636363,1.1666666666666667,2,2,6,73.72549019607843,73,5,1,9,1,10,5,14,8,11,4,0,0,12,9,1,2,25,12,7,3,37,37,5,0,3,1071,1,0,0,3,28.1065438747475,61.09643328929987,56.0,44,9.014423076923077,8.333333333333334,75.0,41.666666666666664,1.6666666666666667,2,2,13,73.72549019607843
S41G01N259,2022-2023,20230325,236,away,35,7,0,11,4,15,2,17,8,11,3,0,0,8,4,1,0,28,11,9,3,29,36,2,0,6,1071,0,0,0,6,-28.1065438747475,46.00253807106599,44.642857142857146,28,15.991471215351813,30.76923076923077,50.0,63.63636363636363,1.1666666666666667,2,2,6,73.72549019607843,73,5,1,9,1,10,5,14,8,11,4,0,0,12,9,1,2,25,12,7,3,37,37,5,0,3,1071,1,0,0,3,28.1065438747475,61.09643328929987,56.0,44,9.014423076923077,8.333333333333334,75.0,41.666666666666664,1.6666666666666667,2,2,13,73.72549019607843
S41G01N259,2022-2023,20230325,237,away,35,7,0,11,4,15,2,17,8,11,3,0,0,8,4,1,0,28,11,9,3,29,36,2,0,6,1071,0,0,0,6,-28.1065438747475,46.00253807106599,44.642857142857146,28,15.991471215351813,30.76923076923077,50.0,63.63636363636363,1.1666666666666667,2,2,6,73.72549019607843,73,5,1,9,1,10,5,14,8,11,4,0,0,12,9,1,2,25,12,7,3,37,37,5,0,3,1071,1,0,0,3,28.1065438747475,61.09643328929987,56.0,44,9.014423076923077,8.333333333333334,75.0,41.666666666666664,1.6666666666666667,2,2,13,73.72549019607843
S41G01N259,2022-2023,20230325,238,away,35,7,0,11,4,15,2,17,8,11,3,0,0,8,4,1,0,28,11,9,3,29,36,2,0,6,1090,0,0,0,6,-24.66237148889296,46.00253807106599,44.642857142857146,28,15.991471215351813,30.76923076923077,50.0,63.63636363636363,1.1666666666666667,2,2,6,73.54128440366972,73,5,1,9,1,10,5,15,8,11,4,0,0,12,9,1,2,26,12,7,3,37,38,5,0,3,1090,1,0,0,3,24.66237148889296,59.14322250639386,53.84615384615385,43,8.751458576429405,8.333333333333334,75.0,41.666666666666664,1.6666666666666667,2,2,13,73.54128440366972
S41G01N259,2022-2023,20230325,239,away,35,7,0,12,4,16,2,17,8,11,3,0,0,8,4,1,0,28,11,9,3,29,36,2,0,6,1091,0,0,0,6,-24.66237148889296,46.00253807106599,44.642857142857146,29,15.991471215351813,30.76923076923077,50.0,63.63636363636363,1.1666666666666667,2,2,6,73.47387717690192,73,5,1,9,1,10,5,15,8,11,4,0,0,12,9,1,2,26,12,7,3,37,38,5,0,3,1091,1,0,0,3,24.66237148889296,59.14322250639386,53.84615384615385,43,8.751458576429405,7.6923076923076925,75.0,41.666666666666664,1.6666666666666667,2,2,13,73.47387717690192
S41G01N259,2022-2023,20230325,240,away,35,7,0,12,4,16,2,18,8,11,3,0,0,8,4,1,0,29,11,9,3,29,37,2,0,6,1100,0,0,0,6,-27.1686146269721,44.58794587945879,43.10344827586207,28,15.57632398753894,30.76923076923077,50.0,63.63636363636363,1.1666666666666667,2,2,6,73.96363636363637,73,5,1,9,1,10,5,15,8,11,4,0,0,12,9,1,2,26,12,7,3,37,38,5,0,3,1100,1,0,0,3,27.1686146269721,59.14322250639386,53.84615384615385,43,8.751458576429405,7.6923076923076925,75.0,41.666666666666664,1.6666666666666667,2,2,13,73.96363636363637
S41G01N259,2022-2023,20230325,241,away,35,7,0,12,4,16,2,18,8,11,3,0,0,8,4,1,0,29,11,9,3,29,37,2,0,6,1101,0,0,0,6,-27.1686146269721,44.58794587945879,43.10344827586207,28,15.57632398753894,28.571428571428573,50.0,63.63636363636363,1.1666666666666667,2,2,6,73.89645776566759,73,5,1,10,1,11,5,15,8,11,4,0,0,12,9,1,2,26,12,7,3,37,38,5,0,3,1101,1,0,0,3,27.1686146269721,59.14322250639386,53.84615384615385,44,8.751458576429405,7.6923076923076925,75.0,41.666666666666664,1.6666666666666667,2,2,13,73.89645776566759
S41G01N259,2022-2023,20230325,242,away,35,7,0,12,4,16,2,18,8,11,3,0,0,8,4,1,0,29,11,9,3,29,37,2,0,6,1108,0,0,0,6,-23.92538578755014,44.58794587945879,43.10344827586207,28,15.57632398753894,28.571428571428573,50.0,63.63636363636363,1.1666666666666667,2,2,6,74.5126353790614,73,5,1,10,1,11,5,15,8,12,4,0,0,12,9,1,2,27,12,7,3,37,39,5,0,3,1108,1,0,0,3,23.92538578755014,57.31102850061958,51.851851851851855,43,8.503401360544217,7.6923076923076925,75.0,41.666666666666664,1.6666666666666667,2,2,13,74.5126353790614
S41G01N259,2022-2023,20230325,243,away,35,7,0,13,4,17,2,18,8,11,3,0,0,8,4,1,0,29,11,9,3,29,37,2,0,6,1109,0,0,0,6,-23.92538578755014,44.58794587945879,43.10344827586207,29,15.57632398753894,28.571428571428573,50.0,63.63636363636363,1.1666666666666667,2,2,6,74.44544634806132,73,5,1,10,1,11,5,15,8,12,4,0,0,12,9,1,2,27,12,7,3,37,39,5,0,3,1109,1,0,0,3,23.92538578755014,57.31102850061958,51.851851851851855,43,8.503401360544217,7.142857142857143,75.0,41.666666666666664,1.6666666666666667,2,2,13,74.44544634806132
S41G01N259,2022-2023,20230325,244,away,35,7,0,13,4,17,2,19,8,11,3,0,0,8,4,1,0,30,11,9,3,29,38,2,0,6,1114,0,0,0,6,-26.290511631818518,43.25775656324582,41.666666666666664,28,15.182186234817813,28.571428571428573,50.0,63.63636363636363,1.1666666666666667,2,2,6,75.18850987432677,73,5,1,10,1,11,5,15,8,12,4,0,0,12,9,1,2,27,12,7,3,37,39,5,0,3,1114,1,0,0,3,26.290511631818518,57.31102850061958,51.851851851851855,43,8.503401360544217,7.142857142857143,75.0,41.666666666666664,1.6666666666666667,2,2,13,75.18850987432677
S41G01N259,2022-2023,20230325,245,away,35,7,0,13,4,17,2,19,8,11,3,0,0,8,4,1,0,30,11,9,3,29,38,2,0,6,1115,0,0,0,6,-26.290511631818518,43.25775656324582,41.666666666666664,28,15.182186234817813,28.571428571428573,50.0,63.63636363636363,1.1666666666666667,2,2,6,75.12107623318387,73,5,2,10,1,11,5,15,8,12,4,0,0,12,9,1,2,27,12,7,3,37,39,5,0,3,1115,1,0,0,3,26.290511631818518,57.31102850061958,51.851851851851855,44,8.503401360544217,7.142857142857143,75.0,41.666666666666664,1.6666666666666667,2,2,13,75.12107623318387
S41G01N259,2022-2023,20230325,246,away,35,7,0,13,4,17,3,19,8,11,3,0,0,8,4,1,0,30,11,9,3,29,38,2,0,6,1115,0,0,0,6,-26.290511631818518,43.25775656324582,41.666666666666664,29,15.182186234817813,28.571428571428573,50.0,63.63636363636363,1.1666666666666667,2,2,6,75.12107623318387,73,5,2,10,1,11,5,15,8,12,4,0,0,12,9,1,2,27,12,7,3,37,39,5,0,3,1115,1,0,0,3,26.290511631818518,57.31102850061958,51.851851851851855,44,8.503401360544217,7.142857142857143,75.0,41.666666666666664,1.6666666666666667,2,2,13,75.12107623318387
S41G01N259,2022-2023,20230325,247,away,35,7,0,13,4,17,3,20,8,11,3,0,0,8,4,1,0,31,11,9,3,29,39,2,0,6,1129,0,0,0,6,-28.52611251199771,42.004634994206256,40.32258064516129,28,14.807502467917077,28.571428571428573,50.0,63.63636363636363,1.1666666666666667,2,2,6,75.25243578387955,73,5,2,10,1,11,5,15,8,12,4,0,0,12,9,1,2,27,12,7,3,37,39,5,0,3,1129,1,0,0,3,28.52611251199771,57.31102850061958,51.851851851851855,44,8.503401360544217,7.142857142857143,75.0,41.666666666666664,1.6666666666666667,2,2,13,75.25243578387955
S41G01N259,2022-2023,20230325,248,away,35,7,0,13,5,18,3,20,8,11,3,0,0,8,4,1,0,31,11,9,3,29,39,2,0,6,1130,0,0,0,6,-26.290511631818518,42.004634994206256,40.32258064516129,29,14.807502467917077,33.333333333333336,50.0,63.63636363636363,1.1666666666666667,2,2,6,74.12389380530975,73,5,2,10,1,11,5,15,8,12,4,0,0,12,9,1,2,27,12,7,3,37,39,5,0,3,1130,1,0,0,3,26.290511631818518,57.31102850061958,51.851851851851855,44,8.503401360544217,7.142857142857143,75.0,41.666666666666664,1.6666666666666667,2,2,13,74.12389380530975
S41G01N259,2022-2023,20230325,249,away,35,7,0,13,5,18,3,20,8,12,3,0,0,8,4,1,0,32,11,9,3,29,40,2,0,6,1136,0,0,0,6,-28.52611251199771,40.82207207207207,39.0625,28,14.45086705202312,33.333333333333336,50.0,63.63636363636363,1.1666666666666667,2,2,6,74.7887323943662,73,5,2,10,1,11,5,15,8,12,4,0,0,12,9,1,2,27,12,7,3,37,39,5,0,3,1136,1,0,0,3,28.52611251199771,57.31102850061958,51.851851851851855,44,8.503401360544217,7.142857142857143,75.0,41.666666666666664,1.6666666666666667,2,2,13,74.7887323943662
S41G01N259,2022-2023,20230325,250,away,35,7,0,13,5,18,3,20,8,12,3,0,0,8,4,1,0,32,11,9,3,29,40,2,0,6,1137,0,0,0,6,-28.52611251199771,40.82207207207207,39.0625,28,14.45086705202312,31.25,50.0,63.63636363636363,1.1666666666666667,2,2,6,74.72295514511875,73,5,2,11,1,12,5,15,8,12,4,0,0,12,9,1,2,27,12,7,3,37,39,5,0,3,1137,1,0,0,3,28.52611251199771,57.31102850061958,51.851851851851855,45,8.503401360544217,7.142857142857143,75.0,41.666666666666664,1.6666666666666667,2,2,13,74.72295514511875
S41G01N259,2022-2023,20230325,251,away,35,7,0,13,5,18,3,20,8,12,3,0,0,8,4,1,0,32,11,9,3,29,40,2,0,6,1156,0,0,0,6,-25.466740182747074,40.82207207207207,39.0625,28,14.45086705202312,31.25,50.0,63.63636363636363,1.1666666666666667,2,2,6,74.53287197231835,73,5,2,11,1,12,5,16,8,12,4,0,0,12,9,1,2,28,12,7,3,37,40,5,0,3,1156,1,0,0,3,25.466740182747074,55.58894230769231,50.0,44,8.26901874310915,7.142857142857143,75.0,41.666666666666664,1.6666666666666667,2,2,13,74.53287197231835
S41G01N259,2022-2023,20230325,252,away,35,7,0,13,5,18,3,20,8,12,3,0,0,8,4,1,0,32,11,9,3,29,40,2,0,6,1158,0,0,0,6,-25.466740182747074,40.82207207207207,39.0625,28,14.45086705202312,31.25,50.0,63.63636363636363,1.1666666666666667,2,2,6,74.40414507772022,73,5,2,11,1,12,6,16,8,12,4,0,0,12,9,1,2,28,12,7,3,37,40,5,0,3,1158,1,0,0,3,25.466740182747074,55.58894230769231,50.0,45,8.26901874310915,7.142857142857143,75.0,41.666666666666664,1.6666666666666667,2,2,13,74.40414507772022
S41G01N259,2022-2023,20230325,253,away,35,7,0,13,5,18,3,20,8,12,3,0,0,8,4,1,0,32,11,9,3,29,40,2,0,6,1158,0,0,0,6,-25.466740182747074,40.82207207207207,39.0625,28,14.45086705202312,31.25,50.0,63.63636363636363,1.1666666666666667,2,2,6,74.40414507772022,73,5,2,11,1,12,6,16,8,12,4,0,0,12,9,1,2,28,12,7,3,37,40,5,0,3,1158,1,0,0,3,25.466740182747074,55.58894230769231,50.0,45,8.26901874310915,7.142857142857143,75.0,41.666666666666664,1.6666666666666667,2,2,13,74.40414507772022
S41G01N259,2022-2023,20230325,254,away,35,7,0,13,5,18,3,20,8,12,3,0,0,8,4,1,0,32,11,9,3,29,40,2,0,6,1158,0,0,0,6,-25.466740182747074,40.82207207207207,39.0625,28,14.45086705202312,31.25,50.0,63.63636363636363,1.1666666666666667,2,2,6,74.40414507772022,73,5,2,11,1,12,6,16,8,12,4,0,0,12,9,1,2,28,12,7,3,37,40,5,0,3,1158,1,0,0,3,25.466740182747074,55.58894230769231,50.0,45,8.26901874310915,7.142857142857143,75.0,41.666666666666664,1.6666666666666667,2,2,13,74.40414507772022
S41G01N259,2022-2023,20230325,255,away,35,7,0,13,5,18,3,20,8,12,3,0,0,8,4,1,0,32,11,9,3,29,40,2,0,6,1158,0,0,0,6,-25.466740182747074,40.82207207207207,39.0625,28,14.45086705202312,31.25,50.0,63.63636363636363,1.1666666666666667,2,2,6,74.40414507772022,73,5,2,11,1,12,6,16,8,12,4,0,0,12,9,1,2,28,12,7,3,37,40,5,0,3,1158,1,0,0,3,25.466740182747074,55.58894230769231,50.0,45,8.26901874310915,7.142857142857143,75.0,41.666666666666664,1.6666666666666667,2,2,13,74.40414507772022
S41G01N259,2022-2023,20230325,256,away,35,7,0,13,5,18,3,20,8,12,3,0,0,8,4,1,0,32,11,9,3,29,40,2,0,6,1173,0,0,0,6,-25.466740182747074,40.82207207207207,39.0625,28,14.45086705202312,31.25,50.0,63.63636363636363,1.1666666666666667,2,2,6,73.4526854219949,73,5,2,11,1,12,6,16,8,12,4,0,0,12,9,1,2,28,12,7,3,37,40,5,1,3,1173,1,0,0,4,25.466740182747074,55.58894230769231,50.0,44,8.26901874310915,7.142857142857143,75.0,41.666666666666664,1.6666666666666667,2,2,13,73.4526854219949
S41G01N259,2022-2023,20230325,257,away,35,7,0,13,5,18,3,20,8,13,3,0,0,8,4,1,0,33,11,9,3,29,41,2,0,6,1192,0,0,0,6,-27.5831725725116,39.70427163198247,37.878787878787875,27,14.111006585136405,31.25,50.0,63.63636363636363,1.1666666666666667,2,2,6,73.28859060402687,73,5,2,11,1,12,6,16,8,12,4,0,0,12,9,1,2,28,12,7,3,37,40,5,1,3,1192,1,0,0,4,27.5831725725116,55.58894230769231,50.0,44,8.26901874310915,7.142857142857143,75.0,41.666666666666664,1.6666666666666667,2,2,13,73.28859060402687
S41G01N259,2022-2023,20230325,258,away,35,7,0,13,6,19,3,20,8,13,3,0,0,8,4,1,0,33,11,9,3,29,41,2,0,6,1193,0,0,0,6,-25.466740182747074,39.70427163198247,37.878787878787875,28,14.111006585136405,35.294117647058826,50.0,63.63636363636363,1.1666666666666667,2,2,6,72.22129086336967,73,5,2,11,1,12,6,16,8,12,4,0,0,12,9,1,2,28,12,7,3,37,40,5,1,3,1193,1,0,0,4,25.466740182747074,55.58894230769231,50.0,44,8.26901874310915,7.142857142857143,75.0,41.666666666666664,1.6666666666666667,2,2,13,72.22129086336967
S41G01N259,2022-2023,20230325,259,away,35,7,0,13,6,19,3,21,8,13,3,0,0,8,4,1,0,34,11,9,3,29,42,2,0,6,1196,0,0,0,6,-27.5831725725116,38.64605543710021,36.76470588235294,27,13.786764705882351,35.294117647058826,50.0,63.63636363636363,1.1666666666666667,2,2,6,73.04347826086958,73,5,2,11,1,12,6,16,8,12,4,0,0,12,9,1,2,28,12,7,3,37,40,5,1,3,1196,1,0,0,4,27.5831725725116,55.58894230769231,50.0,44,8.26901874310915,7.142857142857143,75.0,41.666666666666664,1.6666666666666667,2,2,13,73.04347826086958
S41G01N259,2022-2023,20230325,260,away,35,7,0,13,6,19,3,21,8,13,3,0,0,8,4,1,0,34,11,9,3,29,42,2,0,6,1197,0,0,0,6,-27.5831725725116,38.64605543710021,36.76470588235294,27,13.786764705882351,35.294117647058826,50.0,63.63636363636363,1.1666666666666667,2,2,6,72.98245614035089,73,5,3,11,1,12,6,16,8,12,4,0,0,12,9,1,2,28,12,7,3,37,40,5,1,3,1197,1,0,0,4,27.5831725725116,55.58894230769231,50.0,45,8.26901874310915,7.142857142857143,75.0,41.666666666666664,1.6666666666666667,2,2,13,72.98245614035089
S41G01N259,2022-2023,20230325,261,away,35,7,0,13,7,20,3,21,8,13,3,0,0,8,4,1,0,34,11,9,3,29,42,2,0,6,1198,0,0,0,6,-25.466740182747074,38.64605543710021,36.76470588235294,28,13.786764705882351,38.888888888888886,50.0,63.63636363636363,1.1666666666666667,2,2,6,71.91986644407346,73,5,3,11,1,12,6,16,8,12,4,0,0,12,9,1,2,28,12,7,3,37,40,5,1,3,1198,1,0,0,4,25.466740182747074,55.58894230769231,50.0,45,8.26901874310915,7.142857142857143,75.0,41.666666666666664,1.6666666666666667,2,2,13,71.91986644407346
S41G01N259,2022-2023,20230325,262,away,35,7,0,13,7,20,3,21,8,13,3,0,0,8,4,1,0,34,11,9,3,29,42,2,0,7,1199,0,0,0,7,-27.5831725725116,38.64605543710021,36.76470588235294,27,15.723270440251572,38.888888888888886,50.0,63.63636363636363,1.0,2,2,6,72.860717264387,73,5,3,11,1,12,6,16,8,12,4,0,0,12,9,1,2,28,12,7,3,37,40,5,1,3,1199,1,0,0,4,27.5831725725116,55.58894230769231,50.0,45,8.26901874310915,7.142857142857143,75.0,41.666666666666664,1.6666666666666667,2,2,13,72.860717264387
S41G01N259,2022-2023,20230325,263,away,35,7,0,13,7,20,3,21,8,13,3,0,0,8,4,1,0,34,11,9,3,29,42,2,0,7,1199,0,0,0,7,-27.5831725725116,38.64605543710021,36.76470588235294,27,15.723270440251572,38.888888888888886,50.0,63.63636363636363,1.0,2,2,6,72.860717264387,73,5,3,11,1,12,6,16,8,12,4,0,0,12,9,1,2,28,12,7,3,37,40,5,1,3,1199,1,0,0,4,27.5831725725116,55.58894230769231,50.0,45,8.26901874310915,7.142857142857143,75.0,41.666666666666664,1.6666666666666667,2,2,13,72.860717264387
S41G01N259,2022-2023,20230325,264,away,35,7,0,13,7,20,3,21,8,13,3,0,0,8,4,1,0,34,11,9,3,29,42,2,0,7,1200,0,0,0,7,-27.5831725725116,38.64605543710021,36.76470588235294,27,15.723270440251572,38.888888888888886,50.0,63.63636363636363,1.0,2,2,6,72.80000000000001,73,5,3,11,1,12,6,16,8,12,4,0,0,12,9,1,2,28,12,7,3,37,40,5,1,3,1200,1,0,0,4,27.5831725725116,55.58894230769231,50.0,45,8.26901874310915,7.142857142857143,75.0,41.666666666666664,1.6666666666666667,2,2,13,72.80000000000001
S41G01N259,2022-2023,20230325,265,away,35,7,0,13,7,20,3,21,8,13,3,0,0,8,4,1,0,34,11,9,3,29,42,2,0,7,1200,0,0,0,7,-27.5831725725116,38.64605543710021,36.76470588235294,27,15.723270440251572,38.888888888888886,50.0,63.63636363636363,1.0,2,2,6,72.80000000000001,73,5,3,11,1,12,6,16,8,12,4,0,0,12,9,1,2,28,12,7,3,37,40,5,1,3,1200,1,0,0,4,27.5831725725116,55.58894230769231,50.0,45,8.26901874310915,7.142857142857143,75.0,41.666666666666664,1.6666666666666667,2,2,13,72.80000000000001
S41G01N259,2022-2023,20230325,266,away,35,7,0,13,7,20,3,21,8,13,3,0,0,8,4,1,0,34,11,9,3,29,42,2,0,7,1200,0,0,0,7,-27.5831725725116,38.64605543710021,36.76470588235294,27,15.723270440251572,38.888888888888886,50.0,63.63636363636363,1.0,2,2,6,72.80000000000001,73,5,3,11,1,12,6,16,8,12,4,0,0,12,9,1,2,28,12,7,3,37,40,5,1,3,1200,1,0,0,4,27.5831725725116,55.58894230769231,50.0,45,8.26901874310915,7.142857142857143,75.0,41.666666666666664,1.6666666666666667,2,2,13,72.80000000000001
S41G01N259,2022-2023,20230325,267,away,35,7,0,13,7,20,3,21,8,13,3,0,0,8,4,1,0,34,11,9,3,29,42,2,0,7,1200,0,0,0,7,-27.5831725725116,38.64605543710021,36.76470588235294,27,15.723270440251572,38.888888888888886,50.0,63.63636363636363,1.0,2,2,6,72.80000000000001,73,5,3,11,1,12,6,16,8,12,4,0,0,12,9,1,2,28,12,7,3,37,40,5,1,3,1200,1,0,0,4,27.5831725725116,55.58894230769231,50.0,45,8.26901874310915,7.142857142857143,75.0,41.666666666666664,1.6666666666666667,2,2,13,72.80000000000001
S41G01N259,2022-2023,20230325,268,away,35,7,0,13,7,20,3,21,8,13,3,0,0,8,4,1,0,34,11,9,3,29,42,2,0,7,1200,0,0,0,7,-27.5831725725116,38.64605543710021,36.76470588235294,27,15.723270440251572,38.888888888888886,50.0,63.63636363636363,1.0,2,2,6,72.80000000000001,73,5,3,11,1,12,6,16,8,12,4,0,0,12,9,1,2,28,12,7,3,37,40,5,1,3,1200,1,0,0,4,27.5831725725116,55.58894230769231,50.0,45,8.26901874310915,7.142857142857143,75.0,41.666666666666664,1.6666666666666667,2,2,13,72.80000000000001
S41G01N259,2022-2023,20230325,269,away,35,7,0,13,7,20,3,21,8,13,3,0,0,8,4,1,0,34,11,9,3,29,42,2,0,7,1200,0,0,0,7,-27.5831725725116,38.64605543710021,36.76470588235294,27,15.723270440251572,38.888888888888886,50.0,63.63636363636363,1.0,2,2,6,72.80000000000001,73,5,3,11,1,12,6,16,8,12,4,0,0,12,9,1,2,28,12,7,3,37,40,5,1,3,1200,1,0,0,4,27.5831725725116,55.58894230769231,50.0,45,8.26901874310915,7.142857142857143,75.0,41.666666666666664,1.6666666666666667,2,2,13,72.80000000000001
S41G01N259,2022-2023,20230325,270,away,35,7,0,13,7,20,3,21,8,13,3,0,0,8,4,1,0,34,11,9,3,29,42,2,0,7,1200,0,0,0,7,-27.5831725725116,38.64605543710021,36.76470588235294,27,15.723270440251572,38.888888888888886,50.0,63.63636363636363,1.0,2,2,6,72.80000000000001,73,5,3,11,1,12,6,16,8,12,4,0,0,12,9,1,2,28,12,7,3,37,40,5,1,3,1200,1,0,0,4,27.5831725725116,55.58894230769231,50.0,45,8.26901874310915,7.142857142857143,75.0,41.666666666666664,1.6666666666666667,2,2,13,72.80000000000001
S41G01N259,2022-2023,20230325,271,away,35,7,0,13,7,20,3,21,8,13,3,0,0,8,4,1,0,34,11,9,3,29,42,2,0,7,1200,0,0,0,7,-27.5831725725116,38.64605543710021,36.76470588235294,27,15.723270440251572,38.888888888888886,50.0,63.63636363636363,1.0,2,2,6,72.80000000000001,73,5,3,11,1,12,6,16,8,12,4,0,0,12,9,1,2,28,12,7,3,37,40,5,1,3,1200,1,0,0,4,27.5831725725116,55.58894230769231,50.0,45,8.26901874310915,7.142857142857143,75.0,41.666666666666664,1.6666666666666667,2,2,13,72.80000000000001
S41G01N259,2022-2023,20230325,272,away,35,7,0,13,7,20,3,21,8,13,3,0,0,8,4,1,0,34,11,9,3,29,42,2,0,7,1200,0,0,0,7,-27.5831725725116,38.64605543710021,36.76470588235294,27,15.723270440251572,38.888888888888886,50.0,63.63636363636363,1.0,2,2,6,72.80000000000001,73,5,3,11,1,12,6,16,8,12,4,0,0,12,9,1,2,28,12,7,3,37,40,5,1,3,1200,1,0,0,4,27.5831725725116,55.58894230769231,50.0,45,8.26901874310915,7.142857142857143,75.0,41.666666666666664,1.6666666666666667,2,2,13,72.80000000000001
S41G01N259,2022-2023,20230325,273,away,35,7,0,13,7,20,3,21,8,13,3,0,0,8,4,1,0,34,11,9,3,29,42,2,0,7,1200,0,0,0,7,-27.5831725725116,38.64605543710021,36.76470588235294,27,15.723270440251572,38.888888888888886,50.0,63.63636363636363,1.0,2,2,6,72.80000000000001,73,5,3,11,1,12,6,16,8,12,4,0,0,12,9,1,2,28,12,7,3,37,40,5,1,3,1200,1,0,0,4,27.5831725725116,55.58894230769231,50.0,45,8.26901874310915,7.142857142857143,75.0,41.666666666666664,1.6666666666666667,2,2,13,72.80000000000001
S41G01N259,2022-2023,20230325,274,away,35,7,0,13,7,20,3,21,8,13,3,0,0,8,4,1,0,34,11,9,3,29,42,2,0,7,1200,0,0,0,7,-27.5831725725116,38.64605543710021,36.76470588235294,27,15.723270440251572,38.888888888888886,50.0,63.63636363636363,1.0,2,2,6,72.80000000000001,73,5,3,11,1,12,6,16,8,12,4,0,0,12,9,1,2,28,12,7,3,37,40,5,1,3,1200,1,0,0,4,27.5831725725116,55.58894230769231,50.0,45,8.26901874310915,7.142857142857143,75.0,41.666666666666664,1.6666666666666667,2,2,13,72.80000000000001
S41G01N259,2022-2023,20230325,275,away,35,7,0,13,7,20,3,21,8,13,3,0,0,8,4,1,0,34,11,9,3,29,42,2,0,7,1200,0,0,0,7,-27.5831725725116,38.64605543710021,36.76470588235294,27,15.723270440251572,38.888888888888886,50.0,63.63636363636363,1.0,2,2,6,72.80000000000001,73,5,3,11,1,12,6,16,8,12,4,0,0,12,9,1,2,28,12,7,3,37,40,5,1,3,1200,1,0,0,4,27.5831725725116,55.58894230769231,50.0,45,8.26901874310915,7.142857142857143,75.0,41.666666666666664,1.6666666666666667,2,2,13,72.80000000000001
S41G01N259,2022-2023,20230325,276,away,35,7,0,13,7,20,3,21,8,13,3,0,0,8,4,1,0,34,11,9,3,29,42,2,0,7,1200,0,0,0,7,-27.5831725725116,38.64605543710021,36.76470588235294,27,15.723270440251572,38.888888888888886,50.0,63.63636363636363,1.0,2,2,6,72.80000000000001,73,5,3,11,1,12,6,16,8,12,4,0,0,12,9,1,2,28,12,7,3,37,40,5,1,3,1200,1,0,0,4,27.5831725725116,55.58894230769231,50.0,45,8.26901874310915,7.142857142857143,75.0,41.666666666666664,1.6666666666666667,2,2,13,72.80000000000001
S41G01N259,2022-2023,20230325,277,away,35,7,0,13,7,20,3,21,8,13,3,0,0,8,4,1,0,34,11,9,3,29,42,2,0,7,1200,0,0,0,7,-27.5831725725116,38.64605543710021,36.76470588235294,27,15.723270440251572,38.888888888888886,50.0,63.63636363636363,1.0,2,2,6,72.80000000000001,73,5,3,11,1,12,6,16,8,12,4,0,0,12,9,1,2,28,12,7,3,37,40,5,1,3,1200,1,0,0,4,27.5831725725116,55.58894230769231,50.0,45,8.26901874310915,7.142857142857143,75.0,41.666666666666664,1.6666666666666667,2,2,13,72.80000000000001
S41G01N259,2022-2023,20230325,278,away,35,7,0,13,7,20,3,21,8,13,3,0,0,8,4,1,0,34,11,9,3,29,42,2,0,7,1200,0,0,0,7,-27.5831725725116,38.64605543710021,36.76470588235294,27,15.723270440251572,38.888888888888886,50.0,63.63636363636363,1.0,2,2,6,72.80000000000001,73,5,3,11,1,12,6,16,8,12,4,0,0,12,9,1,2,28,12,7,3,37,40,5,1,3,1200,1,0,0,4,27.5831725725116,55.58894230769231,50.0,45,8.26901874310915,7.142857142857143,75.0,41.666666666666664,1.6666666666666667,2,2,13,72.80000000000001
S41G01N259,2022-2023,20230325,279,away,35,7,0,13,7,20,3,21,8,13,3,0,0,8,4,1,0,34,11,9,3,29,42,2,0,7,1200,0,0,0,7,-27.5831725725116,38.64605543710021,36.76470588235294,27,15.723270440251572,38.888888888888886,50.0,63.63636363636363,1.0,2,2,6,72.80000000000001,73,5,3,11,1,12,6,16,8,12,4,0,0,12,9,1,2,28,12,7,3,37,40,5,1,3,1200,1,0,0,4,27.5831725725116,55.58894230769231,50.0,45,8.26901874310915,7.142857142857143,75.0,41.666666666666664,1.6666666666666667,2,2,13,72.80000000000001
S41G01N259,2022-2023,20230325,280,away,35,7,0,13,7,20,3,21,8,13,3,0,0,8,4,1,0,34,11,9,3,29,42,2,0,7,1200,0,0,0,7,-27.5831725725116,38.64605543710021,36.76470588235294,27,15.723270440251572,38.888888888888886,50.0,63.63636363636363,1.0,2,2,6,72.80000000000001,73,5,3,11,1,12,6,16,8,12,4,0,0,12,9,1,2,28,12,7,3,37,40,5,1,3,1200,1,0,0,4,27.5831725725116,55.58894230769231,50.0,45,8.26901874310915,7.142857142857143,75.0,41.666666666666664,1.6666666666666667,2,2,13,72.80000000000001
S41G01N259,2022-2023,20230325,281,away,35,7,0,13,7,20,3,21,8,13,3,0,0,8,4,1,0,34,11,9,3,29,42,2,0,7,1200,0,0,0,7,-27.5831725725116,38.64605543710021,36.76470588235294,27,15.723270440251572,38.888888888888886,50.0,63.63636363636363,1.0,2,2,6,72.80000000000001,73,5,3,11,1,12,6,16,8,12,4,0,0,12,9,1,2,28,12,7,3,37,40,5,1,3,1200,1,0,0,4,27.5831725725116,55.58894230769231,50.0,45,8.26901874310915,7.142857142857143,75.0,41.666666666666664,1.6666666666666667,2,2,13,72.80000000000001
S41G01N259,2022-2023,20230325,282,away,35,7,0,13,7,20,3,21,8,13,3,0,0,8,4,1,0,34,11,9,3,29,42,2,0,7,1200,0,0,0,7,-27.5831725725116,38.64605543710021,36.76470588235294,27,15.723270440251572,38.888888888888886,50.0,63.63636363636363,1.0,2,2,6,72.80000000000001,73,5,3,11,1,12,6,16,8,12,4,0,0,12,9,1,2,28,12,7,3,37,40,5,1,3,1200,1,0,0,4,27.5831725725116,55.58894230769231,50.0,45,8.26901874310915,7.142857142857143,75.0,41.666666666666664,1.6666666666666667,2,2,13,72.80000000000001
S41G01N259,2022-2023,20230325,283,away,35,7,0,13,7,20,3,21,8,13,3,0,0,8,4,1,0,34,11,9,3,29,42,2,0,7,1200,0,0,0,7,-27.5831725725116,38.64605543710021,36.76470588235294,27,15.723270440251572,38.888888888888886,50.0,63.63636363636363,1.0,2,2,6,72.80000000000001,73,5,3,11,1,12,6,16,8,12,4,0,0,12,9,1,2,28,12,7,3,37,40,5,1,3,1200,1,0,0,4,27.5831725725116,55.58894230769231,50.0,45,8.26901874310915,7.142857142857143,75.0,41.666666666666664,1.6666666666666667,2,2,13,72.80000000000001
S41G01N259,2022-2023,20230325,284,away,35,7,0,13,7,20,3,21,8,13,3,0,0,8,4,1,0,34,11,9,3,29,42,2,0,7,1200,0,0,0,7,-27.5831725725116,38.64605543710021,36.76470588235294,27,15.723270440251572,38.888888888888886,50.0,63.63636363636363,1.0,2,2,6,72.80000000000001,73,5,3,11,1,12,6,16,8,12,4,0,0,12,9,1,2,28,12,7,3,37,40,5,1,3,1200,1,0,0,4,27.5831725725116,55.58894230769231,50.0,45,8.26901874310915,7.142857142857143,75.0,41.666666666666664,1.6666666666666667,2,2,13,72.80000000000001
S41G01N259,2022-2023,20230325,285,away,35,7,0,13,7,20,3,21,8,13,3,0,0,8,4,1,0,34,11,9,3,29,42,2,0,7,1200,0,0,0,7,-27.5831725725116,38.64605543710021,36.76470588235294,27,15.723270440251572,38.888888888888886,50.0,63.63636363636363,1.0,2,2,6,72.80000000000001,73,5,3,11,1,12,6,16,8,12,4,0,0,12,9,1,2,28,12,7,3,37,40,5,1,3,1200,1,0,0,4,27.5831725725116,55.58894230769231,50.0,45,8.26901874310915,7.142857142857143,75.0,41.666666666666664,1.6666666666666667,2,2,13,72.80000000000001
S41G01N259,2022-2023,20230325,286,away,35,7,0,13,7,20,3,21,8,13,3,0,0,8,4,1,0,34,11,9,3,29,42,2,0,7,1200,0,0,0,7,-27.5831725725116,38.64605543710021,36.76470588235294,27,15.723270440251572,38.888888888888886,50.0,63.63636363636363,1.0,2,2,6,72.80000000000001,73,5,3,11,1,12,6,16,8,12,4,0,0,12,9,1,2,28,12,7,3,37,40,5,1,3,1200,1,0,0,4,27.5831725725116,55.58894230769231,50.0,45,8.26901874310915,7.142857142857143,75.0,41.666666666666664,1.6666666666666667,2,2,13,72.80000000000001
S41G01N259,2022-2023,20230325,287,away,35,7,0,13,7,20,3,22,9,13,3,0,0,8,4,1,0,35,12,9,3,31,43,2,0,7,1215,0,0,0,7,-24.39760951109416,40.23883696780893,38.57142857142857,29,15.377855887521967,38.888888888888886,50.0,58.333333333333336,1.0,2,2,6,72.8888888888889,73,5,3,11,1,12,6,16,8,12,4,0,0,12,9,1,2,28,12,7,3,37,40,5,1,3,1215,1,0,0,4,24.39760951109416,55.58894230769231,50.0,45,8.26901874310915,7.142857142857143,75.0,41.666666666666664,1.6666666666666667,2,2,13,72.8888888888889
S41G01N259,2022-2023,20230325,288,away,35,8,0,13,7,20,3,22,9,13,3,0,0,8,4,1,0,35,12,9,3,31,43,2,0,7,1215,0,0,0,7,-24.39760951109416,40.23883696780893,38.57142857142857,30,15.377855887521967,38.888888888888886,50.0,66.66666666666667,1.1428571428571428,2,2,6,72.8888888888889,73,5,3,11,1,12,6,16,8,12,4,0,0,12,9,1,2,28,12,7,3,37,40,5,1,3,1215,1,0,0,4,24.39760951109416,55.58894230769231,50.0,45,8.26901874310915,7.142857142857143,75.0,41.666666666666664,1.6666666666666667,2,2,13,72.8888888888889
S41G01N259,2022-2023,20230325,289,away,35,8,0,13,7,20,3,22,9,13,3,0,0,8,4,1,0,35,12,9,3,31,43,2,0,7,1225,0,0,0,7,-21.50689056272833,40.23883696780893,38.57142857142857,30,15.377855887521967,38.888888888888886,50.0,66.66666666666667,1.1428571428571428,2,2,6,73.27346938775511,73,5,3,11,1,12,6,16,8,13,4,0,0,12,9,1,2,29,12,7,3,37,41,5,1,3,1225,1,0,0,4,21.50689056272833,53.96732788798133,48.275862068965516,44,8.047210300429184,7.142857142857143,75.0,41.666666666666664,1.6666666666666667,2,2,13,73.27346938775511
S41G01N259,2022-2023,20230325,290,away,35,8,0,13,7,20,3,22,9,13,3,0,0,8,4,1,0,35,12,9,3,31,43,2,0,7,1226,0,0,0,7,-24.39760951109416,40.23883696780893,38.57142857142857,30,15.377855887521967,38.888888888888886,50.0,66.66666666666667,1.1428571428571428,2,2,6,72.23491027732464,73,5,3,11,2,13,6,16,8,13,4,0,0,12,9,1,2,29,12,7,3,37,41,5,1,3,1226,1,0,0,4,24.39760951109416,53.96732788798133,48.275862068965516,45,8.047210300429184,13.333333333333334,75.0,41.666666666666664,1.6666666666666667,2,2,13,72.23491027732464
S41G01N259,2022-2023,20230325,291,away,35,8,0,13,7,20,3,22,9,13,3,0,0,8,4,1,0,35,12,9,3,31,43,2,0,7,1240,0,0,0,7,-21.50689056272833,40.23883696780893,38.57142857142857,30,15.377855887521967,38.888888888888886,50.0,66.66666666666667,1.1428571428571428,2,2,6,72.38709677419357,73,5,3,11,2,13,6,17,8,13,4,0,0,12,9,1,2,30,12,7,3,37,42,5,1,3,1240,1,0,0,4,21.50689056272833,52.43764172335601,46.666666666666664,44,7.836990595611285,13.333333333333334,75.0,41.666666666666664,1.6666666666666667,2,2,13,72.38709677419357
S41G01N259,2022-2023,20230325,292,away,35,8,0,14,7,21,3,22,9,13,3,0,0,8,4,1,0,35,12,9,3,31,43,2,0,7,1241,0,0,0,7,-21.50689056272833,40.23883696780893,38.57142857142857,31,15.377855887521967,38.888888888888886,50.0,66.66666666666667,1.1428571428571428,2,2,6,72.32876712328768,73,5,3,11,2,13,6,17,8,13,4,0,0,12,9,1,2,30,12,7,3,37,42,5,1,3,1241,1,0,0,4,21.50689056272833,52.43764172335601,46.666666666666664,44,7.836990595611285,12.5,75.0,41.666666666666664,1.6666666666666667,2,2,13,72.32876712328768
S41G01N259,2022-2023,20230325,293,away,35,8,0,14,7,21,3,22,9,13,3,0,0,8,4,1,0,35,12,9,3,31,43,2,0,8,1245,0,0,0,8,-23.543268951787496,40.23883696780893,38.57142857142857,30,17.196904557179707,38.888888888888886,50.0,66.66666666666667,1.0,2,2,6,73.06024096385543,73,5,3,11,2,13,6,17,8,13,4,0,0,12,9,1,2,30,12,7,3,37,42,5,1,3,1245,1,0,0,4,23.543268951787496,52.43764172335601,46.666666666666664,44,7.836990595611285,12.5,75.0,41.666666666666664,1.6666666666666667,2,2,13,73.06024096385543
S41G01N259,2022-2023,20230325,294,away,35,8,0,14,7,21,3,22,9,13,3,0,0,8,4,1,0,35,12,9,3,31,43,2,0,8,1246,0,0,0,8,-23.543268951787496,40.23883696780893,38.57142857142857,30,17.196904557179707,38.888888888888886,50.0,66.66666666666667,1.0,2,2,6,73.00160513643661,73,5,3,11,2,13,6,17,8,13,4,0,0,12,9,1,2,30,12,7,3,37,42,6,1,3,1246,1,0,0,4,23.543268951787496,52.43764172335601,46.666666666666664,45,7.836990595611285,12.5,75.0,41.666666666666664,1.6666666666666667,2,2,13,73.00160513643661
S41G01N259,2022-2023,20230325,295,away,35,8,0,14,7,21,3,22,9,13,3,0,0,8,4,1,0,35,12,10,4,31,43,2,0,8,1247,0,0,0,8,-23.543268951787496,40.23883696780893,38.57142857142857,30,17.196904557179707,38.888888888888886,50.0,66.66666666666667,1.0,2,2,6,72.94306335204492,73,5,3,11,2,13,6,17,8,13,4,0,0,12,9,1,2,30,12,7,3,37,42,6,1,3,1247,1,0,0,4,23.543268951787496,52.43764172335601,46.666666666666664,45,7.836990595611285,12.5,75.0,41.666666666666664,1.6666666666666667,2,2,13,72.94306335204492
S41G01N259,2022-2023,20230325,296,away,35,8,0,14,7,21,3,22,9,13,3,0,0,8,4,1,0,35,12,10,4,31,43,2,0,8,1247,0,0,0,8,-23.543268951787496,40.23883696780893,38.57142857142857,30,17.196904557179707,38.888888888888886,50.0,66.66666666666667,1.0,2,2,6,72.94306335204492,73,5,3,11,2,13,6,17,8,13,4,0,0,12,9,1,2,30,12,7,3,37,42,6,1,3,1247,1,0,0,4,23.543268951787496,52.43764172335601,46.666666666666664,45,7.836990595611285,12.5,75.0,41.666666666666664,1.6666666666666667,2,2,13,72.94306335204492
S41G01N259,2022-2023,20230325,297,away,35,8,0,14,7,21,3,22,9,13,3,0,0,8,4,1,0,35,12,10,4,31,43,2,0,8,1258,0,0,0,8,-28.854841792497098,40.23883696780893,38.57142857142857,30,17.196904557179707,38.888888888888886,50.0,66.66666666666667,1.0,3,2,6,73.25914149443562,73,5,3,11,2,13,6,17,8,14,5,0,0,12,9,1,2,31,13,7,3,40,43,6,1,3,1258,1,0,0,4,28.854841792497098,55.12679162072767,50.0,48,7.637474541751527,12.5,75.0,38.46153846153846,1.6666666666666667,3,2,13,73.25914149443562
S41G01N259,2022-2023,20230325,298,away,35,8,0,14,7,21,3,23,10,13,3,0,0,8,4,1,0,36,13,10,4,33,44,2,0,8,1272,0,0,0,8,-25.85487376551187,41.75101214574899,40.27777777777778,32,16.835016835016834,38.888888888888886,50.0,61.53846153846154,1.0,2,2,6,73.39622641509435,73,5,3,11,2,13,6,17,8,14,5,0,0,12,9,1,2,31,13,7,3,40,43,6,1,3,1272,1,0,0,4,25.85487376551187,55.12679162072767,50.0,48,7.637474541751527,12.5,75.0,38.46153846153846,1.6666666666666667,2,2,13,73.39622641509435
S41G01N259,2022-2023,20230325,299,away,35,9,0,14,7,21,3,23,10,13,3,0,0,8,4,1,0,36,13,10,4,33,44,2,0,8,1272,0,0,0,8,-25.85487376551187,41.75101214574899,40.27777777777778,33,16.835016835016834,38.888888888888886,50.0,69.23076923076923,1.125,2,2,6,73.39622641509435,73,5,3,11,2,13,6,17,8,14,5,0,0,12,9,1,2,31,13,7,3,40,43,6,1,3,1272,1,0,0,4,25.85487376551187,55.12679162072767,50.0,48,7.637474541751527,12.5,75.0,38.46153846153846,1.6666666666666667,2,2,13,73.39622641509435
S41G01N259,2022-2023,20230325,300,away,35,9,0,14,7,21,3,23,10,13,3,0,0,8,4,1,0,36,13,10,4,33,44,2,0,8,1272,0,0,0,8,-25.85487376551187,41.75101214574899,40.27777777777778,33,16.835016835016834,38.888888888888886,50.0,69.23076923076923,1.125,2,2,6,73.39622641509435,73,5,3,11,2,13,6,17,8,14,5,0,0,12,9,1,2,31,13,8,3,40,43,6,1,3,1272,1,0,0,4,25.85487376551187,55.12679162072767,50.0,48,7.637474541751527,12.5,75.0,38.46153846153846,1.6666666666666667,2,2,13,73.39622641509435
S41G01N259,2022-2023,20230325,301,away,35,9,0,14,7,21,3,23,10,13,3,0,0,8,4,1,0,36,13,10,4,33,44,2,0,8,1272,0,0,0,8,-25.85487376551187,41.75101214574899,40.27777777777778,33,16.835016835016834,38.888888888888886,50.0,69.23076923076923,1.125,2,2,6,73.39622641509435,73,5,3,11,2,13,6,17,8,14,5,0,0,12,9,1,2,31,13,8,3,40,43,6,1,3,1272,1,0,0,4,25.85487376551187,55.12679162072767,50.0,48,7.637474541751527,12.5,75.0,38.46153846153846,1.6666666666666667,2,2,13,73.39622641509435
S41G01N259,2022-2023,20230325,302,away,35,9,0,14,7,21,3,23,10,13,3,0,0,9,5,1,0,36,13,10,4,34,45,2,0,8,1272,0,0,0,8,-24.28832483905579,42.54254254254254,40.27777777777778,34,16.680567139282736,38.888888888888886,55.55555555555556,69.23076923076923,1.125,3,2,6,73.81132075471699,73,5,3,11,2,13,6,17,8,14,5,0,0,12,9,1,2,31,13,8,3,40,43,6,1,3,1272,1,0,0,4,24.28832483905579,55.12679162072767,50.0,48,7.637474541751527,12.5,75.0,38.46153846153846,1.6666666666666667,3,2,13,73.81132075471699
S41G01N259,2022-2023,20230325,303,away,35,9,0,14,7,21,3,23,10,13,3,0,0,9,5,1,0,36,13,10,4,34,45,2,0,8,1295,0,0,0,8,-26.71005583855799,42.54254254254254,40.27777777777778,34,16.680567139282736,38.888888888888886,55.55555555555556,69.23076923076923,1.125,2,2,6,73.42702702702704,73,5,3,11,2,13,6,18,9,14,5,0,0,12,9,1,2,32,14,8,3,42,44,6,1,3,1295,1,0,0,4,26.71005583855799,56.33047210300429,51.5625,50,7.447864945382324,12.5,75.0,35.714285714285715,1.6666666666666667,2,2,13,73.42702702702704
S41G01N259,2022-2023,20230325,304,away,35,9,0,14,7,21,3,23,10,14,3,0,0,9,5,1,0,37,13,10,4,34,46,2,0,8,1311,0,0,0,8,-28.688316384315854,41.50390625,39.189189189189186,33,16.33986928104575,38.888888888888886,55.55555555555556,69.23076923076923,1.125,2,2,6,73.44622425629292,73,5,3,11,2,13,6,18,9,14,5,0,0,12,9,1,2,32,14,8,3,42,44,6,1,3,1311,1,0,0,4,28.688316384315854,56.33047210300429,51.5625,50,7.447864945382324,12.5,75.0,35.714285714285715,1.6666666666666667,2,2,13,73.44622425629292
S41G01N259,2022-2023,20230325,305,away,35,9,0,14,7,21,3,23,10,14,3,0,0,9,5,1,0,37,13,10,4,34,46,2,0,8,1312,0,0,0,8,-28.688316384315854,41.50390625,39.189189189189186,33,16.33986928104575,36.8421052631579,55.55555555555556,69.23076923076923,1.125,2,2,6,73.39024390243904,73,5,3,12,2,14,6,18,9,14,5,0,0,12,9,1,2,32,14,8,3,42,44,6,1,3,1312,1,0,0,4,28.688316384315854,56.33047210300429,51.5625,51,7.447864945382324,12.5,75.0,35.714285714285715,1.6666666666666667,2,2,13,73.39024390243904
S41G01N259,2022-2023,20230325,306,away,35,9,0,14,7,21,3,23,10,14,3,0,0,9,5,1,0,37,13,10,4,34,46,2,0,8,1318,0,0,0,8,-33.53256617203077,41.50390625,39.189189189189186,33,16.33986928104575,36.8421052631579,55.55555555555556,69.23076923076923,1.125,5,2,6,73.96661608497725,73,5,3,12,2,14,6,18,9,15,6,0,0,12,9,1,2,33,15,8,3,45,45,6,1,3,1318,1,0,0,4,33.53256617203077,58.77742946708464,54.54545454545455,54,7.267441860465116,12.5,75.0,33.333333333333336,1.6666666666666667,5,2,13,73.96661608497725
S41G01N259,2022-2023,20230325,307,away,35,9,0,14,7,21,3,23,10,14,3,0,0,9,5,1,0,37,13,10,4,34,46,2,0,8,1318,0,0,0,8,-33.53256617203077,41.50390625,39.189189189189186,33,16.33986928104575,36.8421052631579,55.55555555555556,69.23076923076923,1.125,5,2,6,73.96661608497725,73,6,3,12,2,14,6,18,9,15,6,0,0,12,9,1,2,33,15,8,3,45,45,6,1,3,1318,1,0,0,4,33.53256617203077,58.77742946708464,54.54545454545455,55,7.267441860465116,12.5,75.0,40.0,2.0,5,2,13,73.96661608497725
S41G01N259,2022-2023,20230325,308,away,35,9,0,14,7,21,3,23,10,14,3,0,0,9,5,1,0,37,13,10,4,34,46,2,0,8,1318,0,0,0,8,-33.53256617203077,41.50390625,39.189189189189186,33,16.33986928104575,36.8421052631579,55.55555555555556,69.23076923076923,1.125,5,2,6,73.96661608497725,73,6,3,12,2,14,6,18,9,15,6,0,0,12,9,1,2,33,15,8,3,45,45,6,1,3,1318,1,0,0,4,33.53256617203077,58.77742946708464,54.54545454545455,55,7.267441860465116,12.5,75.0,40.0,2.0,5,2,13,73.96661608497725
S41G01N259,2022-2023,20230325,309,away,35,9,0,14,7,21,3,23,10,14,3,0,0,9,5,1,0,37,13,10,4,34,46,2,0,9,1328,0,0,0,9,-35.41872892701778,41.50390625,39.189189189189186,32,18.014411529223377,36.8421052631579,55.55555555555556,69.23076923076923,1.0,5,2,6,74.31325301204821,73,6,3,12,2,14,6,18,9,15,6,0,0,12,9,1,2,33,15,8,3,45,45,6,1,3,1328,1,0,0,4,35.41872892701778,58.77742946708464,54.54545454545455,55,7.267441860465116,12.5,75.0,40.0,2.0,5,2,13,74.31325301204821
S41G01N259,2022-2023,20230325,310,away,35,9,0,14,7,21,3,23,10,14,3,0,0,9,5,1,0,37,13,10,4,34,46,2,0,9,1340,0,0,0,9,-32.57458498147973,41.50390625,39.189189189189186,32,18.014411529223377,36.8421052631579,55.55555555555556,69.23076923076923,1.0,5,2,6,74.54328358208956,73,6,3,12,2,14,6,18,9,16,6,0,0,12,9,1,2,34,15,8,3,45,46,6,1,3,1340,1,0,0,4,32.57458498147973,57.28105906313645,52.94117647058823,54,7.095553453169347,12.5,75.0,40.0,2.0,5,2,13,74.54328358208956
S41G01N259,2022-2023,20230325,311,away,35,9,0,15,7,22,3,23,10,14,3,0,0,9,5,1,0,37,13,10,4,34,46,2,0,9,1341,0,0,0,9,-32.57458498147973,41.50390625,39.189189189189186,33,18.014411529223377,36.8421052631579,55.55555555555556,69.23076923076923,1.0,5,2,6,74.48769574944072,73,6,3,12,2,14,6,18,9,16,6,0,0,12,9,1,2,34,15,8,3,45,46,6,1,3,1341,1,0,0,4,32.57458498147973,57.28105906313645,52.94117647058823,54,7.095553453169347,11.764705882352942,75.0,40.0,2.0,5,2,13,74.48769574944072
S41G01N259,2022-2023,20230325,312,away,35,9,0,15,7,22,3,24,11,14,3,0,0,9,5,1,0,38,14,10,4,36,47,2,0,9,1358,0,0,0,9,-29.82534451740456,42.89799809342231,40.78947368421053,35,17.660910518053374,36.8421052631579,55.55555555555556,64.28571428571429,1.0,2,2,6,74.43888070692195,73,6,3,12,2,14,6,18,9,16,6,0,0,12,9,1,2,34,15,8,3,45,46,6,1,3,1358,1,0,0,4,29.82534451740456,57.28105906313645,52.94117647058823,54,7.095553453169347,11.764705882352942,75.0,40.0,2.0,2,2,13,74.43888070692195
S41G01N259,2022-2023,20230325,313,away,35,9,0,15,7,22,3,24,11,14,3,0,0,9,5,1,0,38,14,10,4,36,47,2,0,9,1378,0,0,0,9,-27.118998243646445,42.89799809342231,40.78947368421053,35,17.660910518053374,36.8421052631579,55.55555555555556,64.28571428571429,1.0,2,2,6,74.22931785195937,73,6,3,12,2,14,6,18,9,17,6,0,0,12,9,1,2,35,15,8,3,45,47,6,1,3,1378,1,0,0,4,27.118998243646445,55.85898709036743,51.42857142857143,53,6.931608133086876,11.764705882352942,75.0,40.0,2.0,2,2,13,74.22931785195937
S41G01N259,2022-2023,20230325,314,away,35,9,0,15,7,22,3,24,11,14,3,0,0,9,5,1,0,38,14,10,4,36,47,2,0,9,1380,0,0,0,9,-29.82534451740456,42.89799809342231,40.78947368421053,35,17.660910518053374,36.8421052631579,55.55555555555556,64.28571428571429,1.0,2,2,6,73.25217391304348,73,6,3,12,3,15,6,18,9,17,6,0,0,12,9,1,2,35,15,8,3,45,47,6,1,3,1380,1,0,0,4,29.82534451740456,55.85898709036743,51.42857142857143,54,6.931608133086876,16.666666666666668,75.0,40.0,2.0,2,2,13,73.25217391304348
S41G01N259,2022-2023,20230325,315,away,35,9,0,15,7,22,3,24,11,14,3,0,0,9,5,1,0,38,14,10,4,36,47,2,0,9,1392,0,0,0,9,-27.118998243646445,42.89799809342231,40.78947368421053,35,17.660910518053374,36.8421052631579,55.55555555555556,64.28571428571429,1.0,2,2,6,73.48275862068967,73,6,3,12,3,15,6,18,9,18,6,0,0,12,9,1,2,36,15,8,3,45,48,6,1,3,1392,1,0,0,4,27.118998243646445,54.50581395348837,50.0,53,6.775067750677507,16.666666666666668,75.0,40.0,2.0,2,2,13,73.48275862068967
S41G01N259,2022-2023,20230325,316,away,35,9,0,16,7,23,3,24,11,14,3,0,0,9,5,1,0,38,14,10,4,36,47,2,0,9,1393,0,0,0,9,-27.118998243646445,42.89799809342231,40.78947368421053,36,17.660910518053374,36.8421052631579,55.55555555555556,64.28571428571429,1.0,2,2,6,73.43000717875091,73,6,3,12,3,15,6,18,9,18,6,0,0,12,9,1,2,36,15,8,3,45,48,6,1,3,1393,1,0,0,4,27.118998243646445,54.50581395348837,50.0,53,6.775067750677507,15.789473684210526,75.0,40.0,2.0,2,2,13,73.43000717875091
S41G01N259,2022-2023,20230325,317,away,35,9,0,16,7,23,3,24,11,15,4,0,0,9,5,1,0,39,15,10,4,39,48,2,0,9,1401,0,0,0,9,-22.267855664983855,45.391061452513966,43.58974358974359,39,17.321016166281755,36.8421052631579,55.55555555555556,60.0,1.0,5,2,6,73.86723768736617,73,6,3,12,3,15,6,18,9,18,6,0,0,12,9,1,2,36,15,8,3,45,48,6,1,3,1401,1,0,0,4,22.267855664983855,54.50581395348837,50.0,53,6.775067750677507,15.789473684210526,75.0,40.0,2.0,5,2,13,73.86723768736617
S41G01N259,2022-2023,20230325,318,away,35,10,0,16,7,23,3,24,11,15,4,0,0,9,5,1,0,39,15,10,4,39,48,2,0,9,1401,0,0,0,9,-22.267855664983855,45.391061452513966,43.58974358974359,40,17.321016166281755,36.8421052631579,55.55555555555556,66.66666666666667,1.1111111111111112,5,2,6,73.86723768736617,73,6,3,12,3,15,6,18,9,18,6,0,0,12,9,1,2,36,15,8,3,45,48,6,1,3,1401,1,0,0,4,22.267855664983855,54.50581395348837,50.0,53,6.775067750677507,15.789473684210526,75.0,40.0,2.0,5,2,13,73.86723768736617
S41G01N259,2022-2023,20230325,319,away,35,10,0,16,7,23,3,24,11,15,4,0,0,9,5,1,0,39,15,11,5,39,48,2,0,9,1424,0,0,0,9,-22.267855664983855,45.391061452513966,43.58974358974359,40,17.321016166281755,36.8421052631579,55.55555555555556,66.66666666666667,1.1111111111111112,5,2,6,72.67415730337079,73,6,3,12,3,15,6,18,9,18,6,0,0,12,9,1,2,36,15,8,3,45,48,6,1,3,1424,1,0,0,4,22.267855664983855,54.50581395348837,50.0,53,6.775067750677507,15.789473684210526,75.0,40.0,2.0,5,2,13,72.67415730337079
S41G01N259,2022-2023,20230325,320,away,35,10,0,16,7,23,3,24,11,15,4,0,0,9,5,1,0,39,15,11,5,39,48,2,0,9,1424,0,0,0,9,-22.267855664983855,45.391061452513966,43.58974358974359,40,17.321016166281755,36.8421052631579,55.55555555555556,66.66666666666667,1.1111111111111112,5,2,6,72.67415730337079,73,6,3,12,3,15,6,18,9,18,6,0,0,12,9,1,2,36,15,8,3,45,48,6,1,3,1424,1,0,0,4,22.267855664983855,54.50581395348837,50.0,53,6.775067750677507,15.789473684210526,75.0,40.0,2.0,5,2,13,72.67415730337079
S41G01N259,2022-2023,20230325,321,away,35,10,0,16,7,23,3,24,11,15,4,0,0,9,5,1,0,39,15,11,5,39,48,2,0,9,1424,0,0,0,9,-22.267855664983855,45.391061452513966,43.58974358974359,40,17.321016166281755,36.8421052631579,55.55555555555556,66.66666666666667,1.1111111111111112,5,2,6,72.67415730337079,73,6,3,12,3,15,6,18,9,18,6,0,0,12,9,1,2,36,15,8,3,45,48,6,1,3,1424,1,0,0,4,22.267855664983855,54.50581395348837,50.0,53,6.775067750677507,15.789473684210526,75.0,40.0,2.0,5,2,13,72.67415730337079
S41G01N259,2022-2023,20230325,322,away,35,10,0,16,7,23,3,24,11,15,4,0,0,9,5,1,0,39,15,11,5,39,48,2,0,9,1424,0,0,0,9,-22.267855664983855,45.391061452513966,43.58974358974359,40,17.321016166281755,36.8421052631579,55.55555555555556,66.66666666666667,1.1111111111111112,5,2,6,72.67415730337079,73,6,3,12,3,15,6,18,9,18,6,0,0,12,9,1,2,36,15,8,3,45,48,6,1,3,1424,1,0,0,4,22.267855664983855,54.50581395348837,50.0,53,6.775067750677507,15.789473684210526,75.0,40.0,2.0,5,2,13,72.67415730337079
S41G01N259,2022-2023,20230325,323,away,35,10,0,16,7,23,3,24,11,15,4,0,0,9,5,1,0,39,15,11,5,39,48,2,0,9,1424,0,0,0,9,-22.267855664983855,45.391061452513966,43.58974358974359,40,17.321016166281755,36.8421052631579,55.55555555555556,66.66666666666667,1.1111111111111112,5,2,6,72.67415730337079,73,6,3,12,3,15,6,18,9,18,6,0,0,12,9,1,2,36,15,8,3,45,48,6,1,3,1424,1,0,0,4,22.267855664983855,54.50581395348837,50.0,53,6.775067750677507,15.789473684210526,75.0,40.0,2.0,5,2,13,72.67415730337079
S41G01N259,2022-2023,20230325,324,away,35,10,0,16,7,23,3,24,11,15,4,0,0,9,5,1,0,39,15,11,5,39,48,2,0,9,1424,0,0,0,9,-22.267855664983855,45.391061452513966,43.58974358974359,40,17.321016166281755,36.8421052631579,55.55555555555556,66.66666666666667,1.1111111111111112,5,2,6,72.67415730337079,73,6,3,12,3,15,6,18,9,18,6,0,0,12,9,1,2,36,15,8,3,45,48,6,1,3,1424,1,0,0,4,22.267855664983855,54.50581395348837,50.0,53,6.775067750677507,15.789473684210526,75.0,40.0,2.0,5,2,13,72.67415730337079
S41G01N259,2022-2023,20230325,325,away,35,10,0,16,7,23,3,24,11,15,4,0,0,9,5,1,0,39,15,11,5,39,48,2,0,9,1435,0,0,0,9,-19.689529555547324,45.391061452513966,43.58974358974359,40,17.321016166281755,36.8421052631579,55.55555555555556,66.66666666666667,1.1111111111111112,5,2,6,72.95331010452962,73,6,3,12,3,15,6,19,9,18,6,0,0,12,9,1,2,37,15,8,3,45,49,6,1,3,1435,1,0,0,4,19.689529555547324,53.216650898770105,48.648648648648646,52,6.625441696113074,15.789473684210526,75.0,40.0,2.0,5,2,13,72.95331010452962
S41G01N259,2022-2023,20230325,326,away,35,10,0,17,7,24,3,24,11,15,4,0,0,9,5,1,0,39,15,11,5,39,48,2,0,9,1436,0,0,0,9,-19.689529555547324,45.391061452513966,43.58974358974359,41,17.321016166281755,36.8421052631579,55.55555555555556,66.66666666666667,1.1111111111111112,5,2,6,72.90250696378831,73,6,3,12,3,15,6,19,9,18,6,0,0,12,9,1,2,37,15,8,3,45,49,6,1,3,1436,1,0,0,4,19.689529555547324,53.216650898770105,48.648648648648646,52,6.625441696113074,15.0,75.0,40.0,2.0,5,2,13,72.90250696378831
S41G01N259,2022-2023,20230325,327,away,35,10,0,17,7,24,3,25,11,15,4,0,0,9,5,1,0,40,15,11,5,39,49,2,0,9,1453,0,0,0,9,-21.576904930699484,44.35850773430391,42.5,40,16.993957703927492,36.8421052631579,55.55555555555556,66.66666666666667,1.1111111111111112,5,2,6,72.87543014452856,73,6,3,12,3,15,6,19,9,18,6,0,0,12,9,1,2,37,15,8,3,45,49,6,1,3,1453,1,0,0,4,21.576904930699484,53.216650898770105,48.648648648648646,52,6.625441696113074,15.0,75.0,40.0,2.0,5,2,13,72.87543014452856
S41G01N259,2022-2023,20230325,328,away,35,10,0,17,8,25,3,25,11,15,4,0,0,9,5,1,0,40,15,11,5,39,49,2,0,9,1454,0,0,0,9,-19.689529555547324,44.35850773430391,42.5,41,16.993957703927492,40.0,55.55555555555556,66.66666666666667,1.1111111111111112,5,2,6,72.00000000000001,73,6,3,12,3,15,6,19,9,18,6,0,0,12,9,1,2,37,15,8,3,45,49,6,1,3,1454,1,0,0,4,19.689529555547324,53.216650898770105,48.648648648648646,52,6.625441696113074,15.0,75.0,40.0,2.0,5,2,13,72.00000000000001
S41G01N259,2022-2023,20230325,329,away,35,10,0,17,8,25,3,25,11,15,4,0,0,9,5,1,0,40,15,11,5,39,49,2,0,9,1454,0,0,0,9,-19.689529555547324,44.35850773430391,42.5,41,16.993957703927492,40.0,55.55555555555556,66.66666666666667,1.1111111111111112,5,2,6,72.00000000000001,73,6,3,12,3,15,6,19,9,18,6,0,0,12,9,1,2,37,15,9,4,45,49,6,1,3,1454,1,0,0,4,19.689529555547324,53.216650898770105,48.648648648648646,52,6.625441696113074,15.0,75.0,40.0,2.0,5,2,13,72.00000000000001
S41G01N259,2022-2023,20230325,330,away,35,10,0,17,8,25,3,25,11,15,4,0,0,9,5,1,0,40,15,11,5,39,49,2,0,9,1454,0,0,0,9,-19.689529555547324,44.35850773430391,42.5,41,16.993957703927492,40.0,55.55555555555556,66.66666666666667,1.1111111111111112,5,2,6,72.00000000000001,73,6,3,12,3,15,6,19,9,18,6,0,0,12,9,1,2,37,15,9,4,45,49,6,1,3,1454,1,0,0,4,19.689529555547324,53.216650898770105,48.648648648648646,52,6.625441696113074,15.0,75.0,40.0,2.0,5,2,13,72.00000000000001
S41G01N259,2022-2023,20230325,331,away,35,10,0,17,8,25,3,25,11,15,4,0,0,9,5,1,0,40,15,11,5,39,49,2,0,9,1460,0,0,0,9,-19.689529555547324,44.35850773430391,42.5,41,16.993957703927492,40.0,55.55555555555556,66.66666666666667,1.1111111111111112,5,2,6,71.7041095890411,73,6,3,12,3,15,6,19,9,18,6,0,0,12,9,1,2,37,15,10,4,45,49,6,1,3,1460,1,0,0,4,19.689529555547324,53.216650898770105,48.648648648648646,52,6.625441696113074,15.0,75.0,40.0,2.0,5,2,13,71.7041095890411
S41G01N259,2022-2023,20230325,332,away,35,10,0,17,8,25,3,25,11,15,4,0,0,9,5,1,0,40,15,11,5,39,49,2,0,9,1460,0,0,0,9,-19.689529555547324,44.35850773430391,42.5,41,16.993957703927492,40.0,55.55555555555556,66.66666666666667,1.1111111111111112,5,2,6,71.7041095890411,73,6,3,12,3,15,6,19,9,18,6,0,0,12,9,1,2,37,15,10,4,45,49,6,1,3,1460,1,0,0,4,19.689529555547324,53.216650898770105,48.648648648648646,52,6.625441696113074,15.0,75.0,40.0,2.0,5,2,13,71.7041095890411
S41G01N259,2022-2023,20230325,333,away,35,10,0,17,8,25,3,25,11,15,4,0,0,9,5,1,0,40,15,11,5,39,49,2,0,9,1460,0,0,0,9,-19.689529555547324,44.35850773430391,42.5,41,16.993957703927492,40.0,55.55555555555556,66.66666666666667,1.1111111111111112,5,2,6,71.7041095890411,73,6,3,12,3,15,6,19,9,18,6,0,0,12,9,1,2,37,15,10,4,45,49,6,1,3,1460,1,0,0,4,19.689529555547324,53.216650898770105,48.648648648648646,52,6.625441696113074,15.0,75.0,40.0,2.0,5,2,13,71.7041095890411
S41G01N259,2022-2023,20230325,334,away,35,10,0,17,8,25,3,25,11,15,4,0,0,9,5,1,0,40,15,11,5,39,49,2,0,9,1460,0,0,0,9,-19.689529555547324,44.35850773430391,42.5,41,16.993957703927492,40.0,55.55555555555556,66.66666666666667,1.1111111111111112,5,2,6,71.7041095890411,73,6,3,12,3,15,6,19,9,18,6,0,0,12,9,1,2,37,15,10,4,45,49,6,1,3,1460,1,0,0,4,19.689529555547324,53.216650898770105,48.648648648648646,52,6.625441696113074,15.0,75.0,40.0,2.0,5,2,13,71.7041095890411
S41G01N259,2022-2023,20230325,335,away,35,10,0,17,8,25,3,25,11,15,4,0,0,10,6,1,0,40,15,11,5,40,50,2,0,9,1460,0,0,0,9,-18.327574925293504,45.04504504504504,42.5,42,16.853932584269664,40.0,60.0,66.66666666666667,1.1111111111111112,6,2,6,72.06575342465753,73,6,3,12,3,15,6,19,9,18,6,0,0,12,9,1,2,37,15,10,4,45,49,6,1,3,1460,1,0,0,4,18.327574925293504,53.216650898770105,48.648648648648646,52,6.625441696113074,15.0,75.0,40.0,2.0,6,2,13,72.06575342465753
S41G01N259,2022-2023,20230325,336,away,35,10,0,17,8,25,3,25,11,15,4,0,0,11,7,1,0,40,15,11,5,41,51,2,0,9,1460,0,0,0,9,-16.99176602092591,45.718108831400535,42.5,43,16.716196136701335,40.0,63.63636363636363,66.66666666666667,1.1111111111111112,7,2,6,72.42739726027398,73,6,3,12,3,15,6,19,9,18,6,0,0,12,9,1,2,37,15,10,4,45,49,6,1,3,1460,1,0,0,4,16.99176602092591,53.216650898770105,48.648648648648646,52,6.625441696113074,15.0,75.0,40.0,2.0,7,2,13,72.42739726027398
S41G01N259,2022-2023,20230325,337,away,35,10,0,17,8,25,3,25,11,15,4,0,0,11,7,1,0,40,15,12,5,41,51,2,0,9,1470,0,0,0,9,-16.99176602092591,45.718108831400535,42.5,43,16.716196136701335,40.0,63.63636363636363,66.66666666666667,1.1111111111111112,7,2,6,71.93469387755103,73,6,3,12,3,15,6,19,9,18,6,0,0,12,9,1,2,37,15,10,4,45,49,6,1,3,1470,1,0,0,4,16.99176602092591,53.216650898770105,48.648648648648646,52,6.625441696113074,15.0,75.0,40.0,2.0,7,2,13,71.93469387755103
S41G01N259,2022-2023,20230325,338,away,35,10,0,17,8,25,3,25,11,15,4,0,0,11,7,1,0,40,15,12,5,41,51,2,0,9,1470,0,0,0,9,-16.99176602092591,45.718108831400535,42.5,43,16.716196136701335,40.0,63.63636363636363,66.66666666666667,1.1111111111111112,7,2,6,71.93469387755103,73,6,3,12,3,15,6,19,9,18,6,0,0,12,9,1,2,37,15,10,4,45,49,6,1,3,1470,1,0,0,4,16.99176602092591,53.216650898770105,48.648648648648646,52,6.625441696113074,15.0,75.0,40.0,2.0,7,2,13,71.93469387755103
S41G01N259,2022-2023,20230325,339,away,35,10,0,17,8,25,3,25,11,15,4,0,0,11,7,1,0,40,15,12,5,41,51,2,0,9,1470,0,0,0,9,-16.99176602092591,45.718108831400535,42.5,43,16.716196136701335,40.0,63.63636363636363,66.66666666666667,1.1111111111111112,7,2,6,71.93469387755103,73,7,3,12,3,15,6,19,9,18,6,0,0,12,9,1,2,37,15,10,4,45,49,6,1,3,1470,1,0,0,4,16.99176602092591,53.216650898770105,48.648648648648646,53,6.625441696113074,15.0,75.0,46.666666666666664,2.3333333333333335,7,2,13,71.93469387755103
S41G01N259,2022-2023,20230325,340,away,35,10,0,17,8,25,3,25,11,15,4,0,0,11,7,1,0,40,15,12,5,41,51,2,0,9,1470,0,0,0,9,-15.8955428750711,45.718108831400535,42.5,43,16.716196136701335,40.0,63.63636363636363,66.66666666666667,1.1111111111111112,7,2,6,72.29387755102042,73,7,3,12,3,15,6,19,9,18,6,0,0,13,9,1,2,37,15,10,4,45,50,6,1,3,1470,1,0,0,4,15.8955428750711,52.6685393258427,48.648648648648646,52,6.561679790026247,15.0,69.23076923076923,46.666666666666664,2.3333333333333335,7,2,13,72.29387755102042
S41G01N259,2022-2023,20230325,341,away,35,10,0,17,8,25,3,25,11,15,4,0,0,11,7,1,0,40,15,12,5,41,51,2,0,9,1471,0,0,0,9,-17.138631044516387,45.718108831400535,42.5,43,16.716196136701335,40.0,63.63636363636363,66.66666666666667,1.1111111111111112,1,2,6,72.6036709721278,73,7,3,12,3,15,6,19,9,18,6,0,0,14,10,1,2,37,15,10,4,46,51,6,1,3,1471,1,0,0,4,17.138631044516387,53.290083410565344,48.648648648648646,53,6.499133448873484,15.0,71.42857142857143,46.666666666666664,2.3333333333333335,1,2,13,72.6036709721278
S41G01N259,2022-2023,20230325,342,away,35,10,0,17,8,25,3,26,11,15,4,0,0,11,7,1,0,41,15,12,5,41,52,2,0,9,1489,0,0,0,9,-19.048142909943678,44.72076788830715,41.46341463414634,42,16.411378555798684,40.0,63.63636363636363,66.66666666666667,1.1111111111111112,1,2,6,72.53190060443251,73,7,3,12,3,15,6,19,9,18,6,0,0,14,10,1,2,37,15,10,4,46,51,6,1,3,1489,1,0,0,4,19.048142909943678,53.290083410565344,48.648648648648646,53,6.499133448873484,15.0,71.42857142857143,46.666666666666664,2.3333333333333335,1,2,13,72.53190060443251
S41G01N259,2022-2023,20230325,343,away,35,10,0,17,8,25,3,26,11,15,4,0,0,11,7,1,0,41,15,12,5,41,52,2,0,9,1491,0,0,0,9,-19.048142909943678,44.72076788830715,41.46341463414634,42,16.411378555798684,38.095238095238095,63.63636363636363,66.66666666666667,1.1111111111111112,1,2,6,72.43460764587526,73,7,3,13,3,16,6,19,9,18,6,0,0,14,10,1,2,37,15,10,4,46,51,6,1,3,1491,1,0,0,4,19.048142909943678,53.290083410565344,48.648648648648646,54,6.499133448873484,15.0,71.42857142857143,46.666666666666664,2.3333333333333335,1,2,13,72.43460764587526
S41G01N259,2022-2023,20230325,344,away,35,10,0,17,8,25,3,26,11,15,4,0,0,11,7,1,0,41,15,12,5,41,52,2,0,9,1500,0,0,0,9,-21.163628262726036,44.72076788830715,41.46341463414634,42,16.411378555798684,38.095238095238095,63.63636363636363,66.66666666666667,1.1111111111111112,3,2,6,72.8,73,7,3,13,3,16,6,20,10,18,6,0,0,14,10,1,2,38,16,10,4,48,52,6,1,3,1500,1,0,0,4,21.163628262726036,54.34782608695652,50.0,56,6.361323155216286,15.0,71.42857142857143,43.75,2.3333333333333335,3,2,13,72.8
S41G01N259,2022-2023,20230325,345,away,35,10,0,17,8,25,3,26,11,15,4,0,0,11,7,1,0,41,15,12,5,41,52,2,0,9,1500,0,0,0,9,-21.163628262726036,44.72076788830715,41.46341463414634,42,16.411378555798684,38.095238095238095,63.63636363636363,66.66666666666667,1.1111111111111112,3,2,6,72.8,73,8,3,13,3,16,6,20,10,18,6,0,0,14,10,1,2,38,16,10,4,48,52,6,1,3,1500,1,0,0,4,21.163628262726036,54.34782608695652,50.0,57,6.361323155216286,15.0,71.42857142857143,50.0,2.6666666666666665,3,2,13,72.8
S41G01N259,2022-2023,20230325,346,away,35,10,0,17,8,25,3,27,12,15,4,0,0,11,7,1,0,42,16,12,5,43,53,2,0,9,1514,0,0,0,9,-18.81270903010035,45.90093936806148,42.857142857142854,44,16.11747851002865,38.095238095238095,63.63636363636363,62.5,1.1111111111111112,2,2,6,72.91941875825627,73,8,3,13,3,16,6,20,10,18,6,0,0,14,10,1,2,38,16,10,4,48,52,6,1,3,1514,1,0,0,4,18.81270903010035,54.34782608695652,50.0,57,6.361323155216286,15.0,71.42857142857143,50.0,2.6666666666666665,2,2,13,72.91941875825627
S41G01N259,2022-2023,20230325,347,away,35,10,0,17,8,25,3,27,12,15,4,0,0,11,7,1,0,42,16,12,5,43,53,2,0,9,1535,0,0,0,9,-20.834505926160745,45.90093936806148,42.857142857142854,44,16.11747851002865,38.095238095238095,63.63636363636363,62.5,1.1111111111111112,2,2,6,72.70358306188925,73,8,3,13,3,16,6,21,11,18,6,0,0,14,10,1,2,39,17,10,4,50,53,6,1,3,1535,1,0,0,4,20.834505926160745,55.35872453498672,51.282051282051285,59,6.229235880398671,15.0,71.42857142857143,47.05882352941177,2.6666666666666665,2,2,13,72.70358306188925
S41G01N259,2022-2023,20230325,348,away,35,10,0,17,8,25,3,28,13,15,4,0,0,11,7,1,0,43,17,12,5,45,54,2,0,9,1554,0,0,0,9,-18.579856932381304,47.031772575250834,44.18604651162791,46,15.833919774806473,38.095238095238095,63.63636363636363,58.8235294117647,1.1111111111111112,2,2,6,72.58687258687259,73,8,3,13,3,16,6,21,11,18,6,0,0,14,10,1,2,39,17,10,4,50,53,6,1,3,1554,1,0,0,4,18.579856932381304,55.35872453498672,51.282051282051285,59,6.229235880398671,15.0,71.42857142857143,47.05882352941177,2.6666666666666665,2,2,13,72.58687258687259
S41G01N259,2022-2023,20230325,349,away,35,10,0,17,8,25,3,28,13,15,4,0,0,11,7,1,0,43,17,12,5,45,54,2,0,9,1573,0,0,0,9,-22.680432125839417,47.031772575250834,44.18604651162791,46,15.833919774806473,38.095238095238095,63.63636363636363,58.8235294117647,1.1111111111111112,3,2,6,72.47298156389066,73,8,3,13,3,16,6,21,11,19,7,0,0,14,10,1,2,40,18,10,4,53,54,6,1,3,1573,1,0,0,4,22.680432125839417,57.40901213171578,53.75,62,6.102522375915378,15.0,71.42857142857143,44.44444444444444,2.6666666666666665,3,2,13,72.47298156389066
S41G01N259,2022-2023,20230325,350,away,35,10,0,17,8,25,3,28,13,15,4,0,0,11,7,1,0,43,17,12,5,45,54,2,0,9,1591,0,0,0,9,-22.680432125839417,47.031772575250834,44.18604651162791,46,15.833919774806473,38.095238095238095,63.63636363636363,58.8235294117647,1.1111111111111112,3,2,6,71.65304839723444,73,8,3,13,3,16,6,21,11,19,7,0,0,14,10,1,2,40,18,11,5,53,54,6,1,3,1591,1,0,0,4,22.680432125839417,57.40901213171578,53.75,62,6.102522375915378,15.0,71.42857142857143,44.44444444444444,2.6666666666666665,3,2,13,71.65304839723444
S41G01N259,2022-2023,20230325,351,away,35,10,0,17,8,25,3,28,13,15,4,0,0,11,7,1,0,43,17,12,5,45,54,2,0,9,1591,0,0,0,9,-22.680432125839417,47.031772575250834,44.18604651162791,46,15.833919774806473,38.095238095238095,63.63636363636363,58.8235294117647,1.1111111111111112,3,2,6,71.65304839723444,73,8,3,13,3,16,6,21,11,19,7,0,0,14,10,1,2,40,18,11,5,53,54,6,1,3,1591,1,0,0,4,22.680432125839417,57.40901213171578,53.75,62,6.102522375915378,15.0,71.42857142857143,44.44444444444444,2.6666666666666665,3,2,13,71.65304839723444
S41G01N259,2022-2023,20230325,352,away,35,10,0,17,8,25,3,28,13,15,4,0,0,11,7,1,0,43,17,12,5,45,54,2,0,9,1591,0,0,0,9,-22.680432125839417,47.031772575250834,44.18604651162791,46,15.833919774806473,38.095238095238095,63.63636363636363,58.8235294117647,1.1111111111111112,3,2,6,71.65304839723444,73,8,3,13,3,16,6,21,11,19,7,0,0,14,10,1,2,40,18,11,5,53,54,6,1,3,1591,1,0,0,4,22.680432125839417,57.40901213171578,53.75,62,6.102522375915378,15.0,71.42857142857143,44.44444444444444,2.6666666666666665,3,2,13,71.65304839723444
S41G01N259,2022-2023,20230325,353,away,35,10,0,17,8,25,3,28,13,15,4,0,0,11,7,1,0,43,17,12,5,45,54,2,0,9,1591,0,0,0,9,-22.680432125839417,47.031772575250834,44.18604651162791,46,15.833919774806473,38.095238095238095,63.63636363636363,58.8235294117647,1.1111111111111112,3,2,6,71.65304839723444,73,8,3,13,3,16,6,21,11,19,7,0,0,14,10,1,2,40,18,11,5,53,54,6,1,3,1591,1,0,0,4,22.680432125839417,57.40901213171578,53.75,62,6.102522375915378,15.0,71.42857142857143,44.44444444444444,2.6666666666666665,3,2,13,71.65304839723444
S41G01N259,2022-2023,20230325,354,away,35,10,0,17,8,25,3,28,13,15,4,0,0,11,7,1,0,43,17,12,5,45,54,2,0,9,1591,0,0,0,9,-22.680432125839417,47.031772575250834,44.18604651162791,46,15.833919774806473,38.095238095238095,63.63636363636363,58.8235294117647,1.1111111111111112,3,2,6,71.65304839723444,73,8,3,13,3,16,6,21,11,19,7,0,0,14,10,1,2,40,18,11,5,53,54,6,1,3,1591,1,0,0,4,22.680432125839417,57.40901213171578,53.75,62,6.102522375915378,15.0,71.42857142857143,44.44444444444444,2.6666666666666665,3,2,13,71.65304839723444
S41G01N259,2022-2023,20230325,355,away,35,10,0,17,8,25,3,28,13,15,4,0,0,11,7,1,0,43,17,12,5,45,54,2,0,9,1591,0,0,0,9,-22.680432125839417,47.031772575250834,44.18604651162791,46,15.833919774806473,38.095238095238095,63.63636363636363,58.8235294117647,1.1111111111111112,3,2,6,71.65304839723444,73,8,3,13,3,16,6,21,11,19,7,0,0,14,10,1,2,40,18,11,5,53,54,6,1,3,1591,1,0,0,4,22.680432125839417,57.40901213171578,53.75,62,6.102522375915378,15.0,71.42857142857143,44.44444444444444,2.6666666666666665,3,2,13,71.65304839723444
S41G01N259,2022-2023,20230325,356,away,35,10,0,17,8,25,3,28,13,16,4,0,0,11,7,1,0,44,17,12,5,45,55,2,0,9,1598,0,0,0,9,-24.529099704844086,46.06879606879607,43.18181818181818,45,15.560165975103734,38.095238095238095,63.63636363636363,58.8235294117647,1.1111111111111112,3,2,6,72.090112640801,73,8,3,13,3,16,6,21,11,19,7,0,0,14,10,1,2,40,18,11,5,53,54,6,1,3,1598,1,0,0,4,24.529099704844086,57.40901213171578,53.75,62,6.102522375915378,15.0,71.42857142857143,44.44444444444444,2.6666666666666665,3,2,13,72.090112640801
S41G01N259,2022-2023,20230325,357,away,35,10,0,17,9,26,3,28,13,16,4,0,0,11,7,1,0,44,17,12,5,45,55,2,0,9,1600,0,0,0,9,-22.680432125839417,46.06879606879607,43.18181818181818,46,15.560165975103734,40.90909090909091,63.63636363636363,58.8235294117647,1.1111111111111112,3,2,6,71.25,73,8,3,13,3,16,6,21,11,19,7,0,0,14,10,1,2,40,18,11,5,53,54,6,1,3,1600,1,0,0,4,22.680432125839417,57.40901213171578,53.75,62,6.102522375915378,15.0,71.42857142857143,44.44444444444444,2.6666666666666665,3,2,13,71.25
S41G01N259,2022-2023,20230325,358,away,35,10,0,17,9,26,3,29,14,16,4,0,0,11,7,1,0,45,18,12,5,47,56,2,0,9,1601,0,0,0,9,-20.516258613351297,47.15088282504013,44.44444444444444,48,15.295717199184228,40.90909090909091,63.63636363636363,55.55555555555556,1.1111111111111112,2,2,6,71.95502810743287,73,8,3,13,3,16,6,21,11,19,7,0,0,14,10,1,2,40,18,11,5,53,54,6,1,3,1601,1,0,0,4,20.516258613351297,57.40901213171578,53.75,62,6.102522375915378,15.0,71.42857142857143,44.44444444444444,2.6666666666666665,2,2,13,71.95502810743287
S41G01N259,2022-2023,20230325,359,away,35,10,0,17,9,26,3,29,14,16,4,0,0,11,7,1,0,45,18,12,5,47,56,2,0,9,1613,0,0,0,9,-18.081610092074115,47.15088282504013,44.44444444444444,48,15.295717199184228,40.90909090909091,63.63636363636363,55.55555555555556,1.1111111111111112,2,2,6,72.16367017978921,73,8,3,13,3,16,6,21,11,19,7,0,0,14,10,1,2,40,18,11,5,53,54,6,1,4,1613,1,0,0,5,18.081610092074115,57.40901213171578,53.75,61,7.974481658692185,15.0,71.42857142857143,44.44444444444444,2.0,2,2,13,72.16367017978921
S41G01N259,2022-2023,20230325,360,away,35,10,0,17,9,26,3,30,14,16,4,0,0,11,7,1,0,46,18,12,5,47,57,2,0,9,1624,0,0,0,9,-19.936483531296787,46.22344610542879,43.47826086956522,47,15.040106951871657,40.90909090909091,63.63636363636363,55.55555555555556,1.1111111111111112,2,2,6,72.41379310344827,73,8,3,13,3,16,6,21,11,19,7,0,0,14,10,1,2,40,18,11,5,53,54,6,1,4,1624,1,0,0,5,19.936483531296787,57.40901213171578,53.75,61,7.974481658692185,15.0,71.42857142857143,44.44444444444444,2.0,2,2,13,72.41379310344827
S41G01N259,2022-2023,20230325,361,away,35,10,0,17,9,26,3,30,14,16,4,0,0,11,7,1,0,46,18,12,5,47,57,2,0,9,1625,0,0,0,9,-19.936483531296787,46.22344610542879,43.47826086956522,47,15.040106951871657,39.130434782608695,63.63636363636363,55.55555555555556,1.1111111111111112,2,2,6,72.36923076923077,73,8,3,14,3,17,6,21,11,19,7,0,0,14,10,1,2,40,18,11,5,53,54,6,1,4,1625,1,0,0,5,19.936483531296787,57.40901213171578,53.75,62,7.974481658692185,15.0,71.42857142857143,44.44444444444444,2.0,2,2,13,72.36923076923077
S41G01N259,2022-2023,20230325,362,away,35,10,0,17,9,26,3,30,14,16,4,0,0,11,7,1,0,46,18,12,5,47,57,2,0,9,1646,0,0,0,9,-17.60294167618561,46.22344610542879,43.47826086956522,47,15.040106951871657,39.130434782608695,63.63636363636363,55.55555555555556,1.1111111111111112,2,2,6,72.17496962332929,73,8,3,14,3,17,6,21,11,20,7,0,0,14,10,1,2,41,18,11,5,53,55,6,1,4,1646,1,0,0,5,17.60294167618561,56.191687871077185,52.4390243902439,61,7.8186082877247856,15.0,71.42857142857143,44.44444444444444,2.0,2,2,13,72.17496962332929
S41G01N259,2022-2023,20230325,363,away,35,10,0,18,9,27,3,30,14,16,4,0,0,11,7,1,0,46,18,12,5,47,57,2,0,9,1647,0,0,0,9,-17.60294167618561,46.22344610542879,43.47826086956522,48,15.040106951871657,39.130434782608695,63.63636363636363,55.55555555555556,1.1111111111111112,2,2,6,72.1311475409836,73,8,3,14,3,17,6,21,11,20,7,0,0,14,10,1,2,41,18,11,5,53,55,6,1,4,1647,1,0,0,5,17.60294167618561,56.191687871077185,52.4390243902439,61,7.8186082877247856,14.285714285714286,71.42857142857143,44.44444444444444,2.0,2,2,13,72.1311475409836
S41G01N259,2022-2023,20230325,364,away,35,10,0,18,9,27,3,31,14,16,4,0,0,11,7,1,0,47,18,12,5,47,58,2,0,9,1662,0,0,0,9,-19.386253640129624,45.331790123456784,42.5531914893617,47,14.792899408284024,39.130434782608695,63.63636363636363,55.55555555555556,1.1111111111111112,2,2,6,72.20216606498195,73,8,3,14,3,17,6,21,11,20,7,0,0,14,10,1,2,41,18,11,5,53,55,6,1,4,1662,1,0,0,5,19.386253640129624,56.191687871077185,52.4390243902439,61,7.8186082877247856,14.285714285714286,71.42857142857143,44.44444444444444,2.0,2,2,13,72.20216606498195
S41G01N259,2022-2023,20230325,365,away,35,10,0,18,9,27,3,31,14,16,4,0,0,11,7,1,0,47,18,12,5,47,58,2,0,9,1663,0,0,0,9,-19.386253640129624,45.331790123456784,42.5531914893617,47,14.792899408284024,37.5,63.63636363636363,55.55555555555556,1.1111111111111112,2,2,6,72.15874924834637,73,8,3,15,3,18,6,21,11,20,7,0,0,14,10,1,2,41,18,11,5,53,55,6,1,4,1663,1,0,0,5,19.386253640129624,56.191687871077185,52.4390243902439,62,7.8186082877247856,14.285714285714286,71.42857142857143,44.44444444444444,2.0,2,2,13,72.15874924834637
S41G01N259,2022-2023,20230325,366,away,35,10,0,18,9,27,3,31,14,16,4,0,0,11,7,1,0,47,18,12,5,47,58,2,0,9,1684,0,0,0,9,-21.21599664486837,45.331790123456784,42.5531914893617,47,14.792899408284024,37.5,63.63636363636363,55.55555555555556,1.1111111111111112,2,2,6,71.97149643705464,73,8,3,15,3,18,6,22,12,20,7,0,0,14,10,1,2,42,19,11,5,55,56,6,1,4,1684,1,0,0,5,21.21599664486837,57.10132890365449,53.57142857142857,64,7.668711656441718,14.285714285714286,71.42857142857143,42.10526315789474,2.0,2,2,13,71.97149643705464
S41G01N259,2022-2023,20230325,367,away,35,10,0,18,9,27,3,32,15,16,4,0,0,11,7,1,0,48,19,12,5,49,59,2,0,9,1695,0,0,0,9,-19.14679869344735,46.36638909916729,43.75,49,14.553686934023284,37.5,63.63636363636363,52.63157894736842,1.1111111111111112,2,2,6,72.21238938053098,73,8,3,15,3,18,6,22,12,20,7,0,0,14,10,1,2,42,19,11,5,55,56,6,1,4,1695,1,0,0,5,19.14679869344735,57.10132890365449,53.57142857142857,64,7.668711656441718,14.285714285714286,71.42857142857143,42.10526315789474,2.0,2,2,13,72.21238938053098
S41G01N259,2022-2023,20230325,368,away,35,11,0,18,9,27,3,32,15,16,4,0,0,11,7,1,0,48,19,12,5,49,59,2,0,9,1695,0,0,0,9,-19.14679869344735,46.36638909916729,43.75,50,14.553686934023284,37.5,63.63636363636363,57.89473684210526,1.2222222222222223,2,2,6,72.21238938053098,73,8,3,15,3,18,6,22,12,20,7,0,0,14,10,1,2,42,19,11,5,55,56,6,1,4,1695,1,0,0,5,19.14679869344735,57.10132890365449,53.57142857142857,64,7.668711656441718,14.285714285714286,71.42857142857143,42.10526315789474,2.0,2,2,13,72.21238938053098
S41G01N259,2022-2023,20230325,369,away,35,11,0,18,9,27,3,32,15,16,4,0,0,11,7,1,0,48,19,12,5,49,59,2,0,9,1715,0,0,0,9,-20.903585438029054,46.36638909916729,43.75,50,14.553686934023284,37.5,63.63636363636363,57.89473684210526,1.2222222222222223,2,2,6,72.06997084548105,73,8,3,15,3,18,6,23,13,20,7,0,0,14,10,1,2,43,20,11,5,57,57,6,1,4,1715,1,0,0,5,20.903585438029054,57.9739625711961,54.651162790697676,66,7.524454477050415,14.285714285714286,71.42857142857143,40.0,2.0,2,2,13,72.06997084548105
S41G01N259,2022-2023,20230325,370,away,35,11,0,18,9,27,3,32,15,16,4,0,0,11,7,1,0,48,19,12,5,49,59,2,0,10,1731,0,0,0,10,-22.625962447656363,46.36638909916729,43.75,49,15.913430935709739,37.5,63.63636363636363,57.89473684210526,1.1,2,2,6,72.09705372616985,73,8,3,15,3,18,6,23,13,20,7,0,0,14,10,1,2,43,20,11,5,57,57,6,1,4,1731,1,0,0,5,22.625962447656363,57.9739625711961,54.651162790697676,66,7.524454477050415,14.285714285714286,71.42857142857143,40.0,2.0,2,2,13,72.09705372616985
S41G01N259,2022-2023,20230325,371,away,35,11,0,18,9,27,3,32,15,16,4,0,0,11,7,1,0,48,19,12,5,49,59,2,0,10,1732,0,0,0,10,-22.625962447656363,46.36638909916729,43.75,49,15.913430935709739,37.5,63.63636363636363,57.89473684210526,1.1,2,2,6,72.0554272517321,73,8,3,15,3,18,6,23,13,20,7,0,0,14,10,1,2,43,20,11,5,57,57,7,1,4,1732,1,0,0,5,22.625962447656363,57.9739625711961,54.651162790697676,67,7.524454477050415,14.285714285714286,71.42857142857143,40.0,2.0,2,2,13,72.0554272517321
S41G01N259,2022-2023,20230325,372,away,35,11,0,18,9,27,3,32,15,16,4,0,0,11,7,1,0,48,19,12,5,49,59,2,0,10,1734,0,0,0,10,-24.314071055233313,46.36638909916729,43.75,49,15.913430935709739,37.5,63.63636363636363,57.89473684210526,1.1,4,2,6,72.66435986159169,73,8,3,15,3,18,6,24,14,20,7,0,0,14,10,1,2,44,21,11,5,59,58,7,1,4,1734,1,0,0,5,24.314071055233313,58.811802232854866,55.68181818181818,69,7.385524372230429,14.285714285714286,71.42857142857143,38.095238095238095,2.0,4,2,13,72.66435986159169
S41G01N259,2022-2023,20230325,373,away,35,11,0,18,9,27,3,32,15,16,4,0,0,11,7,1,0,48,19,12,5,49,59,2,0,10,1734,0,0,0,10,-24.314071055233313,46.36638909916729,43.75,49,15.913430935709739,37.5,63.63636363636363,57.89473684210526,1.1,4,2,6,72.66435986159169,73,9,3,15,3,18,6,24,14,20,7,0,0,14,10,1,2,44,21,11,5,59,58,7,1,4,1734,1,0,0,5,24.314071055233313,58.811802232854866,55.68181818181818,70,7.385524372230429,14.285714285714286,71.42857142857143,42.857142857142854,2.25,4,2,13,72.66435986159169
S41G01N259,2022-2023,20230325,374,away,35,11,0,18,9,27,3,32,15,16,4,0,0,11,7,1,0,48,19,12,5,49,59,2,0,10,1734,0,0,0,10,-24.314071055233313,46.36638909916729,43.75,49,15.913430935709739,37.5,63.63636363636363,57.89473684210526,1.1,4,2,6,72.66435986159169,73,9,3,15,3,18,6,24,14,20,7,0,0,14,10,2,4,44,21,11,5,59,58,7,1,4,1734,1,0,0,5,24.314071055233313,58.811802232854866,55.68181818181818,70,7.385524372230429,14.285714285714286,71.42857142857143,42.857142857142854,2.25,4,2,13,72.66435986159169
S41G01N259,2022-2023,20230325,375,away,35,11,0,18,9,27,3,32,15,16,4,0,0,11,7,1,0,48,19,12,5,49,59,2,0,10,1747,0,0,0,10,-24.314071055233313,46.36638909916729,43.75,49,15.913430935709739,37.5,63.63636363636363,57.89473684210526,1.1,4,2,6,72.12364052661707,73,9,3,15,3,18,6,24,14,20,7,0,0,14,10,2,4,44,21,12,5,59,58,7,1,4,1747,1,0,0,5,24.314071055233313,58.811802232854866,55.68181818181818,70,7.385524372230429,14.285714285714286,71.42857142857143,42.857142857142854,2.25,4,2,13,72.12364052661707
S41G01N259,2022-2023,20230325,376,away,35,11,0,18,9,27,3,32,15,16,4,0,0,11,7,1,0,48,19,12,5,49,59,2,0,10,1747,0,0,0,10,-24.314071055233313,46.36638909916729,43.75,49,15.913430935709739,37.5,63.63636363636363,57.89473684210526,1.1,4,2,6,72.12364052661707,73,9,3,15,3,18,6,24,14,20,7,0,0,14,10,2,4,44,21,12,5,59,58,7,1,4,1747,1,0,0,5,24.314071055233313,58.811802232854866,55.68181818181818,70,7.385524372230429,14.285714285714286,71.42857142857143,42.857142857142854,2.25,4,2,13,72.12364052661707
S41G01N259,2022-2023,20230325,377,away,35,11,0,18,9,27,3,32,15,16,4,0,0,11,7,1,0,48,19,12,5,49,59,2,0,10,1747,0,0,0,10,-24.314071055233313,46.36638909916729,43.75,49,15.913430935709739,37.5,63.63636363636363,57.89473684210526,1.1,4,2,6,72.12364052661707,73,9,3,15,3,18,6,24,14,20,7,0,0,14,10,2,4,44,21,12,5,59,58,7,1,4,1747,1,0,0,5,24.314071055233313,58.811802232854866,55.68181818181818,70,7.385524372230429,14.285714285714286,71.42857142857143,42.857142857142854,2.25,4,2,13,72.12364052661707
S41G01N259,2022-2023,20230325,378,away,35,11,0,18,9,27,3,32,15,16,4,0,0,11,7,1,0,48,19,12,5,49,59,2,0,10,1747,0,0,0,10,-24.314071055233313,46.36638909916729,43.75,49,15.913430935709739,37.5,63.63636363636363,57.89473684210526,1.1,4,2,6,72.12364052661707,73,9,3,15,3,18,6,24,14,20,7,0,0,14,10,2,4,44,21,12,5,59,58,7,1,4,1747,1,0,0,5,24.314071055233313,58.811802232854866,55.68181818181818,70,7.385524372230429,14.285714285714286,71.42857142857143,42.857142857142854,2.25,4,2,13,72.12364052661707
S41G01N259,2022-2023,20230325,379,away,35,11,0,18,9,27,3,32,15,16,4,0,0,11,7,1,0,48,19,12,5,49,59,2,0,10,1747,0,0,0,10,-24.314071055233313,46.36638909916729,43.75,49,15.913430935709739,37.5,63.63636363636363,57.89473684210526,1.1,4,2,6,72.12364052661707,73,9,3,15,3,18,6,24,14,20,7,0,0,14,10,2,4,44,21,12,5,59,58,7,1,4,1747,1,0,0,5,24.314071055233313,58.811802232854866,55.68181818181818,70,7.385524372230429,14.285714285714286,71.42857142857143,42.857142857142854,2.25,4,2,13,72.12364052661707
S41G01N259,2022-2023,20230325,380,away,35,11,0,18,9,27,3,32,15,16,4,0,0,11,7,1,0,48,19,12,5,49,59,2,0,10,1747,0,0,0,10,-24.314071055233313,46.36638909916729,43.75,49,15.913430935709739,37.5,63.63636363636363,57.89473684210526,1.1,4,2,6,72.12364052661707,73,9,3,15,3,18,6,24,14,20,7,0,0,14,10,2,4,44,21,12,5,59,58,7,1,4,1747,1,0,0,5,24.314071055233313,58.811802232854866,55.68181818181818,70,7.385524372230429,14.285714285714286,71.42857142857143,42.857142857142854,2.25,4,2,13,72.12364052661707
S41G01N259,2022-2023,20230325,381,away,35,11,0,18,9,27,3,32,15,16,4,0,0,11,7,1,0,48,19,12,5,49,59,2,0,10,1747,0,0,0,10,-24.314071055233313,46.36638909916729,43.75,49,15.913430935709739,37.5,63.63636363636363,57.89473684210526,1.1,4,2,6,72.12364052661707,73,9,3,15,3,18,6,24,14,20,7,0,0,14,10,2,4,44,21,12,5,59,58,7,1,4,1747,1,0,0,5,24.314071055233313,58.811802232854866,55.68181818181818,70,7.385524372230429,14.285714285714286,71.42857142857143,42.857142857142854,2.25,4,2,13,72.12364052661707
S41G01N259,2022-2023,20230325,382,away,35,11,0,18,9,27,3,32,15,16,4,0,0,11,7,1,0,48,19,12,5,49,59,2,0,10,1747,0,0,0,10,-24.314071055233313,46.36638909916729,43.75,49,15.913430935709739,37.5,63.63636363636363,57.89473684210526,1.1,4,2,6,72.12364052661707,73,9,3,15,3,18,6,24,14,20,7,0,0,14,10,2,4,44,21,12,5,59,58,7,1,4,1747,1,0,0,5,24.314071055233313,58.811802232854866,55.68181818181818,70,7.385524372230429,14.285714285714286,71.42857142857143,42.857142857142854,2.25,4,2,13,72.12364052661707
S41G01N259,2022-2023,20230325,383,away,35,11,0,18,9,27,3,32,15,16,4,0,0,11,7,1,0,48,19,12,5,49,59,2,0,10,1747,0,0,0,10,-24.314071055233313,46.36638909916729,43.75,49,15.913430935709739,37.5,63.63636363636363,57.89473684210526,1.1,4,2,6,72.12364052661707,73,9,3,15,3,18,6,24,14,20,7,0,0,14,10,2,4,44,21,12,5,59,58,7,1,4,1747,1,0,0,5,24.314071055233313,58.811802232854866,55.68181818181818,70,7.385524372230429,14.285714285714286,71.42857142857143,42.857142857142854,2.25,4,2,13,72.12364052661707
S41G01N259,2022-2023,20230325,384,away,35,11,0,18,9,27,3,32,15,16,4,0,0,11,7,1,0,48,19,12,5,49,59,2,0,10,1747,0,0,0,10,-24.314071055233313,46.36638909916729,43.75,49,15.913430935709739,37.5,63.63636363636363,57.89473684210526,1.1,4,2,6,72.12364052661707,73,9,3,15,3,18,6,24,14,20,7,0,0,14,10,2,4,44,21,12,5,59,58,7,1,4,1747,1,0,0,5,24.314071055233313,58.811802232854866,55.68181818181818,70,7.385524372230429,14.285714285714286,71.42857142857143,42.857142857142854,2.25,4,2,13,72.12364052661707
S41G01N259,2022-2023,20230325,385,away,35,11,0,18,9,27,3,32,15,16,4,0,0,11,7,1,0,48,19,12,5,49,59,2,0,10,1747,0,0,0,10,-24.314071055233313,46.36638909916729,43.75,49,15.913430935709739,37.5,63.63636363636363,57.89473684210526,1.1,4,2,6,72.12364052661707,73,9,3,15,3,18,6,24,14,20,7,0,0,14,10,2,4,44,21,12,5,59,58,7,1,4,1747,1,0,0,5,24.314071055233313,58.811802232854866,55.68181818181818,70,7.385524372230429,14.285714285714286,71.42857142857143,42.857142857142854,2.25,4,2,13,72.12364052661707
S41G01N259,2022-2023,20230325,386,away,35,11,0,18,9,27,3,32,15,16,4,0,0,11,7,1,0,48,19,12,5,49,59,2,0,10,1747,0,0,0,10,-24.314071055233313,46.36638909916729,43.75,49,15.913430935709739,37.5,63.63636363636363,57.89473684210526,1.1,4,2,6,72.12364052661707,73,9,3,15,3,18,6,24,14,20,7,0,0,14,10,2,4,44,21,12,5,59,58,7,1,4,1747,1,0,0,5,24.314071055233313,58.811802232854866,55.68181818181818,70,7.385524372230429,14.285714285714286,71.42857142857143,42.857142857142854,2.25,4,2,13,72.12364052661707
S41G01N259,2022-2023,20230325,387,away,35,11,0,18,9,27,3,32,15,16,4,0,0,12,8,1,0,48,19,12,5,50,60,2,0,10,1747,0,0,0,10,-23.209512774522764,46.92192192192192,43.75,50,15.802781289506953,37.5,66.66666666666667,57.89473684210526,1.1,1,2,6,72.42587292501432,73,9,3,15,3,18,6,24,14,20,7,0,0,14,10,2,4,44,21,12,5,59,58,7,1,4,1747,1,0,0,5,23.209512774522764,58.811802232854866,55.68181818181818,70,7.385524372230429,14.285714285714286,71.42857142857143,42.857142857142854,2.25,1,2,13,72.42587292501432
S41G01N259,2022-2023,20230325,388,away,35,11,0,18,9,27,3,32,15,16,4,0,0,13,8,1,0,48,19,12,5,50,61,2,0,10,1747,0,0,0,10,-23.95020323809264,46.53760238272524,43.75,49,15.693659761456372,37.5,61.53846153846154,57.89473684210526,1.1,1,2,6,72.72810532341157,73,9,3,15,3,18,6,24,14,20,7,0,0,14,10,2,4,44,21,12,5,59,58,7,1,4,1747,1,0,0,5,23.95020323809264,58.811802232854866,55.68181818181818,70,7.385524372230429,14.285714285714286,71.42857142857143,42.857142857142854,2.25,1,2,13,72.72810532341157
S41G01N259,2022-2023,20230325,389,away,35,11,0,18,9,27,3,32,15,16,4,0,0,13,8,1,0,48,19,12,5,50,61,2,0,10,1748,0,0,0,10,-23.95020323809264,46.53760238272524,43.75,49,15.693659761456372,36.0,61.53846153846154,57.89473684210526,1.1,1,2,6,72.68649885583524,73,9,3,16,3,19,6,24,14,20,7,0,0,14,10,2,4,44,21,12,5,59,58,7,1,4,1748,1,0,0,5,23.95020323809264,58.811802232854866,55.68181818181818,71,7.385524372230429,14.285714285714286,71.42857142857143,42.857142857142854,2.25,1,2,13,72.68649885583524
S41G01N259,2022-2023,20230325,390,away,35,11,0,18,9,27,3,32,15,16,4,0,0,13,8,1,0,48,19,12,5,50,61,2,0,10,1770,0,0,0,10,-21.739227926667397,46.53760238272524,43.75,49,15.693659761456372,36.0,61.53846153846154,57.89473684210526,1.1,1,2,6,72.46101694915254,73,9,3,16,3,19,6,24,14,21,7,0,0,14,10,2,4,45,21,12,5,59,59,7,1,4,1770,1,0,0,5,21.739227926667397,57.662236121970295,54.44444444444444,70,7.251631617113851,14.285714285714286,71.42857142857143,42.857142857142854,2.25,1,2,13,72.46101694915254
S41G01N259,2022-2023,20230325,391,away,35,11,0,18,9,27,3,32,15,16,4,0,0,13,8,1,0,48,19,12,5,50,61,2,0,10,1772,0,0,0,10,-23.95020323809264,46.53760238272524,43.75,49,15.693659761456372,36.0,61.53846153846154,57.89473684210526,1.1,1,2,6,71.7020316027088,73,9,3,16,4,20,6,24,14,21,7,0,0,14,10,2,4,45,21,12,5,59,59,7,1,4,1772,1,0,0,5,23.95020323809264,57.662236121970295,54.44444444444444,71,7.251631617113851,18.181818181818183,71.42857142857143,42.857142857142854,2.25,1,2,13,71.7020316027088
S41G01N259,2022-2023,20230325,392,away,35,11,0,18,9,27,3,32,15,16,4,0,0,13,8,1,0,48,19,13,5,50,61,2,0,10,1783,0,0,0,10,-23.95020323809264,46.53760238272524,43.75,49,15.693659761456372,36.0,61.53846153846154,57.89473684210526,1.1,1,2,6,71.25967470555244,73,9,3,16,4,20,6,24,14,21,7,0,0,14,10,2,4,45,21,12,5,59,59,7,1,4,1783,1,0,0,5,23.95020323809264,57.662236121970295,54.44444444444444,71,7.251631617113851,18.181818181818183,71.42857142857143,42.857142857142854,2.25,1,2,13,71.25967470555244
S41G01N259,2022-2023,20230325,393,away,35,11,0,18,9,27,3,32,15,16,4,0,0,13,8,1,0,48,19,13,5,50,61,2,0,10,1783,0,0,0,10,-23.95020323809264,46.53760238272524,43.75,49,15.693659761456372,36.0,61.53846153846154,57.89473684210526,1.1,1,2,6,71.25967470555244,73,9,3,16,4,20,6,24,14,21,7,0,0,14,10,2,4,45,21,12,5,59,59,7,1,4,1783,1,0,0,5,23.95020323809264,57.662236121970295,54.44444444444444,71,7.251631617113851,18.181818181818183,71.42857142857143,42.857142857142854,2.25,1,2,13,71.25967470555244
S41G01N259,2022-2023,20230325,394,away,35,11,0,18,9,27,3,32,15,16,4,0,0,13,8,1,0,48,19,13,5,50,61,2,0,10,1783,0,0,0,10,-23.95020323809264,46.53760238272524,43.75,49,15.693659761456372,36.0,61.53846153846154,57.89473684210526,1.1,1,2,6,71.25967470555244,73,9,3,16,4,20,6,24,14,21,7,0,0,14,10,2,4,45,21,12,5,59,59,7,1,4,1783,1,0,0,5,23.95020323809264,57.662236121970295,54.44444444444444,71,7.251631617113851,18.181818181818183,71.42857142857143,42.857142857142854,2.25,1,2,13,71.25967470555244
S41G01N259,2022-2023,20230325,395,away,35,11,0,18,9,27,3,32,15,16,4,0,0,13,8,1,0,48,19,13,5,50,61,2,0,10,1783,0,0,0,10,-23.95020323809264,46.53760238272524,43.75,49,15.693659761456372,36.0,61.53846153846154,57.89473684210526,1.1,1,2,6,71.25967470555244,73,9,3,16,4,20,6,24,14,21,7,0,0,14,10,2,4,45,21,12,5,59,59,7,1,4,1783,1,0,0,5,23.95020323809264,57.662236121970295,54.44444444444444,71,7.251631617113851,18.181818181818183,71.42857142857143,42.857142857142854,2.25,1,2,13,71.25967470555244
S41G01N259,2022-2023,20230325,396,away,35,11,0,18,9,27,3,32,15,16,4,0,0,13,8,1,0,48,19,13,5,50,61,2,0,10,1783,0,0,0,10,-24.904800761593904,46.53760238272524,43.75,49,15.693659761456372,36.0,61.53846153846154,57.89473684210526,1.1,1,2,6,71.55580482333146,73,9,3,16,4,20,6,24,14,21,7,0,0,15,11,2,4,45,21,12,5,60,60,7,1,4,1783,1,0,0,5,24.904800761593904,58.13953488372093,54.44444444444444,72,7.194244604316546,18.181818181818183,73.33333333333333,42.857142857142854,2.25,1,2,13,71.55580482333146
S41G01N259,2022-2023,20230325,397,away,35,11,0,18,9,27,3,32,15,16,4,0,0,13,8,1,0,48,19,13,5,50,61,2,0,10,1783,0,0,0,10,-25.84325597493607,46.53760238272524,43.75,49,15.693659761456372,36.0,61.53846153846154,57.89473684210526,1.1,2,2,6,71.85193494111049,73,9,3,16,4,20,6,24,14,21,7,0,0,16,12,2,4,45,21,12,5,61,61,7,1,4,1783,1,0,0,5,25.84325597493607,58.60876249039201,54.44444444444444,73,7.137758743754461,18.181818181818183,75.0,42.857142857142854,2.25,2,2,13,71.85193494111049
S41G01N259,2022-2023,20230325,398,away,35,11,0,18,9,27,3,32,15,16,4,0,0,13,8,1,0,48,19,13,5,50,61,2,0,10,1783,0,0,0,10,-25.84325597493607,46.53760238272524,43.75,49,15.693659761456372,36.0,61.53846153846154,57.89473684210526,1.1,2,2,6,71.85193494111049,73,9,3,16,4,20,6,24,14,21,7,0,0,16,12,2,4,45,21,12,5,61,61,7,1,4,1783,1,0,0,5,25.84325597493607,58.60876249039201,54.44444444444444,73,7.137758743754461,18.181818181818183,75.0,42.857142857142854,2.25,2,2,13,71.85193494111049
S41G01N259,2022-2023,20230325,399,away,35,11,0,18,9,27,3,32,15,16,4,0,0,13,8,1,0,48,19,13,5,50,61,2,0,10,1783,0,0,0,10,-25.84325597493607,46.53760238272524,43.75,49,15.693659761456372,36.0,61.53846153846154,57.89473684210526,1.1,2,2,6,71.85193494111049,73,9,3,16,4,20,6,24,14,21,7,0,0,16,12,2,4,45,21,12,5,61,61,7,1,4,1783,1,0,0,5,25.84325597493607,58.60876249039201,54.44444444444444,73,7.137758743754461,18.181818181818183,75.0,42.857142857142854,2.25,2,2,13,71.85193494111049
S41G01N259,2022-2023,20230325,400,away,35,11,0,18,9,27,3,32,15,16,4,0,0,13,8,1,0,48,19,13,5,50,61,2,0,10,1783,0,0,0,10,-25.84325597493607,46.53760238272524,43.75,49,15.693659761456372,36.0,61.53846153846154,57.89473684210526,1.1,2,2,6,71.85193494111049,73,9,3,16,4,20,6,24,14,21,7,0,0,16,12,2,4,45,21,12,5,61,61,7,1,4,1783,1,0,0,5,25.84325597493607,58.60876249039201,54.44444444444444,73,7.137758743754461,18.181818181818183,75.0,42.857142857142854,2.25,2,2,13,71.85193494111049
S41G01N259,2022-2023,20230325,401,away,35,11,0,18,9,27,3,32,15,16,4,0,0,13,8,1,0,48,19,13,5,50,61,2,0,10,1783,0,0,0,10,-25.84325597493607,46.53760238272524,43.75,49,15.693659761456372,36.0,61.53846153846154,57.89473684210526,1.1,2,2,6,71.85193494111049,73,9,3,16,4,20,6,24,14,21,7,0,0,16,12,2,4,45,21,12,5,61,61,7,1,4,1783,1,0,0,5,25.84325597493607,58.60876249039201,54.44444444444444,73,7.137758743754461,18.181818181818183,75.0,42.857142857142854,2.25,2,2,13,71.85193494111049
S41G01N259,2022-2023,20230325,402,away,35,11,0,18,9,27,3,33,15,16,4,0,0,13,8,1,0,49,19,13,5,50,62,2,0,10,1799,0,0,0,10,-27.483138763985735,45.687134502923975,42.857142857142854,48,15.451174289245984,36.0,61.53846153846154,57.89473684210526,1.1,2,2,6,71.8799332962757,73,9,3,16,4,20,6,24,14,21,7,0,0,16,12,2,4,45,21,12,5,61,61,7,1,4,1799,1,0,0,5,27.483138763985735,58.60876249039201,54.44444444444444,73,7.137758743754461,18.181818181818183,75.0,42.857142857142854,2.25,2,2,13,71.8799332962757
S41G01N259,2022-2023,20230325,403,away,35,11,0,18,9,27,3,33,15,16,4,0,0,13,8,1,0,49,19,13,5,50,62,2,0,10,1799,0,0,0,10,-27.483138763985735,45.687134502923975,42.857142857142854,48,15.451174289245984,36.0,61.53846153846154,57.89473684210526,1.1,2,2,6,71.8799332962757,73,9,3,16,4,20,6,24,14,21,7,0,0,16,12,2,4,45,21,12,5,61,61,7,1,4,1799,1,0,0,5,27.483138763985735,58.60876249039201,54.44444444444444,73,7.137758743754461,18.181818181818183,75.0,42.857142857142854,2.25,2,2,13,71.8799332962757
S41G01N259,2022-2023,20230325,404,away,35,11,0,18,9,27,3,33,15,16,4,0,0,13,8,1,0,49,19,13,5,50,62,2,0,10,1800,0,0,0,10,-27.483138763985735,45.687134502923975,42.857142857142854,48,15.451174289245984,36.0,61.53846153846154,57.89473684210526,1.1,2,2,6,71.83999999999999,73,9,3,16,4,20,6,24,14,21,7,0,0,16,12,2,4,45,21,12,5,61,61,7,1,4,1800,1,0,0,5,27.483138763985735,58.60876249039201,54.44444444444444,73,7.137758743754461,18.181818181818183,75.0,42.857142857142854,2.25,2,2,13,71.83999999999999
S41G01N259,2022-2023,20230325,405,away,35,11,0,18,9,27,3,33,15,16,4,0,0,13,8,1,0,49,19,13,5,50,62,2,0,10,1800,0,0,0,10,-27.483138763985735,45.687134502923975,42.857142857142854,48,15.451174289245984,36.0,61.53846153846154,57.89473684210526,1.1,2,2,6,71.83999999999999,73,9,3,16,4,20,6,24,14,21,7,0,0,16,12,2,4,45,21,12,5,61,61,7,1,4,1800,1,0,0,5,27.483138763985735,58.60876249039201,54.44444444444444,73,7.137758743754461,18.181818181818183,75.0,42.857142857142854,2.25,2,2,13,71.83999999999999
S41G01N259,2022-2023,20230325,406,away,35,11,0,18,9,27,3,33,15,16,4,0,0,13,8,1,0,49,19,13,5,50,62,2,0,10,1800,0,0,0,10,-27.483138763985735,45.687134502923975,42.857142857142854,48,15.451174289245984,36.0,61.53846153846154,57.89473684210526,1.1,2,2,6,71.83999999999999,73,9,3,16,4,20,6,24,14,21,7,0,0,16,12,2,4,45,21,12,5,61,61,7,1,4,1800,1,0,0,5,27.483138763985735,58.60876249039201,54.44444444444444,73,7.137758743754461,18.181818181818183,75.0,42.857142857142854,2.25,2,2,13,71.83999999999999
S41G01N259,2022-2023,20230325,407,away,35,11,0,18,9,27,3,33,15,16,4,0,0,13,8,1,0,49,19,13,5,50,62,2,0,10,1800,0,0,0,10,-27.483138763985735,45.687134502923975,42.857142857142854,48,15.451174289245984,36.0,61.53846153846154,57.89473684210526,1.1,2,2,6,71.83999999999999,73,9,3,16,4,20,6,24,14,21,7,0,0,16,12,2,4,45,21,12,5,61,61,7,1,4,1800,1,0,0,5,27.483138763985735,58.60876249039201,54.44444444444444,73,7.137758743754461,18.181818181818183,75.0,42.857142857142854,2.25,2,2,13,71.83999999999999
S41G01N259,2022-2023,20230325,408,away,35,11,0,18,9,27,3,33,15,16,4,0,0,13,8,1,0,49,19,13,5,50,62,2,0,10,1800,0,0,0,10,-27.483138763985735,45.687134502923975,42.857142857142854,48,15.451174289245984,36.0,61.53846153846154,57.89473684210526,1.1,2,2,6,71.83999999999999,73,9,3,16,4,20,6,24,14,21,7,0,0,16,12,2,4,45,21,12,5,61,61,7,1,4,1800,1,0,0,5,27.483138763985735,58.60876249039201,54.44444444444444,73,7.137758743754461,18.181818181818183,75.0,42.857142857142854,2.25,2,2,13,71.83999999999999
S41G01N259,2022-2023,20230325,409,away,35,11,0,18,9,27,3,33,15,16,4,0,0,13,8,1,0,49,19,13,5,50,62,2,0,10,1800,0,0,0,10,-27.483138763985735,45.687134502923975,42.857142857142854,48,15.451174289245984,36.0,61.53846153846154,57.89473684210526,1.1,2,2,6,71.83999999999999,73,9,3,16,4,20,6,24,14,21,7,0,0,16,12,2,4,45,21,12,5,61,61,7,1,4,1800,1,0,0,5,27.483138763985735,58.60876249039201,54.44444444444444,73,7.137758743754461,18.181818181818183,75.0,42.857142857142854,2.25,2,2,13,71.83999999999999
S41G01N259,2022-2023,20230325,410,away,35,11,0,18,9,27,3,33,15,16,4,0,0,13,8,1,0,49,19,13,5,50,62,2,0,10,1800,0,0,0,10,-27.483138763985735,45.687134502923975,42.857142857142854,48,15.451174289245984,36.0,61.53846153846154,57.89473684210526,1.1,2,2,6,71.83999999999999,73,9,3,16,4,20,6,24,14,21,7,0,0,16,12,2,4,45,21,12,5,61,61,7,1,4,1800,1,0,0,5,27.483138763985735,58.60876249039201,54.44444444444444,73,7.137758743754461,18.181818181818183,75.0,42.857142857142854,2.25,2,2,13,71.83999999999999
S41G01N259,2022-2023,20230325,411,away,35,11,0,18,9,27,3,33,15,16,4,0,0,13,8,1,0,49,19,13,5,50,62,2,0,10,1800,0,0,0,10,-27.483138763985735,45.687134502923975,42.857142857142854,48,15.451174289245984,36.0,61.53846153846154,57.89473684210526,1.1,2,2,6,71.83999999999999,73,9,3,16,4,20,6,24,14,21,7,0,0,16,12,2,4,45,21,12,5,61,61,7,1,4,1800,1,0,0,5,27.483138763985735,58.60876249039201,54.44444444444444,73,7.137758743754461,18.181818181818183,75.0,42.857142857142854,2.25,2,2,13,71.83999999999999
S41G01N259,2022-2023,20230325,412,away,35,11,0,18,9,27,3,33,15,16,4,0,0,13,8,1,0,49,19,13,5,50,62,2,0,10,1800,0,0,0,10,-27.483138763985735,45.687134502923975,42.857142857142854,48,15.451174289245984,36.0,61.53846153846154,57.89473684210526,1.1,2,2,6,71.83999999999999,73,9,3,16,4,20,6,24,14,21,7,0,0,16,12,2,4,45,21,12,5,61,61,7,1,4,1800,1,0,0,5,27.483138763985735,58.60876249039201,54.44444444444444,73,7.137758743754461,18.181818181818183,75.0,42.857142857142854,2.25,2,2,13,71.83999999999999
S41G01N259,2022-2023,20230325,413,away,35,11,0,18,9,27,3,33,15,16,4,0,0,13,8,1,0,49,19,13,5,50,62,2,0,10,1800,0,0,0,10,-27.483138763985735,45.687134502923975,42.857142857142854,48,15.451174289245984,36.0,61.53846153846154,57.89473684210526,1.1,2,2,6,71.83999999999999,73,9,3,16,4,20,6,24,14,21,7,0,0,16,12,2,4,45,21,12,5,61,61,7,1,4,1800,1,0,0,5,27.483138763985735,58.60876249039201,54.44444444444444,73,7.137758743754461,18.181818181818183,75.0,42.857142857142854,2.25,2,2,13,71.83999999999999
S41G01N259,2022-2023,20230325,414,away,35,11,0,18,9,27,3,33,15,16,4,0,0,13,8,1,0,49,19,13,5,50,62,2,0,10,1800,0,0,0,10,-27.483138763985735,45.687134502923975,42.857142857142854,48,15.451174289245984,36.0,61.53846153846154,57.89473684210526,1.1,2,2,6,71.83999999999999,73,9,3,16,4,20,6,24,14,21,7,0,0,16,12,2,4,45,21,12,5,61,61,7,1,4,1800,1,0,0,5,27.483138763985735,58.60876249039201,54.44444444444444,73,7.137758743754461,18.181818181818183,75.0,42.857142857142854,2.25,2,2,13,71.83999999999999
S41G01N259,2022-2023,20230325,415,away,35,11,0,18,9,27,3,33,15,16,4,0,0,13,8,1,0,49,19,13,5,50,62,2,0,10,1800,0,0,0,10,-27.483138763985735,45.687134502923975,42.857142857142854,48,15.451174289245984,36.0,61.53846153846154,57.89473684210526,1.1,2,2,6,71.83999999999999,73,9,3,16,4,20,6,24,14,21,7,0,0,16,12,2,4,45,21,12,5,61,61,7,1,4,1800,1,0,0,5,27.483138763985735,58.60876249039201,54.44444444444444,73,7.137758743754461,18.181818181818183,75.0,42.857142857142854,2.25,2,2,13,71.83999999999999
S41G01N259,2022-2023,20230325,416,away,35,11,0,18,9,27,3,33,15,16,4,0,0,13,8,1,0,49,19,13,5,50,62,2,0,10,1800,0,0,0,10,-27.483138763985735,45.687134502923975,42.857142857142854,48,15.451174289245984,36.0,61.53846153846154,57.89473684210526,1.1,2,2,6,71.83999999999999,73,9,3,16,4,20,6,24,14,21,7,0,0,16,12,2,4,45,21,12,5,61,61,7,1,4,1800,1,0,0,5,27.483138763985735,58.60876249039201,54.44444444444444,73,7.137758743754461,18.181818181818183,75.0,42.857142857142854,2.25,2,2,13,71.83999999999999
S41G01N259,2022-2023,20230325,417,away,35,11,0,18,9,27,3,33,15,16,4,0,0,13,8,1,0,49,19,13,5,50,62,2,0,10,1800,0,0,0,10,-27.483138763985735,45.687134502923975,42.857142857142854,48,15.451174289245984,36.0,61.53846153846154,57.89473684210526,1.1,2,2,6,71.83999999999999,73,9,3,16,4,20,6,24,14,21,7,0,0,16,12,2,4,45,21,12,5,61,61,7,1,4,1800,1,0,0,5,27.483138763985735,58.60876249039201,54.44444444444444,73,7.137758743754461,18.181818181818183,75.0,42.857142857142854,2.25,2,2,13,71.83999999999999
S41G01N259,2022-2023,20230325,418,away,35,11,0,18,9,27,3,33,15,16,4,0,0,13,8,1,0,49,19,13,5,50,62,2,0,10,1800,0,0,0,10,-27.483138763985735,45.687134502923975,42.857142857142854,48,15.451174289245984,36.0,61.53846153846154,57.89473684210526,1.1,2,2,6,71.83999999999999,73,9,3,16,4,20,6,24,14,21,7,0,0,16,12,2,4,45,21,12,5,61,61,7,1,4,1800,1,0,0,5,27.483138763985735,58.60876249039201,54.44444444444444,73,7.137758743754461,18.181818181818183,75.0,42.857142857142854,2.25,2,2,13,71.83999999999999
S41G01N259,2022-2023,20230325,419,away,35,11,0,18,9,27,3,33,15,16,4,0,0,13,8,1,0,49,19,13,5,50,62,2,0,10,1800,0,0,0,10,-27.483138763985735,45.687134502923975,42.857142857142854,48,15.451174289245984,36.0,61.53846153846154,57.89473684210526,1.1,2,2,6,71.83999999999999,73,9,3,16,4,20,6,24,14,21,7,0,0,16,12,2,4,45,21,12,5,61,61,7,1,4,1800,1,0,0,5,27.483138763985735,58.60876249039201,54.44444444444444,73,7.137758743754461,18.181818181818183,75.0,42.857142857142854,2.25,2,2,13,71.83999999999999
S41G01N259,2022-2023,20230325,420,away,35,11,0,18,9,27,3,33,15,16,4,0,0,13,8,1,0,49,19,13,5,50,62,2,0,10,1800,0,0,0,10,-27.483138763985735,45.687134502923975,42.857142857142854,48,15.451174289245984,36.0,61.53846153846154,57.89473684210526,1.1,2,2,6,71.83999999999999,73,9,3,16,4,20,6,24,14,21,7,0,0,16,12,2,4,45,21,12,5,61,61,7,1,4,1800,1,0,0,5,27.483138763985735,58.60876249039201,54.44444444444444,73,7.137758743754461,18.181818181818183,75.0,42.857142857142854,2.25,2,2,13,71.83999999999999
S41G01N259,2022-2023,20230325,421,away,35,11,0,18,9,27,3,33,15,16,4,0,0,13,8,1,0,49,19,13,5,50,62,2,0,10,1800,0,0,0,10,-27.483138763985735,45.687134502923975,42.857142857142854,48,15.451174289245984,36.0,61.53846153846154,57.89473684210526,1.1,2,2,6,71.83999999999999,73,9,3,16,4,20,6,24,14,21,7,0,0,16,12,2,4,45,21,12,5,61,61,7,1,4,1800,1,0,0,5,27.483138763985735,58.60876249039201,54.44444444444444,73,7.137758743754461,18.181818181818183,75.0,42.857142857142854,2.25,2,2,13,71.83999999999999
S41G01N259,2022-2023,20230325,422,away,35,11,0,18,9,27,3,33,15,16,4,0,0,13,8,1,0,49,19,13,5,50,62,2,0,10,1800,0,0,0,10,-27.483138763985735,45.687134502923975,42.857142857142854,48,15.451174289245984,36.0,61.53846153846154,57.89473684210526,1.1,2,2,6,71.83999999999999,73,9,3,16,4,20,6,24,14,21,7,0,0,16,12,2,4,45,21,12,5,61,61,7,1,4,1800,1,0,0,5,27.483138763985735,58.60876249039201,54.44444444444444,73,7.137758743754461,18.181818181818183,75.0,42.857142857142854,2.25,2,2,13,71.83999999999999
S41G01N259,2022-2023,20230325,423,away,35,11,0,18,9,27,3,33,15,16,4,0,0,13,8,1,0,49,19,13,5,50,62,2,0,10,1800,0,0,0,10,-27.483138763985735,45.687134502923975,42.857142857142854,48,15.451174289245984,36.0,61.53846153846154,57.89473684210526,1.1,2,2,6,71.83999999999999,73,9,3,16,4,20,6,24,14,21,7,0,0,16,12,2,4,45,21,12,5,61,61,7,1,4,1800,1,0,0,5,27.483138763985735,58.60876249039201,54.44444444444444,73,7.137758743754461,18.181818181818183,75.0,42.857142857142854,2.25,2,2,13,71.83999999999999
S41G01N259,2022-2023,20230325,424,away,35,11,0,18,9,27,3,33,15,16,4,0,0,13,8,1,0,49,19,13,5,50,62,2,0,10,1800,0,0,0,10,-27.483138763985735,45.687134502923975,42.857142857142854,48,15.451174289245984,36.0,61.53846153846154,57.89473684210526,1.1,2,2,6,71.83999999999999,73,9,3,16,4,20,6,24,14,21,7,0,0,16,12,2,4,45,21,12,5,61,61,7,1,4,1800,1,0,0,5,27.483138763985735,58.60876249039201,54.44444444444444,73,7.137758743754461,18.181818181818183,75.0,42.857142857142854,2.25,2,2,13,71.83999999999999
S41G01N259,2022-2023,20230325,425,away,35,11,0,18,9,27,3,33,15,16,4,0,0,13,8,1,0,49,19,13,5,50,62,2,0,10,1800,0,0,0,10,-27.483138763985735,45.687134502923975,42.857142857142854,48,15.451174289245984,36.0,61.53846153846154,57.89473684210526,1.1,2,2,6,71.83999999999999,73,9,3,16,4,20,6,24,14,21,7,0,0,16,12,2,4,45,21,12,5,61,61,7,1,4,1800,1,0,0,5,27.483138763985735,58.60876249039201,54.44444444444444,73,7.137758743754461,18.181818181818183,75.0,42.857142857142854,2.25,2,2,13,71.83999999999999
S41G01N259,2022-2023,20230325,426,away,35,11,0,18,9,27,3,33,15,16,4,0,0,13,8,1,0,49,19,13,5,50,62,2,0,10,1800,0,0,0,10,-27.483138763985735,45.687134502923975,42.857142857142854,48,15.451174289245984,36.0,61.53846153846154,57.89473684210526,1.1,2,2,6,71.83999999999999,73,9,3,16,4,20,6,24,14,21,7,0,0,16,12,2,4,45,21,12,5,61,61,7,1,4,1800,1,0,0,5,27.483138763985735,58.60876249039201,54.44444444444444,73,7.137758743754461,18.181818181818183,75.0,42.857142857142854,2.25,2,2,13,71.83999999999999
S41G01N259,2022-2023,20230325,427,away,35,11,0,18,9,27,3,33,15,16,4,0,0,13,8,1,0,49,19,13,5,50,62,2,0,10,1800,0,0,0,10,-27.483138763985735,45.687134502923975,42.857142857142854,48,15.451174289245984,36.0,61.53846153846154,57.89473684210526,1.1,2,2,6,71.83999999999999,73,9,3,16,4,20,6,24,14,21,7,0,0,16,12,2,4,45,21,12,5,61,61,7,1,4,1800,1,0,0,5,27.483138763985735,58.60876249039201,54.44444444444444,73,7.137758743754461,18.181818181818183,75.0,42.857142857142854,2.25,2,2,13,71.83999999999999
S41G01N259,2022-2023,20230325,428,away,35,11,0,18,9,27,3,33,15,16,4,0,0,13,8,1,0,49,19,13,5,50,62,2,0,10,1800,0,0,0,10,-27.483138763985735,45.687134502923975,42.857142857142854,48,15.451174289245984,36.0,61.53846153846154,57.89473684210526,1.1,2,2,6,71.83999999999999,73,9,3,16,4,20,6,24,14,21,7,0,0,16,12,2,4,45,21,12,5,61,61,7,1,4,1800,1,0,0,5,27.483138763985735,58.60876249039201,54.44444444444444,73,7.137758743754461,18.181818181818183,75.0,42.857142857142854,2.25,2,2,13,71.83999999999999
S41G01N259,2022-2023,20230325,429,away,35,11,0,18,9,27,3,33,15,16,4,0,0,13,8,1,0,49,19,13,5,50,62,2,0,10,1800,0,0,0,10,-27.483138763985735,45.687134502923975,42.857142857142854,48,15.451174289245984,36.0,61.53846153846154,57.89473684210526,1.1,2,2,6,71.83999999999999,73,9,3,16,4,20,6,24,14,21,7,0,0,16,12,2,4,45,21,12,5,61,61,7,1,4,1800,1,0,0,5,27.483138763985735,58.60876249039201,54.44444444444444,73,7.137758743754461,18.181818181818183,75.0,42.857142857142854,2.25,2,2,13,71.83999999999999
S41G01N259,2022-2023,20230325,430,away,35,11,0,18,9,27,3,33,15,16,4,0,0,13,8,1,0,49,19,13,5,50,62,2,0,10,1800,0,0,0,10,-27.483138763985735,45.687134502923975,42.857142857142854,48,15.451174289245984,36.0,61.53846153846154,57.89473684210526,1.1,2,2,6,71.83999999999999,73,9,3,16,4,20,6,24,14,21,7,0,0,16,12,2,4,45,21,12,5,61,61,7,1,4,1800,1,0,0,5,27.483138763985735,58.60876249039201,54.44444444444444,73,7.137758743754461,18.181818181818183,75.0,42.857142857142854,2.25,2,2,13,71.83999999999999
S41G01N259,2022-2023,20230325,431,away,35,11,0,18,9,27,3,33,15,16,4,0,0,13,8,1,0,49,19,13,5,50,62,2,0,10,1800,0,0,0,10,-27.483138763985735,45.687134502923975,42.857142857142854,48,15.451174289245984,36.0,61.53846153846154,57.89473684210526,1.1,2,2,6,71.83999999999999,73,9,3,16,4,20,6,24,14,21,7,0,0,16,12,2,4,45,21,12,5,61,61,7,1,4,1800,1,0,0,5,27.483138763985735,58.60876249039201,54.44444444444444,73,7.137758743754461,18.181818181818183,75.0,42.857142857142854,2.25,2,2,13,71.83999999999999
S41G01N259,2022-2023,20230325,432,away,35,11,0,18,9,27,3,33,15,16,4,0,0,13,8,1,0,49,19,13,5,50,62,2,0,10,1800,0,0,0,10,-27.483138763985735,45.687134502923975,42.857142857142854,48,15.451174289245984,36.0,61.53846153846154,57.89473684210526,1.1,2,2,6,71.83999999999999,73,9,3,16,4,20,6,24,14,21,7,0,0,16,12,2,4,45,21,12,5,61,61,7,1,4,1800,1,0,0,5,27.483138763985735,58.60876249039201,54.44444444444444,73,7.137758743754461,18.181818181818183,75.0,42.857142857142854,2.25,2,2,13,71.83999999999999
S41G01N259,2022-2023,20230325,433,away,35,11,0,18,9,27,3,33,15,16,4,0,0,13,8,1,0,49,19,13,5,50,62,2,0,10,1818,0,0,0,10,-25.273155261331425,45.687134502923975,42.857142857142854,48,15.451174289245984,36.0,61.53846153846154,57.89473684210526,1.1,2,2,6,71.78877887788778,73,9,3,16,4,20,6,25,14,21,7,0,0,16,12,2,4,46,21,12,5,61,62,7,1,4,1818,1,0,0,5,25.273155261331425,57.503770739064855,53.26086956521739,72,7.012622720897616,18.181818181818183,75.0,42.857142857142854,2.25,2,2,13,71.78877887788778
S41G01N259,2022-2023,20230325,434,away,35,11,0,18,9,27,3,33,15,16,4,0,0,13,8,1,0,49,19,13,5,50,62,2,0,10,1819,0,0,0,10,-27.483138763985735,45.687134502923975,42.857142857142854,48,15.451174289245984,36.0,61.53846153846154,57.89473684210526,1.1,2,2,6,71.08960967564595,73,9,3,16,5,21,6,25,14,21,7,0,0,16,12,2,4,46,21,12,5,61,62,7,1,4,1819,1,0,0,5,27.483138763985735,57.503770739064855,53.26086956521739,73,7.012622720897616,21.73913043478261,75.0,42.857142857142854,2.25,2,2,13,71.08960967564595
S41G01N259,2022-2023,20230325,435,away,35,11,0,18,9,27,3,33,15,16,4,0,0,13,8,1,0,49,19,13,5,50,62,2,0,10,1820,0,0,0,10,-29.043894326188138,45.687134502923975,42.857142857142854,48,15.451174289245984,36.0,61.53846153846154,57.89473684210526,1.1,4,2,6,71.7098901098901,73,9,3,16,5,21,6,26,15,21,7,0,0,16,12,2,4,47,22,12,5,63,63,7,1,4,1820,1,0,0,5,29.043894326188138,58.29015544041451,54.255319148936174,75,6.891798759476224,21.73913043478261,75.0,40.90909090909091,2.25,4,2,13,71.7098901098901
S41G01N259,2022-2023,20230325,436,away,35,11,0,18,9,27,3,33,15,17,5,0,0,13,8,1,0,50,20,13,5,53,63,2,0,10,1830,0,0,0,10,-25.336813688261458,47.55922469490309,45.0,51,15.216068167985393,36.0,61.53846153846154,55.0,1.1,3,2,6,71.97377049180326,73,9,3,16,5,21,6,26,15,21,7,0,0,16,12,2,4,47,22,12,5,63,63,7,1,4,1830,1,0,0,5,25.336813688261458,58.29015544041451,54.255319148936174,75,6.891798759476224,21.73913043478261,75.0,40.90909090909091,2.25,3,2,13,71.97377049180326
S41G01N259,2022-2023,20230325,437,away,35,12,0,18,9,27,3,33,15,17,5,0,0,13,8,1,0,50,20,13,5,53,63,2,0,10,1830,0,0,0,10,-25.336813688261458,47.55922469490309,45.0,52,15.216068167985393,36.0,61.53846153846154,60.0,1.2,3,2,6,71.97377049180326,73,9,3,16,5,21,6,26,15,21,7,0,0,16,12,2,4,47,22,12,5,63,63,7,1,4,1830,1,0,0,5,25.336813688261458,58.29015544041451,54.255319148936174,75,6.891798759476224,21.73913043478261,75.0,40.90909090909091,2.25,3,2,13,71.97377049180326
S41G01N259,2022-2023,20230325,438,away,35,12,0,18,9,27,3,33,15,17,5,0,0,13,8,1,0,50,20,14,6,53,63,2,0,10,1845,0,0,0,10,-25.336813688261458,47.55922469490309,45.0,52,15.216068167985393,36.0,61.53846153846154,60.0,1.2,3,2,6,71.38861788617885,73,9,3,16,5,21,6,26,15,21,7,0,0,16,12,2,4,47,22,12,5,63,63,7,1,4,1845,1,0,0,5,25.336813688261458,58.29015544041451,54.255319148936174,75,6.891798759476224,21.73913043478261,75.0,40.90909090909091,2.25,3,2,13,71.38861788617885
S41G01N259,2022-2023,20230325,439,away,35,12,0,18,9,27,3,33,15,17,5,0,0,13,8,1,0,50,20,14,6,53,63,2,0,10,1845,0,0,0,10,-25.336813688261458,47.55922469490309,45.0,52,15.216068167985393,36.0,61.53846153846154,60.0,1.2,3,2,6,71.38861788617885,73,9,3,16,5,21,6,26,15,21,7,0,0,16,12,2,4,47,22,12,5,63,63,7,1,4,1845,1,0,0,5,25.336813688261458,58.29015544041451,54.255319148936174,75,6.891798759476224,21.73913043478261,75.0,40.90909090909091,2.25,3,2,13,71.38861788617885
S41G01N259,2022-2023,20230325,440,away,35,12,0,18,9,27,3,33,15,17,5,0,0,13,8,1,0,50,20,14,6,53,63,2,0,10,1856,0,0,0,10,-26.839806276289096,47.55922469490309,45.0,52,15.216068167985393,36.0,61.53846153846154,60.0,1.2,2,2,6,71.61206896551724,73,9,3,16,5,21,6,27,16,21,7,0,0,16,12,2,4,48,23,12,5,65,64,7,1,4,1856,1,0,0,5,26.839806276289096,59.04796511627907,55.208333333333336,77,6.775067750677507,21.73913043478261,75.0,39.130434782608695,2.25,2,2,13,71.61206896551724
S41G01N259,2022-2023,20230325,441,away,35,12,0,18,9,27,3,34,15,17,5,0,0,13,8,1,0,51,20,14,6,53,64,2,0,10,1871,0,0,0,10,-28.458681308422243,46.72073342736248,44.11764705882353,51,14.98800959232614,36.0,61.53846153846154,60.0,1.2,2,2,6,71.67931587386423,73,9,3,16,5,21,6,27,16,21,7,0,0,16,12,2,4,48,23,12,5,65,64,7,1,4,1871,1,0,0,5,28.458681308422243,59.04796511627907,55.208333333333336,77,6.775067750677507,21.73913043478261,75.0,39.130434782608695,2.25,2,2,13,71.67931587386423
S41G01N259,2022-2023,20230325,442,away,35,12,0,18,9,27,3,34,15,17,5,0,0,13,8,1,0,51,20,14,6,53,64,2,0,10,1872,0,0,0,10,-28.458681308422243,46.72073342736248,44.11764705882353,51,14.98800959232614,34.61538461538461,61.53846153846154,60.0,1.2,2,2,6,71.64102564102564,73,9,3,17,5,22,6,27,16,21,7,0,0,16,12,2,4,48,23,12,5,65,64,7,1,4,1872,1,0,0,5,28.458681308422243,59.04796511627907,55.208333333333336,78,6.775067750677507,21.73913043478261,75.0,39.130434782608695,2.25,2,2,13,71.64102564102564
S41G01N259,2022-2023,20230325,443,away,35,12,0,18,9,27,3,34,15,17,5,0,0,13,8,1,0,51,20,14,6,53,64,2,0,10,1894,0,0,0,10,-31.723919805315163,46.72073342736248,44.11764705882353,51,14.98800959232614,34.61538461538461,61.53846153846154,60.0,1.2,5,2,6,71.44244984160505,73,9,3,17,5,22,6,27,16,22,8,0,0,16,12,2,4,49,24,12,5,68,65,7,1,4,1894,1,0,0,5,31.723919805315163,60.67094932191292,57.142857142857146,81,6.662225183211192,21.73913043478261,75.0,37.5,2.25,5,2,15,71.44244984160505
S41G01N259,2022-2023,20230325,444,away,35,12,0,18,9,27,3,34,15,17,5,0,0,13,8,1,0,51,20,14,6,53,64,2,0,10,1894,0,0,0,10,-31.723919805315163,46.72073342736248,44.11764705882353,51,14.98800959232614,34.61538461538461,61.53846153846154,60.0,1.2,5,2,6,71.44244984160505,73,9,3,17,5,22,6,27,16,22,8,0,0,16,12,2,4,49,24,12,5,68,65,7,1,4,1894,1,0,0,5,31.723919805315163,60.67094932191292,57.142857142857146,81,6.662225183211192,21.73913043478261,75.0,37.5,2.25,5,2,15,71.44244984160505
S41G01N259,2022-2023,20230325,445,away,35,12,0,18,9,27,3,34,15,17,5,0,0,13,8,1,0,51,20,14,6,53,64,2,0,10,1894,0,0,0,10,-31.723919805315163,46.72073342736248,44.11764705882353,51,14.98800959232614,34.61538461538461,61.53846153846154,60.0,1.2,5,2,6,71.44244984160505,73,9,3,17,5,22,6,27,16,22,8,0,0,16,12,2,4,49,24,12,5,68,65,7,1,4,1894,1,0,0,5,31.723919805315163,60.67094932191292,57.142857142857146,81,6.662225183211192,21.73913043478261,75.0,37.5,2.25,5,2,15,71.44244984160505
S41G01N259,2022-2023,20230325,446,away,35,12,0,18,9,27,3,34,15,17,5,0,0,13,8,1,0,51,20,14,6,53,64,2,0,10,1894,0,0,0,10,-31.723919805315163,46.72073342736248,44.11764705882353,51,14.98800959232614,34.61538461538461,61.53846153846154,60.0,1.2,5,2,6,71.44244984160505,73,9,3,17,5,22,6,27,16,22,8,0,0,16,12,2,4,49,24,12,5,68,65,7,1,4,1894,1,0,0,5,31.723919805315163,60.67094932191292,57.142857142857146,81,6.662225183211192,21.73913043478261,75.0,37.5,2.25,5,2,15,71.44244984160505
S41G01N259,2022-2023,20230325,447,away,35,12,0,18,9,27,3,34,15,18,6,0,0,13,8,1,0,52,21,14,6,56,65,2,0,10,1910,0,0,0,10,-28.178664216462835,48.51004851004851,46.15384615384615,54,14.766686355581808,34.61538461538461,61.53846153846154,57.142857142857146,1.2,3,2,6,71.47225130890051,73,9,3,17,5,22,6,27,16,22,8,0,0,16,12,2,4,49,24,12,5,68,65,7,1,4,1910,1,0,0,5,28.178664216462835,60.67094932191292,57.142857142857146,81,6.662225183211192,21.73913043478261,75.0,37.5,2.25,3,2,15,71.47225130890051
S41G01N259,2022-2023,20230325,448,away,35,13,0,18,9,27,3,34,15,18,6,0,0,13,8,1,0,52,21,14,6,56,65,2,0,10,1910,0,0,0,10,-28.178664216462835,48.51004851004851,46.15384615384615,55,14.766686355581808,34.61538461538461,61.53846153846154,61.904761904761905,1.3,3,2,6,71.47225130890051,73,9,3,17,5,22,6,27,16,22,8,0,0,16,12,2,4,49,24,12,5,68,65,7,1,4,1910,1,0,0,5,28.178664216462835,60.67094932191292,57.142857142857146,81,6.662225183211192,21.73913043478261,75.0,37.5,2.25,3,2,15,71.47225130890051
S41G01N259,2022-2023,20230325,449,away,35,13,0,18,9,27,3,34,15,18,6,0,0,13,8,1,0,52,21,14,6,56,65,2,0,10,1934,0,0,0,10,-25.974051232381697,48.51004851004851,46.15384615384615,55,14.766686355581808,34.61538461538461,61.53846153846154,61.904761904761905,1.3,3,2,6,71.205791106515,73,9,3,17,5,22,6,27,16,23,8,0,0,16,12,2,4,50,24,12,5,68,66,7,1,4,1934,1,0,0,5,25.974051232381697,59.60729312762973,56.0,80,6.553079947575361,21.73913043478261,75.0,37.5,2.25,3,2,15,71.205791106515
S41G01N259,2022-2023,20230325,450,away,35,13,0,19,9,28,3,34,15,18,6,0,0,13,8,1,0,52,21,14,6,56,65,2,0,10,1935,0,0,0,10,-25.974051232381697,48.51004851004851,46.15384615384615,56,14.766686355581808,34.61538461538461,61.53846153846154,61.904761904761905,1.3,3,2,6,71.16899224806201,73,9,3,17,5,22,6,27,16,23,8,0,0,16,12,2,4,50,24,12,5,68,66,7,1,4,1935,1,0,0,5,25.974051232381697,59.60729312762973,56.0,80,6.553079947575361,20.833333333333332,75.0,37.5,2.25,3,2,15,71.16899224806201
S41G01N259,2022-2023,20230325,451,away,35,13,0,19,9,28,3,35,15,18,6,0,0,13,8,1,0,53,21,14,6,56,66,2,0,10,1941,0,0,0,10,-27.570967632439377,47.68392370572207,45.283018867924525,55,14.551804423748544,34.61538461538461,61.53846153846154,61.904761904761905,1.3,3,2,6,71.56723338485317,73,9,3,17,5,22,6,27,16,23,8,0,0,16,12,2,4,50,24,12,5,68,66,7,1,4,1941,1,0,0,5,27.570967632439377,59.60729312762973,56.0,80,6.553079947575361,20.833333333333332,75.0,37.5,2.25,3,2,15,71.56723338485317
S41G01N259,2022-2023,20230325,452,away,35,13,0,19,9,28,3,35,15,18,6,0,0,13,8,1,0,53,21,14,6,56,66,2,0,10,1942,0,0,0,10,-27.570967632439377,47.68392370572207,45.283018867924525,55,14.551804423748544,33.333333333333336,61.53846153846154,61.904761904761905,1.3,3,2,6,71.53038105046343,73,9,3,18,5,23,6,27,16,23,8,0,0,16,12,2,4,50,24,12,5,68,66,7,1,4,1942,1,0,0,5,27.570967632439377,59.60729312762973,56.0,81,6.553079947575361,20.833333333333332,75.0,37.5,2.25,3,2,15,71.53038105046343
S41G01N259,2022-2023,20230325,453,away,35,13,0,19,9,28,3,35,15,18,6,0,0,13,8,1,0,53,21,14,6,56,66,2,0,10,1959,0,0,0,10,-28.949966604321816,47.68392370572207,45.283018867924525,55,14.551804423748544,33.333333333333336,61.53846153846154,61.904761904761905,1.3,2,2,6,71.52220520673812,73,9,3,18,5,23,6,28,17,23,8,0,0,16,12,2,4,51,25,12,5,70,67,7,1,4,1959,1,0,0,5,28.949966604321816,60.30323914541695,56.86274509803921,83,6.447453255963894,20.833333333333332,75.0,36.0,2.25,2,2,15,71.52220520673812
S41G01N259,2022-2023,20230325,454,away,35,13,0,19,9,28,3,35,15,18,6,0,0,13,8,1,0,53,21,14,6,56,66,2,0,10,1959,0,0,0,10,-28.949966604321816,47.68392370572207,45.283018867924525,55,14.551804423748544,33.333333333333336,61.53846153846154,61.904761904761905,1.3,2,2,6,71.52220520673812,73,10,3,18,5,23,6,28,17,23,8,0,0,16,12,2,4,51,25,12,5,70,67,7,1,4,1959,1,0,0,5,28.949966604321816,60.30323914541695,56.86274509803921,84,6.447453255963894,20.833333333333332,75.0,40.0,2.5,2,2,15,71.52220520673812
S41G01N259,2022-2023,20230325,455,away,35,13,0,19,9,28,3,35,15,18,6,0,0,13,8,1,0,53,21,14,6,56,66,2,0,10,1971,0,0,0,10,-28.949966604321816,47.68392370572207,45.283018867924525,55,14.551804423748544,33.333333333333336,61.53846153846154,61.904761904761905,1.3,2,2,6,71.08675799086757,73,10,3,18,5,23,6,28,17,23,8,0,0,16,12,2,4,51,25,13,6,70,67,7,1,4,1971,1,0,0,5,28.949966604321816,60.30323914541695,56.86274509803921,84,6.447453255963894,20.833333333333332,75.0,40.0,2.5,2,2,15,71.08675799086757
S41G01N259,2022-2023,20230325,456,away,35,13,0,19,9,28,3,35,15,18,6,0,0,13,8,1,0,53,21,14,6,56,66,2,0,10,1971,0,0,0,10,-28.949966604321816,47.68392370572207,45.283018867924525,55,14.551804423748544,33.333333333333336,61.53846153846154,61.904761904761905,1.3,2,2,6,71.08675799086757,73,10,3,18,5,23,6,28,17,23,8,0,0,16,12,2,4,51,25,13,6,70,67,7,1,4,1971,1,0,0,5,28.949966604321816,60.30323914541695,56.86274509803921,84,6.447453255963894,20.833333333333332,75.0,40.0,2.5,2,2,15,71.08675799086757
S41G01N259,2022-2023,20230325,457,away,35,13,0,19,9,28,3,35,15,18,6,0,0,13,8,1,0,53,21,14,6,56,66,2,0,11,1978,0,0,0,11,-30.494283649963876,47.68392370572207,45.283018867924525,54,15.777395295467585,33.333333333333336,61.53846153846154,61.904761904761905,1.1818181818181819,2,2,6,71.44186046511628,73,10,3,18,5,23,6,28,17,23,8,0,0,16,12,2,4,51,25,13,6,70,67,7,1,4,1978,1,0,0,5,30.494283649963876,60.30323914541695,56.86274509803921,84,6.447453255963894,20.833333333333332,75.0,40.0,2.5,2,2,15,71.44186046511628
S41G01N259,2022-2023,20230325,458,away,35,13,0,19,9,28,3,35,15,18,6,0,0,13,8,1,0,53,21,14,6,56,66,2,0,11,1979,0,0,0,11,-30.494283649963876,47.68392370572207,45.283018867924525,54,15.777395295467585,33.333333333333336,61.53846153846154,61.904761904761905,1.1818181818181819,2,2,6,71.40576048509347,73,10,3,18,5,23,6,28,17,23,8,0,0,16,12,2,4,51,25,13,6,70,67,8,1,4,1979,1,0,0,5,30.494283649963876,60.30323914541695,56.86274509803921,85,6.447453255963894,20.833333333333332,75.0,40.0,2.5,2,2,15,71.40576048509347
S41G01N259,2022-2023,20230325,459,away,35,13,0,19,9,28,3,35,15,18,6,0,0,13,8,1,0,53,21,14,6,56,66,2,0,11,2000,0,0,0,11,-31.825763704827622,47.68392370572207,45.283018867924525,54,15.777395295467585,33.333333333333336,61.53846153846154,61.904761904761905,1.1818181818181819,4,2,6,71.25599999999999,73,10,3,18,5,23,6,29,18,23,8,0,0,16,12,2,4,52,26,13,6,72,68,8,1,4,2000,1,0,0,5,31.825763704827622,60.97560975609756,57.69230769230769,87,6.345177664974619,20.833333333333332,75.0,38.46153846153846,2.5,4,2,16,71.25599999999999
S41G01N259,2022-2023,20230325,460,away,35,13,0,19,9,28,3,35,15,18,6,0,0,13,8,1,0,53,21,14,6,56,66,2,0,11,2000,0,0,0,11,-31.825763704827622,47.68392370572207,45.283018867924525,54,15.777395295467585,33.333333333333336,61.53846153846154,61.904761904761905,1.1818181818181819,4,2,6,71.25599999999999,73,11,3,18,5,23,6,29,18,23,8,0,0,16,12,2,4,52,26,13,6,72,68,8,1,4,2000,1,0,0,5,31.825763704827622,60.97560975609756,57.69230769230769,88,6.345177664974619,20.833333333333332,75.0,42.30769230769231,2.75,4,2,16,71.25599999999999
S41G01N259,2022-2023,20230325,461,away,35,13,0,19,9,28,3,35,15,18,6,0,0,13,8,1,0,53,21,15,6,56,66,2,0,11,2000,0,0,0,11,-31.825763704827622,47.68392370572207,45.283018867924525,54,15.777395295467585,33.333333333333336,61.53846153846154,61.904761904761905,1.1818181818181819,4,2,6,71.25599999999999,73,11,3,18,5,23,6,29,18,23,8,0,0,16,12,2,4,52,26,13,6,72,68,8,1,4,2000,1,0,0,5,31.825763704827622,60.97560975609756,57.69230769230769,88,6.345177664974619,20.833333333333332,75.0,42.30769230769231,2.75,4,2,16,71.25599999999999
S41G01N259,2022-2023,20230325,462,away,35,13,0,19,9,28,3,35,15,18,6,0,0,13,8,1,0,53,21,15,6,56,66,2,0,11,2000,0,0,0,11,-31.825763704827622,47.68392370572207,45.283018867924525,54,15.777395295467585,33.333333333333336,61.53846153846154,61.904761904761905,1.1818181818181819,4,2,6,71.25599999999999,73,11,3,18,5,23,6,29,18,23,8,0,0,16,12,2,4,52,26,13,6,72,68,8,1,4,2000,1,0,0,5,31.825763704827622,60.97560975609756,57.69230769230769,88,6.345177664974619,20.833333333333332,75.0,42.30769230769231,2.75,4,2,16,71.25599999999999
S41G01N259,2022-2023,20230325,463,away,35,13,0,19,9,28,3,35,15,18,6,0,0,13,8,1,0,53,21,15,6,56,66,2,0,11,2000,0,0,0,11,-32.602387402244645,47.68392370572207,45.283018867924525,54,15.777395295467585,33.333333333333336,61.53846153846154,61.904761904761905,1.1818181818181819,5,2,6,71.52,73,11,3,18,5,23,6,29,18,23,8,0,0,17,13,2,4,52,26,13,6,73,69,8,1,4,2000,1,0,0,5,32.602387402244645,61.36516476126429,57.69230769230769,89,6.301197227473219,20.833333333333332,76.47058823529412,42.30769230769231,2.75,5,2,17,71.52
S41G01N259,2022-2023,20230325,464,away,35,13,0,19,9,28,3,36,16,18,6,0,0,13,8,1,0,54,22,15,6,58,67,2,0,11,2016,0,0,0,11,-30.85622106986851,48.55994641661085,46.2962962962963,56,15.554298642533936,33.333333333333336,61.53846153846154,59.09090909090909,1.1818181818181819,2,2,6,71.54761904761905,73,11,3,18,5,23,6,29,18,23,8,0,0,17,13,2,4,52,26,13,6,73,69,8,1,4,2016,1,0,0,5,30.85622106986851,61.36516476126429,57.69230769230769,89,6.301197227473219,20.833333333333332,76.47058823529412,42.30769230769231,2.75,2,2,17,71.54761904761905
S41G01N259,2022-2023,20230325,465,away,35,14,0,19,9,28,3,36,16,18,6,0,0,13,8,1,0,54,22,15,6,58,67,2,0,11,2016,0,0,0,11,-30.85622106986851,48.55994641661085,46.2962962962963,57,15.554298642533936,33.333333333333336,61.53846153846154,63.63636363636363,1.2727272727272727,2,2,6,71.54761904761905,73,11,3,18,5,23,6,29,18,23,8,0,0,17,13,2,4,52,26,13,6,73,69,8,1,4,2016,1,0,0,5,30.85622106986851,61.36516476126429,57.69230769230769,89,6.301197227473219,20.833333333333332,76.47058823529412,42.30769230769231,2.75,2,2,17,71.54761904761905
S41G01N259,2022-2023,20230325,466,away,35,14,0,19,9,28,3,36,16,18,6,0,0,13,8,1,0,54,22,15,6,58,67,2,0,11,2041,0,0,0,11,-28.757549224408038,48.55994641661085,46.2962962962963,57,15.554298642533936,33.333333333333336,61.53846153846154,63.63636363636363,1.2727272727272727,2,2,6,71.25918667319941,73,11,3,18,5,23,6,29,18,24,8,0,0,17,13,2,4,53,26,13,6,73,70,8,1,4,2041,1,0,0,5,28.757549224408038,60.350529100529094,56.60377358490566,88,6.203473945409429,20.833333333333332,76.47058823529412,42.30769230769231,2.75,2,2,17,71.25918667319941
S41G01N259,2022-2023,20230325,467,away,35,14,0,19,9,28,3,36,16,18,6,0,0,13,8,1,0,54,22,15,6,58,67,2,0,11,2042,0,0,0,11,-30.85622106986851,48.55994641661085,46.2962962962963,57,15.554298642533936,33.333333333333336,61.53846153846154,63.63636363636363,1.2727272727272727,2,2,6,70.63663075416258,73,11,3,18,6,24,6,29,18,24,8,0,0,17,13,2,4,53,26,13,6,73,70,8,1,4,2042,1,0,0,5,30.85622106986851,60.350529100529094,56.60377358490566,89,6.203473945409429,24.0,76.47058823529412,42.30769230769231,2.75,2,2,17,70.63663075416258
S41G01N259,2022-2023,20230325,468,away,35,14,0,19,9,28,3,36,16,18,6,0,0,13,8,1,0,54,22,15,6,58,67,2,0,11,2055,0,0,0,11,-28.757549224408038,48.55994641661085,46.2962962962963,57,15.554298642533936,33.333333333333336,61.53846153846154,63.63636363636363,1.2727272727272727,2,2,6,70.77372262773723,73,11,3,18,6,24,6,29,18,25,8,0,0,17,13,2,4,54,26,13,6,73,71,8,1,4,2055,1,0,0,5,28.757549224408038,59.36890045543266,55.55555555555556,88,6.108735491753206,24.0,76.47058823529412,42.30769230769231,2.75,2,2,17,70.77372262773723
S41G01N259,2022-2023,20230325,469,away,35,14,0,19,9,28,3,36,16,18,6,0,0,13,8,1,0,54,22,15,6,58,67,2,0,11,2056,0,0,0,11,-30.85622106986851,48.55994641661085,46.2962962962963,57,15.554298642533936,33.333333333333336,61.53846153846154,63.63636363636363,1.2727272727272727,2,2,6,70.1556420233463,73,11,3,18,7,25,6,29,18,25,8,0,0,17,13,2,4,54,26,13,6,73,71,8,1,4,2056,1,0,0,5,30.85622106986851,59.36890045543266,55.55555555555556,89,6.108735491753206,26.923076923076923,76.47058823529412,42.30769230769231,2.75,2,2,17,70.1556420233463
S41G01N259,2022-2023,20230325,470,away,35,14,0,19,9,28,3,36,16,18,6,0,0,13,8,1,0,54,22,15,6,58,67,2,0,11,2064,0,0,0,11,-28.757549224408038,48.55994641661085,46.2962962962963,57,15.554298642533936,33.333333333333336,61.53846153846154,63.63636363636363,1.2727272727272727,2,2,6,70.46511627906978,73,11,3,18,7,25,6,29,18,26,8,0,0,17,13,2,4,55,26,13,6,73,72,8,1,4,2064,1,0,0,5,28.757549224408038,58.41869398207426,54.54545454545455,88,6.016847172081829,26.923076923076923,76.47058823529412,42.30769230769231,2.75,2,2,17,70.46511627906978
S41G01N259,2022-2023,20230325,471,away,35,14,0,20,9,29,3,36,16,18,6,0,0,13,8,1,0,54,22,15,6,58,67,2,0,11,2065,0,0,0,11,-28.757549224408038,48.55994641661085,46.2962962962963,58,15.554298642533936,33.333333333333336,61.53846153846154,63.63636363636363,1.2727272727272727,2,2,6,70.43099273607749,73,11,3,18,7,25,6,29,18,26,8,0,0,17,13,2,4,55,26,13,6,73,72,8,1,4,2065,1,0,0,5,28.757549224408038,58.41869398207426,54.54545454545455,88,6.016847172081829,25.925925925925927,76.47058823529412,42.30769230769231,2.75,2,2,17,70.43099273607749
S41G01N259,2022-2023,20230325,472,away,35,14,0,20,9,29,3,36,16,18,6,0,0,13,8,1,0,54,22,15,6,58,67,2,0,11,2066,0,0,0,11,-28.757549224408038,48.55994641661085,46.2962962962963,58,15.554298642533936,33.333333333333336,61.53846153846154,63.63636363636363,1.2727272727272727,2,2,6,70.39690222652469,73,11,3,18,7,25,6,29,18,26,8,0,0,17,13,2,4,55,26,14,7,73,72,8,1,4,2066,1,0,0,5,28.757549224408038,58.41869398207426,54.54545454545455,88,6.016847172081829,25.925925925925927,76.47058823529412,42.30769230769231,2.75,2,2,17,70.39690222652469
S41G01N259,2022-2023,20230325,473,away,35,14,0,20,9,29,3,36,16,18,6,0,0,13,8,1,0,54,22,15,6,58,67,2,0,11,2066,0,0,0,11,-28.757549224408038,48.55994641661085,46.2962962962963,58,15.554298642533936,33.333333333333336,61.53846153846154,63.63636363636363,1.2727272727272727,2,2,6,70.39690222652469,73,11,3,18,7,25,6,29,18,26,8,0,0,17,13,2,4,55,26,14,7,73,72,8,1,4,2066,1,0,0,5,28.757549224408038,58.41869398207426,54.54545454545455,88,6.016847172081829,25.925925925925927,76.47058823529412,42.30769230769231,2.75,2,2,17,70.39690222652469
S41G01N259,2022-2023,20230325,474,away,35,14,0,20,9,29,3,36,16,18,6,0,0,13,8,1,0,54,22,16,6,58,67,2,0,11,2066,1,0,0,11,-28.757549224408038,48.55994641661085,46.2962962962963,58,15.554298642533936,33.333333333333336,61.53846153846154,63.63636363636363,1.2727272727272727,2,2,6,70.39690222652469,73,11,3,18,7,25,6,29,18,26,8,0,0,17,13,2,4,55,26,14,7,73,72,8,1,4,2066,1,0,0,5,28.757549224408038,58.41869398207426,54.54545454545455,88,6.016847172081829,25.925925925925927,76.47058823529412,42.30769230769231,2.75,2,2,17,70.39690222652469
S41G01N259,2022-2023,20230325,475,away,35,14,0,20,9,29,3,36,16,18,6,0,0,13,8,1,0,54,22,16,6,58,67,2,0,11,2066,1,0,0,11,-28.757549224408038,48.55994641661085,46.2962962962963,58,15.554298642533936,33.333333333333336,61.53846153846154,63.63636363636363,1.2727272727272727,2,2,6,70.39690222652469,73,11,3,18,7,25,6,29,18,26,8,0,0,17,13,2,4,55,26,14,7,73,72,8,1,4,2066,1,0,0,5,28.757549224408038,58.41869398207426,54.54545454545455,88,6.016847172081829,25.925925925925927,76.47058823529412,42.30769230769231,2.75,2,2,17,70.39690222652469
S41G01N259,2022-2023,20230325,476,away,35,14,0,20,9,29,3,36,16,18,6,0,0,13,8,1,0,54,22,16,6,58,67,2,0,11,2066,1,0,0,11,-28.757549224408038,48.55994641661085,46.2962962962963,58,15.554298642533936,33.333333333333336,61.53846153846154,63.63636363636363,1.2727272727272727,2,2,6,70.39690222652469,73,11,3,18,7,25,6,29,18,26,8,0,0,17,13,2,4,55,26,15,7,73,72,8,1,4,2066,1,1,0,5,28.757549224408038,58.41869398207426,54.54545454545455,88,6.016847172081829,25.925925925925927,76.47058823529412,42.30769230769231,2.75,2,2,17,70.39690222652469
S41G01N259,2022-2023,20230325,477,away,35,14,0,20,9,29,3,36,16,18,6,0,0,13,8,1,0,54,22,16,6,58,67,2,0,11,2066,1,0,0,11,-28.757549224408038,48.55994641661085,46.2962962962963,58,15.554298642533936,33.333333333333336,61.53846153846154,63.63636363636363,1.2727272727272727,2,2,6,70.39690222652469,73,11,3,18,7,25,6,29,18,26,8,0,0,17,13,2,4,55,26,15,7,73,72,8,1,4,2066,1,1,0,5,28.757549224408038,58.41869398207426,54.54545454545455,88,6.016847172081829,25.925925925925927,76.47058823529412,42.30769230769231,2.75,2,2,17,70.39690222652469
S41G01N259,2022-2023,20230325,478,away,35,14,0,20,9,29,3,36,16,18,6,0,0,13,8,1,0,54,22,16,6,58,67,2,0,11,2066,1,0,1,11,-28.757549224408038,48.55994641661085,46.2962962962963,58,15.554298642533936,33.333333333333336,61.53846153846154,63.63636363636363,1.2727272727272727,2,2,6,70.39690222652469,73,11,3,18,7,25,6,29,18,26,8,0,0,17,13,2,4,55,26,15,7,73,72,8,1,4,2066,1,1,0,5,28.757549224408038,58.41869398207426,54.54545454545455,88,6.016847172081829,25.925925925925927,76.47058823529412,42.30769230769231,2.75,2,2,17,70.39690222652469
S41G01N259,2022-2023,20230325,479,away,35,14,0,20,9,29,3,36,16,18,6,0,0,13,8,1,0,54,22,16,6,58,67,2,0,11,2066,1,0,1,11,-28.757549224408038,48.55994641661085,46.2962962962963,58,15.554298642533936,33.333333333333336,61.53846153846154,63.63636363636363,1.2727272727272727,2,2,6,70.39690222652469,73,11,3,18,7,25,6,29,18,26,8,0,0,17,13,2,4,55,26,15,7,73,72,8,1,4,2066,1,1,0,5,28.757549224408038,58.41869398207426,54.54545454545455,88,6.016847172081829,25.925925925925927,76.47058823529412,42.30769230769231,2.75,2,2,17,70.39690222652469
S41G01N259,2022-2023,20230325,480,away,35,14,0,20,9,29,3,36,16,18,6,0,0,14,9,1,0,54,22,16,6,59,68,2,0,11,2066,1,0,1,11,-27.813984606183652,49.03590425531915,46.2962962962963,59,15.458122540753234,33.333333333333336,64.28571428571429,63.63636363636363,1.2727272727272727,3,2,6,70.65246853823814,73,11,3,18,7,25,6,29,18,26,8,0,0,17,13,2,4,55,26,15,7,73,72,8,1,4,2066,1,1,0,5,27.813984606183652,58.41869398207426,54.54545454545455,88,6.016847172081829,25.925925925925927,76.47058823529412,42.30769230769231,2.75,3,2,17,70.65246853823814
S41G01N259,2022-2023,20230325,481,away,35,14,0,20,9,29,3,36,16,18,6,0,0,14,9,1,0,54,22,16,6,59,68,2,0,11,2066,1,0,1,11,-26.91276055762036,49.03590425531915,46.2962962962963,59,15.458122540753234,33.333333333333336,64.28571428571429,63.63636363636363,1.2727272727272727,3,2,6,70.90803484995159,73,11,3,18,7,25,6,29,18,26,8,0,0,18,13,2,4,55,26,15,7,73,73,8,1,4,2066,1,1,0,5,26.91276055762036,58.010171646535284,54.54545454545455,87,5.977286312014345,25.925925925925927,72.22222222222223,42.30769230769231,2.75,3,2,17,70.90803484995159
S41G01N259,2022-2023,20230325,482,away,35,14,0,20,9,29,3,36,16,18,6,0,0,14,9,1,0,54,22,16,6,59,68,2,0,11,2066,1,0,1,11,-27.681401935875087,49.03590425531915,46.2962962962963,59,15.458122540753234,33.333333333333336,64.28571428571429,63.63636363636363,1.2727272727272727,1,2,6,71.16360116166504,73,11,3,18,7,25,6,29,18,26,8,0,0,19,14,2,4,55,26,15,7,74,74,8,1,4,2066,1,1,0,5,27.681401935875087,58.39646464646464,54.54545454545455,88,5.938242280285036,25.925925925925927,73.6842105263158,42.30769230769231,2.75,1,2,17,71.16360116166504
S41G01N259,2022-2023,20230325,483,away,35,14,0,20,9,29,3,36,16,18,6,0,0,14,9,1,0,54,22,16,6,59,68,2,0,11,2079,1,0,1,11,-28.942846739456897,49.03590425531915,46.2962962962963,59,15.458122540753234,33.333333333333336,64.28571428571429,63.63636363636363,1.2727272727272727,3,2,6,71.29581529581529,73,11,3,18,7,25,6,30,19,26,8,0,0,19,14,2,4,56,27,15,7,76,75,8,1,4,2079,1,1,0,5,28.942846739456897,59.04288377874456,55.357142857142854,90,5.851375073142188,25.925925925925927,73.6842105263158,40.74074074074074,2.75,3,2,17,71.29581529581529
S41G01N259,2022-2023,20230325,484,away,35,14,0,20,9,29,3,36,16,18,6,0,0,14,9,1,0,54,22,16,6,59,68,2,0,11,2079,1,0,1,11,-28.942846739456897,49.03590425531915,46.2962962962963,59,15.458122540753234,33.333333333333336,64.28571428571429,63.63636363636363,1.2727272727272727,3,2,6,71.29581529581529,73,12,3,18,7,25,6,30,19,26,8,0,0,19,14,2,4,56,27,15,7,76,75,8,1,4,2079,1,1,0,5,28.942846739456897,59.04288377874456,55.357142857142854,91,5.851375073142188,25.925925925925927,73.6842105263158,44.44444444444444,3.0,3,2,17,71.29581529581529
S41G01N259,2022-2023,20230325,485,away,35,14,0,20,9,29,3,36,16,19,6,0,0,14,9,1,0,55,22,16,6,59,69,2,0,11,2095,1,0,1,11,-30.4456387742312,48.23413996075867,45.45454545454545,58,15.24390243902439,33.333333333333336,64.28571428571429,63.63636363636363,1.2727272727272727,3,2,6,71.32410501193317,73,12,3,18,7,25,6,30,19,26,8,0,0,19,14,2,4,56,27,15,7,76,75,8,1,4,2095,1,1,0,5,30.4456387742312,59.04288377874456,55.357142857142854,91,5.851375073142188,25.925925925925927,73.6842105263158,44.44444444444444,3.0,3,2,17,71.32410501193317
S41G01N259,2022-2023,20230325,486,away,35,14,0,20,9,29,3,36,16,19,6,0,0,14,9,1,0,55,22,16,6,59,69,2,0,11,2096,1,0,1,11,-30.4456387742312,48.23413996075867,45.45454545454545,58,15.24390243902439,33.333333333333336,64.28571428571429,63.63636363636363,1.2727272727272727,3,2,6,71.29007633587786,73,12,3,18,7,25,7,30,19,26,8,0,0,19,14,2,4,56,27,15,7,76,75,8,1,4,2096,1,1,0,5,30.4456387742312,59.04288377874456,55.357142857142854,92,5.851375073142188,25.925925925925927,73.6842105263158,44.44444444444444,3.0,3,2,17,71.29007633587786
S41G01N259,2022-2023,20230325,487,away,35,14,0,20,9,29,3,36,16,19,6,0,0,14,9,1,0,55,22,16,6,59,69,2,0,11,2096,1,0,1,11,-30.4456387742312,48.23413996075867,45.45454545454545,58,15.24390243902439,33.333333333333336,64.28571428571429,63.63636363636363,1.2727272727272727,3,2,6,71.29007633587786,73,12,3,18,7,25,7,30,19,26,8,0,0,19,14,2,4,56,27,15,7,76,75,8,1,4,2096,1,1,0,5,30.4456387742312,59.04288377874456,55.357142857142854,92,5.851375073142188,25.925925925925927,73.6842105263158,44.44444444444444,3.0,3,2,17,71.29007633587786
S41G01N259,2022-2023,20230325,488,away,35,14,0,20,9,29,3,36,16,19,6,0,0,14,9,1,0,55,22,16,6,59,69,2,0,11,2096,1,0,1,11,-30.4456387742312,48.23413996075867,45.45454545454545,58,15.24390243902439,33.333333333333336,64.28571428571429,63.63636363636363,1.2727272727272727,3,2,6,71.29007633587786,73,12,3,18,7,25,7,30,19,26,8,0,0,19,14,2,4,56,27,15,7,76,75,8,1,4,2096,1,1,0,5,30.4456387742312,59.04288377874456,55.357142857142854,92,5.851375073142188,25.925925925925927,73.6842105263158,44.44444444444444,3.0,3,2,17,71.29007633587786
S41G01N259,2022-2023,20230325,489,away,35,14,0,20,9,29,3,36,16,19,6,0,0,14,9,1,0,55,22,16,6,59,69,2,0,11,2121,1,0,1,11,-28.459442628371647,48.23413996075867,45.45454545454545,58,15.24390243902439,33.333333333333336,64.28571428571429,63.63636363636363,1.2727272727272727,3,2,6,71.01555869872702,73,12,3,18,7,25,7,30,19,27,8,0,0,19,14,2,4,57,27,15,7,76,76,8,1,4,2121,1,1,0,5,28.459442628371647,58.139534883720934,54.3859649122807,91,5.767012687427912,25.925925925925927,73.6842105263158,44.44444444444444,3.0,3,2,17,71.01555869872702
S41G01N259,2022-2023,20230325,490,away,35,14,0,20,9,29,3,36,16,19,6,0,0,14,9,1,0,55,22,16,6,59,69,2,0,11,2122,1,0,1,11,-30.4456387742312,48.23413996075867,45.45454545454545,58,15.24390243902439,33.333333333333336,64.28571428571429,63.63636363636363,1.2727272727272727,3,2,6,70.41658812441094,73,12,3,18,8,26,7,30,19,27,8,0,0,19,14,2,4,57,27,15,7,76,76,8,1,4,2122,1,1,0,5,30.4456387742312,58.139534883720934,54.3859649122807,92,5.767012687427912,28.571428571428573,73.6842105263158,44.44444444444444,3.0,3,2,17,70.41658812441094
S41G01N259,2022-2023,20230325,491,away,35,14,0,20,9,29,3,36,16,19,6,0,0,14,9,1,0,55,22,16,6,59,69,2,0,11,2133,1,0,1,11,-31.66662672073855,48.23413996075867,45.45454545454545,58,15.24390243902439,33.333333333333336,64.28571428571429,63.63636363636363,1.2727272727272727,5,2,6,70.61603375527426,73,12,3,18,8,26,7,31,20,27,8,0,0,19,14,2,4,58,28,15,7,78,77,8,1,4,2133,1,1,0,5,31.66662672073855,58.77034358047016,55.172413793103445,94,5.6850483229107445,28.571428571428573,73.6842105263158,42.857142857142854,3.0,5,2,19,70.61603375527426
S41G01N259,2022-2023,20230325,492,away,35,14,0,20,9,29,3,36,16,19,6,0,0,14,9,1,0,55,22,16,6,59,69,2,0,11,2133,1,0,1,11,-31.66662672073855,48.23413996075867,45.45454545454545,58,15.24390243902439,33.333333333333336,64.28571428571429,63.63636363636363,1.2727272727272727,5,2,6,70.61603375527426,73,13,3,18,8,26,7,31,20,27,8,0,0,19,14,2,4,58,28,15,7,78,77,8,1,4,2133,1,1,0,5,31.66662672073855,58.77034358047016,55.172413793103445,95,5.6850483229107445,28.571428571428573,73.6842105263158,46.42857142857143,3.25,5,2,19,70.61603375527426
S41G01N259,2022-2023,20230325,493,away,35,14,0,20,9,29,3,36,16,19,6,0,0,14,9,1,0,55,22,16,6,59,69,2,0,11,2157,1,0,1,11,-31.66662672073855,48.23413996075867,45.45454545454545,58,15.24390243902439,33.333333333333336,64.28571428571429,63.63636363636363,1.2727272727272727,5,2,6,69.83031988873435,73,13,3,18,8,26,7,31,20,27,8,0,0,19,14,2,4,58,28,16,8,78,77,8,1,4,2157,1,1,0,5,31.66662672073855,58.77034358047016,55.172413793103445,95,5.6850483229107445,28.571428571428573,73.6842105263158,46.42857142857143,3.25,5,2,19,69.83031988873435
S41G01N259,2022-2023,20230325,494,away,35,14,0,20,9,29,3,36,16,19,6,0,0,14,9,1,0,55,22,16,6,59,69,2,0,11,2157,1,0,1,11,-31.66662672073855,48.23413996075867,45.45454545454545,58,15.24390243902439,33.333333333333336,64.28571428571429,63.63636363636363,1.2727272727272727,5,2,6,69.83031988873435,73,13,3,18,8,26,7,31,20,27,8,0,0,19,14,2,4,58,28,16,8,78,77,8,1,4,2157,1,1,0,5,31.66662672073855,58.77034358047016,55.172413793103445,95,5.6850483229107445,28.571428571428573,73.6842105263158,46.42857142857143,3.25,5,2,19,69.83031988873435
S41G01N259,2022-2023,20230325,495,away,35,14,0,20,9,29,3,36,16,19,6,0,0,14,9,1,0,55,22,16,6,59,69,2,0,11,2157,1,0,1,11,-31.66662672073855,48.23413996075867,45.45454545454545,58,15.24390243902439,33.333333333333336,64.28571428571429,63.63636363636363,1.2727272727272727,5,2,6,69.83031988873435,73,13,3,18,8,26,7,31,20,27,8,0,0,19,14,2,4,58,28,16,8,78,77,8,1,4,2157,1,1,0,5,31.66662672073855,58.77034358047016,55.172413793103445,95,5.6850483229107445,28.571428571428573,73.6842105263158,46.42857142857143,3.25,5,2,19,69.83031988873435
S41G01N259,2022-2023,20230325,496,away,35,14,0,20,9,29,3,36,16,19,6,0,0,14,9,1,0,55,22,16,6,59,69,2,0,11,2157,1,0,1,11,-31.66662672073855,48.23413996075867,45.45454545454545,58,15.24390243902439,33.333333333333336,64.28571428571429,63.63636363636363,1.2727272727272727,5,2,6,69.83031988873435,73,13,3,18,8,26,7,31,20,27,8,0,0,19,14,2,4,58,28,16,8,78,77,8,1,4,2157,1,1,0,5,31.66662672073855,58.77034358047016,55.172413793103445,95,5.6850483229107445,28.571428571428573,73.6842105263158,46.42857142857143,3.25,5,2,19,69.83031988873435
S41G01N259,2022-2023,20230325,497,away,35,14,0,20,9,29,3,36,16,19,6,0,0,14,9,1,0,55,22,16,6,59,69,2,0,11,2157,1,0,1,11,-31.66662672073855,48.23413996075867,45.45454545454545,58,15.24390243902439,33.333333333333336,64.28571428571429,63.63636363636363,1.2727272727272727,5,2,6,69.83031988873435,73,13,3,18,8,26,7,31,20,27,8,0,0,19,14,2,4,58,28,16,8,78,77,8,1,4,2157,1,1,0,5,31.66662672073855,58.77034358047016,55.172413793103445,95,5.6850483229107445,28.571428571428573,73.6842105263158,46.42857142857143,3.25,5,2,19,69.83031988873435
S41G01N259,2022-2023,20230325,498,away,35,14,0,20,9,29,3,36,16,19,6,0,0,14,9,1,0,55,22,16,6,59,69,2,0,11,2157,1,0,1,11,-31.66662672073855,48.23413996075867,45.45454545454545,58,15.24390243902439,33.333333333333336,64.28571428571429,63.63636363636363,1.2727272727272727,5,2,6,69.83031988873435,73,13,3,18,8,26,7,31,20,27,8,0,0,19,14,2,4,58,28,16,8,78,77,8,1,4,2157,1,1,0,5,31.66662672073855,58.77034358047016,55.172413793103445,95,5.6850483229107445,28.571428571428573,73.6842105263158,46.42857142857143,3.25,5,2,19,69.83031988873435
S41G01N259,2022-2023,20230325,499,away,35,14,0,20,9,29,3,36,16,19,6,0,0,14,9,1,0,55,22,16,6,59,69,2,0,11,2157,1,0,1,11,-31.66662672073855,48.23413996075867,45.45454545454545,58,15.24390243902439,33.333333333333336,64.28571428571429,63.63636363636363,1.2727272727272727,5,2,6,69.83031988873435,73,13,3,18,8,26,7,31,20,27,8,0,0,19,14,2,4,58,28,16,8,78,77,8,1,4,2157,1,1,0,5,31.66662672073855,58.77034358047016,55.172413793103445,95,5.6850483229107445,28.571428571428573,73.6842105263158,46.42857142857143,3.25,5,2,19,69.83031988873435
S41G01N259,2022-2023,20230325,500,away,35,14,0,20,9,29,3,37,17,19,6,0,0,14,9,1,0,56,23,16,6,61,70,2,0,11,2165,1,0,1,11,-30.00536663472812,49.06692406692407,46.42857142857143,60,15.035538545653363,33.333333333333336,64.28571428571429,60.869565217391305,1.2727272727272727,2,2,6,70.12655889145496,73,13,3,18,8,26,7,31,20,27,8,0,0,19,14,2,4,58,28,16,8,78,77,8,1,4,2165,1,1,0,5,30.00536663472812,58.77034358047016,55.172413793103445,95,5.6850483229107445,28.571428571428573,73.6842105263158,46.42857142857143,3.25,2,2,19,70.12655889145496
S41G01N259,2022-2023,20230325,501,away,35,15,0,20,9,29,3,37,17,19,6,0,0,14,9,1,0,56,23,16,6,61,70,2,0,11,2165,1,0,1,11,-30.00536663472812,49.06692406692407,46.42857142857143,61,15.035538545653363,33.333333333333336,64.28571428571429,65.21739130434783,1.3636363636363635,2,2,6,70.12655889145496,73,13,3,18,8,26,7,31,20,27,8,0,0,19,14,2,4,58,28,16,8,78,77,8,1,4,2165,1,1,0,5,30.00536663472812,58.77034358047016,55.172413793103445,95,5.6850483229107445,28.571428571428573,73.6842105263158,46.42857142857143,3.25,2,2,19,70.12655889145496
S41G01N259,2022-2023,20230325,502,away,35,15,0,20,9,29,3,37,17,19,6,0,0,14,9,1,0,56,23,16,6,61,70,2,0,11,2179,1,0,1,11,-28.031247638479556,49.06692406692407,46.42857142857143,61,15.035538545653363,33.333333333333336,64.28571428571429,65.21739130434783,1.3636363636363635,2,2,6,70.22670949977054,73,13,3,18,8,26,7,31,20,28,8,0,0,19,14,2,4,59,28,16,8,78,78,8,1,4,2179,1,1,0,5,28.031247638479556,57.8978622327791,54.23728813559322,94,5.605381165919282,28.571428571428573,73.6842105263158,46.42857142857143,3.25,2,2,19,70.22670949977054
S41G01N259,2022-2023,20230325,503,away,35,15,0,20,9,29,3,37,17,19,6,0,0,14,9,1,0,56,23,16,6,61,70,2,0,11,2181,1,0,1,11,-30.00536663472812,49.06692406692407,46.42857142857143,61,15.035538545653363,33.333333333333336,64.28571428571429,65.21739130434783,1.3636363636363635,2,2,6,69.61210453920219,73,13,3,18,9,27,7,31,20,28,8,0,0,19,14,2,4,59,28,16,8,78,78,8,1,4,2181,1,1,0,5,30.00536663472812,57.8978622327791,54.23728813559322,95,5.605381165919282,31.03448275862069,73.6842105263158,46.42857142857143,3.25,2,2,19,69.61210453920219
S41G01N259,2022-2023,20230325,504,away,35,15,0,20,9,29,3,37,17,19,6,0,0,14,9,1,0,56,23,16,6,61,70,2,0,11,2184,1,0,1,11,-31.187813295045217,49.06692406692407,46.42857142857143,61,15.035538545653363,33.333333333333336,64.28571428571429,65.21739130434783,1.3636363636363635,2,2,6,70.06593406593407,73,13,3,18,9,27,7,32,21,28,8,0,0,19,14,2,4,60,29,16,8,80,79,8,1,4,2184,1,1,0,5,31.187813295045217,58.51375073142189,55.0,97,5.527915975677169,31.03448275862069,73.6842105263158,44.827586206896555,3.25,2,2,19,70.06593406593407
S41G01N259,2022-2023,20230325,505,away,35,15,0,20,9,29,3,38,17,19,6,0,0,14,9,1,0,57,23,16,6,61,71,2,0,11,2199,1,0,1,11,-32.646911099949776,48.29005699810006,45.6140350877193,60,14.832793959007551,33.333333333333336,64.28571428571429,65.21739130434783,1.3636363636363635,2,2,6,70.13369713506138,73,13,3,18,9,27,7,32,21,28,8,0,0,19,14,2,4,60,29,16,8,80,79,8,1,4,2199,1,1,0,5,32.646911099949776,58.51375073142189,55.0,97,5.527915975677169,31.03448275862069,73.6842105263158,44.827586206896555,3.25,2,2,19,70.13369713506138
S41G01N259,2022-2023,20230325,506,away,35,15,0,20,9,29,3,38,17,19,6,0,0,14,9,1,0,57,23,16,6,61,71,2,0,11,2200,1,0,1,11,-32.646911099949776,48.29005699810006,45.6140350877193,60,14.832793959007551,32.142857142857146,64.28571428571429,65.21739130434783,1.3636363636363635,2,2,6,70.10181818181816,73,13,3,19,9,28,7,32,21,28,8,0,0,19,14,2,4,60,29,16,8,80,79,8,1,4,2200,1,1,0,5,32.646911099949776,58.51375073142189,55.0,98,5.527915975677169,31.03448275862069,73.6842105263158,44.827586206896555,3.25,2,2,19,70.10181818181816
S41G01N259,2022-2023,20230325,507,away,35,15,0,20,9,29,3,38,17,19,6,0,0,14,9,1,0,57,23,16,6,61,71,2,0,11,2223,1,0,1,11,-30.68509279257522,48.29005699810006,45.6140350877193,60,14.832793959007551,32.142857142857146,64.28571428571429,65.21739130434783,1.3636363636363635,2,2,6,69.91632928475033,73,13,3,19,9,28,7,32,21,29,8,0,0,19,14,2,4,61,29,16,8,80,80,8,1,4,2223,1,1,0,5,30.68509279257522,57.67012687427913,54.09836065573771,97,5.452562704471101,31.03448275862069,73.6842105263158,44.827586206896555,3.25,2,2,19,69.91632928475033
S41G01N259,2022-2023,20230325,508,away,35,15,0,20,9,29,3,38,17,19,6,0,0,14,9,1,0,57,23,16,6,61,71,2,0,11,2225,1,0,1,11,-32.646911099949776,48.29005699810006,45.6140350877193,60,14.832793959007551,32.142857142857146,64.28571428571429,65.21739130434783,1.3636363636363635,2,2,6,69.31415730337078,73,13,3,19,10,29,7,32,21,29,8,0,0,19,14,2,4,61,29,16,8,80,80,8,1,4,2225,1,1,0,5,32.646911099949776,57.67012687427913,54.09836065573771,98,5.452562704471101,33.333333333333336,73.6842105263158,44.827586206896555,3.25,2,2,19,69.31415730337078
S41G01N259,2022-2023,20230325,509,away,35,15,0,20,9,29,3,38,17,19,6,0,0,14,9,1,0,57,23,16,6,61,71,2,0,11,2237,1,0,1,11,-33.79261299145651,48.29005699810006,45.6140350877193,60,14.832793959007551,32.142857142857146,64.28571428571429,65.21739130434783,1.3636363636363635,4,2,6,69.47876620473849,73,13,3,19,10,29,7,33,22,29,8,0,0,19,14,2,4,62,30,16,8,82,81,8,1,4,2237,1,1,0,5,33.79261299145651,58.27174530983513,54.83870967741935,100,5.3792361484669176,33.333333333333336,73.6842105263158,43.333333333333336,3.25,4,2,21,69.47876620473849
S41G01N259,2022-2023,20230325,510,away,35,15,0,20,9,29,3,38,17,19,6,0,0,14,9,1,0,57,23,16,6,61,71,2,0,11,2237,1,0,1,11,-33.79261299145651,48.29005699810006,45.6140350877193,60,14.832793959007551,32.142857142857146,64.28571428571429,65.21739130434783,1.3636363636363635,4,2,6,69.47876620473849,73,14,3,19,10,29,7,33,22,29,8,0,0,19,14,2,4,62,30,16,8,82,81,8,1,4,2237,1,1,0,5,33.79261299145651,58.27174530983513,54.83870967741935,101,5.3792361484669176,33.333333333333336,73.6842105263158,46.666666666666664,3.5,4,2,21,69.47876620473849
S41G01N259,2022-2023,20230325,511,away,35,15,0,20,9,29,3,39,17,19,6,0,0,14,9,1,0,58,23,16,6,61,72,2,0,11,2251,1,0,1,11,-35.20760264022732,47.53740648379053,44.827586206896555,59,14.635444385311336,32.142857142857146,64.28571428571429,65.21739130434783,1.3636363636363635,4,2,6,69.57974233673922,73,14,3,19,10,29,7,33,22,29,8,0,0,19,14,2,4,62,30,16,8,82,81,8,1,4,2251,1,1,0,5,35.20760264022732,58.27174530983513,54.83870967741935,101,5.3792361484669176,33.333333333333336,73.6842105263158,46.666666666666664,3.5,4,2,21,69.57974233673922
S41G01N259,2022-2023,20230325,512,away,35,15,0,20,9,29,3,39,17,19,6,0,0,14,9,1,0,58,23,16,6,61,72,2,0,11,2253,1,0,1,11,-35.20760264022732,47.53740648379053,44.827586206896555,59,14.635444385311336,32.142857142857146,64.28571428571429,65.21739130434783,1.3636363636363635,4,2,6,69.51797603195739,73,14,3,19,10,29,8,33,22,29,8,0,0,19,14,2,4,62,30,16,8,82,81,8,1,4,2253,1,1,0,5,35.20760264022732,58.27174530983513,54.83870967741935,102,5.3792361484669176,33.333333333333336,73.6842105263158,46.666666666666664,3.5,4,2,21,69.51797603195739
S41G01N259,2022-2023,20230325,513,away,35,15,0,20,9,29,3,39,17,19,6,0,0,14,9,1,0,58,23,16,6,61,72,2,0,11,2253,1,0,1,11,-35.20760264022732,47.53740648379053,44.827586206896555,59,14.635444385311336,32.142857142857146,64.28571428571429,65.21739130434783,1.3636363636363635,4,2,6,69.51797603195739,73,14,3,19,10,29,8,33,22,29,8,0,0,19,14,2,4,62,30,16,8,82,81,8,1,4,2253,1,1,0,5,35.20760264022732,58.27174530983513,54.83870967741935,102,5.3792361484669176,33.333333333333336,73.6842105263158,46.666666666666664,3.5,4,2,21,69.51797603195739
S41G01N259,2022-2023,20230325,514,away,35,15,0,20,9,29,3,39,17,19,6,0,0,14,9,1,0,58,23,16,6,61,72,2,0,11,2253,1,0,1,11,-35.20760264022732,47.53740648379053,44.827586206896555,59,14.635444385311336,32.142857142857146,64.28571428571429,65.21739130434783,1.3636363636363635,4,2,6,69.51797603195739,73,14,3,19,10,29,8,33,22,29,8,0,0,19,14,2,4,62,30,16,8,82,81,8,1,4,2253,1,1,0,5,35.20760264022732,58.27174530983513,54.83870967741935,102,5.3792361484669176,33.333333333333336,73.6842105263158,46.666666666666664,3.5,4,2,21,69.51797603195739
S41G01N259,2022-2023,20230325,515,away,35,15,0,20,9,29,3,39,17,19,6,0,0,14,9,1,0,58,23,16,6,61,72,2,0,11,2253,1,0,1,11,-35.20760264022732,47.53740648379053,44.827586206896555,59,14.635444385311336,32.142857142857146,64.28571428571429,65.21739130434783,1.3636363636363635,4,2,6,69.51797603195739,73,14,3,19,10,29,8,33,22,29,8,0,0,19,14,2,4,62,30,16,8,82,81,8,1,4,2253,1,1,0,5,35.20760264022732,58.27174530983513,54.83870967741935,102,5.3792361484669176,33.333333333333336,73.6842105263158,46.666666666666664,3.5,4,2,21,69.51797603195739
S41G01N259,2022-2023,20230325,516,away,35,15,0,20,9,29,3,39,17,19,6,0,0,14,9,1,0,58,23,16,6,61,72,2,0,11,2253,1,0,1,11,-35.20760264022732,47.53740648379053,44.827586206896555,59,14.635444385311336,32.142857142857146,64.28571428571429,65.21739130434783,1.3636363636363635,4,2,6,69.51797603195739,73,14,3,19,10,29,8,33,22,29,8,0,0,19,14,2,4,62,30,16,8,82,81,8,1,4,2253,1,1,0,5,35.20760264022732,58.27174530983513,54.83870967741935,102,5.3792361484669176,33.333333333333336,73.6842105263158,46.666666666666664,3.5,4,2,21,69.51797603195739
S41G01N259,2022-2023,20230325,517,away,35,15,0,20,9,29,3,39,17,19,6,0,0,14,9,1,0,58,23,16,6,61,72,2,0,11,2253,1,0,1,11,-35.20760264022732,47.53740648379053,44.827586206896555,59,14.635444385311336,32.142857142857146,64.28571428571429,65.21739130434783,1.3636363636363635,4,2,6,69.51797603195739,73,14,3,19,10,29,8,33,22,29,8,0,0,19,14,2,4,62,30,16,8,82,81,8,1,4,2253,1,1,0,5,35.20760264022732,58.27174530983513,54.83870967741935,102,5.3792361484669176,33.333333333333336,73.6842105263158,46.666666666666664,3.5,4,2,21,69.51797603195739
S41G01N259,2022-2023,20230325,518,away,35,15,0,20,9,29,3,39,17,19,6,0,0,14,9,1,0,58,23,16,6,61,72,2,0,11,2253,1,0,1,11,-35.20760264022732,47.53740648379053,44.827586206896555,59,14.635444385311336,32.142857142857146,64.28571428571429,65.21739130434783,1.3636363636363635,4,2,6,69.51797603195739,73,14,3,19,10,29,8,33,22,29,8,0,0,19,14,2,4,62,30,16,8,82,81,8,1,4,2253,1,1,0,5,35.20760264022732,58.27174530983513,54.83870967741935,102,5.3792361484669176,33.333333333333336,73.6842105263158,46.666666666666664,3.5,4,2,21,69.51797603195739
S41G01N259,2022-2023,20230325,519,away,35,15,0,20,9,29,3,39,17,19,6,0,0,14,9,1,0,58,23,16,6,61,72,2,0,11,2253,1,0,1,11,-35.20760264022732,47.53740648379053,44.827586206896555,59,14.635444385311336,32.142857142857146,64.28571428571429,65.21739130434783,1.3636363636363635,4,2,6,69.51797603195739,73,14,3,19,10,29,8,33,22,29,8,0,0,19,14,2,4,62,30,16,8,82,81,8,1,4,2253,1,1,0,5,35.20760264022732,58.27174530983513,54.83870967741935,102,5.3792361484669176,33.333333333333336,73.6842105263158,46.666666666666664,3.5,4,2,21,69.51797603195739
S41G01N259,2022-2023,20230325,520,away,35,15,0,20,9,29,3,39,17,19,6,0,0,14,9,1,0,58,23,16,6,61,72,2,0,11,2253,1,0,1,11,-35.20760264022732,47.53740648379053,44.827586206896555,59,14.635444385311336,32.142857142857146,64.28571428571429,65.21739130434783,1.3636363636363635,4,2,6,69.51797603195739,73,14,3,19,10,29,8,33,22,29,8,0,0,19,14,2,4,62,30,16,8,82,81,8,1,4,2253,1,1,0,5,35.20760264022732,58.27174530983513,54.83870967741935,102,5.3792361484669176,33.333333333333336,73.6842105263158,46.666666666666664,3.5,4,2,21,69.51797603195739
S41G01N259,2022-2023,20230325,521,away,35,15,0,20,9,29,3,39,17,19,6,0,0,14,9,1,0,58,23,16,6,61,72,2,0,11,2265,1,0,1,11,-33.25827081412369,47.53740648379053,44.827586206896555,59,14.635444385311336,32.142857142857146,64.28571428571429,65.21739130434783,1.3636363636363635,4,2,6,69.67947019867549,73,14,3,19,10,29,8,33,22,30,8,0,0,19,14,2,4,63,30,16,8,82,82,8,1,4,2265,1,1,0,5,33.25827081412369,57.455156950672645,53.96825396825397,101,5.307855626326964,33.333333333333336,73.6842105263158,46.666666666666664,3.5,4,2,21,69.67947019867549
S41G01N259,2022-2023,20230325,522,away,35,15,0,21,9,30,3,39,17,19,6,0,0,14,9,1,0,58,23,16,6,61,72,2,0,11,2266,1,0,1,11,-33.25827081412369,47.53740648379053,44.827586206896555,60,14.635444385311336,32.142857142857146,64.28571428571429,65.21739130434783,1.3636363636363635,4,2,6,69.648720211827,73,14,3,19,10,29,8,33,22,30,8,0,0,19,14,2,4,63,30,16,8,82,82,8,1,4,2266,1,1,0,5,33.25827081412369,57.455156950672645,53.96825396825397,101,5.307855626326964,32.25806451612903,73.6842105263158,46.666666666666664,3.5,4,2,21,69.648720211827
S41G01N259,2022-2023,20230325,523,away,35,15,0,21,9,30,3,39,17,20,6,0,0,14,9,1,0,59,23,16,6,61,73,2,0,11,2278,1,0,1,11,-34.631122593663676,46.80785758133825,44.067796610169495,59,14.44327731092437,32.142857142857146,64.28571428571429,65.21739130434783,1.3636363636363635,4,2,6,69.80860403863036,73,14,3,19,10,29,8,33,22,30,8,0,0,19,14,2,4,63,30,16,8,82,82,8,1,4,2278,1,1,0,5,34.631122593663676,57.455156950672645,53.96825396825397,101,5.307855626326964,32.25806451612903,73.6842105263158,46.666666666666664,3.5,4,2,21,69.80860403863036
S41G01N259,2022-2023,20230325,524,away,35,15,0,21,9,30,3,39,17,20,6,0,0,14,9,1,0,59,23,16,6,61,73,2,0,11,2279,1,0,1,11,-34.631122593663676,46.80785758133825,44.067796610169495,59,14.44327731092437,31.03448275862069,64.28571428571429,65.21739130434783,1.3636363636363635,4,2,6,69.77797279508556,73,14,3,20,10,30,8,33,22,30,8,0,0,19,14,2,4,63,30,16,8,82,82,8,1,4,2279,1,1,0,5,34.631122593663676,57.455156950672645,53.96825396825397,102,5.307855626326964,32.25806451612903,73.6842105263158,46.666666666666664,3.5,4,2,21,69.77797279508556
S41G01N259,2022-2023,20230325,525,away,35,15,0,21,9,30,3,39,17,20,6,0,0,14,9,1,0,59,23,17,7,61,73,2,0,11,2288,1,0,1,11,-34.631122593663676,46.80785758133825,44.067796610169495,59,14.44327731092437,31.03448275862069,64.28571428571429,65.21739130434783,1.3636363636363635,4,2,6,69.50349650349649,73,14,3,20,10,30,8,33,22,30,8,0,0,19,14,2,4,63,30,16,8,82,82,8,1,4,2288,1,1,0,5,34.631122593663676,57.455156950672645,53.96825396825397,102,5.307855626326964,32.25806451612903,73.6842105263158,46.666666666666664,3.5,4,2,21,69.50349650349649
S41G01N259,2022-2023,20230325,526,away,35,15,0,21,9,30,3,39,17,20,6,0,0,14,9,1,0,59,23,17,7,61,73,2,0,11,2288,1,0,1,11,-34.631122593663676,46.80785758133825,44.067796610169495,59,14.44327731092437,31.03448275862069,64.28571428571429,65.21739130434783,1.3636363636363635,4,2,6,69.50349650349649,73,14,3,20,10,30,8,33,22,30,8,0,0,19,14,2,4,63,30,16,8,82,82,8,1,4,2288,1,1,0,5,34.631122593663676,57.455156950672645,53.96825396825397,102,5.307855626326964,32.25806451612903,73.6842105263158,46.666666666666664,3.5,4,2,21,69.50349650349649
S41G01N259,2022-2023,20230325,527,away,35,15,0,21,9,30,3,39,17,20,6,0,0,14,9,1,0,59,23,17,7,61,73,2,0,11,2296,1,0,1,11,-32.74054097328951,46.80785758133825,44.067796610169495,59,14.44327731092437,31.03448275862069,64.28571428571429,65.21739130434783,1.3636363636363635,4,2,6,69.78397212543554,73,14,3,20,10,30,8,33,22,31,8,0,0,19,14,2,4,64,30,16,8,82,83,8,1,4,2296,1,1,0,5,32.74054097328951,56.66113875069099,53.125,101,5.238344683080147,32.25806451612903,73.6842105263158,46.666666666666664,3.5,4,2,21,69.78397212543554
S41G01N259,2022-2023,20230325,528,away,35,15,0,22,9,31,3,39,17,20,6,0,0,14,9,1,0,59,23,17,7,61,73,2,0,11,2297,1,0,1,11,-32.74054097328951,46.80785758133825,44.067796610169495,60,14.44327731092437,31.03448275862069,64.28571428571429,65.21739130434783,1.3636363636363635,4,2,6,69.75359164127121,73,14,3,20,10,30,8,33,22,31,8,0,0,19,14,2,4,64,30,16,8,82,83,8,1,4,2297,1,1,0,5,32.74054097328951,56.66113875069099,53.125,101,5.238344683080147,31.25,73.6842105263158,46.666666666666664,3.5,4,2,21,69.75359164127121
S41G01N259,2022-2023,20230325,529,away,35,15,0,22,9,31,3,39,17,20,6,0,0,14,9,1,0,59,23,17,7,61,73,2,0,11,2299,1,0,1,11,-32.74054097328951,46.80785758133825,44.067796610169495,60,14.44327731092437,31.03448275862069,64.28571428571429,65.21739130434783,1.3636363636363635,4,2,6,69.69290996085253,73,14,3,20,10,30,8,33,22,31,8,0,0,19,14,2,4,64,30,17,8,82,83,8,1,4,2299,1,2,0,5,32.74054097328951,56.66113875069099,53.125,101,5.238344683080147,31.25,73.6842105263158,46.666666666666664,3.5,4,2,21,69.69290996085253
S41G01N259,2022-2023,20230325,530,away,35,15,0,22,9,31,3,39,17,20,6,0,0,14,9,1,0,59,23,17,7,61,73,2,0,11,2299,1,0,1,11,-32.74054097328951,46.80785758133825,44.067796610169495,60,14.44327731092437,31.03448275862069,64.28571428571429,65.21739130434783,1.3636363636363635,4,2,6,69.69290996085253,73,14,3,20,10,30,8,33,22,31,8,0,0,19,14,2,4,64,30,17,8,82,83,8,1,4,2299,1,2,0,5,32.74054097328951,56.66113875069099,53.125,101,5.238344683080147,31.25,73.6842105263158,46.666666666666664,3.5,4,2,21,69.69290996085253
S41G01N259,2022-2023,20230325,531,away,35,15,0,22,9,31,3,39,17,20,6,0,0,14,9,1,0,59,23,17,7,61,73,2,0,11,2299,1,0,1,11,-32.74054097328951,46.80785758133825,44.067796610169495,60,14.44327731092437,31.03448275862069,64.28571428571429,65.21739130434783,1.3636363636363635,4,2,6,69.69290996085253,73,14,3,20,10,30,8,33,22,31,8,0,0,19,14,2,4,64,30,17,8,82,83,8,1,4,2299,1,2,0,5,32.74054097328951,56.66113875069099,53.125,101,5.238344683080147,31.25,73.6842105263158,46.666666666666664,3.5,4,2,21,69.69290996085253
S41G01N259,2022-2023,20230325,532,away,35,15,0,22,9,31,3,39,17,20,6,0,0,14,9,1,0,59,23,17,7,61,73,2,0,11,2299,1,0,1,11,-32.74054097328951,46.80785758133825,44.067796610169495,60,14.44327731092437,31.03448275862069,64.28571428571429,65.21739130434783,1.3636363636363635,4,2,6,69.69290996085253,73,14,3,20,10,30,8,33,22,31,8,0,0,19,14,2,4,64,30,17,8,82,83,8,1,4,2299,1,2,0,5,32.74054097328951,56.66113875069099,53.125,101,5.238344683080147,31.25,73.6842105263158,46.666666666666664,3.5,4,2,21,69.69290996085253
S41G01N259,2022-2023,20230325,533,away,35,15,0,22,9,31,3,39,17,20,6,0,0,15,10,1,0,59,23,17,7,62,74,2,0,11,2299,1,0,1,11,-31.85243837629426,47.25609756097561,44.067796610169495,61,14.360313315926893,31.03448275862069,66.66666666666667,65.21739130434783,1.3636363636363635,1,2,6,69.92257503262287,73,14,3,20,10,30,8,33,22,31,8,0,0,19,14,2,4,64,30,17,8,82,83,8,1,4,2299,1,2,0,5,31.85243837629426,56.66113875069099,53.125,101,5.238344683080147,31.25,73.6842105263158,46.666666666666664,3.5,1,2,21,69.92257503262287
S41G01N259,2022-2023,20230325,534,away,35,15,0,22,9,31,3,39,17,21,6,0,0,15,10,1,0,60,23,17,7,62,75,2,0,11,2309,1,0,1,11,-33.189405961299514,46.54654654654655,43.333333333333336,60,14.175257731958764,31.03448275862069,66.66666666666667,65.21739130434783,1.3636363636363635,1,2,6,70.13945430922476,73,14,3,20,10,30,8,33,22,31,8,0,0,19,14,2,4,64,30,17,8,82,83,8,1,4,2309,1,2,0,5,33.189405961299514,56.66113875069099,53.125,101,5.238344683080147,31.25,73.6842105263158,46.666666666666664,3.5,1,2,21,70.13945430922476
S41G01N259,2022-2023,20230325,535,away,35,15,0,22,9,31,3,39,17,21,6,0,0,15,10,1,0,60,23,17,7,62,75,2,0,11,2311,1,0,1,11,-33.189405961299514,46.54654654654655,43.333333333333336,60,14.175257731958764,30.0,66.66666666666667,65.21739130434783,1.3636363636363635,1,2,6,70.0787537862397,73,14,3,21,10,31,8,33,22,31,8,0,0,19,14,2,4,64,30,17,8,82,83,8,1,4,2311,1,2,0,5,33.189405961299514,56.66113875069099,53.125,102,5.238344683080147,31.25,73.6842105263158,46.666666666666664,3.5,1,2,21,70.0787537862397
S41G01N259,2022-2023,20230325,536,away,35,15,0,22,9,31,3,39,17,21,6,0,0,15,10,1,0,60,23,18,7,62,75,2,0,11,2312,1,0,1,11,-33.189405961299514,46.54654654654655,43.333333333333336,60,14.175257731958764,30.0,66.66666666666667,65.21739130434783,1.3636363636363635,1,2,6,70.04844290657438,73,14,3,21,10,31,8,33,22,31,8,0,0,19,14,2,4,64,30,17,8,82,83,8,1,4,2312,1,2,0,5,33.189405961299514,56.66113875069099,53.125,102,5.238344683080147,31.25,73.6842105263158,46.666666666666664,3.5,1,2,21,70.04844290657438
S41G01N259,2022-2023,20230325,537,away,35,15,0,22,9,31,3,39,17,21,6,0,0,15,10,1,0,60,23,18,7,62,75,2,0,11,2312,1,0,1,11,-33.189405961299514,46.54654654654655,43.333333333333336,60,14.175257731958764,30.0,66.66666666666667,65.21739130434783,1.3636363636363635,1,2,6,70.04844290657438,73,14,3,21,10,31,8,33,22,31,8,0,0,19,14,2,4,64,30,17,8,82,83,8,1,4,2312,1,2,0,5,33.189405961299514,56.66113875069099,53.125,102,5.238344683080147,31.25,73.6842105263158,46.666666666666664,3.5,1,2,21,70.04844290657438
S41G01N259,2022-2023,20230325,538,away,35,15,0,22,9,31,3,39,17,21,6,0,0,15,10,1,0,60,23,18,7,62,75,2,0,11,2312,1,0,1,11,-33.872488259632334,46.54654654654655,43.333333333333336,60,14.175257731958764,30.0,66.66666666666667,65.21739130434783,1.3636363636363635,1,2,6,70.27681660899653,73,14,3,21,10,31,8,33,22,31,8,0,0,20,15,2,4,64,30,17,8,83,84,8,1,4,2312,1,2,0,5,33.872488259632334,57.00549450549451,53.125,103,5.208333333333334,31.25,75.0,46.666666666666664,3.5,1,2,21,70.27681660899653
S41G01N259,2022-2023,20230325,539,away,35,15,0,22,9,31,3,39,17,21,6,0,0,15,10,1,0,60,23,18,7,62,75,2,0,11,2312,1,0,1,11,-34.546630753941756,46.54654654654655,43.333333333333336,60,14.175257731958764,30.0,66.66666666666667,65.21739130434783,1.3636363636363635,2,2,6,70.50519031141867,73,14,3,21,10,31,8,33,22,31,8,0,0,21,16,2,4,64,30,17,8,84,85,8,1,4,2312,1,2,0,5,34.546630753941756,57.34571272528673,53.125,104,5.178663904712584,31.25,76.19047619047619,46.666666666666664,3.5,2,2,22,70.50519031141867
S41G01N259,2022-2023,20230325,540,away,35,15,0,22,9,31,3,40,18,21,6,0,0,15,10,1,0,61,24,18,7,64,76,2,0,11,2330,1,0,1,11,-32.971616511791694,47.33727810650888,44.26229508196721,62,13.994910941475828,30.0,66.66666666666667,62.5,1.3636363636363635,2,2,6,70.47553648068669,73,14,3,21,10,31,8,33,22,31,8,0,0,21,16,2,4,64,30,17,8,84,85,8,1,4,2330,1,2,0,5,32.971616511791694,57.34571272528673,53.125,104,5.178663904712584,31.25,76.19047619047619,46.666666666666664,3.5,2,2,22,70.47553648068669
S41G01N259,2022-2023,20230325,541,away,35,16,0,22,9,31,3,40,18,21,6,0,0,15,10,1,0,61,24,18,7,64,76,2,0,11,2330,1,0,1,11,-32.971616511791694,47.33727810650888,44.26229508196721,63,13.994910941475828,30.0,66.66666666666667,66.66666666666667,1.4545454545454546,2,2,6,70.47553648068669,73,14,3,21,10,31,8,33,22,31,8,0,0,21,16,2,4,64,30,17,8,84,85,8,1,4,2330,1,2,0,5,32.971616511791694,57.34571272528673,53.125,104,5.178663904712584,31.25,76.19047619047619,46.666666666666664,3.5,2,2,22,70.47553648068669
S41G01N259,2022-2023,20230325,542,away,35,16,0,22,9,31,3,40,18,21,6,0,0,15,10,1,0,61,24,18,7,64,76,2,0,11,2348,1,0,1,11,-34.07176833623048,47.33727810650888,44.26229508196721,63,13.994910941475828,30.0,66.66666666666667,66.66666666666667,1.4545454545454546,2,2,6,70.44633730834751,73,14,3,21,10,31,8,34,23,31,8,0,0,21,16,2,4,65,31,17,8,86,86,8,1,4,2348,1,2,0,5,34.07176833623048,57.92025862068966,53.84615384615385,106,5.112474437627812,31.25,76.19047619047619,45.16129032258065,3.5,2,2,22,70.44633730834751
S41G01N259,2022-2023,20230325,543,away,35,16,0,22,9,31,3,41,19,21,6,0,0,15,10,1,0,62,25,18,7,66,77,2,0,11,2363,1,0,1,11,-32.54137206128013,48.10495626822158,45.16129032258065,65,13.819095477386936,30.0,66.66666666666667,64.0,1.4545454545454546,2,2,6,70.50698264917477,73,14,3,21,10,31,8,34,23,31,8,0,0,21,16,2,4,65,31,17,8,86,86,8,1,4,2363,1,2,0,5,32.54137206128013,57.92025862068966,53.84615384615385,106,5.112474437627812,31.25,76.19047619047619,45.16129032258065,3.5,2,2,22,70.50698264917477
S41G01N259,2022-2023,20230325,544,away,35,16,0,22,9,31,3,41,19,21,6,0,0,15,10,1,0,62,25,18,7,66,77,2,0,11,2377,1,0,1,11,-33.6097459589587,48.10495626822158,45.16129032258065,65,13.819095477386936,30.0,66.66666666666667,64.0,1.4545454545454546,2,2,6,70.59655027345391,73,14,3,21,10,31,8,35,24,31,8,0,0,21,16,2,4,66,32,17,8,88,87,8,1,4,2377,1,2,0,5,33.6097459589587,58.4795321637427,54.54545454545455,108,5.047955577990914,31.25,76.19047619047619,43.75,3.5,2,2,22,70.59655027345391
S41G01N259,2022-2023,20230325,545,away,35,16,0,22,9,31,3,41,19,22,6,0,0,15,10,1,0,63,25,18,7,66,78,2,0,11,2395,1,0,1,11,-34.91539427269413,47.41379310344828,44.44444444444444,64,13.647642679900745,30.0,66.66666666666667,64.0,1.4545454545454546,2,2,6,70.5670146137787,73,14,3,21,10,31,8,35,24,31,8,0,0,21,16,2,4,66,32,17,8,88,87,8,1,4,2395,1,2,0,5,34.91539427269413,58.4795321637427,54.54545454545455,108,5.047955577990914,31.25,76.19047619047619,43.75,3.5,2,2,22,70.5670146137787
S41G01N259,2022-2023,20230325,546,away,35,16,0,22,10,32,3,41,19,22,6,0,0,15,10,1,0,63,25,18,7,66,78,2,0,11,2397,1,0,1,11,-33.6097459589587,47.41379310344828,44.44444444444444,65,13.647642679900745,32.25806451612903,66.66666666666667,64.0,1.4545454545454546,2,2,6,70.0075093867334,73,14,3,21,10,31,8,35,24,31,8,0,0,21,16,2,4,66,32,17,8,88,87,8,1,4,2397,1,2,0,5,33.6097459589587,58.4795321637427,54.54545454545455,108,5.047955577990914,31.25,76.19047619047619,43.75,3.5,2,2,22,70.0075093867334
S41G01N259,2022-2023,20230325,547,away,35,16,0,22,10,32,3,42,19,22,6,0,0,15,10,1,0,64,25,18,7,66,79,2,0,11,2398,1,0,1,11,-34.91539427269413,46.74220963172805,43.75,64,13.480392156862745,32.25806451612903,66.66666666666667,64.0,1.4545454545454546,2,2,6,70.4787322768974,73,14,3,21,10,31,8,35,24,31,8,0,0,21,16,2,4,66,32,17,8,88,87,8,1,4,2398,1,2,0,5,34.91539427269413,58.4795321637427,54.54545454545455,108,5.047955577990914,31.25,76.19047619047619,43.75,3.5,2,2,22,70.4787322768974
S41G01N259,2022-2023,20230325,548,away,35,16,0,22,10,32,3,42,19,22,6,0,0,15,10,1,0,64,25,18,7,66,79,2,0,11,2399,1,0,1,11,-34.91539427269413,46.74220963172805,43.75,64,13.480392156862745,31.25,66.66666666666667,64.0,1.4545454545454546,2,2,6,70.44935389745726,73,14,3,22,10,32,8,35,24,31,8,0,0,21,16,2,4,66,32,17,8,88,87,8,1,4,2399,1,2,0,5,34.91539427269413,58.4795321637427,54.54545454545455,109,5.047955577990914,31.25,76.19047619047619,43.75,3.5,2,2,22,70.44935389745726
S41G01N259,2022-2023,20230325,549,away,35,16,0,22,10,32,3,42,19,22,6,0,0,15,10,1,0,64,25,18,7,66,79,2,0,11,2399,1,0,1,11,-34.91539427269413,46.74220963172805,43.75,64,13.480392156862745,31.25,66.66666666666667,64.0,1.4545454545454546,2,2,6,70.44935389745726,73,14,3,22,10,32,8,35,24,31,8,0,0,21,16,2,4,66,32,17,8,88,87,8,1,4,2399,1,2,0,5,34.91539427269413,58.4795321637427,54.54545454545455,109,5.047955577990914,31.25,76.19047619047619,43.75,3.5,2,2,22,70.44935389745726
S41G01N259,2022-2023,20230325,550,away,35,16,0,22,10,32,3,42,19,22,6,0,0,15,10,1,0,64,25,18,7,66,79,2,0,11,2400,1,0,1,11,-34.91539427269413,46.74220963172805,43.75,64,13.480392156862745,31.25,66.66666666666667,64.0,1.4545454545454546,2,2,6,70.41999999999999,73,14,3,22,10,32,8,35,24,31,8,0,0,21,16,2,4,66,32,17,8,88,87,8,1,4,2400,1,2,0,5,34.91539427269413,58.4795321637427,54.54545454545455,109,5.047955577990914,31.25,76.19047619047619,43.75,3.5,2,2,22,70.41999999999999
S41G01N259,2022-2023,20230325,551,away,35,16,0,22,10,32,3,42,19,22,6,0,0,15,10,1,0,64,25,18,7,66,79,2,0,11,2400,1,0,1,11,-34.91539427269413,46.74220963172805,43.75,64,13.480392156862745,31.25,66.66666666666667,64.0,1.4545454545454546,2,2,6,70.41999999999999,73,14,3,22,10,32,8,35,24,31,8,0,0,21,16,2,4,66,32,17,8,88,87,8,1,4,2400,1,2,0,5,34.91539427269413,58.4795321637427,54.54545454545455,109,5.047955577990914,31.25,76.19047619047619,43.75,3.5,2,2,22,70.41999999999999
S41G01N259,2022-2023,20230325,552,away,35,16,0,22,10,32,3,42,19,22,6,0,0,15,10,1,0,64,25,18,7,66,79,2,0,11,2400,1,0,1,11,-34.91539427269413,46.74220963172805,43.75,64,13.480392156862745,31.25,66.66666666666667,64.0,1.4545454545454546,2,2,6,70.41999999999999,73,14,3,22,10,32,8,35,24,31,8,0,0,21,16,2,4,66,32,17,8,88,87,8,1,4,2400,1,2,0,5,34.91539427269413,58.4795321637427,54.54545454545455,109,5.047955577990914,31.25,76.19047619047619,43.75,3.5,2,2,22,70.41999999999999
S41G01N259,2022-2023,20230325,553,away,35,16,0,22,10,32,3,42,19,22,6,0,0,15,10,1,0,64,25,18,7,66,79,2,0,11,2400,1,0,1,11,-34.91539427269413,46.74220963172805,43.75,64,13.480392156862745,31.25,66.66666666666667,64.0,1.4545454545454546,2,2,6,70.41999999999999,73,14,3,22,10,32,8,35,24,31,8,0,0,21,16,2,4,66,32,17,8,88,87,8,1,4,2400,1,2,0,5,34.91539427269413,58.4795321637427,54.54545454545455,109,5.047955577990914,31.25,76.19047619047619,43.75,3.5,2,2,22,70.41999999999999
S41G01N259,2022-2023,20230325,554,away,35,16,0,22,10,32,3,42,19,22,6,0,0,15,10,1,0,64,25,18,7,66,79,2,0,11,2400,1,0,1,11,-34.91539427269413,46.74220963172805,43.75,64,13.480392156862745,31.25,66.66666666666667,64.0,1.4545454545454546,2,2,6,70.41999999999999,73,14,3,22,10,32,8,35,24,31,8,0,0,21,16,2,4,66,32,17,8,88,87,8,1,4,2400,1,2,0,5,34.91539427269413,58.4795321637427,54.54545454545455,109,5.047955577990914,31.25,76.19047619047619,43.75,3.5,2,2,22,70.41999999999999
S41G01N259,2022-2023,20230325,555,away,35,16,0,22,10,32,3,42,19,22,6,0,0,15,10,1,0,64,25,18,7,66,79,2,0,11,2400,1,0,1,11,-34.91539427269413,46.74220963172805,43.75,64,13.480392156862745,31.25,66.66666666666667,64.0,1.4545454545454546,2,2,6,70.41999999999999,73,14,3,22,10,32,8,35,24,31,8,0,0,21,16,2,4,66,32,17,8,88,87,8,1,4,2400,1,2,0,5,34.91539427269413,58.4795321637427,54.54545454545455,109,5.047955577990914,31.25,76.19047619047619,43.75,3.5,2,2,22,70.41999999999999
S41G01N259,2022-2023,20230325,556,away,35,16,0,22,10,32,3,42,19,22,6,0,0,15,10,1,0,64,25,18,7,66,79,2,0,11,2400,1,0,1,11,-34.91539427269413,46.74220963172805,43.75,64,13.480392156862745,31.25,66.66666666666667,64.0,1.4545454545454546,2,2,6,70.41999999999999,73,14,3,22,10,32,8,35,24,31,8,0,0,21,16,2,4,66,32,17,8,88,87,8,1,4,2400,1,2,0,5,34.91539427269413,58.4795321637427,54.54545454545455,109,5.047955577990914,31.25,76.19047619047619,43.75,3.5,2,2,22,70.41999999999999
S41G01N259,2022-2023,20230325,557,away,35,16,0,22,10,32,3,42,19,22,6,0,0,15,10,1,0,64,25,18,7,66,79,2,0,11,2400,1,0,1,11,-34.91539427269413,46.74220963172805,43.75,64,13.480392156862745,31.25,66.66666666666667,64.0,1.4545454545454546,2,2,6,70.41999999999999,73,14,3,22,10,32,8,35,24,31,8,0,0,21,16,2,4,66,32,17,8,88,87,8,1,4,2400,1,2,0,5,34.91539427269413,58.4795321637427,54.54545454545455,109,5.047955577990914,31.25,76.19047619047619,43.75,3.5,2,2,22,70.41999999999999
S41G01N259,2022-2023,20230325,558,away,35,16,0,22,10,32,3,42,19,22,6,0,0,15,10,1,0,64,25,18,7,66,79,2,0,11,2400,1,0,1,11,-34.91539427269413,46.74220963172805,43.75,64,13.480392156862745,31.25,66.66666666666667,64.0,1.4545454545454546,2,2,6,70.41999999999999,73,14,3,22,10,32,8,35,24,31,8,0,0,21,16,2,4,66,32,17,8,88,87,8,1,4,2400,1,2,0,5,34.91539427269413,58.4795321637427,54.54545454545455,109,5.047955577990914,31.25,76.19047619047619,43.75,3.5,2,2,22,70.41999999999999
S41G01N259,2022-2023,20230325,559,away,35,16,0,22,10,32,3,42,19,22,6,0,0,15,10,1,0,64,25,18,7,66,79,2,0,11,2400,1,0,1,11,-34.91539427269413,46.74220963172805,43.75,64,13.480392156862745,31.25,66.66666666666667,64.0,1.4545454545454546,2,2,6,70.41999999999999,73,14,3,22,10,32,8,35,24,31,8,0,0,21,16,2,4,66,32,17,8,88,87,8,1,4,2400,1,2,0,5,34.91539427269413,58.4795321637427,54.54545454545455,109,5.047955577990914,31.25,76.19047619047619,43.75,3.5,2,2,22,70.41999999999999
